warning: `VIRTUAL_ENV=/home/ITER/mcintos/Code/reckon/.venv` does not match the project environment path `/home/ITER/mcintos/Code/nova/.venv` and will be ignored; use `--active` to target the active environment instead
============================= test session starts ==============================
platform linux -- Python 3.14.2, pytest-9.1.1, pluggy-1.6.0
rootdir: /home/ITER/mcintos/Code/.reckon-worktrees/nova-a0f1e0938fc2/5384e3ab-85b1-4ca8-914b-bcb194a05e29/parent-failure-classification
configfile: pyproject.toml
plugins: anyio-4.14.2, zarr-3.2.1, asyncio-1.4.0, typeguard-2.13.3, jaxtyping-0.3.11, cov-7.1.0
asyncio: mode=Mode.AUTO, debug=False, asyncio_default_fixture_loop_scope=function, asyncio_default_test_loop_scope=function
collected 1 item

tests/test_machine_artifact_concurrency.py F                             [100%]

=================================== FAILURES ===================================
___________ test_four_scoring_partitions_share_one_verified_artifact ___________

tmp_path = PosixPath('/run/user/39486/pytest-of-mcintos/pytest-1030/test_four_scoring_partitions_s0')

    def test_four_scoring_partitions_share_one_verified_artifact(tmp_path: Path) -> None:
        _require_shared_artifact()
        if not (SHOT_STORE / f"{SHOT}.zarr").is_dir():
            pytest.skip("corrected MAST shot store is not mounted")
        context = get_context("spawn")
        start_event = context.Event()
        result_queue = context.Queue()
        starts = (0, 1, 2, 3)
        workers = [
            context.Process(
                target=_score_partition_worker,
                args=(
                    start,
                    tmp_path / f"partition-{start}.json",
                    start_event,
                    result_queue,
                ),
            )
            for start in starts
        ]
        for worker in workers:
            worker.start()
        start_event.set()
        results = []
        try:
            for _ in workers:
>               results.append(result_queue.get(timeout=300))
                               ^^^^^^^^^^^^^^^^^^^^^^^^^^^^^

tests/test_machine_artifact_concurrency.py:251: 
_ _ _ _ _ _ _ _ _ _ _ _ _ _ _ _ _ _ _ _ _ _ _ _ _ _ _ _ _ _ _ _ _ _ _ _ _ _ _ _ 

self = <multiprocessing.queues.Queue object at 0x7f93613a06e0>, block = True
timeout = 299.9999997148989

    def get(self, block=True, timeout=None):
        if self._closed:
            raise ValueError(f"Queue {self!r} is closed")
        if block and timeout is None:
            with self._rlock:
                res = self._recv_bytes()
            self._sem.release()
        else:
            if block:
                deadline = time.monotonic() + timeout
            if not self._rlock.acquire(block, timeout):
                raise Empty
            try:
                if block:
                    timeout = deadline - time.monotonic()
                    if not self._poll(timeout):
>                       raise Empty
E                       _queue.Empty

../../../../../.local/share/uv/python/cpython-3.14.2-linux-x86_64-gnu/lib/python3.14/multiprocessing/queues.py:112: Empty

The above exception was the direct cause of the following exception:

tmp_path = PosixPath('/run/user/39486/pytest-of-mcintos/pytest-1030/test_four_scoring_partitions_s0')

    def test_four_scoring_partitions_share_one_verified_artifact(tmp_path: Path) -> None:
        _require_shared_artifact()
        if not (SHOT_STORE / f"{SHOT}.zarr").is_dir():
            pytest.skip("corrected MAST shot store is not mounted")
        context = get_context("spawn")
        start_event = context.Event()
        result_queue = context.Queue()
        starts = (0, 1, 2, 3)
        workers = [
            context.Process(
                target=_score_partition_worker,
                args=(
                    start,
                    tmp_path / f"partition-{start}.json",
                    start_event,
                    result_queue,
                ),
            )
            for start in starts
        ]
        for worker in workers:
            worker.start()
        start_event.set()
        results = []
        try:
            for _ in workers:
                results.append(result_queue.get(timeout=300))
        except Empty as error:
>           raise AssertionError("a scoring partition did not complete") from error
E           AssertionError: a scoring partition did not complete

tests/test_machine_artifact_concurrency.py:253: AssertionError
---------------------------- Captured stderr setup -----------------------------
14:23:33 INFO     Parsing data dictionary version 4.1.1 [90m@dd_zip.py:89[0m
----------------------------- Captured stderr call -----------------------------
14:23:47 INFO     Parsing data dictionary version 4.1.1 [90m@dd_zip.py:89[0m
INFO:imas.dd_zip:Parsing data dictionary version 4.1.1
14:23:47 INFO     Parsing data dictionary version 4.1.1 [90m@dd_zip.py:89[0m
INFO:imas.dd_zip:Parsing data dictionary version 4.1.1
14:23:47 INFO     Parsing data dictionary version 4.1.1 [90m@dd_zip.py:89[0m
INFO:imas.dd_zip:Parsing data dictionary version 4.1.1
14:23:47 INFO     Parsing data dictionary version 4.1.1 [90m@dd_zip.py:89[0m
INFO:imas.dd_zip:Parsing data dictionary version 4.1.1
E0820 14:24:17.186417 3200213 cuda_executor.cc:1176] [0] Failed to allocate device memory of 16.47GiB (17689477120 bytes): RESOURCE_EXHAUSTED: : CUDA_ERROR_OUT_OF_MEMORY: out of memory
=== Source Location Trace: === 
external/xla/xla/stream_executor/cuda/cuda_status.cc:45
external/xla/xla/stream_executor/cuda/cuda_device_allocator.cc:226
external/xla/xla/stream_executor/cuda/cuda_device_allocator.cc:403

E0820 14:24:17.186672 3200214 cuda_executor.cc:1176] [0] Failed to allocate device memory of 16.47GiB (17689477120 bytes): RESOURCE_EXHAUSTED: : CUDA_ERROR_OUT_OF_MEMORY: out of memory
=== Source Location Trace: === 
external/xla/xla/stream_executor/cuda/cuda_status.cc:45
external/xla/xla/stream_executor/cuda/cuda_device_allocator.cc:226
external/xla/xla/stream_executor/cuda/cuda_device_allocator.cc:403

E0820 14:24:17.187116 3200216 cuda_executor.cc:1176] [0] Failed to allocate device memory of 16.47GiB (17689477120 bytes): RESOURCE_EXHAUSTED: : CUDA_ERROR_OUT_OF_MEMORY: out of memory
=== Source Location Trace: ===
external/xla/xla/stream_executor/cuda/cuda_status.cc:45
external/xla/xla/stream_executor/cuda/cuda_device_allocator.cc:226
external/xla/xla/stream_executor/cuda/cuda_device_allocator.cc:403

E0820 14:24:17.187668 3200213 cuda_executor.cc:1176] [0] Failed to allocate device memory of 14.83GiB (15920529408 bytes): RESOURCE_EXHAUSTED: : CUDA_ERROR_OUT_OF_MEMORY: out of memory
=== Source Location Trace: === 
external/xla/xla/stream_executor/cuda/cuda_status.cc:45
external/xla/xla/stream_executor/cuda/cuda_device_allocator.cc:226
external/xla/xla/stream_executor/cuda/cuda_device_allocator.cc:403

E0820 14:24:17.188063 3200214 cuda_executor.cc:1176] [0] Failed to allocate device memory of 14.83GiB (15920529408 bytes): RESOURCE_EXHAUSTED: : CUDA_ERROR_OUT_OF_MEMORY: out of memory
=== Source Location Trace: === 
external/xla/xla/stream_executor/cuda/cuda_status.cc:45
external/xla/xla/stream_executor/cuda/cuda_device_allocator.cc:226
external/xla/xla/stream_executor/cuda/cuda_device_allocator.cc:403

E0820 14:24:17.188621 3200216 cuda_executor.cc:1176] [0] Failed to allocate device memory of 14.83GiB (15920529408 bytes): RESOURCE_EXHAUSTED: : CUDA_ERROR_OUT_OF_MEMORY: out of memory
=== Source Location Trace: ===
external/xla/xla/stream_executor/cuda/cuda_status.cc:45
external/xla/xla/stream_executor/cuda/cuda_device_allocator.cc:226
external/xla/xla/stream_executor/cuda/cuda_device_allocator.cc:403

E0820 14:24:17.189021 3200213 cuda_executor.cc:1176] [0] Failed to allocate device memory of 13.34GiB (14328475648 bytes): RESOURCE_EXHAUSTED: : CUDA_ERROR_OUT_OF_MEMORY: out of memory
=== Source Location Trace: === 
external/xla/xla/stream_executor/cuda/cuda_status.cc:45
external/xla/xla/stream_executor/cuda/cuda_device_allocator.cc:226
external/xla/xla/stream_executor/cuda/cuda_device_allocator.cc:403

E0820 14:24:17.189507 3200214 cuda_executor.cc:1176] [0] Failed to allocate device memory of 13.34GiB (14328475648 bytes): RESOURCE_EXHAUSTED: : CUDA_ERROR_OUT_OF_MEMORY: out of memory
=== Source Location Trace: === 
external/xla/xla/stream_executor/cuda/cuda_status.cc:45
external/xla/xla/stream_executor/cuda/cuda_device_allocator.cc:226
external/xla/xla/stream_executor/cuda/cuda_device_allocator.cc:403

E0820 14:24:17.189981 3200216 cuda_executor.cc:1176] [0] Failed to allocate device memory of 13.34GiB (14328475648 bytes): RESOURCE_EXHAUSTED: : CUDA_ERROR_OUT_OF_MEMORY: out of memory
=== Source Location Trace: ===
external/xla/xla/stream_executor/cuda/cuda_status.cc:45
external/xla/xla/stream_executor/cuda/cuda_device_allocator.cc:226
external/xla/xla/stream_executor/cuda/cuda_device_allocator.cc:403

E0820 14:24:17.190453 3200213 cuda_executor.cc:1176] [0] Failed to allocate device memory of 12.01GiB (12895627264 bytes): RESOURCE_EXHAUSTED: : CUDA_ERROR_OUT_OF_MEMORY: out of memory
=== Source Location Trace: === 
external/xla/xla/stream_executor/cuda/cuda_status.cc:45
external/xla/xla/stream_executor/cuda/cuda_device_allocator.cc:226
external/xla/xla/stream_executor/cuda/cuda_device_allocator.cc:403

E0820 14:24:17.190850 3200214 cuda_executor.cc:1176] [0] Failed to allocate device memory of 12.01GiB (12895627264 bytes): RESOURCE_EXHAUSTED: : CUDA_ERROR_OUT_OF_MEMORY: out of memory
=== Source Location Trace: === 
external/xla/xla/stream_executor/cuda/cuda_status.cc:45
external/xla/xla/stream_executor/cuda/cuda_device_allocator.cc:226
external/xla/xla/stream_executor/cuda/cuda_device_allocator.cc:403

E0820 14:24:17.191316 3200216 cuda_executor.cc:1176] [0] Failed to allocate device memory of 12.01GiB (12895627264 bytes): RESOURCE_EXHAUSTED: : CUDA_ERROR_OUT_OF_MEMORY: out of memory
=== Source Location Trace: ===
external/xla/xla/stream_executor/cuda/cuda_status.cc:45
external/xla/xla/stream_executor/cuda/cuda_device_allocator.cc:226
external/xla/xla/stream_executor/cuda/cuda_device_allocator.cc:403

E0820 14:24:17.191718 3200213 cuda_executor.cc:1176] [0] Failed to allocate device memory of 10.81GiB (11606064128 bytes): RESOURCE_EXHAUSTED: : CUDA_ERROR_OUT_OF_MEMORY: out of memory
=== Source Location Trace: === 
external/xla/xla/stream_executor/cuda/cuda_status.cc:45
external/xla/xla/stream_executor/cuda/cuda_device_allocator.cc:226
external/xla/xla/stream_executor/cuda/cuda_device_allocator.cc:403

E0820 14:24:17.192122 3200214 cuda_executor.cc:1176] [0] Failed to allocate device memory of 10.81GiB (11606064128 bytes): RESOURCE_EXHAUSTED: : CUDA_ERROR_OUT_OF_MEMORY: out of memory
=== Source Location Trace: === 
external/xla/xla/stream_executor/cuda/cuda_status.cc:45
external/xla/xla/stream_executor/cuda/cuda_device_allocator.cc:226
external/xla/xla/stream_executor/cuda/cuda_device_allocator.cc:403

E0820 14:24:17.192673 3200216 cuda_executor.cc:1176] [0] Failed to allocate device memory of 10.81GiB (11606064128 bytes): RESOURCE_EXHAUSTED: : CUDA_ERROR_OUT_OF_MEMORY: out of memory
=== Source Location Trace: ===
external/xla/xla/stream_executor/cuda/cuda_status.cc:45
external/xla/xla/stream_executor/cuda/cuda_device_allocator.cc:226
external/xla/xla/stream_executor/cuda/cuda_device_allocator.cc:403

E0820 14:24:17.193105 3200213 cuda_executor.cc:1176] [0] Failed to allocate device memory of 9.73GiB (10445457408 bytes): RESOURCE_EXHAUSTED: : CUDA_ERROR_OUT_OF_MEMORY: out of memory
=== Source Location Trace: === 
external/xla/xla/stream_executor/cuda/cuda_status.cc:45
external/xla/xla/stream_executor/cuda/cuda_device_allocator.cc:226
external/xla/xla/stream_executor/cuda/cuda_device_allocator.cc:403

E0820 14:24:17.244880 3200214 cuda_executor.cc:1176] [0] Failed to allocate device memory of 9.73GiB (10445457408 bytes): RESOURCE_EXHAUSTED: : CUDA_ERROR_OUT_OF_MEMORY: out of memory
=== Source Location Trace: === 
external/xla/xla/stream_executor/cuda/cuda_status.cc:45
external/xla/xla/stream_executor/cuda/cuda_device_allocator.cc:226
external/xla/xla/stream_executor/cuda/cuda_device_allocator.cc:403

E0820 14:24:17.245399 3200214 cuda_executor.cc:1176] [0] Failed to allocate device memory of 8.75GiB (9400911872 bytes): RESOURCE_EXHAUSTED: : CUDA_ERROR_OUT_OF_MEMORY: out of memory
=== Source Location Trace: === 
external/xla/xla/stream_executor/cuda/cuda_status.cc:45
external/xla/xla/stream_executor/cuda/cuda_device_allocator.cc:226
external/xla/xla/stream_executor/cuda/cuda_device_allocator.cc:403

E0820 14:24:17.245840 3200216 cuda_executor.cc:1176] [0] Failed to allocate device memory of 9.73GiB (10445457408 bytes): RESOURCE_EXHAUSTED: : CUDA_ERROR_OUT_OF_MEMORY: out of memory
=== Source Location Trace: ===
external/xla/xla/stream_executor/cuda/cuda_status.cc:45
external/xla/xla/stream_executor/cuda/cuda_device_allocator.cc:226
external/xla/xla/stream_executor/cuda/cuda_device_allocator.cc:403

E0820 14:24:17.246156 3200214 cuda_executor.cc:1176] [0] Failed to allocate device memory of 7.88GiB (8460820480 bytes): RESOURCE_EXHAUSTED: : CUDA_ERROR_OUT_OF_MEMORY: out of memory
=== Source Location Trace: === 
external/xla/xla/stream_executor/cuda/cuda_status.cc:45
external/xla/xla/stream_executor/cuda/cuda_device_allocator.cc:226
external/xla/xla/stream_executor/cuda/cuda_device_allocator.cc:403

E0820 14:24:17.246615 3200213 cuda_executor.cc:1176] [0] Failed to allocate device memory of 8.75GiB (9400911872 bytes): RESOURCE_EXHAUSTED: : CUDA_ERROR_OUT_OF_MEMORY: out of memory
=== Source Location Trace: === 
external/xla/xla/stream_executor/cuda/cuda_status.cc:45
external/xla/xla/stream_executor/cuda/cuda_device_allocator.cc:226
external/xla/xla/stream_executor/cuda/cuda_device_allocator.cc:403

E0820 14:24:17.247031 3200216 cuda_executor.cc:1176] [0] Failed to allocate device memory of 8.75GiB (9400911872 bytes): RESOURCE_EXHAUSTED: : CUDA_ERROR_OUT_OF_MEMORY: out of memory
=== Source Location Trace: ===
external/xla/xla/stream_executor/cuda/cuda_status.cc:45
external/xla/xla/stream_executor/cuda/cuda_device_allocator.cc:226
external/xla/xla/stream_executor/cuda/cuda_device_allocator.cc:403

E0820 14:24:17.247474 3200214 cuda_executor.cc:1176] [0] Failed to allocate device memory of 7.09GiB (7614738432 bytes): RESOURCE_EXHAUSTED: : CUDA_ERROR_OUT_OF_MEMORY: out of memory
=== Source Location Trace: === 
external/xla/xla/stream_executor/cuda/cuda_status.cc:45
external/xla/xla/stream_executor/cuda/cuda_device_allocator.cc:226
external/xla/xla/stream_executor/cuda/cuda_device_allocator.cc:403

E0820 14:24:17.247826 3200213 cuda_executor.cc:1176] [0] Failed to allocate device memory of 7.88GiB (8460820480 bytes): RESOURCE_EXHAUSTED: : CUDA_ERROR_OUT_OF_MEMORY: out of memory
=== Source Location Trace: === 
external/xla/xla/stream_executor/cuda/cuda_status.cc:45
external/xla/xla/stream_executor/cuda/cuda_device_allocator.cc:226
external/xla/xla/stream_executor/cuda/cuda_device_allocator.cc:403

E0820 14:24:17.248189 3200216 cuda_executor.cc:1176] [0] Failed to allocate device memory of 7.88GiB (8460820480 bytes): RESOURCE_EXHAUSTED: : CUDA_ERROR_OUT_OF_MEMORY: out of memory
=== Source Location Trace: ===
external/xla/xla/stream_executor/cuda/cuda_status.cc:45
external/xla/xla/stream_executor/cuda/cuda_device_allocator.cc:226
external/xla/xla/stream_executor/cuda/cuda_device_allocator.cc:403

E0820 14:24:17.248574 3200214 cuda_executor.cc:1176] [0] Failed to allocate device memory of 6.38GiB (6853264384 bytes): RESOURCE_EXHAUSTED: : CUDA_ERROR_OUT_OF_MEMORY: out of memory
=== Source Location Trace: === 
external/xla/xla/stream_executor/cuda/cuda_status.cc:45
external/xla/xla/stream_executor/cuda/cuda_device_allocator.cc:226
external/xla/xla/stream_executor/cuda/cuda_device_allocator.cc:403

E0820 14:24:17.248914 3200213 cuda_executor.cc:1176] [0] Failed to allocate device memory of 7.09GiB (7614738432 bytes): RESOURCE_EXHAUSTED: : CUDA_ERROR_OUT_OF_MEMORY: out of memory
=== Source Location Trace: === 
external/xla/xla/stream_executor/cuda/cuda_status.cc:45
external/xla/xla/stream_executor/cuda/cuda_device_allocator.cc:226
external/xla/xla/stream_executor/cuda/cuda_device_allocator.cc:403

E0820 14:24:17.249305 3200216 cuda_executor.cc:1176] [0] Failed to allocate device memory of 7.09GiB (7614738432 bytes): RESOURCE_EXHAUSTED: : CUDA_ERROR_OUT_OF_MEMORY: out of memory
=== Source Location Trace: ===
external/xla/xla/stream_executor/cuda/cuda_status.cc:45
external/xla/xla/stream_executor/cuda/cuda_device_allocator.cc:226
external/xla/xla/stream_executor/cuda/cuda_device_allocator.cc:403

E0820 14:24:17.249645 3200214 cuda_executor.cc:1176] [0] Failed to allocate device memory of 5.74GiB (6167937536 bytes): RESOURCE_EXHAUSTED: : CUDA_ERROR_OUT_OF_MEMORY: out of memory
=== Source Location Trace: === 
external/xla/xla/stream_executor/cuda/cuda_status.cc:45
external/xla/xla/stream_executor/cuda/cuda_device_allocator.cc:226
external/xla/xla/stream_executor/cuda/cuda_device_allocator.cc:403

E0820 14:24:17.250026 3200213 cuda_executor.cc:1176] [0] Failed to allocate device memory of 6.38GiB (6853264384 bytes): RESOURCE_EXHAUSTED: : CUDA_ERROR_OUT_OF_MEMORY: out of memory
=== Source Location Trace: === 
external/xla/xla/stream_executor/cuda/cuda_status.cc:45
external/xla/xla/stream_executor/cuda/cuda_device_allocator.cc:226
external/xla/xla/stream_executor/cuda/cuda_device_allocator.cc:403

E0820 14:24:17.250530 3200216 cuda_executor.cc:1176] [0] Failed to allocate device memory of 6.38GiB (6853264384 bytes): RESOURCE_EXHAUSTED: : CUDA_ERROR_OUT_OF_MEMORY: out of memory
=== Source Location Trace: ===
external/xla/xla/stream_executor/cuda/cuda_status.cc:45
external/xla/xla/stream_executor/cuda/cuda_device_allocator.cc:226
external/xla/xla/stream_executor/cuda/cuda_device_allocator.cc:403

E0820 14:24:17.250933 3200214 cuda_executor.cc:1176] [0] Failed to allocate device memory of 5.17GiB (5551143424 bytes): RESOURCE_EXHAUSTED: : CUDA_ERROR_OUT_OF_MEMORY: out of memory
=== Source Location Trace: === 
external/xla/xla/stream_executor/cuda/cuda_status.cc:45
external/xla/xla/stream_executor/cuda/cuda_device_allocator.cc:226
external/xla/xla/stream_executor/cuda/cuda_device_allocator.cc:403

E0820 14:24:17.251368 3200213 cuda_executor.cc:1176] [0] Failed to allocate device memory of 5.74GiB (6167937536 bytes): RESOURCE_EXHAUSTED: : CUDA_ERROR_OUT_OF_MEMORY: out of memory
=== Source Location Trace: === 
external/xla/xla/stream_executor/cuda/cuda_status.cc:45
external/xla/xla/stream_executor/cuda/cuda_device_allocator.cc:226
external/xla/xla/stream_executor/cuda/cuda_device_allocator.cc:403

E0820 14:24:17.251732 3200216 cuda_executor.cc:1176] [0] Failed to allocate device memory of 5.74GiB (6167937536 bytes): RESOURCE_EXHAUSTED: : CUDA_ERROR_OUT_OF_MEMORY: out of memory
=== Source Location Trace: ===
external/xla/xla/stream_executor/cuda/cuda_status.cc:45
external/xla/xla/stream_executor/cuda/cuda_device_allocator.cc:226
external/xla/xla/stream_executor/cuda/cuda_device_allocator.cc:403

E0820 14:24:17.252155 3200214 cuda_executor.cc:1176] [0] Failed to allocate device memory of 4.65GiB (4996028928 bytes): RESOURCE_EXHAUSTED: : CUDA_ERROR_OUT_OF_MEMORY: out of memory
=== Source Location Trace: === 
external/xla/xla/stream_executor/cuda/cuda_status.cc:45
external/xla/xla/stream_executor/cuda/cuda_device_allocator.cc:226
external/xla/xla/stream_executor/cuda/cuda_device_allocator.cc:403

E0820 14:24:17.252703 3200213 cuda_executor.cc:1176] [0] Failed to allocate device memory of 5.17GiB (5551143424 bytes): RESOURCE_EXHAUSTED: : CUDA_ERROR_OUT_OF_MEMORY: out of memory
=== Source Location Trace: === 
external/xla/xla/stream_executor/cuda/cuda_status.cc:45
external/xla/xla/stream_executor/cuda/cuda_device_allocator.cc:226
external/xla/xla/stream_executor/cuda/cuda_device_allocator.cc:403

E0820 14:24:17.253076 3200216 cuda_executor.cc:1176] [0] Failed to allocate device memory of 5.17GiB (5551143424 bytes): RESOURCE_EXHAUSTED: : CUDA_ERROR_OUT_OF_MEMORY: out of memory
=== Source Location Trace: ===
external/xla/xla/stream_executor/cuda/cuda_status.cc:45
external/xla/xla/stream_executor/cuda/cuda_device_allocator.cc:226
external/xla/xla/stream_executor/cuda/cuda_device_allocator.cc:403

E0820 14:24:17.256152 3200213 cuda_executor.cc:1176] [0] Failed to allocate device memory of 4.65GiB (4996028928 bytes): RESOURCE_EXHAUSTED: : CUDA_ERROR_OUT_OF_MEMORY: out of memory
=== Source Location Trace: === 
external/xla/xla/stream_executor/cuda/cuda_status.cc:45
external/xla/xla/stream_executor/cuda/cuda_device_allocator.cc:226
external/xla/xla/stream_executor/cuda/cuda_device_allocator.cc:403

E0820 14:24:17.256572 3200216 cuda_executor.cc:1176] [0] Failed to allocate device memory of 4.65GiB (4996028928 bytes): RESOURCE_EXHAUSTED: : CUDA_ERROR_OUT_OF_MEMORY: out of memory
=== Source Location Trace: ===
external/xla/xla/stream_executor/cuda/cuda_status.cc:45
external/xla/xla/stream_executor/cuda/cuda_device_allocator.cc:226
external/xla/xla/stream_executor/cuda/cuda_device_allocator.cc:403

E0820 14:24:17.256918 3200213 cuda_executor.cc:1176] [0] Failed to allocate device memory of 4.19GiB (4496425984 bytes): RESOURCE_EXHAUSTED: : CUDA_ERROR_OUT_OF_MEMORY: out of memory
=== Source Location Trace: === 
external/xla/xla/stream_executor/cuda/cuda_status.cc:45
external/xla/xla/stream_executor/cuda/cuda_device_allocator.cc:226
external/xla/xla/stream_executor/cuda/cuda_device_allocator.cc:403

E0820 14:24:17.257257 3200216 cuda_executor.cc:1176] [0] Failed to allocate device memory of 4.19GiB (4496425984 bytes): RESOURCE_EXHAUSTED: : CUDA_ERROR_OUT_OF_MEMORY: out of memory
=== Source Location Trace: ===
external/xla/xla/stream_executor/cuda/cuda_status.cc:45
external/xla/xla/stream_executor/cuda/cuda_device_allocator.cc:226
external/xla/xla/stream_executor/cuda/cuda_device_allocator.cc:403

E0820 14:24:17.257622 3200213 cuda_executor.cc:1176] [0] Failed to allocate device memory of 3.77GiB (4046783232 bytes): RESOURCE_EXHAUSTED: : CUDA_ERROR_OUT_OF_MEMORY: out of memory
=== Source Location Trace: === 
external/xla/xla/stream_executor/cuda/cuda_status.cc:45
external/xla/xla/stream_executor/cuda/cuda_device_allocator.cc:226
external/xla/xla/stream_executor/cuda/cuda_device_allocator.cc:403

E0820 14:24:17.257964 3200216 cuda_executor.cc:1176] [0] Failed to allocate device memory of 3.77GiB (4046783232 bytes): RESOURCE_EXHAUSTED: : CUDA_ERROR_OUT_OF_MEMORY: out of memory
=== Source Location Trace: ===
external/xla/xla/stream_executor/cuda/cuda_status.cc:45
external/xla/xla/stream_executor/cuda/cuda_device_allocator.cc:226
external/xla/xla/stream_executor/cuda/cuda_device_allocator.cc:403

E0820 14:24:17.258366 3200213 cuda_executor.cc:1176] [0] Failed to allocate device memory of 3.39GiB (3642104832 bytes): RESOURCE_EXHAUSTED: : CUDA_ERROR_OUT_OF_MEMORY: out of memory
=== Source Location Trace: === 
external/xla/xla/stream_executor/cuda/cuda_status.cc:45
external/xla/xla/stream_executor/cuda/cuda_device_allocator.cc:226
external/xla/xla/stream_executor/cuda/cuda_device_allocator.cc:403

E0820 14:24:17.258705 3200216 cuda_executor.cc:1176] [0] Failed to allocate device memory of 3.39GiB (3642104832 bytes): RESOURCE_EXHAUSTED: : CUDA_ERROR_OUT_OF_MEMORY: out of memory
=== Source Location Trace: ===
external/xla/xla/stream_executor/cuda/cuda_status.cc:45
external/xla/xla/stream_executor/cuda/cuda_device_allocator.cc:226
external/xla/xla/stream_executor/cuda/cuda_device_allocator.cc:403

E0820 14:24:17.259046 3200213 cuda_executor.cc:1176] [0] Failed to allocate device memory of 3.05GiB (3277894144 bytes): RESOURCE_EXHAUSTED: : CUDA_ERROR_OUT_OF_MEMORY: out of memory
=== Source Location Trace: === 
external/xla/xla/stream_executor/cuda/cuda_status.cc:45
external/xla/xla/stream_executor/cuda/cuda_device_allocator.cc:226
external/xla/xla/stream_executor/cuda/cuda_device_allocator.cc:403

E0820 14:24:17.259426 3200216 cuda_executor.cc:1176] [0] Failed to allocate device memory of 3.05GiB (3277894144 bytes): RESOURCE_EXHAUSTED: : CUDA_ERROR_OUT_OF_MEMORY: out of memory
=== Source Location Trace: ===
external/xla/xla/stream_executor/cuda/cuda_status.cc:45
external/xla/xla/stream_executor/cuda/cuda_device_allocator.cc:226
external/xla/xla/stream_executor/cuda/cuda_device_allocator.cc:403

E0820 14:24:17.259769 3200213 cuda_executor.cc:1176] [0] Failed to allocate device memory of 2.75GiB (2950104576 bytes): RESOURCE_EXHAUSTED: : CUDA_ERROR_OUT_OF_MEMORY: out of memory
=== Source Location Trace: === 
external/xla/xla/stream_executor/cuda/cuda_status.cc:45
external/xla/xla/stream_executor/cuda/cuda_device_allocator.cc:226
external/xla/xla/stream_executor/cuda/cuda_device_allocator.cc:403

E0820 14:24:17.260106 3200216 cuda_executor.cc:1176] [0] Failed to allocate device memory of 2.75GiB (2950104576 bytes): RESOURCE_EXHAUSTED: : CUDA_ERROR_OUT_OF_MEMORY: out of memory
=== Source Location Trace: ===
external/xla/xla/stream_executor/cuda/cuda_status.cc:45
external/xla/xla/stream_executor/cuda/cuda_device_allocator.cc:226
external/xla/xla/stream_executor/cuda/cuda_device_allocator.cc:403

E0820 14:24:17.260534 3200213 cuda_executor.cc:1176] [0] Failed to allocate device memory of 2.47GiB (2655094016 bytes): RESOURCE_EXHAUSTED: : CUDA_ERROR_OUT_OF_MEMORY: out of memory
=== Source Location Trace: === 
external/xla/xla/stream_executor/cuda/cuda_status.cc:45
external/xla/xla/stream_executor/cuda/cuda_device_allocator.cc:226
external/xla/xla/stream_executor/cuda/cuda_device_allocator.cc:403

E0820 14:24:17.260881 3200216 cuda_executor.cc:1176] [0] Failed to allocate device memory of 2.47GiB (2655094016 bytes): RESOURCE_EXHAUSTED: : CUDA_ERROR_OUT_OF_MEMORY: out of memory
=== Source Location Trace: ===
external/xla/xla/stream_executor/cuda/cuda_status.cc:45
external/xla/xla/stream_executor/cuda/cuda_device_allocator.cc:226
external/xla/xla/stream_executor/cuda/cuda_device_allocator.cc:403

E0820 14:24:17.261230 3200213 cuda_executor.cc:1176] [0] Failed to allocate device memory of 2.22GiB (2389584640 bytes): RESOURCE_EXHAUSTED: : CUDA_ERROR_OUT_OF_MEMORY: out of memory
=== Source Location Trace: === 
external/xla/xla/stream_executor/cuda/cuda_status.cc:45
external/xla/xla/stream_executor/cuda/cuda_device_allocator.cc:226
external/xla/xla/stream_executor/cuda/cuda_device_allocator.cc:403

E0820 14:24:17.261568 3200216 cuda_executor.cc:1176] [0] Failed to allocate device memory of 2.22GiB (2389584640 bytes): RESOURCE_EXHAUSTED: : CUDA_ERROR_OUT_OF_MEMORY: out of memory
=== Source Location Trace: ===
external/xla/xla/stream_executor/cuda/cuda_status.cc:45
external/xla/xla/stream_executor/cuda/cuda_device_allocator.cc:226
external/xla/xla/stream_executor/cuda/cuda_device_allocator.cc:403

E0820 14:24:17.261898 3200213 cuda_executor.cc:1176] [0] Failed to allocate device memory of 2.00GiB (2150626048 bytes): RESOURCE_EXHAUSTED: : CUDA_ERROR_OUT_OF_MEMORY: out of memory
=== Source Location Trace: === 
external/xla/xla/stream_executor/cuda/cuda_status.cc:45
external/xla/xla/stream_executor/cuda/cuda_device_allocator.cc:226
external/xla/xla/stream_executor/cuda/cuda_device_allocator.cc:403

E0820 14:24:17.262239 3200216 cuda_executor.cc:1176] [0] Failed to allocate device memory of 2.00GiB (2150626048 bytes): RESOURCE_EXHAUSTED: : CUDA_ERROR_OUT_OF_MEMORY: out of memory
=== Source Location Trace: ===
external/xla/xla/stream_executor/cuda/cuda_status.cc:45
external/xla/xla/stream_executor/cuda/cuda_device_allocator.cc:226
external/xla/xla/stream_executor/cuda/cuda_device_allocator.cc:403

E0820 14:24:17.262584 3200213 cuda_executor.cc:1176] [0] Failed to allocate device memory of 1.80GiB (1935563520 bytes): RESOURCE_EXHAUSTED: : CUDA_ERROR_OUT_OF_MEMORY: out of memory
=== Source Location Trace: === 
external/xla/xla/stream_executor/cuda/cuda_status.cc:45
external/xla/xla/stream_executor/cuda/cuda_device_allocator.cc:226
external/xla/xla/stream_executor/cuda/cuda_device_allocator.cc:403

E0820 14:24:17.262938 3200216 cuda_executor.cc:1176] [0] Failed to allocate device memory of 1.80GiB (1935563520 bytes): RESOURCE_EXHAUSTED: : CUDA_ERROR_OUT_OF_MEMORY: out of memory
=== Source Location Trace: ===
external/xla/xla/stream_executor/cuda/cuda_status.cc:45
external/xla/xla/stream_executor/cuda/cuda_device_allocator.cc:226
external/xla/xla/stream_executor/cuda/cuda_device_allocator.cc:403

E0820 14:24:17.263310 3200213 cuda_executor.cc:1176] [0] Failed to allocate device memory of 1.62GiB (1742007296 bytes): RESOURCE_EXHAUSTED: : CUDA_ERROR_OUT_OF_MEMORY: out of memory
=== Source Location Trace: === 
external/xla/xla/stream_executor/cuda/cuda_status.cc:45
external/xla/xla/stream_executor/cuda/cuda_device_allocator.cc:226
external/xla/xla/stream_executor/cuda/cuda_device_allocator.cc:403

E0820 14:24:17.263647 3200216 cuda_executor.cc:1176] [0] Failed to allocate device memory of 1.62GiB (1742007296 bytes): RESOURCE_EXHAUSTED: : CUDA_ERROR_OUT_OF_MEMORY: out of memory
=== Source Location Trace: ===
external/xla/xla/stream_executor/cuda/cuda_status.cc:45
external/xla/xla/stream_executor/cuda/cuda_device_allocator.cc:226
external/xla/xla/stream_executor/cuda/cuda_device_allocator.cc:403

E0820 14:24:17.263989 3200213 cuda_executor.cc:1176] [0] Failed to allocate device memory of 1.46GiB (1567806464 bytes): RESOURCE_EXHAUSTED: : CUDA_ERROR_OUT_OF_MEMORY: out of memory
=== Source Location Trace: === 
external/xla/xla/stream_executor/cuda/cuda_status.cc:45
external/xla/xla/stream_executor/cuda/cuda_device_allocator.cc:226
external/xla/xla/stream_executor/cuda/cuda_device_allocator.cc:403

E0820 14:24:17.264377 3200216 cuda_executor.cc:1176] [0] Failed to allocate device memory of 1.46GiB (1567806464 bytes): RESOURCE_EXHAUSTED: : CUDA_ERROR_OUT_OF_MEMORY: out of memory
=== Source Location Trace: ===
external/xla/xla/stream_executor/cuda/cuda_status.cc:45
external/xla/xla/stream_executor/cuda/cuda_device_allocator.cc:226
external/xla/xla/stream_executor/cuda/cuda_device_allocator.cc:403

E0820 14:24:17.264719 3200213 cuda_executor.cc:1176] [0] Failed to allocate device memory of 1.31GiB (1411025920 bytes): RESOURCE_EXHAUSTED: : CUDA_ERROR_OUT_OF_MEMORY: out of memory
=== Source Location Trace: === 
external/xla/xla/stream_executor/cuda/cuda_status.cc:45
external/xla/xla/stream_executor/cuda/cuda_device_allocator.cc:226
external/xla/xla/stream_executor/cuda/cuda_device_allocator.cc:403

E0820 14:24:17.265069 3200216 cuda_executor.cc:1176] [0] Failed to allocate device memory of 1.31GiB (1411025920 bytes): RESOURCE_EXHAUSTED: : CUDA_ERROR_OUT_OF_MEMORY: out of memory
=== Source Location Trace: ===
external/xla/xla/stream_executor/cuda/cuda_status.cc:45
external/xla/xla/stream_executor/cuda/cuda_device_allocator.cc:226
external/xla/xla/stream_executor/cuda/cuda_device_allocator.cc:403

E0820 14:24:17.265481 3200213 cuda_executor.cc:1176] [0] Failed to allocate device memory of 1.18GiB (1269923328 bytes): RESOURCE_EXHAUSTED: : CUDA_ERROR_OUT_OF_MEMORY: out of memory
=== Source Location Trace: === 
external/xla/xla/stream_executor/cuda/cuda_status.cc:45
external/xla/xla/stream_executor/cuda/cuda_device_allocator.cc:226
external/xla/xla/stream_executor/cuda/cuda_device_allocator.cc:403

E0820 14:24:17.265831 3200216 cuda_executor.cc:1176] [0] Failed to allocate device memory of 1.18GiB (1269923328 bytes): RESOURCE_EXHAUSTED: : CUDA_ERROR_OUT_OF_MEMORY: out of memory
=== Source Location Trace: ===
external/xla/xla/stream_executor/cuda/cuda_status.cc:45
external/xla/xla/stream_executor/cuda/cuda_device_allocator.cc:226
external/xla/xla/stream_executor/cuda/cuda_device_allocator.cc:403

E0820 14:24:17.266178 3200213 cuda_executor.cc:1176] [0] Failed to allocate device memory of 1.06GiB (1142930944 bytes): RESOURCE_EXHAUSTED: : CUDA_ERROR_OUT_OF_MEMORY: out of memory
=== Source Location Trace: === 
external/xla/xla/stream_executor/cuda/cuda_status.cc:45
external/xla/xla/stream_executor/cuda/cuda_device_allocator.cc:226
external/xla/xla/stream_executor/cuda/cuda_device_allocator.cc:403

E0820 14:24:17.266626 3200216 cuda_executor.cc:1176] [0] Failed to allocate device memory of 1.06GiB (1142930944 bytes): RESOURCE_EXHAUSTED: : CUDA_ERROR_OUT_OF_MEMORY: out of memory
=== Source Location Trace: ===
external/xla/xla/stream_executor/cuda/cuda_status.cc:45
external/xla/xla/stream_executor/cuda/cuda_device_allocator.cc:226
external/xla/xla/stream_executor/cuda/cuda_device_allocator.cc:403

E0820 14:24:17.266977 3200213 cuda_executor.cc:1176] [0] Failed to allocate device memory of 980.99MiB (1028637952 bytes): RESOURCE_EXHAUSTED: : CUDA_ERROR_OUT_OF_MEMORY: out of memory
=== Source Location Trace: === 
external/xla/xla/stream_executor/cuda/cuda_status.cc:45
external/xla/xla/stream_executor/cuda/cuda_device_allocator.cc:226
external/xla/xla/stream_executor/cuda/cuda_device_allocator.cc:403

E0820 14:24:17.267364 3200216 cuda_executor.cc:1176] [0] Failed to allocate device memory of 980.99MiB (1028637952 bytes): RESOURCE_EXHAUSTED: : CUDA_ERROR_OUT_OF_MEMORY: out of memory
=== Source Location Trace: ===
external/xla/xla/stream_executor/cuda/cuda_status.cc:45
external/xla/xla/stream_executor/cuda/cuda_device_allocator.cc:226
external/xla/xla/stream_executor/cuda/cuda_device_allocator.cc:403

E0820 14:24:17.267716 3200213 cuda_executor.cc:1176] [0] Failed to allocate device memory of 882.89MiB (925774336 bytes): RESOURCE_EXHAUSTED: : CUDA_ERROR_OUT_OF_MEMORY: out of memory
=== Source Location Trace: === 
external/xla/xla/stream_executor/cuda/cuda_status.cc:45
external/xla/xla/stream_executor/cuda/cuda_device_allocator.cc:226
external/xla/xla/stream_executor/cuda/cuda_device_allocator.cc:403

E0820 14:24:17.268061 3200216 cuda_executor.cc:1176] [0] Failed to allocate device memory of 882.89MiB (925774336 bytes): RESOURCE_EXHAUSTED: : CUDA_ERROR_OUT_OF_MEMORY: out of memory
=== Source Location Trace: ===
external/xla/xla/stream_executor/cuda/cuda_status.cc:45
external/xla/xla/stream_executor/cuda/cuda_device_allocator.cc:226
external/xla/xla/stream_executor/cuda/cuda_device_allocator.cc:403

E0820 14:24:17.268475 3200213 cuda_executor.cc:1176] [0] Failed to allocate device memory of 794.60MiB (833197056 bytes): RESOURCE_EXHAUSTED: : CUDA_ERROR_OUT_OF_MEMORY: out of memory
=== Source Location Trace: === 
external/xla/xla/stream_executor/cuda/cuda_status.cc:45
external/xla/xla/stream_executor/cuda/cuda_device_allocator.cc:226
external/xla/xla/stream_executor/cuda/cuda_device_allocator.cc:403

E0820 14:24:17.268829 3200216 cuda_executor.cc:1176] [0] Failed to allocate device memory of 794.60MiB (833197056 bytes): RESOURCE_EXHAUSTED: : CUDA_ERROR_OUT_OF_MEMORY: out of memory
=== Source Location Trace: ===
external/xla/xla/stream_executor/cuda/cuda_status.cc:45
external/xla/xla/stream_executor/cuda/cuda_device_allocator.cc:226
external/xla/xla/stream_executor/cuda/cuda_device_allocator.cc:403

E0820 14:24:17.269181 3200213 cuda_executor.cc:1176] [0] Failed to allocate device memory of 715.14MiB (749877504 bytes): RESOURCE_EXHAUSTED: : CUDA_ERROR_OUT_OF_MEMORY: out of memory
=== Source Location Trace: === 
external/xla/xla/stream_executor/cuda/cuda_status.cc:45
external/xla/xla/stream_executor/cuda/cuda_device_allocator.cc:226
external/xla/xla/stream_executor/cuda/cuda_device_allocator.cc:403

E0820 14:24:17.269635 3200216 cuda_executor.cc:1176] [0] Failed to allocate device memory of 715.14MiB (749877504 bytes): RESOURCE_EXHAUSTED: : CUDA_ERROR_OUT_OF_MEMORY: out of memory
=== Source Location Trace: ===
external/xla/xla/stream_executor/cuda/cuda_status.cc:45
external/xla/xla/stream_executor/cuda/cuda_device_allocator.cc:226
external/xla/xla/stream_executor/cuda/cuda_device_allocator.cc:403

E0820 14:24:17.269973 3200213 cuda_executor.cc:1176] [0] Failed to allocate device memory of 643.62MiB (674889728 bytes): RESOURCE_EXHAUSTED: : CUDA_ERROR_OUT_OF_MEMORY: out of memory
=== Source Location Trace: === 
external/xla/xla/stream_executor/cuda/cuda_status.cc:45
external/xla/xla/stream_executor/cuda/cuda_device_allocator.cc:226
external/xla/xla/stream_executor/cuda/cuda_device_allocator.cc:403

E0820 14:24:17.270337 3200216 cuda_executor.cc:1176] [0] Failed to allocate device memory of 643.62MiB (674889728 bytes): RESOURCE_EXHAUSTED: : CUDA_ERROR_OUT_OF_MEMORY: out of memory
=== Source Location Trace: ===
external/xla/xla/stream_executor/cuda/cuda_status.cc:45
external/xla/xla/stream_executor/cuda/cuda_device_allocator.cc:226
external/xla/xla/stream_executor/cuda/cuda_device_allocator.cc:403

E0820 14:24:17.270690 3200213 cuda_executor.cc:1176] [0] Failed to allocate device memory of 579.26MiB (607400960 bytes): RESOURCE_EXHAUSTED: : CUDA_ERROR_OUT_OF_MEMORY: out of memory
=== Source Location Trace: === 
external/xla/xla/stream_executor/cuda/cuda_status.cc:45
external/xla/xla/stream_executor/cuda/cuda_device_allocator.cc:226
external/xla/xla/stream_executor/cuda/cuda_device_allocator.cc:403

E0820 14:24:17.271036 3200216 cuda_executor.cc:1176] [0] Failed to allocate device memory of 579.26MiB (607400960 bytes): RESOURCE_EXHAUSTED: : CUDA_ERROR_OUT_OF_MEMORY: out of memory
=== Source Location Trace: ===
external/xla/xla/stream_executor/cuda/cuda_status.cc:45
external/xla/xla/stream_executor/cuda/cuda_device_allocator.cc:226
external/xla/xla/stream_executor/cuda/cuda_device_allocator.cc:403

E0820 14:24:17.271439 3200213 cuda_executor.cc:1176] [0] Failed to allocate device memory of 521.34MiB (546660864 bytes): RESOURCE_EXHAUSTED: : CUDA_ERROR_OUT_OF_MEMORY: out of memory
=== Source Location Trace: === 
external/xla/xla/stream_executor/cuda/cuda_status.cc:45
external/xla/xla/stream_executor/cuda/cuda_device_allocator.cc:226
external/xla/xla/stream_executor/cuda/cuda_device_allocator.cc:403

E0820 14:24:17.271770 3200216 cuda_executor.cc:1176] [0] Failed to allocate device memory of 521.34MiB (546660864 bytes): RESOURCE_EXHAUSTED: : CUDA_ERROR_OUT_OF_MEMORY: out of memory
=== Source Location Trace: ===
external/xla/xla/stream_executor/cuda/cuda_status.cc:45
external/xla/xla/stream_executor/cuda/cuda_device_allocator.cc:226
external/xla/xla/stream_executor/cuda/cuda_device_allocator.cc:403

E0820 14:24:17.272114 3200213 cuda_executor.cc:1176] [0] Failed to allocate device memory of 469.20MiB (491994880 bytes): RESOURCE_EXHAUSTED: : CUDA_ERROR_OUT_OF_MEMORY: out of memory
=== Source Location Trace: === 
external/xla/xla/stream_executor/cuda/cuda_status.cc:45
external/xla/xla/stream_executor/cuda/cuda_device_allocator.cc:226
external/xla/xla/stream_executor/cuda/cuda_device_allocator.cc:403

E0820 14:24:17.272547 3200216 cuda_executor.cc:1176] [0] Failed to allocate device memory of 469.20MiB (491994880 bytes): RESOURCE_EXHAUSTED: : CUDA_ERROR_OUT_OF_MEMORY: out of memory
=== Source Location Trace: ===
external/xla/xla/stream_executor/cuda/cuda_status.cc:45
external/xla/xla/stream_executor/cuda/cuda_device_allocator.cc:226
external/xla/xla/stream_executor/cuda/cuda_device_allocator.cc:403

E0820 14:24:17.272885 3200213 cuda_executor.cc:1176] [0] Failed to allocate device memory of 422.28MiB (442795520 bytes): RESOURCE_EXHAUSTED: : CUDA_ERROR_OUT_OF_MEMORY: out of memory
=== Source Location Trace: === 
external/xla/xla/stream_executor/cuda/cuda_status.cc:45
external/xla/xla/stream_executor/cuda/cuda_device_allocator.cc:226
external/xla/xla/stream_executor/cuda/cuda_device_allocator.cc:403

E0820 14:24:17.273215 3200216 cuda_executor.cc:1176] [0] Failed to allocate device memory of 422.28MiB (442795520 bytes): RESOURCE_EXHAUSTED: : CUDA_ERROR_OUT_OF_MEMORY: out of memory
=== Source Location Trace: ===
external/xla/xla/stream_executor/cuda/cuda_status.cc:45
external/xla/xla/stream_executor/cuda/cuda_device_allocator.cc:226
external/xla/xla/stream_executor/cuda/cuda_device_allocator.cc:403

E0820 14:24:17.273570 3200213 cuda_executor.cc:1176] [0] Failed to allocate device memory of 380.05MiB (398515968 bytes): RESOURCE_EXHAUSTED: : CUDA_ERROR_OUT_OF_MEMORY: out of memory
=== Source Location Trace: === 
external/xla/xla/stream_executor/cuda/cuda_status.cc:45
external/xla/xla/stream_executor/cuda/cuda_device_allocator.cc:226
external/xla/xla/stream_executor/cuda/cuda_device_allocator.cc:403

E0820 14:24:17.273905 3200216 cuda_executor.cc:1176] [0] Failed to allocate device memory of 380.05MiB (398515968 bytes): RESOURCE_EXHAUSTED: : CUDA_ERROR_OUT_OF_MEMORY: out of memory
=== Source Location Trace: ===
external/xla/xla/stream_executor/cuda/cuda_status.cc:45
external/xla/xla/stream_executor/cuda/cuda_device_allocator.cc:226
external/xla/xla/stream_executor/cuda/cuda_device_allocator.cc:403

E0820 14:24:17.274467 3200216 cuda_executor.cc:1176] [0] Failed to allocate device memory of 342.05MiB (358664448 bytes): RESOURCE_EXHAUSTED: : CUDA_ERROR_OUT_OF_MEMORY: out of memory
=== Source Location Trace: ===
external/xla/xla/stream_executor/cuda/cuda_status.cc:45
external/xla/xla/stream_executor/cuda/cuda_device_allocator.cc:226
external/xla/xla/stream_executor/cuda/cuda_device_allocator.cc:403

E0820 14:24:17.274803 3200216 cuda_executor.cc:1176] [0] Failed to allocate device memory of 307.84MiB (322798080 bytes): RESOURCE_EXHAUSTED: : CUDA_ERROR_OUT_OF_MEMORY: out of memory
=== Source Location Trace: ===
external/xla/xla/stream_executor/cuda/cuda_status.cc:45
external/xla/xla/stream_executor/cuda/cuda_device_allocator.cc:226
external/xla/xla/stream_executor/cuda/cuda_device_allocator.cc:403

E0820 14:24:17.275160 3200216 cuda_executor.cc:1176] [0] Failed to allocate device memory of 277.06MiB (290518272 bytes): RESOURCE_EXHAUSTED: : CUDA_ERROR_OUT_OF_MEMORY: out of memory
=== Source Location Trace: ===
external/xla/xla/stream_executor/cuda/cuda_status.cc:45
external/xla/xla/stream_executor/cuda/cuda_device_allocator.cc:226
external/xla/xla/stream_executor/cuda/cuda_device_allocator.cc:403

E0820 14:24:17.275590 3200216 cuda_executor.cc:1176] [0] Failed to allocate device memory of 249.35MiB (261466624 bytes): RESOURCE_EXHAUSTED: : CUDA_ERROR_OUT_OF_MEMORY: out of memory
=== Source Location Trace: ===
external/xla/xla/stream_executor/cuda/cuda_status.cc:45
external/xla/xla/stream_executor/cuda/cuda_device_allocator.cc:226
external/xla/xla/stream_executor/cuda/cuda_device_allocator.cc:403

E0820 14:24:17.275893 3200216 cuda_executor.cc:1176] [0] Failed to allocate device memory of 224.42MiB (235320064 bytes): RESOURCE_EXHAUSTED: : CUDA_ERROR_OUT_OF_MEMORY: out of memory
=== Source Location Trace: ===
external/xla/xla/stream_executor/cuda/cuda_status.cc:45
external/xla/xla/stream_executor/cuda/cuda_device_allocator.cc:226
external/xla/xla/stream_executor/cuda/cuda_device_allocator.cc:403

E0820 14:24:17.276195 3200216 cuda_executor.cc:1176] [0] Failed to allocate device memory of 201.98MiB (211788288 bytes): RESOURCE_EXHAUSTED: : CUDA_ERROR_OUT_OF_MEMORY: out of memory
=== Source Location Trace: ===
external/xla/xla/stream_executor/cuda/cuda_status.cc:45
external/xla/xla/stream_executor/cuda/cuda_device_allocator.cc:226
external/xla/xla/stream_executor/cuda/cuda_device_allocator.cc:403

E0820 14:24:17.276594 3200216 cuda_executor.cc:1176] [0] Failed to allocate device memory of 181.78MiB (190609664 bytes): RESOURCE_EXHAUSTED: : CUDA_ERROR_OUT_OF_MEMORY: out of memory
=== Source Location Trace: ===
external/xla/xla/stream_executor/cuda/cuda_status.cc:45
external/xla/xla/stream_executor/cuda/cuda_device_allocator.cc:226
external/xla/xla/stream_executor/cuda/cuda_device_allocator.cc:403

E0820 14:24:17.276957 3200216 cuda_executor.cc:1176] [0] Failed to allocate device memory of 163.60MiB (171548928 bytes): RESOURCE_EXHAUSTED: : CUDA_ERROR_OUT_OF_MEMORY: out of memory
=== Source Location Trace: ===
external/xla/xla/stream_executor/cuda/cuda_status.cc:45
external/xla/xla/stream_executor/cuda/cuda_device_allocator.cc:226
external/xla/xla/stream_executor/cuda/cuda_device_allocator.cc:403

E0820 14:24:17.277302 3200216 cuda_executor.cc:1176] [0] Failed to allocate device memory of 147.24MiB (154394112 bytes): RESOURCE_EXHAUSTED: : CUDA_ERROR_OUT_OF_MEMORY: out of memory
=== Source Location Trace: ===
external/xla/xla/stream_executor/cuda/cuda_status.cc:45
external/xla/xla/stream_executor/cuda/cuda_device_allocator.cc:226
external/xla/xla/stream_executor/cuda/cuda_device_allocator.cc:403

E0820 14:24:17.277624 3200216 cuda_executor.cc:1176] [0] Failed to allocate device memory of 132.52MiB (138954752 bytes): RESOURCE_EXHAUSTED: : CUDA_ERROR_OUT_OF_MEMORY: out of memory
=== Source Location Trace: ===
external/xla/xla/stream_executor/cuda/cuda_status.cc:45
external/xla/xla/stream_executor/cuda/cuda_device_allocator.cc:226
external/xla/xla/stream_executor/cuda/cuda_device_allocator.cc:403

E0820 14:24:17.277943 3200216 cuda_executor.cc:1176] [0] Failed to allocate device memory of 119.27MiB (125059328 bytes): RESOURCE_EXHAUSTED: : CUDA_ERROR_OUT_OF_MEMORY: out of memory
=== Source Location Trace: ===
external/xla/xla/stream_executor/cuda/cuda_status.cc:45
external/xla/xla/stream_executor/cuda/cuda_device_allocator.cc:226
external/xla/xla/stream_executor/cuda/cuda_device_allocator.cc:403

E0820 14:24:17.278300 3200216 cuda_executor.cc:1176] [0] Failed to allocate device memory of 107.34MiB (112553472 bytes): RESOURCE_EXHAUSTED: : CUDA_ERROR_OUT_OF_MEMORY: out of memory
=== Source Location Trace: ===
external/xla/xla/stream_executor/cuda/cuda_status.cc:45
external/xla/xla/stream_executor/cuda/cuda_device_allocator.cc:226
external/xla/xla/stream_executor/cuda/cuda_device_allocator.cc:403

E0820 14:24:17.278644 3200216 cuda_executor.cc:1176] [0] Failed to allocate device memory of 96.61MiB (101298176 bytes): RESOURCE_EXHAUSTED: : CUDA_ERROR_OUT_OF_MEMORY: out of memory
=== Source Location Trace: ===
external/xla/xla/stream_executor/cuda/cuda_status.cc:45
external/xla/xla/stream_executor/cuda/cuda_device_allocator.cc:226
external/xla/xla/stream_executor/cuda/cuda_device_allocator.cc:403

E0820 14:24:17.279242 3200216 cuda_executor.cc:1176] [0] Failed to allocate device memory of 86.94MiB (91168512 bytes): RESOURCE_EXHAUSTED: : CUDA_ERROR_OUT_OF_MEMORY: out of memory
=== Source Location Trace: ===
external/xla/xla/stream_executor/cuda/cuda_status.cc:45
external/xla/xla/stream_executor/cuda/cuda_device_allocator.cc:226
external/xla/xla/stream_executor/cuda/cuda_device_allocator.cc:403

E0820 14:24:17.279616 3200216 cuda_executor.cc:1176] [0] Failed to allocate device memory of 78.25MiB (82051840 bytes): RESOURCE_EXHAUSTED: : CUDA_ERROR_OUT_OF_MEMORY: out of memory
=== Source Location Trace: ===
external/xla/xla/stream_executor/cuda/cuda_status.cc:45
external/xla/xla/stream_executor/cuda/cuda_device_allocator.cc:226
external/xla/xla/stream_executor/cuda/cuda_device_allocator.cc:403

E0820 14:24:17.279953 3200216 cuda_executor.cc:1176] [0] Failed to allocate device memory of 70.43MiB (73846784 bytes): RESOURCE_EXHAUSTED: : CUDA_ERROR_OUT_OF_MEMORY: out of memory
=== Source Location Trace: ===
external/xla/xla/stream_executor/cuda/cuda_status.cc:45
external/xla/xla/stream_executor/cuda/cuda_device_allocator.cc:226
external/xla/xla/stream_executor/cuda/cuda_device_allocator.cc:403

E0820 14:24:17.280312 3200216 cuda_executor.cc:1176] [0] Failed to allocate device memory of 63.38MiB (66462208 bytes): RESOURCE_EXHAUSTED: : CUDA_ERROR_OUT_OF_MEMORY: out of memory
=== Source Location Trace: ===
external/xla/xla/stream_executor/cuda/cuda_status.cc:45
external/xla/xla/stream_executor/cuda/cuda_device_allocator.cc:226
external/xla/xla/stream_executor/cuda/cuda_device_allocator.cc:403

E0820 14:24:17.280647 3200216 cuda_executor.cc:1176] [0] Failed to allocate device memory of 57.04MiB (59816192 bytes): RESOURCE_EXHAUSTED: : CUDA_ERROR_OUT_OF_MEMORY: out of memory
=== Source Location Trace: ===
external/xla/xla/stream_executor/cuda/cuda_status.cc:45
external/xla/xla/stream_executor/cuda/cuda_device_allocator.cc:226
external/xla/xla/stream_executor/cuda/cuda_device_allocator.cc:403

E0820 14:24:17.280987 3200216 cuda_executor.cc:1176] [0] Failed to allocate device memory of 51.34MiB (53834752 bytes): RESOURCE_EXHAUSTED: : CUDA_ERROR_OUT_OF_MEMORY: out of memory
=== Source Location Trace: ===
external/xla/xla/stream_executor/cuda/cuda_status.cc:45
external/xla/xla/stream_executor/cuda/cuda_device_allocator.cc:226
external/xla/xla/stream_executor/cuda/cuda_device_allocator.cc:403

E0820 14:24:17.281363 3200216 cuda_executor.cc:1176] [0] Failed to allocate device memory of 46.21MiB (48451328 bytes): RESOURCE_EXHAUSTED: : CUDA_ERROR_OUT_OF_MEMORY: out of memory
=== Source Location Trace: ===
external/xla/xla/stream_executor/cuda/cuda_status.cc:45
external/xla/xla/stream_executor/cuda/cuda_device_allocator.cc:226
external/xla/xla/stream_executor/cuda/cuda_device_allocator.cc:403

E0820 14:24:17.281704 3200216 cuda_executor.cc:1176] [0] Failed to allocate device memory of 41.59MiB (43606272 bytes): RESOURCE_EXHAUSTED: : CUDA_ERROR_OUT_OF_MEMORY: out of memory
=== Source Location Trace: ===
external/xla/xla/stream_executor/cuda/cuda_status.cc:45
external/xla/xla/stream_executor/cuda/cuda_device_allocator.cc:226
external/xla/xla/stream_executor/cuda/cuda_device_allocator.cc:403

E0820 14:24:17.282055 3200216 cuda_executor.cc:1176] [0] Failed to allocate device memory of 37.43MiB (39245824 bytes): RESOURCE_EXHAUSTED: : CUDA_ERROR_OUT_OF_MEMORY: out of memory
=== Source Location Trace: ===
external/xla/xla/stream_executor/cuda/cuda_status.cc:45
external/xla/xla/stream_executor/cuda/cuda_device_allocator.cc:226
external/xla/xla/stream_executor/cuda/cuda_device_allocator.cc:403

E0820 14:24:17.282472 3200216 cuda_executor.cc:1176] [0] Failed to allocate device memory of 33.68MiB (35321344 bytes): RESOURCE_EXHAUSTED: : CUDA_ERROR_OUT_OF_MEMORY: out of memory
=== Source Location Trace: ===
external/xla/xla/stream_executor/cuda/cuda_status.cc:45
external/xla/xla/stream_executor/cuda/cuda_device_allocator.cc:226
external/xla/xla/stream_executor/cuda/cuda_device_allocator.cc:403

E0820 14:24:17.283141 3200216 cuda_executor.cc:1176] [0] Failed to allocate device memory of 30.32MiB (31789312 bytes): RESOURCE_EXHAUSTED: : CUDA_ERROR_OUT_OF_MEMORY: out of memory
=== Source Location Trace: ===
external/xla/xla/stream_executor/cuda/cuda_status.cc:45
external/xla/xla/stream_executor/cuda/cuda_device_allocator.cc:226
external/xla/xla/stream_executor/cuda/cuda_device_allocator.cc:403

E0820 14:24:17.346314 3200216 cuda_executor.cc:1176] [0] Failed to allocate device memory of 16.45GiB (17660116992 bytes): RESOURCE_EXHAUSTED: : CUDA_ERROR_OUT_OF_MEMORY: out of memory
=== Source Location Trace: ===
external/xla/xla/stream_executor/cuda/cuda_status.cc:45
external/xla/xla/stream_executor/cuda/cuda_device_allocator.cc:226
external/xla/xla/stream_executor/cuda/cuda_device_allocator.cc:403

E0820 14:24:17.346661 3200216 cuda_executor.cc:1176] [0] Failed to allocate device memory of 14.80GiB (15894105088 bytes): RESOURCE_EXHAUSTED: : CUDA_ERROR_OUT_OF_MEMORY: out of memory
=== Source Location Trace: ===
external/xla/xla/stream_executor/cuda/cuda_status.cc:45
external/xla/xla/stream_executor/cuda/cuda_device_allocator.cc:226
external/xla/xla/stream_executor/cuda/cuda_device_allocator.cc:403

E0820 14:24:17.346982 3200216 cuda_executor.cc:1176] [0] Failed to allocate device memory of 13.32GiB (14304694272 bytes): RESOURCE_EXHAUSTED: : CUDA_ERROR_OUT_OF_MEMORY: out of memory
=== Source Location Trace: ===
external/xla/xla/stream_executor/cuda/cuda_status.cc:45
external/xla/xla/stream_executor/cuda/cuda_device_allocator.cc:226
external/xla/xla/stream_executor/cuda/cuda_device_allocator.cc:403

E0820 14:24:17.347342 3200216 cuda_executor.cc:1176] [0] Failed to allocate device memory of 11.99GiB (12874224640 bytes): RESOURCE_EXHAUSTED: : CUDA_ERROR_OUT_OF_MEMORY: out of memory
=== Source Location Trace: ===
external/xla/xla/stream_executor/cuda/cuda_status.cc:45
external/xla/xla/stream_executor/cuda/cuda_device_allocator.cc:226
external/xla/xla/stream_executor/cuda/cuda_device_allocator.cc:403

E0820 14:24:17.347680 3200216 cuda_executor.cc:1176] [0] Failed to allocate device memory of 10.79GiB (11586801664 bytes): RESOURCE_EXHAUSTED: : CUDA_ERROR_OUT_OF_MEMORY: out of memory
=== Source Location Trace: ===
external/xla/xla/stream_executor/cuda/cuda_status.cc:45
external/xla/xla/stream_executor/cuda/cuda_device_allocator.cc:226
external/xla/xla/stream_executor/cuda/cuda_device_allocator.cc:403

E0820 14:24:17.347973 3200216 cuda_executor.cc:1176] [0] Failed to allocate device memory of 9.71GiB (10428121088 bytes): RESOURCE_EXHAUSTED: : CUDA_ERROR_OUT_OF_MEMORY: out of memory
=== Source Location Trace: ===
external/xla/xla/stream_executor/cuda/cuda_status.cc:45
external/xla/xla/stream_executor/cuda/cuda_device_allocator.cc:226
external/xla/xla/stream_executor/cuda/cuda_device_allocator.cc:403

E0820 14:24:17.348296 3200216 cuda_executor.cc:1176] [0] Failed to allocate device memory of 8.74GiB (9385309184 bytes): RESOURCE_EXHAUSTED: : CUDA_ERROR_OUT_OF_MEMORY: out of memory
=== Source Location Trace: ===
external/xla/xla/stream_executor/cuda/cuda_status.cc:45
external/xla/xla/stream_executor/cuda/cuda_device_allocator.cc:226
external/xla/xla/stream_executor/cuda/cuda_device_allocator.cc:403

E0820 14:24:17.348595 3200216 cuda_executor.cc:1176] [0] Failed to allocate device memory of 7.87GiB (8446777856 bytes): RESOURCE_EXHAUSTED: : CUDA_ERROR_OUT_OF_MEMORY: out of memory
=== Source Location Trace: ===
external/xla/xla/stream_executor/cuda/cuda_status.cc:45
external/xla/xla/stream_executor/cuda/cuda_device_allocator.cc:226
external/xla/xla/stream_executor/cuda/cuda_device_allocator.cc:403

E0820 14:24:17.348894 3200216 cuda_executor.cc:1176] [0] Failed to allocate device memory of 7.08GiB (7602099712 bytes): RESOURCE_EXHAUSTED: : CUDA_ERROR_OUT_OF_MEMORY: out of memory
=== Source Location Trace: ===
external/xla/xla/stream_executor/cuda/cuda_status.cc:45
external/xla/xla/stream_executor/cuda/cuda_device_allocator.cc:226
external/xla/xla/stream_executor/cuda/cuda_device_allocator.cc:403

E0820 14:24:17.349598 3200216 cuda_executor.cc:1176] [0] Failed to allocate device memory of 6.37GiB (6841889792 bytes): RESOURCE_EXHAUSTED: : CUDA_ERROR_OUT_OF_MEMORY: out of memory
=== Source Location Trace: ===
external/xla/xla/stream_executor/cuda/cuda_status.cc:45
external/xla/xla/stream_executor/cuda/cuda_device_allocator.cc:226
external/xla/xla/stream_executor/cuda/cuda_device_allocator.cc:403

E0820 14:24:17.349941 3200216 cuda_executor.cc:1176] [0] Failed to allocate device memory of 5.73GiB (6157700608 bytes): RESOURCE_EXHAUSTED: : CUDA_ERROR_OUT_OF_MEMORY: out of memory
=== Source Location Trace: ===
external/xla/xla/stream_executor/cuda/cuda_status.cc:45
external/xla/xla/stream_executor/cuda/cuda_device_allocator.cc:226
external/xla/xla/stream_executor/cuda/cuda_device_allocator.cc:403

E0820 14:24:17.350251 3200216 cuda_executor.cc:1176] [0] Failed to allocate device memory of 5.16GiB (5541930496 bytes): RESOURCE_EXHAUSTED: : CUDA_ERROR_OUT_OF_MEMORY: out of memory
=== Source Location Trace: ===
external/xla/xla/stream_executor/cuda/cuda_status.cc:45
external/xla/xla/stream_executor/cuda/cuda_device_allocator.cc:226
external/xla/xla/stream_executor/cuda/cuda_device_allocator.cc:403

E0820 14:24:17.350629 3200216 cuda_executor.cc:1176] [0] Failed to allocate device memory of 4.64GiB (4987737088 bytes): RESOURCE_EXHAUSTED: : CUDA_ERROR_OUT_OF_MEMORY: out of memory
=== Source Location Trace: ===
external/xla/xla/stream_executor/cuda/cuda_status.cc:45
external/xla/xla/stream_executor/cuda/cuda_device_allocator.cc:226
external/xla/xla/stream_executor/cuda/cuda_device_allocator.cc:403

E0820 14:24:17.350927 3200216 cuda_executor.cc:1176] [0] Failed to allocate device memory of 4.18GiB (4488963072 bytes): RESOURCE_EXHAUSTED: : CUDA_ERROR_OUT_OF_MEMORY: out of memory
=== Source Location Trace: ===
external/xla/xla/stream_executor/cuda/cuda_status.cc:45
external/xla/xla/stream_executor/cuda/cuda_device_allocator.cc:226
external/xla/xla/stream_executor/cuda/cuda_device_allocator.cc:403

E0820 14:24:17.351227 3200216 cuda_executor.cc:1176] [0] Failed to allocate device memory of 3.76GiB (4040066560 bytes): RESOURCE_EXHAUSTED: : CUDA_ERROR_OUT_OF_MEMORY: out of memory
=== Source Location Trace: ===
external/xla/xla/stream_executor/cuda/cuda_status.cc:45
external/xla/xla/stream_executor/cuda/cuda_device_allocator.cc:226
external/xla/xla/stream_executor/cuda/cuda_device_allocator.cc:403

E0820 14:24:17.351516 3200216 cuda_executor.cc:1176] [0] Failed to allocate device memory of 3.39GiB (3636059904 bytes): RESOURCE_EXHAUSTED: : CUDA_ERROR_OUT_OF_MEMORY: out of memory
=== Source Location Trace: ===
external/xla/xla/stream_executor/cuda/cuda_status.cc:45
external/xla/xla/stream_executor/cuda/cuda_device_allocator.cc:226
external/xla/xla/stream_executor/cuda/cuda_device_allocator.cc:403

E0820 14:24:17.351807 3200216 cuda_executor.cc:1176] [0] Failed to allocate device memory of 3.05GiB (3272453888 bytes): RESOURCE_EXHAUSTED: : CUDA_ERROR_OUT_OF_MEMORY: out of memory
=== Source Location Trace: ===
external/xla/xla/stream_executor/cuda/cuda_status.cc:45
external/xla/xla/stream_executor/cuda/cuda_device_allocator.cc:226
external/xla/xla/stream_executor/cuda/cuda_device_allocator.cc:403

E0820 14:24:17.352122 3200216 cuda_executor.cc:1176] [0] Failed to allocate device memory of 2.74GiB (2945208320 bytes): RESOURCE_EXHAUSTED: : CUDA_ERROR_OUT_OF_MEMORY: out of memory
=== Source Location Trace: ===
external/xla/xla/stream_executor/cuda/cuda_status.cc:45
external/xla/xla/stream_executor/cuda/cuda_device_allocator.cc:226
external/xla/xla/stream_executor/cuda/cuda_device_allocator.cc:403

E0820 14:24:17.352515 3200216 cuda_executor.cc:1176] [0] Failed to allocate device memory of 2.47GiB (2650687488 bytes): RESOURCE_EXHAUSTED: : CUDA_ERROR_OUT_OF_MEMORY: out of memory
=== Source Location Trace: ===
external/xla/xla/stream_executor/cuda/cuda_status.cc:45
external/xla/xla/stream_executor/cuda/cuda_device_allocator.cc:226
external/xla/xla/stream_executor/cuda/cuda_device_allocator.cc:403

E0820 14:24:17.352841 3200216 cuda_executor.cc:1176] [0] Failed to allocate device memory of 2.22GiB (2385618688 bytes): RESOURCE_EXHAUSTED: : CUDA_ERROR_OUT_OF_MEMORY: out of memory
=== Source Location Trace: ===
external/xla/xla/stream_executor/cuda/cuda_status.cc:45
external/xla/xla/stream_executor/cuda/cuda_device_allocator.cc:226
external/xla/xla/stream_executor/cuda/cuda_device_allocator.cc:403

E0820 14:24:17.353141 3200216 cuda_executor.cc:1176] [0] Failed to allocate device memory of 2.00GiB (2147056896 bytes): RESOURCE_EXHAUSTED: : CUDA_ERROR_OUT_OF_MEMORY: out of memory
=== Source Location Trace: ===
external/xla/xla/stream_executor/cuda/cuda_status.cc:45
external/xla/xla/stream_executor/cuda/cuda_device_allocator.cc:226
external/xla/xla/stream_executor/cuda/cuda_device_allocator.cc:403

E0820 14:24:17.353502 3200216 cuda_executor.cc:1176] [0] Failed to allocate device memory of 1.80GiB (1932351232 bytes): RESOURCE_EXHAUSTED: : CUDA_ERROR_OUT_OF_MEMORY: out of memory
=== Source Location Trace: ===
external/xla/xla/stream_executor/cuda/cuda_status.cc:45
external/xla/xla/stream_executor/cuda/cuda_device_allocator.cc:226
external/xla/xla/stream_executor/cuda/cuda_device_allocator.cc:403

E0820 14:24:17.353785 3200216 cuda_executor.cc:1176] [0] Failed to allocate device memory of 1.62GiB (1739116032 bytes): RESOURCE_EXHAUSTED: : CUDA_ERROR_OUT_OF_MEMORY: out of memory
=== Source Location Trace: ===
external/xla/xla/stream_executor/cuda/cuda_status.cc:45
external/xla/xla/stream_executor/cuda/cuda_device_allocator.cc:226
external/xla/xla/stream_executor/cuda/cuda_device_allocator.cc:403

E0820 14:24:17.354081 3200216 cuda_executor.cc:1176] [0] Failed to allocate device memory of 1.46GiB (1565204480 bytes): RESOURCE_EXHAUSTED: : CUDA_ERROR_OUT_OF_MEMORY: out of memory
=== Source Location Trace: ===
external/xla/xla/stream_executor/cuda/cuda_status.cc:45
external/xla/xla/stream_executor/cuda/cuda_device_allocator.cc:226
external/xla/xla/stream_executor/cuda/cuda_device_allocator.cc:403

E0820 14:24:17.354421 3200216 cuda_executor.cc:1176] [0] Failed to allocate device memory of 1.31GiB (1408684032 bytes): RESOURCE_EXHAUSTED: : CUDA_ERROR_OUT_OF_MEMORY: out of memory
=== Source Location Trace: ===
external/xla/xla/stream_executor/cuda/cuda_status.cc:45
external/xla/xla/stream_executor/cuda/cuda_device_allocator.cc:226
external/xla/xla/stream_executor/cuda/cuda_device_allocator.cc:403

E0820 14:24:17.354702 3200216 cuda_executor.cc:1176] [0] Failed to allocate device memory of 1.18GiB (1267815680 bytes): RESOURCE_EXHAUSTED: : CUDA_ERROR_OUT_OF_MEMORY: out of memory
=== Source Location Trace: ===
external/xla/xla/stream_executor/cuda/cuda_status.cc:45
external/xla/xla/stream_executor/cuda/cuda_device_allocator.cc:226
external/xla/xla/stream_executor/cuda/cuda_device_allocator.cc:403

E0820 14:24:17.354994 3200216 cuda_executor.cc:1176] [0] Failed to allocate device memory of 1.06GiB (1141034240 bytes): RESOURCE_EXHAUSTED: : CUDA_ERROR_OUT_OF_MEMORY: out of memory
=== Source Location Trace: ===
external/xla/xla/stream_executor/cuda/cuda_status.cc:45
external/xla/xla/stream_executor/cuda/cuda_device_allocator.cc:226
external/xla/xla/stream_executor/cuda/cuda_device_allocator.cc:403

E0820 14:24:17.355326 3200216 cuda_executor.cc:1176] [0] Failed to allocate device memory of 979.36MiB (1026930944 bytes): RESOURCE_EXHAUSTED: : CUDA_ERROR_OUT_OF_MEMORY: out of memory
=== Source Location Trace: ===
external/xla/xla/stream_executor/cuda/cuda_status.cc:45
external/xla/xla/stream_executor/cuda/cuda_device_allocator.cc:226
external/xla/xla/stream_executor/cuda/cuda_device_allocator.cc:403

E0820 14:24:17.355625 3200216 cuda_executor.cc:1176] [0] Failed to allocate device memory of 881.42MiB (924237824 bytes): RESOURCE_EXHAUSTED: : CUDA_ERROR_OUT_OF_MEMORY: out of memory
=== Source Location Trace: ===
external/xla/xla/stream_executor/cuda/cuda_status.cc:45
external/xla/xla/stream_executor/cuda/cuda_device_allocator.cc:226
external/xla/xla/stream_executor/cuda/cuda_device_allocator.cc:403

E0820 14:24:17.355925 3200216 cuda_executor.cc:1176] [0] Failed to allocate device memory of 793.28MiB (831814144 bytes): RESOURCE_EXHAUSTED: : CUDA_ERROR_OUT_OF_MEMORY: out of memory
=== Source Location Trace: ===
external/xla/xla/stream_executor/cuda/cuda_status.cc:45
external/xla/xla/stream_executor/cuda/cuda_device_allocator.cc:226
external/xla/xla/stream_executor/cuda/cuda_device_allocator.cc:403

E0820 14:24:17.356235 3200216 cuda_executor.cc:1176] [0] Failed to allocate device memory of 713.95MiB (748632832 bytes): RESOURCE_EXHAUSTED: : CUDA_ERROR_OUT_OF_MEMORY: out of memory
=== Source Location Trace: ===
external/xla/xla/stream_executor/cuda/cuda_status.cc:45
external/xla/xla/stream_executor/cuda/cuda_device_allocator.cc:226
external/xla/xla/stream_executor/cuda/cuda_device_allocator.cc:403

E0820 14:24:17.356539 3200216 cuda_executor.cc:1176] [0] Failed to allocate device memory of 642.56MiB (673769728 bytes): RESOURCE_EXHAUSTED: : CUDA_ERROR_OUT_OF_MEMORY: out of memory
=== Source Location Trace: ===
external/xla/xla/stream_executor/cuda/cuda_status.cc:45
external/xla/xla/stream_executor/cuda/cuda_device_allocator.cc:226
external/xla/xla/stream_executor/cuda/cuda_device_allocator.cc:403

E0820 14:24:17.356836 3200216 cuda_executor.cc:1176] [0] Failed to allocate device memory of 578.30MiB (606392832 bytes): RESOURCE_EXHAUSTED: : CUDA_ERROR_OUT_OF_MEMORY: out of memory
=== Source Location Trace: ===
external/xla/xla/stream_executor/cuda/cuda_status.cc:45
external/xla/xla/stream_executor/cuda/cuda_device_allocator.cc:226
external/xla/xla/stream_executor/cuda/cuda_device_allocator.cc:403

E0820 14:24:17.357150 3200216 cuda_executor.cc:1176] [0] Failed to allocate device memory of 520.47MiB (545753600 bytes): RESOURCE_EXHAUSTED: : CUDA_ERROR_OUT_OF_MEMORY: out of memory
=== Source Location Trace: ===
external/xla/xla/stream_executor/cuda/cuda_status.cc:45
external/xla/xla/stream_executor/cuda/cuda_device_allocator.cc:226
external/xla/xla/stream_executor/cuda/cuda_device_allocator.cc:403

E0820 14:24:17.357551 3200216 cuda_executor.cc:1176] [0] Failed to allocate device memory of 468.42MiB (491178240 bytes): RESOURCE_EXHAUSTED: : CUDA_ERROR_OUT_OF_MEMORY: out of memory
=== Source Location Trace: ===
external/xla/xla/stream_executor/cuda/cuda_status.cc:45
external/xla/xla/stream_executor/cuda/cuda_device_allocator.cc:226
external/xla/xla/stream_executor/cuda/cuda_device_allocator.cc:403

E0820 14:24:17.357874 3200216 cuda_executor.cc:1176] [0] Failed to allocate device memory of 421.58MiB (442060544 bytes): RESOURCE_EXHAUSTED: : CUDA_ERROR_OUT_OF_MEMORY: out of memory
=== Source Location Trace: ===
external/xla/xla/stream_executor/cuda/cuda_status.cc:45
external/xla/xla/stream_executor/cuda/cuda_device_allocator.cc:226
external/xla/xla/stream_executor/cuda/cuda_device_allocator.cc:403

E0820 14:24:17.358192 3200216 cuda_executor.cc:1176] [0] Failed to allocate device memory of 379.42MiB (397854464 bytes): RESOURCE_EXHAUSTED: : CUDA_ERROR_OUT_OF_MEMORY: out of memory
=== Source Location Trace: ===
external/xla/xla/stream_executor/cuda/cuda_status.cc:45
external/xla/xla/stream_executor/cuda/cuda_device_allocator.cc:226
external/xla/xla/stream_executor/cuda/cuda_device_allocator.cc:403

E0820 14:24:17.358597 3200216 cuda_executor.cc:1176] [0] Failed to allocate device memory of 341.48MiB (358069248 bytes): RESOURCE_EXHAUSTED: : CUDA_ERROR_OUT_OF_MEMORY: out of memory
=== Source Location Trace: ===
external/xla/xla/stream_executor/cuda/cuda_status.cc:45
external/xla/xla/stream_executor/cuda/cuda_device_allocator.cc:226
external/xla/xla/stream_executor/cuda/cuda_device_allocator.cc:403

E0820 14:24:17.358912 3200216 cuda_executor.cc:1176] [0] Failed to allocate device memory of 307.33MiB (322262528 bytes): RESOURCE_EXHAUSTED: : CUDA_ERROR_OUT_OF_MEMORY: out of memory
=== Source Location Trace: ===
external/xla/xla/stream_executor/cuda/cuda_status.cc:45
external/xla/xla/stream_executor/cuda/cuda_device_allocator.cc:226
external/xla/xla/stream_executor/cuda/cuda_device_allocator.cc:403

E0820 14:24:17.359231 3200216 cuda_executor.cc:1176] [0] Failed to allocate device memory of 276.60MiB (290036480 bytes): RESOURCE_EXHAUSTED: : CUDA_ERROR_OUT_OF_MEMORY: out of memory
=== Source Location Trace: ===
external/xla/xla/stream_executor/cuda/cuda_status.cc:45
external/xla/xla/stream_executor/cuda/cuda_device_allocator.cc:226
external/xla/xla/stream_executor/cuda/cuda_device_allocator.cc:403

E0820 14:24:17.359554 3200216 cuda_executor.cc:1176] [0] Failed to allocate device memory of 248.94MiB (261032960 bytes): RESOURCE_EXHAUSTED: : CUDA_ERROR_OUT_OF_MEMORY: out of memory
=== Source Location Trace: ===
external/xla/xla/stream_executor/cuda/cuda_status.cc:45
external/xla/xla/stream_executor/cuda/cuda_device_allocator.cc:226
external/xla/xla/stream_executor/cuda/cuda_device_allocator.cc:403

E0820 14:24:17.359893 3200216 cuda_executor.cc:1176] [0] Failed to allocate device memory of 224.05MiB (234929664 bytes): RESOURCE_EXHAUSTED: : CUDA_ERROR_OUT_OF_MEMORY: out of memory
=== Source Location Trace: ===
external/xla/xla/stream_executor/cuda/cuda_status.cc:45
external/xla/xla/stream_executor/cuda/cuda_device_allocator.cc:226
external/xla/xla/stream_executor/cuda/cuda_device_allocator.cc:403

E0820 14:24:17.360233 3200216 cuda_executor.cc:1176] [0] Failed to allocate device memory of 201.64MiB (211436800 bytes): RESOURCE_EXHAUSTED: : CUDA_ERROR_OUT_OF_MEMORY: out of memory
=== Source Location Trace: ===
external/xla/xla/stream_executor/cuda/cuda_status.cc:45
external/xla/xla/stream_executor/cuda/cuda_device_allocator.cc:226
external/xla/xla/stream_executor/cuda/cuda_device_allocator.cc:403

E0820 14:24:17.360569 3200216 cuda_executor.cc:1176] [0] Failed to allocate device memory of 181.48MiB (190293248 bytes): RESOURCE_EXHAUSTED: : CUDA_ERROR_OUT_OF_MEMORY: out of memory
=== Source Location Trace: ===
external/xla/xla/stream_executor/cuda/cuda_status.cc:45
external/xla/xla/stream_executor/cuda/cuda_device_allocator.cc:226
external/xla/xla/stream_executor/cuda/cuda_device_allocator.cc:403

E0820 14:24:17.360980 3200216 cuda_executor.cc:1176] [0] Failed to allocate device memory of 163.33MiB (171264000 bytes): RESOURCE_EXHAUSTED: : CUDA_ERROR_OUT_OF_MEMORY: out of memory
=== Source Location Trace: ===
external/xla/xla/stream_executor/cuda/cuda_status.cc:45
external/xla/xla/stream_executor/cuda/cuda_device_allocator.cc:226
external/xla/xla/stream_executor/cuda/cuda_device_allocator.cc:403

E0820 14:24:17.361420 3200216 cuda_executor.cc:1176] [0] Failed to allocate device memory of 147.00MiB (154137600 bytes): RESOURCE_EXHAUSTED: : CUDA_ERROR_OUT_OF_MEMORY: out of memory
=== Source Location Trace: ===
external/xla/xla/stream_executor/cuda/cuda_status.cc:45
external/xla/xla/stream_executor/cuda/cuda_device_allocator.cc:226
external/xla/xla/stream_executor/cuda/cuda_device_allocator.cc:403

E0820 14:24:17.361760 3200216 cuda_executor.cc:1176] [0] Failed to allocate device memory of 132.30MiB (138723840 bytes): RESOURCE_EXHAUSTED: : CUDA_ERROR_OUT_OF_MEMORY: out of memory
=== Source Location Trace: ===
external/xla/xla/stream_executor/cuda/cuda_status.cc:45
external/xla/xla/stream_executor/cuda/cuda_device_allocator.cc:226
external/xla/xla/stream_executor/cuda/cuda_device_allocator.cc:403

E0820 14:24:17.362102 3200216 cuda_executor.cc:1176] [0] Failed to allocate device memory of 119.07MiB (124851456 bytes): RESOURCE_EXHAUSTED: : CUDA_ERROR_OUT_OF_MEMORY: out of memory
=== Source Location Trace: ===
external/xla/xla/stream_executor/cuda/cuda_status.cc:45
external/xla/xla/stream_executor/cuda/cuda_device_allocator.cc:226
external/xla/xla/stream_executor/cuda/cuda_device_allocator.cc:403

E0820 14:24:17.362514 3200216 cuda_executor.cc:1176] [0] Failed to allocate device memory of 107.16MiB (112366336 bytes): RESOURCE_EXHAUSTED: : CUDA_ERROR_OUT_OF_MEMORY: out of memory
=== Source Location Trace: ===
external/xla/xla/stream_executor/cuda/cuda_status.cc:45
external/xla/xla/stream_executor/cuda/cuda_device_allocator.cc:226
external/xla/xla/stream_executor/cuda/cuda_device_allocator.cc:403

E0820 14:24:17.362852 3200216 cuda_executor.cc:1176] [0] Failed to allocate device memory of 96.44MiB (101129728 bytes): RESOURCE_EXHAUSTED: : CUDA_ERROR_OUT_OF_MEMORY: out of memory
=== Source Location Trace: ===
external/xla/xla/stream_executor/cuda/cuda_status.cc:45
external/xla/xla/stream_executor/cuda/cuda_device_allocator.cc:226
external/xla/xla/stream_executor/cuda/cuda_device_allocator.cc:403

E0820 14:24:17.363196 3200216 cuda_executor.cc:1176] [0] Failed to allocate device memory of 86.80MiB (91016960 bytes): RESOURCE_EXHAUSTED: : CUDA_ERROR_OUT_OF_MEMORY: out of memory
=== Source Location Trace: ===
external/xla/xla/stream_executor/cuda/cuda_status.cc:45
external/xla/xla/stream_executor/cuda/cuda_device_allocator.cc:226
external/xla/xla/stream_executor/cuda/cuda_device_allocator.cc:403

E0820 14:24:17.363632 3200216 cuda_executor.cc:1176] [0] Failed to allocate device memory of 78.12MiB (81915392 bytes): RESOURCE_EXHAUSTED: : CUDA_ERROR_OUT_OF_MEMORY: out of memory
=== Source Location Trace: ===
external/xla/xla/stream_executor/cuda/cuda_status.cc:45
external/xla/xla/stream_executor/cuda/cuda_device_allocator.cc:226
external/xla/xla/stream_executor/cuda/cuda_device_allocator.cc:403

E0820 14:24:17.363977 3200216 cuda_executor.cc:1176] [0] Failed to allocate device memory of 70.31MiB (73723904 bytes): RESOURCE_EXHAUSTED: : CUDA_ERROR_OUT_OF_MEMORY: out of memory
=== Source Location Trace: ===
external/xla/xla/stream_executor/cuda/cuda_status.cc:45
external/xla/xla/stream_executor/cuda/cuda_device_allocator.cc:226
external/xla/xla/stream_executor/cuda/cuda_device_allocator.cc:403

E0820 14:24:17.364360 3200216 cuda_executor.cc:1176] [0] Failed to allocate device memory of 63.28MiB (66351616 bytes): RESOURCE_EXHAUSTED: : CUDA_ERROR_OUT_OF_MEMORY: out of memory
=== Source Location Trace: ===
external/xla/xla/stream_executor/cuda/cuda_status.cc:45
external/xla/xla/stream_executor/cuda/cuda_device_allocator.cc:226
external/xla/xla/stream_executor/cuda/cuda_device_allocator.cc:403

E0820 14:24:17.364698 3200216 cuda_executor.cc:1176] [0] Failed to allocate device memory of 56.95MiB (59716608 bytes): RESOURCE_EXHAUSTED: : CUDA_ERROR_OUT_OF_MEMORY: out of memory
=== Source Location Trace: ===
external/xla/xla/stream_executor/cuda/cuda_status.cc:45
external/xla/xla/stream_executor/cuda/cuda_device_allocator.cc:226
external/xla/xla/stream_executor/cuda/cuda_device_allocator.cc:403

E0820 14:24:17.365049 3200216 cuda_executor.cc:1176] [0] Failed to allocate device memory of 51.25MiB (53745152 bytes): RESOURCE_EXHAUSTED: : CUDA_ERROR_OUT_OF_MEMORY: out of memory
=== Source Location Trace: ===
external/xla/xla/stream_executor/cuda/cuda_status.cc:45
external/xla/xla/stream_executor/cuda/cuda_device_allocator.cc:226
external/xla/xla/stream_executor/cuda/cuda_device_allocator.cc:403

E0820 14:24:17.365463 3200216 cuda_executor.cc:1176] [0] Failed to allocate device memory of 46.13MiB (48370688 bytes): RESOURCE_EXHAUSTED: : CUDA_ERROR_OUT_OF_MEMORY: out of memory
=== Source Location Trace: ===
external/xla/xla/stream_executor/cuda/cuda_status.cc:45
external/xla/xla/stream_executor/cuda/cuda_device_allocator.cc:226
external/xla/xla/stream_executor/cuda/cuda_device_allocator.cc:403

E0820 14:24:17.365822 3200216 cuda_executor.cc:1176] [0] Failed to allocate device memory of 41.52MiB (43533824 bytes): RESOURCE_EXHAUSTED: : CUDA_ERROR_OUT_OF_MEMORY: out of memory
=== Source Location Trace: ===
external/xla/xla/stream_executor/cuda/cuda_status.cc:45
external/xla/xla/stream_executor/cuda/cuda_device_allocator.cc:226
external/xla/xla/stream_executor/cuda/cuda_device_allocator.cc:403

E0820 14:24:17.366183 3200216 cuda_executor.cc:1176] [0] Failed to allocate device memory of 37.37MiB (39180544 bytes): RESOURCE_EXHAUSTED: : CUDA_ERROR_OUT_OF_MEMORY: out of memory
=== Source Location Trace: ===
external/xla/xla/stream_executor/cuda/cuda_status.cc:45
external/xla/xla/stream_executor/cuda/cuda_device_allocator.cc:226
external/xla/xla/stream_executor/cuda/cuda_device_allocator.cc:403

E0820 14:24:17.366653 3200216 cuda_executor.cc:1176] [0] Failed to allocate device memory of 33.63MiB (35262720 bytes): RESOURCE_EXHAUSTED: : CUDA_ERROR_OUT_OF_MEMORY: out of memory
=== Source Location Trace: ===
external/xla/xla/stream_executor/cuda/cuda_status.cc:45
external/xla/xla/stream_executor/cuda/cuda_device_allocator.cc:226
external/xla/xla/stream_executor/cuda/cuda_device_allocator.cc:403

E0820 14:24:17.367386 3200216 cuda_executor.cc:1176] [0] Failed to allocate device memory of 30.27MiB (31736576 bytes): RESOURCE_EXHAUSTED: : CUDA_ERROR_OUT_OF_MEMORY: out of memory
=== Source Location Trace: ===
external/xla/xla/stream_executor/cuda/cuda_status.cc:45
external/xla/xla/stream_executor/cuda/cuda_device_allocator.cc:226
external/xla/xla/stream_executor/cuda/cuda_device_allocator.cc:403

E0820 14:24:17.367802 3200216 cuda_executor.cc:1176] [0] Failed to allocate device memory of 27.24MiB (28562944 bytes): RESOURCE_EXHAUSTED: : CUDA_ERROR_OUT_OF_MEMORY: out of memory
=== Source Location Trace: ===
external/xla/xla/stream_executor/cuda/cuda_status.cc:45
external/xla/xla/stream_executor/cuda/cuda_device_allocator.cc:226
external/xla/xla/stream_executor/cuda/cuda_device_allocator.cc:403

E0820 14:24:17.368274 3200216 cuda_executor.cc:1176] [0] Failed to allocate device memory of 24.52MiB (25706752 bytes): RESOURCE_EXHAUSTED: : CUDA_ERROR_OUT_OF_MEMORY: out of memory
=== Source Location Trace: ===
external/xla/xla/stream_executor/cuda/cuda_status.cc:45
external/xla/xla/stream_executor/cuda/cuda_device_allocator.cc:226
external/xla/xla/stream_executor/cuda/cuda_device_allocator.cc:403

E0820 14:24:17.368645 3200216 cuda_executor.cc:1176] [0] Failed to allocate device memory of 22.06MiB (23136256 bytes): RESOURCE_EXHAUSTED: : CUDA_ERROR_OUT_OF_MEMORY: out of memory
=== Source Location Trace: ===
external/xla/xla/stream_executor/cuda/cuda_status.cc:45
external/xla/xla/stream_executor/cuda/cuda_device_allocator.cc:226
external/xla/xla/stream_executor/cuda/cuda_device_allocator.cc:403

E0820 14:24:17.369022 3200216 cuda_executor.cc:1176] [0] Failed to allocate device memory of 19.86MiB (20822784 bytes): RESOURCE_EXHAUSTED: : CUDA_ERROR_OUT_OF_MEMORY: out of memory
=== Source Location Trace: ===
external/xla/xla/stream_executor/cuda/cuda_status.cc:45
external/xla/xla/stream_executor/cuda/cuda_device_allocator.cc:226
external/xla/xla/stream_executor/cuda/cuda_device_allocator.cc:403

E0820 14:24:17.369465 3200216 cuda_executor.cc:1176] [0] Failed to allocate device memory of 17.87MiB (18740736 bytes): RESOURCE_EXHAUSTED: : CUDA_ERROR_OUT_OF_MEMORY: out of memory
=== Source Location Trace: ===
external/xla/xla/stream_executor/cuda/cuda_status.cc:45
external/xla/xla/stream_executor/cuda/cuda_device_allocator.cc:226
external/xla/xla/stream_executor/cuda/cuda_device_allocator.cc:403

E0820 14:24:17.369843 3200216 cuda_executor.cc:1176] [0] Failed to allocate device memory of 16.08MiB (16866816 bytes): RESOURCE_EXHAUSTED: : CUDA_ERROR_OUT_OF_MEMORY: out of memory
=== Source Location Trace: ===
external/xla/xla/stream_executor/cuda/cuda_status.cc:45
external/xla/xla/stream_executor/cuda/cuda_device_allocator.cc:226
external/xla/xla/stream_executor/cuda/cuda_device_allocator.cc:403

E0820 14:24:17.370232 3200216 cuda_executor.cc:1176] [0] Failed to allocate device memory of 14.48MiB (15180288 bytes): RESOURCE_EXHAUSTED: : CUDA_ERROR_OUT_OF_MEMORY: out of memory
=== Source Location Trace: ===
external/xla/xla/stream_executor/cuda/cuda_status.cc:45
external/xla/xla/stream_executor/cuda/cuda_device_allocator.cc:226
external/xla/xla/stream_executor/cuda/cuda_device_allocator.cc:403

E0820 14:24:17.370622 3200216 cuda_executor.cc:1176] [0] Failed to allocate device memory of 13.03MiB (13662464 bytes): RESOURCE_EXHAUSTED: : CUDA_ERROR_OUT_OF_MEMORY: out of memory
=== Source Location Trace: ===
external/xla/xla/stream_executor/cuda/cuda_status.cc:45
external/xla/xla/stream_executor/cuda/cuda_device_allocator.cc:226
external/xla/xla/stream_executor/cuda/cuda_device_allocator.cc:403

E0820 14:24:17.371017 3200216 cuda_executor.cc:1176] [0] Failed to allocate device memory of 11.73MiB (12296448 bytes): RESOURCE_EXHAUSTED: : CUDA_ERROR_OUT_OF_MEMORY: out of memory
=== Source Location Trace: ===
external/xla/xla/stream_executor/cuda/cuda_status.cc:45
external/xla/xla/stream_executor/cuda/cuda_device_allocator.cc:226
external/xla/xla/stream_executor/cuda/cuda_device_allocator.cc:403

E0820 14:24:17.371480 3200216 cuda_executor.cc:1176] [0] Failed to allocate device memory of 10.55MiB (11066880 bytes): RESOURCE_EXHAUSTED: : CUDA_ERROR_OUT_OF_MEMORY: out of memory
=== Source Location Trace: ===
external/xla/xla/stream_executor/cuda/cuda_status.cc:45
external/xla/xla/stream_executor/cuda/cuda_device_allocator.cc:226
external/xla/xla/stream_executor/cuda/cuda_device_allocator.cc:403

E0820 14:24:17.371888 3200216 cuda_executor.cc:1176] [0] Failed to allocate device memory of 9.50MiB (9960192 bytes): RESOURCE_EXHAUSTED: : CUDA_ERROR_OUT_OF_MEMORY: out of memory
=== Source Location Trace: ===
external/xla/xla/stream_executor/cuda/cuda_status.cc:45
external/xla/xla/stream_executor/cuda/cuda_device_allocator.cc:226
external/xla/xla/stream_executor/cuda/cuda_device_allocator.cc:403

E0820 14:24:17.372320 3200216 cuda_executor.cc:1176] [0] Failed to allocate device memory of 8.55MiB (8964352 bytes): RESOURCE_EXHAUSTED: : CUDA_ERROR_OUT_OF_MEMORY: out of memory
=== Source Location Trace: ===
external/xla/xla/stream_executor/cuda/cuda_status.cc:45
external/xla/xla/stream_executor/cuda/cuda_device_allocator.cc:226
external/xla/xla/stream_executor/cuda/cuda_device_allocator.cc:403

E0820 14:24:17.372744 3200216 cuda_executor.cc:1176] [0] Failed to allocate device memory of 7.69MiB (8068096 bytes): RESOURCE_EXHAUSTED: : CUDA_ERROR_OUT_OF_MEMORY: out of memory
=== Source Location Trace: ===
external/xla/xla/stream_executor/cuda/cuda_status.cc:45
external/xla/xla/stream_executor/cuda/cuda_device_allocator.cc:226
external/xla/xla/stream_executor/cuda/cuda_device_allocator.cc:403

E0820 14:24:17.373165 3200216 cuda_executor.cc:1176] [0] Failed to allocate device memory of 6.92MiB (7261440 bytes): RESOURCE_EXHAUSTED: : CUDA_ERROR_OUT_OF_MEMORY: out of memory
=== Source Location Trace: ===
external/xla/xla/stream_executor/cuda/cuda_status.cc:45
external/xla/xla/stream_executor/cuda/cuda_device_allocator.cc:226
external/xla/xla/stream_executor/cuda/cuda_device_allocator.cc:403

E0820 14:24:17.373600 3200216 cuda_executor.cc:1176] [0] Failed to allocate device memory of 6.23MiB (6535424 bytes): RESOURCE_EXHAUSTED: : CUDA_ERROR_OUT_OF_MEMORY: out of memory
=== Source Location Trace: ===
external/xla/xla/stream_executor/cuda/cuda_status.cc:45
external/xla/xla/stream_executor/cuda/cuda_device_allocator.cc:226
external/xla/xla/stream_executor/cuda/cuda_device_allocator.cc:403

E0820 14:24:17.374048 3200216 cuda_executor.cc:1176] [0] Failed to allocate device memory of 5.61MiB (5882112 bytes): RESOURCE_EXHAUSTED: : CUDA_ERROR_OUT_OF_MEMORY: out of memory
=== Source Location Trace: ===
external/xla/xla/stream_executor/cuda/cuda_status.cc:45
external/xla/xla/stream_executor/cuda/cuda_device_allocator.cc:226
external/xla/xla/stream_executor/cuda/cuda_device_allocator.cc:403

E0820 14:24:17.374584 3200216 cuda_executor.cc:1176] [0] Failed to allocate device memory of 5.05MiB (5294080 bytes): RESOURCE_EXHAUSTED: : CUDA_ERROR_OUT_OF_MEMORY: out of memory
=== Source Location Trace: ===
external/xla/xla/stream_executor/cuda/cuda_status.cc:45
external/xla/xla/stream_executor/cuda/cuda_device_allocator.cc:226
external/xla/xla/stream_executor/cuda/cuda_device_allocator.cc:403

E0820 14:24:17.375031 3200216 cuda_executor.cc:1176] [0] Failed to allocate device memory of 4.54MiB (4764672 bytes): RESOURCE_EXHAUSTED: : CUDA_ERROR_OUT_OF_MEMORY: out of memory
=== Source Location Trace: ===
external/xla/xla/stream_executor/cuda/cuda_status.cc:45
external/xla/xla/stream_executor/cuda/cuda_device_allocator.cc:226
external/xla/xla/stream_executor/cuda/cuda_device_allocator.cc:403

E0820 14:24:17.375561 3200216 cuda_executor.cc:1176] [0] Failed to allocate device memory of 4.09MiB (4288256 bytes): RESOURCE_EXHAUSTED: : CUDA_ERROR_OUT_OF_MEMORY: out of memory
=== Source Location Trace: ===
external/xla/xla/stream_executor/cuda/cuda_status.cc:45
external/xla/xla/stream_executor/cuda/cuda_device_allocator.cc:226
external/xla/xla/stream_executor/cuda/cuda_device_allocator.cc:403

E0820 14:24:17.376062 3200216 cuda_executor.cc:1176] [0] Failed to allocate device memory of 3.68MiB (3859456 bytes): RESOURCE_EXHAUSTED: : CUDA_ERROR_OUT_OF_MEMORY: out of memory
=== Source Location Trace: ===
external/xla/xla/stream_executor/cuda/cuda_status.cc:45
external/xla/xla/stream_executor/cuda/cuda_device_allocator.cc:226
external/xla/xla/stream_executor/cuda/cuda_device_allocator.cc:403

E0820 14:24:17.376567 3200216 cuda_executor.cc:1176] [0] Failed to allocate device memory of 3.31MiB (3473664 bytes): RESOURCE_EXHAUSTED: : CUDA_ERROR_OUT_OF_MEMORY: out of memory
=== Source Location Trace: ===
external/xla/xla/stream_executor/cuda/cuda_status.cc:45
external/xla/xla/stream_executor/cuda/cuda_device_allocator.cc:226
external/xla/xla/stream_executor/cuda/cuda_device_allocator.cc:403

E0820 14:24:17.377065 3200216 cuda_executor.cc:1176] [0] Failed to allocate device memory of 2.98MiB (3126528 bytes): RESOURCE_EXHAUSTED: : CUDA_ERROR_OUT_OF_MEMORY: out of memory
=== Source Location Trace: ===
external/xla/xla/stream_executor/cuda/cuda_status.cc:45
external/xla/xla/stream_executor/cuda/cuda_device_allocator.cc:226
external/xla/xla/stream_executor/cuda/cuda_device_allocator.cc:403

E0820 14:24:17.377571 3200216 cuda_executor.cc:1176] [0] Failed to allocate device memory of 2.68MiB (2813952 bytes): RESOURCE_EXHAUSTED: : CUDA_ERROR_OUT_OF_MEMORY: out of memory
=== Source Location Trace: ===
external/xla/xla/stream_executor/cuda/cuda_status.cc:45
external/xla/xla/stream_executor/cuda/cuda_device_allocator.cc:226
external/xla/xla/stream_executor/cuda/cuda_device_allocator.cc:403

E0820 14:24:17.378070 3200216 cuda_executor.cc:1176] [0] Failed to allocate device memory of 2.42MiB (2532608 bytes): RESOURCE_EXHAUSTED: : CUDA_ERROR_OUT_OF_MEMORY: out of memory
=== Source Location Trace: ===
external/xla/xla/stream_executor/cuda/cuda_status.cc:45
external/xla/xla/stream_executor/cuda/cuda_device_allocator.cc:226
external/xla/xla/stream_executor/cuda/cuda_device_allocator.cc:403

E0820 14:24:17.378577 3200216 cuda_executor.cc:1176] [0] Failed to allocate device memory of 2.17MiB (2279424 bytes): RESOURCE_EXHAUSTED: : CUDA_ERROR_OUT_OF_MEMORY: out of memory
=== Source Location Trace: ===
external/xla/xla/stream_executor/cuda/cuda_status.cc:45
external/xla/xla/stream_executor/cuda/cuda_device_allocator.cc:226
external/xla/xla/stream_executor/cuda/cuda_device_allocator.cc:403

E0820 14:24:17.379616 3200216 cuda_executor.cc:1176] [0] Failed to allocate device memory of 16.45GiB (17658019840 bytes): RESOURCE_EXHAUSTED: : CUDA_ERROR_OUT_OF_MEMORY: out of memory
=== Source Location Trace: ===
external/xla/xla/stream_executor/cuda/cuda_status.cc:45
external/xla/xla/stream_executor/cuda/cuda_device_allocator.cc:226
external/xla/xla/stream_executor/cuda/cuda_device_allocator.cc:403

E0820 14:24:17.379975 3200216 cuda_executor.cc:1176] [0] Failed to allocate device memory of 14.80GiB (15892217856 bytes): RESOURCE_EXHAUSTED: : CUDA_ERROR_OUT_OF_MEMORY: out of memory
=== Source Location Trace: ===
external/xla/xla/stream_executor/cuda/cuda_status.cc:45
external/xla/xla/stream_executor/cuda/cuda_device_allocator.cc:226
external/xla/xla/stream_executor/cuda/cuda_device_allocator.cc:403

E0820 14:24:17.380368 3200216 cuda_executor.cc:1176] [0] Failed to allocate device memory of 13.32GiB (14302995456 bytes): RESOURCE_EXHAUSTED: : CUDA_ERROR_OUT_OF_MEMORY: out of memory
=== Source Location Trace: ===
external/xla/xla/stream_executor/cuda/cuda_status.cc:45
external/xla/xla/stream_executor/cuda/cuda_device_allocator.cc:226
external/xla/xla/stream_executor/cuda/cuda_device_allocator.cc:403

E0820 14:24:17.380716 3200216 cuda_executor.cc:1176] [0] Failed to allocate device memory of 11.99GiB (12872695808 bytes): RESOURCE_EXHAUSTED: : CUDA_ERROR_OUT_OF_MEMORY: out of memory
=== Source Location Trace: ===
external/xla/xla/stream_executor/cuda/cuda_status.cc:45
external/xla/xla/stream_executor/cuda/cuda_device_allocator.cc:226
external/xla/xla/stream_executor/cuda/cuda_device_allocator.cc:403

E0820 14:24:17.381066 3200216 cuda_executor.cc:1176] [0] Failed to allocate device memory of 10.79GiB (11585426432 bytes): RESOURCE_EXHAUSTED: : CUDA_ERROR_OUT_OF_MEMORY: out of memory
=== Source Location Trace: ===
external/xla/xla/stream_executor/cuda/cuda_status.cc:45
external/xla/xla/stream_executor/cuda/cuda_device_allocator.cc:226
external/xla/xla/stream_executor/cuda/cuda_device_allocator.cc:403

E0820 14:24:17.381474 3200216 cuda_executor.cc:1176] [0] Failed to allocate device memory of 9.71GiB (10426883072 bytes): RESOURCE_EXHAUSTED: : CUDA_ERROR_OUT_OF_MEMORY: out of memory
=== Source Location Trace: ===
external/xla/xla/stream_executor/cuda/cuda_status.cc:45
external/xla/xla/stream_executor/cuda/cuda_device_allocator.cc:226
external/xla/xla/stream_executor/cuda/cuda_device_allocator.cc:403

E0820 14:24:17.381820 3200216 cuda_executor.cc:1176] [0] Failed to allocate device memory of 8.74GiB (9384194048 bytes): RESOURCE_EXHAUSTED: : CUDA_ERROR_OUT_OF_MEMORY: out of memory
=== Source Location Trace: ===
external/xla/xla/stream_executor/cuda/cuda_status.cc:45
external/xla/xla/stream_executor/cuda/cuda_device_allocator.cc:226
external/xla/xla/stream_executor/cuda/cuda_device_allocator.cc:403

E0820 14:24:17.382165 3200216 cuda_executor.cc:1176] [0] Failed to allocate device memory of 7.87GiB (8445774336 bytes): RESOURCE_EXHAUSTED: : CUDA_ERROR_OUT_OF_MEMORY: out of memory
=== Source Location Trace: ===
external/xla/xla/stream_executor/cuda/cuda_status.cc:45
external/xla/xla/stream_executor/cuda/cuda_device_allocator.cc:226
external/xla/xla/stream_executor/cuda/cuda_device_allocator.cc:403

E0820 14:24:17.382599 3200216 cuda_executor.cc:1176] [0] Failed to allocate device memory of 7.08GiB (7601196544 bytes): RESOURCE_EXHAUSTED: : CUDA_ERROR_OUT_OF_MEMORY: out of memory
=== Source Location Trace: ===
external/xla/xla/stream_executor/cuda/cuda_status.cc:45
external/xla/xla/stream_executor/cuda/cuda_device_allocator.cc:226
external/xla/xla/stream_executor/cuda/cuda_device_allocator.cc:403

E0820 14:24:17.382940 3200216 cuda_executor.cc:1176] [0] Failed to allocate device memory of 6.37GiB (6841076736 bytes): RESOURCE_EXHAUSTED: : CUDA_ERROR_OUT_OF_MEMORY: out of memory
=== Source Location Trace: ===
external/xla/xla/stream_executor/cuda/cuda_status.cc:45
external/xla/xla/stream_executor/cuda/cuda_device_allocator.cc:226
external/xla/xla/stream_executor/cuda/cuda_device_allocator.cc:403

E0820 14:24:17.383302 3200216 cuda_executor.cc:1176] [0] Failed to allocate device memory of 5.73GiB (6156968960 bytes): RESOURCE_EXHAUSTED: : CUDA_ERROR_OUT_OF_MEMORY: out of memory
=== Source Location Trace: ===
external/xla/xla/stream_executor/cuda/cuda_status.cc:45
external/xla/xla/stream_executor/cuda/cuda_device_allocator.cc:226
external/xla/xla/stream_executor/cuda/cuda_device_allocator.cc:403

E0820 14:24:17.383645 3200216 cuda_executor.cc:1176] [0] Failed to allocate device memory of 5.16GiB (5541272064 bytes): RESOURCE_EXHAUSTED: : CUDA_ERROR_OUT_OF_MEMORY: out of memory
=== Source Location Trace: ===
external/xla/xla/stream_executor/cuda/cuda_status.cc:45
external/xla/xla/stream_executor/cuda/cuda_device_allocator.cc:226
external/xla/xla/stream_executor/cuda/cuda_device_allocator.cc:403

E0820 14:24:17.383989 3200216 cuda_executor.cc:1176] [0] Failed to allocate device memory of 4.64GiB (4987144704 bytes): RESOURCE_EXHAUSTED: : CUDA_ERROR_OUT_OF_MEMORY: out of memory
=== Source Location Trace: ===
external/xla/xla/stream_executor/cuda/cuda_status.cc:45
external/xla/xla/stream_executor/cuda/cuda_device_allocator.cc:226
external/xla/xla/stream_executor/cuda/cuda_device_allocator.cc:403

E0820 14:24:17.384368 3200216 cuda_executor.cc:1176] [0] Failed to allocate device memory of 4.18GiB (4488430080 bytes): RESOURCE_EXHAUSTED: : CUDA_ERROR_OUT_OF_MEMORY: out of memory
=== Source Location Trace: ===
external/xla/xla/stream_executor/cuda/cuda_status.cc:45
external/xla/xla/stream_executor/cuda/cuda_device_allocator.cc:226
external/xla/xla/stream_executor/cuda/cuda_device_allocator.cc:403

E0820 14:24:17.384712 3200216 cuda_executor.cc:1176] [0] Failed to allocate device memory of 3.76GiB (4039587072 bytes): RESOURCE_EXHAUSTED: : CUDA_ERROR_OUT_OF_MEMORY: out of memory
=== Source Location Trace: ===
external/xla/xla/stream_executor/cuda/cuda_status.cc:45
external/xla/xla/stream_executor/cuda/cuda_device_allocator.cc:226
external/xla/xla/stream_executor/cuda/cuda_device_allocator.cc:403

E0820 14:24:17.385056 3200216 cuda_executor.cc:1176] [0] Failed to allocate device memory of 3.39GiB (3635628288 bytes): RESOURCE_EXHAUSTED: : CUDA_ERROR_OUT_OF_MEMORY: out of memory
=== Source Location Trace: ===
external/xla/xla/stream_executor/cuda/cuda_status.cc:45
external/xla/xla/stream_executor/cuda/cuda_device_allocator.cc:226
external/xla/xla/stream_executor/cuda/cuda_device_allocator.cc:403

E0820 14:24:17.385453 3200216 cuda_executor.cc:1176] [0] Failed to allocate device memory of 3.05GiB (3272065280 bytes): RESOURCE_EXHAUSTED: : CUDA_ERROR_OUT_OF_MEMORY: out of memory
=== Source Location Trace: ===
external/xla/xla/stream_executor/cuda/cuda_status.cc:45
external/xla/xla/stream_executor/cuda/cuda_device_allocator.cc:226
external/xla/xla/stream_executor/cuda/cuda_device_allocator.cc:403

E0820 14:24:17.385792 3200216 cuda_executor.cc:1176] [0] Failed to allocate device memory of 2.74GiB (2944858624 bytes): RESOURCE_EXHAUSTED: : CUDA_ERROR_OUT_OF_MEMORY: out of memory
=== Source Location Trace: ===
external/xla/xla/stream_executor/cuda/cuda_status.cc:45
external/xla/xla/stream_executor/cuda/cuda_device_allocator.cc:226
external/xla/xla/stream_executor/cuda/cuda_device_allocator.cc:403

E0820 14:24:17.386125 3200216 cuda_executor.cc:1176] [0] Failed to allocate device memory of 2.47GiB (2650372608 bytes): RESOURCE_EXHAUSTED: : CUDA_ERROR_OUT_OF_MEMORY: out of memory
=== Source Location Trace: ===
external/xla/xla/stream_executor/cuda/cuda_status.cc:45
external/xla/xla/stream_executor/cuda/cuda_device_allocator.cc:226
external/xla/xla/stream_executor/cuda/cuda_device_allocator.cc:403

E0820 14:24:17.386538 3200216 cuda_executor.cc:1176] [0] Failed to allocate device memory of 2.22GiB (2385335296 bytes): RESOURCE_EXHAUSTED: : CUDA_ERROR_OUT_OF_MEMORY: out of memory
=== Source Location Trace: ===
external/xla/xla/stream_executor/cuda/cuda_status.cc:45
external/xla/xla/stream_executor/cuda/cuda_device_allocator.cc:226
external/xla/xla/stream_executor/cuda/cuda_device_allocator.cc:403

E0820 14:24:17.386871 3200216 cuda_executor.cc:1176] [0] Failed to allocate device memory of 2.00GiB (2146801664 bytes): RESOURCE_EXHAUSTED: : CUDA_ERROR_OUT_OF_MEMORY: out of memory
=== Source Location Trace: ===
external/xla/xla/stream_executor/cuda/cuda_status.cc:45
external/xla/xla/stream_executor/cuda/cuda_device_allocator.cc:226
external/xla/xla/stream_executor/cuda/cuda_device_allocator.cc:403

E0820 14:24:17.387200 3200216 cuda_executor.cc:1176] [0] Failed to allocate device memory of 1.80GiB (1932121600 bytes): RESOURCE_EXHAUSTED: : CUDA_ERROR_OUT_OF_MEMORY: out of memory
=== Source Location Trace: ===
external/xla/xla/stream_executor/cuda/cuda_status.cc:45
external/xla/xla/stream_executor/cuda/cuda_device_allocator.cc:226
external/xla/xla/stream_executor/cuda/cuda_device_allocator.cc:403

E0820 14:24:17.387625 3200216 cuda_executor.cc:1176] [0] Failed to allocate device memory of 1.62GiB (1738909440 bytes): RESOURCE_EXHAUSTED: : CUDA_ERROR_OUT_OF_MEMORY: out of memory
=== Source Location Trace: ===
external/xla/xla/stream_executor/cuda/cuda_status.cc:45
external/xla/xla/stream_executor/cuda/cuda_device_allocator.cc:226
external/xla/xla/stream_executor/cuda/cuda_device_allocator.cc:403

E0820 14:24:17.387947 3200216 cuda_executor.cc:1176] [0] Failed to allocate device memory of 1.46GiB (1565018624 bytes): RESOURCE_EXHAUSTED: : CUDA_ERROR_OUT_OF_MEMORY: out of memory
=== Source Location Trace: ===
external/xla/xla/stream_executor/cuda/cuda_status.cc:45
external/xla/xla/stream_executor/cuda/cuda_device_allocator.cc:226
external/xla/xla/stream_executor/cuda/cuda_device_allocator.cc:403

E0820 14:24:17.388293 3200216 cuda_executor.cc:1176] [0] Failed to allocate device memory of 1.31GiB (1408516864 bytes): RESOURCE_EXHAUSTED: : CUDA_ERROR_OUT_OF_MEMORY: out of memory
=== Source Location Trace: ===
external/xla/xla/stream_executor/cuda/cuda_status.cc:45
external/xla/xla/stream_executor/cuda/cuda_device_allocator.cc:226
external/xla/xla/stream_executor/cuda/cuda_device_allocator.cc:403

E0820 14:24:17.388615 3200216 cuda_executor.cc:1176] [0] Failed to allocate device memory of 1.18GiB (1267665152 bytes): RESOURCE_EXHAUSTED: : CUDA_ERROR_OUT_OF_MEMORY: out of memory
=== Source Location Trace: ===
external/xla/xla/stream_executor/cuda/cuda_status.cc:45
external/xla/xla/stream_executor/cuda/cuda_device_allocator.cc:226
external/xla/xla/stream_executor/cuda/cuda_device_allocator.cc:403

E0820 14:24:17.388940 3200216 cuda_executor.cc:1176] [0] Failed to allocate device memory of 1.06GiB (1140898560 bytes): RESOURCE_EXHAUSTED: : CUDA_ERROR_OUT_OF_MEMORY: out of memory
=== Source Location Trace: ===
external/xla/xla/stream_executor/cuda/cuda_status.cc:45
external/xla/xla/stream_executor/cuda/cuda_device_allocator.cc:226
external/xla/xla/stream_executor/cuda/cuda_device_allocator.cc:403

E0820 14:24:17.389280 3200216 cuda_executor.cc:1176] [0] Failed to allocate device memory of 979.24MiB (1026808832 bytes): RESOURCE_EXHAUSTED: : CUDA_ERROR_OUT_OF_MEMORY: out of memory
=== Source Location Trace: ===
external/xla/xla/stream_executor/cuda/cuda_status.cc:45
external/xla/xla/stream_executor/cuda/cuda_device_allocator.cc:226
external/xla/xla/stream_executor/cuda/cuda_device_allocator.cc:403

E0820 14:24:17.389614 3200216 cuda_executor.cc:1176] [0] Failed to allocate device memory of 881.32MiB (924128000 bytes): RESOURCE_EXHAUSTED: : CUDA_ERROR_OUT_OF_MEMORY: out of memory
=== Source Location Trace: ===
external/xla/xla/stream_executor/cuda/cuda_status.cc:45
external/xla/xla/stream_executor/cuda/cuda_device_allocator.cc:226
external/xla/xla/stream_executor/cuda/cuda_device_allocator.cc:403

E0820 14:24:17.389945 3200216 cuda_executor.cc:1176] [0] Failed to allocate device memory of 793.19MiB (831715328 bytes): RESOURCE_EXHAUSTED: : CUDA_ERROR_OUT_OF_MEMORY: out of memory
=== Source Location Trace: ===
external/xla/xla/stream_executor/cuda/cuda_status.cc:45
external/xla/xla/stream_executor/cuda/cuda_device_allocator.cc:226
external/xla/xla/stream_executor/cuda/cuda_device_allocator.cc:403

E0820 14:24:17.390302 3200216 cuda_executor.cc:1176] [0] Failed to allocate device memory of 713.87MiB (748543744 bytes): RESOURCE_EXHAUSTED: : CUDA_ERROR_OUT_OF_MEMORY: out of memory
=== Source Location Trace: ===
external/xla/xla/stream_executor/cuda/cuda_status.cc:45
external/xla/xla/stream_executor/cuda/cuda_device_allocator.cc:226
external/xla/xla/stream_executor/cuda/cuda_device_allocator.cc:403

E0820 14:24:17.390637 3200216 cuda_executor.cc:1176] [0] Failed to allocate device memory of 642.48MiB (673689344 bytes): RESOURCE_EXHAUSTED: : CUDA_ERROR_OUT_OF_MEMORY: out of memory
=== Source Location Trace: ===
external/xla/xla/stream_executor/cuda/cuda_status.cc:45
external/xla/xla/stream_executor/cuda/cuda_device_allocator.cc:226
external/xla/xla/stream_executor/cuda/cuda_device_allocator.cc:403

E0820 14:24:17.390969 3200216 cuda_executor.cc:1176] [0] Failed to allocate device memory of 578.23MiB (606320384 bytes): RESOURCE_EXHAUSTED: : CUDA_ERROR_OUT_OF_MEMORY: out of memory
=== Source Location Trace: ===
external/xla/xla/stream_executor/cuda/cuda_status.cc:45
external/xla/xla/stream_executor/cuda/cuda_device_allocator.cc:226
external/xla/xla/stream_executor/cuda/cuda_device_allocator.cc:403

E0820 14:24:17.391333 3200216 cuda_executor.cc:1176] [0] Failed to allocate device memory of 520.41MiB (545688320 bytes): RESOURCE_EXHAUSTED: : CUDA_ERROR_OUT_OF_MEMORY: out of memory
=== Source Location Trace: ===
external/xla/xla/stream_executor/cuda/cuda_status.cc:45
external/xla/xla/stream_executor/cuda/cuda_device_allocator.cc:226
external/xla/xla/stream_executor/cuda/cuda_device_allocator.cc:403

E0820 14:24:17.391659 3200216 cuda_executor.cc:1176] [0] Failed to allocate device memory of 468.37MiB (491119616 bytes): RESOURCE_EXHAUSTED: : CUDA_ERROR_OUT_OF_MEMORY: out of memory
=== Source Location Trace: ===
external/xla/xla/stream_executor/cuda/cuda_status.cc:45
external/xla/xla/stream_executor/cuda/cuda_device_allocator.cc:226
external/xla/xla/stream_executor/cuda/cuda_device_allocator.cc:403

E0820 14:24:17.392000 3200216 cuda_executor.cc:1176] [0] Failed to allocate device memory of 421.53MiB (442007808 bytes): RESOURCE_EXHAUSTED: : CUDA_ERROR_OUT_OF_MEMORY: out of memory
=== Source Location Trace: ===
external/xla/xla/stream_executor/cuda/cuda_status.cc:45
external/xla/xla/stream_executor/cuda/cuda_device_allocator.cc:226
external/xla/xla/stream_executor/cuda/cuda_device_allocator.cc:403

E0820 14:24:17.392386 3200216 cuda_executor.cc:1176] [0] Failed to allocate device memory of 379.38MiB (397807104 bytes): RESOURCE_EXHAUSTED: : CUDA_ERROR_OUT_OF_MEMORY: out of memory
=== Source Location Trace: ===
external/xla/xla/stream_executor/cuda/cuda_status.cc:45
external/xla/xla/stream_executor/cuda/cuda_device_allocator.cc:226
external/xla/xla/stream_executor/cuda/cuda_device_allocator.cc:403

E0820 14:24:17.392731 3200216 cuda_executor.cc:1176] [0] Failed to allocate device memory of 341.44MiB (358026496 bytes): RESOURCE_EXHAUSTED: : CUDA_ERROR_OUT_OF_MEMORY: out of memory
=== Source Location Trace: ===
external/xla/xla/stream_executor/cuda/cuda_status.cc:45
external/xla/xla/stream_executor/cuda/cuda_device_allocator.cc:226
external/xla/xla/stream_executor/cuda/cuda_device_allocator.cc:403

E0820 14:24:17.393076 3200216 cuda_executor.cc:1176] [0] Failed to allocate device memory of 307.30MiB (322223872 bytes): RESOURCE_EXHAUSTED: : CUDA_ERROR_OUT_OF_MEMORY: out of memory
=== Source Location Trace: ===
external/xla/xla/stream_executor/cuda/cuda_status.cc:45
external/xla/xla/stream_executor/cuda/cuda_device_allocator.cc:226
external/xla/xla/stream_executor/cuda/cuda_device_allocator.cc:403

E0820 14:24:17.393467 3200216 cuda_executor.cc:1176] [0] Failed to allocate device memory of 276.57MiB (290001664 bytes): RESOURCE_EXHAUSTED: : CUDA_ERROR_OUT_OF_MEMORY: out of memory
=== Source Location Trace: ===
external/xla/xla/stream_executor/cuda/cuda_status.cc:45
external/xla/xla/stream_executor/cuda/cuda_device_allocator.cc:226
external/xla/xla/stream_executor/cuda/cuda_device_allocator.cc:403

E0820 14:24:17.393791 3200216 cuda_executor.cc:1176] [0] Failed to allocate device memory of 248.91MiB (261001728 bytes): RESOURCE_EXHAUSTED: : CUDA_ERROR_OUT_OF_MEMORY: out of memory
=== Source Location Trace: ===
external/xla/xla/stream_executor/cuda/cuda_status.cc:45
external/xla/xla/stream_executor/cuda/cuda_device_allocator.cc:226
external/xla/xla/stream_executor/cuda/cuda_device_allocator.cc:403

E0820 14:24:17.394117 3200216 cuda_executor.cc:1176] [0] Failed to allocate device memory of 224.02MiB (234901760 bytes): RESOURCE_EXHAUSTED: : CUDA_ERROR_OUT_OF_MEMORY: out of memory
=== Source Location Trace: ===
external/xla/xla/stream_executor/cuda/cuda_status.cc:45
external/xla/xla/stream_executor/cuda/cuda_device_allocator.cc:226
external/xla/xla/stream_executor/cuda/cuda_device_allocator.cc:403

E0820 14:24:17.394514 3200216 cuda_executor.cc:1176] [0] Failed to allocate device memory of 201.62MiB (211411712 bytes): RESOURCE_EXHAUSTED: : CUDA_ERROR_OUT_OF_MEMORY: out of memory
=== Source Location Trace: ===
external/xla/xla/stream_executor/cuda/cuda_status.cc:45
external/xla/xla/stream_executor/cuda/cuda_device_allocator.cc:226
external/xla/xla/stream_executor/cuda/cuda_device_allocator.cc:403

E0820 14:24:17.394832 3200216 cuda_executor.cc:1176] [0] Failed to allocate device memory of 181.46MiB (190270720 bytes): RESOURCE_EXHAUSTED: : CUDA_ERROR_OUT_OF_MEMORY: out of memory
=== Source Location Trace: ===
external/xla/xla/stream_executor/cuda/cuda_status.cc:45
external/xla/xla/stream_executor/cuda/cuda_device_allocator.cc:226
external/xla/xla/stream_executor/cuda/cuda_device_allocator.cc:403

E0820 14:24:17.395148 3200216 cuda_executor.cc:1176] [0] Failed to allocate device memory of 163.31MiB (171243776 bytes): RESOURCE_EXHAUSTED: : CUDA_ERROR_OUT_OF_MEMORY: out of memory
=== Source Location Trace: ===
external/xla/xla/stream_executor/cuda/cuda_status.cc:45
external/xla/xla/stream_executor/cuda/cuda_device_allocator.cc:226
external/xla/xla/stream_executor/cuda/cuda_device_allocator.cc:403

E0820 14:24:17.395546 3200216 cuda_executor.cc:1176] [0] Failed to allocate device memory of 146.98MiB (154119424 bytes): RESOURCE_EXHAUSTED: : CUDA_ERROR_OUT_OF_MEMORY: out of memory
=== Source Location Trace: ===
external/xla/xla/stream_executor/cuda/cuda_status.cc:45
external/xla/xla/stream_executor/cuda/cuda_device_allocator.cc:226
external/xla/xla/stream_executor/cuda/cuda_device_allocator.cc:403

E0820 14:24:17.395852 3200216 cuda_executor.cc:1176] [0] Failed to allocate device memory of 132.28MiB (138707712 bytes): RESOURCE_EXHAUSTED: : CUDA_ERROR_OUT_OF_MEMORY: out of memory
=== Source Location Trace: ===
external/xla/xla/stream_executor/cuda/cuda_status.cc:45
external/xla/xla/stream_executor/cuda/cuda_device_allocator.cc:226
external/xla/xla/stream_executor/cuda/cuda_device_allocator.cc:403

E0820 14:24:17.396154 3200216 cuda_executor.cc:1176] [0] Failed to allocate device memory of 119.05MiB (124837120 bytes): RESOURCE_EXHAUSTED: : CUDA_ERROR_OUT_OF_MEMORY: out of memory
=== Source Location Trace: ===
external/xla/xla/stream_executor/cuda/cuda_status.cc:45
external/xla/xla/stream_executor/cuda/cuda_device_allocator.cc:226
external/xla/xla/stream_executor/cuda/cuda_device_allocator.cc:403

E0820 14:24:17.396540 3200216 cuda_executor.cc:1176] [0] Failed to allocate device memory of 107.15MiB (112353536 bytes): RESOURCE_EXHAUSTED: : CUDA_ERROR_OUT_OF_MEMORY: out of memory
=== Source Location Trace: ===
external/xla/xla/stream_executor/cuda/cuda_status.cc:45
external/xla/xla/stream_executor/cuda/cuda_device_allocator.cc:226
external/xla/xla/stream_executor/cuda/cuda_device_allocator.cc:403

E0820 14:24:17.396844 3200216 cuda_executor.cc:1176] [0] Failed to allocate device memory of 96.43MiB (101118208 bytes): RESOURCE_EXHAUSTED: : CUDA_ERROR_OUT_OF_MEMORY: out of memory
=== Source Location Trace: ===
external/xla/xla/stream_executor/cuda/cuda_status.cc:45
external/xla/xla/stream_executor/cuda/cuda_device_allocator.cc:226
external/xla/xla/stream_executor/cuda/cuda_device_allocator.cc:403

E0820 14:24:17.397149 3200216 cuda_executor.cc:1176] [0] Failed to allocate device memory of 86.79MiB (91006464 bytes): RESOURCE_EXHAUSTED: : CUDA_ERROR_OUT_OF_MEMORY: out of memory
=== Source Location Trace: ===
external/xla/xla/stream_executor/cuda/cuda_status.cc:45
external/xla/xla/stream_executor/cuda/cuda_device_allocator.cc:226
external/xla/xla/stream_executor/cuda/cuda_device_allocator.cc:403

E0820 14:24:17.397535 3200216 cuda_executor.cc:1176] [0] Failed to allocate device memory of 78.11MiB (81905920 bytes): RESOURCE_EXHAUSTED: : CUDA_ERROR_OUT_OF_MEMORY: out of memory
=== Source Location Trace: ===
external/xla/xla/stream_executor/cuda/cuda_status.cc:45
external/xla/xla/stream_executor/cuda/cuda_device_allocator.cc:226
external/xla/xla/stream_executor/cuda/cuda_device_allocator.cc:403

E0820 14:24:17.397851 3200216 cuda_executor.cc:1176] [0] Failed to allocate device memory of 70.30MiB (73715456 bytes): RESOURCE_EXHAUSTED: : CUDA_ERROR_OUT_OF_MEMORY: out of memory
=== Source Location Trace: ===
external/xla/xla/stream_executor/cuda/cuda_status.cc:45
external/xla/xla/stream_executor/cuda/cuda_device_allocator.cc:226
external/xla/xla/stream_executor/cuda/cuda_device_allocator.cc:403

E0820 14:24:17.398174 3200216 cuda_executor.cc:1176] [0] Failed to allocate device memory of 63.27MiB (66343936 bytes): RESOURCE_EXHAUSTED: : CUDA_ERROR_OUT_OF_MEMORY: out of memory
=== Source Location Trace: ===
external/xla/xla/stream_executor/cuda/cuda_status.cc:45
external/xla/xla/stream_executor/cuda/cuda_device_allocator.cc:226
external/xla/xla/stream_executor/cuda/cuda_device_allocator.cc:403

E0820 14:24:17.398591 3200216 cuda_executor.cc:1176] [0] Failed to allocate device memory of 56.94MiB (59709696 bytes): RESOURCE_EXHAUSTED: : CUDA_ERROR_OUT_OF_MEMORY: out of memory
=== Source Location Trace: ===
external/xla/xla/stream_executor/cuda/cuda_status.cc:45
external/xla/xla/stream_executor/cuda/cuda_device_allocator.cc:226
external/xla/xla/stream_executor/cuda/cuda_device_allocator.cc:403

E0820 14:24:17.398924 3200216 cuda_executor.cc:1176] [0] Failed to allocate device memory of 51.25MiB (53738752 bytes): RESOURCE_EXHAUSTED: : CUDA_ERROR_OUT_OF_MEMORY: out of memory
=== Source Location Trace: ===
external/xla/xla/stream_executor/cuda/cuda_status.cc:45
external/xla/xla/stream_executor/cuda/cuda_device_allocator.cc:226
external/xla/xla/stream_executor/cuda/cuda_device_allocator.cc:403

E0820 14:24:17.399261 3200216 cuda_executor.cc:1176] [0] Failed to allocate device memory of 46.12MiB (48365056 bytes): RESOURCE_EXHAUSTED: : CUDA_ERROR_OUT_OF_MEMORY: out of memory
=== Source Location Trace: ===
external/xla/xla/stream_executor/cuda/cuda_status.cc:45
external/xla/xla/stream_executor/cuda/cuda_device_allocator.cc:226
external/xla/xla/stream_executor/cuda/cuda_device_allocator.cc:403

E0820 14:24:17.399582 3200216 cuda_executor.cc:1176] [0] Failed to allocate device memory of 41.51MiB (43528704 bytes): RESOURCE_EXHAUSTED: : CUDA_ERROR_OUT_OF_MEMORY: out of memory
=== Source Location Trace: ===
external/xla/xla/stream_executor/cuda/cuda_status.cc:45
external/xla/xla/stream_executor/cuda/cuda_device_allocator.cc:226
external/xla/xla/stream_executor/cuda/cuda_device_allocator.cc:403

E0820 14:24:17.399895 3200216 cuda_executor.cc:1176] [0] Failed to allocate device memory of 37.36MiB (39175936 bytes): RESOURCE_EXHAUSTED: : CUDA_ERROR_OUT_OF_MEMORY: out of memory
=== Source Location Trace: ===
external/xla/xla/stream_executor/cuda/cuda_status.cc:45
external/xla/xla/stream_executor/cuda/cuda_device_allocator.cc:226
external/xla/xla/stream_executor/cuda/cuda_device_allocator.cc:403

E0820 14:24:17.400216 3200216 cuda_executor.cc:1176] [0] Failed to allocate device memory of 33.62MiB (35258368 bytes): RESOURCE_EXHAUSTED: : CUDA_ERROR_OUT_OF_MEMORY: out of memory
=== Source Location Trace: ===
external/xla/xla/stream_executor/cuda/cuda_status.cc:45
external/xla/xla/stream_executor/cuda/cuda_device_allocator.cc:226
external/xla/xla/stream_executor/cuda/cuda_device_allocator.cc:403

E0820 14:24:17.400542 3200216 cuda_executor.cc:1176] [0] Failed to allocate device memory of 30.26MiB (31732736 bytes): RESOURCE_EXHAUSTED: : CUDA_ERROR_OUT_OF_MEMORY: out of memory
=== Source Location Trace: ===
external/xla/xla/stream_executor/cuda/cuda_status.cc:45
external/xla/xla/stream_executor/cuda/cuda_device_allocator.cc:226
external/xla/xla/stream_executor/cuda/cuda_device_allocator.cc:403

E0820 14:24:17.400863 3200216 cuda_executor.cc:1176] [0] Failed to allocate device memory of 27.24MiB (28559616 bytes): RESOURCE_EXHAUSTED: : CUDA_ERROR_OUT_OF_MEMORY: out of memory
=== Source Location Trace: ===
external/xla/xla/stream_executor/cuda/cuda_status.cc:45
external/xla/xla/stream_executor/cuda/cuda_device_allocator.cc:226
external/xla/xla/stream_executor/cuda/cuda_device_allocator.cc:403

E0820 14:24:17.401206 3200216 cuda_executor.cc:1176] [0] Failed to allocate device memory of 24.51MiB (25703680 bytes): RESOURCE_EXHAUSTED: : CUDA_ERROR_OUT_OF_MEMORY: out of memory
=== Source Location Trace: ===
external/xla/xla/stream_executor/cuda/cuda_status.cc:45
external/xla/xla/stream_executor/cuda/cuda_device_allocator.cc:226
external/xla/xla/stream_executor/cuda/cuda_device_allocator.cc:403

E0820 14:24:17.401562 3200216 cuda_executor.cc:1176] [0] Failed to allocate device memory of 22.06MiB (23133440 bytes): RESOURCE_EXHAUSTED: : CUDA_ERROR_OUT_OF_MEMORY: out of memory
=== Source Location Trace: ===
external/xla/xla/stream_executor/cuda/cuda_status.cc:45
external/xla/xla/stream_executor/cuda/cuda_device_allocator.cc:226
external/xla/xla/stream_executor/cuda/cuda_device_allocator.cc:403

E0820 14:24:17.401919 3200216 cuda_executor.cc:1176] [0] Failed to allocate device memory of 19.86MiB (20820224 bytes): RESOURCE_EXHAUSTED: : CUDA_ERROR_OUT_OF_MEMORY: out of memory
=== Source Location Trace: ===
external/xla/xla/stream_executor/cuda/cuda_status.cc:45
external/xla/xla/stream_executor/cuda/cuda_device_allocator.cc:226
external/xla/xla/stream_executor/cuda/cuda_device_allocator.cc:403

E0820 14:24:17.402274 3200216 cuda_executor.cc:1176] [0] Failed to allocate device memory of 17.87MiB (18738432 bytes): RESOURCE_EXHAUSTED: : CUDA_ERROR_OUT_OF_MEMORY: out of memory
=== Source Location Trace: ===
external/xla/xla/stream_executor/cuda/cuda_status.cc:45
external/xla/xla/stream_executor/cuda/cuda_device_allocator.cc:226
external/xla/xla/stream_executor/cuda/cuda_device_allocator.cc:403

E0820 14:24:17.402604 3200216 cuda_executor.cc:1176] [0] Failed to allocate device memory of 16.08MiB (16864768 bytes): RESOURCE_EXHAUSTED: : CUDA_ERROR_OUT_OF_MEMORY: out of memory
=== Source Location Trace: ===
external/xla/xla/stream_executor/cuda/cuda_status.cc:45
external/xla/xla/stream_executor/cuda/cuda_device_allocator.cc:226
external/xla/xla/stream_executor/cuda/cuda_device_allocator.cc:403

E0820 14:24:17.402937 3200216 cuda_executor.cc:1176] [0] Failed to allocate device memory of 14.47MiB (15178496 bytes): RESOURCE_EXHAUSTED: : CUDA_ERROR_OUT_OF_MEMORY: out of memory
=== Source Location Trace: ===
external/xla/xla/stream_executor/cuda/cuda_status.cc:45
external/xla/xla/stream_executor/cuda/cuda_device_allocator.cc:226
external/xla/xla/stream_executor/cuda/cuda_device_allocator.cc:403

E0820 14:24:17.403319 3200216 cuda_executor.cc:1176] [0] Failed to allocate device memory of 13.03MiB (13660672 bytes): RESOURCE_EXHAUSTED: : CUDA_ERROR_OUT_OF_MEMORY: out of memory
=== Source Location Trace: ===
external/xla/xla/stream_executor/cuda/cuda_status.cc:45
external/xla/xla/stream_executor/cuda/cuda_device_allocator.cc:226
external/xla/xla/stream_executor/cuda/cuda_device_allocator.cc:403

E0820 14:24:17.403660 3200216 cuda_executor.cc:1176] [0] Failed to allocate device memory of 11.72MiB (12294656 bytes): RESOURCE_EXHAUSTED: : CUDA_ERROR_OUT_OF_MEMORY: out of memory
=== Source Location Trace: ===
external/xla/xla/stream_executor/cuda/cuda_status.cc:45
external/xla/xla/stream_executor/cuda/cuda_device_allocator.cc:226
external/xla/xla/stream_executor/cuda/cuda_device_allocator.cc:403

E0820 14:24:17.404013 3200216 cuda_executor.cc:1176] [0] Failed to allocate device memory of 10.55MiB (11065344 bytes): RESOURCE_EXHAUSTED: : CUDA_ERROR_OUT_OF_MEMORY: out of memory
=== Source Location Trace: ===
external/xla/xla/stream_executor/cuda/cuda_status.cc:45
external/xla/xla/stream_executor/cuda/cuda_device_allocator.cc:226
external/xla/xla/stream_executor/cuda/cuda_device_allocator.cc:403

E0820 14:24:17.404412 3200216 cuda_executor.cc:1176] [0] Failed to allocate device memory of 9.50MiB (9958912 bytes): RESOURCE_EXHAUSTED: : CUDA_ERROR_OUT_OF_MEMORY: out of memory
=== Source Location Trace: ===
external/xla/xla/stream_executor/cuda/cuda_status.cc:45
external/xla/xla/stream_executor/cuda/cuda_device_allocator.cc:226
external/xla/xla/stream_executor/cuda/cuda_device_allocator.cc:403

E0820 14:24:17.404763 3200216 cuda_executor.cc:1176] [0] Failed to allocate device memory of 8.55MiB (8963072 bytes): RESOURCE_EXHAUSTED: : CUDA_ERROR_OUT_OF_MEMORY: out of memory
=== Source Location Trace: ===
external/xla/xla/stream_executor/cuda/cuda_status.cc:45
external/xla/xla/stream_executor/cuda/cuda_device_allocator.cc:226
external/xla/xla/stream_executor/cuda/cuda_device_allocator.cc:403

E0820 14:24:17.405133 3200216 cuda_executor.cc:1176] [0] Failed to allocate device memory of 7.69MiB (8066816 bytes): RESOURCE_EXHAUSTED: : CUDA_ERROR_OUT_OF_MEMORY: out of memory
=== Source Location Trace: ===
external/xla/xla/stream_executor/cuda/cuda_status.cc:45
external/xla/xla/stream_executor/cuda/cuda_device_allocator.cc:226
external/xla/xla/stream_executor/cuda/cuda_device_allocator.cc:403

E0820 14:24:17.405601 3200216 cuda_executor.cc:1176] [0] Failed to allocate device memory of 6.92MiB (7260160 bytes): RESOURCE_EXHAUSTED: : CUDA_ERROR_OUT_OF_MEMORY: out of memory
=== Source Location Trace: ===
external/xla/xla/stream_executor/cuda/cuda_status.cc:45
external/xla/xla/stream_executor/cuda/cuda_device_allocator.cc:226
external/xla/xla/stream_executor/cuda/cuda_device_allocator.cc:403

E0820 14:24:17.405984 3200216 cuda_executor.cc:1176] [0] Failed to allocate device memory of 6.23MiB (6534144 bytes): RESOURCE_EXHAUSTED: : CUDA_ERROR_OUT_OF_MEMORY: out of memory
=== Source Location Trace: ===
external/xla/xla/stream_executor/cuda/cuda_status.cc:45
external/xla/xla/stream_executor/cuda/cuda_device_allocator.cc:226
external/xla/xla/stream_executor/cuda/cuda_device_allocator.cc:403

E0820 14:24:17.406451 3200216 cuda_executor.cc:1176] [0] Failed to allocate device memory of 5.61MiB (5880832 bytes): RESOURCE_EXHAUSTED: : CUDA_ERROR_OUT_OF_MEMORY: out of memory
=== Source Location Trace: ===
external/xla/xla/stream_executor/cuda/cuda_status.cc:45
external/xla/xla/stream_executor/cuda/cuda_device_allocator.cc:226
external/xla/xla/stream_executor/cuda/cuda_device_allocator.cc:403

E0820 14:24:17.406846 3200216 cuda_executor.cc:1176] [0] Failed to allocate device memory of 5.05MiB (5292800 bytes): RESOURCE_EXHAUSTED: : CUDA_ERROR_OUT_OF_MEMORY: out of memory
=== Source Location Trace: ===
external/xla/xla/stream_executor/cuda/cuda_status.cc:45
external/xla/xla/stream_executor/cuda/cuda_device_allocator.cc:226
external/xla/xla/stream_executor/cuda/cuda_device_allocator.cc:403

E0820 14:24:17.407276 3200216 cuda_executor.cc:1176] [0] Failed to allocate device memory of 4.54MiB (4763648 bytes): RESOURCE_EXHAUSTED: : CUDA_ERROR_OUT_OF_MEMORY: out of memory
=== Source Location Trace: ===
external/xla/xla/stream_executor/cuda/cuda_status.cc:45
external/xla/xla/stream_executor/cuda/cuda_device_allocator.cc:226
external/xla/xla/stream_executor/cuda/cuda_device_allocator.cc:403

E0820 14:24:17.407701 3200216 cuda_executor.cc:1176] [0] Failed to allocate device memory of 4.09MiB (4287488 bytes): RESOURCE_EXHAUSTED: : CUDA_ERROR_OUT_OF_MEMORY: out of memory
=== Source Location Trace: ===
external/xla/xla/stream_executor/cuda/cuda_status.cc:45
external/xla/xla/stream_executor/cuda/cuda_device_allocator.cc:226
external/xla/xla/stream_executor/cuda/cuda_device_allocator.cc:403

E0820 14:24:17.408172 3200216 cuda_executor.cc:1176] [0] Failed to allocate device memory of 3.68MiB (3858944 bytes): RESOURCE_EXHAUSTED: : CUDA_ERROR_OUT_OF_MEMORY: out of memory
=== Source Location Trace: ===
external/xla/xla/stream_executor/cuda/cuda_status.cc:45
external/xla/xla/stream_executor/cuda/cuda_device_allocator.cc:226
external/xla/xla/stream_executor/cuda/cuda_device_allocator.cc:403

E0820 14:24:17.408673 3200216 cuda_executor.cc:1176] [0] Failed to allocate device memory of 3.31MiB (3473152 bytes): RESOURCE_EXHAUSTED: : CUDA_ERROR_OUT_OF_MEMORY: out of memory
=== Source Location Trace: ===
external/xla/xla/stream_executor/cuda/cuda_status.cc:45
external/xla/xla/stream_executor/cuda/cuda_device_allocator.cc:226
external/xla/xla/stream_executor/cuda/cuda_device_allocator.cc:403

E0820 14:24:17.409145 3200216 cuda_executor.cc:1176] [0] Failed to allocate device memory of 2.98MiB (3126016 bytes): RESOURCE_EXHAUSTED: : CUDA_ERROR_OUT_OF_MEMORY: out of memory
=== Source Location Trace: ===
external/xla/xla/stream_executor/cuda/cuda_status.cc:45
external/xla/xla/stream_executor/cuda/cuda_device_allocator.cc:226
external/xla/xla/stream_executor/cuda/cuda_device_allocator.cc:403

E0820 14:24:17.409644 3200216 cuda_executor.cc:1176] [0] Failed to allocate device memory of 2.68MiB (2813440 bytes): RESOURCE_EXHAUSTED: : CUDA_ERROR_OUT_OF_MEMORY: out of memory
=== Source Location Trace: ===
external/xla/xla/stream_executor/cuda/cuda_status.cc:45
external/xla/xla/stream_executor/cuda/cuda_device_allocator.cc:226
external/xla/xla/stream_executor/cuda/cuda_device_allocator.cc:403

E0820 14:24:17.410115 3200216 cuda_executor.cc:1176] [0] Failed to allocate device memory of 2.41MiB (2532096 bytes): RESOURCE_EXHAUSTED: : CUDA_ERROR_OUT_OF_MEMORY: out of memory
=== Source Location Trace: ===
external/xla/xla/stream_executor/cuda/cuda_status.cc:45
external/xla/xla/stream_executor/cuda/cuda_device_allocator.cc:226
external/xla/xla/stream_executor/cuda/cuda_device_allocator.cc:403

E0820 14:24:17.410586 3200216 cuda_executor.cc:1176] [0] Failed to allocate device memory of 2.17MiB (2278912 bytes): RESOURCE_EXHAUSTED: : CUDA_ERROR_OUT_OF_MEMORY: out of memory
=== Source Location Trace: ===
external/xla/xla/stream_executor/cuda/cuda_status.cc:45
external/xla/xla/stream_executor/cuda/cuda_device_allocator.cc:226
external/xla/xla/stream_executor/cuda/cuda_device_allocator.cc:403

E0820 14:24:17.411198 3200216 cuda_executor.cc:1176] [0] Failed to allocate device memory of 1.96MiB (2051072 bytes): RESOURCE_EXHAUSTED: : CUDA_ERROR_OUT_OF_MEMORY: out of memory
=== Source Location Trace: ===
external/xla/xla/stream_executor/cuda/cuda_status.cc:45
external/xla/xla/stream_executor/cuda/cuda_device_allocator.cc:226
external/xla/xla/stream_executor/cuda/cuda_device_allocator.cc:403

E0820 14:24:17.411933 3200216 cuda_executor.cc:1176] [0] Failed to allocate device memory of 1.76MiB (1846016 bytes): RESOURCE_EXHAUSTED: : CUDA_ERROR_OUT_OF_MEMORY: out of memory
=== Source Location Trace: ===
external/xla/xla/stream_executor/cuda/cuda_status.cc:45
external/xla/xla/stream_executor/cuda/cuda_device_allocator.cc:226
external/xla/xla/stream_executor/cuda/cuda_device_allocator.cc:403

E0820 14:24:17.412564 3200216 cuda_executor.cc:1176] [0] Failed to allocate device memory of 1.58MiB (1661440 bytes): RESOURCE_EXHAUSTED: : CUDA_ERROR_OUT_OF_MEMORY: out of memory
=== Source Location Trace: ===
external/xla/xla/stream_executor/cuda/cuda_status.cc:45
external/xla/xla/stream_executor/cuda/cuda_device_allocator.cc:226
external/xla/xla/stream_executor/cuda/cuda_device_allocator.cc:403

E0820 14:24:17.413140 3200216 cuda_executor.cc:1176] [0] Failed to allocate device memory of 1.43MiB (1495296 bytes): RESOURCE_EXHAUSTED: : CUDA_ERROR_OUT_OF_MEMORY: out of memory
=== Source Location Trace: ===
external/xla/xla/stream_executor/cuda/cuda_status.cc:45
external/xla/xla/stream_executor/cuda/cuda_device_allocator.cc:226
external/xla/xla/stream_executor/cuda/cuda_device_allocator.cc:403

E0820 14:24:17.413790 3200216 cuda_executor.cc:1176] [0] Failed to allocate device memory of 1.28MiB (1345792 bytes): RESOURCE_EXHAUSTED: : CUDA_ERROR_OUT_OF_MEMORY: out of memory
=== Source Location Trace: ===
external/xla/xla/stream_executor/cuda/cuda_status.cc:45
external/xla/xla/stream_executor/cuda/cuda_device_allocator.cc:226
external/xla/xla/stream_executor/cuda/cuda_device_allocator.cc:403

E0820 14:24:17.414467 3200216 cuda_executor.cc:1176] [0] Failed to allocate device memory of 1.16MiB (1211392 bytes): RESOURCE_EXHAUSTED: : CUDA_ERROR_OUT_OF_MEMORY: out of memory
=== Source Location Trace: ===
external/xla/xla/stream_executor/cuda/cuda_status.cc:45
external/xla/xla/stream_executor/cuda/cuda_device_allocator.cc:226
external/xla/xla/stream_executor/cuda/cuda_device_allocator.cc:403

E0820 14:24:17.415086 3200216 cuda_executor.cc:1176] [0] Failed to allocate device memory of 1.04MiB (1090304 bytes): RESOURCE_EXHAUSTED: : CUDA_ERROR_OUT_OF_MEMORY: out of memory
=== Source Location Trace: ===
external/xla/xla/stream_executor/cuda/cuda_status.cc:45
external/xla/xla/stream_executor/cuda/cuda_device_allocator.cc:226
external/xla/xla/stream_executor/cuda/cuda_device_allocator.cc:403

E0820 14:24:17.415773 3200216 cuda_executor.cc:1176] [0] Failed to allocate device memory of 958.5KiB (981504 bytes): RESOURCE_EXHAUSTED: : CUDA_ERROR_OUT_OF_MEMORY: out of memory
=== Source Location Trace: ===
external/xla/xla/stream_executor/cuda/cuda_status.cc:45
external/xla/xla/stream_executor/cuda/cuda_device_allocator.cc:226
external/xla/xla/stream_executor/cuda/cuda_device_allocator.cc:403

E0820 14:24:17.416443 3200216 cuda_executor.cc:1176] [0] Failed to allocate device memory of 862.8KiB (883456 bytes): RESOURCE_EXHAUSTED: : CUDA_ERROR_OUT_OF_MEMORY: out of memory
=== Source Location Trace: ===
external/xla/xla/stream_executor/cuda/cuda_status.cc:45
external/xla/xla/stream_executor/cuda/cuda_device_allocator.cc:226
external/xla/xla/stream_executor/cuda/cuda_device_allocator.cc:403

E0820 14:24:17.417064 3200216 cuda_executor.cc:1176] [0] Failed to allocate device memory of 776.5KiB (795136 bytes): RESOURCE_EXHAUSTED: : CUDA_ERROR_OUT_OF_MEMORY: out of memory
=== Source Location Trace: ===
external/xla/xla/stream_executor/cuda/cuda_status.cc:45
external/xla/xla/stream_executor/cuda/cuda_device_allocator.cc:226
external/xla/xla/stream_executor/cuda/cuda_device_allocator.cc:403

E0820 14:24:17.417738 3200216 cuda_executor.cc:1176] [0] Failed to allocate device memory of 699.0KiB (715776 bytes): RESOURCE_EXHAUSTED: : CUDA_ERROR_OUT_OF_MEMORY: out of memory
=== Source Location Trace: ===
external/xla/xla/stream_executor/cuda/cuda_status.cc:45
external/xla/xla/stream_executor/cuda/cuda_device_allocator.cc:226
external/xla/xla/stream_executor/cuda/cuda_device_allocator.cc:403

E0820 14:24:17.418421 3200216 cuda_executor.cc:1176] [0] Failed to allocate device memory of 629.2KiB (644352 bytes): RESOURCE_EXHAUSTED: : CUDA_ERROR_OUT_OF_MEMORY: out of memory
=== Source Location Trace: ===
external/xla/xla/stream_executor/cuda/cuda_status.cc:45
external/xla/xla/stream_executor/cuda/cuda_device_allocator.cc:226
external/xla/xla/stream_executor/cuda/cuda_device_allocator.cc:403

E0820 14:24:17.419042 3200216 cuda_executor.cc:1176] [0] Failed to allocate device memory of 566.5KiB (580096 bytes): RESOURCE_EXHAUSTED: : CUDA_ERROR_OUT_OF_MEMORY: out of memory
=== Source Location Trace: ===
external/xla/xla/stream_executor/cuda/cuda_status.cc:45
external/xla/xla/stream_executor/cuda/cuda_device_allocator.cc:226
external/xla/xla/stream_executor/cuda/cuda_device_allocator.cc:403

E0820 14:24:17.419729 3200216 cuda_executor.cc:1176] [0] Failed to allocate device memory of 510.0KiB (522240 bytes): RESOURCE_EXHAUSTED: : CUDA_ERROR_OUT_OF_MEMORY: out of memory
=== Source Location Trace: ===
external/xla/xla/stream_executor/cuda/cuda_status.cc:45
external/xla/xla/stream_executor/cuda/cuda_device_allocator.cc:226
external/xla/xla/stream_executor/cuda/cuda_device_allocator.cc:403

E0820 14:24:17.420411 3200216 cuda_executor.cc:1176] [0] Failed to allocate device memory of 459.0KiB (470016 bytes): RESOURCE_EXHAUSTED: : CUDA_ERROR_OUT_OF_MEMORY: out of memory
=== Source Location Trace: ===
external/xla/xla/stream_executor/cuda/cuda_status.cc:45
external/xla/xla/stream_executor/cuda/cuda_device_allocator.cc:226
external/xla/xla/stream_executor/cuda/cuda_device_allocator.cc:403

E0820 14:24:17.421063 3200216 cuda_executor.cc:1176] [0] Failed to allocate device memory of 413.2KiB (423168 bytes): RESOURCE_EXHAUSTED: : CUDA_ERROR_OUT_OF_MEMORY: out of memory
=== Source Location Trace: ===
external/xla/xla/stream_executor/cuda/cuda_status.cc:45
external/xla/xla/stream_executor/cuda/cuda_device_allocator.cc:226
external/xla/xla/stream_executor/cuda/cuda_device_allocator.cc:403

E0820 14:24:17.421782 3200216 cuda_executor.cc:1176] [0] Failed to allocate device memory of 372.0KiB (380928 bytes): RESOURCE_EXHAUSTED: : CUDA_ERROR_OUT_OF_MEMORY: out of memory
=== Source Location Trace: ===
external/xla/xla/stream_executor/cuda/cuda_status.cc:45
external/xla/xla/stream_executor/cuda/cuda_device_allocator.cc:226
external/xla/xla/stream_executor/cuda/cuda_device_allocator.cc:403

E0820 14:24:17.444810 3200216 cuda_executor.cc:1176] [0] Failed to allocate device memory of 335.0KiB (343040 bytes): RESOURCE_EXHAUSTED: : CUDA_ERROR_OUT_OF_MEMORY: out of memory
=== Source Location Trace: ===
external/xla/xla/stream_executor/cuda/cuda_status.cc:45
external/xla/xla/stream_executor/cuda/cuda_device_allocator.cc:226
external/xla/xla/stream_executor/cuda/cuda_device_allocator.cc:403

E0820 14:24:17.445558 3200216 cuda_executor.cc:1176] [0] Failed to allocate device memory of 301.5KiB (308736 bytes): RESOURCE_EXHAUSTED: : CUDA_ERROR_OUT_OF_MEMORY: out of memory
=== Source Location Trace: ===
external/xla/xla/stream_executor/cuda/cuda_status.cc:45
external/xla/xla/stream_executor/cuda/cuda_device_allocator.cc:226
external/xla/xla/stream_executor/cuda/cuda_device_allocator.cc:403

E0820 14:24:17.446108 3200216 cuda_executor.cc:1176] [0] Failed to allocate device memory of 271.5KiB (278016 bytes): RESOURCE_EXHAUSTED: : CUDA_ERROR_OUT_OF_MEMORY: out of memory
=== Source Location Trace: ===
external/xla/xla/stream_executor/cuda/cuda_status.cc:45
external/xla/xla/stream_executor/cuda/cuda_device_allocator.cc:226
external/xla/xla/stream_executor/cuda/cuda_device_allocator.cc:403

E0820 14:24:17.446721 3200216 cuda_executor.cc:1176] [0] Failed to allocate device memory of 244.5KiB (250368 bytes): RESOURCE_EXHAUSTED: : CUDA_ERROR_OUT_OF_MEMORY: out of memory
=== Source Location Trace: ===
external/xla/xla/stream_executor/cuda/cuda_status.cc:45
external/xla/xla/stream_executor/cuda/cuda_device_allocator.cc:226
external/xla/xla/stream_executor/cuda/cuda_device_allocator.cc:403

E0820 14:24:17.447279 3200216 cuda_executor.cc:1176] [0] Failed to allocate device memory of 220.2KiB (225536 bytes): RESOURCE_EXHAUSTED: : CUDA_ERROR_OUT_OF_MEMORY: out of memory
=== Source Location Trace: ===
external/xla/xla/stream_executor/cuda/cuda_status.cc:45
external/xla/xla/stream_executor/cuda/cuda_device_allocator.cc:226
external/xla/xla/stream_executor/cuda/cuda_device_allocator.cc:403

E0820 14:24:17.447820 3200216 cuda_executor.cc:1176] [0] Failed to allocate device memory of 198.2KiB (203008 bytes): RESOURCE_EXHAUSTED: : CUDA_ERROR_OUT_OF_MEMORY: out of memory
=== Source Location Trace: ===
external/xla/xla/stream_executor/cuda/cuda_status.cc:45
external/xla/xla/stream_executor/cuda/cuda_device_allocator.cc:226
external/xla/xla/stream_executor/cuda/cuda_device_allocator.cc:403

E0820 14:24:17.448406 3200216 cuda_executor.cc:1176] [0] Failed to allocate device memory of 178.5KiB (182784 bytes): RESOURCE_EXHAUSTED: : CUDA_ERROR_OUT_OF_MEMORY: out of memory
=== Source Location Trace: ===
external/xla/xla/stream_executor/cuda/cuda_status.cc:45
external/xla/xla/stream_executor/cuda/cuda_device_allocator.cc:226
external/xla/xla/stream_executor/cuda/cuda_device_allocator.cc:403

E0820 14:24:17.448965 3200216 cuda_executor.cc:1176] [0] Failed to allocate device memory of 160.8KiB (164608 bytes): RESOURCE_EXHAUSTED: : CUDA_ERROR_OUT_OF_MEMORY: out of memory
=== Source Location Trace: ===
external/xla/xla/stream_executor/cuda/cuda_status.cc:45
external/xla/xla/stream_executor/cuda/cuda_device_allocator.cc:226
external/xla/xla/stream_executor/cuda/cuda_device_allocator.cc:403

E0820 14:24:17.449551 3200216 cuda_executor.cc:1176] [0] Failed to allocate device memory of 144.8KiB (148224 bytes): RESOURCE_EXHAUSTED: : CUDA_ERROR_OUT_OF_MEMORY: out of memory
=== Source Location Trace: ===
external/xla/xla/stream_executor/cuda/cuda_status.cc:45
external/xla/xla/stream_executor/cuda/cuda_device_allocator.cc:226
external/xla/xla/stream_executor/cuda/cuda_device_allocator.cc:403

E0820 14:24:17.450131 3200216 cuda_executor.cc:1176] [0] Failed to allocate device memory of 130.5KiB (133632 bytes): RESOURCE_EXHAUSTED: : CUDA_ERROR_OUT_OF_MEMORY: out of memory
=== Source Location Trace: ===
external/xla/xla/stream_executor/cuda/cuda_status.cc:45
external/xla/xla/stream_executor/cuda/cuda_device_allocator.cc:226
external/xla/xla/stream_executor/cuda/cuda_device_allocator.cc:403

E0820 14:24:17.450787 3200216 cuda_executor.cc:1176] [0] Failed to allocate device memory of 117.5KiB (120320 bytes): RESOURCE_EXHAUSTED: : CUDA_ERROR_OUT_OF_MEMORY: out of memory
=== Source Location Trace: ===
external/xla/xla/stream_executor/cuda/cuda_status.cc:45
external/xla/xla/stream_executor/cuda/cuda_device_allocator.cc:226
external/xla/xla/stream_executor/cuda/cuda_device_allocator.cc:403

E0820 14:24:17.451443 3200216 cuda_executor.cc:1176] [0] Failed to allocate device memory of 105.8KiB (108288 bytes): RESOURCE_EXHAUSTED: : CUDA_ERROR_OUT_OF_MEMORY: out of memory
=== Source Location Trace: ===
external/xla/xla/stream_executor/cuda/cuda_status.cc:45
external/xla/xla/stream_executor/cuda/cuda_device_allocator.cc:226
external/xla/xla/stream_executor/cuda/cuda_device_allocator.cc:403

E0820 14:24:17.452014 3200216 cuda_executor.cc:1176] [0] Failed to allocate device memory of 95.2KiB (97536 bytes): RESOURCE_EXHAUSTED: : CUDA_ERROR_OUT_OF_MEMORY: out of memory
=== Source Location Trace: ===
external/xla/xla/stream_executor/cuda/cuda_status.cc:45
external/xla/xla/stream_executor/cuda/cuda_device_allocator.cc:226
external/xla/xla/stream_executor/cuda/cuda_device_allocator.cc:403

E0820 14:24:17.452617 3200216 cuda_executor.cc:1176] [0] Failed to allocate device memory of 85.8KiB (87808 bytes): RESOURCE_EXHAUSTED: : CUDA_ERROR_OUT_OF_MEMORY: out of memory
=== Source Location Trace: ===
external/xla/xla/stream_executor/cuda/cuda_status.cc:45
external/xla/xla/stream_executor/cuda/cuda_device_allocator.cc:226
external/xla/xla/stream_executor/cuda/cuda_device_allocator.cc:403

E0820 14:24:17.453215 3200216 cuda_executor.cc:1176] [0] Failed to allocate device memory of 77.2KiB (79104 bytes): RESOURCE_EXHAUSTED: : CUDA_ERROR_OUT_OF_MEMORY: out of memory
=== Source Location Trace: ===
external/xla/xla/stream_executor/cuda/cuda_status.cc:45
external/xla/xla/stream_executor/cuda/cuda_device_allocator.cc:226
external/xla/xla/stream_executor/cuda/cuda_device_allocator.cc:403

E0820 14:24:17.453833 3200216 cuda_executor.cc:1176] [0] Failed to allocate device memory of 69.8KiB (71424 bytes): RESOURCE_EXHAUSTED: : CUDA_ERROR_OUT_OF_MEMORY: out of memory
=== Source Location Trace: ===
external/xla/xla/stream_executor/cuda/cuda_status.cc:45
external/xla/xla/stream_executor/cuda/cuda_device_allocator.cc:226
external/xla/xla/stream_executor/cuda/cuda_device_allocator.cc:403

E0820 14:24:17.454486 3200216 cuda_executor.cc:1176] [0] Failed to allocate device memory of 63.0KiB (64512 bytes): RESOURCE_EXHAUSTED: : CUDA_ERROR_OUT_OF_MEMORY: out of memory
=== Source Location Trace: ===
external/xla/xla/stream_executor/cuda/cuda_status.cc:45
external/xla/xla/stream_executor/cuda/cuda_device_allocator.cc:226
external/xla/xla/stream_executor/cuda/cuda_device_allocator.cc:403

E0820 14:24:17.455054 3200216 cuda_executor.cc:1176] [0] Failed to allocate device memory of 56.8KiB (58112 bytes): RESOURCE_EXHAUSTED: : CUDA_ERROR_OUT_OF_MEMORY: out of memory
=== Source Location Trace: ===
external/xla/xla/stream_executor/cuda/cuda_status.cc:45
external/xla/xla/stream_executor/cuda/cuda_device_allocator.cc:226
external/xla/xla/stream_executor/cuda/cuda_device_allocator.cc:403

E0820 14:24:17.455666 3200216 cuda_executor.cc:1176] [0] Failed to allocate device memory of 51.2KiB (52480 bytes): RESOURCE_EXHAUSTED: : CUDA_ERROR_OUT_OF_MEMORY: out of memory
=== Source Location Trace: ===
external/xla/xla/stream_executor/cuda/cuda_status.cc:45
external/xla/xla/stream_executor/cuda/cuda_device_allocator.cc:226
external/xla/xla/stream_executor/cuda/cuda_device_allocator.cc:403

E0820 14:24:17.456240 3200216 cuda_executor.cc:1176] [0] Failed to allocate device memory of 46.2KiB (47360 bytes): RESOURCE_EXHAUSTED: : CUDA_ERROR_OUT_OF_MEMORY: out of memory
=== Source Location Trace: ===
external/xla/xla/stream_executor/cuda/cuda_status.cc:45
external/xla/xla/stream_executor/cuda/cuda_device_allocator.cc:226
external/xla/xla/stream_executor/cuda/cuda_device_allocator.cc:403

E0820 14:24:17.456807 3200216 cuda_executor.cc:1176] [0] Failed to allocate device memory of 41.8KiB (42752 bytes): RESOURCE_EXHAUSTED: : CUDA_ERROR_OUT_OF_MEMORY: out of memory
=== Source Location Trace: ===
external/xla/xla/stream_executor/cuda/cuda_status.cc:45
external/xla/xla/stream_executor/cuda/cuda_device_allocator.cc:226
external/xla/xla/stream_executor/cuda/cuda_device_allocator.cc:403

E0820 14:24:17.457423 3200216 cuda_executor.cc:1176] [0] Failed to allocate device memory of 37.8KiB (38656 bytes): RESOURCE_EXHAUSTED: : CUDA_ERROR_OUT_OF_MEMORY: out of memory
=== Source Location Trace: ===
external/xla/xla/stream_executor/cuda/cuda_status.cc:45
external/xla/xla/stream_executor/cuda/cuda_device_allocator.cc:226
external/xla/xla/stream_executor/cuda/cuda_device_allocator.cc:403

E0820 14:24:17.457974 3200216 cuda_executor.cc:1176] [0] Failed to allocate device memory of 34.0KiB (34816 bytes): RESOURCE_EXHAUSTED: : CUDA_ERROR_OUT_OF_MEMORY: out of memory
=== Source Location Trace: ===
external/xla/xla/stream_executor/cuda/cuda_status.cc:45
external/xla/xla/stream_executor/cuda/cuda_device_allocator.cc:226
external/xla/xla/stream_executor/cuda/cuda_device_allocator.cc:403

E0820 14:24:17.458537 3200216 cuda_executor.cc:1176] [0] Failed to allocate device memory of 30.8KiB (31488 bytes): RESOURCE_EXHAUSTED: : CUDA_ERROR_OUT_OF_MEMORY: out of memory
=== Source Location Trace: ===
external/xla/xla/stream_executor/cuda/cuda_status.cc:45
external/xla/xla/stream_executor/cuda/cuda_device_allocator.cc:226
external/xla/xla/stream_executor/cuda/cuda_device_allocator.cc:403

E0820 14:24:17.459088 3200216 cuda_executor.cc:1176] [0] Failed to allocate device memory of 27.8KiB (28416 bytes): RESOURCE_EXHAUSTED: : CUDA_ERROR_OUT_OF_MEMORY: out of memory
=== Source Location Trace: ===
external/xla/xla/stream_executor/cuda/cuda_status.cc:45
external/xla/xla/stream_executor/cuda/cuda_device_allocator.cc:226
external/xla/xla/stream_executor/cuda/cuda_device_allocator.cc:403

E0820 14:24:17.459733 3200216 cuda_executor.cc:1176] [0] Failed to allocate device memory of 25.0KiB (25600 bytes): RESOURCE_EXHAUSTED: : CUDA_ERROR_OUT_OF_MEMORY: out of memory
=== Source Location Trace: ===
external/xla/xla/stream_executor/cuda/cuda_status.cc:45
external/xla/xla/stream_executor/cuda/cuda_device_allocator.cc:226
external/xla/xla/stream_executor/cuda/cuda_device_allocator.cc:403

E0820 14:24:17.460351 3200216 cuda_executor.cc:1176] [0] Failed to allocate device memory of 22.5KiB (23040 bytes): RESOURCE_EXHAUSTED: : CUDA_ERROR_OUT_OF_MEMORY: out of memory
=== Source Location Trace: ===
external/xla/xla/stream_executor/cuda/cuda_status.cc:45
external/xla/xla/stream_executor/cuda/cuda_device_allocator.cc:226
external/xla/xla/stream_executor/cuda/cuda_device_allocator.cc:403

E0820 14:24:17.460918 3200216 cuda_executor.cc:1176] [0] Failed to allocate device memory of 20.2KiB (20736 bytes): RESOURCE_EXHAUSTED: : CUDA_ERROR_OUT_OF_MEMORY: out of memory
=== Source Location Trace: ===
external/xla/xla/stream_executor/cuda/cuda_status.cc:45
external/xla/xla/stream_executor/cuda/cuda_device_allocator.cc:226
external/xla/xla/stream_executor/cuda/cuda_device_allocator.cc:403

E0820 14:24:17.461565 3200216 cuda_executor.cc:1176] [0] Failed to allocate device memory of 18.2KiB (18688 bytes): RESOURCE_EXHAUSTED: : CUDA_ERROR_OUT_OF_MEMORY: out of memory
=== Source Location Trace: ===
external/xla/xla/stream_executor/cuda/cuda_status.cc:45
external/xla/xla/stream_executor/cuda/cuda_device_allocator.cc:226
external/xla/xla/stream_executor/cuda/cuda_device_allocator.cc:403

E0820 14:24:17.462119 3200216 cuda_executor.cc:1176] [0] Failed to allocate device memory of 16.5KiB (16896 bytes): RESOURCE_EXHAUSTED: : CUDA_ERROR_OUT_OF_MEMORY: out of memory
=== Source Location Trace: ===
external/xla/xla/stream_executor/cuda/cuda_status.cc:45
external/xla/xla/stream_executor/cuda/cuda_device_allocator.cc:226
external/xla/xla/stream_executor/cuda/cuda_device_allocator.cc:403

E0820 14:24:17.462733 3200216 cuda_executor.cc:1176] [0] Failed to allocate device memory of 15.0KiB (15360 bytes): RESOURCE_EXHAUSTED: : CUDA_ERROR_OUT_OF_MEMORY: out of memory
=== Source Location Trace: ===
external/xla/xla/stream_executor/cuda/cuda_status.cc:45
external/xla/xla/stream_executor/cuda/cuda_device_allocator.cc:226
external/xla/xla/stream_executor/cuda/cuda_device_allocator.cc:403

E0820 14:24:17.463292 3200216 cuda_executor.cc:1176] [0] Failed to allocate device memory of 13.5KiB (13824 bytes): RESOURCE_EXHAUSTED: : CUDA_ERROR_OUT_OF_MEMORY: out of memory
=== Source Location Trace: ===
external/xla/xla/stream_executor/cuda/cuda_status.cc:45
external/xla/xla/stream_executor/cuda/cuda_device_allocator.cc:226
external/xla/xla/stream_executor/cuda/cuda_device_allocator.cc:403

E0820 14:24:17.463832 3200216 cuda_executor.cc:1176] [0] Failed to allocate device memory of 12.2KiB (12544 bytes): RESOURCE_EXHAUSTED: : CUDA_ERROR_OUT_OF_MEMORY: out of memory
=== Source Location Trace: ===
external/xla/xla/stream_executor/cuda/cuda_status.cc:45
external/xla/xla/stream_executor/cuda/cuda_device_allocator.cc:226
external/xla/xla/stream_executor/cuda/cuda_device_allocator.cc:403

E0820 14:24:17.464435 3200216 cuda_executor.cc:1176] [0] Failed to allocate device memory of 11.2KiB (11520 bytes): RESOURCE_EXHAUSTED: : CUDA_ERROR_OUT_OF_MEMORY: out of memory
=== Source Location Trace: ===
external/xla/xla/stream_executor/cuda/cuda_status.cc:45
external/xla/xla/stream_executor/cuda/cuda_device_allocator.cc:226
external/xla/xla/stream_executor/cuda/cuda_device_allocator.cc:403

E0820 14:24:17.465011 3200216 cuda_executor.cc:1176] [0] Failed to allocate device memory of 10.2KiB (10496 bytes): RESOURCE_EXHAUSTED: : CUDA_ERROR_OUT_OF_MEMORY: out of memory
=== Source Location Trace: ===
external/xla/xla/stream_executor/cuda/cuda_status.cc:45
external/xla/xla/stream_executor/cuda/cuda_device_allocator.cc:226
external/xla/xla/stream_executor/cuda/cuda_device_allocator.cc:403

E0820 14:24:17.465606 3200216 cuda_executor.cc:1176] [0] Failed to allocate device memory of 9.2KiB (9472 bytes): RESOURCE_EXHAUSTED: : CUDA_ERROR_OUT_OF_MEMORY: out of memory
=== Source Location Trace: ===
external/xla/xla/stream_executor/cuda/cuda_status.cc:45
external/xla/xla/stream_executor/cuda/cuda_device_allocator.cc:226
external/xla/xla/stream_executor/cuda/cuda_device_allocator.cc:403

E0820 14:24:17.466176 3200216 cuda_executor.cc:1176] [0] Failed to allocate device memory of 8.5KiB (8704 bytes): RESOURCE_EXHAUSTED: : CUDA_ERROR_OUT_OF_MEMORY: out of memory
=== Source Location Trace: ===
external/xla/xla/stream_executor/cuda/cuda_status.cc:45
external/xla/xla/stream_executor/cuda/cuda_device_allocator.cc:226
external/xla/xla/stream_executor/cuda/cuda_device_allocator.cc:403

E0820 14:24:17.466815 3200216 cuda_executor.cc:1176] [0] Failed to allocate device memory of 7.8KiB (7936 bytes): RESOURCE_EXHAUSTED: : CUDA_ERROR_OUT_OF_MEMORY: out of memory
=== Source Location Trace: ===
external/xla/xla/stream_executor/cuda/cuda_status.cc:45
external/xla/xla/stream_executor/cuda/cuda_device_allocator.cc:226
external/xla/xla/stream_executor/cuda/cuda_device_allocator.cc:403

E0820 14:24:17.467426 3200216 cuda_executor.cc:1176] [0] Failed to allocate device memory of 7.0KiB (7168 bytes): RESOURCE_EXHAUSTED: : CUDA_ERROR_OUT_OF_MEMORY: out of memory
=== Source Location Trace: ===
external/xla/xla/stream_executor/cuda/cuda_status.cc:45
external/xla/xla/stream_executor/cuda/cuda_device_allocator.cc:226
external/xla/xla/stream_executor/cuda/cuda_device_allocator.cc:403

E0820 14:24:17.467998 3200216 cuda_executor.cc:1176] [0] Failed to allocate device memory of 6.5KiB (6656 bytes): RESOURCE_EXHAUSTED: : CUDA_ERROR_OUT_OF_MEMORY: out of memory
=== Source Location Trace: ===
external/xla/xla/stream_executor/cuda/cuda_status.cc:45
external/xla/xla/stream_executor/cuda/cuda_device_allocator.cc:226
external/xla/xla/stream_executor/cuda/cuda_device_allocator.cc:403

E0820 14:24:17.468589 3200216 cuda_executor.cc:1176] [0] Failed to allocate device memory of 6.0KiB (6144 bytes): RESOURCE_EXHAUSTED: : CUDA_ERROR_OUT_OF_MEMORY: out of memory
=== Source Location Trace: ===
external/xla/xla/stream_executor/cuda/cuda_status.cc:45
external/xla/xla/stream_executor/cuda/cuda_device_allocator.cc:226
external/xla/xla/stream_executor/cuda/cuda_device_allocator.cc:403

E0820 14:24:17.469159 3200216 cuda_executor.cc:1176] [0] Failed to allocate device memory of 5.5KiB (5632 bytes): RESOURCE_EXHAUSTED: : CUDA_ERROR_OUT_OF_MEMORY: out of memory
=== Source Location Trace: ===
external/xla/xla/stream_executor/cuda/cuda_status.cc:45
external/xla/xla/stream_executor/cuda/cuda_device_allocator.cc:226
external/xla/xla/stream_executor/cuda/cuda_device_allocator.cc:403

E0820 14:24:17.469846 3200216 cuda_executor.cc:1176] [0] Failed to allocate device memory of 5.0KiB (5120 bytes): RESOURCE_EXHAUSTED: : CUDA_ERROR_OUT_OF_MEMORY: out of memory
=== Source Location Trace: ===
external/xla/xla/stream_executor/cuda/cuda_status.cc:45
external/xla/xla/stream_executor/cuda/cuda_device_allocator.cc:226
external/xla/xla/stream_executor/cuda/cuda_device_allocator.cc:403

E0820 14:24:17.470493 3200216 cuda_executor.cc:1176] [0] Failed to allocate device memory of 4.5KiB (4608 bytes): RESOURCE_EXHAUSTED: : CUDA_ERROR_OUT_OF_MEMORY: out of memory
=== Source Location Trace: ===
external/xla/xla/stream_executor/cuda/cuda_status.cc:45
external/xla/xla/stream_executor/cuda/cuda_device_allocator.cc:226
external/xla/xla/stream_executor/cuda/cuda_device_allocator.cc:403

E0820 14:24:17.471063 3200216 cuda_executor.cc:1176] [0] Failed to allocate device memory of 4.2KiB (4352 bytes): RESOURCE_EXHAUSTED: : CUDA_ERROR_OUT_OF_MEMORY: out of memory
=== Source Location Trace: ===
external/xla/xla/stream_executor/cuda/cuda_status.cc:45
external/xla/xla/stream_executor/cuda/cuda_device_allocator.cc:226
external/xla/xla/stream_executor/cuda/cuda_device_allocator.cc:403

E0820 14:24:17.471673 3200216 cuda_executor.cc:1176] [0] Failed to allocate device memory of 4.0KiB (4096 bytes): RESOURCE_EXHAUSTED: : CUDA_ERROR_OUT_OF_MEMORY: out of memory
=== Source Location Trace: ===
external/xla/xla/stream_executor/cuda/cuda_status.cc:45
external/xla/xla/stream_executor/cuda/cuda_device_allocator.cc:226
external/xla/xla/stream_executor/cuda/cuda_device_allocator.cc:403

E0820 14:24:17.472230 3200216 cuda_executor.cc:1176] [0] Failed to allocate device memory of 3.8KiB (3840 bytes): RESOURCE_EXHAUSTED: : CUDA_ERROR_OUT_OF_MEMORY: out of memory
=== Source Location Trace: ===
external/xla/xla/stream_executor/cuda/cuda_status.cc:45
external/xla/xla/stream_executor/cuda/cuda_device_allocator.cc:226
external/xla/xla/stream_executor/cuda/cuda_device_allocator.cc:403

E0820 14:24:17.472791 3200216 cuda_executor.cc:1176] [0] Failed to allocate device memory of 3.5KiB (3584 bytes): RESOURCE_EXHAUSTED: : CUDA_ERROR_OUT_OF_MEMORY: out of memory
=== Source Location Trace: ===
external/xla/xla/stream_executor/cuda/cuda_status.cc:45
external/xla/xla/stream_executor/cuda/cuda_device_allocator.cc:226
external/xla/xla/stream_executor/cuda/cuda_device_allocator.cc:403

E0820 14:24:17.473400 3200216 cuda_executor.cc:1176] [0] Failed to allocate device memory of 3.2KiB (3328 bytes): RESOURCE_EXHAUSTED: : CUDA_ERROR_OUT_OF_MEMORY: out of memory
=== Source Location Trace: ===
external/xla/xla/stream_executor/cuda/cuda_status.cc:45
external/xla/xla/stream_executor/cuda/cuda_device_allocator.cc:226
external/xla/xla/stream_executor/cuda/cuda_device_allocator.cc:403

E0820 14:24:17.473968 3200216 cuda_executor.cc:1176] [0] Failed to allocate device memory of 3.0KiB (3072 bytes): RESOURCE_EXHAUSTED: : CUDA_ERROR_OUT_OF_MEMORY: out of memory
=== Source Location Trace: ===
external/xla/xla/stream_executor/cuda/cuda_status.cc:45
external/xla/xla/stream_executor/cuda/cuda_device_allocator.cc:226
external/xla/xla/stream_executor/cuda/cuda_device_allocator.cc:403

E0820 14:24:17.474523 3200216 cuda_executor.cc:1176] [0] Failed to allocate device memory of 2.8KiB (2816 bytes): RESOURCE_EXHAUSTED: : CUDA_ERROR_OUT_OF_MEMORY: out of memory
=== Source Location Trace: ===
external/xla/xla/stream_executor/cuda/cuda_status.cc:45
external/xla/xla/stream_executor/cuda/cuda_device_allocator.cc:226
external/xla/xla/stream_executor/cuda/cuda_device_allocator.cc:403

E0820 14:24:17.475071 3200216 cuda_executor.cc:1176] [0] Failed to allocate device memory of 2.5KiB (2560 bytes): RESOURCE_EXHAUSTED: : CUDA_ERROR_OUT_OF_MEMORY: out of memory
=== Source Location Trace: ===
external/xla/xla/stream_executor/cuda/cuda_status.cc:45
external/xla/xla/stream_executor/cuda/cuda_device_allocator.cc:226
external/xla/xla/stream_executor/cuda/cuda_device_allocator.cc:403

E0820 14:24:17.475677 3200216 cuda_executor.cc:1176] [0] Failed to allocate device memory of 2.2KiB (2304 bytes): RESOURCE_EXHAUSTED: : CUDA_ERROR_OUT_OF_MEMORY: out of memory
=== Source Location Trace: ===
external/xla/xla/stream_executor/cuda/cuda_status.cc:45
external/xla/xla/stream_executor/cuda/cuda_device_allocator.cc:226
external/xla/xla/stream_executor/cuda/cuda_device_allocator.cc:403

E0820 14:24:17.476285 3200216 cuda_executor.cc:1176] [0] Failed to allocate device memory of 2.2KiB (2304 bytes): RESOURCE_EXHAUSTED: : CUDA_ERROR_OUT_OF_MEMORY: out of memory
=== Source Location Trace: ===
external/xla/xla/stream_executor/cuda/cuda_status.cc:45
external/xla/xla/stream_executor/cuda/cuda_device_allocator.cc:226
external/xla/xla/stream_executor/cuda/cuda_device_allocator.cc:403

E0820 14:24:17.476878 3200216 cuda_executor.cc:1176] [0] Failed to allocate device memory of 2.2KiB (2304 bytes): RESOURCE_EXHAUSTED: : CUDA_ERROR_OUT_OF_MEMORY: out of memory
=== Source Location Trace: ===
external/xla/xla/stream_executor/cuda/cuda_status.cc:45
external/xla/xla/stream_executor/cuda/cuda_device_allocator.cc:226
external/xla/xla/stream_executor/cuda/cuda_device_allocator.cc:403

E0820 14:24:17.477504 3200216 cuda_executor.cc:1176] [0] Failed to allocate device memory of 2.2KiB (2304 bytes): RESOURCE_EXHAUSTED: : CUDA_ERROR_OUT_OF_MEMORY: out of memory
=== Source Location Trace: ===
external/xla/xla/stream_executor/cuda/cuda_status.cc:45
external/xla/xla/stream_executor/cuda/cuda_device_allocator.cc:226
external/xla/xla/stream_executor/cuda/cuda_device_allocator.cc:403

E0820 14:24:17.478055 3200216 cuda_executor.cc:1176] [0] Failed to allocate device memory of 2.2KiB (2304 bytes): RESOURCE_EXHAUSTED: : CUDA_ERROR_OUT_OF_MEMORY: out of memory
=== Source Location Trace: ===
external/xla/xla/stream_executor/cuda/cuda_status.cc:45
external/xla/xla/stream_executor/cuda/cuda_device_allocator.cc:226
external/xla/xla/stream_executor/cuda/cuda_device_allocator.cc:403

E0820 14:24:17.478673 3200216 cuda_executor.cc:1176] [0] Failed to allocate device memory of 2.2KiB (2304 bytes): RESOURCE_EXHAUSTED: : CUDA_ERROR_OUT_OF_MEMORY: out of memory
=== Source Location Trace: ===
external/xla/xla/stream_executor/cuda/cuda_status.cc:45
external/xla/xla/stream_executor/cuda/cuda_device_allocator.cc:226
external/xla/xla/stream_executor/cuda/cuda_device_allocator.cc:403

E0820 14:24:17.479248 3200216 cuda_executor.cc:1176] [0] Failed to allocate device memory of 2.2KiB (2304 bytes): RESOURCE_EXHAUSTED: : CUDA_ERROR_OUT_OF_MEMORY: out of memory
=== Source Location Trace: ===
external/xla/xla/stream_executor/cuda/cuda_status.cc:45
external/xla/xla/stream_executor/cuda/cuda_device_allocator.cc:226
external/xla/xla/stream_executor/cuda/cuda_device_allocator.cc:403

E0820 14:24:17.479815 3200216 cuda_executor.cc:1176] [0] Failed to allocate device memory of 2.2KiB (2304 bytes): RESOURCE_EXHAUSTED: : CUDA_ERROR_OUT_OF_MEMORY: out of memory
=== Source Location Trace: ===
external/xla/xla/stream_executor/cuda/cuda_status.cc:45
external/xla/xla/stream_executor/cuda/cuda_device_allocator.cc:226
external/xla/xla/stream_executor/cuda/cuda_device_allocator.cc:403

E0820 14:24:17.480433 3200216 cuda_executor.cc:1176] [0] Failed to allocate device memory of 2.2KiB (2304 bytes): RESOURCE_EXHAUSTED: : CUDA_ERROR_OUT_OF_MEMORY: out of memory
=== Source Location Trace: ===
external/xla/xla/stream_executor/cuda/cuda_status.cc:45
external/xla/xla/stream_executor/cuda/cuda_device_allocator.cc:226
external/xla/xla/stream_executor/cuda/cuda_device_allocator.cc:403

E0820 14:24:17.480984 3200216 cuda_executor.cc:1176] [0] Failed to allocate device memory of 2.2KiB (2304 bytes): RESOURCE_EXHAUSTED: : CUDA_ERROR_OUT_OF_MEMORY: out of memory
=== Source Location Trace: ===
external/xla/xla/stream_executor/cuda/cuda_status.cc:45
external/xla/xla/stream_executor/cuda/cuda_device_allocator.cc:226
external/xla/xla/stream_executor/cuda/cuda_device_allocator.cc:403

E0820 14:24:17.481544 3200216 cuda_executor.cc:1176] [0] Failed to allocate device memory of 2.2KiB (2304 bytes): RESOURCE_EXHAUSTED: : CUDA_ERROR_OUT_OF_MEMORY: out of memory
=== Source Location Trace: ===
external/xla/xla/stream_executor/cuda/cuda_status.cc:45
external/xla/xla/stream_executor/cuda/cuda_device_allocator.cc:226
external/xla/xla/stream_executor/cuda/cuda_device_allocator.cc:403

E0820 14:24:17.482099 3200216 cuda_executor.cc:1176] [0] Failed to allocate device memory of 2.2KiB (2304 bytes): RESOURCE_EXHAUSTED: : CUDA_ERROR_OUT_OF_MEMORY: out of memory
=== Source Location Trace: ===
external/xla/xla/stream_executor/cuda/cuda_status.cc:45
external/xla/xla/stream_executor/cuda/cuda_device_allocator.cc:226
external/xla/xla/stream_executor/cuda/cuda_device_allocator.cc:403

E0820 14:24:17.482727 3200216 cuda_executor.cc:1176] [0] Failed to allocate device memory of 2.2KiB (2304 bytes): RESOURCE_EXHAUSTED: : CUDA_ERROR_OUT_OF_MEMORY: out of memory
=== Source Location Trace: ===
external/xla/xla/stream_executor/cuda/cuda_status.cc:45
external/xla/xla/stream_executor/cuda/cuda_device_allocator.cc:226
external/xla/xla/stream_executor/cuda/cuda_device_allocator.cc:403

E0820 14:24:17.483320 3200216 cuda_executor.cc:1176] [0] Failed to allocate device memory of 2.2KiB (2304 bytes): RESOURCE_EXHAUSTED: : CUDA_ERROR_OUT_OF_MEMORY: out of memory
=== Source Location Trace: ===
external/xla/xla/stream_executor/cuda/cuda_status.cc:45
external/xla/xla/stream_executor/cuda/cuda_device_allocator.cc:226
external/xla/xla/stream_executor/cuda/cuda_device_allocator.cc:403

E0820 14:24:17.483879 3200216 cuda_executor.cc:1176] [0] Failed to allocate device memory of 2.2KiB (2304 bytes): RESOURCE_EXHAUSTED: : CUDA_ERROR_OUT_OF_MEMORY: out of memory
=== Source Location Trace: ===
external/xla/xla/stream_executor/cuda/cuda_status.cc:45
external/xla/xla/stream_executor/cuda/cuda_device_allocator.cc:226
external/xla/xla/stream_executor/cuda/cuda_device_allocator.cc:403

E0820 14:24:17.484508 3200216 cuda_executor.cc:1176] [0] Failed to allocate device memory of 2.2KiB (2304 bytes): RESOURCE_EXHAUSTED: : CUDA_ERROR_OUT_OF_MEMORY: out of memory
=== Source Location Trace: ===
external/xla/xla/stream_executor/cuda/cuda_status.cc:45
external/xla/xla/stream_executor/cuda/cuda_device_allocator.cc:226
external/xla/xla/stream_executor/cuda/cuda_device_allocator.cc:403

E0820 14:24:17.485053 3200216 cuda_executor.cc:1176] [0] Failed to allocate device memory of 2.2KiB (2304 bytes): RESOURCE_EXHAUSTED: : CUDA_ERROR_OUT_OF_MEMORY: out of memory
=== Source Location Trace: ===
external/xla/xla/stream_executor/cuda/cuda_status.cc:45
external/xla/xla/stream_executor/cuda/cuda_device_allocator.cc:226
external/xla/xla/stream_executor/cuda/cuda_device_allocator.cc:403

E0820 14:24:17.485646 3200216 cuda_executor.cc:1176] [0] Failed to allocate device memory of 2.2KiB (2304 bytes): RESOURCE_EXHAUSTED: : CUDA_ERROR_OUT_OF_MEMORY: out of memory
=== Source Location Trace: ===
external/xla/xla/stream_executor/cuda/cuda_status.cc:45
external/xla/xla/stream_executor/cuda/cuda_device_allocator.cc:226
external/xla/xla/stream_executor/cuda/cuda_device_allocator.cc:403

E0820 14:24:17.486224 3200216 cuda_executor.cc:1176] [0] Failed to allocate device memory of 2.2KiB (2304 bytes): RESOURCE_EXHAUSTED: : CUDA_ERROR_OUT_OF_MEMORY: out of memory
=== Source Location Trace: ===
external/xla/xla/stream_executor/cuda/cuda_status.cc:45
external/xla/xla/stream_executor/cuda/cuda_device_allocator.cc:226
external/xla/xla/stream_executor/cuda/cuda_device_allocator.cc:403

E0820 14:24:17.486791 3200216 cuda_executor.cc:1176] [0] Failed to allocate device memory of 2.2KiB (2304 bytes): RESOURCE_EXHAUSTED: : CUDA_ERROR_OUT_OF_MEMORY: out of memory
=== Source Location Trace: ===
external/xla/xla/stream_executor/cuda/cuda_status.cc:45
external/xla/xla/stream_executor/cuda/cuda_device_allocator.cc:226
external/xla/xla/stream_executor/cuda/cuda_device_allocator.cc:403

E0820 14:24:17.487401 3200216 cuda_executor.cc:1176] [0] Failed to allocate device memory of 2.2KiB (2304 bytes): RESOURCE_EXHAUSTED: : CUDA_ERROR_OUT_OF_MEMORY: out of memory
=== Source Location Trace: ===
external/xla/xla/stream_executor/cuda/cuda_status.cc:45
external/xla/xla/stream_executor/cuda/cuda_device_allocator.cc:226
external/xla/xla/stream_executor/cuda/cuda_device_allocator.cc:403

E0820 14:24:17.487947 3200216 cuda_executor.cc:1176] [0] Failed to allocate device memory of 2.2KiB (2304 bytes): RESOURCE_EXHAUSTED: : CUDA_ERROR_OUT_OF_MEMORY: out of memory
=== Source Location Trace: ===
external/xla/xla/stream_executor/cuda/cuda_status.cc:45
external/xla/xla/stream_executor/cuda/cuda_device_allocator.cc:226
external/xla/xla/stream_executor/cuda/cuda_device_allocator.cc:403

E0820 14:24:17.488507 3200216 cuda_executor.cc:1176] [0] Failed to allocate device memory of 2.2KiB (2304 bytes): RESOURCE_EXHAUSTED: : CUDA_ERROR_OUT_OF_MEMORY: out of memory
=== Source Location Trace: ===
external/xla/xla/stream_executor/cuda/cuda_status.cc:45
external/xla/xla/stream_executor/cuda/cuda_device_allocator.cc:226
external/xla/xla/stream_executor/cuda/cuda_device_allocator.cc:403

E0820 14:24:17.489054 3200216 cuda_executor.cc:1176] [0] Failed to allocate device memory of 2.2KiB (2304 bytes): RESOURCE_EXHAUSTED: : CUDA_ERROR_OUT_OF_MEMORY: out of memory
=== Source Location Trace: ===
external/xla/xla/stream_executor/cuda/cuda_status.cc:45
external/xla/xla/stream_executor/cuda/cuda_device_allocator.cc:226
external/xla/xla/stream_executor/cuda/cuda_device_allocator.cc:403

E0820 14:24:17.489636 3200216 cuda_executor.cc:1176] [0] Failed to allocate device memory of 2.2KiB (2304 bytes): RESOURCE_EXHAUSTED: : CUDA_ERROR_OUT_OF_MEMORY: out of memory
=== Source Location Trace: ===
external/xla/xla/stream_executor/cuda/cuda_status.cc:45
external/xla/xla/stream_executor/cuda/cuda_device_allocator.cc:226
external/xla/xla/stream_executor/cuda/cuda_device_allocator.cc:403

E0820 14:24:17.490195 3200216 cuda_executor.cc:1176] [0] Failed to allocate device memory of 2.2KiB (2304 bytes): RESOURCE_EXHAUSTED: : CUDA_ERROR_OUT_OF_MEMORY: out of memory
=== Source Location Trace: ===
external/xla/xla/stream_executor/cuda/cuda_status.cc:45
external/xla/xla/stream_executor/cuda/cuda_device_allocator.cc:226
external/xla/xla/stream_executor/cuda/cuda_device_allocator.cc:403

E0820 14:24:17.490860 3200216 cuda_executor.cc:1176] [0] Failed to allocate device memory of 2.2KiB (2304 bytes): RESOURCE_EXHAUSTED: : CUDA_ERROR_OUT_OF_MEMORY: out of memory
=== Source Location Trace: ===
external/xla/xla/stream_executor/cuda/cuda_status.cc:45
external/xla/xla/stream_executor/cuda/cuda_device_allocator.cc:226
external/xla/xla/stream_executor/cuda/cuda_device_allocator.cc:403

E0820 14:24:17.491464 3200216 cuda_executor.cc:1176] [0] Failed to allocate device memory of 2.2KiB (2304 bytes): RESOURCE_EXHAUSTED: : CUDA_ERROR_OUT_OF_MEMORY: out of memory
=== Source Location Trace: ===
external/xla/xla/stream_executor/cuda/cuda_status.cc:45
external/xla/xla/stream_executor/cuda/cuda_device_allocator.cc:226
external/xla/xla/stream_executor/cuda/cuda_device_allocator.cc:403

E0820 14:24:17.492004 3200216 cuda_executor.cc:1176] [0] Failed to allocate device memory of 2.2KiB (2304 bytes): RESOURCE_EXHAUSTED: : CUDA_ERROR_OUT_OF_MEMORY: out of memory
=== Source Location Trace: ===
external/xla/xla/stream_executor/cuda/cuda_status.cc:45
external/xla/xla/stream_executor/cuda/cuda_device_allocator.cc:226
external/xla/xla/stream_executor/cuda/cuda_device_allocator.cc:403

E0820 14:24:17.492562 3200216 cuda_executor.cc:1176] [0] Failed to allocate device memory of 2.2KiB (2304 bytes): RESOURCE_EXHAUSTED: : CUDA_ERROR_OUT_OF_MEMORY: out of memory
=== Source Location Trace: ===
external/xla/xla/stream_executor/cuda/cuda_status.cc:45
external/xla/xla/stream_executor/cuda/cuda_device_allocator.cc:226
external/xla/xla/stream_executor/cuda/cuda_device_allocator.cc:403

E0820 14:24:17.493102 3200216 cuda_executor.cc:1176] [0] Failed to allocate device memory of 2.2KiB (2304 bytes): RESOURCE_EXHAUSTED: : CUDA_ERROR_OUT_OF_MEMORY: out of memory
=== Source Location Trace: ===
external/xla/xla/stream_executor/cuda/cuda_status.cc:45
external/xla/xla/stream_executor/cuda/cuda_device_allocator.cc:226
external/xla/xla/stream_executor/cuda/cuda_device_allocator.cc:403

E0820 14:24:17.493700 3200216 cuda_executor.cc:1176] [0] Failed to allocate device memory of 2.2KiB (2304 bytes): RESOURCE_EXHAUSTED: : CUDA_ERROR_OUT_OF_MEMORY: out of memory
=== Source Location Trace: ===
external/xla/xla/stream_executor/cuda/cuda_status.cc:45
external/xla/xla/stream_executor/cuda/cuda_device_allocator.cc:226
external/xla/xla/stream_executor/cuda/cuda_device_allocator.cc:403

E0820 14:24:17.494247 3200216 cuda_executor.cc:1176] [0] Failed to allocate device memory of 2.2KiB (2304 bytes): RESOURCE_EXHAUSTED: : CUDA_ERROR_OUT_OF_MEMORY: out of memory
=== Source Location Trace: ===
external/xla/xla/stream_executor/cuda/cuda_status.cc:45
external/xla/xla/stream_executor/cuda/cuda_device_allocator.cc:226
external/xla/xla/stream_executor/cuda/cuda_device_allocator.cc:403

E0820 14:24:17.494814 3200216 cuda_executor.cc:1176] [0] Failed to allocate device memory of 2.2KiB (2304 bytes): RESOURCE_EXHAUSTED: : CUDA_ERROR_OUT_OF_MEMORY: out of memory
=== Source Location Trace: ===
external/xla/xla/stream_executor/cuda/cuda_status.cc:45
external/xla/xla/stream_executor/cuda/cuda_device_allocator.cc:226
external/xla/xla/stream_executor/cuda/cuda_device_allocator.cc:403

E0820 14:24:17.495425 3200216 cuda_executor.cc:1176] [0] Failed to allocate device memory of 2.2KiB (2304 bytes): RESOURCE_EXHAUSTED: : CUDA_ERROR_OUT_OF_MEMORY: out of memory
=== Source Location Trace: ===
external/xla/xla/stream_executor/cuda/cuda_status.cc:45
external/xla/xla/stream_executor/cuda/cuda_device_allocator.cc:226
external/xla/xla/stream_executor/cuda/cuda_device_allocator.cc:403

E0820 14:24:17.495965 3200216 cuda_executor.cc:1176] [0] Failed to allocate device memory of 2.2KiB (2304 bytes): RESOURCE_EXHAUSTED: : CUDA_ERROR_OUT_OF_MEMORY: out of memory
=== Source Location Trace: ===
external/xla/xla/stream_executor/cuda/cuda_status.cc:45
external/xla/xla/stream_executor/cuda/cuda_device_allocator.cc:226
external/xla/xla/stream_executor/cuda/cuda_device_allocator.cc:403

E0820 14:24:17.496510 3200216 cuda_executor.cc:1176] [0] Failed to allocate device memory of 2.2KiB (2304 bytes): RESOURCE_EXHAUSTED: : CUDA_ERROR_OUT_OF_MEMORY: out of memory
=== Source Location Trace: ===
external/xla/xla/stream_executor/cuda/cuda_status.cc:45
external/xla/xla/stream_executor/cuda/cuda_device_allocator.cc:226
external/xla/xla/stream_executor/cuda/cuda_device_allocator.cc:403

E0820 14:24:17.497049 3200216 cuda_executor.cc:1176] [0] Failed to allocate device memory of 2.2KiB (2304 bytes): RESOURCE_EXHAUSTED: : CUDA_ERROR_OUT_OF_MEMORY: out of memory
=== Source Location Trace: ===
external/xla/xla/stream_executor/cuda/cuda_status.cc:45
external/xla/xla/stream_executor/cuda/cuda_device_allocator.cc:226
external/xla/xla/stream_executor/cuda/cuda_device_allocator.cc:403

E0820 14:24:17.497626 3200216 cuda_executor.cc:1176] [0] Failed to allocate device memory of 2.2KiB (2304 bytes): RESOURCE_EXHAUSTED: : CUDA_ERROR_OUT_OF_MEMORY: out of memory
=== Source Location Trace: ===
external/xla/xla/stream_executor/cuda/cuda_status.cc:45
external/xla/xla/stream_executor/cuda/cuda_device_allocator.cc:226
external/xla/xla/stream_executor/cuda/cuda_device_allocator.cc:403

E0820 14:24:17.498166 3200216 cuda_executor.cc:1176] [0] Failed to allocate device memory of 2.2KiB (2304 bytes): RESOURCE_EXHAUSTED: : CUDA_ERROR_OUT_OF_MEMORY: out of memory
=== Source Location Trace: ===
external/xla/xla/stream_executor/cuda/cuda_status.cc:45
external/xla/xla/stream_executor/cuda/cuda_device_allocator.cc:226
external/xla/xla/stream_executor/cuda/cuda_device_allocator.cc:403

E0820 14:24:17.498787 3200216 cuda_executor.cc:1176] [0] Failed to allocate device memory of 2.2KiB (2304 bytes): RESOURCE_EXHAUSTED: : CUDA_ERROR_OUT_OF_MEMORY: out of memory
=== Source Location Trace: ===
external/xla/xla/stream_executor/cuda/cuda_status.cc:45
external/xla/xla/stream_executor/cuda/cuda_device_allocator.cc:226
external/xla/xla/stream_executor/cuda/cuda_device_allocator.cc:403

E0820 14:24:17.499360 3200216 cuda_executor.cc:1176] [0] Failed to allocate device memory of 2.2KiB (2304 bytes): RESOURCE_EXHAUSTED: : CUDA_ERROR_OUT_OF_MEMORY: out of memory
=== Source Location Trace: ===
external/xla/xla/stream_executor/cuda/cuda_status.cc:45
external/xla/xla/stream_executor/cuda/cuda_device_allocator.cc:226
external/xla/xla/stream_executor/cuda/cuda_device_allocator.cc:403

E0820 14:24:17.499900 3200216 cuda_executor.cc:1176] [0] Failed to allocate device memory of 2.2KiB (2304 bytes): RESOURCE_EXHAUSTED: : CUDA_ERROR_OUT_OF_MEMORY: out of memory
=== Source Location Trace: ===
external/xla/xla/stream_executor/cuda/cuda_status.cc:45
external/xla/xla/stream_executor/cuda/cuda_device_allocator.cc:226
external/xla/xla/stream_executor/cuda/cuda_device_allocator.cc:403

E0820 14:24:17.500532 3200216 cuda_executor.cc:1176] [0] Failed to allocate device memory of 2.2KiB (2304 bytes): RESOURCE_EXHAUSTED: : CUDA_ERROR_OUT_OF_MEMORY: out of memory
=== Source Location Trace: ===
external/xla/xla/stream_executor/cuda/cuda_status.cc:45
external/xla/xla/stream_executor/cuda/cuda_device_allocator.cc:226
external/xla/xla/stream_executor/cuda/cuda_device_allocator.cc:403

E0820 14:24:17.501099 3200216 cuda_executor.cc:1176] [0] Failed to allocate device memory of 2.2KiB (2304 bytes): RESOURCE_EXHAUSTED: : CUDA_ERROR_OUT_OF_MEMORY: out of memory
=== Source Location Trace: ===
external/xla/xla/stream_executor/cuda/cuda_status.cc:45
external/xla/xla/stream_executor/cuda/cuda_device_allocator.cc:226
external/xla/xla/stream_executor/cuda/cuda_device_allocator.cc:403

E0820 14:24:17.501731 3200216 cuda_executor.cc:1176] [0] Failed to allocate device memory of 2.2KiB (2304 bytes): RESOURCE_EXHAUSTED: : CUDA_ERROR_OUT_OF_MEMORY: out of memory
=== Source Location Trace: ===
external/xla/xla/stream_executor/cuda/cuda_status.cc:45
external/xla/xla/stream_executor/cuda/cuda_device_allocator.cc:226
external/xla/xla/stream_executor/cuda/cuda_device_allocator.cc:403

E0820 14:24:17.502323 3200216 cuda_executor.cc:1176] [0] Failed to allocate device memory of 2.2KiB (2304 bytes): RESOURCE_EXHAUSTED: : CUDA_ERROR_OUT_OF_MEMORY: out of memory
=== Source Location Trace: ===
external/xla/xla/stream_executor/cuda/cuda_status.cc:45
external/xla/xla/stream_executor/cuda/cuda_device_allocator.cc:226
external/xla/xla/stream_executor/cuda/cuda_device_allocator.cc:403

E0820 14:24:17.502868 3200216 cuda_executor.cc:1176] [0] Failed to allocate device memory of 2.2KiB (2304 bytes): RESOURCE_EXHAUSTED: : CUDA_ERROR_OUT_OF_MEMORY: out of memory
=== Source Location Trace: ===
external/xla/xla/stream_executor/cuda/cuda_status.cc:45
external/xla/xla/stream_executor/cuda/cuda_device_allocator.cc:226
external/xla/xla/stream_executor/cuda/cuda_device_allocator.cc:403

E0820 14:24:17.503487 3200216 cuda_executor.cc:1176] [0] Failed to allocate device memory of 2.2KiB (2304 bytes): RESOURCE_EXHAUSTED: : CUDA_ERROR_OUT_OF_MEMORY: out of memory
=== Source Location Trace: ===
external/xla/xla/stream_executor/cuda/cuda_status.cc:45
external/xla/xla/stream_executor/cuda/cuda_device_allocator.cc:226
external/xla/xla/stream_executor/cuda/cuda_device_allocator.cc:403

E0820 14:24:17.504058 3200216 cuda_executor.cc:1176] [0] Failed to allocate device memory of 2.2KiB (2304 bytes): RESOURCE_EXHAUSTED: : CUDA_ERROR_OUT_OF_MEMORY: out of memory
=== Source Location Trace: ===
external/xla/xla/stream_executor/cuda/cuda_status.cc:45
external/xla/xla/stream_executor/cuda/cuda_device_allocator.cc:226
external/xla/xla/stream_executor/cuda/cuda_device_allocator.cc:403

E0820 14:24:17.504683 3200216 cuda_executor.cc:1176] [0] Failed to allocate device memory of 2.2KiB (2304 bytes): RESOURCE_EXHAUSTED: : CUDA_ERROR_OUT_OF_MEMORY: out of memory
=== Source Location Trace: ===
external/xla/xla/stream_executor/cuda/cuda_status.cc:45
external/xla/xla/stream_executor/cuda/cuda_device_allocator.cc:226
external/xla/xla/stream_executor/cuda/cuda_device_allocator.cc:403

E0820 14:24:17.505265 3200216 cuda_executor.cc:1176] [0] Failed to allocate device memory of 2.2KiB (2304 bytes): RESOURCE_EXHAUSTED: : CUDA_ERROR_OUT_OF_MEMORY: out of memory
=== Source Location Trace: ===
external/xla/xla/stream_executor/cuda/cuda_status.cc:45
external/xla/xla/stream_executor/cuda/cuda_device_allocator.cc:226
external/xla/xla/stream_executor/cuda/cuda_device_allocator.cc:403

E0820 14:24:17.505843 3200216 cuda_executor.cc:1176] [0] Failed to allocate device memory of 2.2KiB (2304 bytes): RESOURCE_EXHAUSTED: : CUDA_ERROR_OUT_OF_MEMORY: out of memory
=== Source Location Trace: ===
external/xla/xla/stream_executor/cuda/cuda_status.cc:45
external/xla/xla/stream_executor/cuda/cuda_device_allocator.cc:226
external/xla/xla/stream_executor/cuda/cuda_device_allocator.cc:403

E0820 14:24:17.506474 3200216 cuda_executor.cc:1176] [0] Failed to allocate device memory of 2.2KiB (2304 bytes): RESOURCE_EXHAUSTED: : CUDA_ERROR_OUT_OF_MEMORY: out of memory
=== Source Location Trace: ===
external/xla/xla/stream_executor/cuda/cuda_status.cc:45
external/xla/xla/stream_executor/cuda/cuda_device_allocator.cc:226
external/xla/xla/stream_executor/cuda/cuda_device_allocator.cc:403

E0820 14:24:17.507036 3200216 cuda_executor.cc:1176] [0] Failed to allocate device memory of 2.2KiB (2304 bytes): RESOURCE_EXHAUSTED: : CUDA_ERROR_OUT_OF_MEMORY: out of memory
=== Source Location Trace: ===
external/xla/xla/stream_executor/cuda/cuda_status.cc:45
external/xla/xla/stream_executor/cuda/cuda_device_allocator.cc:226
external/xla/xla/stream_executor/cuda/cuda_device_allocator.cc:403

E0820 14:24:17.507617 3200216 cuda_executor.cc:1176] [0] Failed to allocate device memory of 2.2KiB (2304 bytes): RESOURCE_EXHAUSTED: : CUDA_ERROR_OUT_OF_MEMORY: out of memory
=== Source Location Trace: ===
external/xla/xla/stream_executor/cuda/cuda_status.cc:45
external/xla/xla/stream_executor/cuda/cuda_device_allocator.cc:226
external/xla/xla/stream_executor/cuda/cuda_device_allocator.cc:403

E0820 14:24:17.508181 3200216 cuda_executor.cc:1176] [0] Failed to allocate device memory of 2.2KiB (2304 bytes): RESOURCE_EXHAUSTED: : CUDA_ERROR_OUT_OF_MEMORY: out of memory
=== Source Location Trace: ===
external/xla/xla/stream_executor/cuda/cuda_status.cc:45
external/xla/xla/stream_executor/cuda/cuda_device_allocator.cc:226
external/xla/xla/stream_executor/cuda/cuda_device_allocator.cc:403

E0820 14:24:17.508859 3200216 cuda_executor.cc:1176] [0] Failed to allocate device memory of 2.2KiB (2304 bytes): RESOURCE_EXHAUSTED: : CUDA_ERROR_OUT_OF_MEMORY: out of memory
=== Source Location Trace: ===
external/xla/xla/stream_executor/cuda/cuda_status.cc:45
external/xla/xla/stream_executor/cuda/cuda_device_allocator.cc:226
external/xla/xla/stream_executor/cuda/cuda_device_allocator.cc:403

E0820 14:24:17.509529 3200216 cuda_executor.cc:1176] [0] Failed to allocate device memory of 2.2KiB (2304 bytes): RESOURCE_EXHAUSTED: : CUDA_ERROR_OUT_OF_MEMORY: out of memory
=== Source Location Trace: ===
external/xla/xla/stream_executor/cuda/cuda_status.cc:45
external/xla/xla/stream_executor/cuda/cuda_device_allocator.cc:226
external/xla/xla/stream_executor/cuda/cuda_device_allocator.cc:403

E0820 14:24:17.510096 3200216 cuda_executor.cc:1176] [0] Failed to allocate device memory of 2.2KiB (2304 bytes): RESOURCE_EXHAUSTED: : CUDA_ERROR_OUT_OF_MEMORY: out of memory
=== Source Location Trace: ===
external/xla/xla/stream_executor/cuda/cuda_status.cc:45
external/xla/xla/stream_executor/cuda/cuda_device_allocator.cc:226
external/xla/xla/stream_executor/cuda/cuda_device_allocator.cc:403

E0820 14:24:17.510787 3200216 cuda_executor.cc:1176] [0] Failed to allocate device memory of 2.2KiB (2304 bytes): RESOURCE_EXHAUSTED: : CUDA_ERROR_OUT_OF_MEMORY: out of memory
=== Source Location Trace: ===
external/xla/xla/stream_executor/cuda/cuda_status.cc:45
external/xla/xla/stream_executor/cuda/cuda_device_allocator.cc:226
external/xla/xla/stream_executor/cuda/cuda_device_allocator.cc:403

E0820 14:24:17.511465 3200216 cuda_executor.cc:1176] [0] Failed to allocate device memory of 2.2KiB (2304 bytes): RESOURCE_EXHAUSTED: : CUDA_ERROR_OUT_OF_MEMORY: out of memory
=== Source Location Trace: ===
external/xla/xla/stream_executor/cuda/cuda_status.cc:45
external/xla/xla/stream_executor/cuda/cuda_device_allocator.cc:226
external/xla/xla/stream_executor/cuda/cuda_device_allocator.cc:403

E0820 14:24:17.512058 3200216 cuda_executor.cc:1176] [0] Failed to allocate device memory of 2.2KiB (2304 bytes): RESOURCE_EXHAUSTED: : CUDA_ERROR_OUT_OF_MEMORY: out of memory
=== Source Location Trace: ===
external/xla/xla/stream_executor/cuda/cuda_status.cc:45
external/xla/xla/stream_executor/cuda/cuda_device_allocator.cc:226
external/xla/xla/stream_executor/cuda/cuda_device_allocator.cc:403

E0820 14:24:17.512642 3200216 cuda_executor.cc:1176] [0] Failed to allocate device memory of 2.2KiB (2304 bytes): RESOURCE_EXHAUSTED: : CUDA_ERROR_OUT_OF_MEMORY: out of memory
=== Source Location Trace: ===
external/xla/xla/stream_executor/cuda/cuda_status.cc:45
external/xla/xla/stream_executor/cuda/cuda_device_allocator.cc:226
external/xla/xla/stream_executor/cuda/cuda_device_allocator.cc:403

E0820 14:24:17.513186 3200216 cuda_executor.cc:1176] [0] Failed to allocate device memory of 2.2KiB (2304 bytes): RESOURCE_EXHAUSTED: : CUDA_ERROR_OUT_OF_MEMORY: out of memory
=== Source Location Trace: ===
external/xla/xla/stream_executor/cuda/cuda_status.cc:45
external/xla/xla/stream_executor/cuda/cuda_device_allocator.cc:226
external/xla/xla/stream_executor/cuda/cuda_device_allocator.cc:403

E0820 14:24:17.513824 3200216 cuda_executor.cc:1176] [0] Failed to allocate device memory of 2.2KiB (2304 bytes): RESOURCE_EXHAUSTED: : CUDA_ERROR_OUT_OF_MEMORY: out of memory
=== Source Location Trace: ===
external/xla/xla/stream_executor/cuda/cuda_status.cc:45
external/xla/xla/stream_executor/cuda/cuda_device_allocator.cc:226
external/xla/xla/stream_executor/cuda/cuda_device_allocator.cc:403

E0820 14:24:17.514408 3200216 cuda_executor.cc:1176] [0] Failed to allocate device memory of 2.2KiB (2304 bytes): RESOURCE_EXHAUSTED: : CUDA_ERROR_OUT_OF_MEMORY: out of memory
=== Source Location Trace: ===
external/xla/xla/stream_executor/cuda/cuda_status.cc:45
external/xla/xla/stream_executor/cuda/cuda_device_allocator.cc:226
external/xla/xla/stream_executor/cuda/cuda_device_allocator.cc:403

E0820 14:24:17.514947 3200216 cuda_executor.cc:1176] [0] Failed to allocate device memory of 2.2KiB (2304 bytes): RESOURCE_EXHAUSTED: : CUDA_ERROR_OUT_OF_MEMORY: out of memory
=== Source Location Trace: ===
external/xla/xla/stream_executor/cuda/cuda_status.cc:45
external/xla/xla/stream_executor/cuda/cuda_device_allocator.cc:226
external/xla/xla/stream_executor/cuda/cuda_device_allocator.cc:403

E0820 14:24:17.515580 3200216 cuda_executor.cc:1176] [0] Failed to allocate device memory of 2.2KiB (2304 bytes): RESOURCE_EXHAUSTED: : CUDA_ERROR_OUT_OF_MEMORY: out of memory
=== Source Location Trace: ===
external/xla/xla/stream_executor/cuda/cuda_status.cc:45
external/xla/xla/stream_executor/cuda/cuda_device_allocator.cc:226
external/xla/xla/stream_executor/cuda/cuda_device_allocator.cc:403

E0820 14:24:17.516147 3200216 cuda_executor.cc:1176] [0] Failed to allocate device memory of 2.2KiB (2304 bytes): RESOURCE_EXHAUSTED: : CUDA_ERROR_OUT_OF_MEMORY: out of memory
=== Source Location Trace: ===
external/xla/xla/stream_executor/cuda/cuda_status.cc:45
external/xla/xla/stream_executor/cuda/cuda_device_allocator.cc:226
external/xla/xla/stream_executor/cuda/cuda_device_allocator.cc:403

E0820 14:24:17.516794 3200216 cuda_executor.cc:1176] [0] Failed to allocate device memory of 2.2KiB (2304 bytes): RESOURCE_EXHAUSTED: : CUDA_ERROR_OUT_OF_MEMORY: out of memory
=== Source Location Trace: ===
external/xla/xla/stream_executor/cuda/cuda_status.cc:45
external/xla/xla/stream_executor/cuda/cuda_device_allocator.cc:226
external/xla/xla/stream_executor/cuda/cuda_device_allocator.cc:403

E0820 14:24:17.517391 3200216 cuda_executor.cc:1176] [0] Failed to allocate device memory of 2.2KiB (2304 bytes): RESOURCE_EXHAUSTED: : CUDA_ERROR_OUT_OF_MEMORY: out of memory
=== Source Location Trace: ===
external/xla/xla/stream_executor/cuda/cuda_status.cc:45
external/xla/xla/stream_executor/cuda/cuda_device_allocator.cc:226
external/xla/xla/stream_executor/cuda/cuda_device_allocator.cc:403

E0820 14:24:17.517980 3200216 cuda_executor.cc:1176] [0] Failed to allocate device memory of 2.2KiB (2304 bytes): RESOURCE_EXHAUSTED: : CUDA_ERROR_OUT_OF_MEMORY: out of memory
=== Source Location Trace: ===
external/xla/xla/stream_executor/cuda/cuda_status.cc:45
external/xla/xla/stream_executor/cuda/cuda_device_allocator.cc:226
external/xla/xla/stream_executor/cuda/cuda_device_allocator.cc:403

E0820 14:24:17.518592 3200216 cuda_executor.cc:1176] [0] Failed to allocate device memory of 2.2KiB (2304 bytes): RESOURCE_EXHAUSTED: : CUDA_ERROR_OUT_OF_MEMORY: out of memory
=== Source Location Trace: ===
external/xla/xla/stream_executor/cuda/cuda_status.cc:45
external/xla/xla/stream_executor/cuda/cuda_device_allocator.cc:226
external/xla/xla/stream_executor/cuda/cuda_device_allocator.cc:403

E0820 14:24:17.519168 3200216 cuda_executor.cc:1176] [0] Failed to allocate device memory of 2.2KiB (2304 bytes): RESOURCE_EXHAUSTED: : CUDA_ERROR_OUT_OF_MEMORY: out of memory
=== Source Location Trace: ===
external/xla/xla/stream_executor/cuda/cuda_status.cc:45
external/xla/xla/stream_executor/cuda/cuda_device_allocator.cc:226
external/xla/xla/stream_executor/cuda/cuda_device_allocator.cc:403

E0820 14:24:17.519845 3200216 cuda_executor.cc:1176] [0] Failed to allocate device memory of 2.2KiB (2304 bytes): RESOURCE_EXHAUSTED: : CUDA_ERROR_OUT_OF_MEMORY: out of memory
=== Source Location Trace: ===
external/xla/xla/stream_executor/cuda/cuda_status.cc:45
external/xla/xla/stream_executor/cuda/cuda_device_allocator.cc:226
external/xla/xla/stream_executor/cuda/cuda_device_allocator.cc:403

E0820 14:24:17.520475 3200216 cuda_executor.cc:1176] [0] Failed to allocate device memory of 2.2KiB (2304 bytes): RESOURCE_EXHAUSTED: : CUDA_ERROR_OUT_OF_MEMORY: out of memory
=== Source Location Trace: ===
external/xla/xla/stream_executor/cuda/cuda_status.cc:45
external/xla/xla/stream_executor/cuda/cuda_device_allocator.cc:226
external/xla/xla/stream_executor/cuda/cuda_device_allocator.cc:403

E0820 14:24:17.521040 3200216 cuda_executor.cc:1176] [0] Failed to allocate device memory of 2.2KiB (2304 bytes): RESOURCE_EXHAUSTED: : CUDA_ERROR_OUT_OF_MEMORY: out of memory
=== Source Location Trace: ===
external/xla/xla/stream_executor/cuda/cuda_status.cc:45
external/xla/xla/stream_executor/cuda/cuda_device_allocator.cc:226
external/xla/xla/stream_executor/cuda/cuda_device_allocator.cc:403

E0820 14:24:17.521674 3200216 cuda_executor.cc:1176] [0] Failed to allocate device memory of 2.2KiB (2304 bytes): RESOURCE_EXHAUSTED: : CUDA_ERROR_OUT_OF_MEMORY: out of memory
=== Source Location Trace: ===
external/xla/xla/stream_executor/cuda/cuda_status.cc:45
external/xla/xla/stream_executor/cuda/cuda_device_allocator.cc:226
external/xla/xla/stream_executor/cuda/cuda_device_allocator.cc:403

E0820 14:24:17.522326 3200216 cuda_executor.cc:1176] [0] Failed to allocate device memory of 2.2KiB (2304 bytes): RESOURCE_EXHAUSTED: : CUDA_ERROR_OUT_OF_MEMORY: out of memory
=== Source Location Trace: ===
external/xla/xla/stream_executor/cuda/cuda_status.cc:45
external/xla/xla/stream_executor/cuda/cuda_device_allocator.cc:226
external/xla/xla/stream_executor/cuda/cuda_device_allocator.cc:403

E0820 14:24:17.522956 3200216 cuda_executor.cc:1176] [0] Failed to allocate device memory of 2.2KiB (2304 bytes): RESOURCE_EXHAUSTED: : CUDA_ERROR_OUT_OF_MEMORY: out of memory
=== Source Location Trace: ===
external/xla/xla/stream_executor/cuda/cuda_status.cc:45
external/xla/xla/stream_executor/cuda/cuda_device_allocator.cc:226
external/xla/xla/stream_executor/cuda/cuda_device_allocator.cc:403

E0820 14:24:17.523549 3200216 cuda_executor.cc:1176] [0] Failed to allocate device memory of 2.2KiB (2304 bytes): RESOURCE_EXHAUSTED: : CUDA_ERROR_OUT_OF_MEMORY: out of memory
=== Source Location Trace: ===
external/xla/xla/stream_executor/cuda/cuda_status.cc:45
external/xla/xla/stream_executor/cuda/cuda_device_allocator.cc:226
external/xla/xla/stream_executor/cuda/cuda_device_allocator.cc:403

E0820 14:24:17.524121 3200216 cuda_executor.cc:1176] [0] Failed to allocate device memory of 2.2KiB (2304 bytes): RESOURCE_EXHAUSTED: : CUDA_ERROR_OUT_OF_MEMORY: out of memory
=== Source Location Trace: ===
external/xla/xla/stream_executor/cuda/cuda_status.cc:45
external/xla/xla/stream_executor/cuda/cuda_device_allocator.cc:226
external/xla/xla/stream_executor/cuda/cuda_device_allocator.cc:403

E0820 14:24:17.524765 3200216 cuda_executor.cc:1176] [0] Failed to allocate device memory of 2.2KiB (2304 bytes): RESOURCE_EXHAUSTED: : CUDA_ERROR_OUT_OF_MEMORY: out of memory
=== Source Location Trace: ===
external/xla/xla/stream_executor/cuda/cuda_status.cc:45
external/xla/xla/stream_executor/cuda/cuda_device_allocator.cc:226
external/xla/xla/stream_executor/cuda/cuda_device_allocator.cc:403

E0820 14:24:17.525415 3200216 cuda_executor.cc:1176] [0] Failed to allocate device memory of 2.2KiB (2304 bytes): RESOURCE_EXHAUSTED: : CUDA_ERROR_OUT_OF_MEMORY: out of memory
=== Source Location Trace: ===
external/xla/xla/stream_executor/cuda/cuda_status.cc:45
external/xla/xla/stream_executor/cuda/cuda_device_allocator.cc:226
external/xla/xla/stream_executor/cuda/cuda_device_allocator.cc:403

E0820 14:24:17.526040 3200216 cuda_executor.cc:1176] [0] Failed to allocate device memory of 2.2KiB (2304 bytes): RESOURCE_EXHAUSTED: : CUDA_ERROR_OUT_OF_MEMORY: out of memory
=== Source Location Trace: ===
external/xla/xla/stream_executor/cuda/cuda_status.cc:45
external/xla/xla/stream_executor/cuda/cuda_device_allocator.cc:226
external/xla/xla/stream_executor/cuda/cuda_device_allocator.cc:403

E0820 14:24:17.526710 3200216 cuda_executor.cc:1176] [0] Failed to allocate device memory of 2.2KiB (2304 bytes): RESOURCE_EXHAUSTED: : CUDA_ERROR_OUT_OF_MEMORY: out of memory
=== Source Location Trace: ===
external/xla/xla/stream_executor/cuda/cuda_status.cc:45
external/xla/xla/stream_executor/cuda/cuda_device_allocator.cc:226
external/xla/xla/stream_executor/cuda/cuda_device_allocator.cc:403

E0820 14:24:17.527354 3200216 cuda_executor.cc:1176] [0] Failed to allocate device memory of 2.2KiB (2304 bytes): RESOURCE_EXHAUSTED: : CUDA_ERROR_OUT_OF_MEMORY: out of memory
=== Source Location Trace: ===
external/xla/xla/stream_executor/cuda/cuda_status.cc:45
external/xla/xla/stream_executor/cuda/cuda_device_allocator.cc:226
external/xla/xla/stream_executor/cuda/cuda_device_allocator.cc:403

E0820 14:24:17.527954 3200216 cuda_executor.cc:1176] [0] Failed to allocate device memory of 2.2KiB (2304 bytes): RESOURCE_EXHAUSTED: : CUDA_ERROR_OUT_OF_MEMORY: out of memory
=== Source Location Trace: ===
external/xla/xla/stream_executor/cuda/cuda_status.cc:45
external/xla/xla/stream_executor/cuda/cuda_device_allocator.cc:226
external/xla/xla/stream_executor/cuda/cuda_device_allocator.cc:403

E0820 14:24:17.528586 3200216 cuda_executor.cc:1176] [0] Failed to allocate device memory of 2.2KiB (2304 bytes): RESOURCE_EXHAUSTED: : CUDA_ERROR_OUT_OF_MEMORY: out of memory
=== Source Location Trace: ===
external/xla/xla/stream_executor/cuda/cuda_status.cc:45
external/xla/xla/stream_executor/cuda/cuda_device_allocator.cc:226
external/xla/xla/stream_executor/cuda/cuda_device_allocator.cc:403

E0820 14:24:17.529205 3200216 cuda_executor.cc:1176] [0] Failed to allocate device memory of 2.2KiB (2304 bytes): RESOURCE_EXHAUSTED: : CUDA_ERROR_OUT_OF_MEMORY: out of memory
=== Source Location Trace: ===
external/xla/xla/stream_executor/cuda/cuda_status.cc:45
external/xla/xla/stream_executor/cuda/cuda_device_allocator.cc:226
external/xla/xla/stream_executor/cuda/cuda_device_allocator.cc:403

E0820 14:24:17.529930 3200216 cuda_executor.cc:1176] [0] Failed to allocate device memory of 2.2KiB (2304 bytes): RESOURCE_EXHAUSTED: : CUDA_ERROR_OUT_OF_MEMORY: out of memory
=== Source Location Trace: ===
external/xla/xla/stream_executor/cuda/cuda_status.cc:45
external/xla/xla/stream_executor/cuda/cuda_device_allocator.cc:226
external/xla/xla/stream_executor/cuda/cuda_device_allocator.cc:403

E0820 14:24:17.530556 3200216 cuda_executor.cc:1176] [0] Failed to allocate device memory of 2.2KiB (2304 bytes): RESOURCE_EXHAUSTED: : CUDA_ERROR_OUT_OF_MEMORY: out of memory
=== Source Location Trace: ===
external/xla/xla/stream_executor/cuda/cuda_status.cc:45
external/xla/xla/stream_executor/cuda/cuda_device_allocator.cc:226
external/xla/xla/stream_executor/cuda/cuda_device_allocator.cc:403

E0820 14:24:17.531179 3200216 cuda_executor.cc:1176] [0] Failed to allocate device memory of 2.2KiB (2304 bytes): RESOURCE_EXHAUSTED: : CUDA_ERROR_OUT_OF_MEMORY: out of memory
=== Source Location Trace: ===
external/xla/xla/stream_executor/cuda/cuda_status.cc:45
external/xla/xla/stream_executor/cuda/cuda_device_allocator.cc:226
external/xla/xla/stream_executor/cuda/cuda_device_allocator.cc:403

E0820 14:24:17.531913 3200216 cuda_executor.cc:1176] [0] Failed to allocate device memory of 2.2KiB (2304 bytes): RESOURCE_EXHAUSTED: : CUDA_ERROR_OUT_OF_MEMORY: out of memory
=== Source Location Trace: ===
external/xla/xla/stream_executor/cuda/cuda_status.cc:45
external/xla/xla/stream_executor/cuda/cuda_device_allocator.cc:226
external/xla/xla/stream_executor/cuda/cuda_device_allocator.cc:403

E0820 14:24:17.532555 3200216 cuda_executor.cc:1176] [0] Failed to allocate device memory of 2.2KiB (2304 bytes): RESOURCE_EXHAUSTED: : CUDA_ERROR_OUT_OF_MEMORY: out of memory
=== Source Location Trace: ===
external/xla/xla/stream_executor/cuda/cuda_status.cc:45
external/xla/xla/stream_executor/cuda/cuda_device_allocator.cc:226
external/xla/xla/stream_executor/cuda/cuda_device_allocator.cc:403

E0820 14:24:17.533190 3200216 cuda_executor.cc:1176] [0] Failed to allocate device memory of 2.2KiB (2304 bytes): RESOURCE_EXHAUSTED: : CUDA_ERROR_OUT_OF_MEMORY: out of memory
=== Source Location Trace: ===
external/xla/xla/stream_executor/cuda/cuda_status.cc:45
external/xla/xla/stream_executor/cuda/cuda_device_allocator.cc:226
external/xla/xla/stream_executor/cuda/cuda_device_allocator.cc:403

E0820 14:24:17.533933 3200216 cuda_executor.cc:1176] [0] Failed to allocate device memory of 2.2KiB (2304 bytes): RESOURCE_EXHAUSTED: : CUDA_ERROR_OUT_OF_MEMORY: out of memory
=== Source Location Trace: ===
external/xla/xla/stream_executor/cuda/cuda_status.cc:45
external/xla/xla/stream_executor/cuda/cuda_device_allocator.cc:226
external/xla/xla/stream_executor/cuda/cuda_device_allocator.cc:403

E0820 14:24:17.534572 3200216 cuda_executor.cc:1176] [0] Failed to allocate device memory of 2.2KiB (2304 bytes): RESOURCE_EXHAUSTED: : CUDA_ERROR_OUT_OF_MEMORY: out of memory
=== Source Location Trace: ===
external/xla/xla/stream_executor/cuda/cuda_status.cc:45
external/xla/xla/stream_executor/cuda/cuda_device_allocator.cc:226
external/xla/xla/stream_executor/cuda/cuda_device_allocator.cc:403

E0820 14:24:17.535201 3200216 cuda_executor.cc:1176] [0] Failed to allocate device memory of 2.2KiB (2304 bytes): RESOURCE_EXHAUSTED: : CUDA_ERROR_OUT_OF_MEMORY: out of memory
=== Source Location Trace: ===
external/xla/xla/stream_executor/cuda/cuda_status.cc:45
external/xla/xla/stream_executor/cuda/cuda_device_allocator.cc:226
external/xla/xla/stream_executor/cuda/cuda_device_allocator.cc:403

E0820 14:24:17.535956 3200216 cuda_executor.cc:1176] [0] Failed to allocate device memory of 2.2KiB (2304 bytes): RESOURCE_EXHAUSTED: : CUDA_ERROR_OUT_OF_MEMORY: out of memory
=== Source Location Trace: ===
external/xla/xla/stream_executor/cuda/cuda_status.cc:45
external/xla/xla/stream_executor/cuda/cuda_device_allocator.cc:226
external/xla/xla/stream_executor/cuda/cuda_device_allocator.cc:403

E0820 14:24:17.536622 3200216 cuda_executor.cc:1176] [0] Failed to allocate device memory of 2.2KiB (2304 bytes): RESOURCE_EXHAUSTED: : CUDA_ERROR_OUT_OF_MEMORY: out of memory
=== Source Location Trace: ===
external/xla/xla/stream_executor/cuda/cuda_status.cc:45
external/xla/xla/stream_executor/cuda/cuda_device_allocator.cc:226
external/xla/xla/stream_executor/cuda/cuda_device_allocator.cc:403

E0820 14:24:17.537280 3200216 cuda_executor.cc:1176] [0] Failed to allocate device memory of 2.2KiB (2304 bytes): RESOURCE_EXHAUSTED: : CUDA_ERROR_OUT_OF_MEMORY: out of memory
=== Source Location Trace: ===
external/xla/xla/stream_executor/cuda/cuda_status.cc:45
external/xla/xla/stream_executor/cuda/cuda_device_allocator.cc:226
external/xla/xla/stream_executor/cuda/cuda_device_allocator.cc:403

E0820 14:24:17.537934 3200216 cuda_executor.cc:1176] [0] Failed to allocate device memory of 2.2KiB (2304 bytes): RESOURCE_EXHAUSTED: : CUDA_ERROR_OUT_OF_MEMORY: out of memory
=== Source Location Trace: ===
external/xla/xla/stream_executor/cuda/cuda_status.cc:45
external/xla/xla/stream_executor/cuda/cuda_device_allocator.cc:226
external/xla/xla/stream_executor/cuda/cuda_device_allocator.cc:403

E0820 14:24:17.538602 3200216 cuda_executor.cc:1176] [0] Failed to allocate device memory of 2.2KiB (2304 bytes): RESOURCE_EXHAUSTED: : CUDA_ERROR_OUT_OF_MEMORY: out of memory
=== Source Location Trace: ===
external/xla/xla/stream_executor/cuda/cuda_status.cc:45
external/xla/xla/stream_executor/cuda/cuda_device_allocator.cc:226
external/xla/xla/stream_executor/cuda/cuda_device_allocator.cc:403

E0820 14:24:17.539257 3200216 cuda_executor.cc:1176] [0] Failed to allocate device memory of 2.2KiB (2304 bytes): RESOURCE_EXHAUSTED: : CUDA_ERROR_OUT_OF_MEMORY: out of memory
=== Source Location Trace: ===
external/xla/xla/stream_executor/cuda/cuda_status.cc:45
external/xla/xla/stream_executor/cuda/cuda_device_allocator.cc:226
external/xla/xla/stream_executor/cuda/cuda_device_allocator.cc:403

E0820 14:24:17.539884 3200216 cuda_executor.cc:1176] [0] Failed to allocate device memory of 2.2KiB (2304 bytes): RESOURCE_EXHAUSTED: : CUDA_ERROR_OUT_OF_MEMORY: out of memory
=== Source Location Trace: ===
external/xla/xla/stream_executor/cuda/cuda_status.cc:45
external/xla/xla/stream_executor/cuda/cuda_device_allocator.cc:226
external/xla/xla/stream_executor/cuda/cuda_device_allocator.cc:403

E0820 14:24:17.540615 3200216 cuda_executor.cc:1176] [0] Failed to allocate device memory of 2.2KiB (2304 bytes): RESOURCE_EXHAUSTED: : CUDA_ERROR_OUT_OF_MEMORY: out of memory
=== Source Location Trace: ===
external/xla/xla/stream_executor/cuda/cuda_status.cc:45
external/xla/xla/stream_executor/cuda/cuda_device_allocator.cc:226
external/xla/xla/stream_executor/cuda/cuda_device_allocator.cc:403

E0820 14:24:17.541267 3200216 cuda_executor.cc:1176] [0] Failed to allocate device memory of 2.2KiB (2304 bytes): RESOURCE_EXHAUSTED: : CUDA_ERROR_OUT_OF_MEMORY: out of memory
=== Source Location Trace: ===
external/xla/xla/stream_executor/cuda/cuda_status.cc:45
external/xla/xla/stream_executor/cuda/cuda_device_allocator.cc:226
external/xla/xla/stream_executor/cuda/cuda_device_allocator.cc:403

E0820 14:24:17.541907 3200216 cuda_executor.cc:1176] [0] Failed to allocate device memory of 2.2KiB (2304 bytes): RESOURCE_EXHAUSTED: : CUDA_ERROR_OUT_OF_MEMORY: out of memory
=== Source Location Trace: ===
external/xla/xla/stream_executor/cuda/cuda_status.cc:45
external/xla/xla/stream_executor/cuda/cuda_device_allocator.cc:226
external/xla/xla/stream_executor/cuda/cuda_device_allocator.cc:403

E0820 14:24:17.542628 3200216 cuda_executor.cc:1176] [0] Failed to allocate device memory of 2.2KiB (2304 bytes): RESOURCE_EXHAUSTED: : CUDA_ERROR_OUT_OF_MEMORY: out of memory
=== Source Location Trace: ===
external/xla/xla/stream_executor/cuda/cuda_status.cc:45
external/xla/xla/stream_executor/cuda/cuda_device_allocator.cc:226
external/xla/xla/stream_executor/cuda/cuda_device_allocator.cc:403

E0820 14:24:17.543227 3200216 cuda_executor.cc:1176] [0] Failed to allocate device memory of 2.2KiB (2304 bytes): RESOURCE_EXHAUSTED: : CUDA_ERROR_OUT_OF_MEMORY: out of memory
=== Source Location Trace: ===
external/xla/xla/stream_executor/cuda/cuda_status.cc:45
external/xla/xla/stream_executor/cuda/cuda_device_allocator.cc:226
external/xla/xla/stream_executor/cuda/cuda_device_allocator.cc:403

E0820 14:24:17.543832 3200216 cuda_executor.cc:1176] [0] Failed to allocate device memory of 2.2KiB (2304 bytes): RESOURCE_EXHAUSTED: : CUDA_ERROR_OUT_OF_MEMORY: out of memory
=== Source Location Trace: ===
external/xla/xla/stream_executor/cuda/cuda_status.cc:45
external/xla/xla/stream_executor/cuda/cuda_device_allocator.cc:226
external/xla/xla/stream_executor/cuda/cuda_device_allocator.cc:403

E0820 14:24:17.544484 3200216 cuda_executor.cc:1176] [0] Failed to allocate device memory of 2.2KiB (2304 bytes): RESOURCE_EXHAUSTED: : CUDA_ERROR_OUT_OF_MEMORY: out of memory
=== Source Location Trace: ===
external/xla/xla/stream_executor/cuda/cuda_status.cc:45
external/xla/xla/stream_executor/cuda/cuda_device_allocator.cc:226
external/xla/xla/stream_executor/cuda/cuda_device_allocator.cc:403

E0820 14:24:17.545080 3200216 cuda_executor.cc:1176] [0] Failed to allocate device memory of 2.2KiB (2304 bytes): RESOURCE_EXHAUSTED: : CUDA_ERROR_OUT_OF_MEMORY: out of memory
=== Source Location Trace: ===
external/xla/xla/stream_executor/cuda/cuda_status.cc:45
external/xla/xla/stream_executor/cuda/cuda_device_allocator.cc:226
external/xla/xla/stream_executor/cuda/cuda_device_allocator.cc:403

E0820 14:24:17.545772 3200216 cuda_executor.cc:1176] [0] Failed to allocate device memory of 2.2KiB (2304 bytes): RESOURCE_EXHAUSTED: : CUDA_ERROR_OUT_OF_MEMORY: out of memory
=== Source Location Trace: ===
external/xla/xla/stream_executor/cuda/cuda_status.cc:45
external/xla/xla/stream_executor/cuda/cuda_device_allocator.cc:226
external/xla/xla/stream_executor/cuda/cuda_device_allocator.cc:403

E0820 14:24:17.546449 3200216 cuda_executor.cc:1176] [0] Failed to allocate device memory of 2.2KiB (2304 bytes): RESOURCE_EXHAUSTED: : CUDA_ERROR_OUT_OF_MEMORY: out of memory
=== Source Location Trace: ===
external/xla/xla/stream_executor/cuda/cuda_status.cc:45
external/xla/xla/stream_executor/cuda/cuda_device_allocator.cc:226
external/xla/xla/stream_executor/cuda/cuda_device_allocator.cc:403

E0820 14:24:17.547035 3200216 cuda_executor.cc:1176] [0] Failed to allocate device memory of 2.2KiB (2304 bytes): RESOURCE_EXHAUSTED: : CUDA_ERROR_OUT_OF_MEMORY: out of memory
=== Source Location Trace: ===
external/xla/xla/stream_executor/cuda/cuda_status.cc:45
external/xla/xla/stream_executor/cuda/cuda_device_allocator.cc:226
external/xla/xla/stream_executor/cuda/cuda_device_allocator.cc:403

E0820 14:24:17.547679 3200216 cuda_executor.cc:1176] [0] Failed to allocate device memory of 2.2KiB (2304 bytes): RESOURCE_EXHAUSTED: : CUDA_ERROR_OUT_OF_MEMORY: out of memory
=== Source Location Trace: ===
external/xla/xla/stream_executor/cuda/cuda_status.cc:45
external/xla/xla/stream_executor/cuda/cuda_device_allocator.cc:226
external/xla/xla/stream_executor/cuda/cuda_device_allocator.cc:403

E0820 14:24:17.548320 3200216 cuda_executor.cc:1176] [0] Failed to allocate device memory of 2.2KiB (2304 bytes): RESOURCE_EXHAUSTED: : CUDA_ERROR_OUT_OF_MEMORY: out of memory
=== Source Location Trace: ===
external/xla/xla/stream_executor/cuda/cuda_status.cc:45
external/xla/xla/stream_executor/cuda/cuda_device_allocator.cc:226
external/xla/xla/stream_executor/cuda/cuda_device_allocator.cc:403

E0820 14:24:17.548936 3200216 cuda_executor.cc:1176] [0] Failed to allocate device memory of 2.2KiB (2304 bytes): RESOURCE_EXHAUSTED: : CUDA_ERROR_OUT_OF_MEMORY: out of memory
=== Source Location Trace: ===
external/xla/xla/stream_executor/cuda/cuda_status.cc:45
external/xla/xla/stream_executor/cuda/cuda_device_allocator.cc:226
external/xla/xla/stream_executor/cuda/cuda_device_allocator.cc:403

E0820 14:24:17.549526 3200216 cuda_executor.cc:1176] [0] Failed to allocate device memory of 2.2KiB (2304 bytes): RESOURCE_EXHAUSTED: : CUDA_ERROR_OUT_OF_MEMORY: out of memory
=== Source Location Trace: ===
external/xla/xla/stream_executor/cuda/cuda_status.cc:45
external/xla/xla/stream_executor/cuda/cuda_device_allocator.cc:226
external/xla/xla/stream_executor/cuda/cuda_device_allocator.cc:403

E0820 14:24:17.550094 3200216 cuda_executor.cc:1176] [0] Failed to allocate device memory of 2.2KiB (2304 bytes): RESOURCE_EXHAUSTED: : CUDA_ERROR_OUT_OF_MEMORY: out of memory
=== Source Location Trace: ===
external/xla/xla/stream_executor/cuda/cuda_status.cc:45
external/xla/xla/stream_executor/cuda/cuda_device_allocator.cc:226
external/xla/xla/stream_executor/cuda/cuda_device_allocator.cc:403

E0820 14:24:17.550741 3200216 cuda_executor.cc:1176] [0] Failed to allocate device memory of 2.2KiB (2304 bytes): RESOURCE_EXHAUSTED: : CUDA_ERROR_OUT_OF_MEMORY: out of memory
=== Source Location Trace: ===
external/xla/xla/stream_executor/cuda/cuda_status.cc:45
external/xla/xla/stream_executor/cuda/cuda_device_allocator.cc:226
external/xla/xla/stream_executor/cuda/cuda_device_allocator.cc:403

E0820 14:24:17.551372 3200216 cuda_executor.cc:1176] [0] Failed to allocate device memory of 2.2KiB (2304 bytes): RESOURCE_EXHAUSTED: : CUDA_ERROR_OUT_OF_MEMORY: out of memory
=== Source Location Trace: ===
external/xla/xla/stream_executor/cuda/cuda_status.cc:45
external/xla/xla/stream_executor/cuda/cuda_device_allocator.cc:226
external/xla/xla/stream_executor/cuda/cuda_device_allocator.cc:403

E0820 14:24:17.551947 3200216 cuda_executor.cc:1176] [0] Failed to allocate device memory of 2.2KiB (2304 bytes): RESOURCE_EXHAUSTED: : CUDA_ERROR_OUT_OF_MEMORY: out of memory
=== Source Location Trace: ===
external/xla/xla/stream_executor/cuda/cuda_status.cc:45
external/xla/xla/stream_executor/cuda/cuda_device_allocator.cc:226
external/xla/xla/stream_executor/cuda/cuda_device_allocator.cc:403

E0820 14:24:17.552579 3200216 cuda_executor.cc:1176] [0] Failed to allocate device memory of 2.2KiB (2304 bytes): RESOURCE_EXHAUSTED: : CUDA_ERROR_OUT_OF_MEMORY: out of memory
=== Source Location Trace: ===
external/xla/xla/stream_executor/cuda/cuda_status.cc:45
external/xla/xla/stream_executor/cuda/cuda_device_allocator.cc:226
external/xla/xla/stream_executor/cuda/cuda_device_allocator.cc:403

E0820 14:24:17.553122 3200216 cuda_executor.cc:1176] [0] Failed to allocate device memory of 2.2KiB (2304 bytes): RESOURCE_EXHAUSTED: : CUDA_ERROR_OUT_OF_MEMORY: out of memory
=== Source Location Trace: ===
external/xla/xla/stream_executor/cuda/cuda_status.cc:45
external/xla/xla/stream_executor/cuda/cuda_device_allocator.cc:226
external/xla/xla/stream_executor/cuda/cuda_device_allocator.cc:403

E0820 14:24:17.553777 3200216 cuda_executor.cc:1176] [0] Failed to allocate device memory of 2.2KiB (2304 bytes): RESOURCE_EXHAUSTED: : CUDA_ERROR_OUT_OF_MEMORY: out of memory
=== Source Location Trace: ===
external/xla/xla/stream_executor/cuda/cuda_status.cc:45
external/xla/xla/stream_executor/cuda/cuda_device_allocator.cc:226
external/xla/xla/stream_executor/cuda/cuda_device_allocator.cc:403

E0820 14:24:17.554478 3200216 cuda_executor.cc:1176] [0] Failed to allocate device memory of 2.2KiB (2304 bytes): RESOURCE_EXHAUSTED: : CUDA_ERROR_OUT_OF_MEMORY: out of memory
=== Source Location Trace: ===
external/xla/xla/stream_executor/cuda/cuda_status.cc:45
external/xla/xla/stream_executor/cuda/cuda_device_allocator.cc:226
external/xla/xla/stream_executor/cuda/cuda_device_allocator.cc:403

E0820 14:24:17.555108 3200216 cuda_executor.cc:1176] [0] Failed to allocate device memory of 2.2KiB (2304 bytes): RESOURCE_EXHAUSTED: : CUDA_ERROR_OUT_OF_MEMORY: out of memory
=== Source Location Trace: ===
external/xla/xla/stream_executor/cuda/cuda_status.cc:45
external/xla/xla/stream_executor/cuda/cuda_device_allocator.cc:226
external/xla/xla/stream_executor/cuda/cuda_device_allocator.cc:403

E0820 14:24:17.555842 3200216 cuda_executor.cc:1176] [0] Failed to allocate device memory of 2.2KiB (2304 bytes): RESOURCE_EXHAUSTED: : CUDA_ERROR_OUT_OF_MEMORY: out of memory
=== Source Location Trace: ===
external/xla/xla/stream_executor/cuda/cuda_status.cc:45
external/xla/xla/stream_executor/cuda/cuda_device_allocator.cc:226
external/xla/xla/stream_executor/cuda/cuda_device_allocator.cc:403

E0820 14:24:17.556575 3200216 cuda_executor.cc:1176] [0] Failed to allocate device memory of 2.2KiB (2304 bytes): RESOURCE_EXHAUSTED: : CUDA_ERROR_OUT_OF_MEMORY: out of memory
=== Source Location Trace: ===
external/xla/xla/stream_executor/cuda/cuda_status.cc:45
external/xla/xla/stream_executor/cuda/cuda_device_allocator.cc:226
external/xla/xla/stream_executor/cuda/cuda_device_allocator.cc:403

E0820 14:24:17.557191 3200216 cuda_executor.cc:1176] [0] Failed to allocate device memory of 2.2KiB (2304 bytes): RESOURCE_EXHAUSTED: : CUDA_ERROR_OUT_OF_MEMORY: out of memory
=== Source Location Trace: ===
external/xla/xla/stream_executor/cuda/cuda_status.cc:45
external/xla/xla/stream_executor/cuda/cuda_device_allocator.cc:226
external/xla/xla/stream_executor/cuda/cuda_device_allocator.cc:403

E0820 14:24:17.557924 3200216 cuda_executor.cc:1176] [0] Failed to allocate device memory of 2.2KiB (2304 bytes): RESOURCE_EXHAUSTED: : CUDA_ERROR_OUT_OF_MEMORY: out of memory
=== Source Location Trace: ===
external/xla/xla/stream_executor/cuda/cuda_status.cc:45
external/xla/xla/stream_executor/cuda/cuda_device_allocator.cc:226
external/xla/xla/stream_executor/cuda/cuda_device_allocator.cc:403

E0820 14:24:17.558565 3200216 cuda_executor.cc:1176] [0] Failed to allocate device memory of 2.2KiB (2304 bytes): RESOURCE_EXHAUSTED: : CUDA_ERROR_OUT_OF_MEMORY: out of memory
=== Source Location Trace: ===
external/xla/xla/stream_executor/cuda/cuda_status.cc:45
external/xla/xla/stream_executor/cuda/cuda_device_allocator.cc:226
external/xla/xla/stream_executor/cuda/cuda_device_allocator.cc:403

E0820 14:24:17.559211 3200216 cuda_executor.cc:1176] [0] Failed to allocate device memory of 2.2KiB (2304 bytes): RESOURCE_EXHAUSTED: : CUDA_ERROR_OUT_OF_MEMORY: out of memory
=== Source Location Trace: ===
external/xla/xla/stream_executor/cuda/cuda_status.cc:45
external/xla/xla/stream_executor/cuda/cuda_device_allocator.cc:226
external/xla/xla/stream_executor/cuda/cuda_device_allocator.cc:403

E0820 14:24:17.559972 3200216 cuda_executor.cc:1176] [0] Failed to allocate device memory of 2.2KiB (2304 bytes): RESOURCE_EXHAUSTED: : CUDA_ERROR_OUT_OF_MEMORY: out of memory
=== Source Location Trace: ===
external/xla/xla/stream_executor/cuda/cuda_status.cc:45
external/xla/xla/stream_executor/cuda/cuda_device_allocator.cc:226
external/xla/xla/stream_executor/cuda/cuda_device_allocator.cc:403

E0820 14:24:17.560655 3200216 cuda_executor.cc:1176] [0] Failed to allocate device memory of 2.2KiB (2304 bytes): RESOURCE_EXHAUSTED: : CUDA_ERROR_OUT_OF_MEMORY: out of memory
=== Source Location Trace: ===
external/xla/xla/stream_executor/cuda/cuda_status.cc:45
external/xla/xla/stream_executor/cuda/cuda_device_allocator.cc:226
external/xla/xla/stream_executor/cuda/cuda_device_allocator.cc:403

E0820 14:24:17.561338 3200216 cuda_executor.cc:1176] [0] Failed to allocate device memory of 2.2KiB (2304 bytes): RESOURCE_EXHAUSTED: : CUDA_ERROR_OUT_OF_MEMORY: out of memory
=== Source Location Trace: ===
external/xla/xla/stream_executor/cuda/cuda_status.cc:45
external/xla/xla/stream_executor/cuda/cuda_device_allocator.cc:226
external/xla/xla/stream_executor/cuda/cuda_device_allocator.cc:403

E0820 14:24:17.561955 3200216 cuda_executor.cc:1176] [0] Failed to allocate device memory of 2.2KiB (2304 bytes): RESOURCE_EXHAUSTED: : CUDA_ERROR_OUT_OF_MEMORY: out of memory
=== Source Location Trace: ===
external/xla/xla/stream_executor/cuda/cuda_status.cc:45
external/xla/xla/stream_executor/cuda/cuda_device_allocator.cc:226
external/xla/xla/stream_executor/cuda/cuda_device_allocator.cc:403

E0820 14:24:17.562601 3200216 cuda_executor.cc:1176] [0] Failed to allocate device memory of 2.2KiB (2304 bytes): RESOURCE_EXHAUSTED: : CUDA_ERROR_OUT_OF_MEMORY: out of memory
=== Source Location Trace: ===
external/xla/xla/stream_executor/cuda/cuda_status.cc:45
external/xla/xla/stream_executor/cuda/cuda_device_allocator.cc:226
external/xla/xla/stream_executor/cuda/cuda_device_allocator.cc:403

E0820 14:24:17.563210 3200216 cuda_executor.cc:1176] [0] Failed to allocate device memory of 2.2KiB (2304 bytes): RESOURCE_EXHAUSTED: : CUDA_ERROR_OUT_OF_MEMORY: out of memory
=== Source Location Trace: ===
external/xla/xla/stream_executor/cuda/cuda_status.cc:45
external/xla/xla/stream_executor/cuda/cuda_device_allocator.cc:226
external/xla/xla/stream_executor/cuda/cuda_device_allocator.cc:403

E0820 14:24:17.563936 3200216 cuda_executor.cc:1176] [0] Failed to allocate device memory of 2.2KiB (2304 bytes): RESOURCE_EXHAUSTED: : CUDA_ERROR_OUT_OF_MEMORY: out of memory
=== Source Location Trace: ===
external/xla/xla/stream_executor/cuda/cuda_status.cc:45
external/xla/xla/stream_executor/cuda/cuda_device_allocator.cc:226
external/xla/xla/stream_executor/cuda/cuda_device_allocator.cc:403

E0820 14:24:17.564574 3200216 cuda_executor.cc:1176] [0] Failed to allocate device memory of 2.2KiB (2304 bytes): RESOURCE_EXHAUSTED: : CUDA_ERROR_OUT_OF_MEMORY: out of memory
=== Source Location Trace: ===
external/xla/xla/stream_executor/cuda/cuda_status.cc:45
external/xla/xla/stream_executor/cuda/cuda_device_allocator.cc:226
external/xla/xla/stream_executor/cuda/cuda_device_allocator.cc:403

E0820 14:24:17.565201 3200216 cuda_executor.cc:1176] [0] Failed to allocate device memory of 2.2KiB (2304 bytes): RESOURCE_EXHAUSTED: : CUDA_ERROR_OUT_OF_MEMORY: out of memory
=== Source Location Trace: ===
external/xla/xla/stream_executor/cuda/cuda_status.cc:45
external/xla/xla/stream_executor/cuda/cuda_device_allocator.cc:226
external/xla/xla/stream_executor/cuda/cuda_device_allocator.cc:403

E0820 14:24:17.565927 3200216 cuda_executor.cc:1176] [0] Failed to allocate device memory of 2.2KiB (2304 bytes): RESOURCE_EXHAUSTED: : CUDA_ERROR_OUT_OF_MEMORY: out of memory
=== Source Location Trace: ===
external/xla/xla/stream_executor/cuda/cuda_status.cc:45
external/xla/xla/stream_executor/cuda/cuda_device_allocator.cc:226
external/xla/xla/stream_executor/cuda/cuda_device_allocator.cc:403

E0820 14:24:17.566546 3200216 cuda_executor.cc:1176] [0] Failed to allocate device memory of 2.2KiB (2304 bytes): RESOURCE_EXHAUSTED: : CUDA_ERROR_OUT_OF_MEMORY: out of memory
=== Source Location Trace: ===
external/xla/xla/stream_executor/cuda/cuda_status.cc:45
external/xla/xla/stream_executor/cuda/cuda_device_allocator.cc:226
external/xla/xla/stream_executor/cuda/cuda_device_allocator.cc:403

E0820 14:24:17.567174 3200216 cuda_executor.cc:1176] [0] Failed to allocate device memory of 2.2KiB (2304 bytes): RESOURCE_EXHAUSTED: : CUDA_ERROR_OUT_OF_MEMORY: out of memory
=== Source Location Trace: ===
external/xla/xla/stream_executor/cuda/cuda_status.cc:45
external/xla/xla/stream_executor/cuda/cuda_device_allocator.cc:226
external/xla/xla/stream_executor/cuda/cuda_device_allocator.cc:403

E0820 14:24:17.567904 3200216 cuda_executor.cc:1176] [0] Failed to allocate device memory of 2.2KiB (2304 bytes): RESOURCE_EXHAUSTED: : CUDA_ERROR_OUT_OF_MEMORY: out of memory
=== Source Location Trace: ===
external/xla/xla/stream_executor/cuda/cuda_status.cc:45
external/xla/xla/stream_executor/cuda/cuda_device_allocator.cc:226
external/xla/xla/stream_executor/cuda/cuda_device_allocator.cc:403

E0820 14:24:17.568621 3200216 cuda_executor.cc:1176] [0] Failed to allocate device memory of 2.2KiB (2304 bytes): RESOURCE_EXHAUSTED: : CUDA_ERROR_OUT_OF_MEMORY: out of memory
=== Source Location Trace: ===
external/xla/xla/stream_executor/cuda/cuda_status.cc:45
external/xla/xla/stream_executor/cuda/cuda_device_allocator.cc:226
external/xla/xla/stream_executor/cuda/cuda_device_allocator.cc:403

E0820 14:24:17.569201 3200216 cuda_executor.cc:1176] [0] Failed to allocate device memory of 2.2KiB (2304 bytes): RESOURCE_EXHAUSTED: : CUDA_ERROR_OUT_OF_MEMORY: out of memory
=== Source Location Trace: ===
external/xla/xla/stream_executor/cuda/cuda_status.cc:45
external/xla/xla/stream_executor/cuda/cuda_device_allocator.cc:226
external/xla/xla/stream_executor/cuda/cuda_device_allocator.cc:403

E0820 14:24:17.569925 3200216 cuda_executor.cc:1176] [0] Failed to allocate device memory of 2.2KiB (2304 bytes): RESOURCE_EXHAUSTED: : CUDA_ERROR_OUT_OF_MEMORY: out of memory
=== Source Location Trace: ===
external/xla/xla/stream_executor/cuda/cuda_status.cc:45
external/xla/xla/stream_executor/cuda/cuda_device_allocator.cc:226
external/xla/xla/stream_executor/cuda/cuda_device_allocator.cc:403

E0820 14:24:17.570559 3200216 cuda_executor.cc:1176] [0] Failed to allocate device memory of 2.2KiB (2304 bytes): RESOURCE_EXHAUSTED: : CUDA_ERROR_OUT_OF_MEMORY: out of memory
=== Source Location Trace: ===
external/xla/xla/stream_executor/cuda/cuda_status.cc:45
external/xla/xla/stream_executor/cuda/cuda_device_allocator.cc:226
external/xla/xla/stream_executor/cuda/cuda_device_allocator.cc:403

E0820 14:24:17.571193 3200216 cuda_executor.cc:1176] [0] Failed to allocate device memory of 2.2KiB (2304 bytes): RESOURCE_EXHAUSTED: : CUDA_ERROR_OUT_OF_MEMORY: out of memory
=== Source Location Trace: ===
external/xla/xla/stream_executor/cuda/cuda_status.cc:45
external/xla/xla/stream_executor/cuda/cuda_device_allocator.cc:226
external/xla/xla/stream_executor/cuda/cuda_device_allocator.cc:403

E0820 14:24:17.571942 3200216 cuda_executor.cc:1176] [0] Failed to allocate device memory of 2.2KiB (2304 bytes): RESOURCE_EXHAUSTED: : CUDA_ERROR_OUT_OF_MEMORY: out of memory
=== Source Location Trace: ===
external/xla/xla/stream_executor/cuda/cuda_status.cc:45
external/xla/xla/stream_executor/cuda/cuda_device_allocator.cc:226
external/xla/xla/stream_executor/cuda/cuda_device_allocator.cc:403

E0820 14:24:17.572616 3200216 cuda_executor.cc:1176] [0] Failed to allocate device memory of 2.2KiB (2304 bytes): RESOURCE_EXHAUSTED: : CUDA_ERROR_OUT_OF_MEMORY: out of memory
=== Source Location Trace: ===
external/xla/xla/stream_executor/cuda/cuda_status.cc:45
external/xla/xla/stream_executor/cuda/cuda_device_allocator.cc:226
external/xla/xla/stream_executor/cuda/cuda_device_allocator.cc:403

E0820 14:24:17.573289 3200216 cuda_executor.cc:1176] [0] Failed to allocate device memory of 2.2KiB (2304 bytes): RESOURCE_EXHAUSTED: : CUDA_ERROR_OUT_OF_MEMORY: out of memory
=== Source Location Trace: ===
external/xla/xla/stream_executor/cuda/cuda_status.cc:45
external/xla/xla/stream_executor/cuda/cuda_device_allocator.cc:226
external/xla/xla/stream_executor/cuda/cuda_device_allocator.cc:403

E0820 14:24:17.573937 3200216 cuda_executor.cc:1176] [0] Failed to allocate device memory of 2.2KiB (2304 bytes): RESOURCE_EXHAUSTED: : CUDA_ERROR_OUT_OF_MEMORY: out of memory
=== Source Location Trace: ===
external/xla/xla/stream_executor/cuda/cuda_status.cc:45
external/xla/xla/stream_executor/cuda/cuda_device_allocator.cc:226
external/xla/xla/stream_executor/cuda/cuda_device_allocator.cc:403

E0820 14:24:17.574602 3200216 cuda_executor.cc:1176] [0] Failed to allocate device memory of 2.2KiB (2304 bytes): RESOURCE_EXHAUSTED: : CUDA_ERROR_OUT_OF_MEMORY: out of memory
=== Source Location Trace: ===
external/xla/xla/stream_executor/cuda/cuda_status.cc:45
external/xla/xla/stream_executor/cuda/cuda_device_allocator.cc:226
external/xla/xla/stream_executor/cuda/cuda_device_allocator.cc:403

E0820 14:24:17.575268 3200216 cuda_executor.cc:1176] [0] Failed to allocate device memory of 2.2KiB (2304 bytes): RESOURCE_EXHAUSTED: : CUDA_ERROR_OUT_OF_MEMORY: out of memory
=== Source Location Trace: ===
external/xla/xla/stream_executor/cuda/cuda_status.cc:45
external/xla/xla/stream_executor/cuda/cuda_device_allocator.cc:226
external/xla/xla/stream_executor/cuda/cuda_device_allocator.cc:403

E0820 14:24:17.575922 3200216 cuda_executor.cc:1176] [0] Failed to allocate device memory of 2.2KiB (2304 bytes): RESOURCE_EXHAUSTED: : CUDA_ERROR_OUT_OF_MEMORY: out of memory
=== Source Location Trace: ===
external/xla/xla/stream_executor/cuda/cuda_status.cc:45
external/xla/xla/stream_executor/cuda/cuda_device_allocator.cc:226
external/xla/xla/stream_executor/cuda/cuda_device_allocator.cc:403

E0820 14:24:17.576586 3200216 cuda_executor.cc:1176] [0] Failed to allocate device memory of 2.2KiB (2304 bytes): RESOURCE_EXHAUSTED: : CUDA_ERROR_OUT_OF_MEMORY: out of memory
=== Source Location Trace: ===
external/xla/xla/stream_executor/cuda/cuda_status.cc:45
external/xla/xla/stream_executor/cuda/cuda_device_allocator.cc:226
external/xla/xla/stream_executor/cuda/cuda_device_allocator.cc:403

E0820 14:24:17.577234 3200216 cuda_executor.cc:1176] [0] Failed to allocate device memory of 2.2KiB (2304 bytes): RESOURCE_EXHAUSTED: : CUDA_ERROR_OUT_OF_MEMORY: out of memory
=== Source Location Trace: ===
external/xla/xla/stream_executor/cuda/cuda_status.cc:45
external/xla/xla/stream_executor/cuda/cuda_device_allocator.cc:226
external/xla/xla/stream_executor/cuda/cuda_device_allocator.cc:403

E0820 14:24:17.577875 3200216 cuda_executor.cc:1176] [0] Failed to allocate device memory of 2.2KiB (2304 bytes): RESOURCE_EXHAUSTED: : CUDA_ERROR_OUT_OF_MEMORY: out of memory
=== Source Location Trace: ===
external/xla/xla/stream_executor/cuda/cuda_status.cc:45
external/xla/xla/stream_executor/cuda/cuda_device_allocator.cc:226
external/xla/xla/stream_executor/cuda/cuda_device_allocator.cc:403

E0820 14:24:17.578616 3200216 cuda_executor.cc:1176] [0] Failed to allocate device memory of 2.2KiB (2304 bytes): RESOURCE_EXHAUSTED: : CUDA_ERROR_OUT_OF_MEMORY: out of memory
=== Source Location Trace: ===
external/xla/xla/stream_executor/cuda/cuda_status.cc:45
external/xla/xla/stream_executor/cuda/cuda_device_allocator.cc:226
external/xla/xla/stream_executor/cuda/cuda_device_allocator.cc:403

E0820 14:24:17.579280 3200216 cuda_executor.cc:1176] [0] Failed to allocate device memory of 2.2KiB (2304 bytes): RESOURCE_EXHAUSTED: : CUDA_ERROR_OUT_OF_MEMORY: out of memory
=== Source Location Trace: ===
external/xla/xla/stream_executor/cuda/cuda_status.cc:45
external/xla/xla/stream_executor/cuda/cuda_device_allocator.cc:226
external/xla/xla/stream_executor/cuda/cuda_device_allocator.cc:403

E0820 14:24:17.579936 3200216 cuda_executor.cc:1176] [0] Failed to allocate device memory of 2.2KiB (2304 bytes): RESOURCE_EXHAUSTED: : CUDA_ERROR_OUT_OF_MEMORY: out of memory
=== Source Location Trace: ===
external/xla/xla/stream_executor/cuda/cuda_status.cc:45
external/xla/xla/stream_executor/cuda/cuda_device_allocator.cc:226
external/xla/xla/stream_executor/cuda/cuda_device_allocator.cc:403

E0820 14:24:17.580598 3200216 cuda_executor.cc:1176] [0] Failed to allocate device memory of 2.2KiB (2304 bytes): RESOURCE_EXHAUSTED: : CUDA_ERROR_OUT_OF_MEMORY: out of memory
=== Source Location Trace: ===
external/xla/xla/stream_executor/cuda/cuda_status.cc:45
external/xla/xla/stream_executor/cuda/cuda_device_allocator.cc:226
external/xla/xla/stream_executor/cuda/cuda_device_allocator.cc:403

E0820 14:24:17.581244 3200216 cuda_executor.cc:1176] [0] Failed to allocate device memory of 2.2KiB (2304 bytes): RESOURCE_EXHAUSTED: : CUDA_ERROR_OUT_OF_MEMORY: out of memory
=== Source Location Trace: ===
external/xla/xla/stream_executor/cuda/cuda_status.cc:45
external/xla/xla/stream_executor/cuda/cuda_device_allocator.cc:226
external/xla/xla/stream_executor/cuda/cuda_device_allocator.cc:403

E0820 14:24:17.581881 3200216 cuda_executor.cc:1176] [0] Failed to allocate device memory of 2.2KiB (2304 bytes): RESOURCE_EXHAUSTED: : CUDA_ERROR_OUT_OF_MEMORY: out of memory
=== Source Location Trace: ===
external/xla/xla/stream_executor/cuda/cuda_status.cc:45
external/xla/xla/stream_executor/cuda/cuda_device_allocator.cc:226
external/xla/xla/stream_executor/cuda/cuda_device_allocator.cc:403

E0820 14:24:17.582610 3200216 cuda_executor.cc:1176] [0] Failed to allocate device memory of 2.2KiB (2304 bytes): RESOURCE_EXHAUSTED: : CUDA_ERROR_OUT_OF_MEMORY: out of memory
=== Source Location Trace: ===
external/xla/xla/stream_executor/cuda/cuda_status.cc:45
external/xla/xla/stream_executor/cuda/cuda_device_allocator.cc:226
external/xla/xla/stream_executor/cuda/cuda_device_allocator.cc:403

E0820 14:24:17.583278 3200216 cuda_executor.cc:1176] [0] Failed to allocate device memory of 2.2KiB (2304 bytes): RESOURCE_EXHAUSTED: : CUDA_ERROR_OUT_OF_MEMORY: out of memory
=== Source Location Trace: ===
external/xla/xla/stream_executor/cuda/cuda_status.cc:45
external/xla/xla/stream_executor/cuda/cuda_device_allocator.cc:226
external/xla/xla/stream_executor/cuda/cuda_device_allocator.cc:403

E0820 14:24:17.583931 3200216 cuda_executor.cc:1176] [0] Failed to allocate device memory of 2.2KiB (2304 bytes): RESOURCE_EXHAUSTED: : CUDA_ERROR_OUT_OF_MEMORY: out of memory
=== Source Location Trace: ===
external/xla/xla/stream_executor/cuda/cuda_status.cc:45
external/xla/xla/stream_executor/cuda/cuda_device_allocator.cc:226
external/xla/xla/stream_executor/cuda/cuda_device_allocator.cc:403

E0820 14:24:17.584598 3200216 cuda_executor.cc:1176] [0] Failed to allocate device memory of 2.2KiB (2304 bytes): RESOURCE_EXHAUSTED: : CUDA_ERROR_OUT_OF_MEMORY: out of memory
=== Source Location Trace: ===
external/xla/xla/stream_executor/cuda/cuda_status.cc:45
external/xla/xla/stream_executor/cuda/cuda_device_allocator.cc:226
external/xla/xla/stream_executor/cuda/cuda_device_allocator.cc:403

E0820 14:24:17.585254 3200216 cuda_executor.cc:1176] [0] Failed to allocate device memory of 2.2KiB (2304 bytes): RESOURCE_EXHAUSTED: : CUDA_ERROR_OUT_OF_MEMORY: out of memory
=== Source Location Trace: ===
external/xla/xla/stream_executor/cuda/cuda_status.cc:45
external/xla/xla/stream_executor/cuda/cuda_device_allocator.cc:226
external/xla/xla/stream_executor/cuda/cuda_device_allocator.cc:403

E0820 14:24:17.585876 3200216 cuda_executor.cc:1176] [0] Failed to allocate device memory of 2.2KiB (2304 bytes): RESOURCE_EXHAUSTED: : CUDA_ERROR_OUT_OF_MEMORY: out of memory
=== Source Location Trace: ===
external/xla/xla/stream_executor/cuda/cuda_status.cc:45
external/xla/xla/stream_executor/cuda/cuda_device_allocator.cc:226
external/xla/xla/stream_executor/cuda/cuda_device_allocator.cc:403

E0820 14:24:17.586590 3200216 cuda_executor.cc:1176] [0] Failed to allocate device memory of 2.2KiB (2304 bytes): RESOURCE_EXHAUSTED: : CUDA_ERROR_OUT_OF_MEMORY: out of memory
=== Source Location Trace: ===
external/xla/xla/stream_executor/cuda/cuda_status.cc:45
external/xla/xla/stream_executor/cuda/cuda_device_allocator.cc:226
external/xla/xla/stream_executor/cuda/cuda_device_allocator.cc:403

E0820 14:24:17.587207 3200216 cuda_executor.cc:1176] [0] Failed to allocate device memory of 2.2KiB (2304 bytes): RESOURCE_EXHAUSTED: : CUDA_ERROR_OUT_OF_MEMORY: out of memory
=== Source Location Trace: ===
external/xla/xla/stream_executor/cuda/cuda_status.cc:45
external/xla/xla/stream_executor/cuda/cuda_device_allocator.cc:226
external/xla/xla/stream_executor/cuda/cuda_device_allocator.cc:403

E0820 14:24:17.587917 3200216 cuda_executor.cc:1176] [0] Failed to allocate device memory of 2.2KiB (2304 bytes): RESOURCE_EXHAUSTED: : CUDA_ERROR_OUT_OF_MEMORY: out of memory
=== Source Location Trace: ===
external/xla/xla/stream_executor/cuda/cuda_status.cc:45
external/xla/xla/stream_executor/cuda/cuda_device_allocator.cc:226
external/xla/xla/stream_executor/cuda/cuda_device_allocator.cc:403

E0820 14:24:17.588624 3200216 cuda_executor.cc:1176] [0] Failed to allocate device memory of 2.2KiB (2304 bytes): RESOURCE_EXHAUSTED: : CUDA_ERROR_OUT_OF_MEMORY: out of memory
=== Source Location Trace: ===
external/xla/xla/stream_executor/cuda/cuda_status.cc:45
external/xla/xla/stream_executor/cuda/cuda_device_allocator.cc:226
external/xla/xla/stream_executor/cuda/cuda_device_allocator.cc:403

E0820 14:24:17.589232 3200216 cuda_executor.cc:1176] [0] Failed to allocate device memory of 2.2KiB (2304 bytes): RESOURCE_EXHAUSTED: : CUDA_ERROR_OUT_OF_MEMORY: out of memory
=== Source Location Trace: ===
external/xla/xla/stream_executor/cuda/cuda_status.cc:45
external/xla/xla/stream_executor/cuda/cuda_device_allocator.cc:226
external/xla/xla/stream_executor/cuda/cuda_device_allocator.cc:403

E0820 14:24:17.589831 3200216 cuda_executor.cc:1176] [0] Failed to allocate device memory of 2.2KiB (2304 bytes): RESOURCE_EXHAUSTED: : CUDA_ERROR_OUT_OF_MEMORY: out of memory
=== Source Location Trace: ===
external/xla/xla/stream_executor/cuda/cuda_status.cc:45
external/xla/xla/stream_executor/cuda/cuda_device_allocator.cc:226
external/xla/xla/stream_executor/cuda/cuda_device_allocator.cc:403

E0820 14:24:17.590497 3200216 cuda_executor.cc:1176] [0] Failed to allocate device memory of 2.2KiB (2304 bytes): RESOURCE_EXHAUSTED: : CUDA_ERROR_OUT_OF_MEMORY: out of memory
=== Source Location Trace: ===
external/xla/xla/stream_executor/cuda/cuda_status.cc:45
external/xla/xla/stream_executor/cuda/cuda_device_allocator.cc:226
external/xla/xla/stream_executor/cuda/cuda_device_allocator.cc:403

E0820 14:24:17.591065 3200216 cuda_executor.cc:1176] [0] Failed to allocate device memory of 2.2KiB (2304 bytes): RESOURCE_EXHAUSTED: : CUDA_ERROR_OUT_OF_MEMORY: out of memory
=== Source Location Trace: ===
external/xla/xla/stream_executor/cuda/cuda_status.cc:45
external/xla/xla/stream_executor/cuda/cuda_device_allocator.cc:226
external/xla/xla/stream_executor/cuda/cuda_device_allocator.cc:403

E0820 14:24:17.591693 3200216 cuda_executor.cc:1176] [0] Failed to allocate device memory of 2.2KiB (2304 bytes): RESOURCE_EXHAUSTED: : CUDA_ERROR_OUT_OF_MEMORY: out of memory
=== Source Location Trace: ===
external/xla/xla/stream_executor/cuda/cuda_status.cc:45
external/xla/xla/stream_executor/cuda/cuda_device_allocator.cc:226
external/xla/xla/stream_executor/cuda/cuda_device_allocator.cc:403

E0820 14:24:17.592276 3200216 cuda_executor.cc:1176] [0] Failed to allocate device memory of 2.2KiB (2304 bytes): RESOURCE_EXHAUSTED: : CUDA_ERROR_OUT_OF_MEMORY: out of memory
=== Source Location Trace: ===
external/xla/xla/stream_executor/cuda/cuda_status.cc:45
external/xla/xla/stream_executor/cuda/cuda_device_allocator.cc:226
external/xla/xla/stream_executor/cuda/cuda_device_allocator.cc:403

E0820 14:24:17.592844 3200216 cuda_executor.cc:1176] [0] Failed to allocate device memory of 2.2KiB (2304 bytes): RESOURCE_EXHAUSTED: : CUDA_ERROR_OUT_OF_MEMORY: out of memory
=== Source Location Trace: ===
external/xla/xla/stream_executor/cuda/cuda_status.cc:45
external/xla/xla/stream_executor/cuda/cuda_device_allocator.cc:226
external/xla/xla/stream_executor/cuda/cuda_device_allocator.cc:403

E0820 14:24:17.593485 3200216 cuda_executor.cc:1176] [0] Failed to allocate device memory of 2.2KiB (2304 bytes): RESOURCE_EXHAUSTED: : CUDA_ERROR_OUT_OF_MEMORY: out of memory
=== Source Location Trace: ===
external/xla/xla/stream_executor/cuda/cuda_status.cc:45
external/xla/xla/stream_executor/cuda/cuda_device_allocator.cc:226
external/xla/xla/stream_executor/cuda/cuda_device_allocator.cc:403

E0820 14:24:17.594067 3200216 cuda_executor.cc:1176] [0] Failed to allocate device memory of 2.2KiB (2304 bytes): RESOURCE_EXHAUSTED: : CUDA_ERROR_OUT_OF_MEMORY: out of memory
=== Source Location Trace: ===
external/xla/xla/stream_executor/cuda/cuda_status.cc:45
external/xla/xla/stream_executor/cuda/cuda_device_allocator.cc:226
external/xla/xla/stream_executor/cuda/cuda_device_allocator.cc:403

E0820 14:24:17.594715 3200216 cuda_executor.cc:1176] [0] Failed to allocate device memory of 2.2KiB (2304 bytes): RESOURCE_EXHAUSTED: : CUDA_ERROR_OUT_OF_MEMORY: out of memory
=== Source Location Trace: ===
external/xla/xla/stream_executor/cuda/cuda_status.cc:45
external/xla/xla/stream_executor/cuda/cuda_device_allocator.cc:226
external/xla/xla/stream_executor/cuda/cuda_device_allocator.cc:403

E0820 14:24:17.595293 3200216 cuda_executor.cc:1176] [0] Failed to allocate device memory of 2.2KiB (2304 bytes): RESOURCE_EXHAUSTED: : CUDA_ERROR_OUT_OF_MEMORY: out of memory
=== Source Location Trace: ===
external/xla/xla/stream_executor/cuda/cuda_status.cc:45
external/xla/xla/stream_executor/cuda/cuda_device_allocator.cc:226
external/xla/xla/stream_executor/cuda/cuda_device_allocator.cc:403

E0820 14:24:17.595837 3200216 cuda_executor.cc:1176] [0] Failed to allocate device memory of 2.2KiB (2304 bytes): RESOURCE_EXHAUSTED: : CUDA_ERROR_OUT_OF_MEMORY: out of memory
=== Source Location Trace: ===
external/xla/xla/stream_executor/cuda/cuda_status.cc:45
external/xla/xla/stream_executor/cuda/cuda_device_allocator.cc:226
external/xla/xla/stream_executor/cuda/cuda_device_allocator.cc:403

E0820 14:24:17.596437 3200216 cuda_executor.cc:1176] [0] Failed to allocate device memory of 2.2KiB (2304 bytes): RESOURCE_EXHAUSTED: : CUDA_ERROR_OUT_OF_MEMORY: out of memory
=== Source Location Trace: ===
external/xla/xla/stream_executor/cuda/cuda_status.cc:45
external/xla/xla/stream_executor/cuda/cuda_device_allocator.cc:226
external/xla/xla/stream_executor/cuda/cuda_device_allocator.cc:403

E0820 14:24:17.596976 3200216 cuda_executor.cc:1176] [0] Failed to allocate device memory of 2.2KiB (2304 bytes): RESOURCE_EXHAUSTED: : CUDA_ERROR_OUT_OF_MEMORY: out of memory
=== Source Location Trace: ===
external/xla/xla/stream_executor/cuda/cuda_status.cc:45
external/xla/xla/stream_executor/cuda/cuda_device_allocator.cc:226
external/xla/xla/stream_executor/cuda/cuda_device_allocator.cc:403

E0820 14:24:17.597547 3200216 cuda_executor.cc:1176] [0] Failed to allocate device memory of 2.2KiB (2304 bytes): RESOURCE_EXHAUSTED: : CUDA_ERROR_OUT_OF_MEMORY: out of memory
=== Source Location Trace: ===
external/xla/xla/stream_executor/cuda/cuda_status.cc:45
external/xla/xla/stream_executor/cuda/cuda_device_allocator.cc:226
external/xla/xla/stream_executor/cuda/cuda_device_allocator.cc:403

E0820 14:24:17.598114 3200216 cuda_executor.cc:1176] [0] Failed to allocate device memory of 2.2KiB (2304 bytes): RESOURCE_EXHAUSTED: : CUDA_ERROR_OUT_OF_MEMORY: out of memory
=== Source Location Trace: ===
external/xla/xla/stream_executor/cuda/cuda_status.cc:45
external/xla/xla/stream_executor/cuda/cuda_device_allocator.cc:226
external/xla/xla/stream_executor/cuda/cuda_device_allocator.cc:403

E0820 14:24:17.598730 3200216 cuda_executor.cc:1176] [0] Failed to allocate device memory of 2.2KiB (2304 bytes): RESOURCE_EXHAUSTED: : CUDA_ERROR_OUT_OF_MEMORY: out of memory
=== Source Location Trace: ===
external/xla/xla/stream_executor/cuda/cuda_status.cc:45
external/xla/xla/stream_executor/cuda/cuda_device_allocator.cc:226
external/xla/xla/stream_executor/cuda/cuda_device_allocator.cc:403

E0820 14:24:17.599291 3200216 cuda_executor.cc:1176] [0] Failed to allocate device memory of 2.2KiB (2304 bytes): RESOURCE_EXHAUSTED: : CUDA_ERROR_OUT_OF_MEMORY: out of memory
=== Source Location Trace: ===
external/xla/xla/stream_executor/cuda/cuda_status.cc:45
external/xla/xla/stream_executor/cuda/cuda_device_allocator.cc:226
external/xla/xla/stream_executor/cuda/cuda_device_allocator.cc:403

E0820 14:24:17.599830 3200216 cuda_executor.cc:1176] [0] Failed to allocate device memory of 2.2KiB (2304 bytes): RESOURCE_EXHAUSTED: : CUDA_ERROR_OUT_OF_MEMORY: out of memory
=== Source Location Trace: ===
external/xla/xla/stream_executor/cuda/cuda_status.cc:45
external/xla/xla/stream_executor/cuda/cuda_device_allocator.cc:226
external/xla/xla/stream_executor/cuda/cuda_device_allocator.cc:403

E0820 14:24:17.600466 3200216 cuda_executor.cc:1176] [0] Failed to allocate device memory of 2.2KiB (2304 bytes): RESOURCE_EXHAUSTED: : CUDA_ERROR_OUT_OF_MEMORY: out of memory
=== Source Location Trace: ===
external/xla/xla/stream_executor/cuda/cuda_status.cc:45
external/xla/xla/stream_executor/cuda/cuda_device_allocator.cc:226
external/xla/xla/stream_executor/cuda/cuda_device_allocator.cc:403

E0820 14:24:17.601034 3200216 cuda_executor.cc:1176] [0] Failed to allocate device memory of 2.2KiB (2304 bytes): RESOURCE_EXHAUSTED: : CUDA_ERROR_OUT_OF_MEMORY: out of memory
=== Source Location Trace: ===
external/xla/xla/stream_executor/cuda/cuda_status.cc:45
external/xla/xla/stream_executor/cuda/cuda_device_allocator.cc:226
external/xla/xla/stream_executor/cuda/cuda_device_allocator.cc:403

E0820 14:24:17.601642 3200216 cuda_executor.cc:1176] [0] Failed to allocate device memory of 2.2KiB (2304 bytes): RESOURCE_EXHAUSTED: : CUDA_ERROR_OUT_OF_MEMORY: out of memory
=== Source Location Trace: ===
external/xla/xla/stream_executor/cuda/cuda_status.cc:45
external/xla/xla/stream_executor/cuda/cuda_device_allocator.cc:226
external/xla/xla/stream_executor/cuda/cuda_device_allocator.cc:403

E0820 14:24:17.602184 3200216 cuda_executor.cc:1176] [0] Failed to allocate device memory of 2.2KiB (2304 bytes): RESOURCE_EXHAUSTED: : CUDA_ERROR_OUT_OF_MEMORY: out of memory
=== Source Location Trace: ===
external/xla/xla/stream_executor/cuda/cuda_status.cc:45
external/xla/xla/stream_executor/cuda/cuda_device_allocator.cc:226
external/xla/xla/stream_executor/cuda/cuda_device_allocator.cc:403

E0820 14:24:17.602810 3200216 cuda_executor.cc:1176] [0] Failed to allocate device memory of 2.2KiB (2304 bytes): RESOURCE_EXHAUSTED: : CUDA_ERROR_OUT_OF_MEMORY: out of memory
=== Source Location Trace: ===
external/xla/xla/stream_executor/cuda/cuda_status.cc:45
external/xla/xla/stream_executor/cuda/cuda_device_allocator.cc:226
external/xla/xla/stream_executor/cuda/cuda_device_allocator.cc:403

E0820 14:24:17.603406 3200216 cuda_executor.cc:1176] [0] Failed to allocate device memory of 2.2KiB (2304 bytes): RESOURCE_EXHAUSTED: : CUDA_ERROR_OUT_OF_MEMORY: out of memory
=== Source Location Trace: ===
external/xla/xla/stream_executor/cuda/cuda_status.cc:45
external/xla/xla/stream_executor/cuda/cuda_device_allocator.cc:226
external/xla/xla/stream_executor/cuda/cuda_device_allocator.cc:403

E0820 14:24:17.603973 3200216 cuda_executor.cc:1176] [0] Failed to allocate device memory of 2.2KiB (2304 bytes): RESOURCE_EXHAUSTED: : CUDA_ERROR_OUT_OF_MEMORY: out of memory
=== Source Location Trace: ===
external/xla/xla/stream_executor/cuda/cuda_status.cc:45
external/xla/xla/stream_executor/cuda/cuda_device_allocator.cc:226
external/xla/xla/stream_executor/cuda/cuda_device_allocator.cc:403

E0820 14:24:17.604534 3200216 cuda_executor.cc:1176] [0] Failed to allocate device memory of 2.2KiB (2304 bytes): RESOURCE_EXHAUSTED: : CUDA_ERROR_OUT_OF_MEMORY: out of memory
=== Source Location Trace: ===
external/xla/xla/stream_executor/cuda/cuda_status.cc:45
external/xla/xla/stream_executor/cuda/cuda_device_allocator.cc:226
external/xla/xla/stream_executor/cuda/cuda_device_allocator.cc:403

E0820 14:24:17.605075 3200216 cuda_executor.cc:1176] [0] Failed to allocate device memory of 2.2KiB (2304 bytes): RESOURCE_EXHAUSTED: : CUDA_ERROR_OUT_OF_MEMORY: out of memory
=== Source Location Trace: ===
external/xla/xla/stream_executor/cuda/cuda_status.cc:45
external/xla/xla/stream_executor/cuda/cuda_device_allocator.cc:226
external/xla/xla/stream_executor/cuda/cuda_device_allocator.cc:403

E0820 14:24:17.605667 3200216 cuda_executor.cc:1176] [0] Failed to allocate device memory of 2.2KiB (2304 bytes): RESOURCE_EXHAUSTED: : CUDA_ERROR_OUT_OF_MEMORY: out of memory
=== Source Location Trace: ===
external/xla/xla/stream_executor/cuda/cuda_status.cc:45
external/xla/xla/stream_executor/cuda/cuda_device_allocator.cc:226
external/xla/xla/stream_executor/cuda/cuda_device_allocator.cc:403

E0820 14:24:17.606206 3200216 cuda_executor.cc:1176] [0] Failed to allocate device memory of 2.2KiB (2304 bytes): RESOURCE_EXHAUSTED: : CUDA_ERROR_OUT_OF_MEMORY: out of memory
=== Source Location Trace: ===
external/xla/xla/stream_executor/cuda/cuda_status.cc:45
external/xla/xla/stream_executor/cuda/cuda_device_allocator.cc:226
external/xla/xla/stream_executor/cuda/cuda_device_allocator.cc:403

E0820 14:24:17.606841 3200216 cuda_executor.cc:1176] [0] Failed to allocate device memory of 2.2KiB (2304 bytes): RESOURCE_EXHAUSTED: : CUDA_ERROR_OUT_OF_MEMORY: out of memory
=== Source Location Trace: ===
external/xla/xla/stream_executor/cuda/cuda_status.cc:45
external/xla/xla/stream_executor/cuda/cuda_device_allocator.cc:226
external/xla/xla/stream_executor/cuda/cuda_device_allocator.cc:403

E0820 14:24:17.607431 3200216 cuda_executor.cc:1176] [0] Failed to allocate device memory of 2.2KiB (2304 bytes): RESOURCE_EXHAUSTED: : CUDA_ERROR_OUT_OF_MEMORY: out of memory
=== Source Location Trace: ===
external/xla/xla/stream_executor/cuda/cuda_status.cc:45
external/xla/xla/stream_executor/cuda/cuda_device_allocator.cc:226
external/xla/xla/stream_executor/cuda/cuda_device_allocator.cc:403

E0820 14:24:17.607975 3200216 cuda_executor.cc:1176] [0] Failed to allocate device memory of 2.2KiB (2304 bytes): RESOURCE_EXHAUSTED: : CUDA_ERROR_OUT_OF_MEMORY: out of memory
=== Source Location Trace: ===
external/xla/xla/stream_executor/cuda/cuda_status.cc:45
external/xla/xla/stream_executor/cuda/cuda_device_allocator.cc:226
external/xla/xla/stream_executor/cuda/cuda_device_allocator.cc:403

E0820 14:24:17.608577 3200216 cuda_executor.cc:1176] [0] Failed to allocate device memory of 2.2KiB (2304 bytes): RESOURCE_EXHAUSTED: : CUDA_ERROR_OUT_OF_MEMORY: out of memory
=== Source Location Trace: ===
external/xla/xla/stream_executor/cuda/cuda_status.cc:45
external/xla/xla/stream_executor/cuda/cuda_device_allocator.cc:226
external/xla/xla/stream_executor/cuda/cuda_device_allocator.cc:403

E0820 14:24:17.609181 3200216 cuda_executor.cc:1176] [0] Failed to allocate device memory of 2.2KiB (2304 bytes): RESOURCE_EXHAUSTED: : CUDA_ERROR_OUT_OF_MEMORY: out of memory
=== Source Location Trace: ===
external/xla/xla/stream_executor/cuda/cuda_status.cc:45
external/xla/xla/stream_executor/cuda/cuda_device_allocator.cc:226
external/xla/xla/stream_executor/cuda/cuda_device_allocator.cc:403

E0820 14:24:17.609878 3200216 cuda_executor.cc:1176] [0] Failed to allocate device memory of 2.2KiB (2304 bytes): RESOURCE_EXHAUSTED: : CUDA_ERROR_OUT_OF_MEMORY: out of memory
=== Source Location Trace: ===
external/xla/xla/stream_executor/cuda/cuda_status.cc:45
external/xla/xla/stream_executor/cuda/cuda_device_allocator.cc:226
external/xla/xla/stream_executor/cuda/cuda_device_allocator.cc:403

E0820 14:24:17.610581 3200216 cuda_executor.cc:1176] [0] Failed to allocate device memory of 2.2KiB (2304 bytes): RESOURCE_EXHAUSTED: : CUDA_ERROR_OUT_OF_MEMORY: out of memory
=== Source Location Trace: ===
external/xla/xla/stream_executor/cuda/cuda_status.cc:45
external/xla/xla/stream_executor/cuda/cuda_device_allocator.cc:226
external/xla/xla/stream_executor/cuda/cuda_device_allocator.cc:403

E0820 14:24:17.611193 3200216 cuda_executor.cc:1176] [0] Failed to allocate device memory of 2.2KiB (2304 bytes): RESOURCE_EXHAUSTED: : CUDA_ERROR_OUT_OF_MEMORY: out of memory
=== Source Location Trace: ===
external/xla/xla/stream_executor/cuda/cuda_status.cc:45
external/xla/xla/stream_executor/cuda/cuda_device_allocator.cc:226
external/xla/xla/stream_executor/cuda/cuda_device_allocator.cc:403

E0820 14:24:17.611901 3200216 cuda_executor.cc:1176] [0] Failed to allocate device memory of 2.2KiB (2304 bytes): RESOURCE_EXHAUSTED: : CUDA_ERROR_OUT_OF_MEMORY: out of memory
=== Source Location Trace: ===
external/xla/xla/stream_executor/cuda/cuda_status.cc:45
external/xla/xla/stream_executor/cuda/cuda_device_allocator.cc:226
external/xla/xla/stream_executor/cuda/cuda_device_allocator.cc:403

E0820 14:24:17.612725 3200216 cuda_executor.cc:1176] [0] Failed to allocate device memory of 2.2KiB (2304 bytes): RESOURCE_EXHAUSTED: : CUDA_ERROR_OUT_OF_MEMORY: out of memory
=== Source Location Trace: ===
external/xla/xla/stream_executor/cuda/cuda_status.cc:45
external/xla/xla/stream_executor/cuda/cuda_device_allocator.cc:226
external/xla/xla/stream_executor/cuda/cuda_device_allocator.cc:403

E0820 14:24:17.613416 3200216 cuda_executor.cc:1176] [0] Failed to allocate device memory of 2.2KiB (2304 bytes): RESOURCE_EXHAUSTED: : CUDA_ERROR_OUT_OF_MEMORY: out of memory
=== Source Location Trace: ===
external/xla/xla/stream_executor/cuda/cuda_status.cc:45
external/xla/xla/stream_executor/cuda/cuda_device_allocator.cc:226
external/xla/xla/stream_executor/cuda/cuda_device_allocator.cc:403

E0820 14:24:17.614045 3200216 cuda_executor.cc:1176] [0] Failed to allocate device memory of 2.2KiB (2304 bytes): RESOURCE_EXHAUSTED: : CUDA_ERROR_OUT_OF_MEMORY: out of memory
=== Source Location Trace: ===
external/xla/xla/stream_executor/cuda/cuda_status.cc:45
external/xla/xla/stream_executor/cuda/cuda_device_allocator.cc:226
external/xla/xla/stream_executor/cuda/cuda_device_allocator.cc:403

E0820 14:24:17.614710 3200216 cuda_executor.cc:1176] [0] Failed to allocate device memory of 2.2KiB (2304 bytes): RESOURCE_EXHAUSTED: : CUDA_ERROR_OUT_OF_MEMORY: out of memory
=== Source Location Trace: ===
external/xla/xla/stream_executor/cuda/cuda_status.cc:45
external/xla/xla/stream_executor/cuda/cuda_device_allocator.cc:226
external/xla/xla/stream_executor/cuda/cuda_device_allocator.cc:403

E0820 14:24:17.615373 3200216 cuda_executor.cc:1176] [0] Failed to allocate device memory of 2.2KiB (2304 bytes): RESOURCE_EXHAUSTED: : CUDA_ERROR_OUT_OF_MEMORY: out of memory
=== Source Location Trace: ===
external/xla/xla/stream_executor/cuda/cuda_status.cc:45
external/xla/xla/stream_executor/cuda/cuda_device_allocator.cc:226
external/xla/xla/stream_executor/cuda/cuda_device_allocator.cc:403

E0820 14:24:17.616013 3200216 cuda_executor.cc:1176] [0] Failed to allocate device memory of 2.2KiB (2304 bytes): RESOURCE_EXHAUSTED: : CUDA_ERROR_OUT_OF_MEMORY: out of memory
=== Source Location Trace: ===
external/xla/xla/stream_executor/cuda/cuda_status.cc:45
external/xla/xla/stream_executor/cuda/cuda_device_allocator.cc:226
external/xla/xla/stream_executor/cuda/cuda_device_allocator.cc:403

E0820 14:24:17.616807 3200216 cuda_executor.cc:1176] [0] Failed to allocate device memory of 2.2KiB (2304 bytes): RESOURCE_EXHAUSTED: : CUDA_ERROR_OUT_OF_MEMORY: out of memory
=== Source Location Trace: ===
external/xla/xla/stream_executor/cuda/cuda_status.cc:45
external/xla/xla/stream_executor/cuda/cuda_device_allocator.cc:226
external/xla/xla/stream_executor/cuda/cuda_device_allocator.cc:403

E0820 14:24:17.617518 3200216 cuda_executor.cc:1176] [0] Failed to allocate device memory of 2.2KiB (2304 bytes): RESOURCE_EXHAUSTED: : CUDA_ERROR_OUT_OF_MEMORY: out of memory
=== Source Location Trace: ===
external/xla/xla/stream_executor/cuda/cuda_status.cc:45
external/xla/xla/stream_executor/cuda/cuda_device_allocator.cc:226
external/xla/xla/stream_executor/cuda/cuda_device_allocator.cc:403

E0820 14:24:17.620352 3200216 cuda_executor.cc:1176] [0] Failed to allocate device memory of 2.2KiB (2304 bytes): RESOURCE_EXHAUSTED: : CUDA_ERROR_OUT_OF_MEMORY: out of memory
=== Source Location Trace: ===
external/xla/xla/stream_executor/cuda/cuda_status.cc:45
external/xla/xla/stream_executor/cuda/cuda_device_allocator.cc:226
external/xla/xla/stream_executor/cuda/cuda_device_allocator.cc:403

E0820 14:24:17.622905 3200216 cuda_executor.cc:1176] [0] Failed to allocate device memory of 2.2KiB (2304 bytes): RESOURCE_EXHAUSTED: : CUDA_ERROR_OUT_OF_MEMORY: out of memory
=== Source Location Trace: ===
external/xla/xla/stream_executor/cuda/cuda_status.cc:45
external/xla/xla/stream_executor/cuda/cuda_device_allocator.cc:226
external/xla/xla/stream_executor/cuda/cuda_device_allocator.cc:403

E0820 14:24:17.623573 3200216 cuda_executor.cc:1176] [0] Failed to allocate device memory of 2.2KiB (2304 bytes): RESOURCE_EXHAUSTED: : CUDA_ERROR_OUT_OF_MEMORY: out of memory
=== Source Location Trace: ===
external/xla/xla/stream_executor/cuda/cuda_status.cc:45
external/xla/xla/stream_executor/cuda/cuda_device_allocator.cc:226
external/xla/xla/stream_executor/cuda/cuda_device_allocator.cc:403

E0820 14:24:17.624181 3200216 cuda_executor.cc:1176] [0] Failed to allocate device memory of 2.2KiB (2304 bytes): RESOURCE_EXHAUSTED: : CUDA_ERROR_OUT_OF_MEMORY: out of memory
=== Source Location Trace: ===
external/xla/xla/stream_executor/cuda/cuda_status.cc:45
external/xla/xla/stream_executor/cuda/cuda_device_allocator.cc:226
external/xla/xla/stream_executor/cuda/cuda_device_allocator.cc:403

E0820 14:24:17.624861 3200216 cuda_executor.cc:1176] [0] Failed to allocate device memory of 2.2KiB (2304 bytes): RESOURCE_EXHAUSTED: : CUDA_ERROR_OUT_OF_MEMORY: out of memory
=== Source Location Trace: ===
external/xla/xla/stream_executor/cuda/cuda_status.cc:45
external/xla/xla/stream_executor/cuda/cuda_device_allocator.cc:226
external/xla/xla/stream_executor/cuda/cuda_device_allocator.cc:403

E0820 14:24:17.625537 3200216 cuda_executor.cc:1176] [0] Failed to allocate device memory of 2.2KiB (2304 bytes): RESOURCE_EXHAUSTED: : CUDA_ERROR_OUT_OF_MEMORY: out of memory
=== Source Location Trace: ===
external/xla/xla/stream_executor/cuda/cuda_status.cc:45
external/xla/xla/stream_executor/cuda/cuda_device_allocator.cc:226
external/xla/xla/stream_executor/cuda/cuda_device_allocator.cc:403

E0820 14:24:17.626139 3200216 cuda_executor.cc:1176] [0] Failed to allocate device memory of 2.2KiB (2304 bytes): RESOURCE_EXHAUSTED: : CUDA_ERROR_OUT_OF_MEMORY: out of memory
=== Source Location Trace: ===
external/xla/xla/stream_executor/cuda/cuda_status.cc:45
external/xla/xla/stream_executor/cuda/cuda_device_allocator.cc:226
external/xla/xla/stream_executor/cuda/cuda_device_allocator.cc:403

E0820 14:24:17.626854 3200216 cuda_executor.cc:1176] [0] Failed to allocate device memory of 2.2KiB (2304 bytes): RESOURCE_EXHAUSTED: : CUDA_ERROR_OUT_OF_MEMORY: out of memory
=== Source Location Trace: ===
external/xla/xla/stream_executor/cuda/cuda_status.cc:45
external/xla/xla/stream_executor/cuda/cuda_device_allocator.cc:226
external/xla/xla/stream_executor/cuda/cuda_device_allocator.cc:403

E0820 14:24:17.627556 3200216 cuda_executor.cc:1176] [0] Failed to allocate device memory of 2.2KiB (2304 bytes): RESOURCE_EXHAUSTED: : CUDA_ERROR_OUT_OF_MEMORY: out of memory
=== Source Location Trace: ===
external/xla/xla/stream_executor/cuda/cuda_status.cc:45
external/xla/xla/stream_executor/cuda/cuda_device_allocator.cc:226
external/xla/xla/stream_executor/cuda/cuda_device_allocator.cc:403

E0820 14:24:17.628175 3200216 cuda_executor.cc:1176] [0] Failed to allocate device memory of 2.2KiB (2304 bytes): RESOURCE_EXHAUSTED: : CUDA_ERROR_OUT_OF_MEMORY: out of memory
=== Source Location Trace: ===
external/xla/xla/stream_executor/cuda/cuda_status.cc:45
external/xla/xla/stream_executor/cuda/cuda_device_allocator.cc:226
external/xla/xla/stream_executor/cuda/cuda_device_allocator.cc:403

E0820 14:24:17.628881 3200216 cuda_executor.cc:1176] [0] Failed to allocate device memory of 2.2KiB (2304 bytes): RESOURCE_EXHAUSTED: : CUDA_ERROR_OUT_OF_MEMORY: out of memory
=== Source Location Trace: ===
external/xla/xla/stream_executor/cuda/cuda_status.cc:45
external/xla/xla/stream_executor/cuda/cuda_device_allocator.cc:226
external/xla/xla/stream_executor/cuda/cuda_device_allocator.cc:403

E0820 14:24:17.644798 3200216 cuda_executor.cc:1176] [0] Failed to allocate device memory of 2.2KiB (2304 bytes): RESOURCE_EXHAUSTED: : CUDA_ERROR_OUT_OF_MEMORY: out of memory
=== Source Location Trace: ===
external/xla/xla/stream_executor/cuda/cuda_status.cc:45
external/xla/xla/stream_executor/cuda/cuda_device_allocator.cc:226
external/xla/xla/stream_executor/cuda/cuda_device_allocator.cc:403

E0820 14:24:17.645497 3200216 cuda_executor.cc:1176] [0] Failed to allocate device memory of 2.2KiB (2304 bytes): RESOURCE_EXHAUSTED: : CUDA_ERROR_OUT_OF_MEMORY: out of memory
=== Source Location Trace: ===
external/xla/xla/stream_executor/cuda/cuda_status.cc:45
external/xla/xla/stream_executor/cuda/cuda_device_allocator.cc:226
external/xla/xla/stream_executor/cuda/cuda_device_allocator.cc:403

E0820 14:24:17.646057 3200216 cuda_executor.cc:1176] [0] Failed to allocate device memory of 2.2KiB (2304 bytes): RESOURCE_EXHAUSTED: : CUDA_ERROR_OUT_OF_MEMORY: out of memory
=== Source Location Trace: ===
external/xla/xla/stream_executor/cuda/cuda_status.cc:45
external/xla/xla/stream_executor/cuda/cuda_device_allocator.cc:226
external/xla/xla/stream_executor/cuda/cuda_device_allocator.cc:403

E0820 14:24:17.646658 3200216 cuda_executor.cc:1176] [0] Failed to allocate device memory of 2.2KiB (2304 bytes): RESOURCE_EXHAUSTED: : CUDA_ERROR_OUT_OF_MEMORY: out of memory
=== Source Location Trace: ===
external/xla/xla/stream_executor/cuda/cuda_status.cc:45
external/xla/xla/stream_executor/cuda/cuda_device_allocator.cc:226
external/xla/xla/stream_executor/cuda/cuda_device_allocator.cc:403

E0820 14:24:17.647209 3200216 cuda_executor.cc:1176] [0] Failed to allocate device memory of 2.2KiB (2304 bytes): RESOURCE_EXHAUSTED: : CUDA_ERROR_OUT_OF_MEMORY: out of memory
=== Source Location Trace: ===
external/xla/xla/stream_executor/cuda/cuda_status.cc:45
external/xla/xla/stream_executor/cuda/cuda_device_allocator.cc:226
external/xla/xla/stream_executor/cuda/cuda_device_allocator.cc:403

E0820 14:24:17.647877 3200216 cuda_executor.cc:1176] [0] Failed to allocate device memory of 2.2KiB (2304 bytes): RESOURCE_EXHAUSTED: : CUDA_ERROR_OUT_OF_MEMORY: out of memory
=== Source Location Trace: ===
external/xla/xla/stream_executor/cuda/cuda_status.cc:45
external/xla/xla/stream_executor/cuda/cuda_device_allocator.cc:226
external/xla/xla/stream_executor/cuda/cuda_device_allocator.cc:403

E0820 14:24:17.648518 3200216 cuda_executor.cc:1176] [0] Failed to allocate device memory of 2.2KiB (2304 bytes): RESOURCE_EXHAUSTED: : CUDA_ERROR_OUT_OF_MEMORY: out of memory
=== Source Location Trace: ===
external/xla/xla/stream_executor/cuda/cuda_status.cc:45
external/xla/xla/stream_executor/cuda/cuda_device_allocator.cc:226
external/xla/xla/stream_executor/cuda/cuda_device_allocator.cc:403

E0820 14:24:17.649089 3200216 cuda_executor.cc:1176] [0] Failed to allocate device memory of 2.2KiB (2304 bytes): RESOURCE_EXHAUSTED: : CUDA_ERROR_OUT_OF_MEMORY: out of memory
=== Source Location Trace: ===
external/xla/xla/stream_executor/cuda/cuda_status.cc:45
external/xla/xla/stream_executor/cuda/cuda_device_allocator.cc:226
external/xla/xla/stream_executor/cuda/cuda_device_allocator.cc:403

E0820 14:24:17.649774 3200216 cuda_executor.cc:1176] [0] Failed to allocate device memory of 2.2KiB (2304 bytes): RESOURCE_EXHAUSTED: : CUDA_ERROR_OUT_OF_MEMORY: out of memory
=== Source Location Trace: ===
external/xla/xla/stream_executor/cuda/cuda_status.cc:45
external/xla/xla/stream_executor/cuda/cuda_device_allocator.cc:226
external/xla/xla/stream_executor/cuda/cuda_device_allocator.cc:403

E0820 14:24:17.650449 3200216 cuda_executor.cc:1176] [0] Failed to allocate device memory of 2.2KiB (2304 bytes): RESOURCE_EXHAUSTED: : CUDA_ERROR_OUT_OF_MEMORY: out of memory
=== Source Location Trace: ===
external/xla/xla/stream_executor/cuda/cuda_status.cc:45
external/xla/xla/stream_executor/cuda/cuda_device_allocator.cc:226
external/xla/xla/stream_executor/cuda/cuda_device_allocator.cc:403

E0820 14:24:17.651067 3200216 cuda_executor.cc:1176] [0] Failed to allocate device memory of 2.2KiB (2304 bytes): RESOURCE_EXHAUSTED: : CUDA_ERROR_OUT_OF_MEMORY: out of memory
=== Source Location Trace: ===
external/xla/xla/stream_executor/cuda/cuda_status.cc:45
external/xla/xla/stream_executor/cuda/cuda_device_allocator.cc:226
external/xla/xla/stream_executor/cuda/cuda_device_allocator.cc:403

E0820 14:24:17.651731 3200216 cuda_executor.cc:1176] [0] Failed to allocate device memory of 2.2KiB (2304 bytes): RESOURCE_EXHAUSTED: : CUDA_ERROR_OUT_OF_MEMORY: out of memory
=== Source Location Trace: ===
external/xla/xla/stream_executor/cuda/cuda_status.cc:45
external/xla/xla/stream_executor/cuda/cuda_device_allocator.cc:226
external/xla/xla/stream_executor/cuda/cuda_device_allocator.cc:403

E0820 14:24:17.652374 3200216 cuda_executor.cc:1176] [0] Failed to allocate device memory of 2.2KiB (2304 bytes): RESOURCE_EXHAUSTED: : CUDA_ERROR_OUT_OF_MEMORY: out of memory
=== Source Location Trace: ===
external/xla/xla/stream_executor/cuda/cuda_status.cc:45
external/xla/xla/stream_executor/cuda/cuda_device_allocator.cc:226
external/xla/xla/stream_executor/cuda/cuda_device_allocator.cc:403

E0820 14:24:17.653007 3200216 cuda_executor.cc:1176] [0] Failed to allocate device memory of 2.2KiB (2304 bytes): RESOURCE_EXHAUSTED: : CUDA_ERROR_OUT_OF_MEMORY: out of memory
=== Source Location Trace: ===
external/xla/xla/stream_executor/cuda/cuda_status.cc:45
external/xla/xla/stream_executor/cuda/cuda_device_allocator.cc:226
external/xla/xla/stream_executor/cuda/cuda_device_allocator.cc:403

E0820 14:24:17.653688 3200216 cuda_executor.cc:1176] [0] Failed to allocate device memory of 2.2KiB (2304 bytes): RESOURCE_EXHAUSTED: : CUDA_ERROR_OUT_OF_MEMORY: out of memory
=== Source Location Trace: ===
external/xla/xla/stream_executor/cuda/cuda_status.cc:45
external/xla/xla/stream_executor/cuda/cuda_device_allocator.cc:226
external/xla/xla/stream_executor/cuda/cuda_device_allocator.cc:403

E0820 14:24:17.654368 3200216 cuda_executor.cc:1176] [0] Failed to allocate device memory of 2.2KiB (2304 bytes): RESOURCE_EXHAUSTED: : CUDA_ERROR_OUT_OF_MEMORY: out of memory
=== Source Location Trace: ===
external/xla/xla/stream_executor/cuda/cuda_status.cc:45
external/xla/xla/stream_executor/cuda/cuda_device_allocator.cc:226
external/xla/xla/stream_executor/cuda/cuda_device_allocator.cc:403

E0820 14:24:17.655005 3200216 cuda_executor.cc:1176] [0] Failed to allocate device memory of 2.2KiB (2304 bytes): RESOURCE_EXHAUSTED: : CUDA_ERROR_OUT_OF_MEMORY: out of memory
=== Source Location Trace: ===
external/xla/xla/stream_executor/cuda/cuda_status.cc:45
external/xla/xla/stream_executor/cuda/cuda_device_allocator.cc:226
external/xla/xla/stream_executor/cuda/cuda_device_allocator.cc:403

E0820 14:24:17.655678 3200216 cuda_executor.cc:1176] [0] Failed to allocate device memory of 2.2KiB (2304 bytes): RESOURCE_EXHAUSTED: : CUDA_ERROR_OUT_OF_MEMORY: out of memory
=== Source Location Trace: ===
external/xla/xla/stream_executor/cuda/cuda_status.cc:45
external/xla/xla/stream_executor/cuda/cuda_device_allocator.cc:226
external/xla/xla/stream_executor/cuda/cuda_device_allocator.cc:403

E0820 14:24:17.656341 3200216 cuda_executor.cc:1176] [0] Failed to allocate device memory of 2.2KiB (2304 bytes): RESOURCE_EXHAUSTED: : CUDA_ERROR_OUT_OF_MEMORY: out of memory
=== Source Location Trace: ===
external/xla/xla/stream_executor/cuda/cuda_status.cc:45
external/xla/xla/stream_executor/cuda/cuda_device_allocator.cc:226
external/xla/xla/stream_executor/cuda/cuda_device_allocator.cc:403

E0820 14:24:17.656972 3200216 cuda_executor.cc:1176] [0] Failed to allocate device memory of 2.2KiB (2304 bytes): RESOURCE_EXHAUSTED: : CUDA_ERROR_OUT_OF_MEMORY: out of memory
=== Source Location Trace: ===
external/xla/xla/stream_executor/cuda/cuda_status.cc:45
external/xla/xla/stream_executor/cuda/cuda_device_allocator.cc:226
external/xla/xla/stream_executor/cuda/cuda_device_allocator.cc:403

E0820 14:24:17.657630 3200216 cuda_executor.cc:1176] [0] Failed to allocate device memory of 2.2KiB (2304 bytes): RESOURCE_EXHAUSTED: : CUDA_ERROR_OUT_OF_MEMORY: out of memory
=== Source Location Trace: ===
external/xla/xla/stream_executor/cuda/cuda_status.cc:45
external/xla/xla/stream_executor/cuda/cuda_device_allocator.cc:226
external/xla/xla/stream_executor/cuda/cuda_device_allocator.cc:403

E0820 14:24:17.658280 3200216 cuda_executor.cc:1176] [0] Failed to allocate device memory of 2.2KiB (2304 bytes): RESOURCE_EXHAUSTED: : CUDA_ERROR_OUT_OF_MEMORY: out of memory
=== Source Location Trace: ===
external/xla/xla/stream_executor/cuda/cuda_status.cc:45
external/xla/xla/stream_executor/cuda/cuda_device_allocator.cc:226
external/xla/xla/stream_executor/cuda/cuda_device_allocator.cc:403

E0820 14:24:17.658923 3200216 cuda_executor.cc:1176] [0] Failed to allocate device memory of 2.2KiB (2304 bytes): RESOURCE_EXHAUSTED: : CUDA_ERROR_OUT_OF_MEMORY: out of memory
=== Source Location Trace: ===
external/xla/xla/stream_executor/cuda/cuda_status.cc:45
external/xla/xla/stream_executor/cuda/cuda_device_allocator.cc:226
external/xla/xla/stream_executor/cuda/cuda_device_allocator.cc:403

E0820 14:24:17.659573 3200216 cuda_executor.cc:1176] [0] Failed to allocate device memory of 2.2KiB (2304 bytes): RESOURCE_EXHAUSTED: : CUDA_ERROR_OUT_OF_MEMORY: out of memory
=== Source Location Trace: ===
external/xla/xla/stream_executor/cuda/cuda_status.cc:45
external/xla/xla/stream_executor/cuda/cuda_device_allocator.cc:226
external/xla/xla/stream_executor/cuda/cuda_device_allocator.cc:403

E0820 14:24:17.660209 3200216 cuda_executor.cc:1176] [0] Failed to allocate device memory of 2.2KiB (2304 bytes): RESOURCE_EXHAUSTED: : CUDA_ERROR_OUT_OF_MEMORY: out of memory
=== Source Location Trace: ===
external/xla/xla/stream_executor/cuda/cuda_status.cc:45
external/xla/xla/stream_executor/cuda/cuda_device_allocator.cc:226
external/xla/xla/stream_executor/cuda/cuda_device_allocator.cc:403

E0820 14:24:17.660982 3200216 cuda_executor.cc:1176] [0] Failed to allocate device memory of 2.2KiB (2304 bytes): RESOURCE_EXHAUSTED: : CUDA_ERROR_OUT_OF_MEMORY: out of memory
=== Source Location Trace: ===
external/xla/xla/stream_executor/cuda/cuda_status.cc:45
external/xla/xla/stream_executor/cuda/cuda_device_allocator.cc:226
external/xla/xla/stream_executor/cuda/cuda_device_allocator.cc:403

E0820 14:24:17.661670 3200216 cuda_executor.cc:1176] [0] Failed to allocate device memory of 2.2KiB (2304 bytes): RESOURCE_EXHAUSTED: : CUDA_ERROR_OUT_OF_MEMORY: out of memory
=== Source Location Trace: ===
external/xla/xla/stream_executor/cuda/cuda_status.cc:45
external/xla/xla/stream_executor/cuda/cuda_device_allocator.cc:226
external/xla/xla/stream_executor/cuda/cuda_device_allocator.cc:403

E0820 14:24:17.662351 3200216 cuda_executor.cc:1176] [0] Failed to allocate device memory of 2.2KiB (2304 bytes): RESOURCE_EXHAUSTED: : CUDA_ERROR_OUT_OF_MEMORY: out of memory
=== Source Location Trace: ===
external/xla/xla/stream_executor/cuda/cuda_status.cc:45
external/xla/xla/stream_executor/cuda/cuda_device_allocator.cc:226
external/xla/xla/stream_executor/cuda/cuda_device_allocator.cc:403

E0820 14:24:17.662992 3200216 cuda_executor.cc:1176] [0] Failed to allocate device memory of 2.2KiB (2304 bytes): RESOURCE_EXHAUSTED: : CUDA_ERROR_OUT_OF_MEMORY: out of memory
=== Source Location Trace: ===
external/xla/xla/stream_executor/cuda/cuda_status.cc:45
external/xla/xla/stream_executor/cuda/cuda_device_allocator.cc:226
external/xla/xla/stream_executor/cuda/cuda_device_allocator.cc:403

E0820 14:24:17.663676 3200216 cuda_executor.cc:1176] [0] Failed to allocate device memory of 2.2KiB (2304 bytes): RESOURCE_EXHAUSTED: : CUDA_ERROR_OUT_OF_MEMORY: out of memory
=== Source Location Trace: ===
external/xla/xla/stream_executor/cuda/cuda_status.cc:45
external/xla/xla/stream_executor/cuda/cuda_device_allocator.cc:226
external/xla/xla/stream_executor/cuda/cuda_device_allocator.cc:403

E0820 14:24:17.664369 3200216 cuda_executor.cc:1176] [0] Failed to allocate device memory of 2.2KiB (2304 bytes): RESOURCE_EXHAUSTED: : CUDA_ERROR_OUT_OF_MEMORY: out of memory
=== Source Location Trace: ===
external/xla/xla/stream_executor/cuda/cuda_status.cc:45
external/xla/xla/stream_executor/cuda/cuda_device_allocator.cc:226
external/xla/xla/stream_executor/cuda/cuda_device_allocator.cc:403

E0820 14:24:17.665022 3200216 cuda_executor.cc:1176] [0] Failed to allocate device memory of 2.2KiB (2304 bytes): RESOURCE_EXHAUSTED: : CUDA_ERROR_OUT_OF_MEMORY: out of memory
=== Source Location Trace: ===
external/xla/xla/stream_executor/cuda/cuda_status.cc:45
external/xla/xla/stream_executor/cuda/cuda_device_allocator.cc:226
external/xla/xla/stream_executor/cuda/cuda_device_allocator.cc:403

E0820 14:24:17.665725 3200216 cuda_executor.cc:1176] [0] Failed to allocate device memory of 2.2KiB (2304 bytes): RESOURCE_EXHAUSTED: : CUDA_ERROR_OUT_OF_MEMORY: out of memory
=== Source Location Trace: ===
external/xla/xla/stream_executor/cuda/cuda_status.cc:45
external/xla/xla/stream_executor/cuda/cuda_device_allocator.cc:226
external/xla/xla/stream_executor/cuda/cuda_device_allocator.cc:403

E0820 14:24:17.666435 3200216 cuda_executor.cc:1176] [0] Failed to allocate device memory of 2.2KiB (2304 bytes): RESOURCE_EXHAUSTED: : CUDA_ERROR_OUT_OF_MEMORY: out of memory
=== Source Location Trace: ===
external/xla/xla/stream_executor/cuda/cuda_status.cc:45
external/xla/xla/stream_executor/cuda/cuda_device_allocator.cc:226
external/xla/xla/stream_executor/cuda/cuda_device_allocator.cc:403

E0820 14:24:17.667090 3200216 cuda_executor.cc:1176] [0] Failed to allocate device memory of 2.2KiB (2304 bytes): RESOURCE_EXHAUSTED: : CUDA_ERROR_OUT_OF_MEMORY: out of memory
=== Source Location Trace: ===
external/xla/xla/stream_executor/cuda/cuda_status.cc:45
external/xla/xla/stream_executor/cuda/cuda_device_allocator.cc:226
external/xla/xla/stream_executor/cuda/cuda_device_allocator.cc:403

E0820 14:24:17.667819 3200216 cuda_executor.cc:1176] [0] Failed to allocate device memory of 2.2KiB (2304 bytes): RESOURCE_EXHAUSTED: : CUDA_ERROR_OUT_OF_MEMORY: out of memory
=== Source Location Trace: ===
external/xla/xla/stream_executor/cuda/cuda_status.cc:45
external/xla/xla/stream_executor/cuda/cuda_device_allocator.cc:226
external/xla/xla/stream_executor/cuda/cuda_device_allocator.cc:403

E0820 14:24:17.668554 3200216 cuda_executor.cc:1176] [0] Failed to allocate device memory of 2.2KiB (2304 bytes): RESOURCE_EXHAUSTED: : CUDA_ERROR_OUT_OF_MEMORY: out of memory
=== Source Location Trace: ===
external/xla/xla/stream_executor/cuda/cuda_status.cc:45
external/xla/xla/stream_executor/cuda/cuda_device_allocator.cc:226
external/xla/xla/stream_executor/cuda/cuda_device_allocator.cc:403

E0820 14:24:17.669207 3200216 cuda_executor.cc:1176] [0] Failed to allocate device memory of 2.2KiB (2304 bytes): RESOURCE_EXHAUSTED: : CUDA_ERROR_OUT_OF_MEMORY: out of memory
=== Source Location Trace: ===
external/xla/xla/stream_executor/cuda/cuda_status.cc:45
external/xla/xla/stream_executor/cuda/cuda_device_allocator.cc:226
external/xla/xla/stream_executor/cuda/cuda_device_allocator.cc:403

E0820 14:24:17.669978 3200216 cuda_executor.cc:1176] [0] Failed to allocate device memory of 2.2KiB (2304 bytes): RESOURCE_EXHAUSTED: : CUDA_ERROR_OUT_OF_MEMORY: out of memory
=== Source Location Trace: ===
external/xla/xla/stream_executor/cuda/cuda_status.cc:45
external/xla/xla/stream_executor/cuda/cuda_device_allocator.cc:226
external/xla/xla/stream_executor/cuda/cuda_device_allocator.cc:403

E0820 14:24:17.670665 3200216 cuda_executor.cc:1176] [0] Failed to allocate device memory of 2.2KiB (2304 bytes): RESOURCE_EXHAUSTED: : CUDA_ERROR_OUT_OF_MEMORY: out of memory
=== Source Location Trace: ===
external/xla/xla/stream_executor/cuda/cuda_status.cc:45
external/xla/xla/stream_executor/cuda/cuda_device_allocator.cc:226
external/xla/xla/stream_executor/cuda/cuda_device_allocator.cc:403

E0820 14:24:17.671355 3200216 cuda_executor.cc:1176] [0] Failed to allocate device memory of 2.2KiB (2304 bytes): RESOURCE_EXHAUSTED: : CUDA_ERROR_OUT_OF_MEMORY: out of memory
=== Source Location Trace: ===
external/xla/xla/stream_executor/cuda/cuda_status.cc:45
external/xla/xla/stream_executor/cuda/cuda_device_allocator.cc:226
external/xla/xla/stream_executor/cuda/cuda_device_allocator.cc:403

E0820 14:24:17.672012 3200216 cuda_executor.cc:1176] [0] Failed to allocate device memory of 2.2KiB (2304 bytes): RESOURCE_EXHAUSTED: : CUDA_ERROR_OUT_OF_MEMORY: out of memory
=== Source Location Trace: ===
external/xla/xla/stream_executor/cuda/cuda_status.cc:45
external/xla/xla/stream_executor/cuda/cuda_device_allocator.cc:226
external/xla/xla/stream_executor/cuda/cuda_device_allocator.cc:403

E0820 14:24:17.672713 3200216 cuda_executor.cc:1176] [0] Failed to allocate device memory of 2.2KiB (2304 bytes): RESOURCE_EXHAUSTED: : CUDA_ERROR_OUT_OF_MEMORY: out of memory
=== Source Location Trace: ===
external/xla/xla/stream_executor/cuda/cuda_status.cc:45
external/xla/xla/stream_executor/cuda/cuda_device_allocator.cc:226
external/xla/xla/stream_executor/cuda/cuda_device_allocator.cc:403

E0820 14:24:17.673417 3200216 cuda_executor.cc:1176] [0] Failed to allocate device memory of 2.2KiB (2304 bytes): RESOURCE_EXHAUSTED: : CUDA_ERROR_OUT_OF_MEMORY: out of memory
=== Source Location Trace: ===
external/xla/xla/stream_executor/cuda/cuda_status.cc:45
external/xla/xla/stream_executor/cuda/cuda_device_allocator.cc:226
external/xla/xla/stream_executor/cuda/cuda_device_allocator.cc:403

E0820 14:24:17.674071 3200216 cuda_executor.cc:1176] [0] Failed to allocate device memory of 2.2KiB (2304 bytes): RESOURCE_EXHAUSTED: : CUDA_ERROR_OUT_OF_MEMORY: out of memory
=== Source Location Trace: ===
external/xla/xla/stream_executor/cuda/cuda_status.cc:45
external/xla/xla/stream_executor/cuda/cuda_device_allocator.cc:226
external/xla/xla/stream_executor/cuda/cuda_device_allocator.cc:403

E0820 14:24:17.674794 3200216 cuda_executor.cc:1176] [0] Failed to allocate device memory of 2.2KiB (2304 bytes): RESOURCE_EXHAUSTED: : CUDA_ERROR_OUT_OF_MEMORY: out of memory
=== Source Location Trace: ===
external/xla/xla/stream_executor/cuda/cuda_status.cc:45
external/xla/xla/stream_executor/cuda/cuda_device_allocator.cc:226
external/xla/xla/stream_executor/cuda/cuda_device_allocator.cc:403

E0820 14:24:17.675520 3200216 cuda_executor.cc:1176] [0] Failed to allocate device memory of 2.2KiB (2304 bytes): RESOURCE_EXHAUSTED: : CUDA_ERROR_OUT_OF_MEMORY: out of memory
=== Source Location Trace: ===
external/xla/xla/stream_executor/cuda/cuda_status.cc:45
external/xla/xla/stream_executor/cuda/cuda_device_allocator.cc:226
external/xla/xla/stream_executor/cuda/cuda_device_allocator.cc:403

E0820 14:24:17.676173 3200216 cuda_executor.cc:1176] [0] Failed to allocate device memory of 2.2KiB (2304 bytes): RESOURCE_EXHAUSTED: : CUDA_ERROR_OUT_OF_MEMORY: out of memory
=== Source Location Trace: ===
external/xla/xla/stream_executor/cuda/cuda_status.cc:45
external/xla/xla/stream_executor/cuda/cuda_device_allocator.cc:226
external/xla/xla/stream_executor/cuda/cuda_device_allocator.cc:403

E0820 14:24:17.676932 3200216 cuda_executor.cc:1176] [0] Failed to allocate device memory of 2.2KiB (2304 bytes): RESOURCE_EXHAUSTED: : CUDA_ERROR_OUT_OF_MEMORY: out of memory
=== Source Location Trace: ===
external/xla/xla/stream_executor/cuda/cuda_status.cc:45
external/xla/xla/stream_executor/cuda/cuda_device_allocator.cc:226
external/xla/xla/stream_executor/cuda/cuda_device_allocator.cc:403

E0820 14:24:17.677603 3200216 cuda_executor.cc:1176] [0] Failed to allocate device memory of 2.2KiB (2304 bytes): RESOURCE_EXHAUSTED: : CUDA_ERROR_OUT_OF_MEMORY: out of memory
=== Source Location Trace: ===
external/xla/xla/stream_executor/cuda/cuda_status.cc:45
external/xla/xla/stream_executor/cuda/cuda_device_allocator.cc:226
external/xla/xla/stream_executor/cuda/cuda_device_allocator.cc:403

E0820 14:24:17.678270 3200216 cuda_executor.cc:1176] [0] Failed to allocate device memory of 2.2KiB (2304 bytes): RESOURCE_EXHAUSTED: : CUDA_ERROR_OUT_OF_MEMORY: out of memory
=== Source Location Trace: ===
external/xla/xla/stream_executor/cuda/cuda_status.cc:45
external/xla/xla/stream_executor/cuda/cuda_device_allocator.cc:226
external/xla/xla/stream_executor/cuda/cuda_device_allocator.cc:403

E0820 14:24:17.678925 3200216 cuda_executor.cc:1176] [0] Failed to allocate device memory of 2.2KiB (2304 bytes): RESOURCE_EXHAUSTED: : CUDA_ERROR_OUT_OF_MEMORY: out of memory
=== Source Location Trace: ===
external/xla/xla/stream_executor/cuda/cuda_status.cc:45
external/xla/xla/stream_executor/cuda/cuda_device_allocator.cc:226
external/xla/xla/stream_executor/cuda/cuda_device_allocator.cc:403

E0820 14:24:17.679595 3200216 cuda_executor.cc:1176] [0] Failed to allocate device memory of 2.2KiB (2304 bytes): RESOURCE_EXHAUSTED: : CUDA_ERROR_OUT_OF_MEMORY: out of memory
=== Source Location Trace: ===
external/xla/xla/stream_executor/cuda/cuda_status.cc:45
external/xla/xla/stream_executor/cuda/cuda_device_allocator.cc:226
external/xla/xla/stream_executor/cuda/cuda_device_allocator.cc:403

E0820 14:24:17.680259 3200216 cuda_executor.cc:1176] [0] Failed to allocate device memory of 2.2KiB (2304 bytes): RESOURCE_EXHAUSTED: : CUDA_ERROR_OUT_OF_MEMORY: out of memory
=== Source Location Trace: ===
external/xla/xla/stream_executor/cuda/cuda_status.cc:45
external/xla/xla/stream_executor/cuda/cuda_device_allocator.cc:226
external/xla/xla/stream_executor/cuda/cuda_device_allocator.cc:403

E0820 14:24:17.680912 3200216 cuda_executor.cc:1176] [0] Failed to allocate device memory of 2.2KiB (2304 bytes): RESOURCE_EXHAUSTED: : CUDA_ERROR_OUT_OF_MEMORY: out of memory
=== Source Location Trace: ===
external/xla/xla/stream_executor/cuda/cuda_status.cc:45
external/xla/xla/stream_executor/cuda/cuda_device_allocator.cc:226
external/xla/xla/stream_executor/cuda/cuda_device_allocator.cc:403

E0820 14:24:17.681574 3200216 cuda_executor.cc:1176] [0] Failed to allocate device memory of 2.2KiB (2304 bytes): RESOURCE_EXHAUSTED: : CUDA_ERROR_OUT_OF_MEMORY: out of memory
=== Source Location Trace: ===
external/xla/xla/stream_executor/cuda/cuda_status.cc:45
external/xla/xla/stream_executor/cuda/cuda_device_allocator.cc:226
external/xla/xla/stream_executor/cuda/cuda_device_allocator.cc:403

E0820 14:24:17.682231 3200216 cuda_executor.cc:1176] [0] Failed to allocate device memory of 2.2KiB (2304 bytes): RESOURCE_EXHAUSTED: : CUDA_ERROR_OUT_OF_MEMORY: out of memory
=== Source Location Trace: ===
external/xla/xla/stream_executor/cuda/cuda_status.cc:45
external/xla/xla/stream_executor/cuda/cuda_device_allocator.cc:226
external/xla/xla/stream_executor/cuda/cuda_device_allocator.cc:403

E0820 14:24:17.682884 3200216 cuda_executor.cc:1176] [0] Failed to allocate device memory of 2.2KiB (2304 bytes): RESOURCE_EXHAUSTED: : CUDA_ERROR_OUT_OF_MEMORY: out of memory
=== Source Location Trace: ===
external/xla/xla/stream_executor/cuda/cuda_status.cc:45
external/xla/xla/stream_executor/cuda/cuda_device_allocator.cc:226
external/xla/xla/stream_executor/cuda/cuda_device_allocator.cc:403

E0820 14:24:17.683638 3200216 cuda_executor.cc:1176] [0] Failed to allocate device memory of 2.2KiB (2304 bytes): RESOURCE_EXHAUSTED: : CUDA_ERROR_OUT_OF_MEMORY: out of memory
=== Source Location Trace: ===
external/xla/xla/stream_executor/cuda/cuda_status.cc:45
external/xla/xla/stream_executor/cuda/cuda_device_allocator.cc:226
external/xla/xla/stream_executor/cuda/cuda_device_allocator.cc:403

E0820 14:24:17.684318 3200216 cuda_executor.cc:1176] [0] Failed to allocate device memory of 2.2KiB (2304 bytes): RESOURCE_EXHAUSTED: : CUDA_ERROR_OUT_OF_MEMORY: out of memory
=== Source Location Trace: ===
external/xla/xla/stream_executor/cuda/cuda_status.cc:45
external/xla/xla/stream_executor/cuda/cuda_device_allocator.cc:226
external/xla/xla/stream_executor/cuda/cuda_device_allocator.cc:403

E0820 14:24:17.684972 3200216 cuda_executor.cc:1176] [0] Failed to allocate device memory of 2.2KiB (2304 bytes): RESOURCE_EXHAUSTED: : CUDA_ERROR_OUT_OF_MEMORY: out of memory
=== Source Location Trace: ===
external/xla/xla/stream_executor/cuda/cuda_status.cc:45
external/xla/xla/stream_executor/cuda/cuda_device_allocator.cc:226
external/xla/xla/stream_executor/cuda/cuda_device_allocator.cc:403

E0820 14:24:17.685665 3200216 cuda_executor.cc:1176] [0] Failed to allocate device memory of 2.2KiB (2304 bytes): RESOURCE_EXHAUSTED: : CUDA_ERROR_OUT_OF_MEMORY: out of memory
=== Source Location Trace: ===
external/xla/xla/stream_executor/cuda/cuda_status.cc:45
external/xla/xla/stream_executor/cuda/cuda_device_allocator.cc:226
external/xla/xla/stream_executor/cuda/cuda_device_allocator.cc:403

E0820 14:24:17.686351 3200216 cuda_executor.cc:1176] [0] Failed to allocate device memory of 2.2KiB (2304 bytes): RESOURCE_EXHAUSTED: : CUDA_ERROR_OUT_OF_MEMORY: out of memory
=== Source Location Trace: ===
external/xla/xla/stream_executor/cuda/cuda_status.cc:45
external/xla/xla/stream_executor/cuda/cuda_device_allocator.cc:226
external/xla/xla/stream_executor/cuda/cuda_device_allocator.cc:403

E0820 14:24:17.687005 3200216 cuda_executor.cc:1176] [0] Failed to allocate device memory of 2.2KiB (2304 bytes): RESOURCE_EXHAUSTED: : CUDA_ERROR_OUT_OF_MEMORY: out of memory
=== Source Location Trace: ===
external/xla/xla/stream_executor/cuda/cuda_status.cc:45
external/xla/xla/stream_executor/cuda/cuda_device_allocator.cc:226
external/xla/xla/stream_executor/cuda/cuda_device_allocator.cc:403

E0820 14:24:17.687698 3200216 cuda_executor.cc:1176] [0] Failed to allocate device memory of 2.2KiB (2304 bytes): RESOURCE_EXHAUSTED: : CUDA_ERROR_OUT_OF_MEMORY: out of memory
=== Source Location Trace: ===
external/xla/xla/stream_executor/cuda/cuda_status.cc:45
external/xla/xla/stream_executor/cuda/cuda_device_allocator.cc:226
external/xla/xla/stream_executor/cuda/cuda_device_allocator.cc:403

E0820 14:24:17.688378 3200216 cuda_executor.cc:1176] [0] Failed to allocate device memory of 2.2KiB (2304 bytes): RESOURCE_EXHAUSTED: : CUDA_ERROR_OUT_OF_MEMORY: out of memory
=== Source Location Trace: ===
external/xla/xla/stream_executor/cuda/cuda_status.cc:45
external/xla/xla/stream_executor/cuda/cuda_device_allocator.cc:226
external/xla/xla/stream_executor/cuda/cuda_device_allocator.cc:403

E0820 14:24:17.689013 3200216 cuda_executor.cc:1176] [0] Failed to allocate device memory of 2.2KiB (2304 bytes): RESOURCE_EXHAUSTED: : CUDA_ERROR_OUT_OF_MEMORY: out of memory
=== Source Location Trace: ===
external/xla/xla/stream_executor/cuda/cuda_status.cc:45
external/xla/xla/stream_executor/cuda/cuda_device_allocator.cc:226
external/xla/xla/stream_executor/cuda/cuda_device_allocator.cc:403

E0820 14:24:17.689685 3200216 cuda_executor.cc:1176] [0] Failed to allocate device memory of 2.2KiB (2304 bytes): RESOURCE_EXHAUSTED: : CUDA_ERROR_OUT_OF_MEMORY: out of memory
=== Source Location Trace: ===
external/xla/xla/stream_executor/cuda/cuda_status.cc:45
external/xla/xla/stream_executor/cuda/cuda_device_allocator.cc:226
external/xla/xla/stream_executor/cuda/cuda_device_allocator.cc:403

E0820 14:24:17.690339 3200216 cuda_executor.cc:1176] [0] Failed to allocate device memory of 2.2KiB (2304 bytes): RESOURCE_EXHAUSTED: : CUDA_ERROR_OUT_OF_MEMORY: out of memory
=== Source Location Trace: ===
external/xla/xla/stream_executor/cuda/cuda_status.cc:45
external/xla/xla/stream_executor/cuda/cuda_device_allocator.cc:226
external/xla/xla/stream_executor/cuda/cuda_device_allocator.cc:403

E0820 14:24:17.690961 3200216 cuda_executor.cc:1176] [0] Failed to allocate device memory of 2.2KiB (2304 bytes): RESOURCE_EXHAUSTED: : CUDA_ERROR_OUT_OF_MEMORY: out of memory
=== Source Location Trace: ===
external/xla/xla/stream_executor/cuda/cuda_status.cc:45
external/xla/xla/stream_executor/cuda/cuda_device_allocator.cc:226
external/xla/xla/stream_executor/cuda/cuda_device_allocator.cc:403

E0820 14:24:17.691615 3200216 cuda_executor.cc:1176] [0] Failed to allocate device memory of 2.2KiB (2304 bytes): RESOURCE_EXHAUSTED: : CUDA_ERROR_OUT_OF_MEMORY: out of memory
=== Source Location Trace: ===
external/xla/xla/stream_executor/cuda/cuda_status.cc:45
external/xla/xla/stream_executor/cuda/cuda_device_allocator.cc:226
external/xla/xla/stream_executor/cuda/cuda_device_allocator.cc:403

E0820 14:24:17.692268 3200216 cuda_executor.cc:1176] [0] Failed to allocate device memory of 2.2KiB (2304 bytes): RESOURCE_EXHAUSTED: : CUDA_ERROR_OUT_OF_MEMORY: out of memory
=== Source Location Trace: ===
external/xla/xla/stream_executor/cuda/cuda_status.cc:45
external/xla/xla/stream_executor/cuda/cuda_device_allocator.cc:226
external/xla/xla/stream_executor/cuda/cuda_device_allocator.cc:403

E0820 14:24:17.692917 3200216 cuda_executor.cc:1176] [0] Failed to allocate device memory of 2.2KiB (2304 bytes): RESOURCE_EXHAUSTED: : CUDA_ERROR_OUT_OF_MEMORY: out of memory
=== Source Location Trace: ===
external/xla/xla/stream_executor/cuda/cuda_status.cc:45
external/xla/xla/stream_executor/cuda/cuda_device_allocator.cc:226
external/xla/xla/stream_executor/cuda/cuda_device_allocator.cc:403

E0820 14:24:17.693579 3200216 cuda_executor.cc:1176] [0] Failed to allocate device memory of 2.2KiB (2304 bytes): RESOURCE_EXHAUSTED: : CUDA_ERROR_OUT_OF_MEMORY: out of memory
=== Source Location Trace: ===
external/xla/xla/stream_executor/cuda/cuda_status.cc:45
external/xla/xla/stream_executor/cuda/cuda_device_allocator.cc:226
external/xla/xla/stream_executor/cuda/cuda_device_allocator.cc:403

E0820 14:24:17.694241 3200216 cuda_executor.cc:1176] [0] Failed to allocate device memory of 2.2KiB (2304 bytes): RESOURCE_EXHAUSTED: : CUDA_ERROR_OUT_OF_MEMORY: out of memory
=== Source Location Trace: ===
external/xla/xla/stream_executor/cuda/cuda_status.cc:45
external/xla/xla/stream_executor/cuda/cuda_device_allocator.cc:226
external/xla/xla/stream_executor/cuda/cuda_device_allocator.cc:403

E0820 14:24:17.694881 3200216 cuda_executor.cc:1176] [0] Failed to allocate device memory of 2.2KiB (2304 bytes): RESOURCE_EXHAUSTED: : CUDA_ERROR_OUT_OF_MEMORY: out of memory
=== Source Location Trace: ===
external/xla/xla/stream_executor/cuda/cuda_status.cc:45
external/xla/xla/stream_executor/cuda/cuda_device_allocator.cc:226
external/xla/xla/stream_executor/cuda/cuda_device_allocator.cc:403

E0820 14:24:17.695609 3200216 cuda_executor.cc:1176] [0] Failed to allocate device memory of 2.2KiB (2304 bytes): RESOURCE_EXHAUSTED: : CUDA_ERROR_OUT_OF_MEMORY: out of memory
=== Source Location Trace: ===
external/xla/xla/stream_executor/cuda/cuda_status.cc:45
external/xla/xla/stream_executor/cuda/cuda_device_allocator.cc:226
external/xla/xla/stream_executor/cuda/cuda_device_allocator.cc:403

E0820 14:24:17.696256 3200216 cuda_executor.cc:1176] [0] Failed to allocate device memory of 2.2KiB (2304 bytes): RESOURCE_EXHAUSTED: : CUDA_ERROR_OUT_OF_MEMORY: out of memory
=== Source Location Trace: ===
external/xla/xla/stream_executor/cuda/cuda_status.cc:45
external/xla/xla/stream_executor/cuda/cuda_device_allocator.cc:226
external/xla/xla/stream_executor/cuda/cuda_device_allocator.cc:403

E0820 14:24:17.696884 3200216 cuda_executor.cc:1176] [0] Failed to allocate device memory of 2.2KiB (2304 bytes): RESOURCE_EXHAUSTED: : CUDA_ERROR_OUT_OF_MEMORY: out of memory
=== Source Location Trace: ===
external/xla/xla/stream_executor/cuda/cuda_status.cc:45
external/xla/xla/stream_executor/cuda/cuda_device_allocator.cc:226
external/xla/xla/stream_executor/cuda/cuda_device_allocator.cc:403

E0820 14:24:17.697606 3200216 cuda_executor.cc:1176] [0] Failed to allocate device memory of 2.2KiB (2304 bytes): RESOURCE_EXHAUSTED: : CUDA_ERROR_OUT_OF_MEMORY: out of memory
=== Source Location Trace: ===
external/xla/xla/stream_executor/cuda/cuda_status.cc:45
external/xla/xla/stream_executor/cuda/cuda_device_allocator.cc:226
external/xla/xla/stream_executor/cuda/cuda_device_allocator.cc:403

E0820 14:24:17.698251 3200216 cuda_executor.cc:1176] [0] Failed to allocate device memory of 2.2KiB (2304 bytes): RESOURCE_EXHAUSTED: : CUDA_ERROR_OUT_OF_MEMORY: out of memory
=== Source Location Trace: ===
external/xla/xla/stream_executor/cuda/cuda_status.cc:45
external/xla/xla/stream_executor/cuda/cuda_device_allocator.cc:226
external/xla/xla/stream_executor/cuda/cuda_device_allocator.cc:403

E0820 14:24:17.698904 3200216 cuda_executor.cc:1176] [0] Failed to allocate device memory of 2.2KiB (2304 bytes): RESOURCE_EXHAUSTED: : CUDA_ERROR_OUT_OF_MEMORY: out of memory
=== Source Location Trace: ===
external/xla/xla/stream_executor/cuda/cuda_status.cc:45
external/xla/xla/stream_executor/cuda/cuda_device_allocator.cc:226
external/xla/xla/stream_executor/cuda/cuda_device_allocator.cc:403

E0820 14:24:17.699563 3200216 cuda_executor.cc:1176] [0] Failed to allocate device memory of 2.2KiB (2304 bytes): RESOURCE_EXHAUSTED: : CUDA_ERROR_OUT_OF_MEMORY: out of memory
=== Source Location Trace: ===
external/xla/xla/stream_executor/cuda/cuda_status.cc:45
external/xla/xla/stream_executor/cuda/cuda_device_allocator.cc:226
external/xla/xla/stream_executor/cuda/cuda_device_allocator.cc:403

E0820 14:24:17.700210 3200216 cuda_executor.cc:1176] [0] Failed to allocate device memory of 2.2KiB (2304 bytes): RESOURCE_EXHAUSTED: : CUDA_ERROR_OUT_OF_MEMORY: out of memory
=== Source Location Trace: ===
external/xla/xla/stream_executor/cuda/cuda_status.cc:45
external/xla/xla/stream_executor/cuda/cuda_device_allocator.cc:226
external/xla/xla/stream_executor/cuda/cuda_device_allocator.cc:403

E0820 14:24:17.700976 3200216 cuda_executor.cc:1176] [0] Failed to allocate device memory of 2.2KiB (2304 bytes): RESOURCE_EXHAUSTED: : CUDA_ERROR_OUT_OF_MEMORY: out of memory
=== Source Location Trace: ===
external/xla/xla/stream_executor/cuda/cuda_status.cc:45
external/xla/xla/stream_executor/cuda/cuda_device_allocator.cc:226
external/xla/xla/stream_executor/cuda/cuda_device_allocator.cc:403

E0820 14:24:17.701660 3200216 cuda_executor.cc:1176] [0] Failed to allocate device memory of 2.2KiB (2304 bytes): RESOURCE_EXHAUSTED: : CUDA_ERROR_OUT_OF_MEMORY: out of memory
=== Source Location Trace: ===
external/xla/xla/stream_executor/cuda/cuda_status.cc:45
external/xla/xla/stream_executor/cuda/cuda_device_allocator.cc:226
external/xla/xla/stream_executor/cuda/cuda_device_allocator.cc:403

E0820 14:24:17.702345 3200216 cuda_executor.cc:1176] [0] Failed to allocate device memory of 2.2KiB (2304 bytes): RESOURCE_EXHAUSTED: : CUDA_ERROR_OUT_OF_MEMORY: out of memory
=== Source Location Trace: ===
external/xla/xla/stream_executor/cuda/cuda_status.cc:45
external/xla/xla/stream_executor/cuda/cuda_device_allocator.cc:226
external/xla/xla/stream_executor/cuda/cuda_device_allocator.cc:403

E0820 14:24:17.702998 3200216 cuda_executor.cc:1176] [0] Failed to allocate device memory of 2.2KiB (2304 bytes): RESOURCE_EXHAUSTED: : CUDA_ERROR_OUT_OF_MEMORY: out of memory
=== Source Location Trace: ===
external/xla/xla/stream_executor/cuda/cuda_status.cc:45
external/xla/xla/stream_executor/cuda/cuda_device_allocator.cc:226
external/xla/xla/stream_executor/cuda/cuda_device_allocator.cc:403

E0820 14:24:17.703685 3200216 cuda_executor.cc:1176] [0] Failed to allocate device memory of 2.2KiB (2304 bytes): RESOURCE_EXHAUSTED: : CUDA_ERROR_OUT_OF_MEMORY: out of memory
=== Source Location Trace: ===
external/xla/xla/stream_executor/cuda/cuda_status.cc:45
external/xla/xla/stream_executor/cuda/cuda_device_allocator.cc:226
external/xla/xla/stream_executor/cuda/cuda_device_allocator.cc:403

E0820 14:24:17.704374 3200216 cuda_executor.cc:1176] [0] Failed to allocate device memory of 2.2KiB (2304 bytes): RESOURCE_EXHAUSTED: : CUDA_ERROR_OUT_OF_MEMORY: out of memory
=== Source Location Trace: ===
external/xla/xla/stream_executor/cuda/cuda_status.cc:45
external/xla/xla/stream_executor/cuda/cuda_device_allocator.cc:226
external/xla/xla/stream_executor/cuda/cuda_device_allocator.cc:403

E0820 14:24:17.705008 3200216 cuda_executor.cc:1176] [0] Failed to allocate device memory of 2.2KiB (2304 bytes): RESOURCE_EXHAUSTED: : CUDA_ERROR_OUT_OF_MEMORY: out of memory
=== Source Location Trace: ===
external/xla/xla/stream_executor/cuda/cuda_status.cc:45
external/xla/xla/stream_executor/cuda/cuda_device_allocator.cc:226
external/xla/xla/stream_executor/cuda/cuda_device_allocator.cc:403

E0820 14:24:17.705686 3200216 cuda_executor.cc:1176] [0] Failed to allocate device memory of 2.2KiB (2304 bytes): RESOURCE_EXHAUSTED: : CUDA_ERROR_OUT_OF_MEMORY: out of memory
=== Source Location Trace: ===
external/xla/xla/stream_executor/cuda/cuda_status.cc:45
external/xla/xla/stream_executor/cuda/cuda_device_allocator.cc:226
external/xla/xla/stream_executor/cuda/cuda_device_allocator.cc:403

E0820 14:24:17.706340 3200216 cuda_executor.cc:1176] [0] Failed to allocate device memory of 2.2KiB (2304 bytes): RESOURCE_EXHAUSTED: : CUDA_ERROR_OUT_OF_MEMORY: out of memory
=== Source Location Trace: ===
external/xla/xla/stream_executor/cuda/cuda_status.cc:45
external/xla/xla/stream_executor/cuda/cuda_device_allocator.cc:226
external/xla/xla/stream_executor/cuda/cuda_device_allocator.cc:403

E0820 14:24:17.706959 3200216 cuda_executor.cc:1176] [0] Failed to allocate device memory of 2.2KiB (2304 bytes): RESOURCE_EXHAUSTED: : CUDA_ERROR_OUT_OF_MEMORY: out of memory
=== Source Location Trace: ===
external/xla/xla/stream_executor/cuda/cuda_status.cc:45
external/xla/xla/stream_executor/cuda/cuda_device_allocator.cc:226
external/xla/xla/stream_executor/cuda/cuda_device_allocator.cc:403

E0820 14:24:17.707606 3200216 cuda_executor.cc:1176] [0] Failed to allocate device memory of 2.2KiB (2304 bytes): RESOURCE_EXHAUSTED: : CUDA_ERROR_OUT_OF_MEMORY: out of memory
=== Source Location Trace: ===
external/xla/xla/stream_executor/cuda/cuda_status.cc:45
external/xla/xla/stream_executor/cuda/cuda_device_allocator.cc:226
external/xla/xla/stream_executor/cuda/cuda_device_allocator.cc:403

E0820 14:24:17.708241 3200216 cuda_executor.cc:1176] [0] Failed to allocate device memory of 2.2KiB (2304 bytes): RESOURCE_EXHAUSTED: : CUDA_ERROR_OUT_OF_MEMORY: out of memory
=== Source Location Trace: ===
external/xla/xla/stream_executor/cuda/cuda_status.cc:45
external/xla/xla/stream_executor/cuda/cuda_device_allocator.cc:226
external/xla/xla/stream_executor/cuda/cuda_device_allocator.cc:403

E0820 14:24:17.708876 3200216 cuda_executor.cc:1176] [0] Failed to allocate device memory of 2.2KiB (2304 bytes): RESOURCE_EXHAUSTED: : CUDA_ERROR_OUT_OF_MEMORY: out of memory
=== Source Location Trace: ===
external/xla/xla/stream_executor/cuda/cuda_status.cc:45
external/xla/xla/stream_executor/cuda/cuda_device_allocator.cc:226
external/xla/xla/stream_executor/cuda/cuda_device_allocator.cc:403

E0820 14:24:17.709602 3200216 cuda_executor.cc:1176] [0] Failed to allocate device memory of 2.2KiB (2304 bytes): RESOURCE_EXHAUSTED: : CUDA_ERROR_OUT_OF_MEMORY: out of memory
=== Source Location Trace: ===
external/xla/xla/stream_executor/cuda/cuda_status.cc:45
external/xla/xla/stream_executor/cuda/cuda_device_allocator.cc:226
external/xla/xla/stream_executor/cuda/cuda_device_allocator.cc:403

E0820 14:24:17.710232 3200216 cuda_executor.cc:1176] [0] Failed to allocate device memory of 2.2KiB (2304 bytes): RESOURCE_EXHAUSTED: : CUDA_ERROR_OUT_OF_MEMORY: out of memory
=== Source Location Trace: ===
external/xla/xla/stream_executor/cuda/cuda_status.cc:45
external/xla/xla/stream_executor/cuda/cuda_device_allocator.cc:226
external/xla/xla/stream_executor/cuda/cuda_device_allocator.cc:403

E0820 14:24:17.710849 3200216 cuda_executor.cc:1176] [0] Failed to allocate device memory of 2.2KiB (2304 bytes): RESOURCE_EXHAUSTED: : CUDA_ERROR_OUT_OF_MEMORY: out of memory
=== Source Location Trace: ===
external/xla/xla/stream_executor/cuda/cuda_status.cc:45
external/xla/xla/stream_executor/cuda/cuda_device_allocator.cc:226
external/xla/xla/stream_executor/cuda/cuda_device_allocator.cc:403

E0820 14:24:17.711544 3200216 cuda_executor.cc:1176] [0] Failed to allocate device memory of 2.2KiB (2304 bytes): RESOURCE_EXHAUSTED: : CUDA_ERROR_OUT_OF_MEMORY: out of memory
=== Source Location Trace: ===
external/xla/xla/stream_executor/cuda/cuda_status.cc:45
external/xla/xla/stream_executor/cuda/cuda_device_allocator.cc:226
external/xla/xla/stream_executor/cuda/cuda_device_allocator.cc:403

E0820 14:24:17.712160 3200216 cuda_executor.cc:1176] [0] Failed to allocate device memory of 2.2KiB (2304 bytes): RESOURCE_EXHAUSTED: : CUDA_ERROR_OUT_OF_MEMORY: out of memory
=== Source Location Trace: ===
external/xla/xla/stream_executor/cuda/cuda_status.cc:45
external/xla/xla/stream_executor/cuda/cuda_device_allocator.cc:226
external/xla/xla/stream_executor/cuda/cuda_device_allocator.cc:403

E0820 14:24:17.712875 3200216 cuda_executor.cc:1176] [0] Failed to allocate device memory of 2.2KiB (2304 bytes): RESOURCE_EXHAUSTED: : CUDA_ERROR_OUT_OF_MEMORY: out of memory
=== Source Location Trace: ===
external/xla/xla/stream_executor/cuda/cuda_status.cc:45
external/xla/xla/stream_executor/cuda/cuda_device_allocator.cc:226
external/xla/xla/stream_executor/cuda/cuda_device_allocator.cc:403

E0820 14:24:17.713574 3200216 cuda_executor.cc:1176] [0] Failed to allocate device memory of 2.2KiB (2304 bytes): RESOURCE_EXHAUSTED: : CUDA_ERROR_OUT_OF_MEMORY: out of memory
=== Source Location Trace: ===
external/xla/xla/stream_executor/cuda/cuda_status.cc:45
external/xla/xla/stream_executor/cuda/cuda_device_allocator.cc:226
external/xla/xla/stream_executor/cuda/cuda_device_allocator.cc:403

E0820 14:24:17.714145 3200216 cuda_executor.cc:1176] [0] Failed to allocate device memory of 2.2KiB (2304 bytes): RESOURCE_EXHAUSTED: : CUDA_ERROR_OUT_OF_MEMORY: out of memory
=== Source Location Trace: ===
external/xla/xla/stream_executor/cuda/cuda_status.cc:45
external/xla/xla/stream_executor/cuda/cuda_device_allocator.cc:226
external/xla/xla/stream_executor/cuda/cuda_device_allocator.cc:403

E0820 14:24:17.714837 3200216 cuda_executor.cc:1176] [0] Failed to allocate device memory of 2.2KiB (2304 bytes): RESOURCE_EXHAUSTED: : CUDA_ERROR_OUT_OF_MEMORY: out of memory
=== Source Location Trace: ===
external/xla/xla/stream_executor/cuda/cuda_status.cc:45
external/xla/xla/stream_executor/cuda/cuda_device_allocator.cc:226
external/xla/xla/stream_executor/cuda/cuda_device_allocator.cc:403

E0820 14:24:17.715541 3200216 cuda_executor.cc:1176] [0] Failed to allocate device memory of 2.2KiB (2304 bytes): RESOURCE_EXHAUSTED: : CUDA_ERROR_OUT_OF_MEMORY: out of memory
=== Source Location Trace: ===
external/xla/xla/stream_executor/cuda/cuda_status.cc:45
external/xla/xla/stream_executor/cuda/cuda_device_allocator.cc:226
external/xla/xla/stream_executor/cuda/cuda_device_allocator.cc:403

E0820 14:24:17.716151 3200216 cuda_executor.cc:1176] [0] Failed to allocate device memory of 2.2KiB (2304 bytes): RESOURCE_EXHAUSTED: : CUDA_ERROR_OUT_OF_MEMORY: out of memory
=== Source Location Trace: ===
external/xla/xla/stream_executor/cuda/cuda_status.cc:45
external/xla/xla/stream_executor/cuda/cuda_device_allocator.cc:226
external/xla/xla/stream_executor/cuda/cuda_device_allocator.cc:403

E0820 14:24:17.716849 3200216 cuda_executor.cc:1176] [0] Failed to allocate device memory of 2.2KiB (2304 bytes): RESOURCE_EXHAUSTED: : CUDA_ERROR_OUT_OF_MEMORY: out of memory
=== Source Location Trace: ===
external/xla/xla/stream_executor/cuda/cuda_status.cc:45
external/xla/xla/stream_executor/cuda/cuda_device_allocator.cc:226
external/xla/xla/stream_executor/cuda/cuda_device_allocator.cc:403

E0820 14:24:17.717542 3200216 cuda_executor.cc:1176] [0] Failed to allocate device memory of 2.2KiB (2304 bytes): RESOURCE_EXHAUSTED: : CUDA_ERROR_OUT_OF_MEMORY: out of memory
=== Source Location Trace: ===
external/xla/xla/stream_executor/cuda/cuda_status.cc:45
external/xla/xla/stream_executor/cuda/cuda_device_allocator.cc:226
external/xla/xla/stream_executor/cuda/cuda_device_allocator.cc:403

E0820 14:24:17.718158 3200216 cuda_executor.cc:1176] [0] Failed to allocate device memory of 2.2KiB (2304 bytes): RESOURCE_EXHAUSTED: : CUDA_ERROR_OUT_OF_MEMORY: out of memory
=== Source Location Trace: ===
external/xla/xla/stream_executor/cuda/cuda_status.cc:45
external/xla/xla/stream_executor/cuda/cuda_device_allocator.cc:226
external/xla/xla/stream_executor/cuda/cuda_device_allocator.cc:403

E0820 14:24:17.718857 3200216 cuda_executor.cc:1176] [0] Failed to allocate device memory of 2.2KiB (2304 bytes): RESOURCE_EXHAUSTED: : CUDA_ERROR_OUT_OF_MEMORY: out of memory
=== Source Location Trace: ===
external/xla/xla/stream_executor/cuda/cuda_status.cc:45
external/xla/xla/stream_executor/cuda/cuda_device_allocator.cc:226
external/xla/xla/stream_executor/cuda/cuda_device_allocator.cc:403

E0820 14:24:17.719547 3200216 cuda_executor.cc:1176] [0] Failed to allocate device memory of 2.2KiB (2304 bytes): RESOURCE_EXHAUSTED: : CUDA_ERROR_OUT_OF_MEMORY: out of memory
=== Source Location Trace: ===
external/xla/xla/stream_executor/cuda/cuda_status.cc:45
external/xla/xla/stream_executor/cuda/cuda_device_allocator.cc:226
external/xla/xla/stream_executor/cuda/cuda_device_allocator.cc:403

E0820 14:24:17.720155 3200216 cuda_executor.cc:1176] [0] Failed to allocate device memory of 2.2KiB (2304 bytes): RESOURCE_EXHAUSTED: : CUDA_ERROR_OUT_OF_MEMORY: out of memory
=== Source Location Trace: ===
external/xla/xla/stream_executor/cuda/cuda_status.cc:45
external/xla/xla/stream_executor/cuda/cuda_device_allocator.cc:226
external/xla/xla/stream_executor/cuda/cuda_device_allocator.cc:403

E0820 14:24:17.720863 3200216 cuda_executor.cc:1176] [0] Failed to allocate device memory of 2.2KiB (2304 bytes): RESOURCE_EXHAUSTED: : CUDA_ERROR_OUT_OF_MEMORY: out of memory
=== Source Location Trace: ===
external/xla/xla/stream_executor/cuda/cuda_status.cc:45
external/xla/xla/stream_executor/cuda/cuda_device_allocator.cc:226
external/xla/xla/stream_executor/cuda/cuda_device_allocator.cc:403

E0820 14:24:17.721549 3200216 cuda_executor.cc:1176] [0] Failed to allocate device memory of 2.2KiB (2304 bytes): RESOURCE_EXHAUSTED: : CUDA_ERROR_OUT_OF_MEMORY: out of memory
=== Source Location Trace: ===
external/xla/xla/stream_executor/cuda/cuda_status.cc:45
external/xla/xla/stream_executor/cuda/cuda_device_allocator.cc:226
external/xla/xla/stream_executor/cuda/cuda_device_allocator.cc:403

E0820 14:24:17.722138 3200216 cuda_executor.cc:1176] [0] Failed to allocate device memory of 2.2KiB (2304 bytes): RESOURCE_EXHAUSTED: : CUDA_ERROR_OUT_OF_MEMORY: out of memory
=== Source Location Trace: ===
external/xla/xla/stream_executor/cuda/cuda_status.cc:45
external/xla/xla/stream_executor/cuda/cuda_device_allocator.cc:226
external/xla/xla/stream_executor/cuda/cuda_device_allocator.cc:403

E0820 14:24:17.722803 3200216 cuda_executor.cc:1176] [0] Failed to allocate device memory of 2.2KiB (2304 bytes): RESOURCE_EXHAUSTED: : CUDA_ERROR_OUT_OF_MEMORY: out of memory
=== Source Location Trace: ===
external/xla/xla/stream_executor/cuda/cuda_status.cc:45
external/xla/xla/stream_executor/cuda/cuda_device_allocator.cc:226
external/xla/xla/stream_executor/cuda/cuda_device_allocator.cc:403

E0820 14:24:17.723446 3200216 cuda_executor.cc:1176] [0] Failed to allocate device memory of 2.2KiB (2304 bytes): RESOURCE_EXHAUSTED: : CUDA_ERROR_OUT_OF_MEMORY: out of memory
=== Source Location Trace: ===
external/xla/xla/stream_executor/cuda/cuda_status.cc:45
external/xla/xla/stream_executor/cuda/cuda_device_allocator.cc:226
external/xla/xla/stream_executor/cuda/cuda_device_allocator.cc:403

E0820 14:24:17.724025 3200216 cuda_executor.cc:1176] [0] Failed to allocate device memory of 2.2KiB (2304 bytes): RESOURCE_EXHAUSTED: : CUDA_ERROR_OUT_OF_MEMORY: out of memory
=== Source Location Trace: ===
external/xla/xla/stream_executor/cuda/cuda_status.cc:45
external/xla/xla/stream_executor/cuda/cuda_device_allocator.cc:226
external/xla/xla/stream_executor/cuda/cuda_device_allocator.cc:403

E0820 14:24:17.724670 3200216 cuda_executor.cc:1176] [0] Failed to allocate device memory of 2.2KiB (2304 bytes): RESOURCE_EXHAUSTED: : CUDA_ERROR_OUT_OF_MEMORY: out of memory
=== Source Location Trace: ===
external/xla/xla/stream_executor/cuda/cuda_status.cc:45
external/xla/xla/stream_executor/cuda/cuda_device_allocator.cc:226
external/xla/xla/stream_executor/cuda/cuda_device_allocator.cc:403

E0820 14:24:17.725275 3200216 cuda_executor.cc:1176] [0] Failed to allocate device memory of 2.2KiB (2304 bytes): RESOURCE_EXHAUSTED: : CUDA_ERROR_OUT_OF_MEMORY: out of memory
=== Source Location Trace: ===
external/xla/xla/stream_executor/cuda/cuda_status.cc:45
external/xla/xla/stream_executor/cuda/cuda_device_allocator.cc:226
external/xla/xla/stream_executor/cuda/cuda_device_allocator.cc:403

E0820 14:24:17.725844 3200216 cuda_executor.cc:1176] [0] Failed to allocate device memory of 2.2KiB (2304 bytes): RESOURCE_EXHAUSTED: : CUDA_ERROR_OUT_OF_MEMORY: out of memory
=== Source Location Trace: ===
external/xla/xla/stream_executor/cuda/cuda_status.cc:45
external/xla/xla/stream_executor/cuda/cuda_device_allocator.cc:226
external/xla/xla/stream_executor/cuda/cuda_device_allocator.cc:403

E0820 14:24:17.726474 3200216 cuda_executor.cc:1176] [0] Failed to allocate device memory of 2.2KiB (2304 bytes): RESOURCE_EXHAUSTED: : CUDA_ERROR_OUT_OF_MEMORY: out of memory
=== Source Location Trace: ===
external/xla/xla/stream_executor/cuda/cuda_status.cc:45
external/xla/xla/stream_executor/cuda/cuda_device_allocator.cc:226
external/xla/xla/stream_executor/cuda/cuda_device_allocator.cc:403

E0820 14:24:17.727042 3200216 cuda_executor.cc:1176] [0] Failed to allocate device memory of 2.2KiB (2304 bytes): RESOURCE_EXHAUSTED: : CUDA_ERROR_OUT_OF_MEMORY: out of memory
=== Source Location Trace: ===
external/xla/xla/stream_executor/cuda/cuda_status.cc:45
external/xla/xla/stream_executor/cuda/cuda_device_allocator.cc:226
external/xla/xla/stream_executor/cuda/cuda_device_allocator.cc:403

E0820 14:24:17.727649 3200216 cuda_executor.cc:1176] [0] Failed to allocate device memory of 2.2KiB (2304 bytes): RESOURCE_EXHAUSTED: : CUDA_ERROR_OUT_OF_MEMORY: out of memory
=== Source Location Trace: ===
external/xla/xla/stream_executor/cuda/cuda_status.cc:45
external/xla/xla/stream_executor/cuda/cuda_device_allocator.cc:226
external/xla/xla/stream_executor/cuda/cuda_device_allocator.cc:403

E0820 14:24:17.728206 3200216 cuda_executor.cc:1176] [0] Failed to allocate device memory of 2.2KiB (2304 bytes): RESOURCE_EXHAUSTED: : CUDA_ERROR_OUT_OF_MEMORY: out of memory
=== Source Location Trace: ===
external/xla/xla/stream_executor/cuda/cuda_status.cc:45
external/xla/xla/stream_executor/cuda/cuda_device_allocator.cc:226
external/xla/xla/stream_executor/cuda/cuda_device_allocator.cc:403

E0820 14:24:17.728871 3200216 cuda_executor.cc:1176] [0] Failed to allocate device memory of 2.2KiB (2304 bytes): RESOURCE_EXHAUSTED: : CUDA_ERROR_OUT_OF_MEMORY: out of memory
=== Source Location Trace: ===
external/xla/xla/stream_executor/cuda/cuda_status.cc:45
external/xla/xla/stream_executor/cuda/cuda_device_allocator.cc:226
external/xla/xla/stream_executor/cuda/cuda_device_allocator.cc:403

E0820 14:24:17.729517 3200216 cuda_executor.cc:1176] [0] Failed to allocate device memory of 2.2KiB (2304 bytes): RESOURCE_EXHAUSTED: : CUDA_ERROR_OUT_OF_MEMORY: out of memory
=== Source Location Trace: ===
external/xla/xla/stream_executor/cuda/cuda_status.cc:45
external/xla/xla/stream_executor/cuda/cuda_device_allocator.cc:226
external/xla/xla/stream_executor/cuda/cuda_device_allocator.cc:403

E0820 14:24:17.730081 3200216 cuda_executor.cc:1176] [0] Failed to allocate device memory of 2.2KiB (2304 bytes): RESOURCE_EXHAUSTED: : CUDA_ERROR_OUT_OF_MEMORY: out of memory
=== Source Location Trace: ===
external/xla/xla/stream_executor/cuda/cuda_status.cc:45
external/xla/xla/stream_executor/cuda/cuda_device_allocator.cc:226
external/xla/xla/stream_executor/cuda/cuda_device_allocator.cc:403

E0820 14:24:17.730674 3200216 cuda_executor.cc:1176] [0] Failed to allocate device memory of 2.2KiB (2304 bytes): RESOURCE_EXHAUSTED: : CUDA_ERROR_OUT_OF_MEMORY: out of memory
=== Source Location Trace: ===
external/xla/xla/stream_executor/cuda/cuda_status.cc:45
external/xla/xla/stream_executor/cuda/cuda_device_allocator.cc:226
external/xla/xla/stream_executor/cuda/cuda_device_allocator.cc:403

E0820 14:24:17.731214 3200216 cuda_executor.cc:1176] [0] Failed to allocate device memory of 2.2KiB (2304 bytes): RESOURCE_EXHAUSTED: : CUDA_ERROR_OUT_OF_MEMORY: out of memory
=== Source Location Trace: ===
external/xla/xla/stream_executor/cuda/cuda_status.cc:45
external/xla/xla/stream_executor/cuda/cuda_device_allocator.cc:226
external/xla/xla/stream_executor/cuda/cuda_device_allocator.cc:403

E0820 14:24:17.731783 3200216 cuda_executor.cc:1176] [0] Failed to allocate device memory of 2.2KiB (2304 bytes): RESOURCE_EXHAUSTED: : CUDA_ERROR_OUT_OF_MEMORY: out of memory
=== Source Location Trace: ===
external/xla/xla/stream_executor/cuda/cuda_status.cc:45
external/xla/xla/stream_executor/cuda/cuda_device_allocator.cc:226
external/xla/xla/stream_executor/cuda/cuda_device_allocator.cc:403

E0820 14:24:17.732446 3200216 cuda_executor.cc:1176] [0] Failed to allocate device memory of 2.2KiB (2304 bytes): RESOURCE_EXHAUSTED: : CUDA_ERROR_OUT_OF_MEMORY: out of memory
=== Source Location Trace: ===
external/xla/xla/stream_executor/cuda/cuda_status.cc:45
external/xla/xla/stream_executor/cuda/cuda_device_allocator.cc:226
external/xla/xla/stream_executor/cuda/cuda_device_allocator.cc:403

E0820 14:24:17.733068 3200216 cuda_executor.cc:1176] [0] Failed to allocate device memory of 2.2KiB (2304 bytes): RESOURCE_EXHAUSTED: : CUDA_ERROR_OUT_OF_MEMORY: out of memory
=== Source Location Trace: ===
external/xla/xla/stream_executor/cuda/cuda_status.cc:45
external/xla/xla/stream_executor/cuda/cuda_device_allocator.cc:226
external/xla/xla/stream_executor/cuda/cuda_device_allocator.cc:403

E0820 14:24:17.733739 3200216 cuda_executor.cc:1176] [0] Failed to allocate device memory of 2.2KiB (2304 bytes): RESOURCE_EXHAUSTED: : CUDA_ERROR_OUT_OF_MEMORY: out of memory
=== Source Location Trace: ===
external/xla/xla/stream_executor/cuda/cuda_status.cc:45
external/xla/xla/stream_executor/cuda/cuda_device_allocator.cc:226
external/xla/xla/stream_executor/cuda/cuda_device_allocator.cc:403

E0820 14:24:17.734395 3200216 cuda_executor.cc:1176] [0] Failed to allocate device memory of 2.2KiB (2304 bytes): RESOURCE_EXHAUSTED: : CUDA_ERROR_OUT_OF_MEMORY: out of memory
=== Source Location Trace: ===
external/xla/xla/stream_executor/cuda/cuda_status.cc:45
external/xla/xla/stream_executor/cuda/cuda_device_allocator.cc:226
external/xla/xla/stream_executor/cuda/cuda_device_allocator.cc:403

E0820 14:24:17.735011 3200216 cuda_executor.cc:1176] [0] Failed to allocate device memory of 2.2KiB (2304 bytes): RESOURCE_EXHAUSTED: : CUDA_ERROR_OUT_OF_MEMORY: out of memory
=== Source Location Trace: ===
external/xla/xla/stream_executor/cuda/cuda_status.cc:45
external/xla/xla/stream_executor/cuda/cuda_device_allocator.cc:226
external/xla/xla/stream_executor/cuda/cuda_device_allocator.cc:403

E0820 14:24:17.735686 3200216 cuda_executor.cc:1176] [0] Failed to allocate device memory of 2.2KiB (2304 bytes): RESOURCE_EXHAUSTED: : CUDA_ERROR_OUT_OF_MEMORY: out of memory
=== Source Location Trace: ===
external/xla/xla/stream_executor/cuda/cuda_status.cc:45
external/xla/xla/stream_executor/cuda/cuda_device_allocator.cc:226
external/xla/xla/stream_executor/cuda/cuda_device_allocator.cc:403

E0820 14:24:17.736347 3200216 cuda_executor.cc:1176] [0] Failed to allocate device memory of 2.2KiB (2304 bytes): RESOURCE_EXHAUSTED: : CUDA_ERROR_OUT_OF_MEMORY: out of memory
=== Source Location Trace: ===
external/xla/xla/stream_executor/cuda/cuda_status.cc:45
external/xla/xla/stream_executor/cuda/cuda_device_allocator.cc:226
external/xla/xla/stream_executor/cuda/cuda_device_allocator.cc:403

E0820 14:24:17.736953 3200216 cuda_executor.cc:1176] [0] Failed to allocate device memory of 2.2KiB (2304 bytes): RESOURCE_EXHAUSTED: : CUDA_ERROR_OUT_OF_MEMORY: out of memory
=== Source Location Trace: ===
external/xla/xla/stream_executor/cuda/cuda_status.cc:45
external/xla/xla/stream_executor/cuda/cuda_device_allocator.cc:226
external/xla/xla/stream_executor/cuda/cuda_device_allocator.cc:403

E0820 14:24:17.737572 3200216 cuda_executor.cc:1176] [0] Failed to allocate device memory of 2.2KiB (2304 bytes): RESOURCE_EXHAUSTED: : CUDA_ERROR_OUT_OF_MEMORY: out of memory
=== Source Location Trace: ===
external/xla/xla/stream_executor/cuda/cuda_status.cc:45
external/xla/xla/stream_executor/cuda/cuda_device_allocator.cc:226
external/xla/xla/stream_executor/cuda/cuda_device_allocator.cc:403

E0820 14:24:17.738177 3200216 cuda_executor.cc:1176] [0] Failed to allocate device memory of 2.2KiB (2304 bytes): RESOURCE_EXHAUSTED: : CUDA_ERROR_OUT_OF_MEMORY: out of memory
=== Source Location Trace: ===
external/xla/xla/stream_executor/cuda/cuda_status.cc:45
external/xla/xla/stream_executor/cuda/cuda_device_allocator.cc:226
external/xla/xla/stream_executor/cuda/cuda_device_allocator.cc:403

E0820 14:24:17.738893 3200216 cuda_executor.cc:1176] [0] Failed to allocate device memory of 2.2KiB (2304 bytes): RESOURCE_EXHAUSTED: : CUDA_ERROR_OUT_OF_MEMORY: out of memory
=== Source Location Trace: ===
external/xla/xla/stream_executor/cuda/cuda_status.cc:45
external/xla/xla/stream_executor/cuda/cuda_device_allocator.cc:226
external/xla/xla/stream_executor/cuda/cuda_device_allocator.cc:403

E0820 14:24:17.739610 3200216 cuda_executor.cc:1176] [0] Failed to allocate device memory of 2.2KiB (2304 bytes): RESOURCE_EXHAUSTED: : CUDA_ERROR_OUT_OF_MEMORY: out of memory
=== Source Location Trace: ===
external/xla/xla/stream_executor/cuda/cuda_status.cc:45
external/xla/xla/stream_executor/cuda/cuda_device_allocator.cc:226
external/xla/xla/stream_executor/cuda/cuda_device_allocator.cc:403

E0820 14:24:17.740216 3200216 cuda_executor.cc:1176] [0] Failed to allocate device memory of 2.2KiB (2304 bytes): RESOURCE_EXHAUSTED: : CUDA_ERROR_OUT_OF_MEMORY: out of memory
=== Source Location Trace: ===
external/xla/xla/stream_executor/cuda/cuda_status.cc:45
external/xla/xla/stream_executor/cuda/cuda_device_allocator.cc:226
external/xla/xla/stream_executor/cuda/cuda_device_allocator.cc:403

E0820 14:24:17.740805 3200216 cuda_executor.cc:1176] [0] Failed to allocate device memory of 2.2KiB (2304 bytes): RESOURCE_EXHAUSTED: : CUDA_ERROR_OUT_OF_MEMORY: out of memory
=== Source Location Trace: ===
external/xla/xla/stream_executor/cuda/cuda_status.cc:45
external/xla/xla/stream_executor/cuda/cuda_device_allocator.cc:226
external/xla/xla/stream_executor/cuda/cuda_device_allocator.cc:403

E0820 14:24:17.741469 3200216 cuda_executor.cc:1176] [0] Failed to allocate device memory of 2.2KiB (2304 bytes): RESOURCE_EXHAUSTED: : CUDA_ERROR_OUT_OF_MEMORY: out of memory
=== Source Location Trace: ===
external/xla/xla/stream_executor/cuda/cuda_status.cc:45
external/xla/xla/stream_executor/cuda/cuda_device_allocator.cc:226
external/xla/xla/stream_executor/cuda/cuda_device_allocator.cc:403

E0820 14:24:17.742085 3200216 cuda_executor.cc:1176] [0] Failed to allocate device memory of 2.2KiB (2304 bytes): RESOURCE_EXHAUSTED: : CUDA_ERROR_OUT_OF_MEMORY: out of memory
=== Source Location Trace: ===
external/xla/xla/stream_executor/cuda/cuda_status.cc:45
external/xla/xla/stream_executor/cuda/cuda_device_allocator.cc:226
external/xla/xla/stream_executor/cuda/cuda_device_allocator.cc:403

E0820 14:24:17.742779 3200216 cuda_executor.cc:1176] [0] Failed to allocate device memory of 2.2KiB (2304 bytes): RESOURCE_EXHAUSTED: : CUDA_ERROR_OUT_OF_MEMORY: out of memory
=== Source Location Trace: ===
external/xla/xla/stream_executor/cuda/cuda_status.cc:45
external/xla/xla/stream_executor/cuda/cuda_device_allocator.cc:226
external/xla/xla/stream_executor/cuda/cuda_device_allocator.cc:403

E0820 14:24:17.743446 3200216 cuda_executor.cc:1176] [0] Failed to allocate device memory of 2.2KiB (2304 bytes): RESOURCE_EXHAUSTED: : CUDA_ERROR_OUT_OF_MEMORY: out of memory
=== Source Location Trace: ===
external/xla/xla/stream_executor/cuda/cuda_status.cc:45
external/xla/xla/stream_executor/cuda/cuda_device_allocator.cc:226
external/xla/xla/stream_executor/cuda/cuda_device_allocator.cc:403

E0820 14:24:17.744044 3200216 cuda_executor.cc:1176] [0] Failed to allocate device memory of 2.2KiB (2304 bytes): RESOURCE_EXHAUSTED: : CUDA_ERROR_OUT_OF_MEMORY: out of memory
=== Source Location Trace: ===
external/xla/xla/stream_executor/cuda/cuda_status.cc:45
external/xla/xla/stream_executor/cuda/cuda_device_allocator.cc:226
external/xla/xla/stream_executor/cuda/cuda_device_allocator.cc:403

E0820 14:24:17.744695 3200216 cuda_executor.cc:1176] [0] Failed to allocate device memory of 2.2KiB (2304 bytes): RESOURCE_EXHAUSTED: : CUDA_ERROR_OUT_OF_MEMORY: out of memory
=== Source Location Trace: ===
external/xla/xla/stream_executor/cuda/cuda_status.cc:45
external/xla/xla/stream_executor/cuda/cuda_device_allocator.cc:226
external/xla/xla/stream_executor/cuda/cuda_device_allocator.cc:403

E0820 14:24:17.745323 3200216 cuda_executor.cc:1176] [0] Failed to allocate device memory of 2.2KiB (2304 bytes): RESOURCE_EXHAUSTED: : CUDA_ERROR_OUT_OF_MEMORY: out of memory
=== Source Location Trace: ===
external/xla/xla/stream_executor/cuda/cuda_status.cc:45
external/xla/xla/stream_executor/cuda/cuda_device_allocator.cc:226
external/xla/xla/stream_executor/cuda/cuda_device_allocator.cc:403

E0820 14:24:17.745926 3200216 cuda_executor.cc:1176] [0] Failed to allocate device memory of 2.2KiB (2304 bytes): RESOURCE_EXHAUSTED: : CUDA_ERROR_OUT_OF_MEMORY: out of memory
=== Source Location Trace: ===
external/xla/xla/stream_executor/cuda/cuda_status.cc:45
external/xla/xla/stream_executor/cuda/cuda_device_allocator.cc:226
external/xla/xla/stream_executor/cuda/cuda_device_allocator.cc:403

E0820 14:24:17.746541 3200216 cuda_executor.cc:1176] [0] Failed to allocate device memory of 2.2KiB (2304 bytes): RESOURCE_EXHAUSTED: : CUDA_ERROR_OUT_OF_MEMORY: out of memory
=== Source Location Trace: ===
external/xla/xla/stream_executor/cuda/cuda_status.cc:45
external/xla/xla/stream_executor/cuda/cuda_device_allocator.cc:226
external/xla/xla/stream_executor/cuda/cuda_device_allocator.cc:403

E0820 14:24:17.747146 3200216 cuda_executor.cc:1176] [0] Failed to allocate device memory of 2.2KiB (2304 bytes): RESOURCE_EXHAUSTED: : CUDA_ERROR_OUT_OF_MEMORY: out of memory
=== Source Location Trace: ===
external/xla/xla/stream_executor/cuda/cuda_status.cc:45
external/xla/xla/stream_executor/cuda/cuda_device_allocator.cc:226
external/xla/xla/stream_executor/cuda/cuda_device_allocator.cc:403

E0820 14:24:17.747849 3200216 cuda_executor.cc:1176] [0] Failed to allocate device memory of 2.2KiB (2304 bytes): RESOURCE_EXHAUSTED: : CUDA_ERROR_OUT_OF_MEMORY: out of memory
=== Source Location Trace: ===
external/xla/xla/stream_executor/cuda/cuda_status.cc:45
external/xla/xla/stream_executor/cuda/cuda_device_allocator.cc:226
external/xla/xla/stream_executor/cuda/cuda_device_allocator.cc:403

E0820 14:24:17.748554 3200216 cuda_executor.cc:1176] [0] Failed to allocate device memory of 2.2KiB (2304 bytes): RESOURCE_EXHAUSTED: : CUDA_ERROR_OUT_OF_MEMORY: out of memory
=== Source Location Trace: ===
external/xla/xla/stream_executor/cuda/cuda_status.cc:45
external/xla/xla/stream_executor/cuda/cuda_device_allocator.cc:226
external/xla/xla/stream_executor/cuda/cuda_device_allocator.cc:403

E0820 14:24:17.749165 3200216 cuda_executor.cc:1176] [0] Failed to allocate device memory of 2.2KiB (2304 bytes): RESOURCE_EXHAUSTED: : CUDA_ERROR_OUT_OF_MEMORY: out of memory
=== Source Location Trace: ===
external/xla/xla/stream_executor/cuda/cuda_status.cc:45
external/xla/xla/stream_executor/cuda/cuda_device_allocator.cc:226
external/xla/xla/stream_executor/cuda/cuda_device_allocator.cc:403

E0820 14:24:17.749903 3200216 cuda_executor.cc:1176] [0] Failed to allocate device memory of 2.2KiB (2304 bytes): RESOURCE_EXHAUSTED: : CUDA_ERROR_OUT_OF_MEMORY: out of memory
=== Source Location Trace: ===
external/xla/xla/stream_executor/cuda/cuda_status.cc:45
external/xla/xla/stream_executor/cuda/cuda_device_allocator.cc:226
external/xla/xla/stream_executor/cuda/cuda_device_allocator.cc:403

E0820 14:24:17.750635 3200216 cuda_executor.cc:1176] [0] Failed to allocate device memory of 2.2KiB (2304 bytes): RESOURCE_EXHAUSTED: : CUDA_ERROR_OUT_OF_MEMORY: out of memory
=== Source Location Trace: ===
external/xla/xla/stream_executor/cuda/cuda_status.cc:45
external/xla/xla/stream_executor/cuda/cuda_device_allocator.cc:226
external/xla/xla/stream_executor/cuda/cuda_device_allocator.cc:403

E0820 14:24:17.751264 3200216 cuda_executor.cc:1176] [0] Failed to allocate device memory of 2.2KiB (2304 bytes): RESOURCE_EXHAUSTED: : CUDA_ERROR_OUT_OF_MEMORY: out of memory
=== Source Location Trace: ===
external/xla/xla/stream_executor/cuda/cuda_status.cc:45
external/xla/xla/stream_executor/cuda/cuda_device_allocator.cc:226
external/xla/xla/stream_executor/cuda/cuda_device_allocator.cc:403

E0820 14:24:17.751890 3200216 cuda_executor.cc:1176] [0] Failed to allocate device memory of 2.2KiB (2304 bytes): RESOURCE_EXHAUSTED: : CUDA_ERROR_OUT_OF_MEMORY: out of memory
=== Source Location Trace: ===
external/xla/xla/stream_executor/cuda/cuda_status.cc:45
external/xla/xla/stream_executor/cuda/cuda_device_allocator.cc:226
external/xla/xla/stream_executor/cuda/cuda_device_allocator.cc:403

E0820 14:24:17.752628 3200216 cuda_executor.cc:1176] [0] Failed to allocate device memory of 2.2KiB (2304 bytes): RESOURCE_EXHAUSTED: : CUDA_ERROR_OUT_OF_MEMORY: out of memory
=== Source Location Trace: ===
external/xla/xla/stream_executor/cuda/cuda_status.cc:45
external/xla/xla/stream_executor/cuda/cuda_device_allocator.cc:226
external/xla/xla/stream_executor/cuda/cuda_device_allocator.cc:403

E0820 14:24:17.753278 3200216 cuda_executor.cc:1176] [0] Failed to allocate device memory of 2.2KiB (2304 bytes): RESOURCE_EXHAUSTED: : CUDA_ERROR_OUT_OF_MEMORY: out of memory
=== Source Location Trace: ===
external/xla/xla/stream_executor/cuda/cuda_status.cc:45
external/xla/xla/stream_executor/cuda/cuda_device_allocator.cc:226
external/xla/xla/stream_executor/cuda/cuda_device_allocator.cc:403

E0820 14:24:17.753859 3200216 cuda_executor.cc:1176] [0] Failed to allocate device memory of 2.2KiB (2304 bytes): RESOURCE_EXHAUSTED: : CUDA_ERROR_OUT_OF_MEMORY: out of memory
=== Source Location Trace: ===
external/xla/xla/stream_executor/cuda/cuda_status.cc:45
external/xla/xla/stream_executor/cuda/cuda_device_allocator.cc:226
external/xla/xla/stream_executor/cuda/cuda_device_allocator.cc:403

E0820 14:24:17.754500 3200216 cuda_executor.cc:1176] [0] Failed to allocate device memory of 2.2KiB (2304 bytes): RESOURCE_EXHAUSTED: : CUDA_ERROR_OUT_OF_MEMORY: out of memory
=== Source Location Trace: ===
external/xla/xla/stream_executor/cuda/cuda_status.cc:45
external/xla/xla/stream_executor/cuda/cuda_device_allocator.cc:226
external/xla/xla/stream_executor/cuda/cuda_device_allocator.cc:403

E0820 14:24:17.755067 3200216 cuda_executor.cc:1176] [0] Failed to allocate device memory of 2.2KiB (2304 bytes): RESOURCE_EXHAUSTED: : CUDA_ERROR_OUT_OF_MEMORY: out of memory
=== Source Location Trace: ===
external/xla/xla/stream_executor/cuda/cuda_status.cc:45
external/xla/xla/stream_executor/cuda/cuda_device_allocator.cc:226
external/xla/xla/stream_executor/cuda/cuda_device_allocator.cc:403

E0820 14:24:17.755685 3200216 cuda_executor.cc:1176] [0] Failed to allocate device memory of 2.2KiB (2304 bytes): RESOURCE_EXHAUSTED: : CUDA_ERROR_OUT_OF_MEMORY: out of memory
=== Source Location Trace: ===
external/xla/xla/stream_executor/cuda/cuda_status.cc:45
external/xla/xla/stream_executor/cuda/cuda_device_allocator.cc:226
external/xla/xla/stream_executor/cuda/cuda_device_allocator.cc:403

E0820 14:24:17.756243 3200216 cuda_executor.cc:1176] [0] Failed to allocate device memory of 2.2KiB (2304 bytes): RESOURCE_EXHAUSTED: : CUDA_ERROR_OUT_OF_MEMORY: out of memory
=== Source Location Trace: ===
external/xla/xla/stream_executor/cuda/cuda_status.cc:45
external/xla/xla/stream_executor/cuda/cuda_device_allocator.cc:226
external/xla/xla/stream_executor/cuda/cuda_device_allocator.cc:403

E0820 14:24:17.756787 3200216 cuda_executor.cc:1176] [0] Failed to allocate device memory of 2.2KiB (2304 bytes): RESOURCE_EXHAUSTED: : CUDA_ERROR_OUT_OF_MEMORY: out of memory
=== Source Location Trace: ===
external/xla/xla/stream_executor/cuda/cuda_status.cc:45
external/xla/xla/stream_executor/cuda/cuda_device_allocator.cc:226
external/xla/xla/stream_executor/cuda/cuda_device_allocator.cc:403

E0820 14:24:17.757374 3200216 cuda_executor.cc:1176] [0] Failed to allocate device memory of 2.2KiB (2304 bytes): RESOURCE_EXHAUSTED: : CUDA_ERROR_OUT_OF_MEMORY: out of memory
=== Source Location Trace: ===
external/xla/xla/stream_executor/cuda/cuda_status.cc:45
external/xla/xla/stream_executor/cuda/cuda_device_allocator.cc:226
external/xla/xla/stream_executor/cuda/cuda_device_allocator.cc:403

E0820 14:24:17.757942 3200216 cuda_executor.cc:1176] [0] Failed to allocate device memory of 2.2KiB (2304 bytes): RESOURCE_EXHAUSTED: : CUDA_ERROR_OUT_OF_MEMORY: out of memory
=== Source Location Trace: ===
external/xla/xla/stream_executor/cuda/cuda_status.cc:45
external/xla/xla/stream_executor/cuda/cuda_device_allocator.cc:226
external/xla/xla/stream_executor/cuda/cuda_device_allocator.cc:403

E0820 14:24:17.758513 3200216 cuda_executor.cc:1176] [0] Failed to allocate device memory of 2.2KiB (2304 bytes): RESOURCE_EXHAUSTED: : CUDA_ERROR_OUT_OF_MEMORY: out of memory
=== Source Location Trace: ===
external/xla/xla/stream_executor/cuda/cuda_status.cc:45
external/xla/xla/stream_executor/cuda/cuda_device_allocator.cc:226
external/xla/xla/stream_executor/cuda/cuda_device_allocator.cc:403

E0820 14:24:17.759064 3200216 cuda_executor.cc:1176] [0] Failed to allocate device memory of 2.2KiB (2304 bytes): RESOURCE_EXHAUSTED: : CUDA_ERROR_OUT_OF_MEMORY: out of memory
=== Source Location Trace: ===
external/xla/xla/stream_executor/cuda/cuda_status.cc:45
external/xla/xla/stream_executor/cuda/cuda_device_allocator.cc:226
external/xla/xla/stream_executor/cuda/cuda_device_allocator.cc:403

E0820 14:24:17.759647 3200216 cuda_executor.cc:1176] [0] Failed to allocate device memory of 2.2KiB (2304 bytes): RESOURCE_EXHAUSTED: : CUDA_ERROR_OUT_OF_MEMORY: out of memory
=== Source Location Trace: ===
external/xla/xla/stream_executor/cuda/cuda_status.cc:45
external/xla/xla/stream_executor/cuda/cuda_device_allocator.cc:226
external/xla/xla/stream_executor/cuda/cuda_device_allocator.cc:403

E0820 14:24:17.760196 3200216 cuda_executor.cc:1176] [0] Failed to allocate device memory of 2.2KiB (2304 bytes): RESOURCE_EXHAUSTED: : CUDA_ERROR_OUT_OF_MEMORY: out of memory
=== Source Location Trace: ===
external/xla/xla/stream_executor/cuda/cuda_status.cc:45
external/xla/xla/stream_executor/cuda/cuda_device_allocator.cc:226
external/xla/xla/stream_executor/cuda/cuda_device_allocator.cc:403

E0820 14:24:17.760892 3200216 cuda_executor.cc:1176] [0] Failed to allocate device memory of 2.2KiB (2304 bytes): RESOURCE_EXHAUSTED: : CUDA_ERROR_OUT_OF_MEMORY: out of memory
=== Source Location Trace: ===
external/xla/xla/stream_executor/cuda/cuda_status.cc:45
external/xla/xla/stream_executor/cuda/cuda_device_allocator.cc:226
external/xla/xla/stream_executor/cuda/cuda_device_allocator.cc:403

E0820 14:24:17.761573 3200216 cuda_executor.cc:1176] [0] Failed to allocate device memory of 2.2KiB (2304 bytes): RESOURCE_EXHAUSTED: : CUDA_ERROR_OUT_OF_MEMORY: out of memory
=== Source Location Trace: ===
external/xla/xla/stream_executor/cuda/cuda_status.cc:45
external/xla/xla/stream_executor/cuda/cuda_device_allocator.cc:226
external/xla/xla/stream_executor/cuda/cuda_device_allocator.cc:403

E0820 14:24:17.762137 3200216 cuda_executor.cc:1176] [0] Failed to allocate device memory of 2.2KiB (2304 bytes): RESOURCE_EXHAUSTED: : CUDA_ERROR_OUT_OF_MEMORY: out of memory
=== Source Location Trace: ===
external/xla/xla/stream_executor/cuda/cuda_status.cc:45
external/xla/xla/stream_executor/cuda/cuda_device_allocator.cc:226
external/xla/xla/stream_executor/cuda/cuda_device_allocator.cc:403

E0820 14:24:17.762750 3200216 cuda_executor.cc:1176] [0] Failed to allocate device memory of 2.2KiB (2304 bytes): RESOURCE_EXHAUSTED: : CUDA_ERROR_OUT_OF_MEMORY: out of memory
=== Source Location Trace: ===
external/xla/xla/stream_executor/cuda/cuda_status.cc:45
external/xla/xla/stream_executor/cuda/cuda_device_allocator.cc:226
external/xla/xla/stream_executor/cuda/cuda_device_allocator.cc:403

E0820 14:24:17.763312 3200216 cuda_executor.cc:1176] [0] Failed to allocate device memory of 2.2KiB (2304 bytes): RESOURCE_EXHAUSTED: : CUDA_ERROR_OUT_OF_MEMORY: out of memory
=== Source Location Trace: ===
external/xla/xla/stream_executor/cuda/cuda_status.cc:45
external/xla/xla/stream_executor/cuda/cuda_device_allocator.cc:226
external/xla/xla/stream_executor/cuda/cuda_device_allocator.cc:403

E0820 14:24:17.763851 3200216 cuda_executor.cc:1176] [0] Failed to allocate device memory of 2.2KiB (2304 bytes): RESOURCE_EXHAUSTED: : CUDA_ERROR_OUT_OF_MEMORY: out of memory
=== Source Location Trace: ===
external/xla/xla/stream_executor/cuda/cuda_status.cc:45
external/xla/xla/stream_executor/cuda/cuda_device_allocator.cc:226
external/xla/xla/stream_executor/cuda/cuda_device_allocator.cc:403

E0820 14:24:17.764449 3200216 cuda_executor.cc:1176] [0] Failed to allocate device memory of 2.2KiB (2304 bytes): RESOURCE_EXHAUSTED: : CUDA_ERROR_OUT_OF_MEMORY: out of memory
=== Source Location Trace: ===
external/xla/xla/stream_executor/cuda/cuda_status.cc:45
external/xla/xla/stream_executor/cuda/cuda_device_allocator.cc:226
external/xla/xla/stream_executor/cuda/cuda_device_allocator.cc:403

E0820 14:24:17.765013 3200216 cuda_executor.cc:1176] [0] Failed to allocate device memory of 2.2KiB (2304 bytes): RESOURCE_EXHAUSTED: : CUDA_ERROR_OUT_OF_MEMORY: out of memory
=== Source Location Trace: ===
external/xla/xla/stream_executor/cuda/cuda_status.cc:45
external/xla/xla/stream_executor/cuda/cuda_device_allocator.cc:226
external/xla/xla/stream_executor/cuda/cuda_device_allocator.cc:403

E0820 14:24:17.765610 3200216 cuda_executor.cc:1176] [0] Failed to allocate device memory of 2.2KiB (2304 bytes): RESOURCE_EXHAUSTED: : CUDA_ERROR_OUT_OF_MEMORY: out of memory
=== Source Location Trace: ===
external/xla/xla/stream_executor/cuda/cuda_status.cc:45
external/xla/xla/stream_executor/cuda/cuda_device_allocator.cc:226
external/xla/xla/stream_executor/cuda/cuda_device_allocator.cc:403

E0820 14:24:17.766178 3200216 cuda_executor.cc:1176] [0] Failed to allocate device memory of 2.2KiB (2304 bytes): RESOURCE_EXHAUSTED: : CUDA_ERROR_OUT_OF_MEMORY: out of memory
=== Source Location Trace: ===
external/xla/xla/stream_executor/cuda/cuda_status.cc:45
external/xla/xla/stream_executor/cuda/cuda_device_allocator.cc:226
external/xla/xla/stream_executor/cuda/cuda_device_allocator.cc:403

E0820 14:24:17.766819 3200216 cuda_executor.cc:1176] [0] Failed to allocate device memory of 2.2KiB (2304 bytes): RESOURCE_EXHAUSTED: : CUDA_ERROR_OUT_OF_MEMORY: out of memory
=== Source Location Trace: ===
external/xla/xla/stream_executor/cuda/cuda_status.cc:45
external/xla/xla/stream_executor/cuda/cuda_device_allocator.cc:226
external/xla/xla/stream_executor/cuda/cuda_device_allocator.cc:403

E0820 14:24:17.767410 3200216 cuda_executor.cc:1176] [0] Failed to allocate device memory of 2.2KiB (2304 bytes): RESOURCE_EXHAUSTED: : CUDA_ERROR_OUT_OF_MEMORY: out of memory
=== Source Location Trace: ===
external/xla/xla/stream_executor/cuda/cuda_status.cc:45
external/xla/xla/stream_executor/cuda/cuda_device_allocator.cc:226
external/xla/xla/stream_executor/cuda/cuda_device_allocator.cc:403

E0820 14:24:17.767960 3200216 cuda_executor.cc:1176] [0] Failed to allocate device memory of 2.2KiB (2304 bytes): RESOURCE_EXHAUSTED: : CUDA_ERROR_OUT_OF_MEMORY: out of memory
=== Source Location Trace: ===
external/xla/xla/stream_executor/cuda/cuda_status.cc:45
external/xla/xla/stream_executor/cuda/cuda_device_allocator.cc:226
external/xla/xla/stream_executor/cuda/cuda_device_allocator.cc:403

E0820 14:24:17.768504 3200216 cuda_executor.cc:1176] [0] Failed to allocate device memory of 2.2KiB (2304 bytes): RESOURCE_EXHAUSTED: : CUDA_ERROR_OUT_OF_MEMORY: out of memory
=== Source Location Trace: ===
external/xla/xla/stream_executor/cuda/cuda_status.cc:45
external/xla/xla/stream_executor/cuda/cuda_device_allocator.cc:226
external/xla/xla/stream_executor/cuda/cuda_device_allocator.cc:403

E0820 14:24:17.769043 3200216 cuda_executor.cc:1176] [0] Failed to allocate device memory of 2.2KiB (2304 bytes): RESOURCE_EXHAUSTED: : CUDA_ERROR_OUT_OF_MEMORY: out of memory
=== Source Location Trace: ===
external/xla/xla/stream_executor/cuda/cuda_status.cc:45
external/xla/xla/stream_executor/cuda/cuda_device_allocator.cc:226
external/xla/xla/stream_executor/cuda/cuda_device_allocator.cc:403

E0820 14:24:17.769646 3200216 cuda_executor.cc:1176] [0] Failed to allocate device memory of 2.2KiB (2304 bytes): RESOURCE_EXHAUSTED: : CUDA_ERROR_OUT_OF_MEMORY: out of memory
=== Source Location Trace: ===
external/xla/xla/stream_executor/cuda/cuda_status.cc:45
external/xla/xla/stream_executor/cuda/cuda_device_allocator.cc:226
external/xla/xla/stream_executor/cuda/cuda_device_allocator.cc:403

E0820 14:24:17.770204 3200216 cuda_executor.cc:1176] [0] Failed to allocate device memory of 2.2KiB (2304 bytes): RESOURCE_EXHAUSTED: : CUDA_ERROR_OUT_OF_MEMORY: out of memory
=== Source Location Trace: ===
external/xla/xla/stream_executor/cuda/cuda_status.cc:45
external/xla/xla/stream_executor/cuda/cuda_device_allocator.cc:226
external/xla/xla/stream_executor/cuda/cuda_device_allocator.cc:403

E0820 14:24:17.770840 3200216 cuda_executor.cc:1176] [0] Failed to allocate device memory of 2.2KiB (2304 bytes): RESOURCE_EXHAUSTED: : CUDA_ERROR_OUT_OF_MEMORY: out of memory
=== Source Location Trace: ===
external/xla/xla/stream_executor/cuda/cuda_status.cc:45
external/xla/xla/stream_executor/cuda/cuda_device_allocator.cc:226
external/xla/xla/stream_executor/cuda/cuda_device_allocator.cc:403

E0820 14:24:17.771446 3200216 cuda_executor.cc:1176] [0] Failed to allocate device memory of 2.2KiB (2304 bytes): RESOURCE_EXHAUSTED: : CUDA_ERROR_OUT_OF_MEMORY: out of memory
=== Source Location Trace: ===
external/xla/xla/stream_executor/cuda/cuda_status.cc:45
external/xla/xla/stream_executor/cuda/cuda_device_allocator.cc:226
external/xla/xla/stream_executor/cuda/cuda_device_allocator.cc:403

E0820 14:24:17.771986 3200216 cuda_executor.cc:1176] [0] Failed to allocate device memory of 2.2KiB (2304 bytes): RESOURCE_EXHAUSTED: : CUDA_ERROR_OUT_OF_MEMORY: out of memory
=== Source Location Trace: ===
external/xla/xla/stream_executor/cuda/cuda_status.cc:45
external/xla/xla/stream_executor/cuda/cuda_device_allocator.cc:226
external/xla/xla/stream_executor/cuda/cuda_device_allocator.cc:403

E0820 14:24:17.772539 3200216 cuda_executor.cc:1176] [0] Failed to allocate device memory of 2.2KiB (2304 bytes): RESOURCE_EXHAUSTED: : CUDA_ERROR_OUT_OF_MEMORY: out of memory
=== Source Location Trace: ===
external/xla/xla/stream_executor/cuda/cuda_status.cc:45
external/xla/xla/stream_executor/cuda/cuda_device_allocator.cc:226
external/xla/xla/stream_executor/cuda/cuda_device_allocator.cc:403

E0820 14:24:17.773078 3200216 cuda_executor.cc:1176] [0] Failed to allocate device memory of 2.2KiB (2304 bytes): RESOURCE_EXHAUSTED: : CUDA_ERROR_OUT_OF_MEMORY: out of memory
=== Source Location Trace: ===
external/xla/xla/stream_executor/cuda/cuda_status.cc:45
external/xla/xla/stream_executor/cuda/cuda_device_allocator.cc:226
external/xla/xla/stream_executor/cuda/cuda_device_allocator.cc:403

E0820 14:24:17.773665 3200216 cuda_executor.cc:1176] [0] Failed to allocate device memory of 2.2KiB (2304 bytes): RESOURCE_EXHAUSTED: : CUDA_ERROR_OUT_OF_MEMORY: out of memory
=== Source Location Trace: ===
external/xla/xla/stream_executor/cuda/cuda_status.cc:45
external/xla/xla/stream_executor/cuda/cuda_device_allocator.cc:226
external/xla/xla/stream_executor/cuda/cuda_device_allocator.cc:403

E0820 14:24:17.774205 3200216 cuda_executor.cc:1176] [0] Failed to allocate device memory of 2.2KiB (2304 bytes): RESOURCE_EXHAUSTED: : CUDA_ERROR_OUT_OF_MEMORY: out of memory
=== Source Location Trace: ===
external/xla/xla/stream_executor/cuda/cuda_status.cc:45
external/xla/xla/stream_executor/cuda/cuda_device_allocator.cc:226
external/xla/xla/stream_executor/cuda/cuda_device_allocator.cc:403

E0820 14:24:17.774872 3200216 cuda_executor.cc:1176] [0] Failed to allocate device memory of 2.2KiB (2304 bytes): RESOURCE_EXHAUSTED: : CUDA_ERROR_OUT_OF_MEMORY: out of memory
=== Source Location Trace: ===
external/xla/xla/stream_executor/cuda/cuda_status.cc:45
external/xla/xla/stream_executor/cuda/cuda_device_allocator.cc:226
external/xla/xla/stream_executor/cuda/cuda_device_allocator.cc:403

E0820 14:24:17.775497 3200216 cuda_executor.cc:1176] [0] Failed to allocate device memory of 2.2KiB (2304 bytes): RESOURCE_EXHAUSTED: : CUDA_ERROR_OUT_OF_MEMORY: out of memory
=== Source Location Trace: ===
external/xla/xla/stream_executor/cuda/cuda_status.cc:45
external/xla/xla/stream_executor/cuda/cuda_device_allocator.cc:226
external/xla/xla/stream_executor/cuda/cuda_device_allocator.cc:403

E0820 14:24:17.776036 3200216 cuda_executor.cc:1176] [0] Failed to allocate device memory of 2.2KiB (2304 bytes): RESOURCE_EXHAUSTED: : CUDA_ERROR_OUT_OF_MEMORY: out of memory
=== Source Location Trace: ===
external/xla/xla/stream_executor/cuda/cuda_status.cc:45
external/xla/xla/stream_executor/cuda/cuda_device_allocator.cc:226
external/xla/xla/stream_executor/cuda/cuda_device_allocator.cc:403

E0820 14:24:17.776614 3200216 cuda_executor.cc:1176] [0] Failed to allocate device memory of 2.2KiB (2304 bytes): RESOURCE_EXHAUSTED: : CUDA_ERROR_OUT_OF_MEMORY: out of memory
=== Source Location Trace: ===
external/xla/xla/stream_executor/cuda/cuda_status.cc:45
external/xla/xla/stream_executor/cuda/cuda_device_allocator.cc:226
external/xla/xla/stream_executor/cuda/cuda_device_allocator.cc:403

E0820 14:24:17.777156 3200216 cuda_executor.cc:1176] [0] Failed to allocate device memory of 2.2KiB (2304 bytes): RESOURCE_EXHAUSTED: : CUDA_ERROR_OUT_OF_MEMORY: out of memory
=== Source Location Trace: ===
external/xla/xla/stream_executor/cuda/cuda_status.cc:45
external/xla/xla/stream_executor/cuda/cuda_device_allocator.cc:226
external/xla/xla/stream_executor/cuda/cuda_device_allocator.cc:403

E0820 14:24:17.777773 3200216 cuda_executor.cc:1176] [0] Failed to allocate device memory of 2.2KiB (2304 bytes): RESOURCE_EXHAUSTED: : CUDA_ERROR_OUT_OF_MEMORY: out of memory
=== Source Location Trace: ===
external/xla/xla/stream_executor/cuda/cuda_status.cc:45
external/xla/xla/stream_executor/cuda/cuda_device_allocator.cc:226
external/xla/xla/stream_executor/cuda/cuda_device_allocator.cc:403

E0820 14:24:17.778349 3200216 cuda_executor.cc:1176] [0] Failed to allocate device memory of 2.2KiB (2304 bytes): RESOURCE_EXHAUSTED: : CUDA_ERROR_OUT_OF_MEMORY: out of memory
=== Source Location Trace: ===
external/xla/xla/stream_executor/cuda/cuda_status.cc:45
external/xla/xla/stream_executor/cuda/cuda_device_allocator.cc:226
external/xla/xla/stream_executor/cuda/cuda_device_allocator.cc:403

E0820 14:24:17.778917 3200216 cuda_executor.cc:1176] [0] Failed to allocate device memory of 2.2KiB (2304 bytes): RESOURCE_EXHAUSTED: : CUDA_ERROR_OUT_OF_MEMORY: out of memory
=== Source Location Trace: ===
external/xla/xla/stream_executor/cuda/cuda_status.cc:45
external/xla/xla/stream_executor/cuda/cuda_device_allocator.cc:226
external/xla/xla/stream_executor/cuda/cuda_device_allocator.cc:403

E0820 14:24:17.779547 3200216 cuda_executor.cc:1176] [0] Failed to allocate device memory of 2.2KiB (2304 bytes): RESOURCE_EXHAUSTED: : CUDA_ERROR_OUT_OF_MEMORY: out of memory
=== Source Location Trace: ===
external/xla/xla/stream_executor/cuda/cuda_status.cc:45
external/xla/xla/stream_executor/cuda/cuda_device_allocator.cc:226
external/xla/xla/stream_executor/cuda/cuda_device_allocator.cc:403

E0820 14:24:17.780089 3200216 cuda_executor.cc:1176] [0] Failed to allocate device memory of 2.2KiB (2304 bytes): RESOURCE_EXHAUSTED: : CUDA_ERROR_OUT_OF_MEMORY: out of memory
=== Source Location Trace: ===
external/xla/xla/stream_executor/cuda/cuda_status.cc:45
external/xla/xla/stream_executor/cuda/cuda_device_allocator.cc:226
external/xla/xla/stream_executor/cuda/cuda_device_allocator.cc:403

E0820 14:24:17.780695 3200216 cuda_executor.cc:1176] [0] Failed to allocate device memory of 2.2KiB (2304 bytes): RESOURCE_EXHAUSTED: : CUDA_ERROR_OUT_OF_MEMORY: out of memory
=== Source Location Trace: ===
external/xla/xla/stream_executor/cuda/cuda_status.cc:45
external/xla/xla/stream_executor/cuda/cuda_device_allocator.cc:226
external/xla/xla/stream_executor/cuda/cuda_device_allocator.cc:403

E0820 14:24:17.781261 3200216 cuda_executor.cc:1176] [0] Failed to allocate device memory of 2.2KiB (2304 bytes): RESOURCE_EXHAUSTED: : CUDA_ERROR_OUT_OF_MEMORY: out of memory
=== Source Location Trace: ===
external/xla/xla/stream_executor/cuda/cuda_status.cc:45
external/xla/xla/stream_executor/cuda/cuda_device_allocator.cc:226
external/xla/xla/stream_executor/cuda/cuda_device_allocator.cc:403

E0820 14:24:17.781829 3200216 cuda_executor.cc:1176] [0] Failed to allocate device memory of 2.2KiB (2304 bytes): RESOURCE_EXHAUSTED: : CUDA_ERROR_OUT_OF_MEMORY: out of memory
=== Source Location Trace: ===
external/xla/xla/stream_executor/cuda/cuda_status.cc:45
external/xla/xla/stream_executor/cuda/cuda_device_allocator.cc:226
external/xla/xla/stream_executor/cuda/cuda_device_allocator.cc:403

E0820 14:24:17.782442 3200216 cuda_executor.cc:1176] [0] Failed to allocate device memory of 2.2KiB (2304 bytes): RESOURCE_EXHAUSTED: : CUDA_ERROR_OUT_OF_MEMORY: out of memory
=== Source Location Trace: ===
external/xla/xla/stream_executor/cuda/cuda_status.cc:45
external/xla/xla/stream_executor/cuda/cuda_device_allocator.cc:226
external/xla/xla/stream_executor/cuda/cuda_device_allocator.cc:403

E0820 14:24:17.782984 3200216 cuda_executor.cc:1176] [0] Failed to allocate device memory of 2.2KiB (2304 bytes): RESOURCE_EXHAUSTED: : CUDA_ERROR_OUT_OF_MEMORY: out of memory
=== Source Location Trace: ===
external/xla/xla/stream_executor/cuda/cuda_status.cc:45
external/xla/xla/stream_executor/cuda/cuda_device_allocator.cc:226
external/xla/xla/stream_executor/cuda/cuda_device_allocator.cc:403

E0820 14:24:17.783540 3200216 cuda_executor.cc:1176] [0] Failed to allocate device memory of 2.2KiB (2304 bytes): RESOURCE_EXHAUSTED: : CUDA_ERROR_OUT_OF_MEMORY: out of memory
=== Source Location Trace: ===
external/xla/xla/stream_executor/cuda/cuda_status.cc:45
external/xla/xla/stream_executor/cuda/cuda_device_allocator.cc:226
external/xla/xla/stream_executor/cuda/cuda_device_allocator.cc:403

E0820 14:24:17.784082 3200216 cuda_executor.cc:1176] [0] Failed to allocate device memory of 2.2KiB (2304 bytes): RESOURCE_EXHAUSTED: : CUDA_ERROR_OUT_OF_MEMORY: out of memory
=== Source Location Trace: ===
external/xla/xla/stream_executor/cuda/cuda_status.cc:45
external/xla/xla/stream_executor/cuda/cuda_device_allocator.cc:226
external/xla/xla/stream_executor/cuda/cuda_device_allocator.cc:403

E0820 14:24:17.784679 3200216 cuda_executor.cc:1176] [0] Failed to allocate device memory of 2.2KiB (2304 bytes): RESOURCE_EXHAUSTED: : CUDA_ERROR_OUT_OF_MEMORY: out of memory
=== Source Location Trace: ===
external/xla/xla/stream_executor/cuda/cuda_status.cc:45
external/xla/xla/stream_executor/cuda/cuda_device_allocator.cc:226
external/xla/xla/stream_executor/cuda/cuda_device_allocator.cc:403

E0820 14:24:17.785256 3200216 cuda_executor.cc:1176] [0] Failed to allocate device memory of 2.2KiB (2304 bytes): RESOURCE_EXHAUSTED: : CUDA_ERROR_OUT_OF_MEMORY: out of memory
=== Source Location Trace: ===
external/xla/xla/stream_executor/cuda/cuda_status.cc:45
external/xla/xla/stream_executor/cuda/cuda_device_allocator.cc:226
external/xla/xla/stream_executor/cuda/cuda_device_allocator.cc:403

E0820 14:24:17.785831 3200216 cuda_executor.cc:1176] [0] Failed to allocate device memory of 2.2KiB (2304 bytes): RESOURCE_EXHAUSTED: : CUDA_ERROR_OUT_OF_MEMORY: out of memory
=== Source Location Trace: ===
external/xla/xla/stream_executor/cuda/cuda_status.cc:45
external/xla/xla/stream_executor/cuda/cuda_device_allocator.cc:226
external/xla/xla/stream_executor/cuda/cuda_device_allocator.cc:403

E0820 14:24:17.786422 3200216 cuda_executor.cc:1176] [0] Failed to allocate device memory of 2.2KiB (2304 bytes): RESOURCE_EXHAUSTED: : CUDA_ERROR_OUT_OF_MEMORY: out of memory
=== Source Location Trace: ===
external/xla/xla/stream_executor/cuda/cuda_status.cc:45
external/xla/xla/stream_executor/cuda/cuda_device_allocator.cc:226
external/xla/xla/stream_executor/cuda/cuda_device_allocator.cc:403

E0820 14:24:17.786962 3200216 cuda_executor.cc:1176] [0] Failed to allocate device memory of 2.2KiB (2304 bytes): RESOURCE_EXHAUSTED: : CUDA_ERROR_OUT_OF_MEMORY: out of memory
=== Source Location Trace: ===
external/xla/xla/stream_executor/cuda/cuda_status.cc:45
external/xla/xla/stream_executor/cuda/cuda_device_allocator.cc:226
external/xla/xla/stream_executor/cuda/cuda_device_allocator.cc:403

E0820 14:24:17.787505 3200216 cuda_executor.cc:1176] [0] Failed to allocate device memory of 2.2KiB (2304 bytes): RESOURCE_EXHAUSTED: : CUDA_ERROR_OUT_OF_MEMORY: out of memory
=== Source Location Trace: ===
external/xla/xla/stream_executor/cuda/cuda_status.cc:45
external/xla/xla/stream_executor/cuda/cuda_device_allocator.cc:226
external/xla/xla/stream_executor/cuda/cuda_device_allocator.cc:403

E0820 14:24:17.788044 3200216 cuda_executor.cc:1176] [0] Failed to allocate device memory of 2.2KiB (2304 bytes): RESOURCE_EXHAUSTED: : CUDA_ERROR_OUT_OF_MEMORY: out of memory
=== Source Location Trace: ===
external/xla/xla/stream_executor/cuda/cuda_status.cc:45
external/xla/xla/stream_executor/cuda/cuda_device_allocator.cc:226
external/xla/xla/stream_executor/cuda/cuda_device_allocator.cc:403

E0820 14:24:17.788640 3200216 cuda_executor.cc:1176] [0] Failed to allocate device memory of 2.2KiB (2304 bytes): RESOURCE_EXHAUSTED: : CUDA_ERROR_OUT_OF_MEMORY: out of memory
=== Source Location Trace: ===
external/xla/xla/stream_executor/cuda/cuda_status.cc:45
external/xla/xla/stream_executor/cuda/cuda_device_allocator.cc:226
external/xla/xla/stream_executor/cuda/cuda_device_allocator.cc:403

E0820 14:24:17.789212 3200216 cuda_executor.cc:1176] [0] Failed to allocate device memory of 2.2KiB (2304 bytes): RESOURCE_EXHAUSTED: : CUDA_ERROR_OUT_OF_MEMORY: out of memory
=== Source Location Trace: ===
external/xla/xla/stream_executor/cuda/cuda_status.cc:45
external/xla/xla/stream_executor/cuda/cuda_device_allocator.cc:226
external/xla/xla/stream_executor/cuda/cuda_device_allocator.cc:403

E0820 14:24:17.789871 3200216 cuda_executor.cc:1176] [0] Failed to allocate device memory of 2.2KiB (2304 bytes): RESOURCE_EXHAUSTED: : CUDA_ERROR_OUT_OF_MEMORY: out of memory
=== Source Location Trace: ===
external/xla/xla/stream_executor/cuda/cuda_status.cc:45
external/xla/xla/stream_executor/cuda/cuda_device_allocator.cc:226
external/xla/xla/stream_executor/cuda/cuda_device_allocator.cc:403

E0820 14:24:17.790471 3200216 cuda_executor.cc:1176] [0] Failed to allocate device memory of 2.2KiB (2304 bytes): RESOURCE_EXHAUSTED: : CUDA_ERROR_OUT_OF_MEMORY: out of memory
=== Source Location Trace: ===
external/xla/xla/stream_executor/cuda/cuda_status.cc:45
external/xla/xla/stream_executor/cuda/cuda_device_allocator.cc:226
external/xla/xla/stream_executor/cuda/cuda_device_allocator.cc:403

E0820 14:24:17.791010 3200216 cuda_executor.cc:1176] [0] Failed to allocate device memory of 2.2KiB (2304 bytes): RESOURCE_EXHAUSTED: : CUDA_ERROR_OUT_OF_MEMORY: out of memory
=== Source Location Trace: ===
external/xla/xla/stream_executor/cuda/cuda_status.cc:45
external/xla/xla/stream_executor/cuda/cuda_device_allocator.cc:226
external/xla/xla/stream_executor/cuda/cuda_device_allocator.cc:403

E0820 14:24:17.791573 3200216 cuda_executor.cc:1176] [0] Failed to allocate device memory of 2.2KiB (2304 bytes): RESOURCE_EXHAUSTED: : CUDA_ERROR_OUT_OF_MEMORY: out of memory
=== Source Location Trace: ===
external/xla/xla/stream_executor/cuda/cuda_status.cc:45
external/xla/xla/stream_executor/cuda/cuda_device_allocator.cc:226
external/xla/xla/stream_executor/cuda/cuda_device_allocator.cc:403

E0820 14:24:17.792130 3200216 cuda_executor.cc:1176] [0] Failed to allocate device memory of 2.2KiB (2304 bytes): RESOURCE_EXHAUSTED: : CUDA_ERROR_OUT_OF_MEMORY: out of memory
=== Source Location Trace: ===
external/xla/xla/stream_executor/cuda/cuda_status.cc:45
external/xla/xla/stream_executor/cuda/cuda_device_allocator.cc:226
external/xla/xla/stream_executor/cuda/cuda_device_allocator.cc:403

E0820 14:24:17.792775 3200216 cuda_executor.cc:1176] [0] Failed to allocate device memory of 2.2KiB (2304 bytes): RESOURCE_EXHAUSTED: : CUDA_ERROR_OUT_OF_MEMORY: out of memory
=== Source Location Trace: ===
external/xla/xla/stream_executor/cuda/cuda_status.cc:45
external/xla/xla/stream_executor/cuda/cuda_device_allocator.cc:226
external/xla/xla/stream_executor/cuda/cuda_device_allocator.cc:403

E0820 14:24:17.793394 3200216 cuda_executor.cc:1176] [0] Failed to allocate device memory of 2.2KiB (2304 bytes): RESOURCE_EXHAUSTED: : CUDA_ERROR_OUT_OF_MEMORY: out of memory
=== Source Location Trace: ===
external/xla/xla/stream_executor/cuda/cuda_status.cc:45
external/xla/xla/stream_executor/cuda/cuda_device_allocator.cc:226
external/xla/xla/stream_executor/cuda/cuda_device_allocator.cc:403

E0820 14:24:17.793942 3200216 cuda_executor.cc:1176] [0] Failed to allocate device memory of 2.2KiB (2304 bytes): RESOURCE_EXHAUSTED: : CUDA_ERROR_OUT_OF_MEMORY: out of memory
=== Source Location Trace: ===
external/xla/xla/stream_executor/cuda/cuda_status.cc:45
external/xla/xla/stream_executor/cuda/cuda_device_allocator.cc:226
external/xla/xla/stream_executor/cuda/cuda_device_allocator.cc:403

E0820 14:24:17.794577 3200216 cuda_executor.cc:1176] [0] Failed to allocate device memory of 2.2KiB (2304 bytes): RESOURCE_EXHAUSTED: : CUDA_ERROR_OUT_OF_MEMORY: out of memory
=== Source Location Trace: ===
external/xla/xla/stream_executor/cuda/cuda_status.cc:45
external/xla/xla/stream_executor/cuda/cuda_device_allocator.cc:226
external/xla/xla/stream_executor/cuda/cuda_device_allocator.cc:403

E0820 14:24:17.795117 3200216 cuda_executor.cc:1176] [0] Failed to allocate device memory of 2.2KiB (2304 bytes): RESOURCE_EXHAUSTED: : CUDA_ERROR_OUT_OF_MEMORY: out of memory
=== Source Location Trace: ===
external/xla/xla/stream_executor/cuda/cuda_status.cc:45
external/xla/xla/stream_executor/cuda/cuda_device_allocator.cc:226
external/xla/xla/stream_executor/cuda/cuda_device_allocator.cc:403

E0820 14:24:17.795744 3200216 cuda_executor.cc:1176] [0] Failed to allocate device memory of 2.2KiB (2304 bytes): RESOURCE_EXHAUSTED: : CUDA_ERROR_OUT_OF_MEMORY: out of memory
=== Source Location Trace: ===
external/xla/xla/stream_executor/cuda/cuda_status.cc:45
external/xla/xla/stream_executor/cuda/cuda_device_allocator.cc:226
external/xla/xla/stream_executor/cuda/cuda_device_allocator.cc:403

E0820 14:24:17.796381 3200216 cuda_executor.cc:1176] [0] Failed to allocate device memory of 2.2KiB (2304 bytes): RESOURCE_EXHAUSTED: : CUDA_ERROR_OUT_OF_MEMORY: out of memory
=== Source Location Trace: ===
external/xla/xla/stream_executor/cuda/cuda_status.cc:45
external/xla/xla/stream_executor/cuda/cuda_device_allocator.cc:226
external/xla/xla/stream_executor/cuda/cuda_device_allocator.cc:403

E0820 14:24:17.796965 3200216 cuda_executor.cc:1176] [0] Failed to allocate device memory of 2.2KiB (2304 bytes): RESOURCE_EXHAUSTED: : CUDA_ERROR_OUT_OF_MEMORY: out of memory
=== Source Location Trace: ===
external/xla/xla/stream_executor/cuda/cuda_status.cc:45
external/xla/xla/stream_executor/cuda/cuda_device_allocator.cc:226
external/xla/xla/stream_executor/cuda/cuda_device_allocator.cc:403

E0820 14:24:17.797610 3200216 cuda_executor.cc:1176] [0] Failed to allocate device memory of 2.2KiB (2304 bytes): RESOURCE_EXHAUSTED: : CUDA_ERROR_OUT_OF_MEMORY: out of memory
=== Source Location Trace: ===
external/xla/xla/stream_executor/cuda/cuda_status.cc:45
external/xla/xla/stream_executor/cuda/cuda_device_allocator.cc:226
external/xla/xla/stream_executor/cuda/cuda_device_allocator.cc:403

E0820 14:24:17.798257 3200216 cuda_executor.cc:1176] [0] Failed to allocate device memory of 2.2KiB (2304 bytes): RESOURCE_EXHAUSTED: : CUDA_ERROR_OUT_OF_MEMORY: out of memory
=== Source Location Trace: ===
external/xla/xla/stream_executor/cuda/cuda_status.cc:45
external/xla/xla/stream_executor/cuda/cuda_device_allocator.cc:226
external/xla/xla/stream_executor/cuda/cuda_device_allocator.cc:403

E0820 14:24:17.798844 3200216 cuda_executor.cc:1176] [0] Failed to allocate device memory of 2.2KiB (2304 bytes): RESOURCE_EXHAUSTED: : CUDA_ERROR_OUT_OF_MEMORY: out of memory
=== Source Location Trace: ===
external/xla/xla/stream_executor/cuda/cuda_status.cc:45
external/xla/xla/stream_executor/cuda/cuda_device_allocator.cc:226
external/xla/xla/stream_executor/cuda/cuda_device_allocator.cc:403

E0820 14:24:17.799456 3200216 cuda_executor.cc:1176] [0] Failed to allocate device memory of 2.2KiB (2304 bytes): RESOURCE_EXHAUSTED: : CUDA_ERROR_OUT_OF_MEMORY: out of memory
=== Source Location Trace: ===
external/xla/xla/stream_executor/cuda/cuda_status.cc:45
external/xla/xla/stream_executor/cuda/cuda_device_allocator.cc:226
external/xla/xla/stream_executor/cuda/cuda_device_allocator.cc:403

E0820 14:24:17.799995 3200216 cuda_executor.cc:1176] [0] Failed to allocate device memory of 2.2KiB (2304 bytes): RESOURCE_EXHAUSTED: : CUDA_ERROR_OUT_OF_MEMORY: out of memory
=== Source Location Trace: ===
external/xla/xla/stream_executor/cuda/cuda_status.cc:45
external/xla/xla/stream_executor/cuda/cuda_device_allocator.cc:226
external/xla/xla/stream_executor/cuda/cuda_device_allocator.cc:403

E0820 14:24:17.800551 3200216 cuda_executor.cc:1176] [0] Failed to allocate device memory of 2.2KiB (2304 bytes): RESOURCE_EXHAUSTED: : CUDA_ERROR_OUT_OF_MEMORY: out of memory
=== Source Location Trace: ===
external/xla/xla/stream_executor/cuda/cuda_status.cc:45
external/xla/xla/stream_executor/cuda/cuda_device_allocator.cc:226
external/xla/xla/stream_executor/cuda/cuda_device_allocator.cc:403

E0820 14:24:17.801118 3200216 cuda_executor.cc:1176] [0] Failed to allocate device memory of 2.2KiB (2304 bytes): RESOURCE_EXHAUSTED: : CUDA_ERROR_OUT_OF_MEMORY: out of memory
=== Source Location Trace: ===
external/xla/xla/stream_executor/cuda/cuda_status.cc:45
external/xla/xla/stream_executor/cuda/cuda_device_allocator.cc:226
external/xla/xla/stream_executor/cuda/cuda_device_allocator.cc:403

E0820 14:24:17.801780 3200216 cuda_executor.cc:1176] [0] Failed to allocate device memory of 2.2KiB (2304 bytes): RESOURCE_EXHAUSTED: : CUDA_ERROR_OUT_OF_MEMORY: out of memory
=== Source Location Trace: ===
external/xla/xla/stream_executor/cuda/cuda_status.cc:45
external/xla/xla/stream_executor/cuda/cuda_device_allocator.cc:226
external/xla/xla/stream_executor/cuda/cuda_device_allocator.cc:403

E0820 14:24:17.802445 3200216 cuda_executor.cc:1176] [0] Failed to allocate device memory of 2.2KiB (2304 bytes): RESOURCE_EXHAUSTED: : CUDA_ERROR_OUT_OF_MEMORY: out of memory
=== Source Location Trace: ===
external/xla/xla/stream_executor/cuda/cuda_status.cc:45
external/xla/xla/stream_executor/cuda/cuda_device_allocator.cc:226
external/xla/xla/stream_executor/cuda/cuda_device_allocator.cc:403

E0820 14:24:17.803049 3200216 cuda_executor.cc:1176] [0] Failed to allocate device memory of 2.2KiB (2304 bytes): RESOURCE_EXHAUSTED: : CUDA_ERROR_OUT_OF_MEMORY: out of memory
=== Source Location Trace: ===
external/xla/xla/stream_executor/cuda/cuda_status.cc:45
external/xla/xla/stream_executor/cuda/cuda_device_allocator.cc:226
external/xla/xla/stream_executor/cuda/cuda_device_allocator.cc:403

E0820 14:24:17.803722 3200216 cuda_executor.cc:1176] [0] Failed to allocate device memory of 2.2KiB (2304 bytes): RESOURCE_EXHAUSTED: : CUDA_ERROR_OUT_OF_MEMORY: out of memory
=== Source Location Trace: ===
external/xla/xla/stream_executor/cuda/cuda_status.cc:45
external/xla/xla/stream_executor/cuda/cuda_device_allocator.cc:226
external/xla/xla/stream_executor/cuda/cuda_device_allocator.cc:403

E0820 14:24:17.804356 3200216 cuda_executor.cc:1176] [0] Failed to allocate device memory of 2.2KiB (2304 bytes): RESOURCE_EXHAUSTED: : CUDA_ERROR_OUT_OF_MEMORY: out of memory
=== Source Location Trace: ===
external/xla/xla/stream_executor/cuda/cuda_status.cc:45
external/xla/xla/stream_executor/cuda/cuda_device_allocator.cc:226
external/xla/xla/stream_executor/cuda/cuda_device_allocator.cc:403

E0820 14:24:17.804923 3200216 cuda_executor.cc:1176] [0] Failed to allocate device memory of 2.2KiB (2304 bytes): RESOURCE_EXHAUSTED: : CUDA_ERROR_OUT_OF_MEMORY: out of memory
=== Source Location Trace: ===
external/xla/xla/stream_executor/cuda/cuda_status.cc:45
external/xla/xla/stream_executor/cuda/cuda_device_allocator.cc:226
external/xla/xla/stream_executor/cuda/cuda_device_allocator.cc:403

E0820 14:24:17.805555 3200216 cuda_executor.cc:1176] [0] Failed to allocate device memory of 2.2KiB (2304 bytes): RESOURCE_EXHAUSTED: : CUDA_ERROR_OUT_OF_MEMORY: out of memory
=== Source Location Trace: ===
external/xla/xla/stream_executor/cuda/cuda_status.cc:45
external/xla/xla/stream_executor/cuda/cuda_device_allocator.cc:226
external/xla/xla/stream_executor/cuda/cuda_device_allocator.cc:403

E0820 14:24:17.806120 3200216 cuda_executor.cc:1176] [0] Failed to allocate device memory of 2.2KiB (2304 bytes): RESOURCE_EXHAUSTED: : CUDA_ERROR_OUT_OF_MEMORY: out of memory
=== Source Location Trace: ===
external/xla/xla/stream_executor/cuda/cuda_status.cc:45
external/xla/xla/stream_executor/cuda/cuda_device_allocator.cc:226
external/xla/xla/stream_executor/cuda/cuda_device_allocator.cc:403

E0820 14:24:17.806753 3200216 cuda_executor.cc:1176] [0] Failed to allocate device memory of 2.2KiB (2304 bytes): RESOURCE_EXHAUSTED: : CUDA_ERROR_OUT_OF_MEMORY: out of memory
=== Source Location Trace: ===
external/xla/xla/stream_executor/cuda/cuda_status.cc:45
external/xla/xla/stream_executor/cuda/cuda_device_allocator.cc:226
external/xla/xla/stream_executor/cuda/cuda_device_allocator.cc:403

E0820 14:24:17.807325 3200216 cuda_executor.cc:1176] [0] Failed to allocate device memory of 2.2KiB (2304 bytes): RESOURCE_EXHAUSTED: : CUDA_ERROR_OUT_OF_MEMORY: out of memory
=== Source Location Trace: ===
external/xla/xla/stream_executor/cuda/cuda_status.cc:45
external/xla/xla/stream_executor/cuda/cuda_device_allocator.cc:226
external/xla/xla/stream_executor/cuda/cuda_device_allocator.cc:403

E0820 14:24:17.807866 3200216 cuda_executor.cc:1176] [0] Failed to allocate device memory of 2.2KiB (2304 bytes): RESOURCE_EXHAUSTED: : CUDA_ERROR_OUT_OF_MEMORY: out of memory
=== Source Location Trace: ===
external/xla/xla/stream_executor/cuda/cuda_status.cc:45
external/xla/xla/stream_executor/cuda/cuda_device_allocator.cc:226
external/xla/xla/stream_executor/cuda/cuda_device_allocator.cc:403

E0820 14:24:17.808466 3200216 cuda_executor.cc:1176] [0] Failed to allocate device memory of 2.2KiB (2304 bytes): RESOURCE_EXHAUSTED: : CUDA_ERROR_OUT_OF_MEMORY: out of memory
=== Source Location Trace: ===
external/xla/xla/stream_executor/cuda/cuda_status.cc:45
external/xla/xla/stream_executor/cuda/cuda_device_allocator.cc:226
external/xla/xla/stream_executor/cuda/cuda_device_allocator.cc:403

E0820 14:24:17.809005 3200216 cuda_executor.cc:1176] [0] Failed to allocate device memory of 2.2KiB (2304 bytes): RESOURCE_EXHAUSTED: : CUDA_ERROR_OUT_OF_MEMORY: out of memory
=== Source Location Trace: ===
external/xla/xla/stream_executor/cuda/cuda_status.cc:45
external/xla/xla/stream_executor/cuda/cuda_device_allocator.cc:226
external/xla/xla/stream_executor/cuda/cuda_device_allocator.cc:403

E0820 14:24:17.809568 3200216 cuda_executor.cc:1176] [0] Failed to allocate device memory of 2.2KiB (2304 bytes): RESOURCE_EXHAUSTED: : CUDA_ERROR_OUT_OF_MEMORY: out of memory
=== Source Location Trace: ===
external/xla/xla/stream_executor/cuda/cuda_status.cc:45
external/xla/xla/stream_executor/cuda/cuda_device_allocator.cc:226
external/xla/xla/stream_executor/cuda/cuda_device_allocator.cc:403

E0820 14:24:17.810144 3200216 cuda_executor.cc:1176] [0] Failed to allocate device memory of 2.2KiB (2304 bytes): RESOURCE_EXHAUSTED: : CUDA_ERROR_OUT_OF_MEMORY: out of memory
=== Source Location Trace: ===
external/xla/xla/stream_executor/cuda/cuda_status.cc:45
external/xla/xla/stream_executor/cuda/cuda_device_allocator.cc:226
external/xla/xla/stream_executor/cuda/cuda_device_allocator.cc:403

E0820 14:24:17.810788 3200216 cuda_executor.cc:1176] [0] Failed to allocate device memory of 2.2KiB (2304 bytes): RESOURCE_EXHAUSTED: : CUDA_ERROR_OUT_OF_MEMORY: out of memory
=== Source Location Trace: ===
external/xla/xla/stream_executor/cuda/cuda_status.cc:45
external/xla/xla/stream_executor/cuda/cuda_device_allocator.cc:226
external/xla/xla/stream_executor/cuda/cuda_device_allocator.cc:403

E0820 14:24:17.811386 3200216 cuda_executor.cc:1176] [0] Failed to allocate device memory of 2.2KiB (2304 bytes): RESOURCE_EXHAUSTED: : CUDA_ERROR_OUT_OF_MEMORY: out of memory
=== Source Location Trace: ===
external/xla/xla/stream_executor/cuda/cuda_status.cc:45
external/xla/xla/stream_executor/cuda/cuda_device_allocator.cc:226
external/xla/xla/stream_executor/cuda/cuda_device_allocator.cc:403

E0820 14:24:17.811925 3200216 cuda_executor.cc:1176] [0] Failed to allocate device memory of 2.2KiB (2304 bytes): RESOURCE_EXHAUSTED: : CUDA_ERROR_OUT_OF_MEMORY: out of memory
=== Source Location Trace: ===
external/xla/xla/stream_executor/cuda/cuda_status.cc:45
external/xla/xla/stream_executor/cuda/cuda_device_allocator.cc:226
external/xla/xla/stream_executor/cuda/cuda_device_allocator.cc:403

E0820 14:24:17.812547 3200216 cuda_executor.cc:1176] [0] Failed to allocate device memory of 2.2KiB (2304 bytes): RESOURCE_EXHAUSTED: : CUDA_ERROR_OUT_OF_MEMORY: out of memory
=== Source Location Trace: ===
external/xla/xla/stream_executor/cuda/cuda_status.cc:45
external/xla/xla/stream_executor/cuda/cuda_device_allocator.cc:226
external/xla/xla/stream_executor/cuda/cuda_device_allocator.cc:403

E0820 14:24:17.813109 3200216 cuda_executor.cc:1176] [0] Failed to allocate device memory of 2.2KiB (2304 bytes): RESOURCE_EXHAUSTED: : CUDA_ERROR_OUT_OF_MEMORY: out of memory
=== Source Location Trace: ===
external/xla/xla/stream_executor/cuda/cuda_status.cc:45
external/xla/xla/stream_executor/cuda/cuda_device_allocator.cc:226
external/xla/xla/stream_executor/cuda/cuda_device_allocator.cc:403

E0820 14:24:17.813740 3200216 cuda_executor.cc:1176] [0] Failed to allocate device memory of 2.2KiB (2304 bytes): RESOURCE_EXHAUSTED: : CUDA_ERROR_OUT_OF_MEMORY: out of memory
=== Source Location Trace: ===
external/xla/xla/stream_executor/cuda/cuda_status.cc:45
external/xla/xla/stream_executor/cuda/cuda_device_allocator.cc:226
external/xla/xla/stream_executor/cuda/cuda_device_allocator.cc:403

E0820 14:24:17.814320 3200216 cuda_executor.cc:1176] [0] Failed to allocate device memory of 2.2KiB (2304 bytes): RESOURCE_EXHAUSTED: : CUDA_ERROR_OUT_OF_MEMORY: out of memory
=== Source Location Trace: ===
external/xla/xla/stream_executor/cuda/cuda_status.cc:45
external/xla/xla/stream_executor/cuda/cuda_device_allocator.cc:226
external/xla/xla/stream_executor/cuda/cuda_device_allocator.cc:403

E0820 14:24:17.814859 3200216 cuda_executor.cc:1176] [0] Failed to allocate device memory of 2.2KiB (2304 bytes): RESOURCE_EXHAUSTED: : CUDA_ERROR_OUT_OF_MEMORY: out of memory
=== Source Location Trace: ===
external/xla/xla/stream_executor/cuda/cuda_status.cc:45
external/xla/xla/stream_executor/cuda/cuda_device_allocator.cc:226
external/xla/xla/stream_executor/cuda/cuda_device_allocator.cc:403

E0820 14:24:17.815455 3200216 cuda_executor.cc:1176] [0] Failed to allocate device memory of 2.2KiB (2304 bytes): RESOURCE_EXHAUSTED: : CUDA_ERROR_OUT_OF_MEMORY: out of memory
=== Source Location Trace: ===
external/xla/xla/stream_executor/cuda/cuda_status.cc:45
external/xla/xla/stream_executor/cuda/cuda_device_allocator.cc:226
external/xla/xla/stream_executor/cuda/cuda_device_allocator.cc:403

E0820 14:24:17.816004 3200216 cuda_executor.cc:1176] [0] Failed to allocate device memory of 2.2KiB (2304 bytes): RESOURCE_EXHAUSTED: : CUDA_ERROR_OUT_OF_MEMORY: out of memory
=== Source Location Trace: ===
external/xla/xla/stream_executor/cuda/cuda_status.cc:45
external/xla/xla/stream_executor/cuda/cuda_device_allocator.cc:226
external/xla/xla/stream_executor/cuda/cuda_device_allocator.cc:403

E0820 14:24:17.816617 3200216 cuda_executor.cc:1176] [0] Failed to allocate device memory of 2.2KiB (2304 bytes): RESOURCE_EXHAUSTED: : CUDA_ERROR_OUT_OF_MEMORY: out of memory
=== Source Location Trace: ===
external/xla/xla/stream_executor/cuda/cuda_status.cc:45
external/xla/xla/stream_executor/cuda/cuda_device_allocator.cc:226
external/xla/xla/stream_executor/cuda/cuda_device_allocator.cc:403

E0820 14:24:17.817216 3200216 cuda_executor.cc:1176] [0] Failed to allocate device memory of 2.2KiB (2304 bytes): RESOURCE_EXHAUSTED: : CUDA_ERROR_OUT_OF_MEMORY: out of memory
=== Source Location Trace: ===
external/xla/xla/stream_executor/cuda/cuda_status.cc:45
external/xla/xla/stream_executor/cuda/cuda_device_allocator.cc:226
external/xla/xla/stream_executor/cuda/cuda_device_allocator.cc:403

E0820 14:24:17.817775 3200216 cuda_executor.cc:1176] [0] Failed to allocate device memory of 2.2KiB (2304 bytes): RESOURCE_EXHAUSTED: : CUDA_ERROR_OUT_OF_MEMORY: out of memory
=== Source Location Trace: ===
external/xla/xla/stream_executor/cuda/cuda_status.cc:45
external/xla/xla/stream_executor/cuda/cuda_device_allocator.cc:226
external/xla/xla/stream_executor/cuda/cuda_device_allocator.cc:403

E0820 14:24:17.818346 3200216 cuda_executor.cc:1176] [0] Failed to allocate device memory of 2.2KiB (2304 bytes): RESOURCE_EXHAUSTED: : CUDA_ERROR_OUT_OF_MEMORY: out of memory
=== Source Location Trace: ===
external/xla/xla/stream_executor/cuda/cuda_status.cc:45
external/xla/xla/stream_executor/cuda/cuda_device_allocator.cc:226
external/xla/xla/stream_executor/cuda/cuda_device_allocator.cc:403

E0820 14:24:17.818887 3200216 cuda_executor.cc:1176] [0] Failed to allocate device memory of 2.2KiB (2304 bytes): RESOURCE_EXHAUSTED: : CUDA_ERROR_OUT_OF_MEMORY: out of memory
=== Source Location Trace: ===
external/xla/xla/stream_executor/cuda/cuda_status.cc:45
external/xla/xla/stream_executor/cuda/cuda_device_allocator.cc:226
external/xla/xla/stream_executor/cuda/cuda_device_allocator.cc:403

E0820 14:24:17.819491 3200216 cuda_executor.cc:1176] [0] Failed to allocate device memory of 2.2KiB (2304 bytes): RESOURCE_EXHAUSTED: : CUDA_ERROR_OUT_OF_MEMORY: out of memory
=== Source Location Trace: ===
external/xla/xla/stream_executor/cuda/cuda_status.cc:45
external/xla/xla/stream_executor/cuda/cuda_device_allocator.cc:226
external/xla/xla/stream_executor/cuda/cuda_device_allocator.cc:403

E0820 14:24:17.820042 3200216 cuda_executor.cc:1176] [0] Failed to allocate device memory of 2.2KiB (2304 bytes): RESOURCE_EXHAUSTED: : CUDA_ERROR_OUT_OF_MEMORY: out of memory
=== Source Location Trace: ===
external/xla/xla/stream_executor/cuda/cuda_status.cc:45
external/xla/xla/stream_executor/cuda/cuda_device_allocator.cc:226
external/xla/xla/stream_executor/cuda/cuda_device_allocator.cc:403

E0820 14:24:17.820660 3200216 cuda_executor.cc:1176] [0] Failed to allocate device memory of 2.2KiB (2304 bytes): RESOURCE_EXHAUSTED: : CUDA_ERROR_OUT_OF_MEMORY: out of memory
=== Source Location Trace: ===
external/xla/xla/stream_executor/cuda/cuda_status.cc:45
external/xla/xla/stream_executor/cuda/cuda_device_allocator.cc:226
external/xla/xla/stream_executor/cuda/cuda_device_allocator.cc:403

E0820 14:24:17.821229 3200216 cuda_executor.cc:1176] [0] Failed to allocate device memory of 2.2KiB (2304 bytes): RESOURCE_EXHAUSTED: : CUDA_ERROR_OUT_OF_MEMORY: out of memory
=== Source Location Trace: ===
external/xla/xla/stream_executor/cuda/cuda_status.cc:45
external/xla/xla/stream_executor/cuda/cuda_device_allocator.cc:226
external/xla/xla/stream_executor/cuda/cuda_device_allocator.cc:403

E0820 14:24:17.821768 3200216 cuda_executor.cc:1176] [0] Failed to allocate device memory of 2.2KiB (2304 bytes): RESOURCE_EXHAUSTED: : CUDA_ERROR_OUT_OF_MEMORY: out of memory
=== Source Location Trace: ===
external/xla/xla/stream_executor/cuda/cuda_status.cc:45
external/xla/xla/stream_executor/cuda/cuda_device_allocator.cc:226
external/xla/xla/stream_executor/cuda/cuda_device_allocator.cc:403

E0820 14:24:17.822341 3200216 cuda_executor.cc:1176] [0] Failed to allocate device memory of 2.2KiB (2304 bytes): RESOURCE_EXHAUSTED: : CUDA_ERROR_OUT_OF_MEMORY: out of memory
=== Source Location Trace: ===
external/xla/xla/stream_executor/cuda/cuda_status.cc:45
external/xla/xla/stream_executor/cuda/cuda_device_allocator.cc:226
external/xla/xla/stream_executor/cuda/cuda_device_allocator.cc:403

E0820 14:24:17.822907 3200216 cuda_executor.cc:1176] [0] Failed to allocate device memory of 2.2KiB (2304 bytes): RESOURCE_EXHAUSTED: : CUDA_ERROR_OUT_OF_MEMORY: out of memory
=== Source Location Trace: ===
external/xla/xla/stream_executor/cuda/cuda_status.cc:45
external/xla/xla/stream_executor/cuda/cuda_device_allocator.cc:226
external/xla/xla/stream_executor/cuda/cuda_device_allocator.cc:403

E0820 14:24:17.823597 3200216 cuda_executor.cc:1176] [0] Failed to allocate device memory of 2.2KiB (2304 bytes): RESOURCE_EXHAUSTED: : CUDA_ERROR_OUT_OF_MEMORY: out of memory
=== Source Location Trace: ===
external/xla/xla/stream_executor/cuda/cuda_status.cc:45
external/xla/xla/stream_executor/cuda/cuda_device_allocator.cc:226
external/xla/xla/stream_executor/cuda/cuda_device_allocator.cc:403

E0820 14:24:17.824171 3200216 cuda_executor.cc:1176] [0] Failed to allocate device memory of 2.2KiB (2304 bytes): RESOURCE_EXHAUSTED: : CUDA_ERROR_OUT_OF_MEMORY: out of memory
=== Source Location Trace: ===
external/xla/xla/stream_executor/cuda/cuda_status.cc:45
external/xla/xla/stream_executor/cuda/cuda_device_allocator.cc:226
external/xla/xla/stream_executor/cuda/cuda_device_allocator.cc:403

E0820 14:24:17.824801 3200216 cuda_executor.cc:1176] [0] Failed to allocate device memory of 2.2KiB (2304 bytes): RESOURCE_EXHAUSTED: : CUDA_ERROR_OUT_OF_MEMORY: out of memory
=== Source Location Trace: ===
external/xla/xla/stream_executor/cuda/cuda_status.cc:45
external/xla/xla/stream_executor/cuda/cuda_device_allocator.cc:226
external/xla/xla/stream_executor/cuda/cuda_device_allocator.cc:403

E0820 14:24:17.825383 3200216 cuda_executor.cc:1176] [0] Failed to allocate device memory of 2.2KiB (2304 bytes): RESOURCE_EXHAUSTED: : CUDA_ERROR_OUT_OF_MEMORY: out of memory
=== Source Location Trace: ===
external/xla/xla/stream_executor/cuda/cuda_status.cc:45
external/xla/xla/stream_executor/cuda/cuda_device_allocator.cc:226
external/xla/xla/stream_executor/cuda/cuda_device_allocator.cc:403

E0820 14:24:17.825922 3200216 cuda_executor.cc:1176] [0] Failed to allocate device memory of 2.2KiB (2304 bytes): RESOURCE_EXHAUSTED: : CUDA_ERROR_OUT_OF_MEMORY: out of memory
=== Source Location Trace: ===
external/xla/xla/stream_executor/cuda/cuda_status.cc:45
external/xla/xla/stream_executor/cuda/cuda_device_allocator.cc:226
external/xla/xla/stream_executor/cuda/cuda_device_allocator.cc:403

E0820 14:24:17.826539 3200216 cuda_executor.cc:1176] [0] Failed to allocate device memory of 2.2KiB (2304 bytes): RESOURCE_EXHAUSTED: : CUDA_ERROR_OUT_OF_MEMORY: out of memory
=== Source Location Trace: ===
external/xla/xla/stream_executor/cuda/cuda_status.cc:45
external/xla/xla/stream_executor/cuda/cuda_device_allocator.cc:226
external/xla/xla/stream_executor/cuda/cuda_device_allocator.cc:403

E0820 14:24:17.827095 3200216 cuda_executor.cc:1176] [0] Failed to allocate device memory of 2.2KiB (2304 bytes): RESOURCE_EXHAUSTED: : CUDA_ERROR_OUT_OF_MEMORY: out of memory
=== Source Location Trace: ===
external/xla/xla/stream_executor/cuda/cuda_status.cc:45
external/xla/xla/stream_executor/cuda/cuda_device_allocator.cc:226
external/xla/xla/stream_executor/cuda/cuda_device_allocator.cc:403

E0820 14:24:17.827754 3200216 cuda_executor.cc:1176] [0] Failed to allocate device memory of 2.2KiB (2304 bytes): RESOURCE_EXHAUSTED: : CUDA_ERROR_OUT_OF_MEMORY: out of memory
=== Source Location Trace: ===
external/xla/xla/stream_executor/cuda/cuda_status.cc:45
external/xla/xla/stream_executor/cuda/cuda_device_allocator.cc:226
external/xla/xla/stream_executor/cuda/cuda_device_allocator.cc:403

E0820 14:24:17.828318 3200216 cuda_executor.cc:1176] [0] Failed to allocate device memory of 2.2KiB (2304 bytes): RESOURCE_EXHAUSTED: : CUDA_ERROR_OUT_OF_MEMORY: out of memory
=== Source Location Trace: ===
external/xla/xla/stream_executor/cuda/cuda_status.cc:45
external/xla/xla/stream_executor/cuda/cuda_device_allocator.cc:226
external/xla/xla/stream_executor/cuda/cuda_device_allocator.cc:403

E0820 14:24:17.828857 3200216 cuda_executor.cc:1176] [0] Failed to allocate device memory of 2.2KiB (2304 bytes): RESOURCE_EXHAUSTED: : CUDA_ERROR_OUT_OF_MEMORY: out of memory
=== Source Location Trace: ===
external/xla/xla/stream_executor/cuda/cuda_status.cc:45
external/xla/xla/stream_executor/cuda/cuda_device_allocator.cc:226
external/xla/xla/stream_executor/cuda/cuda_device_allocator.cc:403

E0820 14:24:17.829452 3200216 cuda_executor.cc:1176] [0] Failed to allocate device memory of 2.2KiB (2304 bytes): RESOURCE_EXHAUSTED: : CUDA_ERROR_OUT_OF_MEMORY: out of memory
=== Source Location Trace: ===
external/xla/xla/stream_executor/cuda/cuda_status.cc:45
external/xla/xla/stream_executor/cuda/cuda_device_allocator.cc:226
external/xla/xla/stream_executor/cuda/cuda_device_allocator.cc:403

E0820 14:24:17.829991 3200216 cuda_executor.cc:1176] [0] Failed to allocate device memory of 2.2KiB (2304 bytes): RESOURCE_EXHAUSTED: : CUDA_ERROR_OUT_OF_MEMORY: out of memory
=== Source Location Trace: ===
external/xla/xla/stream_executor/cuda/cuda_status.cc:45
external/xla/xla/stream_executor/cuda/cuda_device_allocator.cc:226
external/xla/xla/stream_executor/cuda/cuda_device_allocator.cc:403

E0820 14:24:17.830545 3200216 cuda_executor.cc:1176] [0] Failed to allocate device memory of 2.2KiB (2304 bytes): RESOURCE_EXHAUSTED: : CUDA_ERROR_OUT_OF_MEMORY: out of memory
=== Source Location Trace: ===
external/xla/xla/stream_executor/cuda/cuda_status.cc:45
external/xla/xla/stream_executor/cuda/cuda_device_allocator.cc:226
external/xla/xla/stream_executor/cuda/cuda_device_allocator.cc:403

E0820 14:24:17.831094 3200216 cuda_executor.cc:1176] [0] Failed to allocate device memory of 2.2KiB (2304 bytes): RESOURCE_EXHAUSTED: : CUDA_ERROR_OUT_OF_MEMORY: out of memory
=== Source Location Trace: ===
external/xla/xla/stream_executor/cuda/cuda_status.cc:45
external/xla/xla/stream_executor/cuda/cuda_device_allocator.cc:226
external/xla/xla/stream_executor/cuda/cuda_device_allocator.cc:403

E0820 14:24:17.831733 3200216 cuda_executor.cc:1176] [0] Failed to allocate device memory of 2.2KiB (2304 bytes): RESOURCE_EXHAUSTED: : CUDA_ERROR_OUT_OF_MEMORY: out of memory
=== Source Location Trace: ===
external/xla/xla/stream_executor/cuda/cuda_status.cc:45
external/xla/xla/stream_executor/cuda/cuda_device_allocator.cc:226
external/xla/xla/stream_executor/cuda/cuda_device_allocator.cc:403

E0820 14:24:17.832347 3200216 cuda_executor.cc:1176] [0] Failed to allocate device memory of 2.2KiB (2304 bytes): RESOURCE_EXHAUSTED: : CUDA_ERROR_OUT_OF_MEMORY: out of memory
=== Source Location Trace: ===
external/xla/xla/stream_executor/cuda/cuda_status.cc:45
external/xla/xla/stream_executor/cuda/cuda_device_allocator.cc:226
external/xla/xla/stream_executor/cuda/cuda_device_allocator.cc:403

E0820 14:24:17.832921 3200216 cuda_executor.cc:1176] [0] Failed to allocate device memory of 2.2KiB (2304 bytes): RESOURCE_EXHAUSTED: : CUDA_ERROR_OUT_OF_MEMORY: out of memory
=== Source Location Trace: ===
external/xla/xla/stream_executor/cuda/cuda_status.cc:45
external/xla/xla/stream_executor/cuda/cuda_device_allocator.cc:226
external/xla/xla/stream_executor/cuda/cuda_device_allocator.cc:403

E0820 14:24:17.833570 3200216 cuda_executor.cc:1176] [0] Failed to allocate device memory of 2.2KiB (2304 bytes): RESOURCE_EXHAUSTED: : CUDA_ERROR_OUT_OF_MEMORY: out of memory
=== Source Location Trace: ===
external/xla/xla/stream_executor/cuda/cuda_status.cc:45
external/xla/xla/stream_executor/cuda/cuda_device_allocator.cc:226
external/xla/xla/stream_executor/cuda/cuda_device_allocator.cc:403

E0820 14:24:17.834109 3200216 cuda_executor.cc:1176] [0] Failed to allocate device memory of 2.2KiB (2304 bytes): RESOURCE_EXHAUSTED: : CUDA_ERROR_OUT_OF_MEMORY: out of memory
=== Source Location Trace: ===
external/xla/xla/stream_executor/cuda/cuda_status.cc:45
external/xla/xla/stream_executor/cuda/cuda_device_allocator.cc:226
external/xla/xla/stream_executor/cuda/cuda_device_allocator.cc:403

E0820 14:24:17.834707 3200216 cuda_executor.cc:1176] [0] Failed to allocate device memory of 2.2KiB (2304 bytes): RESOURCE_EXHAUSTED: : CUDA_ERROR_OUT_OF_MEMORY: out of memory
=== Source Location Trace: ===
external/xla/xla/stream_executor/cuda/cuda_status.cc:45
external/xla/xla/stream_executor/cuda/cuda_device_allocator.cc:226
external/xla/xla/stream_executor/cuda/cuda_device_allocator.cc:403

E0820 14:24:17.835258 3200216 cuda_executor.cc:1176] [0] Failed to allocate device memory of 2.2KiB (2304 bytes): RESOURCE_EXHAUSTED: : CUDA_ERROR_OUT_OF_MEMORY: out of memory
=== Source Location Trace: ===
external/xla/xla/stream_executor/cuda/cuda_status.cc:45
external/xla/xla/stream_executor/cuda/cuda_device_allocator.cc:226
external/xla/xla/stream_executor/cuda/cuda_device_allocator.cc:403

E0820 14:24:17.835796 3200216 cuda_executor.cc:1176] [0] Failed to allocate device memory of 2.2KiB (2304 bytes): RESOURCE_EXHAUSTED: : CUDA_ERROR_OUT_OF_MEMORY: out of memory
=== Source Location Trace: ===
external/xla/xla/stream_executor/cuda/cuda_status.cc:45
external/xla/xla/stream_executor/cuda/cuda_device_allocator.cc:226
external/xla/xla/stream_executor/cuda/cuda_device_allocator.cc:403

E0820 14:24:17.836403 3200216 cuda_executor.cc:1176] [0] Failed to allocate device memory of 2.2KiB (2304 bytes): RESOURCE_EXHAUSTED: : CUDA_ERROR_OUT_OF_MEMORY: out of memory
=== Source Location Trace: ===
external/xla/xla/stream_executor/cuda/cuda_status.cc:45
external/xla/xla/stream_executor/cuda/cuda_device_allocator.cc:226
external/xla/xla/stream_executor/cuda/cuda_device_allocator.cc:403

E0820 14:24:17.836974 3200216 cuda_executor.cc:1176] [0] Failed to allocate device memory of 2.2KiB (2304 bytes): RESOURCE_EXHAUSTED: : CUDA_ERROR_OUT_OF_MEMORY: out of memory
=== Source Location Trace: ===
external/xla/xla/stream_executor/cuda/cuda_status.cc:45
external/xla/xla/stream_executor/cuda/cuda_device_allocator.cc:226
external/xla/xla/stream_executor/cuda/cuda_device_allocator.cc:403

E0820 14:24:17.837531 3200216 cuda_executor.cc:1176] [0] Failed to allocate device memory of 2.2KiB (2304 bytes): RESOURCE_EXHAUSTED: : CUDA_ERROR_OUT_OF_MEMORY: out of memory
=== Source Location Trace: ===
external/xla/xla/stream_executor/cuda/cuda_status.cc:45
external/xla/xla/stream_executor/cuda/cuda_device_allocator.cc:226
external/xla/xla/stream_executor/cuda/cuda_device_allocator.cc:403

E0820 14:24:17.838069 3200216 cuda_executor.cc:1176] [0] Failed to allocate device memory of 2.2KiB (2304 bytes): RESOURCE_EXHAUSTED: : CUDA_ERROR_OUT_OF_MEMORY: out of memory
=== Source Location Trace: ===
external/xla/xla/stream_executor/cuda/cuda_status.cc:45
external/xla/xla/stream_executor/cuda/cuda_device_allocator.cc:226
external/xla/xla/stream_executor/cuda/cuda_device_allocator.cc:403

E0820 14:24:17.838653 3200216 cuda_executor.cc:1176] [0] Failed to allocate device memory of 2.2KiB (2304 bytes): RESOURCE_EXHAUSTED: : CUDA_ERROR_OUT_OF_MEMORY: out of memory
=== Source Location Trace: ===
external/xla/xla/stream_executor/cuda/cuda_status.cc:45
external/xla/xla/stream_executor/cuda/cuda_device_allocator.cc:226
external/xla/xla/stream_executor/cuda/cuda_device_allocator.cc:403

E0820 14:24:17.839192 3200216 cuda_executor.cc:1176] [0] Failed to allocate device memory of 2.2KiB (2304 bytes): RESOURCE_EXHAUSTED: : CUDA_ERROR_OUT_OF_MEMORY: out of memory
=== Source Location Trace: ===
external/xla/xla/stream_executor/cuda/cuda_status.cc:45
external/xla/xla/stream_executor/cuda/cuda_device_allocator.cc:226
external/xla/xla/stream_executor/cuda/cuda_device_allocator.cc:403

E0820 14:24:17.839822 3200216 cuda_executor.cc:1176] [0] Failed to allocate device memory of 2.2KiB (2304 bytes): RESOURCE_EXHAUSTED: : CUDA_ERROR_OUT_OF_MEMORY: out of memory
=== Source Location Trace: ===
external/xla/xla/stream_executor/cuda/cuda_status.cc:45
external/xla/xla/stream_executor/cuda/cuda_device_allocator.cc:226
external/xla/xla/stream_executor/cuda/cuda_device_allocator.cc:403

E0820 14:24:17.840405 3200216 cuda_executor.cc:1176] [0] Failed to allocate device memory of 2.2KiB (2304 bytes): RESOURCE_EXHAUSTED: : CUDA_ERROR_OUT_OF_MEMORY: out of memory
=== Source Location Trace: ===
external/xla/xla/stream_executor/cuda/cuda_status.cc:45
external/xla/xla/stream_executor/cuda/cuda_device_allocator.cc:226
external/xla/xla/stream_executor/cuda/cuda_device_allocator.cc:403

E0820 14:24:17.840944 3200216 cuda_executor.cc:1176] [0] Failed to allocate device memory of 2.2KiB (2304 bytes): RESOURCE_EXHAUSTED: : CUDA_ERROR_OUT_OF_MEMORY: out of memory
=== Source Location Trace: ===
external/xla/xla/stream_executor/cuda/cuda_status.cc:45
external/xla/xla/stream_executor/cuda/cuda_device_allocator.cc:226
external/xla/xla/stream_executor/cuda/cuda_device_allocator.cc:403

E0820 14:24:17.841566 3200216 cuda_executor.cc:1176] [0] Failed to allocate device memory of 2.2KiB (2304 bytes): RESOURCE_EXHAUSTED: : CUDA_ERROR_OUT_OF_MEMORY: out of memory
=== Source Location Trace: ===
external/xla/xla/stream_executor/cuda/cuda_status.cc:45
external/xla/xla/stream_executor/cuda/cuda_device_allocator.cc:226
external/xla/xla/stream_executor/cuda/cuda_device_allocator.cc:403

E0820 14:24:17.842122 3200216 cuda_executor.cc:1176] [0] Failed to allocate device memory of 2.2KiB (2304 bytes): RESOURCE_EXHAUSTED: : CUDA_ERROR_OUT_OF_MEMORY: out of memory
=== Source Location Trace: ===
external/xla/xla/stream_executor/cuda/cuda_status.cc:45
external/xla/xla/stream_executor/cuda/cuda_device_allocator.cc:226
external/xla/xla/stream_executor/cuda/cuda_device_allocator.cc:403

E0820 14:24:17.842770 3200216 cuda_executor.cc:1176] [0] Failed to allocate device memory of 2.2KiB (2304 bytes): RESOURCE_EXHAUSTED: : CUDA_ERROR_OUT_OF_MEMORY: out of memory
=== Source Location Trace: ===
external/xla/xla/stream_executor/cuda/cuda_status.cc:45
external/xla/xla/stream_executor/cuda/cuda_device_allocator.cc:226
external/xla/xla/stream_executor/cuda/cuda_device_allocator.cc:403

E0820 14:24:17.843428 3200216 cuda_executor.cc:1176] [0] Failed to allocate device memory of 2.2KiB (2304 bytes): RESOURCE_EXHAUSTED: : CUDA_ERROR_OUT_OF_MEMORY: out of memory
=== Source Location Trace: ===
external/xla/xla/stream_executor/cuda/cuda_status.cc:45
external/xla/xla/stream_executor/cuda/cuda_device_allocator.cc:226
external/xla/xla/stream_executor/cuda/cuda_device_allocator.cc:403

E0820 14:24:17.844008 3200216 cuda_executor.cc:1176] [0] Failed to allocate device memory of 2.2KiB (2304 bytes): RESOURCE_EXHAUSTED: : CUDA_ERROR_OUT_OF_MEMORY: out of memory
=== Source Location Trace: ===
external/xla/xla/stream_executor/cuda/cuda_status.cc:45
external/xla/xla/stream_executor/cuda/cuda_device_allocator.cc:226
external/xla/xla/stream_executor/cuda/cuda_device_allocator.cc:403

E0820 14:24:17.844593 3200216 cuda_executor.cc:1176] [0] Failed to allocate device memory of 2.2KiB (2304 bytes): RESOURCE_EXHAUSTED: : CUDA_ERROR_OUT_OF_MEMORY: out of memory
=== Source Location Trace: ===
external/xla/xla/stream_executor/cuda/cuda_status.cc:45
external/xla/xla/stream_executor/cuda/cuda_device_allocator.cc:226
external/xla/xla/stream_executor/cuda/cuda_device_allocator.cc:403

E0820 14:24:17.845132 3200216 cuda_executor.cc:1176] [0] Failed to allocate device memory of 2.2KiB (2304 bytes): RESOURCE_EXHAUSTED: : CUDA_ERROR_OUT_OF_MEMORY: out of memory
=== Source Location Trace: ===
external/xla/xla/stream_executor/cuda/cuda_status.cc:45
external/xla/xla/stream_executor/cuda/cuda_device_allocator.cc:226
external/xla/xla/stream_executor/cuda/cuda_device_allocator.cc:403

E0820 14:24:17.845740 3200216 cuda_executor.cc:1176] [0] Failed to allocate device memory of 2.2KiB (2304 bytes): RESOURCE_EXHAUSTED: : CUDA_ERROR_OUT_OF_MEMORY: out of memory
=== Source Location Trace: ===
external/xla/xla/stream_executor/cuda/cuda_status.cc:45
external/xla/xla/stream_executor/cuda/cuda_device_allocator.cc:226
external/xla/xla/stream_executor/cuda/cuda_device_allocator.cc:403

E0820 14:24:17.846300 3200216 cuda_executor.cc:1176] [0] Failed to allocate device memory of 2.2KiB (2304 bytes): RESOURCE_EXHAUSTED: : CUDA_ERROR_OUT_OF_MEMORY: out of memory
=== Source Location Trace: ===
external/xla/xla/stream_executor/cuda/cuda_status.cc:45
external/xla/xla/stream_executor/cuda/cuda_device_allocator.cc:226
external/xla/xla/stream_executor/cuda/cuda_device_allocator.cc:403

E0820 14:24:17.846840 3200216 cuda_executor.cc:1176] [0] Failed to allocate device memory of 2.2KiB (2304 bytes): RESOURCE_EXHAUSTED: : CUDA_ERROR_OUT_OF_MEMORY: out of memory
=== Source Location Trace: ===
external/xla/xla/stream_executor/cuda/cuda_status.cc:45
external/xla/xla/stream_executor/cuda/cuda_device_allocator.cc:226
external/xla/xla/stream_executor/cuda/cuda_device_allocator.cc:403

E0820 14:24:17.847438 3200216 cuda_executor.cc:1176] [0] Failed to allocate device memory of 2.2KiB (2304 bytes): RESOURCE_EXHAUSTED: : CUDA_ERROR_OUT_OF_MEMORY: out of memory
=== Source Location Trace: ===
external/xla/xla/stream_executor/cuda/cuda_status.cc:45
external/xla/xla/stream_executor/cuda/cuda_device_allocator.cc:226
external/xla/xla/stream_executor/cuda/cuda_device_allocator.cc:403

E0820 14:24:17.848005 3200216 cuda_executor.cc:1176] [0] Failed to allocate device memory of 2.2KiB (2304 bytes): RESOURCE_EXHAUSTED: : CUDA_ERROR_OUT_OF_MEMORY: out of memory
=== Source Location Trace: ===
external/xla/xla/stream_executor/cuda/cuda_status.cc:45
external/xla/xla/stream_executor/cuda/cuda_device_allocator.cc:226
external/xla/xla/stream_executor/cuda/cuda_device_allocator.cc:403

E0820 14:24:17.848573 3200216 cuda_executor.cc:1176] [0] Failed to allocate device memory of 2.2KiB (2304 bytes): RESOURCE_EXHAUSTED: : CUDA_ERROR_OUT_OF_MEMORY: out of memory
=== Source Location Trace: ===
external/xla/xla/stream_executor/cuda/cuda_status.cc:45
external/xla/xla/stream_executor/cuda/cuda_device_allocator.cc:226
external/xla/xla/stream_executor/cuda/cuda_device_allocator.cc:403

E0820 14:24:17.849113 3200216 cuda_executor.cc:1176] [0] Failed to allocate device memory of 2.2KiB (2304 bytes): RESOURCE_EXHAUSTED: : CUDA_ERROR_OUT_OF_MEMORY: out of memory
=== Source Location Trace: ===
external/xla/xla/stream_executor/cuda/cuda_status.cc:45
external/xla/xla/stream_executor/cuda/cuda_device_allocator.cc:226
external/xla/xla/stream_executor/cuda/cuda_device_allocator.cc:403

E0820 14:24:17.849713 3200216 cuda_executor.cc:1176] [0] Failed to allocate device memory of 2.2KiB (2304 bytes): RESOURCE_EXHAUSTED: : CUDA_ERROR_OUT_OF_MEMORY: out of memory
=== Source Location Trace: ===
external/xla/xla/stream_executor/cuda/cuda_status.cc:45
external/xla/xla/stream_executor/cuda/cuda_device_allocator.cc:226
external/xla/xla/stream_executor/cuda/cuda_device_allocator.cc:403

E0820 14:24:17.850262 3200216 cuda_executor.cc:1176] [0] Failed to allocate device memory of 2.2KiB (2304 bytes): RESOURCE_EXHAUSTED: : CUDA_ERROR_OUT_OF_MEMORY: out of memory
=== Source Location Trace: ===
external/xla/xla/stream_executor/cuda/cuda_status.cc:45
external/xla/xla/stream_executor/cuda/cuda_device_allocator.cc:226
external/xla/xla/stream_executor/cuda/cuda_device_allocator.cc:403

E0820 14:24:17.850802 3200216 cuda_executor.cc:1176] [0] Failed to allocate device memory of 2.2KiB (2304 bytes): RESOURCE_EXHAUSTED: : CUDA_ERROR_OUT_OF_MEMORY: out of memory
=== Source Location Trace: ===
external/xla/xla/stream_executor/cuda/cuda_status.cc:45
external/xla/xla/stream_executor/cuda/cuda_device_allocator.cc:226
external/xla/xla/stream_executor/cuda/cuda_device_allocator.cc:403

E0820 14:24:17.851399 3200216 cuda_executor.cc:1176] [0] Failed to allocate device memory of 2.2KiB (2304 bytes): RESOURCE_EXHAUSTED: : CUDA_ERROR_OUT_OF_MEMORY: out of memory
=== Source Location Trace: ===
external/xla/xla/stream_executor/cuda/cuda_status.cc:45
external/xla/xla/stream_executor/cuda/cuda_device_allocator.cc:226
external/xla/xla/stream_executor/cuda/cuda_device_allocator.cc:403

E0820 14:24:17.851966 3200216 cuda_executor.cc:1176] [0] Failed to allocate device memory of 2.2KiB (2304 bytes): RESOURCE_EXHAUSTED: : CUDA_ERROR_OUT_OF_MEMORY: out of memory
=== Source Location Trace: ===
external/xla/xla/stream_executor/cuda/cuda_status.cc:45
external/xla/xla/stream_executor/cuda/cuda_device_allocator.cc:226
external/xla/xla/stream_executor/cuda/cuda_device_allocator.cc:403

E0820 14:24:17.852542 3200216 cuda_executor.cc:1176] [0] Failed to allocate device memory of 2.2KiB (2304 bytes): RESOURCE_EXHAUSTED: : CUDA_ERROR_OUT_OF_MEMORY: out of memory
=== Source Location Trace: ===
external/xla/xla/stream_executor/cuda/cuda_status.cc:45
external/xla/xla/stream_executor/cuda/cuda_device_allocator.cc:226
external/xla/xla/stream_executor/cuda/cuda_device_allocator.cc:403

E0820 14:24:17.853081 3200216 cuda_executor.cc:1176] [0] Failed to allocate device memory of 2.2KiB (2304 bytes): RESOURCE_EXHAUSTED: : CUDA_ERROR_OUT_OF_MEMORY: out of memory
=== Source Location Trace: ===
external/xla/xla/stream_executor/cuda/cuda_status.cc:45
external/xla/xla/stream_executor/cuda/cuda_device_allocator.cc:226
external/xla/xla/stream_executor/cuda/cuda_device_allocator.cc:403

E0820 14:24:17.853669 3200216 cuda_executor.cc:1176] [0] Failed to allocate device memory of 2.2KiB (2304 bytes): RESOURCE_EXHAUSTED: : CUDA_ERROR_OUT_OF_MEMORY: out of memory
=== Source Location Trace: ===
external/xla/xla/stream_executor/cuda/cuda_status.cc:45
external/xla/xla/stream_executor/cuda/cuda_device_allocator.cc:226
external/xla/xla/stream_executor/cuda/cuda_device_allocator.cc:403

E0820 14:24:17.854208 3200216 cuda_executor.cc:1176] [0] Failed to allocate device memory of 2.2KiB (2304 bytes): RESOURCE_EXHAUSTED: : CUDA_ERROR_OUT_OF_MEMORY: out of memory
=== Source Location Trace: ===
external/xla/xla/stream_executor/cuda/cuda_status.cc:45
external/xla/xla/stream_executor/cuda/cuda_device_allocator.cc:226
external/xla/xla/stream_executor/cuda/cuda_device_allocator.cc:403

E0820 14:24:17.854845 3200216 cuda_executor.cc:1176] [0] Failed to allocate device memory of 2.2KiB (2304 bytes): RESOURCE_EXHAUSTED: : CUDA_ERROR_OUT_OF_MEMORY: out of memory
=== Source Location Trace: ===
external/xla/xla/stream_executor/cuda/cuda_status.cc:45
external/xla/xla/stream_executor/cuda/cuda_device_allocator.cc:226
external/xla/xla/stream_executor/cuda/cuda_device_allocator.cc:403

E0820 14:24:17.855440 3200216 cuda_executor.cc:1176] [0] Failed to allocate device memory of 2.2KiB (2304 bytes): RESOURCE_EXHAUSTED: : CUDA_ERROR_OUT_OF_MEMORY: out of memory
=== Source Location Trace: ===
external/xla/xla/stream_executor/cuda/cuda_status.cc:45
external/xla/xla/stream_executor/cuda/cuda_device_allocator.cc:226
external/xla/xla/stream_executor/cuda/cuda_device_allocator.cc:403

E0820 14:24:17.855979 3200216 cuda_executor.cc:1176] [0] Failed to allocate device memory of 2.2KiB (2304 bytes): RESOURCE_EXHAUSTED: : CUDA_ERROR_OUT_OF_MEMORY: out of memory
=== Source Location Trace: ===
external/xla/xla/stream_executor/cuda/cuda_status.cc:45
external/xla/xla/stream_executor/cuda/cuda_device_allocator.cc:226
external/xla/xla/stream_executor/cuda/cuda_device_allocator.cc:403

E0820 14:24:17.856537 3200216 cuda_executor.cc:1176] [0] Failed to allocate device memory of 2.2KiB (2304 bytes): RESOURCE_EXHAUSTED: : CUDA_ERROR_OUT_OF_MEMORY: out of memory
=== Source Location Trace: ===
external/xla/xla/stream_executor/cuda/cuda_status.cc:45
external/xla/xla/stream_executor/cuda/cuda_device_allocator.cc:226
external/xla/xla/stream_executor/cuda/cuda_device_allocator.cc:403

E0820 14:24:17.857080 3200216 cuda_executor.cc:1176] [0] Failed to allocate device memory of 2.2KiB (2304 bytes): RESOURCE_EXHAUSTED: : CUDA_ERROR_OUT_OF_MEMORY: out of memory
=== Source Location Trace: ===
external/xla/xla/stream_executor/cuda/cuda_status.cc:45
external/xla/xla/stream_executor/cuda/cuda_device_allocator.cc:226
external/xla/xla/stream_executor/cuda/cuda_device_allocator.cc:403

E0820 14:24:17.857701 3200216 cuda_executor.cc:1176] [0] Failed to allocate device memory of 2.2KiB (2304 bytes): RESOURCE_EXHAUSTED: : CUDA_ERROR_OUT_OF_MEMORY: out of memory
=== Source Location Trace: ===
external/xla/xla/stream_executor/cuda/cuda_status.cc:45
external/xla/xla/stream_executor/cuda/cuda_device_allocator.cc:226
external/xla/xla/stream_executor/cuda/cuda_device_allocator.cc:403

E0820 14:24:17.858277 3200216 cuda_executor.cc:1176] [0] Failed to allocate device memory of 2.2KiB (2304 bytes): RESOURCE_EXHAUSTED: : CUDA_ERROR_OUT_OF_MEMORY: out of memory
=== Source Location Trace: ===
external/xla/xla/stream_executor/cuda/cuda_status.cc:45
external/xla/xla/stream_executor/cuda/cuda_device_allocator.cc:226
external/xla/xla/stream_executor/cuda/cuda_device_allocator.cc:403

E0820 14:24:17.858818 3200216 cuda_executor.cc:1176] [0] Failed to allocate device memory of 2.2KiB (2304 bytes): RESOURCE_EXHAUSTED: : CUDA_ERROR_OUT_OF_MEMORY: out of memory
=== Source Location Trace: ===
external/xla/xla/stream_executor/cuda/cuda_status.cc:45
external/xla/xla/stream_executor/cuda/cuda_device_allocator.cc:226
external/xla/xla/stream_executor/cuda/cuda_device_allocator.cc:403

E0820 14:24:17.859401 3200216 cuda_executor.cc:1176] [0] Failed to allocate device memory of 2.2KiB (2304 bytes): RESOURCE_EXHAUSTED: : CUDA_ERROR_OUT_OF_MEMORY: out of memory
=== Source Location Trace: ===
external/xla/xla/stream_executor/cuda/cuda_status.cc:45
external/xla/xla/stream_executor/cuda/cuda_device_allocator.cc:226
external/xla/xla/stream_executor/cuda/cuda_device_allocator.cc:403

E0820 14:24:17.859940 3200216 cuda_executor.cc:1176] [0] Failed to allocate device memory of 2.2KiB (2304 bytes): RESOURCE_EXHAUSTED: : CUDA_ERROR_OUT_OF_MEMORY: out of memory
=== Source Location Trace: ===
external/xla/xla/stream_executor/cuda/cuda_status.cc:45
external/xla/xla/stream_executor/cuda/cuda_device_allocator.cc:226
external/xla/xla/stream_executor/cuda/cuda_device_allocator.cc:403

E0820 14:24:17.860562 3200216 cuda_executor.cc:1176] [0] Failed to allocate device memory of 2.2KiB (2304 bytes): RESOURCE_EXHAUSTED: : CUDA_ERROR_OUT_OF_MEMORY: out of memory
=== Source Location Trace: ===
external/xla/xla/stream_executor/cuda/cuda_status.cc:45
external/xla/xla/stream_executor/cuda/cuda_device_allocator.cc:226
external/xla/xla/stream_executor/cuda/cuda_device_allocator.cc:403

E0820 14:24:17.861101 3200216 cuda_executor.cc:1176] [0] Failed to allocate device memory of 2.2KiB (2304 bytes): RESOURCE_EXHAUSTED: : CUDA_ERROR_OUT_OF_MEMORY: out of memory
=== Source Location Trace: ===
external/xla/xla/stream_executor/cuda/cuda_status.cc:45
external/xla/xla/stream_executor/cuda/cuda_device_allocator.cc:226
external/xla/xla/stream_executor/cuda/cuda_device_allocator.cc:403

E0820 14:24:17.861696 3200216 cuda_executor.cc:1176] [0] Failed to allocate device memory of 2.2KiB (2304 bytes): RESOURCE_EXHAUSTED: : CUDA_ERROR_OUT_OF_MEMORY: out of memory
=== Source Location Trace: ===
external/xla/xla/stream_executor/cuda/cuda_status.cc:45
external/xla/xla/stream_executor/cuda/cuda_device_allocator.cc:226
external/xla/xla/stream_executor/cuda/cuda_device_allocator.cc:403

E0820 14:24:17.862241 3200216 cuda_executor.cc:1176] [0] Failed to allocate device memory of 2.2KiB (2304 bytes): RESOURCE_EXHAUSTED: : CUDA_ERROR_OUT_OF_MEMORY: out of memory
=== Source Location Trace: ===
external/xla/xla/stream_executor/cuda/cuda_status.cc:45
external/xla/xla/stream_executor/cuda/cuda_device_allocator.cc:226
external/xla/xla/stream_executor/cuda/cuda_device_allocator.cc:403

E0820 14:24:17.862780 3200216 cuda_executor.cc:1176] [0] Failed to allocate device memory of 2.2KiB (2304 bytes): RESOURCE_EXHAUSTED: : CUDA_ERROR_OUT_OF_MEMORY: out of memory
=== Source Location Trace: ===
external/xla/xla/stream_executor/cuda/cuda_status.cc:45
external/xla/xla/stream_executor/cuda/cuda_device_allocator.cc:226
external/xla/xla/stream_executor/cuda/cuda_device_allocator.cc:403

E0820 14:24:17.863357 3200216 cuda_executor.cc:1176] [0] Failed to allocate device memory of 2.2KiB (2304 bytes): RESOURCE_EXHAUSTED: : CUDA_ERROR_OUT_OF_MEMORY: out of memory
=== Source Location Trace: ===
external/xla/xla/stream_executor/cuda/cuda_status.cc:45
external/xla/xla/stream_executor/cuda/cuda_device_allocator.cc:226
external/xla/xla/stream_executor/cuda/cuda_device_allocator.cc:403

E0820 14:24:17.863897 3200216 cuda_executor.cc:1176] [0] Failed to allocate device memory of 2.2KiB (2304 bytes): RESOURCE_EXHAUSTED: : CUDA_ERROR_OUT_OF_MEMORY: out of memory
=== Source Location Trace: ===
external/xla/xla/stream_executor/cuda/cuda_status.cc:45
external/xla/xla/stream_executor/cuda/cuda_device_allocator.cc:226
external/xla/xla/stream_executor/cuda/cuda_device_allocator.cc:403

E0820 14:24:17.864507 3200216 cuda_executor.cc:1176] [0] Failed to allocate device memory of 2.2KiB (2304 bytes): RESOURCE_EXHAUSTED: : CUDA_ERROR_OUT_OF_MEMORY: out of memory
=== Source Location Trace: ===
external/xla/xla/stream_executor/cuda/cuda_status.cc:45
external/xla/xla/stream_executor/cuda/cuda_device_allocator.cc:226
external/xla/xla/stream_executor/cuda/cuda_device_allocator.cc:403

E0820 14:24:17.865046 3200216 cuda_executor.cc:1176] [0] Failed to allocate device memory of 2.2KiB (2304 bytes): RESOURCE_EXHAUSTED: : CUDA_ERROR_OUT_OF_MEMORY: out of memory
=== Source Location Trace: ===
external/xla/xla/stream_executor/cuda/cuda_status.cc:45
external/xla/xla/stream_executor/cuda/cuda_device_allocator.cc:226
external/xla/xla/stream_executor/cuda/cuda_device_allocator.cc:403

E0820 14:24:17.865620 3200216 cuda_executor.cc:1176] [0] Failed to allocate device memory of 2.2KiB (2304 bytes): RESOURCE_EXHAUSTED: : CUDA_ERROR_OUT_OF_MEMORY: out of memory
=== Source Location Trace: ===
external/xla/xla/stream_executor/cuda/cuda_status.cc:45
external/xla/xla/stream_executor/cuda/cuda_device_allocator.cc:226
external/xla/xla/stream_executor/cuda/cuda_device_allocator.cc:403

E0820 14:24:17.866159 3200216 cuda_executor.cc:1176] [0] Failed to allocate device memory of 2.2KiB (2304 bytes): RESOURCE_EXHAUSTED: : CUDA_ERROR_OUT_OF_MEMORY: out of memory
=== Source Location Trace: ===
external/xla/xla/stream_executor/cuda/cuda_status.cc:45
external/xla/xla/stream_executor/cuda/cuda_device_allocator.cc:226
external/xla/xla/stream_executor/cuda/cuda_device_allocator.cc:403

E0820 14:24:17.866786 3200216 cuda_executor.cc:1176] [0] Failed to allocate device memory of 2.2KiB (2304 bytes): RESOURCE_EXHAUSTED: : CUDA_ERROR_OUT_OF_MEMORY: out of memory
=== Source Location Trace: ===
external/xla/xla/stream_executor/cuda/cuda_status.cc:45
external/xla/xla/stream_executor/cuda/cuda_device_allocator.cc:226
external/xla/xla/stream_executor/cuda/cuda_device_allocator.cc:403

E0820 14:24:17.867387 3200216 cuda_executor.cc:1176] [0] Failed to allocate device memory of 2.2KiB (2304 bytes): RESOURCE_EXHAUSTED: : CUDA_ERROR_OUT_OF_MEMORY: out of memory
=== Source Location Trace: ===
external/xla/xla/stream_executor/cuda/cuda_status.cc:45
external/xla/xla/stream_executor/cuda/cuda_device_allocator.cc:226
external/xla/xla/stream_executor/cuda/cuda_device_allocator.cc:403

E0820 14:24:17.867954 3200216 cuda_executor.cc:1176] [0] Failed to allocate device memory of 2.2KiB (2304 bytes): RESOURCE_EXHAUSTED: : CUDA_ERROR_OUT_OF_MEMORY: out of memory
=== Source Location Trace: ===
external/xla/xla/stream_executor/cuda/cuda_status.cc:45
external/xla/xla/stream_executor/cuda/cuda_device_allocator.cc:226
external/xla/xla/stream_executor/cuda/cuda_device_allocator.cc:403

E0820 14:24:17.868525 3200216 cuda_executor.cc:1176] [0] Failed to allocate device memory of 2.2KiB (2304 bytes): RESOURCE_EXHAUSTED: : CUDA_ERROR_OUT_OF_MEMORY: out of memory
=== Source Location Trace: ===
external/xla/xla/stream_executor/cuda/cuda_status.cc:45
external/xla/xla/stream_executor/cuda/cuda_device_allocator.cc:226
external/xla/xla/stream_executor/cuda/cuda_device_allocator.cc:403

E0820 14:24:17.869068 3200216 cuda_executor.cc:1176] [0] Failed to allocate device memory of 2.2KiB (2304 bytes): RESOURCE_EXHAUSTED: : CUDA_ERROR_OUT_OF_MEMORY: out of memory
=== Source Location Trace: ===
external/xla/xla/stream_executor/cuda/cuda_status.cc:45
external/xla/xla/stream_executor/cuda/cuda_device_allocator.cc:226
external/xla/xla/stream_executor/cuda/cuda_device_allocator.cc:403

E0820 14:24:17.869669 3200216 cuda_executor.cc:1176] [0] Failed to allocate device memory of 2.2KiB (2304 bytes): RESOURCE_EXHAUSTED: : CUDA_ERROR_OUT_OF_MEMORY: out of memory
=== Source Location Trace: ===
external/xla/xla/stream_executor/cuda/cuda_status.cc:45
external/xla/xla/stream_executor/cuda/cuda_device_allocator.cc:226
external/xla/xla/stream_executor/cuda/cuda_device_allocator.cc:403

E0820 14:24:17.870219 3200216 cuda_executor.cc:1176] [0] Failed to allocate device memory of 2.2KiB (2304 bytes): RESOURCE_EXHAUSTED: : CUDA_ERROR_OUT_OF_MEMORY: out of memory
=== Source Location Trace: ===
external/xla/xla/stream_executor/cuda/cuda_status.cc:45
external/xla/xla/stream_executor/cuda/cuda_device_allocator.cc:226
external/xla/xla/stream_executor/cuda/cuda_device_allocator.cc:403

E0820 14:24:17.870789 3200216 cuda_executor.cc:1176] [0] Failed to allocate device memory of 2.2KiB (2304 bytes): RESOURCE_EXHAUSTED: : CUDA_ERROR_OUT_OF_MEMORY: out of memory
=== Source Location Trace: ===
external/xla/xla/stream_executor/cuda/cuda_status.cc:45
external/xla/xla/stream_executor/cuda/cuda_device_allocator.cc:226
external/xla/xla/stream_executor/cuda/cuda_device_allocator.cc:403

E0820 14:24:17.871392 3200216 cuda_executor.cc:1176] [0] Failed to allocate device memory of 2.2KiB (2304 bytes): RESOURCE_EXHAUSTED: : CUDA_ERROR_OUT_OF_MEMORY: out of memory
=== Source Location Trace: ===
external/xla/xla/stream_executor/cuda/cuda_status.cc:45
external/xla/xla/stream_executor/cuda/cuda_device_allocator.cc:226
external/xla/xla/stream_executor/cuda/cuda_device_allocator.cc:403

E0820 14:24:17.871932 3200216 cuda_executor.cc:1176] [0] Failed to allocate device memory of 2.2KiB (2304 bytes): RESOURCE_EXHAUSTED: : CUDA_ERROR_OUT_OF_MEMORY: out of memory
=== Source Location Trace: ===
external/xla/xla/stream_executor/cuda/cuda_status.cc:45
external/xla/xla/stream_executor/cuda/cuda_device_allocator.cc:226
external/xla/xla/stream_executor/cuda/cuda_device_allocator.cc:403

E0820 14:24:17.872552 3200216 cuda_executor.cc:1176] [0] Failed to allocate device memory of 2.2KiB (2304 bytes): RESOURCE_EXHAUSTED: : CUDA_ERROR_OUT_OF_MEMORY: out of memory
=== Source Location Trace: ===
external/xla/xla/stream_executor/cuda/cuda_status.cc:45
external/xla/xla/stream_executor/cuda/cuda_device_allocator.cc:226
external/xla/xla/stream_executor/cuda/cuda_device_allocator.cc:403

E0820 14:24:17.873091 3200216 cuda_executor.cc:1176] [0] Failed to allocate device memory of 2.2KiB (2304 bytes): RESOURCE_EXHAUSTED: : CUDA_ERROR_OUT_OF_MEMORY: out of memory
=== Source Location Trace: ===
external/xla/xla/stream_executor/cuda/cuda_status.cc:45
external/xla/xla/stream_executor/cuda/cuda_device_allocator.cc:226
external/xla/xla/stream_executor/cuda/cuda_device_allocator.cc:403

E0820 14:24:17.873685 3200216 cuda_executor.cc:1176] [0] Failed to allocate device memory of 2.2KiB (2304 bytes): RESOURCE_EXHAUSTED: : CUDA_ERROR_OUT_OF_MEMORY: out of memory
=== Source Location Trace: ===
external/xla/xla/stream_executor/cuda/cuda_status.cc:45
external/xla/xla/stream_executor/cuda/cuda_device_allocator.cc:226
external/xla/xla/stream_executor/cuda/cuda_device_allocator.cc:403

E0820 14:24:17.874247 3200216 cuda_executor.cc:1176] [0] Failed to allocate device memory of 2.2KiB (2304 bytes): RESOURCE_EXHAUSTED: : CUDA_ERROR_OUT_OF_MEMORY: out of memory
=== Source Location Trace: ===
external/xla/xla/stream_executor/cuda/cuda_status.cc:45
external/xla/xla/stream_executor/cuda/cuda_device_allocator.cc:226
external/xla/xla/stream_executor/cuda/cuda_device_allocator.cc:403

E0820 14:24:17.874814 3200216 cuda_executor.cc:1176] [0] Failed to allocate device memory of 2.2KiB (2304 bytes): RESOURCE_EXHAUSTED: : CUDA_ERROR_OUT_OF_MEMORY: out of memory
=== Source Location Trace: ===
external/xla/xla/stream_executor/cuda/cuda_status.cc:45
external/xla/xla/stream_executor/cuda/cuda_device_allocator.cc:226
external/xla/xla/stream_executor/cuda/cuda_device_allocator.cc:403

E0820 14:24:17.875421 3200216 cuda_executor.cc:1176] [0] Failed to allocate device memory of 2.2KiB (2304 bytes): RESOURCE_EXHAUSTED: : CUDA_ERROR_OUT_OF_MEMORY: out of memory
=== Source Location Trace: ===
external/xla/xla/stream_executor/cuda/cuda_status.cc:45
external/xla/xla/stream_executor/cuda/cuda_device_allocator.cc:226
external/xla/xla/stream_executor/cuda/cuda_device_allocator.cc:403

E0820 14:24:17.875960 3200216 cuda_executor.cc:1176] [0] Failed to allocate device memory of 2.2KiB (2304 bytes): RESOURCE_EXHAUSTED: : CUDA_ERROR_OUT_OF_MEMORY: out of memory
=== Source Location Trace: ===
external/xla/xla/stream_executor/cuda/cuda_status.cc:45
external/xla/xla/stream_executor/cuda/cuda_device_allocator.cc:226
external/xla/xla/stream_executor/cuda/cuda_device_allocator.cc:403

E0820 14:24:17.876502 3200216 cuda_executor.cc:1176] [0] Failed to allocate device memory of 2.2KiB (2304 bytes): RESOURCE_EXHAUSTED: : CUDA_ERROR_OUT_OF_MEMORY: out of memory
=== Source Location Trace: ===
external/xla/xla/stream_executor/cuda/cuda_status.cc:45
external/xla/xla/stream_executor/cuda/cuda_device_allocator.cc:226
external/xla/xla/stream_executor/cuda/cuda_device_allocator.cc:403

E0820 14:24:17.877055 3200216 cuda_executor.cc:1176] [0] Failed to allocate device memory of 2.2KiB (2304 bytes): RESOURCE_EXHAUSTED: : CUDA_ERROR_OUT_OF_MEMORY: out of memory
=== Source Location Trace: ===
external/xla/xla/stream_executor/cuda/cuda_status.cc:45
external/xla/xla/stream_executor/cuda/cuda_device_allocator.cc:226
external/xla/xla/stream_executor/cuda/cuda_device_allocator.cc:403

E0820 14:24:17.877641 3200216 cuda_executor.cc:1176] [0] Failed to allocate device memory of 2.2KiB (2304 bytes): RESOURCE_EXHAUSTED: : CUDA_ERROR_OUT_OF_MEMORY: out of memory
=== Source Location Trace: ===
external/xla/xla/stream_executor/cuda/cuda_status.cc:45
external/xla/xla/stream_executor/cuda/cuda_device_allocator.cc:226
external/xla/xla/stream_executor/cuda/cuda_device_allocator.cc:403

E0820 14:24:17.878191 3200216 cuda_executor.cc:1176] [0] Failed to allocate device memory of 2.2KiB (2304 bytes): RESOURCE_EXHAUSTED: : CUDA_ERROR_OUT_OF_MEMORY: out of memory
=== Source Location Trace: ===
external/xla/xla/stream_executor/cuda/cuda_status.cc:45
external/xla/xla/stream_executor/cuda/cuda_device_allocator.cc:226
external/xla/xla/stream_executor/cuda/cuda_device_allocator.cc:403

E0820 14:24:17.878854 3200216 cuda_executor.cc:1176] [0] Failed to allocate device memory of 2.2KiB (2304 bytes): RESOURCE_EXHAUSTED: : CUDA_ERROR_OUT_OF_MEMORY: out of memory
=== Source Location Trace: ===
external/xla/xla/stream_executor/cuda/cuda_status.cc:45
external/xla/xla/stream_executor/cuda/cuda_device_allocator.cc:226
external/xla/xla/stream_executor/cuda/cuda_device_allocator.cc:403

E0820 14:24:17.879469 3200216 cuda_executor.cc:1176] [0] Failed to allocate device memory of 2.2KiB (2304 bytes): RESOURCE_EXHAUSTED: : CUDA_ERROR_OUT_OF_MEMORY: out of memory
=== Source Location Trace: ===
external/xla/xla/stream_executor/cuda/cuda_status.cc:45
external/xla/xla/stream_executor/cuda/cuda_device_allocator.cc:226
external/xla/xla/stream_executor/cuda/cuda_device_allocator.cc:403

E0820 14:24:17.880014 3200216 cuda_executor.cc:1176] [0] Failed to allocate device memory of 2.2KiB (2304 bytes): RESOURCE_EXHAUSTED: : CUDA_ERROR_OUT_OF_MEMORY: out of memory
=== Source Location Trace: ===
external/xla/xla/stream_executor/cuda/cuda_status.cc:45
external/xla/xla/stream_executor/cuda/cuda_device_allocator.cc:226
external/xla/xla/stream_executor/cuda/cuda_device_allocator.cc:403

E0820 14:24:17.880820 3200216 cuda_executor.cc:1176] [0] Failed to allocate device memory of 2.2KiB (2304 bytes): RESOURCE_EXHAUSTED: : CUDA_ERROR_OUT_OF_MEMORY: out of memory
=== Source Location Trace: ===
external/xla/xla/stream_executor/cuda/cuda_status.cc:45
external/xla/xla/stream_executor/cuda/cuda_device_allocator.cc:226
external/xla/xla/stream_executor/cuda/cuda_device_allocator.cc:403

E0820 14:24:17.881441 3200216 cuda_executor.cc:1176] [0] Failed to allocate device memory of 2.2KiB (2304 bytes): RESOURCE_EXHAUSTED: : CUDA_ERROR_OUT_OF_MEMORY: out of memory
=== Source Location Trace: ===
external/xla/xla/stream_executor/cuda/cuda_status.cc:45
external/xla/xla/stream_executor/cuda/cuda_device_allocator.cc:226
external/xla/xla/stream_executor/cuda/cuda_device_allocator.cc:403

E0820 14:24:17.881981 3200216 cuda_executor.cc:1176] [0] Failed to allocate device memory of 2.2KiB (2304 bytes): RESOURCE_EXHAUSTED: : CUDA_ERROR_OUT_OF_MEMORY: out of memory
=== Source Location Trace: ===
external/xla/xla/stream_executor/cuda/cuda_status.cc:45
external/xla/xla/stream_executor/cuda/cuda_device_allocator.cc:226
external/xla/xla/stream_executor/cuda/cuda_device_allocator.cc:403

E0820 14:24:17.882537 3200216 cuda_executor.cc:1176] [0] Failed to allocate device memory of 2.2KiB (2304 bytes): RESOURCE_EXHAUSTED: : CUDA_ERROR_OUT_OF_MEMORY: out of memory
=== Source Location Trace: ===
external/xla/xla/stream_executor/cuda/cuda_status.cc:45
external/xla/xla/stream_executor/cuda/cuda_device_allocator.cc:226
external/xla/xla/stream_executor/cuda/cuda_device_allocator.cc:403

E0820 14:24:17.883105 3200216 cuda_executor.cc:1176] [0] Failed to allocate device memory of 2.2KiB (2304 bytes): RESOURCE_EXHAUSTED: : CUDA_ERROR_OUT_OF_MEMORY: out of memory
=== Source Location Trace: ===
external/xla/xla/stream_executor/cuda/cuda_status.cc:45
external/xla/xla/stream_executor/cuda/cuda_device_allocator.cc:226
external/xla/xla/stream_executor/cuda/cuda_device_allocator.cc:403

E0820 14:24:17.883722 3200216 cuda_executor.cc:1176] [0] Failed to allocate device memory of 2.2KiB (2304 bytes): RESOURCE_EXHAUSTED: : CUDA_ERROR_OUT_OF_MEMORY: out of memory
=== Source Location Trace: ===
external/xla/xla/stream_executor/cuda/cuda_status.cc:45
external/xla/xla/stream_executor/cuda/cuda_device_allocator.cc:226
external/xla/xla/stream_executor/cuda/cuda_device_allocator.cc:403

E0820 14:24:17.884297 3200216 cuda_executor.cc:1176] [0] Failed to allocate device memory of 2.2KiB (2304 bytes): RESOURCE_EXHAUSTED: : CUDA_ERROR_OUT_OF_MEMORY: out of memory
=== Source Location Trace: ===
external/xla/xla/stream_executor/cuda/cuda_status.cc:45
external/xla/xla/stream_executor/cuda/cuda_device_allocator.cc:226
external/xla/xla/stream_executor/cuda/cuda_device_allocator.cc:403

E0820 14:24:17.884839 3200216 cuda_executor.cc:1176] [0] Failed to allocate device memory of 2.2KiB (2304 bytes): RESOURCE_EXHAUSTED: : CUDA_ERROR_OUT_OF_MEMORY: out of memory
=== Source Location Trace: ===
external/xla/xla/stream_executor/cuda/cuda_status.cc:45
external/xla/xla/stream_executor/cuda/cuda_device_allocator.cc:226
external/xla/xla/stream_executor/cuda/cuda_device_allocator.cc:403

E0820 14:24:17.885463 3200216 cuda_executor.cc:1176] [0] Failed to allocate device memory of 2.2KiB (2304 bytes): RESOURCE_EXHAUSTED: : CUDA_ERROR_OUT_OF_MEMORY: out of memory
=== Source Location Trace: ===
external/xla/xla/stream_executor/cuda/cuda_status.cc:45
external/xla/xla/stream_executor/cuda/cuda_device_allocator.cc:226
external/xla/xla/stream_executor/cuda/cuda_device_allocator.cc:403

E0820 14:24:17.886019 3200216 cuda_executor.cc:1176] [0] Failed to allocate device memory of 2.2KiB (2304 bytes): RESOURCE_EXHAUSTED: : CUDA_ERROR_OUT_OF_MEMORY: out of memory
=== Source Location Trace: ===
external/xla/xla/stream_executor/cuda/cuda_status.cc:45
external/xla/xla/stream_executor/cuda/cuda_device_allocator.cc:226
external/xla/xla/stream_executor/cuda/cuda_device_allocator.cc:403

E0820 14:24:17.886592 3200216 cuda_executor.cc:1176] [0] Failed to allocate device memory of 2.2KiB (2304 bytes): RESOURCE_EXHAUSTED: : CUDA_ERROR_OUT_OF_MEMORY: out of memory
=== Source Location Trace: ===
external/xla/xla/stream_executor/cuda/cuda_status.cc:45
external/xla/xla/stream_executor/cuda/cuda_device_allocator.cc:226
external/xla/xla/stream_executor/cuda/cuda_device_allocator.cc:403

E0820 14:24:17.887134 3200216 cuda_executor.cc:1176] [0] Failed to allocate device memory of 2.2KiB (2304 bytes): RESOURCE_EXHAUSTED: : CUDA_ERROR_OUT_OF_MEMORY: out of memory
=== Source Location Trace: ===
external/xla/xla/stream_executor/cuda/cuda_status.cc:45
external/xla/xla/stream_executor/cuda/cuda_device_allocator.cc:226
external/xla/xla/stream_executor/cuda/cuda_device_allocator.cc:403

E0820 14:24:17.887750 3200216 cuda_executor.cc:1176] [0] Failed to allocate device memory of 2.2KiB (2304 bytes): RESOURCE_EXHAUSTED: : CUDA_ERROR_OUT_OF_MEMORY: out of memory
=== Source Location Trace: ===
external/xla/xla/stream_executor/cuda/cuda_status.cc:45
external/xla/xla/stream_executor/cuda/cuda_device_allocator.cc:226
external/xla/xla/stream_executor/cuda/cuda_device_allocator.cc:403

E0820 14:24:17.888329 3200216 cuda_executor.cc:1176] [0] Failed to allocate device memory of 2.2KiB (2304 bytes): RESOURCE_EXHAUSTED: : CUDA_ERROR_OUT_OF_MEMORY: out of memory
=== Source Location Trace: ===
external/xla/xla/stream_executor/cuda/cuda_status.cc:45
external/xla/xla/stream_executor/cuda/cuda_device_allocator.cc:226
external/xla/xla/stream_executor/cuda/cuda_device_allocator.cc:403

E0820 14:24:17.888897 3200216 cuda_executor.cc:1176] [0] Failed to allocate device memory of 2.2KiB (2304 bytes): RESOURCE_EXHAUSTED: : CUDA_ERROR_OUT_OF_MEMORY: out of memory
=== Source Location Trace: ===
external/xla/xla/stream_executor/cuda/cuda_status.cc:45
external/xla/xla/stream_executor/cuda/cuda_device_allocator.cc:226
external/xla/xla/stream_executor/cuda/cuda_device_allocator.cc:403

E0820 14:24:17.889535 3200216 cuda_executor.cc:1176] [0] Failed to allocate device memory of 2.2KiB (2304 bytes): RESOURCE_EXHAUSTED: : CUDA_ERROR_OUT_OF_MEMORY: out of memory
=== Source Location Trace: ===
external/xla/xla/stream_executor/cuda/cuda_status.cc:45
external/xla/xla/stream_executor/cuda/cuda_device_allocator.cc:226
external/xla/xla/stream_executor/cuda/cuda_device_allocator.cc:403

E0820 14:24:17.890108 3200216 cuda_executor.cc:1176] [0] Failed to allocate device memory of 2.2KiB (2304 bytes): RESOURCE_EXHAUSTED: : CUDA_ERROR_OUT_OF_MEMORY: out of memory
=== Source Location Trace: ===
external/xla/xla/stream_executor/cuda/cuda_status.cc:45
external/xla/xla/stream_executor/cuda/cuda_device_allocator.cc:226
external/xla/xla/stream_executor/cuda/cuda_device_allocator.cc:403

E0820 14:24:17.890749 3200216 cuda_executor.cc:1176] [0] Failed to allocate device memory of 2.2KiB (2304 bytes): RESOURCE_EXHAUSTED: : CUDA_ERROR_OUT_OF_MEMORY: out of memory
=== Source Location Trace: ===
external/xla/xla/stream_executor/cuda/cuda_status.cc:45
external/xla/xla/stream_executor/cuda/cuda_device_allocator.cc:226
external/xla/xla/stream_executor/cuda/cuda_device_allocator.cc:403

E0820 14:24:17.891388 3200216 cuda_executor.cc:1176] [0] Failed to allocate device memory of 2.2KiB (2304 bytes): RESOURCE_EXHAUSTED: : CUDA_ERROR_OUT_OF_MEMORY: out of memory
=== Source Location Trace: ===
external/xla/xla/stream_executor/cuda/cuda_status.cc:45
external/xla/xla/stream_executor/cuda/cuda_device_allocator.cc:226
external/xla/xla/stream_executor/cuda/cuda_device_allocator.cc:403

E0820 14:24:17.891972 3200216 cuda_executor.cc:1176] [0] Failed to allocate device memory of 2.2KiB (2304 bytes): RESOURCE_EXHAUSTED: : CUDA_ERROR_OUT_OF_MEMORY: out of memory
=== Source Location Trace: ===
external/xla/xla/stream_executor/cuda/cuda_status.cc:45
external/xla/xla/stream_executor/cuda/cuda_device_allocator.cc:226
external/xla/xla/stream_executor/cuda/cuda_device_allocator.cc:403

E0820 14:24:17.892560 3200216 cuda_executor.cc:1176] [0] Failed to allocate device memory of 2.2KiB (2304 bytes): RESOURCE_EXHAUSTED: : CUDA_ERROR_OUT_OF_MEMORY: out of memory
=== Source Location Trace: ===
external/xla/xla/stream_executor/cuda/cuda_status.cc:45
external/xla/xla/stream_executor/cuda/cuda_device_allocator.cc:226
external/xla/xla/stream_executor/cuda/cuda_device_allocator.cc:403

E0820 14:24:17.893127 3200216 cuda_executor.cc:1176] [0] Failed to allocate device memory of 2.2KiB (2304 bytes): RESOURCE_EXHAUSTED: : CUDA_ERROR_OUT_OF_MEMORY: out of memory
=== Source Location Trace: ===
external/xla/xla/stream_executor/cuda/cuda_status.cc:45
external/xla/xla/stream_executor/cuda/cuda_device_allocator.cc:226
external/xla/xla/stream_executor/cuda/cuda_device_allocator.cc:403

E0820 14:24:17.893771 3200216 cuda_executor.cc:1176] [0] Failed to allocate device memory of 2.2KiB (2304 bytes): RESOURCE_EXHAUSTED: : CUDA_ERROR_OUT_OF_MEMORY: out of memory
=== Source Location Trace: ===
external/xla/xla/stream_executor/cuda/cuda_status.cc:45
external/xla/xla/stream_executor/cuda/cuda_device_allocator.cc:226
external/xla/xla/stream_executor/cuda/cuda_device_allocator.cc:403

E0820 14:24:17.894386 3200216 cuda_executor.cc:1176] [0] Failed to allocate device memory of 2.2KiB (2304 bytes): RESOURCE_EXHAUSTED: : CUDA_ERROR_OUT_OF_MEMORY: out of memory
=== Source Location Trace: ===
external/xla/xla/stream_executor/cuda/cuda_status.cc:45
external/xla/xla/stream_executor/cuda/cuda_device_allocator.cc:226
external/xla/xla/stream_executor/cuda/cuda_device_allocator.cc:403

E0820 14:24:17.894953 3200216 cuda_executor.cc:1176] [0] Failed to allocate device memory of 2.2KiB (2304 bytes): RESOURCE_EXHAUSTED: : CUDA_ERROR_OUT_OF_MEMORY: out of memory
=== Source Location Trace: ===
external/xla/xla/stream_executor/cuda/cuda_status.cc:45
external/xla/xla/stream_executor/cuda/cuda_device_allocator.cc:226
external/xla/xla/stream_executor/cuda/cuda_device_allocator.cc:403

E0820 14:24:17.895528 3200216 cuda_executor.cc:1176] [0] Failed to allocate device memory of 2.2KiB (2304 bytes): RESOURCE_EXHAUSTED: : CUDA_ERROR_OUT_OF_MEMORY: out of memory
=== Source Location Trace: ===
external/xla/xla/stream_executor/cuda/cuda_status.cc:45
external/xla/xla/stream_executor/cuda/cuda_device_allocator.cc:226
external/xla/xla/stream_executor/cuda/cuda_device_allocator.cc:403

E0820 14:24:17.896092 3200216 cuda_executor.cc:1176] [0] Failed to allocate device memory of 2.2KiB (2304 bytes): RESOURCE_EXHAUSTED: : CUDA_ERROR_OUT_OF_MEMORY: out of memory
=== Source Location Trace: ===
external/xla/xla/stream_executor/cuda/cuda_status.cc:45
external/xla/xla/stream_executor/cuda/cuda_device_allocator.cc:226
external/xla/xla/stream_executor/cuda/cuda_device_allocator.cc:403

E0820 14:24:17.896725 3200216 cuda_executor.cc:1176] [0] Failed to allocate device memory of 2.2KiB (2304 bytes): RESOURCE_EXHAUSTED: : CUDA_ERROR_OUT_OF_MEMORY: out of memory
=== Source Location Trace: ===
external/xla/xla/stream_executor/cuda/cuda_status.cc:45
external/xla/xla/stream_executor/cuda/cuda_device_allocator.cc:226
external/xla/xla/stream_executor/cuda/cuda_device_allocator.cc:403

E0820 14:24:17.897322 3200216 cuda_executor.cc:1176] [0] Failed to allocate device memory of 2.2KiB (2304 bytes): RESOURCE_EXHAUSTED: : CUDA_ERROR_OUT_OF_MEMORY: out of memory
=== Source Location Trace: ===
external/xla/xla/stream_executor/cuda/cuda_status.cc:45
external/xla/xla/stream_executor/cuda/cuda_device_allocator.cc:226
external/xla/xla/stream_executor/cuda/cuda_device_allocator.cc:403

E0820 14:24:17.897889 3200216 cuda_executor.cc:1176] [0] Failed to allocate device memory of 2.2KiB (2304 bytes): RESOURCE_EXHAUSTED: : CUDA_ERROR_OUT_OF_MEMORY: out of memory
=== Source Location Trace: ===
external/xla/xla/stream_executor/cuda/cuda_status.cc:45
external/xla/xla/stream_executor/cuda/cuda_device_allocator.cc:226
external/xla/xla/stream_executor/cuda/cuda_device_allocator.cc:403

E0820 14:24:17.898544 3200216 cuda_executor.cc:1176] [0] Failed to allocate device memory of 2.2KiB (2304 bytes): RESOURCE_EXHAUSTED: : CUDA_ERROR_OUT_OF_MEMORY: out of memory
=== Source Location Trace: ===
external/xla/xla/stream_executor/cuda/cuda_status.cc:45
external/xla/xla/stream_executor/cuda/cuda_device_allocator.cc:226
external/xla/xla/stream_executor/cuda/cuda_device_allocator.cc:403

E0820 14:24:17.899109 3200216 cuda_executor.cc:1176] [0] Failed to allocate device memory of 2.2KiB (2304 bytes): RESOURCE_EXHAUSTED: : CUDA_ERROR_OUT_OF_MEMORY: out of memory
=== Source Location Trace: ===
external/xla/xla/stream_executor/cuda/cuda_status.cc:45
external/xla/xla/stream_executor/cuda/cuda_device_allocator.cc:226
external/xla/xla/stream_executor/cuda/cuda_device_allocator.cc:403

E0820 14:24:17.899750 3200216 cuda_executor.cc:1176] [0] Failed to allocate device memory of 2.2KiB (2304 bytes): RESOURCE_EXHAUSTED: : CUDA_ERROR_OUT_OF_MEMORY: out of memory
=== Source Location Trace: ===
external/xla/xla/stream_executor/cuda/cuda_status.cc:45
external/xla/xla/stream_executor/cuda/cuda_device_allocator.cc:226
external/xla/xla/stream_executor/cuda/cuda_device_allocator.cc:403

E0820 14:24:17.900366 3200216 cuda_executor.cc:1176] [0] Failed to allocate device memory of 2.2KiB (2304 bytes): RESOURCE_EXHAUSTED: : CUDA_ERROR_OUT_OF_MEMORY: out of memory
=== Source Location Trace: ===
external/xla/xla/stream_executor/cuda/cuda_status.cc:45
external/xla/xla/stream_executor/cuda/cuda_device_allocator.cc:226
external/xla/xla/stream_executor/cuda/cuda_device_allocator.cc:403

E0820 14:24:17.900933 3200216 cuda_executor.cc:1176] [0] Failed to allocate device memory of 2.2KiB (2304 bytes): RESOURCE_EXHAUSTED: : CUDA_ERROR_OUT_OF_MEMORY: out of memory
=== Source Location Trace: ===
external/xla/xla/stream_executor/cuda/cuda_status.cc:45
external/xla/xla/stream_executor/cuda/cuda_device_allocator.cc:226
external/xla/xla/stream_executor/cuda/cuda_device_allocator.cc:403

E0820 14:24:17.901590 3200216 cuda_executor.cc:1176] [0] Failed to allocate device memory of 2.2KiB (2304 bytes): RESOURCE_EXHAUSTED: : CUDA_ERROR_OUT_OF_MEMORY: out of memory
=== Source Location Trace: ===
external/xla/xla/stream_executor/cuda/cuda_status.cc:45
external/xla/xla/stream_executor/cuda/cuda_device_allocator.cc:226
external/xla/xla/stream_executor/cuda/cuda_device_allocator.cc:403

E0820 14:24:17.902162 3200216 cuda_executor.cc:1176] [0] Failed to allocate device memory of 2.2KiB (2304 bytes): RESOURCE_EXHAUSTED: : CUDA_ERROR_OUT_OF_MEMORY: out of memory
=== Source Location Trace: ===
external/xla/xla/stream_executor/cuda/cuda_status.cc:45
external/xla/xla/stream_executor/cuda/cuda_device_allocator.cc:226
external/xla/xla/stream_executor/cuda/cuda_device_allocator.cc:403

E0820 14:24:17.902825 3200216 cuda_executor.cc:1176] [0] Failed to allocate device memory of 2.2KiB (2304 bytes): RESOURCE_EXHAUSTED: : CUDA_ERROR_OUT_OF_MEMORY: out of memory
=== Source Location Trace: ===
external/xla/xla/stream_executor/cuda/cuda_status.cc:45
external/xla/xla/stream_executor/cuda/cuda_device_allocator.cc:226
external/xla/xla/stream_executor/cuda/cuda_device_allocator.cc:403

E0820 14:24:17.903451 3200216 cuda_executor.cc:1176] [0] Failed to allocate device memory of 2.2KiB (2304 bytes): RESOURCE_EXHAUSTED: : CUDA_ERROR_OUT_OF_MEMORY: out of memory
=== Source Location Trace: ===
external/xla/xla/stream_executor/cuda/cuda_status.cc:45
external/xla/xla/stream_executor/cuda/cuda_device_allocator.cc:226
external/xla/xla/stream_executor/cuda/cuda_device_allocator.cc:403

E0820 14:24:17.904019 3200216 cuda_executor.cc:1176] [0] Failed to allocate device memory of 2.2KiB (2304 bytes): RESOURCE_EXHAUSTED: : CUDA_ERROR_OUT_OF_MEMORY: out of memory
=== Source Location Trace: ===
external/xla/xla/stream_executor/cuda/cuda_status.cc:45
external/xla/xla/stream_executor/cuda/cuda_device_allocator.cc:226
external/xla/xla/stream_executor/cuda/cuda_device_allocator.cc:403

E0820 14:24:17.904619 3200216 cuda_executor.cc:1176] [0] Failed to allocate device memory of 2.2KiB (2304 bytes): RESOURCE_EXHAUSTED: : CUDA_ERROR_OUT_OF_MEMORY: out of memory
=== Source Location Trace: ===
external/xla/xla/stream_executor/cuda/cuda_status.cc:45
external/xla/xla/stream_executor/cuda/cuda_device_allocator.cc:226
external/xla/xla/stream_executor/cuda/cuda_device_allocator.cc:403

E0820 14:24:17.905182 3200216 cuda_executor.cc:1176] [0] Failed to allocate device memory of 2.2KiB (2304 bytes): RESOURCE_EXHAUSTED: : CUDA_ERROR_OUT_OF_MEMORY: out of memory
=== Source Location Trace: ===
external/xla/xla/stream_executor/cuda/cuda_status.cc:45
external/xla/xla/stream_executor/cuda/cuda_device_allocator.cc:226
external/xla/xla/stream_executor/cuda/cuda_device_allocator.cc:403

E0820 14:24:17.905830 3200216 cuda_executor.cc:1176] [0] Failed to allocate device memory of 2.2KiB (2304 bytes): RESOURCE_EXHAUSTED: : CUDA_ERROR_OUT_OF_MEMORY: out of memory
=== Source Location Trace: ===
external/xla/xla/stream_executor/cuda/cuda_status.cc:45
external/xla/xla/stream_executor/cuda/cuda_device_allocator.cc:226
external/xla/xla/stream_executor/cuda/cuda_device_allocator.cc:403

E0820 14:24:17.906450 3200216 cuda_executor.cc:1176] [0] Failed to allocate device memory of 2.2KiB (2304 bytes): RESOURCE_EXHAUSTED: : CUDA_ERROR_OUT_OF_MEMORY: out of memory
=== Source Location Trace: ===
external/xla/xla/stream_executor/cuda/cuda_status.cc:45
external/xla/xla/stream_executor/cuda/cuda_device_allocator.cc:226
external/xla/xla/stream_executor/cuda/cuda_device_allocator.cc:403

E0820 14:24:17.907020 3200216 cuda_executor.cc:1176] [0] Failed to allocate device memory of 2.2KiB (2304 bytes): RESOURCE_EXHAUSTED: : CUDA_ERROR_OUT_OF_MEMORY: out of memory
=== Source Location Trace: ===
external/xla/xla/stream_executor/cuda/cuda_status.cc:45
external/xla/xla/stream_executor/cuda/cuda_device_allocator.cc:226
external/xla/xla/stream_executor/cuda/cuda_device_allocator.cc:403

E0820 14:24:17.907622 3200216 cuda_executor.cc:1176] [0] Failed to allocate device memory of 2.2KiB (2304 bytes): RESOURCE_EXHAUSTED: : CUDA_ERROR_OUT_OF_MEMORY: out of memory
=== Source Location Trace: ===
external/xla/xla/stream_executor/cuda/cuda_status.cc:45
external/xla/xla/stream_executor/cuda/cuda_device_allocator.cc:226
external/xla/xla/stream_executor/cuda/cuda_device_allocator.cc:403

E0820 14:24:17.908193 3200216 cuda_executor.cc:1176] [0] Failed to allocate device memory of 2.2KiB (2304 bytes): RESOURCE_EXHAUSTED: : CUDA_ERROR_OUT_OF_MEMORY: out of memory
=== Source Location Trace: ===
external/xla/xla/stream_executor/cuda/cuda_status.cc:45
external/xla/xla/stream_executor/cuda/cuda_device_allocator.cc:226
external/xla/xla/stream_executor/cuda/cuda_device_allocator.cc:403

E0820 14:24:17.908894 3200216 cuda_executor.cc:1176] [0] Failed to allocate device memory of 2.2KiB (2304 bytes): RESOURCE_EXHAUSTED: : CUDA_ERROR_OUT_OF_MEMORY: out of memory
=== Source Location Trace: ===
external/xla/xla/stream_executor/cuda/cuda_status.cc:45
external/xla/xla/stream_executor/cuda/cuda_device_allocator.cc:226
external/xla/xla/stream_executor/cuda/cuda_device_allocator.cc:403

E0820 14:24:17.909560 3200216 cuda_executor.cc:1176] [0] Failed to allocate device memory of 2.2KiB (2304 bytes): RESOURCE_EXHAUSTED: : CUDA_ERROR_OUT_OF_MEMORY: out of memory
=== Source Location Trace: ===
external/xla/xla/stream_executor/cuda/cuda_status.cc:45
external/xla/xla/stream_executor/cuda/cuda_device_allocator.cc:226
external/xla/xla/stream_executor/cuda/cuda_device_allocator.cc:403

E0820 14:24:17.910128 3200216 cuda_executor.cc:1176] [0] Failed to allocate device memory of 2.2KiB (2304 bytes): RESOURCE_EXHAUSTED: : CUDA_ERROR_OUT_OF_MEMORY: out of memory
=== Source Location Trace: ===
external/xla/xla/stream_executor/cuda/cuda_status.cc:45
external/xla/xla/stream_executor/cuda/cuda_device_allocator.cc:226
external/xla/xla/stream_executor/cuda/cuda_device_allocator.cc:403

E0820 14:24:17.910767 3200216 cuda_executor.cc:1176] [0] Failed to allocate device memory of 2.2KiB (2304 bytes): RESOURCE_EXHAUSTED: : CUDA_ERROR_OUT_OF_MEMORY: out of memory
=== Source Location Trace: ===
external/xla/xla/stream_executor/cuda/cuda_status.cc:45
external/xla/xla/stream_executor/cuda/cuda_device_allocator.cc:226
external/xla/xla/stream_executor/cuda/cuda_device_allocator.cc:403

E0820 14:24:17.911374 3200216 cuda_executor.cc:1176] [0] Failed to allocate device memory of 2.2KiB (2304 bytes): RESOURCE_EXHAUSTED: : CUDA_ERROR_OUT_OF_MEMORY: out of memory
=== Source Location Trace: ===
external/xla/xla/stream_executor/cuda/cuda_status.cc:45
external/xla/xla/stream_executor/cuda/cuda_device_allocator.cc:226
external/xla/xla/stream_executor/cuda/cuda_device_allocator.cc:403

E0820 14:24:17.911941 3200216 cuda_executor.cc:1176] [0] Failed to allocate device memory of 2.2KiB (2304 bytes): RESOURCE_EXHAUSTED: : CUDA_ERROR_OUT_OF_MEMORY: out of memory
=== Source Location Trace: ===
external/xla/xla/stream_executor/cuda/cuda_status.cc:45
external/xla/xla/stream_executor/cuda/cuda_device_allocator.cc:226
external/xla/xla/stream_executor/cuda/cuda_device_allocator.cc:403

E0820 14:24:17.912579 3200216 cuda_executor.cc:1176] [0] Failed to allocate device memory of 2.2KiB (2304 bytes): RESOURCE_EXHAUSTED: : CUDA_ERROR_OUT_OF_MEMORY: out of memory
=== Source Location Trace: ===
external/xla/xla/stream_executor/cuda/cuda_status.cc:45
external/xla/xla/stream_executor/cuda/cuda_device_allocator.cc:226
external/xla/xla/stream_executor/cuda/cuda_device_allocator.cc:403

E0820 14:24:17.913141 3200216 cuda_executor.cc:1176] [0] Failed to allocate device memory of 2.2KiB (2304 bytes): RESOURCE_EXHAUSTED: : CUDA_ERROR_OUT_OF_MEMORY: out of memory
=== Source Location Trace: ===
external/xla/xla/stream_executor/cuda/cuda_status.cc:45
external/xla/xla/stream_executor/cuda/cuda_device_allocator.cc:226
external/xla/xla/stream_executor/cuda/cuda_device_allocator.cc:403

E0820 14:24:17.913759 3200216 cuda_executor.cc:1176] [0] Failed to allocate device memory of 2.2KiB (2304 bytes): RESOURCE_EXHAUSTED: : CUDA_ERROR_OUT_OF_MEMORY: out of memory
=== Source Location Trace: ===
external/xla/xla/stream_executor/cuda/cuda_status.cc:45
external/xla/xla/stream_executor/cuda/cuda_device_allocator.cc:226
external/xla/xla/stream_executor/cuda/cuda_device_allocator.cc:403

E0820 14:24:17.914348 3200216 cuda_executor.cc:1176] [0] Failed to allocate device memory of 2.2KiB (2304 bytes): RESOURCE_EXHAUSTED: : CUDA_ERROR_OUT_OF_MEMORY: out of memory
=== Source Location Trace: ===
external/xla/xla/stream_executor/cuda/cuda_status.cc:45
external/xla/xla/stream_executor/cuda/cuda_device_allocator.cc:226
external/xla/xla/stream_executor/cuda/cuda_device_allocator.cc:403

E0820 14:24:17.914915 3200216 cuda_executor.cc:1176] [0] Failed to allocate device memory of 2.2KiB (2304 bytes): RESOURCE_EXHAUSTED: : CUDA_ERROR_OUT_OF_MEMORY: out of memory
=== Source Location Trace: ===
external/xla/xla/stream_executor/cuda/cuda_status.cc:45
external/xla/xla/stream_executor/cuda/cuda_device_allocator.cc:226
external/xla/xla/stream_executor/cuda/cuda_device_allocator.cc:403

E0820 14:24:17.915566 3200216 cuda_executor.cc:1176] [0] Failed to allocate device memory of 2.2KiB (2304 bytes): RESOURCE_EXHAUSTED: : CUDA_ERROR_OUT_OF_MEMORY: out of memory
=== Source Location Trace: ===
external/xla/xla/stream_executor/cuda/cuda_status.cc:45
external/xla/xla/stream_executor/cuda/cuda_device_allocator.cc:226
external/xla/xla/stream_executor/cuda/cuda_device_allocator.cc:403

E0820 14:24:17.916134 3200216 cuda_executor.cc:1176] [0] Failed to allocate device memory of 2.2KiB (2304 bytes): RESOURCE_EXHAUSTED: : CUDA_ERROR_OUT_OF_MEMORY: out of memory
=== Source Location Trace: ===
external/xla/xla/stream_executor/cuda/cuda_status.cc:45
external/xla/xla/stream_executor/cuda/cuda_device_allocator.cc:226
external/xla/xla/stream_executor/cuda/cuda_device_allocator.cc:403

E0820 14:24:17.916759 3200216 cuda_executor.cc:1176] [0] Failed to allocate device memory of 2.2KiB (2304 bytes): RESOURCE_EXHAUSTED: : CUDA_ERROR_OUT_OF_MEMORY: out of memory
=== Source Location Trace: ===
external/xla/xla/stream_executor/cuda/cuda_status.cc:45
external/xla/xla/stream_executor/cuda/cuda_device_allocator.cc:226
external/xla/xla/stream_executor/cuda/cuda_device_allocator.cc:403

E0820 14:24:17.917349 3200216 cuda_executor.cc:1176] [0] Failed to allocate device memory of 2.2KiB (2304 bytes): RESOURCE_EXHAUSTED: : CUDA_ERROR_OUT_OF_MEMORY: out of memory
=== Source Location Trace: ===
external/xla/xla/stream_executor/cuda/cuda_status.cc:45
external/xla/xla/stream_executor/cuda/cuda_device_allocator.cc:226
external/xla/xla/stream_executor/cuda/cuda_device_allocator.cc:403

E0820 14:24:17.917907 3200216 cuda_executor.cc:1176] [0] Failed to allocate device memory of 2.2KiB (2304 bytes): RESOURCE_EXHAUSTED: : CUDA_ERROR_OUT_OF_MEMORY: out of memory
=== Source Location Trace: ===
external/xla/xla/stream_executor/cuda/cuda_status.cc:45
external/xla/xla/stream_executor/cuda/cuda_device_allocator.cc:226
external/xla/xla/stream_executor/cuda/cuda_device_allocator.cc:403

E0820 14:24:17.918557 3200216 cuda_executor.cc:1176] [0] Failed to allocate device memory of 2.2KiB (2304 bytes): RESOURCE_EXHAUSTED: : CUDA_ERROR_OUT_OF_MEMORY: out of memory
=== Source Location Trace: ===
external/xla/xla/stream_executor/cuda/cuda_status.cc:45
external/xla/xla/stream_executor/cuda/cuda_device_allocator.cc:226
external/xla/xla/stream_executor/cuda/cuda_device_allocator.cc:403

E0820 14:24:17.919125 3200216 cuda_executor.cc:1176] [0] Failed to allocate device memory of 2.2KiB (2304 bytes): RESOURCE_EXHAUSTED: : CUDA_ERROR_OUT_OF_MEMORY: out of memory
=== Source Location Trace: ===
external/xla/xla/stream_executor/cuda/cuda_status.cc:45
external/xla/xla/stream_executor/cuda/cuda_device_allocator.cc:226
external/xla/xla/stream_executor/cuda/cuda_device_allocator.cc:403

E0820 14:24:17.919759 3200216 cuda_executor.cc:1176] [0] Failed to allocate device memory of 2.2KiB (2304 bytes): RESOURCE_EXHAUSTED: : CUDA_ERROR_OUT_OF_MEMORY: out of memory
=== Source Location Trace: ===
external/xla/xla/stream_executor/cuda/cuda_status.cc:45
external/xla/xla/stream_executor/cuda/cuda_device_allocator.cc:226
external/xla/xla/stream_executor/cuda/cuda_device_allocator.cc:403

E0820 14:24:17.920361 3200216 cuda_executor.cc:1176] [0] Failed to allocate device memory of 2.2KiB (2304 bytes): RESOURCE_EXHAUSTED: : CUDA_ERROR_OUT_OF_MEMORY: out of memory
=== Source Location Trace: ===
external/xla/xla/stream_executor/cuda/cuda_status.cc:45
external/xla/xla/stream_executor/cuda/cuda_device_allocator.cc:226
external/xla/xla/stream_executor/cuda/cuda_device_allocator.cc:403

E0820 14:24:17.920923 3200216 cuda_executor.cc:1176] [0] Failed to allocate device memory of 2.2KiB (2304 bytes): RESOURCE_EXHAUSTED: : CUDA_ERROR_OUT_OF_MEMORY: out of memory
=== Source Location Trace: ===
external/xla/xla/stream_executor/cuda/cuda_status.cc:45
external/xla/xla/stream_executor/cuda/cuda_device_allocator.cc:226
external/xla/xla/stream_executor/cuda/cuda_device_allocator.cc:403

E0820 14:24:17.921546 3200216 cuda_executor.cc:1176] [0] Failed to allocate device memory of 2.2KiB (2304 bytes): RESOURCE_EXHAUSTED: : CUDA_ERROR_OUT_OF_MEMORY: out of memory
=== Source Location Trace: ===
external/xla/xla/stream_executor/cuda/cuda_status.cc:45
external/xla/xla/stream_executor/cuda/cuda_device_allocator.cc:226
external/xla/xla/stream_executor/cuda/cuda_device_allocator.cc:403

E0820 14:24:17.922086 3200216 cuda_executor.cc:1176] [0] Failed to allocate device memory of 2.2KiB (2304 bytes): RESOURCE_EXHAUSTED: : CUDA_ERROR_OUT_OF_MEMORY: out of memory
=== Source Location Trace: ===
external/xla/xla/stream_executor/cuda/cuda_status.cc:45
external/xla/xla/stream_executor/cuda/cuda_device_allocator.cc:226
external/xla/xla/stream_executor/cuda/cuda_device_allocator.cc:403

E0820 14:24:17.922675 3200216 cuda_executor.cc:1176] [0] Failed to allocate device memory of 2.2KiB (2304 bytes): RESOURCE_EXHAUSTED: : CUDA_ERROR_OUT_OF_MEMORY: out of memory
=== Source Location Trace: ===
external/xla/xla/stream_executor/cuda/cuda_status.cc:45
external/xla/xla/stream_executor/cuda/cuda_device_allocator.cc:226
external/xla/xla/stream_executor/cuda/cuda_device_allocator.cc:403

E0820 14:24:17.923215 3200216 cuda_executor.cc:1176] [0] Failed to allocate device memory of 2.2KiB (2304 bytes): RESOURCE_EXHAUSTED: : CUDA_ERROR_OUT_OF_MEMORY: out of memory
=== Source Location Trace: ===
external/xla/xla/stream_executor/cuda/cuda_status.cc:45
external/xla/xla/stream_executor/cuda/cuda_device_allocator.cc:226
external/xla/xla/stream_executor/cuda/cuda_device_allocator.cc:403

E0820 14:24:17.923763 3200216 cuda_executor.cc:1176] [0] Failed to allocate device memory of 2.2KiB (2304 bytes): RESOURCE_EXHAUSTED: : CUDA_ERROR_OUT_OF_MEMORY: out of memory
=== Source Location Trace: ===
external/xla/xla/stream_executor/cuda/cuda_status.cc:45
external/xla/xla/stream_executor/cuda/cuda_device_allocator.cc:226
external/xla/xla/stream_executor/cuda/cuda_device_allocator.cc:403

E0820 14:24:17.924332 3200216 cuda_executor.cc:1176] [0] Failed to allocate device memory of 2.2KiB (2304 bytes): RESOURCE_EXHAUSTED: : CUDA_ERROR_OUT_OF_MEMORY: out of memory
=== Source Location Trace: ===
external/xla/xla/stream_executor/cuda/cuda_status.cc:45
external/xla/xla/stream_executor/cuda/cuda_device_allocator.cc:226
external/xla/xla/stream_executor/cuda/cuda_device_allocator.cc:403

E0820 14:24:17.924874 3200216 cuda_executor.cc:1176] [0] Failed to allocate device memory of 2.2KiB (2304 bytes): RESOURCE_EXHAUSTED: : CUDA_ERROR_OUT_OF_MEMORY: out of memory
=== Source Location Trace: ===
external/xla/xla/stream_executor/cuda/cuda_status.cc:45
external/xla/xla/stream_executor/cuda/cuda_device_allocator.cc:226
external/xla/xla/stream_executor/cuda/cuda_device_allocator.cc:403

E0820 14:24:17.925519 3200216 cuda_executor.cc:1176] [0] Failed to allocate device memory of 2.2KiB (2304 bytes): RESOURCE_EXHAUSTED: : CUDA_ERROR_OUT_OF_MEMORY: out of memory
=== Source Location Trace: ===
external/xla/xla/stream_executor/cuda/cuda_status.cc:45
external/xla/xla/stream_executor/cuda/cuda_device_allocator.cc:226
external/xla/xla/stream_executor/cuda/cuda_device_allocator.cc:403

E0820 14:24:17.926089 3200216 cuda_executor.cc:1176] [0] Failed to allocate device memory of 2.2KiB (2304 bytes): RESOURCE_EXHAUSTED: : CUDA_ERROR_OUT_OF_MEMORY: out of memory
=== Source Location Trace: ===
external/xla/xla/stream_executor/cuda/cuda_status.cc:45
external/xla/xla/stream_executor/cuda/cuda_device_allocator.cc:226
external/xla/xla/stream_executor/cuda/cuda_device_allocator.cc:403

E0820 14:24:17.926710 3200216 cuda_executor.cc:1176] [0] Failed to allocate device memory of 2.2KiB (2304 bytes): RESOURCE_EXHAUSTED: : CUDA_ERROR_OUT_OF_MEMORY: out of memory
=== Source Location Trace: ===
external/xla/xla/stream_executor/cuda/cuda_status.cc:45
external/xla/xla/stream_executor/cuda/cuda_device_allocator.cc:226
external/xla/xla/stream_executor/cuda/cuda_device_allocator.cc:403

E0820 14:24:17.927294 3200216 cuda_executor.cc:1176] [0] Failed to allocate device memory of 2.2KiB (2304 bytes): RESOURCE_EXHAUSTED: : CUDA_ERROR_OUT_OF_MEMORY: out of memory
=== Source Location Trace: ===
external/xla/xla/stream_executor/cuda/cuda_status.cc:45
external/xla/xla/stream_executor/cuda/cuda_device_allocator.cc:226
external/xla/xla/stream_executor/cuda/cuda_device_allocator.cc:403

E0820 14:24:17.927836 3200216 cuda_executor.cc:1176] [0] Failed to allocate device memory of 2.2KiB (2304 bytes): RESOURCE_EXHAUSTED: : CUDA_ERROR_OUT_OF_MEMORY: out of memory
=== Source Location Trace: ===
external/xla/xla/stream_executor/cuda/cuda_status.cc:45
external/xla/xla/stream_executor/cuda/cuda_device_allocator.cc:226
external/xla/xla/stream_executor/cuda/cuda_device_allocator.cc:403

E0820 14:24:17.928461 3200216 cuda_executor.cc:1176] [0] Failed to allocate device memory of 2.2KiB (2304 bytes): RESOURCE_EXHAUSTED: : CUDA_ERROR_OUT_OF_MEMORY: out of memory
=== Source Location Trace: ===
external/xla/xla/stream_executor/cuda/cuda_status.cc:45
external/xla/xla/stream_executor/cuda/cuda_device_allocator.cc:226
external/xla/xla/stream_executor/cuda/cuda_device_allocator.cc:403

E0820 14:24:17.929028 3200216 cuda_executor.cc:1176] [0] Failed to allocate device memory of 2.2KiB (2304 bytes): RESOURCE_EXHAUSTED: : CUDA_ERROR_OUT_OF_MEMORY: out of memory
=== Source Location Trace: ===
external/xla/xla/stream_executor/cuda/cuda_status.cc:45
external/xla/xla/stream_executor/cuda/cuda_device_allocator.cc:226
external/xla/xla/stream_executor/cuda/cuda_device_allocator.cc:403

E0820 14:24:17.929630 3200216 cuda_executor.cc:1176] [0] Failed to allocate device memory of 2.2KiB (2304 bytes): RESOURCE_EXHAUSTED: : CUDA_ERROR_OUT_OF_MEMORY: out of memory
=== Source Location Trace: ===
external/xla/xla/stream_executor/cuda/cuda_status.cc:45
external/xla/xla/stream_executor/cuda/cuda_device_allocator.cc:226
external/xla/xla/stream_executor/cuda/cuda_device_allocator.cc:403

E0820 14:24:17.930197 3200216 cuda_executor.cc:1176] [0] Failed to allocate device memory of 2.2KiB (2304 bytes): RESOURCE_EXHAUSTED: : CUDA_ERROR_OUT_OF_MEMORY: out of memory
=== Source Location Trace: ===
external/xla/xla/stream_executor/cuda/cuda_status.cc:45
external/xla/xla/stream_executor/cuda/cuda_device_allocator.cc:226
external/xla/xla/stream_executor/cuda/cuda_device_allocator.cc:403

E0820 14:24:17.930844 3200216 cuda_executor.cc:1176] [0] Failed to allocate device memory of 2.2KiB (2304 bytes): RESOURCE_EXHAUSTED: : CUDA_ERROR_OUT_OF_MEMORY: out of memory
=== Source Location Trace: ===
external/xla/xla/stream_executor/cuda/cuda_status.cc:45
external/xla/xla/stream_executor/cuda/cuda_device_allocator.cc:226
external/xla/xla/stream_executor/cuda/cuda_device_allocator.cc:403

E0820 14:24:17.931465 3200216 cuda_executor.cc:1176] [0] Failed to allocate device memory of 2.2KiB (2304 bytes): RESOURCE_EXHAUSTED: : CUDA_ERROR_OUT_OF_MEMORY: out of memory
=== Source Location Trace: ===
external/xla/xla/stream_executor/cuda/cuda_status.cc:45
external/xla/xla/stream_executor/cuda/cuda_device_allocator.cc:226
external/xla/xla/stream_executor/cuda/cuda_device_allocator.cc:403

E0820 14:24:17.932030 3200216 cuda_executor.cc:1176] [0] Failed to allocate device memory of 2.2KiB (2304 bytes): RESOURCE_EXHAUSTED: : CUDA_ERROR_OUT_OF_MEMORY: out of memory
=== Source Location Trace: ===
external/xla/xla/stream_executor/cuda/cuda_status.cc:45
external/xla/xla/stream_executor/cuda/cuda_device_allocator.cc:226
external/xla/xla/stream_executor/cuda/cuda_device_allocator.cc:403

E0820 14:24:17.932633 3200216 cuda_executor.cc:1176] [0] Failed to allocate device memory of 2.2KiB (2304 bytes): RESOURCE_EXHAUSTED: : CUDA_ERROR_OUT_OF_MEMORY: out of memory
=== Source Location Trace: ===
external/xla/xla/stream_executor/cuda/cuda_status.cc:45
external/xla/xla/stream_executor/cuda/cuda_device_allocator.cc:226
external/xla/xla/stream_executor/cuda/cuda_device_allocator.cc:403

E0820 14:24:17.933202 3200216 cuda_executor.cc:1176] [0] Failed to allocate device memory of 2.2KiB (2304 bytes): RESOURCE_EXHAUSTED: : CUDA_ERROR_OUT_OF_MEMORY: out of memory
=== Source Location Trace: ===
external/xla/xla/stream_executor/cuda/cuda_status.cc:45
external/xla/xla/stream_executor/cuda/cuda_device_allocator.cc:226
external/xla/xla/stream_executor/cuda/cuda_device_allocator.cc:403

E0820 14:24:17.933869 3200216 cuda_executor.cc:1176] [0] Failed to allocate device memory of 2.2KiB (2304 bytes): RESOURCE_EXHAUSTED: : CUDA_ERROR_OUT_OF_MEMORY: out of memory
=== Source Location Trace: ===
external/xla/xla/stream_executor/cuda/cuda_status.cc:45
external/xla/xla/stream_executor/cuda/cuda_device_allocator.cc:226
external/xla/xla/stream_executor/cuda/cuda_device_allocator.cc:403

E0820 14:24:17.934506 3200216 cuda_executor.cc:1176] [0] Failed to allocate device memory of 2.2KiB (2304 bytes): RESOURCE_EXHAUSTED: : CUDA_ERROR_OUT_OF_MEMORY: out of memory
=== Source Location Trace: ===
external/xla/xla/stream_executor/cuda/cuda_status.cc:45
external/xla/xla/stream_executor/cuda/cuda_device_allocator.cc:226
external/xla/xla/stream_executor/cuda/cuda_device_allocator.cc:403

E0820 14:24:17.935073 3200216 cuda_executor.cc:1176] [0] Failed to allocate device memory of 2.2KiB (2304 bytes): RESOURCE_EXHAUSTED: : CUDA_ERROR_OUT_OF_MEMORY: out of memory
=== Source Location Trace: ===
external/xla/xla/stream_executor/cuda/cuda_status.cc:45
external/xla/xla/stream_executor/cuda/cuda_device_allocator.cc:226
external/xla/xla/stream_executor/cuda/cuda_device_allocator.cc:403

E0820 14:24:17.935691 3200216 cuda_executor.cc:1176] [0] Failed to allocate device memory of 2.2KiB (2304 bytes): RESOURCE_EXHAUSTED: : CUDA_ERROR_OUT_OF_MEMORY: out of memory
=== Source Location Trace: ===
external/xla/xla/stream_executor/cuda/cuda_status.cc:45
external/xla/xla/stream_executor/cuda/cuda_device_allocator.cc:226
external/xla/xla/stream_executor/cuda/cuda_device_allocator.cc:403

E0820 14:24:17.936271 3200216 cuda_executor.cc:1176] [0] Failed to allocate device memory of 2.2KiB (2304 bytes): RESOURCE_EXHAUSTED: : CUDA_ERROR_OUT_OF_MEMORY: out of memory
=== Source Location Trace: ===
external/xla/xla/stream_executor/cuda/cuda_status.cc:45
external/xla/xla/stream_executor/cuda/cuda_device_allocator.cc:226
external/xla/xla/stream_executor/cuda/cuda_device_allocator.cc:403

E0820 14:24:17.936833 3200216 cuda_executor.cc:1176] [0] Failed to allocate device memory of 2.2KiB (2304 bytes): RESOURCE_EXHAUSTED: : CUDA_ERROR_OUT_OF_MEMORY: out of memory
=== Source Location Trace: ===
external/xla/xla/stream_executor/cuda/cuda_status.cc:45
external/xla/xla/stream_executor/cuda/cuda_device_allocator.cc:226
external/xla/xla/stream_executor/cuda/cuda_device_allocator.cc:403

E0820 14:24:17.937454 3200216 cuda_executor.cc:1176] [0] Failed to allocate device memory of 2.2KiB (2304 bytes): RESOURCE_EXHAUSTED: : CUDA_ERROR_OUT_OF_MEMORY: out of memory
=== Source Location Trace: ===
external/xla/xla/stream_executor/cuda/cuda_status.cc:45
external/xla/xla/stream_executor/cuda/cuda_device_allocator.cc:226
external/xla/xla/stream_executor/cuda/cuda_device_allocator.cc:403

E0820 14:24:17.938002 3200216 cuda_executor.cc:1176] [0] Failed to allocate device memory of 2.2KiB (2304 bytes): RESOURCE_EXHAUSTED: : CUDA_ERROR_OUT_OF_MEMORY: out of memory
=== Source Location Trace: ===
external/xla/xla/stream_executor/cuda/cuda_status.cc:45
external/xla/xla/stream_executor/cuda/cuda_device_allocator.cc:226
external/xla/xla/stream_executor/cuda/cuda_device_allocator.cc:403

E0820 14:24:17.938592 3200216 cuda_executor.cc:1176] [0] Failed to allocate device memory of 2.2KiB (2304 bytes): RESOURCE_EXHAUSTED: : CUDA_ERROR_OUT_OF_MEMORY: out of memory
=== Source Location Trace: ===
external/xla/xla/stream_executor/cuda/cuda_status.cc:45
external/xla/xla/stream_executor/cuda/cuda_device_allocator.cc:226
external/xla/xla/stream_executor/cuda/cuda_device_allocator.cc:403

E0820 14:24:17.939159 3200216 cuda_executor.cc:1176] [0] Failed to allocate device memory of 2.2KiB (2304 bytes): RESOURCE_EXHAUSTED: : CUDA_ERROR_OUT_OF_MEMORY: out of memory
=== Source Location Trace: ===
external/xla/xla/stream_executor/cuda/cuda_status.cc:45
external/xla/xla/stream_executor/cuda/cuda_device_allocator.cc:226
external/xla/xla/stream_executor/cuda/cuda_device_allocator.cc:403

E0820 14:24:17.939808 3200216 cuda_executor.cc:1176] [0] Failed to allocate device memory of 2.2KiB (2304 bytes): RESOURCE_EXHAUSTED: : CUDA_ERROR_OUT_OF_MEMORY: out of memory
=== Source Location Trace: ===
external/xla/xla/stream_executor/cuda/cuda_status.cc:45
external/xla/xla/stream_executor/cuda/cuda_device_allocator.cc:226
external/xla/xla/stream_executor/cuda/cuda_device_allocator.cc:403

E0820 14:24:17.940423 3200216 cuda_executor.cc:1176] [0] Failed to allocate device memory of 2.2KiB (2304 bytes): RESOURCE_EXHAUSTED: : CUDA_ERROR_OUT_OF_MEMORY: out of memory
=== Source Location Trace: ===
external/xla/xla/stream_executor/cuda/cuda_status.cc:45
external/xla/xla/stream_executor/cuda/cuda_device_allocator.cc:226
external/xla/xla/stream_executor/cuda/cuda_device_allocator.cc:403

E0820 14:24:17.940990 3200216 cuda_executor.cc:1176] [0] Failed to allocate device memory of 2.2KiB (2304 bytes): RESOURCE_EXHAUSTED: : CUDA_ERROR_OUT_OF_MEMORY: out of memory
=== Source Location Trace: ===
external/xla/xla/stream_executor/cuda/cuda_status.cc:45
external/xla/xla/stream_executor/cuda/cuda_device_allocator.cc:226
external/xla/xla/stream_executor/cuda/cuda_device_allocator.cc:403

E0820 14:24:17.941577 3200216 cuda_executor.cc:1176] [0] Failed to allocate device memory of 2.2KiB (2304 bytes): RESOURCE_EXHAUSTED: : CUDA_ERROR_OUT_OF_MEMORY: out of memory
=== Source Location Trace: ===
external/xla/xla/stream_executor/cuda/cuda_status.cc:45
external/xla/xla/stream_executor/cuda/cuda_device_allocator.cc:226
external/xla/xla/stream_executor/cuda/cuda_device_allocator.cc:403

E0820 14:24:17.942144 3200216 cuda_executor.cc:1176] [0] Failed to allocate device memory of 2.2KiB (2304 bytes): RESOURCE_EXHAUSTED: : CUDA_ERROR_OUT_OF_MEMORY: out of memory
=== Source Location Trace: ===
external/xla/xla/stream_executor/cuda/cuda_status.cc:45
external/xla/xla/stream_executor/cuda/cuda_device_allocator.cc:226
external/xla/xla/stream_executor/cuda/cuda_device_allocator.cc:403

E0820 14:24:17.942790 3200216 cuda_executor.cc:1176] [0] Failed to allocate device memory of 2.2KiB (2304 bytes): RESOURCE_EXHAUSTED: : CUDA_ERROR_OUT_OF_MEMORY: out of memory
=== Source Location Trace: ===
external/xla/xla/stream_executor/cuda/cuda_status.cc:45
external/xla/xla/stream_executor/cuda/cuda_device_allocator.cc:226
external/xla/xla/stream_executor/cuda/cuda_device_allocator.cc:403

E0820 14:24:17.943401 3200216 cuda_executor.cc:1176] [0] Failed to allocate device memory of 2.2KiB (2304 bytes): RESOURCE_EXHAUSTED: : CUDA_ERROR_OUT_OF_MEMORY: out of memory
=== Source Location Trace: ===
external/xla/xla/stream_executor/cuda/cuda_status.cc:45
external/xla/xla/stream_executor/cuda/cuda_device_allocator.cc:226
external/xla/xla/stream_executor/cuda/cuda_device_allocator.cc:403

E0820 14:24:17.943968 3200216 cuda_executor.cc:1176] [0] Failed to allocate device memory of 2.2KiB (2304 bytes): RESOURCE_EXHAUSTED: : CUDA_ERROR_OUT_OF_MEMORY: out of memory
=== Source Location Trace: ===
external/xla/xla/stream_executor/cuda/cuda_status.cc:45
external/xla/xla/stream_executor/cuda/cuda_device_allocator.cc:226
external/xla/xla/stream_executor/cuda/cuda_device_allocator.cc:403

E0820 14:24:17.944536 3200216 cuda_executor.cc:1176] [0] Failed to allocate device memory of 2.2KiB (2304 bytes): RESOURCE_EXHAUSTED: : CUDA_ERROR_OUT_OF_MEMORY: out of memory
=== Source Location Trace: ===
external/xla/xla/stream_executor/cuda/cuda_status.cc:45
external/xla/xla/stream_executor/cuda/cuda_device_allocator.cc:226
external/xla/xla/stream_executor/cuda/cuda_device_allocator.cc:403

E0820 14:24:17.945100 3200216 cuda_executor.cc:1176] [0] Failed to allocate device memory of 2.2KiB (2304 bytes): RESOURCE_EXHAUSTED: : CUDA_ERROR_OUT_OF_MEMORY: out of memory
=== Source Location Trace: ===
external/xla/xla/stream_executor/cuda/cuda_status.cc:45
external/xla/xla/stream_executor/cuda/cuda_device_allocator.cc:226
external/xla/xla/stream_executor/cuda/cuda_device_allocator.cc:403

E0820 14:24:17.945714 3200216 cuda_executor.cc:1176] [0] Failed to allocate device memory of 2.2KiB (2304 bytes): RESOURCE_EXHAUSTED: : CUDA_ERROR_OUT_OF_MEMORY: out of memory
=== Source Location Trace: ===
external/xla/xla/stream_executor/cuda/cuda_status.cc:45
external/xla/xla/stream_executor/cuda/cuda_device_allocator.cc:226
external/xla/xla/stream_executor/cuda/cuda_device_allocator.cc:403

E0820 14:24:17.946304 3200216 cuda_executor.cc:1176] [0] Failed to allocate device memory of 2.2KiB (2304 bytes): RESOURCE_EXHAUSTED: : CUDA_ERROR_OUT_OF_MEMORY: out of memory
=== Source Location Trace: ===
external/xla/xla/stream_executor/cuda/cuda_status.cc:45
external/xla/xla/stream_executor/cuda/cuda_device_allocator.cc:226
external/xla/xla/stream_executor/cuda/cuda_device_allocator.cc:403

E0820 14:24:17.946874 3200216 cuda_executor.cc:1176] [0] Failed to allocate device memory of 2.2KiB (2304 bytes): RESOURCE_EXHAUSTED: : CUDA_ERROR_OUT_OF_MEMORY: out of memory
=== Source Location Trace: ===
external/xla/xla/stream_executor/cuda/cuda_status.cc:45
external/xla/xla/stream_executor/cuda/cuda_device_allocator.cc:226
external/xla/xla/stream_executor/cuda/cuda_device_allocator.cc:403

E0820 14:24:17.947512 3200216 cuda_executor.cc:1176] [0] Failed to allocate device memory of 2.2KiB (2304 bytes): RESOURCE_EXHAUSTED: : CUDA_ERROR_OUT_OF_MEMORY: out of memory
=== Source Location Trace: ===
external/xla/xla/stream_executor/cuda/cuda_status.cc:45
external/xla/xla/stream_executor/cuda/cuda_device_allocator.cc:226
external/xla/xla/stream_executor/cuda/cuda_device_allocator.cc:403

E0820 14:24:17.948079 3200216 cuda_executor.cc:1176] [0] Failed to allocate device memory of 2.2KiB (2304 bytes): RESOURCE_EXHAUSTED: : CUDA_ERROR_OUT_OF_MEMORY: out of memory
=== Source Location Trace: ===
external/xla/xla/stream_executor/cuda/cuda_status.cc:45
external/xla/xla/stream_executor/cuda/cuda_device_allocator.cc:226
external/xla/xla/stream_executor/cuda/cuda_device_allocator.cc:403

E0820 14:24:17.948700 3200216 cuda_executor.cc:1176] [0] Failed to allocate device memory of 2.2KiB (2304 bytes): RESOURCE_EXHAUSTED: : CUDA_ERROR_OUT_OF_MEMORY: out of memory
=== Source Location Trace: ===
external/xla/xla/stream_executor/cuda/cuda_status.cc:45
external/xla/xla/stream_executor/cuda/cuda_device_allocator.cc:226
external/xla/xla/stream_executor/cuda/cuda_device_allocator.cc:403

E0820 14:24:17.949300 3200216 cuda_executor.cc:1176] [0] Failed to allocate device memory of 2.2KiB (2304 bytes): RESOURCE_EXHAUSTED: : CUDA_ERROR_OUT_OF_MEMORY: out of memory
=== Source Location Trace: ===
external/xla/xla/stream_executor/cuda/cuda_status.cc:45
external/xla/xla/stream_executor/cuda/cuda_device_allocator.cc:226
external/xla/xla/stream_executor/cuda/cuda_device_allocator.cc:403

E0820 14:24:17.949906 3200216 cuda_executor.cc:1176] [0] Failed to allocate device memory of 2.2KiB (2304 bytes): RESOURCE_EXHAUSTED: : CUDA_ERROR_OUT_OF_MEMORY: out of memory
=== Source Location Trace: ===
external/xla/xla/stream_executor/cuda/cuda_status.cc:45
external/xla/xla/stream_executor/cuda/cuda_device_allocator.cc:226
external/xla/xla/stream_executor/cuda/cuda_device_allocator.cc:403

E0820 14:24:17.950619 3200216 cuda_executor.cc:1176] [0] Failed to allocate device memory of 2.2KiB (2304 bytes): RESOURCE_EXHAUSTED: : CUDA_ERROR_OUT_OF_MEMORY: out of memory
=== Source Location Trace: ===
external/xla/xla/stream_executor/cuda/cuda_status.cc:45
external/xla/xla/stream_executor/cuda/cuda_device_allocator.cc:226
external/xla/xla/stream_executor/cuda/cuda_device_allocator.cc:403

E0820 14:24:17.951232 3200216 cuda_executor.cc:1176] [0] Failed to allocate device memory of 2.2KiB (2304 bytes): RESOURCE_EXHAUSTED: : CUDA_ERROR_OUT_OF_MEMORY: out of memory
=== Source Location Trace: ===
external/xla/xla/stream_executor/cuda/cuda_status.cc:45
external/xla/xla/stream_executor/cuda/cuda_device_allocator.cc:226
external/xla/xla/stream_executor/cuda/cuda_device_allocator.cc:403

E0820 14:24:17.951849 3200216 cuda_executor.cc:1176] [0] Failed to allocate device memory of 2.2KiB (2304 bytes): RESOURCE_EXHAUSTED: : CUDA_ERROR_OUT_OF_MEMORY: out of memory
=== Source Location Trace: ===
external/xla/xla/stream_executor/cuda/cuda_status.cc:45
external/xla/xla/stream_executor/cuda/cuda_device_allocator.cc:226
external/xla/xla/stream_executor/cuda/cuda_device_allocator.cc:403

E0820 14:24:17.952546 3200216 cuda_executor.cc:1176] [0] Failed to allocate device memory of 2.2KiB (2304 bytes): RESOURCE_EXHAUSTED: : CUDA_ERROR_OUT_OF_MEMORY: out of memory
=== Source Location Trace: ===
external/xla/xla/stream_executor/cuda/cuda_status.cc:45
external/xla/xla/stream_executor/cuda/cuda_device_allocator.cc:226
external/xla/xla/stream_executor/cuda/cuda_device_allocator.cc:403

E0820 14:24:17.953162 3200216 cuda_executor.cc:1176] [0] Failed to allocate device memory of 2.2KiB (2304 bytes): RESOURCE_EXHAUSTED: : CUDA_ERROR_OUT_OF_MEMORY: out of memory
=== Source Location Trace: ===
external/xla/xla/stream_executor/cuda/cuda_status.cc:45
external/xla/xla/stream_executor/cuda/cuda_device_allocator.cc:226
external/xla/xla/stream_executor/cuda/cuda_device_allocator.cc:403

E0820 14:24:17.953864 3200216 cuda_executor.cc:1176] [0] Failed to allocate device memory of 2.2KiB (2304 bytes): RESOURCE_EXHAUSTED: : CUDA_ERROR_OUT_OF_MEMORY: out of memory
=== Source Location Trace: ===
external/xla/xla/stream_executor/cuda/cuda_status.cc:45
external/xla/xla/stream_executor/cuda/cuda_device_allocator.cc:226
external/xla/xla/stream_executor/cuda/cuda_device_allocator.cc:403

E0820 14:24:17.954559 3200216 cuda_executor.cc:1176] [0] Failed to allocate device memory of 2.2KiB (2304 bytes): RESOURCE_EXHAUSTED: : CUDA_ERROR_OUT_OF_MEMORY: out of memory
=== Source Location Trace: ===
external/xla/xla/stream_executor/cuda/cuda_status.cc:45
external/xla/xla/stream_executor/cuda/cuda_device_allocator.cc:226
external/xla/xla/stream_executor/cuda/cuda_device_allocator.cc:403

E0820 14:24:17.955165 3200216 cuda_executor.cc:1176] [0] Failed to allocate device memory of 2.2KiB (2304 bytes): RESOURCE_EXHAUSTED: : CUDA_ERROR_OUT_OF_MEMORY: out of memory
=== Source Location Trace: ===
external/xla/xla/stream_executor/cuda/cuda_status.cc:45
external/xla/xla/stream_executor/cuda/cuda_device_allocator.cc:226
external/xla/xla/stream_executor/cuda/cuda_device_allocator.cc:403

E0820 14:24:17.955859 3200216 cuda_executor.cc:1176] [0] Failed to allocate device memory of 2.2KiB (2304 bytes): RESOURCE_EXHAUSTED: : CUDA_ERROR_OUT_OF_MEMORY: out of memory
=== Source Location Trace: ===
external/xla/xla/stream_executor/cuda/cuda_status.cc:45
external/xla/xla/stream_executor/cuda/cuda_device_allocator.cc:226
external/xla/xla/stream_executor/cuda/cuda_device_allocator.cc:403

E0820 14:24:17.956574 3200216 cuda_executor.cc:1176] [0] Failed to allocate device memory of 2.2KiB (2304 bytes): RESOURCE_EXHAUSTED: : CUDA_ERROR_OUT_OF_MEMORY: out of memory
=== Source Location Trace: ===
external/xla/xla/stream_executor/cuda/cuda_status.cc:45
external/xla/xla/stream_executor/cuda/cuda_device_allocator.cc:226
external/xla/xla/stream_executor/cuda/cuda_device_allocator.cc:403

E0820 14:24:17.957188 3200216 cuda_executor.cc:1176] [0] Failed to allocate device memory of 2.2KiB (2304 bytes): RESOURCE_EXHAUSTED: : CUDA_ERROR_OUT_OF_MEMORY: out of memory
=== Source Location Trace: ===
external/xla/xla/stream_executor/cuda/cuda_status.cc:45
external/xla/xla/stream_executor/cuda/cuda_device_allocator.cc:226
external/xla/xla/stream_executor/cuda/cuda_device_allocator.cc:403

E0820 14:24:17.957916 3200216 cuda_executor.cc:1176] [0] Failed to allocate device memory of 2.2KiB (2304 bytes): RESOURCE_EXHAUSTED: : CUDA_ERROR_OUT_OF_MEMORY: out of memory
=== Source Location Trace: ===
external/xla/xla/stream_executor/cuda/cuda_status.cc:45
external/xla/xla/stream_executor/cuda/cuda_device_allocator.cc:226
external/xla/xla/stream_executor/cuda/cuda_device_allocator.cc:403

E0820 14:24:17.958619 3200216 cuda_executor.cc:1176] [0] Failed to allocate device memory of 2.2KiB (2304 bytes): RESOURCE_EXHAUSTED: : CUDA_ERROR_OUT_OF_MEMORY: out of memory
=== Source Location Trace: ===
external/xla/xla/stream_executor/cuda/cuda_status.cc:45
external/xla/xla/stream_executor/cuda/cuda_device_allocator.cc:226
external/xla/xla/stream_executor/cuda/cuda_device_allocator.cc:403

E0820 14:24:17.959229 3200216 cuda_executor.cc:1176] [0] Failed to allocate device memory of 2.2KiB (2304 bytes): RESOURCE_EXHAUSTED: : CUDA_ERROR_OUT_OF_MEMORY: out of memory
=== Source Location Trace: ===
external/xla/xla/stream_executor/cuda/cuda_status.cc:45
external/xla/xla/stream_executor/cuda/cuda_device_allocator.cc:226
external/xla/xla/stream_executor/cuda/cuda_device_allocator.cc:403

E0820 14:24:17.959832 3200216 cuda_executor.cc:1176] [0] Failed to allocate device memory of 2.2KiB (2304 bytes): RESOURCE_EXHAUSTED: : CUDA_ERROR_OUT_OF_MEMORY: out of memory
=== Source Location Trace: ===
external/xla/xla/stream_executor/cuda/cuda_status.cc:45
external/xla/xla/stream_executor/cuda/cuda_device_allocator.cc:226
external/xla/xla/stream_executor/cuda/cuda_device_allocator.cc:403

E0820 14:24:17.960500 3200216 cuda_executor.cc:1176] [0] Failed to allocate device memory of 2.2KiB (2304 bytes): RESOURCE_EXHAUSTED: : CUDA_ERROR_OUT_OF_MEMORY: out of memory
=== Source Location Trace: ===
external/xla/xla/stream_executor/cuda/cuda_status.cc:45
external/xla/xla/stream_executor/cuda/cuda_device_allocator.cc:226
external/xla/xla/stream_executor/cuda/cuda_device_allocator.cc:403

E0820 14:24:17.961085 3200216 cuda_executor.cc:1176] [0] Failed to allocate device memory of 2.2KiB (2304 bytes): RESOURCE_EXHAUSTED: : CUDA_ERROR_OUT_OF_MEMORY: out of memory
=== Source Location Trace: ===
external/xla/xla/stream_executor/cuda/cuda_status.cc:45
external/xla/xla/stream_executor/cuda/cuda_device_allocator.cc:226
external/xla/xla/stream_executor/cuda/cuda_device_allocator.cc:403

E0820 14:24:17.961769 3200216 cuda_executor.cc:1176] [0] Failed to allocate device memory of 2.2KiB (2304 bytes): RESOURCE_EXHAUSTED: : CUDA_ERROR_OUT_OF_MEMORY: out of memory
=== Source Location Trace: ===
external/xla/xla/stream_executor/cuda/cuda_status.cc:45
external/xla/xla/stream_executor/cuda/cuda_device_allocator.cc:226
external/xla/xla/stream_executor/cuda/cuda_device_allocator.cc:403

E0820 14:24:17.962463 3200216 cuda_executor.cc:1176] [0] Failed to allocate device memory of 2.2KiB (2304 bytes): RESOURCE_EXHAUSTED: : CUDA_ERROR_OUT_OF_MEMORY: out of memory
=== Source Location Trace: ===
external/xla/xla/stream_executor/cuda/cuda_status.cc:45
external/xla/xla/stream_executor/cuda/cuda_device_allocator.cc:226
external/xla/xla/stream_executor/cuda/cuda_device_allocator.cc:403

E0820 14:24:17.963084 3200216 cuda_executor.cc:1176] [0] Failed to allocate device memory of 2.2KiB (2304 bytes): RESOURCE_EXHAUSTED: : CUDA_ERROR_OUT_OF_MEMORY: out of memory
=== Source Location Trace: ===
external/xla/xla/stream_executor/cuda/cuda_status.cc:45
external/xla/xla/stream_executor/cuda/cuda_device_allocator.cc:226
external/xla/xla/stream_executor/cuda/cuda_device_allocator.cc:403

E0820 14:24:17.963782 3200216 cuda_executor.cc:1176] [0] Failed to allocate device memory of 2.2KiB (2304 bytes): RESOURCE_EXHAUSTED: : CUDA_ERROR_OUT_OF_MEMORY: out of memory
=== Source Location Trace: ===
external/xla/xla/stream_executor/cuda/cuda_status.cc:45
external/xla/xla/stream_executor/cuda/cuda_device_allocator.cc:226
external/xla/xla/stream_executor/cuda/cuda_device_allocator.cc:403

E0820 14:24:17.964478 3200216 cuda_executor.cc:1176] [0] Failed to allocate device memory of 2.2KiB (2304 bytes): RESOURCE_EXHAUSTED: : CUDA_ERROR_OUT_OF_MEMORY: out of memory
=== Source Location Trace: ===
external/xla/xla/stream_executor/cuda/cuda_status.cc:45
external/xla/xla/stream_executor/cuda/cuda_device_allocator.cc:226
external/xla/xla/stream_executor/cuda/cuda_device_allocator.cc:403

E0820 14:24:17.965096 3200216 cuda_executor.cc:1176] [0] Failed to allocate device memory of 2.2KiB (2304 bytes): RESOURCE_EXHAUSTED: : CUDA_ERROR_OUT_OF_MEMORY: out of memory
=== Source Location Trace: ===
external/xla/xla/stream_executor/cuda/cuda_status.cc:45
external/xla/xla/stream_executor/cuda/cuda_device_allocator.cc:226
external/xla/xla/stream_executor/cuda/cuda_device_allocator.cc:403

E0820 14:24:17.965785 3200216 cuda_executor.cc:1176] [0] Failed to allocate device memory of 2.2KiB (2304 bytes): RESOURCE_EXHAUSTED: : CUDA_ERROR_OUT_OF_MEMORY: out of memory
=== Source Location Trace: ===
external/xla/xla/stream_executor/cuda/cuda_status.cc:45
external/xla/xla/stream_executor/cuda/cuda_device_allocator.cc:226
external/xla/xla/stream_executor/cuda/cuda_device_allocator.cc:403

E0820 14:24:17.966480 3200216 cuda_executor.cc:1176] [0] Failed to allocate device memory of 2.2KiB (2304 bytes): RESOURCE_EXHAUSTED: : CUDA_ERROR_OUT_OF_MEMORY: out of memory
=== Source Location Trace: ===
external/xla/xla/stream_executor/cuda/cuda_status.cc:45
external/xla/xla/stream_executor/cuda/cuda_device_allocator.cc:226
external/xla/xla/stream_executor/cuda/cuda_device_allocator.cc:403

E0820 14:24:17.967114 3200216 cuda_executor.cc:1176] [0] Failed to allocate device memory of 2.2KiB (2304 bytes): RESOURCE_EXHAUSTED: : CUDA_ERROR_OUT_OF_MEMORY: out of memory
=== Source Location Trace: ===
external/xla/xla/stream_executor/cuda/cuda_status.cc:45
external/xla/xla/stream_executor/cuda/cuda_device_allocator.cc:226
external/xla/xla/stream_executor/cuda/cuda_device_allocator.cc:403

E0820 14:24:17.967821 3200216 cuda_executor.cc:1176] [0] Failed to allocate device memory of 2.2KiB (2304 bytes): RESOURCE_EXHAUSTED: : CUDA_ERROR_OUT_OF_MEMORY: out of memory
=== Source Location Trace: ===
external/xla/xla/stream_executor/cuda/cuda_status.cc:45
external/xla/xla/stream_executor/cuda/cuda_device_allocator.cc:226
external/xla/xla/stream_executor/cuda/cuda_device_allocator.cc:403

E0820 14:24:17.968509 3200216 cuda_executor.cc:1176] [0] Failed to allocate device memory of 2.2KiB (2304 bytes): RESOURCE_EXHAUSTED: : CUDA_ERROR_OUT_OF_MEMORY: out of memory
=== Source Location Trace: ===
external/xla/xla/stream_executor/cuda/cuda_status.cc:45
external/xla/xla/stream_executor/cuda/cuda_device_allocator.cc:226
external/xla/xla/stream_executor/cuda/cuda_device_allocator.cc:403

E0820 14:24:17.969130 3200216 cuda_executor.cc:1176] [0] Failed to allocate device memory of 2.2KiB (2304 bytes): RESOURCE_EXHAUSTED: : CUDA_ERROR_OUT_OF_MEMORY: out of memory
=== Source Location Trace: ===
external/xla/xla/stream_executor/cuda/cuda_status.cc:45
external/xla/xla/stream_executor/cuda/cuda_device_allocator.cc:226
external/xla/xla/stream_executor/cuda/cuda_device_allocator.cc:403

E0820 14:24:17.969846 3200216 cuda_executor.cc:1176] [0] Failed to allocate device memory of 2.2KiB (2304 bytes): RESOURCE_EXHAUSTED: : CUDA_ERROR_OUT_OF_MEMORY: out of memory
=== Source Location Trace: ===
external/xla/xla/stream_executor/cuda/cuda_status.cc:45
external/xla/xla/stream_executor/cuda/cuda_device_allocator.cc:226
external/xla/xla/stream_executor/cuda/cuda_device_allocator.cc:403

E0820 14:24:17.970562 3200216 cuda_executor.cc:1176] [0] Failed to allocate device memory of 2.2KiB (2304 bytes): RESOURCE_EXHAUSTED: : CUDA_ERROR_OUT_OF_MEMORY: out of memory
=== Source Location Trace: ===
external/xla/xla/stream_executor/cuda/cuda_status.cc:45
external/xla/xla/stream_executor/cuda/cuda_device_allocator.cc:226
external/xla/xla/stream_executor/cuda/cuda_device_allocator.cc:403

E0820 14:24:17.971202 3200216 cuda_executor.cc:1176] [0] Failed to allocate device memory of 2.2KiB (2304 bytes): RESOURCE_EXHAUSTED: : CUDA_ERROR_OUT_OF_MEMORY: out of memory
=== Source Location Trace: ===
external/xla/xla/stream_executor/cuda/cuda_status.cc:45
external/xla/xla/stream_executor/cuda/cuda_device_allocator.cc:226
external/xla/xla/stream_executor/cuda/cuda_device_allocator.cc:403

E0820 14:24:17.971947 3200216 cuda_executor.cc:1176] [0] Failed to allocate device memory of 2.2KiB (2304 bytes): RESOURCE_EXHAUSTED: : CUDA_ERROR_OUT_OF_MEMORY: out of memory
=== Source Location Trace: ===
external/xla/xla/stream_executor/cuda/cuda_status.cc:45
external/xla/xla/stream_executor/cuda/cuda_device_allocator.cc:226
external/xla/xla/stream_executor/cuda/cuda_device_allocator.cc:403

E0820 14:24:17.972588 3200216 cuda_executor.cc:1176] [0] Failed to allocate device memory of 2.2KiB (2304 bytes): RESOURCE_EXHAUSTED: : CUDA_ERROR_OUT_OF_MEMORY: out of memory
=== Source Location Trace: ===
external/xla/xla/stream_executor/cuda/cuda_status.cc:45
external/xla/xla/stream_executor/cuda/cuda_device_allocator.cc:226
external/xla/xla/stream_executor/cuda/cuda_device_allocator.cc:403

E0820 14:24:17.973235 3200216 cuda_executor.cc:1176] [0] Failed to allocate device memory of 2.2KiB (2304 bytes): RESOURCE_EXHAUSTED: : CUDA_ERROR_OUT_OF_MEMORY: out of memory
=== Source Location Trace: ===
external/xla/xla/stream_executor/cuda/cuda_status.cc:45
external/xla/xla/stream_executor/cuda/cuda_device_allocator.cc:226
external/xla/xla/stream_executor/cuda/cuda_device_allocator.cc:403

E0820 14:24:17.973872 3200216 cuda_executor.cc:1176] [0] Failed to allocate device memory of 2.2KiB (2304 bytes): RESOURCE_EXHAUSTED: : CUDA_ERROR_OUT_OF_MEMORY: out of memory
=== Source Location Trace: ===
external/xla/xla/stream_executor/cuda/cuda_status.cc:45
external/xla/xla/stream_executor/cuda/cuda_device_allocator.cc:226
external/xla/xla/stream_executor/cuda/cuda_device_allocator.cc:403

E0820 14:24:17.974576 3200216 cuda_executor.cc:1176] [0] Failed to allocate device memory of 2.2KiB (2304 bytes): RESOURCE_EXHAUSTED: : CUDA_ERROR_OUT_OF_MEMORY: out of memory
=== Source Location Trace: ===
external/xla/xla/stream_executor/cuda/cuda_status.cc:45
external/xla/xla/stream_executor/cuda/cuda_device_allocator.cc:226
external/xla/xla/stream_executor/cuda/cuda_device_allocator.cc:403

E0820 14:24:17.975200 3200216 cuda_executor.cc:1176] [0] Failed to allocate device memory of 2.2KiB (2304 bytes): RESOURCE_EXHAUSTED: : CUDA_ERROR_OUT_OF_MEMORY: out of memory
=== Source Location Trace: ===
external/xla/xla/stream_executor/cuda/cuda_status.cc:45
external/xla/xla/stream_executor/cuda/cuda_device_allocator.cc:226
external/xla/xla/stream_executor/cuda/cuda_device_allocator.cc:403

E0820 14:24:17.975930 3200216 cuda_executor.cc:1176] [0] Failed to allocate device memory of 2.2KiB (2304 bytes): RESOURCE_EXHAUSTED: : CUDA_ERROR_OUT_OF_MEMORY: out of memory
=== Source Location Trace: ===
external/xla/xla/stream_executor/cuda/cuda_status.cc:45
external/xla/xla/stream_executor/cuda/cuda_device_allocator.cc:226
external/xla/xla/stream_executor/cuda/cuda_device_allocator.cc:403

E0820 14:24:17.976551 3200216 cuda_executor.cc:1176] [0] Failed to allocate device memory of 2.2KiB (2304 bytes): RESOURCE_EXHAUSTED: : CUDA_ERROR_OUT_OF_MEMORY: out of memory
=== Source Location Trace: ===
external/xla/xla/stream_executor/cuda/cuda_status.cc:45
external/xla/xla/stream_executor/cuda/cuda_device_allocator.cc:226
external/xla/xla/stream_executor/cuda/cuda_device_allocator.cc:403

E0820 14:24:17.977164 3200216 cuda_executor.cc:1176] [0] Failed to allocate device memory of 2.2KiB (2304 bytes): RESOURCE_EXHAUSTED: : CUDA_ERROR_OUT_OF_MEMORY: out of memory
=== Source Location Trace: ===
external/xla/xla/stream_executor/cuda/cuda_status.cc:45
external/xla/xla/stream_executor/cuda/cuda_device_allocator.cc:226
external/xla/xla/stream_executor/cuda/cuda_device_allocator.cc:403

E0820 14:24:17.977870 3200216 cuda_executor.cc:1176] [0] Failed to allocate device memory of 2.2KiB (2304 bytes): RESOURCE_EXHAUSTED: : CUDA_ERROR_OUT_OF_MEMORY: out of memory
=== Source Location Trace: ===
external/xla/xla/stream_executor/cuda/cuda_status.cc:45
external/xla/xla/stream_executor/cuda/cuda_device_allocator.cc:226
external/xla/xla/stream_executor/cuda/cuda_device_allocator.cc:403

E0820 14:24:17.978576 3200216 cuda_executor.cc:1176] [0] Failed to allocate device memory of 2.2KiB (2304 bytes): RESOURCE_EXHAUSTED: : CUDA_ERROR_OUT_OF_MEMORY: out of memory
=== Source Location Trace: ===
external/xla/xla/stream_executor/cuda/cuda_status.cc:45
external/xla/xla/stream_executor/cuda/cuda_device_allocator.cc:226
external/xla/xla/stream_executor/cuda/cuda_device_allocator.cc:403

E0820 14:24:17.979190 3200216 cuda_executor.cc:1176] [0] Failed to allocate device memory of 2.2KiB (2304 bytes): RESOURCE_EXHAUSTED: : CUDA_ERROR_OUT_OF_MEMORY: out of memory
=== Source Location Trace: ===
external/xla/xla/stream_executor/cuda/cuda_status.cc:45
external/xla/xla/stream_executor/cuda/cuda_device_allocator.cc:226
external/xla/xla/stream_executor/cuda/cuda_device_allocator.cc:403

E0820 14:24:17.979920 3200216 cuda_executor.cc:1176] [0] Failed to allocate device memory of 2.2KiB (2304 bytes): RESOURCE_EXHAUSTED: : CUDA_ERROR_OUT_OF_MEMORY: out of memory
=== Source Location Trace: ===
external/xla/xla/stream_executor/cuda/cuda_status.cc:45
external/xla/xla/stream_executor/cuda/cuda_device_allocator.cc:226
external/xla/xla/stream_executor/cuda/cuda_device_allocator.cc:403

E0820 14:24:17.980541 3200216 cuda_executor.cc:1176] [0] Failed to allocate device memory of 2.2KiB (2304 bytes): RESOURCE_EXHAUSTED: : CUDA_ERROR_OUT_OF_MEMORY: out of memory
=== Source Location Trace: ===
external/xla/xla/stream_executor/cuda/cuda_status.cc:45
external/xla/xla/stream_executor/cuda/cuda_device_allocator.cc:226
external/xla/xla/stream_executor/cuda/cuda_device_allocator.cc:403

E0820 14:24:17.981152 3200216 cuda_executor.cc:1176] [0] Failed to allocate device memory of 2.2KiB (2304 bytes): RESOURCE_EXHAUSTED: : CUDA_ERROR_OUT_OF_MEMORY: out of memory
=== Source Location Trace: ===
external/xla/xla/stream_executor/cuda/cuda_status.cc:45
external/xla/xla/stream_executor/cuda/cuda_device_allocator.cc:226
external/xla/xla/stream_executor/cuda/cuda_device_allocator.cc:403

E0820 14:24:17.981859 3200216 cuda_executor.cc:1176] [0] Failed to allocate device memory of 2.2KiB (2304 bytes): RESOURCE_EXHAUSTED: : CUDA_ERROR_OUT_OF_MEMORY: out of memory
=== Source Location Trace: ===
external/xla/xla/stream_executor/cuda/cuda_status.cc:45
external/xla/xla/stream_executor/cuda/cuda_device_allocator.cc:226
external/xla/xla/stream_executor/cuda/cuda_device_allocator.cc:403

E0820 14:24:17.982557 3200216 cuda_executor.cc:1176] [0] Failed to allocate device memory of 2.2KiB (2304 bytes): RESOURCE_EXHAUSTED: : CUDA_ERROR_OUT_OF_MEMORY: out of memory
=== Source Location Trace: ===
external/xla/xla/stream_executor/cuda/cuda_status.cc:45
external/xla/xla/stream_executor/cuda/cuda_device_allocator.cc:226
external/xla/xla/stream_executor/cuda/cuda_device_allocator.cc:403

E0820 14:24:17.983166 3200216 cuda_executor.cc:1176] [0] Failed to allocate device memory of 2.2KiB (2304 bytes): RESOURCE_EXHAUSTED: : CUDA_ERROR_OUT_OF_MEMORY: out of memory
=== Source Location Trace: ===
external/xla/xla/stream_executor/cuda/cuda_status.cc:45
external/xla/xla/stream_executor/cuda/cuda_device_allocator.cc:226
external/xla/xla/stream_executor/cuda/cuda_device_allocator.cc:403

E0820 14:24:17.983878 3200216 cuda_executor.cc:1176] [0] Failed to allocate device memory of 2.2KiB (2304 bytes): RESOURCE_EXHAUSTED: : CUDA_ERROR_OUT_OF_MEMORY: out of memory
=== Source Location Trace: ===
external/xla/xla/stream_executor/cuda/cuda_status.cc:45
external/xla/xla/stream_executor/cuda/cuda_device_allocator.cc:226
external/xla/xla/stream_executor/cuda/cuda_device_allocator.cc:403

E0820 14:24:17.984597 3200216 cuda_executor.cc:1176] [0] Failed to allocate device memory of 2.2KiB (2304 bytes): RESOURCE_EXHAUSTED: : CUDA_ERROR_OUT_OF_MEMORY: out of memory
=== Source Location Trace: ===
external/xla/xla/stream_executor/cuda/cuda_status.cc:45
external/xla/xla/stream_executor/cuda/cuda_device_allocator.cc:226
external/xla/xla/stream_executor/cuda/cuda_device_allocator.cc:403

E0820 14:24:17.985239 3200216 cuda_executor.cc:1176] [0] Failed to allocate device memory of 2.2KiB (2304 bytes): RESOURCE_EXHAUSTED: : CUDA_ERROR_OUT_OF_MEMORY: out of memory
=== Source Location Trace: ===
external/xla/xla/stream_executor/cuda/cuda_status.cc:45
external/xla/xla/stream_executor/cuda/cuda_device_allocator.cc:226
external/xla/xla/stream_executor/cuda/cuda_device_allocator.cc:403

E0820 14:24:17.985868 3200216 cuda_executor.cc:1176] [0] Failed to allocate device memory of 2.2KiB (2304 bytes): RESOURCE_EXHAUSTED: : CUDA_ERROR_OUT_OF_MEMORY: out of memory
=== Source Location Trace: ===
external/xla/xla/stream_executor/cuda/cuda_status.cc:45
external/xla/xla/stream_executor/cuda/cuda_device_allocator.cc:226
external/xla/xla/stream_executor/cuda/cuda_device_allocator.cc:403

E0820 14:24:17.986601 3200216 cuda_executor.cc:1176] [0] Failed to allocate device memory of 2.2KiB (2304 bytes): RESOURCE_EXHAUSTED: : CUDA_ERROR_OUT_OF_MEMORY: out of memory
=== Source Location Trace: ===
external/xla/xla/stream_executor/cuda/cuda_status.cc:45
external/xla/xla/stream_executor/cuda/cuda_device_allocator.cc:226
external/xla/xla/stream_executor/cuda/cuda_device_allocator.cc:403

E0820 14:24:17.987240 3200216 cuda_executor.cc:1176] [0] Failed to allocate device memory of 2.2KiB (2304 bytes): RESOURCE_EXHAUSTED: : CUDA_ERROR_OUT_OF_MEMORY: out of memory
=== Source Location Trace: ===
external/xla/xla/stream_executor/cuda/cuda_status.cc:45
external/xla/xla/stream_executor/cuda/cuda_device_allocator.cc:226
external/xla/xla/stream_executor/cuda/cuda_device_allocator.cc:403

E0820 14:24:17.987878 3200216 cuda_executor.cc:1176] [0] Failed to allocate device memory of 2.2KiB (2304 bytes): RESOURCE_EXHAUSTED: : CUDA_ERROR_OUT_OF_MEMORY: out of memory
=== Source Location Trace: ===
external/xla/xla/stream_executor/cuda/cuda_status.cc:45
external/xla/xla/stream_executor/cuda/cuda_device_allocator.cc:226
external/xla/xla/stream_executor/cuda/cuda_device_allocator.cc:403

E0820 14:24:17.988622 3200216 cuda_executor.cc:1176] [0] Failed to allocate device memory of 2.2KiB (2304 bytes): RESOURCE_EXHAUSTED: : CUDA_ERROR_OUT_OF_MEMORY: out of memory
=== Source Location Trace: ===
external/xla/xla/stream_executor/cuda/cuda_status.cc:45
external/xla/xla/stream_executor/cuda/cuda_device_allocator.cc:226
external/xla/xla/stream_executor/cuda/cuda_device_allocator.cc:403

E0820 14:24:17.989276 3200216 cuda_executor.cc:1176] [0] Failed to allocate device memory of 2.2KiB (2304 bytes): RESOURCE_EXHAUSTED: : CUDA_ERROR_OUT_OF_MEMORY: out of memory
=== Source Location Trace: ===
external/xla/xla/stream_executor/cuda/cuda_status.cc:45
external/xla/xla/stream_executor/cuda/cuda_device_allocator.cc:226
external/xla/xla/stream_executor/cuda/cuda_device_allocator.cc:403

E0820 14:24:17.989911 3200216 cuda_executor.cc:1176] [0] Failed to allocate device memory of 2.2KiB (2304 bytes): RESOURCE_EXHAUSTED: : CUDA_ERROR_OUT_OF_MEMORY: out of memory
=== Source Location Trace: ===
external/xla/xla/stream_executor/cuda/cuda_status.cc:45
external/xla/xla/stream_executor/cuda/cuda_device_allocator.cc:226
external/xla/xla/stream_executor/cuda/cuda_device_allocator.cc:403

E0820 14:24:17.990624 3200216 cuda_executor.cc:1176] [0] Failed to allocate device memory of 2.2KiB (2304 bytes): RESOURCE_EXHAUSTED: : CUDA_ERROR_OUT_OF_MEMORY: out of memory
=== Source Location Trace: ===
external/xla/xla/stream_executor/cuda/cuda_status.cc:45
external/xla/xla/stream_executor/cuda/cuda_device_allocator.cc:226
external/xla/xla/stream_executor/cuda/cuda_device_allocator.cc:403

E0820 14:24:17.991262 3200216 cuda_executor.cc:1176] [0] Failed to allocate device memory of 2.2KiB (2304 bytes): RESOURCE_EXHAUSTED: : CUDA_ERROR_OUT_OF_MEMORY: out of memory
=== Source Location Trace: ===
external/xla/xla/stream_executor/cuda/cuda_status.cc:45
external/xla/xla/stream_executor/cuda/cuda_device_allocator.cc:226
external/xla/xla/stream_executor/cuda/cuda_device_allocator.cc:403

E0820 14:24:17.991880 3200216 cuda_executor.cc:1176] [0] Failed to allocate device memory of 2.2KiB (2304 bytes): RESOURCE_EXHAUSTED: : CUDA_ERROR_OUT_OF_MEMORY: out of memory
=== Source Location Trace: ===
external/xla/xla/stream_executor/cuda/cuda_status.cc:45
external/xla/xla/stream_executor/cuda/cuda_device_allocator.cc:226
external/xla/xla/stream_executor/cuda/cuda_device_allocator.cc:403

E0820 14:24:17.992596 3200216 cuda_executor.cc:1176] [0] Failed to allocate device memory of 2.2KiB (2304 bytes): RESOURCE_EXHAUSTED: : CUDA_ERROR_OUT_OF_MEMORY: out of memory
=== Source Location Trace: ===
external/xla/xla/stream_executor/cuda/cuda_status.cc:45
external/xla/xla/stream_executor/cuda/cuda_device_allocator.cc:226
external/xla/xla/stream_executor/cuda/cuda_device_allocator.cc:403

E0820 14:24:17.993233 3200216 cuda_executor.cc:1176] [0] Failed to allocate device memory of 2.2KiB (2304 bytes): RESOURCE_EXHAUSTED: : CUDA_ERROR_OUT_OF_MEMORY: out of memory
=== Source Location Trace: ===
external/xla/xla/stream_executor/cuda/cuda_status.cc:45
external/xla/xla/stream_executor/cuda/cuda_device_allocator.cc:226
external/xla/xla/stream_executor/cuda/cuda_device_allocator.cc:403

E0820 14:24:17.993852 3200216 cuda_executor.cc:1176] [0] Failed to allocate device memory of 2.2KiB (2304 bytes): RESOURCE_EXHAUSTED: : CUDA_ERROR_OUT_OF_MEMORY: out of memory
=== Source Location Trace: ===
external/xla/xla/stream_executor/cuda/cuda_status.cc:45
external/xla/xla/stream_executor/cuda/cuda_device_allocator.cc:226
external/xla/xla/stream_executor/cuda/cuda_device_allocator.cc:403

E0820 14:24:17.994551 3200216 cuda_executor.cc:1176] [0] Failed to allocate device memory of 2.2KiB (2304 bytes): RESOURCE_EXHAUSTED: : CUDA_ERROR_OUT_OF_MEMORY: out of memory
=== Source Location Trace: ===
external/xla/xla/stream_executor/cuda/cuda_status.cc:45
external/xla/xla/stream_executor/cuda/cuda_device_allocator.cc:226
external/xla/xla/stream_executor/cuda/cuda_device_allocator.cc:403

E0820 14:24:17.995167 3200216 cuda_executor.cc:1176] [0] Failed to allocate device memory of 2.2KiB (2304 bytes): RESOURCE_EXHAUSTED: : CUDA_ERROR_OUT_OF_MEMORY: out of memory
=== Source Location Trace: ===
external/xla/xla/stream_executor/cuda/cuda_status.cc:45
external/xla/xla/stream_executor/cuda/cuda_device_allocator.cc:226
external/xla/xla/stream_executor/cuda/cuda_device_allocator.cc:403

E0820 14:24:17.995880 3200216 cuda_executor.cc:1176] [0] Failed to allocate device memory of 2.2KiB (2304 bytes): RESOURCE_EXHAUSTED: : CUDA_ERROR_OUT_OF_MEMORY: out of memory
=== Source Location Trace: ===
external/xla/xla/stream_executor/cuda/cuda_status.cc:45
external/xla/xla/stream_executor/cuda/cuda_device_allocator.cc:226
external/xla/xla/stream_executor/cuda/cuda_device_allocator.cc:403

E0820 14:24:17.996588 3200216 cuda_executor.cc:1176] [0] Failed to allocate device memory of 2.2KiB (2304 bytes): RESOURCE_EXHAUSTED: : CUDA_ERROR_OUT_OF_MEMORY: out of memory
=== Source Location Trace: ===
external/xla/xla/stream_executor/cuda/cuda_status.cc:45
external/xla/xla/stream_executor/cuda/cuda_device_allocator.cc:226
external/xla/xla/stream_executor/cuda/cuda_device_allocator.cc:403

E0820 14:24:17.997204 3200216 cuda_executor.cc:1176] [0] Failed to allocate device memory of 2.2KiB (2304 bytes): RESOURCE_EXHAUSTED: : CUDA_ERROR_OUT_OF_MEMORY: out of memory
=== Source Location Trace: ===
external/xla/xla/stream_executor/cuda/cuda_status.cc:45
external/xla/xla/stream_executor/cuda/cuda_device_allocator.cc:226
external/xla/xla/stream_executor/cuda/cuda_device_allocator.cc:403

E0820 14:24:17.997934 3200216 cuda_executor.cc:1176] [0] Failed to allocate device memory of 2.2KiB (2304 bytes): RESOURCE_EXHAUSTED: : CUDA_ERROR_OUT_OF_MEMORY: out of memory
=== Source Location Trace: ===
external/xla/xla/stream_executor/cuda/cuda_status.cc:45
external/xla/xla/stream_executor/cuda/cuda_device_allocator.cc:226
external/xla/xla/stream_executor/cuda/cuda_device_allocator.cc:403

E0820 14:24:17.998558 3200216 cuda_executor.cc:1176] [0] Failed to allocate device memory of 2.2KiB (2304 bytes): RESOURCE_EXHAUSTED: : CUDA_ERROR_OUT_OF_MEMORY: out of memory
=== Source Location Trace: ===
external/xla/xla/stream_executor/cuda/cuda_status.cc:45
external/xla/xla/stream_executor/cuda/cuda_device_allocator.cc:226
external/xla/xla/stream_executor/cuda/cuda_device_allocator.cc:403

E0820 14:24:17.999174 3200216 cuda_executor.cc:1176] [0] Failed to allocate device memory of 2.2KiB (2304 bytes): RESOURCE_EXHAUSTED: : CUDA_ERROR_OUT_OF_MEMORY: out of memory
=== Source Location Trace: ===
external/xla/xla/stream_executor/cuda/cuda_status.cc:45
external/xla/xla/stream_executor/cuda/cuda_device_allocator.cc:226
external/xla/xla/stream_executor/cuda/cuda_device_allocator.cc:403

E0820 14:24:17.999893 3200216 cuda_executor.cc:1176] [0] Failed to allocate device memory of 2.2KiB (2304 bytes): RESOURCE_EXHAUSTED: : CUDA_ERROR_OUT_OF_MEMORY: out of memory
=== Source Location Trace: ===
external/xla/xla/stream_executor/cuda/cuda_status.cc:45
external/xla/xla/stream_executor/cuda/cuda_device_allocator.cc:226
external/xla/xla/stream_executor/cuda/cuda_device_allocator.cc:403

E0820 14:24:18.000615 3200216 cuda_executor.cc:1176] [0] Failed to allocate device memory of 2.2KiB (2304 bytes): RESOURCE_EXHAUSTED: : CUDA_ERROR_OUT_OF_MEMORY: out of memory
=== Source Location Trace: ===
external/xla/xla/stream_executor/cuda/cuda_status.cc:45
external/xla/xla/stream_executor/cuda/cuda_device_allocator.cc:226
external/xla/xla/stream_executor/cuda/cuda_device_allocator.cc:403

E0820 14:24:18.001261 3200216 cuda_executor.cc:1176] [0] Failed to allocate device memory of 2.2KiB (2304 bytes): RESOURCE_EXHAUSTED: : CUDA_ERROR_OUT_OF_MEMORY: out of memory
=== Source Location Trace: ===
external/xla/xla/stream_executor/cuda/cuda_status.cc:45
external/xla/xla/stream_executor/cuda/cuda_device_allocator.cc:226
external/xla/xla/stream_executor/cuda/cuda_device_allocator.cc:403

E0820 14:24:18.001894 3200216 cuda_executor.cc:1176] [0] Failed to allocate device memory of 2.2KiB (2304 bytes): RESOURCE_EXHAUSTED: : CUDA_ERROR_OUT_OF_MEMORY: out of memory
=== Source Location Trace: ===
external/xla/xla/stream_executor/cuda/cuda_status.cc:45
external/xla/xla/stream_executor/cuda/cuda_device_allocator.cc:226
external/xla/xla/stream_executor/cuda/cuda_device_allocator.cc:403

E0820 14:24:18.002604 3200216 cuda_executor.cc:1176] [0] Failed to allocate device memory of 2.2KiB (2304 bytes): RESOURCE_EXHAUSTED: : CUDA_ERROR_OUT_OF_MEMORY: out of memory
=== Source Location Trace: ===
external/xla/xla/stream_executor/cuda/cuda_status.cc:45
external/xla/xla/stream_executor/cuda/cuda_device_allocator.cc:226
external/xla/xla/stream_executor/cuda/cuda_device_allocator.cc:403

E0820 14:24:18.003252 3200216 cuda_executor.cc:1176] [0] Failed to allocate device memory of 2.2KiB (2304 bytes): RESOURCE_EXHAUSTED: : CUDA_ERROR_OUT_OF_MEMORY: out of memory
=== Source Location Trace: ===
external/xla/xla/stream_executor/cuda/cuda_status.cc:45
external/xla/xla/stream_executor/cuda/cuda_device_allocator.cc:226
external/xla/xla/stream_executor/cuda/cuda_device_allocator.cc:403

E0820 14:24:18.003904 3200216 cuda_executor.cc:1176] [0] Failed to allocate device memory of 2.2KiB (2304 bytes): RESOURCE_EXHAUSTED: : CUDA_ERROR_OUT_OF_MEMORY: out of memory
=== Source Location Trace: ===
external/xla/xla/stream_executor/cuda/cuda_status.cc:45
external/xla/xla/stream_executor/cuda/cuda_device_allocator.cc:226
external/xla/xla/stream_executor/cuda/cuda_device_allocator.cc:403

E0820 14:24:18.004556 3200216 cuda_executor.cc:1176] [0] Failed to allocate device memory of 2.2KiB (2304 bytes): RESOURCE_EXHAUSTED: : CUDA_ERROR_OUT_OF_MEMORY: out of memory
=== Source Location Trace: ===
external/xla/xla/stream_executor/cuda/cuda_status.cc:45
external/xla/xla/stream_executor/cuda/cuda_device_allocator.cc:226
external/xla/xla/stream_executor/cuda/cuda_device_allocator.cc:403

E0820 14:24:18.005186 3200216 cuda_executor.cc:1176] [0] Failed to allocate device memory of 2.2KiB (2304 bytes): RESOURCE_EXHAUSTED: : CUDA_ERROR_OUT_OF_MEMORY: out of memory
=== Source Location Trace: ===
external/xla/xla/stream_executor/cuda/cuda_status.cc:45
external/xla/xla/stream_executor/cuda/cuda_device_allocator.cc:226
external/xla/xla/stream_executor/cuda/cuda_device_allocator.cc:403

E0820 14:24:18.005903 3200216 cuda_executor.cc:1176] [0] Failed to allocate device memory of 2.2KiB (2304 bytes): RESOURCE_EXHAUSTED: : CUDA_ERROR_OUT_OF_MEMORY: out of memory
=== Source Location Trace: ===
external/xla/xla/stream_executor/cuda/cuda_status.cc:45
external/xla/xla/stream_executor/cuda/cuda_device_allocator.cc:226
external/xla/xla/stream_executor/cuda/cuda_device_allocator.cc:403

E0820 14:24:18.006602 3200216 cuda_executor.cc:1176] [0] Failed to allocate device memory of 2.2KiB (2304 bytes): RESOURCE_EXHAUSTED: : CUDA_ERROR_OUT_OF_MEMORY: out of memory
=== Source Location Trace: ===
external/xla/xla/stream_executor/cuda/cuda_status.cc:45
external/xla/xla/stream_executor/cuda/cuda_device_allocator.cc:226
external/xla/xla/stream_executor/cuda/cuda_device_allocator.cc:403

E0820 14:24:18.007236 3200216 cuda_executor.cc:1176] [0] Failed to allocate device memory of 2.2KiB (2304 bytes): RESOURCE_EXHAUSTED: : CUDA_ERROR_OUT_OF_MEMORY: out of memory
=== Source Location Trace: ===
external/xla/xla/stream_executor/cuda/cuda_status.cc:45
external/xla/xla/stream_executor/cuda/cuda_device_allocator.cc:226
external/xla/xla/stream_executor/cuda/cuda_device_allocator.cc:403

E0820 14:24:18.007852 3200216 cuda_executor.cc:1176] [0] Failed to allocate device memory of 2.2KiB (2304 bytes): RESOURCE_EXHAUSTED: : CUDA_ERROR_OUT_OF_MEMORY: out of memory
=== Source Location Trace: ===
external/xla/xla/stream_executor/cuda/cuda_status.cc:45
external/xla/xla/stream_executor/cuda/cuda_device_allocator.cc:226
external/xla/xla/stream_executor/cuda/cuda_device_allocator.cc:403

E0820 14:24:18.008546 3200216 cuda_executor.cc:1176] [0] Failed to allocate device memory of 2.2KiB (2304 bytes): RESOURCE_EXHAUSTED: : CUDA_ERROR_OUT_OF_MEMORY: out of memory
=== Source Location Trace: ===
external/xla/xla/stream_executor/cuda/cuda_status.cc:45
external/xla/xla/stream_executor/cuda/cuda_device_allocator.cc:226
external/xla/xla/stream_executor/cuda/cuda_device_allocator.cc:403

E0820 14:24:18.009162 3200216 cuda_executor.cc:1176] [0] Failed to allocate device memory of 2.2KiB (2304 bytes): RESOURCE_EXHAUSTED: : CUDA_ERROR_OUT_OF_MEMORY: out of memory
=== Source Location Trace: ===
external/xla/xla/stream_executor/cuda/cuda_status.cc:45
external/xla/xla/stream_executor/cuda/cuda_device_allocator.cc:226
external/xla/xla/stream_executor/cuda/cuda_device_allocator.cc:403

E0820 14:24:18.009869 3200216 cuda_executor.cc:1176] [0] Failed to allocate device memory of 2.2KiB (2304 bytes): RESOURCE_EXHAUSTED: : CUDA_ERROR_OUT_OF_MEMORY: out of memory
=== Source Location Trace: ===
external/xla/xla/stream_executor/cuda/cuda_status.cc:45
external/xla/xla/stream_executor/cuda/cuda_device_allocator.cc:226
external/xla/xla/stream_executor/cuda/cuda_device_allocator.cc:403

E0820 14:24:18.010578 3200216 cuda_executor.cc:1176] [0] Failed to allocate device memory of 2.2KiB (2304 bytes): RESOURCE_EXHAUSTED: : CUDA_ERROR_OUT_OF_MEMORY: out of memory
=== Source Location Trace: ===
external/xla/xla/stream_executor/cuda/cuda_status.cc:45
external/xla/xla/stream_executor/cuda/cuda_device_allocator.cc:226
external/xla/xla/stream_executor/cuda/cuda_device_allocator.cc:403

E0820 14:24:18.011197 3200216 cuda_executor.cc:1176] [0] Failed to allocate device memory of 2.2KiB (2304 bytes): RESOURCE_EXHAUSTED: : CUDA_ERROR_OUT_OF_MEMORY: out of memory
=== Source Location Trace: ===
external/xla/xla/stream_executor/cuda/cuda_status.cc:45
external/xla/xla/stream_executor/cuda/cuda_device_allocator.cc:226
external/xla/xla/stream_executor/cuda/cuda_device_allocator.cc:403

E0820 14:24:18.011919 3200216 cuda_executor.cc:1176] [0] Failed to allocate device memory of 2.2KiB (2304 bytes): RESOURCE_EXHAUSTED: : CUDA_ERROR_OUT_OF_MEMORY: out of memory
=== Source Location Trace: ===
external/xla/xla/stream_executor/cuda/cuda_status.cc:45
external/xla/xla/stream_executor/cuda/cuda_device_allocator.cc:226
external/xla/xla/stream_executor/cuda/cuda_device_allocator.cc:403

E0820 14:24:18.012561 3200216 cuda_executor.cc:1176] [0] Failed to allocate device memory of 2.2KiB (2304 bytes): RESOURCE_EXHAUSTED: : CUDA_ERROR_OUT_OF_MEMORY: out of memory
=== Source Location Trace: ===
external/xla/xla/stream_executor/cuda/cuda_status.cc:45
external/xla/xla/stream_executor/cuda/cuda_device_allocator.cc:226
external/xla/xla/stream_executor/cuda/cuda_device_allocator.cc:403

E0820 14:24:18.013200 3200216 cuda_executor.cc:1176] [0] Failed to allocate device memory of 2.2KiB (2304 bytes): RESOURCE_EXHAUSTED: : CUDA_ERROR_OUT_OF_MEMORY: out of memory
=== Source Location Trace: ===
external/xla/xla/stream_executor/cuda/cuda_status.cc:45
external/xla/xla/stream_executor/cuda/cuda_device_allocator.cc:226
external/xla/xla/stream_executor/cuda/cuda_device_allocator.cc:403

E0820 14:24:18.013944 3200216 cuda_executor.cc:1176] [0] Failed to allocate device memory of 2.2KiB (2304 bytes): RESOURCE_EXHAUSTED: : CUDA_ERROR_OUT_OF_MEMORY: out of memory
=== Source Location Trace: ===
external/xla/xla/stream_executor/cuda/cuda_status.cc:45
external/xla/xla/stream_executor/cuda/cuda_device_allocator.cc:226
external/xla/xla/stream_executor/cuda/cuda_device_allocator.cc:403

E0820 14:24:18.014584 3200216 cuda_executor.cc:1176] [0] Failed to allocate device memory of 2.2KiB (2304 bytes): RESOURCE_EXHAUSTED: : CUDA_ERROR_OUT_OF_MEMORY: out of memory
=== Source Location Trace: ===
external/xla/xla/stream_executor/cuda/cuda_status.cc:45
external/xla/xla/stream_executor/cuda/cuda_device_allocator.cc:226
external/xla/xla/stream_executor/cuda/cuda_device_allocator.cc:403

E0820 14:24:18.015218 3200216 cuda_executor.cc:1176] [0] Failed to allocate device memory of 2.2KiB (2304 bytes): RESOURCE_EXHAUSTED: : CUDA_ERROR_OUT_OF_MEMORY: out of memory
=== Source Location Trace: ===
external/xla/xla/stream_executor/cuda/cuda_status.cc:45
external/xla/xla/stream_executor/cuda/cuda_device_allocator.cc:226
external/xla/xla/stream_executor/cuda/cuda_device_allocator.cc:403

E0820 14:24:18.015871 3200216 cuda_executor.cc:1176] [0] Failed to allocate device memory of 2.2KiB (2304 bytes): RESOURCE_EXHAUSTED: : CUDA_ERROR_OUT_OF_MEMORY: out of memory
=== Source Location Trace: ===
external/xla/xla/stream_executor/cuda/cuda_status.cc:45
external/xla/xla/stream_executor/cuda/cuda_device_allocator.cc:226
external/xla/xla/stream_executor/cuda/cuda_device_allocator.cc:403

E0820 14:24:18.016622 3200216 cuda_executor.cc:1176] [0] Failed to allocate device memory of 2.2KiB (2304 bytes): RESOURCE_EXHAUSTED: : CUDA_ERROR_OUT_OF_MEMORY: out of memory
=== Source Location Trace: ===
external/xla/xla/stream_executor/cuda/cuda_status.cc:45
external/xla/xla/stream_executor/cuda/cuda_device_allocator.cc:226
external/xla/xla/stream_executor/cuda/cuda_device_allocator.cc:403

E0820 14:24:18.017286 3200216 cuda_executor.cc:1176] [0] Failed to allocate device memory of 2.2KiB (2304 bytes): RESOURCE_EXHAUSTED: : CUDA_ERROR_OUT_OF_MEMORY: out of memory
=== Source Location Trace: ===
external/xla/xla/stream_executor/cuda/cuda_status.cc:45
external/xla/xla/stream_executor/cuda/cuda_device_allocator.cc:226
external/xla/xla/stream_executor/cuda/cuda_device_allocator.cc:403

E0820 14:24:18.017934 3200216 cuda_executor.cc:1176] [0] Failed to allocate device memory of 2.2KiB (2304 bytes): RESOURCE_EXHAUSTED: : CUDA_ERROR_OUT_OF_MEMORY: out of memory
=== Source Location Trace: ===
external/xla/xla/stream_executor/cuda/cuda_status.cc:45
external/xla/xla/stream_executor/cuda/cuda_device_allocator.cc:226
external/xla/xla/stream_executor/cuda/cuda_device_allocator.cc:403

E0820 14:24:18.018601 3200216 cuda_executor.cc:1176] [0] Failed to allocate device memory of 2.2KiB (2304 bytes): RESOURCE_EXHAUSTED: : CUDA_ERROR_OUT_OF_MEMORY: out of memory
=== Source Location Trace: ===
external/xla/xla/stream_executor/cuda/cuda_status.cc:45
external/xla/xla/stream_executor/cuda/cuda_device_allocator.cc:226
external/xla/xla/stream_executor/cuda/cuda_device_allocator.cc:403

E0820 14:24:18.019270 3200216 cuda_executor.cc:1176] [0] Failed to allocate device memory of 2.2KiB (2304 bytes): RESOURCE_EXHAUSTED: : CUDA_ERROR_OUT_OF_MEMORY: out of memory
=== Source Location Trace: ===
external/xla/xla/stream_executor/cuda/cuda_status.cc:45
external/xla/xla/stream_executor/cuda/cuda_device_allocator.cc:226
external/xla/xla/stream_executor/cuda/cuda_device_allocator.cc:403

E0820 14:24:18.019923 3200216 cuda_executor.cc:1176] [0] Failed to allocate device memory of 2.2KiB (2304 bytes): RESOURCE_EXHAUSTED: : CUDA_ERROR_OUT_OF_MEMORY: out of memory
=== Source Location Trace: ===
external/xla/xla/stream_executor/cuda/cuda_status.cc:45
external/xla/xla/stream_executor/cuda/cuda_device_allocator.cc:226
external/xla/xla/stream_executor/cuda/cuda_device_allocator.cc:403

E0820 14:24:18.020589 3200216 cuda_executor.cc:1176] [0] Failed to allocate device memory of 2.2KiB (2304 bytes): RESOURCE_EXHAUSTED: : CUDA_ERROR_OUT_OF_MEMORY: out of memory
=== Source Location Trace: ===
external/xla/xla/stream_executor/cuda/cuda_status.cc:45
external/xla/xla/stream_executor/cuda/cuda_device_allocator.cc:226
external/xla/xla/stream_executor/cuda/cuda_device_allocator.cc:403

E0820 14:24:18.021258 3200216 cuda_executor.cc:1176] [0] Failed to allocate device memory of 2.2KiB (2304 bytes): RESOURCE_EXHAUSTED: : CUDA_ERROR_OUT_OF_MEMORY: out of memory
=== Source Location Trace: ===
external/xla/xla/stream_executor/cuda/cuda_status.cc:45
external/xla/xla/stream_executor/cuda/cuda_device_allocator.cc:226
external/xla/xla/stream_executor/cuda/cuda_device_allocator.cc:403

E0820 14:24:18.021897 3200216 cuda_executor.cc:1176] [0] Failed to allocate device memory of 2.2KiB (2304 bytes): RESOURCE_EXHAUSTED: : CUDA_ERROR_OUT_OF_MEMORY: out of memory
=== Source Location Trace: ===
external/xla/xla/stream_executor/cuda/cuda_status.cc:45
external/xla/xla/stream_executor/cuda/cuda_device_allocator.cc:226
external/xla/xla/stream_executor/cuda/cuda_device_allocator.cc:403

E0820 14:24:18.022645 3200216 cuda_executor.cc:1176] [0] Failed to allocate device memory of 2.2KiB (2304 bytes): RESOURCE_EXHAUSTED: : CUDA_ERROR_OUT_OF_MEMORY: out of memory
=== Source Location Trace: ===
external/xla/xla/stream_executor/cuda/cuda_status.cc:45
external/xla/xla/stream_executor/cuda/cuda_device_allocator.cc:226
external/xla/xla/stream_executor/cuda/cuda_device_allocator.cc:403

E0820 14:24:18.023324 3200216 cuda_executor.cc:1176] [0] Failed to allocate device memory of 2.2KiB (2304 bytes): RESOURCE_EXHAUSTED: : CUDA_ERROR_OUT_OF_MEMORY: out of memory
=== Source Location Trace: ===
external/xla/xla/stream_executor/cuda/cuda_status.cc:45
external/xla/xla/stream_executor/cuda/cuda_device_allocator.cc:226
external/xla/xla/stream_executor/cuda/cuda_device_allocator.cc:403

E0820 14:24:18.023977 3200216 cuda_executor.cc:1176] [0] Failed to allocate device memory of 2.2KiB (2304 bytes): RESOURCE_EXHAUSTED: : CUDA_ERROR_OUT_OF_MEMORY: out of memory
=== Source Location Trace: ===
external/xla/xla/stream_executor/cuda/cuda_status.cc:45
external/xla/xla/stream_executor/cuda/cuda_device_allocator.cc:226
external/xla/xla/stream_executor/cuda/cuda_device_allocator.cc:403

E0820 14:24:18.024662 3200216 cuda_executor.cc:1176] [0] Failed to allocate device memory of 2.2KiB (2304 bytes): RESOURCE_EXHAUSTED: : CUDA_ERROR_OUT_OF_MEMORY: out of memory
=== Source Location Trace: ===
external/xla/xla/stream_executor/cuda/cuda_status.cc:45
external/xla/xla/stream_executor/cuda/cuda_device_allocator.cc:226
external/xla/xla/stream_executor/cuda/cuda_device_allocator.cc:403

E0820 14:24:18.025359 3200216 cuda_executor.cc:1176] [0] Failed to allocate device memory of 2.2KiB (2304 bytes): RESOURCE_EXHAUSTED: : CUDA_ERROR_OUT_OF_MEMORY: out of memory
=== Source Location Trace: ===
external/xla/xla/stream_executor/cuda/cuda_status.cc:45
external/xla/xla/stream_executor/cuda/cuda_device_allocator.cc:226
external/xla/xla/stream_executor/cuda/cuda_device_allocator.cc:403

E0820 14:24:18.026012 3200216 cuda_executor.cc:1176] [0] Failed to allocate device memory of 2.2KiB (2304 bytes): RESOURCE_EXHAUSTED: : CUDA_ERROR_OUT_OF_MEMORY: out of memory
=== Source Location Trace: ===
external/xla/xla/stream_executor/cuda/cuda_status.cc:45
external/xla/xla/stream_executor/cuda/cuda_device_allocator.cc:226
external/xla/xla/stream_executor/cuda/cuda_device_allocator.cc:403

E0820 14:24:18.026713 3200216 cuda_executor.cc:1176] [0] Failed to allocate device memory of 2.2KiB (2304 bytes): RESOURCE_EXHAUSTED: : CUDA_ERROR_OUT_OF_MEMORY: out of memory
=== Source Location Trace: ===
external/xla/xla/stream_executor/cuda/cuda_status.cc:45
external/xla/xla/stream_executor/cuda/cuda_device_allocator.cc:226
external/xla/xla/stream_executor/cuda/cuda_device_allocator.cc:403

E0820 14:24:18.027418 3200216 cuda_executor.cc:1176] [0] Failed to allocate device memory of 2.2KiB (2304 bytes): RESOURCE_EXHAUSTED: : CUDA_ERROR_OUT_OF_MEMORY: out of memory
=== Source Location Trace: ===
external/xla/xla/stream_executor/cuda/cuda_status.cc:45
external/xla/xla/stream_executor/cuda/cuda_device_allocator.cc:226
external/xla/xla/stream_executor/cuda/cuda_device_allocator.cc:403

E0820 14:24:18.028070 3200216 cuda_executor.cc:1176] [0] Failed to allocate device memory of 2.2KiB (2304 bytes): RESOURCE_EXHAUSTED: : CUDA_ERROR_OUT_OF_MEMORY: out of memory
=== Source Location Trace: ===
external/xla/xla/stream_executor/cuda/cuda_status.cc:45
external/xla/xla/stream_executor/cuda/cuda_device_allocator.cc:226
external/xla/xla/stream_executor/cuda/cuda_device_allocator.cc:403

E0820 14:24:18.028788 3200216 cuda_executor.cc:1176] [0] Failed to allocate device memory of 2.2KiB (2304 bytes): RESOURCE_EXHAUSTED: : CUDA_ERROR_OUT_OF_MEMORY: out of memory
=== Source Location Trace: ===
external/xla/xla/stream_executor/cuda/cuda_status.cc:45
external/xla/xla/stream_executor/cuda/cuda_device_allocator.cc:226
external/xla/xla/stream_executor/cuda/cuda_device_allocator.cc:403

E0820 14:24:18.029504 3200216 cuda_executor.cc:1176] [0] Failed to allocate device memory of 2.2KiB (2304 bytes): RESOURCE_EXHAUSTED: : CUDA_ERROR_OUT_OF_MEMORY: out of memory
=== Source Location Trace: ===
external/xla/xla/stream_executor/cuda/cuda_status.cc:45
external/xla/xla/stream_executor/cuda/cuda_device_allocator.cc:226
external/xla/xla/stream_executor/cuda/cuda_device_allocator.cc:403

E0820 14:24:18.030155 3200216 cuda_executor.cc:1176] [0] Failed to allocate device memory of 2.2KiB (2304 bytes): RESOURCE_EXHAUSTED: : CUDA_ERROR_OUT_OF_MEMORY: out of memory
=== Source Location Trace: ===
external/xla/xla/stream_executor/cuda/cuda_status.cc:45
external/xla/xla/stream_executor/cuda/cuda_device_allocator.cc:226
external/xla/xla/stream_executor/cuda/cuda_device_allocator.cc:403

E0820 14:24:18.030905 3200216 cuda_executor.cc:1176] [0] Failed to allocate device memory of 2.2KiB (2304 bytes): RESOURCE_EXHAUSTED: : CUDA_ERROR_OUT_OF_MEMORY: out of memory
=== Source Location Trace: ===
external/xla/xla/stream_executor/cuda/cuda_status.cc:45
external/xla/xla/stream_executor/cuda/cuda_device_allocator.cc:226
external/xla/xla/stream_executor/cuda/cuda_device_allocator.cc:403

E0820 14:24:18.031565 3200216 cuda_executor.cc:1176] [0] Failed to allocate device memory of 2.2KiB (2304 bytes): RESOURCE_EXHAUSTED: : CUDA_ERROR_OUT_OF_MEMORY: out of memory
=== Source Location Trace: ===
external/xla/xla/stream_executor/cuda/cuda_status.cc:45
external/xla/xla/stream_executor/cuda/cuda_device_allocator.cc:226
external/xla/xla/stream_executor/cuda/cuda_device_allocator.cc:403

E0820 14:24:18.032198 3200216 cuda_executor.cc:1176] [0] Failed to allocate device memory of 2.2KiB (2304 bytes): RESOURCE_EXHAUSTED: : CUDA_ERROR_OUT_OF_MEMORY: out of memory
=== Source Location Trace: ===
external/xla/xla/stream_executor/cuda/cuda_status.cc:45
external/xla/xla/stream_executor/cuda/cuda_device_allocator.cc:226
external/xla/xla/stream_executor/cuda/cuda_device_allocator.cc:403

E0820 14:24:18.032951 3200216 cuda_executor.cc:1176] [0] Failed to allocate device memory of 2.2KiB (2304 bytes): RESOURCE_EXHAUSTED: : CUDA_ERROR_OUT_OF_MEMORY: out of memory
=== Source Location Trace: ===
external/xla/xla/stream_executor/cuda/cuda_status.cc:45
external/xla/xla/stream_executor/cuda/cuda_device_allocator.cc:226
external/xla/xla/stream_executor/cuda/cuda_device_allocator.cc:403

E0820 14:24:18.033613 3200216 cuda_executor.cc:1176] [0] Failed to allocate device memory of 2.2KiB (2304 bytes): RESOURCE_EXHAUSTED: : CUDA_ERROR_OUT_OF_MEMORY: out of memory
=== Source Location Trace: ===
external/xla/xla/stream_executor/cuda/cuda_status.cc:45
external/xla/xla/stream_executor/cuda/cuda_device_allocator.cc:226
external/xla/xla/stream_executor/cuda/cuda_device_allocator.cc:403

E0820 14:24:18.034289 3200216 cuda_executor.cc:1176] [0] Failed to allocate device memory of 2.2KiB (2304 bytes): RESOURCE_EXHAUSTED: : CUDA_ERROR_OUT_OF_MEMORY: out of memory
=== Source Location Trace: ===
external/xla/xla/stream_executor/cuda/cuda_status.cc:45
external/xla/xla/stream_executor/cuda/cuda_device_allocator.cc:226
external/xla/xla/stream_executor/cuda/cuda_device_allocator.cc:403

E0820 14:24:18.034946 3200216 cuda_executor.cc:1176] [0] Failed to allocate device memory of 2.2KiB (2304 bytes): RESOURCE_EXHAUSTED: : CUDA_ERROR_OUT_OF_MEMORY: out of memory
=== Source Location Trace: ===
external/xla/xla/stream_executor/cuda/cuda_status.cc:45
external/xla/xla/stream_executor/cuda/cuda_device_allocator.cc:226
external/xla/xla/stream_executor/cuda/cuda_device_allocator.cc:403

E0820 14:24:18.035622 3200216 cuda_executor.cc:1176] [0] Failed to allocate device memory of 2.2KiB (2304 bytes): RESOURCE_EXHAUSTED: : CUDA_ERROR_OUT_OF_MEMORY: out of memory
=== Source Location Trace: ===
external/xla/xla/stream_executor/cuda/cuda_status.cc:45
external/xla/xla/stream_executor/cuda/cuda_device_allocator.cc:226
external/xla/xla/stream_executor/cuda/cuda_device_allocator.cc:403

E0820 14:24:18.036295 3200216 cuda_executor.cc:1176] [0] Failed to allocate device memory of 2.2KiB (2304 bytes): RESOURCE_EXHAUSTED: : CUDA_ERROR_OUT_OF_MEMORY: out of memory
=== Source Location Trace: ===
external/xla/xla/stream_executor/cuda/cuda_status.cc:45
external/xla/xla/stream_executor/cuda/cuda_device_allocator.cc:226
external/xla/xla/stream_executor/cuda/cuda_device_allocator.cc:403

E0820 14:24:18.036947 3200216 cuda_executor.cc:1176] [0] Failed to allocate device memory of 2.2KiB (2304 bytes): RESOURCE_EXHAUSTED: : CUDA_ERROR_OUT_OF_MEMORY: out of memory
=== Source Location Trace: ===
external/xla/xla/stream_executor/cuda/cuda_status.cc:45
external/xla/xla/stream_executor/cuda/cuda_device_allocator.cc:226
external/xla/xla/stream_executor/cuda/cuda_device_allocator.cc:403

E0820 14:24:18.037623 3200216 cuda_executor.cc:1176] [0] Failed to allocate device memory of 2.2KiB (2304 bytes): RESOURCE_EXHAUSTED: : CUDA_ERROR_OUT_OF_MEMORY: out of memory
=== Source Location Trace: ===
external/xla/xla/stream_executor/cuda/cuda_status.cc:45
external/xla/xla/stream_executor/cuda/cuda_device_allocator.cc:226
external/xla/xla/stream_executor/cuda/cuda_device_allocator.cc:403

E0820 14:24:18.038296 3200216 cuda_executor.cc:1176] [0] Failed to allocate device memory of 2.2KiB (2304 bytes): RESOURCE_EXHAUSTED: : CUDA_ERROR_OUT_OF_MEMORY: out of memory
=== Source Location Trace: ===
external/xla/xla/stream_executor/cuda/cuda_status.cc:45
external/xla/xla/stream_executor/cuda/cuda_device_allocator.cc:226
external/xla/xla/stream_executor/cuda/cuda_device_allocator.cc:403

E0820 14:24:18.038948 3200216 cuda_executor.cc:1176] [0] Failed to allocate device memory of 2.2KiB (2304 bytes): RESOURCE_EXHAUSTED: : CUDA_ERROR_OUT_OF_MEMORY: out of memory
=== Source Location Trace: ===
external/xla/xla/stream_executor/cuda/cuda_status.cc:45
external/xla/xla/stream_executor/cuda/cuda_device_allocator.cc:226
external/xla/xla/stream_executor/cuda/cuda_device_allocator.cc:403

E0820 14:24:18.039622 3200216 cuda_executor.cc:1176] [0] Failed to allocate device memory of 2.2KiB (2304 bytes): RESOURCE_EXHAUSTED: : CUDA_ERROR_OUT_OF_MEMORY: out of memory
=== Source Location Trace: ===
external/xla/xla/stream_executor/cuda/cuda_status.cc:45
external/xla/xla/stream_executor/cuda/cuda_device_allocator.cc:226
external/xla/xla/stream_executor/cuda/cuda_device_allocator.cc:403

E0820 14:24:18.040296 3200216 cuda_executor.cc:1176] [0] Failed to allocate device memory of 2.2KiB (2304 bytes): RESOURCE_EXHAUSTED: : CUDA_ERROR_OUT_OF_MEMORY: out of memory
=== Source Location Trace: ===
external/xla/xla/stream_executor/cuda/cuda_status.cc:45
external/xla/xla/stream_executor/cuda/cuda_device_allocator.cc:226
external/xla/xla/stream_executor/cuda/cuda_device_allocator.cc:403

E0820 14:24:18.040949 3200216 cuda_executor.cc:1176] [0] Failed to allocate device memory of 2.2KiB (2304 bytes): RESOURCE_EXHAUSTED: : CUDA_ERROR_OUT_OF_MEMORY: out of memory
=== Source Location Trace: ===
external/xla/xla/stream_executor/cuda/cuda_status.cc:45
external/xla/xla/stream_executor/cuda/cuda_device_allocator.cc:226
external/xla/xla/stream_executor/cuda/cuda_device_allocator.cc:403

E0820 14:24:18.041628 3200216 cuda_executor.cc:1176] [0] Failed to allocate device memory of 2.2KiB (2304 bytes): RESOURCE_EXHAUSTED: : CUDA_ERROR_OUT_OF_MEMORY: out of memory
=== Source Location Trace: ===
external/xla/xla/stream_executor/cuda/cuda_status.cc:45
external/xla/xla/stream_executor/cuda/cuda_device_allocator.cc:226
external/xla/xla/stream_executor/cuda/cuda_device_allocator.cc:403

E0820 14:24:18.042307 3200216 cuda_executor.cc:1176] [0] Failed to allocate device memory of 2.2KiB (2304 bytes): RESOURCE_EXHAUSTED: : CUDA_ERROR_OUT_OF_MEMORY: out of memory
=== Source Location Trace: ===
external/xla/xla/stream_executor/cuda/cuda_status.cc:45
external/xla/xla/stream_executor/cuda/cuda_device_allocator.cc:226
external/xla/xla/stream_executor/cuda/cuda_device_allocator.cc:403

E0820 14:24:18.042963 3200216 cuda_executor.cc:1176] [0] Failed to allocate device memory of 2.2KiB (2304 bytes): RESOURCE_EXHAUSTED: : CUDA_ERROR_OUT_OF_MEMORY: out of memory
=== Source Location Trace: ===
external/xla/xla/stream_executor/cuda/cuda_status.cc:45
external/xla/xla/stream_executor/cuda/cuda_device_allocator.cc:226
external/xla/xla/stream_executor/cuda/cuda_device_allocator.cc:403

E0820 14:24:18.043643 3200216 cuda_executor.cc:1176] [0] Failed to allocate device memory of 2.2KiB (2304 bytes): RESOURCE_EXHAUSTED: : CUDA_ERROR_OUT_OF_MEMORY: out of memory
=== Source Location Trace: ===
external/xla/xla/stream_executor/cuda/cuda_status.cc:45
external/xla/xla/stream_executor/cuda/cuda_device_allocator.cc:226
external/xla/xla/stream_executor/cuda/cuda_device_allocator.cc:403

E0820 14:24:18.044320 3200216 cuda_executor.cc:1176] [0] Failed to allocate device memory of 2.2KiB (2304 bytes): RESOURCE_EXHAUSTED: : CUDA_ERROR_OUT_OF_MEMORY: out of memory
=== Source Location Trace: ===
external/xla/xla/stream_executor/cuda/cuda_status.cc:45
external/xla/xla/stream_executor/cuda/cuda_device_allocator.cc:226
external/xla/xla/stream_executor/cuda/cuda_device_allocator.cc:403

E0820 14:24:18.044976 3200216 cuda_executor.cc:1176] [0] Failed to allocate device memory of 2.2KiB (2304 bytes): RESOURCE_EXHAUSTED: : CUDA_ERROR_OUT_OF_MEMORY: out of memory
=== Source Location Trace: ===
external/xla/xla/stream_executor/cuda/cuda_status.cc:45
external/xla/xla/stream_executor/cuda/cuda_device_allocator.cc:226
external/xla/xla/stream_executor/cuda/cuda_device_allocator.cc:403

E0820 14:24:18.045662 3200216 cuda_executor.cc:1176] [0] Failed to allocate device memory of 2.2KiB (2304 bytes): RESOURCE_EXHAUSTED: : CUDA_ERROR_OUT_OF_MEMORY: out of memory
=== Source Location Trace: ===
external/xla/xla/stream_executor/cuda/cuda_status.cc:45
external/xla/xla/stream_executor/cuda/cuda_device_allocator.cc:226
external/xla/xla/stream_executor/cuda/cuda_device_allocator.cc:403

E0820 14:24:18.046347 3200216 cuda_executor.cc:1176] [0] Failed to allocate device memory of 2.2KiB (2304 bytes): RESOURCE_EXHAUSTED: : CUDA_ERROR_OUT_OF_MEMORY: out of memory
=== Source Location Trace: ===
external/xla/xla/stream_executor/cuda/cuda_status.cc:45
external/xla/xla/stream_executor/cuda/cuda_device_allocator.cc:226
external/xla/xla/stream_executor/cuda/cuda_device_allocator.cc:403

E0820 14:24:18.047003 3200216 cuda_executor.cc:1176] [0] Failed to allocate device memory of 2.2KiB (2304 bytes): RESOURCE_EXHAUSTED: : CUDA_ERROR_OUT_OF_MEMORY: out of memory
=== Source Location Trace: ===
external/xla/xla/stream_executor/cuda/cuda_status.cc:45
external/xla/xla/stream_executor/cuda/cuda_device_allocator.cc:226
external/xla/xla/stream_executor/cuda/cuda_device_allocator.cc:403

E0820 14:24:18.047697 3200216 cuda_executor.cc:1176] [0] Failed to allocate device memory of 2.2KiB (2304 bytes): RESOURCE_EXHAUSTED: : CUDA_ERROR_OUT_OF_MEMORY: out of memory
=== Source Location Trace: ===
external/xla/xla/stream_executor/cuda/cuda_status.cc:45
external/xla/xla/stream_executor/cuda/cuda_device_allocator.cc:226
external/xla/xla/stream_executor/cuda/cuda_device_allocator.cc:403

E0820 14:24:18.048391 3200216 cuda_executor.cc:1176] [0] Failed to allocate device memory of 2.2KiB (2304 bytes): RESOURCE_EXHAUSTED: : CUDA_ERROR_OUT_OF_MEMORY: out of memory
=== Source Location Trace: ===
external/xla/xla/stream_executor/cuda/cuda_status.cc:45
external/xla/xla/stream_executor/cuda/cuda_device_allocator.cc:226
external/xla/xla/stream_executor/cuda/cuda_device_allocator.cc:403

E0820 14:24:18.049028 3200216 cuda_executor.cc:1176] [0] Failed to allocate device memory of 2.2KiB (2304 bytes): RESOURCE_EXHAUSTED: : CUDA_ERROR_OUT_OF_MEMORY: out of memory
=== Source Location Trace: ===
external/xla/xla/stream_executor/cuda/cuda_status.cc:45
external/xla/xla/stream_executor/cuda/cuda_device_allocator.cc:226
external/xla/xla/stream_executor/cuda/cuda_device_allocator.cc:403

E0820 14:24:18.049723 3200216 cuda_executor.cc:1176] [0] Failed to allocate device memory of 2.2KiB (2304 bytes): RESOURCE_EXHAUSTED: : CUDA_ERROR_OUT_OF_MEMORY: out of memory
=== Source Location Trace: ===
external/xla/xla/stream_executor/cuda/cuda_status.cc:45
external/xla/xla/stream_executor/cuda/cuda_device_allocator.cc:226
external/xla/xla/stream_executor/cuda/cuda_device_allocator.cc:403

E0820 14:24:18.050420 3200216 cuda_executor.cc:1176] [0] Failed to allocate device memory of 2.2KiB (2304 bytes): RESOURCE_EXHAUSTED: : CUDA_ERROR_OUT_OF_MEMORY: out of memory
=== Source Location Trace: ===
external/xla/xla/stream_executor/cuda/cuda_status.cc:45
external/xla/xla/stream_executor/cuda/cuda_device_allocator.cc:226
external/xla/xla/stream_executor/cuda/cuda_device_allocator.cc:403

E0820 14:24:18.051075 3200216 cuda_executor.cc:1176] [0] Failed to allocate device memory of 2.2KiB (2304 bytes): RESOURCE_EXHAUSTED: : CUDA_ERROR_OUT_OF_MEMORY: out of memory
=== Source Location Trace: ===
external/xla/xla/stream_executor/cuda/cuda_status.cc:45
external/xla/xla/stream_executor/cuda/cuda_device_allocator.cc:226
external/xla/xla/stream_executor/cuda/cuda_device_allocator.cc:403

E0820 14:24:18.051795 3200216 cuda_executor.cc:1176] [0] Failed to allocate device memory of 2.2KiB (2304 bytes): RESOURCE_EXHAUSTED: : CUDA_ERROR_OUT_OF_MEMORY: out of memory
=== Source Location Trace: ===
external/xla/xla/stream_executor/cuda/cuda_status.cc:45
external/xla/xla/stream_executor/cuda/cuda_device_allocator.cc:226
external/xla/xla/stream_executor/cuda/cuda_device_allocator.cc:403

E0820 14:24:18.052509 3200216 cuda_executor.cc:1176] [0] Failed to allocate device memory of 2.2KiB (2304 bytes): RESOURCE_EXHAUSTED: : CUDA_ERROR_OUT_OF_MEMORY: out of memory
=== Source Location Trace: ===
external/xla/xla/stream_executor/cuda/cuda_status.cc:45
external/xla/xla/stream_executor/cuda/cuda_device_allocator.cc:226
external/xla/xla/stream_executor/cuda/cuda_device_allocator.cc:403

E0820 14:24:18.053147 3200216 cuda_executor.cc:1176] [0] Failed to allocate device memory of 2.2KiB (2304 bytes): RESOURCE_EXHAUSTED: : CUDA_ERROR_OUT_OF_MEMORY: out of memory
=== Source Location Trace: ===
external/xla/xla/stream_executor/cuda/cuda_status.cc:45
external/xla/xla/stream_executor/cuda/cuda_device_allocator.cc:226
external/xla/xla/stream_executor/cuda/cuda_device_allocator.cc:403

E0820 14:24:18.053886 3200216 cuda_executor.cc:1176] [0] Failed to allocate device memory of 2.2KiB (2304 bytes): RESOURCE_EXHAUSTED: : CUDA_ERROR_OUT_OF_MEMORY: out of memory
=== Source Location Trace: ===
external/xla/xla/stream_executor/cuda/cuda_status.cc:45
external/xla/xla/stream_executor/cuda/cuda_device_allocator.cc:226
external/xla/xla/stream_executor/cuda/cuda_device_allocator.cc:403

E0820 14:24:18.054639 3200216 cuda_executor.cc:1176] [0] Failed to allocate device memory of 2.2KiB (2304 bytes): RESOURCE_EXHAUSTED: : CUDA_ERROR_OUT_OF_MEMORY: out of memory
=== Source Location Trace: ===
external/xla/xla/stream_executor/cuda/cuda_status.cc:45
external/xla/xla/stream_executor/cuda/cuda_device_allocator.cc:226
external/xla/xla/stream_executor/cuda/cuda_device_allocator.cc:403

E0820 14:24:18.055297 3200216 cuda_executor.cc:1176] [0] Failed to allocate device memory of 2.2KiB (2304 bytes): RESOURCE_EXHAUSTED: : CUDA_ERROR_OUT_OF_MEMORY: out of memory
=== Source Location Trace: ===
external/xla/xla/stream_executor/cuda/cuda_status.cc:45
external/xla/xla/stream_executor/cuda/cuda_device_allocator.cc:226
external/xla/xla/stream_executor/cuda/cuda_device_allocator.cc:403

E0820 14:24:18.055920 3200216 cuda_executor.cc:1176] [0] Failed to allocate device memory of 2.2KiB (2304 bytes): RESOURCE_EXHAUSTED: : CUDA_ERROR_OUT_OF_MEMORY: out of memory
=== Source Location Trace: ===
external/xla/xla/stream_executor/cuda/cuda_status.cc:45
external/xla/xla/stream_executor/cuda/cuda_device_allocator.cc:226
external/xla/xla/stream_executor/cuda/cuda_device_allocator.cc:403

E0820 14:24:18.056551 3200216 cuda_executor.cc:1176] [0] Failed to allocate device memory of 2.2KiB (2304 bytes): RESOURCE_EXHAUSTED: : CUDA_ERROR_OUT_OF_MEMORY: out of memory
=== Source Location Trace: ===
external/xla/xla/stream_executor/cuda/cuda_status.cc:45
external/xla/xla/stream_executor/cuda/cuda_device_allocator.cc:226
external/xla/xla/stream_executor/cuda/cuda_device_allocator.cc:403

E0820 14:24:18.057199 3200216 cuda_executor.cc:1176] [0] Failed to allocate device memory of 2.2KiB (2304 bytes): RESOURCE_EXHAUSTED: : CUDA_ERROR_OUT_OF_MEMORY: out of memory
=== Source Location Trace: ===
external/xla/xla/stream_executor/cuda/cuda_status.cc:45
external/xla/xla/stream_executor/cuda/cuda_device_allocator.cc:226
external/xla/xla/stream_executor/cuda/cuda_device_allocator.cc:403

E0820 14:24:18.057956 3200216 cuda_executor.cc:1176] [0] Failed to allocate device memory of 2.2KiB (2304 bytes): RESOURCE_EXHAUSTED: : CUDA_ERROR_OUT_OF_MEMORY: out of memory
=== Source Location Trace: ===
external/xla/xla/stream_executor/cuda/cuda_status.cc:45
external/xla/xla/stream_executor/cuda/cuda_device_allocator.cc:226
external/xla/xla/stream_executor/cuda/cuda_device_allocator.cc:403

E0820 14:24:18.058601 3200216 cuda_executor.cc:1176] [0] Failed to allocate device memory of 2.2KiB (2304 bytes): RESOURCE_EXHAUSTED: : CUDA_ERROR_OUT_OF_MEMORY: out of memory
=== Source Location Trace: ===
external/xla/xla/stream_executor/cuda/cuda_status.cc:45
external/xla/xla/stream_executor/cuda/cuda_device_allocator.cc:226
external/xla/xla/stream_executor/cuda/cuda_device_allocator.cc:403

E0820 14:24:18.059235 3200216 cuda_executor.cc:1176] [0] Failed to allocate device memory of 2.2KiB (2304 bytes): RESOURCE_EXHAUSTED: : CUDA_ERROR_OUT_OF_MEMORY: out of memory
=== Source Location Trace: ===
external/xla/xla/stream_executor/cuda/cuda_status.cc:45
external/xla/xla/stream_executor/cuda/cuda_device_allocator.cc:226
external/xla/xla/stream_executor/cuda/cuda_device_allocator.cc:403

E0820 14:24:18.059871 3200216 cuda_executor.cc:1176] [0] Failed to allocate device memory of 2.2KiB (2304 bytes): RESOURCE_EXHAUSTED: : CUDA_ERROR_OUT_OF_MEMORY: out of memory
=== Source Location Trace: ===
external/xla/xla/stream_executor/cuda/cuda_status.cc:45
external/xla/xla/stream_executor/cuda/cuda_device_allocator.cc:226
external/xla/xla/stream_executor/cuda/cuda_device_allocator.cc:403

E0820 14:24:18.060599 3200216 cuda_executor.cc:1176] [0] Failed to allocate device memory of 2.2KiB (2304 bytes): RESOURCE_EXHAUSTED: : CUDA_ERROR_OUT_OF_MEMORY: out of memory
=== Source Location Trace: ===
external/xla/xla/stream_executor/cuda/cuda_status.cc:45
external/xla/xla/stream_executor/cuda/cuda_device_allocator.cc:226
external/xla/xla/stream_executor/cuda/cuda_device_allocator.cc:403

E0820 14:24:18.061344 3200216 cuda_executor.cc:1176] [0] Failed to allocate device memory of 2.2KiB (2304 bytes): RESOURCE_EXHAUSTED: : CUDA_ERROR_OUT_OF_MEMORY: out of memory
=== Source Location Trace: ===
external/xla/xla/stream_executor/cuda/cuda_status.cc:45
external/xla/xla/stream_executor/cuda/cuda_device_allocator.cc:226
external/xla/xla/stream_executor/cuda/cuda_device_allocator.cc:403

E0820 14:24:18.061962 3200216 cuda_executor.cc:1176] [0] Failed to allocate device memory of 2.2KiB (2304 bytes): RESOURCE_EXHAUSTED: : CUDA_ERROR_OUT_OF_MEMORY: out of memory
=== Source Location Trace: ===
external/xla/xla/stream_executor/cuda/cuda_status.cc:45
external/xla/xla/stream_executor/cuda/cuda_device_allocator.cc:226
external/xla/xla/stream_executor/cuda/cuda_device_allocator.cc:403

E0820 14:24:18.062597 3200216 cuda_executor.cc:1176] [0] Failed to allocate device memory of 2.2KiB (2304 bytes): RESOURCE_EXHAUSTED: : CUDA_ERROR_OUT_OF_MEMORY: out of memory
=== Source Location Trace: ===
external/xla/xla/stream_executor/cuda/cuda_status.cc:45
external/xla/xla/stream_executor/cuda/cuda_device_allocator.cc:226
external/xla/xla/stream_executor/cuda/cuda_device_allocator.cc:403

E0820 14:24:18.063193 3200216 cuda_executor.cc:1176] [0] Failed to allocate device memory of 2.2KiB (2304 bytes): RESOURCE_EXHAUSTED: : CUDA_ERROR_OUT_OF_MEMORY: out of memory
=== Source Location Trace: ===
external/xla/xla/stream_executor/cuda/cuda_status.cc:45
external/xla/xla/stream_executor/cuda/cuda_device_allocator.cc:226
external/xla/xla/stream_executor/cuda/cuda_device_allocator.cc:403

E0820 14:24:18.063865 3200216 cuda_executor.cc:1176] [0] Failed to allocate device memory of 2.2KiB (2304 bytes): RESOURCE_EXHAUSTED: : CUDA_ERROR_OUT_OF_MEMORY: out of memory
=== Source Location Trace: ===
external/xla/xla/stream_executor/cuda/cuda_status.cc:45
external/xla/xla/stream_executor/cuda/cuda_device_allocator.cc:226
external/xla/xla/stream_executor/cuda/cuda_device_allocator.cc:403

E0820 14:24:18.064533 3200216 cuda_executor.cc:1176] [0] Failed to allocate device memory of 2.2KiB (2304 bytes): RESOURCE_EXHAUSTED: : CUDA_ERROR_OUT_OF_MEMORY: out of memory
=== Source Location Trace: ===
external/xla/xla/stream_executor/cuda/cuda_status.cc:45
external/xla/xla/stream_executor/cuda/cuda_device_allocator.cc:226
external/xla/xla/stream_executor/cuda/cuda_device_allocator.cc:403

E0820 14:24:18.065150 3200216 cuda_executor.cc:1176] [0] Failed to allocate device memory of 2.2KiB (2304 bytes): RESOURCE_EXHAUSTED: : CUDA_ERROR_OUT_OF_MEMORY: out of memory
=== Source Location Trace: ===
external/xla/xla/stream_executor/cuda/cuda_status.cc:45
external/xla/xla/stream_executor/cuda/cuda_device_allocator.cc:226
external/xla/xla/stream_executor/cuda/cuda_device_allocator.cc:403

E0820 14:24:18.065854 3200216 cuda_executor.cc:1176] [0] Failed to allocate device memory of 2.2KiB (2304 bytes): RESOURCE_EXHAUSTED: : CUDA_ERROR_OUT_OF_MEMORY: out of memory
=== Source Location Trace: ===
external/xla/xla/stream_executor/cuda/cuda_status.cc:45
external/xla/xla/stream_executor/cuda/cuda_device_allocator.cc:226
external/xla/xla/stream_executor/cuda/cuda_device_allocator.cc:403

E0820 14:24:18.066541 3200216 cuda_executor.cc:1176] [0] Failed to allocate device memory of 2.2KiB (2304 bytes): RESOURCE_EXHAUSTED: : CUDA_ERROR_OUT_OF_MEMORY: out of memory
=== Source Location Trace: ===
external/xla/xla/stream_executor/cuda/cuda_status.cc:45
external/xla/xla/stream_executor/cuda/cuda_device_allocator.cc:226
external/xla/xla/stream_executor/cuda/cuda_device_allocator.cc:403

E0820 14:24:18.067149 3200216 cuda_executor.cc:1176] [0] Failed to allocate device memory of 2.2KiB (2304 bytes): RESOURCE_EXHAUSTED: : CUDA_ERROR_OUT_OF_MEMORY: out of memory
=== Source Location Trace: ===
external/xla/xla/stream_executor/cuda/cuda_status.cc:45
external/xla/xla/stream_executor/cuda/cuda_device_allocator.cc:226
external/xla/xla/stream_executor/cuda/cuda_device_allocator.cc:403

E0820 14:24:18.067853 3200216 cuda_executor.cc:1176] [0] Failed to allocate device memory of 2.2KiB (2304 bytes): RESOURCE_EXHAUSTED: : CUDA_ERROR_OUT_OF_MEMORY: out of memory
=== Source Location Trace: ===
external/xla/xla/stream_executor/cuda/cuda_status.cc:45
external/xla/xla/stream_executor/cuda/cuda_device_allocator.cc:226
external/xla/xla/stream_executor/cuda/cuda_device_allocator.cc:403

E0820 14:24:18.068538 3200216 cuda_executor.cc:1176] [0] Failed to allocate device memory of 2.2KiB (2304 bytes): RESOURCE_EXHAUSTED: : CUDA_ERROR_OUT_OF_MEMORY: out of memory
=== Source Location Trace: ===
external/xla/xla/stream_executor/cuda/cuda_status.cc:45
external/xla/xla/stream_executor/cuda/cuda_device_allocator.cc:226
external/xla/xla/stream_executor/cuda/cuda_device_allocator.cc:403

E0820 14:24:18.069132 3200216 cuda_executor.cc:1176] [0] Failed to allocate device memory of 2.2KiB (2304 bytes): RESOURCE_EXHAUSTED: : CUDA_ERROR_OUT_OF_MEMORY: out of memory
=== Source Location Trace: ===
external/xla/xla/stream_executor/cuda/cuda_status.cc:45
external/xla/xla/stream_executor/cuda/cuda_device_allocator.cc:226
external/xla/xla/stream_executor/cuda/cuda_device_allocator.cc:403

E0820 14:24:18.069774 3200216 cuda_executor.cc:1176] [0] Failed to allocate device memory of 2.2KiB (2304 bytes): RESOURCE_EXHAUSTED: : CUDA_ERROR_OUT_OF_MEMORY: out of memory
=== Source Location Trace: ===
external/xla/xla/stream_executor/cuda/cuda_status.cc:45
external/xla/xla/stream_executor/cuda/cuda_device_allocator.cc:226
external/xla/xla/stream_executor/cuda/cuda_device_allocator.cc:403

E0820 14:24:18.070384 3200216 cuda_executor.cc:1176] [0] Failed to allocate device memory of 2.2KiB (2304 bytes): RESOURCE_EXHAUSTED: : CUDA_ERROR_OUT_OF_MEMORY: out of memory
=== Source Location Trace: ===
external/xla/xla/stream_executor/cuda/cuda_status.cc:45
external/xla/xla/stream_executor/cuda/cuda_device_allocator.cc:226
external/xla/xla/stream_executor/cuda/cuda_device_allocator.cc:403

E0820 14:24:18.070950 3200216 cuda_executor.cc:1176] [0] Failed to allocate device memory of 2.2KiB (2304 bytes): RESOURCE_EXHAUSTED: : CUDA_ERROR_OUT_OF_MEMORY: out of memory
=== Source Location Trace: ===
external/xla/xla/stream_executor/cuda/cuda_status.cc:45
external/xla/xla/stream_executor/cuda/cuda_device_allocator.cc:226
external/xla/xla/stream_executor/cuda/cuda_device_allocator.cc:403

E0820 14:24:18.071533 3200216 cuda_executor.cc:1176] [0] Failed to allocate device memory of 2.2KiB (2304 bytes): RESOURCE_EXHAUSTED: : CUDA_ERROR_OUT_OF_MEMORY: out of memory
=== Source Location Trace: ===
external/xla/xla/stream_executor/cuda/cuda_status.cc:45
external/xla/xla/stream_executor/cuda/cuda_device_allocator.cc:226
external/xla/xla/stream_executor/cuda/cuda_device_allocator.cc:403

E0820 14:24:18.072143 3200216 cuda_executor.cc:1176] [0] Failed to allocate device memory of 2.2KiB (2304 bytes): RESOURCE_EXHAUSTED: : CUDA_ERROR_OUT_OF_MEMORY: out of memory
=== Source Location Trace: ===
external/xla/xla/stream_executor/cuda/cuda_status.cc:45
external/xla/xla/stream_executor/cuda/cuda_device_allocator.cc:226
external/xla/xla/stream_executor/cuda/cuda_device_allocator.cc:403

E0820 14:24:18.072819 3200216 cuda_executor.cc:1176] [0] Failed to allocate device memory of 2.2KiB (2304 bytes): RESOURCE_EXHAUSTED: : CUDA_ERROR_OUT_OF_MEMORY: out of memory
=== Source Location Trace: ===
external/xla/xla/stream_executor/cuda/cuda_status.cc:45
external/xla/xla/stream_executor/cuda/cuda_device_allocator.cc:226
external/xla/xla/stream_executor/cuda/cuda_device_allocator.cc:403

E0820 14:24:18.073439 3200216 cuda_executor.cc:1176] [0] Failed to allocate device memory of 2.2KiB (2304 bytes): RESOURCE_EXHAUSTED: : CUDA_ERROR_OUT_OF_MEMORY: out of memory
=== Source Location Trace: ===
external/xla/xla/stream_executor/cuda/cuda_status.cc:45
external/xla/xla/stream_executor/cuda/cuda_device_allocator.cc:226
external/xla/xla/stream_executor/cuda/cuda_device_allocator.cc:403

E0820 14:24:18.074006 3200216 cuda_executor.cc:1176] [0] Failed to allocate device memory of 2.2KiB (2304 bytes): RESOURCE_EXHAUSTED: : CUDA_ERROR_OUT_OF_MEMORY: out of memory
=== Source Location Trace: ===
external/xla/xla/stream_executor/cuda/cuda_status.cc:45
external/xla/xla/stream_executor/cuda/cuda_device_allocator.cc:226
external/xla/xla/stream_executor/cuda/cuda_device_allocator.cc:403

E0820 14:24:18.074615 3200216 cuda_executor.cc:1176] [0] Failed to allocate device memory of 2.2KiB (2304 bytes): RESOURCE_EXHAUSTED: : CUDA_ERROR_OUT_OF_MEMORY: out of memory
=== Source Location Trace: ===
external/xla/xla/stream_executor/cuda/cuda_status.cc:45
external/xla/xla/stream_executor/cuda/cuda_device_allocator.cc:226
external/xla/xla/stream_executor/cuda/cuda_device_allocator.cc:403

E0820 14:24:18.075242 3200216 cuda_executor.cc:1176] [0] Failed to allocate device memory of 2.2KiB (2304 bytes): RESOURCE_EXHAUSTED: : CUDA_ERROR_OUT_OF_MEMORY: out of memory
=== Source Location Trace: ===
external/xla/xla/stream_executor/cuda/cuda_status.cc:45
external/xla/xla/stream_executor/cuda/cuda_device_allocator.cc:226
external/xla/xla/stream_executor/cuda/cuda_device_allocator.cc:403

E0820 14:24:18.075845 3200216 cuda_executor.cc:1176] [0] Failed to allocate device memory of 2.2KiB (2304 bytes): RESOURCE_EXHAUSTED: : CUDA_ERROR_OUT_OF_MEMORY: out of memory
=== Source Location Trace: ===
external/xla/xla/stream_executor/cuda/cuda_status.cc:45
external/xla/xla/stream_executor/cuda/cuda_device_allocator.cc:226
external/xla/xla/stream_executor/cuda/cuda_device_allocator.cc:403

E0820 14:24:18.076480 3200216 cuda_executor.cc:1176] [0] Failed to allocate device memory of 2.2KiB (2304 bytes): RESOURCE_EXHAUSTED: : CUDA_ERROR_OUT_OF_MEMORY: out of memory
=== Source Location Trace: ===
external/xla/xla/stream_executor/cuda/cuda_status.cc:45
external/xla/xla/stream_executor/cuda/cuda_device_allocator.cc:226
external/xla/xla/stream_executor/cuda/cuda_device_allocator.cc:403

E0820 14:24:18.077047 3200216 cuda_executor.cc:1176] [0] Failed to allocate device memory of 2.2KiB (2304 bytes): RESOURCE_EXHAUSTED: : CUDA_ERROR_OUT_OF_MEMORY: out of memory
=== Source Location Trace: ===
external/xla/xla/stream_executor/cuda/cuda_status.cc:45
external/xla/xla/stream_executor/cuda/cuda_device_allocator.cc:226
external/xla/xla/stream_executor/cuda/cuda_device_allocator.cc:403

E0820 14:24:18.077723 3200216 cuda_executor.cc:1176] [0] Failed to allocate device memory of 2.2KiB (2304 bytes): RESOURCE_EXHAUSTED: : CUDA_ERROR_OUT_OF_MEMORY: out of memory
=== Source Location Trace: ===
external/xla/xla/stream_executor/cuda/cuda_status.cc:45
external/xla/xla/stream_executor/cuda/cuda_device_allocator.cc:226
external/xla/xla/stream_executor/cuda/cuda_device_allocator.cc:403

E0820 14:24:18.078372 3200216 cuda_executor.cc:1176] [0] Failed to allocate device memory of 2.2KiB (2304 bytes): RESOURCE_EXHAUSTED: : CUDA_ERROR_OUT_OF_MEMORY: out of memory
=== Source Location Trace: ===
external/xla/xla/stream_executor/cuda/cuda_status.cc:45
external/xla/xla/stream_executor/cuda/cuda_device_allocator.cc:226
external/xla/xla/stream_executor/cuda/cuda_device_allocator.cc:403

E0820 14:24:18.078971 3200216 cuda_executor.cc:1176] [0] Failed to allocate device memory of 2.2KiB (2304 bytes): RESOURCE_EXHAUSTED: : CUDA_ERROR_OUT_OF_MEMORY: out of memory
=== Source Location Trace: ===
external/xla/xla/stream_executor/cuda/cuda_status.cc:45
external/xla/xla/stream_executor/cuda/cuda_device_allocator.cc:226
external/xla/xla/stream_executor/cuda/cuda_device_allocator.cc:403

E0820 14:24:18.079565 3200216 cuda_executor.cc:1176] [0] Failed to allocate device memory of 2.2KiB (2304 bytes): RESOURCE_EXHAUSTED: : CUDA_ERROR_OUT_OF_MEMORY: out of memory
=== Source Location Trace: ===
external/xla/xla/stream_executor/cuda/cuda_status.cc:45
external/xla/xla/stream_executor/cuda/cuda_device_allocator.cc:226
external/xla/xla/stream_executor/cuda/cuda_device_allocator.cc:403

E0820 14:24:18.080165 3200216 cuda_executor.cc:1176] [0] Failed to allocate device memory of 2.2KiB (2304 bytes): RESOURCE_EXHAUSTED: : CUDA_ERROR_OUT_OF_MEMORY: out of memory
=== Source Location Trace: ===
external/xla/xla/stream_executor/cuda/cuda_status.cc:45
external/xla/xla/stream_executor/cuda/cuda_device_allocator.cc:226
external/xla/xla/stream_executor/cuda/cuda_device_allocator.cc:403

E0820 14:24:18.080861 3200216 cuda_executor.cc:1176] [0] Failed to allocate device memory of 2.2KiB (2304 bytes): RESOURCE_EXHAUSTED: : CUDA_ERROR_OUT_OF_MEMORY: out of memory
=== Source Location Trace: ===
external/xla/xla/stream_executor/cuda/cuda_status.cc:45
external/xla/xla/stream_executor/cuda/cuda_device_allocator.cc:226
external/xla/xla/stream_executor/cuda/cuda_device_allocator.cc:403

E0820 14:24:18.081560 3200216 cuda_executor.cc:1176] [0] Failed to allocate device memory of 2.2KiB (2304 bytes): RESOURCE_EXHAUSTED: : CUDA_ERROR_OUT_OF_MEMORY: out of memory
=== Source Location Trace: ===
external/xla/xla/stream_executor/cuda/cuda_status.cc:45
external/xla/xla/stream_executor/cuda/cuda_device_allocator.cc:226
external/xla/xla/stream_executor/cuda/cuda_device_allocator.cc:403

E0820 14:24:18.082176 3200216 cuda_executor.cc:1176] [0] Failed to allocate device memory of 2.2KiB (2304 bytes): RESOURCE_EXHAUSTED: : CUDA_ERROR_OUT_OF_MEMORY: out of memory
=== Source Location Trace: ===
external/xla/xla/stream_executor/cuda/cuda_status.cc:45
external/xla/xla/stream_executor/cuda/cuda_device_allocator.cc:226
external/xla/xla/stream_executor/cuda/cuda_device_allocator.cc:403

E0820 14:24:18.082860 3200216 cuda_executor.cc:1176] [0] Failed to allocate device memory of 2.2KiB (2304 bytes): RESOURCE_EXHAUSTED: : CUDA_ERROR_OUT_OF_MEMORY: out of memory
=== Source Location Trace: ===
external/xla/xla/stream_executor/cuda/cuda_status.cc:45
external/xla/xla/stream_executor/cuda/cuda_device_allocator.cc:226
external/xla/xla/stream_executor/cuda/cuda_device_allocator.cc:403

E0820 14:24:18.083511 3200216 cuda_executor.cc:1176] [0] Failed to allocate device memory of 2.2KiB (2304 bytes): RESOURCE_EXHAUSTED: : CUDA_ERROR_OUT_OF_MEMORY: out of memory
=== Source Location Trace: ===
external/xla/xla/stream_executor/cuda/cuda_status.cc:45
external/xla/xla/stream_executor/cuda/cuda_device_allocator.cc:226
external/xla/xla/stream_executor/cuda/cuda_device_allocator.cc:403

E0820 14:24:18.084078 3200216 cuda_executor.cc:1176] [0] Failed to allocate device memory of 2.2KiB (2304 bytes): RESOURCE_EXHAUSTED: : CUDA_ERROR_OUT_OF_MEMORY: out of memory
=== Source Location Trace: ===
external/xla/xla/stream_executor/cuda/cuda_status.cc:45
external/xla/xla/stream_executor/cuda/cuda_device_allocator.cc:226
external/xla/xla/stream_executor/cuda/cuda_device_allocator.cc:403

E0820 14:24:18.084734 3200216 cuda_executor.cc:1176] [0] Failed to allocate device memory of 2.2KiB (2304 bytes): RESOURCE_EXHAUSTED: : CUDA_ERROR_OUT_OF_MEMORY: out of memory
=== Source Location Trace: ===
external/xla/xla/stream_executor/cuda/cuda_status.cc:45
external/xla/xla/stream_executor/cuda/cuda_device_allocator.cc:226
external/xla/xla/stream_executor/cuda/cuda_device_allocator.cc:403

E0820 14:24:18.085375 3200216 cuda_executor.cc:1176] [0] Failed to allocate device memory of 2.2KiB (2304 bytes): RESOURCE_EXHAUSTED: : CUDA_ERROR_OUT_OF_MEMORY: out of memory
=== Source Location Trace: ===
external/xla/xla/stream_executor/cuda/cuda_status.cc:45
external/xla/xla/stream_executor/cuda/cuda_device_allocator.cc:226
external/xla/xla/stream_executor/cuda/cuda_device_allocator.cc:403

E0820 14:24:18.085973 3200216 cuda_executor.cc:1176] [0] Failed to allocate device memory of 2.2KiB (2304 bytes): RESOURCE_EXHAUSTED: : CUDA_ERROR_OUT_OF_MEMORY: out of memory
=== Source Location Trace: ===
external/xla/xla/stream_executor/cuda/cuda_status.cc:45
external/xla/xla/stream_executor/cuda/cuda_device_allocator.cc:226
external/xla/xla/stream_executor/cuda/cuda_device_allocator.cc:403

E0820 14:24:18.086606 3200216 cuda_executor.cc:1176] [0] Failed to allocate device memory of 2.2KiB (2304 bytes): RESOURCE_EXHAUSTED: : CUDA_ERROR_OUT_OF_MEMORY: out of memory
=== Source Location Trace: ===
external/xla/xla/stream_executor/cuda/cuda_status.cc:45
external/xla/xla/stream_executor/cuda/cuda_device_allocator.cc:226
external/xla/xla/stream_executor/cuda/cuda_device_allocator.cc:403

E0820 14:24:18.087209 3200216 cuda_executor.cc:1176] [0] Failed to allocate device memory of 2.2KiB (2304 bytes): RESOURCE_EXHAUSTED: : CUDA_ERROR_OUT_OF_MEMORY: out of memory
=== Source Location Trace: ===
external/xla/xla/stream_executor/cuda/cuda_status.cc:45
external/xla/xla/stream_executor/cuda/cuda_device_allocator.cc:226
external/xla/xla/stream_executor/cuda/cuda_device_allocator.cc:403

E0820 14:24:18.087917 3200216 cuda_executor.cc:1176] [0] Failed to allocate device memory of 2.2KiB (2304 bytes): RESOURCE_EXHAUSTED: : CUDA_ERROR_OUT_OF_MEMORY: out of memory
=== Source Location Trace: ===
external/xla/xla/stream_executor/cuda/cuda_status.cc:45
external/xla/xla/stream_executor/cuda/cuda_device_allocator.cc:226
external/xla/xla/stream_executor/cuda/cuda_device_allocator.cc:403

E0820 14:24:18.088614 3200216 cuda_executor.cc:1176] [0] Failed to allocate device memory of 2.2KiB (2304 bytes): RESOURCE_EXHAUSTED: : CUDA_ERROR_OUT_OF_MEMORY: out of memory
=== Source Location Trace: ===
external/xla/xla/stream_executor/cuda/cuda_status.cc:45
external/xla/xla/stream_executor/cuda/cuda_device_allocator.cc:226
external/xla/xla/stream_executor/cuda/cuda_device_allocator.cc:403

E0820 14:24:18.089182 3200216 cuda_executor.cc:1176] [0] Failed to allocate device memory of 2.2KiB (2304 bytes): RESOURCE_EXHAUSTED: : CUDA_ERROR_OUT_OF_MEMORY: out of memory
=== Source Location Trace: ===
external/xla/xla/stream_executor/cuda/cuda_status.cc:45
external/xla/xla/stream_executor/cuda/cuda_device_allocator.cc:226
external/xla/xla/stream_executor/cuda/cuda_device_allocator.cc:403

E0820 14:24:18.089866 3200216 cuda_executor.cc:1176] [0] Failed to allocate device memory of 2.2KiB (2304 bytes): RESOURCE_EXHAUSTED: : CUDA_ERROR_OUT_OF_MEMORY: out of memory
=== Source Location Trace: ===
external/xla/xla/stream_executor/cuda/cuda_status.cc:45
external/xla/xla/stream_executor/cuda/cuda_device_allocator.cc:226
external/xla/xla/stream_executor/cuda/cuda_device_allocator.cc:403

E0820 14:24:18.090534 3200216 cuda_executor.cc:1176] [0] Failed to allocate device memory of 2.2KiB (2304 bytes): RESOURCE_EXHAUSTED: : CUDA_ERROR_OUT_OF_MEMORY: out of memory
=== Source Location Trace: ===
external/xla/xla/stream_executor/cuda/cuda_status.cc:45
external/xla/xla/stream_executor/cuda/cuda_device_allocator.cc:226
external/xla/xla/stream_executor/cuda/cuda_device_allocator.cc:403

E0820 14:24:18.091133 3200216 cuda_executor.cc:1176] [0] Failed to allocate device memory of 2.2KiB (2304 bytes): RESOURCE_EXHAUSTED: : CUDA_ERROR_OUT_OF_MEMORY: out of memory
=== Source Location Trace: ===
external/xla/xla/stream_executor/cuda/cuda_status.cc:45
external/xla/xla/stream_executor/cuda/cuda_device_allocator.cc:226
external/xla/xla/stream_executor/cuda/cuda_device_allocator.cc:403

E0820 14:24:18.091787 3200216 cuda_executor.cc:1176] [0] Failed to allocate device memory of 2.2KiB (2304 bytes): RESOURCE_EXHAUSTED: : CUDA_ERROR_OUT_OF_MEMORY: out of memory
=== Source Location Trace: ===
external/xla/xla/stream_executor/cuda/cuda_status.cc:45
external/xla/xla/stream_executor/cuda/cuda_device_allocator.cc:226
external/xla/xla/stream_executor/cuda/cuda_device_allocator.cc:403

E0820 14:24:18.092430 3200216 cuda_executor.cc:1176] [0] Failed to allocate device memory of 2.2KiB (2304 bytes): RESOURCE_EXHAUSTED: : CUDA_ERROR_OUT_OF_MEMORY: out of memory
=== Source Location Trace: ===
external/xla/xla/stream_executor/cuda/cuda_status.cc:45
external/xla/xla/stream_executor/cuda/cuda_device_allocator.cc:226
external/xla/xla/stream_executor/cuda/cuda_device_allocator.cc:403

E0820 14:24:18.093002 3200216 cuda_executor.cc:1176] [0] Failed to allocate device memory of 2.2KiB (2304 bytes): RESOURCE_EXHAUSTED: : CUDA_ERROR_OUT_OF_MEMORY: out of memory
=== Source Location Trace: ===
external/xla/xla/stream_executor/cuda/cuda_status.cc:45
external/xla/xla/stream_executor/cuda/cuda_device_allocator.cc:226
external/xla/xla/stream_executor/cuda/cuda_device_allocator.cc:403

E0820 14:24:18.093618 3200216 cuda_executor.cc:1176] [0] Failed to allocate device memory of 2.2KiB (2304 bytes): RESOURCE_EXHAUSTED: : CUDA_ERROR_OUT_OF_MEMORY: out of memory
=== Source Location Trace: ===
external/xla/xla/stream_executor/cuda/cuda_status.cc:45
external/xla/xla/stream_executor/cuda/cuda_device_allocator.cc:226
external/xla/xla/stream_executor/cuda/cuda_device_allocator.cc:403

E0820 14:24:18.094213 3200216 cuda_executor.cc:1176] [0] Failed to allocate device memory of 2.2KiB (2304 bytes): RESOURCE_EXHAUSTED: : CUDA_ERROR_OUT_OF_MEMORY: out of memory
=== Source Location Trace: ===
external/xla/xla/stream_executor/cuda/cuda_status.cc:45
external/xla/xla/stream_executor/cuda/cuda_device_allocator.cc:226
external/xla/xla/stream_executor/cuda/cuda_device_allocator.cc:403

E0820 14:24:18.094896 3200216 cuda_executor.cc:1176] [0] Failed to allocate device memory of 2.2KiB (2304 bytes): RESOURCE_EXHAUSTED: : CUDA_ERROR_OUT_OF_MEMORY: out of memory
=== Source Location Trace: ===
external/xla/xla/stream_executor/cuda/cuda_status.cc:45
external/xla/xla/stream_executor/cuda/cuda_device_allocator.cc:226
external/xla/xla/stream_executor/cuda/cuda_device_allocator.cc:403

E0820 14:24:18.095543 3200216 cuda_executor.cc:1176] [0] Failed to allocate device memory of 2.2KiB (2304 bytes): RESOURCE_EXHAUSTED: : CUDA_ERROR_OUT_OF_MEMORY: out of memory
=== Source Location Trace: ===
external/xla/xla/stream_executor/cuda/cuda_status.cc:45
external/xla/xla/stream_executor/cuda/cuda_device_allocator.cc:226
external/xla/xla/stream_executor/cuda/cuda_device_allocator.cc:403

E0820 14:24:18.096111 3200216 cuda_executor.cc:1176] [0] Failed to allocate device memory of 2.2KiB (2304 bytes): RESOURCE_EXHAUSTED: : CUDA_ERROR_OUT_OF_MEMORY: out of memory
=== Source Location Trace: ===
external/xla/xla/stream_executor/cuda/cuda_status.cc:45
external/xla/xla/stream_executor/cuda/cuda_device_allocator.cc:226
external/xla/xla/stream_executor/cuda/cuda_device_allocator.cc:403

E0820 14:24:18.096780 3200216 cuda_executor.cc:1176] [0] Failed to allocate device memory of 2.2KiB (2304 bytes): RESOURCE_EXHAUSTED: : CUDA_ERROR_OUT_OF_MEMORY: out of memory
=== Source Location Trace: ===
external/xla/xla/stream_executor/cuda/cuda_status.cc:45
external/xla/xla/stream_executor/cuda/cuda_device_allocator.cc:226
external/xla/xla/stream_executor/cuda/cuda_device_allocator.cc:403

E0820 14:24:18.097467 3200216 cuda_executor.cc:1176] [0] Failed to allocate device memory of 2.2KiB (2304 bytes): RESOURCE_EXHAUSTED: : CUDA_ERROR_OUT_OF_MEMORY: out of memory
=== Source Location Trace: ===
external/xla/xla/stream_executor/cuda/cuda_status.cc:45
external/xla/xla/stream_executor/cuda/cuda_device_allocator.cc:226
external/xla/xla/stream_executor/cuda/cuda_device_allocator.cc:403

E0820 14:24:18.098087 3200216 cuda_executor.cc:1176] [0] Failed to allocate device memory of 2.2KiB (2304 bytes): RESOURCE_EXHAUSTED: : CUDA_ERROR_OUT_OF_MEMORY: out of memory
=== Source Location Trace: ===
external/xla/xla/stream_executor/cuda/cuda_status.cc:45
external/xla/xla/stream_executor/cuda/cuda_device_allocator.cc:226
external/xla/xla/stream_executor/cuda/cuda_device_allocator.cc:403

E0820 14:24:18.098787 3200216 cuda_executor.cc:1176] [0] Failed to allocate device memory of 2.2KiB (2304 bytes): RESOURCE_EXHAUSTED: : CUDA_ERROR_OUT_OF_MEMORY: out of memory
=== Source Location Trace: ===
external/xla/xla/stream_executor/cuda/cuda_status.cc:45
external/xla/xla/stream_executor/cuda/cuda_device_allocator.cc:226
external/xla/xla/stream_executor/cuda/cuda_device_allocator.cc:403

E0820 14:24:18.099470 3200216 cuda_executor.cc:1176] [0] Failed to allocate device memory of 2.2KiB (2304 bytes): RESOURCE_EXHAUSTED: : CUDA_ERROR_OUT_OF_MEMORY: out of memory
=== Source Location Trace: ===
external/xla/xla/stream_executor/cuda/cuda_status.cc:45
external/xla/xla/stream_executor/cuda/cuda_device_allocator.cc:226
external/xla/xla/stream_executor/cuda/cuda_device_allocator.cc:403

E0820 14:24:18.100079 3200216 cuda_executor.cc:1176] [0] Failed to allocate device memory of 2.2KiB (2304 bytes): RESOURCE_EXHAUSTED: : CUDA_ERROR_OUT_OF_MEMORY: out of memory
=== Source Location Trace: ===
external/xla/xla/stream_executor/cuda/cuda_status.cc:45
external/xla/xla/stream_executor/cuda/cuda_device_allocator.cc:226
external/xla/xla/stream_executor/cuda/cuda_device_allocator.cc:403

E0820 14:24:18.100742 3200216 cuda_executor.cc:1176] [0] Failed to allocate device memory of 2.2KiB (2304 bytes): RESOURCE_EXHAUSTED: : CUDA_ERROR_OUT_OF_MEMORY: out of memory
=== Source Location Trace: ===
external/xla/xla/stream_executor/cuda/cuda_status.cc:45
external/xla/xla/stream_executor/cuda/cuda_device_allocator.cc:226
external/xla/xla/stream_executor/cuda/cuda_device_allocator.cc:403

E0820 14:24:18.101347 3200216 cuda_executor.cc:1176] [0] Failed to allocate device memory of 2.2KiB (2304 bytes): RESOURCE_EXHAUSTED: : CUDA_ERROR_OUT_OF_MEMORY: out of memory
=== Source Location Trace: ===
external/xla/xla/stream_executor/cuda/cuda_status.cc:45
external/xla/xla/stream_executor/cuda/cuda_device_allocator.cc:226
external/xla/xla/stream_executor/cuda/cuda_device_allocator.cc:403

E0820 14:24:18.101937 3200216 cuda_executor.cc:1176] [0] Failed to allocate device memory of 2.2KiB (2304 bytes): RESOURCE_EXHAUSTED: : CUDA_ERROR_OUT_OF_MEMORY: out of memory
=== Source Location Trace: ===
external/xla/xla/stream_executor/cuda/cuda_status.cc:45
external/xla/xla/stream_executor/cuda/cuda_device_allocator.cc:226
external/xla/xla/stream_executor/cuda/cuda_device_allocator.cc:403

E0820 14:24:18.102564 3200216 cuda_executor.cc:1176] [0] Failed to allocate device memory of 2.2KiB (2304 bytes): RESOURCE_EXHAUSTED: : CUDA_ERROR_OUT_OF_MEMORY: out of memory
=== Source Location Trace: ===
external/xla/xla/stream_executor/cuda/cuda_status.cc:45
external/xla/xla/stream_executor/cuda/cuda_device_allocator.cc:226
external/xla/xla/stream_executor/cuda/cuda_device_allocator.cc:403

E0820 14:24:18.103180 3200216 cuda_executor.cc:1176] [0] Failed to allocate device memory of 2.2KiB (2304 bytes): RESOURCE_EXHAUSTED: : CUDA_ERROR_OUT_OF_MEMORY: out of memory
=== Source Location Trace: ===
external/xla/xla/stream_executor/cuda/cuda_status.cc:45
external/xla/xla/stream_executor/cuda/cuda_device_allocator.cc:226
external/xla/xla/stream_executor/cuda/cuda_device_allocator.cc:403

E0820 14:24:18.103868 3200216 cuda_executor.cc:1176] [0] Failed to allocate device memory of 2.2KiB (2304 bytes): RESOURCE_EXHAUSTED: : CUDA_ERROR_OUT_OF_MEMORY: out of memory
=== Source Location Trace: ===
external/xla/xla/stream_executor/cuda/cuda_status.cc:45
external/xla/xla/stream_executor/cuda/cuda_device_allocator.cc:226
external/xla/xla/stream_executor/cuda/cuda_device_allocator.cc:403

E0820 14:24:18.104571 3200216 cuda_executor.cc:1176] [0] Failed to allocate device memory of 2.2KiB (2304 bytes): RESOURCE_EXHAUSTED: : CUDA_ERROR_OUT_OF_MEMORY: out of memory
=== Source Location Trace: ===
external/xla/xla/stream_executor/cuda/cuda_status.cc:45
external/xla/xla/stream_executor/cuda/cuda_device_allocator.cc:226
external/xla/xla/stream_executor/cuda/cuda_device_allocator.cc:403

E0820 14:24:18.105164 3200216 cuda_executor.cc:1176] [0] Failed to allocate device memory of 2.2KiB (2304 bytes): RESOURCE_EXHAUSTED: : CUDA_ERROR_OUT_OF_MEMORY: out of memory
=== Source Location Trace: ===
external/xla/xla/stream_executor/cuda/cuda_status.cc:45
external/xla/xla/stream_executor/cuda/cuda_device_allocator.cc:226
external/xla/xla/stream_executor/cuda/cuda_device_allocator.cc:403

E0820 14:24:18.105857 3200216 cuda_executor.cc:1176] [0] Failed to allocate device memory of 2.2KiB (2304 bytes): RESOURCE_EXHAUSTED: : CUDA_ERROR_OUT_OF_MEMORY: out of memory
=== Source Location Trace: ===
external/xla/xla/stream_executor/cuda/cuda_status.cc:45
external/xla/xla/stream_executor/cuda/cuda_device_allocator.cc:226
external/xla/xla/stream_executor/cuda/cuda_device_allocator.cc:403

E0820 14:24:18.106532 3200216 cuda_executor.cc:1176] [0] Failed to allocate device memory of 2.2KiB (2304 bytes): RESOURCE_EXHAUSTED: : CUDA_ERROR_OUT_OF_MEMORY: out of memory
=== Source Location Trace: ===
external/xla/xla/stream_executor/cuda/cuda_status.cc:45
external/xla/xla/stream_executor/cuda/cuda_device_allocator.cc:226
external/xla/xla/stream_executor/cuda/cuda_device_allocator.cc:403

E0820 14:24:18.107118 3200216 cuda_executor.cc:1176] [0] Failed to allocate device memory of 2.2KiB (2304 bytes): RESOURCE_EXHAUSTED: : CUDA_ERROR_OUT_OF_MEMORY: out of memory
=== Source Location Trace: ===
external/xla/xla/stream_executor/cuda/cuda_status.cc:45
external/xla/xla/stream_executor/cuda/cuda_device_allocator.cc:226
external/xla/xla/stream_executor/cuda/cuda_device_allocator.cc:403

E0820 14:24:18.107770 3200216 cuda_executor.cc:1176] [0] Failed to allocate device memory of 2.2KiB (2304 bytes): RESOURCE_EXHAUSTED: : CUDA_ERROR_OUT_OF_MEMORY: out of memory
=== Source Location Trace: ===
external/xla/xla/stream_executor/cuda/cuda_status.cc:45
external/xla/xla/stream_executor/cuda/cuda_device_allocator.cc:226
external/xla/xla/stream_executor/cuda/cuda_device_allocator.cc:403

E0820 14:24:18.108393 3200216 cuda_executor.cc:1176] [0] Failed to allocate device memory of 2.2KiB (2304 bytes): RESOURCE_EXHAUSTED: : CUDA_ERROR_OUT_OF_MEMORY: out of memory
=== Source Location Trace: ===
external/xla/xla/stream_executor/cuda/cuda_status.cc:45
external/xla/xla/stream_executor/cuda/cuda_device_allocator.cc:226
external/xla/xla/stream_executor/cuda/cuda_device_allocator.cc:403

E0820 14:24:18.109002 3200216 cuda_executor.cc:1176] [0] Failed to allocate device memory of 2.2KiB (2304 bytes): RESOURCE_EXHAUSTED: : CUDA_ERROR_OUT_OF_MEMORY: out of memory
=== Source Location Trace: ===
external/xla/xla/stream_executor/cuda/cuda_status.cc:45
external/xla/xla/stream_executor/cuda/cuda_device_allocator.cc:226
external/xla/xla/stream_executor/cuda/cuda_device_allocator.cc:403

E0820 14:24:18.109644 3200216 cuda_executor.cc:1176] [0] Failed to allocate device memory of 2.2KiB (2304 bytes): RESOURCE_EXHAUSTED: : CUDA_ERROR_OUT_OF_MEMORY: out of memory
=== Source Location Trace: ===
external/xla/xla/stream_executor/cuda/cuda_status.cc:45
external/xla/xla/stream_executor/cuda/cuda_device_allocator.cc:226
external/xla/xla/stream_executor/cuda/cuda_device_allocator.cc:403

E0820 14:24:18.110217 3200216 cuda_executor.cc:1176] [0] Failed to allocate device memory of 2.2KiB (2304 bytes): RESOURCE_EXHAUSTED: : CUDA_ERROR_OUT_OF_MEMORY: out of memory
=== Source Location Trace: ===
external/xla/xla/stream_executor/cuda/cuda_status.cc:45
external/xla/xla/stream_executor/cuda/cuda_device_allocator.cc:226
external/xla/xla/stream_executor/cuda/cuda_device_allocator.cc:403

E0820 14:24:18.110790 3200216 cuda_executor.cc:1176] [0] Failed to allocate device memory of 2.2KiB (2304 bytes): RESOURCE_EXHAUSTED: : CUDA_ERROR_OUT_OF_MEMORY: out of memory
=== Source Location Trace: ===
external/xla/xla/stream_executor/cuda/cuda_status.cc:45
external/xla/xla/stream_executor/cuda/cuda_device_allocator.cc:226
external/xla/xla/stream_executor/cuda/cuda_device_allocator.cc:403

E0820 14:24:18.111427 3200216 cuda_executor.cc:1176] [0] Failed to allocate device memory of 2.2KiB (2304 bytes): RESOURCE_EXHAUSTED: : CUDA_ERROR_OUT_OF_MEMORY: out of memory
=== Source Location Trace: ===
external/xla/xla/stream_executor/cuda/cuda_status.cc:45
external/xla/xla/stream_executor/cuda/cuda_device_allocator.cc:226
external/xla/xla/stream_executor/cuda/cuda_device_allocator.cc:403

E0820 14:24:18.112045 3200216 cuda_executor.cc:1176] [0] Failed to allocate device memory of 2.2KiB (2304 bytes): RESOURCE_EXHAUSTED: : CUDA_ERROR_OUT_OF_MEMORY: out of memory
=== Source Location Trace: ===
external/xla/xla/stream_executor/cuda/cuda_status.cc:45
external/xla/xla/stream_executor/cuda/cuda_device_allocator.cc:226
external/xla/xla/stream_executor/cuda/cuda_device_allocator.cc:403

E0820 14:24:18.112703 3200216 cuda_executor.cc:1176] [0] Failed to allocate device memory of 2.2KiB (2304 bytes): RESOURCE_EXHAUSTED: : CUDA_ERROR_OUT_OF_MEMORY: out of memory
=== Source Location Trace: ===
external/xla/xla/stream_executor/cuda/cuda_status.cc:45
external/xla/xla/stream_executor/cuda/cuda_device_allocator.cc:226
external/xla/xla/stream_executor/cuda/cuda_device_allocator.cc:403

E0820 14:24:18.113314 3200216 cuda_executor.cc:1176] [0] Failed to allocate device memory of 2.2KiB (2304 bytes): RESOURCE_EXHAUSTED: : CUDA_ERROR_OUT_OF_MEMORY: out of memory
=== Source Location Trace: ===
external/xla/xla/stream_executor/cuda/cuda_status.cc:45
external/xla/xla/stream_executor/cuda/cuda_device_allocator.cc:226
external/xla/xla/stream_executor/cuda/cuda_device_allocator.cc:403

E0820 14:24:18.113881 3200216 cuda_executor.cc:1176] [0] Failed to allocate device memory of 2.2KiB (2304 bytes): RESOURCE_EXHAUSTED: : CUDA_ERROR_OUT_OF_MEMORY: out of memory
=== Source Location Trace: ===
external/xla/xla/stream_executor/cuda/cuda_status.cc:45
external/xla/xla/stream_executor/cuda/cuda_device_allocator.cc:226
external/xla/xla/stream_executor/cuda/cuda_device_allocator.cc:403

E0820 14:24:18.114530 3200216 cuda_executor.cc:1176] [0] Failed to allocate device memory of 2.2KiB (2304 bytes): RESOURCE_EXHAUSTED: : CUDA_ERROR_OUT_OF_MEMORY: out of memory
=== Source Location Trace: ===
external/xla/xla/stream_executor/cuda/cuda_status.cc:45
external/xla/xla/stream_executor/cuda/cuda_device_allocator.cc:226
external/xla/xla/stream_executor/cuda/cuda_device_allocator.cc:403

E0820 14:24:18.115102 3200216 cuda_executor.cc:1176] [0] Failed to allocate device memory of 2.2KiB (2304 bytes): RESOURCE_EXHAUSTED: : CUDA_ERROR_OUT_OF_MEMORY: out of memory
=== Source Location Trace: ===
external/xla/xla/stream_executor/cuda/cuda_status.cc:45
external/xla/xla/stream_executor/cuda/cuda_device_allocator.cc:226
external/xla/xla/stream_executor/cuda/cuda_device_allocator.cc:403

E0820 14:24:18.115756 3200216 cuda_executor.cc:1176] [0] Failed to allocate device memory of 2.2KiB (2304 bytes): RESOURCE_EXHAUSTED: : CUDA_ERROR_OUT_OF_MEMORY: out of memory
=== Source Location Trace: ===
external/xla/xla/stream_executor/cuda/cuda_status.cc:45
external/xla/xla/stream_executor/cuda/cuda_device_allocator.cc:226
external/xla/xla/stream_executor/cuda/cuda_device_allocator.cc:403

E0820 14:24:18.116397 3200216 cuda_executor.cc:1176] [0] Failed to allocate device memory of 2.2KiB (2304 bytes): RESOURCE_EXHAUSTED: : CUDA_ERROR_OUT_OF_MEMORY: out of memory
=== Source Location Trace: ===
external/xla/xla/stream_executor/cuda/cuda_status.cc:45
external/xla/xla/stream_executor/cuda/cuda_device_allocator.cc:226
external/xla/xla/stream_executor/cuda/cuda_device_allocator.cc:403

E0820 14:24:18.116966 3200216 cuda_executor.cc:1176] [0] Failed to allocate device memory of 2.2KiB (2304 bytes): RESOURCE_EXHAUSTED: : CUDA_ERROR_OUT_OF_MEMORY: out of memory
=== Source Location Trace: ===
external/xla/xla/stream_executor/cuda/cuda_status.cc:45
external/xla/xla/stream_executor/cuda/cuda_device_allocator.cc:226
external/xla/xla/stream_executor/cuda/cuda_device_allocator.cc:403

E0820 14:24:18.117539 3200216 cuda_executor.cc:1176] [0] Failed to allocate device memory of 2.2KiB (2304 bytes): RESOURCE_EXHAUSTED: : CUDA_ERROR_OUT_OF_MEMORY: out of memory
=== Source Location Trace: ===
external/xla/xla/stream_executor/cuda/cuda_status.cc:45
external/xla/xla/stream_executor/cuda/cuda_device_allocator.cc:226
external/xla/xla/stream_executor/cuda/cuda_device_allocator.cc:403

E0820 14:24:18.118090 3200216 cuda_executor.cc:1176] [0] Failed to allocate device memory of 2.2KiB (2304 bytes): RESOURCE_EXHAUSTED: : CUDA_ERROR_OUT_OF_MEMORY: out of memory
=== Source Location Trace: ===
external/xla/xla/stream_executor/cuda/cuda_status.cc:45
external/xla/xla/stream_executor/cuda/cuda_device_allocator.cc:226
external/xla/xla/stream_executor/cuda/cuda_device_allocator.cc:403

E0820 14:24:18.118712 3200216 cuda_executor.cc:1176] [0] Failed to allocate device memory of 2.2KiB (2304 bytes): RESOURCE_EXHAUSTED: : CUDA_ERROR_OUT_OF_MEMORY: out of memory
=== Source Location Trace: ===
external/xla/xla/stream_executor/cuda/cuda_status.cc:45
external/xla/xla/stream_executor/cuda/cuda_device_allocator.cc:226
external/xla/xla/stream_executor/cuda/cuda_device_allocator.cc:403

E0820 14:24:18.119324 3200216 cuda_executor.cc:1176] [0] Failed to allocate device memory of 2.2KiB (2304 bytes): RESOURCE_EXHAUSTED: : CUDA_ERROR_OUT_OF_MEMORY: out of memory
=== Source Location Trace: ===
external/xla/xla/stream_executor/cuda/cuda_status.cc:45
external/xla/xla/stream_executor/cuda/cuda_device_allocator.cc:226
external/xla/xla/stream_executor/cuda/cuda_device_allocator.cc:403

E0820 14:24:18.119899 3200216 cuda_executor.cc:1176] [0] Failed to allocate device memory of 2.2KiB (2304 bytes): RESOURCE_EXHAUSTED: : CUDA_ERROR_OUT_OF_MEMORY: out of memory
=== Source Location Trace: ===
external/xla/xla/stream_executor/cuda/cuda_status.cc:45
external/xla/xla/stream_executor/cuda/cuda_device_allocator.cc:226
external/xla/xla/stream_executor/cuda/cuda_device_allocator.cc:403

E0820 14:24:18.120557 3200216 cuda_executor.cc:1176] [0] Failed to allocate device memory of 2.2KiB (2304 bytes): RESOURCE_EXHAUSTED: : CUDA_ERROR_OUT_OF_MEMORY: out of memory
=== Source Location Trace: ===
external/xla/xla/stream_executor/cuda/cuda_status.cc:45
external/xla/xla/stream_executor/cuda/cuda_device_allocator.cc:226
external/xla/xla/stream_executor/cuda/cuda_device_allocator.cc:403

E0820 14:24:18.121157 3200216 cuda_executor.cc:1176] [0] Failed to allocate device memory of 2.2KiB (2304 bytes): RESOURCE_EXHAUSTED: : CUDA_ERROR_OUT_OF_MEMORY: out of memory
=== Source Location Trace: ===
external/xla/xla/stream_executor/cuda/cuda_status.cc:45
external/xla/xla/stream_executor/cuda/cuda_device_allocator.cc:226
external/xla/xla/stream_executor/cuda/cuda_device_allocator.cc:403

E0820 14:24:18.121851 3200216 cuda_executor.cc:1176] [0] Failed to allocate device memory of 2.2KiB (2304 bytes): RESOURCE_EXHAUSTED: : CUDA_ERROR_OUT_OF_MEMORY: out of memory
=== Source Location Trace: ===
external/xla/xla/stream_executor/cuda/cuda_status.cc:45
external/xla/xla/stream_executor/cuda/cuda_device_allocator.cc:226
external/xla/xla/stream_executor/cuda/cuda_device_allocator.cc:403

E0820 14:24:18.122511 3200216 cuda_executor.cc:1176] [0] Failed to allocate device memory of 2.2KiB (2304 bytes): RESOURCE_EXHAUSTED: : CUDA_ERROR_OUT_OF_MEMORY: out of memory
=== Source Location Trace: ===
external/xla/xla/stream_executor/cuda/cuda_status.cc:45
external/xla/xla/stream_executor/cuda/cuda_device_allocator.cc:226
external/xla/xla/stream_executor/cuda/cuda_device_allocator.cc:403

E0820 14:24:18.123094 3200216 cuda_executor.cc:1176] [0] Failed to allocate device memory of 2.2KiB (2304 bytes): RESOURCE_EXHAUSTED: : CUDA_ERROR_OUT_OF_MEMORY: out of memory
=== Source Location Trace: ===
external/xla/xla/stream_executor/cuda/cuda_status.cc:45
external/xla/xla/stream_executor/cuda/cuda_device_allocator.cc:226
external/xla/xla/stream_executor/cuda/cuda_device_allocator.cc:403

E0820 14:24:18.123736 3200216 cuda_executor.cc:1176] [0] Failed to allocate device memory of 2.2KiB (2304 bytes): RESOURCE_EXHAUSTED: : CUDA_ERROR_OUT_OF_MEMORY: out of memory
=== Source Location Trace: ===
external/xla/xla/stream_executor/cuda/cuda_status.cc:45
external/xla/xla/stream_executor/cuda/cuda_device_allocator.cc:226
external/xla/xla/stream_executor/cuda/cuda_device_allocator.cc:403

E0820 14:24:18.124372 3200216 cuda_executor.cc:1176] [0] Failed to allocate device memory of 2.2KiB (2304 bytes): RESOURCE_EXHAUSTED: : CUDA_ERROR_OUT_OF_MEMORY: out of memory
=== Source Location Trace: ===
external/xla/xla/stream_executor/cuda/cuda_status.cc:45
external/xla/xla/stream_executor/cuda/cuda_device_allocator.cc:226
external/xla/xla/stream_executor/cuda/cuda_device_allocator.cc:403

E0820 14:24:18.124972 3200216 cuda_executor.cc:1176] [0] Failed to allocate device memory of 2.2KiB (2304 bytes): RESOURCE_EXHAUSTED: : CUDA_ERROR_OUT_OF_MEMORY: out of memory
=== Source Location Trace: ===
external/xla/xla/stream_executor/cuda/cuda_status.cc:45
external/xla/xla/stream_executor/cuda/cuda_device_allocator.cc:226
external/xla/xla/stream_executor/cuda/cuda_device_allocator.cc:403

E0820 14:24:18.125587 3200216 cuda_executor.cc:1176] [0] Failed to allocate device memory of 2.2KiB (2304 bytes): RESOURCE_EXHAUSTED: : CUDA_ERROR_OUT_OF_MEMORY: out of memory
=== Source Location Trace: ===
external/xla/xla/stream_executor/cuda/cuda_status.cc:45
external/xla/xla/stream_executor/cuda/cuda_device_allocator.cc:226
external/xla/xla/stream_executor/cuda/cuda_device_allocator.cc:403

E0820 14:24:18.126157 3200216 cuda_executor.cc:1176] [0] Failed to allocate device memory of 2.2KiB (2304 bytes): RESOURCE_EXHAUSTED: : CUDA_ERROR_OUT_OF_MEMORY: out of memory
=== Source Location Trace: ===
external/xla/xla/stream_executor/cuda/cuda_status.cc:45
external/xla/xla/stream_executor/cuda/cuda_device_allocator.cc:226
external/xla/xla/stream_executor/cuda/cuda_device_allocator.cc:403

E0820 14:24:18.126808 3200216 cuda_executor.cc:1176] [0] Failed to allocate device memory of 2.2KiB (2304 bytes): RESOURCE_EXHAUSTED: : CUDA_ERROR_OUT_OF_MEMORY: out of memory
=== Source Location Trace: ===
external/xla/xla/stream_executor/cuda/cuda_status.cc:45
external/xla/xla/stream_executor/cuda/cuda_device_allocator.cc:226
external/xla/xla/stream_executor/cuda/cuda_device_allocator.cc:403

E0820 14:24:18.127425 3200216 cuda_executor.cc:1176] [0] Failed to allocate device memory of 2.2KiB (2304 bytes): RESOURCE_EXHAUSTED: : CUDA_ERROR_OUT_OF_MEMORY: out of memory
=== Source Location Trace: ===
external/xla/xla/stream_executor/cuda/cuda_status.cc:45
external/xla/xla/stream_executor/cuda/cuda_device_allocator.cc:226
external/xla/xla/stream_executor/cuda/cuda_device_allocator.cc:403

E0820 14:24:18.128021 3200216 cuda_executor.cc:1176] [0] Failed to allocate device memory of 2.2KiB (2304 bytes): RESOURCE_EXHAUSTED: : CUDA_ERROR_OUT_OF_MEMORY: out of memory
=== Source Location Trace: ===
external/xla/xla/stream_executor/cuda/cuda_status.cc:45
external/xla/xla/stream_executor/cuda/cuda_device_allocator.cc:226
external/xla/xla/stream_executor/cuda/cuda_device_allocator.cc:403

E0820 14:24:18.128697 3200216 cuda_executor.cc:1176] [0] Failed to allocate device memory of 2.2KiB (2304 bytes): RESOURCE_EXHAUSTED: : CUDA_ERROR_OUT_OF_MEMORY: out of memory
=== Source Location Trace: ===
external/xla/xla/stream_executor/cuda/cuda_status.cc:45
external/xla/xla/stream_executor/cuda/cuda_device_allocator.cc:226
external/xla/xla/stream_executor/cuda/cuda_device_allocator.cc:403

E0820 14:24:18.129310 3200216 cuda_executor.cc:1176] [0] Failed to allocate device memory of 2.2KiB (2304 bytes): RESOURCE_EXHAUSTED: : CUDA_ERROR_OUT_OF_MEMORY: out of memory
=== Source Location Trace: ===
external/xla/xla/stream_executor/cuda/cuda_status.cc:45
external/xla/xla/stream_executor/cuda/cuda_device_allocator.cc:226
external/xla/xla/stream_executor/cuda/cuda_device_allocator.cc:403

E0820 14:24:18.129877 3200216 cuda_executor.cc:1176] [0] Failed to allocate device memory of 2.2KiB (2304 bytes): RESOURCE_EXHAUSTED: : CUDA_ERROR_OUT_OF_MEMORY: out of memory
=== Source Location Trace: ===
external/xla/xla/stream_executor/cuda/cuda_status.cc:45
external/xla/xla/stream_executor/cuda/cuda_device_allocator.cc:226
external/xla/xla/stream_executor/cuda/cuda_device_allocator.cc:403

E0820 14:24:18.130532 3200216 cuda_executor.cc:1176] [0] Failed to allocate device memory of 2.2KiB (2304 bytes): RESOURCE_EXHAUSTED: : CUDA_ERROR_OUT_OF_MEMORY: out of memory
=== Source Location Trace: ===
external/xla/xla/stream_executor/cuda/cuda_status.cc:45
external/xla/xla/stream_executor/cuda/cuda_device_allocator.cc:226
external/xla/xla/stream_executor/cuda/cuda_device_allocator.cc:403

E0820 14:24:18.131110 3200216 cuda_executor.cc:1176] [0] Failed to allocate device memory of 2.2KiB (2304 bytes): RESOURCE_EXHAUSTED: : CUDA_ERROR_OUT_OF_MEMORY: out of memory
=== Source Location Trace: ===
external/xla/xla/stream_executor/cuda/cuda_status.cc:45
external/xla/xla/stream_executor/cuda/cuda_device_allocator.cc:226
external/xla/xla/stream_executor/cuda/cuda_device_allocator.cc:403

E0820 14:24:18.131794 3200216 cuda_executor.cc:1176] [0] Failed to allocate device memory of 2.2KiB (2304 bytes): RESOURCE_EXHAUSTED: : CUDA_ERROR_OUT_OF_MEMORY: out of memory
=== Source Location Trace: ===
external/xla/xla/stream_executor/cuda/cuda_status.cc:45
external/xla/xla/stream_executor/cuda/cuda_device_allocator.cc:226
external/xla/xla/stream_executor/cuda/cuda_device_allocator.cc:403

E0820 14:24:18.144854 3200216 cuda_executor.cc:1176] [0] Failed to allocate device memory of 2.2KiB (2304 bytes): RESOURCE_EXHAUSTED: : CUDA_ERROR_OUT_OF_MEMORY: out of memory
=== Source Location Trace: ===
external/xla/xla/stream_executor/cuda/cuda_status.cc:45
external/xla/xla/stream_executor/cuda/cuda_device_allocator.cc:226
external/xla/xla/stream_executor/cuda/cuda_device_allocator.cc:403

E0820 14:24:18.145546 3200216 cuda_executor.cc:1176] [0] Failed to allocate device memory of 2.2KiB (2304 bytes): RESOURCE_EXHAUSTED: : CUDA_ERROR_OUT_OF_MEMORY: out of memory
=== Source Location Trace: ===
external/xla/xla/stream_executor/cuda/cuda_status.cc:45
external/xla/xla/stream_executor/cuda/cuda_device_allocator.cc:226
external/xla/xla/stream_executor/cuda/cuda_device_allocator.cc:403

E0820 14:24:18.146102 3200216 cuda_executor.cc:1176] [0] Failed to allocate device memory of 2.2KiB (2304 bytes): RESOURCE_EXHAUSTED: : CUDA_ERROR_OUT_OF_MEMORY: out of memory
=== Source Location Trace: ===
external/xla/xla/stream_executor/cuda/cuda_status.cc:45
external/xla/xla/stream_executor/cuda/cuda_device_allocator.cc:226
external/xla/xla/stream_executor/cuda/cuda_device_allocator.cc:403

E0820 14:24:18.146739 3200216 cuda_executor.cc:1176] [0] Failed to allocate device memory of 2.2KiB (2304 bytes): RESOURCE_EXHAUSTED: : CUDA_ERROR_OUT_OF_MEMORY: out of memory
=== Source Location Trace: ===
external/xla/xla/stream_executor/cuda/cuda_status.cc:45
external/xla/xla/stream_executor/cuda/cuda_device_allocator.cc:226
external/xla/xla/stream_executor/cuda/cuda_device_allocator.cc:403

E0820 14:24:18.147402 3200216 cuda_executor.cc:1176] [0] Failed to allocate device memory of 2.2KiB (2304 bytes): RESOURCE_EXHAUSTED: : CUDA_ERROR_OUT_OF_MEMORY: out of memory
=== Source Location Trace: ===
external/xla/xla/stream_executor/cuda/cuda_status.cc:45
external/xla/xla/stream_executor/cuda/cuda_device_allocator.cc:226
external/xla/xla/stream_executor/cuda/cuda_device_allocator.cc:403

E0820 14:24:18.147999 3200216 cuda_executor.cc:1176] [0] Failed to allocate device memory of 2.2KiB (2304 bytes): RESOURCE_EXHAUSTED: : CUDA_ERROR_OUT_OF_MEMORY: out of memory
=== Source Location Trace: ===
external/xla/xla/stream_executor/cuda/cuda_status.cc:45
external/xla/xla/stream_executor/cuda/cuda_device_allocator.cc:226
external/xla/xla/stream_executor/cuda/cuda_device_allocator.cc:403

E0820 14:24:18.148613 3200216 cuda_executor.cc:1176] [0] Failed to allocate device memory of 2.2KiB (2304 bytes): RESOURCE_EXHAUSTED: : CUDA_ERROR_OUT_OF_MEMORY: out of memory
=== Source Location Trace: ===
external/xla/xla/stream_executor/cuda/cuda_status.cc:45
external/xla/xla/stream_executor/cuda/cuda_device_allocator.cc:226
external/xla/xla/stream_executor/cuda/cuda_device_allocator.cc:403

E0820 14:24:18.149205 3200216 cuda_executor.cc:1176] [0] Failed to allocate device memory of 2.2KiB (2304 bytes): RESOURCE_EXHAUSTED: : CUDA_ERROR_OUT_OF_MEMORY: out of memory
=== Source Location Trace: ===
external/xla/xla/stream_executor/cuda/cuda_status.cc:45
external/xla/xla/stream_executor/cuda/cuda_device_allocator.cc:226
external/xla/xla/stream_executor/cuda/cuda_device_allocator.cc:403

E0820 14:24:18.149916 3200216 cuda_executor.cc:1176] [0] Failed to allocate device memory of 2.2KiB (2304 bytes): RESOURCE_EXHAUSTED: : CUDA_ERROR_OUT_OF_MEMORY: out of memory
=== Source Location Trace: ===
external/xla/xla/stream_executor/cuda/cuda_status.cc:45
external/xla/xla/stream_executor/cuda/cuda_device_allocator.cc:226
external/xla/xla/stream_executor/cuda/cuda_device_allocator.cc:403

E0820 14:24:18.150535 3200216 cuda_executor.cc:1176] [0] Failed to allocate device memory of 2.2KiB (2304 bytes): RESOURCE_EXHAUSTED: : CUDA_ERROR_OUT_OF_MEMORY: out of memory
=== Source Location Trace: ===
external/xla/xla/stream_executor/cuda/cuda_status.cc:45
external/xla/xla/stream_executor/cuda/cuda_device_allocator.cc:226
external/xla/xla/stream_executor/cuda/cuda_device_allocator.cc:403

E0820 14:24:18.151148 3200216 cuda_executor.cc:1176] [0] Failed to allocate device memory of 2.2KiB (2304 bytes): RESOURCE_EXHAUSTED: : CUDA_ERROR_OUT_OF_MEMORY: out of memory
=== Source Location Trace: ===
external/xla/xla/stream_executor/cuda/cuda_status.cc:45
external/xla/xla/stream_executor/cuda/cuda_device_allocator.cc:226
external/xla/xla/stream_executor/cuda/cuda_device_allocator.cc:403

E0820 14:24:18.151854 3200216 cuda_executor.cc:1176] [0] Failed to allocate device memory of 2.2KiB (2304 bytes): RESOURCE_EXHAUSTED: : CUDA_ERROR_OUT_OF_MEMORY: out of memory
=== Source Location Trace: ===
external/xla/xla/stream_executor/cuda/cuda_status.cc:45
external/xla/xla/stream_executor/cuda/cuda_device_allocator.cc:226
external/xla/xla/stream_executor/cuda/cuda_device_allocator.cc:403

E0820 14:24:18.152541 3200216 cuda_executor.cc:1176] [0] Failed to allocate device memory of 2.2KiB (2304 bytes): RESOURCE_EXHAUSTED: : CUDA_ERROR_OUT_OF_MEMORY: out of memory
=== Source Location Trace: ===
external/xla/xla/stream_executor/cuda/cuda_status.cc:45
external/xla/xla/stream_executor/cuda/cuda_device_allocator.cc:226
external/xla/xla/stream_executor/cuda/cuda_device_allocator.cc:403

E0820 14:24:18.153165 3200216 cuda_executor.cc:1176] [0] Failed to allocate device memory of 2.2KiB (2304 bytes): RESOURCE_EXHAUSTED: : CUDA_ERROR_OUT_OF_MEMORY: out of memory
=== Source Location Trace: ===
external/xla/xla/stream_executor/cuda/cuda_status.cc:45
external/xla/xla/stream_executor/cuda/cuda_device_allocator.cc:226
external/xla/xla/stream_executor/cuda/cuda_device_allocator.cc:403

E0820 14:24:18.153874 3200216 cuda_executor.cc:1176] [0] Failed to allocate device memory of 2.2KiB (2304 bytes): RESOURCE_EXHAUSTED: : CUDA_ERROR_OUT_OF_MEMORY: out of memory
=== Source Location Trace: ===
external/xla/xla/stream_executor/cuda/cuda_status.cc:45
external/xla/xla/stream_executor/cuda/cuda_device_allocator.cc:226
external/xla/xla/stream_executor/cuda/cuda_device_allocator.cc:403

E0820 14:24:18.154597 3200216 cuda_executor.cc:1176] [0] Failed to allocate device memory of 2.2KiB (2304 bytes): RESOURCE_EXHAUSTED: : CUDA_ERROR_OUT_OF_MEMORY: out of memory
=== Source Location Trace: ===
external/xla/xla/stream_executor/cuda/cuda_status.cc:45
external/xla/xla/stream_executor/cuda/cuda_device_allocator.cc:226
external/xla/xla/stream_executor/cuda/cuda_device_allocator.cc:403

E0820 14:24:18.155241 3200216 cuda_executor.cc:1176] [0] Failed to allocate device memory of 2.2KiB (2304 bytes): RESOURCE_EXHAUSTED: : CUDA_ERROR_OUT_OF_MEMORY: out of memory
=== Source Location Trace: ===
external/xla/xla/stream_executor/cuda/cuda_status.cc:45
external/xla/xla/stream_executor/cuda/cuda_device_allocator.cc:226
external/xla/xla/stream_executor/cuda/cuda_device_allocator.cc:403

E0820 14:24:18.155878 3200216 cuda_executor.cc:1176] [0] Failed to allocate device memory of 2.2KiB (2304 bytes): RESOURCE_EXHAUSTED: : CUDA_ERROR_OUT_OF_MEMORY: out of memory
=== Source Location Trace: ===
external/xla/xla/stream_executor/cuda/cuda_status.cc:45
external/xla/xla/stream_executor/cuda/cuda_device_allocator.cc:226
external/xla/xla/stream_executor/cuda/cuda_device_allocator.cc:403

E0820 14:24:18.156613 3200216 cuda_executor.cc:1176] [0] Failed to allocate device memory of 2.2KiB (2304 bytes): RESOURCE_EXHAUSTED: : CUDA_ERROR_OUT_OF_MEMORY: out of memory
=== Source Location Trace: ===
external/xla/xla/stream_executor/cuda/cuda_status.cc:45
external/xla/xla/stream_executor/cuda/cuda_device_allocator.cc:226
external/xla/xla/stream_executor/cuda/cuda_device_allocator.cc:403

E0820 14:24:18.157260 3200216 cuda_executor.cc:1176] [0] Failed to allocate device memory of 2.2KiB (2304 bytes): RESOURCE_EXHAUSTED: : CUDA_ERROR_OUT_OF_MEMORY: out of memory
=== Source Location Trace: ===
external/xla/xla/stream_executor/cuda/cuda_status.cc:45
external/xla/xla/stream_executor/cuda/cuda_device_allocator.cc:226
external/xla/xla/stream_executor/cuda/cuda_device_allocator.cc:403

E0820 14:24:18.157892 3200216 cuda_executor.cc:1176] [0] Failed to allocate device memory of 2.2KiB (2304 bytes): RESOURCE_EXHAUSTED: : CUDA_ERROR_OUT_OF_MEMORY: out of memory
=== Source Location Trace: ===
external/xla/xla/stream_executor/cuda/cuda_status.cc:45
external/xla/xla/stream_executor/cuda/cuda_device_allocator.cc:226
external/xla/xla/stream_executor/cuda/cuda_device_allocator.cc:403

E0820 14:24:18.158628 3200216 cuda_executor.cc:1176] [0] Failed to allocate device memory of 2.2KiB (2304 bytes): RESOURCE_EXHAUSTED: : CUDA_ERROR_OUT_OF_MEMORY: out of memory
=== Source Location Trace: ===
external/xla/xla/stream_executor/cuda/cuda_status.cc:45
external/xla/xla/stream_executor/cuda/cuda_device_allocator.cc:226
external/xla/xla/stream_executor/cuda/cuda_device_allocator.cc:403

E0820 14:24:18.159295 3200216 cuda_executor.cc:1176] [0] Failed to allocate device memory of 2.2KiB (2304 bytes): RESOURCE_EXHAUSTED: : CUDA_ERROR_OUT_OF_MEMORY: out of memory
=== Source Location Trace: ===
external/xla/xla/stream_executor/cuda/cuda_status.cc:45
external/xla/xla/stream_executor/cuda/cuda_device_allocator.cc:226
external/xla/xla/stream_executor/cuda/cuda_device_allocator.cc:403

E0820 14:24:18.159942 3200216 cuda_executor.cc:1176] [0] Failed to allocate device memory of 2.2KiB (2304 bytes): RESOURCE_EXHAUSTED: : CUDA_ERROR_OUT_OF_MEMORY: out of memory
=== Source Location Trace: ===
external/xla/xla/stream_executor/cuda/cuda_status.cc:45
external/xla/xla/stream_executor/cuda/cuda_device_allocator.cc:226
external/xla/xla/stream_executor/cuda/cuda_device_allocator.cc:403

E0820 14:24:18.160612 3200216 cuda_executor.cc:1176] [0] Failed to allocate device memory of 2.2KiB (2304 bytes): RESOURCE_EXHAUSTED: : CUDA_ERROR_OUT_OF_MEMORY: out of memory
=== Source Location Trace: ===
external/xla/xla/stream_executor/cuda/cuda_status.cc:45
external/xla/xla/stream_executor/cuda/cuda_device_allocator.cc:226
external/xla/xla/stream_executor/cuda/cuda_device_allocator.cc:403

E0820 14:24:18.161282 3200216 cuda_executor.cc:1176] [0] Failed to allocate device memory of 2.2KiB (2304 bytes): RESOURCE_EXHAUSTED: : CUDA_ERROR_OUT_OF_MEMORY: out of memory
=== Source Location Trace: ===
external/xla/xla/stream_executor/cuda/cuda_status.cc:45
external/xla/xla/stream_executor/cuda/cuda_device_allocator.cc:226
external/xla/xla/stream_executor/cuda/cuda_device_allocator.cc:403

E0820 14:24:18.161936 3200216 cuda_executor.cc:1176] [0] Failed to allocate device memory of 2.2KiB (2304 bytes): RESOURCE_EXHAUSTED: : CUDA_ERROR_OUT_OF_MEMORY: out of memory
=== Source Location Trace: ===
external/xla/xla/stream_executor/cuda/cuda_status.cc:45
external/xla/xla/stream_executor/cuda/cuda_device_allocator.cc:226
external/xla/xla/stream_executor/cuda/cuda_device_allocator.cc:403

E0820 14:24:18.162605 3200216 cuda_executor.cc:1176] [0] Failed to allocate device memory of 2.2KiB (2304 bytes): RESOURCE_EXHAUSTED: : CUDA_ERROR_OUT_OF_MEMORY: out of memory
=== Source Location Trace: ===
external/xla/xla/stream_executor/cuda/cuda_status.cc:45
external/xla/xla/stream_executor/cuda/cuda_device_allocator.cc:226
external/xla/xla/stream_executor/cuda/cuda_device_allocator.cc:403

E0820 14:24:18.163272 3200216 cuda_executor.cc:1176] [0] Failed to allocate device memory of 2.2KiB (2304 bytes): RESOURCE_EXHAUSTED: : CUDA_ERROR_OUT_OF_MEMORY: out of memory
=== Source Location Trace: ===
external/xla/xla/stream_executor/cuda/cuda_status.cc:45
external/xla/xla/stream_executor/cuda/cuda_device_allocator.cc:226
external/xla/xla/stream_executor/cuda/cuda_device_allocator.cc:403

E0820 14:24:18.163929 3200216 cuda_executor.cc:1176] [0] Failed to allocate device memory of 2.2KiB (2304 bytes): RESOURCE_EXHAUSTED: : CUDA_ERROR_OUT_OF_MEMORY: out of memory
=== Source Location Trace: ===
external/xla/xla/stream_executor/cuda/cuda_status.cc:45
external/xla/xla/stream_executor/cuda/cuda_device_allocator.cc:226
external/xla/xla/stream_executor/cuda/cuda_device_allocator.cc:403

E0820 14:24:18.164599 3200216 cuda_executor.cc:1176] [0] Failed to allocate device memory of 2.2KiB (2304 bytes): RESOURCE_EXHAUSTED: : CUDA_ERROR_OUT_OF_MEMORY: out of memory
=== Source Location Trace: ===
external/xla/xla/stream_executor/cuda/cuda_status.cc:45
external/xla/xla/stream_executor/cuda/cuda_device_allocator.cc:226
external/xla/xla/stream_executor/cuda/cuda_device_allocator.cc:403

E0820 14:24:18.165265 3200216 cuda_executor.cc:1176] [0] Failed to allocate device memory of 2.2KiB (2304 bytes): RESOURCE_EXHAUSTED: : CUDA_ERROR_OUT_OF_MEMORY: out of memory
=== Source Location Trace: ===
external/xla/xla/stream_executor/cuda/cuda_status.cc:45
external/xla/xla/stream_executor/cuda/cuda_device_allocator.cc:226
external/xla/xla/stream_executor/cuda/cuda_device_allocator.cc:403

E0820 14:24:18.165918 3200216 cuda_executor.cc:1176] [0] Failed to allocate device memory of 2.2KiB (2304 bytes): RESOURCE_EXHAUSTED: : CUDA_ERROR_OUT_OF_MEMORY: out of memory
=== Source Location Trace: ===
external/xla/xla/stream_executor/cuda/cuda_status.cc:45
external/xla/xla/stream_executor/cuda/cuda_device_allocator.cc:226
external/xla/xla/stream_executor/cuda/cuda_device_allocator.cc:403

E0820 14:24:18.166581 3200216 cuda_executor.cc:1176] [0] Failed to allocate device memory of 2.2KiB (2304 bytes): RESOURCE_EXHAUSTED: : CUDA_ERROR_OUT_OF_MEMORY: out of memory
=== Source Location Trace: ===
external/xla/xla/stream_executor/cuda/cuda_status.cc:45
external/xla/xla/stream_executor/cuda/cuda_device_allocator.cc:226
external/xla/xla/stream_executor/cuda/cuda_device_allocator.cc:403

E0820 14:24:18.167244 3200216 cuda_executor.cc:1176] [0] Failed to allocate device memory of 2.2KiB (2304 bytes): RESOURCE_EXHAUSTED: : CUDA_ERROR_OUT_OF_MEMORY: out of memory
=== Source Location Trace: ===
external/xla/xla/stream_executor/cuda/cuda_status.cc:45
external/xla/xla/stream_executor/cuda/cuda_device_allocator.cc:226
external/xla/xla/stream_executor/cuda/cuda_device_allocator.cc:403

E0820 14:24:18.167898 3200216 cuda_executor.cc:1176] [0] Failed to allocate device memory of 2.2KiB (2304 bytes): RESOURCE_EXHAUSTED: : CUDA_ERROR_OUT_OF_MEMORY: out of memory
=== Source Location Trace: ===
external/xla/xla/stream_executor/cuda/cuda_status.cc:45
external/xla/xla/stream_executor/cuda/cuda_device_allocator.cc:226
external/xla/xla/stream_executor/cuda/cuda_device_allocator.cc:403

E0820 14:24:18.168653 3200216 cuda_executor.cc:1176] [0] Failed to allocate device memory of 2.2KiB (2304 bytes): RESOURCE_EXHAUSTED: : CUDA_ERROR_OUT_OF_MEMORY: out of memory
=== Source Location Trace: ===
external/xla/xla/stream_executor/cuda/cuda_status.cc:45
external/xla/xla/stream_executor/cuda/cuda_device_allocator.cc:226
external/xla/xla/stream_executor/cuda/cuda_device_allocator.cc:403

E0820 14:24:18.169327 3200216 cuda_executor.cc:1176] [0] Failed to allocate device memory of 2.2KiB (2304 bytes): RESOURCE_EXHAUSTED: : CUDA_ERROR_OUT_OF_MEMORY: out of memory
=== Source Location Trace: ===
external/xla/xla/stream_executor/cuda/cuda_status.cc:45
external/xla/xla/stream_executor/cuda/cuda_device_allocator.cc:226
external/xla/xla/stream_executor/cuda/cuda_device_allocator.cc:403

E0820 14:24:18.169973 3200216 cuda_executor.cc:1176] [0] Failed to allocate device memory of 2.2KiB (2304 bytes): RESOURCE_EXHAUSTED: : CUDA_ERROR_OUT_OF_MEMORY: out of memory
=== Source Location Trace: ===
external/xla/xla/stream_executor/cuda/cuda_status.cc:45
external/xla/xla/stream_executor/cuda/cuda_device_allocator.cc:226
external/xla/xla/stream_executor/cuda/cuda_device_allocator.cc:403

E0820 14:24:18.170656 3200216 cuda_executor.cc:1176] [0] Failed to allocate device memory of 2.2KiB (2304 bytes): RESOURCE_EXHAUSTED: : CUDA_ERROR_OUT_OF_MEMORY: out of memory
=== Source Location Trace: ===
external/xla/xla/stream_executor/cuda/cuda_status.cc:45
external/xla/xla/stream_executor/cuda/cuda_device_allocator.cc:226
external/xla/xla/stream_executor/cuda/cuda_device_allocator.cc:403

E0820 14:24:18.171343 3200216 cuda_executor.cc:1176] [0] Failed to allocate device memory of 2.2KiB (2304 bytes): RESOURCE_EXHAUSTED: : CUDA_ERROR_OUT_OF_MEMORY: out of memory
=== Source Location Trace: ===
external/xla/xla/stream_executor/cuda/cuda_status.cc:45
external/xla/xla/stream_executor/cuda/cuda_device_allocator.cc:226
external/xla/xla/stream_executor/cuda/cuda_device_allocator.cc:403

E0820 14:24:18.171989 3200216 cuda_executor.cc:1176] [0] Failed to allocate device memory of 2.2KiB (2304 bytes): RESOURCE_EXHAUSTED: : CUDA_ERROR_OUT_OF_MEMORY: out of memory
=== Source Location Trace: ===
external/xla/xla/stream_executor/cuda/cuda_status.cc:45
external/xla/xla/stream_executor/cuda/cuda_device_allocator.cc:226
external/xla/xla/stream_executor/cuda/cuda_device_allocator.cc:403

E0820 14:24:18.172679 3200216 cuda_executor.cc:1176] [0] Failed to allocate device memory of 2.2KiB (2304 bytes): RESOURCE_EXHAUSTED: : CUDA_ERROR_OUT_OF_MEMORY: out of memory
=== Source Location Trace: ===
external/xla/xla/stream_executor/cuda/cuda_status.cc:45
external/xla/xla/stream_executor/cuda/cuda_device_allocator.cc:226
external/xla/xla/stream_executor/cuda/cuda_device_allocator.cc:403

E0820 14:24:18.173371 3200216 cuda_executor.cc:1176] [0] Failed to allocate device memory of 2.2KiB (2304 bytes): RESOURCE_EXHAUSTED: : CUDA_ERROR_OUT_OF_MEMORY: out of memory
=== Source Location Trace: ===
external/xla/xla/stream_executor/cuda/cuda_status.cc:45
external/xla/xla/stream_executor/cuda/cuda_device_allocator.cc:226
external/xla/xla/stream_executor/cuda/cuda_device_allocator.cc:403

E0820 14:24:18.174026 3200216 cuda_executor.cc:1176] [0] Failed to allocate device memory of 2.2KiB (2304 bytes): RESOURCE_EXHAUSTED: : CUDA_ERROR_OUT_OF_MEMORY: out of memory
=== Source Location Trace: ===
external/xla/xla/stream_executor/cuda/cuda_status.cc:45
external/xla/xla/stream_executor/cuda/cuda_device_allocator.cc:226
external/xla/xla/stream_executor/cuda/cuda_device_allocator.cc:403

E0820 14:24:18.174731 3200216 cuda_executor.cc:1176] [0] Failed to allocate device memory of 2.2KiB (2304 bytes): RESOURCE_EXHAUSTED: : CUDA_ERROR_OUT_OF_MEMORY: out of memory
=== Source Location Trace: ===
external/xla/xla/stream_executor/cuda/cuda_status.cc:45
external/xla/xla/stream_executor/cuda/cuda_device_allocator.cc:226
external/xla/xla/stream_executor/cuda/cuda_device_allocator.cc:403

E0820 14:24:18.175439 3200216 cuda_executor.cc:1176] [0] Failed to allocate device memory of 2.2KiB (2304 bytes): RESOURCE_EXHAUSTED: : CUDA_ERROR_OUT_OF_MEMORY: out of memory
=== Source Location Trace: ===
external/xla/xla/stream_executor/cuda/cuda_status.cc:45
external/xla/xla/stream_executor/cuda/cuda_device_allocator.cc:226
external/xla/xla/stream_executor/cuda/cuda_device_allocator.cc:403

E0820 14:24:18.176092 3200216 cuda_executor.cc:1176] [0] Failed to allocate device memory of 2.2KiB (2304 bytes): RESOURCE_EXHAUSTED: : CUDA_ERROR_OUT_OF_MEMORY: out of memory
=== Source Location Trace: ===
external/xla/xla/stream_executor/cuda/cuda_status.cc:45
external/xla/xla/stream_executor/cuda/cuda_device_allocator.cc:226
external/xla/xla/stream_executor/cuda/cuda_device_allocator.cc:403

E0820 14:24:18.176822 3200216 cuda_executor.cc:1176] [0] Failed to allocate device memory of 2.2KiB (2304 bytes): RESOURCE_EXHAUSTED: : CUDA_ERROR_OUT_OF_MEMORY: out of memory
=== Source Location Trace: ===
external/xla/xla/stream_executor/cuda/cuda_status.cc:45
external/xla/xla/stream_executor/cuda/cuda_device_allocator.cc:226
external/xla/xla/stream_executor/cuda/cuda_device_allocator.cc:403

E0820 14:24:18.177556 3200216 cuda_executor.cc:1176] [0] Failed to allocate device memory of 2.2KiB (2304 bytes): RESOURCE_EXHAUSTED: : CUDA_ERROR_OUT_OF_MEMORY: out of memory
=== Source Location Trace: ===
external/xla/xla/stream_executor/cuda/cuda_status.cc:45
external/xla/xla/stream_executor/cuda/cuda_device_allocator.cc:226
external/xla/xla/stream_executor/cuda/cuda_device_allocator.cc:403

E0820 14:24:18.178210 3200216 cuda_executor.cc:1176] [0] Failed to allocate device memory of 2.2KiB (2304 bytes): RESOURCE_EXHAUSTED: : CUDA_ERROR_OUT_OF_MEMORY: out of memory
=== Source Location Trace: ===
external/xla/xla/stream_executor/cuda/cuda_status.cc:45
external/xla/xla/stream_executor/cuda/cuda_device_allocator.cc:226
external/xla/xla/stream_executor/cuda/cuda_device_allocator.cc:403

E0820 14:24:18.178980 3200216 cuda_executor.cc:1176] [0] Failed to allocate device memory of 2.2KiB (2304 bytes): RESOURCE_EXHAUSTED: : CUDA_ERROR_OUT_OF_MEMORY: out of memory
=== Source Location Trace: ===
external/xla/xla/stream_executor/cuda/cuda_status.cc:45
external/xla/xla/stream_executor/cuda/cuda_device_allocator.cc:226
external/xla/xla/stream_executor/cuda/cuda_device_allocator.cc:403

E0820 14:24:18.179668 3200216 cuda_executor.cc:1176] [0] Failed to allocate device memory of 2.2KiB (2304 bytes): RESOURCE_EXHAUSTED: : CUDA_ERROR_OUT_OF_MEMORY: out of memory
=== Source Location Trace: ===
external/xla/xla/stream_executor/cuda/cuda_status.cc:45
external/xla/xla/stream_executor/cuda/cuda_device_allocator.cc:226
external/xla/xla/stream_executor/cuda/cuda_device_allocator.cc:403

E0820 14:24:18.180355 3200216 cuda_executor.cc:1176] [0] Failed to allocate device memory of 2.2KiB (2304 bytes): RESOURCE_EXHAUSTED: : CUDA_ERROR_OUT_OF_MEMORY: out of memory
=== Source Location Trace: ===
external/xla/xla/stream_executor/cuda/cuda_status.cc:45
external/xla/xla/stream_executor/cuda/cuda_device_allocator.cc:226
external/xla/xla/stream_executor/cuda/cuda_device_allocator.cc:403

E0820 14:24:18.181010 3200216 cuda_executor.cc:1176] [0] Failed to allocate device memory of 2.2KiB (2304 bytes): RESOURCE_EXHAUSTED: : CUDA_ERROR_OUT_OF_MEMORY: out of memory
=== Source Location Trace: ===
external/xla/xla/stream_executor/cuda/cuda_status.cc:45
external/xla/xla/stream_executor/cuda/cuda_device_allocator.cc:226
external/xla/xla/stream_executor/cuda/cuda_device_allocator.cc:403

E0820 14:24:18.181709 3200216 cuda_executor.cc:1176] [0] Failed to allocate device memory of 2.2KiB (2304 bytes): RESOURCE_EXHAUSTED: : CUDA_ERROR_OUT_OF_MEMORY: out of memory
=== Source Location Trace: ===
external/xla/xla/stream_executor/cuda/cuda_status.cc:45
external/xla/xla/stream_executor/cuda/cuda_device_allocator.cc:226
external/xla/xla/stream_executor/cuda/cuda_device_allocator.cc:403

E0820 14:24:18.182412 3200216 cuda_executor.cc:1176] [0] Failed to allocate device memory of 2.2KiB (2304 bytes): RESOURCE_EXHAUSTED: : CUDA_ERROR_OUT_OF_MEMORY: out of memory
=== Source Location Trace: ===
external/xla/xla/stream_executor/cuda/cuda_status.cc:45
external/xla/xla/stream_executor/cuda/cuda_device_allocator.cc:226
external/xla/xla/stream_executor/cuda/cuda_device_allocator.cc:403

E0820 14:24:18.183066 3200216 cuda_executor.cc:1176] [0] Failed to allocate device memory of 2.2KiB (2304 bytes): RESOURCE_EXHAUSTED: : CUDA_ERROR_OUT_OF_MEMORY: out of memory
=== Source Location Trace: ===
external/xla/xla/stream_executor/cuda/cuda_status.cc:45
external/xla/xla/stream_executor/cuda/cuda_device_allocator.cc:226
external/xla/xla/stream_executor/cuda/cuda_device_allocator.cc:403

E0820 14:24:18.183784 3200216 cuda_executor.cc:1176] [0] Failed to allocate device memory of 2.2KiB (2304 bytes): RESOURCE_EXHAUSTED: : CUDA_ERROR_OUT_OF_MEMORY: out of memory
=== Source Location Trace: ===
external/xla/xla/stream_executor/cuda/cuda_status.cc:45
external/xla/xla/stream_executor/cuda/cuda_device_allocator.cc:226
external/xla/xla/stream_executor/cuda/cuda_device_allocator.cc:403

E0820 14:24:18.184505 3200216 cuda_executor.cc:1176] [0] Failed to allocate device memory of 2.2KiB (2304 bytes): RESOURCE_EXHAUSTED: : CUDA_ERROR_OUT_OF_MEMORY: out of memory
=== Source Location Trace: ===
external/xla/xla/stream_executor/cuda/cuda_status.cc:45
external/xla/xla/stream_executor/cuda/cuda_device_allocator.cc:226
external/xla/xla/stream_executor/cuda/cuda_device_allocator.cc:403

E0820 14:24:18.185159 3200216 cuda_executor.cc:1176] [0] Failed to allocate device memory of 2.2KiB (2304 bytes): RESOURCE_EXHAUSTED: : CUDA_ERROR_OUT_OF_MEMORY: out of memory
=== Source Location Trace: ===
external/xla/xla/stream_executor/cuda/cuda_status.cc:45
external/xla/xla/stream_executor/cuda/cuda_device_allocator.cc:226
external/xla/xla/stream_executor/cuda/cuda_device_allocator.cc:403

E0820 14:24:18.185913 3200216 cuda_executor.cc:1176] [0] Failed to allocate device memory of 2.2KiB (2304 bytes): RESOURCE_EXHAUSTED: : CUDA_ERROR_OUT_OF_MEMORY: out of memory
=== Source Location Trace: ===
external/xla/xla/stream_executor/cuda/cuda_status.cc:45
external/xla/xla/stream_executor/cuda/cuda_device_allocator.cc:226
external/xla/xla/stream_executor/cuda/cuda_device_allocator.cc:403

E0820 14:24:18.186574 3200216 cuda_executor.cc:1176] [0] Failed to allocate device memory of 2.2KiB (2304 bytes): RESOURCE_EXHAUSTED: : CUDA_ERROR_OUT_OF_MEMORY: out of memory
=== Source Location Trace: ===
external/xla/xla/stream_executor/cuda/cuda_status.cc:45
external/xla/xla/stream_executor/cuda/cuda_device_allocator.cc:226
external/xla/xla/stream_executor/cuda/cuda_device_allocator.cc:403

E0820 14:24:18.187231 3200216 cuda_executor.cc:1176] [0] Failed to allocate device memory of 2.2KiB (2304 bytes): RESOURCE_EXHAUSTED: : CUDA_ERROR_OUT_OF_MEMORY: out of memory
=== Source Location Trace: ===
external/xla/xla/stream_executor/cuda/cuda_status.cc:45
external/xla/xla/stream_executor/cuda/cuda_device_allocator.cc:226
external/xla/xla/stream_executor/cuda/cuda_device_allocator.cc:403

E0820 14:24:18.187890 3200216 cuda_executor.cc:1176] [0] Failed to allocate device memory of 2.2KiB (2304 bytes): RESOURCE_EXHAUSTED: : CUDA_ERROR_OUT_OF_MEMORY: out of memory
=== Source Location Trace: ===
external/xla/xla/stream_executor/cuda/cuda_status.cc:45
external/xla/xla/stream_executor/cuda/cuda_device_allocator.cc:226
external/xla/xla/stream_executor/cuda/cuda_device_allocator.cc:403

E0820 14:24:18.188646 3200216 cuda_executor.cc:1176] [0] Failed to allocate device memory of 2.2KiB (2304 bytes): RESOURCE_EXHAUSTED: : CUDA_ERROR_OUT_OF_MEMORY: out of memory
=== Source Location Trace: ===
external/xla/xla/stream_executor/cuda/cuda_status.cc:45
external/xla/xla/stream_executor/cuda/cuda_device_allocator.cc:226
external/xla/xla/stream_executor/cuda/cuda_device_allocator.cc:403

E0820 14:24:18.189325 3200216 cuda_executor.cc:1176] [0] Failed to allocate device memory of 2.2KiB (2304 bytes): RESOURCE_EXHAUSTED: : CUDA_ERROR_OUT_OF_MEMORY: out of memory
=== Source Location Trace: ===
external/xla/xla/stream_executor/cuda/cuda_status.cc:45
external/xla/xla/stream_executor/cuda/cuda_device_allocator.cc:226
external/xla/xla/stream_executor/cuda/cuda_device_allocator.cc:403

E0820 14:24:18.189979 3200216 cuda_executor.cc:1176] [0] Failed to allocate device memory of 2.2KiB (2304 bytes): RESOURCE_EXHAUSTED: : CUDA_ERROR_OUT_OF_MEMORY: out of memory
=== Source Location Trace: ===
external/xla/xla/stream_executor/cuda/cuda_status.cc:45
external/xla/xla/stream_executor/cuda/cuda_device_allocator.cc:226
external/xla/xla/stream_executor/cuda/cuda_device_allocator.cc:403

E0820 14:24:18.190664 3200216 cuda_executor.cc:1176] [0] Failed to allocate device memory of 2.2KiB (2304 bytes): RESOURCE_EXHAUSTED: : CUDA_ERROR_OUT_OF_MEMORY: out of memory
=== Source Location Trace: ===
external/xla/xla/stream_executor/cuda/cuda_status.cc:45
external/xla/xla/stream_executor/cuda/cuda_device_allocator.cc:226
external/xla/xla/stream_executor/cuda/cuda_device_allocator.cc:403

E0820 14:24:18.191351 3200216 cuda_executor.cc:1176] [0] Failed to allocate device memory of 2.2KiB (2304 bytes): RESOURCE_EXHAUSTED: : CUDA_ERROR_OUT_OF_MEMORY: out of memory
=== Source Location Trace: ===
external/xla/xla/stream_executor/cuda/cuda_status.cc:45
external/xla/xla/stream_executor/cuda/cuda_device_allocator.cc:226
external/xla/xla/stream_executor/cuda/cuda_device_allocator.cc:403

E0820 14:24:18.192005 3200216 cuda_executor.cc:1176] [0] Failed to allocate device memory of 2.2KiB (2304 bytes): RESOURCE_EXHAUSTED: : CUDA_ERROR_OUT_OF_MEMORY: out of memory
=== Source Location Trace: ===
external/xla/xla/stream_executor/cuda/cuda_status.cc:45
external/xla/xla/stream_executor/cuda/cuda_device_allocator.cc:226
external/xla/xla/stream_executor/cuda/cuda_device_allocator.cc:403

E0820 14:24:18.192701 3200216 cuda_executor.cc:1176] [0] Failed to allocate device memory of 2.2KiB (2304 bytes): RESOURCE_EXHAUSTED: : CUDA_ERROR_OUT_OF_MEMORY: out of memory
=== Source Location Trace: ===
external/xla/xla/stream_executor/cuda/cuda_status.cc:45
external/xla/xla/stream_executor/cuda/cuda_device_allocator.cc:226
external/xla/xla/stream_executor/cuda/cuda_device_allocator.cc:403

E0820 14:24:18.193398 3200216 cuda_executor.cc:1176] [0] Failed to allocate device memory of 2.2KiB (2304 bytes): RESOURCE_EXHAUSTED: : CUDA_ERROR_OUT_OF_MEMORY: out of memory
=== Source Location Trace: ===
external/xla/xla/stream_executor/cuda/cuda_status.cc:45
external/xla/xla/stream_executor/cuda/cuda_device_allocator.cc:226
external/xla/xla/stream_executor/cuda/cuda_device_allocator.cc:403

E0820 14:24:18.194054 3200216 cuda_executor.cc:1176] [0] Failed to allocate device memory of 2.2KiB (2304 bytes): RESOURCE_EXHAUSTED: : CUDA_ERROR_OUT_OF_MEMORY: out of memory
=== Source Location Trace: ===
external/xla/xla/stream_executor/cuda/cuda_status.cc:45
external/xla/xla/stream_executor/cuda/cuda_device_allocator.cc:226
external/xla/xla/stream_executor/cuda/cuda_device_allocator.cc:403

E0820 14:24:18.194770 3200216 cuda_executor.cc:1176] [0] Failed to allocate device memory of 2.2KiB (2304 bytes): RESOURCE_EXHAUSTED: : CUDA_ERROR_OUT_OF_MEMORY: out of memory
=== Source Location Trace: ===
external/xla/xla/stream_executor/cuda/cuda_status.cc:45
external/xla/xla/stream_executor/cuda/cuda_device_allocator.cc:226
external/xla/xla/stream_executor/cuda/cuda_device_allocator.cc:403

E0820 14:24:18.195492 3200216 cuda_executor.cc:1176] [0] Failed to allocate device memory of 2.2KiB (2304 bytes): RESOURCE_EXHAUSTED: : CUDA_ERROR_OUT_OF_MEMORY: out of memory
=== Source Location Trace: ===
external/xla/xla/stream_executor/cuda/cuda_status.cc:45
external/xla/xla/stream_executor/cuda/cuda_device_allocator.cc:226
external/xla/xla/stream_executor/cuda/cuda_device_allocator.cc:403

E0820 14:24:18.196146 3200216 cuda_executor.cc:1176] [0] Failed to allocate device memory of 2.2KiB (2304 bytes): RESOURCE_EXHAUSTED: : CUDA_ERROR_OUT_OF_MEMORY: out of memory
=== Source Location Trace: ===
external/xla/xla/stream_executor/cuda/cuda_status.cc:45
external/xla/xla/stream_executor/cuda/cuda_device_allocator.cc:226
external/xla/xla/stream_executor/cuda/cuda_device_allocator.cc:403

E0820 14:24:18.245150 3200216 cuda_executor.cc:1176] [0] Failed to allocate device memory of 2.2KiB (2304 bytes): RESOURCE_EXHAUSTED: : CUDA_ERROR_OUT_OF_MEMORY: out of memory
=== Source Location Trace: ===
external/xla/xla/stream_executor/cuda/cuda_status.cc:45
external/xla/xla/stream_executor/cuda/cuda_device_allocator.cc:226
external/xla/xla/stream_executor/cuda/cuda_device_allocator.cc:403

E0820 14:24:18.245855 3200216 cuda_executor.cc:1176] [0] Failed to allocate device memory of 2.2KiB (2304 bytes): RESOURCE_EXHAUSTED: : CUDA_ERROR_OUT_OF_MEMORY: out of memory
=== Source Location Trace: ===
external/xla/xla/stream_executor/cuda/cuda_status.cc:45
external/xla/xla/stream_executor/cuda/cuda_device_allocator.cc:226
external/xla/xla/stream_executor/cuda/cuda_device_allocator.cc:403

E0820 14:24:18.246544 3200216 cuda_executor.cc:1176] [0] Failed to allocate device memory of 2.2KiB (2304 bytes): RESOURCE_EXHAUSTED: : CUDA_ERROR_OUT_OF_MEMORY: out of memory
=== Source Location Trace: ===
external/xla/xla/stream_executor/cuda/cuda_status.cc:45
external/xla/xla/stream_executor/cuda/cuda_device_allocator.cc:226
external/xla/xla/stream_executor/cuda/cuda_device_allocator.cc:403

E0820 14:24:18.247163 3200216 cuda_executor.cc:1176] [0] Failed to allocate device memory of 2.2KiB (2304 bytes): RESOURCE_EXHAUSTED: : CUDA_ERROR_OUT_OF_MEMORY: out of memory
=== Source Location Trace: ===
external/xla/xla/stream_executor/cuda/cuda_status.cc:45
external/xla/xla/stream_executor/cuda/cuda_device_allocator.cc:226
external/xla/xla/stream_executor/cuda/cuda_device_allocator.cc:403

E0820 14:24:18.247889 3200216 cuda_executor.cc:1176] [0] Failed to allocate device memory of 2.2KiB (2304 bytes): RESOURCE_EXHAUSTED: : CUDA_ERROR_OUT_OF_MEMORY: out of memory
=== Source Location Trace: ===
external/xla/xla/stream_executor/cuda/cuda_status.cc:45
external/xla/xla/stream_executor/cuda/cuda_device_allocator.cc:226
external/xla/xla/stream_executor/cuda/cuda_device_allocator.cc:403

E0820 14:24:18.248622 3200216 cuda_executor.cc:1176] [0] Failed to allocate device memory of 2.2KiB (2304 bytes): RESOURCE_EXHAUSTED: : CUDA_ERROR_OUT_OF_MEMORY: out of memory
=== Source Location Trace: ===
external/xla/xla/stream_executor/cuda/cuda_status.cc:45
external/xla/xla/stream_executor/cuda/cuda_device_allocator.cc:226
external/xla/xla/stream_executor/cuda/cuda_device_allocator.cc:403

E0820 14:24:18.249281 3200216 cuda_executor.cc:1176] [0] Failed to allocate device memory of 2.2KiB (2304 bytes): RESOURCE_EXHAUSTED: : CUDA_ERROR_OUT_OF_MEMORY: out of memory
=== Source Location Trace: ===
external/xla/xla/stream_executor/cuda/cuda_status.cc:45
external/xla/xla/stream_executor/cuda/cuda_device_allocator.cc:226
external/xla/xla/stream_executor/cuda/cuda_device_allocator.cc:403

E0820 14:24:18.249914 3200216 cuda_executor.cc:1176] [0] Failed to allocate device memory of 2.2KiB (2304 bytes): RESOURCE_EXHAUSTED: : CUDA_ERROR_OUT_OF_MEMORY: out of memory
=== Source Location Trace: ===
external/xla/xla/stream_executor/cuda/cuda_status.cc:45
external/xla/xla/stream_executor/cuda/cuda_device_allocator.cc:226
external/xla/xla/stream_executor/cuda/cuda_device_allocator.cc:403

E0820 14:24:18.250559 3200216 cuda_executor.cc:1176] [0] Failed to allocate device memory of 2.2KiB (2304 bytes): RESOURCE_EXHAUSTED: : CUDA_ERROR_OUT_OF_MEMORY: out of memory
=== Source Location Trace: ===
external/xla/xla/stream_executor/cuda/cuda_status.cc:45
external/xla/xla/stream_executor/cuda/cuda_device_allocator.cc:226
external/xla/xla/stream_executor/cuda/cuda_device_allocator.cc:403

E0820 14:24:18.251196 3200216 cuda_executor.cc:1176] [0] Failed to allocate device memory of 2.2KiB (2304 bytes): RESOURCE_EXHAUSTED: : CUDA_ERROR_OUT_OF_MEMORY: out of memory
=== Source Location Trace: ===
external/xla/xla/stream_executor/cuda/cuda_status.cc:45
external/xla/xla/stream_executor/cuda/cuda_device_allocator.cc:226
external/xla/xla/stream_executor/cuda/cuda_device_allocator.cc:403

E0820 14:24:18.251939 3200216 cuda_executor.cc:1176] [0] Failed to allocate device memory of 2.2KiB (2304 bytes): RESOURCE_EXHAUSTED: : CUDA_ERROR_OUT_OF_MEMORY: out of memory
=== Source Location Trace: ===
external/xla/xla/stream_executor/cuda/cuda_status.cc:45
external/xla/xla/stream_executor/cuda/cuda_device_allocator.cc:226
external/xla/xla/stream_executor/cuda/cuda_device_allocator.cc:403

E0820 14:24:18.252581 3200216 cuda_executor.cc:1176] [0] Failed to allocate device memory of 2.2KiB (2304 bytes): RESOURCE_EXHAUSTED: : CUDA_ERROR_OUT_OF_MEMORY: out of memory
=== Source Location Trace: ===
external/xla/xla/stream_executor/cuda/cuda_status.cc:45
external/xla/xla/stream_executor/cuda/cuda_device_allocator.cc:226
external/xla/xla/stream_executor/cuda/cuda_device_allocator.cc:403

E0820 14:24:18.253206 3200216 cuda_executor.cc:1176] [0] Failed to allocate device memory of 2.2KiB (2304 bytes): RESOURCE_EXHAUSTED: : CUDA_ERROR_OUT_OF_MEMORY: out of memory
=== Source Location Trace: ===
external/xla/xla/stream_executor/cuda/cuda_status.cc:45
external/xla/xla/stream_executor/cuda/cuda_device_allocator.cc:226
external/xla/xla/stream_executor/cuda/cuda_device_allocator.cc:403

E0820 14:24:18.253952 3200216 cuda_executor.cc:1176] [0] Failed to allocate device memory of 2.2KiB (2304 bytes): RESOURCE_EXHAUSTED: : CUDA_ERROR_OUT_OF_MEMORY: out of memory
=== Source Location Trace: ===
external/xla/xla/stream_executor/cuda/cuda_status.cc:45
external/xla/xla/stream_executor/cuda/cuda_device_allocator.cc:226
external/xla/xla/stream_executor/cuda/cuda_device_allocator.cc:403

E0820 14:24:18.254612 3200216 cuda_executor.cc:1176] [0] Failed to allocate device memory of 2.2KiB (2304 bytes): RESOURCE_EXHAUSTED: : CUDA_ERROR_OUT_OF_MEMORY: out of memory
=== Source Location Trace: ===
external/xla/xla/stream_executor/cuda/cuda_status.cc:45
external/xla/xla/stream_executor/cuda/cuda_device_allocator.cc:226
external/xla/xla/stream_executor/cuda/cuda_device_allocator.cc:403

E0820 14:24:18.255257 3200216 cuda_executor.cc:1176] [0] Failed to allocate device memory of 2.2KiB (2304 bytes): RESOURCE_EXHAUSTED: : CUDA_ERROR_OUT_OF_MEMORY: out of memory
=== Source Location Trace: ===
external/xla/xla/stream_executor/cuda/cuda_status.cc:45
external/xla/xla/stream_executor/cuda/cuda_device_allocator.cc:226
external/xla/xla/stream_executor/cuda/cuda_device_allocator.cc:403

E0820 14:24:18.255897 3200216 cuda_executor.cc:1176] [0] Failed to allocate device memory of 2.2KiB (2304 bytes): RESOURCE_EXHAUSTED: : CUDA_ERROR_OUT_OF_MEMORY: out of memory
=== Source Location Trace: ===
external/xla/xla/stream_executor/cuda/cuda_status.cc:45
external/xla/xla/stream_executor/cuda/cuda_device_allocator.cc:226
external/xla/xla/stream_executor/cuda/cuda_device_allocator.cc:403

E0820 14:24:18.256647 3200216 cuda_executor.cc:1176] [0] Failed to allocate device memory of 2.2KiB (2304 bytes): RESOURCE_EXHAUSTED: : CUDA_ERROR_OUT_OF_MEMORY: out of memory
=== Source Location Trace: ===
external/xla/xla/stream_executor/cuda/cuda_status.cc:45
external/xla/xla/stream_executor/cuda/cuda_device_allocator.cc:226
external/xla/xla/stream_executor/cuda/cuda_device_allocator.cc:403

E0820 14:24:18.257313 3200216 cuda_executor.cc:1176] [0] Failed to allocate device memory of 2.2KiB (2304 bytes): RESOURCE_EXHAUSTED: : CUDA_ERROR_OUT_OF_MEMORY: out of memory
=== Source Location Trace: ===
external/xla/xla/stream_executor/cuda/cuda_status.cc:45
external/xla/xla/stream_executor/cuda/cuda_device_allocator.cc:226
external/xla/xla/stream_executor/cuda/cuda_device_allocator.cc:403

E0820 14:24:18.257961 3200216 cuda_executor.cc:1176] [0] Failed to allocate device memory of 2.2KiB (2304 bytes): RESOURCE_EXHAUSTED: : CUDA_ERROR_OUT_OF_MEMORY: out of memory
=== Source Location Trace: ===
external/xla/xla/stream_executor/cuda/cuda_status.cc:45
external/xla/xla/stream_executor/cuda/cuda_device_allocator.cc:226
external/xla/xla/stream_executor/cuda/cuda_device_allocator.cc:403

E0820 14:24:18.258640 3200216 cuda_executor.cc:1176] [0] Failed to allocate device memory of 2.2KiB (2304 bytes): RESOURCE_EXHAUSTED: : CUDA_ERROR_OUT_OF_MEMORY: out of memory
=== Source Location Trace: ===
external/xla/xla/stream_executor/cuda/cuda_status.cc:45
external/xla/xla/stream_executor/cuda/cuda_device_allocator.cc:226
external/xla/xla/stream_executor/cuda/cuda_device_allocator.cc:403

E0820 14:24:18.259318 3200216 cuda_executor.cc:1176] [0] Failed to allocate device memory of 2.2KiB (2304 bytes): RESOURCE_EXHAUSTED: : CUDA_ERROR_OUT_OF_MEMORY: out of memory
=== Source Location Trace: ===
external/xla/xla/stream_executor/cuda/cuda_status.cc:45
external/xla/xla/stream_executor/cuda/cuda_device_allocator.cc:226
external/xla/xla/stream_executor/cuda/cuda_device_allocator.cc:403

E0820 14:24:18.259974 3200216 cuda_executor.cc:1176] [0] Failed to allocate device memory of 2.2KiB (2304 bytes): RESOURCE_EXHAUSTED: : CUDA_ERROR_OUT_OF_MEMORY: out of memory
=== Source Location Trace: ===
external/xla/xla/stream_executor/cuda/cuda_status.cc:45
external/xla/xla/stream_executor/cuda/cuda_device_allocator.cc:226
external/xla/xla/stream_executor/cuda/cuda_device_allocator.cc:403

E0820 14:24:18.260651 3200216 cuda_executor.cc:1176] [0] Failed to allocate device memory of 2.2KiB (2304 bytes): RESOURCE_EXHAUSTED: : CUDA_ERROR_OUT_OF_MEMORY: out of memory
=== Source Location Trace: ===
external/xla/xla/stream_executor/cuda/cuda_status.cc:45
external/xla/xla/stream_executor/cuda/cuda_device_allocator.cc:226
external/xla/xla/stream_executor/cuda/cuda_device_allocator.cc:403

E0820 14:24:18.261333 3200216 cuda_executor.cc:1176] [0] Failed to allocate device memory of 2.2KiB (2304 bytes): RESOURCE_EXHAUSTED: : CUDA_ERROR_OUT_OF_MEMORY: out of memory
=== Source Location Trace: ===
external/xla/xla/stream_executor/cuda/cuda_status.cc:45
external/xla/xla/stream_executor/cuda/cuda_device_allocator.cc:226
external/xla/xla/stream_executor/cuda/cuda_device_allocator.cc:403

E0820 14:24:18.261982 3200216 cuda_executor.cc:1176] [0] Failed to allocate device memory of 2.2KiB (2304 bytes): RESOURCE_EXHAUSTED: : CUDA_ERROR_OUT_OF_MEMORY: out of memory
=== Source Location Trace: ===
external/xla/xla/stream_executor/cuda/cuda_status.cc:45
external/xla/xla/stream_executor/cuda/cuda_device_allocator.cc:226
external/xla/xla/stream_executor/cuda/cuda_device_allocator.cc:403

E0820 14:24:18.262671 3200216 cuda_executor.cc:1176] [0] Failed to allocate device memory of 2.2KiB (2304 bytes): RESOURCE_EXHAUSTED: : CUDA_ERROR_OUT_OF_MEMORY: out of memory
=== Source Location Trace: ===
external/xla/xla/stream_executor/cuda/cuda_status.cc:45
external/xla/xla/stream_executor/cuda/cuda_device_allocator.cc:226
external/xla/xla/stream_executor/cuda/cuda_device_allocator.cc:403

E0820 14:24:18.263359 3200216 cuda_executor.cc:1176] [0] Failed to allocate device memory of 2.2KiB (2304 bytes): RESOURCE_EXHAUSTED: : CUDA_ERROR_OUT_OF_MEMORY: out of memory
=== Source Location Trace: ===
external/xla/xla/stream_executor/cuda/cuda_status.cc:45
external/xla/xla/stream_executor/cuda/cuda_device_allocator.cc:226
external/xla/xla/stream_executor/cuda/cuda_device_allocator.cc:403

E0820 14:24:18.264013 3200216 cuda_executor.cc:1176] [0] Failed to allocate device memory of 2.2KiB (2304 bytes): RESOURCE_EXHAUSTED: : CUDA_ERROR_OUT_OF_MEMORY: out of memory
=== Source Location Trace: ===
external/xla/xla/stream_executor/cuda/cuda_status.cc:45
external/xla/xla/stream_executor/cuda/cuda_device_allocator.cc:226
external/xla/xla/stream_executor/cuda/cuda_device_allocator.cc:403

E0820 14:24:18.264714 3200216 cuda_executor.cc:1176] [0] Failed to allocate device memory of 2.2KiB (2304 bytes): RESOURCE_EXHAUSTED: : CUDA_ERROR_OUT_OF_MEMORY: out of memory
=== Source Location Trace: ===
external/xla/xla/stream_executor/cuda/cuda_status.cc:45
external/xla/xla/stream_executor/cuda/cuda_device_allocator.cc:226
external/xla/xla/stream_executor/cuda/cuda_device_allocator.cc:403

E0820 14:24:18.265418 3200216 cuda_executor.cc:1176] [0] Failed to allocate device memory of 2.2KiB (2304 bytes): RESOURCE_EXHAUSTED: : CUDA_ERROR_OUT_OF_MEMORY: out of memory
=== Source Location Trace: ===
external/xla/xla/stream_executor/cuda/cuda_status.cc:45
external/xla/xla/stream_executor/cuda/cuda_device_allocator.cc:226
external/xla/xla/stream_executor/cuda/cuda_device_allocator.cc:403

E0820 14:24:18.266071 3200216 cuda_executor.cc:1176] [0] Failed to allocate device memory of 2.2KiB (2304 bytes): RESOURCE_EXHAUSTED: : CUDA_ERROR_OUT_OF_MEMORY: out of memory
=== Source Location Trace: ===
external/xla/xla/stream_executor/cuda/cuda_status.cc:45
external/xla/xla/stream_executor/cuda/cuda_device_allocator.cc:226
external/xla/xla/stream_executor/cuda/cuda_device_allocator.cc:403

E0820 14:24:18.266793 3200216 cuda_executor.cc:1176] [0] Failed to allocate device memory of 2.2KiB (2304 bytes): RESOURCE_EXHAUSTED: : CUDA_ERROR_OUT_OF_MEMORY: out of memory
=== Source Location Trace: ===
external/xla/xla/stream_executor/cuda/cuda_status.cc:45
external/xla/xla/stream_executor/cuda/cuda_device_allocator.cc:226
external/xla/xla/stream_executor/cuda/cuda_device_allocator.cc:403

E0820 14:24:18.267519 3200216 cuda_executor.cc:1176] [0] Failed to allocate device memory of 2.2KiB (2304 bytes): RESOURCE_EXHAUSTED: : CUDA_ERROR_OUT_OF_MEMORY: out of memory
=== Source Location Trace: ===
external/xla/xla/stream_executor/cuda/cuda_status.cc:45
external/xla/xla/stream_executor/cuda/cuda_device_allocator.cc:226
external/xla/xla/stream_executor/cuda/cuda_device_allocator.cc:403

E0820 14:24:18.268175 3200216 cuda_executor.cc:1176] [0] Failed to allocate device memory of 2.2KiB (2304 bytes): RESOURCE_EXHAUSTED: : CUDA_ERROR_OUT_OF_MEMORY: out of memory
=== Source Location Trace: ===
external/xla/xla/stream_executor/cuda/cuda_status.cc:45
external/xla/xla/stream_executor/cuda/cuda_device_allocator.cc:226
external/xla/xla/stream_executor/cuda/cuda_device_allocator.cc:403

E0820 14:24:18.268933 3200216 cuda_executor.cc:1176] [0] Failed to allocate device memory of 2.2KiB (2304 bytes): RESOURCE_EXHAUSTED: : CUDA_ERROR_OUT_OF_MEMORY: out of memory
=== Source Location Trace: ===
external/xla/xla/stream_executor/cuda/cuda_status.cc:45
external/xla/xla/stream_executor/cuda/cuda_device_allocator.cc:226
external/xla/xla/stream_executor/cuda/cuda_device_allocator.cc:403

E0820 14:24:18.269601 3200216 cuda_executor.cc:1176] [0] Failed to allocate device memory of 2.2KiB (2304 bytes): RESOURCE_EXHAUSTED: : CUDA_ERROR_OUT_OF_MEMORY: out of memory
=== Source Location Trace: ===
external/xla/xla/stream_executor/cuda/cuda_status.cc:45
external/xla/xla/stream_executor/cuda/cuda_device_allocator.cc:226
external/xla/xla/stream_executor/cuda/cuda_device_allocator.cc:403

E0820 14:24:18.270266 3200216 cuda_executor.cc:1176] [0] Failed to allocate device memory of 2.2KiB (2304 bytes): RESOURCE_EXHAUSTED: : CUDA_ERROR_OUT_OF_MEMORY: out of memory
=== Source Location Trace: ===
external/xla/xla/stream_executor/cuda/cuda_status.cc:45
external/xla/xla/stream_executor/cuda/cuda_device_allocator.cc:226
external/xla/xla/stream_executor/cuda/cuda_device_allocator.cc:403

E0820 14:24:18.270919 3200216 cuda_executor.cc:1176] [0] Failed to allocate device memory of 2.2KiB (2304 bytes): RESOURCE_EXHAUSTED: : CUDA_ERROR_OUT_OF_MEMORY: out of memory
=== Source Location Trace: ===
external/xla/xla/stream_executor/cuda/cuda_status.cc:45
external/xla/xla/stream_executor/cuda/cuda_device_allocator.cc:226
external/xla/xla/stream_executor/cuda/cuda_device_allocator.cc:403

E0820 14:24:18.271584 3200216 cuda_executor.cc:1176] [0] Failed to allocate device memory of 2.2KiB (2304 bytes): RESOURCE_EXHAUSTED: : CUDA_ERROR_OUT_OF_MEMORY: out of memory
=== Source Location Trace: ===
external/xla/xla/stream_executor/cuda/cuda_status.cc:45
external/xla/xla/stream_executor/cuda/cuda_device_allocator.cc:226
external/xla/xla/stream_executor/cuda/cuda_device_allocator.cc:403

E0820 14:24:18.272244 3200216 cuda_executor.cc:1176] [0] Failed to allocate device memory of 2.2KiB (2304 bytes): RESOURCE_EXHAUSTED: : CUDA_ERROR_OUT_OF_MEMORY: out of memory
=== Source Location Trace: ===
external/xla/xla/stream_executor/cuda/cuda_status.cc:45
external/xla/xla/stream_executor/cuda/cuda_device_allocator.cc:226
external/xla/xla/stream_executor/cuda/cuda_device_allocator.cc:403

E0820 14:24:18.272900 3200216 cuda_executor.cc:1176] [0] Failed to allocate device memory of 2.2KiB (2304 bytes): RESOURCE_EXHAUSTED: : CUDA_ERROR_OUT_OF_MEMORY: out of memory
=== Source Location Trace: ===
external/xla/xla/stream_executor/cuda/cuda_status.cc:45
external/xla/xla/stream_executor/cuda/cuda_device_allocator.cc:226
external/xla/xla/stream_executor/cuda/cuda_device_allocator.cc:403

E0820 14:24:18.273558 3200216 cuda_executor.cc:1176] [0] Failed to allocate device memory of 2.2KiB (2304 bytes): RESOURCE_EXHAUSTED: : CUDA_ERROR_OUT_OF_MEMORY: out of memory
=== Source Location Trace: ===
external/xla/xla/stream_executor/cuda/cuda_status.cc:45
external/xla/xla/stream_executor/cuda/cuda_device_allocator.cc:226
external/xla/xla/stream_executor/cuda/cuda_device_allocator.cc:403

E0820 14:24:18.274212 3200216 cuda_executor.cc:1176] [0] Failed to allocate device memory of 2.2KiB (2304 bytes): RESOURCE_EXHAUSTED: : CUDA_ERROR_OUT_OF_MEMORY: out of memory
=== Source Location Trace: ===
external/xla/xla/stream_executor/cuda/cuda_status.cc:45
external/xla/xla/stream_executor/cuda/cuda_device_allocator.cc:226
external/xla/xla/stream_executor/cuda/cuda_device_allocator.cc:403

E0820 14:24:18.274984 3200216 cuda_executor.cc:1176] [0] Failed to allocate device memory of 2.2KiB (2304 bytes): RESOURCE_EXHAUSTED: : CUDA_ERROR_OUT_OF_MEMORY: out of memory
=== Source Location Trace: ===
external/xla/xla/stream_executor/cuda/cuda_status.cc:45
external/xla/xla/stream_executor/cuda/cuda_device_allocator.cc:226
external/xla/xla/stream_executor/cuda/cuda_device_allocator.cc:403

E0820 14:24:18.275671 3200216 cuda_executor.cc:1176] [0] Failed to allocate device memory of 2.2KiB (2304 bytes): RESOURCE_EXHAUSTED: : CUDA_ERROR_OUT_OF_MEMORY: out of memory
=== Source Location Trace: ===
external/xla/xla/stream_executor/cuda/cuda_status.cc:45
external/xla/xla/stream_executor/cuda/cuda_device_allocator.cc:226
external/xla/xla/stream_executor/cuda/cuda_device_allocator.cc:403

E0820 14:24:18.276359 3200216 cuda_executor.cc:1176] [0] Failed to allocate device memory of 2.2KiB (2304 bytes): RESOURCE_EXHAUSTED: : CUDA_ERROR_OUT_OF_MEMORY: out of memory
=== Source Location Trace: ===
external/xla/xla/stream_executor/cuda/cuda_status.cc:45
external/xla/xla/stream_executor/cuda/cuda_device_allocator.cc:226
external/xla/xla/stream_executor/cuda/cuda_device_allocator.cc:403

E0820 14:24:18.277012 3200216 cuda_executor.cc:1176] [0] Failed to allocate device memory of 2.2KiB (2304 bytes): RESOURCE_EXHAUSTED: : CUDA_ERROR_OUT_OF_MEMORY: out of memory
=== Source Location Trace: ===
external/xla/xla/stream_executor/cuda/cuda_status.cc:45
external/xla/xla/stream_executor/cuda/cuda_device_allocator.cc:226
external/xla/xla/stream_executor/cuda/cuda_device_allocator.cc:403

E0820 14:24:18.277713 3200216 cuda_executor.cc:1176] [0] Failed to allocate device memory of 2.2KiB (2304 bytes): RESOURCE_EXHAUSTED: : CUDA_ERROR_OUT_OF_MEMORY: out of memory
=== Source Location Trace: ===
external/xla/xla/stream_executor/cuda/cuda_status.cc:45
external/xla/xla/stream_executor/cuda/cuda_device_allocator.cc:226
external/xla/xla/stream_executor/cuda/cuda_device_allocator.cc:403

E0820 14:24:18.278414 3200216 cuda_executor.cc:1176] [0] Failed to allocate device memory of 2.2KiB (2304 bytes): RESOURCE_EXHAUSTED: : CUDA_ERROR_OUT_OF_MEMORY: out of memory
=== Source Location Trace: ===
external/xla/xla/stream_executor/cuda/cuda_status.cc:45
external/xla/xla/stream_executor/cuda/cuda_device_allocator.cc:226
external/xla/xla/stream_executor/cuda/cuda_device_allocator.cc:403

E0820 14:24:18.279068 3200216 cuda_executor.cc:1176] [0] Failed to allocate device memory of 2.2KiB (2304 bytes): RESOURCE_EXHAUSTED: : CUDA_ERROR_OUT_OF_MEMORY: out of memory
=== Source Location Trace: ===
external/xla/xla/stream_executor/cuda/cuda_status.cc:45
external/xla/xla/stream_executor/cuda/cuda_device_allocator.cc:226
external/xla/xla/stream_executor/cuda/cuda_device_allocator.cc:403

E0820 14:24:18.279786 3200216 cuda_executor.cc:1176] [0] Failed to allocate device memory of 2.2KiB (2304 bytes): RESOURCE_EXHAUSTED: : CUDA_ERROR_OUT_OF_MEMORY: out of memory
=== Source Location Trace: ===
external/xla/xla/stream_executor/cuda/cuda_status.cc:45
external/xla/xla/stream_executor/cuda/cuda_device_allocator.cc:226
external/xla/xla/stream_executor/cuda/cuda_device_allocator.cc:403

E0820 14:24:18.280508 3200216 cuda_executor.cc:1176] [0] Failed to allocate device memory of 2.2KiB (2304 bytes): RESOURCE_EXHAUSTED: : CUDA_ERROR_OUT_OF_MEMORY: out of memory
=== Source Location Trace: ===
external/xla/xla/stream_executor/cuda/cuda_status.cc:45
external/xla/xla/stream_executor/cuda/cuda_device_allocator.cc:226
external/xla/xla/stream_executor/cuda/cuda_device_allocator.cc:403

E0820 14:24:18.281161 3200216 cuda_executor.cc:1176] [0] Failed to allocate device memory of 2.2KiB (2304 bytes): RESOURCE_EXHAUSTED: : CUDA_ERROR_OUT_OF_MEMORY: out of memory
=== Source Location Trace: ===
external/xla/xla/stream_executor/cuda/cuda_status.cc:45
external/xla/xla/stream_executor/cuda/cuda_device_allocator.cc:226
external/xla/xla/stream_executor/cuda/cuda_device_allocator.cc:403

E0820 14:24:18.281916 3200216 cuda_executor.cc:1176] [0] Failed to allocate device memory of 2.2KiB (2304 bytes): RESOURCE_EXHAUSTED: : CUDA_ERROR_OUT_OF_MEMORY: out of memory
=== Source Location Trace: ===
external/xla/xla/stream_executor/cuda/cuda_status.cc:45
external/xla/xla/stream_executor/cuda/cuda_device_allocator.cc:226
external/xla/xla/stream_executor/cuda/cuda_device_allocator.cc:403

E0820 14:24:18.282577 3200216 cuda_executor.cc:1176] [0] Failed to allocate device memory of 2.2KiB (2304 bytes): RESOURCE_EXHAUSTED: : CUDA_ERROR_OUT_OF_MEMORY: out of memory
=== Source Location Trace: ===
external/xla/xla/stream_executor/cuda/cuda_status.cc:45
external/xla/xla/stream_executor/cuda/cuda_device_allocator.cc:226
external/xla/xla/stream_executor/cuda/cuda_device_allocator.cc:403

E0820 14:24:18.283236 3200216 cuda_executor.cc:1176] [0] Failed to allocate device memory of 2.2KiB (2304 bytes): RESOURCE_EXHAUSTED: : CUDA_ERROR_OUT_OF_MEMORY: out of memory
=== Source Location Trace: ===
external/xla/xla/stream_executor/cuda/cuda_status.cc:45
external/xla/xla/stream_executor/cuda/cuda_device_allocator.cc:226
external/xla/xla/stream_executor/cuda/cuda_device_allocator.cc:403

E0820 14:24:18.283891 3200216 cuda_executor.cc:1176] [0] Failed to allocate device memory of 2.2KiB (2304 bytes): RESOURCE_EXHAUSTED: : CUDA_ERROR_OUT_OF_MEMORY: out of memory
=== Source Location Trace: ===
external/xla/xla/stream_executor/cuda/cuda_status.cc:45
external/xla/xla/stream_executor/cuda/cuda_device_allocator.cc:226
external/xla/xla/stream_executor/cuda/cuda_device_allocator.cc:403

E0820 14:24:18.284646 3200216 cuda_executor.cc:1176] [0] Failed to allocate device memory of 2.2KiB (2304 bytes): RESOURCE_EXHAUSTED: : CUDA_ERROR_OUT_OF_MEMORY: out of memory
=== Source Location Trace: ===
external/xla/xla/stream_executor/cuda/cuda_status.cc:45
external/xla/xla/stream_executor/cuda/cuda_device_allocator.cc:226
external/xla/xla/stream_executor/cuda/cuda_device_allocator.cc:403

E0820 14:24:18.285327 3200216 cuda_executor.cc:1176] [0] Failed to allocate device memory of 2.2KiB (2304 bytes): RESOURCE_EXHAUSTED: : CUDA_ERROR_OUT_OF_MEMORY: out of memory
=== Source Location Trace: ===
external/xla/xla/stream_executor/cuda/cuda_status.cc:45
external/xla/xla/stream_executor/cuda/cuda_device_allocator.cc:226
external/xla/xla/stream_executor/cuda/cuda_device_allocator.cc:403

E0820 14:24:18.285982 3200216 cuda_executor.cc:1176] [0] Failed to allocate device memory of 2.2KiB (2304 bytes): RESOURCE_EXHAUSTED: : CUDA_ERROR_OUT_OF_MEMORY: out of memory
=== Source Location Trace: ===
external/xla/xla/stream_executor/cuda/cuda_status.cc:45
external/xla/xla/stream_executor/cuda/cuda_device_allocator.cc:226
external/xla/xla/stream_executor/cuda/cuda_device_allocator.cc:403

E0820 14:24:18.286671 3200216 cuda_executor.cc:1176] [0] Failed to allocate device memory of 2.2KiB (2304 bytes): RESOURCE_EXHAUSTED: : CUDA_ERROR_OUT_OF_MEMORY: out of memory
=== Source Location Trace: ===
external/xla/xla/stream_executor/cuda/cuda_status.cc:45
external/xla/xla/stream_executor/cuda/cuda_device_allocator.cc:226
external/xla/xla/stream_executor/cuda/cuda_device_allocator.cc:403

E0820 14:24:18.287359 3200216 cuda_executor.cc:1176] [0] Failed to allocate device memory of 2.2KiB (2304 bytes): RESOURCE_EXHAUSTED: : CUDA_ERROR_OUT_OF_MEMORY: out of memory
=== Source Location Trace: ===
external/xla/xla/stream_executor/cuda/cuda_status.cc:45
external/xla/xla/stream_executor/cuda/cuda_device_allocator.cc:226
external/xla/xla/stream_executor/cuda/cuda_device_allocator.cc:403

E0820 14:24:18.288012 3200216 cuda_executor.cc:1176] [0] Failed to allocate device memory of 2.2KiB (2304 bytes): RESOURCE_EXHAUSTED: : CUDA_ERROR_OUT_OF_MEMORY: out of memory
=== Source Location Trace: ===
external/xla/xla/stream_executor/cuda/cuda_status.cc:45
external/xla/xla/stream_executor/cuda/cuda_device_allocator.cc:226
external/xla/xla/stream_executor/cuda/cuda_device_allocator.cc:403

E0820 14:24:18.288711 3200216 cuda_executor.cc:1176] [0] Failed to allocate device memory of 2.2KiB (2304 bytes): RESOURCE_EXHAUSTED: : CUDA_ERROR_OUT_OF_MEMORY: out of memory
=== Source Location Trace: ===
external/xla/xla/stream_executor/cuda/cuda_status.cc:45
external/xla/xla/stream_executor/cuda/cuda_device_allocator.cc:226
external/xla/xla/stream_executor/cuda/cuda_device_allocator.cc:403

E0820 14:24:18.289413 3200216 cuda_executor.cc:1176] [0] Failed to allocate device memory of 2.2KiB (2304 bytes): RESOURCE_EXHAUSTED: : CUDA_ERROR_OUT_OF_MEMORY: out of memory
=== Source Location Trace: ===
external/xla/xla/stream_executor/cuda/cuda_status.cc:45
external/xla/xla/stream_executor/cuda/cuda_device_allocator.cc:226
external/xla/xla/stream_executor/cuda/cuda_device_allocator.cc:403

E0820 14:24:18.290067 3200216 cuda_executor.cc:1176] [0] Failed to allocate device memory of 2.2KiB (2304 bytes): RESOURCE_EXHAUSTED: : CUDA_ERROR_OUT_OF_MEMORY: out of memory
=== Source Location Trace: ===
external/xla/xla/stream_executor/cuda/cuda_status.cc:45
external/xla/xla/stream_executor/cuda/cuda_device_allocator.cc:226
external/xla/xla/stream_executor/cuda/cuda_device_allocator.cc:403

E0820 14:24:18.345083 3200216 cuda_executor.cc:1176] [0] Failed to allocate device memory of 2.2KiB (2304 bytes): RESOURCE_EXHAUSTED: : CUDA_ERROR_OUT_OF_MEMORY: out of memory
=== Source Location Trace: ===
external/xla/xla/stream_executor/cuda/cuda_status.cc:45
external/xla/xla/stream_executor/cuda/cuda_device_allocator.cc:226
external/xla/xla/stream_executor/cuda/cuda_device_allocator.cc:403

E0820 14:24:18.345770 3200216 cuda_executor.cc:1176] [0] Failed to allocate device memory of 2.2KiB (2304 bytes): RESOURCE_EXHAUSTED: : CUDA_ERROR_OUT_OF_MEMORY: out of memory
=== Source Location Trace: ===
external/xla/xla/stream_executor/cuda/cuda_status.cc:45
external/xla/xla/stream_executor/cuda/cuda_device_allocator.cc:226
external/xla/xla/stream_executor/cuda/cuda_device_allocator.cc:403

E0820 14:24:18.346347 3200216 cuda_executor.cc:1176] [0] Failed to allocate device memory of 2.2KiB (2304 bytes): RESOURCE_EXHAUSTED: : CUDA_ERROR_OUT_OF_MEMORY: out of memory
=== Source Location Trace: ===
external/xla/xla/stream_executor/cuda/cuda_status.cc:45
external/xla/xla/stream_executor/cuda/cuda_device_allocator.cc:226
external/xla/xla/stream_executor/cuda/cuda_device_allocator.cc:403

E0820 14:24:18.346901 3200216 cuda_executor.cc:1176] [0] Failed to allocate device memory of 2.2KiB (2304 bytes): RESOURCE_EXHAUSTED: : CUDA_ERROR_OUT_OF_MEMORY: out of memory
=== Source Location Trace: ===
external/xla/xla/stream_executor/cuda/cuda_status.cc:45
external/xla/xla/stream_executor/cuda/cuda_device_allocator.cc:226
external/xla/xla/stream_executor/cuda/cuda_device_allocator.cc:403

E0820 14:24:18.347518 3200216 cuda_executor.cc:1176] [0] Failed to allocate device memory of 2.2KiB (2304 bytes): RESOURCE_EXHAUSTED: : CUDA_ERROR_OUT_OF_MEMORY: out of memory
=== Source Location Trace: ===
external/xla/xla/stream_executor/cuda/cuda_status.cc:45
external/xla/xla/stream_executor/cuda/cuda_device_allocator.cc:226
external/xla/xla/stream_executor/cuda/cuda_device_allocator.cc:403

E0820 14:24:18.348068 3200216 cuda_executor.cc:1176] [0] Failed to allocate device memory of 2.2KiB (2304 bytes): RESOURCE_EXHAUSTED: : CUDA_ERROR_OUT_OF_MEMORY: out of memory
=== Source Location Trace: ===
external/xla/xla/stream_executor/cuda/cuda_status.cc:45
external/xla/xla/stream_executor/cuda/cuda_device_allocator.cc:226
external/xla/xla/stream_executor/cuda/cuda_device_allocator.cc:403

E0820 14:24:18.348713 3200216 cuda_executor.cc:1176] [0] Failed to allocate device memory of 2.2KiB (2304 bytes): RESOURCE_EXHAUSTED: : CUDA_ERROR_OUT_OF_MEMORY: out of memory
=== Source Location Trace: ===
external/xla/xla/stream_executor/cuda/cuda_status.cc:45
external/xla/xla/stream_executor/cuda/cuda_device_allocator.cc:226
external/xla/xla/stream_executor/cuda/cuda_device_allocator.cc:403

E0820 14:24:18.349312 3200216 cuda_executor.cc:1176] [0] Failed to allocate device memory of 2.2KiB (2304 bytes): RESOURCE_EXHAUSTED: : CUDA_ERROR_OUT_OF_MEMORY: out of memory
=== Source Location Trace: ===
external/xla/xla/stream_executor/cuda/cuda_status.cc:45
external/xla/xla/stream_executor/cuda/cuda_device_allocator.cc:226
external/xla/xla/stream_executor/cuda/cuda_device_allocator.cc:403

E0820 14:24:18.349879 3200216 cuda_executor.cc:1176] [0] Failed to allocate device memory of 2.2KiB (2304 bytes): RESOURCE_EXHAUSTED: : CUDA_ERROR_OUT_OF_MEMORY: out of memory
=== Source Location Trace: ===
external/xla/xla/stream_executor/cuda/cuda_status.cc:45
external/xla/xla/stream_executor/cuda/cuda_device_allocator.cc:226
external/xla/xla/stream_executor/cuda/cuda_device_allocator.cc:403

E0820 14:24:18.350545 3200216 cuda_executor.cc:1176] [0] Failed to allocate device memory of 2.2KiB (2304 bytes): RESOURCE_EXHAUSTED: : CUDA_ERROR_OUT_OF_MEMORY: out of memory
=== Source Location Trace: ===
external/xla/xla/stream_executor/cuda/cuda_status.cc:45
external/xla/xla/stream_executor/cuda/cuda_device_allocator.cc:226
external/xla/xla/stream_executor/cuda/cuda_device_allocator.cc:403

E0820 14:24:18.351167 3200216 cuda_executor.cc:1176] [0] Failed to allocate device memory of 2.2KiB (2304 bytes): RESOURCE_EXHAUSTED: : CUDA_ERROR_OUT_OF_MEMORY: out of memory
=== Source Location Trace: ===
external/xla/xla/stream_executor/cuda/cuda_status.cc:45
external/xla/xla/stream_executor/cuda/cuda_device_allocator.cc:226
external/xla/xla/stream_executor/cuda/cuda_device_allocator.cc:403

E0820 14:24:18.351873 3200216 cuda_executor.cc:1176] [0] Failed to allocate device memory of 2.2KiB (2304 bytes): RESOURCE_EXHAUSTED: : CUDA_ERROR_OUT_OF_MEMORY: out of memory
=== Source Location Trace: ===
external/xla/xla/stream_executor/cuda/cuda_status.cc:45
external/xla/xla/stream_executor/cuda/cuda_device_allocator.cc:226
external/xla/xla/stream_executor/cuda/cuda_device_allocator.cc:403

E0820 14:24:18.352542 3200216 cuda_executor.cc:1176] [0] Failed to allocate device memory of 2.2KiB (2304 bytes): RESOURCE_EXHAUSTED: : CUDA_ERROR_OUT_OF_MEMORY: out of memory
=== Source Location Trace: ===
external/xla/xla/stream_executor/cuda/cuda_status.cc:45
external/xla/xla/stream_executor/cuda/cuda_device_allocator.cc:226
external/xla/xla/stream_executor/cuda/cuda_device_allocator.cc:403

E0820 14:24:18.353110 3200216 cuda_executor.cc:1176] [0] Failed to allocate device memory of 2.2KiB (2304 bytes): RESOURCE_EXHAUSTED: : CUDA_ERROR_OUT_OF_MEMORY: out of memory
=== Source Location Trace: ===
external/xla/xla/stream_executor/cuda/cuda_status.cc:45
external/xla/xla/stream_executor/cuda/cuda_device_allocator.cc:226
external/xla/xla/stream_executor/cuda/cuda_device_allocator.cc:403

E0820 14:24:18.353721 3200216 cuda_executor.cc:1176] [0] Failed to allocate device memory of 2.2KiB (2304 bytes): RESOURCE_EXHAUSTED: : CUDA_ERROR_OUT_OF_MEMORY: out of memory
=== Source Location Trace: ===
external/xla/xla/stream_executor/cuda/cuda_status.cc:45
external/xla/xla/stream_executor/cuda/cuda_device_allocator.cc:226
external/xla/xla/stream_executor/cuda/cuda_device_allocator.cc:403

E0820 14:24:18.354306 3200216 cuda_executor.cc:1176] [0] Failed to allocate device memory of 2.2KiB (2304 bytes): RESOURCE_EXHAUSTED: : CUDA_ERROR_OUT_OF_MEMORY: out of memory
=== Source Location Trace: ===
external/xla/xla/stream_executor/cuda/cuda_status.cc:45
external/xla/xla/stream_executor/cuda/cuda_device_allocator.cc:226
external/xla/xla/stream_executor/cuda/cuda_device_allocator.cc:403

E0820 14:24:18.354894 3200216 cuda_executor.cc:1176] [0] Failed to allocate device memory of 2.2KiB (2304 bytes): RESOURCE_EXHAUSTED: : CUDA_ERROR_OUT_OF_MEMORY: out of memory
=== Source Location Trace: ===
external/xla/xla/stream_executor/cuda/cuda_status.cc:45
external/xla/xla/stream_executor/cuda/cuda_device_allocator.cc:226
external/xla/xla/stream_executor/cuda/cuda_device_allocator.cc:403

E0820 14:24:18.355564 3200216 cuda_executor.cc:1176] [0] Failed to allocate device memory of 2.2KiB (2304 bytes): RESOURCE_EXHAUSTED: : CUDA_ERROR_OUT_OF_MEMORY: out of memory
=== Source Location Trace: ===
external/xla/xla/stream_executor/cuda/cuda_status.cc:45
external/xla/xla/stream_executor/cuda/cuda_device_allocator.cc:226
external/xla/xla/stream_executor/cuda/cuda_device_allocator.cc:403

E0820 14:24:18.356133 3200216 cuda_executor.cc:1176] [0] Failed to allocate device memory of 2.2KiB (2304 bytes): RESOURCE_EXHAUSTED: : CUDA_ERROR_OUT_OF_MEMORY: out of memory
=== Source Location Trace: ===
external/xla/xla/stream_executor/cuda/cuda_status.cc:45
external/xla/xla/stream_executor/cuda/cuda_device_allocator.cc:226
external/xla/xla/stream_executor/cuda/cuda_device_allocator.cc:403

E0820 14:24:18.356790 3200216 cuda_executor.cc:1176] [0] Failed to allocate device memory of 2.2KiB (2304 bytes): RESOURCE_EXHAUSTED: : CUDA_ERROR_OUT_OF_MEMORY: out of memory
=== Source Location Trace: ===
external/xla/xla/stream_executor/cuda/cuda_status.cc:45
external/xla/xla/stream_executor/cuda/cuda_device_allocator.cc:226
external/xla/xla/stream_executor/cuda/cuda_device_allocator.cc:403

E0820 14:24:18.357467 3200216 cuda_executor.cc:1176] [0] Failed to allocate device memory of 2.2KiB (2304 bytes): RESOURCE_EXHAUSTED: : CUDA_ERROR_OUT_OF_MEMORY: out of memory
=== Source Location Trace: ===
external/xla/xla/stream_executor/cuda/cuda_status.cc:45
external/xla/xla/stream_executor/cuda/cuda_device_allocator.cc:226
external/xla/xla/stream_executor/cuda/cuda_device_allocator.cc:403

E0820 14:24:18.358101 3200216 cuda_executor.cc:1176] [0] Failed to allocate device memory of 2.2KiB (2304 bytes): RESOURCE_EXHAUSTED: : CUDA_ERROR_OUT_OF_MEMORY: out of memory
=== Source Location Trace: ===
external/xla/xla/stream_executor/cuda/cuda_status.cc:45
external/xla/xla/stream_executor/cuda/cuda_device_allocator.cc:226
external/xla/xla/stream_executor/cuda/cuda_device_allocator.cc:403

E0820 14:24:18.358785 3200216 cuda_executor.cc:1176] [0] Failed to allocate device memory of 2.2KiB (2304 bytes): RESOURCE_EXHAUSTED: : CUDA_ERROR_OUT_OF_MEMORY: out of memory
=== Source Location Trace: ===
external/xla/xla/stream_executor/cuda/cuda_status.cc:45
external/xla/xla/stream_executor/cuda/cuda_device_allocator.cc:226
external/xla/xla/stream_executor/cuda/cuda_device_allocator.cc:403

E0820 14:24:18.359418 3200216 cuda_executor.cc:1176] [0] Failed to allocate device memory of 2.2KiB (2304 bytes): RESOURCE_EXHAUSTED: : CUDA_ERROR_OUT_OF_MEMORY: out of memory
=== Source Location Trace: ===
external/xla/xla/stream_executor/cuda/cuda_status.cc:45
external/xla/xla/stream_executor/cuda/cuda_device_allocator.cc:226
external/xla/xla/stream_executor/cuda/cuda_device_allocator.cc:403

E0820 14:24:18.359986 3200216 cuda_executor.cc:1176] [0] Failed to allocate device memory of 2.2KiB (2304 bytes): RESOURCE_EXHAUSTED: : CUDA_ERROR_OUT_OF_MEMORY: out of memory
=== Source Location Trace: ===
external/xla/xla/stream_executor/cuda/cuda_status.cc:45
external/xla/xla/stream_executor/cuda/cuda_device_allocator.cc:226
external/xla/xla/stream_executor/cuda/cuda_device_allocator.cc:403

E0820 14:24:18.360597 3200216 cuda_executor.cc:1176] [0] Failed to allocate device memory of 2.2KiB (2304 bytes): RESOURCE_EXHAUSTED: : CUDA_ERROR_OUT_OF_MEMORY: out of memory
=== Source Location Trace: ===
external/xla/xla/stream_executor/cuda/cuda_status.cc:45
external/xla/xla/stream_executor/cuda/cuda_device_allocator.cc:226
external/xla/xla/stream_executor/cuda/cuda_device_allocator.cc:403

E0820 14:24:18.361240 3200216 cuda_executor.cc:1176] [0] Failed to allocate device memory of 2.2KiB (2304 bytes): RESOURCE_EXHAUSTED: : CUDA_ERROR_OUT_OF_MEMORY: out of memory
=== Source Location Trace: ===
external/xla/xla/stream_executor/cuda/cuda_status.cc:45
external/xla/xla/stream_executor/cuda/cuda_device_allocator.cc:226
external/xla/xla/stream_executor/cuda/cuda_device_allocator.cc:403

E0820 14:24:18.361866 3200216 cuda_executor.cc:1176] [0] Failed to allocate device memory of 2.2KiB (2304 bytes): RESOURCE_EXHAUSTED: : CUDA_ERROR_OUT_OF_MEMORY: out of memory
=== Source Location Trace: ===
external/xla/xla/stream_executor/cuda/cuda_status.cc:45
external/xla/xla/stream_executor/cuda/cuda_device_allocator.cc:226
external/xla/xla/stream_executor/cuda/cuda_device_allocator.cc:403

E0820 14:24:18.362601 3200216 cuda_executor.cc:1176] [0] Failed to allocate device memory of 2.2KiB (2304 bytes): RESOURCE_EXHAUSTED: : CUDA_ERROR_OUT_OF_MEMORY: out of memory
=== Source Location Trace: ===
external/xla/xla/stream_executor/cuda/cuda_status.cc:45
external/xla/xla/stream_executor/cuda/cuda_device_allocator.cc:226
external/xla/xla/stream_executor/cuda/cuda_device_allocator.cc:403

E0820 14:24:18.363267 3200216 cuda_executor.cc:1176] [0] Failed to allocate device memory of 2.2KiB (2304 bytes): RESOURCE_EXHAUSTED: : CUDA_ERROR_OUT_OF_MEMORY: out of memory
=== Source Location Trace: ===
external/xla/xla/stream_executor/cuda/cuda_status.cc:45
external/xla/xla/stream_executor/cuda/cuda_device_allocator.cc:226
external/xla/xla/stream_executor/cuda/cuda_device_allocator.cc:403

E0820 14:24:18.363921 3200216 cuda_executor.cc:1176] [0] Failed to allocate device memory of 2.2KiB (2304 bytes): RESOURCE_EXHAUSTED: : CUDA_ERROR_OUT_OF_MEMORY: out of memory
=== Source Location Trace: ===
external/xla/xla/stream_executor/cuda/cuda_status.cc:45
external/xla/xla/stream_executor/cuda/cuda_device_allocator.cc:226
external/xla/xla/stream_executor/cuda/cuda_device_allocator.cc:403

E0820 14:24:18.364583 3200216 cuda_executor.cc:1176] [0] Failed to allocate device memory of 2.2KiB (2304 bytes): RESOURCE_EXHAUSTED: : CUDA_ERROR_OUT_OF_MEMORY: out of memory
=== Source Location Trace: ===
external/xla/xla/stream_executor/cuda/cuda_status.cc:45
external/xla/xla/stream_executor/cuda/cuda_device_allocator.cc:226
external/xla/xla/stream_executor/cuda/cuda_device_allocator.cc:403

E0820 14:24:18.365238 3200216 cuda_executor.cc:1176] [0] Failed to allocate device memory of 2.2KiB (2304 bytes): RESOURCE_EXHAUSTED: : CUDA_ERROR_OUT_OF_MEMORY: out of memory
=== Source Location Trace: ===
external/xla/xla/stream_executor/cuda/cuda_status.cc:45
external/xla/xla/stream_executor/cuda/cuda_device_allocator.cc:226
external/xla/xla/stream_executor/cuda/cuda_device_allocator.cc:403

E0820 14:24:18.365875 3200216 cuda_executor.cc:1176] [0] Failed to allocate device memory of 2.2KiB (2304 bytes): RESOURCE_EXHAUSTED: : CUDA_ERROR_OUT_OF_MEMORY: out of memory
=== Source Location Trace: ===
external/xla/xla/stream_executor/cuda/cuda_status.cc:45
external/xla/xla/stream_executor/cuda/cuda_device_allocator.cc:226
external/xla/xla/stream_executor/cuda/cuda_device_allocator.cc:403

E0820 14:24:18.366601 3200216 cuda_executor.cc:1176] [0] Failed to allocate device memory of 2.2KiB (2304 bytes): RESOURCE_EXHAUSTED: : CUDA_ERROR_OUT_OF_MEMORY: out of memory
=== Source Location Trace: ===
external/xla/xla/stream_executor/cuda/cuda_status.cc:45
external/xla/xla/stream_executor/cuda/cuda_device_allocator.cc:226
external/xla/xla/stream_executor/cuda/cuda_device_allocator.cc:403

E0820 14:24:18.367230 3200216 cuda_executor.cc:1176] [0] Failed to allocate device memory of 2.2KiB (2304 bytes): RESOURCE_EXHAUSTED: : CUDA_ERROR_OUT_OF_MEMORY: out of memory
=== Source Location Trace: ===
external/xla/xla/stream_executor/cuda/cuda_status.cc:45
external/xla/xla/stream_executor/cuda/cuda_device_allocator.cc:226
external/xla/xla/stream_executor/cuda/cuda_device_allocator.cc:403

E0820 14:24:18.367856 3200216 cuda_executor.cc:1176] [0] Failed to allocate device memory of 2.2KiB (2304 bytes): RESOURCE_EXHAUSTED: : CUDA_ERROR_OUT_OF_MEMORY: out of memory
=== Source Location Trace: ===
external/xla/xla/stream_executor/cuda/cuda_status.cc:45
external/xla/xla/stream_executor/cuda/cuda_device_allocator.cc:226
external/xla/xla/stream_executor/cuda/cuda_device_allocator.cc:403

E0820 14:24:18.368550 3200216 cuda_executor.cc:1176] [0] Failed to allocate device memory of 2.2KiB (2304 bytes): RESOURCE_EXHAUSTED: : CUDA_ERROR_OUT_OF_MEMORY: out of memory
=== Source Location Trace: ===
external/xla/xla/stream_executor/cuda/cuda_status.cc:45
external/xla/xla/stream_executor/cuda/cuda_device_allocator.cc:226
external/xla/xla/stream_executor/cuda/cuda_device_allocator.cc:403

E0820 14:24:18.369147 3200216 cuda_executor.cc:1176] [0] Failed to allocate device memory of 2.2KiB (2304 bytes): RESOURCE_EXHAUSTED: : CUDA_ERROR_OUT_OF_MEMORY: out of memory
=== Source Location Trace: ===
external/xla/xla/stream_executor/cuda/cuda_status.cc:45
external/xla/xla/stream_executor/cuda/cuda_device_allocator.cc:226
external/xla/xla/stream_executor/cuda/cuda_device_allocator.cc:403

E0820 14:24:18.369827 3200216 cuda_executor.cc:1176] [0] Failed to allocate device memory of 2.2KiB (2304 bytes): RESOURCE_EXHAUSTED: : CUDA_ERROR_OUT_OF_MEMORY: out of memory
=== Source Location Trace: ===
external/xla/xla/stream_executor/cuda/cuda_status.cc:45
external/xla/xla/stream_executor/cuda/cuda_device_allocator.cc:226
external/xla/xla/stream_executor/cuda/cuda_device_allocator.cc:403

E0820 14:24:18.370487 3200216 cuda_executor.cc:1176] [0] Failed to allocate device memory of 2.2KiB (2304 bytes): RESOURCE_EXHAUSTED: : CUDA_ERROR_OUT_OF_MEMORY: out of memory
=== Source Location Trace: ===
external/xla/xla/stream_executor/cuda/cuda_status.cc:45
external/xla/xla/stream_executor/cuda/cuda_device_allocator.cc:226
external/xla/xla/stream_executor/cuda/cuda_device_allocator.cc:403

E0820 14:24:18.371097 3200216 cuda_executor.cc:1176] [0] Failed to allocate device memory of 2.2KiB (2304 bytes): RESOURCE_EXHAUSTED: : CUDA_ERROR_OUT_OF_MEMORY: out of memory
=== Source Location Trace: ===
external/xla/xla/stream_executor/cuda/cuda_status.cc:45
external/xla/xla/stream_executor/cuda/cuda_device_allocator.cc:226
external/xla/xla/stream_executor/cuda/cuda_device_allocator.cc:403

E0820 14:24:18.371764 3200216 cuda_executor.cc:1176] [0] Failed to allocate device memory of 2.2KiB (2304 bytes): RESOURCE_EXHAUSTED: : CUDA_ERROR_OUT_OF_MEMORY: out of memory
=== Source Location Trace: ===
external/xla/xla/stream_executor/cuda/cuda_status.cc:45
external/xla/xla/stream_executor/cuda/cuda_device_allocator.cc:226
external/xla/xla/stream_executor/cuda/cuda_device_allocator.cc:403

E0820 14:24:18.372404 3200216 cuda_executor.cc:1176] [0] Failed to allocate device memory of 2.2KiB (2304 bytes): RESOURCE_EXHAUSTED: : CUDA_ERROR_OUT_OF_MEMORY: out of memory
=== Source Location Trace: ===
external/xla/xla/stream_executor/cuda/cuda_status.cc:45
external/xla/xla/stream_executor/cuda/cuda_device_allocator.cc:226
external/xla/xla/stream_executor/cuda/cuda_device_allocator.cc:403

E0820 14:24:18.372987 3200216 cuda_executor.cc:1176] [0] Failed to allocate device memory of 2.2KiB (2304 bytes): RESOURCE_EXHAUSTED: : CUDA_ERROR_OUT_OF_MEMORY: out of memory
=== Source Location Trace: ===
external/xla/xla/stream_executor/cuda/cuda_status.cc:45
external/xla/xla/stream_executor/cuda/cuda_device_allocator.cc:226
external/xla/xla/stream_executor/cuda/cuda_device_allocator.cc:403

E0820 14:24:18.373623 3200216 cuda_executor.cc:1176] [0] Failed to allocate device memory of 2.2KiB (2304 bytes): RESOURCE_EXHAUSTED: : CUDA_ERROR_OUT_OF_MEMORY: out of memory
=== Source Location Trace: ===
external/xla/xla/stream_executor/cuda/cuda_status.cc:45
external/xla/xla/stream_executor/cuda/cuda_device_allocator.cc:226
external/xla/xla/stream_executor/cuda/cuda_device_allocator.cc:403

E0820 14:24:18.374228 3200216 cuda_executor.cc:1176] [0] Failed to allocate device memory of 2.2KiB (2304 bytes): RESOURCE_EXHAUSTED: : CUDA_ERROR_OUT_OF_MEMORY: out of memory
=== Source Location Trace: ===
external/xla/xla/stream_executor/cuda/cuda_status.cc:45
external/xla/xla/stream_executor/cuda/cuda_device_allocator.cc:226
external/xla/xla/stream_executor/cuda/cuda_device_allocator.cc:403

E0820 14:24:18.374858 3200216 cuda_executor.cc:1176] [0] Failed to allocate device memory of 2.2KiB (2304 bytes): RESOURCE_EXHAUSTED: : CUDA_ERROR_OUT_OF_MEMORY: out of memory
=== Source Location Trace: ===
external/xla/xla/stream_executor/cuda/cuda_status.cc:45
external/xla/xla/stream_executor/cuda/cuda_device_allocator.cc:226
external/xla/xla/stream_executor/cuda/cuda_device_allocator.cc:403

E0820 14:24:18.375574 3200216 cuda_executor.cc:1176] [0] Failed to allocate device memory of 2.2KiB (2304 bytes): RESOURCE_EXHAUSTED: : CUDA_ERROR_OUT_OF_MEMORY: out of memory
=== Source Location Trace: ===
external/xla/xla/stream_executor/cuda/cuda_status.cc:45
external/xla/xla/stream_executor/cuda/cuda_device_allocator.cc:226
external/xla/xla/stream_executor/cuda/cuda_device_allocator.cc:403

E0820 14:24:18.376210 3200216 cuda_executor.cc:1176] [0] Failed to allocate device memory of 2.2KiB (2304 bytes): RESOURCE_EXHAUSTED: : CUDA_ERROR_OUT_OF_MEMORY: out of memory
=== Source Location Trace: ===
external/xla/xla/stream_executor/cuda/cuda_status.cc:45
external/xla/xla/stream_executor/cuda/cuda_device_allocator.cc:226
external/xla/xla/stream_executor/cuda/cuda_device_allocator.cc:403

E0820 14:24:18.376958 3200216 cuda_executor.cc:1176] [0] Failed to allocate device memory of 2.2KiB (2304 bytes): RESOURCE_EXHAUSTED: : CUDA_ERROR_OUT_OF_MEMORY: out of memory
=== Source Location Trace: ===
external/xla/xla/stream_executor/cuda/cuda_status.cc:45
external/xla/xla/stream_executor/cuda/cuda_device_allocator.cc:226
external/xla/xla/stream_executor/cuda/cuda_device_allocator.cc:403

E0820 14:24:18.377595 3200216 cuda_executor.cc:1176] [0] Failed to allocate device memory of 2.2KiB (2304 bytes): RESOURCE_EXHAUSTED: : CUDA_ERROR_OUT_OF_MEMORY: out of memory
=== Source Location Trace: ===
external/xla/xla/stream_executor/cuda/cuda_status.cc:45
external/xla/xla/stream_executor/cuda/cuda_device_allocator.cc:226
external/xla/xla/stream_executor/cuda/cuda_device_allocator.cc:403

E0820 14:24:18.378211 3200216 cuda_executor.cc:1176] [0] Failed to allocate device memory of 2.2KiB (2304 bytes): RESOURCE_EXHAUSTED: : CUDA_ERROR_OUT_OF_MEMORY: out of memory
=== Source Location Trace: ===
external/xla/xla/stream_executor/cuda/cuda_status.cc:45
external/xla/xla/stream_executor/cuda/cuda_device_allocator.cc:226
external/xla/xla/stream_executor/cuda/cuda_device_allocator.cc:403

E0820 14:24:18.378931 3200216 cuda_executor.cc:1176] [0] Failed to allocate device memory of 2.2KiB (2304 bytes): RESOURCE_EXHAUSTED: : CUDA_ERROR_OUT_OF_MEMORY: out of memory
=== Source Location Trace: ===
external/xla/xla/stream_executor/cuda/cuda_status.cc:45
external/xla/xla/stream_executor/cuda/cuda_device_allocator.cc:226
external/xla/xla/stream_executor/cuda/cuda_device_allocator.cc:403

E0820 14:24:18.379563 3200216 cuda_executor.cc:1176] [0] Failed to allocate device memory of 2.2KiB (2304 bytes): RESOURCE_EXHAUSTED: : CUDA_ERROR_OUT_OF_MEMORY: out of memory
=== Source Location Trace: ===
external/xla/xla/stream_executor/cuda/cuda_status.cc:45
external/xla/xla/stream_executor/cuda/cuda_device_allocator.cc:226
external/xla/xla/stream_executor/cuda/cuda_device_allocator.cc:403

E0820 14:24:18.380178 3200216 cuda_executor.cc:1176] [0] Failed to allocate device memory of 2.2KiB (2304 bytes): RESOURCE_EXHAUSTED: : CUDA_ERROR_OUT_OF_MEMORY: out of memory
=== Source Location Trace: ===
external/xla/xla/stream_executor/cuda/cuda_status.cc:45
external/xla/xla/stream_executor/cuda/cuda_device_allocator.cc:226
external/xla/xla/stream_executor/cuda/cuda_device_allocator.cc:403

E0820 14:24:18.380922 3200216 cuda_executor.cc:1176] [0] Failed to allocate device memory of 2.2KiB (2304 bytes): RESOURCE_EXHAUSTED: : CUDA_ERROR_OUT_OF_MEMORY: out of memory
=== Source Location Trace: ===
external/xla/xla/stream_executor/cuda/cuda_status.cc:45
external/xla/xla/stream_executor/cuda/cuda_device_allocator.cc:226
external/xla/xla/stream_executor/cuda/cuda_device_allocator.cc:403

E0820 14:24:18.381572 3200216 cuda_executor.cc:1176] [0] Failed to allocate device memory of 2.2KiB (2304 bytes): RESOURCE_EXHAUSTED: : CUDA_ERROR_OUT_OF_MEMORY: out of memory
=== Source Location Trace: ===
external/xla/xla/stream_executor/cuda/cuda_status.cc:45
external/xla/xla/stream_executor/cuda/cuda_device_allocator.cc:226
external/xla/xla/stream_executor/cuda/cuda_device_allocator.cc:403

E0820 14:24:18.382228 3200216 cuda_executor.cc:1176] [0] Failed to allocate device memory of 2.2KiB (2304 bytes): RESOURCE_EXHAUSTED: : CUDA_ERROR_OUT_OF_MEMORY: out of memory
=== Source Location Trace: ===
external/xla/xla/stream_executor/cuda/cuda_status.cc:45
external/xla/xla/stream_executor/cuda/cuda_device_allocator.cc:226
external/xla/xla/stream_executor/cuda/cuda_device_allocator.cc:403

E0820 14:24:18.382882 3200216 cuda_executor.cc:1176] [0] Failed to allocate device memory of 2.2KiB (2304 bytes): RESOURCE_EXHAUSTED: : CUDA_ERROR_OUT_OF_MEMORY: out of memory
=== Source Location Trace: ===
external/xla/xla/stream_executor/cuda/cuda_status.cc:45
external/xla/xla/stream_executor/cuda/cuda_device_allocator.cc:226
external/xla/xla/stream_executor/cuda/cuda_device_allocator.cc:403

E0820 14:24:18.383623 3200216 cuda_executor.cc:1176] [0] Failed to allocate device memory of 2.2KiB (2304 bytes): RESOURCE_EXHAUSTED: : CUDA_ERROR_OUT_OF_MEMORY: out of memory
=== Source Location Trace: ===
external/xla/xla/stream_executor/cuda/cuda_status.cc:45
external/xla/xla/stream_executor/cuda/cuda_device_allocator.cc:226
external/xla/xla/stream_executor/cuda/cuda_device_allocator.cc:403

E0820 14:24:18.384271 3200216 cuda_executor.cc:1176] [0] Failed to allocate device memory of 2.2KiB (2304 bytes): RESOURCE_EXHAUSTED: : CUDA_ERROR_OUT_OF_MEMORY: out of memory
=== Source Location Trace: ===
external/xla/xla/stream_executor/cuda/cuda_status.cc:45
external/xla/xla/stream_executor/cuda/cuda_device_allocator.cc:226
external/xla/xla/stream_executor/cuda/cuda_device_allocator.cc:403

E0820 14:24:18.384905 3200216 cuda_executor.cc:1176] [0] Failed to allocate device memory of 2.2KiB (2304 bytes): RESOURCE_EXHAUSTED: : CUDA_ERROR_OUT_OF_MEMORY: out of memory
=== Source Location Trace: ===
external/xla/xla/stream_executor/cuda/cuda_status.cc:45
external/xla/xla/stream_executor/cuda/cuda_device_allocator.cc:226
external/xla/xla/stream_executor/cuda/cuda_device_allocator.cc:403

E0820 14:24:18.385632 3200216 cuda_executor.cc:1176] [0] Failed to allocate device memory of 2.2KiB (2304 bytes): RESOURCE_EXHAUSTED: : CUDA_ERROR_OUT_OF_MEMORY: out of memory
=== Source Location Trace: ===
external/xla/xla/stream_executor/cuda/cuda_status.cc:45
external/xla/xla/stream_executor/cuda/cuda_device_allocator.cc:226
external/xla/xla/stream_executor/cuda/cuda_device_allocator.cc:403

E0820 14:24:18.386268 3200216 cuda_executor.cc:1176] [0] Failed to allocate device memory of 2.2KiB (2304 bytes): RESOURCE_EXHAUSTED: : CUDA_ERROR_OUT_OF_MEMORY: out of memory
=== Source Location Trace: ===
external/xla/xla/stream_executor/cuda/cuda_status.cc:45
external/xla/xla/stream_executor/cuda/cuda_device_allocator.cc:226
external/xla/xla/stream_executor/cuda/cuda_device_allocator.cc:403

E0820 14:24:18.386895 3200216 cuda_executor.cc:1176] [0] Failed to allocate device memory of 2.2KiB (2304 bytes): RESOURCE_EXHAUSTED: : CUDA_ERROR_OUT_OF_MEMORY: out of memory
=== Source Location Trace: ===
external/xla/xla/stream_executor/cuda/cuda_status.cc:45
external/xla/xla/stream_executor/cuda/cuda_device_allocator.cc:226
external/xla/xla/stream_executor/cuda/cuda_device_allocator.cc:403

E0820 14:24:18.387639 3200216 cuda_executor.cc:1176] [0] Failed to allocate device memory of 2.2KiB (2304 bytes): RESOURCE_EXHAUSTED: : CUDA_ERROR_OUT_OF_MEMORY: out of memory
=== Source Location Trace: ===
external/xla/xla/stream_executor/cuda/cuda_status.cc:45
external/xla/xla/stream_executor/cuda/cuda_device_allocator.cc:226
external/xla/xla/stream_executor/cuda/cuda_device_allocator.cc:403

E0820 14:24:18.388311 3200216 cuda_executor.cc:1176] [0] Failed to allocate device memory of 2.2KiB (2304 bytes): RESOURCE_EXHAUSTED: : CUDA_ERROR_OUT_OF_MEMORY: out of memory
=== Source Location Trace: ===
external/xla/xla/stream_executor/cuda/cuda_status.cc:45
external/xla/xla/stream_executor/cuda/cuda_device_allocator.cc:226
external/xla/xla/stream_executor/cuda/cuda_device_allocator.cc:403

E0820 14:24:18.388964 3200216 cuda_executor.cc:1176] [0] Failed to allocate device memory of 2.2KiB (2304 bytes): RESOURCE_EXHAUSTED: : CUDA_ERROR_OUT_OF_MEMORY: out of memory
=== Source Location Trace: ===
external/xla/xla/stream_executor/cuda/cuda_status.cc:45
external/xla/xla/stream_executor/cuda/cuda_device_allocator.cc:226
external/xla/xla/stream_executor/cuda/cuda_device_allocator.cc:403

E0820 14:24:18.389644 3200216 cuda_executor.cc:1176] [0] Failed to allocate device memory of 2.2KiB (2304 bytes): RESOURCE_EXHAUSTED: : CUDA_ERROR_OUT_OF_MEMORY: out of memory
=== Source Location Trace: ===
external/xla/xla/stream_executor/cuda/cuda_status.cc:45
external/xla/xla/stream_executor/cuda/cuda_device_allocator.cc:226
external/xla/xla/stream_executor/cuda/cuda_device_allocator.cc:403

E0820 14:24:18.390321 3200216 cuda_executor.cc:1176] [0] Failed to allocate device memory of 2.2KiB (2304 bytes): RESOURCE_EXHAUSTED: : CUDA_ERROR_OUT_OF_MEMORY: out of memory
=== Source Location Trace: ===
external/xla/xla/stream_executor/cuda/cuda_status.cc:45
external/xla/xla/stream_executor/cuda/cuda_device_allocator.cc:226
external/xla/xla/stream_executor/cuda/cuda_device_allocator.cc:403

E0820 14:24:18.390960 3200216 cuda_executor.cc:1176] [0] Failed to allocate device memory of 2.2KiB (2304 bytes): RESOURCE_EXHAUSTED: : CUDA_ERROR_OUT_OF_MEMORY: out of memory
=== Source Location Trace: ===
external/xla/xla/stream_executor/cuda/cuda_status.cc:45
external/xla/xla/stream_executor/cuda/cuda_device_allocator.cc:226
external/xla/xla/stream_executor/cuda/cuda_device_allocator.cc:403

E0820 14:24:18.391622 3200216 cuda_executor.cc:1176] [0] Failed to allocate device memory of 2.2KiB (2304 bytes): RESOURCE_EXHAUSTED: : CUDA_ERROR_OUT_OF_MEMORY: out of memory
=== Source Location Trace: ===
external/xla/xla/stream_executor/cuda/cuda_status.cc:45
external/xla/xla/stream_executor/cuda/cuda_device_allocator.cc:226
external/xla/xla/stream_executor/cuda/cuda_device_allocator.cc:403

E0820 14:24:18.392284 3200216 cuda_executor.cc:1176] [0] Failed to allocate device memory of 2.2KiB (2304 bytes): RESOURCE_EXHAUSTED: : CUDA_ERROR_OUT_OF_MEMORY: out of memory
=== Source Location Trace: ===
external/xla/xla/stream_executor/cuda/cuda_status.cc:45
external/xla/xla/stream_executor/cuda/cuda_device_allocator.cc:226
external/xla/xla/stream_executor/cuda/cuda_device_allocator.cc:403

E0820 14:24:18.392937 3200216 cuda_executor.cc:1176] [0] Failed to allocate device memory of 2.2KiB (2304 bytes): RESOURCE_EXHAUSTED: : CUDA_ERROR_OUT_OF_MEMORY: out of memory
=== Source Location Trace: ===
external/xla/xla/stream_executor/cuda/cuda_status.cc:45
external/xla/xla/stream_executor/cuda/cuda_device_allocator.cc:226
external/xla/xla/stream_executor/cuda/cuda_device_allocator.cc:403

E0820 14:24:18.393613 3200216 cuda_executor.cc:1176] [0] Failed to allocate device memory of 2.2KiB (2304 bytes): RESOURCE_EXHAUSTED: : CUDA_ERROR_OUT_OF_MEMORY: out of memory
=== Source Location Trace: ===
external/xla/xla/stream_executor/cuda/cuda_status.cc:45
external/xla/xla/stream_executor/cuda/cuda_device_allocator.cc:226
external/xla/xla/stream_executor/cuda/cuda_device_allocator.cc:403

E0820 14:24:18.394284 3200216 cuda_executor.cc:1176] [0] Failed to allocate device memory of 2.2KiB (2304 bytes): RESOURCE_EXHAUSTED: : CUDA_ERROR_OUT_OF_MEMORY: out of memory
=== Source Location Trace: ===
external/xla/xla/stream_executor/cuda/cuda_status.cc:45
external/xla/xla/stream_executor/cuda/cuda_device_allocator.cc:226
external/xla/xla/stream_executor/cuda/cuda_device_allocator.cc:403

E0820 14:24:18.394940 3200216 cuda_executor.cc:1176] [0] Failed to allocate device memory of 2.2KiB (2304 bytes): RESOURCE_EXHAUSTED: : CUDA_ERROR_OUT_OF_MEMORY: out of memory
=== Source Location Trace: ===
external/xla/xla/stream_executor/cuda/cuda_status.cc:45
external/xla/xla/stream_executor/cuda/cuda_device_allocator.cc:226
external/xla/xla/stream_executor/cuda/cuda_device_allocator.cc:403

E0820 14:24:18.395614 3200216 cuda_executor.cc:1176] [0] Failed to allocate device memory of 2.2KiB (2304 bytes): RESOURCE_EXHAUSTED: : CUDA_ERROR_OUT_OF_MEMORY: out of memory
=== Source Location Trace: ===
external/xla/xla/stream_executor/cuda/cuda_status.cc:45
external/xla/xla/stream_executor/cuda/cuda_device_allocator.cc:226
external/xla/xla/stream_executor/cuda/cuda_device_allocator.cc:403

E0820 14:24:18.396284 3200216 cuda_executor.cc:1176] [0] Failed to allocate device memory of 2.2KiB (2304 bytes): RESOURCE_EXHAUSTED: : CUDA_ERROR_OUT_OF_MEMORY: out of memory
=== Source Location Trace: ===
external/xla/xla/stream_executor/cuda/cuda_status.cc:45
external/xla/xla/stream_executor/cuda/cuda_device_allocator.cc:226
external/xla/xla/stream_executor/cuda/cuda_device_allocator.cc:403

E0820 14:24:18.396935 3200216 cuda_executor.cc:1176] [0] Failed to allocate device memory of 2.2KiB (2304 bytes): RESOURCE_EXHAUSTED: : CUDA_ERROR_OUT_OF_MEMORY: out of memory
=== Source Location Trace: ===
external/xla/xla/stream_executor/cuda/cuda_status.cc:45
external/xla/xla/stream_executor/cuda/cuda_device_allocator.cc:226
external/xla/xla/stream_executor/cuda/cuda_device_allocator.cc:403

E0820 14:24:18.397596 3200216 cuda_executor.cc:1176] [0] Failed to allocate device memory of 2.2KiB (2304 bytes): RESOURCE_EXHAUSTED: : CUDA_ERROR_OUT_OF_MEMORY: out of memory
=== Source Location Trace: ===
external/xla/xla/stream_executor/cuda/cuda_status.cc:45
external/xla/xla/stream_executor/cuda/cuda_device_allocator.cc:226
external/xla/xla/stream_executor/cuda/cuda_device_allocator.cc:403

E0820 14:24:18.398258 3200216 cuda_executor.cc:1176] [0] Failed to allocate device memory of 2.2KiB (2304 bytes): RESOURCE_EXHAUSTED: : CUDA_ERROR_OUT_OF_MEMORY: out of memory
=== Source Location Trace: ===
external/xla/xla/stream_executor/cuda/cuda_status.cc:45
external/xla/xla/stream_executor/cuda/cuda_device_allocator.cc:226
external/xla/xla/stream_executor/cuda/cuda_device_allocator.cc:403

E0820 14:24:18.398911 3200216 cuda_executor.cc:1176] [0] Failed to allocate device memory of 2.2KiB (2304 bytes): RESOURCE_EXHAUSTED: : CUDA_ERROR_OUT_OF_MEMORY: out of memory
=== Source Location Trace: ===
external/xla/xla/stream_executor/cuda/cuda_status.cc:45
external/xla/xla/stream_executor/cuda/cuda_device_allocator.cc:226
external/xla/xla/stream_executor/cuda/cuda_device_allocator.cc:403

E0820 14:24:18.399572 3200216 cuda_executor.cc:1176] [0] Failed to allocate device memory of 2.2KiB (2304 bytes): RESOURCE_EXHAUSTED: : CUDA_ERROR_OUT_OF_MEMORY: out of memory
=== Source Location Trace: ===
external/xla/xla/stream_executor/cuda/cuda_status.cc:45
external/xla/xla/stream_executor/cuda/cuda_device_allocator.cc:226
external/xla/xla/stream_executor/cuda/cuda_device_allocator.cc:403

E0820 14:24:18.400233 3200216 cuda_executor.cc:1176] [0] Failed to allocate device memory of 2.2KiB (2304 bytes): RESOURCE_EXHAUSTED: : CUDA_ERROR_OUT_OF_MEMORY: out of memory
=== Source Location Trace: ===
external/xla/xla/stream_executor/cuda/cuda_status.cc:45
external/xla/xla/stream_executor/cuda/cuda_device_allocator.cc:226
external/xla/xla/stream_executor/cuda/cuda_device_allocator.cc:403

E0820 14:24:18.400885 3200216 cuda_executor.cc:1176] [0] Failed to allocate device memory of 2.2KiB (2304 bytes): RESOURCE_EXHAUSTED: : CUDA_ERROR_OUT_OF_MEMORY: out of memory
=== Source Location Trace: ===
external/xla/xla/stream_executor/cuda/cuda_status.cc:45
external/xla/xla/stream_executor/cuda/cuda_device_allocator.cc:226
external/xla/xla/stream_executor/cuda/cuda_device_allocator.cc:403

E0820 14:24:18.444788 3200216 cuda_executor.cc:1176] [0] Failed to allocate device memory of 2.2KiB (2304 bytes): RESOURCE_EXHAUSTED: : CUDA_ERROR_OUT_OF_MEMORY: out of memory
=== Source Location Trace: ===
external/xla/xla/stream_executor/cuda/cuda_status.cc:45
external/xla/xla/stream_executor/cuda/cuda_device_allocator.cc:226
external/xla/xla/stream_executor/cuda/cuda_device_allocator.cc:403

E0820 14:24:18.445496 3200216 cuda_executor.cc:1176] [0] Failed to allocate device memory of 2.2KiB (2304 bytes): RESOURCE_EXHAUSTED: : CUDA_ERROR_OUT_OF_MEMORY: out of memory
=== Source Location Trace: ===
external/xla/xla/stream_executor/cuda/cuda_status.cc:45
external/xla/xla/stream_executor/cuda/cuda_device_allocator.cc:226
external/xla/xla/stream_executor/cuda/cuda_device_allocator.cc:403

E0820 14:24:18.446059 3200216 cuda_executor.cc:1176] [0] Failed to allocate device memory of 2.2KiB (2304 bytes): RESOURCE_EXHAUSTED: : CUDA_ERROR_OUT_OF_MEMORY: out of memory
=== Source Location Trace: ===
external/xla/xla/stream_executor/cuda/cuda_status.cc:45
external/xla/xla/stream_executor/cuda/cuda_device_allocator.cc:226
external/xla/xla/stream_executor/cuda/cuda_device_allocator.cc:403

E0820 14:24:18.446661 3200216 cuda_executor.cc:1176] [0] Failed to allocate device memory of 2.2KiB (2304 bytes): RESOURCE_EXHAUSTED: : CUDA_ERROR_OUT_OF_MEMORY: out of memory
=== Source Location Trace: ===
external/xla/xla/stream_executor/cuda/cuda_status.cc:45
external/xla/xla/stream_executor/cuda/cuda_device_allocator.cc:226
external/xla/xla/stream_executor/cuda/cuda_device_allocator.cc:403

E0820 14:24:18.447227 3200216 cuda_executor.cc:1176] [0] Failed to allocate device memory of 2.2KiB (2304 bytes): RESOURCE_EXHAUSTED: : CUDA_ERROR_OUT_OF_MEMORY: out of memory
=== Source Location Trace: ===
external/xla/xla/stream_executor/cuda/cuda_status.cc:45
external/xla/xla/stream_executor/cuda/cuda_device_allocator.cc:226
external/xla/xla/stream_executor/cuda/cuda_device_allocator.cc:403

E0820 14:24:18.447795 3200216 cuda_executor.cc:1176] [0] Failed to allocate device memory of 2.2KiB (2304 bytes): RESOURCE_EXHAUSTED: : CUDA_ERROR_OUT_OF_MEMORY: out of memory
=== Source Location Trace: ===
external/xla/xla/stream_executor/cuda/cuda_status.cc:45
external/xla/xla/stream_executor/cuda/cuda_device_allocator.cc:226
external/xla/xla/stream_executor/cuda/cuda_device_allocator.cc:403

E0820 14:24:18.448414 3200216 cuda_executor.cc:1176] [0] Failed to allocate device memory of 2.2KiB (2304 bytes): RESOURCE_EXHAUSTED: : CUDA_ERROR_OUT_OF_MEMORY: out of memory
=== Source Location Trace: ===
external/xla/xla/stream_executor/cuda/cuda_status.cc:45
external/xla/xla/stream_executor/cuda/cuda_device_allocator.cc:226
external/xla/xla/stream_executor/cuda/cuda_device_allocator.cc:403

E0820 14:24:18.448975 3200216 cuda_executor.cc:1176] [0] Failed to allocate device memory of 2.2KiB (2304 bytes): RESOURCE_EXHAUSTED: : CUDA_ERROR_OUT_OF_MEMORY: out of memory
=== Source Location Trace: ===
external/xla/xla/stream_executor/cuda/cuda_status.cc:45
external/xla/xla/stream_executor/cuda/cuda_device_allocator.cc:226
external/xla/xla/stream_executor/cuda/cuda_device_allocator.cc:403

E0820 14:24:18.449550 3200216 cuda_executor.cc:1176] [0] Failed to allocate device memory of 2.2KiB (2304 bytes): RESOURCE_EXHAUSTED: : CUDA_ERROR_OUT_OF_MEMORY: out of memory
=== Source Location Trace: ===
external/xla/xla/stream_executor/cuda/cuda_status.cc:45
external/xla/xla/stream_executor/cuda/cuda_device_allocator.cc:226
external/xla/xla/stream_executor/cuda/cuda_device_allocator.cc:403

E0820 14:24:18.450108 3200216 cuda_executor.cc:1176] [0] Failed to allocate device memory of 2.2KiB (2304 bytes): RESOURCE_EXHAUSTED: : CUDA_ERROR_OUT_OF_MEMORY: out of memory
=== Source Location Trace: ===
external/xla/xla/stream_executor/cuda/cuda_status.cc:45
external/xla/xla/stream_executor/cuda/cuda_device_allocator.cc:226
external/xla/xla/stream_executor/cuda/cuda_device_allocator.cc:403

E0820 14:24:18.450762 3200216 cuda_executor.cc:1176] [0] Failed to allocate device memory of 2.2KiB (2304 bytes): RESOURCE_EXHAUSTED: : CUDA_ERROR_OUT_OF_MEMORY: out of memory
=== Source Location Trace: ===
external/xla/xla/stream_executor/cuda/cuda_status.cc:45
external/xla/xla/stream_executor/cuda/cuda_device_allocator.cc:226
external/xla/xla/stream_executor/cuda/cuda_device_allocator.cc:403

E0820 14:24:18.451382 3200216 cuda_executor.cc:1176] [0] Failed to allocate device memory of 2.2KiB (2304 bytes): RESOURCE_EXHAUSTED: : CUDA_ERROR_OUT_OF_MEMORY: out of memory
=== Source Location Trace: ===
external/xla/xla/stream_executor/cuda/cuda_status.cc:45
external/xla/xla/stream_executor/cuda/cuda_device_allocator.cc:226
external/xla/xla/stream_executor/cuda/cuda_device_allocator.cc:403

E0820 14:24:18.451952 3200216 cuda_executor.cc:1176] [0] Failed to allocate device memory of 2.2KiB (2304 bytes): RESOURCE_EXHAUSTED: : CUDA_ERROR_OUT_OF_MEMORY: out of memory
=== Source Location Trace: ===
external/xla/xla/stream_executor/cuda/cuda_status.cc:45
external/xla/xla/stream_executor/cuda/cuda_device_allocator.cc:226
external/xla/xla/stream_executor/cuda/cuda_device_allocator.cc:403

E0820 14:24:18.452529 3200216 cuda_executor.cc:1176] [0] Failed to allocate device memory of 2.2KiB (2304 bytes): RESOURCE_EXHAUSTED: : CUDA_ERROR_OUT_OF_MEMORY: out of memory
=== Source Location Trace: ===
external/xla/xla/stream_executor/cuda/cuda_status.cc:45
external/xla/xla/stream_executor/cuda/cuda_device_allocator.cc:226
external/xla/xla/stream_executor/cuda/cuda_device_allocator.cc:403

E0820 14:24:18.453101 3200216 cuda_executor.cc:1176] [0] Failed to allocate device memory of 2.2KiB (2304 bytes): RESOURCE_EXHAUSTED: : CUDA_ERROR_OUT_OF_MEMORY: out of memory
=== Source Location Trace: ===
external/xla/xla/stream_executor/cuda/cuda_status.cc:45
external/xla/xla/stream_executor/cuda/cuda_device_allocator.cc:226
external/xla/xla/stream_executor/cuda/cuda_device_allocator.cc:403

E0820 14:24:18.453720 3200216 cuda_executor.cc:1176] [0] Failed to allocate device memory of 2.2KiB (2304 bytes): RESOURCE_EXHAUSTED: : CUDA_ERROR_OUT_OF_MEMORY: out of memory
=== Source Location Trace: ===
external/xla/xla/stream_executor/cuda/cuda_status.cc:45
external/xla/xla/stream_executor/cuda/cuda_device_allocator.cc:226
external/xla/xla/stream_executor/cuda/cuda_device_allocator.cc:403

E0820 14:24:18.454295 3200216 cuda_executor.cc:1176] [0] Failed to allocate device memory of 2.2KiB (2304 bytes): RESOURCE_EXHAUSTED: : CUDA_ERROR_OUT_OF_MEMORY: out of memory
=== Source Location Trace: ===
external/xla/xla/stream_executor/cuda/cuda_status.cc:45
external/xla/xla/stream_executor/cuda/cuda_device_allocator.cc:226
external/xla/xla/stream_executor/cuda/cuda_device_allocator.cc:403

E0820 14:24:18.454855 3200216 cuda_executor.cc:1176] [0] Failed to allocate device memory of 2.2KiB (2304 bytes): RESOURCE_EXHAUSTED: : CUDA_ERROR_OUT_OF_MEMORY: out of memory
=== Source Location Trace: ===
external/xla/xla/stream_executor/cuda/cuda_status.cc:45
external/xla/xla/stream_executor/cuda/cuda_device_allocator.cc:226
external/xla/xla/stream_executor/cuda/cuda_device_allocator.cc:403

E0820 14:24:18.455517 3200216 cuda_executor.cc:1176] [0] Failed to allocate device memory of 2.2KiB (2304 bytes): RESOURCE_EXHAUSTED: : CUDA_ERROR_OUT_OF_MEMORY: out of memory
=== Source Location Trace: ===
external/xla/xla/stream_executor/cuda/cuda_status.cc:45
external/xla/xla/stream_executor/cuda/cuda_device_allocator.cc:226
external/xla/xla/stream_executor/cuda/cuda_device_allocator.cc:403

E0820 14:24:18.456164 3200216 cuda_executor.cc:1176] [0] Failed to allocate device memory of 2.2KiB (2304 bytes): RESOURCE_EXHAUSTED: : CUDA_ERROR_OUT_OF_MEMORY: out of memory
=== Source Location Trace: ===
external/xla/xla/stream_executor/cuda/cuda_status.cc:45
external/xla/xla/stream_executor/cuda/cuda_device_allocator.cc:226
external/xla/xla/stream_executor/cuda/cuda_device_allocator.cc:403

E0820 14:24:18.456918 3200216 cuda_executor.cc:1176] [0] Failed to allocate device memory of 2.2KiB (2304 bytes): RESOURCE_EXHAUSTED: : CUDA_ERROR_OUT_OF_MEMORY: out of memory
=== Source Location Trace: ===
external/xla/xla/stream_executor/cuda/cuda_status.cc:45
external/xla/xla/stream_executor/cuda/cuda_device_allocator.cc:226
external/xla/xla/stream_executor/cuda/cuda_device_allocator.cc:403

E0820 14:24:18.457582 3200216 cuda_executor.cc:1176] [0] Failed to allocate device memory of 2.2KiB (2304 bytes): RESOURCE_EXHAUSTED: : CUDA_ERROR_OUT_OF_MEMORY: out of memory
=== Source Location Trace: ===
external/xla/xla/stream_executor/cuda/cuda_status.cc:45
external/xla/xla/stream_executor/cuda/cuda_device_allocator.cc:226
external/xla/xla/stream_executor/cuda/cuda_device_allocator.cc:403

E0820 14:24:18.458248 3200216 cuda_executor.cc:1176] [0] Failed to allocate device memory of 2.2KiB (2304 bytes): RESOURCE_EXHAUSTED: : CUDA_ERROR_OUT_OF_MEMORY: out of memory
=== Source Location Trace: ===
external/xla/xla/stream_executor/cuda/cuda_status.cc:45
external/xla/xla/stream_executor/cuda/cuda_device_allocator.cc:226
external/xla/xla/stream_executor/cuda/cuda_device_allocator.cc:403

E0820 14:24:18.458958 3200216 cuda_executor.cc:1176] [0] Failed to allocate device memory of 2.2KiB (2304 bytes): RESOURCE_EXHAUSTED: : CUDA_ERROR_OUT_OF_MEMORY: out of memory
=== Source Location Trace: ===
external/xla/xla/stream_executor/cuda/cuda_status.cc:45
external/xla/xla/stream_executor/cuda/cuda_device_allocator.cc:226
external/xla/xla/stream_executor/cuda/cuda_device_allocator.cc:403

E0820 14:24:18.459652 3200216 cuda_executor.cc:1176] [0] Failed to allocate device memory of 2.2KiB (2304 bytes): RESOURCE_EXHAUSTED: : CUDA_ERROR_OUT_OF_MEMORY: out of memory
=== Source Location Trace: ===
external/xla/xla/stream_executor/cuda/cuda_status.cc:45
external/xla/xla/stream_executor/cuda/cuda_device_allocator.cc:226
external/xla/xla/stream_executor/cuda/cuda_device_allocator.cc:403

F0820 14:24:25.967911 3203515 bfc_allocator.cc:1055] Check failed: central_gap_ == kInvalidChunkHandle (25 vs. 18446744073709551615) spatial partitioning expects one central gap
*** Check failure stack trace: ***
    @     0x7fefd7bc6c94  absl::lts_20260526::log_internal::LogMessage::SendToLog()
    @     0x7fefd7bc6c16  absl::lts_20260526::log_internal::LogMessage::Flush()
    @     0x7fefcdf9d96a  tsl::BFCAllocator::InsertFreeChunk()
    @     0x7fefcdf9ce7b  tsl::BFCAllocator::Extend()
    @     0x7fefcdf9dec3  tsl::BFCAllocator::AllocateRawInternal()
    @     0x7fefcdf9e3d4  tsl::BFCAllocator::AllocateRaw()
    @     0x7fefcc8019b1  stream_executor::TfAllocatorAdapter::Allocate()
    @     0x7fefcc8028e0  stream_executor::MultiDeviceAdapter::Allocate()
    @     0x7fefccac045e  stream_executor::RedzoneAllocator::AllocateBytes()
    @     0x7fefccac09f0  stream_executor::RedzoneAllocator::CreateBuffer()
    @     0x7fefccabf63d  xla::gpu::RedzoneBuffers::CreateInputs()
    @     0x7fefccabf16b  xla::gpu::RedzoneBuffers::FromProgramShape()
    @     0x7fefcca935cf  xla::gpu::GpuProfiler::CreateInputBuffers()
    @     0x7fefcca7e932  xla::ConfigRunner::ProfileAll()
    @     0x7fefcca7b47f  xla::ConfigAssigner::GetTunedConfig()::$_0::operator()()
    @     0x7fefcca7c817  tsl::internal::FutureBase<>::AndThen<>()::{lambda()#1}::operator()()
    @     0x7fefcca7c9f2  tsl::AsyncValue::EnqueueWaiter<>()::Node::RunWaiterAndDeleteWaiterNode()
    @     0x7fefcca8605b  tsl::internal::PromiseBase<>::emplace<>()
    @     0x7fefcca85b70  tsl::internal::JoinStateful<>::Complete()
    @     0x7fefcca85745  tsl::internal::JoinFutures<>::Update<>()
    @     0x7fefcca85631  tsl::JoinFutures<>()::{lambda()#1}::operator()()
    @     0x7fefcca8626f  tsl::AsyncValue::EnqueueWaiter<>()::Node::RunWaiterAndDeleteWaiterNode()
    @     0x7fefcca844d2  tsl::internal::PromiseBase<>::emplace<>()
    @     0x7fefcca84344  absl::lts_20260526::internal_any_invocable::RemoteInvoker<>()
    @     0x7fefd78b21df  std::_Function_handler<>::_M_invoke()
    @     0x7fefd78b0b54  Eigen::ThreadPoolTempl<>::WorkerLoop()
    @     0x7fefd78b09e1  std::__invoke_impl<>()
    @     0x7fefd789f90f  tsl::(anonymous namespace)::PThread::ThreadFn()
    @     0x7ff20f29f802  start_thread
=========================== short test summary info ============================
FAILED tests/test_machine_artifact_concurrency.py::test_four_scoring_partitions_share_one_verified_artifact
======================== 1 failed in 350.16s (0:05:50) =========================

PYTEST_EXIT_CODE=1
