coil,phase,record_kind,point_group,point_group_raw,feature,feature_raw,axis,value,uncertainty,units,is_formula
8,Nominal,fiducial,CCL,CCL,A,A,x,2713.7,,mm,false
8,Nominal,fiducial,CCL,CCL,A,A,y,0.0,,mm,false
8,Nominal,fiducial,CCL,CCL,A,A,z,-3700.0,,mm,false
8,Nominal,fiducial,CCL,CCL,B,B,x,2713.7,,mm,false
8,Nominal,fiducial,CCL,CCL,B,B,y,0.0,,mm,false
8,Nominal,fiducial,CCL,CCL,B,B,z,3700.0,,mm,false
8,Nominal,fiducial,CCL,CCL,C,C,x,5334.4,,mm,false
8,Nominal,fiducial,CCL,CCL,C,C,y,0.0,,mm,false
8,Nominal,fiducial,CCL,CCL,C,C,z,6296.4,,mm,false
8,Nominal,fiducial,CCL,CCL,D,D,x,8980.4,,mm,false
8,Nominal,fiducial,CCL,CCL,D,D,y,0.0,,mm,false
8,Nominal,fiducial,CCL,CCL,D,D,z,4437.0,,mm,false
8,Nominal,fiducial,CCL,CCL,E,E,x,9587.6,,mm,false
8,Nominal,fiducial,CCL,CCL,E,E,y,0.0,,mm,false
8,Nominal,fiducial,CCL,CCL,E,E,z,-3695.0,,mm,false
8,Nominal,fiducial,CCL,CCL,F,F',x,3399.7,,mm,false
8,Nominal,fiducial,CCL,CCL,F,F',y,0.0,,mm,false
8,Nominal,fiducial,CCL,CCL,F,F',z,-5598.0,,mm,false
8,Nominal,fiducial,CCL,CCL,G,G,x,10733.0,,mm,false
8,Nominal,fiducial,CCL,CCL,G,G,y,0.0,,mm,false
8,Nominal,fiducial,CCL,CCL,G,G,z,0.0,,mm,false
8,Nominal,fiducial,CCL,CCL,H,H,x,2713.7,,mm,false
8,Nominal,fiducial,CCL,CCL,H,H,y,0.0,,mm,false
8,Nominal,fiducial,CCL,CCL,H,H,z,0.0,,mm,false
9,Nominal,fiducial,CCL,CCL,A,A,x,2713.7,,mm,false
9,Nominal,fiducial,CCL,CCL,A,A,y,0.0,,mm,false
9,Nominal,fiducial,CCL,CCL,A,A,z,-3700.0,,mm,false
9,Nominal,fiducial,CCL,CCL,B,B,x,2713.7,,mm,false
9,Nominal,fiducial,CCL,CCL,B,B,y,0.0,,mm,false
9,Nominal,fiducial,CCL,CCL,B,B,z,3700.0,,mm,false
9,Nominal,fiducial,CCL,CCL,C,C,x,5334.4,,mm,false
9,Nominal,fiducial,CCL,CCL,C,C,y,0.0,,mm,false
9,Nominal,fiducial,CCL,CCL,C,C,z,6296.4,,mm,false
9,Nominal,fiducial,CCL,CCL,D,D,x,8980.4,,mm,false
9,Nominal,fiducial,CCL,CCL,D,D,y,0.0,,mm,false
9,Nominal,fiducial,CCL,CCL,D,D,z,4437.0,,mm,false
9,Nominal,fiducial,CCL,CCL,E,E,x,9587.6,,mm,false
9,Nominal,fiducial,CCL,CCL,E,E,y,0.0,,mm,false
9,Nominal,fiducial,CCL,CCL,E,E,z,-3695.0,,mm,false
9,Nominal,fiducial,CCL,CCL,F,F',x,3399.7,,mm,false
9,Nominal,fiducial,CCL,CCL,F,F',y,0.0,,mm,false
9,Nominal,fiducial,CCL,CCL,F,F',z,-5598.0,,mm,false
9,Nominal,fiducial,CCL,CCL,G,G,x,10733.0,,mm,false
9,Nominal,fiducial,CCL,CCL,G,G,y,0.0,,mm,false
9,Nominal,fiducial,CCL,CCL,G,G,z,0.0,,mm,false
9,Nominal,fiducial,CCL,CCL,H,H,x,2713.7,,mm,false
9,Nominal,fiducial,CCL,CCL,H,H,y,0.0,,mm,false
9,Nominal,fiducial,CCL,CCL,H,H,z,0.0,,mm,false
8,FAT supplier,fiducial,CCL,CCL,A,A,x,2713.01,0.6,mm,false
8,FAT supplier,fiducial,CCL,CCL,A,A,y,-0.62,0.6,mm,false
8,FAT supplier,fiducial,CCL,CCL,A,A,z,-3700.52,0.6,mm,false
8,FAT supplier,fiducial,CCL,CCL,B,B,x,2712.98,0.6,mm,false
8,FAT supplier,fiducial,CCL,CCL,B,B,y,-0.72,0.6,mm,false
8,FAT supplier,fiducial,CCL,CCL,B,B,z,3698.92,0.6,mm,false
8,FAT supplier,fiducial,CCL,CCL,C,C,x,5333.21,0.6,mm,false
8,FAT supplier,fiducial,CCL,CCL,C,C,y,1.11,0.6,mm,false
8,FAT supplier,fiducial,CCL,CCL,C,C,z,6296.32,0.6,mm,false
8,FAT supplier,fiducial,CCL,CCL,D,D,x,8977.84,0.6,mm,false
8,FAT supplier,fiducial,CCL,CCL,D,D,y,0.25,0.6,mm,false
8,FAT supplier,fiducial,CCL,CCL,D,D,z,4436.7,0.6,mm,false
8,FAT supplier,fiducial,CCL,CCL,E,E,x,9584.43,0.6,mm,false
8,FAT supplier,fiducial,CCL,CCL,E,E,y,-1.97,0.6,mm,false
8,FAT supplier,fiducial,CCL,CCL,E,E,z,-3695.07,0.6,mm,false
8,FAT supplier,fiducial,CCL,CCL,F,F',x,3398.22,0.6,mm,false
8,FAT supplier,fiducial,CCL,CCL,F,F',y,-0.9,0.6,mm,false
8,FAT supplier,fiducial,CCL,CCL,F,F',z,-5597.79,0.6,mm,false
8,FAT supplier,fiducial,CCL,CCL,G,G,x,10729.83,0.6,mm,false
8,FAT supplier,fiducial,CCL,CCL,G,G,y,0.04,0.6,mm,false
8,FAT supplier,fiducial,CCL,CCL,G,G,z,-0.22,0.6,mm,false
8,FAT supplier,fiducial,CCL,CCL,H,H,x,2714.04,0.6,mm,false
8,FAT supplier,fiducial,CCL,CCL,H,H,y,0.48,0.6,mm,false
8,FAT supplier,fiducial,CCL,CCL,H,H,z,-2.31,0.6,mm,false
8,FAT supplier,fiducial,Fiducial,Fiducial,A1-AU,A1-AU,x,2143.87,0.4,mm,false
8,FAT supplier,fiducial,Fiducial,Fiducial,A1-AU,A1-AU,y,-1.06,0.4,mm,false
8,FAT supplier,fiducial,Fiducial,Fiducial,A1-AU,A1-AU,z,-3699.91,0.4,mm,false
8,FAT supplier,fiducial,Fiducial,Fiducial,A2-AU,A2-AU,x,2705.03,0.4,mm,false
8,FAT supplier,fiducial,Fiducial,Fiducial,A2-AU,A2-AU,y,518.67,0.4,mm,false
8,FAT supplier,fiducial,Fiducial,Fiducial,A2-AU,A2-AU,z,-3699.83,0.4,mm,false
8,FAT supplier,fiducial,Fiducial,Fiducial,A3-AP,A3-AP,x,3133.88,0.4,mm,false
8,FAT supplier,fiducial,Fiducial,Fiducial,A3-AP,A3-AP,y,-1.03,0.4,mm,false
8,FAT supplier,fiducial,Fiducial,Fiducial,A3-AP,A3-AP,z,-3700.77,0.4,mm,false
8,FAT supplier,fiducial,Fiducial,Fiducial,B1-AU,B1-AU,x,2143.98,0.4,mm,false
8,FAT supplier,fiducial,Fiducial,Fiducial,B1-AU,B1-AU,y,-0.1,0.4,mm,false
8,FAT supplier,fiducial,Fiducial,Fiducial,B1-AU,B1-AU,z,3700.03,0.4,mm,false
8,FAT supplier,fiducial,Fiducial,Fiducial,B2-AU,B2-AU,x,2705.77,0.4,mm,false
8,FAT supplier,fiducial,Fiducial,Fiducial,B2-AU,B2-AU,y,518.84,0.4,mm,false
8,FAT supplier,fiducial,Fiducial,Fiducial,B2-AU,B2-AU,z,3699.93,0.4,mm,false
8,FAT supplier,fiducial,Fiducial,Fiducial,B3-AP,B3-AP,x,3134.61,0.4,mm,false
8,FAT supplier,fiducial,Fiducial,Fiducial,B3-AP,B3-AP,y,-0.47,0.4,mm,false
8,FAT supplier,fiducial,Fiducial,Fiducial,B3-AP,B3-AP,z,3700.33,0.4,mm,false
8,FAT supplier,fiducial,Fiducial,Fiducial,D3-BP,D3-BP,x,8449.77,0.4,mm,false
8,FAT supplier,fiducial,Fiducial,Fiducial,D3-BP,D3-BP,y,-2.27,0.4,mm,false
8,FAT supplier,fiducial,Fiducial,Fiducial,D3-BP,D3-BP,z,4302.51,0.4,mm,false
8,FAT supplier,fiducial,Fiducial,Fiducial,D4-BU,D4-BU,x,8785.11,0.4,mm,false
8,FAT supplier,fiducial,Fiducial,Fiducial,D4-BU,D4-BU,y,-564.91,0.4,mm,false
8,FAT supplier,fiducial,Fiducial,Fiducial,D4-BU,D4-BU,z,4633.91,0.4,mm,false
8,FAT supplier,fiducial,Fiducial,Fiducial,E3-BP,E3-BP,x,8740.18,0.4,mm,false
8,FAT supplier,fiducial,Fiducial,Fiducial,E3-BP,E3-BP,y,-0.69,0.4,mm,false
8,FAT supplier,fiducial,Fiducial,Fiducial,E3-BP,E3-BP,z,-3999.44,0.4,mm,false
8,FAT supplier,fiducial,Fiducial,Fiducial,E4-BU,E4-BU,x,9105.45,0.4,mm,false
8,FAT supplier,fiducial,Fiducial,Fiducial,E4-BU,E4-BU,y,-656.01,0.4,mm,false
8,FAT supplier,fiducial,Fiducial,Fiducial,E4-BU,E4-BU,z,4312.45,0.4,mm,false
8,FAT supplier,fiducial,Fiducial,Fiducial,G1-BU,G1-BU,x,11234.88,0.4,mm,false
8,FAT supplier,fiducial,Fiducial,Fiducial,G1-BU,G1-BU,y,-1.82,0.4,mm,false
8,FAT supplier,fiducial,Fiducial,Fiducial,G1-BU,G1-BU,z,0.14,0.4,mm,false
8,FAT supplier,fiducial,Fiducial,Fiducial,G2-BU,G2-BU,x,10728.61,0.4,mm,false
8,FAT supplier,fiducial,Fiducial,Fiducial,G2-BU,G2-BU,y,560.94,0.4,mm,false
8,FAT supplier,fiducial,Fiducial,Fiducial,G2-BU,G2-BU,z,-0.28,0.4,mm,false
8,FAT supplier,fiducial,Fiducial,Fiducial,P1-IOIS,P1-IOIS,x,9468.45,0.4,mm,false
8,FAT supplier,fiducial,Fiducial,Fiducial,P1-IOIS,P1-IOIS,y,1219.97,0.4,mm,false
8,FAT supplier,fiducial,Fiducial,Fiducial,P1-IOIS,P1-IOIS,z,3928.96,0.4,mm,false
8,FAT supplier,fiducial,Fiducial,Fiducial,P1-PF2,P1-PF2,x,7718.72,0.4,mm,false
8,FAT supplier,fiducial,Fiducial,Fiducial,P1-PF2,P1-PF2,y,-0.66,0.4,mm,false
8,FAT supplier,fiducial,Fiducial,Fiducial,P1-PF2,P1-PF2,z,7005.81,0.4,mm,false
8,FAT supplier,fiducial,Fiducial,Fiducial,P1-PF5,P1-PF5,x,7748.0,0.4,mm,false
8,FAT supplier,fiducial,Fiducial,Fiducial,P1-PF5,P1-PF5,y,0.0,0.4,mm,false
8,FAT supplier,fiducial,Fiducial,Fiducial,P1-PF5,P1-PF5,z,-7400.93,0.4,mm,false
8,FAT supplier,fiducial,Fiducial,Fiducial,P1-PF6,P1-PF6,x,3130.33,0.4,mm,false
8,FAT supplier,fiducial,Fiducial,Fiducial,P1-PF6,P1-PF6,y,-0.39,0.4,mm,false
8,FAT supplier,fiducial,Fiducial,Fiducial,P1-PF6,P1-PF6,z,-8187.04,0.4,mm,false
8,FAT supplier,fiducial,Fiducial,Fiducial,P1-TCC,P1-TCC,x,5784.71,0.4,mm,false
8,FAT supplier,fiducial,Fiducial,Fiducial,P1-TCC,P1-TCC,y,224.21,0.4,mm,false
8,FAT supplier,fiducial,Fiducial,Fiducial,P1-TCC,P1-TCC,z,6935.0,0.4,mm,false
8,FAT supplier,fiducial,Fiducial,Fiducial,P11-IOIS,P11-IOIS,x,10289.03,0.4,mm,false
8,FAT supplier,fiducial,Fiducial,Fiducial,P11-IOIS,P11-IOIS,y,-1752.09,0.4,mm,false
8,FAT supplier,fiducial,Fiducial,Fiducial,P11-IOIS,P11-IOIS,z,-2154.72,0.4,mm,false
8,FAT supplier,fiducial,Fiducial,Fiducial,P11-SCC,P11-SCC,x,11191.26,0.4,mm,false
8,FAT supplier,fiducial,Fiducial,Fiducial,P11-SCC,P11-SCC,y,374.88,0.4,mm,false
8,FAT supplier,fiducial,Fiducial,Fiducial,P11-SCC,P11-SCC,z,-2348.44,0.4,mm,false
8,FAT supplier,fiducial,Fiducial,Fiducial,P12-IOIS,P12-IOIS,x,10046.43,0.4,mm,false
8,FAT supplier,fiducial,Fiducial,Fiducial,P12-IOIS,P12-IOIS,y,-1322.29,0.4,mm,false
8,FAT supplier,fiducial,Fiducial,Fiducial,P12-IOIS,P12-IOIS,z,-3030.44,0.4,mm,false
8,FAT supplier,fiducial,Fiducial,Fiducial,P12-SCC,P12-SCC,x,10641.22,0.4,mm,false
8,FAT supplier,fiducial,Fiducial,Fiducial,P12-SCC,P12-SCC,y,706.82,0.4,mm,false
8,FAT supplier,fiducial,Fiducial,Fiducial,P12-SCC,P12-SCC,z,-2955.96,0.4,mm,false
8,FAT supplier,fiducial,Fiducial,Fiducial,P2-OIS,P2-OIS,x,7541.53,0.4,mm,false
8,FAT supplier,fiducial,Fiducial,Fiducial,P2-OIS,P2-OIS,y,1367.31,0.4,mm,false
8,FAT supplier,fiducial,Fiducial,Fiducial,P2-OIS,P2-OIS,z,6355.24,0.4,mm,false
8,FAT supplier,fiducial,Fiducial,Fiducial,P2-PF2,P2-PF2,x,9002.58,0.4,mm,false
8,FAT supplier,fiducial,Fiducial,Fiducial,P2-PF2,P2-PF2,y,299.4,0.4,mm,false
8,FAT supplier,fiducial,Fiducial,Fiducial,P2-PF2,P2-PF2,z,7005.85,0.4,mm,false
8,FAT supplier,fiducial,Fiducial,Fiducial,P2-PF5,P2-PF5,x,9205.72,0.4,mm,false
8,FAT supplier,fiducial,Fiducial,Fiducial,P2-PF5,P2-PF5,y,314.98,0.4,mm,false
8,FAT supplier,fiducial,Fiducial,Fiducial,P2-PF5,P2-PF5,z,-7401.02,0.4,mm,false
8,FAT supplier,fiducial,Fiducial,Fiducial,P3-PF2,P3-PF2,x,9002.7,0.4,mm,false
8,FAT supplier,fiducial,Fiducial,Fiducial,P3-PF2,P3-PF2,y,-300.59,0.4,mm,false
8,FAT supplier,fiducial,Fiducial,Fiducial,P3-PF2,P3-PF2,z,7005.87,0.4,mm,false
8,FAT supplier,fiducial,Fiducial,Fiducial,P3-PF5,P3-PF5,x,9205.51,0.4,mm,false
8,FAT supplier,fiducial,Fiducial,Fiducial,P3-PF5,P3-PF5,y,-315.95,0.4,mm,false
8,FAT supplier,fiducial,Fiducial,Fiducial,P3-PF5,P3-PF5,z,-7400.94,0.4,mm,false
8,FAT supplier,fiducial,Fiducial,Fiducial,P6-IOIS,P6-IOIS,x,10046.47,0.4,mm,false
8,FAT supplier,fiducial,Fiducial,Fiducial,P6-IOIS,P6-IOIS,y,1321.49,0.4,mm,false
8,FAT supplier,fiducial,Fiducial,Fiducial,P6-IOIS,P6-IOIS,z,-3030.16,0.4,mm,false
8,FAT supplier,fiducial,Fiducial,Fiducial,P7-IOIS,P7-IOIS,x,9469.14,0.56,mm,false
8,FAT supplier,fiducial,Fiducial,Fiducial,P7-IOIS,P7-IOIS,y,-1220.25,0.56,mm,false
8,FAT supplier,fiducial,Fiducial,Fiducial,P7-IOIS,P7-IOIS,z,3927.88,0.56,mm,false
9,FAT supplier,fiducial,CCL,CCL,A,A,x,2713.2,0.32,mm,false
9,FAT supplier,fiducial,CCL,CCL,A,A,y,0.78,0.34,mm,false
9,FAT supplier,fiducial,CCL,CCL,A,A,z,-3700.16,0.04,mm,false
9,FAT supplier,fiducial,CCL,CCL,B,B,x,2712.91,0.22,mm,false
9,FAT supplier,fiducial,CCL,CCL,B,B,y,0.47,0.27,mm,false
9,FAT supplier,fiducial,CCL,CCL,B,B,z,3700.07,0.02,mm,false
9,FAT supplier,fiducial,CCL,CCL,C,C,x,5333.35,0.07,mm,false
9,FAT supplier,fiducial,CCL,CCL,C,C,y,0.12,0.25,mm,false
9,FAT supplier,fiducial,CCL,CCL,C,C,z,6298.06,0.18,mm,false
9,FAT supplier,fiducial,CCL,CCL,D,D,x,8977.97,0.67,mm,false
9,FAT supplier,fiducial,CCL,CCL,D,D,y,-0.65,0.63,mm,false
9,FAT supplier,fiducial,CCL,CCL,D,D,z,4436.59,0.16,mm,false
9,FAT supplier,fiducial,CCL,CCL,E,E,x,9584.4,0.43,mm,false
9,FAT supplier,fiducial,CCL,CCL,E,E,y,-0.23,0.43,mm,false
9,FAT supplier,fiducial,CCL,CCL,E,E,z,-3695.34,0.12,mm,false
9,FAT supplier,fiducial,CCL,CCL,F,F',x,3399.4,0.23,mm,false
9,FAT supplier,fiducial,CCL,CCL,F,F',y,2.8,0.32,mm,false
9,FAT supplier,fiducial,CCL,CCL,F,F',z,-5598.72,0.17,mm,false
9,FAT supplier,fiducial,CCL,CCL,G,G,x,10728.61,0.22,mm,false
9,FAT supplier,fiducial,CCL,CCL,G,G,y,-0.13,0.28,mm,false
9,FAT supplier,fiducial,CCL,CCL,G,G,z,-0.9200000000000017,0.02,mm,false
9,FAT supplier,fiducial,CCL,CCL,H,H,x,2714.22,0.19,mm,false
9,FAT supplier,fiducial,CCL,CCL,H,H,y,-0.53,0.25,mm,false
9,FAT supplier,fiducial,CCL,CCL,H,H,z,0.2100000000000009,0.01,mm,false
9,FAT supplier,fiducial,Fiducial,Fiducial,AU_CP_2,AU_CP_2,x,5420.01,0.15,mm,false
9,FAT supplier,fiducial,Fiducial,Fiducial,AU_CP_2,AU_CP_2,y,-579.51,0.15,mm,false
9,FAT supplier,fiducial,Fiducial,Fiducial,AU_CP_2,AU_CP_2,z,-8126.74,0.15,mm,false
9,FAT supplier,fiducial,Fiducial,Fiducial,AU_CP_5,AU_CP_5,x,2828.14,0.15,mm,false
9,FAT supplier,fiducial,Fiducial,Fiducial,AU_CP_5,AU_CP_5,y,58.98,0.15,mm,false
9,FAT supplier,fiducial,Fiducial,Fiducial,AU_CP_5,AU_CP_5,z,-8043.44,0.15,mm,false
9,FAT supplier,fiducial,Fiducial,Fiducial,AU_CP_7,AU_CP_7,x,2933.6,0.15,mm,false
9,FAT supplier,fiducial,Fiducial,Fiducial,AU_CP_7,AU_CP_7,y,519.17,0.15,mm,false
9,FAT supplier,fiducial,Fiducial,Fiducial,AU_CP_7,AU_CP_7,z,-7875.03,0.15,mm,false
9,FAT supplier,fiducial,Fiducial,Fiducial,AU_CP_8,AU_CP_8,x,4021.15,0.15,mm,false
9,FAT supplier,fiducial,Fiducial,Fiducial,AU_CP_8,AU_CP_8,y,735.3,0.15,mm,false
9,FAT supplier,fiducial,Fiducial,Fiducial,AU_CP_8,AU_CP_8,z,-6484.24,0.15,mm,false
9,FAT supplier,fiducial,Fiducial,Fiducial,AU_CP_10,AU_CP_10,x,4820.6,0.15,mm,false
9,FAT supplier,fiducial,Fiducial,Fiducial,AU_CP_10,AU_CP_10,y,-713.62,0.15,mm,false
9,FAT supplier,fiducial,Fiducial,Fiducial,AU_CP_10,AU_CP_10,z,-5914.84,0.15,mm,false
9,FAT supplier,fiducial,Fiducial,Fiducial,AU_CP_12,AU_CP_12,x,4305.27,0.15,mm,false
9,FAT supplier,fiducial,Fiducial,Fiducial,AU_CP_12,AU_CP_12,y,781.04,0.15,mm,false
9,FAT supplier,fiducial,Fiducial,Fiducial,AU_CP_12,AU_CP_12,z,-5807.75,0.15,mm,false
9,FAT supplier,fiducial,Fiducial,Fiducial,AU_CP_18,AU_CP_18,x,2160.63,0.15,mm,false
9,FAT supplier,fiducial,Fiducial,Fiducial,AU_CP_18,AU_CP_18,y,-4.94,0.15,mm,false
9,FAT supplier,fiducial,Fiducial,Fiducial,AU_CP_18,AU_CP_18,z,-3498.52,0.15,mm,false
9,FAT supplier,fiducial,Fiducial,Fiducial,AU_CP_25,AU_CP_25,x,2161.01,0.15,mm,false
9,FAT supplier,fiducial,Fiducial,Fiducial,AU_CP_25,AU_CP_25,y,0.72,0.15,mm,false
9,FAT supplier,fiducial,Fiducial,Fiducial,AU_CP_25,AU_CP_25,z,206.88,0.15,mm,false
9,FAT supplier,fiducial,Fiducial,Fiducial,AU_CP_30,AU_CP_30,x,2160.34,0.15,mm,false
9,FAT supplier,fiducial,Fiducial,Fiducial,AU_CP_30,AU_CP_30,y,4.21,0.15,mm,false
9,FAT supplier,fiducial,Fiducial,Fiducial,AU_CP_30,AU_CP_30,z,3533.64,0.15,mm,false
9,FAT supplier,fiducial,Fiducial,Fiducial,AU_CP_36,AU_CP_36,x,4652.74,0.15,mm,false
9,FAT supplier,fiducial,Fiducial,Fiducial,AU_CP_36,AU_CP_36,y,844.07,0.15,mm,false
9,FAT supplier,fiducial,Fiducial,Fiducial,AU_CP_36,AU_CP_36,z,5879.58,0.15,mm,false
9,FAT supplier,fiducial,Fiducial,Fiducial,AU_CP_37,AU_CP_37,x,4829.69,0.15,mm,false
9,FAT supplier,fiducial,Fiducial,Fiducial,AU_CP_37,AU_CP_37,y,-652.52,0.15,mm,false
9,FAT supplier,fiducial,Fiducial,Fiducial,AU_CP_37,AU_CP_37,z,5913.07,0.15,mm,false
9,FAT supplier,fiducial,Fiducial,Fiducial,AU_CP_40,AU_CP_40,x,5310.73,0.15,mm,false
9,FAT supplier,fiducial,Fiducial,Fiducial,AU_CP_40,AU_CP_40,y,544.88,0.15,mm,false
9,FAT supplier,fiducial,Fiducial,Fiducial,AU_CP_40,AU_CP_40,z,6412.1,0.15,mm,false
9,FAT supplier,fiducial,Fiducial,Fiducial,AU_CP_41,AU_CP_41,x,3991.68,0.15,mm,false
9,FAT supplier,fiducial,Fiducial,Fiducial,AU_CP_41,AU_CP_41,y,730.74,0.15,mm,false
9,FAT supplier,fiducial,Fiducial,Fiducial,AU_CP_41,AU_CP_41,z,6511.92,0.15,mm,false
9,FAT supplier,fiducial,Fiducial,Fiducial,AU_CP_43,AU_CP_43,x,2828.09,0.15,mm,false
9,FAT supplier,fiducial,Fiducial,Fiducial,AU_CP_43,AU_CP_43,y,-8.05,0.15,mm,false
9,FAT supplier,fiducial,Fiducial,Fiducial,AU_CP_43,AU_CP_43,z,7890.25,0.15,mm,false
9,FAT supplier,fiducial,Fiducial,Fiducial,AU_CP_44,AU_CP_44,x,2909.5,0.15,mm,false
9,FAT supplier,fiducial,Fiducial,Fiducial,AU_CP_44,AU_CP_44,y,515.66,0.15,mm,false
9,FAT supplier,fiducial,Fiducial,Fiducial,AU_CP_44,AU_CP_44,z,7899.23,0.15,mm,false
9,FAT supplier,fiducial,Fiducial,Fiducial,AU_CP_45,AU_CP_45,x,4886.36,0.15,mm,false
9,FAT supplier,fiducial,Fiducial,Fiducial,AU_CP_45,AU_CP_45,y,9.06,0.15,mm,false
9,FAT supplier,fiducial,Fiducial,Fiducial,AU_CP_45,AU_CP_45,z,8088.7,0.15,mm,false
9,FAT supplier,fiducial,Fiducial,Fiducial,AU_CP_46,AU_CP_46,x,4780.35,0.15,mm,false
9,FAT supplier,fiducial,Fiducial,Fiducial,AU_CP_46,AU_CP_46,y,-532.62,0.15,mm,false
9,FAT supplier,fiducial,Fiducial,Fiducial,AU_CP_46,AU_CP_46,z,8090.66,0.15,mm,false
9,FAT supplier,fiducial,Fiducial,Fiducial,BU_CP_6,BU_CP_6,x,6399.67,0.15,mm,false
9,FAT supplier,fiducial,Fiducial,Fiducial,BU_CP_6,BU_CP_6,y,540.88,0.15,mm,false
9,FAT supplier,fiducial,Fiducial,Fiducial,BU_CP_6,BU_CP_6,z,5773.43,0.15,mm,false
9,FAT supplier,fiducial,Fiducial,Fiducial,BU_CP_7,BU_CP_7,x,7709.88,0.15,mm,false
9,FAT supplier,fiducial,Fiducial,Fiducial,BU_CP_7,BU_CP_7,y,1131.97,0.15,mm,false
9,FAT supplier,fiducial,Fiducial,Fiducial,BU_CP_7,BU_CP_7,z,6653.34,0.15,mm,false
9,FAT supplier,fiducial,Fiducial,Fiducial,BU_CP_8,BU_CP_8,x,7707.95,0.15,mm,false
9,FAT supplier,fiducial,Fiducial,Fiducial,BU_CP_8,BU_CP_8,y,-1152.03,0.15,mm,false
9,FAT supplier,fiducial,Fiducial,Fiducial,BU_CP_8,BU_CP_8,z,6643.81,0.15,mm,false
9,FAT supplier,fiducial,Fiducial,Fiducial,BU_CP_9,BU_CP_9,x,7808.94,0.15,mm,false
9,FAT supplier,fiducial,Fiducial,Fiducial,BU_CP_9,BU_CP_9,y,62.78,0.15,mm,false
9,FAT supplier,fiducial,Fiducial,Fiducial,BU_CP_9,BU_CP_9,z,6883.09,0.15,mm,false
9,FAT supplier,fiducial,Fiducial,Fiducial,BU_CP_12,BU_CP_12,x,7419.29,0.15,mm,false
9,FAT supplier,fiducial,Fiducial,Fiducial,BU_CP_12,BU_CP_12,y,542.64,0.15,mm,false
9,FAT supplier,fiducial,Fiducial,Fiducial,BU_CP_12,BU_CP_12,z,5727.86,0.15,mm,false
9,FAT supplier,fiducial,Fiducial,Fiducial,BU_CP_13,BU_CP_13,x,9091.08,0.15,mm,false
9,FAT supplier,fiducial,Fiducial,Fiducial,BU_CP_13,BU_CP_13,y,-397.48,0.15,mm,false
9,FAT supplier,fiducial,Fiducial,Fiducial,BU_CP_13,BU_CP_13,z,6730.42,0.15,mm,false
9,FAT supplier,fiducial,Fiducial,Fiducial,BU_CP_14,BU_CP_14,x,9092.42,0.15,mm,false
9,FAT supplier,fiducial,Fiducial,Fiducial,BU_CP_14,BU_CP_14,y,399.81,0.15,mm,false
9,FAT supplier,fiducial,Fiducial,Fiducial,BU_CP_14,BU_CP_14,z,6720.7,0.15,mm,false
9,FAT supplier,fiducial,Fiducial,Fiducial,BU_CP_16,BU_CP_16,x,8959.59,0.15,mm,false
9,FAT supplier,fiducial,Fiducial,Fiducial,BU_CP_16,BU_CP_16,y,543.84,0.15,mm,false
9,FAT supplier,fiducial,Fiducial,Fiducial,BU_CP_16,BU_CP_16,z,4464.17,0.15,mm,false
9,FAT supplier,fiducial,Fiducial,Fiducial,BU_CP_30,BU_CP_30,x,11173.19,0.15,mm,false
9,FAT supplier,fiducial,Fiducial,Fiducial,BU_CP_30,BU_CP_30,y,420.23,0.15,mm,false
9,FAT supplier,fiducial,Fiducial,Fiducial,BU_CP_30,BU_CP_30,z,3638.43,0.15,mm,false
9,FAT supplier,fiducial,Fiducial,Fiducial,BU_CP_31,BU_CP_31,x,11173.2,0.15,mm,false
9,FAT supplier,fiducial,Fiducial,Fiducial,BU_CP_31,BU_CP_31,y,-420.48,0.15,mm,false
9,FAT supplier,fiducial,Fiducial,Fiducial,BU_CP_31,BU_CP_31,z,3618.77,0.15,mm,false
9,FAT supplier,fiducial,Fiducial,Fiducial,BU_CP_38,BU_CP_38,x,10231.84,0.15,mm,false
9,FAT supplier,fiducial,Fiducial,Fiducial,BU_CP_38,BU_CP_38,y,1164.71,0.15,mm,false
9,FAT supplier,fiducial,Fiducial,Fiducial,BU_CP_38,BU_CP_38,z,2236.82,0.15,mm,false
9,FAT supplier,fiducial,Fiducial,Fiducial,BU_CP_42,BU_CP_42,x,11213.07,0.15,mm,false
9,FAT supplier,fiducial,Fiducial,Fiducial,BU_CP_42,BU_CP_42,y,-122.73,0.15,mm,false
9,FAT supplier,fiducial,Fiducial,Fiducial,BU_CP_42,BU_CP_42,z,158.19,0.15,mm,false
9,FAT supplier,fiducial,Fiducial,Fiducial,BU_CP_45,BU_CP_45,x,10637.22,0.15,mm,false
9,FAT supplier,fiducial,Fiducial,Fiducial,BU_CP_45,BU_CP_45,y,1017.44,0.15,mm,false
9,FAT supplier,fiducial,Fiducial,Fiducial,BU_CP_45,BU_CP_45,z,-1057.49,0.15,mm,false
9,FAT supplier,fiducial,Fiducial,Fiducial,BU_CP_47,BU_CP_47,x,10736.73,0.15,mm,false
9,FAT supplier,fiducial,Fiducial,Fiducial,BU_CP_47,BU_CP_47,y,1224.58,0.15,mm,false
9,FAT supplier,fiducial,Fiducial,Fiducial,BU_CP_47,BU_CP_47,z,-1228.85,0.15,mm,false
9,FAT supplier,fiducial,Fiducial,Fiducial,BU_CP_56,BU_CP_56,x,11036.27,0.15,mm,false
9,FAT supplier,fiducial,Fiducial,Fiducial,BU_CP_56,BU_CP_56,y,-291.2,0.15,mm,false
9,FAT supplier,fiducial,Fiducial,Fiducial,BU_CP_56,BU_CP_56,z,-2907.11,0.15,mm,false
9,FAT supplier,fiducial,Fiducial,Fiducial,BU_CP_57,BU_CP_57,x,10545.58,0.15,mm,false
9,FAT supplier,fiducial,Fiducial,Fiducial,BU_CP_57,BU_CP_57,y,839.46,0.15,mm,false
9,FAT supplier,fiducial,Fiducial,Fiducial,BU_CP_57,BU_CP_57,z,-3044.43,0.15,mm,false
9,FAT supplier,fiducial,Fiducial,Fiducial,BU_CP_62,BU_CP_62,x,9764.37,0.15,mm,false
9,FAT supplier,fiducial,Fiducial,Fiducial,BU_CP_62,BU_CP_62,y,1735.68,0.15,mm,false
9,FAT supplier,fiducial,Fiducial,Fiducial,BU_CP_62,BU_CP_62,z,-2935.04,0.15,mm,false
9,FAT supplier,fiducial,Fiducial,Fiducial,BU_CP_65,BU_CP_65,x,9851.31,0.15,mm,false
9,FAT supplier,fiducial,Fiducial,Fiducial,BU_CP_65,BU_CP_65,y,1272.6,0.15,mm,false
9,FAT supplier,fiducial,Fiducial,Fiducial,BU_CP_65,BU_CP_65,z,-3098.12,0.15,mm,false
9,FAT supplier,fiducial,Fiducial,Fiducial,BU_CP_70,BU_CP_70,x,9132.78,0.15,mm,false
9,FAT supplier,fiducial,Fiducial,Fiducial,BU_CP_70,BU_CP_70,y,540.89,0.15,mm,false
9,FAT supplier,fiducial,Fiducial,Fiducial,BU_CP_70,BU_CP_70,z,-3888.01,0.15,mm,false
9,FAT supplier,fiducial,Fiducial,Fiducial,BU_CP_80,BU_CP_80,x,7081.31,0.15,mm,false
9,FAT supplier,fiducial,Fiducial,Fiducial,BU_CP_80,BU_CP_80,y,542.14,0.15,mm,false
9,FAT supplier,fiducial,Fiducial,Fiducial,BU_CP_80,BU_CP_80,z,-5627.7,0.15,mm,false
9,FAT supplier,fiducial,Fiducial,Fiducial,SP05-1,SP05-1,x,3761.8,0.15,mm,false
9,FAT supplier,fiducial,Fiducial,Fiducial,SP05-1,SP05-1,y,685.28,0.15,mm,false
9,FAT supplier,fiducial,Fiducial,Fiducial,SP05-1,SP05-1,z,-5625.83,0.15,mm,false
9,FAT supplier,fiducial,Fiducial,Fiducial,SP06-1,SP06-1,x,6822.3,0.15,mm,false
9,FAT supplier,fiducial,Fiducial,Fiducial,SP06-1,SP06-1,y,540.51,0.15,mm,false
9,FAT supplier,fiducial,Fiducial,Fiducial,SP06-1,SP06-1,z,5761.92,0.15,mm,false
9,FAT supplier,fiducial,Fiducial,Fiducial,SP08-1,SP08-1,x,10354.32,0.15,mm,false
9,FAT supplier,fiducial,Fiducial,Fiducial,SP08-1,SP08-1,y,541.44,0.15,mm,false
9,FAT supplier,fiducial,Fiducial,Fiducial,SP08-1,SP08-1,z,1536.06,0.15,mm,false
9,FAT supplier,fiducial,Fiducial,Fiducial,SP10-1,SP10-1,x,9052.99,0.15,mm,false
9,FAT supplier,fiducial,Fiducial,Fiducial,SP10-1,SP10-1,y,539.93,0.15,mm,false
9,FAT supplier,fiducial,Fiducial,Fiducial,SP10-1,SP10-1,z,-4068.14,0.15,mm,false
9,FAT supplier,fiducial,Fiducial,Fiducial,SP11-1,SP11-1,x,7306.12,0.15,mm,false
9,FAT supplier,fiducial,Fiducial,Fiducial,SP11-1,SP11-1,y,540.77,0.15,mm,false
9,FAT supplier,fiducial,Fiducial,Fiducial,SP11-1,SP11-1,z,-5510.48,0.15,mm,false
9,FAT supplier,fiducial,Fiducial,Fiducial,TFC_2,TFC_2,x,6169.71,0.15,mm,false
9,FAT supplier,fiducial,Fiducial,Fiducial,TFC_2,TFC_2,y,-933.42,0.15,mm,false
9,FAT supplier,fiducial,Fiducial,Fiducial,TFC_2,TFC_2,z,5846.76,0.15,mm,false
9,FAT supplier,fiducial,Fiducial,Fiducial,TFC_3,TFC_3,x,5891.06,0.15,mm,false
9,FAT supplier,fiducial,Fiducial,Fiducial,TFC_3,TFC_3,y,-907.51,0.15,mm,false
9,FAT supplier,fiducial,Fiducial,Fiducial,TFC_3,TFC_3,z,6346.42,0.15,mm,false
9,FAT supplier,fiducial,Fiducial,Fiducial,TFC_7,TFC_7,x,7390.97,0.15,mm,false
9,FAT supplier,fiducial,Fiducial,Fiducial,TFC_7,TFC_7,y,-1061.86,0.15,mm,false
9,FAT supplier,fiducial,Fiducial,Fiducial,TFC_7,TFC_7,z,-5848.06,0.15,mm,false
9,FAT supplier,fiducial,Fiducial,Fiducial,TFC_8,TFC_8,x,6159.06,0.15,mm,false
9,FAT supplier,fiducial,Fiducial,Fiducial,TFC_8,TFC_8,y,-908.87,0.15,mm,false
9,FAT supplier,fiducial,Fiducial,Fiducial,TFC_8,TFC_8,z,-5849.8,0.15,mm,false
9,FAT supplier,fiducial,Fiducial,Fiducial,TFC_9,TFC_9,x,6158.13,0.15,mm,false
9,FAT supplier,fiducial,Fiducial,Fiducial,TFC_9,TFC_9,y,910.83,0.15,mm,false
9,FAT supplier,fiducial,Fiducial,Fiducial,TFC_9,TFC_9,z,5846.63,0.15,mm,false
9,FAT supplier,fiducial,Fiducial,Fiducial,TFC_13,TFC_13,x,6153.66,0.15,mm,false
9,FAT supplier,fiducial,Fiducial,Fiducial,TFC_13,TFC_13,y,919.07,0.15,mm,false
9,FAT supplier,fiducial,Fiducial,Fiducial,TFC_13,TFC_13,z,-5848.82,0.15,mm,false
9,FAT supplier,fiducial,Fiducial,Fiducial,TFC_14,TFC_14,x,7421.47,0.15,mm,false
9,FAT supplier,fiducial,Fiducial,Fiducial,TFC_14,TFC_14,y,1160.14,0.15,mm,false
9,FAT supplier,fiducial,Fiducial,Fiducial,TFC_14,TFC_14,z,-5848.19,0.15,mm,false
9,FAT supplier,fiducial,Fiducial,Fiducial,TFC_16,TFC_16,x,7441.43,0.15,mm,false
9,FAT supplier,fiducial,Fiducial,Fiducial,TFC_16,TFC_16,y,1129.63,0.15,mm,false
9,FAT supplier,fiducial,Fiducial,Fiducial,TFC_16,TFC_16,z,5849.05,0.15,mm,false
9,FAT supplier,fiducial,Fiducial,Fiducial,TFC_27,TFC_27,x,4652.66,0.15,mm,false
9,FAT supplier,fiducial,Fiducial,Fiducial,TFC_27,TFC_27,y,844.09,0.15,mm,false
9,FAT supplier,fiducial,Fiducial,Fiducial,TFC_27,TFC_27,z,5879.5,0.15,mm,false
9,FAT supplier,fiducial,Fiducial,Fiducial,TFC_33,TFC_33,x,5891.71,0.15,mm,false
9,FAT supplier,fiducial,Fiducial,Fiducial,TFC_33,TFC_33,y,-904.32,0.15,mm,false
9,FAT supplier,fiducial,Fiducial,Fiducial,TFC_33,TFC_33,z,-6392.83,0.15,mm,false
9,FAT supplier,fiducial,Fiducial,Fiducial,TFC_38,TFC_38,x,9092.95,0.15,mm,false
9,FAT supplier,fiducial,Fiducial,Fiducial,TFC_38,TFC_38,y,-53.64,0.15,mm,false
9,FAT supplier,fiducial,Fiducial,Fiducial,TFC_38,TFC_38,z,5871.5,0.15,mm,false
9,FAT supplier,fiducial,Fiducial,Fiducial,TFC_46,TFC_46,x,7441.46,0.15,mm,false
9,FAT supplier,fiducial,Fiducial,Fiducial,TFC_46,TFC_46,y,1129.69,0.15,mm,false
9,FAT supplier,fiducial,Fiducial,Fiducial,TFC_46,TFC_46,z,5849.1,0.15,mm,false
8,FAT IO,transform,,,,,dx,-0.117190069314405,,mm,false
8,FAT IO,transform,,,,,dy,0.04077670770290347,,mm,false
8,FAT IO,transform,,,,,dz,-0.06980368889550059,,mm,false
8,FAT IO,transform,,,,,rx,0.008478830899665469,,deg,false
8,FAT IO,transform,,,,,ry,-0.001172975654242344,,deg,false
8,FAT IO,transform,,,,,rz,0.002645252921709561,,deg,false
8,FAT IO,fiducial,CCL,CCL,A,A,x,2712.968592749996,0.4493865149487669,mm,false
8,FAT IO,fiducial,CCL,CCL,A,A,y,0.09364462962673126,0.4493865149487669,mm,false
8,FAT IO,fiducial,CCL,CCL,A,A,z,-3700.534290453507,0.4493865149487669,mm,false
8,FAT IO,fiducial,CCL,CCL,B,B,x,2712.787113905992,0.5115023616140533,mm,false
8,FAT IO,fiducial,CCL,CCL,B,B,y,-1.101351896937654,0.5115023616140533,mm,false
8,FAT IO,fiducial,CCL,CCL,B,B,z,3698.905611562639,0.5115023616140533,mm,false
8,FAT IO,fiducial,CCL,CCL,C,C,x,5332.963851357445,0.5208970851175633,mm,false
8,FAT IO,fiducial,CCL,CCL,C,C,y,0.4652395148649644,0.5208970851175633,mm,false
8,FAT IO,fiducial,CCL,CCL,C,C,z,6296.35951338835,0.5208970851175633,mm,false
8,FAT IO,fiducial,CCL,CCL,D,D,x,8977.63195708893,0.5335396203586635,mm,false
8,FAT IO,fiducial,CCL,CCL,D,D,y,0.04868822388099697,0.5335396203586635,mm,false
8,FAT IO,fiducial,CCL,CCL,D,D,z,4436.814045686988,0.5335396203586635,mm,false
8,FAT IO,fiducial,CCL,CCL,E,E,x,9584.388534740097,0.5450679982650037,mm,false
8,FAT IO,fiducial,CCL,CCL,E,E,y,-0.9399404034656235,0.5450679982650037,mm,false
8,FAT IO,fiducial,CCL,CCL,E,E,z,-3694.943769662069,0.5450679982650037,mm,false
8,FAT IO,fiducial,CCL,CCL,F,F',x,3398.217446259637,0.4987251357953769,mm,false
8,FAT IO,fiducial,CCL,CCL,F,F',y,0.1260422717970302,0.4987251357953769,mm,false
8,FAT IO,fiducial,CCL,CCL,F,F',z,-5597.790278219552,0.4987251357953769,mm,false
8,FAT IO,fiducial,CCL,CCL,G,G,x,10729.71279845052,0.5300461809993201,mm,false
8,FAT IO,fiducial,CCL,CCL,G,G,y,0.5761604645144488,0.5300461809993201,mm,false
8,FAT IO,fiducial,CCL,CCL,G,G,z,-0.07005666532669329,0.5300461809993201,mm,false
8,FAT IO,fiducial,CCL,CCL,H,H,x,2713.922831146186,0.5026769685200312,mm,false
8,FAT IO,fiducial,CCL,CCL,H,H,y,0.6464180504186381,0.5026769685200312,mm,false
8,FAT IO,fiducial,CCL,CCL,H,H,z,-2.324147847948191,0.5026769685200312,mm,false
8,FAT IO,fiducial,Fiducial,Fiducial,A1-AU,A1-AU,x,2143.828601,0.4,mm,false
8,FAT IO,fiducial,Fiducial,Fiducial,A1-AU,A1-AU,y,-0.37272,0.4,mm,false
8,FAT IO,fiducial,Fiducial,Fiducial,A1-AU,A1-AU,z,-3699.936011,0.4,mm,false
8,FAT IO,fiducial,Fiducial,Fiducial,A2-AU,A2-AU,x,2704.964604,0.4,mm,false
8,FAT IO,fiducial,Fiducial,Fiducial,A2-AU,A2-AU,y,519.383168,0.4,mm,false
8,FAT IO,fiducial,Fiducial,Fiducial,A2-AU,A2-AU,z,-3699.767608,0.4,mm,false
8,FAT IO,fiducial,Fiducial,Fiducial,A3-AP,A3-AP,x,3133.838616,0.4,mm,false
8,FAT IO,fiducial,Fiducial,Fiducial,A3-AP,A3-AP,y,-0.296889,0.4,mm,false
8,FAT IO,fiducial,Fiducial,Fiducial,A3-AP,A3-AP,z,-3700.775732,0.4,mm,false
8,FAT IO,fiducial,Fiducial,Fiducial,B1-AU,B1-AU,x,2143.787063,0.4,mm,false
8,FAT IO,fiducial,Fiducial,Fiducial,B1-AU,B1-AU,y,-0.507784,0.4,mm,false
8,FAT IO,fiducial,Fiducial,Fiducial,B1-AU,B1-AU,z,3700.004051,0.4,mm,false
8,FAT IO,fiducial,Fiducial,Fiducial,B2-AU,B2-AU,x,2705.553106,0.4,mm,false
8,FAT IO,fiducial,Fiducial,Fiducial,B2-AU,B2-AU,y,518.45816,0.4,mm,false
8,FAT IO,fiducial,Fiducial,Fiducial,B2-AU,B2-AU,z,3699.99235,0.4,mm,false
8,FAT IO,fiducial,Fiducial,Fiducial,B3-AP,B3-AP,x,3134.417073,0.4,mm,false
8,FAT IO,fiducial,Fiducial,Fiducial,B3-AP,B3-AP,y,-0.832096,0.4,mm,false
8,FAT IO,fiducial,Fiducial,Fiducial,B3-AP,B3-AP,z,3700.324283,0.4,mm,false
8,FAT IO,fiducial,Fiducial,Fiducial,D3-BP,D3-BP,x,8449.564821,0.4,mm,false
8,FAT IO,fiducial,Fiducial,Fiducial,D3-BP,D3-BP,y,-2.475832,0.4,mm,false
8,FAT IO,fiducial,Fiducial,Fiducial,D3-BP,D3-BP,z,4302.61286,0.4,mm,false
8,FAT IO,fiducial,Fiducial,Fiducial,D4-BU,D4-BU,x,8784.924013,0.4,mm,false
8,FAT IO,fiducial,Fiducial,Fiducial,D4-BU,D4-BU,y,-565.149386,0.4,mm,false
8,FAT IO,fiducial,Fiducial,Fiducial,D4-BU,D4-BU,z,4633.936463,0.4,mm,false
8,FAT IO,fiducial,Fiducial,Fiducial,E3-BP,E3-BP,x,8740.144708,0.4,mm,false
8,FAT IO,fiducial,Fiducial,Fiducial,E3-BP,E3-BP,y,0.346126,0.4,mm,false
8,FAT IO,fiducial,Fiducial,Fiducial,E3-BP,E3-BP,z,-3999.330866,0.4,mm,false
8,FAT IO,fiducial,Fiducial,Fiducial,G1-BU,G1-BU,x,11234.762876,0.4,mm,false
8,FAT IO,fiducial,Fiducial,Fiducial,G1-BU,G1-BU,y,-1.260577,0.4,mm,false
8,FAT IO,fiducial,Fiducial,Fiducial,G1-BU,G1-BU,z,0.300011,0.4,mm,false
8,FAT IO,fiducial,Fiducial,Fiducial,G2-BU,G2-BU,x,10728.466904,0.4,mm,false
8,FAT IO,fiducial,Fiducial,Fiducial,G2-BU,G2-BU,y,561.476106,0.4,mm,false
8,FAT IO,fiducial,Fiducial,Fiducial,G2-BU,G2-BU,z,-0.047078,0.4,mm,false
8,FAT IO,fiducial,Fiducial,Fiducial,P2-OIS,P2-OIS,x,7541.219567,0.4,mm,false
8,FAT IO,fiducial,Fiducial,Fiducial,P2-OIS,P2-OIS,y,1366.758452,0.4,mm,false
8,FAT IO,fiducial,Fiducial,Fiducial,P2-OIS,P2-OIS,z,6355.526911,0.4,mm,false
8,FAT IO,fiducial,Fiducial,Fiducial,P2-PF2,P2-PF2,x,9002.30555,0.4,mm,false
8,FAT IO,fiducial,Fiducial,Fiducial,P2-PF2,P2-PF2,y,298.819635,0.4,mm,false
8,FAT IO,fiducial,Fiducial,Fiducial,P2-PF2,P2-PF2,z,7006.008793,0.4,mm,false
8,FAT IO,fiducial,Fiducial,Fiducial,P2-PF5,P2-PF5,x,9205.739772,0.4,mm,false
8,FAT IO,fiducial,Fiducial,Fiducial,P2-PF5,P2-PF5,y,316.540992,0.4,mm,false
8,FAT IO,fiducial,Fiducial,Fiducial,P2-PF5,P2-PF5,z,-7400.854581,0.4,mm,false
8,FAT IO,fiducial,Fiducial,Fiducial,P3-PF2,P3-PF2,x,9002.45325,0.4,mm,false
8,FAT IO,fiducial,Fiducial,Fiducial,P3-PF2,P3-PF2,y,-301.170355,0.4,mm,false
8,FAT IO,fiducial,Fiducial,Fiducial,P3-PF2,P3-PF2,z,7005.940007,0.4,mm,false
8,FAT IO,fiducial,Fiducial,Fiducial,P3-PF5,P3-PF5,x,9205.558899,0.4,mm,false
8,FAT IO,fiducial,Fiducial,Fiducial,P3-PF5,P3-PF5,y,-314.389022,0.4,mm,false
8,FAT IO,fiducial,Fiducial,Fiducial,P3-PF5,P3-PF5,z,-7400.867952,0.4,mm,false
8,FAT IO,fiducial,Fiducial,Fiducial,P6-IOIS,P6-IOIS,x,10046.35382,0.4,mm,false
8,FAT IO,fiducial,Fiducial,Fiducial,P6-IOIS,P6-IOIS,y,1322.442978,0.4,mm,false
8,FAT IO,fiducial,Fiducial,Fiducial,P6-IOIS,P6-IOIS,z,-3029.828466,0.4,mm,false
8,FAT IO,fiducial,Fiducial,Fiducial,P7-IOIS,P7-IOIS,x,9468.998722,0.56,mm,false
8,FAT IO,fiducial,Fiducial,Fiducial,P7-IOIS,P7-IOIS,y,-1220.353319,0.56,mm,false
8,FAT IO,fiducial,Fiducial,Fiducial,P7-IOIS,P7-IOIS,z,3927.8235,0.56,mm,false
8,FAT IO,fiducial,Fiducial,Fiducial,E4-BU,E4-BU,x,9105.274799,0.4,mm,false
8,FAT IO,fiducial,Fiducial,Fiducial,E4-BU,E4-BU,y,-656.187026,0.4,mm,false
8,FAT IO,fiducial,Fiducial,Fiducial,E4-BU,E4-BU,z,4312.469545,0.4,mm,false
8,FAT IO,fiducial,Fiducial,Fiducial,P1-IOIS,P1-IOIS,x,9468.196039,0.4,mm,false
8,FAT IO,fiducial,Fiducial,Fiducial,P1-IOIS,P1-IOIS,y,1219.86646,0.4,mm,false
8,FAT IO,fiducial,Fiducial,Fiducial,P1-IOIS,P1-IOIS,z,3929.264596,0.4,mm,false
8,FAT IO,fiducial,Fiducial,Fiducial,P1-PF2,P1-PF2,x,7718.459405,0.4,mm,false
8,FAT IO,fiducial,Fiducial,Fiducial,P1-PF2,P1-PF2,y,-1.299625,0.4,mm,false
8,FAT IO,fiducial,Fiducial,Fiducial,P1-PF2,P1-PF2,z,7005.898097,0.4,mm,false
8,FAT IO,fiducial,Fiducial,Fiducial,P1-PF5,P1-PF5,x,7748.034314,0.4,mm,false
8,FAT IO,fiducial,Fiducial,Fiducial,P1-PF5,P1-PF5,y,1.493686,0.4,mm,false
8,FAT IO,fiducial,Fiducial,Fiducial,P1-PF5,P1-PF5,z,-7400.841045,0.4,mm,false
8,FAT IO,fiducial,Fiducial,Fiducial,P1-PF6,P1-PF6,x,3130.380431,0.4,mm,false
8,FAT IO,fiducial,Fiducial,Fiducial,P1-PF6,P1-PF6,y,1.006841,0.4,mm,false
8,FAT IO,fiducial,Fiducial,Fiducial,P1-PF6,P1-PF6,z,-8187.04566,0.4,mm,false
8,FAT IO,fiducial,Fiducial,Fiducial,P1-TCC,P1-TCC,x,5784.440476,0.4,mm,false
8,FAT IO,fiducial,Fiducial,Fiducial,P1-TCC,P1-TCC,y,223.491566,0.4,mm,false
8,FAT IO,fiducial,Fiducial,Fiducial,P1-TCC,P1-TCC,z,6935.081768,0.4,mm,false
8,FAT IO,fiducial,Fiducial,Fiducial,P11-IOIS,P11-IOIS,x,10289.0378,0.4,mm,false
8,FAT IO,fiducial,Fiducial,Fiducial,P11-IOIS,P11-IOIS,y,-1751.255338,0.4,mm,false
8,FAT IO,fiducial,Fiducial,Fiducial,P11-IOIS,P11-IOIS,z,-2154.838344,0.4,mm,false
8,FAT IO,fiducial,Fiducial,Fiducial,P11-SCC,P11-SCC,x,11191.173566,0.4,mm,false
8,FAT IO,fiducial,Fiducial,Fiducial,P11-SCC,P11-SCC,y,375.784956,0.4,mm,false
8,FAT IO,fiducial,Fiducial,Fiducial,P11-SCC,P11-SCC,z,-2348.225111,0.4,mm,false
8,FAT IO,fiducial,Fiducial,Fiducial,P12-IOIS,P12-IOIS,x,10046.435885,0.4,mm,false
8,FAT IO,fiducial,Fiducial,Fiducial,P12-IOIS,P12-IOIS,y,-1321.33695,0.4,mm,false
8,FAT IO,fiducial,Fiducial,Fiducial,P12-IOIS,P12-IOIS,z,-3030.4997,0.4,mm,false
8,FAT IO,fiducial,Fiducial,Fiducial,P12-SCC,P12-SCC,x,10641.130679,0.4,mm,false
8,FAT IO,fiducial,Fiducial,Fiducial,P12-SCC,P12-SCC,y,707.789462,0.4,mm,false
8,FAT IO,fiducial,Fiducial,Fiducial,P12-SCC,P12-SCC,z,-2955.707247,0.4,mm,false
9,FAT IO,transform,,,,,dx,-0.307210285191502,,mm,false
9,FAT IO,transform,,,,,dy,-1.083756879627223,,mm,false
9,FAT IO,transform,,,,,dz,0.1766437528822716,,mm,false
9,FAT IO,transform,,,,,rx,-0.007248205564682348,,deg,false
9,FAT IO,transform,,,,,ry,0.001813105885475676,,deg,false
9,FAT IO,transform,,,,,rz,0.007000539162830398,,deg,false
9,FAT IO,fiducial,CCL,CCL,A,A,x,2712.77572047783,0.2636083159509727,mm,false
9,FAT IO,fiducial,CCL,CCL,A,A,y,-0.4403664151438332,0.281254547671578,mm,false
9,FAT IO,fiducial,CCL,CCL,A,A,z,-3700.06917688358,0.03982598461862136,mm,false
9,FAT IO,fiducial,CCL,CCL,B,B,x,2712.719936173614,0.2117146177267759,mm,false
9,FAT IO,fiducial,CCL,CCL,B,B,y,0.1857646356368581,0.2560798763666919,mm,false
9,FAT IO,fiducial,CCL,CCL,B,B,z,3700.16080859309,0.01999192370668643,mm,false
9,FAT IO,fiducial,CCL,CCL,C,C,x,5333.242170595167,0.0698073977154472,mm,false
9,FAT IO,fiducial,CCL,CCL,C,C,y,0.4845848061662363,0.2417568544829234,mm,false
9,FAT IO,fiducial,CCL,CCL,C,C,z,6298.067867324942,0.1757524365421826,mm,false
9,FAT IO,fiducial,CCL,CCL,D,D,x,8977.803330047382,0.5553917234722668,mm,false
9,FAT IO,fiducial,CCL,CCL,D,D,y,-0.07560650574246974,0.5365520963342236,mm,false
9,FAT IO,fiducial,CCL,CCL,D,D,z,4436.482591438275,0.1578446861734971,mm,false
9,FAT IO,fiducial,CCL,CCL,E,E,x,9583.975941680515,0.4042514148446818,mm,false
9,FAT IO,fiducial,CCL,CCL,E,E,y,-0.610244056762073,0.4049117904572228,mm,false
9,FAT IO,fiducial,CCL,CCL,E,E,z,-3695.466592199593,0.1193090541297389,mm,false
9,FAT IO,fiducial,CCL,CCL,F,F',x,3398.915388903998,0.2183216609581934,mm,false
9,FAT IO,fiducial,CCL,CCL,F,F',y,1.423294977582049,0.2918560565948645,mm,false
9,FAT IO,fiducial,CCL,CCL,F,F',z,-5598.651141450358,0.16255581574071,mm,false
9,FAT IO,fiducial,CCL,CCL,G,G,x,10728.30282904075,0.2156735468073685,mm,false
9,FAT IO,fiducial,CCL,CCL,G,G,y,0.09691654235835001,0.2712080817747694,mm,false
9,FAT IO,fiducial,CCL,CCL,G,G,z,-1.082862091371968,0.01999577995767491,mm,false
9,FAT IO,fiducial,CCL,CCL,H,H,x,2713.912977506572,0.1833432193290692,mm,false
9,FAT IO,fiducial,CCL,CCL,H,H,y,-1.282126275204516,0.236388869653723,mm,false
9,FAT IO,fiducial,CCL,CCL,H,H,z,0.3009250774103191,0.009998534896692982,mm,false
9,FAT IO,fiducial,Fiducial,Fiducial,AU_CP_12,AU_CP_12,x,4304.68368,0.15,mm,false
9,FAT IO,fiducial,Fiducial,Fiducial,AU_CP_12,AU_CP_12,y,779.747517,0.15,mm,false
9,FAT IO,fiducial,Fiducial,Fiducial,AU_CP_12,AU_CP_12,z,-5807.808268,0.15,mm,false
9,FAT IO,fiducial,Fiducial,Fiducial,AU_CP_18,AU_CP_18,x,2160.212805,0.15,mm,false
9,FAT IO,fiducial,Fiducial,Fiducial,AU_CP_18,AU_CP_18,y,-6.20237,0.15,mm,false
9,FAT IO,fiducial,Fiducial,Fiducial,AU_CP_18,AU_CP_18,z,-3498.41096,0.15,mm,false
9,FAT IO,fiducial,Fiducial,Fiducial,AU_CP_25,AU_CP_25,x,2160.709369,0.15,mm,false
9,FAT IO,fiducial,Fiducial,Fiducial,AU_CP_25,AU_CP_25,y,-0.073572,0.15,mm,false
9,FAT IO,fiducial,Fiducial,Fiducial,AU_CP_25,AU_CP_25,z,206.98828,0.15,mm,false
9,FAT IO,fiducial,Fiducial,Fiducial,AU_CP_30,AU_CP_30,x,2160.144217,0.15,mm,false
9,FAT IO,fiducial,Fiducial,Fiducial,AU_CP_30,AU_CP_30,y,3.837198,0.15,mm,false
9,FAT IO,fiducial,Fiducial,Fiducial,AU_CP_30,AU_CP_30,z,3533.747831,0.15,mm,false
9,FAT IO,fiducial,Fiducial,Fiducial,AU_CP_36,AU_CP_36,x,4652.515818,0.15,mm,false
9,FAT IO,fiducial,Fiducial,Fiducial,AU_CP_36,AU_CP_36,y,844.298476,0.15,mm,false
9,FAT IO,fiducial,Fiducial,Fiducial,AU_CP_36,AU_CP_36,z,5879.502658,0.15,mm,false
9,FAT IO,fiducial,Fiducial,Fiducial,AU_CP_37,AU_CP_37,x,4829.649733,0.15,mm,false
9,FAT IO,fiducial,Fiducial,Fiducial,AU_CP_37,AU_CP_37,y,-652.265645,0.15,mm,false
9,FAT IO,fiducial,Fiducial,Fiducial,AU_CP_37,AU_CP_37,z,5913.176376,0.15,mm,false
9,FAT IO,fiducial,Fiducial,Fiducial,AU_CP_40,AU_CP_40,x,5310.55922,0.15,mm,false
9,FAT IO,fiducial,Fiducial,Fiducial,AU_CP_40,AU_CP_40,y,545.256239,0.15,mm,false
9,FAT IO,fiducial,Fiducial,Fiducial,AU_CP_40,AU_CP_40,z,6412.03967,0.15,mm,false
9,FAT IO,fiducial,Fiducial,Fiducial,AU_CP_8,AU_CP_8,x,4020.547863,0.15,mm,false
9,FAT IO,fiducial,Fiducial,Fiducial,AU_CP_8,AU_CP_8,y,733.887225,0.15,mm,false
9,FAT IO,fiducial,Fiducial,Fiducial,AU_CP_8,AU_CP_8,z,-6484.283481,0.15,mm,false
9,FAT IO,fiducial,Fiducial,Fiducial,BU_CP_16,BU_CP_16,x,8959.357676,0.15,mm,false
9,FAT IO,fiducial,Fiducial,Fiducial,BU_CP_16,BU_CP_16,y,544.415628,0.15,mm,false
9,FAT IO,fiducial,Fiducial,Fiducial,BU_CP_16,BU_CP_16,z,4463.994294,0.15,mm,false
9,FAT IO,fiducial,Fiducial,Fiducial,BU_CP_42,BU_CP_42,x,11212.78284,0.15,mm,false
9,FAT IO,fiducial,Fiducial,Fiducial,BU_CP_42,BU_CP_42,y,-122.423763,0.15,mm,false
9,FAT IO,fiducial,Fiducial,Fiducial,BU_CP_42,BU_CP_42,z,158.027307,0.15,mm,false
9,FAT IO,fiducial,Fiducial,Fiducial,BU_CP_70,BU_CP_70,x,9132.283733,0.15,mm,false
9,FAT IO,fiducial,Fiducial,Fiducial,BU_CP_70,BU_CP_70,y,540.430196,0.15,mm,false
9,FAT IO,fiducial,Fiducial,Fiducial,BU_CP_70,BU_CP_70,z,-3888.190745,0.15,mm,false
9,FAT IO,fiducial,Fiducial,Fiducial,AU_CP_2,AU_CP_2,x,5419.516523,0.15,mm,false
9,FAT IO,fiducial,Fiducial,Fiducial,AU_CP_2,AU_CP_2,y,-580.959628,0.15,mm,false
9,FAT IO,fiducial,Fiducial,Fiducial,AU_CP_2,AU_CP_2,z,-8126.66143,0.15,mm,false
9,FAT IO,fiducial,Fiducial,Fiducial,AU_CP_5,AU_CP_5,x,2827.571167,0.15,mm,false
9,FAT IO,fiducial,Fiducial,Fiducial,AU_CP_5,AU_CP_5,y,57.224229,0.15,mm,false
9,FAT IO,fiducial,Fiducial,Fiducial,AU_CP_5,AU_CP_5,z,-8043.360141,0.15,mm,false
9,FAT IO,fiducial,Fiducial,Fiducial,AU_CP_7,AU_CP_7,x,2932.980268,0.15,mm,false
9,FAT IO,fiducial,Fiducial,Fiducial,AU_CP_7,AU_CP_7,y,517.448412,0.15,mm,false
9,FAT IO,fiducial,Fiducial,Fiducial,AU_CP_7,AU_CP_7,z,-7875.011696,0.15,mm,false
9,FAT IO,fiducial,Fiducial,Fiducial,AU_CP_10,AU_CP_10,x,4820.192908,0.15,mm,false
9,FAT IO,fiducial,Fiducial,Fiducial,AU_CP_10,AU_CP_10,y,-714.863045,0.15,mm,false
9,FAT IO,fiducial,Fiducial,Fiducial,AU_CP_10,AU_CP_10,z,-5914.725506,0.15,mm,false
9,FAT IO,fiducial,Fiducial,Fiducial,AU_CP_41,AU_CP_41,x,3991.48968,0.15,mm,false
9,FAT IO,fiducial,Fiducial,Fiducial,AU_CP_41,AU_CP_41,y,730.967705,0.15,mm,false
9,FAT IO,fiducial,Fiducial,Fiducial,AU_CP_41,AU_CP_41,z,6511.877919,0.15,mm,false
9,FAT IO,fiducial,Fiducial,Fiducial,AU_CP_43,AU_CP_43,x,2828.033573,0.15,mm,false
9,FAT IO,fiducial,Fiducial,Fiducial,AU_CP_43,AU_CP_43,y,-7.790084,0.15,mm,false
9,FAT IO,fiducial,Fiducial,Fiducial,AU_CP_43,AU_CP_43,z,7890.338204,0.15,mm,false
9,FAT IO,fiducial,Fiducial,Fiducial,AU_CP_44,AU_CP_44,x,2909.379869,0.15,mm,false
9,FAT IO,fiducial,Fiducial,Fiducial,AU_CP_44,AU_CP_44,y,515.930991,0.15,mm,false
9,FAT IO,fiducial,Fiducial,Fiducial,AU_CP_44,AU_CP_44,z,7899.249377,0.15,mm,false
9,FAT IO,fiducial,Fiducial,Fiducial,AU_CP_45,AU_CP_45,x,4886.307746,0.15,mm,false
9,FAT IO,fiducial,Fiducial,Fiducial,AU_CP_45,AU_CP_45,y,9.596497,0.15,mm,false
9,FAT IO,fiducial,Fiducial,Fiducial,AU_CP_45,AU_CP_45,z,8088.720873,0.15,mm,false
9,FAT IO,fiducial,Fiducial,Fiducial,AU_CP_46,AU_CP_46,x,4780.363993,0.15,mm,false
9,FAT IO,fiducial,Fiducial,Fiducial,AU_CP_46,AU_CP_46,y,-532.096199,0.15,mm,false
9,FAT IO,fiducial,Fiducial,Fiducial,AU_CP_46,AU_CP_46,z,8090.752752,0.15,mm,false
9,FAT IO,fiducial,Fiducial,Fiducial,BU_CP_6,BU_CP_6,x,6399.479489,0.15,mm,false
9,FAT IO,fiducial,Fiducial,Fiducial,BU_CP_6,BU_CP_6,y,541.308489,0.15,mm,false
9,FAT IO,fiducial,Fiducial,Fiducial,BU_CP_6,BU_CP_6,z,5773.335705,0.15,mm,false
9,FAT IO,fiducial,Fiducial,Fiducial,BU_CP_7,BU_CP_7,x,7709.645102,0.15,mm,false
9,FAT IO,fiducial,Fiducial,Fiducial,BU_CP_7,BU_CP_7,y,1132.669873,0.15,mm,false
9,FAT IO,fiducial,Fiducial,Fiducial,BU_CP_7,BU_CP_7,z,6653.129443,0.15,mm,false
9,FAT IO,fiducial,Fiducial,Fiducial,BU_CP_8,BU_CP_8,x,7707.993866,0.15,mm,false
9,FAT IO,fiducial,Fiducial,Fiducial,BU_CP_8,BU_CP_8,y,-1151.331533,0.15,mm,false
9,FAT IO,fiducial,Fiducial,Fiducial,BU_CP_8,BU_CP_8,z,6643.888433,0.15,mm,false
9,FAT IO,fiducial,Fiducial,Fiducial,BU_CP_9,BU_CP_9,x,7808.843008,0.15,mm,false
9,FAT IO,fiducial,Fiducial,Fiducial,BU_CP_9,BU_CP_9,y,63.521057,0.15,mm,false
9,FAT IO,fiducial,Fiducial,Fiducial,BU_CP_9,BU_CP_9,z,6883.011558,0.15,mm,false
9,FAT IO,fiducial,Fiducial,Fiducial,BU_CP_12,BU_CP_12,x,7419.097824,0.15,mm,false
9,FAT IO,fiducial,Fiducial,Fiducial,BU_CP_12,BU_CP_12,y,543.1873,0.15,mm,false
9,FAT IO,fiducial,Fiducial,Fiducial,BU_CP_12,BU_CP_12,z,5727.733202,0.15,mm,false
9,FAT IO,fiducial,Fiducial,Fiducial,BU_CP_13,BU_CP_13,x,9091.034403,0.15,mm,false
9,FAT IO,fiducial,Fiducial,Fiducial,BU_CP_13,BU_CP_13,y,-396.6016,0.15,mm,false
9,FAT IO,fiducial,Fiducial,Fiducial,BU_CP_13,BU_CP_13,z,6730.35919,0.15,mm,false
9,FAT IO,fiducial,Fiducial,Fiducial,BU_CP_14,BU_CP_14,x,9092.27668,0.15,mm,false
9,FAT IO,fiducial,Fiducial,Fiducial,BU_CP_14,BU_CP_14,y,400.687322,0.15,mm,false
9,FAT IO,fiducial,Fiducial,Fiducial,BU_CP_14,BU_CP_14,z,6720.53829,0.15,mm,false
9,FAT IO,fiducial,Fiducial,Fiducial,BU_CP_30,BU_CP_30,x,11172.946631,0.15,mm,false
9,FAT IO,fiducial,Fiducial,Fiducial,BU_CP_30,BU_CP_30,y,420.971624,0.15,mm,false
9,FAT IO,fiducial,Fiducial,Fiducial,BU_CP_30,BU_CP_30,z,3638.199855,0.15,mm,false
9,FAT IO,fiducial,Fiducial,Fiducial,BU_CP_31,BU_CP_31,x,11173.058729,0.15,mm,false
9,FAT IO,fiducial,Fiducial,Fiducial,BU_CP_31,BU_CP_31,y,-419.740849,0.15,mm,false
9,FAT IO,fiducial,Fiducial,Fiducial,BU_CP_31,BU_CP_31,z,3618.646206,0.15,mm,false
9,FAT IO,fiducial,Fiducial,Fiducial,BU_CP_38,BU_CP_38,x,10231.461323,0.15,mm,false
9,FAT IO,fiducial,Fiducial,Fiducial,BU_CP_38,BU_CP_38,y,1165.159289,0.15,mm,false
9,FAT IO,fiducial,Fiducial,Fiducial,BU_CP_38,BU_CP_38,z,2236.525493,0.15,mm,false
9,FAT IO,fiducial,Fiducial,Fiducial,BU_CP_45,BU_CP_45,x,10636.755066,0.15,mm,false
9,FAT IO,fiducial,Fiducial,Fiducial,BU_CP_45,BU_CP_45,y,1017.522073,0.15,mm,false
9,FAT IO,fiducial,Fiducial,Fiducial,BU_CP_45,BU_CP_45,z,-1057.778684,0.15,mm,false
9,FAT IO,fiducial,Fiducial,Fiducial,BU_CP_47,BU_CP_47,x,10736.234334,0.15,mm,false
9,FAT IO,fiducial,Fiducial,Fiducial,BU_CP_47,BU_CP_47,y,1224.65255,0.15,mm,false
9,FAT IO,fiducial,Fiducial,Fiducial,BU_CP_47,BU_CP_47,z,-1229.168036,0.15,mm,false
9,FAT IO,fiducial,Fiducial,Fiducial,BU_CP_56,BU_CP_56,x,11035.906425,0.15,mm,false
9,FAT IO,fiducial,Fiducial,Fiducial,BU_CP_56,BU_CP_56,y,-291.303137,0.15,mm,false
9,FAT IO,fiducial,Fiducial,Fiducial,BU_CP_56,BU_CP_56,z,-2907.245757,0.15,mm,false
9,FAT IO,fiducial,Fiducial,Fiducial,BU_CP_57,BU_CP_57,x,10545.073937,0.15,mm,false
9,FAT IO,fiducial,Fiducial,Fiducial,BU_CP_57,BU_CP_57,y,839.279522,0.15,mm,false
9,FAT IO,fiducial,Fiducial,Fiducial,BU_CP_57,BU_CP_57,z,-3044.693251,0.15,mm,false
9,FAT IO,fiducial,Fiducial,Fiducial,BU_CP_62,BU_CP_62,x,9763.757902,0.15,mm,false
9,FAT IO,fiducial,Fiducial,Fiducial,BU_CP_62,BU_CP_62,y,1735.417899,0.15,mm,false
9,FAT IO,fiducial,Fiducial,Fiducial,BU_CP_62,BU_CP_62,z,-2935.391891,0.15,mm,false
9,FAT IO,fiducial,Fiducial,Fiducial,BU_CP_65,BU_CP_65,x,9850.749321,0.15,mm,false
9,FAT IO,fiducial,Fiducial,Fiducial,BU_CP_65,BU_CP_65,y,1272.327898,0.15,mm,false
9,FAT IO,fiducial,Fiducial,Fiducial,BU_CP_65,BU_CP_65,z,-3098.416062,0.15,mm,false
9,FAT IO,fiducial,Fiducial,Fiducial,BU_CP_80,BU_CP_80,x,7080.758545,0.15,mm,false
9,FAT IO,fiducial,Fiducial,Fiducial,BU_CP_80,BU_CP_80,y,541.209471,0.15,mm,false
9,FAT IO,fiducial,Fiducial,Fiducial,BU_CP_80,BU_CP_80,z,-5627.815938,0.15,mm,false
9,FAT IO,fiducial,Fiducial,Fiducial,SP05-1,SP05-1,x,3761.231141,0.15,mm,false
9,FAT IO,fiducial,Fiducial,Fiducial,SP05-1,SP05-1,y,683.944132,0.15,mm,false
9,FAT IO,fiducial,Fiducial,Fiducial,SP05-1,SP05-1,z,-5625.858949,0.15,mm,false
9,FAT IO,fiducial,Fiducial,Fiducial,SP06-1,SP06-1,x,6822.109167,0.15,mm,false
9,FAT IO,fiducial,Fiducial,Fiducial,SP06-1,SP06-1,y,540.98867,0.15,mm,false
9,FAT IO,fiducial,Fiducial,Fiducial,SP06-1,SP06-1,z,5761.812372,0.15,mm,false
9,FAT IO,fiducial,Fiducial,Fiducial,SP08-1,SP08-1,x,10353.995299,0.15,mm,false
9,FAT IO,fiducial,Fiducial,Fiducial,SP08-1,SP08-1,y,541.815614,0.15,mm,false
9,FAT IO,fiducial,Fiducial,Fiducial,SP08-1,SP08-1,z,1535.840466,0.15,mm,false
9,FAT IO,fiducial,Fiducial,Fiducial,SP10-1,SP10-1,x,9052.488151,0.15,mm,false
9,FAT IO,fiducial,Fiducial,Fiducial,SP10-1,SP10-1,y,539.43766,0.15,mm,false
9,FAT IO,fiducial,Fiducial,Fiducial,SP10-1,SP10-1,z,-4068.318095,0.15,mm,false
9,FAT IO,fiducial,Fiducial,Fiducial,SP11-1,SP11-1,x,7305.57242,0.15,mm,false
9,FAT IO,fiducial,Fiducial,Fiducial,SP11-1,SP11-1,y,539.881766,0.15,mm,false
9,FAT IO,fiducial,Fiducial,Fiducial,SP11-1,SP11-1,z,-5510.602883,0.15,mm,false
9,FAT IO,fiducial,Fiducial,Fiducial,TFC_2,TFC_2,x,6169.701945,0.15,mm,false
9,FAT IO,fiducial,Fiducial,Fiducial,TFC_2,TFC_2,y,-933.010307,0.15,mm,false
9,FAT IO,fiducial,Fiducial,Fiducial,TFC_2,TFC_2,z,5846.859486,0.15,mm,false
9,FAT IO,fiducial,Fiducial,Fiducial,TFC_3,TFC_3,x,5891.064593,0.15,mm,false
9,FAT IO,fiducial,Fiducial,Fiducial,TFC_3,TFC_3,y,-907.071143,0.15,mm,false
9,FAT IO,fiducial,Fiducial,Fiducial,TFC_3,TFC_3,z,6346.525026,0.15,mm,false
9,FAT IO,fiducial,Fiducial,Fiducial,TFC_7,TFC_7,x,7390.60755,0.15,mm,false
9,FAT IO,fiducial,Fiducial,Fiducial,TFC_7,TFC_7,y,-1062.780547,0.15,mm,false
9,FAT IO,fiducial,Fiducial,Fiducial,TFC_7,TFC_7,z,-5847.982832,0.15,mm,false
9,FAT IO,fiducial,Fiducial,Fiducial,TFC_8,TFC_8,x,6158.678812,0.15,mm,false
9,FAT IO,fiducial,Fiducial,Fiducial,TFC_8,TFC_8,y,-909.941283,0.15,mm,false
9,FAT IO,fiducial,Fiducial,Fiducial,TFC_8,TFC_8,z,-5849.703183,0.15,mm,false
9,FAT IO,fiducial,Fiducial,Fiducial,TFC_9,TFC_9,x,6157.896606,0.15,mm,false
9,FAT IO,fiducial,Fiducial,Fiducial,TFC_9,TFC_9,y,911.238233,0.15,mm,false
9,FAT IO,fiducial,Fiducial,Fiducial,TFC_9,TFC_9,z,5846.496553,0.15,mm,false
9,FAT IO,fiducial,Fiducial,Fiducial,TFC_13,TFC_13,x,6153.055501,0.15,mm,false
9,FAT IO,fiducial,Fiducial,Fiducial,TFC_13,TFC_13,y,917.998153,0.15,mm,false
9,FAT IO,fiducial,Fiducial,Fiducial,TFC_13,TFC_13,z,-5848.954249,0.15,mm,false
9,FAT IO,fiducial,Fiducial,Fiducial,TFC_14,TFC_14,x,7420.836056,0.15,mm,false
9,FAT IO,fiducial,Fiducial,Fiducial,TFC_14,TFC_14,y,1159.223128,0.15,mm,false
9,FAT IO,fiducial,Fiducial,Fiducial,TFC_14,TFC_14,z,-5848.394883,0.15,mm,false
9,FAT IO,fiducial,Fiducial,Fiducial,TFC_16,TFC_16,x,7441.169939,0.15,mm,false
9,FAT IO,fiducial,Fiducial,Fiducial,TFC_16,TFC_16,y,1130.195327,0.15,mm,false
9,FAT IO,fiducial,Fiducial,Fiducial,TFC_16,TFC_16,z,5848.848245,0.15,mm,false
9,FAT IO,fiducial,Fiducial,Fiducial,TFC_27,TFC_27,x,4652.435813,0.15,mm,false
9,FAT IO,fiducial,Fiducial,Fiducial,TFC_27,TFC_27,y,844.318456,0.15,mm,false
9,FAT IO,fiducial,Fiducial,Fiducial,TFC_27,TFC_27,z,5879.422658,0.15,mm,false
9,FAT IO,fiducial,Fiducial,Fiducial,TFC_33,TFC_33,x,5891.311074,0.15,mm,false
9,FAT IO,fiducial,Fiducial,Fiducial,TFC_33,TFC_33,y,-905.492643,0.15,mm,false
9,FAT IO,fiducial,Fiducial,Fiducial,TFC_33,TFC_33,z,-6392.72529,0.15,mm,false
9,FAT IO,fiducial,Fiducial,Fiducial,TFC_38,TFC_38,x,9092.835211,0.15,mm,false
9,FAT IO,fiducial,Fiducial,Fiducial,TFC_38,TFC_38,y,-52.870034,0.15,mm,false
9,FAT IO,fiducial,Fiducial,Fiducial,TFC_38,TFC_38,z,5871.395642,0.15,mm,false
9,FAT IO,fiducial,Fiducial,Fiducial,TFC_46,TFC_46,x,7441.199933,0.15,mm,false
9,FAT IO,fiducial,Fiducial,Fiducial,TFC_46,TFC_46,y,1130.255337,0.15,mm,false
9,FAT IO,fiducial,Fiducial,Fiducial,TFC_46,TFC_46,z,5848.898236,0.15,mm,false
8,SSAT BR,fiducial,CCL,CCL,A,A,x,2712.267985749996,1.4,mm,false
8,SSAT BR,fiducial,CCL,CCL,A,A,y,0.04245829629340227,1.4,mm,false
8,SSAT BR,fiducial,CCL,CCL,A,A,z,-3700.817840120174,1.4,mm,false
8,SSAT BR,fiducial,CCL,CCL,B,B,x,2712.148033239325,1.4,mm,false
8,SSAT BR,fiducial,CCL,CCL,B,B,y,-1.060778563604337,1.4,mm,false
8,SSAT BR,fiducial,CCL,CCL,B,B,z,3698.912050229306,1.4,mm,false
8,SSAT BR,fiducial,CCL,CCL,C,C,x,5333.184284357444,1.9,mm,false
8,SSAT BR,fiducial,CCL,CCL,C,C,y,0.7267875148649123,1.9,mm,false
8,SSAT BR,fiducial,CCL,CCL,C,C,z,6296.29260238835,1.9,mm,false
8,SSAT BR,fiducial,CCL,CCL,D,D,x,8977.73980058893,1.2,mm,false
8,SSAT BR,fiducial,CCL,CCL,D,D,y,-0.003701476118923061,1.2,mm,false
8,SSAT BR,fiducial,CCL,CCL,D,D,z,4436.855351486988,1.2,mm,false
8,SSAT BR,fiducial,CCL,CCL,E,E,x,9584.683826740098,1.2,mm,false
8,SSAT BR,fiducial,CCL,CCL,E,E,y,-0.6160664034656234,1.2,mm,false
8,SSAT BR,fiducial,CCL,CCL,E,E,z,-3694.222903662069,1.2,mm,false
8,SSAT BR,fiducial,CCL,CCL,F,F',x,3397.516839259637,1.9,mm,false
8,SSAT BR,fiducial,CCL,CCL,F,F',y,0.07485593846370123,1.9,mm,false
8,SSAT BR,fiducial,CCL,CCL,F,F',z,-5598.073827886219,1.9,mm,false
8,SSAT BR,fiducial,CCL,CCL,G,G,x,10730.12642478385,1.4,mm,false
8,SSAT BR,fiducial,CCL,CCL,G,G,y,0.4517427978478307,1.4,mm,false
8,SSAT BR,fiducial,CCL,CCL,G,G,z,-0.1530920819933137,1.4,mm,false
8,SSAT BR,fiducial,CCL,CCL,H,H,x,2713.252987312853,1.2,mm,false
8,SSAT BR,fiducial,CCL,CCL,H,H,y,0.6411115504186322,1.2,mm,false
8,SSAT BR,fiducial,CCL,CCL,H,H,z,-2.462703347948206,1.2,mm,false
8,SSAT BR,fiducial,Fiducial,Fiducial,A1-AU,A1-AU,x,2143.24,0.15,mm,false
8,SSAT BR,fiducial,Fiducial,Fiducial,A1-AU,A1-AU,y,-0.56,0.15,mm,false
8,SSAT BR,fiducial,Fiducial,Fiducial,A1-AU,A1-AU,z,-3700.16,0.15,mm,false
8,SSAT BR,fiducial,Fiducial,Fiducial,A2-AU,A2-AU,x,2704.04,0.15,mm,false
8,SSAT BR,fiducial,Fiducial,Fiducial,A2-AU,A2-AU,y,519.41,0.15,mm,false
8,SSAT BR,fiducial,Fiducial,Fiducial,A2-AU,A2-AU,z,-3699.38,0.15,mm,false
8,SSAT BR,fiducial,Fiducial,Fiducial,A3-AP,A3-AP,x,3133.25,0.15,mm,false
8,SSAT BR,fiducial,Fiducial,Fiducial,A3-AP,A3-AP,y,-0.29,0.15,mm,false
8,SSAT BR,fiducial,Fiducial,Fiducial,A3-AP,A3-AP,z,-3701.79,0.15,mm,false
8,SSAT BR,fiducial,Fiducial,Fiducial,B1-AU,B1-AU,x,2143.1,0.15,mm,false
8,SSAT BR,fiducial,Fiducial,Fiducial,B1-AU,B1-AU,y,-0.98,0.15,mm,false
8,SSAT BR,fiducial,Fiducial,Fiducial,B1-AU,B1-AU,z,3700.31,0.15,mm,false
8,SSAT BR,fiducial,Fiducial,Fiducial,B2-AU,B2-AU,x,2704.93,0.15,mm,false
8,SSAT BR,fiducial,Fiducial,Fiducial,B2-AU,B2-AU,y,518.78,0.15,mm,false
8,SSAT BR,fiducial,Fiducial,Fiducial,B2-AU,B2-AU,z,3699.99,0.15,mm,false
8,SSAT BR,fiducial,Fiducial,Fiducial,B3-AP,B3-AP,x,3133.81,0.15,mm,false
8,SSAT BR,fiducial,Fiducial,Fiducial,B3-AP,B3-AP,y,-0.56,0.15,mm,false
8,SSAT BR,fiducial,Fiducial,Fiducial,B3-AP,B3-AP,z,3700.04,0.15,mm,false
8,SSAT BR,fiducial,Fiducial,Fiducial,D3-BP,D3-BP,x,8449.72,0.15,mm,false
8,SSAT BR,fiducial,Fiducial,Fiducial,D3-BP,D3-BP,y,-2.71,0.15,mm,false
8,SSAT BR,fiducial,Fiducial,Fiducial,D3-BP,D3-BP,z,4302.63,0.15,mm,false
8,SSAT BR,fiducial,Fiducial,Fiducial,D4-BU,D4-BU,x,8785.57,0.15,mm,false
8,SSAT BR,fiducial,Fiducial,Fiducial,D4-BU,D4-BU,y,-565.29,0.15,mm,false
8,SSAT BR,fiducial,Fiducial,Fiducial,D4-BU,D4-BU,z,4634.14,0.15,mm,false
8,SSAT BR,fiducial,Fiducial,Fiducial,E3-BP,E3-BP,x,8740.44,0.15,mm,false
8,SSAT BR,fiducial,Fiducial,Fiducial,E3-BP,E3-BP,y,0.67,0.15,mm,false
8,SSAT BR,fiducial,Fiducial,Fiducial,E3-BP,E3-BP,z,-3998.61,0.15,mm,false
8,SSAT BR,fiducial,Fiducial,Fiducial,G1-BU,G1-BU,x,11235.69,0.15,mm,false
8,SSAT BR,fiducial,Fiducial,Fiducial,G1-BU,G1-BU,y,-1.36,0.15,mm,false
8,SSAT BR,fiducial,Fiducial,Fiducial,G1-BU,G1-BU,z,0.69,0.15,mm,false
8,SSAT BR,fiducial,Fiducial,Fiducial,G2-BU,G2-BU,x,10730.23,0.15,mm,false
8,SSAT BR,fiducial,Fiducial,Fiducial,G2-BU,G2-BU,y,561.41,0.15,mm,false
8,SSAT BR,fiducial,Fiducial,Fiducial,G2-BU,G2-BU,z,-0.48,0.15,mm,false
8,SSAT BR,fiducial,Fiducial,Fiducial,P2-OIS,P2-OIS,x,7541.44,0.15,mm,false
8,SSAT BR,fiducial,Fiducial,Fiducial,P2-OIS,P2-OIS,y,1367.02,0.15,mm,false
8,SSAT BR,fiducial,Fiducial,Fiducial,P2-OIS,P2-OIS,z,6355.46,0.15,mm,false
8,SSAT BR,fiducial,Fiducial,Fiducial,Orig. A4-AU,Orig. A4-AU,x,2706.15,0.15,mm,false
8,SSAT BR,fiducial,Fiducial,Fiducial,Orig. A4-AU,Orig. A4-AU,y,-511.85,0.15,mm,false
8,SSAT BR,fiducial,Fiducial,Fiducial,Orig. A4-AU,Orig. A4-AU,z,-3700.24,0.15,mm,false
8,SSAT BR,fiducial,Fiducial,Fiducial,Orig. B4-AU,Orig. B4-AU,x,2705.43,0.15,mm,false
8,SSAT BR,fiducial,Fiducial,Fiducial,Orig. B4-AU,Orig. B4-AU,y,-513.0,0.15,mm,false
8,SSAT BR,fiducial,Fiducial,Fiducial,Orig. B4-AU,Orig. B4-AU,z,3699.59,0.15,mm,false
8,SSAT BR,fiducial,Fiducial,Fiducial,Orig. C2-AU,Orig. C2-AU,x,5331.32,0.15,mm,false
8,SSAT BR,fiducial,Fiducial,Fiducial,Orig. C2-AU,Orig. C2-AU,y,560.8,0.15,mm,false
8,SSAT BR,fiducial,Fiducial,Fiducial,Orig. C2-AU,Orig. C2-AU,z,6298.0,0.15,mm,false
8,SSAT BR,fiducial,Fiducial,Fiducial,Orig. C4-AU,Orig. C4-AU,x,5334.05,0.15,mm,false
8,SSAT BR,fiducial,Fiducial,Fiducial,Orig. C4-AU,Orig. C4-AU,y,-564.04,0.15,mm,false
8,SSAT BR,fiducial,Fiducial,Fiducial,Orig. C4-AU,Orig. C4-AU,z,6295.35,0.15,mm,false
8,SSAT BR,fiducial,Fiducial,Fiducial,Orig. D1-BU,Orig. D1-BU,x,9143.62,0.15,mm,false
8,SSAT BR,fiducial,Fiducial,Fiducial,Orig. D1-BU,Orig. D1-BU,y,-2.45,0.15,mm,false
8,SSAT BR,fiducial,Fiducial,Fiducial,Orig. D1-BU,Orig. D1-BU,z,4991.62,0.15,mm,false
8,SSAT BR,fiducial,Fiducial,Fiducial,Orig. D2-BU,Orig. D2-BU,x,8785.35,0.15,mm,false
8,SSAT BR,fiducial,Fiducial,Fiducial,Orig. D2-BU,Orig. D2-BU,y,553.47,0.15,mm,false
8,SSAT BR,fiducial,Fiducial,Fiducial,Orig. D2-BU,Orig. D2-BU,z,4634.12,0.15,mm,false
8,SSAT BR,fiducial,Fiducial,Fiducial,Orig. E1-BU,Orig. E1-BU,x,9487.59,0.15,mm,false
8,SSAT BR,fiducial,Fiducial,Fiducial,Orig. E1-BU,Orig. E1-BU,y,-0.4,0.15,mm,false
8,SSAT BR,fiducial,Fiducial,Fiducial,Orig. E1-BU,Orig. E1-BU,z,-4642.37,0.15,mm,false
8,SSAT BR,fiducial,Fiducial,Fiducial,Orig. E2-BU,Orig. E2-BU,x,9105.62,0.15,mm,false
8,SSAT BR,fiducial,Fiducial,Fiducial,Orig. E2-BU,Orig. E2-BU,y,563.26,0.15,mm,false
8,SSAT BR,fiducial,Fiducial,Fiducial,Orig. E2-BU,Orig. E2-BU,z,-4309.34,0.15,mm,false
8,SSAT BR,fiducial,Fiducial,Fiducial,Orig. E4-BU,Orig. E4-BU,x,9105.49,0.15,mm,false
8,SSAT BR,fiducial,Fiducial,Fiducial,Orig. E4-BU,Orig. E4-BU,y,-563.66,0.15,mm,false
8,SSAT BR,fiducial,Fiducial,Fiducial,Orig. E4-BU,Orig. E4-BU,z,-4312.1,0.15,mm,false
8,SSAT BR,fiducial,Fiducial,Fiducial,Orig. F1-AU,Orig. F1-AU,x,5449.56,0.15,mm,false
8,SSAT BR,fiducial,Fiducial,Fiducial,Orig. F1-AU,Orig. F1-AU,y,1.06,0.15,mm,false
8,SSAT BR,fiducial,Fiducial,Fiducial,Orig. F1-AU,Orig. F1-AU,z,-7918.54,0.15,mm,false
8,SSAT BR,fiducial,Fiducial,Fiducial,Orig. F2-BU,Orig. F2-BU,x,5333.03,0.15,mm,false
8,SSAT BR,fiducial,Fiducial,Fiducial,Orig. F2-BU,Orig. F2-BU,y,592.96,0.15,mm,false
8,SSAT BR,fiducial,Fiducial,Fiducial,Orig. F2-BU,Orig. F2-BU,z,-6321.57,0.15,mm,false
8,SSAT BR,fiducial,Fiducial,Fiducial,Orig. F4-BU,Orig. F4-BU,x,5332.52,0.15,mm,false
8,SSAT BR,fiducial,Fiducial,Fiducial,Orig. F4-BU,Orig. F4-BU,y,-592.1,0.15,mm,false
8,SSAT BR,fiducial,Fiducial,Fiducial,Orig. F4-BU,Orig. F4-BU,z,-6321.68,0.15,mm,false
8,SSAT BR,fiducial,Fiducial,Fiducial,Orig. G3-BP,Orig. G3-BP,x,10257.62,0.15,mm,false
8,SSAT BR,fiducial,Fiducial,Fiducial,Orig. G3-BP,Orig. G3-BP,y,0.84,0.15,mm,false
8,SSAT BR,fiducial,Fiducial,Fiducial,Orig. G3-BP,Orig. G3-BP,z,-0.81,0.15,mm,false
8,SSAT BR,fiducial,Fiducial,Fiducial,Orig. G4-BU,Orig. G4-BU,x,10728.4,0.15,mm,false
8,SSAT BR,fiducial,Fiducial,Fiducial,Orig. G4-BU,Orig. G4-BU,y,-564.0,0.15,mm,false
8,SSAT BR,fiducial,Fiducial,Fiducial,Orig. G4-BU,Orig. G4-BU,z,0.69,0.15,mm,false
8,SSAT BR,fiducial,Fiducial,Fiducial,Orig. H1-AU,Orig. H1-AU,x,2143.06,0.15,mm,false
8,SSAT BR,fiducial,Fiducial,Fiducial,Orig. H1-AU,Orig. H1-AU,y,-0.28,0.15,mm,false
8,SSAT BR,fiducial,Fiducial,Fiducial,Orig. H1-AU,Orig. H1-AU,z,0.59,0.15,mm,false
8,SSAT BR,fiducial,Fiducial,Fiducial,Orig. H2-AU,Orig. H2-AU,x,2705.38,0.15,mm,false
8,SSAT BR,fiducial,Fiducial,Fiducial,Orig. H2-AU,Orig. H2-AU,y,519.73,0.15,mm,false
8,SSAT BR,fiducial,Fiducial,Fiducial,Orig. H2-AU,Orig. H2-AU,z,2.6,0.15,mm,false
8,SSAT BR,fiducial,Fiducial,Fiducial,Orig. H3-AP,Orig. H3-AP,x,3134.38,0.15,mm,false
8,SSAT BR,fiducial,Fiducial,Fiducial,Orig. H3-AP,Orig. H3-AP,y,1.12,0.15,mm,false
8,SSAT BR,fiducial,Fiducial,Fiducial,Orig. H3-AP,Orig. H3-AP,z,-1.79,0.15,mm,false
8,SSAT BR,fiducial,Fiducial,Fiducial,Orig. H4-AU,Orig. H4-AU,x,2703.92,0.15,mm,false
8,SSAT BR,fiducial,Fiducial,Fiducial,Orig. H4-AU,Orig. H4-AU,y,-518.74,0.15,mm,false
8,SSAT BR,fiducial,Fiducial,Fiducial,Orig. H4-AU,Orig. H4-AU,z,0.14,0.15,mm,false
8,SSAT BR,fiducial,Fiducial,Fiducial,Orig. P10-OIS,Orig. P10-OIS,x,5993.0,0.15,mm,false
8,SSAT BR,fiducial,Fiducial,Fiducial,Orig. P10-OIS,Orig. P10-OIS,y,-1093.41,0.15,mm,false
8,SSAT BR,fiducial,Fiducial,Fiducial,Orig. P10-OIS,Orig. P10-OIS,z,-6117.23,0.15,mm,false
8,SSAT BR,fiducial,Fiducial,Fiducial,Orig. P18-IOIS,Orig. P18-IOIS,x,10097.97,0.15,mm,false
8,SSAT BR,fiducial,Fiducial,Fiducial,Orig. P18-IOIS,Orig. P18-IOIS,y,-1816.11,0.15,mm,false
8,SSAT BR,fiducial,Fiducial,Fiducial,Orig. P18-IOIS,Orig. P18-IOIS,z,2375.82,0.15,mm,false
8,SSAT BR,fiducial,Fiducial,Fiducial,Orig. P20-IOIS,Orig. P20-IOIS,x,10483.11,0.15,mm,false
8,SSAT BR,fiducial,Fiducial,Fiducial,Orig. P20-IOIS,Orig. P20-IOIS,y,-1883.24,0.15,mm,false
8,SSAT BR,fiducial,Fiducial,Fiducial,Orig. P20-IOIS,Orig. P20-IOIS,z,-1246.19,0.15,mm,false
8,SSAT BR,fiducial,Fiducial,Fiducial,Orig. P8-OIS,Orig. P8-OIS,x,7543.77,0.15,mm,false
8,SSAT BR,fiducial,Fiducial,Fiducial,Orig. P8-OIS,Orig. P8-OIS,y,-1369.27,0.15,mm,false
8,SSAT BR,fiducial,Fiducial,Fiducial,Orig. P8-OIS,Orig. P8-OIS,z,6354.03,0.15,mm,false
8,SSAT BR,fiducial,Fiducial,Fiducial,Orig. P9-OIS,Orig. P9-OIS,x,5991.3,0.15,mm,false
8,SSAT BR,fiducial,Fiducial,Fiducial,Orig. P9-OIS,Orig. P9-OIS,y,-1095.17,0.15,mm,false
8,SSAT BR,fiducial,Fiducial,Fiducial,Orig. P9-OIS,Orig. P9-OIS,z,6116.91,0.15,mm,false
8,SSAT BR,fiducial,Fiducial,Fiducial,Orig. T200,Orig. T200,x,7710.88,0.15,mm,false
8,SSAT BR,fiducial,Fiducial,Fiducial,Orig. T200,Orig. T200,y,-1089.85,0.15,mm,false
8,SSAT BR,fiducial,Fiducial,Fiducial,Orig. T200,Orig. T200,z,6255.25,0.15,mm,false
8,SSAT BR,fiducial,Fiducial,Fiducial,Orig. Temp.1,Orig. Temp.1,x,3774.23,0.15,mm,false
8,SSAT BR,fiducial,Fiducial,Fiducial,Orig. Temp.1,Orig. Temp.1,y,700.82,0.15,mm,false
8,SSAT BR,fiducial,Fiducial,Fiducial,Orig. Temp.1,Orig. Temp.1,z,6150.17,0.15,mm,false
8,SSAT BR,fiducial,Fiducial,Fiducial,Orig. Temp.2,Orig. Temp.2,x,7714.69,0.15,mm,false
8,SSAT BR,fiducial,Fiducial,Fiducial,Orig. Temp.2,Orig. Temp.2,y,1078.9,0.15,mm,false
8,SSAT BR,fiducial,Fiducial,Fiducial,Orig. Temp.2,Orig. Temp.2,z,6264.63,0.15,mm,false
8,SSAT BR,fiducial,Fiducial,Fiducial,Orig. Temp.3,Orig. Temp.3,x,10631.19,0.15,mm,false
8,SSAT BR,fiducial,Fiducial,Fiducial,Orig. Temp.3,Orig. Temp.3,y,1380.42,0.15,mm,false
8,SSAT BR,fiducial,Fiducial,Fiducial,Orig. Temp.3,Orig. Temp.3,z,-1341.77,0.15,mm,false
8,SSAT BR,fiducial,Fiducial,Fiducial,Orig. Temp.4,Orig. Temp.4,x,10421.63,0.15,mm,false
8,SSAT BR,fiducial,Fiducial,Fiducial,Orig. Temp.4,Orig. Temp.4,y,1716.04,0.15,mm,false
8,SSAT BR,fiducial,Fiducial,Fiducial,Orig. Temp.4,Orig. Temp.4,z,-1756.41,0.15,mm,false
8,SSAT BR,fiducial,Fiducial,Fiducial,Orig. Temp.5,Orig. Temp.5,x,10207.03,0.15,mm,false
8,SSAT BR,fiducial,Fiducial,Fiducial,Orig. Temp.5,Orig. Temp.5,y,1694.13,0.15,mm,false
8,SSAT BR,fiducial,Fiducial,Fiducial,Orig. Temp.5,Orig. Temp.5,z,-2355.48,0.15,mm,false
8,SSAT BR,fiducial,Fiducial,Fiducial,Orig. Temp.6,Orig. Temp.6,x,10064.07,0.15,mm,false
8,SSAT BR,fiducial,Fiducial,Fiducial,Orig. Temp.6,Orig. Temp.6,y,1327.2,0.15,mm,false
8,SSAT BR,fiducial,Fiducial,Fiducial,Orig. Temp.6,Orig. Temp.6,z,-2926.15,0.15,mm,false
8,SSAT BR,fiducial,Fiducial,Fiducial,Orig. Temp.7,Orig. Temp.7,x,9001.2,0.15,mm,false
8,SSAT BR,fiducial,Fiducial,Fiducial,Orig. Temp.7,Orig. Temp.7,y,-552.83,0.15,mm,false
8,SSAT BR,fiducial,Fiducial,Fiducial,Orig. Temp.7,Orig. Temp.7,z,5925.52,0.15,mm,false
8,SSAT BR,fiducial,Fiducial,Fiducial,Orig. TFGS Leg 1,Orig. TFGS Leg 1,x,9795.5,0.15,mm,false
8,SSAT BR,fiducial,Fiducial,Fiducial,Orig. TFGS Leg 1,Orig. TFGS Leg 1,y,637.78,0.15,mm,false
8,SSAT BR,fiducial,Fiducial,Fiducial,Orig. TFGS Leg 1,Orig. TFGS Leg 1,z,-4548.15,0.15,mm,false
8,SSAT BR,fiducial,Fiducial,Fiducial,Orig. TFGS Leg 10,Orig. TFGS Leg 10,x,11218.39,0.15,mm,false
8,SSAT BR,fiducial,Fiducial,Fiducial,Orig. TFGS Leg 10,Orig. TFGS Leg 10,y,678.01,0.15,mm,false
8,SSAT BR,fiducial,Fiducial,Fiducial,Orig. TFGS Leg 10,Orig. TFGS Leg 10,z,-4533.47,0.15,mm,false
8,SSAT BR,fiducial,Fiducial,Fiducial,Orig. TFGS Leg 11,Orig. TFGS Leg 11,x,11032.19,0.15,mm,false
8,SSAT BR,fiducial,Fiducial,Fiducial,Orig. TFGS Leg 11,Orig. TFGS Leg 11,y,-829.52,0.15,mm,false
8,SSAT BR,fiducial,Fiducial,Fiducial,Orig. TFGS Leg 11,Orig. TFGS Leg 11,z,-4612.97,0.15,mm,false
8,SSAT BR,fiducial,Fiducial,Fiducial,Orig. TFGS Leg 12,Orig. TFGS Leg 12,x,10922.27,0.15,mm,false
8,SSAT BR,fiducial,Fiducial,Fiducial,Orig. TFGS Leg 12,Orig. TFGS Leg 12,y,-550.55,0.15,mm,false
8,SSAT BR,fiducial,Fiducial,Fiducial,Orig. TFGS Leg 12,Orig. TFGS Leg 12,z,-4199.59,0.15,mm,false
8,SSAT BR,fiducial,Fiducial,Fiducial,Orig. TFGS Leg 13,Orig. TFGS Leg 13,x,9994.4,0.15,mm,false
8,SSAT BR,fiducial,Fiducial,Fiducial,Orig. TFGS Leg 13,Orig. TFGS Leg 13,y,-830.17,0.15,mm,false
8,SSAT BR,fiducial,Fiducial,Fiducial,Orig. TFGS Leg 13,Orig. TFGS Leg 13,z,-4601.72,0.15,mm,false
8,SSAT BR,fiducial,Fiducial,Fiducial,Orig. TFGS Leg 2,Orig. TFGS Leg 2,x,9960.25,0.15,mm,false
8,SSAT BR,fiducial,Fiducial,Fiducial,Orig. TFGS Leg 2,Orig. TFGS Leg 2,y,828.82,0.15,mm,false
8,SSAT BR,fiducial,Fiducial,Fiducial,Orig. TFGS Leg 2,Orig. TFGS Leg 2,z,-4577.7,0.15,mm,false
8,SSAT BR,fiducial,Fiducial,Fiducial,Orig. TFGS Leg 3,Orig. TFGS Leg 3,x,10046.96,0.15,mm,false
8,SSAT BR,fiducial,Fiducial,Fiducial,Orig. TFGS Leg 3,Orig. TFGS Leg 3,y,546.91,0.15,mm,false
8,SSAT BR,fiducial,Fiducial,Fiducial,Orig. TFGS Leg 3,Orig. TFGS Leg 3,z,-4210.33,0.15,mm,false
8,SSAT BR,fiducial,Fiducial,Fiducial,Orig. TFGS Leg 4,Orig. TFGS Leg 4,x,10912.6,0.15,mm,false
8,SSAT BR,fiducial,Fiducial,Fiducial,Orig. TFGS Leg 4,Orig. TFGS Leg 4,y,546.61,0.15,mm,false
8,SSAT BR,fiducial,Fiducial,Fiducial,Orig. TFGS Leg 4,Orig. TFGS Leg 4,z,-4188.99,0.15,mm,false
8,SSAT BR,fiducial,Fiducial,Fiducial,Orig. TFGS Leg 5,Orig. TFGS Leg 5,x,11054.76,0.15,mm,false
8,SSAT BR,fiducial,Fiducial,Fiducial,Orig. TFGS Leg 5,Orig. TFGS Leg 5,y,829.36,0.15,mm,false
8,SSAT BR,fiducial,Fiducial,Fiducial,Orig. TFGS Leg 5,Orig. TFGS Leg 5,z,-4572.99,0.15,mm,false
8,SSAT BR,fiducial,Fiducial,Fiducial,Orig. TFGS Leg 6,Orig. TFGS Leg 6,x,9195.05,0.15,mm,false
8,SSAT BR,fiducial,Fiducial,Fiducial,Orig. TFGS Leg 6,Orig. TFGS Leg 6,y,546.71,0.15,mm,false
8,SSAT BR,fiducial,Fiducial,Fiducial,Orig. TFGS Leg 6,Orig. TFGS Leg 6,z,-5844.07,0.15,mm,false
8,SSAT BR,fiducial,Fiducial,Fiducial,Orig. TFGS Leg 7,Orig. TFGS Leg 7,x,11219.06,0.15,mm,false
8,SSAT BR,fiducial,Fiducial,Fiducial,Orig. TFGS Leg 7,Orig. TFGS Leg 7,y,-676.52,0.15,mm,false
8,SSAT BR,fiducial,Fiducial,Fiducial,Orig. TFGS Leg 7,Orig. TFGS Leg 7,z,-4540.81,0.15,mm,false
8,SSAT BR,fiducial,Fiducial,Fiducial,Orig. TFGS Leg 8,Orig. TFGS Leg 8,x,11037.68,0.15,mm,false
8,SSAT BR,fiducial,Fiducial,Fiducial,Orig. TFGS Leg 8,Orig. TFGS Leg 8,y,-445.25,0.15,mm,false
8,SSAT BR,fiducial,Fiducial,Fiducial,Orig. TFGS Leg 8,Orig. TFGS Leg 8,z,-3935.42,0.15,mm,false
8,SSAT BR,fiducial,Fiducial,Fiducial,Orig. TFGS Leg 9,Orig. TFGS Leg 9,x,11037.44,0.15,mm,false
8,SSAT BR,fiducial,Fiducial,Fiducial,Orig. TFGS Leg 9,Orig. TFGS Leg 9,y,414.69,0.15,mm,false
8,SSAT BR,fiducial,Fiducial,Fiducial,Orig. TFGS Leg 9,Orig. TFGS Leg 9,z,-3955.41,0.15,mm,false
8,SSAT BR,fiducial,Fiducial,Fiducial,Orig. UnknownFid.1,Orig. UnknownFid.1,x,3774.24,0.15,mm,false
8,SSAT BR,fiducial,Fiducial,Fiducial,Orig. UnknownFid.1,Orig. UnknownFid.1,y,702.24,0.15,mm,false
8,SSAT BR,fiducial,Fiducial,Fiducial,Orig. UnknownFid.1,Orig. UnknownFid.1,z,-6179.42,0.15,mm,false
8,SSAT BR,fiducial,Fiducial,Fiducial,Orig. UnknownFid.2,Orig. UnknownFid.2,x,9295.56,0.15,mm,false
8,SSAT BR,fiducial,Fiducial,Fiducial,Orig. UnknownFid.2,Orig. UnknownFid.2,y,-1674.65,0.15,mm,false
8,SSAT BR,fiducial,Fiducial,Fiducial,Orig. UnknownFid.2,Orig. UnknownFid.2,z,3879.3,0.15,mm,false
9,SSAT BR,fiducial,CCL,CCL,A,A,x,2712.13291547783,1.3,mm,false
9,SSAT BR,fiducial,CCL,CCL,A,A,y,-0.3479964151438333,1.3,mm,false
9,SSAT BR,fiducial,CCL,CCL,A,A,z,-3700.19821688358,1.3,mm,false
9,SSAT BR,fiducial,CCL,CCL,B,B,x,2712.405719173614,1.3,mm,false
9,SSAT BR,fiducial,CCL,CCL,B,B,y,0.4785666356368581,1.3,mm,false
9,SSAT BR,fiducial,CCL,CCL,B,B,z,3700.08297759309,1.3,mm,false
9,SSAT BR,fiducial,CCL,CCL,C,C,x,5333.313913595167,0.9,mm,false
9,SSAT BR,fiducial,CCL,CCL,C,C,y,0.3582281394995085,0.9,mm,false
9,SSAT BR,fiducial,CCL,CCL,C,C,z,6297.664965991608,0.9,mm,false
9,SSAT BR,fiducial,CCL,CCL,D,D,x,8977.986886547382,1.0,mm,false
9,SSAT BR,fiducial,CCL,CCL,D,D,y,-0.2034035057424459,1.0,mm,false
9,SSAT BR,fiducial,CCL,CCL,D,D,z,4436.412623438275,1.0,mm,false
9,SSAT BR,fiducial,CCL,CCL,E,E,x,9584.174999680516,0.9,mm,false
9,SSAT BR,fiducial,CCL,CCL,E,E,y,-0.5341720567621193,0.9,mm,false
9,SSAT BR,fiducial,CCL,CCL,E,E,z,-3694.962172199593,0.9,mm,false
9,SSAT BR,fiducial,CCL,CCL,F,F',x,3398.801160903998,0.9,mm,false
9,SSAT BR,fiducial,CCL,CCL,F,F',y,1.193670310915402,0.9,mm,false
9,SSAT BR,fiducial,CCL,CCL,F,F',z,-5598.464242117025,0.9,mm,false
9,SSAT BR,fiducial,CCL,CCL,G,G,x,10729.35998904075,1.3,mm,false
9,SSAT BR,fiducial,CCL,CCL,G,G,y,0.4706795423583467,1.3,mm,false
9,SSAT BR,fiducial,CCL,CCL,G,G,z,-1.000169091371962,1.3,mm,false
9,SSAT BR,fiducial,CCL,CCL,H,H,x,2713.163608506572,1.3,mm,false
9,SSAT BR,fiducial,CCL,CCL,H,H,y,-0.858554275204516,1.3,mm,false
9,SSAT BR,fiducial,CCL,CCL,H,H,z,0.2126450774103216,1.3,mm,false
9,SSAT BR,fiducial,Fiducial,Fiducial,AU_CP_12,AU_CP_12,x,4304.55,0.15,mm,false
9,SSAT BR,fiducial,Fiducial,Fiducial,AU_CP_12,AU_CP_12,y,779.57,0.15,mm,false
9,SSAT BR,fiducial,Fiducial,Fiducial,AU_CP_12,AU_CP_12,z,-5807.54,0.15,mm,false
9,SSAT BR,fiducial,Fiducial,Fiducial,AU_CP_18,AU_CP_18,x,2159.57,0.15,mm,false
9,SSAT BR,fiducial,Fiducial,Fiducial,AU_CP_18,AU_CP_18,y,-6.11,0.15,mm,false
9,SSAT BR,fiducial,Fiducial,Fiducial,AU_CP_18,AU_CP_18,z,-3498.54,0.15,mm,false
9,SSAT BR,fiducial,Fiducial,Fiducial,AU_CP_25,AU_CP_25,x,2159.96,0.15,mm,false
9,SSAT BR,fiducial,Fiducial,Fiducial,AU_CP_25,AU_CP_25,y,0.35,0.15,mm,false
9,SSAT BR,fiducial,Fiducial,Fiducial,AU_CP_25,AU_CP_25,z,206.9,0.15,mm,false
9,SSAT BR,fiducial,Fiducial,Fiducial,AU_CP_30,AU_CP_30,x,2159.83,0.15,mm,false
9,SSAT BR,fiducial,Fiducial,Fiducial,AU_CP_30,AU_CP_30,y,4.13,0.15,mm,false
9,SSAT BR,fiducial,Fiducial,Fiducial,AU_CP_30,AU_CP_30,z,3533.67,0.15,mm,false
9,SSAT BR,fiducial,Fiducial,Fiducial,AU_CP_36,AU_CP_36,x,4652.63,0.15,mm,false
9,SSAT BR,fiducial,Fiducial,Fiducial,AU_CP_36,AU_CP_36,y,844.19,0.15,mm,false
9,SSAT BR,fiducial,Fiducial,Fiducial,AU_CP_36,AU_CP_36,z,5879.21,0.15,mm,false
9,SSAT BR,fiducial,Fiducial,Fiducial,AU_CP_37,AU_CP_37,x,4829.58,0.15,mm,false
9,SSAT BR,fiducial,Fiducial,Fiducial,AU_CP_37,AU_CP_37,y,-652.33,0.15,mm,false
9,SSAT BR,fiducial,Fiducial,Fiducial,AU_CP_37,AU_CP_37,z,5912.61,0.15,mm,false
9,SSAT BR,fiducial,Fiducial,Fiducial,AU_CP_40,AU_CP_40,x,5310.73,0.15,mm,false
9,SSAT BR,fiducial,Fiducial,Fiducial,AU_CP_40,AU_CP_40,y,545.05,0.15,mm,false
9,SSAT BR,fiducial,Fiducial,Fiducial,AU_CP_40,AU_CP_40,z,6411.69,0.15,mm,false
9,SSAT BR,fiducial,Fiducial,Fiducial,AU_CP_8,AU_CP_8,x,4020.52,0.15,mm,false
9,SSAT BR,fiducial,Fiducial,Fiducial,AU_CP_8,AU_CP_8,y,733.52,0.15,mm,false
9,SSAT BR,fiducial,Fiducial,Fiducial,AU_CP_8,AU_CP_8,z,-6484.11,0.15,mm,false
9,SSAT BR,fiducial,Fiducial,Fiducial,BU_CP_16,BU_CP_16,x,8959.72,0.15,mm,false
9,SSAT BR,fiducial,Fiducial,Fiducial,BU_CP_16,BU_CP_16,y,544.35,0.15,mm,false
9,SSAT BR,fiducial,Fiducial,Fiducial,BU_CP_16,BU_CP_16,z,4463.88,0.15,mm,false
9,SSAT BR,fiducial,Fiducial,Fiducial,BU_CP_42,BU_CP_42,x,11213.84,0.15,mm,false
9,SSAT BR,fiducial,Fiducial,Fiducial,BU_CP_42,BU_CP_42,y,-122.05,0.15,mm,false
9,SSAT BR,fiducial,Fiducial,Fiducial,BU_CP_42,BU_CP_42,z,158.11,0.15,mm,false
9,SSAT BR,fiducial,Fiducial,Fiducial,BU_CP_70,BU_CP_70,x,9132.5,0.15,mm,false
9,SSAT BR,fiducial,Fiducial,Fiducial,BU_CP_70,BU_CP_70,y,540.51,0.15,mm,false
9,SSAT BR,fiducial,Fiducial,Fiducial,BU_CP_70,BU_CP_70,z,-3887.72,0.15,mm,false
9,SSAT BR,fiducial,Fiducial,Fiducial,Orig. A1-AU,Orig. A1-AU,x,2143.02,0.15,mm,false
9,SSAT BR,fiducial,Fiducial,Fiducial,Orig. A1-AU,Orig. A1-AU,y,0.69,0.15,mm,false
9,SSAT BR,fiducial,Fiducial,Fiducial,Orig. A1-AU,Orig. A1-AU,z,-3700.7,0.15,mm,false
9,SSAT BR,fiducial,Fiducial,Fiducial,Orig. A2-AU,Orig. A2-AU,x,2705.47,0.15,mm,false
9,SSAT BR,fiducial,Fiducial,Fiducial,Orig. A2-AU,Orig. A2-AU,y,517.55,0.15,mm,false
9,SSAT BR,fiducial,Fiducial,Fiducial,Orig. A2-AU,Orig. A2-AU,z,-3701.75,0.15,mm,false
9,SSAT BR,fiducial,Fiducial,Fiducial,Orig. A3-AP,Orig. A3-AP,x,3132.77,0.15,mm,false
9,SSAT BR,fiducial,Fiducial,Fiducial,Orig. A3-AP,Orig. A3-AP,y,-0.72,0.15,mm,false
9,SSAT BR,fiducial,Fiducial,Fiducial,Orig. A3-AP,Orig. A3-AP,z,-3699.03,0.15,mm,false
9,SSAT BR,fiducial,Fiducial,Fiducial,Orig. A4-AU,Orig. A4-AU,x,2705.82,0.15,mm,false
9,SSAT BR,fiducial,Fiducial,Fiducial,Orig. A4-AU,Orig. A4-AU,y,-521.35,0.15,mm,false
9,SSAT BR,fiducial,Fiducial,Fiducial,Orig. A4-AU,Orig. A4-AU,z,-3701.26,0.15,mm,false
9,SSAT BR,fiducial,Fiducial,Fiducial,Orig. B1-AU,Orig. B1-AU,x,2143.49,0.15,mm,false
9,SSAT BR,fiducial,Fiducial,Fiducial,Orig. B1-AU,Orig. B1-AU,y,0.03,0.15,mm,false
9,SSAT BR,fiducial,Fiducial,Fiducial,Orig. B1-AU,Orig. B1-AU,z,3698.83,0.15,mm,false
9,SSAT BR,fiducial,Fiducial,Fiducial,Orig. B2-AU,Orig. B2-AU,x,2704.05,0.15,mm,false
9,SSAT BR,fiducial,Fiducial,Fiducial,Orig. B2-AU,Orig. B2-AU,y,518.26,0.15,mm,false
9,SSAT BR,fiducial,Fiducial,Fiducial,Orig. B2-AU,Orig. B2-AU,z,3700.01,0.15,mm,false
9,SSAT BR,fiducial,Fiducial,Fiducial,Orig. B3-AP,Orig. B3-AP,x,3132.58,0.15,mm,false
9,SSAT BR,fiducial,Fiducial,Fiducial,Orig. B3-AP,Orig. B3-AP,y,-0.46,0.15,mm,false
9,SSAT BR,fiducial,Fiducial,Fiducial,Orig. B3-AP,Orig. B3-AP,z,3699.79,0.15,mm,false
9,SSAT BR,fiducial,Fiducial,Fiducial,Orig. B4-AU,Orig. B4-AU,x,2706.92,0.15,mm,false
9,SSAT BR,fiducial,Fiducial,Fiducial,Orig. B4-AU,Orig. B4-AU,y,-520.71,0.15,mm,false
9,SSAT BR,fiducial,Fiducial,Fiducial,Orig. B4-AU,Orig. B4-AU,z,3698.22,0.15,mm,false
9,SSAT BR,fiducial,Fiducial,Fiducial,Orig. BU_72,Orig. BU_72,x,9276.52,0.15,mm,false
9,SSAT BR,fiducial,Fiducial,Fiducial,Orig. BU_72,Orig. BU_72,y,-545.54,0.15,mm,false
9,SSAT BR,fiducial,Fiducial,Fiducial,Orig. BU_72,Orig. BU_72,z,-4089.59,0.15,mm,false
9,SSAT BR,fiducial,Fiducial,Fiducial,Orig. BU_CP_17,Orig. BU_CP_17,x,8956.42,0.15,mm,false
9,SSAT BR,fiducial,Fiducial,Fiducial,Orig. BU_CP_17,Orig. BU_CP_17,y,-542.48,0.15,mm,false
9,SSAT BR,fiducial,Fiducial,Fiducial,Orig. BU_CP_17,Orig. BU_CP_17,z,4456.64,0.15,mm,false
9,SSAT BR,fiducial,Fiducial,Fiducial,Orig. BU_CP_72,Orig. BU_CP_72,x,9276.51,0.15,mm,false
9,SSAT BR,fiducial,Fiducial,Fiducial,Orig. BU_CP_72,Orig. BU_CP_72,y,-545.54,0.15,mm,false
9,SSAT BR,fiducial,Fiducial,Fiducial,Orig. BU_CP_72,Orig. BU_CP_72,z,-4089.61,0.15,mm,false
9,SSAT BR,fiducial,Fiducial,Fiducial,Orig. C1-BP,Orig. C1-BP,x,5934.5,0.15,mm,false
9,SSAT BR,fiducial,Fiducial,Fiducial,Orig. C1-BP,Orig. C1-BP,y,0.83,0.15,mm,false
9,SSAT BR,fiducial,Fiducial,Fiducial,Orig. C1-BP,Orig. C1-BP,z,5763.48,0.15,mm,false
9,SSAT BR,fiducial,Fiducial,Fiducial,Orig. C2-AU,Orig. C2-AU,x,5331.61,0.15,mm,false
9,SSAT BR,fiducial,Fiducial,Fiducial,Orig. C2-AU,Orig. C2-AU,y,562.46,0.15,mm,false
9,SSAT BR,fiducial,Fiducial,Fiducial,Orig. C2-AU,Orig. C2-AU,z,6297.37,0.15,mm,false
9,SSAT BR,fiducial,Fiducial,Fiducial,Orig. C3-AP,Orig. C3-AP,x,4956.62,0.15,mm,false
9,SSAT BR,fiducial,Fiducial,Fiducial,Orig. C3-AP,Orig. C3-AP,y,1.66,0.15,mm,false
9,SSAT BR,fiducial,Fiducial,Fiducial,Orig. C3-AP,Orig. C3-AP,z,5800.42,0.15,mm,false
9,SSAT BR,fiducial,Fiducial,Fiducial,Orig. C4-AU,Orig. C4-AU,x,5332.78,0.15,mm,false
9,SSAT BR,fiducial,Fiducial,Fiducial,Orig. C4-AU,Orig. C4-AU,y,-562.64,0.15,mm,false
9,SSAT BR,fiducial,Fiducial,Fiducial,Orig. C4-AU,Orig. C4-AU,z,6297.16,0.15,mm,false
9,SSAT BR,fiducial,Fiducial,Fiducial,Orig. D1-BU,Orig. D1-BU,x,9134.71,0.15,mm,false
9,SSAT BR,fiducial,Fiducial,Fiducial,Orig. D1-BU,Orig. D1-BU,y,-0.9,0.15,mm,false
9,SSAT BR,fiducial,Fiducial,Fiducial,Orig. D1-BU,Orig. D1-BU,z,4982.87,0.15,mm,false
9,SSAT BR,fiducial,Fiducial,Fiducial,Orig. D2-BU,Orig. D2-BU,x,8782.14,0.15,mm,false
9,SSAT BR,fiducial,Fiducial,Fiducial,Orig. D2-BU,Orig. D2-BU,y,564.29,0.15,mm,false
9,SSAT BR,fiducial,Fiducial,Fiducial,Orig. D2-BU,Orig. D2-BU,z,4632.37,0.15,mm,false
9,SSAT BR,fiducial,Fiducial,Fiducial,Orig. D3-BP,Orig. D3-BP,x,8451.69,0.15,mm,false
9,SSAT BR,fiducial,Fiducial,Fiducial,Orig. D3-BP,Orig. D3-BP,y,-2.09,0.15,mm,false
9,SSAT BR,fiducial,Fiducial,Fiducial,Orig. D3-BP,Orig. D3-BP,z,4299.07,0.15,mm,false
9,SSAT BR,fiducial,Fiducial,Fiducial,Orig. D4-BU,Orig. D4-BU,x,8785.05,0.15,mm,false
9,SSAT BR,fiducial,Fiducial,Fiducial,Orig. D4-BU,Orig. D4-BU,y,-564.0,0.15,mm,false
9,SSAT BR,fiducial,Fiducial,Fiducial,Orig. D4-BU,Orig. D4-BU,z,4632.74,0.15,mm,false
9,SSAT BR,fiducial,Fiducial,Fiducial,Orig. E1-BU,Orig. E1-BU,x,9485.88,0.15,mm,false
9,SSAT BR,fiducial,Fiducial,Fiducial,Orig. E1-BU,Orig. E1-BU,y,-1.29,0.15,mm,false
9,SSAT BR,fiducial,Fiducial,Fiducial,Orig. E1-BU,Orig. E1-BU,z,-4643.57,0.15,mm,false
9,SSAT BR,fiducial,Fiducial,Fiducial,Orig. E2-BU,Orig. E2-BU,x,9102.91,0.15,mm,false
9,SSAT BR,fiducial,Fiducial,Fiducial,Orig. E2-BU,Orig. E2-BU,y,561.66,0.15,mm,false
9,SSAT BR,fiducial,Fiducial,Fiducial,Orig. E2-BU,Orig. E2-BU,z,-4313.75,0.15,mm,false
9,SSAT BR,fiducial,Fiducial,Fiducial,Orig. E3-BP,Orig. E3-BP,x,8746.99,0.15,mm,false
9,SSAT BR,fiducial,Fiducial,Fiducial,Orig. E3-BP,Orig. E3-BP,y,-3.48,0.15,mm,false
9,SSAT BR,fiducial,Fiducial,Fiducial,Orig. E3-BP,Orig. E3-BP,z,-4002.52,0.15,mm,false
9,SSAT BR,fiducial,Fiducial,Fiducial,Orig. E4-BU,Orig. E4-BU,x,9104.36,0.15,mm,false
9,SSAT BR,fiducial,Fiducial,Fiducial,Orig. E4-BU,Orig. E4-BU,y,-567.25,0.15,mm,false
9,SSAT BR,fiducial,Fiducial,Fiducial,Orig. E4-BU,Orig. E4-BU,z,-4312.28,0.15,mm,false
9,SSAT BR,fiducial,Fiducial,Fiducial,Orig. F3-AP,Orig. F3-AP,x,5128.9,0.15,mm,false
9,SSAT BR,fiducial,Fiducial,Fiducial,Orig. F3-AP,Orig. F3-AP,y,-5.69,0.15,mm,false
9,SSAT BR,fiducial,Fiducial,Fiducial,Orig. F3-AP,Orig. F3-AP,z,-5820.84,0.15,mm,false
9,SSAT BR,fiducial,Fiducial,Fiducial,Orig. F3-BP,Orig. F3-BP,x,5758.15,0.15,mm,false
9,SSAT BR,fiducial,Fiducial,Fiducial,Orig. F3-BP,Orig. F3-BP,y,-4.08,0.15,mm,false
9,SSAT BR,fiducial,Fiducial,Fiducial,Orig. F3-BP,Orig. F3-BP,z,-5796.49,0.15,mm,false
9,SSAT BR,fiducial,Fiducial,Fiducial,Orig. F4-AU,Orig. F4-AU,x,5332.62,0.15,mm,false
9,SSAT BR,fiducial,Fiducial,Fiducial,Orig. F4-AU,Orig. F4-AU,y,-596.37,0.15,mm,false
9,SSAT BR,fiducial,Fiducial,Fiducial,Orig. F4-AU,Orig. F4-AU,z,-6322.97,0.15,mm,false
9,SSAT BR,fiducial,Fiducial,Fiducial,Orig. F-CP-2,Orig. F-CP-2,x,5559.06,0.15,mm,false
9,SSAT BR,fiducial,Fiducial,Fiducial,Orig. F-CP-2,Orig. F-CP-2,y,569.94,0.15,mm,false
9,SSAT BR,fiducial,Fiducial,Fiducial,Orig. F-CP-2,Orig. F-CP-2,z,-6690.72,0.15,mm,false
9,SSAT BR,fiducial,Fiducial,Fiducial,Orig. G1-BU,Orig. G1-BU,x,11233.65,0.15,mm,false
9,SSAT BR,fiducial,Fiducial,Fiducial,Orig. G1-BU,Orig. G1-BU,y,-2.41,0.15,mm,false
9,SSAT BR,fiducial,Fiducial,Fiducial,Orig. G1-BU,Orig. G1-BU,z,-1.29,0.15,mm,false
9,SSAT BR,fiducial,Fiducial,Fiducial,Orig. G2-BU,Orig. G2-BU,x,10729.12,0.15,mm,false
9,SSAT BR,fiducial,Fiducial,Fiducial,Orig. G2-BU,Orig. G2-BU,y,562.28,0.15,mm,false
9,SSAT BR,fiducial,Fiducial,Fiducial,Orig. G2-BU,Orig. G2-BU,z,-1.49,0.15,mm,false
9,SSAT BR,fiducial,Fiducial,Fiducial,Orig. G3-BP,Orig. G3-BP,x,10264.15,0.15,mm,false
9,SSAT BR,fiducial,Fiducial,Fiducial,Orig. G3-BP,Orig. G3-BP,y,-1.63,0.15,mm,false
9,SSAT BR,fiducial,Fiducial,Fiducial,Orig. G3-BP,Orig. G3-BP,z,0.18,0.15,mm,false
9,SSAT BR,fiducial,Fiducial,Fiducial,Orig. G4-BU,Orig. G4-BU,x,10727.41,0.15,mm,false
9,SSAT BR,fiducial,Fiducial,Fiducial,Orig. G4-BU,Orig. G4-BU,y,-565.16,0.15,mm,false
9,SSAT BR,fiducial,Fiducial,Fiducial,Orig. G4-BU,Orig. G4-BU,z,-1.08,0.15,mm,false
9,SSAT BR,fiducial,Fiducial,Fiducial,Orig. H1-AU,Orig. H1-AU,x,2143.35,0.15,mm,false
9,SSAT BR,fiducial,Fiducial,Fiducial,Orig. H1-AU,Orig. H1-AU,y,-0.57,0.15,mm,false
9,SSAT BR,fiducial,Fiducial,Fiducial,Orig. H1-AU,Orig. H1-AU,z,-0.94,0.15,mm,false
9,SSAT BR,fiducial,Fiducial,Fiducial,Orig. H2-AU,Orig. H2-AU,x,2703.37,0.15,mm,false
9,SSAT BR,fiducial,Fiducial,Fiducial,Orig. H2-AU,Orig. H2-AU,y,518.67,0.15,mm,false
9,SSAT BR,fiducial,Fiducial,Fiducial,Orig. H2-AU,Orig. H2-AU,z,-0.24,0.15,mm,false
9,SSAT BR,fiducial,Fiducial,Fiducial,Orig. H3-AP,Orig. H3-AP,x,3130.4,0.15,mm,false
9,SSAT BR,fiducial,Fiducial,Fiducial,Orig. H3-AP,Orig. H3-AP,y,-0.2,0.15,mm,false
9,SSAT BR,fiducial,Fiducial,Fiducial,Orig. H3-AP,Orig. H3-AP,z,0.13,0.15,mm,false
9,SSAT BR,fiducial,Fiducial,Fiducial,Orig. H4-AU,Orig. H4-AU,x,2705.45,0.15,mm,false
9,SSAT BR,fiducial,Fiducial,Fiducial,Orig. H4-AU,Orig. H4-AU,y,-522.65,0.15,mm,false
9,SSAT BR,fiducial,Fiducial,Fiducial,Orig. H4-AU,Orig. H4-AU,z,-1.21,0.15,mm,false
9,SSAT BR,fiducial,Fiducial,Fiducial,Orig. Leg 1,Orig. Leg 1,x,9795.96,0.15,mm,false
9,SSAT BR,fiducial,Fiducial,Fiducial,Orig. Leg 1,Orig. Leg 1,y,-677.93,0.15,mm,false
9,SSAT BR,fiducial,Fiducial,Fiducial,Orig. Leg 1,Orig. Leg 1,z,-4576.47,0.15,mm,false
9,SSAT BR,fiducial,Fiducial,Fiducial,Orig. Leg 10,Orig. Leg 10,x,10484.02,0.15,mm,false
9,SSAT BR,fiducial,Fiducial,Fiducial,Orig. Leg 10,Orig. Leg 10,y,-548.38,0.15,mm,false
9,SSAT BR,fiducial,Fiducial,Fiducial,Orig. Leg 10,Orig. Leg 10,z,-3861.65,0.15,mm,false
9,SSAT BR,fiducial,Fiducial,Fiducial,Orig. Leg 12,Orig. Leg 12,x,9993.63,0.15,mm,false
9,SSAT BR,fiducial,Fiducial,Fiducial,Orig. Leg 12,Orig. Leg 12,y,827.33,0.15,mm,false
9,SSAT BR,fiducial,Fiducial,Fiducial,Orig. Leg 12,Orig. Leg 12,z,-4636.88,0.15,mm,false
9,SSAT BR,fiducial,Fiducial,Fiducial,Orig. Leg 13,Orig. Leg 13,x,10976.32,0.15,mm,false
9,SSAT BR,fiducial,Fiducial,Fiducial,Orig. Leg 13,Orig. Leg 13,y,827.58,0.15,mm,false
9,SSAT BR,fiducial,Fiducial,Fiducial,Orig. Leg 13,Orig. Leg 13,z,-4650.83,0.15,mm,false
9,SSAT BR,fiducial,Fiducial,Fiducial,Orig. Leg 2,Orig. Leg 2,x,9990.48,0.15,mm,false
9,SSAT BR,fiducial,Fiducial,Fiducial,Orig. Leg 2,Orig. Leg 2,y,-832.06,0.15,mm,false
9,SSAT BR,fiducial,Fiducial,Fiducial,Orig. Leg 2,Orig. Leg 2,z,-4610.13,0.15,mm,false
9,SSAT BR,fiducial,Fiducial,Fiducial,Orig. Leg 3,Orig. Leg 3,x,11040.76,0.15,mm,false
9,SSAT BR,fiducial,Fiducial,Fiducial,Orig. Leg 3,Orig. Leg 3,y,-831.52,0.15,mm,false
9,SSAT BR,fiducial,Fiducial,Fiducial,Orig. Leg 3,Orig. Leg 3,z,-4560.15,0.15,mm,false
9,SSAT BR,fiducial,Fiducial,Fiducial,Orig. Leg 4,Orig. Leg 4,x,11215.01,0.15,mm,false
9,SSAT BR,fiducial,Fiducial,Fiducial,Orig. Leg 4,Orig. Leg 4,y,-707.32,0.15,mm,false
9,SSAT BR,fiducial,Fiducial,Fiducial,Orig. Leg 4,Orig. Leg 4,z,-4568.2,0.15,mm,false
9,SSAT BR,fiducial,Fiducial,Fiducial,Orig. Leg 5,Orig. Leg 5,x,11213.93,0.15,mm,false
9,SSAT BR,fiducial,Fiducial,Fiducial,Orig. Leg 5,Orig. Leg 5,y,716.07,0.15,mm,false
9,SSAT BR,fiducial,Fiducial,Fiducial,Orig. Leg 5,Orig. Leg 5,z,-4567.46,0.15,mm,false
9,SSAT BR,fiducial,Fiducial,Fiducial,Orig. Leg 6,Orig. Leg 6,x,10942.11,0.15,mm,false
9,SSAT BR,fiducial,Fiducial,Fiducial,Orig. Leg 6,Orig. Leg 6,y,-549.27,0.15,mm,false
9,SSAT BR,fiducial,Fiducial,Fiducial,Orig. Leg 6,Orig. Leg 6,z,-4183.2,0.15,mm,false
9,SSAT BR,fiducial,Fiducial,Fiducial,Orig. Leg 7,Orig. Leg 7,x,10932.94,0.15,mm,false
9,SSAT BR,fiducial,Fiducial,Fiducial,Orig. Leg 7,Orig. Leg 7,y,-549.47,0.15,mm,false
9,SSAT BR,fiducial,Fiducial,Fiducial,Orig. Leg 7,Orig. Leg 7,z,-4359.0,0.15,mm,false
9,SSAT BR,fiducial,Fiducial,Fiducial,Orig. Leg 8,Orig. Leg 8,x,10039.49,0.15,mm,false
9,SSAT BR,fiducial,Fiducial,Fiducial,Orig. Leg 8,Orig. Leg 8,y,-547.39,0.15,mm,false
9,SSAT BR,fiducial,Fiducial,Fiducial,Orig. Leg 8,Orig. Leg 8,z,-4188.13,0.15,mm,false
9,SSAT BR,fiducial,Fiducial,Fiducial,Orig. Leg 9,Orig. Leg 9,x,10057.2,0.15,mm,false
9,SSAT BR,fiducial,Fiducial,Fiducial,Orig. Leg 9,Orig. Leg 9,y,-547.34,0.15,mm,false
9,SSAT BR,fiducial,Fiducial,Fiducial,Orig. Leg 9,Orig. Leg 9,z,-4340.46,0.15,mm,false
9,SSAT BR,fiducial,Fiducial,Fiducial,Orig. new,Orig. new,x,3846.42,0.15,mm,false
9,SSAT BR,fiducial,Fiducial,Fiducial,Orig. new,Orig. new,y,-713.38,0.15,mm,false
9,SSAT BR,fiducial,Fiducial,Fiducial,Orig. new,Orig. new,z,5698.1,0.15,mm,false
9,SSAT BR,fiducial,Fiducial,Fiducial,Orig. P10-OIS,Orig. P10-OIS,x,5989.06,0.15,mm,false
9,SSAT BR,fiducial,Fiducial,Fiducial,Orig. P10-OIS,Orig. P10-OIS,y,-1096.59,0.15,mm,false
9,SSAT BR,fiducial,Fiducial,Fiducial,Orig. P10-OIS,Orig. P10-OIS,z,-6119.44,0.15,mm,false
9,SSAT BR,fiducial,Fiducial,Fiducial,Orig. P11-IIS,Orig. P11-IIS,x,4453.33,0.15,mm,false
9,SSAT BR,fiducial,Fiducial,Fiducial,Orig. P11-IIS,Orig. P11-IIS,y,-819.54,0.15,mm,false
9,SSAT BR,fiducial,Fiducial,Fiducial,Orig. P11-IIS,Orig. P11-IIS,z,5764.73,0.15,mm,false
9,SSAT BR,fiducial,Fiducial,Fiducial,Orig. P11-IOIS,Orig. P11-IOIS,x,10283.76,0.15,mm,false
9,SSAT BR,fiducial,Fiducial,Fiducial,Orig. P11-IOIS,Orig. P11-IOIS,y,-1751.54,0.15,mm,false
9,SSAT BR,fiducial,Fiducial,Fiducial,Orig. P11-IOIS,Orig. P11-IOIS,z,-2153.99,0.15,mm,false
9,SSAT BR,fiducial,Fiducial,Fiducial,Orig. P11-OIS,Orig. P11-OIS,x,7537.65,0.15,mm,false
9,SSAT BR,fiducial,Fiducial,Fiducial,Orig. P11-OIS,Orig. P11-OIS,y,-1370.72,0.15,mm,false
9,SSAT BR,fiducial,Fiducial,Fiducial,Orig. P11-OIS,Orig. P11-OIS,z,-6354.41,0.15,mm,false
9,SSAT BR,fiducial,Fiducial,Fiducial,Orig. P13-IOIS,Orig. P13-IOIS,x,9294.45,0.15,mm,false
9,SSAT BR,fiducial,Fiducial,Fiducial,Orig. P13-IOIS,Orig. P13-IOIS,y,1673.33,0.15,mm,false
9,SSAT BR,fiducial,Fiducial,Fiducial,Orig. P13-IOIS,Orig. P13-IOIS,z,3881.02,0.15,mm,false
9,SSAT BR,fiducial,Fiducial,Fiducial,Orig. P14-IIS,Orig. P14-IIS,x,3446.35,0.15,mm,false
9,SSAT BR,fiducial,Fiducial,Fiducial,Orig. P14-IIS,Orig. P14-IIS,y,-644.32,0.15,mm,false
9,SSAT BR,fiducial,Fiducial,Fiducial,Orig. P14-IIS,Orig. P14-IIS,z,5693.64,0.15,mm,false
9,SSAT BR,fiducial,Fiducial,Fiducial,Orig. P14-IOIS,Orig. P14-IOIS,x,10097.2,0.15,mm,false
9,SSAT BR,fiducial,Fiducial,Fiducial,Orig. P14-IOIS,Orig. P14-IOIS,y,1814.11,0.15,mm,false
9,SSAT BR,fiducial,Fiducial,Fiducial,Orig. P14-IOIS,Orig. P14-IOIS,z,2374.63,0.15,mm,false
9,SSAT BR,fiducial,Fiducial,Fiducial,Orig. P15-IIS,Orig. P15-IIS,x,3774.6,0.15,mm,false
9,SSAT BR,fiducial,Fiducial,Fiducial,Orig. P15-IIS,Orig. P15-IIS,y,-702.61,0.15,mm,false
9,SSAT BR,fiducial,Fiducial,Fiducial,Orig. P15-IIS,Orig. P15-IIS,z,6149.35,0.15,mm,false
9,SSAT BR,fiducial,Fiducial,Fiducial,Orig. P15-IOIS,Orig. P15-IOIS,x,10483.2,0.15,mm,false
9,SSAT BR,fiducial,Fiducial,Fiducial,Orig. P15-IOIS,Orig. P15-IOIS,y,1881.92,0.15,mm,false
9,SSAT BR,fiducial,Fiducial,Fiducial,Orig. P15-IOIS,Orig. P15-IOIS,z,-1250.25,0.15,mm,false
9,SSAT BR,fiducial,Fiducial,Fiducial,Orig. P16-IOIS,Orig. P16-IOIS,x,9866.02,0.15,mm,false
9,SSAT BR,fiducial,Fiducial,Fiducial,Orig. P16-IOIS,Orig. P16-IOIS,y,1771.83,0.15,mm,false
9,SSAT BR,fiducial,Fiducial,Fiducial,Orig. P16-IOIS,Orig. P16-IOIS,z,-2998.43,0.15,mm,false
9,SSAT BR,fiducial,Fiducial,Fiducial,Orig. P17-IOIS,Orig. P17-IOIS,x,9295.61,0.15,mm,false
9,SSAT BR,fiducial,Fiducial,Fiducial,Orig. P17-IOIS,Orig. P17-IOIS,y,-1673.48,0.15,mm,false
9,SSAT BR,fiducial,Fiducial,Fiducial,Orig. P17-IOIS,Orig. P17-IOIS,z,3879.47,0.15,mm,false
9,SSAT BR,fiducial,Fiducial,Fiducial,Orig. P18-IOIS,Orig. P18-IOIS,x,10096.88,0.15,mm,false
9,SSAT BR,fiducial,Fiducial,Fiducial,Orig. P18-IOIS,Orig. P18-IOIS,y,-1815.2,0.15,mm,false
9,SSAT BR,fiducial,Fiducial,Fiducial,Orig. P18-IOIS,Orig. P18-IOIS,z,2376.29,0.15,mm,false
9,SSAT BR,fiducial,Fiducial,Fiducial,Orig. P19-IOIS,Orig. P19-IOIS,x,9867.01,0.15,mm,false
9,SSAT BR,fiducial,Fiducial,Fiducial,Orig. P19-IOIS,Orig. P19-IOIS,y,-1776.18,0.15,mm,false
9,SSAT BR,fiducial,Fiducial,Fiducial,Orig. P19-IOIS,Orig. P19-IOIS,z,-2997.4,0.15,mm,false
9,SSAT BR,fiducial,Fiducial,Fiducial,Orig. P1-OIS,Orig. P1-OIS,x,5988.48,0.15,mm,false
9,SSAT BR,fiducial,Fiducial,Fiducial,Orig. P1-OIS,Orig. P1-OIS,y,1095.19,0.15,mm,false
9,SSAT BR,fiducial,Fiducial,Fiducial,Orig. P1-OIS,Orig. P1-OIS,z,6586.6,0.15,mm,false
9,SSAT BR,fiducial,Fiducial,Fiducial,Orig. P20-IIS,Orig. P20-IIS,x,3773.21,0.15,mm,false
9,SSAT BR,fiducial,Fiducial,Fiducial,Orig. P20-IIS,Orig. P20-IIS,y,-704.6,0.15,mm,false
9,SSAT BR,fiducial,Fiducial,Fiducial,Orig. P20-IIS,Orig. P20-IIS,z,-6180.11,0.15,mm,false
9,SSAT BR,fiducial,Fiducial,Fiducial,Orig. P20-IOIS,Orig. P20-IOIS,x,10482.95,0.15,mm,false
9,SSAT BR,fiducial,Fiducial,Fiducial,Orig. P20-IOIS,Orig. P20-IOIS,y,-1884.86,0.15,mm,false
9,SSAT BR,fiducial,Fiducial,Fiducial,Orig. P20-IOIS,Orig. P20-IOIS,z,-1247.18,0.15,mm,false
9,SSAT BR,fiducial,Fiducial,Fiducial,Orig. P2-OIS,Orig. P2-OIS,x,7537.13,0.15,mm,false
9,SSAT BR,fiducial,Fiducial,Fiducial,Orig. P2-OIS,Orig. P2-OIS,y,1368.43,0.15,mm,false
9,SSAT BR,fiducial,Fiducial,Fiducial,Orig. P2-OIS,Orig. P2-OIS,z,6352.22,0.15,mm,false
9,SSAT BR,fiducial,Fiducial,Fiducial,Orig. P3-IOIS,Orig. P3-IOIS,x,10267.12,0.15,mm,false
9,SSAT BR,fiducial,Fiducial,Fiducial,Orig. P3-IOIS,Orig. P3-IOIS,y,1359.44,0.15,mm,false
9,SSAT BR,fiducial,Fiducial,Fiducial,Orig. P3-IOIS,Orig. P3-IOIS,z,2423.79,0.15,mm,false
9,SSAT BR,fiducial,Fiducial,Fiducial,Orig. P3-OIS,Orig. P3-OIS,x,5990.91,0.15,mm,false
9,SSAT BR,fiducial,Fiducial,Fiducial,Orig. P3-OIS,Orig. P3-OIS,y,1093.24,0.15,mm,false
9,SSAT BR,fiducial,Fiducial,Fiducial,Orig. P3-OIS,Orig. P3-OIS,z,6118.06,0.15,mm,false
9,SSAT BR,fiducial,Fiducial,Fiducial,Orig. P4-IOIS,Orig. P4-IOIS,x,10657.67,0.15,mm,false
9,SSAT BR,fiducial,Fiducial,Fiducial,Orig. P4-IOIS,Orig. P4-IOIS,y,1430.4,0.15,mm,false
9,SSAT BR,fiducial,Fiducial,Fiducial,Orig. P4-IOIS,Orig. P4-IOIS,z,-1280.7,0.15,mm,false
9,SSAT BR,fiducial,Fiducial,Fiducial,Orig. P5-IOIS,Orig. P5-IOIS,x,10281.04,0.15,mm,false
9,SSAT BR,fiducial,Fiducial,Fiducial,Orig. P5-IOIS,Orig. P5-IOIS,y,1747.36,0.15,mm,false
9,SSAT BR,fiducial,Fiducial,Fiducial,Orig. P5-IOIS,Orig. P5-IOIS,z,-2155.65,0.15,mm,false
9,SSAT BR,fiducial,Fiducial,Fiducial,Orig. P6-IOIS,Orig. P6-IOIS,x,10040.0,0.15,mm,false
9,SSAT BR,fiducial,Fiducial,Fiducial,Orig. P6-IOIS,Orig. P6-IOIS,y,1319.76,0.15,mm,false
9,SSAT BR,fiducial,Fiducial,Fiducial,Orig. P6-IOIS,Orig. P6-IOIS,z,-3032.71,0.15,mm,false
9,SSAT BR,fiducial,Fiducial,Fiducial,Orig. P6-OIS,Orig. P6-OIS,x,5990.6,0.15,mm,false
9,SSAT BR,fiducial,Fiducial,Fiducial,Orig. P6-OIS,Orig. P6-OIS,y,1090.32,0.15,mm,false
9,SSAT BR,fiducial,Fiducial,Fiducial,Orig. P6-OIS,Orig. P6-OIS,z,-6592.38,0.15,mm,false
9,SSAT BR,fiducial,Fiducial,Fiducial,Orig. P8-IOIS,Orig. P8-IOIS,x,9799.57,0.15,mm,false
9,SSAT BR,fiducial,Fiducial,Fiducial,Orig. P8-IOIS,Orig. P8-IOIS,y,-1663.61,0.15,mm,false
9,SSAT BR,fiducial,Fiducial,Fiducial,Orig. P8-IOIS,Orig. P8-IOIS,z,3174.15,0.15,mm,false
9,SSAT BR,fiducial,Fiducial,Fiducial,Orig. P8-OIS,Orig. P8-OIS,x,7538.26,0.15,mm,false
9,SSAT BR,fiducial,Fiducial,Fiducial,Orig. P8-OIS,Orig. P8-OIS,y,-1366.73,0.15,mm,false
9,SSAT BR,fiducial,Fiducial,Fiducial,Orig. P8-OIS,Orig. P8-OIS,z,6355.03,0.15,mm,false
9,SSAT BR,fiducial,Fiducial,Fiducial,Orig. P9-IOS,Orig. P9-IOS,x,5989.24,0.15,mm,false
9,SSAT BR,fiducial,Fiducial,Fiducial,Orig. P9-IOS,Orig. P9-IOS,y,-1092.64,0.15,mm,false
9,SSAT BR,fiducial,Fiducial,Fiducial,Orig. P9-IOS,Orig. P9-IOS,z,6118.8,0.15,mm,false
9,SSAT BR,fiducial,Fiducial,Fiducial,Orig. P9-OIS,Orig. P9-OIS,x,5989.25,0.15,mm,false
9,SSAT BR,fiducial,Fiducial,Fiducial,Orig. P9-OIS,Orig. P9-OIS,y,-1092.62,0.15,mm,false
9,SSAT BR,fiducial,Fiducial,Fiducial,Orig. P9-OIS,Orig. P9-OIS,z,6118.8,0.15,mm,false
9,SSAT BR,fiducial,Fiducial,Fiducial,Orig. PX1-IOIS,Orig. PX1-IOIS,x,5986.33,0.15,mm,false
9,SSAT BR,fiducial,Fiducial,Fiducial,Orig. PX1-IOIS,Orig. PX1-IOIS,y,-1093.77,0.15,mm,false
9,SSAT BR,fiducial,Fiducial,Fiducial,Orig. PX1-IOIS,Orig. PX1-IOIS,z,6589.79,0.15,mm,false
9,SSAT BR,fiducial,Fiducial,Fiducial,Orig. PXX-IOIS,Orig. PXX-IOIS,x,5987.02,0.15,mm,false
9,SSAT BR,fiducial,Fiducial,Fiducial,Orig. PXX-IOIS,Orig. PXX-IOIS,y,-1094.8,0.15,mm,false
9,SSAT BR,fiducial,Fiducial,Fiducial,Orig. PXX-IOIS,Orig. PXX-IOIS,z,-6592.04,0.15,mm,false
9,SSAT BR,fiducial,Fiducial,Fiducial,Orig. SP10-2,Orig. SP10-2,x,9153.36,0.15,mm,false
9,SSAT BR,fiducial,Fiducial,Fiducial,Orig. SP10-2,Orig. SP10-2,y,-545.27,0.15,mm,false
9,SSAT BR,fiducial,Fiducial,Fiducial,Orig. SP10-2,Orig. SP10-2,z,-4066.17,0.15,mm,false
9,SSAT BR,fiducial,Fiducial,Fiducial,Orig. SP11-2,Orig. SP11-2,x,7306.88,0.15,mm,false
9,SSAT BR,fiducial,Fiducial,Fiducial,Orig. SP11-2,Orig. SP11-2,y,-544.66,0.15,mm,false
9,SSAT BR,fiducial,Fiducial,Fiducial,Orig. SP11-2,Orig. SP11-2,z,-5508.36,0.15,mm,false
9,SSAT BR,fiducial,Fiducial,Fiducial,SP05-1,SP05-1,x,3761.05,0.15,mm,false
9,SSAT BR,fiducial,Fiducial,Fiducial,SP05-1,SP05-1,y,683.8,0.15,mm,false
9,SSAT BR,fiducial,Fiducial,Fiducial,SP05-1,SP05-1,z,-5625.74,0.15,mm,false
9,SSAT BR,fiducial,Fiducial,Fiducial,SP10-1,SP10-1,x,9052.67,0.15,mm,false
9,SSAT BR,fiducial,Fiducial,Fiducial,SP10-1,SP10-1,y,539.51,0.15,mm,false
9,SSAT BR,fiducial,Fiducial,Fiducial,SP10-1,SP10-1,z,-4067.78,0.15,mm,false
9,SSAT BR,fiducial,Fiducial,Fiducial,TFC_38,TFC_38,x,9092.84,0.15,mm,false
9,SSAT BR,fiducial,Fiducial,Fiducial,TFC_38,TFC_38,y,-53.06,0.15,mm,false
9,SSAT BR,fiducial,Fiducial,Fiducial,TFC_38,TFC_38,z,5871.37,0.15,mm,false
8,SSAT target,transform,,,,,dx,0.5251977889882995,,mm,false
8,SSAT target,transform,,,,,dy,-0.03956670237604323,,mm,false
8,SSAT target,transform,,,,,dz,0.1343809742969634,,mm,false
8,SSAT target,transform,,,,,rx,-0.0001052840105989807,,deg,false
8,SSAT target,transform,,,,,ry,0.0005169392916900866,,deg,false
8,SSAT target,transform,,,,,rz,0.0004786612072260005,,deg,false
8,SSAT target,fiducial,CCL,CCL,A,A,x,2712.759794660489,0.9129560774803893,mm,false
8,SSAT target,fiducial,CCL,CCL,A,A,y,0.01875460327820442,0.9129560774803893,mm,false
8,SSAT target,fiducial,CCL,CCL,A,A,z,-3700.707934650027,0.9129560774803893,mm,false
8,SSAT target,fiducial,CCL,CCL,B,B,x,2712.706613895275,0.9764375644000474,mm,false
8,SSAT target,fiducial,CCL,CCL,B,B,y,-1.070885865530937,0.9764375644000474,mm,false
8,SSAT target,fiducial,CCL,CCL,B,B,z,3699.021958495204,0.9764375644000474,mm,false
8,SSAT target,fiducial,CCL,CCL,C,C,x,5333.766284209065,1.097931145670885,mm,false
8,SSAT target,fiducial,CCL,CCL,C,C,y,0.7433496908162054,1.097931145670885,mm,false
8,SSAT target,fiducial,CCL,CCL,C,C,z,6296.378859463136,1.097931145670885,mm,false
8,SSAT target,fiducial,CCL,CCL,D,D,x,8978.305029880607,0.944606880006487,mm,false
8,SSAT target,fiducial,CCL,CCL,D,D,y,0.03989122258068412,0.944606880006487,mm,false
8,SSAT target,fiducial,CCL,CCL,D,D,z,4436.908727680374,0.944606880006487,mm,false
8,SSAT target,fiducial,CCL,CCL,E,E,x,9585.175700133957,0.95230279236253,mm,false
8,SSAT target,fiducial,CCL,CCL,E,E,y,-0.582344458754344,0.95230279236253,mm,false
8,SSAT target,fiducial,CCL,CCL,E,E,z,-3694.175002034763,0.95230279236253,mm,false
8,SSAT target,fiducial,CCL,CCL,F,F',x,3397.991530248874,1.067579346315007,mm,false
8,SSAT target,fiducial,CCL,CCL,F,F',y,0.05339064195959102,1.067579346315007,mm,false
8,SSAT target,fiducial,CCL,CCL,F,F',z,-5597.970104921409,1.067579346315007,mm,false
8,SSAT target,fiducial,CCL,CCL,G,G,x,10730.65161814941,0.972678175230557,mm,false
8,SSAT target,fiducial,CCL,CCL,G,G,y,0.5018220439105702,0.972678175230557,mm,false
8,SSAT target,fiducial,CCL,CCL,G,G,z,-0.1155271092944326,0.972678175230557,mm,false
8,SSAT target,fiducial,CCL,CCL,H,H,x,2713.778158864446,0.877417322144618,mm,false
8,SSAT target,fiducial,CCL,CCL,H,H,y,0.6242120085043075,0.877417322144618,mm,false
8,SSAT target,fiducial,CCL,CCL,H,H,z,-2.352808021571716,0.877417322144618,mm,false
8,SSAT target,fiducial,Fiducial,Fiducial,TFC08_A1-AU,TFC08_A1-AU,x,2139.31,,mm,false
8,SSAT target,fiducial,Fiducial,Fiducial,TFC08_A1-AU,TFC08_A1-AU,y,-1.37,,mm,false
8,SSAT target,fiducial,Fiducial,Fiducial,TFC08_A1-AU,TFC08_A1-AU,z,-3699.25,,mm,false
8,SSAT target,fiducial,Fiducial,Fiducial,TFC08_A2-AU,TFC08_A2-AU,x,2700.1,,mm,false
8,SSAT target,fiducial,Fiducial,Fiducial,TFC08_A2-AU,TFC08_A2-AU,y,518.61,,mm,false
8,SSAT target,fiducial,Fiducial,Fiducial,TFC08_A2-AU,TFC08_A2-AU,z,-3698.47,,mm,false
8,SSAT target,fiducial,Fiducial,Fiducial,TFC08_A3-AP,TFC08_A3-AP,x,3129.31,,mm,false
8,SSAT target,fiducial,Fiducial,Fiducial,TFC08_A3-AP,TFC08_A3-AP,y,-1.1,,mm,false
8,SSAT target,fiducial,Fiducial,Fiducial,TFC08_A3-AP,TFC08_A3-AP,z,-3700.89,,mm,false
8,SSAT target,fiducial,Fiducial,Fiducial,TFC08_A4-AU,TFC08_A4-AU,x,2702.22,,mm,false
8,SSAT target,fiducial,Fiducial,Fiducial,TFC08_A4-AU,TFC08_A4-AU,y,-512.66,,mm,false
8,SSAT target,fiducial,Fiducial,Fiducial,TFC08_A4-AU,TFC08_A4-AU,z,-3699.33,,mm,false
8,SSAT target,fiducial,Fiducial,Fiducial,TFC08_B1-AU,TFC08_B1-AU,x,2139.23,,mm,false
8,SSAT target,fiducial,Fiducial,Fiducial,TFC08_B1-AU,TFC08_B1-AU,y,-1.77,,mm,false
8,SSAT target,fiducial,Fiducial,Fiducial,TFC08_B1-AU,TFC08_B1-AU,z,3701.23,,mm,false
8,SSAT target,fiducial,Fiducial,Fiducial,TFC08_B2-AU,TFC08_B2-AU,x,2701.05,,mm,false
8,SSAT target,fiducial,Fiducial,Fiducial,TFC08_B2-AU,TFC08_B2-AU,y,517.98,,mm,false
8,SSAT target,fiducial,Fiducial,Fiducial,TFC08_B2-AU,TFC08_B2-AU,z,3700.9,,mm,false
8,SSAT target,fiducial,Fiducial,Fiducial,TFC08_B3-AP,TFC08_B3-AP,x,3129.93,,mm,false
8,SSAT target,fiducial,Fiducial,Fiducial,TFC08_B3-AP,TFC08_B3-AP,y,-1.34,,mm,false
8,SSAT target,fiducial,Fiducial,Fiducial,TFC08_B3-AP,TFC08_B3-AP,z,3700.95,,mm,false
8,SSAT target,fiducial,Fiducial,Fiducial,TFC08_B4-AU,TFC08_B4-AU,x,2701.56,,mm,false
8,SSAT target,fiducial,Fiducial,Fiducial,TFC08_B4-AU,TFC08_B4-AU,y,-513.78,,mm,false
8,SSAT target,fiducial,Fiducial,Fiducial,TFC08_B4-AU,TFC08_B4-AU,z,3700.5,,mm,false
8,SSAT target,fiducial,Fiducial,Fiducial,TFC08_C2-AU,TFC08_C2-AU,x,5327.47,,mm,false
8,SSAT target,fiducial,Fiducial,Fiducial,TFC08_C2-AU,TFC08_C2-AU,y,560.04,,mm,false
8,SSAT target,fiducial,Fiducial,Fiducial,TFC08_C2-AU,TFC08_C2-AU,z,6298.89,,mm,false
8,SSAT target,fiducial,Fiducial,Fiducial,TFC08_C4-AU,TFC08_C4-AU,x,5330.21,,mm,false
8,SSAT target,fiducial,Fiducial,Fiducial,TFC08_C4-AU,TFC08_C4-AU,y,-564.81,,mm,false
8,SSAT target,fiducial,Fiducial,Fiducial,TFC08_C4-AU,TFC08_C4-AU,z,6296.24,,mm,false
8,SSAT target,fiducial,Fiducial,Fiducial,TFC08_D1-BU,TFC08_D1-BU,x,9139.76,,mm,false
8,SSAT target,fiducial,Fiducial,Fiducial,TFC08_D1-BU,TFC08_D1-BU,y,-3.19,,mm,false
8,SSAT target,fiducial,Fiducial,Fiducial,TFC08_D1-BU,TFC08_D1-BU,z,4992.47,,mm,false
8,SSAT target,fiducial,Fiducial,Fiducial,TFC08_D2-BU,TFC08_D2-BU,x,8781.49,,mm,false
8,SSAT target,fiducial,Fiducial,Fiducial,TFC08_D2-BU,TFC08_D2-BU,y,552.73,,mm,false
8,SSAT target,fiducial,Fiducial,Fiducial,TFC08_D2-BU,TFC08_D2-BU,z,4634.98,,mm,false
8,SSAT target,fiducial,Fiducial,Fiducial,TFC08_D3-BP,TFC08_D3-BP,x,8445.85,,mm,false
8,SSAT target,fiducial,Fiducial,Fiducial,TFC08_D3-BP,TFC08_D3-BP,y,-3.46,,mm,false
8,SSAT target,fiducial,Fiducial,Fiducial,TFC08_D3-BP,TFC08_D3-BP,z,4303.49,,mm,false
8,SSAT target,fiducial,Fiducial,Fiducial,TFC08_D4-BU,TFC08_D4-BU,x,8781.71,,mm,false
8,SSAT target,fiducial,Fiducial,Fiducial,TFC08_D4-BU,TFC08_D4-BU,y,-566.03,,mm,false
8,SSAT target,fiducial,Fiducial,Fiducial,TFC08_D4-BU,TFC08_D4-BU,z,4635.0,,mm,false
8,SSAT target,fiducial,Fiducial,Fiducial,TFC08_E1-BU,TFC08_E1-BU,x,9483.65,,mm,false
8,SSAT target,fiducial,Fiducial,Fiducial,TFC08_E1-BU,TFC08_E1-BU,y,-1.15,,mm,false
8,SSAT target,fiducial,Fiducial,Fiducial,TFC08_E1-BU,TFC08_E1-BU,z,-4641.52,,mm,false
8,SSAT target,fiducial,Fiducial,Fiducial,TFC08_E2-BU,TFC08_E2-BU,x,9101.67,,mm,false
8,SSAT target,fiducial,Fiducial,Fiducial,TFC08_E2-BU,TFC08_E2-BU,y,562.5,,mm,false
8,SSAT target,fiducial,Fiducial,Fiducial,TFC08_E2-BU,TFC08_E2-BU,z,-4308.49,,mm,false
8,SSAT target,fiducial,Fiducial,Fiducial,TFC08_E3-BP,TFC08_E3-BP,x,8736.49,,mm,false
8,SSAT target,fiducial,Fiducial,Fiducial,TFC08_E3-BP,TFC08_E3-BP,y,-0.09,,mm,false
8,SSAT target,fiducial,Fiducial,Fiducial,TFC08_E3-BP,TFC08_E3-BP,z,-3997.75,,mm,false
8,SSAT target,fiducial,Fiducial,Fiducial,TFC08_E4-BU,TFC08_E4-BU,x,9101.54,,mm,false
8,SSAT target,fiducial,Fiducial,Fiducial,TFC08_E4-BU,TFC08_E4-BU,y,-564.41,,mm,false
8,SSAT target,fiducial,Fiducial,Fiducial,TFC08_E4-BU,TFC08_E4-BU,z,-4311.24,,mm,false
8,SSAT target,fiducial,Fiducial,Fiducial,TFC08_F1-AU,TFC08_F1-AU,x,5445.58,,mm,false
8,SSAT target,fiducial,Fiducial,Fiducial,TFC08_F1-AU,TFC08_F1-AU,y,0.27,,mm,false
8,SSAT target,fiducial,Fiducial,Fiducial,TFC08_F1-AU,TFC08_F1-AU,z,-7917.65,,mm,false
8,SSAT target,fiducial,Fiducial,Fiducial,TFC08_F2-BU,TFC08_F2-BU,x,5329.06,,mm,false
8,SSAT target,fiducial,Fiducial,Fiducial,TFC08_F2-BU,TFC08_F2-BU,y,592.17,,mm,false
8,SSAT target,fiducial,Fiducial,Fiducial,TFC08_F2-BU,TFC08_F2-BU,z,-6320.69,,mm,false
8,SSAT target,fiducial,Fiducial,Fiducial,TFC08_F4-BU,TFC08_F4-BU,x,5328.56,,mm,false
8,SSAT target,fiducial,Fiducial,Fiducial,TFC08_F4-BU,TFC08_F4-BU,y,-592.88,,mm,false
8,SSAT target,fiducial,Fiducial,Fiducial,TFC08_F4-BU,TFC08_F4-BU,z,-6320.8,,mm,false
8,SSAT target,fiducial,Fiducial,Fiducial,TFC08_G1-BU,TFC08_G1-BU,x,11231.79,,mm,false
8,SSAT target,fiducial,Fiducial,Fiducial,TFC08_G1-BU,TFC08_G1-BU,y,-2.08,,mm,false
8,SSAT target,fiducial,Fiducial,Fiducial,TFC08_G1-BU,TFC08_G1-BU,z,1.52,,mm,false
8,SSAT target,fiducial,Fiducial,Fiducial,TFC08_G2-BU,TFC08_G2-BU,x,10726.32,,mm,false
8,SSAT target,fiducial,Fiducial,Fiducial,TFC08_G2-BU,TFC08_G2-BU,y,560.67,,mm,false
8,SSAT target,fiducial,Fiducial,Fiducial,TFC08_G2-BU,TFC08_G2-BU,z,0.36,,mm,false
8,SSAT target,fiducial,Fiducial,Fiducial,TFC08_G3-BP,TFC08_G3-BP,x,10253.72,,mm,false
8,SSAT target,fiducial,Fiducial,Fiducial,TFC08_G3-BP,TFC08_G3-BP,y,0.11,,mm,false
8,SSAT target,fiducial,Fiducial,Fiducial,TFC08_G3-BP,TFC08_G3-BP,z,0.03,,mm,false
8,SSAT target,fiducial,Fiducial,Fiducial,TFC08_G4-BU,TFC08_G4-BU,x,10724.49,,mm,false
8,SSAT target,fiducial,Fiducial,Fiducial,TFC08_G4-BU,TFC08_G4-BU,y,-564.73,,mm,false
8,SSAT target,fiducial,Fiducial,Fiducial,TFC08_G4-BU,TFC08_G4-BU,z,1.53,,mm,false
8,SSAT target,fiducial,Fiducial,Fiducial,TFC08_H1-AU,TFC08_H1-AU,x,2139.16,,mm,false
8,SSAT target,fiducial,Fiducial,Fiducial,TFC08_H1-AU,TFC08_H1-AU,y,-1.08,,mm,false
8,SSAT target,fiducial,Fiducial,Fiducial,TFC08_H1-AU,TFC08_H1-AU,z,1.51,,mm,false
8,SSAT target,fiducial,Fiducial,Fiducial,TFC08_H2-AU,TFC08_H2-AU,x,2701.47,,mm,false
8,SSAT target,fiducial,Fiducial,Fiducial,TFC08_H2-AU,TFC08_H2-AU,y,518.94,,mm,false
8,SSAT target,fiducial,Fiducial,Fiducial,TFC08_H2-AU,TFC08_H2-AU,z,3.51,,mm,false
8,SSAT target,fiducial,Fiducial,Fiducial,TFC08_H3-AP,TFC08_H3-AP,x,3130.48,,mm,false
8,SSAT target,fiducial,Fiducial,Fiducial,TFC08_H3-AP,TFC08_H3-AP,y,0.33,,mm,false
8,SSAT target,fiducial,Fiducial,Fiducial,TFC08_H3-AP,TFC08_H3-AP,z,-0.88,,mm,false
8,SSAT target,fiducial,Fiducial,Fiducial,TFC08_H4-AU,TFC08_H4-AU,x,2700.03,,mm,false
8,SSAT target,fiducial,Fiducial,Fiducial,TFC08_H4-AU,TFC08_H4-AU,y,-519.54,,mm,false
8,SSAT target,fiducial,Fiducial,Fiducial,TFC08_H4-AU,TFC08_H4-AU,z,1.05,,mm,false
8,SSAT target,fiducial,Fiducial,Fiducial,TFC08_P10-OIS,TFC08_P10-OIS,x,5989.04,,mm,false
8,SSAT target,fiducial,Fiducial,Fiducial,TFC08_P10-OIS,TFC08_P10-OIS,y,-1094.2,,mm,false
8,SSAT target,fiducial,Fiducial,Fiducial,TFC08_P10-OIS,TFC08_P10-OIS,z,-6116.35,,mm,false
8,SSAT target,fiducial,Fiducial,Fiducial,TFC08_P18-IOIS,TFC08_P18-IOIS,x,10094.09,,mm,false
8,SSAT target,fiducial,Fiducial,Fiducial,TFC08_P18-IOIS,TFC08_P18-IOIS,y,-1816.85,,mm,false
8,SSAT target,fiducial,Fiducial,Fiducial,TFC08_P18-IOIS,TFC08_P18-IOIS,z,2376.67,,mm,false
8,SSAT target,fiducial,Fiducial,Fiducial,TFC08_P2-OIS,TFC08_P2-OIS,x,7537.58,,mm,false
8,SSAT target,fiducial,Fiducial,Fiducial,TFC08_P2-OIS,TFC08_P2-OIS,y,1366.27,,mm,false
8,SSAT target,fiducial,Fiducial,Fiducial,TFC08_P2-OIS,TFC08_P2-OIS,z,6356.32,,mm,false
8,SSAT target,fiducial,Fiducial,Fiducial,TFC08_P20-IOIS,TFC08_P20-IOIS,x,10479.21,,mm,false
8,SSAT target,fiducial,Fiducial,Fiducial,TFC08_P20-IOIS,TFC08_P20-IOIS,y,-1883.98,,mm,false
8,SSAT target,fiducial,Fiducial,Fiducial,TFC08_P20-IOIS,TFC08_P20-IOIS,z,-1245.35,,mm,false
8,SSAT target,fiducial,Fiducial,Fiducial,TFC08_P8-OIS,TFC08_P8-OIS,x,7539.93,,mm,false
8,SSAT target,fiducial,Fiducial,Fiducial,TFC08_P8-OIS,TFC08_P8-OIS,y,-1370.02,,mm,false
8,SSAT target,fiducial,Fiducial,Fiducial,TFC08_P8-OIS,TFC08_P8-OIS,z,6354.9,,mm,false
8,SSAT target,fiducial,Fiducial,Fiducial,TFC08_P9-OIS,TFC08_P9-OIS,x,5987.46,,mm,false
8,SSAT target,fiducial,Fiducial,Fiducial,TFC08_P9-OIS,TFC08_P9-OIS,y,-1095.93,,mm,false
8,SSAT target,fiducial,Fiducial,Fiducial,TFC08_P9-OIS,TFC08_P9-OIS,z,6117.8,,mm,false
8,SSAT target,fiducial,Fiducial,Fiducial,TFC08_T200,TFC08_T200,x,7707.04,,mm,false
8,SSAT target,fiducial,Fiducial,Fiducial,TFC08_T200,TFC08_T200,y,-1090.6,,mm,false
8,SSAT target,fiducial,Fiducial,Fiducial,TFC08_T200,TFC08_T200,z,6256.11,,mm,false
8,SSAT target,fiducial,Fiducial,Fiducial,TFC08_Temp.1,TFC08_Temp.1,x,3770.37,,mm,false
8,SSAT target,fiducial,Fiducial,Fiducial,TFC08_Temp.1,TFC08_Temp.1,y,700.04,,mm,false
8,SSAT target,fiducial,Fiducial,Fiducial,TFC08_Temp.1,TFC08_Temp.1,z,6151.06,,mm,false
8,SSAT target,fiducial,Fiducial,Fiducial,TFC08_Temp.2,TFC08_Temp.2,x,7710.83,,mm,false
8,SSAT target,fiducial,Fiducial,Fiducial,TFC08_Temp.2,TFC08_Temp.2,y,1078.16,,mm,false
8,SSAT target,fiducial,Fiducial,Fiducial,TFC08_Temp.2,TFC08_Temp.2,z,6265.49,,mm,false
8,SSAT target,fiducial,Fiducial,Fiducial,TFC08_Temp.3,TFC08_Temp.3,x,10627.26,,mm,false
8,SSAT target,fiducial,Fiducial,Fiducial,TFC08_Temp.3,TFC08_Temp.3,y,1379.69,,mm,false
8,SSAT target,fiducial,Fiducial,Fiducial,TFC08_Temp.3,TFC08_Temp.3,z,-1340.94,,mm,false
8,SSAT target,fiducial,Fiducial,Fiducial,TFC08_Temp.4,TFC08_Temp.4,x,10417.7,,mm,false
8,SSAT target,fiducial,Fiducial,Fiducial,TFC08_Temp.4,TFC08_Temp.4,y,1715.3,,mm,false
8,SSAT target,fiducial,Fiducial,Fiducial,TFC08_Temp.4,TFC08_Temp.4,z,-1755.57,,mm,false
8,SSAT target,fiducial,Fiducial,Fiducial,TFC08_Temp.5,TFC08_Temp.5,x,10203.08,,mm,false
8,SSAT target,fiducial,Fiducial,Fiducial,TFC08_Temp.5,TFC08_Temp.5,y,1693.38,,mm,false
8,SSAT target,fiducial,Fiducial,Fiducial,TFC08_Temp.5,TFC08_Temp.5,z,-2354.64,,mm,false
8,SSAT target,fiducial,Fiducial,Fiducial,TFC08_Temp.6,TFC08_Temp.6,x,10060.13,,mm,false
8,SSAT target,fiducial,Fiducial,Fiducial,TFC08_Temp.6,TFC08_Temp.6,y,1326.45,,mm,false
8,SSAT target,fiducial,Fiducial,Fiducial,TFC08_Temp.6,TFC08_Temp.6,z,-2925.3,,mm,false
8,SSAT target,fiducial,Fiducial,Fiducial,TFC08_Temp.7,TFC08_Temp.7,x,8997.36,,mm,false
8,SSAT target,fiducial,Fiducial,Fiducial,TFC08_Temp.7,TFC08_Temp.7,y,-553.57,,mm,false
8,SSAT target,fiducial,Fiducial,Fiducial,TFC08_Temp.7,TFC08_Temp.7,z,5926.38,,mm,false
8,SSAT target,fiducial,Fiducial,Fiducial,TFC08_TFGS Leg 1,TFC08_TFGS Leg 1,x,9791.55,,mm,false
8,SSAT target,fiducial,Fiducial,Fiducial,TFC08_TFGS Leg 1,TFC08_TFGS Leg 1,y,637.03,,mm,false
8,SSAT target,fiducial,Fiducial,Fiducial,TFC08_TFGS Leg 1,TFC08_TFGS Leg 1,z,-4547.3,,mm,false
8,SSAT target,fiducial,Fiducial,Fiducial,TFC08_TFGS Leg 2,TFC08_TFGS Leg 2,x,9956.3,,mm,false
8,SSAT target,fiducial,Fiducial,Fiducial,TFC08_TFGS Leg 2,TFC08_TFGS Leg 2,y,828.07,,mm,false
8,SSAT target,fiducial,Fiducial,Fiducial,TFC08_TFGS Leg 2,TFC08_TFGS Leg 2,z,-4576.85,,mm,false
8,SSAT target,fiducial,Fiducial,Fiducial,TFC08_TFGS Leg 3,TFC08_TFGS Leg 3,x,10043.01,,mm,false
8,SSAT target,fiducial,Fiducial,Fiducial,TFC08_TFGS Leg 3,TFC08_TFGS Leg 3,y,546.17,,mm,false
8,SSAT target,fiducial,Fiducial,Fiducial,TFC08_TFGS Leg 3,TFC08_TFGS Leg 3,z,-4209.48,,mm,false
8,SSAT target,fiducial,Fiducial,Fiducial,TFC08_TFGS Leg 4,TFC08_TFGS Leg 4,x,10908.66,,mm,false
8,SSAT target,fiducial,Fiducial,Fiducial,TFC08_TFGS Leg 4,TFC08_TFGS Leg 4,y,545.87,,mm,false
8,SSAT target,fiducial,Fiducial,Fiducial,TFC08_TFGS Leg 4,TFC08_TFGS Leg 4,z,-4188.16,,mm,false
8,SSAT target,fiducial,Fiducial,Fiducial,TFC08_TFGS Leg 5,TFC08_TFGS Leg 5,x,11050.81,,mm,false
8,SSAT target,fiducial,Fiducial,Fiducial,TFC08_TFGS Leg 5,TFC08_TFGS Leg 5,y,828.62,,mm,false
8,SSAT target,fiducial,Fiducial,Fiducial,TFC08_TFGS Leg 5,TFC08_TFGS Leg 5,z,-4572.16,,mm,false
8,SSAT target,fiducial,Fiducial,Fiducial,TFC08_TFGS Leg 6,TFC08_TFGS Leg 6,x,9191.08,,mm,false
8,SSAT target,fiducial,Fiducial,Fiducial,TFC08_TFGS Leg 6,TFC08_TFGS Leg 6,y,545.95,,mm,false
8,SSAT target,fiducial,Fiducial,Fiducial,TFC08_TFGS Leg 6,TFC08_TFGS Leg 6,z,-5843.22,,mm,false
8,SSAT target,fiducial,Fiducial,Fiducial,TFC08_TFGS Leg 7,TFC08_TFGS Leg 7,x,11215.12,,mm,false
8,SSAT target,fiducial,Fiducial,Fiducial,TFC08_TFGS Leg 7,TFC08_TFGS Leg 7,y,-677.26,,mm,false
8,SSAT target,fiducial,Fiducial,Fiducial,TFC08_TFGS Leg 7,TFC08_TFGS Leg 7,z,-4539.97,,mm,false
8,SSAT target,fiducial,Fiducial,Fiducial,TFC08_TFGS Leg 8,TFC08_TFGS Leg 8,x,11033.74,,mm,false
8,SSAT target,fiducial,Fiducial,Fiducial,TFC08_TFGS Leg 8,TFC08_TFGS Leg 8,y,-445.99,,mm,false
8,SSAT target,fiducial,Fiducial,Fiducial,TFC08_TFGS Leg 8,TFC08_TFGS Leg 8,z,-3934.58,,mm,false
8,SSAT target,fiducial,Fiducial,Fiducial,TFC08_TFGS Leg 9,TFC08_TFGS Leg 9,x,11033.49,,mm,false
8,SSAT target,fiducial,Fiducial,Fiducial,TFC08_TFGS Leg 9,TFC08_TFGS Leg 9,y,413.95,,mm,false
8,SSAT target,fiducial,Fiducial,Fiducial,TFC08_TFGS Leg 9,TFC08_TFGS Leg 9,z,-3954.57,,mm,false
8,SSAT target,fiducial,Fiducial,Fiducial,TFC08_TFGS Leg 10,TFC08_TFGS Leg 10,x,11214.43,,mm,false
8,SSAT target,fiducial,Fiducial,Fiducial,TFC08_TFGS Leg 10,TFC08_TFGS Leg 10,y,677.28,,mm,false
8,SSAT target,fiducial,Fiducial,Fiducial,TFC08_TFGS Leg 10,TFC08_TFGS Leg 10,z,-4532.64,,mm,false
8,SSAT target,fiducial,Fiducial,Fiducial,TFC08_TFGS Leg 11,TFC08_TFGS Leg 11,x,11028.25,,mm,false
8,SSAT target,fiducial,Fiducial,Fiducial,TFC08_TFGS Leg 11,TFC08_TFGS Leg 11,y,-830.26,,mm,false
8,SSAT target,fiducial,Fiducial,Fiducial,TFC08_TFGS Leg 11,TFC08_TFGS Leg 11,z,-4612.13,,mm,false
8,SSAT target,fiducial,Fiducial,Fiducial,TFC08_TFGS Leg 12,TFC08_TFGS Leg 12,x,10918.32,,mm,false
8,SSAT target,fiducial,Fiducial,Fiducial,TFC08_TFGS Leg 12,TFC08_TFGS Leg 12,y,-551.29,,mm,false
8,SSAT target,fiducial,Fiducial,Fiducial,TFC08_TFGS Leg 12,TFC08_TFGS Leg 12,z,-4198.75,,mm,false
8,SSAT target,fiducial,Fiducial,Fiducial,TFC08_TFGS Leg 13,TFC08_TFGS Leg 13,x,9990.46,,mm,false
8,SSAT target,fiducial,Fiducial,Fiducial,TFC08_TFGS Leg 13,TFC08_TFGS Leg 13,y,-830.92,,mm,false
8,SSAT target,fiducial,Fiducial,Fiducial,TFC08_TFGS Leg 13,TFC08_TFGS Leg 13,z,-4600.88,,mm,false
8,SSAT target,fiducial,Fiducial,Fiducial,TFC08_UnknownFid.1,TFC08_UnknownFid.1,x,3770.26,,mm,false
8,SSAT target,fiducial,Fiducial,Fiducial,TFC08_UnknownFid.1,TFC08_UnknownFid.1,y,701.45,,mm,false
8,SSAT target,fiducial,Fiducial,Fiducial,TFC08_UnknownFid.1,TFC08_UnknownFid.1,z,-6178.52,,mm,false
8,SSAT target,fiducial,Fiducial,Fiducial,TFC08_UnknownFid.2,TFC08_UnknownFid.2,x,9291.7,,mm,false
8,SSAT target,fiducial,Fiducial,Fiducial,TFC08_UnknownFid.2,TFC08_UnknownFid.2,y,-1675.39,,mm,false
8,SSAT target,fiducial,Fiducial,Fiducial,TFC08_UnknownFid.2,TFC08_UnknownFid.2,z,3880.16,,mm,false
9,SSAT target,transform,,,,,dx,0.4171831487731849,,mm,false
9,SSAT target,transform,,,,,dy,-0.2660834582614161,,mm,false
9,SSAT target,transform,,,,,dz,-0.1113674860645226,,mm,false
9,SSAT target,transform,,,,,rx,-0.0005437372024532401,,deg,false
9,SSAT target,transform,,,,,ry,-0.0007662048066113984,,deg,false
9,SSAT target,transform,,,,,rz,0.001805122451193865,,deg,false
9,SSAT target,fiducial,CCL,CCL,A,A,x,2712.599599872129,0.7505552693806895,mm,false
9,SSAT target,fiducial,CCL,CCL,A,A,y,-0.5637356967857414,0.7505552693806895,mm,false
9,SSAT target,fiducial,CCL,CCL,A,A,z,-3700.273304474517,0.7505552693806895,mm,false
9,SSAT target,fiducial,CCL,CCL,B,B,x,2712.77341507127,0.8882653952227735,mm,false
9,SSAT target,fiducial,CCL,CCL,B,B,y,0.3330646498002386,0.8882653952227735,mm,false
9,SSAT target,fiducial,CCL,CCL,B,B,z,3700.007884810846,0.8882653952227735,mm,false
9,SSAT target,fiducial,CCL,CCL,C,C,x,5333.646874813403,0.738584957961717,mm,false
9,SSAT target,fiducial,CCL,CCL,C,C,y,0.3199501289706208,0.738584957961717,mm,false
9,SSAT target,fiducial,CCL,CCL,C,C,z,6297.624922090803,0.738584957961717,mm,false
9,SSAT target,fiducial,CCL,CCL,D,D,x,8978.344753474326,0.804769033387519,mm,false
9,SSAT target,fiducial,CCL,CCL,D,D,y,-0.1445177210694782,0.804769033387519,mm,false
9,SSAT target,fiducial,CCL,CCL,D,D,z,4436.42132349851,0.804769033387519,mm,false
9,SSAT target,fiducial,CCL,CCL,E,E,x,9584.641615894761,0.7728237422889324,mm,false
9,SSAT target,fiducial,CCL,CCL,E,E,y,-0.5333548213057232,0.7728237422889324,mm,false
9,SSAT target,fiducial,CCL,CCL,E,E,z,-3694.945361657886,0.7728237422889324,mm,false
9,SSAT target,fiducial,CCL,CCL,F,F',x,3399.293181450875,0.7294658840058914,mm,false
9,SSAT target,fiducial,CCL,CCL,F,F',y,0.9815502723490452,0.7294658840058914,mm,false
9,SSAT target,fiducial,CCL,CCL,F,F',z,-5598.530161614338,0.7294658840058914,mm,false
9,SSAT target,fiducial,CCL,CCL,G,G,x,10729.77717432348,0.904148617529495,mm,false
9,SSAT target,fiducial,CCL,CCL,G,G,y,0.542632069635497,0.904148617529495,mm,false
9,SSAT target,fiducial,CCL,CCL,G,G,z,-0.9680545992217847,0.904148617529495,mm,false
9,SSAT target,fiducial,CCL,CCL,H,H,x,2713.580824143696,0.9004860920840082,mm,false
9,SSAT target,fiducial,CCL,CCL,H,H,y,-1.039144168577848,0.9004860920840082,mm,false
9,SSAT target,fiducial,CCL,CCL,H,H,z,0.1375756173191339,0.9004860920840082,mm,false
9,SSAT target,fiducial,Fiducial,Fiducial,TFC09_A1-AU,TFC09_A1-AU,x,2139.05,,mm,false
9,SSAT target,fiducial,Fiducial,Fiducial,TFC09_A1-AU,TFC09_A1-AU,y,1.24,,mm,false
9,SSAT target,fiducial,Fiducial,Fiducial,TFC09_A1-AU,TFC09_A1-AU,z,-3699.98,,mm,false
9,SSAT target,fiducial,Fiducial,Fiducial,TFC09_A2-AU,TFC09_A2-AU,x,2701.49,,mm,false
9,SSAT target,fiducial,Fiducial,Fiducial,TFC09_A2-AU,TFC09_A2-AU,y,518.12,,mm,false
9,SSAT target,fiducial,Fiducial,Fiducial,TFC09_A2-AU,TFC09_A2-AU,z,-3701.03,,mm,false
9,SSAT target,fiducial,Fiducial,Fiducial,TFC09_A3-AP,TFC09_A3-AP,x,3128.8,,mm,false
9,SSAT target,fiducial,Fiducial,Fiducial,TFC09_A3-AP,TFC09_A3-AP,y,-0.14,,mm,false
9,SSAT target,fiducial,Fiducial,Fiducial,TFC09_A3-AP,TFC09_A3-AP,z,-3698.3,,mm,false
9,SSAT target,fiducial,Fiducial,Fiducial,TFC09_A4-AU,TFC09_A4-AU,x,2701.87,,mm,false
9,SSAT target,fiducial,Fiducial,Fiducial,TFC09_A4-AU,TFC09_A4-AU,y,-520.78,,mm,false
9,SSAT target,fiducial,Fiducial,Fiducial,TFC09_A4-AU,TFC09_A4-AU,z,-3700.53,,mm,false
9,SSAT target,fiducial,Fiducial,Fiducial,TFC09_AU_CP_8,TFC09_AU_CP_8,x,4016.57,,mm,false
9,SSAT target,fiducial,Fiducial,Fiducial,TFC09_AU_CP_8,TFC09_AU_CP_8,y,734.1,,mm,false
9,SSAT target,fiducial,Fiducial,Fiducial,TFC09_AU_CP_8,TFC09_AU_CP_8,z,-6483.37,,mm,false
9,SSAT target,fiducial,Fiducial,Fiducial,TFC09_AU_CP_12,TFC09_AU_CP_12,x,4300.59,,mm,false
9,SSAT target,fiducial,Fiducial,Fiducial,TFC09_AU_CP_12,TFC09_AU_CP_12,y,780.17,,mm,false
9,SSAT target,fiducial,Fiducial,Fiducial,TFC09_AU_CP_12,TFC09_AU_CP_12,z,-5806.8,,mm,false
9,SSAT target,fiducial,Fiducial,Fiducial,TFC09_AU_CP_18,TFC09_AU_CP_18,x,2155.6,,mm,false
9,SSAT target,fiducial,Fiducial,Fiducial,TFC09_AU_CP_18,TFC09_AU_CP_18,y,-5.56,,mm,false
9,SSAT target,fiducial,Fiducial,Fiducial,TFC09_AU_CP_18,TFC09_AU_CP_18,z,-3497.82,,mm,false
9,SSAT target,fiducial,Fiducial,Fiducial,TFC09_AU_CP_25,TFC09_AU_CP_25,x,2155.94,,mm,false
9,SSAT target,fiducial,Fiducial,Fiducial,TFC09_AU_CP_25,TFC09_AU_CP_25,y,0.94,,mm,false
9,SSAT target,fiducial,Fiducial,Fiducial,TFC09_AU_CP_25,TFC09_AU_CP_25,z,207.62,,mm,false
9,SSAT target,fiducial,Fiducial,Fiducial,TFC09_AU_CP_30,TFC09_AU_CP_30,x,2155.77,,mm,false
9,SSAT target,fiducial,Fiducial,Fiducial,TFC09_AU_CP_30,TFC09_AU_CP_30,y,4.75,,mm,false
9,SSAT target,fiducial,Fiducial,Fiducial,TFC09_AU_CP_30,TFC09_AU_CP_30,z,3534.39,,mm,false
9,SSAT target,fiducial,Fiducial,Fiducial,TFC09_AU_CP_36,TFC09_AU_CP_36,x,4648.51,,mm,false
9,SSAT target,fiducial,Fiducial,Fiducial,TFC09_AU_CP_36,TFC09_AU_CP_36,y,844.91,,mm,false
9,SSAT target,fiducial,Fiducial,Fiducial,TFC09_AU_CP_36,TFC09_AU_CP_36,z,5879.95,,mm,false
9,SSAT target,fiducial,Fiducial,Fiducial,TFC09_AU_CP_37,TFC09_AU_CP_37,x,4825.51,,mm,false
9,SSAT target,fiducial,Fiducial,Fiducial,TFC09_AU_CP_37,TFC09_AU_CP_37,y,-651.61,,mm,false
9,SSAT target,fiducial,Fiducial,Fiducial,TFC09_AU_CP_37,TFC09_AU_CP_37,z,5913.37,,mm,false
9,SSAT target,fiducial,Fiducial,Fiducial,TFC09_AU_CP_40,TFC09_AU_CP_40,x,5306.61,,mm,false
9,SSAT target,fiducial,Fiducial,Fiducial,TFC09_AU_CP_40,TFC09_AU_CP_40,y,545.79,,mm,false
9,SSAT target,fiducial,Fiducial,Fiducial,TFC09_AU_CP_40,TFC09_AU_CP_40,z,6412.44,,mm,false
9,SSAT target,fiducial,Fiducial,Fiducial,TFC09_B1-AU,TFC09_B1-AU,x,2139.43,,mm,false
9,SSAT target,fiducial,Fiducial,Fiducial,TFC09_B1-AU,TFC09_B1-AU,y,0.65,,mm,false
9,SSAT target,fiducial,Fiducial,Fiducial,TFC09_B1-AU,TFC09_B1-AU,z,3699.55,,mm,false
9,SSAT target,fiducial,Fiducial,Fiducial,TFC09_B2-AU,TFC09_B2-AU,x,2699.97,,mm,false
9,SSAT target,fiducial,Fiducial,Fiducial,TFC09_B2-AU,TFC09_B2-AU,y,518.9,,mm,false
9,SSAT target,fiducial,Fiducial,Fiducial,TFC09_B2-AU,TFC09_B2-AU,z,3700.73,,mm,false
9,SSAT target,fiducial,Fiducial,Fiducial,TFC09_B3-AP,TFC09_B3-AP,x,3128.52,,mm,false
9,SSAT target,fiducial,Fiducial,Fiducial,TFC09_B3-AP,TFC09_B3-AP,y,0.19,,mm,false
9,SSAT target,fiducial,Fiducial,Fiducial,TFC09_B3-AP,TFC09_B3-AP,z,3700.52,,mm,false
9,SSAT target,fiducial,Fiducial,Fiducial,TFC09_B4-AU,TFC09_B4-AU,x,2702.87,,mm,false
9,SSAT target,fiducial,Fiducial,Fiducial,TFC09_B4-AU,TFC09_B4-AU,y,-520.07,,mm,false
9,SSAT target,fiducial,Fiducial,Fiducial,TFC09_B4-AU,TFC09_B4-AU,z,3698.95,,mm,false
9,SSAT target,fiducial,Fiducial,Fiducial,TFC09_BU_72,TFC09_BU_72,x,9272.58,,mm,false
9,SSAT target,fiducial,Fiducial,Fiducial,TFC09_BU_72,TFC09_BU_72,y,-544.77,,mm,false
9,SSAT target,fiducial,Fiducial,Fiducial,TFC09_BU_72,TFC09_BU_72,z,-4088.77,,mm,false
9,SSAT target,fiducial,Fiducial,Fiducial,TFC09_BU_CP_16,TFC09_BU_CP_16,x,8955.63,,mm,false
9,SSAT target,fiducial,Fiducial,Fiducial,TFC09_BU_CP_16,TFC09_BU_CP_16,y,545.19,,mm,false
9,SSAT target,fiducial,Fiducial,Fiducial,TFC09_BU_CP_16,TFC09_BU_CP_16,z,4464.68,,mm,false
9,SSAT target,fiducial,Fiducial,Fiducial,TFC09_BU_CP_17,TFC09_BU_CP_17,x,8952.36,,mm,false
9,SSAT target,fiducial,Fiducial,Fiducial,TFC09_BU_CP_17,TFC09_BU_CP_17,y,-541.64,,mm,false
9,SSAT target,fiducial,Fiducial,Fiducial,TFC09_BU_CP_17,TFC09_BU_CP_17,z,4457.45,,mm,false
9,SSAT target,fiducial,Fiducial,Fiducial,TFC09_BU_CP_42,TFC09_BU_CP_42,x,11209.83,,mm,false
9,SSAT target,fiducial,Fiducial,Fiducial,TFC09_BU_CP_42,TFC09_BU_CP_42,y,-121.18,,mm,false
9,SSAT target,fiducial,Fiducial,Fiducial,TFC09_BU_CP_42,TFC09_BU_CP_42,z,158.95,,mm,false
9,SSAT target,fiducial,Fiducial,Fiducial,TFC09_BU_CP_70,TFC09_BU_CP_70,x,9128.52,,mm,false
9,SSAT target,fiducial,Fiducial,Fiducial,TFC09_BU_CP_70,TFC09_BU_CP_70,y,541.28,,mm,false
9,SSAT target,fiducial,Fiducial,Fiducial,TFC09_BU_CP_70,TFC09_BU_CP_70,z,-3886.91,,mm,false
9,SSAT target,fiducial,Fiducial,Fiducial,TFC09_BU_CP_72,TFC09_BU_CP_72,x,9272.57,,mm,false
9,SSAT target,fiducial,Fiducial,Fiducial,TFC09_BU_CP_72,TFC09_BU_CP_72,y,-544.77,,mm,false
9,SSAT target,fiducial,Fiducial,Fiducial,TFC09_BU_CP_72,TFC09_BU_CP_72,z,-4088.79,,mm,false
9,SSAT target,fiducial,Fiducial,Fiducial,TFC09_C1-BP,TFC09_C1-BP,x,5930.41,,mm,false
9,SSAT target,fiducial,Fiducial,Fiducial,TFC09_C1-BP,TFC09_C1-BP,y,1.59,,mm,false
9,SSAT target,fiducial,Fiducial,Fiducial,TFC09_C1-BP,TFC09_C1-BP,z,5764.25,,mm,false
9,SSAT target,fiducial,Fiducial,Fiducial,TFC09_C2-AU,TFC09_C2-AU,x,5327.49,,mm,false
9,SSAT target,fiducial,Fiducial,Fiducial,TFC09_C2-AU,TFC09_C2-AU,y,563.2,,mm,false
9,SSAT target,fiducial,Fiducial,Fiducial,TFC09_C2-AU,TFC09_C2-AU,z,6298.12,,mm,false
9,SSAT target,fiducial,Fiducial,Fiducial,TFC09_C3-AP,TFC09_C3-AP,x,4952.53,,mm,false
9,SSAT target,fiducial,Fiducial,Fiducial,TFC09_C3-AP,TFC09_C3-AP,y,2.39,,mm,false
9,SSAT target,fiducial,Fiducial,Fiducial,TFC09_C3-AP,TFC09_C3-AP,z,5801.17,,mm,false
9,SSAT target,fiducial,Fiducial,Fiducial,TFC09_C4-AU,TFC09_C4-AU,x,5328.7,,mm,false
9,SSAT target,fiducial,Fiducial,Fiducial,TFC09_C4-AU,TFC09_C4-AU,y,-561.9,,mm,false
9,SSAT target,fiducial,Fiducial,Fiducial,TFC09_C4-AU,TFC09_C4-AU,z,6297.93,,mm,false
9,SSAT target,fiducial,Fiducial,Fiducial,TFC09_D1-BU,TFC09_D1-BU,x,9130.63,,mm,false
9,SSAT target,fiducial,Fiducial,Fiducial,TFC09_D1-BU,TFC09_D1-BU,y,-0.05,,mm,false
9,SSAT target,fiducial,Fiducial,Fiducial,TFC09_D1-BU,TFC09_D1-BU,z,4983.68,,mm,false
9,SSAT target,fiducial,Fiducial,Fiducial,TFC09_D2-BU,TFC09_D2-BU,x,8778.05,,mm,false
9,SSAT target,fiducial,Fiducial,Fiducial,TFC09_D2-BU,TFC09_D2-BU,y,565.13,,mm,false
9,SSAT target,fiducial,Fiducial,Fiducial,TFC09_D2-BU,TFC09_D2-BU,z,4633.17,,mm,false
9,SSAT target,fiducial,Fiducial,Fiducial,TFC09_D3-BP,TFC09_D3-BP,x,8447.62,,mm,false
9,SSAT target,fiducial,Fiducial,Fiducial,TFC09_D3-BP,TFC09_D3-BP,y,-1.27,,mm,false
9,SSAT target,fiducial,Fiducial,Fiducial,TFC09_D3-BP,TFC09_D3-BP,z,4299.87,,mm,false
9,SSAT target,fiducial,Fiducial,Fiducial,TFC09_D4-BU,TFC09_D4-BU,x,8780.99,,mm,false
9,SSAT target,fiducial,Fiducial,Fiducial,TFC09_D4-BU,TFC09_D4-BU,y,-563.16,,mm,false
9,SSAT target,fiducial,Fiducial,Fiducial,TFC09_D4-BU,TFC09_D4-BU,z,4633.55,,mm,false
9,SSAT target,fiducial,Fiducial,Fiducial,TFC09_E1-BU,TFC09_E1-BU,x,9481.93,,mm,false
9,SSAT target,fiducial,Fiducial,Fiducial,TFC09_E1-BU,TFC09_E1-BU,y,-0.52,,mm,false
9,SSAT target,fiducial,Fiducial,Fiducial,TFC09_E1-BU,TFC09_E1-BU,z,-4642.75,,mm,false
9,SSAT target,fiducial,Fiducial,Fiducial,TFC09_E2-BU,TFC09_E2-BU,x,9098.94,,mm,false
9,SSAT target,fiducial,Fiducial,Fiducial,TFC09_E2-BU,TFC09_E2-BU,y,562.42,,mm,false
9,SSAT target,fiducial,Fiducial,Fiducial,TFC09_E2-BU,TFC09_E2-BU,z,-4312.95,,mm,false
9,SSAT target,fiducial,Fiducial,Fiducial,TFC09_E3-BP,TFC09_E3-BP,x,8743.03,,mm,false
9,SSAT target,fiducial,Fiducial,Fiducial,TFC09_E3-BP,TFC09_E3-BP,y,-2.73,,mm,false
9,SSAT target,fiducial,Fiducial,Fiducial,TFC09_E3-BP,TFC09_E3-BP,z,-4001.71,,mm,false
9,SSAT target,fiducial,Fiducial,Fiducial,TFC09_E4-BU,TFC09_E4-BU,x,9100.42,,mm,false
9,SSAT target,fiducial,Fiducial,Fiducial,TFC09_E4-BU,TFC09_E4-BU,y,-566.49,,mm,false
9,SSAT target,fiducial,Fiducial,Fiducial,TFC09_E4-BU,TFC09_E4-BU,z,-4311.46,,mm,false
9,SSAT target,fiducial,Fiducial,Fiducial,TFC09_F-CP-2,TFC09_F-CP-2,x,5555.12,,mm,false
9,SSAT target,fiducial,Fiducial,Fiducial,TFC09_F-CP-2,TFC09_F-CP-2,y,570.57,,mm,false
9,SSAT target,fiducial,Fiducial,Fiducial,TFC09_F-CP-2,TFC09_F-CP-2,z,-6689.96,,mm,false
9,SSAT target,fiducial,Fiducial,Fiducial,TFC09_F3-AP,TFC09_F3-AP,x,5124.96,,mm,false
9,SSAT target,fiducial,Fiducial,Fiducial,TFC09_F3-AP,TFC09_F3-AP,y,-5.07,,mm,false
9,SSAT target,fiducial,Fiducial,Fiducial,TFC09_F3-AP,TFC09_F3-AP,z,-5820.08,,mm,false
9,SSAT target,fiducial,Fiducial,Fiducial,TFC09_F3-BP,TFC09_F3-BP,x,5754.21,,mm,false
9,SSAT target,fiducial,Fiducial,Fiducial,TFC09_F3-BP,TFC09_F3-BP,y,-3.44,,mm,false
9,SSAT target,fiducial,Fiducial,Fiducial,TFC09_F3-BP,TFC09_F3-BP,z,-5795.72,,mm,false
9,SSAT target,fiducial,Fiducial,Fiducial,TFC09_F4-AU,TFC09_F4-AU,x,5328.71,,mm,false
9,SSAT target,fiducial,Fiducial,Fiducial,TFC09_F4-AU,TFC09_F4-AU,y,-595.75,,mm,false
9,SSAT target,fiducial,Fiducial,Fiducial,TFC09_F4-AU,TFC09_F4-AU,z,-6322.2,,mm,false
9,SSAT target,fiducial,Fiducial,Fiducial,TFC09_G1-BU,TFC09_G1-BU,x,11229.64,,mm,false
9,SSAT target,fiducial,Fiducial,Fiducial,TFC09_G1-BU,TFC09_G1-BU,y,-1.54,,mm,false
9,SSAT target,fiducial,Fiducial,Fiducial,TFC09_G1-BU,TFC09_G1-BU,z,-0.45,,mm,false
9,SSAT target,fiducial,Fiducial,Fiducial,TFC09_G2-BU,TFC09_G2-BU,x,10725.09,,mm,false
9,SSAT target,fiducial,Fiducial,Fiducial,TFC09_G2-BU,TFC09_G2-BU,y,563.13,,mm,false
9,SSAT target,fiducial,Fiducial,Fiducial,TFC09_G2-BU,TFC09_G2-BU,z,-0.66,,mm,false
9,SSAT target,fiducial,Fiducial,Fiducial,TFC09_G3-BP,TFC09_G3-BP,x,10260.14,,mm,false
9,SSAT target,fiducial,Fiducial,Fiducial,TFC09_G3-BP,TFC09_G3-BP,y,-0.79,,mm,false
9,SSAT target,fiducial,Fiducial,Fiducial,TFC09_G3-BP,TFC09_G3-BP,z,1.01,,mm,false
9,SSAT target,fiducial,Fiducial,Fiducial,TFC09_G4-BU,TFC09_G4-BU,x,10723.41,,mm,false
9,SSAT target,fiducial,Fiducial,Fiducial,TFC09_G4-BU,TFC09_G4-BU,y,-564.31,,mm,false
9,SSAT target,fiducial,Fiducial,Fiducial,TFC09_G4-BU,TFC09_G4-BU,z,-0.24,,mm,false
9,SSAT target,fiducial,Fiducial,Fiducial,TFC09_H1-AU,TFC09_H1-AU,x,2139.34,,mm,false
9,SSAT target,fiducial,Fiducial,Fiducial,TFC09_H1-AU,TFC09_H1-AU,y,0.01,,mm,false
9,SSAT target,fiducial,Fiducial,Fiducial,TFC09_H1-AU,TFC09_H1-AU,z,-0.22,,mm,false
9,SSAT target,fiducial,Fiducial,Fiducial,TFC09_H2-AU,TFC09_H2-AU,x,2699.34,,mm,false
9,SSAT target,fiducial,Fiducial,Fiducial,TFC09_H2-AU,TFC09_H2-AU,y,519.27,,mm,false
9,SSAT target,fiducial,Fiducial,Fiducial,TFC09_H2-AU,TFC09_H2-AU,z,0.48,,mm,false
9,SSAT target,fiducial,Fiducial,Fiducial,TFC09_H3-AP,TFC09_H3-AP,x,3126.39,,mm,false
9,SSAT target,fiducial,Fiducial,Fiducial,TFC09_H3-AP,TFC09_H3-AP,y,0.41,,mm,false
9,SSAT target,fiducial,Fiducial,Fiducial,TFC09_H3-AP,TFC09_H3-AP,z,0.86,,mm,false
9,SSAT target,fiducial,Fiducial,Fiducial,TFC09_H4-AU,TFC09_H4-AU,x,2701.45,,mm,false
9,SSAT target,fiducial,Fiducial,Fiducial,TFC09_H4-AU,TFC09_H4-AU,y,-522.05,,mm,false
9,SSAT target,fiducial,Fiducial,Fiducial,TFC09_H4-AU,TFC09_H4-AU,z,-0.48,,mm,false
9,SSAT target,fiducial,Fiducial,Fiducial,TFC09_Leg 1,TFC09_Leg 1,x,9792.03,,mm,false
9,SSAT target,fiducial,Fiducial,Fiducial,TFC09_Leg 1,TFC09_Leg 1,y,-677.15,,mm,false
9,SSAT target,fiducial,Fiducial,Fiducial,TFC09_Leg 1,TFC09_Leg 1,z,-4575.64,,mm,false
9,SSAT target,fiducial,Fiducial,Fiducial,TFC09_Leg 2,TFC09_Leg 2,x,9986.55,,mm,false
9,SSAT target,fiducial,Fiducial,Fiducial,TFC09_Leg 2,TFC09_Leg 2,y,-831.27,,mm,false
9,SSAT target,fiducial,Fiducial,Fiducial,TFC09_Leg 2,TFC09_Leg 2,z,-4609.3,,mm,false
9,SSAT target,fiducial,Fiducial,Fiducial,TFC09_Leg 3,TFC09_Leg 3,x,11036.83,,mm,false
9,SSAT target,fiducial,Fiducial,Fiducial,TFC09_Leg 3,TFC09_Leg 3,y,-830.7,,mm,false
9,SSAT target,fiducial,Fiducial,Fiducial,TFC09_Leg 3,TFC09_Leg 3,z,-4559.31,,mm,false
9,SSAT target,fiducial,Fiducial,Fiducial,TFC09_Leg 4,TFC09_Leg 4,x,11211.08,,mm,false
9,SSAT target,fiducial,Fiducial,Fiducial,TFC09_Leg 4,TFC09_Leg 4,y,-706.5,,mm,false
9,SSAT target,fiducial,Fiducial,Fiducial,TFC09_Leg 4,TFC09_Leg 4,z,-4567.35,,mm,false
9,SSAT target,fiducial,Fiducial,Fiducial,TFC09_Leg 5,TFC09_Leg 5,x,11209.95,,mm,false
9,SSAT target,fiducial,Fiducial,Fiducial,TFC09_Leg 5,TFC09_Leg 5,y,716.89,,mm,false
9,SSAT target,fiducial,Fiducial,Fiducial,TFC09_Leg 5,TFC09_Leg 5,z,-4566.63,,mm,false
9,SSAT target,fiducial,Fiducial,Fiducial,TFC09_Leg 6,TFC09_Leg 6,x,10938.17,,mm,false
9,SSAT target,fiducial,Fiducial,Fiducial,TFC09_Leg 6,TFC09_Leg 6,y,-548.45,,mm,false
9,SSAT target,fiducial,Fiducial,Fiducial,TFC09_Leg 6,TFC09_Leg 6,z,-4182.36,,mm,false
9,SSAT target,fiducial,Fiducial,Fiducial,TFC09_Leg 7,TFC09_Leg 7,x,10929.0,,mm,false
9,SSAT target,fiducial,Fiducial,Fiducial,TFC09_Leg 7,TFC09_Leg 7,y,-548.65,,mm,false
9,SSAT target,fiducial,Fiducial,Fiducial,TFC09_Leg 7,TFC09_Leg 7,z,-4358.16,,mm,false
9,SSAT target,fiducial,Fiducial,Fiducial,TFC09_Leg 8,TFC09_Leg 8,x,10035.55,,mm,false
9,SSAT target,fiducial,Fiducial,Fiducial,TFC09_Leg 8,TFC09_Leg 8,y,-546.6,,mm,false
9,SSAT target,fiducial,Fiducial,Fiducial,TFC09_Leg 8,TFC09_Leg 8,z,-4187.3,,mm,false
9,SSAT target,fiducial,Fiducial,Fiducial,TFC09_Leg 9,TFC09_Leg 9,x,10053.26,,mm,false
9,SSAT target,fiducial,Fiducial,Fiducial,TFC09_Leg 9,TFC09_Leg 9,y,-546.55,,mm,false
9,SSAT target,fiducial,Fiducial,Fiducial,TFC09_Leg 9,TFC09_Leg 9,z,-4339.63,,mm,false
9,SSAT target,fiducial,Fiducial,Fiducial,TFC09_Leg 10,TFC09_Leg 10,x,10480.07,,mm,false
9,SSAT target,fiducial,Fiducial,Fiducial,TFC09_Leg 10,TFC09_Leg 10,y,-547.57,,mm,false
9,SSAT target,fiducial,Fiducial,Fiducial,TFC09_Leg 10,TFC09_Leg 10,z,-3860.82,,mm,false
9,SSAT target,fiducial,Fiducial,Fiducial,TFC09_Leg 12,TFC09_Leg 12,x,9989.65,,mm,false
9,SSAT target,fiducial,Fiducial,Fiducial,TFC09_Leg 12,TFC09_Leg 12,y,828.12,,mm,false
9,SSAT target,fiducial,Fiducial,Fiducial,TFC09_Leg 12,TFC09_Leg 12,z,-4636.07,,mm,false
9,SSAT target,fiducial,Fiducial,Fiducial,TFC09_Leg 13,TFC09_Leg 13,x,10972.34,,mm,false
9,SSAT target,fiducial,Fiducial,Fiducial,TFC09_Leg 13,TFC09_Leg 13,y,828.4,,mm,false
9,SSAT target,fiducial,Fiducial,Fiducial,TFC09_Leg 13,TFC09_Leg 13,z,-4650.0,,mm,false
9,SSAT target,fiducial,Fiducial,Fiducial,TFC09_new,TFC09_new,x,3842.35,,mm,false
9,SSAT target,fiducial,Fiducial,Fiducial,TFC09_new,TFC09_new,y,-712.69,,mm,false
9,SSAT target,fiducial,Fiducial,Fiducial,TFC09_new,TFC09_new,z,5698.85,,mm,false
9,SSAT target,fiducial,Fiducial,Fiducial,TFC09_P1-OIS,TFC09_P1-OIS,x,5984.34,,mm,false
9,SSAT target,fiducial,Fiducial,Fiducial,TFC09_P1-OIS,TFC09_P1-OIS,y,1095.96,,mm,false
9,SSAT target,fiducial,Fiducial,Fiducial,TFC09_P1-OIS,TFC09_P1-OIS,z,6587.36,,mm,false
9,SSAT target,fiducial,Fiducial,Fiducial,TFC09_P10-OIS,TFC09_P10-OIS,x,5985.16,,mm,false
9,SSAT target,fiducial,Fiducial,Fiducial,TFC09_P10-OIS,TFC09_P10-OIS,y,-1095.94,,mm,false
9,SSAT target,fiducial,Fiducial,Fiducial,TFC09_P10-OIS,TFC09_P10-OIS,z,-6118.66,,mm,false
9,SSAT target,fiducial,Fiducial,Fiducial,TFC09_P11-IIS,TFC09_P11-IIS,x,4449.26,,mm,false
9,SSAT target,fiducial,Fiducial,Fiducial,TFC09_P11-IIS,TFC09_P11-IIS,y,-818.83,,mm,false
9,SSAT target,fiducial,Fiducial,Fiducial,TFC09_P11-IIS,TFC09_P11-IIS,z,5765.49,,mm,false
9,SSAT target,fiducial,Fiducial,Fiducial,TFC09_P11-IOIS,TFC09_P11-IOIS,x,10279.83,,mm,false
9,SSAT target,fiducial,Fiducial,Fiducial,TFC09_P11-IOIS,TFC09_P11-IOIS,y,-1750.72,,mm,false
9,SSAT target,fiducial,Fiducial,Fiducial,TFC09_P11-IOIS,TFC09_P11-IOIS,z,-2153.15,,mm,false
9,SSAT target,fiducial,Fiducial,Fiducial,TFC09_P11-OIS,TFC09_P11-OIS,x,7533.76,,mm,false
9,SSAT target,fiducial,Fiducial,Fiducial,TFC09_P11-OIS,TFC09_P11-OIS,y,-1370.03,,mm,false
9,SSAT target,fiducial,Fiducial,Fiducial,TFC09_P11-OIS,TFC09_P11-OIS,z,-6353.61,,mm,false
9,SSAT target,fiducial,Fiducial,Fiducial,TFC09_P13-IOIS,TFC09_P13-IOIS,x,9290.33,,mm,false
9,SSAT target,fiducial,Fiducial,Fiducial,TFC09_P13-IOIS,TFC09_P13-IOIS,y,1674.17,,mm,false
9,SSAT target,fiducial,Fiducial,Fiducial,TFC09_P13-IOIS,TFC09_P13-IOIS,z,3881.82,,mm,false
9,SSAT target,fiducial,Fiducial,Fiducial,TFC09_P14-IIS,TFC09_P14-IIS,x,3442.28,,mm,false
9,SSAT target,fiducial,Fiducial,Fiducial,TFC09_P14-IIS,TFC09_P14-IIS,y,-643.64,,mm,false
9,SSAT target,fiducial,Fiducial,Fiducial,TFC09_P14-IIS,TFC09_P14-IIS,z,5694.38,,mm,false
9,SSAT target,fiducial,Fiducial,Fiducial,TFC09_P14-IOIS,TFC09_P14-IOIS,x,10093.1,,mm,false
9,SSAT target,fiducial,Fiducial,Fiducial,TFC09_P14-IOIS,TFC09_P14-IOIS,y,1814.97,,mm,false
9,SSAT target,fiducial,Fiducial,Fiducial,TFC09_P14-IOIS,TFC09_P14-IOIS,z,2375.44,,mm,false
9,SSAT target,fiducial,Fiducial,Fiducial,TFC09_P15-IIS,TFC09_P15-IIS,x,3770.53,,mm,false
9,SSAT target,fiducial,Fiducial,Fiducial,TFC09_P15-IIS,TFC09_P15-IIS,y,-701.92,,mm,false
9,SSAT target,fiducial,Fiducial,Fiducial,TFC09_P15-IIS,TFC09_P15-IIS,z,6150.1,,mm,false
9,SSAT target,fiducial,Fiducial,Fiducial,TFC09_P15-IOIS,TFC09_P15-IOIS,x,10479.14,,mm,false
9,SSAT target,fiducial,Fiducial,Fiducial,TFC09_P15-IOIS,TFC09_P15-IOIS,y,1882.75,,mm,false
9,SSAT target,fiducial,Fiducial,Fiducial,TFC09_P15-IOIS,TFC09_P15-IOIS,z,-1249.44,,mm,false
9,SSAT target,fiducial,Fiducial,Fiducial,TFC09_P16-IOIS,TFC09_P16-IOIS,x,9861.99,,mm,false
9,SSAT target,fiducial,Fiducial,Fiducial,TFC09_P16-IOIS,TFC09_P16-IOIS,y,1772.63,,mm,false
9,SSAT target,fiducial,Fiducial,Fiducial,TFC09_P16-IOIS,TFC09_P16-IOIS,z,-2997.63,,mm,false
9,SSAT target,fiducial,Fiducial,Fiducial,TFC09_P17-IOIS,TFC09_P17-IOIS,x,9291.6,,mm,false
9,SSAT target,fiducial,Fiducial,Fiducial,TFC09_P17-IOIS,TFC09_P17-IOIS,y,-1672.64,,mm,false
9,SSAT target,fiducial,Fiducial,Fiducial,TFC09_P17-IOIS,TFC09_P17-IOIS,z,3880.3,,mm,false
9,SSAT target,fiducial,Fiducial,Fiducial,TFC09_P18-IOIS,TFC09_P18-IOIS,x,10092.89,,mm,false
9,SSAT target,fiducial,Fiducial,Fiducial,TFC09_P18-IOIS,TFC09_P18-IOIS,y,-1814.34,,mm,false
9,SSAT target,fiducial,Fiducial,Fiducial,TFC09_P18-IOIS,TFC09_P18-IOIS,z,2377.13,,mm,false
9,SSAT target,fiducial,Fiducial,Fiducial,TFC09_P19-IOIS,TFC09_P19-IOIS,x,9863.09,,mm,false
9,SSAT target,fiducial,Fiducial,Fiducial,TFC09_P19-IOIS,TFC09_P19-IOIS,y,-1775.38,,mm,false
9,SSAT target,fiducial,Fiducial,Fiducial,TFC09_P19-IOIS,TFC09_P19-IOIS,z,-2996.56,,mm,false
9,SSAT target,fiducial,Fiducial,Fiducial,TFC09_P2-OIS,TFC09_P2-OIS,x,7532.99,,mm,false
9,SSAT target,fiducial,Fiducial,Fiducial,TFC09_P2-OIS,TFC09_P2-OIS,y,1369.24,,mm,false
9,SSAT target,fiducial,Fiducial,Fiducial,TFC09_P2-OIS,TFC09_P2-OIS,z,6353.0,,mm,false
9,SSAT target,fiducial,Fiducial,Fiducial,TFC09_P20-IIS,TFC09_P20-IIS,x,3769.3,,mm,false
9,SSAT target,fiducial,Fiducial,Fiducial,TFC09_P20-IIS,TFC09_P20-IIS,y,-704.02,,mm,false
9,SSAT target,fiducial,Fiducial,Fiducial,TFC09_P20-IIS,TFC09_P20-IIS,z,-6179.36,,mm,false
9,SSAT target,fiducial,Fiducial,Fiducial,TFC09_P20-IOIS,TFC09_P20-IOIS,x,10479.01,,mm,false
9,SSAT target,fiducial,Fiducial,Fiducial,TFC09_P20-IOIS,TFC09_P20-IOIS,y,-1884.03,,mm,false
9,SSAT target,fiducial,Fiducial,Fiducial,TFC09_P20-IOIS,TFC09_P20-IOIS,z,-1246.33,,mm,false
9,SSAT target,fiducial,Fiducial,Fiducial,TFC09_P3-IOIS,TFC09_P3-IOIS,x,10263.03,,mm,false
9,SSAT target,fiducial,Fiducial,Fiducial,TFC09_P3-IOIS,TFC09_P3-IOIS,y,1360.3,,mm,false
9,SSAT target,fiducial,Fiducial,Fiducial,TFC09_P3-IOIS,TFC09_P3-IOIS,z,2424.6,,mm,false
9,SSAT target,fiducial,Fiducial,Fiducial,TFC09_P3-OIS,TFC09_P3-OIS,x,5986.78,,mm,false
9,SSAT target,fiducial,Fiducial,Fiducial,TFC09_P3-OIS,TFC09_P3-OIS,y,1094.0,,mm,false
9,SSAT target,fiducial,Fiducial,Fiducial,TFC09_P3-OIS,TFC09_P3-OIS,z,6118.82,,mm,false
9,SSAT target,fiducial,Fiducial,Fiducial,TFC09_P4-IOIS,TFC09_P4-IOIS,x,10653.63,,mm,false
9,SSAT target,fiducial,Fiducial,Fiducial,TFC09_P4-IOIS,TFC09_P4-IOIS,y,1431.24,,mm,false
9,SSAT target,fiducial,Fiducial,Fiducial,TFC09_P4-IOIS,TFC09_P4-IOIS,z,-1279.88,,mm,false
9,SSAT target,fiducial,Fiducial,Fiducial,TFC09_P5-IOIS,TFC09_P5-IOIS,x,10277.0,,mm,false
9,SSAT target,fiducial,Fiducial,Fiducial,TFC09_P5-IOIS,TFC09_P5-IOIS,y,1748.18,,mm,false
9,SSAT target,fiducial,Fiducial,Fiducial,TFC09_P5-IOIS,TFC09_P5-IOIS,z,-2154.84,,mm,false
9,SSAT target,fiducial,Fiducial,Fiducial,TFC09_P6-IOIS,TFC09_P6-IOIS,x,10035.98,,mm,false
9,SSAT target,fiducial,Fiducial,Fiducial,TFC09_P6-IOIS,TFC09_P6-IOIS,y,1320.56,,mm,false
9,SSAT target,fiducial,Fiducial,Fiducial,TFC09_P6-IOIS,TFC09_P6-IOIS,z,-3031.9,,mm,false
9,SSAT target,fiducial,Fiducial,Fiducial,TFC09_P6-OIS,TFC09_P6-OIS,x,5986.64,,mm,false
9,SSAT target,fiducial,Fiducial,Fiducial,TFC09_P6-OIS,TFC09_P6-OIS,y,1090.96,,mm,false
9,SSAT target,fiducial,Fiducial,Fiducial,TFC09_P6-OIS,TFC09_P6-OIS,z,-6591.62,,mm,false
9,SSAT target,fiducial,Fiducial,Fiducial,TFC09_P8-IOIS,TFC09_P8-IOIS,x,9795.57,,mm,false
9,SSAT target,fiducial,Fiducial,Fiducial,TFC09_P8-IOIS,TFC09_P8-IOIS,y,-1662.76,,mm,false
9,SSAT target,fiducial,Fiducial,Fiducial,TFC09_P8-IOIS,TFC09_P8-IOIS,z,3174.99,,mm,false
9,SSAT target,fiducial,Fiducial,Fiducial,TFC09_P8-OIS,TFC09_P8-OIS,x,7534.2,,mm,false
9,SSAT target,fiducial,Fiducial,Fiducial,TFC09_P8-OIS,TFC09_P8-OIS,y,-1365.92,,mm,false
9,SSAT target,fiducial,Fiducial,Fiducial,TFC09_P8-OIS,TFC09_P8-OIS,z,6355.83,,mm,false
9,SSAT target,fiducial,Fiducial,Fiducial,TFC09_P9-IOS,TFC09_P9-IOS,x,5985.18,,mm,false
9,SSAT target,fiducial,Fiducial,Fiducial,TFC09_P9-IOS,TFC09_P9-IOS,y,-1091.88,,mm,false
9,SSAT target,fiducial,Fiducial,Fiducial,TFC09_P9-IOS,TFC09_P9-IOS,z,6119.58,,mm,false
9,SSAT target,fiducial,Fiducial,Fiducial,TFC09_P9-OIS,TFC09_P9-OIS,x,5985.19,,mm,false
9,SSAT target,fiducial,Fiducial,Fiducial,TFC09_P9-OIS,TFC09_P9-OIS,y,-1091.86,,mm,false
9,SSAT target,fiducial,Fiducial,Fiducial,TFC09_P9-OIS,TFC09_P9-OIS,z,6119.58,,mm,false
9,SSAT target,fiducial,Fiducial,Fiducial,TFC09_PX1-IOIS,TFC09_PX1-IOIS,x,5982.26,,mm,false
9,SSAT target,fiducial,Fiducial,Fiducial,TFC09_PX1-IOIS,TFC09_PX1-IOIS,y,-1093.0,,mm,false
9,SSAT target,fiducial,Fiducial,Fiducial,TFC09_PX1-IOIS,TFC09_PX1-IOIS,z,6590.57,,mm,false
9,SSAT target,fiducial,Fiducial,Fiducial,TFC09_PXX-IOIS,TFC09_PXX-IOIS,x,5983.13,,mm,false
9,SSAT target,fiducial,Fiducial,Fiducial,TFC09_PXX-IOIS,TFC09_PXX-IOIS,y,-1094.16,,mm,false
9,SSAT target,fiducial,Fiducial,Fiducial,TFC09_PXX-IOIS,TFC09_PXX-IOIS,z,-6591.26,,mm,false
9,SSAT target,fiducial,Fiducial,Fiducial,TFC09_SP05-1,TFC09_SP05-1,x,3757.09,,mm,false
9,SSAT target,fiducial,Fiducial,Fiducial,TFC09_SP05-1,TFC09_SP05-1,y,684.38,,mm,false
9,SSAT target,fiducial,Fiducial,Fiducial,TFC09_SP05-1,TFC09_SP05-1,z,-5625.01,,mm,false
9,SSAT target,fiducial,Fiducial,Fiducial,TFC09_SP10-1,TFC09_SP10-1,x,9048.69,,mm,false
9,SSAT target,fiducial,Fiducial,Fiducial,TFC09_SP10-1,TFC09_SP10-1,y,540.27,,mm,false
9,SSAT target,fiducial,Fiducial,Fiducial,TFC09_SP10-1,TFC09_SP10-1,z,-4066.98,,mm,false
9,SSAT target,fiducial,Fiducial,Fiducial,TFC09_SP10-2,TFC09_SP10-2,x,9149.42,,mm,false
9,SSAT target,fiducial,Fiducial,Fiducial,TFC09_SP10-2,TFC09_SP10-2,y,-544.51,,mm,false
9,SSAT target,fiducial,Fiducial,Fiducial,TFC09_SP10-2,TFC09_SP10-2,z,-4065.35,,mm,false
9,SSAT target,fiducial,Fiducial,Fiducial,TFC09_SP11-2,TFC09_SP11-2,x,7302.96,,mm,false
9,SSAT target,fiducial,Fiducial,Fiducial,TFC09_SP11-2,TFC09_SP11-2,y,-543.97,,mm,false
9,SSAT target,fiducial,Fiducial,Fiducial,TFC09_SP11-2,TFC09_SP11-2,z,-5507.57,,mm,false
9,SSAT target,fiducial,Fiducial,Fiducial,TFC09_TFC_38,TFC09_TFC_38,x,9088.75,,mm,false
9,SSAT target,fiducial,Fiducial,Fiducial,TFC09_TFC_38,TFC09_TFC_38,y,-52.2,,mm,false
9,SSAT target,fiducial,Fiducial,Fiducial,TFC09_TFC_38,TFC09_TFC_38,z,5872.18,,mm,false
8,SSAT AR,fiducial,CCL,CCL,A,A,x,2713.14,,mm,true
8,SSAT AR,fiducial,CCL,CCL,A,A,y,-0.07,,mm,true
8,SSAT AR,fiducial,CCL,CCL,A,A,z,-3700.59,,mm,true
8,SSAT AR,fiducial,CCL,CCL,B,B,x,2713.17,,mm,true
8,SSAT AR,fiducial,CCL,CCL,B,B,y,-0.17,,mm,true
8,SSAT AR,fiducial,CCL,CCL,B,B,z,3699.14,,mm,true
8,SSAT AR,fiducial,CCL,CCL,C,C,x,5334.26,,mm,true
8,SSAT AR,fiducial,CCL,CCL,C,C,y,1.94,,mm,true
8,SSAT AR,fiducial,CCL,CCL,C,C,z,6296.47,,mm,true
8,SSAT AR,fiducial,CCL,CCL,D,D,x,8978.78,,mm,true
8,SSAT AR,fiducial,CCL,CCL,D,D,y,0.91,,mm,true
8,SSAT AR,fiducial,CCL,CCL,D,D,z,4436.96,,mm,true
8,SSAT AR,fiducial,CCL,CCL,E,E,x,9585.55,,mm,true
8,SSAT AR,fiducial,CCL,CCL,E,E,y,-0.81,,mm,true
8,SSAT AR,fiducial,CCL,CCL,E,E,z,-3694.13,,mm,true
8,SSAT AR,fiducial,CCL,CCL,F,F',x,3398.35,,mm,true
8,SSAT AR,fiducial,CCL,CCL,F,F',y,-0.31,,mm,true
8,SSAT AR,fiducial,CCL,CCL,F,F',z,-5597.86,,mm,true
8,SSAT AR,fiducial,CCL,CCL,G,G,x,10731.07,,mm,true
8,SSAT AR,fiducial,CCL,CCL,G,G,y,0.74,,mm,true
8,SSAT AR,fiducial,CCL,CCL,G,G,z,-0.09,,mm,true
8,SSAT AR,fiducial,CCL,CCL,H,H,x,2714.2,,mm,true
8,SSAT AR,fiducial,CCL,CCL,H,H,y,1.03,,mm,true
8,SSAT AR,fiducial,CCL,CCL,H,H,z,-2.23,,mm,true
8,SSAT AR,fiducial,Fiducial,Fiducial,TFC08_A1-AU,TFC08_A1-AU,x,2139.67,,mm,false
8,SSAT AR,fiducial,Fiducial,Fiducial,TFC08_A1-AU,TFC08_A1-AU,y,-1.54,,mm,false
8,SSAT AR,fiducial,Fiducial,Fiducial,TFC08_A1-AU,TFC08_A1-AU,z,-3699.1,,mm,false
8,SSAT AR,fiducial,Fiducial,Fiducial,TFC08_A4-AU,TFC08_A4-AU,x,2702.63,,mm,false
8,SSAT AR,fiducial,Fiducial,Fiducial,TFC08_A4-AU,TFC08_A4-AU,y,-512.81,,mm,false
8,SSAT AR,fiducial,Fiducial,Fiducial,TFC08_A4-AU,TFC08_A4-AU,z,-3699.11,,mm,false
8,SSAT AR,fiducial,Fiducial,Fiducial,TFC08_B1-AU,TFC08_B1-AU,x,2139.65,,mm,false
8,SSAT AR,fiducial,Fiducial,Fiducial,TFC08_B1-AU,TFC08_B1-AU,y,-0.79,,mm,false
8,SSAT AR,fiducial,Fiducial,Fiducial,TFC08_B1-AU,TFC08_B1-AU,z,3701.37,,mm,false
8,SSAT AR,fiducial,Fiducial,Fiducial,TFC08_B4-AU,TFC08_B4-AU,x,2702.02,,mm,false
8,SSAT AR,fiducial,Fiducial,Fiducial,TFC08_B4-AU,TFC08_B4-AU,y,-512.84,,mm,false
8,SSAT AR,fiducial,Fiducial,Fiducial,TFC08_B4-AU,TFC08_B4-AU,z,3700.69,,mm,false
8,SSAT AR,fiducial,Fiducial,Fiducial,TFC08_H1-AU,TFC08_H1-AU,x,2139.56,,mm,false
8,SSAT AR,fiducial,Fiducial,Fiducial,TFC08_H1-AU,TFC08_H1-AU,y,-0.69,,mm,false
8,SSAT AR,fiducial,Fiducial,Fiducial,TFC08_H1-AU,TFC08_H1-AU,z,1.64,,mm,false
8,SSAT AR,fiducial,Fiducial,Fiducial,TFC08_H4-AU,TFC08_H4-AU,x,2700.45,,mm,false
8,SSAT AR,fiducial,Fiducial,Fiducial,TFC08_H4-AU,TFC08_H4-AU,y,-519.15,,mm,false
8,SSAT AR,fiducial,Fiducial,Fiducial,TFC08_H4-AU,TFC08_H4-AU,z,1.26,,mm,false
8,SSAT AR,fiducial,Fiducial,Fiducial,TFC08_P10-OIS,TFC08_P10-OIS,x,5989.42,,mm,false
8,SSAT AR,fiducial,Fiducial,Fiducial,TFC08_P10-OIS,TFC08_P10-OIS,y,-1094.55,,mm,false
8,SSAT AR,fiducial,Fiducial,Fiducial,TFC08_P10-OIS,TFC08_P10-OIS,z,-6116.09,,mm,false
8,SSAT AR,fiducial,Fiducial,Fiducial,TFC08_P18-IOIS,TFC08_P18-IOIS,x,10094.53,,mm,false
8,SSAT AR,fiducial,Fiducial,Fiducial,TFC08_P18-IOIS,TFC08_P18-IOIS,y,-1816.35,,mm,false
8,SSAT AR,fiducial,Fiducial,Fiducial,TFC08_P18-IOIS,TFC08_P18-IOIS,z,2376.93,,mm,false
8,SSAT AR,fiducial,Fiducial,Fiducial,TFC08_P20-IOIS,TFC08_P20-IOIS,x,10479.57,,mm,false
8,SSAT AR,fiducial,Fiducial,Fiducial,TFC08_P20-IOIS,TFC08_P20-IOIS,y,-1883.9,,mm,false
8,SSAT AR,fiducial,Fiducial,Fiducial,TFC08_P20-IOIS,TFC08_P20-IOIS,z,-1245.15,,mm,false
8,SSAT AR,fiducial,Fiducial,Fiducial,TFC08_P8-OIS,TFC08_P8-OIS,x,7540.37,,mm,false
8,SSAT AR,fiducial,Fiducial,Fiducial,TFC08_P8-OIS,TFC08_P8-OIS,y,-1368.82,,mm,false
8,SSAT AR,fiducial,Fiducial,Fiducial,TFC08_P8-OIS,TFC08_P8-OIS,z,6355.14,,mm,false
8,SSAT AR,fiducial,Fiducial,Fiducial,TFC08_UnknownFid.2,TFC08_UnknownFid.2,x,9292.1,,mm,false
8,SSAT AR,fiducial,Fiducial,Fiducial,TFC08_UnknownFid.2,TFC08_UnknownFid.2,y,-1674.62,,mm,false
8,SSAT AR,fiducial,Fiducial,Fiducial,TFC08_UnknownFid.2,TFC08_UnknownFid.2,z,3880.44,,mm,false
8,SSAT AR,fiducial,Fiducial,Fiducial,TFC08_UnknownFid.3,TFC08_UnknownFid.3,x,9863.0,,mm,false
8,SSAT AR,fiducial,Fiducial,Fiducial,TFC08_UnknownFid.3,TFC08_UnknownFid.3,y,-1774.73,,mm,false
8,SSAT AR,fiducial,Fiducial,Fiducial,TFC08_UnknownFid.3,TFC08_UnknownFid.3,z,-2997.02,,mm,false
9,SSAT AR,fiducial,CCL,CCL,A,A,x,2711.96,,mm,true
9,SSAT AR,fiducial,CCL,CCL,A,A,y,-0.2,,mm,true
9,SSAT AR,fiducial,CCL,CCL,A,A,z,-3700.68,,mm,true
9,SSAT AR,fiducial,CCL,CCL,B,B,x,2712.01,,mm,true
9,SSAT AR,fiducial,CCL,CCL,B,B,y,-0.23,,mm,true
9,SSAT AR,fiducial,CCL,CCL,B,B,z,3699.61,,mm,true
9,SSAT AR,fiducial,CCL,CCL,C,C,x,5332.84,,mm,true
9,SSAT AR,fiducial,CCL,CCL,C,C,y,-0.61,,mm,true
9,SSAT AR,fiducial,CCL,CCL,C,C,z,6297.27,,mm,true
9,SSAT AR,fiducial,CCL,CCL,D,D,x,8977.57,,mm,true
9,SSAT AR,fiducial,CCL,CCL,D,D,y,-0.9,,mm,true
9,SSAT AR,fiducial,CCL,CCL,D,D,z,4436.13,,mm,true
9,SSAT AR,fiducial,CCL,CCL,E,E,x,9584.01,,mm,true
9,SSAT AR,fiducial,CCL,CCL,E,E,y,-0.28,,mm,true
9,SSAT AR,fiducial,CCL,CCL,E,E,z,-3695.23,,mm,true
9,SSAT AR,fiducial,CCL,CCL,F,F',x,3398.69,,mm,true
9,SSAT AR,fiducial,CCL,CCL,F,F',y,1.57,,mm,true
9,SSAT AR,fiducial,CCL,CCL,F,F',z,-5598.92,,mm,true
9,SSAT AR,fiducial,CCL,CCL,G,G,x,10729.08,,mm,true
9,SSAT AR,fiducial,CCL,CCL,G,G,y,0.31,,mm,true
9,SSAT AR,fiducial,CCL,CCL,G,G,z,-1.23,,mm,true
9,SSAT AR,fiducial,CCL,CCL,H,H,x,2712.88,,mm,true
9,SSAT AR,fiducial,CCL,CCL,H,H,y,-1.14,,mm,true
9,SSAT AR,fiducial,CCL,CCL,H,H,z,-0.26,,mm,true
9,SSAT AR,fiducial,Fiducial,Fiducial,TFC09_A1-AU,TFC09_A1-AU,x,2138.41,,mm,false
9,SSAT AR,fiducial,Fiducial,Fiducial,TFC09_A1-AU,TFC09_A1-AU,y,1.71,,mm,false
9,SSAT AR,fiducial,Fiducial,Fiducial,TFC09_A1-AU,TFC09_A1-AU,z,-3700.43,,mm,false
9,SSAT AR,fiducial,Fiducial,Fiducial,TFC09_A2-AU,TFC09_A2-AU,x,2700.86,,mm,false
9,SSAT AR,fiducial,Fiducial,Fiducial,TFC09_A2-AU,TFC09_A2-AU,y,518.58,,mm,false
9,SSAT AR,fiducial,Fiducial,Fiducial,TFC09_A2-AU,TFC09_A2-AU,z,-3701.4,,mm,false
9,SSAT AR,fiducial,Fiducial,Fiducial,TFC09_B1-AU,TFC09_B1-AU,x,2138.58,,mm,false
9,SSAT AR,fiducial,Fiducial,Fiducial,TFC09_B1-AU,TFC09_B1-AU,y,-0.02,,mm,false
9,SSAT AR,fiducial,Fiducial,Fiducial,TFC09_B1-AU,TFC09_B1-AU,z,3699.21,,mm,false
9,SSAT AR,fiducial,Fiducial,Fiducial,TFC09_B2-AU,TFC09_B2-AU,x,2699.21,,mm,false
9,SSAT AR,fiducial,Fiducial,Fiducial,TFC09_B2-AU,TFC09_B2-AU,y,518.34,,mm,false
9,SSAT AR,fiducial,Fiducial,Fiducial,TFC09_B2-AU,TFC09_B2-AU,z,3700.48,,mm,false
9,SSAT AR,fiducial,Fiducial,Fiducial,TFC09_D2-BU,TFC09_D2-BU,x,8777.23,,mm,false
9,SSAT AR,fiducial,Fiducial,Fiducial,TFC09_D2-BU,TFC09_D2-BU,y,564.4,,mm,false
9,SSAT AR,fiducial,Fiducial,Fiducial,TFC09_D2-BU,TFC09_D2-BU,z,4632.98,,mm,false
9,SSAT AR,fiducial,Fiducial,Fiducial,TFC09_E1-BU,TFC09_E1-BU,x,9481.33,,mm,false
9,SSAT AR,fiducial,Fiducial,Fiducial,TFC09_E1-BU,TFC09_E1-BU,y,-0.23,,mm,false
9,SSAT AR,fiducial,Fiducial,Fiducial,TFC09_E1-BU,TFC09_E1-BU,z,-4643.05,,mm,false
9,SSAT AR,fiducial,Fiducial,Fiducial,TFC09_E2-BU,TFC09_E2-BU,x,9098.32,,mm,false
9,SSAT AR,fiducial,Fiducial,Fiducial,TFC09_E2-BU,TFC09_E2-BU,y,562.68,,mm,false
9,SSAT AR,fiducial,Fiducial,Fiducial,TFC09_E2-BU,TFC09_E2-BU,z,-4313.19,,mm,false
9,SSAT AR,fiducial,Fiducial,Fiducial,TFC09_F-CP-2,TFC09_F-CP-2,x,5554.58,,mm,false
9,SSAT AR,fiducial,Fiducial,Fiducial,TFC09_F-CP-2,TFC09_F-CP-2,y,571.24,,mm,false
9,SSAT AR,fiducial,Fiducial,Fiducial,TFC09_F-CP-2,TFC09_F-CP-2,z,-6690.28,,mm,false
9,SSAT AR,fiducial,Fiducial,Fiducial,TFC09_G1-BU,TFC09_G1-BU,x,11229.04,,mm,false
9,SSAT AR,fiducial,Fiducial,Fiducial,TFC09_G1-BU,TFC09_G1-BU,y,-1.67,,mm,false
9,SSAT AR,fiducial,Fiducial,Fiducial,TFC09_G1-BU,TFC09_G1-BU,z,-0.69,,mm,false
9,SSAT AR,fiducial,Fiducial,Fiducial,TFC09_G2-BU,TFC09_G2-BU,x,10724.42,,mm,false
9,SSAT AR,fiducial,Fiducial,Fiducial,TFC09_G2-BU,TFC09_G2-BU,y,562.96,,mm,false
9,SSAT AR,fiducial,Fiducial,Fiducial,TFC09_G2-BU,TFC09_G2-BU,z,-0.85,,mm,false
9,SSAT AR,fiducial,Fiducial,Fiducial,TFC09_H1-AU,TFC09_H1-AU,x,2138.61,,mm,false
9,SSAT AR,fiducial,Fiducial,Fiducial,TFC09_H1-AU,TFC09_H1-AU,y,-0.09,,mm,false
9,SSAT AR,fiducial,Fiducial,Fiducial,TFC09_H1-AU,TFC09_H1-AU,z,-0.62,,mm,false
9,SSAT AR,fiducial,Fiducial,Fiducial,TFC09_H2-AU,TFC09_H2-AU,x,2698.63,,mm,false
9,SSAT AR,fiducial,Fiducial,Fiducial,TFC09_H2-AU,TFC09_H2-AU,y,519.18,,mm,false
9,SSAT AR,fiducial,Fiducial,Fiducial,TFC09_H2-AU,TFC09_H2-AU,z,0.17,,mm,false
9,SSAT AR,fiducial,Fiducial,Fiducial,TFC09_Leg 13,TFC09_Leg 13,x,10971.68,,mm,false
9,SSAT AR,fiducial,Fiducial,Fiducial,TFC09_Leg 13,TFC09_Leg 13,y,828.68,,mm,false
9,SSAT AR,fiducial,Fiducial,Fiducial,TFC09_Leg 13,TFC09_Leg 13,z,-4650.23,,mm,false
9,SSAT AR,fiducial,Fiducial,Fiducial,TFC09_P1-OIS,TFC09_P1-OIS,x,5983.6,,mm,false
9,SSAT AR,fiducial,Fiducial,Fiducial,TFC09_P1-OIS,TFC09_P1-OIS,y,1094.86,,mm,false
9,SSAT AR,fiducial,Fiducial,Fiducial,TFC09_P1-OIS,TFC09_P1-OIS,z,6587.19,,mm,false
9,SSAT AR,fiducial,Fiducial,Fiducial,TFC09_P13-IOIS,TFC09_P13-IOIS,x,9289.5,,mm,false
9,SSAT AR,fiducial,Fiducial,Fiducial,TFC09_P13-IOIS,TFC09_P13-IOIS,y,1673.53,,mm,false
9,SSAT AR,fiducial,Fiducial,Fiducial,TFC09_P13-IOIS,TFC09_P13-IOIS,z,3881.81,,mm,false
9,SSAT AR,fiducial,Fiducial,Fiducial,TFC09_P14-IOIS,TFC09_P14-IOIS,x,10092.46,,mm,false
9,SSAT AR,fiducial,Fiducial,Fiducial,TFC09_P14-IOIS,TFC09_P14-IOIS,y,1814.48,,mm,false
9,SSAT AR,fiducial,Fiducial,Fiducial,TFC09_P14-IOIS,TFC09_P14-IOIS,z,2375.34,,mm,false
9,SSAT AR,fiducial,Fiducial,Fiducial,TFC09_P16-IOIS,TFC09_P16-IOIS,x,9861.36,,mm,false
9,SSAT AR,fiducial,Fiducial,Fiducial,TFC09_P16-IOIS,TFC09_P16-IOIS,y,1772.77,,mm,false
9,SSAT AR,fiducial,Fiducial,Fiducial,TFC09_P16-IOIS,TFC09_P16-IOIS,z,-2997.72,,mm,false
9,SSAT AR,fiducial,Fiducial,Fiducial,TFC09_P6-OIS,TFC09_P6-OIS,x,5986.13,,mm,false
9,SSAT AR,fiducial,Fiducial,Fiducial,TFC09_P6-OIS,TFC09_P6-OIS,y,1091.61,,mm,false
9,SSAT AR,fiducial,Fiducial,Fiducial,TFC09_P6-OIS,TFC09_P6-OIS,z,-6591.88,,mm,false
8,SSAT AR target,transform,,,,,dx,-0.2889189704231173,,mm,false
8,SSAT AR target,transform,,,,,dy,-0.4143791508189915,,mm,false
8,SSAT AR target,transform,,,,,dz,-0.2394647167835509,,mm,false
8,SSAT AR target,transform,,,,,rx,0.006773522470752693,,deg,false
8,SSAT AR target,transform,,,,,ry,-0.001092042138795674,,deg,false
8,SSAT AR target,transform,,,,,rz,0.0007071808150943532,,deg,false
8,SSAT AR target,fiducial,CCL,CCL,A,A,x,2712.921623122371,0.7252855568895894,mm,false
8,SSAT AR target,fiducial,CCL,CCL,A,A,y,-0.01338847935601423,0.7252855568895894,mm,false
8,SSAT AR target,fiducial,CCL,CCL,A,A,z,-3700.777785276799,0.7252855568895894,mm,false
8,SSAT AR target,fiducial,CCL,CCL,B,B,x,2712.810587494158,0.8305002136461282,mm,false
8,SSAT AR target,fiducial,CCL,CCL,B,B,y,-0.9881861779051166,0.8305002136461282,mm,false
8,SSAT AR target,fiducial,CCL,CCL,B,B,z,3698.952150419541,0.8305002136461282,mm,false
8,SSAT AR target,fiducial,CCL,CCL,C,C,x,5333.851056364631,0.891783025353644,mm,false
8,SSAT AR target,fiducial,CCL,CCL,C,C,y,0.8471020038839073,0.891783025353644,mm,false
8,SSAT AR target,fiducial,CCL,CCL,C,C,z,6296.332342336108,0.891783025353644,mm,false
8,SSAT AR target,fiducial,CCL,CCL,D,D,x,8978.40650989815,0.8619740724362945,mm,false
8,SSAT AR target,fiducial,CCL,CCL,D,D,y,0.08190854595189367,0.8619740724362945,mm,false
8,SSAT AR target,fiducial,CCL,CCL,D,D,z,4436.891702789351,0.8619740724362945,mm,false
8,SSAT AR target,fiducial,CCL,CCL,E,E,x,9585.331507358303,0.8843062039669096,mm,false
8,SSAT AR target,fiducial,CCL,CCL,E,E,y,-0.6693440241061297,0.8843062039669096,mm,false
8,SSAT AR target,fiducial,CCL,CCL,E,E,z,-3694.186876493816,0.8843062039669096,mm,false
8,SSAT AR target,fiducial,CCL,CCL,F,F',x,3398.16778736358,0.8385746495533494,mm,false
8,SSAT AR target,fiducial,CCL,CCL,F,F',y,-0.02063695633723306,0.8385746495533494,mm,false
8,SSAT AR target,fiducial,CCL,CCL,F,F',z,-5598.034739128905,0.8385746495533494,mm,false
8,SSAT AR target,fiducial,CCL,CCL,G,G,x,10730.78108052359,0.8541615160514257,mm,false
8,SSAT AR target,fiducial,CCL,CCL,G,G,y,0.4580817157146975,0.8541615160514257,mm,false
8,SSAT AR target,fiducial,CCL,CCL,G,G,z,-0.1248847634865933,0.8541615160514257,mm,false
8,SSAT AR target,fiducial,CCL,CCL,H,H,x,2713.911119798862,0.7724073127934272,mm,false
8,SSAT AR target,fiducial,CCL,CCL,H,H,y,0.6494034804475703,0.7724073127934272,mm,false
8,SSAT AR target,fiducial,CCL,CCL,H,H,z,-2.41766154585693,0.7724073127934272,mm,false
9,SSAT AR target,transform,,,,,dx,0.7636273461542747,,mm,false
9,SSAT AR target,transform,,,,,dy,0.1616734000111845,,mm,false
9,SSAT AR target,transform,,,,,dz,0.3520842004410306,,mm,false
9,SSAT AR target,transform,,,,,rx,-0.005961854639398445,,deg,false
9,SSAT AR target,transform,,,,,ry,0.0002406703433159736,,deg,false
9,SSAT AR target,transform,,,,,rz,-5.959169693433059e-05,,deg,false
9,SSAT AR target,fiducial,CCL,CCL,A,A,x,2712.708084090845,0.6271758347566578,mm,false
9,SSAT AR target,fiducial,CCL,CCL,A,A,y,-0.4261831057630576,0.6271758347566578,mm,false
9,SSAT AR target,fiducial,CCL,CCL,A,A,z,-3700.339286221284,0.6271758347566578,mm,false
9,SSAT AR target,fiducial,CCL,CCL,B,B,x,2712.789168903065,0.774402855014476,mm,false
9,SSAT AR target,fiducial,CCL,CCL,B,B,y,0.3138465647083061,0.774402855014476,mm,false
9,SSAT AR target,fiducial,CCL,CCL,B,B,z,3699.950676562697,0.774402855014476,mm,false
9,SSAT AR target,fiducial,CCL,CCL,C,C,x,5333.630079927899,0.7205164698497353,mm,false
9,SSAT AR target,fiducial,CCL,CCL,C,C,y,0.2014164660822504,0.7205164698497353,mm,false
9,SSAT AR target,fiducial,CCL,CCL,C,C,z,6297.599693531306,0.7205164698497353,mm,false
9,SSAT AR target,fiducial,CCL,CCL,D,D,x,8978.352261892374,0.7728581058048587,mm,false
9,SSAT AR target,fiducial,CCL,CCL,D,D,y,-0.28603495264248,0.7728581058048587,mm,false
9,SSAT AR target,fiducial,CCL,CCL,D,D,z,4436.444424541848,0.7728581058048587,mm,false
9,SSAT AR target,fiducial,CCL,CCL,E,E,x,9584.758106835967,0.778128586531974,mm,false
9,SSAT AR target,fiducial,CCL,CCL,E,E,y,-0.5127664367539266,0.778128586531974,mm,false
9,SSAT AR target,fiducial,CCL,CCL,E,E,z,-3694.918143159279,0.778128586531974,mm,false
9,SSAT AR target,fiducial,CCL,CCL,F,F',x,3399.430112387388,0.6808564433432427,mm,false
9,SSAT AR target,fiducial,CCL,CCL,F,F',y,1.145582885045395,0.6808564433432427,mm,false
9,SSAT AR target,fiducial,CCL,CCL,F,F',z,-5598.582344631864,0.6808564433432427,mm,false
9,SSAT AR target,fiducial,CCL,CCL,G,G,x,10729.84362404859,0.8074963599164406,mm,false
9,SSAT AR target,fiducial,CCL,CCL,G,G,y,0.460417554490504,0.8074963599164406,mm,false
9,SSAT AR target,fiducial,CCL,CCL,G,G,z,-0.9230343126499361,0.8074963599164406,mm,false
9,SSAT AR target,fiducial,CCL,CCL,H,H,x,2713.643626690015,0.7644983419970751,mm,false
9,SSAT AR target,fiducial,CCL,CCL,H,H,y,-0.9811405819262705,0.7644983419970751,mm,false
9,SSAT AR target,fiducial,CCL,CCL,H,H,z,0.08078765982054746,0.7644983419970751,mm,false
