coil,phase,record_kind,point_group,point_group_raw,feature,feature_raw,axis,value,uncertainty,units,is_formula
14,Nominal,fiducial,CCL,CCL,A,A,x,2713.7,,mm,false
14,Nominal,fiducial,CCL,CCL,A,A,y,0.0,,mm,false
14,Nominal,fiducial,CCL,CCL,A,A,z,-3700.0,,mm,false
14,Nominal,fiducial,CCL,CCL,B,B,x,2713.7,,mm,false
14,Nominal,fiducial,CCL,CCL,B,B,y,0.0,,mm,false
14,Nominal,fiducial,CCL,CCL,B,B,z,3700.0,,mm,false
14,Nominal,fiducial,CCL,CCL,C,C,x,5334.4,,mm,false
14,Nominal,fiducial,CCL,CCL,C,C,y,0.0,,mm,false
14,Nominal,fiducial,CCL,CCL,C,C,z,6296.4,,mm,false
14,Nominal,fiducial,CCL,CCL,D,D,x,8980.4,,mm,false
14,Nominal,fiducial,CCL,CCL,D,D,y,0.0,,mm,false
14,Nominal,fiducial,CCL,CCL,D,D,z,4437.0,,mm,false
14,Nominal,fiducial,CCL,CCL,E,E,x,9587.6,,mm,false
14,Nominal,fiducial,CCL,CCL,E,E,y,0.0,,mm,false
14,Nominal,fiducial,CCL,CCL,E,E,z,-3695.0,,mm,false
14,Nominal,fiducial,CCL,CCL,F,F',x,4284.5,,mm,false
14,Nominal,fiducial,CCL,CCL,F,F',y,0.0,,mm,false
14,Nominal,fiducial,CCL,CCL,F,F',z,-6133.3,,mm,false
14,Nominal,fiducial,CCL,CCL,G,G,x,10733.0,,mm,false
14,Nominal,fiducial,CCL,CCL,G,G,y,0.0,,mm,false
14,Nominal,fiducial,CCL,CCL,G,G,z,0.0,,mm,false
14,Nominal,fiducial,CCL,CCL,H,H,x,2713.7,,mm,false
14,Nominal,fiducial,CCL,CCL,H,H,y,0.0,,mm,false
14,Nominal,fiducial,CCL,CCL,H,H,z,0.0,,mm,false
15,Nominal,fiducial,CCL,CCL,A,A,x,2713.7,,mm,false
15,Nominal,fiducial,CCL,CCL,A,A,y,0.0,,mm,false
15,Nominal,fiducial,CCL,CCL,A,A,z,-3700.0,,mm,false
15,Nominal,fiducial,CCL,CCL,B,B,x,2713.7,,mm,false
15,Nominal,fiducial,CCL,CCL,B,B,y,0.0,,mm,false
15,Nominal,fiducial,CCL,CCL,B,B,z,3700.0,,mm,false
15,Nominal,fiducial,CCL,CCL,C,C,x,5334.4,,mm,false
15,Nominal,fiducial,CCL,CCL,C,C,y,0.0,,mm,false
15,Nominal,fiducial,CCL,CCL,C,C,z,6296.4,,mm,false
15,Nominal,fiducial,CCL,CCL,D,D,x,8980.4,,mm,false
15,Nominal,fiducial,CCL,CCL,D,D,y,0.0,,mm,false
15,Nominal,fiducial,CCL,CCL,D,D,z,4437.0,,mm,false
15,Nominal,fiducial,CCL,CCL,E,E,x,9587.6,,mm,false
15,Nominal,fiducial,CCL,CCL,E,E,y,0.0,,mm,false
15,Nominal,fiducial,CCL,CCL,E,E,z,-3695.0,,mm,false
15,Nominal,fiducial,CCL,CCL,F,F',x,3399.7,,mm,false
15,Nominal,fiducial,CCL,CCL,F,F',y,0.0,,mm,false
15,Nominal,fiducial,CCL,CCL,F,F',z,-5598.0,,mm,false
15,Nominal,fiducial,CCL,CCL,G,G,x,10733.0,,mm,false
15,Nominal,fiducial,CCL,CCL,G,G,y,0.0,,mm,false
15,Nominal,fiducial,CCL,CCL,G,G,z,0.0,,mm,false
15,Nominal,fiducial,CCL,CCL,H,H,x,2713.7,,mm,false
15,Nominal,fiducial,CCL,CCL,H,H,y,0.0,,mm,false
15,Nominal,fiducial,CCL,CCL,H,H,z,0.0,,mm,false
14,FAT supplier,fiducial,CCL,CCL,A,A,x,2713.11,0.32,mm,false
14,FAT supplier,fiducial,CCL,CCL,A,A,y,0.75,0.34,mm,false
14,FAT supplier,fiducial,CCL,CCL,A,A,z,-3699.98,0.04,mm,false
14,FAT supplier,fiducial,CCL,CCL,B,B,x,2712.48,0.22,mm,false
14,FAT supplier,fiducial,CCL,CCL,B,B,y,0.9,0.27,mm,false
14,FAT supplier,fiducial,CCL,CCL,B,B,z,3700.12,0.02,mm,false
14,FAT supplier,fiducial,CCL,CCL,C,C,x,5333.5,0.07,mm,false
14,FAT supplier,fiducial,CCL,CCL,C,C,y,0.27,0.25,mm,false
14,FAT supplier,fiducial,CCL,CCL,C,C,z,6297.74,0.18,mm,false
14,FAT supplier,fiducial,CCL,CCL,D,D,x,8977.3,0.67,mm,false
14,FAT supplier,fiducial,CCL,CCL,D,D,y,-0.3,0.63,mm,false
14,FAT supplier,fiducial,CCL,CCL,D,D,z,4436.5,0.16,mm,false
14,FAT supplier,fiducial,CCL,CCL,E,E,x,9585.27,0.43,mm,false
14,FAT supplier,fiducial,CCL,CCL,E,E,y,0.53,0.43,mm,false
14,FAT supplier,fiducial,CCL,CCL,E,E,z,-3694.47,0.12,mm,false
14,FAT supplier,fiducial,CCL,CCL,F,F',x,4284.45,0.23,mm,false
14,FAT supplier,fiducial,CCL,CCL,F,F',y,1.81,0.32,mm,false
14,FAT supplier,fiducial,CCL,CCL,F,F',z,-6134.49,0.17,mm,false
14,FAT supplier,fiducial,CCL,CCL,G,G,x,10728.88,0.22,mm,false
14,FAT supplier,fiducial,CCL,CCL,G,G,y,-0.79,0.28,mm,false
14,FAT supplier,fiducial,CCL,CCL,G,G,z,0.11,0.02,mm,false
14,FAT supplier,fiducial,CCL,CCL,H,H,x,2713.69,0.19,mm,false
14,FAT supplier,fiducial,CCL,CCL,H,H,y,-0.64,0.25,mm,false
14,FAT supplier,fiducial,CCL,CCL,H,H,z,0.03,0.01,mm,false
14,FAT supplier,fiducial,Fiducial,Fiducial,D3-BP,D3-BP,x,8452.58,0.03,mm,false
14,FAT supplier,fiducial,Fiducial,Fiducial,D3-BP,D3-BP,y,-1.76,0.03,mm,false
14,FAT supplier,fiducial,Fiducial,Fiducial,D3-BP,D3-BP,z,4328.91,0.03,mm,false
14,FAT supplier,fiducial,Fiducial,Fiducial,E3-BP,E3-BP,x,8743.6,0.09,mm,false
14,FAT supplier,fiducial,Fiducial,Fiducial,E3-BP,E3-BP,y,-0.44,0.09,mm,false
14,FAT supplier,fiducial,Fiducial,Fiducial,E3-BP,E3-BP,z,-3966.57,0.09,mm,false
14,FAT supplier,fiducial,Fiducial,Fiducial,G1-BU,G1-BU,x,11236.8,0.06,mm,false
14,FAT supplier,fiducial,Fiducial,Fiducial,G1-BU,G1-BU,y,-1.94,0.06,mm,false
14,FAT supplier,fiducial,Fiducial,Fiducial,G1-BU,G1-BU,z,28.74,0.06,mm,false
14,FAT supplier,fiducial,Fiducial,Fiducial,H1-AU,H1-AU,x,2144.7,0.06,mm,false
14,FAT supplier,fiducial,Fiducial,Fiducial,H1-AU,H1-AU,y,0.77,0.06,mm,false
14,FAT supplier,fiducial,Fiducial,Fiducial,H1-AU,H1-AU,z,28.66,0.06,mm,false
14,FAT supplier,fiducial,Fiducial,Fiducial,P1-AT,P1-AT,x,2512.13,0.16,mm,false
14,FAT supplier,fiducial,Fiducial,Fiducial,P1-AT,P1-AT,y,0.46,0.16,mm,false
14,FAT supplier,fiducial,Fiducial,Fiducial,P1-AT,P1-AT,z,5923.79,0.16,mm,false
14,FAT supplier,fiducial,Fiducial,Fiducial,P1-CS,P1-CS,x,2826.5,0.13,mm,false
14,FAT supplier,fiducial,Fiducial,Fiducial,P1-CS,P1-CS,y,2.45,0.13,mm,false
14,FAT supplier,fiducial,Fiducial,Fiducial,P1-CS,P1-CS,z,-7599.71,0.13,mm,false
14,FAT supplier,fiducial,Fiducial,Fiducial,P1_GS,P1_GS,x,10949.39,0.04,mm,false
14,FAT supplier,fiducial,Fiducial,Fiducial,P1_GS,P1_GS,y,398.82,0.04,mm,false
14,FAT supplier,fiducial,Fiducial,Fiducial,P1_GS,P1_GS,z,-4656.65,0.04,mm,false
14,FAT supplier,fiducial,Fiducial,Fiducial,P1-PF2,P1-PF2,x,7719.16,0.12,mm,false
14,FAT supplier,fiducial,Fiducial,Fiducial,P1-PF2,P1-PF2,y,-1.23,0.12,mm,false
14,FAT supplier,fiducial,Fiducial,Fiducial,P1-PF2,P1-PF2,z,7034.15,0.12,mm,false
14,FAT supplier,fiducial,Fiducial,Fiducial,P1-PF5,P1-PF5,x,7748.17,0.05,mm,false
14,FAT supplier,fiducial,Fiducial,Fiducial,P1-PF5,P1-PF5,y,0.49,0.05,mm,false
14,FAT supplier,fiducial,Fiducial,Fiducial,P1-PF5,P1-PF5,z,-7372.88,0.05,mm,false
14,FAT supplier,fiducial,Fiducial,Fiducial,P1-PF6,P1-PF6,x,3129.82,0.04,mm,false
14,FAT supplier,fiducial,Fiducial,Fiducial,P1-PF6,P1-PF6,y,3.19,0.04,mm,false
14,FAT supplier,fiducial,Fiducial,Fiducial,P1-PF6,P1-PF6,z,-8257.78,0.04,mm,false
14,FAT supplier,fiducial,Fiducial,Fiducial,P1-TCC,P1-TCC,x,5785.0,0.05,mm,false
14,FAT supplier,fiducial,Fiducial,Fiducial,P1-TCC,P1-TCC,y,224.94,0.05,mm,false
14,FAT supplier,fiducial,Fiducial,Fiducial,P1-TCC,P1-TCC,z,6963.98,0.05,mm,false
14,FAT supplier,fiducial,Fiducial,Fiducial,P10-IOIS,P10-IOIS,x,10659.87,0.21,mm,false
14,FAT supplier,fiducial,Fiducial,Fiducial,P10-IOIS,P10-IOIS,y,-1430.64,0.21,mm,false
14,FAT supplier,fiducial,Fiducial,Fiducial,P10-IOIS,P10-IOIS,z,-1248.38,0.21,mm,false
14,FAT supplier,fiducial,Fiducial,Fiducial,P10-OIS,P10-OIS,x,5990.04,0.21,mm,false
14,FAT supplier,fiducial,Fiducial,Fiducial,P10-OIS,P10-OIS,y,-1089.7,0.21,mm,false
14,FAT supplier,fiducial,Fiducial,Fiducial,P10-OIS,P10-OIS,z,-6089.24,0.21,mm,false
14,FAT supplier,fiducial,Fiducial,Fiducial,P11-SCC,P11-SCC,x,11191.35,0.4,mm,false
14,FAT supplier,fiducial,Fiducial,Fiducial,P11-SCC,P11-SCC,y,373.65,0.4,mm,false
14,FAT supplier,fiducial,Fiducial,Fiducial,P11-SCC,P11-SCC,z,-2320.29,0.4,mm,false
14,FAT supplier,fiducial,Fiducial,Fiducial,P12-IOIS,P12-IOIS,x,10042.84,0.07,mm,false
14,FAT supplier,fiducial,Fiducial,Fiducial,P12-IOIS,P12-IOIS,y,-1321.94,0.07,mm,false
14,FAT supplier,fiducial,Fiducial,Fiducial,P12-IOIS,P12-IOIS,z,-2999.55,0.07,mm,false
14,FAT supplier,fiducial,Fiducial,Fiducial,P12-SCC,P12-SCC,x,10641.05,0.23,mm,false
14,FAT supplier,fiducial,Fiducial,Fiducial,P12-SCC,P12-SCC,y,707.42,0.23,mm,false
14,FAT supplier,fiducial,Fiducial,Fiducial,P12-SCC,P12-SCC,z,-2927.64,0.23,mm,false
14,FAT supplier,fiducial,Fiducial,Fiducial,P15-IIS,P15-IIS,x,3776.14,0.19,mm,false
14,FAT supplier,fiducial,Fiducial,Fiducial,P15-IIS,P15-IIS,y,-709.57,0.19,mm,false
14,FAT supplier,fiducial,Fiducial,Fiducial,P15-IIS,P15-IIS,z,6179.47,0.19,mm,false
14,FAT supplier,fiducial,Fiducial,Fiducial,P17-IOIS,P17-IOIS,x,9298.46,0.12,mm,false
14,FAT supplier,fiducial,Fiducial,Fiducial,P17-IOIS,P17-IOIS,y,-1673.61,0.12,mm,false
14,FAT supplier,fiducial,Fiducial,Fiducial,P17-IOIS,P17-IOIS,z,3907.41,0.12,mm,false
14,FAT supplier,fiducial,Fiducial,Fiducial,P18-IOIS,P18-IOIS,x,10099.69,0.07,mm,false
14,FAT supplier,fiducial,Fiducial,Fiducial,P18-IOIS,P18-IOIS,y,-1815.7,0.07,mm,false
14,FAT supplier,fiducial,Fiducial,Fiducial,P18-IOIS,P18-IOIS,z,2404.56,0.07,mm,false
14,FAT supplier,fiducial,Fiducial,Fiducial,P19-IOIS,P19-IOIS,x,10484.03,0.02,mm,false
14,FAT supplier,fiducial,Fiducial,Fiducial,P19-IOIS,P19-IOIS,y,-1884.01,0.02,mm,false
14,FAT supplier,fiducial,Fiducial,Fiducial,P19-IOIS,P19-IOIS,z,-1216.23,0.02,mm,false
14,FAT supplier,fiducial,Fiducial,Fiducial,P2-GS,P2-GS,x,10949.34,0.07,mm,false
14,FAT supplier,fiducial,Fiducial,Fiducial,P2-GS,P2-GS,y,-400.91,0.07,mm,false
14,FAT supplier,fiducial,Fiducial,Fiducial,P2-GS,P2-GS,z,-4656.83,0.07,mm,false
14,FAT supplier,fiducial,Fiducial,Fiducial,P2-PF2,P2-PF2,x,9002.86,0.1,mm,false
14,FAT supplier,fiducial,Fiducial,Fiducial,P2-PF2,P2-PF2,y,298.64,0.1,mm,false
14,FAT supplier,fiducial,Fiducial,Fiducial,P2-PF2,P2-PF2,z,7033.7,0.1,mm,false
14,FAT supplier,fiducial,Fiducial,Fiducial,P2-PF5,P2-PF5,x,9206.73,0.07,mm,false
14,FAT supplier,fiducial,Fiducial,Fiducial,P2-PF5,P2-PF5,y,314.94,0.07,mm,false
14,FAT supplier,fiducial,Fiducial,Fiducial,P2-PF5,P2-PF5,z,-7371.91,0.07,mm,false
14,FAT supplier,fiducial,Fiducial,Fiducial,P20-IIS,P20-IIS,x,3777.01,0.12,mm,false
14,FAT supplier,fiducial,Fiducial,Fiducial,P20-IIS,P20-IIS,y,-708.62,0.12,mm,false
14,FAT supplier,fiducial,Fiducial,Fiducial,P20-IIS,P20-IIS,z,-6149.39,0.12,mm,false
14,FAT supplier,fiducial,Fiducial,Fiducial,P3-PCCF,P3-PCCF,x,2824.12,0.16,mm,false
14,FAT supplier,fiducial,Fiducial,Fiducial,P3-PCCF,P3-PCCF,y,0.89,0.16,mm,false
14,FAT supplier,fiducial,Fiducial,Fiducial,P3-PCCF,P3-PCCF,z,6299.37,0.16,mm,false
14,FAT supplier,fiducial,Fiducial,Fiducial,P3-PF2,P3-PF2,x,9003.07,0.08,mm,false
14,FAT supplier,fiducial,Fiducial,Fiducial,P3-PF2,P3-PF2,y,-301.23,0.08,mm,false
14,FAT supplier,fiducial,Fiducial,Fiducial,P3-PF2,P3-PF2,z,7033.52,0.08,mm,false
14,FAT supplier,fiducial,Fiducial,Fiducial,P3-PF5,P3-PF5,x,9206.7,0.09,mm,false
14,FAT supplier,fiducial,Fiducial,Fiducial,P3-PF5,P3-PF5,y,-314.76,0.09,mm,false
14,FAT supplier,fiducial,Fiducial,Fiducial,P3-PF5,P3-PF5,z,-7372.16,0.09,mm,false
14,FAT supplier,fiducial,Fiducial,Fiducial,P3-SCC,P3-SCC,x,11192.43,0.05,mm,false
14,FAT supplier,fiducial,Fiducial,Fiducial,P3-SCC,P3-SCC,y,375.43,0.05,mm,false
14,FAT supplier,fiducial,Fiducial,Fiducial,P3-SCC,P3-SCC,z,3281.49,0.05,mm,false
14,FAT supplier,fiducial,Fiducial,Fiducial,P1-PCCF,P1-PCCF,x,2814.35,0.08,mm,false
14,FAT supplier,fiducial,Fiducial,Fiducial,P1-PCCF,P1-PCCF,y,1.04,0.08,mm,false
14,FAT supplier,fiducial,Fiducial,Fiducial,P1-PCCF,P1-PCCF,z,8079.37,0.08,mm,false
14,FAT supplier,fiducial,Fiducial,Fiducial,P5-PCCF,P5-PCCF,x,2824.59,0.11,mm,false
14,FAT supplier,fiducial,Fiducial,Fiducial,P5-PCCF,P5-PCCF,y,2.24,0.11,mm,false
14,FAT supplier,fiducial,Fiducial,Fiducial,P5-PCCF,P5-PCCF,z,-6900.16,0.11,mm,false
14,FAT supplier,fiducial,Fiducial,Fiducial,P6-TCC,P6-TCC,x,5783.37,0.06,mm,false
14,FAT supplier,fiducial,Fiducial,Fiducial,P6-TCC,P6-TCC,y,-224.57,0.06,mm,false
14,FAT supplier,fiducial,Fiducial,Fiducial,P6-TCC,P6-TCC,z,6963.81,0.06,mm,false
14,FAT supplier,fiducial,Fiducial,Fiducial,AP_BP_1,AP_BP_1,x,6323.288829,0.15,mm,false
14,FAT supplier,fiducial,Fiducial,Fiducial,AP_BP_1,AP_BP_1,y,355.728415,0.15,mm,false
14,FAT supplier,fiducial,Fiducial,Fiducial,AP_BP_1,AP_BP_1,z,-5673.581005,0.15,mm,false
14,FAT supplier,fiducial,Fiducial,Fiducial,AP_BP_2,AP_BP_2,x,6324.167199,0.15,mm,false
14,FAT supplier,fiducial,Fiducial,Fiducial,AP_BP_2,AP_BP_2,y,-228.55742,0.15,mm,false
14,FAT supplier,fiducial,Fiducial,Fiducial,AP_BP_2,AP_BP_2,z,-5672.290848,0.15,mm,false
14,FAT supplier,fiducial,Fiducial,Fiducial,AP_BP_3,AP_BP_3,x,9570.473184,0.15,mm,false
14,FAT supplier,fiducial,Fiducial,Fiducial,AP_BP_3,AP_BP_3,y,266.756035,0.15,mm,false
14,FAT supplier,fiducial,Fiducial,Fiducial,AP_BP_3,AP_BP_3,z,-2836.761755,0.15,mm,false
14,FAT supplier,fiducial,Fiducial,Fiducial,AP_BP_4,AP_BP_4,x,9530.318321,0.15,mm,false
14,FAT supplier,fiducial,Fiducial,Fiducial,AP_BP_4,AP_BP_4,y,-300.447065,0.15,mm,false
14,FAT supplier,fiducial,Fiducial,Fiducial,AP_BP_4,AP_BP_4,z,-2910.208189,0.15,mm,false
14,FAT supplier,fiducial,Fiducial,Fiducial,AP_BP_8,AP_BP_8,x,8884.66871,0.15,mm,false
14,FAT supplier,fiducial,Fiducial,Fiducial,AP_BP_8,AP_BP_8,y,-320.974909,0.15,mm,false
14,FAT supplier,fiducial,Fiducial,Fiducial,AP_BP_8,AP_BP_8,z,3857.065756,0.15,mm,false
14,FAT supplier,fiducial,Fiducial,Fiducial,AP_BP_9,AP_BP_9,x,6203.198279,0.15,mm,false
14,FAT supplier,fiducial,Fiducial,Fiducial,AP_BP_9,AP_BP_9,y,242.563495,0.15,mm,false
14,FAT supplier,fiducial,Fiducial,Fiducial,AP_BP_9,AP_BP_9,z,5711.579043,0.15,mm,false
14,FAT supplier,fiducial,Fiducial,Fiducial,AP_BP_10,AP_BP_10,x,6217.107014,0.15,mm,false
14,FAT supplier,fiducial,Fiducial,Fiducial,AP_BP_10,AP_BP_10,y,-225.999195,0.15,mm,false
14,FAT supplier,fiducial,Fiducial,Fiducial,AP_BP_10,AP_BP_10,z,5707.055444,0.15,mm,false
14,FAT supplier,fiducial,Fiducial,Fiducial,AP_BP_11,AP_BP_11,x,4769.143438,0.15,mm,false
14,FAT supplier,fiducial,Fiducial,Fiducial,AP_BP_11,AP_BP_11,y,299.084661,0.15,mm,false
14,FAT supplier,fiducial,Fiducial,Fiducial,AP_BP_11,AP_BP_11,z,5792.764933,0.15,mm,false
14,FAT supplier,fiducial,Fiducial,Fiducial,AP_BP_12,AP_BP_12,x,4759.203573,0.15,mm,false
14,FAT supplier,fiducial,Fiducial,Fiducial,AP_BP_12,AP_BP_12,y,-282.427868,0.15,mm,false
14,FAT supplier,fiducial,Fiducial,Fiducial,AP_BP_12,AP_BP_12,z,5790.351231,0.15,mm,false
14,FAT supplier,fiducial,Fiducial,Fiducial,AP_BP_16,AP_BP_16,x,3084.282614,0.15,mm,false
14,FAT supplier,fiducial,Fiducial,Fiducial,AP_BP_16,AP_BP_16,y,-419.266503,0.15,mm,false
14,FAT supplier,fiducial,Fiducial,Fiducial,AP_BP_16,AP_BP_16,z,45.414478,0.15,mm,false
14,FAT supplier,fiducial,Fiducial,Fiducial,AU_CP_4,AU_CP_4,x,4814.619272,0.15,mm,false
14,FAT supplier,fiducial,Fiducial,Fiducial,AU_CP_4,AU_CP_4,y,752.582584,0.15,mm,false
14,FAT supplier,fiducial,Fiducial,Fiducial,AU_CP_4,AU_CP_4,z,-5942.055049,0.15,mm,false
14,FAT supplier,fiducial,Fiducial,Fiducial,AU_CP_5,AU_CP_5,x,4814.247321,0.15,mm,false
14,FAT supplier,fiducial,Fiducial,Fiducial,AU_CP_5,AU_CP_5,y,-755.43202,0.15,mm,false
14,FAT supplier,fiducial,Fiducial,Fiducial,AU_CP_5,AU_CP_5,z,-5914.365685,0.15,mm,false
14,FAT supplier,fiducial,Fiducial,Fiducial,AU_CP_6,AU_CP_6,x,4040.507764,0.15,mm,false
14,FAT supplier,fiducial,Fiducial,Fiducial,AU_CP_6,AU_CP_6,y,734.191487,0.15,mm,false
14,FAT supplier,fiducial,Fiducial,Fiducial,AU_CP_6,AU_CP_6,z,-5663.045423,0.15,mm,false
14,FAT supplier,fiducial,Fiducial,Fiducial,AU_CP_10,AU_CP_10,x,2170.14876,0.15,mm,false
14,FAT supplier,fiducial,Fiducial,Fiducial,AU_CP_10,AU_CP_10,y,-41.139113,0.15,mm,false
14,FAT supplier,fiducial,Fiducial,Fiducial,AU_CP_10,AU_CP_10,z,-5779.264806,0.15,mm,false
14,FAT supplier,fiducial,Fiducial,Fiducial,AU_CP_11,AU_CP_11,x,2163.870587,0.15,mm,false
14,FAT supplier,fiducial,Fiducial,Fiducial,AU_CP_11,AU_CP_11,y,5.573859,0.15,mm,false
14,FAT supplier,fiducial,Fiducial,Fiducial,AU_CP_11,AU_CP_11,z,-4208.331774,0.15,mm,false
14,FAT supplier,fiducial,Fiducial,Fiducial,AU_CP_19,AU_CP_19,x,2163.46057,0.15,mm,false
14,FAT supplier,fiducial,Fiducial,Fiducial,AU_CP_19,AU_CP_19,y,-0.124393,0.15,mm,false
14,FAT supplier,fiducial,Fiducial,Fiducial,AU_CP_19,AU_CP_19,z,-887.514887,0.15,mm,false
14,FAT supplier,fiducial,Fiducial,Fiducial,AU_CP_22,AU_CP_22,x,2163.247519,0.15,mm,false
14,FAT supplier,fiducial,Fiducial,Fiducial,AU_CP_22,AU_CP_22,y,-2.28604,0.15,mm,false
14,FAT supplier,fiducial,Fiducial,Fiducial,AU_CP_22,AU_CP_22,z,1438.922798,0.15,mm,false
14,FAT supplier,fiducial,Fiducial,Fiducial,AU_CP_26,AU_CP_26,x,2163.368762,0.15,mm,false
14,FAT supplier,fiducial,Fiducial,Fiducial,AU_CP_26,AU_CP_26,y,1.62692,0.15,mm,false
14,FAT supplier,fiducial,Fiducial,Fiducial,AU_CP_26,AU_CP_26,z,4201.152312,0.15,mm,false
14,FAT supplier,fiducial,Fiducial,Fiducial,AU_CP_40,AU_CP_40,x,2844.486006,0.15,mm,false
14,FAT supplier,fiducial,Fiducial,Fiducial,AU_CP_40,AU_CP_40,y,-43.153013,0.15,mm,false
14,FAT supplier,fiducial,Fiducial,Fiducial,AU_CP_40,AU_CP_40,z,-8172.881524,0.15,mm,false
14,FAT supplier,fiducial,Fiducial,Fiducial,BU_CP_15,BU_CP_15,x,9611.216738,0.15,mm,false
14,FAT supplier,fiducial,Fiducial,Fiducial,BU_CP_15,BU_CP_15,y,51.507943,0.15,mm,false
14,FAT supplier,fiducial,Fiducial,Fiducial,BU_CP_15,BU_CP_15,z,4455.045775,0.15,mm,false
14,FAT supplier,fiducial,Fiducial,Fiducial,BU_CP_18,BU_CP_18,x,9096.978992,0.15,mm,false
14,FAT supplier,fiducial,Fiducial,Fiducial,BU_CP_18,BU_CP_18,y,685.99763,0.15,mm,false
14,FAT supplier,fiducial,Fiducial,Fiducial,BU_CP_18,BU_CP_18,z,3795.890719,0.15,mm,false
14,FAT supplier,fiducial,Fiducial,Fiducial,BU_CP_43,BU_CP_43,x,10688.83981,0.15,mm,false
14,FAT supplier,fiducial,Fiducial,Fiducial,BU_CP_43,BU_CP_43,y,-546.800146,0.15,mm,false
14,FAT supplier,fiducial,Fiducial,Fiducial,BU_CP_43,BU_CP_43,z,-215.506736,0.15,mm,false
14,FAT supplier,fiducial,Fiducial,Fiducial,BU_CP_70,BU_CP_70,x,9190.57238,0.15,mm,false
14,FAT supplier,fiducial,Fiducial,Fiducial,BU_CP_70,BU_CP_70,y,-546.263119,0.15,mm,false
14,FAT supplier,fiducial,Fiducial,Fiducial,BU_CP_70,BU_CP_70,z,-4218.516717,0.15,mm,false
14,FAT supplier,fiducial,Fiducial,Fiducial,BU_CP_74,BU_CP_74,x,7199.120312,0.15,mm,false
14,FAT supplier,fiducial,Fiducial,Fiducial,BU_CP_74,BU_CP_74,y,542.359274,0.15,mm,false
14,FAT supplier,fiducial,Fiducial,Fiducial,BU_CP_74,BU_CP_74,z,-5452.160941,0.15,mm,false
15,FAT supplier,fiducial,CCL,CCL,A,A,x,2713.65,0.6,mm,false
15,FAT supplier,fiducial,CCL,CCL,A,A,y,0.01,0.6,mm,false
15,FAT supplier,fiducial,CCL,CCL,A,A,z,-3697.92,0.6,mm,false
15,FAT supplier,fiducial,CCL,CCL,B,B,x,2713.68,0.6,mm,false
15,FAT supplier,fiducial,CCL,CCL,B,B,y,-0.05,0.6,mm,false
15,FAT supplier,fiducial,CCL,CCL,B,B,z,3698.29,0.6,mm,false
15,FAT supplier,fiducial,CCL,CCL,C,C,x,5332.87,0.6,mm,false
15,FAT supplier,fiducial,CCL,CCL,C,C,y,-2.41,0.6,mm,false
15,FAT supplier,fiducial,CCL,CCL,C,C,z,6294.92,0.6,mm,false
15,FAT supplier,fiducial,CCL,CCL,D,D,x,8979.11,0.6,mm,false
15,FAT supplier,fiducial,CCL,CCL,D,D,y,-1.25,0.6,mm,false
15,FAT supplier,fiducial,CCL,CCL,D,D,z,4434.64,0.6,mm,false
15,FAT supplier,fiducial,CCL,CCL,E,E,x,9585.65,0.6,mm,false
15,FAT supplier,fiducial,CCL,CCL,E,E,y,1.56,0.6,mm,false
15,FAT supplier,fiducial,CCL,CCL,E,E,z,-3696.25,0.6,mm,false
15,FAT supplier,fiducial,CCL,CCL,F,F',x,3398.07,0.6,mm,false
15,FAT supplier,fiducial,CCL,CCL,F,F',y,0.5,0.6,mm,false
15,FAT supplier,fiducial,CCL,CCL,F,F',z,-5597.13,0.6,mm,false
15,FAT supplier,fiducial,CCL,CCL,G,G,x,10730.78,0.6,mm,false
15,FAT supplier,fiducial,CCL,CCL,G,G,y,0.04,0.6,mm,false
15,FAT supplier,fiducial,CCL,CCL,G,G,z,-1.56,0.6,mm,false
15,FAT supplier,fiducial,CCL,CCL,H,H,x,2713.94,0.6,mm,false
15,FAT supplier,fiducial,CCL,CCL,H,H,y,0.14,0.6,mm,false
15,FAT supplier,fiducial,CCL,CCL,H,H,z,-0.78,0.6,mm,false
15,FAT supplier,fiducial,Fiducial,Fiducial,A1-AU,A1-AU,x,2144.294,0.15,mm,false
15,FAT supplier,fiducial,Fiducial,Fiducial,A1-AU,A1-AU,y,0.114,0.15,mm,false
15,FAT supplier,fiducial,Fiducial,Fiducial,A1-AU,A1-AU,z,-3699.976,0.15,mm,false
15,FAT supplier,fiducial,Fiducial,Fiducial,H1-AU,H1-AU,x,2145.122,0.15,mm,false
15,FAT supplier,fiducial,Fiducial,Fiducial,H1-AU,H1-AU,y,-0.166,0.15,mm,false
15,FAT supplier,fiducial,Fiducial,Fiducial,H1-AU,H1-AU,z,-0.1750000000000007,0.15,mm,false
15,FAT supplier,fiducial,Fiducial,Fiducial,A3-AP,A3-AP,x,3135.072,0.15,mm,false
15,FAT supplier,fiducial,Fiducial,Fiducial,A3-AP,A3-AP,y,0.765,0.15,mm,false
15,FAT supplier,fiducial,Fiducial,Fiducial,A3-AP,A3-AP,z,-3700.425,0.15,mm,false
15,FAT supplier,fiducial,Fiducial,Fiducial,A4-AU,A4-AU,x,2707.417,0.15,mm,false
15,FAT supplier,fiducial,Fiducial,Fiducial,A4-AU,A4-AU,y,-518.337,0.15,mm,false
15,FAT supplier,fiducial,Fiducial,Fiducial,A4-AU,A4-AU,z,-3701.19,0.15,mm,false
15,FAT supplier,fiducial,Fiducial,Fiducial,B1-AU,B1-AU,x,2144.281,0.15,mm,false
15,FAT supplier,fiducial,Fiducial,Fiducial,B1-AU,B1-AU,y,-0.015,0.15,mm,false
15,FAT supplier,fiducial,Fiducial,Fiducial,B1-AU,B1-AU,z,3699.601,0.15,mm,false
15,FAT supplier,fiducial,Fiducial,Fiducial,B3-AP,B3-AP,x,3135.32,0.15,mm,false
15,FAT supplier,fiducial,Fiducial,Fiducial,B3-AP,B3-AP,y,0.189,0.15,mm,false
15,FAT supplier,fiducial,Fiducial,Fiducial,B3-AP,B3-AP,z,3698.795,0.15,mm,false
15,FAT supplier,fiducial,Fiducial,Fiducial,B4-AU,B4-AU,x,2707.096,0.15,mm,false
15,FAT supplier,fiducial,Fiducial,Fiducial,B4-AU,B4-AU,y,-518.371,0.15,mm,false
15,FAT supplier,fiducial,Fiducial,Fiducial,B4-AU,B4-AU,z,3699.817,0.15,mm,false
15,FAT supplier,fiducial,Fiducial,Fiducial,D1-BU,D1-BU,x,9142.511,0.15,mm,false
15,FAT supplier,fiducial,Fiducial,Fiducial,D1-BU,D1-BU,y,0.306,0.15,mm,false
15,FAT supplier,fiducial,Fiducial,Fiducial,D1-BU,D1-BU,z,4991.024,0.15,mm,false
15,FAT supplier,fiducial,Fiducial,Fiducial,D2-BU,D2-BU,x,8785.878,0.15,mm,false
15,FAT supplier,fiducial,Fiducial,Fiducial,D2-BU,D2-BU,y,563.656,0.15,mm,false
15,FAT supplier,fiducial,Fiducial,Fiducial,D2-BU,D2-BU,z,4632.21,0.15,mm,false
15,FAT supplier,fiducial,Fiducial,Fiducial,D3-BP,D3-BP,x,8449.596,0.15,mm,false
15,FAT supplier,fiducial,Fiducial,Fiducial,D3-BP,D3-BP,y,0.617,0.15,mm,false
15,FAT supplier,fiducial,Fiducial,Fiducial,D3-BP,D3-BP,z,4300.684,0.15,mm,false
15,FAT supplier,fiducial,Fiducial,Fiducial,E2-BU,E2-BU,x,9102.912,0.15,mm,false
15,FAT supplier,fiducial,Fiducial,Fiducial,E2-BU,E2-BU,y,562.909,0.15,mm,false
15,FAT supplier,fiducial,Fiducial,Fiducial,E2-BU,E2-BU,z,-4313.417,0.15,mm,false
15,FAT supplier,fiducial,Fiducial,Fiducial,E3-BP,E3-BP,x,8739.637,0.15,mm,false
15,FAT supplier,fiducial,Fiducial,Fiducial,E3-BP,E3-BP,y,-0.176,0.15,mm,false
15,FAT supplier,fiducial,Fiducial,Fiducial,E3-BP,E3-BP,z,-3996.954,0.15,mm,false
15,FAT supplier,fiducial,Fiducial,Fiducial,G1-BU,G1-BU,x,11232.216,0.15,mm,false
15,FAT supplier,fiducial,Fiducial,Fiducial,G1-BU,G1-BU,y,1.031,0.15,mm,false
15,FAT supplier,fiducial,Fiducial,Fiducial,G1-BU,G1-BU,z,-1.149999999999999,0.15,mm,false
15,FAT supplier,fiducial,Fiducial,Fiducial,G4-BU,G4-BU,x,10725.618,0.15,mm,false
15,FAT supplier,fiducial,Fiducial,Fiducial,G4-BU,G4-BU,y,-563.287,0.15,mm,false
15,FAT supplier,fiducial,Fiducial,Fiducial,G4-BU,G4-BU,z,-1.027000000000001,0.15,mm,false
15,FAT supplier,fiducial,Fiducial,Fiducial,P1-IOIS,P1-IOIS,x,9464.498,0.15,mm,false
15,FAT supplier,fiducial,Fiducial,Fiducial,P1-IOIS,P1-IOIS,y,1220.238,0.15,mm,false
15,FAT supplier,fiducial,Fiducial,Fiducial,P1-IOIS,P1-IOIS,z,3927.042,0.15,mm,false
15,FAT supplier,fiducial,Fiducial,Fiducial,P9-OIS,P9-OIS,x,5989.208,0.15,mm,false
15,FAT supplier,fiducial,Fiducial,Fiducial,P9-OIS,P9-OIS,y,-1091.606,0.15,mm,false
15,FAT supplier,fiducial,Fiducial,Fiducial,P9-OIS,P9-OIS,z,6118.948,0.15,mm,false
15,FAT supplier,fiducial,Fiducial,Fiducial,P1-PF1,P1-PF1,x,3128.918,0.15,mm,false
15,FAT supplier,fiducial,Fiducial,Fiducial,P1-PF1,P1-PF1,y,0.631,0.15,mm,false
15,FAT supplier,fiducial,Fiducial,Fiducial,P1-PF1,P1-PF1,z,8287.435,0.15,mm,false
15,FAT supplier,fiducial,Fiducial,Fiducial,P1-PF2,P1-PF2,x,7717.346,0.15,mm,false
15,FAT supplier,fiducial,Fiducial,Fiducial,P1-PF2,P1-PF2,y,0.676,0.15,mm,false
15,FAT supplier,fiducial,Fiducial,Fiducial,P1-PF2,P1-PF2,z,7007.233,0.15,mm,false
15,FAT supplier,fiducial,Fiducial,Fiducial,P1-PF5,P1-PF5,x,7747.463,0.15,mm,false
15,FAT supplier,fiducial,Fiducial,Fiducial,P1-PF5,P1-PF5,y,-0.422,0.15,mm,false
15,FAT supplier,fiducial,Fiducial,Fiducial,P1-PF5,P1-PF5,z,-7405.439,0.15,mm,false
15,FAT supplier,fiducial,Fiducial,Fiducial,P1-PF6,P1-PF6,x,3129.798,0.15,mm,false
15,FAT supplier,fiducial,Fiducial,Fiducial,P1-PF6,P1-PF6,y,-0.078,0.15,mm,false
15,FAT supplier,fiducial,Fiducial,Fiducial,P1-PF6,P1-PF6,z,-8287.202,0.15,mm,false
15,FAT supplier,fiducial,Fiducial,Fiducial,P1-TCC,P1-TCC,x,5783.494,0.15,mm,false
15,FAT supplier,fiducial,Fiducial,Fiducial,P1-TCC,P1-TCC,y,225.484,0.15,mm,false
15,FAT supplier,fiducial,Fiducial,Fiducial,P1-TCC,P1-TCC,z,6938.235,0.15,mm,false
15,FAT supplier,fiducial,Fiducial,Fiducial,P10-OIS,P10-OIS,x,5987.282,0.15,mm,false
15,FAT supplier,fiducial,Fiducial,Fiducial,P10-OIS,P10-OIS,y,-1091.64,0.15,mm,false
15,FAT supplier,fiducial,Fiducial,Fiducial,P10-OIS,P10-OIS,z,-6119.981,0.15,mm,false
15,FAT supplier,fiducial,Fiducial,Fiducial,P11-IOIS,P11-IOIS,x,10279.066,0.15,mm,false
15,FAT supplier,fiducial,Fiducial,Fiducial,P11-IOIS,P11-IOIS,y,-1750.101,0.15,mm,false
15,FAT supplier,fiducial,Fiducial,Fiducial,P11-IOIS,P11-IOIS,z,-2154.394,0.15,mm,false
15,FAT supplier,fiducial,Fiducial,Fiducial,P11-OIS,P11-OIS,x,7536.729,0.15,mm,false
15,FAT supplier,fiducial,Fiducial,Fiducial,P11-OIS,P11-OIS,y,-1367.84,0.15,mm,false
15,FAT supplier,fiducial,Fiducial,Fiducial,P11-OIS,P11-OIS,z,-6356.924,0.15,mm,false
15,FAT supplier,fiducial,Fiducial,Fiducial,P12-IOIS,P12-IOIS,x,10039.833,0.15,mm,false
15,FAT supplier,fiducial,Fiducial,Fiducial,P12-IOIS,P12-IOIS,y,-1320.862,0.15,mm,false
15,FAT supplier,fiducial,Fiducial,Fiducial,P12-IOIS,P12-IOIS,z,-3032.068,0.15,mm,false
15,FAT supplier,fiducial,Fiducial,Fiducial,P12-SCC,P12-SCC,x,10637.143,0.15,mm,false
15,FAT supplier,fiducial,Fiducial,Fiducial,P12-SCC,P12-SCC,y,707.077,0.15,mm,false
15,FAT supplier,fiducial,Fiducial,Fiducial,P12-SCC,P12-SCC,z,-2958.533,0.15,mm,false
15,FAT supplier,fiducial,Fiducial,Fiducial,P14-SCC,P14-SCC,x,11191.41,0.15,mm,false
15,FAT supplier,fiducial,Fiducial,Fiducial,P14-SCC,P14-SCC,y,-249.069,0.15,mm,false
15,FAT supplier,fiducial,Fiducial,Fiducial,P14-SCC,P14-SCC,z,3839.894,0.15,mm,false
15,FAT supplier,fiducial,Fiducial,Fiducial,P2-OIS,P2-OIS,x,7538.609,0.15,mm,false
15,FAT supplier,fiducial,Fiducial,Fiducial,P2-OIS,P2-OIS,y,1368.092,0.15,mm,false
15,FAT supplier,fiducial,Fiducial,Fiducial,P2-OIS,P2-OIS,z,6354.756,0.15,mm,false
15,FAT supplier,fiducial,Fiducial,Fiducial,P2-PF1,P2-PF1,x,4781.242,0.15,mm,false
15,FAT supplier,fiducial,Fiducial,Fiducial,P2-PF1,P2-PF1,y,305.828,0.15,mm,false
15,FAT supplier,fiducial,Fiducial,Fiducial,P2-PF1,P2-PF1,z,8287.347,0.15,mm,false
15,FAT supplier,fiducial,Fiducial,Fiducial,P2-PF2,P2-PF2,x,9001.931,0.15,mm,false
15,FAT supplier,fiducial,Fiducial,Fiducial,P2-PF2,P2-PF2,y,300.429,0.15,mm,false
15,FAT supplier,fiducial,Fiducial,Fiducial,P2-PF2,P2-PF2,z,7005.989,0.15,mm,false
15,FAT supplier,fiducial,Fiducial,Fiducial,P2-PF5,P2-PF5,x,9204.384,0.15,mm,false
15,FAT supplier,fiducial,Fiducial,Fiducial,P2-PF5,P2-PF5,y,315.057,0.15,mm,false
15,FAT supplier,fiducial,Fiducial,Fiducial,P2-PF5,P2-PF5,z,-7403.931,0.15,mm,false
15,FAT supplier,fiducial,Fiducial,Fiducial,P2-PF6,P2-PF6,x,5429.213,0.15,mm,false
15,FAT supplier,fiducial,Fiducial,Fiducial,P2-PF6,P2-PF6,y,308.317,0.15,mm,false
15,FAT supplier,fiducial,Fiducial,Fiducial,P2-PF6,P2-PF6,z,-8287.135,0.15,mm,false
15,FAT supplier,fiducial,Fiducial,Fiducial,P3-OIS,P3-OIS,x,5990.551,0.15,mm,false
15,FAT supplier,fiducial,Fiducial,Fiducial,P3-OIS,P3-OIS,y,1092.921,0.15,mm,false
15,FAT supplier,fiducial,Fiducial,Fiducial,P3-OIS,P3-OIS,z,6118.754,0.15,mm,false
15,FAT supplier,fiducial,Fiducial,Fiducial,P3-PF1,P3-PF1,x,4779.768,0.15,mm,false
15,FAT supplier,fiducial,Fiducial,Fiducial,P3-PF1,P3-PF1,y,-307.587,0.15,mm,false
15,FAT supplier,fiducial,Fiducial,Fiducial,P3-PF1,P3-PF1,z,8287.053,0.15,mm,false
15,FAT supplier,fiducial,Fiducial,Fiducial,P3-PF2,P3-PF2,x,9002.081,0.15,mm,false
15,FAT supplier,fiducial,Fiducial,Fiducial,P3-PF2,P3-PF2,y,-299.563,0.15,mm,false
15,FAT supplier,fiducial,Fiducial,Fiducial,P3-PF2,P3-PF2,z,7005.709,0.15,mm,false
15,FAT supplier,fiducial,Fiducial,Fiducial,P3-PF5,P3-PF5,x,9204.333,0.15,mm,false
15,FAT supplier,fiducial,Fiducial,Fiducial,P3-PF5,P3-PF5,y,-315.188,0.15,mm,false
15,FAT supplier,fiducial,Fiducial,Fiducial,P3-PF5,P3-PF5,z,-7403.943,0.15,mm,false
15,FAT supplier,fiducial,Fiducial,Fiducial,P3-PF6,P3-PF6,x,5429.424,0.15,mm,false
15,FAT supplier,fiducial,Fiducial,Fiducial,P3-PF6,P3-PF6,y,-307.631,0.15,mm,false
15,FAT supplier,fiducial,Fiducial,Fiducial,P3-PF6,P3-PF6,z,-8286.957,0.15,mm,false
15,FAT supplier,fiducial,Fiducial,Fiducial,P4-OIS,P4-OIS,x,5988.156,0.15,mm,false
15,FAT supplier,fiducial,Fiducial,Fiducial,P4-OIS,P4-OIS,y,1091.71,0.15,mm,false
15,FAT supplier,fiducial,Fiducial,Fiducial,P4-OIS,P4-OIS,z,-6121.841,0.15,mm,false
15,FAT supplier,fiducial,Fiducial,Fiducial,P5-OIS,P5-OIS,x,7537.837,0.15,mm,false
15,FAT supplier,fiducial,Fiducial,Fiducial,P5-OIS,P5-OIS,y,1367.312,0.15,mm,false
15,FAT supplier,fiducial,Fiducial,Fiducial,P5-OIS,P5-OIS,z,-6357.924,0.15,mm,false
15,FAT supplier,fiducial,Fiducial,Fiducial,P6-IOIS,P6-IOIS,x,10039.717,0.15,mm,false
15,FAT supplier,fiducial,Fiducial,Fiducial,P6-IOIS,P6-IOIS,y,1320.871,0.15,mm,false
15,FAT supplier,fiducial,Fiducial,Fiducial,P6-IOIS,P6-IOIS,z,-3031.793,0.15,mm,false
15,FAT supplier,fiducial,Fiducial,Fiducial,P6-OIS,P6-OIS,x,5987.498,0.15,mm,false
15,FAT supplier,fiducial,Fiducial,Fiducial,P6-OIS,P6-OIS,y,1093.578,0.15,mm,false
15,FAT supplier,fiducial,Fiducial,Fiducial,P6-OIS,P6-OIS,z,-6593.883,0.15,mm,false
15,FAT supplier,fiducial,Fiducial,Fiducial,P6-TCC,P6-TCC,x,5783.476,0.15,mm,false
15,FAT supplier,fiducial,Fiducial,Fiducial,P6-TCC,P6-TCC,y,-224.779,0.15,mm,false
15,FAT supplier,fiducial,Fiducial,Fiducial,P6-TCC,P6-TCC,z,6938.102,0.15,mm,false
15,FAT supplier,fiducial,Fiducial,Fiducial,P7-IOIS,P7-IOIS,x,9464.413,0.15,mm,false
15,FAT supplier,fiducial,Fiducial,Fiducial,P7-IOIS,P7-IOIS,y,-1218.473,0.15,mm,false
15,FAT supplier,fiducial,Fiducial,Fiducial,P7-IOIS,P7-IOIS,z,3927.421,0.15,mm,false
15,FAT supplier,fiducial,Fiducial,Fiducial,P8-OIS,P8-OIS,x,7538.35,0.15,mm,false
15,FAT supplier,fiducial,Fiducial,Fiducial,P8-OIS,P8-OIS,y,-1367.081,0.15,mm,false
15,FAT supplier,fiducial,Fiducial,Fiducial,P8-OIS,P8-OIS,z,6355.684,0.15,mm,false
14,FAT IO,transform,,,,,dx,0.05091501080391288,,mm,false
14,FAT IO,transform,,,,,dy,-0.92942060445795,,mm,false
14,FAT IO,transform,,,,,dz,0.6158083262756984,,mm,false
14,FAT IO,transform,,,,,rx,-0.004919987527543503,,deg,false
14,FAT IO,transform,,,,,ry,0.005400817226106015,,deg,false
14,FAT IO,transform,,,,,rz,0.006211976078084986,,deg,false
14,FAT IO,fiducial,CCL,CCL,A,A,x,2712.81219683792,0.2831252459107689,mm,false
14,FAT IO,fiducial,CCL,CCL,A,A,y,-0.2029475232870861,0.2999772029920706,mm,false
14,FAT IO,fiducial,CCL,CCL,A,A,z,-3699.619919541942,0.03990112335686469,mm,false
14,FAT IO,fiducial,CCL,CCL,B,B,x,2712.879729124093,0.2117049824465378,mm,false
14,FAT IO,fiducial,CCL,CCL,B,B,y,0.5824306227218051,0.2560258047638474,mm,false
14,FAT IO,fiducial,CCL,CCL,B,B,z,3700.480066810982,0.01999221086417225,mm,false
14,FAT IO,fiducial,CCL,CCL,C,C,x,5334.144627346771,0.06980696479387319,mm,false
14,FAT IO,fiducial,CCL,CCL,C,C,y,0.4596365011276479,0.2417359430955509,mm,false
14,FAT IO,fiducial,CCL,CCL,C,C,z,6297.85301268673,0.1757842013900159,mm,false
14,FAT IO,fiducial,CCL,CCL,D,D,x,8977.769207257183,0.5548166123889721,mm,false
14,FAT IO,fiducial,CCL,CCL,D,D,y,0.1248411064310766,0.5361234053407323,mm,false
14,FAT IO,fiducial,CCL,CCL,D,D,z,4436.269570805942,0.157834379570731,mm,false
14,FAT IO,fiducial,CCL,CCL,E,E,x,9584.972669152994,0.4015708738032837,mm,false
14,FAT IO,fiducial,CCL,CCL,E,E,y,0.3225457016942719,0.4023378153510966,mm,false
14,FAT IO,fiducial,CCL,CCL,E,E,z,-3694.757748510764,0.1192351865803611,mm,false
14,FAT IO,fiducial,CCL,CCL,F,F',x,4283.9225838113,0.2225235863435203,mm,false
14,FAT IO,fiducial,CCL,CCL,F,F',y,0.8183522152050009,0.3013265040414849,mm,false
14,FAT IO,fiducial,CCL,CCL,F,F',z,-6134.278123107938,0.1659731707654928,mm,false
14,FAT IO,fiducial,CCL,CCL,G,G,x,10728.93105912245,0.2155739916468951,mm,false
14,FAT IO,fiducial,CCL,CCL,G,G,y,-0.5562204778169186,0.271012602655604,mm,false
14,FAT IO,fiducial,CCL,CCL,G,G,z,-0.2854748716070452,0.01999565495205831,mm,false
14,FAT IO,fiducial,CCL,CCL,H,H,x,2713.74111803576,0.1835239355628695,mm,false
14,FAT IO,fiducial,CCL,CCL,H,H,y,-1.275164842921644,0.2365773923865983,mm,false
14,FAT IO,fiducial,CCL,CCL,H,H,z,0.3901150465353819,0.009998715974689158,mm,false
14,FAT IO,fiducial,Fiducial,Fiducial,D3-BP,D3-BP,x,8453.0392,0.03,mm,false
14,FAT IO,fiducial,Fiducial,Fiducial,D3-BP,D3-BP,y,-1.4013,0.03,mm,false
14,FAT IO,fiducial,Fiducial,Fiducial,D3-BP,D3-BP,z,4328.7292,0.03,mm,false
14,FAT IO,fiducial,Fiducial,Fiducial,E3-BP,E3-BP,x,8743.2771,0.09,mm,false
14,FAT IO,fiducial,Fiducial,Fiducial,E3-BP,E3-BP,y,-0.7621,0.09,mm,false
14,FAT IO,fiducial,Fiducial,Fiducial,E3-BP,E3-BP,z,-3966.7783,0.09,mm,false
14,FAT IO,fiducial,Fiducial,Fiducial,G1-BU,G1-BU,x,11236.8539,0.06,mm,false
14,FAT IO,fiducial,Fiducial,Fiducial,G1-BU,G1-BU,y,-1.6487,0.06,mm,false
14,FAT IO,fiducial,Fiducial,Fiducial,G1-BU,G1-BU,z,28.2967,0.06,mm,false
14,FAT IO,fiducial,Fiducial,Fiducial,H1-AU,H1-AU,x,2144.7537,0.06,mm,false
14,FAT IO,fiducial,Fiducial,Fiducial,H1-AU,H1-AU,y,0.0756,0.06,mm,false
14,FAT IO,fiducial,Fiducial,Fiducial,H1-AU,H1-AU,z,29.0736,0.06,mm,false
14,FAT IO,fiducial,Fiducial,Fiducial,P1-AT,P1-AT,x,2512.7394,0.16,mm,false
14,FAT IO,fiducial,Fiducial,Fiducial,P1-AT,P1-AT,y,0.3117,0.16,mm,false
14,FAT IO,fiducial,Fiducial,Fiducial,P1-AT,P1-AT,z,5924.169,0.16,mm,false
14,FAT IO,fiducial,Fiducial,Fiducial,P1-CS,P1-CS,x,2825.8344,0.13,mm,false
14,FAT IO,fiducial,Fiducial,Fiducial,P1-CS,P1-CS,y,1.1745,0.13,mm,false
14,FAT IO,fiducial,Fiducial,Fiducial,P1-CS,P1-CS,z,-7599.3607,0.13,mm,false
14,FAT IO,fiducial,Fiducial,Fiducial,P1_GS,P1_GS,x,10948.9588,0.04,mm,false
14,FAT IO,fiducial,Fiducial,Fiducial,P1_GS,P1_GS,y,398.6778,0.04,mm,false
14,FAT IO,fiducial,Fiducial,Fiducial,P1_GS,P1_GS,z,-4657.1005,0.04,mm,false
14,FAT IO,fiducial,Fiducial,Fiducial,P1-PF2,P1-PF2,x,7719.8742,0.12,mm,false
14,FAT IO,fiducial,Fiducial,Fiducial,P1-PF2,P1-PF2,y,-0.7185,0.12,mm,false
14,FAT IO,fiducial,Fiducial,Fiducial,P1-PF2,P1-PF2,z,7034.0382,0.12,mm,false
14,FAT IO,fiducial,Fiducial,Fiducial,P1-PF5,P1-PF5,x,7747.526,0.05,mm,false
14,FAT IO,fiducial,Fiducial,Fiducial,P1-PF5,P1-PF5,y,-0.2325,0.05,mm,false
14,FAT IO,fiducial,Fiducial,Fiducial,P1-PF5,P1-PF5,z,-7372.9945,0.05,mm,false
14,FAT IO,fiducial,Fiducial,Fiducial,P1-PF6,P1-PF6,x,3129.0923,0.04,mm,false
14,FAT IO,fiducial,Fiducial,Fiducial,P1-PF6,P1-PF6,y,1.8909,0.04,mm,false
14,FAT IO,fiducial,Fiducial,Fiducial,P1-PF6,P1-PF6,z,-8257.4594,0.04,mm,false
14,FAT IO,fiducial,Fiducial,Fiducial,P1-TCC,P1-TCC,x,5785.6831,0.05,mm,false
14,FAT IO,fiducial,Fiducial,Fiducial,P1-TCC,P1-TCC,y,225.2358,0.05,mm,false
14,FAT IO,fiducial,Fiducial,Fiducial,P1-TCC,P1-TCC,z,6964.0312,0.05,mm,false
14,FAT IO,fiducial,Fiducial,Fiducial,P10-IOIS,P10-IOIS,x,10659.9584,0.21,mm,false
14,FAT IO,fiducial,Fiducial,Fiducial,P10-IOIS,P10-IOIS,y,-1430.5209,0.21,mm,false
14,FAT IO,fiducial,Fiducial,Fiducial,P10-IOIS,P10-IOIS,z,-1248.6462,0.21,mm,false
14,FAT IO,fiducial,Fiducial,Fiducial,P10-OIS,P10-OIS,x,5989.6352,0.21,mm,false
14,FAT IO,fiducial,Fiducial,Fiducial,P10-OIS,P10-OIS,y,-1090.5028,0.21,mm,false
14,FAT IO,fiducial,Fiducial,Fiducial,P10-OIS,P10-OIS,z,-6089.0952,0.21,mm,false
14,FAT IO,fiducial,Fiducial,Fiducial,P11-SCC,P11-SCC,x,11191.1417,0.4,mm,false
14,FAT IO,fiducial,Fiducial,Fiducial,P11-SCC,P11-SCC,y,373.7347,0.4,mm,false
14,FAT IO,fiducial,Fiducial,Fiducial,P11-SCC,P11-SCC,z,-2320.7612,0.4,mm,false
14,FAT IO,fiducial,Fiducial,Fiducial,P12-IOIS,P12-IOIS,x,10042.7516,0.07,mm,false
14,FAT IO,fiducial,Fiducial,Fiducial,P12-IOIS,P12-IOIS,y,-1322.0382,0.07,mm,false
14,FAT IO,fiducial,Fiducial,Fiducial,P12-IOIS,P12-IOIS,z,-2999.7673,0.07,mm,false
14,FAT IO,fiducial,Fiducial,Fiducial,P12-SCC,P12-SCC,x,10640.7483,0.23,mm,false
14,FAT IO,fiducial,Fiducial,Fiducial,P12-SCC,P12-SCC,y,707.3928,0.23,mm,false
14,FAT IO,fiducial,Fiducial,Fiducial,P12-SCC,P12-SCC,z,-2928.088,0.23,mm,false
14,FAT IO,fiducial,Fiducial,Fiducial,P15-IIS,P15-IIS,x,3776.8505,0.19,mm,false
14,FAT IO,fiducial,Fiducial,Fiducial,P15-IIS,P15-IIS,y,-709.5593,0.19,mm,false
14,FAT IO,fiducial,Fiducial,Fiducial,P15-IIS,P15-IIS,z,6179.7908,0.19,mm,false
14,FAT IO,fiducial,Fiducial,Fiducial,P17-IOIS,P17-IOIS,x,9299.0608,0.12,mm,false
14,FAT IO,fiducial,Fiducial,Fiducial,P17-IOIS,P17-IOIS,y,-1673.1958,0.12,mm,false
14,FAT IO,fiducial,Fiducial,Fiducial,P17-IOIS,P17-IOIS,z,3907.293,0.12,mm,false
14,FAT IO,fiducial,Fiducial,Fiducial,P18-IOIS,P18-IOIS,x,10100.1645,0.07,mm,false
14,FAT IO,fiducial,Fiducial,Fiducial,P18-IOIS,P18-IOIS,y,-1815.3279,0.07,mm,false
14,FAT IO,fiducial,Fiducial,Fiducial,P18-IOIS,P18-IOIS,z,2404.3796,0.07,mm,false
14,FAT IO,fiducial,Fiducial,Fiducial,P19-IOIS,P19-IOIS,x,10484.1706,0.02,mm,false
14,FAT IO,fiducial,Fiducial,Fiducial,P19-IOIS,P19-IOIS,y,-1883.9072,0.02,mm,false
14,FAT IO,fiducial,Fiducial,Fiducial,P19-IOIS,P19-IOIS,z,-1216.4407,0.02,mm,false
14,FAT IO,fiducial,Fiducial,Fiducial,P2-GS,P2-GS,x,10948.9955,0.07,mm,false
14,FAT IO,fiducial,Fiducial,Fiducial,P2-GS,P2-GS,y,-401.0522,0.07,mm,false
14,FAT IO,fiducial,Fiducial,Fiducial,P2-GS,P2-GS,z,-4657.2119,0.07,mm,false
14,FAT IO,fiducial,Fiducial,Fiducial,P2-PF2,P2-PF2,x,9003.5416,0.1,mm,false
14,FAT IO,fiducial,Fiducial,Fiducial,P2-PF2,P2-PF2,y,299.2906,0.1,mm,false
14,FAT IO,fiducial,Fiducial,Fiducial,P2-PF2,P2-PF2,z,7033.4415,0.1,mm,false
14,FAT IO,fiducial,Fiducial,Fiducial,P2-PF5,P2-PF5,x,9206.0519,0.07,mm,false
14,FAT IO,fiducial,Fiducial,Fiducial,P2-PF5,P2-PF5,y,314.3757,0.07,mm,false
14,FAT IO,fiducial,Fiducial,Fiducial,P2-PF5,P2-PF5,z,-7372.189,0.07,mm,false
14,FAT IO,fiducial,Fiducial,Fiducial,P20-IIS,P20-IIS,x,3776.5582,0.12,mm,false
14,FAT IO,fiducial,Fiducial,Fiducial,P20-IIS,P20-IIS,y,-709.6679,0.12,mm,false
14,FAT IO,fiducial,Fiducial,Fiducial,P20-IIS,P20-IIS,z,-6149.0693,0.12,mm,false
14,FAT IO,fiducial,Fiducial,Fiducial,P3-PCCF,P3-PCCF,x,2824.7647,0.16,mm,false
14,FAT IO,fiducial,Fiducial,Fiducial,P3-PCCF,P3-PCCF,y,0.8077,0.16,mm,false
14,FAT IO,fiducial,Fiducial,Fiducial,P3-PCCF,P3-PCCF,z,6299.7195,0.16,mm,false
14,FAT IO,fiducial,Fiducial,Fiducial,P3-PF2,P3-PF2,x,9003.8166,0.08,mm,false
14,FAT IO,fiducial,Fiducial,Fiducial,P3-PF2,P3-PF2,y,-300.5794,0.08,mm,false
14,FAT IO,fiducial,Fiducial,Fiducial,P3-PF2,P3-PF2,z,7033.313,0.08,mm,false
14,FAT IO,fiducial,Fiducial,Fiducial,P3-PF5,P3-PF5,x,9206.0902,0.09,mm,false
14,FAT IO,fiducial,Fiducial,Fiducial,P3-PF5,P3-PF5,y,-315.3243,0.09,mm,false
14,FAT IO,fiducial,Fiducial,Fiducial,P3-PF5,P3-PF5,z,-7372.385,0.09,mm,false
14,FAT IO,fiducial,Fiducial,Fiducial,P3-SCC,P3-SCC,x,11192.7496,0.05,mm,false
14,FAT IO,fiducial,Fiducial,Fiducial,P3-SCC,P3-SCC,y,375.9958,0.05,mm,false
14,FAT IO,fiducial,Fiducial,Fiducial,P3-SCC,P3-SCC,z,3281.0185,0.05,mm,false
14,FAT IO,fiducial,Fiducial,Fiducial,P1-PCCF,P1-PCCF,x,2815.1625,0.08,mm,false
14,FAT IO,fiducial,Fiducial,Fiducial,P1-PCCF,P1-PCCF,y,1.1095,0.08,mm,false
14,FAT IO,fiducial,Fiducial,Fiducial,P1-PCCF,P1-PCCF,z,8079.7204,0.08,mm,false
14,FAT IO,fiducial,Fiducial,Fiducial,P5-PCCF,P5-PCCF,x,2823.9904,0.11,mm,false
14,FAT IO,fiducial,Fiducial,Fiducial,P5-PCCF,P5-PCCF,y,1.0243,0.11,mm,false
14,FAT IO,fiducial,Fiducial,Fiducial,P5-PCCF,P5-PCCF,z,-6899.8105,0.11,mm,false
14,FAT IO,fiducial,Fiducial,Fiducial,P6-TCC,P6-TCC,x,5784.1018,0.06,mm,false
14,FAT IO,fiducial,Fiducial,Fiducial,P6-TCC,P6-TCC,y,-224.2744,0.06,mm,false
14,FAT IO,fiducial,Fiducial,Fiducial,P6-TCC,P6-TCC,z,6963.8999,0.06,mm,false
14,FAT IO,fiducial,Fiducial,Fiducial,AP_BP_1,AP_BP_1,x,6322.7665,0.15,mm,false
14,FAT IO,fiducial,Fiducial,Fiducial,AP_BP_1,AP_BP_1,y,354.9974,0.15,mm,false
14,FAT IO,fiducial,Fiducial,Fiducial,AP_BP_1,AP_BP_1,z,-5673.5917,0.15,mm,false
14,FAT IO,fiducial,Fiducial,Fiducial,AP_BP_2,AP_BP_2,x,6323.7083,0.15,mm,false
14,FAT IO,fiducial,Fiducial,Fiducial,AP_BP_2,AP_BP_2,y,-229.2882,0.15,mm,false
14,FAT IO,fiducial,Fiducial,Fiducial,AP_BP_2,AP_BP_2,z,-5672.2515,0.15,mm,false
14,FAT IO,fiducial,Fiducial,Fiducial,AP_BP_3,AP_BP_3,x,9570.2278,0.15,mm,false
14,FAT IO,fiducial,Fiducial,Fiducial,AP_BP_3,AP_BP_3,y,266.6206,0.15,mm,false
14,FAT IO,fiducial,Fiducial,Fiducial,AP_BP_3,AP_BP_3,z,-2837.071,0.15,mm,false
14,FAT IO,fiducial,Fiducial,Fiducial,AP_BP_4,AP_BP_4,x,9530.1275,0.15,mm,false
14,FAT IO,fiducial,Fiducial,Fiducial,AP_BP_4,AP_BP_4,y,-300.5931,0.15,mm,false
14,FAT IO,fiducial,Fiducial,Fiducial,AP_BP_4,AP_BP_4,z,-2910.4649,0.15,mm,false
14,FAT IO,fiducial,Fiducial,Fiducial,AP_BP_8,AP_BP_8,x,8885.1181,0.15,mm,false
14,FAT IO,fiducial,Fiducial,Fiducial,AP_BP_8,AP_BP_8,y,-320.6099,0.15,mm,false
14,FAT IO,fiducial,Fiducial,Fiducial,AP_BP_8,AP_BP_8,z,3856.8716,0.15,mm,false
14,FAT IO,fiducial,Fiducial,Fiducial,AP_BP_9,AP_BP_9,x,6203.7614,0.15,mm,false
14,FAT IO,fiducial,Fiducial,Fiducial,AP_BP_9,AP_BP_9,y,242.7971,0.15,mm,false
14,FAT IO,fiducial,Fiducial,Fiducial,AP_BP_9,AP_BP_9,z,5711.5893,0.15,mm,false
14,FAT IO,fiducial,Fiducial,Fiducial,AP_BP_10,AP_BP_10,x,6217.7205,0.15,mm,false
14,FAT IO,fiducial,Fiducial,Fiducial,AP_BP_10,AP_BP_10,y,-225.7645,0.15,mm,false
14,FAT IO,fiducial,Fiducial,Fiducial,AP_BP_10,AP_BP_10,z,5707.1046,0.15,mm,false
14,FAT IO,fiducial,Fiducial,Fiducial,AP_BP_11,AP_BP_11,x,4769.7081,0.15,mm,false
14,FAT IO,fiducial,Fiducial,Fiducial,AP_BP_11,AP_BP_11,y,299.1697,0.15,mm,false
14,FAT IO,fiducial,Fiducial,Fiducial,AP_BP_11,AP_BP_11,z,5792.9055,0.15,mm,false
14,FAT IO,fiducial,Fiducial,Fiducial,AP_BP_12,AP_BP_12,x,4759.831,0.15,mm,false
14,FAT IO,fiducial,Fiducial,Fiducial,AP_BP_12,AP_BP_12,y,-282.3441,0.15,mm,false
14,FAT IO,fiducial,Fiducial,Fiducial,AP_BP_12,AP_BP_12,z,5790.5427,0.15,mm,false
14,FAT IO,fiducial,Fiducial,Fiducial,AP_BP_16,AP_BP_16,x,3084.3834,0.15,mm,false
14,FAT IO,fiducial,Fiducial,Fiducial,AP_BP_16,AP_BP_16,y,-419.8576,0.15,mm,false
14,FAT IO,fiducial,Fiducial,Fiducial,AP_BP_16,AP_BP_16,z,45.7756,0.15,mm,false
14,FAT IO,fiducial,Fiducial,Fiducial,AU_CP_4,AU_CP_4,x,4814.0286,0.15,mm,false
14,FAT IO,fiducial,Fiducial,Fiducial,AU_CP_4,AU_CP_4,y,751.6649,0.15,mm,false
14,FAT IO,fiducial,Fiducial,Fiducial,AU_CP_4,AU_CP_4,z,-5941.9576,0.15,mm,false
14,FAT IO,fiducial,Fiducial,Fiducial,AU_CP_5,AU_CP_5,x,4813.8227,0.15,mm,false
14,FAT IO,fiducial,Fiducial,Fiducial,AU_CP_5,AU_CP_5,y,-756.3473,0.15,mm,false
14,FAT IO,fiducial,Fiducial,Fiducial,AU_CP_5,AU_CP_5,z,-5914.1387,0.15,mm,false
14,FAT IO,fiducial,Fiducial,Fiducial,AU_CP_6,AU_CP_6,x,4039.9454,0.15,mm,false
14,FAT IO,fiducial,Fiducial,Fiducial,AU_CP_6,AU_CP_6,y,733.2139,0.15,mm,false
14,FAT IO,fiducial,Fiducial,Fiducial,AU_CP_6,AU_CP_6,z,-5662.8734,0.15,mm,false
14,FAT IO,fiducial,Fiducial,Fiducial,AU_CP_10,AU_CP_10,x,2169.6595,0.15,mm,false
14,FAT IO,fiducial,Fiducial,Fiducial,AU_CP_10,AU_CP_10,y,-42.3295,0.15,mm,false
14,FAT IO,fiducial,Fiducial,Fiducial,AU_CP_10,AU_CP_10,z,-5778.8499,0.15,mm,false
14,FAT IO,fiducial,Fiducial,Fiducial,AU_CP_11,AU_CP_11,x,2163.5243,0.15,mm,false
14,FAT IO,fiducial,Fiducial,Fiducial,AU_CP_11,AU_CP_11,y,4.5177,0.15,mm,false
14,FAT IO,fiducial,Fiducial,Fiducial,AU_CP_11,AU_CP_11,z,-4207.9203,0.15,mm,false
14,FAT IO,fiducial,Fiducial,Fiducial,AU_CP_19,AU_CP_19,x,2163.428,0.15,mm,false
14,FAT IO,fiducial,Fiducial,Fiducial,AU_CP_19,AU_CP_19,y,-0.8954,0.15,mm,false
14,FAT IO,fiducial,Fiducial,Fiducial,AU_CP_19,AU_CP_19,z,-887.1029,0.15,mm,false
14,FAT IO,fiducial,Fiducial,Fiducial,AU_CP_22,AU_CP_22,x,2163.4345,0.15,mm,false
14,FAT IO,fiducial,Fiducial,Fiducial,AU_CP_22,AU_CP_22,y,-2.8573,0.15,mm,false
14,FAT IO,fiducial,Fiducial,Fiducial,AU_CP_22,AU_CP_22,z,1439.3349,0.15,mm,false
14,FAT IO,fiducial,Fiducial,Fiducial,AU_CP_26,AU_CP_26,x,2163.8156,0.15,mm,false
14,FAT IO,fiducial,Fiducial,Fiducial,AU_CP_26,AU_CP_26,y,1.2928,0.15,mm,false
14,FAT IO,fiducial,Fiducial,Fiducial,AU_CP_26,AU_CP_26,z,4201.5641,0.15,mm,false
14,FAT IO,fiducial,Fiducial,Fiducial,AU_CP_40,AU_CP_40,x,2843.7713,0.15,mm,false
14,FAT IO,fiducial,Fiducial,Fiducial,AU_CP_40,AU_CP_40,y,-44.4758,0.15,mm,false
14,FAT IO,fiducial,Fiducial,Fiducial,AU_CP_40,AU_CP_40,z,-8172.53,0.15,mm,false
14,FAT IO,fiducial,Fiducial,Fiducial,BU_CP_15,BU_CP_15,x,9611.6821,0.15,mm,false
14,FAT IO,fiducial,Fiducial,Fiducial,BU_CP_15,BU_CP_15,y,52.0031,0.15,mm,false
14,FAT IO,fiducial,Fiducial,Fiducial,BU_CP_15,BU_CP_15,z,4454.7511,0.15,mm,false
14,FAT IO,fiducial,Fiducial,Fiducial,BU_CP_18,BU_CP_18,x,9097.3134,0.15,mm,false
14,FAT IO,fiducial,Fiducial,Fiducial,BU_CP_18,BU_CP_18,y,686.3804,0.15,mm,false
14,FAT IO,fiducial,Fiducial,Fiducial,BU_CP_18,BU_CP_18,z,3795.5901,0.15,mm,false
14,FAT IO,fiducial,Fiducial,Fiducial,BU_CP_43,BU_CP_43,x,10688.9297,0.15,mm,false
14,FAT IO,fiducial,Fiducial,Fiducial,BU_CP_43,BU_CP_43,y,-546.5892,0.15,mm,false
14,FAT IO,fiducial,Fiducial,Fiducial,BU_CP_43,BU_CP_43,z,-215.8516,0.15,mm,false
14,FAT IO,fiducial,Fiducial,Fiducial,BU_CP_70,BU_CP_70,x,9190.2849,0.15,mm,false
14,FAT IO,fiducial,Fiducial,Fiducial,BU_CP_70,BU_CP_70,y,-546.5584,0.15,mm,false
14,FAT IO,fiducial,Fiducial,Fiducial,BU_CP_70,BU_CP_70,z,-4218.7203,0.15,mm,false
14,FAT IO,fiducial,Fiducial,Fiducial,BU_CP_74,BU_CP_74,x,7198.5986,0.15,mm,false
14,FAT IO,fiducial,Fiducial,Fiducial,BU_CP_74,BU_CP_74,y,541.7422,0.15,mm,false
14,FAT IO,fiducial,Fiducial,Fiducial,BU_CP_74,BU_CP_74,z,-5452.2703,0.15,mm,false
15,FAT IO,transform,,,,,dx,-0.3789323053504899,,mm,false
15,FAT IO,transform,,,,,dy,0.407716539426075,,mm,false
15,FAT IO,transform,,,,,dz,0.1104652000037224,,mm,false
15,FAT IO,transform,,,,,rx,-0.01214469476317213,,deg,false
15,FAT IO,transform,,,,,ry,-0.006822016501549576,,deg,false
15,FAT IO,transform,,,,,rz,-0.002644235889010692,,deg,false
15,FAT IO,fiducial,CCL,CCL,A,A,x,2713.711350641258,0.4493865149487669,mm,false
15,FAT IO,fiducial,CCL,CCL,A,A,y,-0.4912399936285796,0.4493865149487669,mm,false
15,FAT IO,fiducial,CCL,CCL,A,A,z,-3697.486427428476,0.4493865149487669,mm,false
15,FAT IO,fiducial,CCL,CCL,B,B,x,2712.860705929786,0.5115023616140533,mm,false
15,FAT IO,fiducial,CCL,CCL,B,B,y,1.016495590135691,0.5115023616140533,mm,false
15,FAT IO,fiducial,CCL,CCL,B,B,z,3698.723370281225,0.5115023616140533,mm,false
15,FAT IO,fiducial,CCL,CCL,C,C,x,5331.741403625522,0.5208970851175633,mm,false
15,FAT IO,fiducial,CCL,CCL,C,C,y,-0.9139210605131252,0.5208970851175633,mm,false
15,FAT IO,fiducial,CCL,CCL,C,C,z,6295.665677558814,0.5208970851175633,mm,false
15,FAT IO,fiducial,CCL,CCL,D,D,x,8978.202924737441,0.5335396203586635,mm,false
15,FAT IO,fiducial,CCL,CCL,D,D,y,-0.3164193835100443,0.5335396203586635,mm,false
15,FAT IO,fiducial,CCL,CCL,D,D,z,4435.819667900514,0.5335396203586635,mm,false
15,FAT IO,fiducial,CCL,CCL,E,E,x,9585.711167303436,0.5450679982650037,mm,false
15,FAT IO,fiducial,CCL,CCL,E,E,y,0.742140316173546,0.5450679982650037,mm,false
15,FAT IO,fiducial,CCL,CCL,E,E,z,-3694.998462796158,0.5450679982650037,mm,false
15,FAT IO,fiducial,CCL,CCL,F,F',x,3398.357500245741,0.4987251357953769,mm,false
15,FAT IO,fiducial,CCL,CCL,F,F',y,-0.4353750114641106,0.4987251357953769,mm,false
15,FAT IO,fiducial,CCL,CCL,F,F',z,-5596.61497687184,0.4987251357953769,mm,false
15,FAT IO,fiducial,CCL,CCL,G,G,x,10730.40117345933,0.5300461809993201,mm,false
15,FAT IO,fiducial,CCL,CCL,G,G,y,-0.04753458552370904,0.5300461809993201,mm,false
15,FAT IO,fiducial,CCL,CCL,G,G,z,-0.1718918160855207,0.5300461809993201,mm,false
15,FAT IO,fiducial,CCL,CCL,H,H,x,2713.561150566696,0.5026769685200312,mm,false
15,FAT IO,fiducial,CCL,CCL,H,H,y,0.4224105638731448,0.5026769685200312,mm,false
15,FAT IO,fiducial,CCL,CCL,H,H,z,-0.3465297125952031,0.5026769685200312,mm,false
15,FAT IO,fiducial,Fiducial,Fiducial,A1-AU,A1-AU,x,2144.35,0.15,mm,false
15,FAT IO,fiducial,Fiducial,Fiducial,A1-AU,A1-AU,y,-0.36,0.15,mm,false
15,FAT IO,fiducial,Fiducial,Fiducial,A1-AU,A1-AU,z,-3699.61,0.15,mm,false
15,FAT IO,fiducial,Fiducial,Fiducial,H1-AU,H1-AU,x,2144.74,0.15,mm,false
15,FAT IO,fiducial,Fiducial,Fiducial,H1-AU,H1-AU,y,0.15,0.15,mm,false
15,FAT IO,fiducial,Fiducial,Fiducial,H1-AU,H1-AU,z,0.1900000000000013,0.15,mm,false
15,FAT IO,fiducial,Fiducial,Fiducial,A3-AP,A3-AP,x,3135.13,0.15,mm,false
15,FAT IO,fiducial,Fiducial,Fiducial,A3-AP,A3-AP,y,0.25,0.15,mm,false
15,FAT IO,fiducial,Fiducial,Fiducial,A3-AP,A3-AP,z,-3699.94,0.15,mm,false
15,FAT IO,fiducial,Fiducial,Fiducial,A4-AU,A4-AU,x,2707.45,0.15,mm,false
15,FAT IO,fiducial,Fiducial,Fiducial,A4-AU,A4-AU,y,-518.83,0.15,mm,false
15,FAT IO,fiducial,Fiducial,Fiducial,A4-AU,A4-AU,z,-3700.65,0.15,mm,false
15,FAT IO,fiducial,Fiducial,Fiducial,B1-AU,B1-AU,x,2143.46,0.15,mm,false
15,FAT IO,fiducial,Fiducial,Fiducial,B1-AU,B1-AU,y,1.08,0.15,mm,false
15,FAT IO,fiducial,Fiducial,Fiducial,B1-AU,B1-AU,z,3699.97,0.15,mm,false
15,FAT IO,fiducial,Fiducial,Fiducial,B3-AP,B3-AP,x,3134.5,0.15,mm,false
15,FAT IO,fiducial,Fiducial,Fiducial,B3-AP,B3-AP,y,1.24,0.15,mm,false
15,FAT IO,fiducial,Fiducial,Fiducial,B3-AP,B3-AP,z,3699.28,0.15,mm,false
15,FAT IO,fiducial,Fiducial,Fiducial,B4-AU,B4-AU,x,2706.25,0.15,mm,false
15,FAT IO,fiducial,Fiducial,Fiducial,B4-AU,B4-AU,y,-517.3,0.15,mm,false
15,FAT IO,fiducial,Fiducial,Fiducial,B4-AU,B4-AU,z,3700.36,0.15,mm,false
15,FAT IO,fiducial,Fiducial,Fiducial,D1-BU,D1-BU,x,9141.53,0.15,mm,false
15,FAT IO,fiducial,Fiducial,Fiducial,D1-BU,D1-BU,y,1.36,0.15,mm,false
15,FAT IO,fiducial,Fiducial,Fiducial,D1-BU,D1-BU,z,4992.22,0.15,mm,false
15,FAT IO,fiducial,Fiducial,Fiducial,D2-BU,D2-BU,x,8784.97,0.15,mm,false
15,FAT IO,fiducial,Fiducial,Fiducial,D2-BU,D2-BU,y,564.65,0.15,mm,false
15,FAT IO,fiducial,Fiducial,Fiducial,D2-BU,D2-BU,z,4633.25,0.15,mm,false
15,FAT IO,fiducial,Fiducial,Fiducial,D3-BP,D3-BP,x,8448.7,0.15,mm,false
15,FAT IO,fiducial,Fiducial,Fiducial,D3-BP,D3-BP,y,1.55,0.15,mm,false
15,FAT IO,fiducial,Fiducial,Fiducial,D3-BP,D3-BP,z,4301.8,0.15,mm,false
15,FAT IO,fiducial,Fiducial,Fiducial,E2-BU,E2-BU,x,9103.07,0.15,mm,false
15,FAT IO,fiducial,Fiducial,Fiducial,E2-BU,E2-BU,y,561.99,0.15,mm,false
15,FAT IO,fiducial,Fiducial,Fiducial,E2-BU,E2-BU,z,-4312.34,0.15,mm,false
15,FAT IO,fiducial,Fiducial,Fiducial,E3-BP,E3-BP,x,8739.73,0.15,mm,false
15,FAT IO,fiducial,Fiducial,Fiducial,E3-BP,E3-BP,y,-1.01,0.15,mm,false
15,FAT IO,fiducial,Fiducial,Fiducial,E3-BP,E3-BP,z,-3995.8,0.15,mm,false
15,FAT IO,fiducial,Fiducial,Fiducial,G1-BU,G1-BU,x,11231.83,0.15,mm,false
15,FAT IO,fiducial,Fiducial,Fiducial,G1-BU,G1-BU,y,0.93,0.15,mm,false
15,FAT IO,fiducial,Fiducial,Fiducial,G1-BU,G1-BU,z,0.3000000000000007,0.15,mm,false
15,FAT IO,fiducial,Fiducial,Fiducial,G4-BU,G4-BU,x,10725.21,0.15,mm,false
15,FAT IO,fiducial,Fiducial,Fiducial,G4-BU,G4-BU,y,-563.37,0.15,mm,false
15,FAT IO,fiducial,Fiducial,Fiducial,G4-BU,G4-BU,z,0.4800000000000004,0.15,mm,false
15,FAT IO,fiducial,Fiducial,Fiducial,P1-IOIS,P1-IOIS,x,9463.7,0.15,mm,false
15,FAT IO,fiducial,Fiducial,Fiducial,P1-IOIS,P1-IOIS,y,1221.05,0.15,mm,false
15,FAT IO,fiducial,Fiducial,Fiducial,P1-IOIS,P1-IOIS,z,3928.02,0.15,mm,false
15,FAT IO,fiducial,Fiducial,Fiducial,P9-OIS,P9-OIS,x,5988.05,0.15,mm,false
15,FAT IO,fiducial,Fiducial,Fiducial,P9-OIS,P9-OIS,y,-1090.17,0.15,mm,false
15,FAT IO,fiducial,Fiducial,Fiducial,P9-OIS,P9-OIS,z,6120.0,0.15,mm,false
15,FAT IO,fiducial,Fiducial,Fiducial,P1-PF1,P1-PF1,x,3127.55,0.15,mm,false
15,FAT IO,fiducial,Fiducial,Fiducial,P1-PF1,P1-PF1,y,2.66,0.15,mm,false
15,FAT IO,fiducial,Fiducial,Fiducial,P1-PF1,P1-PF1,z,8287.92,0.15,mm,false
15,FAT IO,fiducial,Fiducial,Fiducial,P1-PF2,P1-PF2,x,7716.13,0.15,mm,false
15,FAT IO,fiducial,Fiducial,Fiducial,P1-PF2,P1-PF2,y,2.22,0.15,mm,false
15,FAT IO,fiducial,Fiducial,Fiducial,P1-PF2,P1-PF2,z,7008.26,0.15,mm,false
15,FAT IO,fiducial,Fiducial,Fiducial,P1-PF5,P1-PF5,x,7747.96,0.15,mm,false
15,FAT IO,fiducial,Fiducial,Fiducial,P1-PF5,P1-PF5,y,-1.94,0.15,mm,false
15,FAT IO,fiducial,Fiducial,Fiducial,P1-PF5,P1-PF5,z,-7404.41,0.15,mm,false
15,FAT IO,fiducial,Fiducial,Fiducial,P1-PF6,P1-PF6,x,3130.4,0.15,mm,false
15,FAT IO,fiducial,Fiducial,Fiducial,P1-PF6,P1-PF6,y,-1.57,0.15,mm,false
15,FAT IO,fiducial,Fiducial,Fiducial,P1-PF6,P1-PF6,z,-8286.72,0.15,mm,false
15,FAT IO,fiducial,Fiducial,Fiducial,P1-TCC,P1-TCC,x,5782.3,0.15,mm,false
15,FAT IO,fiducial,Fiducial,Fiducial,P1-TCC,P1-TCC,y,227.1,0.15,mm,false
15,FAT IO,fiducial,Fiducial,Fiducial,P1-TCC,P1-TCC,z,6938.99,0.15,mm,false
15,FAT IO,fiducial,Fiducial,Fiducial,P10-OIS,P10-OIS,x,5987.58,0.15,mm,false
15,FAT IO,fiducial,Fiducial,Fiducial,P10-OIS,P10-OIS,y,-1092.8,0.15,mm,false
15,FAT IO,fiducial,Fiducial,Fiducial,P10-OIS,P10-OIS,z,-6118.93,0.15,mm,false
15,FAT IO,fiducial,Fiducial,Fiducial,P11-IOIS,P11-IOIS,x,10278.86,0.15,mm,false
15,FAT IO,fiducial,Fiducial,Fiducial,P11-IOIS,P11-IOIS,y,-1750.62,0.15,mm,false
15,FAT IO,fiducial,Fiducial,Fiducial,P11-IOIS,P11-IOIS,z,-2152.69,0.15,mm,false
15,FAT IO,fiducial,Fiducial,Fiducial,P11-OIS,P11-OIS,x,7537.04,0.15,mm,false
15,FAT IO,fiducial,Fiducial,Fiducial,P11-OIS,P11-OIS,y,-1369.12,0.15,mm,false
15,FAT IO,fiducial,Fiducial,Fiducial,P11-OIS,P11-OIS,z,-6355.63,0.15,mm,false
15,FAT IO,fiducial,Fiducial,Fiducial,P12-IOIS,P12-IOIS,x,10039.75,0.15,mm,false
15,FAT IO,fiducial,Fiducial,Fiducial,P12-IOIS,P12-IOIS,y,-1321.55,0.15,mm,false
15,FAT IO,fiducial,Fiducial,Fiducial,P12-IOIS,P12-IOIS,z,-3030.48,0.15,mm,false
15,FAT IO,fiducial,Fiducial,Fiducial,P12-SCC,P12-SCC,x,10637.15,0.15,mm,false
15,FAT IO,fiducial,Fiducial,Fiducial,P12-SCC,P12-SCC,y,706.37,0.15,mm,false
15,FAT IO,fiducial,Fiducial,Fiducial,P12-SCC,P12-SCC,z,-2957.31,0.15,mm,false
15,FAT IO,fiducial,Fiducial,Fiducial,P14-SCC,P14-SCC,x,11190.56,0.15,mm,false
15,FAT IO,fiducial,Fiducial,Fiducial,P14-SCC,P14-SCC,y,-248.36,0.15,mm,false
15,FAT IO,fiducial,Fiducial,Fiducial,P14-SCC,P14-SCC,z,3841.39,0.15,mm,false
15,FAT IO,fiducial,Fiducial,Fiducial,P2-OIS,P2-OIS,x,7537.53,0.15,mm,false
15,FAT IO,fiducial,Fiducial,Fiducial,P2-OIS,P2-OIS,y,1369.51,0.15,mm,false
15,FAT IO,fiducial,Fiducial,Fiducial,P2-OIS,P2-OIS,z,6355.47,0.15,mm,false
15,FAT IO,fiducial,Fiducial,Fiducial,P2-PF1,P2-PF1,x,4779.89,0.15,mm,false
15,FAT IO,fiducial,Fiducial,Fiducial,P2-PF1,P2-PF1,y,307.78,0.15,mm,false
15,FAT IO,fiducial,Fiducial,Fiducial,P2-PF1,P2-PF1,z,8287.96,0.15,mm,false
15,FAT IO,fiducial,Fiducial,Fiducial,P2-PF2,P2-PF2,x,9000.73,0.15,mm,false
15,FAT IO,fiducial,Fiducial,Fiducial,P2-PF2,P2-PF2,y,301.91,0.15,mm,false
15,FAT IO,fiducial,Fiducial,Fiducial,P2-PF2,P2-PF2,z,7007.11,0.15,mm,false
15,FAT IO,fiducial,Fiducial,Fiducial,P2-PF5,P2-PF5,x,9204.9,0.15,mm,false
15,FAT IO,fiducial,Fiducial,Fiducial,P2-PF5,P2-PF5,y,313.48,0.15,mm,false
15,FAT IO,fiducial,Fiducial,Fiducial,P2-PF5,P2-PF5,z,-7402.79,0.15,mm,false
15,FAT IO,fiducial,Fiducial,Fiducial,P2-PF6,P2-PF6,x,5429.83,0.15,mm,false
15,FAT IO,fiducial,Fiducial,Fiducial,P2-PF6,P2-PF6,y,306.72,0.15,mm,false
15,FAT IO,fiducial,Fiducial,Fiducial,P2-PF6,P2-PF6,z,-8286.44,0.15,mm,false
15,FAT IO,fiducial,Fiducial,Fiducial,P3-OIS,P3-OIS,x,5989.49,0.15,mm,false
15,FAT IO,fiducial,Fiducial,Fiducial,P3-OIS,P3-OIS,y,1094.36,0.15,mm,false
15,FAT IO,fiducial,Fiducial,Fiducial,P3-OIS,P3-OIS,z,6119.35,0.15,mm,false
15,FAT IO,fiducial,Fiducial,Fiducial,P3-PF1,P3-PF1,x,4778.38,0.15,mm,false
15,FAT IO,fiducial,Fiducial,Fiducial,P3-PF1,P3-PF1,y,-305.64,0.15,mm,false
15,FAT IO,fiducial,Fiducial,Fiducial,P3-PF1,P3-PF1,z,8287.8,0.15,mm,false
15,FAT IO,fiducial,Fiducial,Fiducial,P3-PF2,P3-PF2,x,9000.85,0.15,mm,false
15,FAT IO,fiducial,Fiducial,Fiducial,P3-PF2,P3-PF2,y,-298.08,0.15,mm,false
15,FAT IO,fiducial,Fiducial,Fiducial,P3-PF2,P3-PF2,z,7006.95,0.15,mm,false
15,FAT IO,fiducial,Fiducial,Fiducial,P3-PF5,P3-PF5,x,9204.82,0.15,mm,false
15,FAT IO,fiducial,Fiducial,Fiducial,P3-PF5,P3-PF5,y,-316.77,0.15,mm,false
15,FAT IO,fiducial,Fiducial,Fiducial,P3-PF5,P3-PF5,z,-7402.67,0.15,mm,false
15,FAT IO,fiducial,Fiducial,Fiducial,P3-PF6,P3-PF6,x,5430.01,0.15,mm,false
15,FAT IO,fiducial,Fiducial,Fiducial,P3-PF6,P3-PF6,y,-309.22,0.15,mm,false
15,FAT IO,fiducial,Fiducial,Fiducial,P3-PF6,P3-PF6,z,-8286.13,0.15,mm,false
15,FAT IO,fiducial,Fiducial,Fiducial,P4-OIS,P4-OIS,x,5988.55,0.15,mm,false
15,FAT IO,fiducial,Fiducial,Fiducial,P4-OIS,P4-OIS,y,1090.55,0.15,mm,false
15,FAT IO,fiducial,Fiducial,Fiducial,P4-OIS,P4-OIS,z,-6121.25,0.15,mm,false
15,FAT IO,fiducial,Fiducial,Fiducial,P5-OIS,P5-OIS,x,7538.27,0.15,mm,false
15,FAT IO,fiducial,Fiducial,Fiducial,P5-OIS,P5-OIS,y,1366.03,0.15,mm,false
15,FAT IO,fiducial,Fiducial,Fiducial,P5-OIS,P5-OIS,z,-6357.21,0.15,mm,false
15,FAT IO,fiducial,Fiducial,Fiducial,P6-IOIS,P6-IOIS,x,10039.76,0.15,mm,false
15,FAT IO,fiducial,Fiducial,Fiducial,P6-IOIS,P6-IOIS,y,1320.18,0.15,mm,false
15,FAT IO,fiducial,Fiducial,Fiducial,P6-IOIS,P6-IOIS,z,-3030.77,0.15,mm,false
15,FAT IO,fiducial,Fiducial,Fiducial,P6-OIS,P6-OIS,x,5987.95,0.15,mm,false
15,FAT IO,fiducial,Fiducial,Fiducial,P6-OIS,P6-OIS,y,1092.32,0.15,mm,false
15,FAT IO,fiducial,Fiducial,Fiducial,P6-OIS,P6-OIS,z,-6593.29,0.15,mm,false
15,FAT IO,fiducial,Fiducial,Fiducial,P6-TCC,P6-TCC,x,5782.26,0.15,mm,false
15,FAT IO,fiducial,Fiducial,Fiducial,P6-TCC,P6-TCC,y,-223.16,0.15,mm,false
15,FAT IO,fiducial,Fiducial,Fiducial,P6-TCC,P6-TCC,z,6938.95,0.15,mm,false
15,FAT IO,fiducial,Fiducial,Fiducial,P7-IOIS,P7-IOIS,x,9463.51,0.15,mm,false
15,FAT IO,fiducial,Fiducial,Fiducial,P7-IOIS,P7-IOIS,y,-1217.66,0.15,mm,false
15,FAT IO,fiducial,Fiducial,Fiducial,P7-IOIS,P7-IOIS,z,3928.92,0.15,mm,false
15,FAT IO,fiducial,Fiducial,Fiducial,P8-OIS,P8-OIS,x,7537.15,0.15,mm,false
15,FAT IO,fiducial,Fiducial,Fiducial,P8-OIS,P8-OIS,y,-1365.67,0.15,mm,false
15,FAT IO,fiducial,Fiducial,Fiducial,P8-OIS,P8-OIS,z,6356.98,0.15,mm,false
14,SSAT BR,fiducial,CCL,CCL,A,A,x,2712.41219683792,0.7,mm,false
14,SSAT BR,fiducial,CCL,CCL,A,A,y,-0.002947523287086085,0.7,mm,false
14,SSAT BR,fiducial,CCL,CCL,A,A,z,-3699.819919541942,0.7,mm,false
14,SSAT BR,fiducial,CCL,CCL,B,B,x,2712.679729124093,0.7,mm,false
14,SSAT BR,fiducial,CCL,CCL,B,B,y,0.3824306227218051,0.7,mm,false
14,SSAT BR,fiducial,CCL,CCL,B,B,z,3700.280066810982,0.7,mm,false
14,SSAT BR,fiducial,CCL,CCL,C,C,x,5334.344627346771,0.4,mm,false
14,SSAT BR,fiducial,CCL,CCL,C,C,y,0.1096365011276479,0.4,mm,false
14,SSAT BR,fiducial,CCL,CCL,C,C,z,6297.50301268673,0.4,mm,false
14,SSAT BR,fiducial,CCL,CCL,D,D,x,8978.119207257183,0.7,mm,false
14,SSAT BR,fiducial,CCL,CCL,D,D,y,0.4748411064310766,0.7,mm,false
14,SSAT BR,fiducial,CCL,CCL,D,D,z,4436.169570805941,0.7,mm,false
14,SSAT BR,fiducial,CCL,CCL,E,E,x,9585.206002486328,0.7,mm,false
14,SSAT BR,fiducial,CCL,CCL,E,E,y,0.1225457016942718,0.7,mm,false
14,SSAT BR,fiducial,CCL,CCL,E,E,z,-3694.457748510764,0.7,mm,false
14,SSAT BR,fiducial,CCL,CCL,F,F',x,4283.789250477967,0.4,mm,false
14,SSAT BR,fiducial,CCL,CCL,F,F',y,0.7850188818716676,0.4,mm,false
14,SSAT BR,fiducial,CCL,CCL,F,F',z,-6133.978123107938,0.4,mm,false
14,SSAT BR,fiducial,CCL,CCL,G,G,x,10729.83105912245,0.7,mm,false
14,SSAT BR,fiducial,CCL,CCL,G,G,y,-0.4562204778169187,0.7,mm,false
14,SSAT BR,fiducial,CCL,CCL,G,G,z,-0.1854748716070452,0.7,mm,false
14,SSAT BR,fiducial,CCL,CCL,H,H,x,2713.14111803576,0.4,mm,false
14,SSAT BR,fiducial,CCL,CCL,H,H,y,-1.075164842921644,0.4,mm,false
14,SSAT BR,fiducial,CCL,CCL,H,H,z,0.1901150465353819,0.4,mm,false
14,SSAT BR,fiducial,Fiducial,Fiducial,B2-AU,B2-AU,x,2709.1,,mm,false
14,SSAT BR,fiducial,Fiducial,Fiducial,B2-AU,B2-AU,y,518.05,,mm,false
14,SSAT BR,fiducial,Fiducial,Fiducial,B2-AU,B2-AU,z,3700.27,,mm,false
14,SSAT BR,fiducial,Fiducial,Fiducial,H2-AU,H2-AU,x,2707.16,,mm,false
14,SSAT BR,fiducial,Fiducial,Fiducial,H2-AU,H2-AU,y,519.02,,mm,false
14,SSAT BR,fiducial,Fiducial,Fiducial,H2-AU,H2-AU,z,-0.03999999999999915,,mm,false
14,SSAT BR,fiducial,Fiducial,Fiducial,A2-AU,A2-AU,x,2709.1,,mm,false
14,SSAT BR,fiducial,Fiducial,Fiducial,A2-AU,A2-AU,y,518.01,,mm,false
14,SSAT BR,fiducial,Fiducial,Fiducial,A2-AU,A2-AU,z,-3700.03,,mm,false
14,SSAT BR,fiducial,Fiducial,Fiducial,AU_CP_26,AU_CP_26,x,2163.6,,mm,false
14,SSAT BR,fiducial,Fiducial,Fiducial,AU_CP_26,AU_CP_26,y,1.1,,mm,false
14,SSAT BR,fiducial,Fiducial,Fiducial,AU_CP_26,AU_CP_26,z,4201.32,,mm,false
14,SSAT BR,fiducial,Fiducial,Fiducial,AU_CP_22,AU_CP_22,x,2162.96,,mm,false
14,SSAT BR,fiducial,Fiducial,Fiducial,AU_CP_22,AU_CP_22,y,-2.76,,mm,false
14,SSAT BR,fiducial,Fiducial,Fiducial,AU_CP_22,AU_CP_22,z,1439.14,,mm,false
14,SSAT BR,fiducial,Fiducial,Fiducial,AU_CP_11,AU_CP_11,x,2163.08,,mm,false
14,SSAT BR,fiducial,Fiducial,Fiducial,AU_CP_11,AU_CP_11,y,4.73,,mm,false
14,SSAT BR,fiducial,Fiducial,Fiducial,AU_CP_11,AU_CP_11,z,-4208.12,,mm,false
14,SSAT BR,fiducial,Fiducial,Fiducial,AU_CP_6,AU_CP_6,x,4039.86,,mm,false
14,SSAT BR,fiducial,Fiducial,Fiducial,AU_CP_6,AU_CP_6,y,733.34,,mm,false
14,SSAT BR,fiducial,Fiducial,Fiducial,AU_CP_6,AU_CP_6,z,-5662.69,,mm,false
14,SSAT BR,fiducial,Fiducial,Fiducial,AU_CP_19,AU_CP_19,x,2162.79,,mm,false
14,SSAT BR,fiducial,Fiducial,Fiducial,AU_CP_19,AU_CP_19,y,-0.73,,mm,false
14,SSAT BR,fiducial,Fiducial,Fiducial,AU_CP_19,AU_CP_19,z,-887.31,,mm,false
14,SSAT BR,fiducial,Fiducial,Fiducial,TF14_B1-AU,TF14_B1-AU,x,2144.92,,mm,false
14,SSAT BR,fiducial,Fiducial,Fiducial,TF14_B1-AU,TF14_B1-AU,y,-0.27,,mm,false
14,SSAT BR,fiducial,Fiducial,Fiducial,TF14_B1-AU,TF14_B1-AU,z,3699.07,,mm,false
14,SSAT BR,fiducial,Fiducial,Fiducial,TF14_H1-AU,TF14_H1-AU,x,2144.25,,mm,false
14,SSAT BR,fiducial,Fiducial,Fiducial,TF14_H1-AU,TF14_H1-AU,y,0.32,,mm,false
14,SSAT BR,fiducial,Fiducial,Fiducial,TF14_H1-AU,TF14_H1-AU,z,-0.03999999999999915,,mm,false
14,SSAT BR,fiducial,Fiducial,Fiducial,TF14_A1-AU,TF14_A1-AU,x,2144.47,,mm,false
14,SSAT BR,fiducial,Fiducial,Fiducial,TF14_A1-AU,TF14_A1-AU,y,0.7,,mm,false
14,SSAT BR,fiducial,Fiducial,Fiducial,TF14_A1-AU,TF14_A1-AU,z,-3700.01,,mm,false
14,SSAT BR,fiducial,Fiducial,Fiducial,P5-OIS,P5-OIS,x,7541.56,,mm,false
14,SSAT BR,fiducial,Fiducial,Fiducial,P5-OIS,P5-OIS,y,1367.22,,mm,false
14,SSAT BR,fiducial,Fiducial,Fiducial,P5-OIS,P5-OIS,z,-6354.0,,mm,false
14,SSAT BR,fiducial,Fiducial,Fiducial,P15-IOIS,P15-IOIS,x,10486.65,,mm,false
14,SSAT BR,fiducial,Fiducial,Fiducial,P15-IOIS,P15-IOIS,y,1881.49,,mm,false
14,SSAT BR,fiducial,Fiducial,Fiducial,P15-IOIS,P15-IOIS,z,-1244.31,,mm,false
14,SSAT BR,fiducial,Fiducial,Fiducial,G2-BU,G2-BU,x,10730.25,,mm,false
14,SSAT BR,fiducial,Fiducial,Fiducial,G2-BU,G2-BU,y,562.31,,mm,false
14,SSAT BR,fiducial,Fiducial,Fiducial,G2-BU,G2-BU,z,-0.120000000000001,,mm,false
14,SSAT BR,fiducial,Fiducial,Fiducial,P13-IOIS,P13-IOIS,x,9298.43,,mm,false
14,SSAT BR,fiducial,Fiducial,Fiducial,P13-IOIS,P13-IOIS,y,1670.96,,mm,false
14,SSAT BR,fiducial,Fiducial,Fiducial,P13-IOIS,P13-IOIS,z,3878.33,,mm,false
14,SSAT BR,fiducial,Fiducial,Fiducial,P2-OIS,P2-OIS,x,7539.61,,mm,false
14,SSAT BR,fiducial,Fiducial,Fiducial,P2-OIS,P2-OIS,y,1367.61,,mm,false
14,SSAT BR,fiducial,Fiducial,Fiducial,P2-OIS,P2-OIS,z,6353.69,,mm,false
14,SSAT BR,fiducial,Fiducial,Fiducial,BU_CP_15,BU_CP_15,x,9611.85,,mm,false
14,SSAT BR,fiducial,Fiducial,Fiducial,BU_CP_15,BU_CP_15,y,52.41,,mm,false
14,SSAT BR,fiducial,Fiducial,Fiducial,BU_CP_15,BU_CP_15,z,4454.64,,mm,false
14,SSAT BR,fiducial,Fiducial,Fiducial,D1-BU,D1-BU,x,9144.97,,mm,false
14,SSAT BR,fiducial,Fiducial,Fiducial,D1-BU,D1-BU,y,-0.11,,mm,false
14,SSAT BR,fiducial,Fiducial,Fiducial,D1-BU,D1-BU,z,4990.12,,mm,false
14,SSAT BR,fiducial,Fiducial,Fiducial,TF14_G4-BU,TF14_G4-BU,x,10731.54,,mm,false
14,SSAT BR,fiducial,Fiducial,Fiducial,TF14_G4-BU,TF14_G4-BU,y,-564.55,,mm,false
14,SSAT BR,fiducial,Fiducial,Fiducial,TF14_G4-BU,TF14_G4-BU,z,0.2899999999999991,,mm,false
14,SSAT BR,fiducial,Fiducial,Fiducial,TF14_P19-IOIS,TF14_P19-IOIS,x,10485.05,,mm,false
14,SSAT BR,fiducial,Fiducial,Fiducial,TF14_P19-IOIS,TF14_P19-IOIS,y,-1883.45,,mm,false
14,SSAT BR,fiducial,Fiducial,Fiducial,TF14_P19-IOIS,TF14_P19-IOIS,z,-1245.36,,mm,false
14,SSAT BR,fiducial,Fiducial,Fiducial,TF14_A4-AU,TF14_A4-AU,x,2708.56,,mm,false
14,SSAT BR,fiducial,Fiducial,Fiducial,TF14_A4-AU,TF14_A4-AU,y,-520.56,,mm,false
14,SSAT BR,fiducial,Fiducial,Fiducial,TF14_A4-AU,TF14_A4-AU,z,-3698.86,,mm,false
14,SSAT BR,fiducial,Fiducial,Fiducial,TF14_P11-OIS,TF14_P11-OIS,x,7538.4,,mm,false
14,SSAT BR,fiducial,Fiducial,Fiducial,TF14_P11-OIS,TF14_P11-OIS,y,-1368.15,,mm,false
14,SSAT BR,fiducial,Fiducial,Fiducial,TF14_P11-OIS,TF14_P11-OIS,z,-6353.32,,mm,false
14,SSAT BR,fiducial,Fiducial,Fiducial,TF14_P9-OIS,TF14_P9-OIS,x,5990.69,,mm,false
14,SSAT BR,fiducial,Fiducial,Fiducial,TF14_P9-OIS,TF14_P9-OIS,y,-1092.78,,mm,false
14,SSAT BR,fiducial,Fiducial,Fiducial,TF14_P9-OIS,TF14_P9-OIS,z,6114.76,,mm,false
14,SSAT BR,fiducial,Fiducial,Fiducial,TF14_H4-AU,TF14_H4-AU,x,2707.13,,mm,false
14,SSAT BR,fiducial,Fiducial,Fiducial,TF14_H4-AU,TF14_H4-AU,y,-521.58,,mm,false
14,SSAT BR,fiducial,Fiducial,Fiducial,TF14_H4-AU,TF14_H4-AU,z,0.2899999999999991,,mm,false
14,SSAT BR,fiducial,Fiducial,Fiducial,BU_CP_43,BU_CP_43,x,10689.81,,mm,false
14,SSAT BR,fiducial,Fiducial,Fiducial,BU_CP_43,BU_CP_43,y,-546.46,,mm,false
14,SSAT BR,fiducial,Fiducial,Fiducial,BU_CP_43,BU_CP_43,z,-215.79,,mm,false
14,SSAT BR,fiducial,Fiducial,Fiducial,AP_BP_8,AP_BP_8,x,8885.6,,mm,false
14,SSAT BR,fiducial,Fiducial,Fiducial,AP_BP_8,AP_BP_8,y,-320.35,,mm,false
14,SSAT BR,fiducial,Fiducial,Fiducial,AP_BP_8,AP_BP_8,z,3856.74,,mm,false
14,SSAT BR,fiducial,Fiducial,Fiducial,TF14_G1-BU,TF14_G1-BU,x,11237.62,,mm,false
14,SSAT BR,fiducial,Fiducial,Fiducial,TF14_G1-BU,TF14_G1-BU,y,-1.13,,mm,false
14,SSAT BR,fiducial,Fiducial,Fiducial,TF14_G1-BU,TF14_G1-BU,z,-0.7699999999999996,,mm,false
14,SSAT BR,fiducial,Fiducial,Fiducial,TF14_P10-OIS,TF14_P10-OIS,x,5988.96,,mm,false
14,SSAT BR,fiducial,Fiducial,Fiducial,TF14_P10-OIS,TF14_P10-OIS,y,-1090.47,,mm,false
14,SSAT BR,fiducial,Fiducial,Fiducial,TF14_P10-OIS,TF14_P10-OIS,z,-6117.11,,mm,false
14,SSAT BR,fiducial,Fiducial,Fiducial,TF14_B4-AU,TF14_B4-AU,x,2709.2,,mm,false
14,SSAT BR,fiducial,Fiducial,Fiducial,TF14_B4-AU,TF14_B4-AU,y,-520.82,,mm,false
14,SSAT BR,fiducial,Fiducial,Fiducial,TF14_B4-AU,TF14_B4-AU,z,3699.56,,mm,false
14,SSAT BR,fiducial,Fiducial,Fiducial,TF14_P8-OIS,TF14_P8-OIS,x,7539.7,,mm,false
14,SSAT BR,fiducial,Fiducial,Fiducial,TF14_P8-OIS,TF14_P8-OIS,y,-1368.09,,mm,false
14,SSAT BR,fiducial,Fiducial,Fiducial,TF14_P8-OIS,TF14_P8-OIS,z,6352.81,,mm,false
14,SSAT BR,fiducial,Fiducial,Fiducial,BU_CP_70,BU_CP_70,x,9190.31,,mm,false
14,SSAT BR,fiducial,Fiducial,Fiducial,BU_CP_70,BU_CP_70,y,-546.8,,mm,false
14,SSAT BR,fiducial,Fiducial,Fiducial,BU_CP_70,BU_CP_70,z,-4218.32,,mm,false
14,SSAT BR,fiducial,Fiducial,Fiducial,AP_BP_12,AP_BP_12,x,4760.02,,mm,false
14,SSAT BR,fiducial,Fiducial,Fiducial,AP_BP_12,AP_BP_12,y,-282.62,,mm,false
14,SSAT BR,fiducial,Fiducial,Fiducial,AP_BP_12,AP_BP_12,z,5790.16,,mm,false
14,SSAT BR,fiducial,Fiducial,Fiducial,AP_BP_11,AP_BP_11,x,4769.93,,mm,false
14,SSAT BR,fiducial,Fiducial,Fiducial,AP_BP_11,AP_BP_11,y,298.79,,mm,false
14,SSAT BR,fiducial,Fiducial,Fiducial,AP_BP_11,AP_BP_11,z,5792.65,,mm,false
14,SSAT BR,fiducial,Fiducial,Fiducial,AU_CP_5,AU_CP_5,x,4813.49,,mm,false
14,SSAT BR,fiducial,Fiducial,Fiducial,AU_CP_5,AU_CP_5,y,-756.38,,mm,false
14,SSAT BR,fiducial,Fiducial,Fiducial,AU_CP_5,AU_CP_5,z,-5913.69,,mm,false
14,SSAT BR,fiducial,Fiducial,Fiducial,AP_BP_4,AP_BP_4,x,9530.47,,mm,false
14,SSAT BR,fiducial,Fiducial,Fiducial,AP_BP_4,AP_BP_4,y,-300.76,,mm,false
14,SSAT BR,fiducial,Fiducial,Fiducial,AP_BP_4,AP_BP_4,z,-2910.18,,mm,false
14,SSAT BR,fiducial,Fiducial,Fiducial,AP_BP_3,AP_BP_3,x,9570.66,,mm,false
14,SSAT BR,fiducial,Fiducial,Fiducial,AP_BP_3,AP_BP_3,y,266.44,,mm,false
14,SSAT BR,fiducial,Fiducial,Fiducial,AP_BP_3,AP_BP_3,z,-2836.88,,mm,false
14,SSAT BR,fiducial,Fiducial,Fiducial,TF14_D4-BU,TF14_D4-BU,x,8788.06,,mm,false
14,SSAT BR,fiducial,Fiducial,Fiducial,TF14_D4-BU,TF14_D4-BU,y,-564.44,,mm,false
14,SSAT BR,fiducial,Fiducial,Fiducial,TF14_D4-BU,TF14_D4-BU,z,4631.29,,mm,false
14,SSAT BR,fiducial,Fiducial,Fiducial,TF14_P18-IOIS,TF14_P18-IOIS,x,10101.13,,mm,false
14,SSAT BR,fiducial,Fiducial,Fiducial,TF14_P18-IOIS,TF14_P18-IOIS,y,-1814.44,,mm,false
14,SSAT BR,fiducial,Fiducial,Fiducial,TF14_P18-IOIS,TF14_P18-IOIS,z,2374.57,,mm,false
14,SSAT BR,fiducial,Fiducial,Fiducial,P6-OIS,P6-OIS,x,5990.76,,mm,false
14,SSAT BR,fiducial,Fiducial,Fiducial,P6-OIS,P6-OIS,y,1092.18,,mm,false
14,SSAT BR,fiducial,Fiducial,Fiducial,P6-OIS,P6-OIS,z,-6589.59,,mm,false
14,SSAT BR,fiducial,Fiducial,Fiducial,TF14_C2-AU,TF14_C2-AU,x,5336.12,,mm,false
14,SSAT BR,fiducial,Fiducial,Fiducial,TF14_C2-AU,TF14_C2-AU,y,561.45,,mm,false
14,SSAT BR,fiducial,Fiducial,Fiducial,TF14_C2-AU,TF14_C2-AU,z,6297.87,,mm,false
14,SSAT BR,fiducial,Fiducial,Fiducial,E2-BU,E2-BU,x,9106.36,,mm,false
14,SSAT BR,fiducial,Fiducial,Fiducial,E2-BU,E2-BU,y,562.64,,mm,false
14,SSAT BR,fiducial,Fiducial,Fiducial,E2-BU,E2-BU,z,-4312.61,,mm,false
14,SSAT BR,fiducial,Fiducial,Fiducial,AU_CP_4,AU_CP_4,x,4814.04,,mm,false
14,SSAT BR,fiducial,Fiducial,Fiducial,AU_CP_4,AU_CP_4,y,751.5,,mm,false
14,SSAT BR,fiducial,Fiducial,Fiducial,AU_CP_4,AU_CP_4,z,-5941.63,,mm,false
14,SSAT BR,fiducial,Fiducial,Fiducial,AP_BP_16,AP_BP_16,x,3083.81,,mm,false
14,SSAT BR,fiducial,Fiducial,Fiducial,AP_BP_16,AP_BP_16,y,-419.61,,mm,false
14,SSAT BR,fiducial,Fiducial,Fiducial,AP_BP_16,AP_BP_16,z,45.61,,mm,false
14,SSAT BR,fiducial,ILIS +1 side,ILIS +1 side,p1,p1,x,3021.82,,mm,false
14,SSAT BR,fiducial,ILIS +1 side,ILIS +1 side,p1,p1,y,531.31,,mm,false
14,SSAT BR,fiducial,ILIS +1 side,ILIS +1 side,p1,p1,z,-4368.59,,mm,false
14,SSAT BR,fiducial,ILIS +1 side,ILIS +1 side,p2,p2,x,2786.49,,mm,false
14,SSAT BR,fiducial,ILIS +1 side,ILIS +1 side,p2,p2,y,489.67,,mm,false
14,SSAT BR,fiducial,ILIS +1 side,ILIS +1 side,p2,p2,z,-4377.8,,mm,false
14,SSAT BR,fiducial,ILIS +1 side,ILIS +1 side,p3,p3,x,2617.6,,mm,false
14,SSAT BR,fiducial,ILIS +1 side,ILIS +1 side,p3,p3,y,459.82,,mm,false
14,SSAT BR,fiducial,ILIS +1 side,ILIS +1 side,p3,p3,z,-4378.82,,mm,false
14,SSAT BR,fiducial,ILIS +1 side,ILIS +1 side,p4,p4,x,2620.1,,mm,false
14,SSAT BR,fiducial,ILIS +1 side,ILIS +1 side,p4,p4,y,460.28,,mm,false
14,SSAT BR,fiducial,ILIS +1 side,ILIS +1 side,p4,p4,z,-4170.0,,mm,false
14,SSAT BR,fiducial,ILIS +1 side,ILIS +1 side,p5,p5,x,2789.08,,mm,false
14,SSAT BR,fiducial,ILIS +1 side,ILIS +1 side,p5,p5,y,490.14,,mm,false
14,SSAT BR,fiducial,ILIS +1 side,ILIS +1 side,p5,p5,z,-4171.31,,mm,false
14,SSAT BR,fiducial,ILIS +1 side,ILIS +1 side,p6,p6,x,3012.12,,mm,false
14,SSAT BR,fiducial,ILIS +1 side,ILIS +1 side,p6,p6,y,529.53,,mm,false
14,SSAT BR,fiducial,ILIS +1 side,ILIS +1 side,p6,p6,z,-4176.25,,mm,false
14,SSAT BR,fiducial,ILIS +1 side,ILIS +1 side,p7,p7,x,3014.45,,mm,false
14,SSAT BR,fiducial,ILIS +1 side,ILIS +1 side,p7,p7,y,529.99,,mm,false
14,SSAT BR,fiducial,ILIS +1 side,ILIS +1 side,p7,p7,z,-3990.04,,mm,false
14,SSAT BR,fiducial,ILIS +1 side,ILIS +1 side,p8,p8,x,2793.42,,mm,false
14,SSAT BR,fiducial,ILIS +1 side,ILIS +1 side,p8,p8,y,490.89,,mm,false
14,SSAT BR,fiducial,ILIS +1 side,ILIS +1 side,p8,p8,z,-3990.38,,mm,false
14,SSAT BR,fiducial,ILIS +1 side,ILIS +1 side,p9,p9,x,2622.32,,mm,false
14,SSAT BR,fiducial,ILIS +1 side,ILIS +1 side,p9,p9,y,460.7,,mm,false
14,SSAT BR,fiducial,ILIS +1 side,ILIS +1 side,p9,p9,z,-3990.55,,mm,false
14,SSAT BR,fiducial,ILIS +1 side,ILIS +1 side,p10,p10,x,2575.87,,mm,false
14,SSAT BR,fiducial,ILIS +1 side,ILIS +1 side,p10,p10,y,452.48,,mm,false
14,SSAT BR,fiducial,ILIS +1 side,ILIS +1 side,p10,p10,z,-3991.22,,mm,false
14,SSAT BR,fiducial,ILIS +1 side,ILIS +1 side,p11,p11,x,2406.24,,mm,false
14,SSAT BR,fiducial,ILIS +1 side,ILIS +1 side,p11,p11,y,422.56,,mm,false
14,SSAT BR,fiducial,ILIS +1 side,ILIS +1 side,p11,p11,z,-3991.18,,mm,false
14,SSAT BR,fiducial,ILIS +1 side,ILIS +1 side,p12,p12,x,2186.71,,mm,false
14,SSAT BR,fiducial,ILIS +1 side,ILIS +1 side,p12,p12,y,383.89,,mm,false
14,SSAT BR,fiducial,ILIS +1 side,ILIS +1 side,p12,p12,z,-3990.61,,mm,false
14,SSAT BR,fiducial,ILIS +1 side,ILIS +1 side,p13,p13,x,2201.05,,mm,false
14,SSAT BR,fiducial,ILIS +1 side,ILIS +1 side,p13,p13,y,386.39,,mm,false
14,SSAT BR,fiducial,ILIS +1 side,ILIS +1 side,p13,p13,z,-4185.35,,mm,false
14,SSAT BR,fiducial,ILIS +1 side,ILIS +1 side,p14,p14,x,2417.79,,mm,false
14,SSAT BR,fiducial,ILIS +1 side,ILIS +1 side,p14,p14,y,424.57,,mm,false
14,SSAT BR,fiducial,ILIS +1 side,ILIS +1 side,p14,p14,z,-4162.79,,mm,false
14,SSAT BR,fiducial,ILIS +1 side,ILIS +1 side,p15,p15,x,2578.45,,mm,false
14,SSAT BR,fiducial,ILIS +1 side,ILIS +1 side,p15,p15,y,452.96,,mm,false
14,SSAT BR,fiducial,ILIS +1 side,ILIS +1 side,p15,p15,z,-4164.99,,mm,false
14,SSAT BR,fiducial,ILIS +1 side,ILIS +1 side,p16,p16,x,2577.25,,mm,false
14,SSAT BR,fiducial,ILIS +1 side,ILIS +1 side,p16,p16,y,452.75,,mm,false
14,SSAT BR,fiducial,ILIS +1 side,ILIS +1 side,p16,p16,z,-4388.65,,mm,false
14,SSAT BR,fiducial,ILIS +1 side,ILIS +1 side,p17,p17,x,2406.93,,mm,false
14,SSAT BR,fiducial,ILIS +1 side,ILIS +1 side,p17,p17,y,422.62,,mm,false
14,SSAT BR,fiducial,ILIS +1 side,ILIS +1 side,p17,p17,z,-4394.67,,mm,false
14,SSAT BR,fiducial,ILIS +1 side,ILIS +1 side,p18,p18,x,2231.39,,mm,false
14,SSAT BR,fiducial,ILIS +1 side,ILIS +1 side,p18,p18,y,391.75,,mm,false
14,SSAT BR,fiducial,ILIS +1 side,ILIS +1 side,p18,p18,z,-4385.11,,mm,false
14,SSAT BR,fiducial,ILIS +1 side,ILIS +1 side,p19,p19,x,2181.04,,mm,false
14,SSAT BR,fiducial,ILIS +1 side,ILIS +1 side,p19,p19,y,382.86,,mm,false
14,SSAT BR,fiducial,ILIS +1 side,ILIS +1 side,p19,p19,z,-3949.2,,mm,false
14,SSAT BR,fiducial,ILIS +1 side,ILIS +1 side,p20,p20,x,2415.66,,mm,false
14,SSAT BR,fiducial,ILIS +1 side,ILIS +1 side,p20,p20,y,424.22,,mm,false
14,SSAT BR,fiducial,ILIS +1 side,ILIS +1 side,p20,p20,z,-3950.61,,mm,false
14,SSAT BR,fiducial,ILIS +1 side,ILIS +1 side,p21,p21,x,2577.63,,mm,false
14,SSAT BR,fiducial,ILIS +1 side,ILIS +1 side,p21,p21,y,452.82,,mm,false
14,SSAT BR,fiducial,ILIS +1 side,ILIS +1 side,p21,p21,z,-3953.13,,mm,false
14,SSAT BR,fiducial,ILIS +1 side,ILIS +1 side,p22,p22,x,2584.76,,mm,false
14,SSAT BR,fiducial,ILIS +1 side,ILIS +1 side,p22,p22,y,454.07,,mm,false
14,SSAT BR,fiducial,ILIS +1 side,ILIS +1 side,p22,p22,z,-3721.53,,mm,false
14,SSAT BR,fiducial,ILIS +1 side,ILIS +1 side,p23,p23,x,2419.26,,mm,false
14,SSAT BR,fiducial,ILIS +1 side,ILIS +1 side,p23,p23,y,424.85,,mm,false
14,SSAT BR,fiducial,ILIS +1 side,ILIS +1 side,p23,p23,z,-3738.72,,mm,false
14,SSAT BR,fiducial,ILIS +1 side,ILIS +1 side,p24,p24,x,2176.29,,mm,false
14,SSAT BR,fiducial,ILIS +1 side,ILIS +1 side,p24,p24,y,382.02,,mm,false
14,SSAT BR,fiducial,ILIS +1 side,ILIS +1 side,p24,p24,z,-3731.67,,mm,false
14,SSAT BR,fiducial,ILIS +1 side,ILIS +1 side,p25,p25,x,2179.56,,mm,false
14,SSAT BR,fiducial,ILIS +1 side,ILIS +1 side,p25,p25,y,382.61,,mm,false
14,SSAT BR,fiducial,ILIS +1 side,ILIS +1 side,p25,p25,z,-3490.3,,mm,false
14,SSAT BR,fiducial,ILIS +1 side,ILIS +1 side,p26,p26,x,2400.79,,mm,false
14,SSAT BR,fiducial,ILIS +1 side,ILIS +1 side,p26,p26,y,421.59,,mm,false
14,SSAT BR,fiducial,ILIS +1 side,ILIS +1 side,p26,p26,z,-3492.42,,mm,false
14,SSAT BR,fiducial,ILIS +1 side,ILIS +1 side,p27,p27,x,2577.3,,mm,false
14,SSAT BR,fiducial,ILIS +1 side,ILIS +1 side,p27,p27,y,452.73,,mm,false
14,SSAT BR,fiducial,ILIS +1 side,ILIS +1 side,p27,p27,z,-3492.32,,mm,false
14,SSAT BR,fiducial,ILIS +1 side,ILIS +1 side,p28,p28,x,2626.41,,mm,false
14,SSAT BR,fiducial,ILIS +1 side,ILIS +1 side,p28,p28,y,461.42,,mm,false
14,SSAT BR,fiducial,ILIS +1 side,ILIS +1 side,p28,p28,z,-3490.47,,mm,false
14,SSAT BR,fiducial,ILIS +1 side,ILIS +1 side,p29,p29,x,2616.55,,mm,false
14,SSAT BR,fiducial,ILIS +1 side,ILIS +1 side,p29,p29,y,459.68,,mm,false
14,SSAT BR,fiducial,ILIS +1 side,ILIS +1 side,p29,p29,z,-3717.17,,mm,false
14,SSAT BR,fiducial,ILIS +1 side,ILIS +1 side,p30,p30,x,2614.82,,mm,false
14,SSAT BR,fiducial,ILIS +1 side,ILIS +1 side,p30,p30,y,459.41,,mm,false
14,SSAT BR,fiducial,ILIS +1 side,ILIS +1 side,p30,p30,z,-3942.44,,mm,false
14,SSAT BR,fiducial,ILIS +1 side,ILIS +1 side,p31,p31,x,2801.65,,mm,false
14,SSAT BR,fiducial,ILIS +1 side,ILIS +1 side,p31,p31,y,492.39,,mm,false
14,SSAT BR,fiducial,ILIS +1 side,ILIS +1 side,p31,p31,z,-3947.02,,mm,false
14,SSAT BR,fiducial,ILIS +1 side,ILIS +1 side,p32,p32,x,2824.97,,mm,false
14,SSAT BR,fiducial,ILIS +1 side,ILIS +1 side,p32,p32,y,496.44,,mm,false
14,SSAT BR,fiducial,ILIS +1 side,ILIS +1 side,p32,p32,z,-3722.29,,mm,false
14,SSAT BR,fiducial,ILIS +1 side,ILIS +1 side,p33,p33,x,2799.05,,mm,false
14,SSAT BR,fiducial,ILIS +1 side,ILIS +1 side,p33,p33,y,491.93,,mm,false
14,SSAT BR,fiducial,ILIS +1 side,ILIS +1 side,p33,p33,z,-3482.65,,mm,false
14,SSAT BR,fiducial,ILIS +1 side,ILIS +1 side,p34,p34,x,3011.9,,mm,false
14,SSAT BR,fiducial,ILIS +1 side,ILIS +1 side,p34,p34,y,529.55,,mm,false
14,SSAT BR,fiducial,ILIS +1 side,ILIS +1 side,p34,p34,z,-3498.32,,mm,false
14,SSAT BR,fiducial,ILIS +1 side,ILIS +1 side,p35,p35,x,3012.21,,mm,false
14,SSAT BR,fiducial,ILIS +1 side,ILIS +1 side,p35,p35,y,529.56,,mm,false
14,SSAT BR,fiducial,ILIS +1 side,ILIS +1 side,p35,p35,z,-3709.41,,mm,false
14,SSAT BR,fiducial,ILIS +1 side,ILIS +1 side,p36,p36,x,3018.41,,mm,false
14,SSAT BR,fiducial,ILIS +1 side,ILIS +1 side,p36,p36,y,530.7,,mm,false
14,SSAT BR,fiducial,ILIS +1 side,ILIS +1 side,p36,p36,z,-3942.81,,mm,false
14,SSAT BR,fiducial,ILIS +1 side,ILIS +1 side,p37,p37,x,3017.58,,mm,false
14,SSAT BR,fiducial,ILIS +1 side,ILIS +1 side,p37,p37,y,530.56,,mm,false
14,SSAT BR,fiducial,ILIS +1 side,ILIS +1 side,p37,p37,z,-3408.54,,mm,false
14,SSAT BR,fiducial,ILIS +1 side,ILIS +1 side,p38,p38,x,2711.12,,mm,false
14,SSAT BR,fiducial,ILIS +1 side,ILIS +1 side,p38,p38,y,476.45,,mm,false
14,SSAT BR,fiducial,ILIS +1 side,ILIS +1 side,p38,p38,z,-3413.36,,mm,false
14,SSAT BR,fiducial,ILIS +1 side,ILIS +1 side,p39,p39,x,2441.36,,mm,false
14,SSAT BR,fiducial,ILIS +1 side,ILIS +1 side,p39,p39,y,428.83,,mm,false
14,SSAT BR,fiducial,ILIS +1 side,ILIS +1 side,p39,p39,z,-3437.49,,mm,false
14,SSAT BR,fiducial,ILIS +1 side,ILIS +1 side,p40,p40,x,2209.08,,mm,false
14,SSAT BR,fiducial,ILIS +1 side,ILIS +1 side,p40,p40,y,387.88,,mm,false
14,SSAT BR,fiducial,ILIS +1 side,ILIS +1 side,p40,p40,z,-3400.57,,mm,false
14,SSAT BR,fiducial,ILIS +1 side,ILIS +1 side,p41,p41,x,2193.52,,mm,false
14,SSAT BR,fiducial,ILIS +1 side,ILIS +1 side,p41,p41,y,385.07,,mm,false
14,SSAT BR,fiducial,ILIS +1 side,ILIS +1 side,p41,p41,z,-3139.26,,mm,false
14,SSAT BR,fiducial,ILIS +1 side,ILIS +1 side,p42,p42,x,2433.26,,mm,false
14,SSAT BR,fiducial,ILIS +1 side,ILIS +1 side,p42,p42,y,427.38,,mm,false
14,SSAT BR,fiducial,ILIS +1 side,ILIS +1 side,p42,p42,z,-3131.99,,mm,false
14,SSAT BR,fiducial,ILIS +1 side,ILIS +1 side,p43,p43,x,2751.08,,mm,false
14,SSAT BR,fiducial,ILIS +1 side,ILIS +1 side,p43,p43,y,483.48,,mm,false
14,SSAT BR,fiducial,ILIS +1 side,ILIS +1 side,p43,p43,z,-3142.36,,mm,false
14,SSAT BR,fiducial,ILIS +1 side,ILIS +1 side,p44,p44,x,3000.64,,mm,false
14,SSAT BR,fiducial,ILIS +1 side,ILIS +1 side,p44,p44,y,527.59,,mm,false
14,SSAT BR,fiducial,ILIS +1 side,ILIS +1 side,p44,p44,z,-3158.32,,mm,false
14,SSAT BR,fiducial,ILIS +1 side,ILIS +1 side,p45,p45,x,3000.99,,mm,false
14,SSAT BR,fiducial,ILIS +1 side,ILIS +1 side,p45,p45,y,527.69,,mm,false
14,SSAT BR,fiducial,ILIS +1 side,ILIS +1 side,p45,p45,z,-2810.62,,mm,false
14,SSAT BR,fiducial,ILIS +1 side,ILIS +1 side,p46,p46,x,2751.14,,mm,false
14,SSAT BR,fiducial,ILIS +1 side,ILIS +1 side,p46,p46,y,483.51,,mm,false
14,SSAT BR,fiducial,ILIS +1 side,ILIS +1 side,p46,p46,z,-2798.42,,mm,false
14,SSAT BR,fiducial,ILIS +1 side,ILIS +1 side,p47,p47,x,2453.53,,mm,false
14,SSAT BR,fiducial,ILIS +1 side,ILIS +1 side,p47,p47,y,431.0,,mm,false
14,SSAT BR,fiducial,ILIS +1 side,ILIS +1 side,p47,p47,z,-2795.11,,mm,false
14,SSAT BR,fiducial,ILIS +1 side,ILIS +1 side,p48,p48,x,2183.38,,mm,false
14,SSAT BR,fiducial,ILIS +1 side,ILIS +1 side,p48,p48,y,383.31,,mm,false
14,SSAT BR,fiducial,ILIS +1 side,ILIS +1 side,p48,p48,z,-2798.63,,mm,false
14,SSAT BR,fiducial,ILIS +1 side,ILIS +1 side,p49,p49,x,2178.31,,mm,false
14,SSAT BR,fiducial,ILIS +1 side,ILIS +1 side,p49,p49,y,382.39,,mm,false
14,SSAT BR,fiducial,ILIS +1 side,ILIS +1 side,p49,p49,z,-2576.04,,mm,false
14,SSAT BR,fiducial,ILIS +1 side,ILIS +1 side,p50,p50,x,2452.34,,mm,false
14,SSAT BR,fiducial,ILIS +1 side,ILIS +1 side,p50,p50,y,430.79,,mm,false
14,SSAT BR,fiducial,ILIS +1 side,ILIS +1 side,p50,p50,z,-2540.49,,mm,false
14,SSAT BR,fiducial,ILIS +1 side,ILIS +1 side,p51,p51,x,2819.56,,mm,false
14,SSAT BR,fiducial,ILIS +1 side,ILIS +1 side,p51,p51,y,495.58,,mm,false
14,SSAT BR,fiducial,ILIS +1 side,ILIS +1 side,p51,p51,z,-2595.09,,mm,false
14,SSAT BR,fiducial,ILIS +1 side,ILIS +1 side,p52,p52,x,2999.35,,mm,false
14,SSAT BR,fiducial,ILIS +1 side,ILIS +1 side,p52,p52,y,527.42,,mm,false
14,SSAT BR,fiducial,ILIS +1 side,ILIS +1 side,p52,p52,z,-2410.65,,mm,false
14,SSAT BR,fiducial,ILIS +1 side,ILIS +1 side,p53,p53,x,2761.33,,mm,false
14,SSAT BR,fiducial,ILIS +1 side,ILIS +1 side,p53,p53,y,485.34,,mm,false
14,SSAT BR,fiducial,ILIS +1 side,ILIS +1 side,p53,p53,z,-2412.19,,mm,false
14,SSAT BR,fiducial,ILIS +1 side,ILIS +1 side,p54,p54,x,2509.37,,mm,false
14,SSAT BR,fiducial,ILIS +1 side,ILIS +1 side,p54,p54,y,440.87,,mm,false
14,SSAT BR,fiducial,ILIS +1 side,ILIS +1 side,p54,p54,z,-2427.39,,mm,false
14,SSAT BR,fiducial,ILIS +1 side,ILIS +1 side,p55,p55,x,2186.21,,mm,false
14,SSAT BR,fiducial,ILIS +1 side,ILIS +1 side,p55,p55,y,383.85,,mm,false
14,SSAT BR,fiducial,ILIS +1 side,ILIS +1 side,p55,p55,z,-2404.78,,mm,false
14,SSAT BR,fiducial,ILIS +1 side,ILIS +1 side,p56,p56,x,2196.67,,mm,false
14,SSAT BR,fiducial,ILIS +1 side,ILIS +1 side,p56,p56,y,385.75,,mm,false
14,SSAT BR,fiducial,ILIS +1 side,ILIS +1 side,p56,p56,z,-2043.75,,mm,false
14,SSAT BR,fiducial,ILIS +1 side,ILIS +1 side,p57,p57,x,2480.51,,mm,false
14,SSAT BR,fiducial,ILIS +1 side,ILIS +1 side,p57,p57,y,435.81,,mm,false
14,SSAT BR,fiducial,ILIS +1 side,ILIS +1 side,p57,p57,z,-2016.49,,mm,false
14,SSAT BR,fiducial,ILIS +1 side,ILIS +1 side,p58,p58,x,2775.21,,mm,false
14,SSAT BR,fiducial,ILIS +1 side,ILIS +1 side,p58,p58,y,487.81,,mm,false
14,SSAT BR,fiducial,ILIS +1 side,ILIS +1 side,p58,p58,z,-2012.96,,mm,false
14,SSAT BR,fiducial,ILIS +1 side,ILIS +1 side,p59,p59,x,3019.45,,mm,false
14,SSAT BR,fiducial,ILIS +1 side,ILIS +1 side,p59,p59,y,530.99,,mm,false
14,SSAT BR,fiducial,ILIS +1 side,ILIS +1 side,p59,p59,z,-2012.11,,mm,false
14,SSAT BR,fiducial,ILIS +1 side,ILIS +1 side,p60,p60,x,3020.39,,mm,false
14,SSAT BR,fiducial,ILIS +1 side,ILIS +1 side,p60,p60,y,531.16,,mm,false
14,SSAT BR,fiducial,ILIS +1 side,ILIS +1 side,p60,p60,z,-1707.94,,mm,false
14,SSAT BR,fiducial,ILIS +1 side,ILIS +1 side,p61,p61,x,2752.43,,mm,false
14,SSAT BR,fiducial,ILIS +1 side,ILIS +1 side,p61,p61,y,483.75,,mm,false
14,SSAT BR,fiducial,ILIS +1 side,ILIS +1 side,p61,p61,z,-1707.59,,mm,false
14,SSAT BR,fiducial,ILIS +1 side,ILIS +1 side,p62,p62,x,2419.32,,mm,false
14,SSAT BR,fiducial,ILIS +1 side,ILIS +1 side,p62,p62,y,424.89,,mm,false
14,SSAT BR,fiducial,ILIS +1 side,ILIS +1 side,p62,p62,z,-1709.37,,mm,false
14,SSAT BR,fiducial,ILIS +1 side,ILIS +1 side,p63,p63,x,2189.92,,mm,false
14,SSAT BR,fiducial,ILIS +1 side,ILIS +1 side,p63,p63,y,384.51,,mm,false
14,SSAT BR,fiducial,ILIS +1 side,ILIS +1 side,p63,p63,z,-1700.08,,mm,false
14,SSAT BR,fiducial,ILIS +1 side,ILIS +1 side,p64,p64,x,2219.67,,mm,false
14,SSAT BR,fiducial,ILIS +1 side,ILIS +1 side,p64,p64,y,389.79,,mm,false
14,SSAT BR,fiducial,ILIS +1 side,ILIS +1 side,p64,p64,z,-1481.2,,mm,false
14,SSAT BR,fiducial,ILIS +1 side,ILIS +1 side,p65,p65,x,2456.3,,mm,false
14,SSAT BR,fiducial,ILIS +1 side,ILIS +1 side,p65,p65,y,431.52,,mm,false
14,SSAT BR,fiducial,ILIS +1 side,ILIS +1 side,p65,p65,z,-1491.5,,mm,false
14,SSAT BR,fiducial,ILIS +1 side,ILIS +1 side,p66,p66,x,2763.18,,mm,false
14,SSAT BR,fiducial,ILIS +1 side,ILIS +1 side,p66,p66,y,485.72,,mm,false
14,SSAT BR,fiducial,ILIS +1 side,ILIS +1 side,p66,p66,z,-1494.55,,mm,false
14,SSAT BR,fiducial,ILIS +1 side,ILIS +1 side,p67,p67,x,2983.24,,mm,false
14,SSAT BR,fiducial,ILIS +1 side,ILIS +1 side,p67,p67,y,524.6,,mm,false
14,SSAT BR,fiducial,ILIS +1 side,ILIS +1 side,p67,p67,z,-1488.85,,mm,false
14,SSAT BR,fiducial,ILIS +1 side,ILIS +1 side,p68,p68,x,2223.6,,mm,false
14,SSAT BR,fiducial,ILIS +1 side,ILIS +1 side,p68,p68,y,390.49,,mm,false
14,SSAT BR,fiducial,ILIS +1 side,ILIS +1 side,p68,p68,z,-1447.25,,mm,false
14,SSAT BR,fiducial,ILIS +1 side,ILIS +1 side,p69,p69,x,2500.32,,mm,false
14,SSAT BR,fiducial,ILIS +1 side,ILIS +1 side,p69,p69,y,439.29,,mm,false
14,SSAT BR,fiducial,ILIS +1 side,ILIS +1 side,p69,p69,z,-1448.04,,mm,false
14,SSAT BR,fiducial,ILIS +1 side,ILIS +1 side,p70,p70,x,2764.64,,mm,false
14,SSAT BR,fiducial,ILIS +1 side,ILIS +1 side,p70,p70,y,485.98,,mm,false
14,SSAT BR,fiducial,ILIS +1 side,ILIS +1 side,p70,p70,z,-1449.22,,mm,false
14,SSAT BR,fiducial,ILIS +1 side,ILIS +1 side,p71,p71,x,2969.08,,mm,false
14,SSAT BR,fiducial,ILIS +1 side,ILIS +1 side,p71,p71,y,522.13,,mm,false
14,SSAT BR,fiducial,ILIS +1 side,ILIS +1 side,p71,p71,z,-1449.3,,mm,false
14,SSAT BR,fiducial,ILIS +1 side,ILIS +1 side,p72,p72,x,2984.4,,mm,false
14,SSAT BR,fiducial,ILIS +1 side,ILIS +1 side,p72,p72,y,524.83,,mm,false
14,SSAT BR,fiducial,ILIS +1 side,ILIS +1 side,p72,p72,z,-1176.59,,mm,false
14,SSAT BR,fiducial,ILIS +1 side,ILIS +1 side,p73,p73,x,2720.8,,mm,false
14,SSAT BR,fiducial,ILIS +1 side,ILIS +1 side,p73,p73,y,478.22,,mm,false
14,SSAT BR,fiducial,ILIS +1 side,ILIS +1 side,p73,p73,z,-1172.7,,mm,false
14,SSAT BR,fiducial,ILIS +1 side,ILIS +1 side,p74,p74,x,2408.87,,mm,false
14,SSAT BR,fiducial,ILIS +1 side,ILIS +1 side,p74,p74,y,423.14,,mm,false
14,SSAT BR,fiducial,ILIS +1 side,ILIS +1 side,p74,p74,z,-1161.82,,mm,false
14,SSAT BR,fiducial,ILIS +1 side,ILIS +1 side,p75,p75,x,2183.67,,mm,false
14,SSAT BR,fiducial,ILIS +1 side,ILIS +1 side,p75,p75,y,383.35,,mm,false
14,SSAT BR,fiducial,ILIS +1 side,ILIS +1 side,p75,p75,z,-1174.02,,mm,false
14,SSAT BR,fiducial,ILIS +1 side,ILIS +1 side,p76,p76,x,2202.22,,mm,false
14,SSAT BR,fiducial,ILIS +1 side,ILIS +1 side,p76,p76,y,386.68,,mm,false
14,SSAT BR,fiducial,ILIS +1 side,ILIS +1 side,p76,p76,z,-839.71,,mm,false
14,SSAT BR,fiducial,ILIS +1 side,ILIS +1 side,p77,p77,x,2460.39,,mm,false
14,SSAT BR,fiducial,ILIS +1 side,ILIS +1 side,p77,p77,y,432.22,,mm,false
14,SSAT BR,fiducial,ILIS +1 side,ILIS +1 side,p77,p77,z,-823.91,,mm,false
14,SSAT BR,fiducial,ILIS +1 side,ILIS +1 side,p78,p78,x,2760.52,,mm,false
14,SSAT BR,fiducial,ILIS +1 side,ILIS +1 side,p78,p78,y,485.23,,mm,false
14,SSAT BR,fiducial,ILIS +1 side,ILIS +1 side,p78,p78,z,-831.23,,mm,false
14,SSAT BR,fiducial,ILIS +1 side,ILIS +1 side,p79,p79,x,3000.43,,mm,false
14,SSAT BR,fiducial,ILIS +1 side,ILIS +1 side,p79,p79,y,527.69,,mm,false
14,SSAT BR,fiducial,ILIS +1 side,ILIS +1 side,p79,p79,z,-826.33,,mm,false
14,SSAT BR,fiducial,ILIS +1 side,ILIS +1 side,p80,p80,x,2971.16,,mm,false
14,SSAT BR,fiducial,ILIS +1 side,ILIS +1 side,p80,p80,y,522.51,,mm,false
14,SSAT BR,fiducial,ILIS +1 side,ILIS +1 side,p80,p80,z,-490.54,,mm,false
14,SSAT BR,fiducial,ILIS +1 side,ILIS +1 side,p81,p81,x,2708.13,,mm,false
14,SSAT BR,fiducial,ILIS +1 side,ILIS +1 side,p81,p81,y,476.03,,mm,false
14,SSAT BR,fiducial,ILIS +1 side,ILIS +1 side,p81,p81,z,-495.53,,mm,false
14,SSAT BR,fiducial,ILIS +1 side,ILIS +1 side,p82,p82,x,2434.25,,mm,false
14,SSAT BR,fiducial,ILIS +1 side,ILIS +1 side,p82,p82,y,427.61,,mm,false
14,SSAT BR,fiducial,ILIS +1 side,ILIS +1 side,p82,p82,z,-498.33,,mm,false
14,SSAT BR,fiducial,ILIS +1 side,ILIS +1 side,p83,p83,x,2204.06,,mm,false
14,SSAT BR,fiducial,ILIS +1 side,ILIS +1 side,p83,p83,y,387.0,,mm,false
14,SSAT BR,fiducial,ILIS +1 side,ILIS +1 side,p83,p83,z,-484.77,,mm,false
14,SSAT BR,fiducial,ILIS +1 side,ILIS +1 side,p84,p84,x,2217.86,,mm,false
14,SSAT BR,fiducial,ILIS +1 side,ILIS +1 side,p84,p84,y,389.46,,mm,false
14,SSAT BR,fiducial,ILIS +1 side,ILIS +1 side,p84,p84,z,-435.78,,mm,false
14,SSAT BR,fiducial,ILIS +1 side,ILIS +1 side,p85,p85,x,2447.23,,mm,false
14,SSAT BR,fiducial,ILIS +1 side,ILIS +1 side,p85,p85,y,429.92,,mm,false
14,SSAT BR,fiducial,ILIS +1 side,ILIS +1 side,p85,p85,z,-436.2,,mm,false
14,SSAT BR,fiducial,ILIS +1 side,ILIS +1 side,p86,p86,x,2740.68,,mm,false
14,SSAT BR,fiducial,ILIS +1 side,ILIS +1 side,p86,p86,y,481.77,,mm,false
14,SSAT BR,fiducial,ILIS +1 side,ILIS +1 side,p86,p86,z,-437.95,,mm,false
14,SSAT BR,fiducial,ILIS +1 side,ILIS +1 side,p87,p87,x,2971.71,,mm,false
14,SSAT BR,fiducial,ILIS +1 side,ILIS +1 side,p87,p87,y,522.63,,mm,false
14,SSAT BR,fiducial,ILIS +1 side,ILIS +1 side,p87,p87,z,-422.57,,mm,false
14,SSAT BR,fiducial,ILIS +1 side,ILIS +1 side,p88,p88,x,2984.84,,mm,false
14,SSAT BR,fiducial,ILIS +1 side,ILIS +1 side,p88,p88,y,524.9,,mm,false
14,SSAT BR,fiducial,ILIS +1 side,ILIS +1 side,p88,p88,z,-162.83,,mm,false
14,SSAT BR,fiducial,ILIS +1 side,ILIS +1 side,p89,p89,x,2752.24,,mm,false
14,SSAT BR,fiducial,ILIS +1 side,ILIS +1 side,p89,p89,y,483.79,,mm,false
14,SSAT BR,fiducial,ILIS +1 side,ILIS +1 side,p89,p89,z,-159.33,,mm,false
14,SSAT BR,fiducial,ILIS +1 side,ILIS +1 side,p90,p90,x,2505.26,,mm,false
14,SSAT BR,fiducial,ILIS +1 side,ILIS +1 side,p90,p90,y,440.1,,mm,false
14,SSAT BR,fiducial,ILIS +1 side,ILIS +1 side,p90,p90,z,-159.23,,mm,false
14,SSAT BR,fiducial,ILIS +1 side,ILIS +1 side,p91,p91,x,2194.12,,mm,false
14,SSAT BR,fiducial,ILIS +1 side,ILIS +1 side,p91,p91,y,385.2,,mm,false
14,SSAT BR,fiducial,ILIS +1 side,ILIS +1 side,p91,p91,z,-155.72,,mm,false
14,SSAT BR,fiducial,ILIS +1 side,ILIS +1 side,p92,p92,x,2236.88,,mm,false
14,SSAT BR,fiducial,ILIS +1 side,ILIS +1 side,p92,p92,y,392.78,,mm,false
14,SSAT BR,fiducial,ILIS +1 side,ILIS +1 side,p92,p92,z,235.38,,mm,false
14,SSAT BR,fiducial,ILIS +1 side,ILIS +1 side,p93,p93,x,2466.65,,mm,false
14,SSAT BR,fiducial,ILIS +1 side,ILIS +1 side,p93,p93,y,433.26,,mm,false
14,SSAT BR,fiducial,ILIS +1 side,ILIS +1 side,p93,p93,z,246.51,,mm,false
14,SSAT BR,fiducial,ILIS +1 side,ILIS +1 side,p94,p94,x,2736.99,,mm,false
14,SSAT BR,fiducial,ILIS +1 side,ILIS +1 side,p94,p94,y,481.01,,mm,false
14,SSAT BR,fiducial,ILIS +1 side,ILIS +1 side,p94,p94,z,258.18,,mm,false
14,SSAT BR,fiducial,ILIS +1 side,ILIS +1 side,p95,p95,x,3017.95,,mm,false
14,SSAT BR,fiducial,ILIS +1 side,ILIS +1 side,p95,p95,y,530.74,,mm,false
14,SSAT BR,fiducial,ILIS +1 side,ILIS +1 side,p95,p95,z,290.41,,mm,false
14,SSAT BR,fiducial,ILIS +1 side,ILIS +1 side,p96,p96,x,2969.58,,mm,false
14,SSAT BR,fiducial,ILIS +1 side,ILIS +1 side,p96,p96,y,522.24,,mm,false
14,SSAT BR,fiducial,ILIS +1 side,ILIS +1 side,p96,p96,z,506.05,,mm,false
14,SSAT BR,fiducial,ILIS +1 side,ILIS +1 side,p97,p97,x,2750.35,,mm,false
14,SSAT BR,fiducial,ILIS +1 side,ILIS +1 side,p97,p97,y,483.42,,mm,false
14,SSAT BR,fiducial,ILIS +1 side,ILIS +1 side,p97,p97,z,503.5,,mm,false
14,SSAT BR,fiducial,ILIS +1 side,ILIS +1 side,p98,p98,x,2463.03,,mm,false
14,SSAT BR,fiducial,ILIS +1 side,ILIS +1 side,p98,p98,y,432.67,,mm,false
14,SSAT BR,fiducial,ILIS +1 side,ILIS +1 side,p98,p98,z,503.35,,mm,false
14,SSAT BR,fiducial,ILIS +1 side,ILIS +1 side,p99,p99,x,2218.44,,mm,false
14,SSAT BR,fiducial,ILIS +1 side,ILIS +1 side,p99,p99,y,389.52,,mm,false
14,SSAT BR,fiducial,ILIS +1 side,ILIS +1 side,p99,p99,z,512.46,,mm,false
14,SSAT BR,fiducial,ILIS +1 side,ILIS +1 side,p100,p100,x,2218.36,,mm,false
14,SSAT BR,fiducial,ILIS +1 side,ILIS +1 side,p100,p100,y,389.52,,mm,false
14,SSAT BR,fiducial,ILIS +1 side,ILIS +1 side,p100,p100,z,558.06,,mm,false
14,SSAT BR,fiducial,ILIS +1 side,ILIS +1 side,p101,p101,x,2440.08,,mm,false
14,SSAT BR,fiducial,ILIS +1 side,ILIS +1 side,p101,p101,y,428.63,,mm,false
14,SSAT BR,fiducial,ILIS +1 side,ILIS +1 side,p101,p101,z,562.25,,mm,false
14,SSAT BR,fiducial,ILIS +1 side,ILIS +1 side,p102,p102,x,2743.7,,mm,false
14,SSAT BR,fiducial,ILIS +1 side,ILIS +1 side,p102,p102,y,482.27,,mm,false
14,SSAT BR,fiducial,ILIS +1 side,ILIS +1 side,p102,p102,z,556.5,,mm,false
14,SSAT BR,fiducial,ILIS +1 side,ILIS +1 side,p103,p103,x,2973.59,,mm,false
14,SSAT BR,fiducial,ILIS +1 side,ILIS +1 side,p103,p103,y,522.93,,mm,false
14,SSAT BR,fiducial,ILIS +1 side,ILIS +1 side,p103,p103,z,554.09,,mm,false
14,SSAT BR,fiducial,ILIS +1 side,ILIS +1 side,p104,p104,x,2984.98,,mm,false
14,SSAT BR,fiducial,ILIS +1 side,ILIS +1 side,p104,p104,y,524.86,,mm,false
14,SSAT BR,fiducial,ILIS +1 side,ILIS +1 side,p104,p104,z,826.07,,mm,false
14,SSAT BR,fiducial,ILIS +1 side,ILIS +1 side,p105,p105,x,2761.15,,mm,false
14,SSAT BR,fiducial,ILIS +1 side,ILIS +1 side,p105,p105,y,485.28,,mm,false
14,SSAT BR,fiducial,ILIS +1 side,ILIS +1 side,p105,p105,z,817.38,,mm,false
14,SSAT BR,fiducial,ILIS +1 side,ILIS +1 side,p106,p106,x,2427.42,,mm,false
14,SSAT BR,fiducial,ILIS +1 side,ILIS +1 side,p106,p106,y,426.31,,mm,false
14,SSAT BR,fiducial,ILIS +1 side,ILIS +1 side,p106,p106,z,814.32,,mm,false
14,SSAT BR,fiducial,ILIS +1 side,ILIS +1 side,p107,p107,x,2183.22,,mm,false
14,SSAT BR,fiducial,ILIS +1 side,ILIS +1 side,p107,p107,y,383.23,,mm,false
14,SSAT BR,fiducial,ILIS +1 side,ILIS +1 side,p107,p107,z,829.64,,mm,false
14,SSAT BR,fiducial,ILIS +1 side,ILIS +1 side,p108,p108,x,2198.4,,mm,false
14,SSAT BR,fiducial,ILIS +1 side,ILIS +1 side,p108,p108,y,385.9,,mm,false
14,SSAT BR,fiducial,ILIS +1 side,ILIS +1 side,p108,p108,z,1151.15,,mm,false
14,SSAT BR,fiducial,ILIS +1 side,ILIS +1 side,p109,p109,x,2442.19,,mm,false
14,SSAT BR,fiducial,ILIS +1 side,ILIS +1 side,p109,p109,y,428.94,,mm,false
14,SSAT BR,fiducial,ILIS +1 side,ILIS +1 side,p109,p109,z,1171.73,,mm,false
14,SSAT BR,fiducial,ILIS +1 side,ILIS +1 side,p110,p110,x,2763.75,,mm,false
14,SSAT BR,fiducial,ILIS +1 side,ILIS +1 side,p110,p110,y,485.73,,mm,false
14,SSAT BR,fiducial,ILIS +1 side,ILIS +1 side,p110,p110,z,1194.66,,mm,false
14,SSAT BR,fiducial,ILIS +1 side,ILIS +1 side,p111,p111,x,3004.99,,mm,false
14,SSAT BR,fiducial,ILIS +1 side,ILIS +1 side,p111,p111,y,528.47,,mm,false
14,SSAT BR,fiducial,ILIS +1 side,ILIS +1 side,p111,p111,z,1205.49,,mm,false
14,SSAT BR,fiducial,ILIS +1 side,ILIS +1 side,p112,p112,x,2966.84,,mm,false
14,SSAT BR,fiducial,ILIS +1 side,ILIS +1 side,p112,p112,y,521.74,,mm,false
14,SSAT BR,fiducial,ILIS +1 side,ILIS +1 side,p112,p112,z,1503.59,,mm,false
14,SSAT BR,fiducial,ILIS +1 side,ILIS +1 side,p113,p113,x,2706.32,,mm,false
14,SSAT BR,fiducial,ILIS +1 side,ILIS +1 side,p113,p113,y,475.68,,mm,false
14,SSAT BR,fiducial,ILIS +1 side,ILIS +1 side,p113,p113,z,1493.31,,mm,false
14,SSAT BR,fiducial,ILIS +1 side,ILIS +1 side,p114,p114,x,2453.09,,mm,false
14,SSAT BR,fiducial,ILIS +1 side,ILIS +1 side,p114,p114,y,430.89,,mm,false
14,SSAT BR,fiducial,ILIS +1 side,ILIS +1 side,p114,p114,z,1499.14,,mm,false
14,SSAT BR,fiducial,ILIS +1 side,ILIS +1 side,p115,p115,x,2222.95,,mm,false
14,SSAT BR,fiducial,ILIS +1 side,ILIS +1 side,p115,p115,y,390.31,,mm,false
14,SSAT BR,fiducial,ILIS +1 side,ILIS +1 side,p115,p115,z,1495.11,,mm,false
14,SSAT BR,fiducial,ILIS +1 side,ILIS +1 side,p116,p116,x,2224.46,,mm,false
14,SSAT BR,fiducial,ILIS +1 side,ILIS +1 side,p116,p116,y,390.54,,mm,false
14,SSAT BR,fiducial,ILIS +1 side,ILIS +1 side,p116,p116,z,1551.14,,mm,false
14,SSAT BR,fiducial,ILIS +1 side,ILIS +1 side,p117,p117,x,2492.64,,mm,false
14,SSAT BR,fiducial,ILIS +1 side,ILIS +1 side,p117,p117,y,437.83,,mm,false
14,SSAT BR,fiducial,ILIS +1 side,ILIS +1 side,p117,p117,z,1560.74,,mm,false
14,SSAT BR,fiducial,ILIS +1 side,ILIS +1 side,p118,p118,x,2763.67,,mm,false
14,SSAT BR,fiducial,ILIS +1 side,ILIS +1 side,p118,p118,y,485.71,,mm,false
14,SSAT BR,fiducial,ILIS +1 side,ILIS +1 side,p118,p118,z,1553.09,,mm,false
14,SSAT BR,fiducial,ILIS +1 side,ILIS +1 side,p119,p119,x,2969.81,,mm,false
14,SSAT BR,fiducial,ILIS +1 side,ILIS +1 side,p119,p119,y,522.21,,mm,false
14,SSAT BR,fiducial,ILIS +1 side,ILIS +1 side,p119,p119,z,1551.25,,mm,false
14,SSAT BR,fiducial,ILIS +1 side,ILIS +1 side,p120,p120,x,3005.63,,mm,false
14,SSAT BR,fiducial,ILIS +1 side,ILIS +1 side,p120,p120,y,528.58,,mm,false
14,SSAT BR,fiducial,ILIS +1 side,ILIS +1 side,p120,p120,z,1848.99,,mm,false
14,SSAT BR,fiducial,ILIS +1 side,ILIS +1 side,p121,p121,x,2728.42,,mm,false
14,SSAT BR,fiducial,ILIS +1 side,ILIS +1 side,p121,p121,y,479.47,,mm,false
14,SSAT BR,fiducial,ILIS +1 side,ILIS +1 side,p121,p121,z,1858.31,,mm,false
14,SSAT BR,fiducial,ILIS +1 side,ILIS +1 side,p122,p122,x,2432.75,,mm,false
14,SSAT BR,fiducial,ILIS +1 side,ILIS +1 side,p122,p122,y,427.27,,mm,false
14,SSAT BR,fiducial,ILIS +1 side,ILIS +1 side,p122,p122,z,1866.55,,mm,false
14,SSAT BR,fiducial,ILIS +1 side,ILIS +1 side,p123,p123,x,2190.61,,mm,false
14,SSAT BR,fiducial,ILIS +1 side,ILIS +1 side,p123,p123,y,384.54,,mm,false
14,SSAT BR,fiducial,ILIS +1 side,ILIS +1 side,p123,p123,z,1888.55,,mm,false
14,SSAT BR,fiducial,ILIS +1 side,ILIS +1 side,p124,p124,x,3017.12,,mm,false
14,SSAT BR,fiducial,ILIS +1 side,ILIS +1 side,p124,p124,y,530.65,,mm,false
14,SSAT BR,fiducial,ILIS +1 side,ILIS +1 side,p124,p124,z,2179.56,,mm,false
14,SSAT BR,fiducial,ILIS +1 side,ILIS +1 side,p125,p125,x,2706.05,,mm,false
14,SSAT BR,fiducial,ILIS +1 side,ILIS +1 side,p125,p125,y,475.55,,mm,false
14,SSAT BR,fiducial,ILIS +1 side,ILIS +1 side,p125,p125,z,2204.41,,mm,false
14,SSAT BR,fiducial,ILIS +1 side,ILIS +1 side,p126,p126,x,2438.91,,mm,false
14,SSAT BR,fiducial,ILIS +1 side,ILIS +1 side,p126,p126,y,428.28,,mm,false
14,SSAT BR,fiducial,ILIS +1 side,ILIS +1 side,p126,p126,z,2229.18,,mm,false
14,SSAT BR,fiducial,ILIS +1 side,ILIS +1 side,p127,p127,x,2261.83,,mm,false
14,SSAT BR,fiducial,ILIS +1 side,ILIS +1 side,p127,p127,y,397.03,,mm,false
14,SSAT BR,fiducial,ILIS +1 side,ILIS +1 side,p127,p127,z,2224.01,,mm,false
14,SSAT BR,fiducial,ILIS +1 side,ILIS +1 side,p128,p128,x,2971.03,,mm,false
14,SSAT BR,fiducial,ILIS +1 side,ILIS +1 side,p128,p128,y,522.31,,mm,false
14,SSAT BR,fiducial,ILIS +1 side,ILIS +1 side,p128,p128,z,2503.76,,mm,false
14,SSAT BR,fiducial,ILIS +1 side,ILIS +1 side,p129,p129,x,2717.15,,mm,false
14,SSAT BR,fiducial,ILIS +1 side,ILIS +1 side,p129,p129,y,477.49,,mm,false
14,SSAT BR,fiducial,ILIS +1 side,ILIS +1 side,p129,p129,z,2506.8,,mm,false
14,SSAT BR,fiducial,ILIS +1 side,ILIS +1 side,p130,p130,x,2442.23,,mm,false
14,SSAT BR,fiducial,ILIS +1 side,ILIS +1 side,p130,p130,y,428.88,,mm,false
14,SSAT BR,fiducial,ILIS +1 side,ILIS +1 side,p130,p130,z,2500.78,,mm,false
14,SSAT BR,fiducial,ILIS +1 side,ILIS +1 side,p131,p131,x,2262.17,,mm,false
14,SSAT BR,fiducial,ILIS +1 side,ILIS +1 side,p131,p131,y,397.1,,mm,false
14,SSAT BR,fiducial,ILIS +1 side,ILIS +1 side,p131,p131,z,2495.19,,mm,false
14,SSAT BR,fiducial,ILIS +1 side,ILIS +1 side,p132,p132,x,2183.57,,mm,false
14,SSAT BR,fiducial,ILIS +1 side,ILIS +1 side,p132,p132,y,383.27,,mm,false
14,SSAT BR,fiducial,ILIS +1 side,ILIS +1 side,p132,p132,z,3607.77,,mm,false
14,SSAT BR,fiducial,ILIS +1 side,ILIS +1 side,p133,p133,x,2396.15,,mm,false
14,SSAT BR,fiducial,ILIS +1 side,ILIS +1 side,p133,p133,y,420.79,,mm,false
14,SSAT BR,fiducial,ILIS +1 side,ILIS +1 side,p133,p133,z,3609.28,,mm,false
14,SSAT BR,fiducial,ILIS +1 side,ILIS +1 side,p134,p134,x,2566.03,,mm,false
14,SSAT BR,fiducial,ILIS +1 side,ILIS +1 side,p134,p134,y,450.81,,mm,false
14,SSAT BR,fiducial,ILIS +1 side,ILIS +1 side,p134,p134,z,3606.93,,mm,false
14,SSAT BR,fiducial,ILIS +1 side,ILIS +1 side,p135,p135,x,2580.99,,mm,false
14,SSAT BR,fiducial,ILIS +1 side,ILIS +1 side,p135,p135,y,453.48,,mm,false
14,SSAT BR,fiducial,ILIS +1 side,ILIS +1 side,p135,p135,z,3802.13,,mm,false
14,SSAT BR,fiducial,ILIS +1 side,ILIS +1 side,p136,p136,x,2415.52,,mm,false
14,SSAT BR,fiducial,ILIS +1 side,ILIS +1 side,p136,p136,y,424.22,,mm,false
14,SSAT BR,fiducial,ILIS +1 side,ILIS +1 side,p136,p136,z,3807.15,,mm,false
14,SSAT BR,fiducial,ILIS +1 side,ILIS +1 side,p137,p137,x,2184.97,,mm,false
14,SSAT BR,fiducial,ILIS +1 side,ILIS +1 side,p137,p137,y,383.54,,mm,false
14,SSAT BR,fiducial,ILIS +1 side,ILIS +1 side,p137,p137,z,3824.09,,mm,false
14,SSAT BR,fiducial,ILIS +1 side,ILIS +1 side,p138,p138,x,2183.08,,mm,false
14,SSAT BR,fiducial,ILIS +1 side,ILIS +1 side,p138,p138,y,383.2,,mm,false
14,SSAT BR,fiducial,ILIS +1 side,ILIS +1 side,p138,p138,z,4004.21,,mm,false
14,SSAT BR,fiducial,ILIS +1 side,ILIS +1 side,p139,p139,x,2386.34,,mm,false
14,SSAT BR,fiducial,ILIS +1 side,ILIS +1 side,p139,p139,y,419.01,,mm,false
14,SSAT BR,fiducial,ILIS +1 side,ILIS +1 side,p139,p139,z,4004.47,,mm,false
14,SSAT BR,fiducial,ILIS +1 side,ILIS +1 side,p140,p140,x,2577.74,,mm,false
14,SSAT BR,fiducial,ILIS +1 side,ILIS +1 side,p140,p140,y,452.88,,mm,false
14,SSAT BR,fiducial,ILIS +1 side,ILIS +1 side,p140,p140,z,3998.66,,mm,false
14,SSAT BR,fiducial,ILIS +1 side,ILIS +1 side,p141,p141,x,2612.26,,mm,false
14,SSAT BR,fiducial,ILIS +1 side,ILIS +1 side,p141,p141,y,459.14,,mm,false
14,SSAT BR,fiducial,ILIS +1 side,ILIS +1 side,p141,p141,z,3552.29,,mm,false
14,SSAT BR,fiducial,ILIS +1 side,ILIS +1 side,p142,p142,x,2808.2,,mm,false
14,SSAT BR,fiducial,ILIS +1 side,ILIS +1 side,p142,p142,y,493.74,,mm,false
14,SSAT BR,fiducial,ILIS +1 side,ILIS +1 side,p142,p142,z,3550.54,,mm,false
14,SSAT BR,fiducial,ILIS +1 side,ILIS +1 side,p143,p143,x,3009.7,,mm,false
14,SSAT BR,fiducial,ILIS +1 side,ILIS +1 side,p143,p143,y,529.42,,mm,false
14,SSAT BR,fiducial,ILIS +1 side,ILIS +1 side,p143,p143,z,3555.48,,mm,false
14,SSAT BR,fiducial,ILIS +1 side,ILIS +1 side,p144,p144,x,3007.58,,mm,false
14,SSAT BR,fiducial,ILIS +1 side,ILIS +1 side,p144,p144,y,529.04,,mm,false
14,SSAT BR,fiducial,ILIS +1 side,ILIS +1 side,p144,p144,z,3785.64,,mm,false
14,SSAT BR,fiducial,ILIS +1 side,ILIS +1 side,p145,p145,x,2803.06,,mm,false
14,SSAT BR,fiducial,ILIS +1 side,ILIS +1 side,p145,p145,y,492.86,,mm,false
14,SSAT BR,fiducial,ILIS +1 side,ILIS +1 side,p145,p145,z,3825.03,,mm,false
14,SSAT BR,fiducial,ILIS +1 side,ILIS +1 side,p146,p146,x,2629.09,,mm,false
14,SSAT BR,fiducial,ILIS +1 side,ILIS +1 side,p146,p146,y,462.16,,mm,false
14,SSAT BR,fiducial,ILIS +1 side,ILIS +1 side,p146,p146,z,3829.44,,mm,false
14,SSAT BR,fiducial,ILIS +1 side,ILIS +1 side,p147,p147,x,2612.68,,mm,false
14,SSAT BR,fiducial,ILIS +1 side,ILIS +1 side,p147,p147,y,459.28,,mm,false
14,SSAT BR,fiducial,ILIS +1 side,ILIS +1 side,p147,p147,z,4009.22,,mm,false
14,SSAT BR,fiducial,ILIS +1 side,ILIS +1 side,p148,p148,x,2800.79,,mm,false
14,SSAT BR,fiducial,ILIS +1 side,ILIS +1 side,p148,p148,y,492.41,,mm,false
14,SSAT BR,fiducial,ILIS +1 side,ILIS +1 side,p148,p148,z,4005.52,,mm,false
14,SSAT BR,fiducial,ILIS +1 side,ILIS +1 side,p149,p149,x,3009.46,,mm,false
14,SSAT BR,fiducial,ILIS +1 side,ILIS +1 side,p149,p149,y,529.38,,mm,false
14,SSAT BR,fiducial,ILIS +1 side,ILIS +1 side,p149,p149,z,4009.2,,mm,false
14,SSAT BR,fiducial,ILIS +1 side,ILIS +1 side,p150,p150,x,3007.74,,mm,false
14,SSAT BR,fiducial,ILIS +1 side,ILIS +1 side,p150,p150,y,529.04,,mm,false
14,SSAT BR,fiducial,ILIS +1 side,ILIS +1 side,p150,p150,z,4047.24,,mm,false
14,SSAT BR,fiducial,ILIS +1 side,ILIS +1 side,p151,p151,x,2808.47,,mm,false
14,SSAT BR,fiducial,ILIS +1 side,ILIS +1 side,p151,p151,y,493.87,,mm,false
14,SSAT BR,fiducial,ILIS +1 side,ILIS +1 side,p151,p151,z,4045.36,,mm,false
14,SSAT BR,fiducial,ILIS +1 side,ILIS +1 side,p152,p152,x,2620.0,,mm,false
14,SSAT BR,fiducial,ILIS +1 side,ILIS +1 side,p152,p152,y,460.55,,mm,false
14,SSAT BR,fiducial,ILIS +1 side,ILIS +1 side,p152,p152,z,4041.32,,mm,false
14,SSAT BR,fiducial,ILIS +1 side,ILIS +1 side,p153,p153,x,2616.68,,mm,false
14,SSAT BR,fiducial,ILIS +1 side,ILIS +1 side,p153,p153,y,459.91,,mm,false
14,SSAT BR,fiducial,ILIS +1 side,ILIS +1 side,p153,p153,z,4181.07,,mm,false
14,SSAT BR,fiducial,ILIS +1 side,ILIS +1 side,p154,p154,x,2809.05,,mm,false
14,SSAT BR,fiducial,ILIS +1 side,ILIS +1 side,p154,p154,y,493.95,,mm,false
14,SSAT BR,fiducial,ILIS +1 side,ILIS +1 side,p154,p154,z,4194.24,,mm,false
14,SSAT BR,fiducial,ILIS +1 side,ILIS +1 side,p155,p155,x,3014.0,,mm,false
14,SSAT BR,fiducial,ILIS +1 side,ILIS +1 side,p155,p155,y,530.15,,mm,false
14,SSAT BR,fiducial,ILIS +1 side,ILIS +1 side,p155,p155,z,4187.76,,mm,false
14,SSAT BR,fiducial,ILIS +1 side,ILIS +1 side,p156,p156,x,2632.67,,mm,false
14,SSAT BR,fiducial,ILIS +1 side,ILIS +1 side,p156,p156,y,462.76,,mm,false
14,SSAT BR,fiducial,ILIS +1 side,ILIS +1 side,p156,p156,z,4500.57,,mm,false
14,SSAT BR,fiducial,ILIS +1 side,ILIS +1 side,p157,p157,x,2775.21,,mm,false
14,SSAT BR,fiducial,ILIS +1 side,ILIS +1 side,p157,p157,y,488.0,,mm,false
14,SSAT BR,fiducial,ILIS +1 side,ILIS +1 side,p157,p157,z,4499.95,,mm,false
14,SSAT BR,fiducial,ILIS +1 side,ILIS +1 side,p158,p158,x,2925.01,,mm,false
14,SSAT BR,fiducial,ILIS +1 side,ILIS +1 side,p158,p158,y,514.4,,mm,false
14,SSAT BR,fiducial,ILIS +1 side,ILIS +1 side,p158,p158,z,4505.54,,mm,false
14,SSAT BR,fiducial,ILIS +1 side,ILIS +1 side,p159,p159,x,2576.81,,mm,false
14,SSAT BR,fiducial,ILIS +1 side,ILIS +1 side,p159,p159,y,452.84,,mm,false
14,SSAT BR,fiducial,ILIS +1 side,ILIS +1 side,p159,p159,z,4054.34,,mm,false
14,SSAT BR,fiducial,ILIS +1 side,ILIS +1 side,p160,p160,x,2394.34,,mm,false
14,SSAT BR,fiducial,ILIS +1 side,ILIS +1 side,p160,p160,y,420.66,,mm,false
14,SSAT BR,fiducial,ILIS +1 side,ILIS +1 side,p160,p160,z,4046.92,,mm,false
14,SSAT BR,fiducial,ILIS +1 side,ILIS +1 side,p161,p161,x,2186.76,,mm,false
14,SSAT BR,fiducial,ILIS +1 side,ILIS +1 side,p161,p161,y,384.15,,mm,false
14,SSAT BR,fiducial,ILIS +1 side,ILIS +1 side,p161,p161,z,4038.51,,mm,false
14,SSAT BR,fiducial,ILIS +1 side,ILIS +1 side,p162,p162,x,2197.61,,mm,false
14,SSAT BR,fiducial,ILIS +1 side,ILIS +1 side,p162,p162,y,385.94,,mm,false
14,SSAT BR,fiducial,ILIS +1 side,ILIS +1 side,p162,p162,z,4237.15,,mm,false
14,SSAT BR,fiducial,ILIS +1 side,ILIS +1 side,p163,p163,x,2393.23,,mm,false
14,SSAT BR,fiducial,ILIS +1 side,ILIS +1 side,p163,p163,y,420.44,,mm,false
14,SSAT BR,fiducial,ILIS +1 side,ILIS +1 side,p163,p163,z,4226.66,,mm,false
14,SSAT BR,fiducial,ILIS +1 side,ILIS +1 side,p164,p164,x,2579.97,,mm,false
14,SSAT BR,fiducial,ILIS +1 side,ILIS +1 side,p164,p164,y,453.51,,mm,false
14,SSAT BR,fiducial,ILIS +1 side,ILIS +1 side,p164,p164,z,4222.92,,mm,false
14,SSAT BR,fiducial,ILIS +1 side,ILIS +1 side,p165,p165,x,2248.93,,mm,false
14,SSAT BR,fiducial,ILIS +1 side,ILIS +1 side,p165,p165,y,395.03,,mm,false
14,SSAT BR,fiducial,ILIS +1 side,ILIS +1 side,p165,p165,z,4499.88,,mm,false
14,SSAT BR,fiducial,ILIS +1 side,ILIS +1 side,p166,p166,x,2416.04,,mm,false
14,SSAT BR,fiducial,ILIS +1 side,ILIS +1 side,p166,p166,y,424.43,,mm,false
14,SSAT BR,fiducial,ILIS +1 side,ILIS +1 side,p166,p166,z,4501.13,,mm,false
14,SSAT BR,fiducial,ILIS +1 side,ILIS +1 side,p167,p167,x,2571.08,,mm,false
14,SSAT BR,fiducial,ILIS +1 side,ILIS +1 side,p167,p167,y,451.82,,mm,false
14,SSAT BR,fiducial,ILIS +1 side,ILIS +1 side,p167,p167,z,4502.11,,mm,false
14,SSAT BR,fiducial,ILIS +1 side,ILIS +1 side,p168,p168,x,3008.42,,mm,false
14,SSAT BR,fiducial,ILIS +1 side,ILIS +1 side,p168,p168,y,529.15,,mm,false
14,SSAT BR,fiducial,ILIS +1 side,ILIS +1 side,p168,p168,z,2738.05,,mm,false
14,SSAT BR,fiducial,ILIS +1 side,ILIS +1 side,p169,p169,x,2772.52,,mm,false
14,SSAT BR,fiducial,ILIS +1 side,ILIS +1 side,p169,p169,y,487.4,,mm,false
14,SSAT BR,fiducial,ILIS +1 side,ILIS +1 side,p169,p169,z,2751.95,,mm,false
14,SSAT BR,fiducial,ILIS +1 side,ILIS +1 side,p170,p170,x,2392.39,,mm,false
14,SSAT BR,fiducial,ILIS +1 side,ILIS +1 side,p170,p170,y,420.26,,mm,false
14,SSAT BR,fiducial,ILIS +1 side,ILIS +1 side,p170,p170,z,2700.58,,mm,false
14,SSAT BR,fiducial,ILIS +1 side,ILIS +1 side,p171,p171,x,2175.18,,mm,false
14,SSAT BR,fiducial,ILIS +1 side,ILIS +1 side,p171,p171,y,381.89,,mm,false
14,SSAT BR,fiducial,ILIS +1 side,ILIS +1 side,p171,p171,z,2722.53,,mm,false
14,SSAT BR,fiducial,ILIS +1 side,ILIS +1 side,p172,p172,x,2177.64,,mm,false
14,SSAT BR,fiducial,ILIS +1 side,ILIS +1 side,p172,p172,y,382.36,,mm,false
14,SSAT BR,fiducial,ILIS +1 side,ILIS +1 side,p172,p172,z,2995.65,,mm,false
14,SSAT BR,fiducial,ILIS +1 side,ILIS +1 side,p173,p173,x,2445.22,,mm,false
14,SSAT BR,fiducial,ILIS +1 side,ILIS +1 side,p173,p173,y,429.61,,mm,false
14,SSAT BR,fiducial,ILIS +1 side,ILIS +1 side,p173,p173,z,2985.21,,mm,false
14,SSAT BR,fiducial,ILIS +1 side,ILIS +1 side,p174,p174,x,2735.71,,mm,false
14,SSAT BR,fiducial,ILIS +1 side,ILIS +1 side,p174,p174,y,480.95,,mm,false
14,SSAT BR,fiducial,ILIS +1 side,ILIS +1 side,p174,p174,z,2987.71,,mm,false
14,SSAT BR,fiducial,ILIS +1 side,ILIS +1 side,p175,p175,x,3013.9,,mm,false
14,SSAT BR,fiducial,ILIS +1 side,ILIS +1 side,p175,p175,y,530.17,,mm,false
14,SSAT BR,fiducial,ILIS +1 side,ILIS +1 side,p175,p175,z,2988.59,,mm,false
14,SSAT BR,fiducial,ILIS +1 side,ILIS +1 side,p176,p176,x,2198.11,,mm,false
14,SSAT BR,fiducial,ILIS +1 side,ILIS +1 side,p176,p176,y,385.82,,mm,false
14,SSAT BR,fiducial,ILIS +1 side,ILIS +1 side,p176,p176,z,3230.52,,mm,false
14,SSAT BR,fiducial,ILIS +1 side,ILIS +1 side,p177,p177,x,2469.93,,mm,false
14,SSAT BR,fiducial,ILIS +1 side,ILIS +1 side,p177,p177,y,433.92,,mm,false
14,SSAT BR,fiducial,ILIS +1 side,ILIS +1 side,p177,p177,z,3220.87,,mm,false
14,SSAT BR,fiducial,ILIS +1 side,ILIS +1 side,p178,p178,x,2751.75,,mm,false
14,SSAT BR,fiducial,ILIS +1 side,ILIS +1 side,p178,p178,y,483.64,,mm,false
14,SSAT BR,fiducial,ILIS +1 side,ILIS +1 side,p178,p178,z,3215.53,,mm,false
14,SSAT BR,fiducial,ILIS +1 side,ILIS +1 side,p179,p179,x,3009.78,,mm,false
14,SSAT BR,fiducial,ILIS +1 side,ILIS +1 side,p179,p179,y,529.41,,mm,false
14,SSAT BR,fiducial,ILIS +1 side,ILIS +1 side,p179,p179,z,3219.47,,mm,false
14,SSAT BR,fiducial,ILIS +1 side,ILIS +1 side,p180,p180,x,2195.88,,mm,false
14,SSAT BR,fiducial,ILIS +1 side,ILIS +1 side,p180,p180,y,385.52,,mm,false
14,SSAT BR,fiducial,ILIS +1 side,ILIS +1 side,p180,p180,z,3460.26,,mm,false
14,SSAT BR,fiducial,ILIS +1 side,ILIS +1 side,p181,p181,x,2487.88,,mm,false
14,SSAT BR,fiducial,ILIS +1 side,ILIS +1 side,p181,p181,y,437.06,,mm,false
14,SSAT BR,fiducial,ILIS +1 side,ILIS +1 side,p181,p181,z,3452.34,,mm,false
14,SSAT BR,fiducial,ILIS +1 side,ILIS +1 side,p182,p182,x,2751.08,,mm,false
14,SSAT BR,fiducial,ILIS +1 side,ILIS +1 side,p182,p182,y,483.63,,mm,false
14,SSAT BR,fiducial,ILIS +1 side,ILIS +1 side,p182,p182,z,3455.72,,mm,false
14,SSAT BR,fiducial,ILIS +1 side,ILIS +1 side,p183,p183,x,3002.67,,mm,false
14,SSAT BR,fiducial,ILIS +1 side,ILIS +1 side,p183,p183,y,528.11,,mm,false
14,SSAT BR,fiducial,ILIS +1 side,ILIS +1 side,p183,p183,z,3450.43,,mm,false
14,SSAT BR,fiducial,ILIS -1 side,ILIS -1 side,p1,p1,x,2986.98,,mm,false
14,SSAT BR,fiducial,ILIS -1 side,ILIS -1 side,p1,p1,y,-526.06,,mm,false
14,SSAT BR,fiducial,ILIS -1 side,ILIS -1 side,p1,p1,z,4479.59,,mm,false
14,SSAT BR,fiducial,ILIS -1 side,ILIS -1 side,p2,p2,x,3016.27,,mm,false
14,SSAT BR,fiducial,ILIS -1 side,ILIS -1 side,p2,p2,y,-531.24,,mm,false
14,SSAT BR,fiducial,ILIS -1 side,ILIS -1 side,p2,p2,z,4261.65,,mm,false
14,SSAT BR,fiducial,ILIS -1 side,ILIS -1 side,p3,p3,x,2998.8,,mm,false
14,SSAT BR,fiducial,ILIS -1 side,ILIS -1 side,p3,p3,y,-528.14,,mm,false
14,SSAT BR,fiducial,ILIS -1 side,ILIS -1 side,p3,p3,z,4046.52,,mm,false
14,SSAT BR,fiducial,ILIS -1 side,ILIS -1 side,p4,p4,x,2782.83,,mm,false
14,SSAT BR,fiducial,ILIS -1 side,ILIS -1 side,p4,p4,y,-490.15,,mm,false
14,SSAT BR,fiducial,ILIS -1 side,ILIS -1 side,p4,p4,z,4044.52,,mm,false
14,SSAT BR,fiducial,ILIS -1 side,ILIS -1 side,p5,p5,x,2796.25,,mm,false
14,SSAT BR,fiducial,ILIS -1 side,ILIS -1 side,p5,p5,y,-492.48,,mm,false
14,SSAT BR,fiducial,ILIS -1 side,ILIS -1 side,p5,p5,z,4251.75,,mm,false
14,SSAT BR,fiducial,ILIS -1 side,ILIS -1 side,p6,p6,x,2797.47,,mm,false
14,SSAT BR,fiducial,ILIS -1 side,ILIS -1 side,p6,p6,y,-492.71,,mm,false
14,SSAT BR,fiducial,ILIS -1 side,ILIS -1 side,p6,p6,z,4508.62,,mm,false
14,SSAT BR,fiducial,ILIS -1 side,ILIS -1 side,p7,p7,x,2622.58,,mm,false
14,SSAT BR,fiducial,ILIS -1 side,ILIS -1 side,p7,p7,y,-461.9,,mm,false
14,SSAT BR,fiducial,ILIS -1 side,ILIS -1 side,p7,p7,z,4510.17,,mm,false
14,SSAT BR,fiducial,ILIS -1 side,ILIS -1 side,p8,p8,x,2621.09,,mm,false
14,SSAT BR,fiducial,ILIS -1 side,ILIS -1 side,p8,p8,y,-461.72,,mm,false
14,SSAT BR,fiducial,ILIS -1 side,ILIS -1 side,p8,p8,z,4050.26,,mm,false
14,SSAT BR,fiducial,ILIS -1 side,ILIS -1 side,p9,p9,x,2621.6,,mm,false
14,SSAT BR,fiducial,ILIS -1 side,ILIS -1 side,p9,p9,y,-461.71,,mm,false
14,SSAT BR,fiducial,ILIS -1 side,ILIS -1 side,p9,p9,z,4276.63,,mm,false
14,SSAT BR,fiducial,ILIS -1 side,ILIS -1 side,p10,p10,x,2622.79,,mm,false
14,SSAT BR,fiducial,ILIS -1 side,ILIS -1 side,p10,p10,y,-462.01,,mm,false
14,SSAT BR,fiducial,ILIS -1 side,ILIS -1 side,p10,p10,z,4007.47,,mm,false
14,SSAT BR,fiducial,ILIS -1 side,ILIS -1 side,p11,p11,x,2821.79,,mm,false
14,SSAT BR,fiducial,ILIS -1 side,ILIS -1 side,p11,p11,y,-497.01,,mm,false
14,SSAT BR,fiducial,ILIS -1 side,ILIS -1 side,p11,p11,z,4009.81,,mm,false
14,SSAT BR,fiducial,ILIS -1 side,ILIS -1 side,p12,p12,x,2617.48,,mm,false
14,SSAT BR,fiducial,ILIS -1 side,ILIS -1 side,p12,p12,y,-460.99,,mm,false
14,SSAT BR,fiducial,ILIS -1 side,ILIS -1 side,p12,p12,z,3791.83,,mm,false
14,SSAT BR,fiducial,ILIS -1 side,ILIS -1 side,p13,p13,x,2620.14,,mm,false
14,SSAT BR,fiducial,ILIS -1 side,ILIS -1 side,p13,p13,y,-461.46,,mm,false
14,SSAT BR,fiducial,ILIS -1 side,ILIS -1 side,p13,p13,z,3544.29,,mm,false
14,SSAT BR,fiducial,ILIS -1 side,ILIS -1 side,p14,p14,x,2781.72,,mm,false
14,SSAT BR,fiducial,ILIS -1 side,ILIS -1 side,p14,p14,y,-490.0,,mm,false
14,SSAT BR,fiducial,ILIS -1 side,ILIS -1 side,p14,p14,z,3778.2,,mm,false
14,SSAT BR,fiducial,ILIS -1 side,ILIS -1 side,p15,p15,x,3017.46,,mm,false
14,SSAT BR,fiducial,ILIS -1 side,ILIS -1 side,p15,p15,y,-531.4,,mm,false
14,SSAT BR,fiducial,ILIS -1 side,ILIS -1 side,p15,p15,z,3788.85,,mm,false
14,SSAT BR,fiducial,ILIS -1 side,ILIS -1 side,p16,p16,x,3020.75,,mm,false
14,SSAT BR,fiducial,ILIS -1 side,ILIS -1 side,p16,p16,y,-532.05,,mm,false
14,SSAT BR,fiducial,ILIS -1 side,ILIS -1 side,p16,p16,z,3543.48,,mm,false
14,SSAT BR,fiducial,ILIS -1 side,ILIS -1 side,p17,p17,x,3022.18,,mm,false
14,SSAT BR,fiducial,ILIS -1 side,ILIS -1 side,p17,p17,y,-532.24,,mm,false
14,SSAT BR,fiducial,ILIS -1 side,ILIS -1 side,p17,p17,z,4006.61,,mm,false
14,SSAT BR,fiducial,ILIS -1 side,ILIS -1 side,p18,p18,x,2784.47,,mm,false
14,SSAT BR,fiducial,ILIS -1 side,ILIS -1 side,p18,p18,y,-490.41,,mm,false
14,SSAT BR,fiducial,ILIS -1 side,ILIS -1 side,p18,p18,z,3548.28,,mm,false
14,SSAT BR,fiducial,ILIS -1 side,ILIS -1 side,p19,p19,x,2270.54,,mm,false
14,SSAT BR,fiducial,ILIS -1 side,ILIS -1 side,p19,p19,y,-399.84,,mm,false
14,SSAT BR,fiducial,ILIS -1 side,ILIS -1 side,p19,p19,z,4008.29,,mm,false
14,SSAT BR,fiducial,ILIS -1 side,ILIS -1 side,p20,p20,x,2230.8,,mm,false
14,SSAT BR,fiducial,ILIS -1 side,ILIS -1 side,p20,p20,y,-392.85,,mm,false
14,SSAT BR,fiducial,ILIS -1 side,ILIS -1 side,p20,p20,z,3778.8,,mm,false
14,SSAT BR,fiducial,ILIS -1 side,ILIS -1 side,p21,p21,x,2254.72,,mm,false
14,SSAT BR,fiducial,ILIS -1 side,ILIS -1 side,p21,p21,y,-397.04,,mm,false
14,SSAT BR,fiducial,ILIS -1 side,ILIS -1 side,p21,p21,z,3551.98,,mm,false
14,SSAT BR,fiducial,ILIS -1 side,ILIS -1 side,p22,p22,x,2374.04,,mm,false
14,SSAT BR,fiducial,ILIS -1 side,ILIS -1 side,p22,p22,y,-418.13,,mm,false
14,SSAT BR,fiducial,ILIS -1 side,ILIS -1 side,p22,p22,z,3549.76,,mm,false
14,SSAT BR,fiducial,ILIS -1 side,ILIS -1 side,p23,p23,x,2393.11,,mm,false
14,SSAT BR,fiducial,ILIS -1 side,ILIS -1 side,p23,p23,y,-421.48,,mm,false
14,SSAT BR,fiducial,ILIS -1 side,ILIS -1 side,p23,p23,z,3753.78,,mm,false
14,SSAT BR,fiducial,ILIS -1 side,ILIS -1 side,p24,p24,x,2405.69,,mm,false
14,SSAT BR,fiducial,ILIS -1 side,ILIS -1 side,p24,p24,y,-423.78,,mm,false
14,SSAT BR,fiducial,ILIS -1 side,ILIS -1 side,p24,p24,z,4005.53,,mm,false
14,SSAT BR,fiducial,ILIS -1 side,ILIS -1 side,p25,p25,x,2579.17,,mm,false
14,SSAT BR,fiducial,ILIS -1 side,ILIS -1 side,p25,p25,y,-454.26,,mm,false
14,SSAT BR,fiducial,ILIS -1 side,ILIS -1 side,p25,p25,z,4009.33,,mm,false
14,SSAT BR,fiducial,ILIS -1 side,ILIS -1 side,p26,p26,x,2577.72,,mm,false
14,SSAT BR,fiducial,ILIS -1 side,ILIS -1 side,p26,p26,y,-454.01,,mm,false
14,SSAT BR,fiducial,ILIS -1 side,ILIS -1 side,p26,p26,z,3765.34,,mm,false
14,SSAT BR,fiducial,ILIS -1 side,ILIS -1 side,p27,p27,x,2577.84,,mm,false
14,SSAT BR,fiducial,ILIS -1 side,ILIS -1 side,p27,p27,y,-453.96,,mm,false
14,SSAT BR,fiducial,ILIS -1 side,ILIS -1 side,p27,p27,z,3549.2,,mm,false
14,SSAT BR,fiducial,ILIS -1 side,ILIS -1 side,p28,p28,x,2575.43,,mm,false
14,SSAT BR,fiducial,ILIS -1 side,ILIS -1 side,p28,p28,y,-453.66,,mm,false
14,SSAT BR,fiducial,ILIS -1 side,ILIS -1 side,p28,p28,z,4049.37,,mm,false
14,SSAT BR,fiducial,ILIS -1 side,ILIS -1 side,p29,p29,x,2580.31,,mm,false
14,SSAT BR,fiducial,ILIS -1 side,ILIS -1 side,p29,p29,y,-454.47,,mm,false
14,SSAT BR,fiducial,ILIS -1 side,ILIS -1 side,p29,p29,z,4279.19,,mm,false
14,SSAT BR,fiducial,ILIS -1 side,ILIS -1 side,p30,p30,x,2578.21,,mm,false
14,SSAT BR,fiducial,ILIS -1 side,ILIS -1 side,p30,p30,y,-454.11,,mm,false
14,SSAT BR,fiducial,ILIS -1 side,ILIS -1 side,p30,p30,z,4505.22,,mm,false
14,SSAT BR,fiducial,ILIS -1 side,ILIS -1 side,p31,p31,x,2389.75,,mm,false
14,SSAT BR,fiducial,ILIS -1 side,ILIS -1 side,p31,p31,y,-420.87,,mm,false
14,SSAT BR,fiducial,ILIS -1 side,ILIS -1 side,p31,p31,z,4049.84,,mm,false
14,SSAT BR,fiducial,ILIS -1 side,ILIS -1 side,p32,p32,x,2237.0,,mm,false
14,SSAT BR,fiducial,ILIS -1 side,ILIS -1 side,p32,p32,y,-393.97,,mm,false
14,SSAT BR,fiducial,ILIS -1 side,ILIS -1 side,p32,p32,z,4051.54,,mm,false
14,SSAT BR,fiducial,ILIS -1 side,ILIS -1 side,p33,p33,x,2266.47,,mm,false
14,SSAT BR,fiducial,ILIS -1 side,ILIS -1 side,p33,p33,y,-399.17,,mm,false
14,SSAT BR,fiducial,ILIS -1 side,ILIS -1 side,p33,p33,z,4264.83,,mm,false
14,SSAT BR,fiducial,ILIS -1 side,ILIS -1 side,p34,p34,x,2427.32,,mm,false
14,SSAT BR,fiducial,ILIS -1 side,ILIS -1 side,p34,p34,y,-427.54,,mm,false
14,SSAT BR,fiducial,ILIS -1 side,ILIS -1 side,p34,p34,z,4276.69,,mm,false
14,SSAT BR,fiducial,ILIS -1 side,ILIS -1 side,p35,p35,x,2364.17,,mm,false
14,SSAT BR,fiducial,ILIS -1 side,ILIS -1 side,p35,p35,y,-416.39,,mm,false
14,SSAT BR,fiducial,ILIS -1 side,ILIS -1 side,p35,p35,z,4415.36,,mm,false
14,SSAT BR,fiducial,ILIS -1 side,ILIS -1 side,p36,p36,x,2337.02,,mm,false
14,SSAT BR,fiducial,ILIS -1 side,ILIS -1 side,p36,p36,y,-411.6,,mm,false
14,SSAT BR,fiducial,ILIS -1 side,ILIS -1 side,p36,p36,z,4509.84,,mm,false
14,SSAT BR,fiducial,ILIS -1 side,ILIS -1 side,p37,p37,x,3026.36,,mm,false
14,SSAT BR,fiducial,ILIS -1 side,ILIS -1 side,p37,p37,y,-532.98,,mm,false
14,SSAT BR,fiducial,ILIS -1 side,ILIS -1 side,p37,p37,z,2549.34,,mm,false
14,SSAT BR,fiducial,ILIS -1 side,ILIS -1 side,p38,p38,x,3027.18,,mm,false
14,SSAT BR,fiducial,ILIS -1 side,ILIS -1 side,p38,p38,y,-533.1,,mm,false
14,SSAT BR,fiducial,ILIS -1 side,ILIS -1 side,p38,p38,z,2905.92,,mm,false
14,SSAT BR,fiducial,ILIS -1 side,ILIS -1 side,p39,p39,x,3028.07,,mm,false
14,SSAT BR,fiducial,ILIS -1 side,ILIS -1 side,p39,p39,y,-533.26,,mm,false
14,SSAT BR,fiducial,ILIS -1 side,ILIS -1 side,p39,p39,z,3162.11,,mm,false
14,SSAT BR,fiducial,ILIS -1 side,ILIS -1 side,p40,p40,x,2687.16,,mm,false
14,SSAT BR,fiducial,ILIS -1 side,ILIS -1 side,p40,p40,y,-473.19,,mm,false
14,SSAT BR,fiducial,ILIS -1 side,ILIS -1 side,p40,p40,z,2541.65,,mm,false
14,SSAT BR,fiducial,ILIS -1 side,ILIS -1 side,p41,p41,x,2690.81,,mm,false
14,SSAT BR,fiducial,ILIS -1 side,ILIS -1 side,p41,p41,y,-473.9,,mm,false
14,SSAT BR,fiducial,ILIS -1 side,ILIS -1 side,p41,p41,z,2890.79,,mm,false
14,SSAT BR,fiducial,ILIS -1 side,ILIS -1 side,p42,p42,x,2394.07,,mm,false
14,SSAT BR,fiducial,ILIS -1 side,ILIS -1 side,p42,p42,y,-421.61,,mm,false
14,SSAT BR,fiducial,ILIS -1 side,ILIS -1 side,p42,p42,z,2582.33,,mm,false
14,SSAT BR,fiducial,ILIS -1 side,ILIS -1 side,p43,p43,x,2421.65,,mm,false
14,SSAT BR,fiducial,ILIS -1 side,ILIS -1 side,p43,p43,y,-426.46,,mm,false
14,SSAT BR,fiducial,ILIS -1 side,ILIS -1 side,p43,p43,z,2906.8,,mm,false
14,SSAT BR,fiducial,ILIS -1 side,ILIS -1 side,p44,p44,x,2513.46,,mm,false
14,SSAT BR,fiducial,ILIS -1 side,ILIS -1 side,p44,p44,y,-442.6,,mm,false
14,SSAT BR,fiducial,ILIS -1 side,ILIS -1 side,p44,p44,z,3257.37,,mm,false
14,SSAT BR,fiducial,ILIS -1 side,ILIS -1 side,p45,p45,x,3023.78,,mm,false
14,SSAT BR,fiducial,ILIS -1 side,ILIS -1 side,p45,p45,y,-532.53,,mm,false
14,SSAT BR,fiducial,ILIS -1 side,ILIS -1 side,p45,p45,z,3518.26,,mm,false
14,SSAT BR,fiducial,ILIS -1 side,ILIS -1 side,p46,p46,x,2718.48,,mm,false
14,SSAT BR,fiducial,ILIS -1 side,ILIS -1 side,p46,p46,y,-478.86,,mm,false
14,SSAT BR,fiducial,ILIS -1 side,ILIS -1 side,p46,p46,z,3515.44,,mm,false
14,SSAT BR,fiducial,ILIS -1 side,ILIS -1 side,p47,p47,x,2703.84,,mm,false
14,SSAT BR,fiducial,ILIS -1 side,ILIS -1 side,p47,p47,y,-476.18,,mm,false
14,SSAT BR,fiducial,ILIS -1 side,ILIS -1 side,p47,p47,z,3252.11,,mm,false
14,SSAT BR,fiducial,ILIS -1 side,ILIS -1 side,p48,p48,x,2482.33,,mm,false
14,SSAT BR,fiducial,ILIS -1 side,ILIS -1 side,p48,p48,y,-437.13,,mm,false
14,SSAT BR,fiducial,ILIS -1 side,ILIS -1 side,p48,p48,z,3514.06,,mm,false
14,SSAT BR,fiducial,ILIS -1 side,ILIS -1 side,p49,p49,x,2306.01,,mm,false
14,SSAT BR,fiducial,ILIS -1 side,ILIS -1 side,p49,p49,y,-406.04,,mm,false
14,SSAT BR,fiducial,ILIS -1 side,ILIS -1 side,p49,p49,z,3511.67,,mm,false
14,SSAT BR,fiducial,ILIS -1 side,ILIS -1 side,p50,p50,x,2305.8,,mm,false
14,SSAT BR,fiducial,ILIS -1 side,ILIS -1 side,p50,p50,y,-405.98,,mm,false
14,SSAT BR,fiducial,ILIS -1 side,ILIS -1 side,p50,p50,z,3259.69,,mm,false
14,SSAT BR,fiducial,ILIS -1 side,ILIS -1 side,p51,p51,x,2327.58,,mm,false
14,SSAT BR,fiducial,ILIS -1 side,ILIS -1 side,p51,p51,y,-409.82,,mm,false
14,SSAT BR,fiducial,ILIS -1 side,ILIS -1 side,p51,p51,z,2865.54,,mm,false
14,SSAT BR,fiducial,ILIS -1 side,ILIS -1 side,p52,p52,x,2354.86,,mm,false
14,SSAT BR,fiducial,ILIS -1 side,ILIS -1 side,p52,p52,y,-414.73,,mm,false
14,SSAT BR,fiducial,ILIS -1 side,ILIS -1 side,p52,p52,z,2556.13,,mm,false
14,SSAT BR,fiducial,ILIS -1 side,ILIS -1 side,p53,p53,x,3015.83,,mm,false
14,SSAT BR,fiducial,ILIS -1 side,ILIS -1 side,p53,p53,y,-531.12,,mm,false
14,SSAT BR,fiducial,ILIS -1 side,ILIS -1 side,p53,p53,z,2516.51,,mm,false
14,SSAT BR,fiducial,ILIS -1 side,ILIS -1 side,p54,p54,x,2747.31,,mm,false
14,SSAT BR,fiducial,ILIS -1 side,ILIS -1 side,p54,p54,y,-483.87,,mm,false
14,SSAT BR,fiducial,ILIS -1 side,ILIS -1 side,p54,p54,z,2517.65,,mm,false
14,SSAT BR,fiducial,ILIS -1 side,ILIS -1 side,p55,p55,x,2483.89,,mm,false
14,SSAT BR,fiducial,ILIS -1 side,ILIS -1 side,p55,p55,y,-437.46,,mm,false
14,SSAT BR,fiducial,ILIS -1 side,ILIS -1 side,p55,p55,z,2517.71,,mm,false
14,SSAT BR,fiducial,ILIS -1 side,ILIS -1 side,p56,p56,x,2314.57,,mm,false
14,SSAT BR,fiducial,ILIS -1 side,ILIS -1 side,p56,p56,y,-407.6,,mm,false
14,SSAT BR,fiducial,ILIS -1 side,ILIS -1 side,p56,p56,z,2503.18,,mm,false
14,SSAT BR,fiducial,ILIS -1 side,ILIS -1 side,p57,p57,x,3025.45,,mm,false
14,SSAT BR,fiducial,ILIS -1 side,ILIS -1 side,p57,p57,y,-532.87,,mm,false
14,SSAT BR,fiducial,ILIS -1 side,ILIS -1 side,p57,p57,z,2216.94,,mm,false
14,SSAT BR,fiducial,ILIS -1 side,ILIS -1 side,p58,p58,x,2692.76,,mm,false
14,SSAT BR,fiducial,ILIS -1 side,ILIS -1 side,p58,p58,y,-474.23,,mm,false
14,SSAT BR,fiducial,ILIS -1 side,ILIS -1 side,p58,p58,z,2252.29,,mm,false
14,SSAT BR,fiducial,ILIS -1 side,ILIS -1 side,p59,p59,x,2464.88,,mm,false
14,SSAT BR,fiducial,ILIS -1 side,ILIS -1 side,p59,p59,y,-434.15,,mm,false
14,SSAT BR,fiducial,ILIS -1 side,ILIS -1 side,p59,p59,z,2255.14,,mm,false
14,SSAT BR,fiducial,ILIS -1 side,ILIS -1 side,p60,p60,x,2310.27,,mm,false
14,SSAT BR,fiducial,ILIS -1 side,ILIS -1 side,p60,p60,y,-406.81,,mm,false
14,SSAT BR,fiducial,ILIS -1 side,ILIS -1 side,p60,p60,z,2252.06,,mm,false
14,SSAT BR,fiducial,ILIS -1 side,ILIS -1 side,p61,p61,x,3024.82,,mm,false
14,SSAT BR,fiducial,ILIS -1 side,ILIS -1 side,p61,p61,y,-532.83,,mm,false
14,SSAT BR,fiducial,ILIS -1 side,ILIS -1 side,p61,p61,z,1802.14,,mm,false
14,SSAT BR,fiducial,ILIS -1 side,ILIS -1 side,p62,p62,x,2720.18,,mm,false
14,SSAT BR,fiducial,ILIS -1 side,ILIS -1 side,p62,p62,y,-479.07,,mm,false
14,SSAT BR,fiducial,ILIS -1 side,ILIS -1 side,p62,p62,z,1783.63,,mm,false
14,SSAT BR,fiducial,ILIS -1 side,ILIS -1 side,p63,p63,x,2337.85,,mm,false
14,SSAT BR,fiducial,ILIS -1 side,ILIS -1 side,p63,p63,y,-411.7,,mm,false
14,SSAT BR,fiducial,ILIS -1 side,ILIS -1 side,p63,p63,z,1798.57,,mm,false
14,SSAT BR,fiducial,ILIS -1 side,ILIS -1 side,p64,p64,x,2493.65,,mm,false
14,SSAT BR,fiducial,ILIS -1 side,ILIS -1 side,p64,p64,y,-439.24,,mm,false
14,SSAT BR,fiducial,ILIS -1 side,ILIS -1 side,p64,p64,z,1791.58,,mm,false
14,SSAT BR,fiducial,ILIS -1 side,ILIS -1 side,p65,p65,x,3026.41,,mm,false
14,SSAT BR,fiducial,ILIS -1 side,ILIS -1 side,p65,p65,y,-533.07,,mm,false
14,SSAT BR,fiducial,ILIS -1 side,ILIS -1 side,p65,p65,z,1543.98,,mm,false
14,SSAT BR,fiducial,ILIS -1 side,ILIS -1 side,p66,p66,x,2761.22,,mm,false
14,SSAT BR,fiducial,ILIS -1 side,ILIS -1 side,p66,p66,y,-486.32,,mm,false
14,SSAT BR,fiducial,ILIS -1 side,ILIS -1 side,p66,p66,z,1543.7,,mm,false
14,SSAT BR,fiducial,ILIS -1 side,ILIS -1 side,p67,p67,x,2467.42,,mm,false
14,SSAT BR,fiducial,ILIS -1 side,ILIS -1 side,p67,p67,y,-434.61,,mm,false
14,SSAT BR,fiducial,ILIS -1 side,ILIS -1 side,p67,p67,z,1551.41,,mm,false
14,SSAT BR,fiducial,ILIS -1 side,ILIS -1 side,p68,p68,x,2324.01,,mm,false
14,SSAT BR,fiducial,ILIS -1 side,ILIS -1 side,p68,p68,y,-409.28,,mm,false
14,SSAT BR,fiducial,ILIS -1 side,ILIS -1 side,p68,p68,z,1545.16,,mm,false
14,SSAT BR,fiducial,ILIS -1 side,ILIS -1 side,p69,p69,x,3022.2,,mm,false
14,SSAT BR,fiducial,ILIS -1 side,ILIS -1 side,p69,p69,y,-532.3,,mm,false
14,SSAT BR,fiducial,ILIS -1 side,ILIS -1 side,p69,p69,z,1511.13,,mm,false
14,SSAT BR,fiducial,ILIS -1 side,ILIS -1 side,p70,p70,x,2785.62,,mm,false
14,SSAT BR,fiducial,ILIS -1 side,ILIS -1 side,p70,p70,y,-490.68,,mm,false
14,SSAT BR,fiducial,ILIS -1 side,ILIS -1 side,p70,p70,z,1516.26,,mm,false
14,SSAT BR,fiducial,ILIS -1 side,ILIS -1 side,p71,p71,x,2496.62,,mm,false
14,SSAT BR,fiducial,ILIS -1 side,ILIS -1 side,p71,p71,y,-439.75,,mm,false
14,SSAT BR,fiducial,ILIS -1 side,ILIS -1 side,p71,p71,z,1522.49,,mm,false
14,SSAT BR,fiducial,ILIS -1 side,ILIS -1 side,p72,p72,x,2328.69,,mm,false
14,SSAT BR,fiducial,ILIS -1 side,ILIS -1 side,p72,p72,y,-410.15,,mm,false
14,SSAT BR,fiducial,ILIS -1 side,ILIS -1 side,p72,p72,z,1508.81,,mm,false
14,SSAT BR,fiducial,ILIS -1 side,ILIS -1 side,p73,p73,x,3030.19,,mm,false
14,SSAT BR,fiducial,ILIS -1 side,ILIS -1 side,p73,p73,y,-533.7,,mm,false
14,SSAT BR,fiducial,ILIS -1 side,ILIS -1 side,p73,p73,z,1156.22,,mm,false
14,SSAT BR,fiducial,ILIS -1 side,ILIS -1 side,p74,p74,x,2776.29,,mm,false
14,SSAT BR,fiducial,ILIS -1 side,ILIS -1 side,p74,p74,y,-488.98,,mm,false
14,SSAT BR,fiducial,ILIS -1 side,ILIS -1 side,p74,p74,z,1148.47,,mm,false
14,SSAT BR,fiducial,ILIS -1 side,ILIS -1 side,p75,p75,x,2473.9,,mm,false
14,SSAT BR,fiducial,ILIS -1 side,ILIS -1 side,p75,p75,y,-435.67,,mm,false
14,SSAT BR,fiducial,ILIS -1 side,ILIS -1 side,p75,p75,z,1144.84,,mm,false
14,SSAT BR,fiducial,ILIS -1 side,ILIS -1 side,p76,p76,x,2333.32,,mm,false
14,SSAT BR,fiducial,ILIS -1 side,ILIS -1 side,p76,p76,y,-410.94,,mm,false
14,SSAT BR,fiducial,ILIS -1 side,ILIS -1 side,p76,p76,z,1047.83,,mm,false
14,SSAT BR,fiducial,ILIS -1 side,ILIS -1 side,p77,p77,x,2768.24,,mm,false
14,SSAT BR,fiducial,ILIS -1 side,ILIS -1 side,p77,p77,y,-487.54,,mm,false
14,SSAT BR,fiducial,ILIS -1 side,ILIS -1 side,p77,p77,z,788.93,,mm,false
14,SSAT BR,fiducial,ILIS -1 side,ILIS -1 side,p78,p78,x,3025.36,,mm,false
14,SSAT BR,fiducial,ILIS -1 side,ILIS -1 side,p78,p78,y,-532.83,,mm,false
14,SSAT BR,fiducial,ILIS -1 side,ILIS -1 side,p78,p78,z,782.5,,mm,false
14,SSAT BR,fiducial,ILIS -1 side,ILIS -1 side,p79,p79,x,2502.87,,mm,false
14,SSAT BR,fiducial,ILIS -1 side,ILIS -1 side,p79,p79,y,-440.79,,mm,false
14,SSAT BR,fiducial,ILIS -1 side,ILIS -1 side,p79,p79,z,790.76,,mm,false
14,SSAT BR,fiducial,ILIS -1 side,ILIS -1 side,p80,p80,x,2335.34,,mm,false
14,SSAT BR,fiducial,ILIS -1 side,ILIS -1 side,p80,p80,y,-411.23,,mm,false
14,SSAT BR,fiducial,ILIS -1 side,ILIS -1 side,p80,p80,z,790.36,,mm,false
14,SSAT BR,fiducial,ILIS -1 side,ILIS -1 side,p81,p81,x,2354.82,,mm,false
14,SSAT BR,fiducial,ILIS -1 side,ILIS -1 side,p81,p81,y,-414.79,,mm,false
14,SSAT BR,fiducial,ILIS -1 side,ILIS -1 side,p81,p81,z,548.82,,mm,false
14,SSAT BR,fiducial,ILIS -1 side,ILIS -1 side,p82,p82,x,2565.48,,mm,false
14,SSAT BR,fiducial,ILIS -1 side,ILIS -1 side,p82,p82,y,-451.88,,mm,false
14,SSAT BR,fiducial,ILIS -1 side,ILIS -1 side,p82,p82,z,570.52,,mm,false
14,SSAT BR,fiducial,ILIS -1 side,ILIS -1 side,p83,p83,x,2798.7,,mm,false
14,SSAT BR,fiducial,ILIS -1 side,ILIS -1 side,p83,p83,y,-493.05,,mm,false
14,SSAT BR,fiducial,ILIS -1 side,ILIS -1 side,p83,p83,z,540.73,,mm,false
14,SSAT BR,fiducial,ILIS -1 side,ILIS -1 side,p84,p84,x,3027.74,,mm,false
14,SSAT BR,fiducial,ILIS -1 side,ILIS -1 side,p84,p84,y,-533.32,,mm,false
14,SSAT BR,fiducial,ILIS -1 side,ILIS -1 side,p84,p84,z,543.27,,mm,false
14,SSAT BR,fiducial,ILIS -1 side,ILIS -1 side,p85,p85,x,3025.85,,mm,false
14,SSAT BR,fiducial,ILIS -1 side,ILIS -1 side,p85,p85,y,-532.93,,mm,false
14,SSAT BR,fiducial,ILIS -1 side,ILIS -1 side,p85,p85,z,510.91,,mm,false
14,SSAT BR,fiducial,ILIS -1 side,ILIS -1 side,p86,p86,x,2710.04,,mm,false
14,SSAT BR,fiducial,ILIS -1 side,ILIS -1 side,p86,p86,y,-477.39,,mm,false
14,SSAT BR,fiducial,ILIS -1 side,ILIS -1 side,p86,p86,z,516.75,,mm,false
14,SSAT BR,fiducial,ILIS -1 side,ILIS -1 side,p87,p87,x,2462.45,,mm,false
14,SSAT BR,fiducial,ILIS -1 side,ILIS -1 side,p87,p87,y,-433.75,,mm,false
14,SSAT BR,fiducial,ILIS -1 side,ILIS -1 side,p87,p87,z,507.0,,mm,false
14,SSAT BR,fiducial,ILIS -1 side,ILIS -1 side,p88,p88,x,2209.31,,mm,false
14,SSAT BR,fiducial,ILIS -1 side,ILIS -1 side,p88,p88,y,-389.14,,mm,false
14,SSAT BR,fiducial,ILIS -1 side,ILIS -1 side,p88,p88,z,517.38,,mm,false
14,SSAT BR,fiducial,ILIS -1 side,ILIS -1 side,p89,p89,x,2222.43,,mm,false
14,SSAT BR,fiducial,ILIS -1 side,ILIS -1 side,p89,p89,y,-391.38,,mm,false
14,SSAT BR,fiducial,ILIS -1 side,ILIS -1 side,p89,p89,z,269.28,,mm,false
14,SSAT BR,fiducial,ILIS -1 side,ILIS -1 side,p90,p90,x,2450.37,,mm,false
14,SSAT BR,fiducial,ILIS -1 side,ILIS -1 side,p90,p90,y,-431.55,,mm,false
14,SSAT BR,fiducial,ILIS -1 side,ILIS -1 side,p90,p90,z,250.07,,mm,false
14,SSAT BR,fiducial,ILIS -1 side,ILIS -1 side,p91,p91,x,2757.04,,mm,false
14,SSAT BR,fiducial,ILIS -1 side,ILIS -1 side,p91,p91,y,-485.59,,mm,false
14,SSAT BR,fiducial,ILIS -1 side,ILIS -1 side,p91,p91,z,244.87,,mm,false
14,SSAT BR,fiducial,ILIS -1 side,ILIS -1 side,p92,p92,x,3024.17,,mm,false
14,SSAT BR,fiducial,ILIS -1 side,ILIS -1 side,p92,p92,y,-532.66,,mm,false
14,SSAT BR,fiducial,ILIS -1 side,ILIS -1 side,p92,p92,z,292.94,,mm,false
14,SSAT BR,fiducial,ILIS -1 side,ILIS -1 side,p93,p93,x,3032.09,,mm,false
14,SSAT BR,fiducial,ILIS -1 side,ILIS -1 side,p93,p93,y,-534.04,,mm,false
14,SSAT BR,fiducial,ILIS -1 side,ILIS -1 side,p93,p93,z,-212.72,,mm,false
14,SSAT BR,fiducial,ILIS -1 side,ILIS -1 side,p94,p94,x,2712.79,,mm,false
14,SSAT BR,fiducial,ILIS -1 side,ILIS -1 side,p94,p94,y,-477.77,,mm,false
14,SSAT BR,fiducial,ILIS -1 side,ILIS -1 side,p94,p94,z,-221.43,,mm,false
14,SSAT BR,fiducial,ILIS -1 side,ILIS -1 side,p95,p95,x,2507.11,,mm,false
14,SSAT BR,fiducial,ILIS -1 side,ILIS -1 side,p95,p95,y,-441.53,,mm,false
14,SSAT BR,fiducial,ILIS -1 side,ILIS -1 side,p95,p95,z,-208.4,,mm,false
14,SSAT BR,fiducial,ILIS -1 side,ILIS -1 side,p96,p96,x,2253.73,,mm,false
14,SSAT BR,fiducial,ILIS -1 side,ILIS -1 side,p96,p96,y,-396.91,,mm,false
14,SSAT BR,fiducial,ILIS -1 side,ILIS -1 side,p96,p96,z,-201.7,,mm,false
14,SSAT BR,fiducial,ILIS -1 side,ILIS -1 side,p97,p97,x,3023.8,,mm,false
14,SSAT BR,fiducial,ILIS -1 side,ILIS -1 side,p97,p97,y,-532.72,,mm,false
14,SSAT BR,fiducial,ILIS -1 side,ILIS -1 side,p97,p97,z,-457.13,,mm,false
14,SSAT BR,fiducial,ILIS -1 side,ILIS -1 side,p98,p98,x,2744.69,,mm,false
14,SSAT BR,fiducial,ILIS -1 side,ILIS -1 side,p98,p98,y,-483.5,,mm,false
14,SSAT BR,fiducial,ILIS -1 side,ILIS -1 side,p98,p98,z,-451.44,,mm,false
14,SSAT BR,fiducial,ILIS -1 side,ILIS -1 side,p99,p99,x,2463.16,,mm,false
14,SSAT BR,fiducial,ILIS -1 side,ILIS -1 side,p99,p99,y,-433.89,,mm,false
14,SSAT BR,fiducial,ILIS -1 side,ILIS -1 side,p99,p99,z,-454.9,,mm,false
14,SSAT BR,fiducial,ILIS -1 side,ILIS -1 side,p100,p100,x,2323.67,,mm,false
14,SSAT BR,fiducial,ILIS -1 side,ILIS -1 side,p100,p100,y,-409.37,,mm,false
14,SSAT BR,fiducial,ILIS -1 side,ILIS -1 side,p100,p100,z,-456.61,,mm,false
14,SSAT BR,fiducial,ILIS -1 side,ILIS -1 side,p101,p101,x,3016.45,,mm,false
14,SSAT BR,fiducial,ILIS -1 side,ILIS -1 side,p101,p101,y,-531.36,,mm,false
14,SSAT BR,fiducial,ILIS -1 side,ILIS -1 side,p101,p101,z,-485.0,,mm,false
14,SSAT BR,fiducial,ILIS -1 side,ILIS -1 side,p102,p102,x,2779.77,,mm,false
14,SSAT BR,fiducial,ILIS -1 side,ILIS -1 side,p102,p102,y,-489.71,,mm,false
14,SSAT BR,fiducial,ILIS -1 side,ILIS -1 side,p102,p102,z,-482.36,,mm,false
14,SSAT BR,fiducial,ILIS -1 side,ILIS -1 side,p103,p103,x,2308.29,,mm,false
14,SSAT BR,fiducial,ILIS -1 side,ILIS -1 side,p103,p103,y,-406.56,,mm,false
14,SSAT BR,fiducial,ILIS -1 side,ILIS -1 side,p103,p103,z,-493.34,,mm,false
14,SSAT BR,fiducial,ILIS -1 side,ILIS -1 side,p104,p104,x,2305.21,,mm,false
14,SSAT BR,fiducial,ILIS -1 side,ILIS -1 side,p104,p104,y,-405.98,,mm,false
14,SSAT BR,fiducial,ILIS -1 side,ILIS -1 side,p104,p104,z,-752.1,,mm,false
14,SSAT BR,fiducial,ILIS -1 side,ILIS -1 side,p105,p105,x,2553.95,,mm,false
14,SSAT BR,fiducial,ILIS -1 side,ILIS -1 side,p105,p105,y,-449.81,,mm,false
14,SSAT BR,fiducial,ILIS -1 side,ILIS -1 side,p105,p105,z,-762.65,,mm,false
14,SSAT BR,fiducial,ILIS -1 side,ILIS -1 side,p106,p106,x,2860.01,,mm,false
14,SSAT BR,fiducial,ILIS -1 side,ILIS -1 side,p106,p106,y,-503.77,,mm,false
14,SSAT BR,fiducial,ILIS -1 side,ILIS -1 side,p106,p106,z,-752.63,,mm,false
14,SSAT BR,fiducial,ILIS -1 side,ILIS -1 side,p107,p107,x,2496.3,,mm,false
14,SSAT BR,fiducial,ILIS -1 side,ILIS -1 side,p107,p107,y,-439.73,,mm,false
14,SSAT BR,fiducial,ILIS -1 side,ILIS -1 side,p107,p107,z,-488.08,,mm,false
14,SSAT BR,fiducial,ILIS -1 side,ILIS -1 side,p108,p108,x,3028.78,,mm,false
14,SSAT BR,fiducial,ILIS -1 side,ILIS -1 side,p108,p108,y,-533.5,,mm,false
14,SSAT BR,fiducial,ILIS -1 side,ILIS -1 side,p108,p108,z,-737.61,,mm,false
14,SSAT BR,fiducial,ILIS -1 side,ILIS -1 side,p109,p109,x,3029.22,,mm,false
14,SSAT BR,fiducial,ILIS -1 side,ILIS -1 side,p109,p109,y,-533.59,,mm,false
14,SSAT BR,fiducial,ILIS -1 side,ILIS -1 side,p109,p109,z,-1179.18,,mm,false
14,SSAT BR,fiducial,ILIS -1 side,ILIS -1 side,p110,p110,x,2703.98,,mm,false
14,SSAT BR,fiducial,ILIS -1 side,ILIS -1 side,p110,p110,y,-476.25,,mm,false
14,SSAT BR,fiducial,ILIS -1 side,ILIS -1 side,p110,p110,z,-1215.24,,mm,false
14,SSAT BR,fiducial,ILIS -1 side,ILIS -1 side,p111,p111,x,2461.73,,mm,false
14,SSAT BR,fiducial,ILIS -1 side,ILIS -1 side,p111,p111,y,-433.54,,mm,false
14,SSAT BR,fiducial,ILIS -1 side,ILIS -1 side,p111,p111,z,-1218.25,,mm,false
14,SSAT BR,fiducial,ILIS -1 side,ILIS -1 side,p112,p112,x,2294.28,,mm,false
14,SSAT BR,fiducial,ILIS -1 side,ILIS -1 side,p112,p112,y,-404.05,,mm,false
14,SSAT BR,fiducial,ILIS -1 side,ILIS -1 side,p112,p112,z,-1202.55,,mm,false
14,SSAT BR,fiducial,ILIS -1 side,ILIS -1 side,p113,p113,x,2765.26,,mm,false
14,SSAT BR,fiducial,ILIS -1 side,ILIS -1 side,p113,p113,y,-487.19,,mm,false
14,SSAT BR,fiducial,ILIS -1 side,ILIS -1 side,p113,p113,z,-1443.86,,mm,false
14,SSAT BR,fiducial,ILIS -1 side,ILIS -1 side,p114,p114,x,3024.13,,mm,false
14,SSAT BR,fiducial,ILIS -1 side,ILIS -1 side,p114,p114,y,-532.7,,mm,false
14,SSAT BR,fiducial,ILIS -1 side,ILIS -1 side,p114,p114,z,-1418.39,,mm,false
14,SSAT BR,fiducial,ILIS -1 side,ILIS -1 side,p115,p115,x,2503.91,,mm,false
14,SSAT BR,fiducial,ILIS -1 side,ILIS -1 side,p115,p115,y,-441.02,,mm,false
14,SSAT BR,fiducial,ILIS -1 side,ILIS -1 side,p115,p115,z,-1415.75,,mm,false
14,SSAT BR,fiducial,ILIS -1 side,ILIS -1 side,p116,p116,x,2228.58,,mm,false
14,SSAT BR,fiducial,ILIS -1 side,ILIS -1 side,p116,p116,y,-392.54,,mm,false
14,SSAT BR,fiducial,ILIS -1 side,ILIS -1 side,p116,p116,z,-1458.08,,mm,false
14,SSAT BR,fiducial,ILIS -1 side,ILIS -1 side,p117,p117,x,2235.16,,mm,false
14,SSAT BR,fiducial,ILIS -1 side,ILIS -1 side,p117,p117,y,-393.67,,mm,false
14,SSAT BR,fiducial,ILIS -1 side,ILIS -1 side,p117,p117,z,-1488.95,,mm,false
14,SSAT BR,fiducial,ILIS -1 side,ILIS -1 side,p118,p118,x,2536.16,,mm,false
14,SSAT BR,fiducial,ILIS -1 side,ILIS -1 side,p118,p118,y,-446.8,,mm,false
14,SSAT BR,fiducial,ILIS -1 side,ILIS -1 side,p118,p118,z,-1494.7,,mm,false
14,SSAT BR,fiducial,ILIS -1 side,ILIS -1 side,p119,p119,x,2807.29,,mm,false
14,SSAT BR,fiducial,ILIS -1 side,ILIS -1 side,p119,p119,y,-494.57,,mm,false
14,SSAT BR,fiducial,ILIS -1 side,ILIS -1 side,p119,p119,z,-1485.65,,mm,false
14,SSAT BR,fiducial,ILIS -1 side,ILIS -1 side,p120,p120,x,3016.91,,mm,false
14,SSAT BR,fiducial,ILIS -1 side,ILIS -1 side,p120,p120,y,-531.45,,mm,false
14,SSAT BR,fiducial,ILIS -1 side,ILIS -1 side,p120,p120,z,-1484.45,,mm,false
14,SSAT BR,fiducial,ILIS -1 side,ILIS -1 side,p121,p121,x,3025.76,,mm,false
14,SSAT BR,fiducial,ILIS -1 side,ILIS -1 side,p121,p121,y,-532.96,,mm,false
14,SSAT BR,fiducial,ILIS -1 side,ILIS -1 side,p121,p121,z,-1895.96,,mm,false
14,SSAT BR,fiducial,ILIS -1 side,ILIS -1 side,p122,p122,x,2714.23,,mm,false
14,SSAT BR,fiducial,ILIS -1 side,ILIS -1 side,p122,p122,y,-478.09,,mm,false
14,SSAT BR,fiducial,ILIS -1 side,ILIS -1 side,p122,p122,z,-1871.8,,mm,false
14,SSAT BR,fiducial,ILIS -1 side,ILIS -1 side,p123,p123,x,2475.06,,mm,false
14,SSAT BR,fiducial,ILIS -1 side,ILIS -1 side,p123,p123,y,-435.9,,mm,false
14,SSAT BR,fiducial,ILIS -1 side,ILIS -1 side,p123,p123,z,-1862.79,,mm,false
14,SSAT BR,fiducial,ILIS -1 side,ILIS -1 side,p124,p124,x,2259.95,,mm,false
14,SSAT BR,fiducial,ILIS -1 side,ILIS -1 side,p124,p124,y,-397.96,,mm,false
14,SSAT BR,fiducial,ILIS -1 side,ILIS -1 side,p124,p124,z,-1847.3,,mm,false
14,SSAT BR,fiducial,ILIS -1 side,ILIS -1 side,p125,p125,x,3023.49,,mm,false
14,SSAT BR,fiducial,ILIS -1 side,ILIS -1 side,p125,p125,y,-532.65,,mm,false
14,SSAT BR,fiducial,ILIS -1 side,ILIS -1 side,p125,p125,z,-2178.51,,mm,false
14,SSAT BR,fiducial,ILIS -1 side,ILIS -1 side,p126,p126,x,2705.73,,mm,false
14,SSAT BR,fiducial,ILIS -1 side,ILIS -1 side,p126,p126,y,-476.62,,mm,false
14,SSAT BR,fiducial,ILIS -1 side,ILIS -1 side,p126,p126,z,-2189.45,,mm,false
14,SSAT BR,fiducial,ILIS -1 side,ILIS -1 side,p127,p127,x,2491.54,,mm,false
14,SSAT BR,fiducial,ILIS -1 side,ILIS -1 side,p127,p127,y,-438.82,,mm,false
14,SSAT BR,fiducial,ILIS -1 side,ILIS -1 side,p127,p127,z,-2196.21,,mm,false
14,SSAT BR,fiducial,ILIS -1 side,ILIS -1 side,p128,p128,x,2216.53,,mm,false
14,SSAT BR,fiducial,ILIS -1 side,ILIS -1 side,p128,p128,y,-390.37,,mm,false
14,SSAT BR,fiducial,ILIS -1 side,ILIS -1 side,p128,p128,z,-2165.91,,mm,false
14,SSAT BR,fiducial,ILIS -1 side,ILIS -1 side,p129,p129,x,2221.05,,mm,false
14,SSAT BR,fiducial,ILIS -1 side,ILIS -1 side,p129,p129,y,-391.24,,mm,false
14,SSAT BR,fiducial,ILIS -1 side,ILIS -1 side,p129,p129,z,-2450.11,,mm,false
14,SSAT BR,fiducial,ILIS -1 side,ILIS -1 side,p130,p130,x,2501.34,,mm,false
14,SSAT BR,fiducial,ILIS -1 side,ILIS -1 side,p130,p130,y,-440.61,,mm,false
14,SSAT BR,fiducial,ILIS -1 side,ILIS -1 side,p130,p130,z,-2447.87,,mm,false
14,SSAT BR,fiducial,ILIS -1 side,ILIS -1 side,p131,p131,x,2750.1,,mm,false
14,SSAT BR,fiducial,ILIS -1 side,ILIS -1 side,p131,p131,y,-484.54,,mm,false
14,SSAT BR,fiducial,ILIS -1 side,ILIS -1 side,p131,p131,z,-2452.38,,mm,false
14,SSAT BR,fiducial,ILIS -1 side,ILIS -1 side,p132,p132,x,3026.8,,mm,false
14,SSAT BR,fiducial,ILIS -1 side,ILIS -1 side,p132,p132,y,-533.21,,mm,false
14,SSAT BR,fiducial,ILIS -1 side,ILIS -1 side,p132,p132,z,-2383.31,,mm,false
14,SSAT BR,fiducial,ILIS -1 side,ILIS -1 side,p133,p133,x,3014.71,,mm,false
14,SSAT BR,fiducial,ILIS -1 side,ILIS -1 side,p133,p133,y,-531.06,,mm,false
14,SSAT BR,fiducial,ILIS -1 side,ILIS -1 side,p133,p133,z,-2478.57,,mm,false
14,SSAT BR,fiducial,ILIS -1 side,ILIS -1 side,p134,p134,x,2745.64,,mm,false
14,SSAT BR,fiducial,ILIS -1 side,ILIS -1 side,p134,p134,y,-483.74,,mm,false
14,SSAT BR,fiducial,ILIS -1 side,ILIS -1 side,p134,p134,z,-2474.85,,mm,false
14,SSAT BR,fiducial,ILIS -1 side,ILIS -1 side,p135,p135,x,2466.53,,mm,false
14,SSAT BR,fiducial,ILIS -1 side,ILIS -1 side,p135,p135,y,-434.47,,mm,false
14,SSAT BR,fiducial,ILIS -1 side,ILIS -1 side,p135,p135,z,-2475.2,,mm,false
14,SSAT BR,fiducial,ILIS -1 side,ILIS -1 side,p136,p136,x,2291.52,,mm,false
14,SSAT BR,fiducial,ILIS -1 side,ILIS -1 side,p136,p136,y,-403.55,,mm,false
14,SSAT BR,fiducial,ILIS -1 side,ILIS -1 side,p136,p136,z,-2480.96,,mm,false
14,SSAT BR,fiducial,ILIS -1 side,ILIS -1 side,p137,p137,x,2172.4,,mm,false
14,SSAT BR,fiducial,ILIS -1 side,ILIS -1 side,p137,p137,y,-382.6,,mm,false
14,SSAT BR,fiducial,ILIS -1 side,ILIS -1 side,p137,p137,z,-2739.29,,mm,false
14,SSAT BR,fiducial,ILIS -1 side,ILIS -1 side,p138,p138,x,2510.78,,mm,false
14,SSAT BR,fiducial,ILIS -1 side,ILIS -1 side,p138,p138,y,-442.3,,mm,false
14,SSAT BR,fiducial,ILIS -1 side,ILIS -1 side,p138,p138,z,-2728.79,,mm,false
14,SSAT BR,fiducial,ILIS -1 side,ILIS -1 side,p139,p139,x,2737.75,,mm,false
14,SSAT BR,fiducial,ILIS -1 side,ILIS -1 side,p139,p139,y,-482.31,,mm,false
14,SSAT BR,fiducial,ILIS -1 side,ILIS -1 side,p139,p139,z,-2725.8,,mm,false
14,SSAT BR,fiducial,ILIS -1 side,ILIS -1 side,p140,p140,x,3029.23,,mm,false
14,SSAT BR,fiducial,ILIS -1 side,ILIS -1 side,p140,p140,y,-533.65,,mm,false
14,SSAT BR,fiducial,ILIS -1 side,ILIS -1 side,p140,p140,z,-2734.93,,mm,false
14,SSAT BR,fiducial,ILIS -1 side,ILIS -1 side,p141,p141,x,3027.35,,mm,false
14,SSAT BR,fiducial,ILIS -1 side,ILIS -1 side,p141,p141,y,-533.34,,mm,false
14,SSAT BR,fiducial,ILIS -1 side,ILIS -1 side,p141,p141,z,-3203.04,,mm,false
14,SSAT BR,fiducial,ILIS -1 side,ILIS -1 side,p142,p142,x,2738.82,,mm,false
14,SSAT BR,fiducial,ILIS -1 side,ILIS -1 side,p142,p142,y,-482.52,,mm,false
14,SSAT BR,fiducial,ILIS -1 side,ILIS -1 side,p142,p142,z,-3198.27,,mm,false
14,SSAT BR,fiducial,ILIS -1 side,ILIS -1 side,p143,p143,x,2442.41,,mm,false
14,SSAT BR,fiducial,ILIS -1 side,ILIS -1 side,p143,p143,y,-430.22,,mm,false
14,SSAT BR,fiducial,ILIS -1 side,ILIS -1 side,p143,p143,z,-3196.77,,mm,false
14,SSAT BR,fiducial,ILIS -1 side,ILIS -1 side,p144,p144,x,2169.6,,mm,false
14,SSAT BR,fiducial,ILIS -1 side,ILIS -1 side,p144,p144,y,-382.12,,mm,false
14,SSAT BR,fiducial,ILIS -1 side,ILIS -1 side,p144,p144,z,-3200.63,,mm,false
14,SSAT BR,fiducial,ILIS -1 side,ILIS -1 side,p145,p145,x,2170.76,,mm,false
14,SSAT BR,fiducial,ILIS -1 side,ILIS -1 side,p145,p145,y,-382.41,,mm,false
14,SSAT BR,fiducial,ILIS -1 side,ILIS -1 side,p145,p145,z,-3455.22,,mm,false
14,SSAT BR,fiducial,ILIS -1 side,ILIS -1 side,p146,p146,x,2459.53,,mm,false
14,SSAT BR,fiducial,ILIS -1 side,ILIS -1 side,p146,p146,y,-433.36,,mm,false
14,SSAT BR,fiducial,ILIS -1 side,ILIS -1 side,p146,p146,z,-3458.03,,mm,false
14,SSAT BR,fiducial,ILIS -1 side,ILIS -1 side,p147,p147,x,2743.13,,mm,false
14,SSAT BR,fiducial,ILIS -1 side,ILIS -1 side,p147,p147,y,-483.34,,mm,false
14,SSAT BR,fiducial,ILIS -1 side,ILIS -1 side,p147,p147,z,-3454.53,,mm,false
14,SSAT BR,fiducial,ILIS -1 side,ILIS -1 side,p148,p148,x,3012.58,,mm,false
14,SSAT BR,fiducial,ILIS -1 side,ILIS -1 side,p148,p148,y,-530.86,,mm,false
14,SSAT BR,fiducial,ILIS -1 side,ILIS -1 side,p148,p148,z,-3460.98,,mm,false
14,SSAT BR,fiducial,ILIS -1 side,ILIS -1 side,p149,p149,x,2182.82,,mm,false
14,SSAT BR,fiducial,ILIS -1 side,ILIS -1 side,p149,p149,y,-384.51,,mm,false
14,SSAT BR,fiducial,ILIS -1 side,ILIS -1 side,p149,p149,z,-3495.13,,mm,false
14,SSAT BR,fiducial,ILIS -1 side,ILIS -1 side,p150,p150,x,2395.29,,mm,false
14,SSAT BR,fiducial,ILIS -1 side,ILIS -1 side,p150,p150,y,-421.99,,mm,false
14,SSAT BR,fiducial,ILIS -1 side,ILIS -1 side,p150,p150,z,-3492.87,,mm,false
14,SSAT BR,fiducial,ILIS -1 side,ILIS -1 side,p151,p151,x,2577.64,,mm,false
14,SSAT BR,fiducial,ILIS -1 side,ILIS -1 side,p151,p151,y,-454.14,,mm,false
14,SSAT BR,fiducial,ILIS -1 side,ILIS -1 side,p151,p151,z,-3492.94,,mm,false
14,SSAT BR,fiducial,ILIS -1 side,ILIS -1 side,p152,p152,x,2567.6,,mm,false
14,SSAT BR,fiducial,ILIS -1 side,ILIS -1 side,p152,p152,y,-452.44,,mm,false
14,SSAT BR,fiducial,ILIS -1 side,ILIS -1 side,p152,p152,z,-3685.73,,mm,false
14,SSAT BR,fiducial,ILIS -1 side,ILIS -1 side,p153,p153,x,2385.05,,mm,false
14,SSAT BR,fiducial,ILIS -1 side,ILIS -1 side,p153,p153,y,-420.21,,mm,false
14,SSAT BR,fiducial,ILIS -1 side,ILIS -1 side,p153,p153,z,-3680.44,,mm,false
14,SSAT BR,fiducial,ILIS -1 side,ILIS -1 side,p154,p154,x,2186.97,,mm,false
14,SSAT BR,fiducial,ILIS -1 side,ILIS -1 side,p154,p154,y,-385.27,,mm,false
14,SSAT BR,fiducial,ILIS -1 side,ILIS -1 side,p154,p154,z,-3726.6,,mm,false
14,SSAT BR,fiducial,ILIS -1 side,ILIS -1 side,p155,p155,x,2207.64,,mm,false
14,SSAT BR,fiducial,ILIS -1 side,ILIS -1 side,p155,p155,y,-388.93,,mm,false
14,SSAT BR,fiducial,ILIS -1 side,ILIS -1 side,p155,p155,z,-3952.57,,mm,false
14,SSAT BR,fiducial,ILIS -1 side,ILIS -1 side,p156,p156,x,2376.13,,mm,false
14,SSAT BR,fiducial,ILIS -1 side,ILIS -1 side,p156,p156,y,-418.69,,mm,false
14,SSAT BR,fiducial,ILIS -1 side,ILIS -1 side,p156,p156,z,-3947.49,,mm,false
14,SSAT BR,fiducial,ILIS -1 side,ILIS -1 side,p157,p157,x,2571.58,,mm,false
14,SSAT BR,fiducial,ILIS -1 side,ILIS -1 side,p157,p157,y,-453.17,,mm,false
14,SSAT BR,fiducial,ILIS -1 side,ILIS -1 side,p157,p157,z,-3945.49,,mm,false
14,SSAT BR,fiducial,ILIS -1 side,ILIS -1 side,p158,p158,x,2626.13,,mm,false
14,SSAT BR,fiducial,ILIS -1 side,ILIS -1 side,p158,p158,y,-462.69,,mm,false
14,SSAT BR,fiducial,ILIS -1 side,ILIS -1 side,p158,p158,z,-3488.41,,mm,false
14,SSAT BR,fiducial,ILIS -1 side,ILIS -1 side,p159,p159,x,2827.06,,mm,false
14,SSAT BR,fiducial,ILIS -1 side,ILIS -1 side,p159,p159,y,-498.1,,mm,false
14,SSAT BR,fiducial,ILIS -1 side,ILIS -1 side,p159,p159,z,-3490.43,,mm,false
14,SSAT BR,fiducial,ILIS -1 side,ILIS -1 side,p160,p160,x,3018.89,,mm,false
14,SSAT BR,fiducial,ILIS -1 side,ILIS -1 side,p160,p160,y,-531.91,,mm,false
14,SSAT BR,fiducial,ILIS -1 side,ILIS -1 side,p160,p160,z,-3493.3,,mm,false
14,SSAT BR,fiducial,ILIS -1 side,ILIS -1 side,p161,p161,x,2882.78,,mm,false
14,SSAT BR,fiducial,ILIS -1 side,ILIS -1 side,p161,p161,y,-507.99,,mm,false
14,SSAT BR,fiducial,ILIS -1 side,ILIS -1 side,p161,p161,z,-3736.09,,mm,false
14,SSAT BR,fiducial,ILIS -1 side,ILIS -1 side,p162,p162,x,3022.76,,mm,false
14,SSAT BR,fiducial,ILIS -1 side,ILIS -1 side,p162,p162,y,-532.61,,mm,false
14,SSAT BR,fiducial,ILIS -1 side,ILIS -1 side,p162,p162,z,-3729.23,,mm,false
14,SSAT BR,fiducial,ILIS -1 side,ILIS -1 side,p163,p163,x,2619.07,,mm,false
14,SSAT BR,fiducial,ILIS -1 side,ILIS -1 side,p163,p163,y,-461.49,,mm,false
14,SSAT BR,fiducial,ILIS -1 side,ILIS -1 side,p163,p163,z,-3713.59,,mm,false
14,SSAT BR,fiducial,ILIS -1 side,ILIS -1 side,p164,p164,x,2633.24,,mm,false
14,SSAT BR,fiducial,ILIS -1 side,ILIS -1 side,p164,p164,y,-464.07,,mm,false
14,SSAT BR,fiducial,ILIS -1 side,ILIS -1 side,p164,p164,z,-3947.72,,mm,false
14,SSAT BR,fiducial,ILIS -1 side,ILIS -1 side,p165,p165,x,2831.93,,mm,false
14,SSAT BR,fiducial,ILIS -1 side,ILIS -1 side,p165,p165,y,-499.12,,mm,false
14,SSAT BR,fiducial,ILIS -1 side,ILIS -1 side,p165,p165,z,-3926.44,,mm,false
14,SSAT BR,fiducial,ILIS -1 side,ILIS -1 side,p166,p166,x,2953.0,,mm,false
14,SSAT BR,fiducial,ILIS -1 side,ILIS -1 side,p166,p166,y,-520.37,,mm,false
14,SSAT BR,fiducial,ILIS -1 side,ILIS -1 side,p166,p166,z,-3937.1,,mm,false
14,SSAT BR,fiducial,ILIS -1 side,ILIS -1 side,p167,p167,x,2568.75,,mm,false
14,SSAT BR,fiducial,ILIS -1 side,ILIS -1 side,p167,p167,y,-452.67,,mm,false
14,SSAT BR,fiducial,ILIS -1 side,ILIS -1 side,p167,p167,z,-3995.08,,mm,false
14,SSAT BR,fiducial,ILIS -1 side,ILIS -1 side,p168,p168,x,2202.09,,mm,false
14,SSAT BR,fiducial,ILIS -1 side,ILIS -1 side,p168,p168,y,-387.96,,mm,false
14,SSAT BR,fiducial,ILIS -1 side,ILIS -1 side,p168,p168,z,-3994.71,,mm,false
14,SSAT BR,fiducial,ILIS -1 side,ILIS -1 side,p169,p169,x,2381.35,,mm,false
14,SSAT BR,fiducial,ILIS -1 side,ILIS -1 side,p169,p169,y,-419.58,,mm,false
14,SSAT BR,fiducial,ILIS -1 side,ILIS -1 side,p169,p169,z,-3989.57,,mm,false
14,SSAT BR,fiducial,ILIS -1 side,ILIS -1 side,p170,p170,x,2567.28,,mm,false
14,SSAT BR,fiducial,ILIS -1 side,ILIS -1 side,p170,p170,y,-452.44,,mm,false
14,SSAT BR,fiducial,ILIS -1 side,ILIS -1 side,p170,p170,z,-4123.32,,mm,false
14,SSAT BR,fiducial,ILIS -1 side,ILIS -1 side,p171,p171,x,2384.6,,mm,false
14,SSAT BR,fiducial,ILIS -1 side,ILIS -1 side,p171,p171,y,-420.18,,mm,false
14,SSAT BR,fiducial,ILIS -1 side,ILIS -1 side,p171,p171,z,-4121.75,,mm,false
14,SSAT BR,fiducial,ILIS -1 side,ILIS -1 side,p172,p172,x,2197.47,,mm,false
14,SSAT BR,fiducial,ILIS -1 side,ILIS -1 side,p172,p172,y,-387.15,,mm,false
14,SSAT BR,fiducial,ILIS -1 side,ILIS -1 side,p172,p172,z,-4154.76,,mm,false
14,SSAT BR,fiducial,ILIS -1 side,ILIS -1 side,p173,p173,x,2297.73,,mm,false
14,SSAT BR,fiducial,ILIS -1 side,ILIS -1 side,p173,p173,y,-404.84,,mm,false
14,SSAT BR,fiducial,ILIS -1 side,ILIS -1 side,p173,p173,z,-4440.15,,mm,false
14,SSAT BR,fiducial,ILIS -1 side,ILIS -1 side,p174,p174,x,2579.86,,mm,false
14,SSAT BR,fiducial,ILIS -1 side,ILIS -1 side,p174,p174,y,-454.65,,mm,false
14,SSAT BR,fiducial,ILIS -1 side,ILIS -1 side,p174,p174,z,-4444.31,,mm,false
14,SSAT BR,fiducial,ILIS -1 side,ILIS -1 side,p175,p175,x,2421.76,,mm,false
14,SSAT BR,fiducial,ILIS -1 side,ILIS -1 side,p175,p175,y,-426.74,,mm,false
14,SSAT BR,fiducial,ILIS -1 side,ILIS -1 side,p175,p175,z,-4449.92,,mm,false
14,SSAT BR,fiducial,ILIS -1 side,ILIS -1 side,p176,p176,x,2622.43,,mm,false
14,SSAT BR,fiducial,ILIS -1 side,ILIS -1 side,p176,p176,y,-462.12,,mm,false
14,SSAT BR,fiducial,ILIS -1 side,ILIS -1 side,p176,p176,z,-3991.04,,mm,false
14,SSAT BR,fiducial,ILIS -1 side,ILIS -1 side,p177,p177,x,2793.07,,mm,false
14,SSAT BR,fiducial,ILIS -1 side,ILIS -1 side,p177,p177,y,-492.26,,mm,false
14,SSAT BR,fiducial,ILIS -1 side,ILIS -1 side,p177,p177,z,-3985.29,,mm,false
14,SSAT BR,fiducial,ILIS -1 side,ILIS -1 side,p178,p178,x,3015.88,,mm,false
14,SSAT BR,fiducial,ILIS -1 side,ILIS -1 side,p178,p178,y,-531.43,,mm,false
14,SSAT BR,fiducial,ILIS -1 side,ILIS -1 side,p178,p178,z,-3992.36,,mm,false
14,SSAT BR,fiducial,ILIS -1 side,ILIS -1 side,p179,p179,x,3023.43,,mm,false
14,SSAT BR,fiducial,ILIS -1 side,ILIS -1 side,p179,p179,y,-532.81,,mm,false
14,SSAT BR,fiducial,ILIS -1 side,ILIS -1 side,p179,p179,z,-4179.06,,mm,false
14,SSAT BR,fiducial,ILIS -1 side,ILIS -1 side,p180,p180,x,2807.83,,mm,false
14,SSAT BR,fiducial,ILIS -1 side,ILIS -1 side,p180,p180,y,-494.88,,mm,false
14,SSAT BR,fiducial,ILIS -1 side,ILIS -1 side,p180,p180,z,-4165.54,,mm,false
14,SSAT BR,fiducial,ILIS -1 side,ILIS -1 side,p181,p181,x,2670.81,,mm,false
14,SSAT BR,fiducial,ILIS -1 side,ILIS -1 side,p181,p181,y,-470.78,,mm,false
14,SSAT BR,fiducial,ILIS -1 side,ILIS -1 side,p181,p181,z,-4197.43,,mm,false
14,SSAT BR,fiducial,ILIS -1 side,ILIS -1 side,p182,p182,x,2658.1,,mm,false
14,SSAT BR,fiducial,ILIS -1 side,ILIS -1 side,p182,p182,y,-468.49,,mm,false
14,SSAT BR,fiducial,ILIS -1 side,ILIS -1 side,p182,p182,z,-4439.66,,mm,false
14,SSAT BR,fiducial,ILIS -1 side,ILIS -1 side,p183,p183,x,2791.46,,mm,false
14,SSAT BR,fiducial,ILIS -1 side,ILIS -1 side,p183,p183,y,-491.99,,mm,false
14,SSAT BR,fiducial,ILIS -1 side,ILIS -1 side,p183,p183,z,-4444.87,,mm,false
14,SSAT BR,fiducial,ILIS -1 side,ILIS -1 side,p184,p184,x,2959.82,,mm,false
14,SSAT BR,fiducial,ILIS -1 side,ILIS -1 side,p184,p184,y,-521.66,,mm,false
14,SSAT BR,fiducial,ILIS -1 side,ILIS -1 side,p184,p184,z,-4434.18,,mm,false
15,SSAT BR,fiducial,CCL,CCL,A,A,x,2713.112350641258,0.6,mm,false
15,SSAT BR,fiducial,CCL,CCL,A,A,y,-0.5477399936285796,0.6,mm,false
15,SSAT BR,fiducial,CCL,CCL,A,A,z,-3697.700427428476,0.6,mm,false
15,SSAT BR,fiducial,CCL,CCL,B,B,x,2712.523705929786,0.6,mm,false
15,SSAT BR,fiducial,CCL,CCL,B,B,y,1.020495590135691,0.6,mm,false
15,SSAT BR,fiducial,CCL,CCL,B,B,z,3698.748870281225,0.6,mm,false
15,SSAT BR,fiducial,CCL,CCL,C,C,x,5331.875903625522,0.9,mm,false
15,SSAT BR,fiducial,CCL,CCL,C,C,y,-0.8684210605131252,0.9,mm,false
15,SSAT BR,fiducial,CCL,CCL,C,C,z,6295.496677558815,0.9,mm,false
15,SSAT BR,fiducial,CCL,CCL,D,D,x,8978.687924737442,0.6,mm,false
15,SSAT BR,fiducial,CCL,CCL,D,D,y,-0.3369193835100443,0.6,mm,false
15,SSAT BR,fiducial,CCL,CCL,D,D,z,4435.841167900514,0.6,mm,false
15,SSAT BR,fiducial,CCL,CCL,E,E,x,9585.897167303436,0.6,mm,false
15,SSAT BR,fiducial,CCL,CCL,E,E,y,1.232640316173546,0.6,mm,false
15,SSAT BR,fiducial,CCL,CCL,E,E,z,-3694.655462796158,0.6,mm,false
15,SSAT BR,fiducial,CCL,CCL,F,F',x,3398.442500245741,0.9,mm,false
15,SSAT BR,fiducial,CCL,CCL,F,F',y,-0.5993750114641107,0.9,mm,false
15,SSAT BR,fiducial,CCL,CCL,F,F',z,-5596.15547687184,0.9,mm,false
15,SSAT BR,fiducial,CCL,CCL,G,G,x,10731.42017345933,0.9,mm,false
15,SSAT BR,fiducial,CCL,CCL,G,G,y,-0.5765345855237091,0.9,mm,false
15,SSAT BR,fiducial,CCL,CCL,G,G,z,-0.0558918160855207,0.9,mm,false
15,SSAT BR,fiducial,CCL,CCL,H,H,x,2712.851150566696,0.9,mm,false
15,SSAT BR,fiducial,CCL,CCL,H,H,y,0.2874105638731448,0.9,mm,false
15,SSAT BR,fiducial,CCL,CCL,H,H,z,-0.4125297125952031,0.9,mm,false
15,SSAT BR,fiducial,Fiducial,Fiducial,TF15_P9-OIS,TF15_P9-OIS,x,5988.169,,mm,false
15,SSAT BR,fiducial,Fiducial,Fiducial,TF15_P9-OIS,TF15_P9-OIS,y,-1090.119,,mm,false
15,SSAT BR,fiducial,Fiducial,Fiducial,TF15_P9-OIS,TF15_P9-OIS,z,6119.747,,mm,false
15,SSAT BR,fiducial,Fiducial,Fiducial,TF15_G1-BU,TF15_G1-BU,x,11232.849,,mm,false
15,SSAT BR,fiducial,Fiducial,Fiducial,TF15_G1-BU,TF15_G1-BU,y,0.401,,mm,false
15,SSAT BR,fiducial,Fiducial,Fiducial,TF15_G1-BU,TF15_G1-BU,z,0.416,,mm,false
15,SSAT BR,fiducial,Fiducial,Fiducial,TF15_E1-BU,TF15_E1-BU,x,9485.982,,mm,false
15,SSAT BR,fiducial,Fiducial,Fiducial,TF15_E1-BU,TF15_E1-BU,y,-1.074,,mm,false
15,SSAT BR,fiducial,Fiducial,Fiducial,TF15_E1-BU,TF15_E1-BU,z,-4642.52,,mm,false
15,SSAT BR,fiducial,Fiducial,Fiducial,TF15_P10-OIS,TF15_P10-OIS,x,5987.671,,mm,false
15,SSAT BR,fiducial,Fiducial,Fiducial,TF15_P10-OIS,TF15_P10-OIS,y,-1092.914,,mm,false
15,SSAT BR,fiducial,Fiducial,Fiducial,TF15_P10-OIS,TF15_P10-OIS,z,-6118.439,,mm,false
15,SSAT BR,fiducial,Fiducial,Fiducial,TF15_B3-AP,TF15_B3-AP,x,3134.215,,mm,false
15,SSAT BR,fiducial,Fiducial,Fiducial,TF15_B3-AP,TF15_B3-AP,y,1.142,,mm,false
15,SSAT BR,fiducial,Fiducial,Fiducial,TF15_B3-AP,TF15_B3-AP,z,3699.103,,mm,false
15,SSAT BR,fiducial,Fiducial,Fiducial,TF15_A3-AP,TF15_A3-AP,x,3134.536,,mm,false
15,SSAT BR,fiducial,Fiducial,Fiducial,TF15_A3-AP,TF15_A3-AP,y,0.079,,mm,false
15,SSAT BR,fiducial,Fiducial,Fiducial,TF15_A3-AP,TF15_A3-AP,z,-3700.061,,mm,false
15,SSAT BR,fiducial,Fiducial,Fiducial,TF15_E3-BP,TF15_E3-BP,x,8739.827,,mm,false
15,SSAT BR,fiducial,Fiducial,Fiducial,TF15_E3-BP,TF15_E3-BP,y,0.236,,mm,false
15,SSAT BR,fiducial,Fiducial,Fiducial,TF15_E3-BP,TF15_E3-BP,z,-3995.648,,mm,false
15,SSAT BR,fiducial,Fiducial,Fiducial,TF15_D3-BP,TF15_D3-BP,x,8449.047,,mm,false
15,SSAT BR,fiducial,Fiducial,Fiducial,TF15_D3-BP,TF15_D3-BP,y,1.625,,mm,false
15,SSAT BR,fiducial,Fiducial,Fiducial,TF15_D3-BP,TF15_D3-BP,z,4301.974,,mm,false
15,SSAT BR,fiducial,Fiducial,Fiducial,TF15_E2-BU,TF15_E2-BU,x,9103.345,,mm,false
15,SSAT BR,fiducial,Fiducial,Fiducial,TF15_E2-BU,TF15_E2-BU,y,561.725,,mm,false
15,SSAT BR,fiducial,Fiducial,Fiducial,TF15_E2-BU,TF15_E2-BU,z,-4311.806,,mm,false
15,SSAT BR,fiducial,Fiducial,Fiducial,TF15_A2-AU,TF15_A2-AU,x,2706.468,,mm,false
15,SSAT BR,fiducial,Fiducial,Fiducial,TF15_A2-AU,TF15_A2-AU,y,518.652,,mm,false
15,SSAT BR,fiducial,Fiducial,Fiducial,TF15_A2-AU,TF15_A2-AU,z,-3700.38,,mm,false
15,SSAT BR,fiducial,Fiducial,Fiducial,TF15_H2-AU,TF15_H2-AU,x,2707.759,,mm,false
15,SSAT BR,fiducial,Fiducial,Fiducial,TF15_H2-AU,TF15_H2-AU,y,519.491,,mm,false
15,SSAT BR,fiducial,Fiducial,Fiducial,TF15_H2-AU,TF15_H2-AU,z,-0.738,,mm,false
15,SSAT BR,fiducial,Fiducial,Fiducial,H3-AP,H3-AP,x,3135.722,,mm,false
15,SSAT BR,fiducial,Fiducial,Fiducial,H3-AP,H3-AP,y,-0.232,,mm,false
15,SSAT BR,fiducial,Fiducial,Fiducial,H3-AP,H3-AP,z,0.086,,mm,false
15,SSAT BR,fiducial,Fiducial,Fiducial,OB_LEG_1,OB_LEG_1,x,9988.643,,mm,false
15,SSAT BR,fiducial,Fiducial,Fiducial,OB_LEG_1,OB_LEG_1,y,828.437,,mm,false
15,SSAT BR,fiducial,Fiducial,Fiducial,OB_LEG_1,OB_LEG_1,z,-4612.533,,mm,false
15,SSAT BR,fiducial,Fiducial,Fiducial,TF15_P1-OIS,TF15_P1-OIS,x,5988.777,,mm,false
15,SSAT BR,fiducial,Fiducial,Fiducial,TF15_P1-OIS,TF15_P1-OIS,y,1096.903,,mm,false
15,SSAT BR,fiducial,Fiducial,Fiducial,TF15_P1-OIS,TF15_P1-OIS,z,6589.294,,mm,false
15,SSAT BR,fiducial,Fiducial,Fiducial,TF15_P2-OIS,TF15_P2-OIS,x,7537.68,,mm,false
15,SSAT BR,fiducial,Fiducial,Fiducial,TF15_P2-OIS,TF15_P2-OIS,y,1369.55,,mm,false
15,SSAT BR,fiducial,Fiducial,Fiducial,TF15_P2-OIS,TF15_P2-OIS,z,6355.385,,mm,false
15,SSAT BR,fiducial,Fiducial,Fiducial,TF15_P14-IOIS,TF15_P14-IOIS,x,10096.818,,mm,false
15,SSAT BR,fiducial,Fiducial,Fiducial,TF15_P14-IOIS,TF15_P14-IOIS,y,1814.175,,mm,false
15,SSAT BR,fiducial,Fiducial,Fiducial,TF15_P14-IOIS,TF15_P14-IOIS,z,2376.129,,mm,false
15,SSAT BR,fiducial,Fiducial,Fiducial,TF15_P13-IOIS,TF15_P13-IOIS,x,9294.906,,mm,false
15,SSAT BR,fiducial,Fiducial,Fiducial,TF15_P13-IOIS,TF15_P13-IOIS,y,1673.304,,mm,false
15,SSAT BR,fiducial,Fiducial,Fiducial,TF15_P13-IOIS,TF15_P13-IOIS,z,3876.279,,mm,false
15,SSAT BR,fiducial,Fiducial,Fiducial,TF15_P3-OIS,TF15_P3-OIS,x,5989.42,,mm,false
15,SSAT BR,fiducial,Fiducial,Fiducial,TF15_P3-OIS,TF15_P3-OIS,y,1094.467,,mm,false
15,SSAT BR,fiducial,Fiducial,Fiducial,TF15_P3-OIS,TF15_P3-OIS,z,6118.281,,mm,false
15,SSAT BR,fiducial,Fiducial,Fiducial,TF15_P15-IOIS,TF15_P15-IOIS,x,10479.542,,mm,false
15,SSAT BR,fiducial,Fiducial,Fiducial,TF15_P15-IOIS,TF15_P15-IOIS,y,1881.055,,mm,false
15,SSAT BR,fiducial,Fiducial,Fiducial,TF15_P15-IOIS,TF15_P15-IOIS,z,-1246.411,,mm,false
15,SSAT BR,fiducial,Fiducial,Fiducial,TF15_B2-AU,TF15_B2-AU,x,2706.243,,mm,false
15,SSAT BR,fiducial,Fiducial,Fiducial,TF15_B2-AU,TF15_B2-AU,y,520.476,,mm,false
15,SSAT BR,fiducial,Fiducial,Fiducial,TF15_B2-AU,TF15_B2-AU,z,3700.874,,mm,false
15,SSAT BR,fiducial,Fiducial,Fiducial,TF15_P4-OIS,TF15_P4-OIS,x,5988.629,,mm,false
15,SSAT BR,fiducial,Fiducial,Fiducial,TF15_P4-OIS,TF15_P4-OIS,y,1090.336,,mm,false
15,SSAT BR,fiducial,Fiducial,Fiducial,TF15_P4-OIS,TF15_P4-OIS,z,-6120.822,,mm,false
15,SSAT BR,fiducial,Fiducial,Fiducial,TF15_P6-OIS,TF15_P6-OIS,x,5988.08,,mm,false
15,SSAT BR,fiducial,Fiducial,Fiducial,TF15_P6-OIS,TF15_P6-OIS,y,1092.243,,mm,false
15,SSAT BR,fiducial,Fiducial,Fiducial,TF15_P6-OIS,TF15_P6-OIS,z,-6592.789,,mm,false
15,SSAT BR,fiducial,Fiducial,Fiducial,TF15_P16-IOIS,TF15_P16-IOIS,x,9864.627,,mm,false
15,SSAT BR,fiducial,Fiducial,Fiducial,TF15_P16-IOIS,TF15_P16-IOIS,y,1772.022,,mm,false
15,SSAT BR,fiducial,Fiducial,Fiducial,TF15_P16-IOIS,TF15_P16-IOIS,z,-2996.083,,mm,false
15,SSAT BR,fiducial,Fiducial,Fiducial,TF15_B1-AU,TF15_B1-AU,x,2143.071,,mm,false
15,SSAT BR,fiducial,Fiducial,Fiducial,TF15_B1-AU,TF15_B1-AU,y,1.186,,mm,false
15,SSAT BR,fiducial,Fiducial,Fiducial,TF15_B1-AU,TF15_B1-AU,z,3700.198,,mm,false
15,SSAT BR,fiducial,Fiducial,Fiducial,TF15_H1-AU,TF15_H1-AU,x,2144.03,,mm,false
15,SSAT BR,fiducial,Fiducial,Fiducial,TF15_H1-AU,TF15_H1-AU,y,0.015,,mm,false
15,SSAT BR,fiducial,Fiducial,Fiducial,TF15_H1-AU,TF15_H1-AU,z,0.124,,mm,false
15,SSAT BR,fiducial,Fiducial,Fiducial,TF15_D2-BU,TF15_D2-BU,x,8785.685,,mm,false
15,SSAT BR,fiducial,Fiducial,Fiducial,TF15_D2-BU,TF15_D2-BU,y,564.698,,mm,false
15,SSAT BR,fiducial,Fiducial,Fiducial,TF15_D2-BU,TF15_D2-BU,z,4633.293,,mm,false
15,SSAT BR,fiducial,Fiducial,Fiducial,RU_1,RU_1,x,7555.817,,mm,false
15,SSAT BR,fiducial,Fiducial,Fiducial,RU_1,RU_1,y,1929.07,,mm,false
15,SSAT BR,fiducial,Fiducial,Fiducial,RU_1,RU_1,z,1027.688,,mm,false
15,SSAT BR,fiducial,Fiducial,Fiducial,RU_2,RU_2,x,7610.287,,mm,false
15,SSAT BR,fiducial,Fiducial,Fiducial,RU_2,RU_2,y,1923.613,,mm,false
15,SSAT BR,fiducial,Fiducial,Fiducial,RU_2,RU_2,z,-3386.342,,mm,false
15,SSAT BR,fiducial,Fiducial,Fiducial,TF15_A1-AU,TF15_A1-AU,x,2143.746,,mm,false
15,SSAT BR,fiducial,Fiducial,Fiducial,TF15_A1-AU,TF15_A1-AU,y,-0.302,,mm,false
15,SSAT BR,fiducial,Fiducial,Fiducial,TF15_A1-AU,TF15_A1-AU,z,-3699.917,,mm,false
15,SSAT BR,fiducial,Fiducial,Fiducial,TF15_D1-BU,TF15_D1-BU,x,9141.785,,mm,false
15,SSAT BR,fiducial,Fiducial,Fiducial,TF15_D1-BU,TF15_D1-BU,y,1.271,,mm,false
15,SSAT BR,fiducial,Fiducial,Fiducial,TF15_D1-BU,TF15_D1-BU,z,4992.22,,mm,false
15,SSAT BR,fiducial,ILIS +1 side,ILIS +1 side,P1,P1,x,2975.958,,mm,false
15,SSAT BR,fiducial,ILIS +1 side,ILIS +1 side,P1,P1,y,524.197,,mm,false
15,SSAT BR,fiducial,ILIS +1 side,ILIS +1 side,P1,P1,z,482.215,,mm,false
15,SSAT BR,fiducial,ILIS +1 side,ILIS +1 side,P2,P2,x,2661.188,,mm,false
15,SSAT BR,fiducial,ILIS +1 side,ILIS +1 side,P2,P2,y,468.672,,mm,false
15,SSAT BR,fiducial,ILIS +1 side,ILIS +1 side,P2,P2,z,485.861,,mm,false
15,SSAT BR,fiducial,ILIS +1 side,ILIS +1 side,P3,P3,x,2433.985,,mm,false
15,SSAT BR,fiducial,ILIS +1 side,ILIS +1 side,P3,P3,y,428.623,,mm,false
15,SSAT BR,fiducial,ILIS +1 side,ILIS +1 side,P3,P3,z,488.673,,mm,false
15,SSAT BR,fiducial,ILIS +1 side,ILIS +1 side,P4,P4,x,2206.776,,mm,false
15,SSAT BR,fiducial,ILIS +1 side,ILIS +1 side,P4,P4,y,388.482,,mm,false
15,SSAT BR,fiducial,ILIS +1 side,ILIS +1 side,P4,P4,z,485.405,,mm,false
15,SSAT BR,fiducial,ILIS +1 side,ILIS +1 side,P5,P5,x,3009.501,,mm,false
15,SSAT BR,fiducial,ILIS +1 side,ILIS +1 side,P5,P5,y,530.063,,mm,false
15,SSAT BR,fiducial,ILIS +1 side,ILIS +1 side,P5,P5,z,512.902,,mm,false
15,SSAT BR,fiducial,ILIS +1 side,ILIS +1 side,P6,P6,x,2726.348,,mm,false
15,SSAT BR,fiducial,ILIS +1 side,ILIS +1 side,P6,P6,y,480.124,,mm,false
15,SSAT BR,fiducial,ILIS +1 side,ILIS +1 side,P6,P6,z,520.169,,mm,false
15,SSAT BR,fiducial,ILIS +1 side,ILIS +1 side,P7,P7,x,2426.088,,mm,false
15,SSAT BR,fiducial,ILIS +1 side,ILIS +1 side,P7,P7,y,427.139,,mm,false
15,SSAT BR,fiducial,ILIS +1 side,ILIS +1 side,P7,P7,z,517.59,,mm,false
15,SSAT BR,fiducial,ILIS +1 side,ILIS +1 side,P8,P8,x,2212.492,,mm,false
15,SSAT BR,fiducial,ILIS +1 side,ILIS +1 side,P8,P8,y,389.466,,mm,false
15,SSAT BR,fiducial,ILIS +1 side,ILIS +1 side,P8,P8,z,515.364,,mm,false
15,SSAT BR,fiducial,ILIS +1 side,ILIS +1 side,P9,P9,x,3013.478,,mm,false
15,SSAT BR,fiducial,ILIS +1 side,ILIS +1 side,P9,P9,y,530.899,,mm,false
15,SSAT BR,fiducial,ILIS +1 side,ILIS +1 side,P9,P9,z,897.444,,mm,false
15,SSAT BR,fiducial,ILIS +1 side,ILIS +1 side,P10,P10,x,2706.278,,mm,false
15,SSAT BR,fiducial,ILIS +1 side,ILIS +1 side,P10,P10,y,476.67,,mm,false
15,SSAT BR,fiducial,ILIS +1 side,ILIS +1 side,P10,P10,z,851.228,,mm,false
15,SSAT BR,fiducial,ILIS +1 side,ILIS +1 side,P11,P11,x,2438.431,,mm,false
15,SSAT BR,fiducial,ILIS +1 side,ILIS +1 side,P11,P11,y,429.423,,mm,false
15,SSAT BR,fiducial,ILIS +1 side,ILIS +1 side,P11,P11,z,852.528,,mm,false
15,SSAT BR,fiducial,ILIS +1 side,ILIS +1 side,P12,P12,x,2181.712,,mm,false
15,SSAT BR,fiducial,ILIS +1 side,ILIS +1 side,P12,P12,y,384.152,,mm,false
15,SSAT BR,fiducial,ILIS +1 side,ILIS +1 side,P12,P12,z,866.332,,mm,false
15,SSAT BR,fiducial,ILIS +1 side,ILIS +1 side,P13,P13,x,2177.525,,mm,false
15,SSAT BR,fiducial,ILIS +1 side,ILIS +1 side,P13,P13,y,383.535,,mm,false
15,SSAT BR,fiducial,ILIS +1 side,ILIS +1 side,P13,P13,z,1219.862,,mm,false
15,SSAT BR,fiducial,ILIS +1 side,ILIS +1 side,P14,P14,x,2483.479,,mm,false
15,SSAT BR,fiducial,ILIS +1 side,ILIS +1 side,P14,P14,y,437.449,,mm,false
15,SSAT BR,fiducial,ILIS +1 side,ILIS +1 side,P14,P14,z,1197.966,,mm,false
15,SSAT BR,fiducial,ILIS +1 side,ILIS +1 side,P15,P15,x,2803.109,,mm,false
15,SSAT BR,fiducial,ILIS +1 side,ILIS +1 side,P15,P15,y,493.893,,mm,false
15,SSAT BR,fiducial,ILIS +1 side,ILIS +1 side,P15,P15,z,1190.468,,mm,false
15,SSAT BR,fiducial,ILIS +1 side,ILIS +1 side,P16,P16,x,3022.634,,mm,false
15,SSAT BR,fiducial,ILIS +1 side,ILIS +1 side,P16,P16,y,532.578,,mm,false
15,SSAT BR,fiducial,ILIS +1 side,ILIS +1 side,P16,P16,z,1198.961,,mm,false
15,SSAT BR,fiducial,ILIS +1 side,ILIS +1 side,P17,P17,x,2985.919,,mm,false
15,SSAT BR,fiducial,ILIS +1 side,ILIS +1 side,P17,P17,y,526.193,,mm,false
15,SSAT BR,fiducial,ILIS +1 side,ILIS +1 side,P17,P17,z,1489.71,,mm,false
15,SSAT BR,fiducial,ILIS +1 side,ILIS +1 side,P18,P18,x,2732.333,,mm,false
15,SSAT BR,fiducial,ILIS +1 side,ILIS +1 side,P18,P18,y,481.448,,mm,false
15,SSAT BR,fiducial,ILIS +1 side,ILIS +1 side,P18,P18,z,1483.422,,mm,false
15,SSAT BR,fiducial,ILIS +1 side,ILIS +1 side,P19,P19,x,2432.206,,mm,false
15,SSAT BR,fiducial,ILIS +1 side,ILIS +1 side,P19,P19,y,428.515,,mm,false
15,SSAT BR,fiducial,ILIS +1 side,ILIS +1 side,P19,P19,z,1489.237,,mm,false
15,SSAT BR,fiducial,ILIS +1 side,ILIS +1 side,P20,P20,x,2216.197,,mm,false
15,SSAT BR,fiducial,ILIS +1 side,ILIS +1 side,P20,P20,y,390.36,,mm,false
15,SSAT BR,fiducial,ILIS +1 side,ILIS +1 side,P20,P20,z,1482.382,,mm,false
15,SSAT BR,fiducial,ILIS +1 side,ILIS +1 side,P21,P21,x,3009.643,,mm,false
15,SSAT BR,fiducial,ILIS +1 side,ILIS +1 side,P21,P21,y,530.411,,mm,false
15,SSAT BR,fiducial,ILIS +1 side,ILIS +1 side,P21,P21,z,1585.273,,mm,false
15,SSAT BR,fiducial,ILIS +1 side,ILIS +1 side,P22,P22,x,2769.785,,mm,false
15,SSAT BR,fiducial,ILIS +1 side,ILIS +1 side,P22,P22,y,488.137,,mm,false
15,SSAT BR,fiducial,ILIS +1 side,ILIS +1 side,P22,P22,z,1589.175,,mm,false
15,SSAT BR,fiducial,ILIS +1 side,ILIS +1 side,P23,P23,x,2510.274,,mm,false
15,SSAT BR,fiducial,ILIS +1 side,ILIS +1 side,P23,P23,y,442.329,,mm,false
15,SSAT BR,fiducial,ILIS +1 side,ILIS +1 side,P23,P23,z,1583.007,,mm,false
15,SSAT BR,fiducial,ILIS +1 side,ILIS +1 side,P24,P24,x,2272.448,,mm,false
15,SSAT BR,fiducial,ILIS +1 side,ILIS +1 side,P24,P24,y,400.446,,mm,false
15,SSAT BR,fiducial,ILIS +1 side,ILIS +1 side,P24,P24,z,1553.609,,mm,false
15,SSAT BR,fiducial,ILIS +1 side,ILIS +1 side,P25,P25,x,3012.902,,mm,false
15,SSAT BR,fiducial,ILIS +1 side,ILIS +1 side,P25,P25,y,531.11,,mm,false
15,SSAT BR,fiducial,ILIS +1 side,ILIS +1 side,P25,P25,z,1820.278,,mm,false
15,SSAT BR,fiducial,ILIS +1 side,ILIS +1 side,P26,P26,x,2497.536,,mm,false
15,SSAT BR,fiducial,ILIS +1 side,ILIS +1 side,P26,P26,y,440.169,,mm,false
15,SSAT BR,fiducial,ILIS +1 side,ILIS +1 side,P26,P26,z,1817.587,,mm,false
15,SSAT BR,fiducial,ILIS +1 side,ILIS +1 side,P27,P27,x,2275.543,,mm,false
15,SSAT BR,fiducial,ILIS +1 side,ILIS +1 side,P27,P27,y,401.014,,mm,false
15,SSAT BR,fiducial,ILIS +1 side,ILIS +1 side,P27,P27,z,1801.605,,mm,false
15,SSAT BR,fiducial,ILIS +1 side,ILIS +1 side,P28,P28,x,3010.385,,mm,false
15,SSAT BR,fiducial,ILIS +1 side,ILIS +1 side,P28,P28,y,530.661,,mm,false
15,SSAT BR,fiducial,ILIS +1 side,ILIS +1 side,P28,P28,z,2113.949,,mm,false
15,SSAT BR,fiducial,ILIS +1 side,ILIS +1 side,P29,P29,x,2766.551,,mm,false
15,SSAT BR,fiducial,ILIS +1 side,ILIS +1 side,P29,P29,y,487.622,,mm,false
15,SSAT BR,fiducial,ILIS +1 side,ILIS +1 side,P29,P29,z,2053.612,,mm,false
15,SSAT BR,fiducial,ILIS +1 side,ILIS +1 side,P30,P30,x,2524.227,,mm,false
15,SSAT BR,fiducial,ILIS +1 side,ILIS +1 side,P30,P30,y,444.925,,mm,false
15,SSAT BR,fiducial,ILIS +1 side,ILIS +1 side,P30,P30,z,2030.574,,mm,false
15,SSAT BR,fiducial,ILIS +1 side,ILIS +1 side,P31,P31,x,2334.795,,mm,false
15,SSAT BR,fiducial,ILIS +1 side,ILIS +1 side,P31,P31,y,411.504,,mm,false
15,SSAT BR,fiducial,ILIS +1 side,ILIS +1 side,P31,P31,z,2068.515,,mm,false
15,SSAT BR,fiducial,ILIS +1 side,ILIS +1 side,P32,P32,x,2736.059,,mm,false
15,SSAT BR,fiducial,ILIS +1 side,ILIS +1 side,P32,P32,y,482.318,,mm,false
15,SSAT BR,fiducial,ILIS +1 side,ILIS +1 side,P32,P32,z,2449.836,,mm,false
15,SSAT BR,fiducial,ILIS +1 side,ILIS +1 side,P33,P33,x,2497.408,,mm,false
15,SSAT BR,fiducial,ILIS +1 side,ILIS +1 side,P33,P33,y,440.177,,mm,false
15,SSAT BR,fiducial,ILIS +1 side,ILIS +1 side,P33,P33,z,2454.821,,mm,false
15,SSAT BR,fiducial,ILIS +1 side,ILIS +1 side,P34,P34,x,2269.729,,mm,false
15,SSAT BR,fiducial,ILIS +1 side,ILIS +1 side,P34,P34,y,400.049,,mm,false
15,SSAT BR,fiducial,ILIS +1 side,ILIS +1 side,P34,P34,z,2431.151,,mm,false
15,SSAT BR,fiducial,ILIS +1 side,ILIS +1 side,P35,P35,x,2978.433,,mm,false
15,SSAT BR,fiducial,ILIS +1 side,ILIS +1 side,P35,P35,y,525.126,,mm,false
15,SSAT BR,fiducial,ILIS +1 side,ILIS +1 side,P35,P35,z,2408.736,,mm,false
15,SSAT BR,fiducial,ILIS +1 side,ILIS +1 side,P36,P36,x,2737.7,,mm,false
15,SSAT BR,fiducial,ILIS +1 side,ILIS +1 side,P36,P36,y,482.476,,mm,false
15,SSAT BR,fiducial,ILIS +1 side,ILIS +1 side,P36,P36,z,1754.47,,mm,false
15,SSAT BR,fiducial,ILIS +1 side,ILIS +1 side,P37,P37,x,2967.77,,mm,false
15,SSAT BR,fiducial,ILIS +1 side,ILIS +1 side,P37,P37,y,523.32,,mm,false
15,SSAT BR,fiducial,ILIS +1 side,ILIS +1 side,P37,P37,z,2549.62,,mm,false
15,SSAT BR,fiducial,ILIS +1 side,ILIS +1 side,P38,P38,x,2695.456,,mm,false
15,SSAT BR,fiducial,ILIS +1 side,ILIS +1 side,P38,P38,y,475.254,,mm,false
15,SSAT BR,fiducial,ILIS +1 side,ILIS +1 side,P38,P38,z,2555.977,,mm,false
15,SSAT BR,fiducial,ILIS +1 side,ILIS +1 side,P39,P39,x,2301.194,,mm,false
15,SSAT BR,fiducial,ILIS +1 side,ILIS +1 side,P39,P39,y,405.778,,mm,false
15,SSAT BR,fiducial,ILIS +1 side,ILIS +1 side,P39,P39,z,2652.5,,mm,false
15,SSAT BR,fiducial,ILIS +1 side,ILIS +1 side,P40,P40,x,2530.47,,mm,false
15,SSAT BR,fiducial,ILIS +1 side,ILIS +1 side,P40,P40,y,446.235,,mm,false
15,SSAT BR,fiducial,ILIS +1 side,ILIS +1 side,P40,P40,z,2601.716,,mm,false
15,SSAT BR,fiducial,ILIS +1 side,ILIS +1 side,P41,P41,x,3001.393,,mm,false
15,SSAT BR,fiducial,ILIS +1 side,ILIS +1 side,P41,P41,y,529.29,,mm,false
15,SSAT BR,fiducial,ILIS +1 side,ILIS +1 side,P41,P41,z,2876.131,,mm,false
15,SSAT BR,fiducial,ILIS +1 side,ILIS +1 side,P42,P42,x,2716.672,,mm,false
15,SSAT BR,fiducial,ILIS +1 side,ILIS +1 side,P42,P42,y,479.055,,mm,false
15,SSAT BR,fiducial,ILIS +1 side,ILIS +1 side,P42,P42,z,2840.858,,mm,false
15,SSAT BR,fiducial,ILIS +1 side,ILIS +1 side,P43,P43,x,2496.86,,mm,false
15,SSAT BR,fiducial,ILIS +1 side,ILIS +1 side,P43,P43,y,440.303,,mm,false
15,SSAT BR,fiducial,ILIS +1 side,ILIS +1 side,P43,P43,z,2818.062,,mm,false
15,SSAT BR,fiducial,ILIS +1 side,ILIS +1 side,P44,P44,x,2246.569,,mm,false
15,SSAT BR,fiducial,ILIS +1 side,ILIS +1 side,P44,P44,y,396.149,,mm,false
15,SSAT BR,fiducial,ILIS +1 side,ILIS +1 side,P44,P44,z,2843.195,,mm,false
15,SSAT BR,fiducial,ILIS +1 side,ILIS +1 side,P45,P45,x,2243.573,,mm,false
15,SSAT BR,fiducial,ILIS +1 side,ILIS +1 side,P45,P45,y,395.634,,mm,false
15,SSAT BR,fiducial,ILIS +1 side,ILIS +1 side,P45,P45,z,3135.11,,mm,false
15,SSAT BR,fiducial,ILIS +1 side,ILIS +1 side,P46,P46,x,2491.486,,mm,false
15,SSAT BR,fiducial,ILIS +1 side,ILIS +1 side,P46,P46,y,439.375,,mm,false
15,SSAT BR,fiducial,ILIS +1 side,ILIS +1 side,P46,P46,z,3108.587,,mm,false
15,SSAT BR,fiducial,ILIS +1 side,ILIS +1 side,P47,P47,x,2733.13,,mm,false
15,SSAT BR,fiducial,ILIS +1 side,ILIS +1 side,P47,P47,y,482.057,,mm,false
15,SSAT BR,fiducial,ILIS +1 side,ILIS +1 side,P47,P47,z,3099.93,,mm,false
15,SSAT BR,fiducial,ILIS +1 side,ILIS +1 side,P48,P48,x,2986.776,,mm,false
15,SSAT BR,fiducial,ILIS +1 side,ILIS +1 side,P48,P48,y,526.728,,mm,false
15,SSAT BR,fiducial,ILIS +1 side,ILIS +1 side,P48,P48,z,3119.324,,mm,false
15,SSAT BR,fiducial,ILIS +1 side,ILIS +1 side,P49,P49,x,2989.51,,mm,false
15,SSAT BR,fiducial,ILIS +1 side,ILIS +1 side,P49,P49,y,527.362,,mm,false
15,SSAT BR,fiducial,ILIS +1 side,ILIS +1 side,P49,P49,z,3408.538,,mm,false
15,SSAT BR,fiducial,ILIS +1 side,ILIS +1 side,P50,P50,x,2493.009,,mm,false
15,SSAT BR,fiducial,ILIS +1 side,ILIS +1 side,P50,P50,y,439.743,,mm,false
15,SSAT BR,fiducial,ILIS +1 side,ILIS +1 side,P50,P50,z,3427.441,,mm,false
15,SSAT BR,fiducial,ILIS +1 side,ILIS +1 side,P51,P51,x,2281.494,,mm,false
15,SSAT BR,fiducial,ILIS +1 side,ILIS +1 side,P51,P51,y,402.408,,mm,false
15,SSAT BR,fiducial,ILIS +1 side,ILIS +1 side,P51,P51,z,3429.618,,mm,false
15,SSAT BR,fiducial,ILIS +1 side,ILIS +1 side,P52,P52,x,2715.518,,mm,false
15,SSAT BR,fiducial,ILIS +1 side,ILIS +1 side,P52,P52,y,479.089,,mm,false
15,SSAT BR,fiducial,ILIS +1 side,ILIS +1 side,P52,P52,z,3446.121,,mm,false
15,SSAT BR,fiducial,ILIS +1 side,ILIS +1 side,P53,P53,x,2987.115,,mm,false
15,SSAT BR,fiducial,ILIS +1 side,ILIS +1 side,P53,P53,y,527.029,,mm,false
15,SSAT BR,fiducial,ILIS +1 side,ILIS +1 side,P53,P53,z,3574.439,,mm,false
15,SSAT BR,fiducial,ILIS +1 side,ILIS +1 side,P54,P54,x,2798.478,,mm,false
15,SSAT BR,fiducial,ILIS +1 side,ILIS +1 side,P54,P54,y,493.703,,mm,false
15,SSAT BR,fiducial,ILIS +1 side,ILIS +1 side,P54,P54,z,3580.93,,mm,false
15,SSAT BR,fiducial,ILIS +1 side,ILIS +1 side,P55,P55,x,2627.646,,mm,false
15,SSAT BR,fiducial,ILIS +1 side,ILIS +1 side,P55,P55,y,463.587,,mm,false
15,SSAT BR,fiducial,ILIS +1 side,ILIS +1 side,P55,P55,z,3580.159,,mm,false
15,SSAT BR,fiducial,ILIS +1 side,ILIS +1 side,P56,P56,x,2629.31,,mm,false
15,SSAT BR,fiducial,ILIS +1 side,ILIS +1 side,P56,P56,y,463.995,,mm,false
15,SSAT BR,fiducial,ILIS +1 side,ILIS +1 side,P56,P56,z,3786.306,,mm,false
15,SSAT BR,fiducial,ILIS +1 side,ILIS +1 side,P57,P57,x,2849.583,,mm,false
15,SSAT BR,fiducial,ILIS +1 side,ILIS +1 side,P57,P57,y,502.84,,mm,false
15,SSAT BR,fiducial,ILIS +1 side,ILIS +1 side,P57,P57,z,3760.932,,mm,false
15,SSAT BR,fiducial,ILIS +1 side,ILIS +1 side,P58,P58,x,3018.339,,mm,false
15,SSAT BR,fiducial,ILIS +1 side,ILIS +1 side,P58,P58,y,532.609,,mm,false
15,SSAT BR,fiducial,ILIS +1 side,ILIS +1 side,P58,P58,z,3770.419,,mm,false
15,SSAT BR,fiducial,ILIS +1 side,ILIS +1 side,P59,P59,x,3011.701,,mm,false
15,SSAT BR,fiducial,ILIS +1 side,ILIS +1 side,P59,P59,y,531.47,,mm,false
15,SSAT BR,fiducial,ILIS +1 side,ILIS +1 side,P59,P59,z,3938.263,,mm,false
15,SSAT BR,fiducial,ILIS +1 side,ILIS +1 side,P60,P60,x,2877.717,,mm,false
15,SSAT BR,fiducial,ILIS +1 side,ILIS +1 side,P60,P60,y,507.895,,mm,false
15,SSAT BR,fiducial,ILIS +1 side,ILIS +1 side,P60,P60,z,3923.758,,mm,false
15,SSAT BR,fiducial,ILIS +1 side,ILIS +1 side,P61,P61,x,2626.234,,mm,false
15,SSAT BR,fiducial,ILIS +1 side,ILIS +1 side,P61,P61,y,463.532,,mm,false
15,SSAT BR,fiducial,ILIS +1 side,ILIS +1 side,P61,P61,z,3926.156,,mm,false
15,SSAT BR,fiducial,ILIS +1 side,ILIS +1 side,P62,P62,x,2556.645,,mm,false
15,SSAT BR,fiducial,ILIS +1 side,ILIS +1 side,P62,P62,y,451.239,,mm,false
15,SSAT BR,fiducial,ILIS +1 side,ILIS +1 side,P62,P62,z,3975.466,,mm,false
15,SSAT BR,fiducial,ILIS +1 side,ILIS +1 side,P63,P63,x,2391.228,,mm,false
15,SSAT BR,fiducial,ILIS +1 side,ILIS +1 side,P63,P63,y,422.098,,mm,false
15,SSAT BR,fiducial,ILIS +1 side,ILIS +1 side,P63,P63,z,3981.756,,mm,false
15,SSAT BR,fiducial,ILIS +1 side,ILIS +1 side,P64,P64,x,2230.291,,mm,false
15,SSAT BR,fiducial,ILIS +1 side,ILIS +1 side,P64,P64,y,393.642,,mm,false
15,SSAT BR,fiducial,ILIS +1 side,ILIS +1 side,P64,P64,z,3983.26,,mm,false
15,SSAT BR,fiducial,ILIS +1 side,ILIS +1 side,P65,P65,x,2567.533,,mm,false
15,SSAT BR,fiducial,ILIS +1 side,ILIS +1 side,P65,P65,y,453.106,,mm,false
15,SSAT BR,fiducial,ILIS +1 side,ILIS +1 side,P65,P65,z,3788.017,,mm,false
15,SSAT BR,fiducial,ILIS +1 side,ILIS +1 side,P66,P66,x,2398.2,,mm,false
15,SSAT BR,fiducial,ILIS +1 side,ILIS +1 side,P66,P66,y,423.191,,mm,false
15,SSAT BR,fiducial,ILIS +1 side,ILIS +1 side,P66,P66,z,3801.623,,mm,false
15,SSAT BR,fiducial,ILIS +1 side,ILIS +1 side,P67,P67,x,2213.942,,mm,false
15,SSAT BR,fiducial,ILIS +1 side,ILIS +1 side,P67,P67,y,390.683,,mm,false
15,SSAT BR,fiducial,ILIS +1 side,ILIS +1 side,P67,P67,z,3761.704,,mm,false
15,SSAT BR,fiducial,ILIS +1 side,ILIS +1 side,P68,P68,x,2571.079,,mm,false
15,SSAT BR,fiducial,ILIS +1 side,ILIS +1 side,P68,P68,y,453.547,,mm,false
15,SSAT BR,fiducial,ILIS +1 side,ILIS +1 side,P68,P68,z,3586.122,,mm,false
15,SSAT BR,fiducial,ILIS +1 side,ILIS +1 side,P69,P69,x,2413.939,,mm,false
15,SSAT BR,fiducial,ILIS +1 side,ILIS +1 side,P69,P69,y,425.863,,mm,false
15,SSAT BR,fiducial,ILIS +1 side,ILIS +1 side,P69,P69,z,3597.63,,mm,false
15,SSAT BR,fiducial,ILIS +1 side,ILIS +1 side,P70,P70,x,2217.961,,mm,false
15,SSAT BR,fiducial,ILIS +1 side,ILIS +1 side,P70,P70,y,391.332,,mm,false
15,SSAT BR,fiducial,ILIS +1 side,ILIS +1 side,P70,P70,z,3579.865,,mm,false
15,SSAT BR,fiducial,ILIS +1 side,ILIS +1 side,P71,P71,x,3010.195,,mm,false
15,SSAT BR,fiducial,ILIS +1 side,ILIS +1 side,P71,P71,y,531.29,,mm,false
15,SSAT BR,fiducial,ILIS +1 side,ILIS +1 side,P71,P71,z,4029.579,,mm,false
15,SSAT BR,fiducial,ILIS +1 side,ILIS +1 side,P72,P72,x,2785.004,,mm,false
15,SSAT BR,fiducial,ILIS +1 side,ILIS +1 side,P72,P72,y,491.588,,mm,false
15,SSAT BR,fiducial,ILIS +1 side,ILIS +1 side,P72,P72,z,4036.93,,mm,false
15,SSAT BR,fiducial,ILIS +1 side,ILIS +1 side,P73,P73,x,2622.596,,mm,false
15,SSAT BR,fiducial,ILIS +1 side,ILIS +1 side,P73,P73,y,462.947,,mm,false
15,SSAT BR,fiducial,ILIS +1 side,ILIS +1 side,P73,P73,z,4023.285,,mm,false
15,SSAT BR,fiducial,ILIS +1 side,ILIS +1 side,P74,P74,x,3007.993,,mm,false
15,SSAT BR,fiducial,ILIS +1 side,ILIS +1 side,P74,P74,y,531.013,,mm,false
15,SSAT BR,fiducial,ILIS +1 side,ILIS +1 side,P74,P74,z,4197.492,,mm,false
15,SSAT BR,fiducial,ILIS +1 side,ILIS +1 side,P75,P75,x,2808.05,,mm,false
15,SSAT BR,fiducial,ILIS +1 side,ILIS +1 side,P75,P75,y,495.765,,mm,false
15,SSAT BR,fiducial,ILIS +1 side,ILIS +1 side,P75,P75,z,4201.394,,mm,false
15,SSAT BR,fiducial,ILIS +1 side,ILIS +1 side,P76,P76,x,2623.131,,mm,false
15,SSAT BR,fiducial,ILIS +1 side,ILIS +1 side,P76,P76,y,463.039,,mm,false
15,SSAT BR,fiducial,ILIS +1 side,ILIS +1 side,P76,P76,z,4188.801,,mm,false
15,SSAT BR,fiducial,ILIS +1 side,ILIS +1 side,P77,P77,x,2974.77,,mm,false
15,SSAT BR,fiducial,ILIS +1 side,ILIS +1 side,P77,P77,y,525.206,,mm,false
15,SSAT BR,fiducial,ILIS +1 side,ILIS +1 side,P77,P77,z,4427.761,,mm,false
15,SSAT BR,fiducial,ILIS +1 side,ILIS +1 side,P78,P78,x,2775.222,,mm,false
15,SSAT BR,fiducial,ILIS +1 side,ILIS +1 side,P78,P78,y,490.054,,mm,false
15,SSAT BR,fiducial,ILIS +1 side,ILIS +1 side,P78,P78,z,4446.22,,mm,false
15,SSAT BR,fiducial,ILIS +1 side,ILIS +1 side,P79,P79,x,2622.672,,mm,false
15,SSAT BR,fiducial,ILIS +1 side,ILIS +1 side,P79,P79,y,463.057,,mm,false
15,SSAT BR,fiducial,ILIS +1 side,ILIS +1 side,P79,P79,z,4470.438,,mm,false
15,SSAT BR,fiducial,ILIS +1 side,ILIS +1 side,P80,P80,x,2567.361,,mm,false
15,SSAT BR,fiducial,ILIS +1 side,ILIS +1 side,P80,P80,y,453.19,,mm,false
15,SSAT BR,fiducial,ILIS +1 side,ILIS +1 side,P80,P80,z,4027.452,,mm,false
15,SSAT BR,fiducial,ILIS +1 side,ILIS +1 side,P81,P81,x,2382.633,,mm,false
15,SSAT BR,fiducial,ILIS +1 side,ILIS +1 side,P81,P81,y,420.542,,mm,false
15,SSAT BR,fiducial,ILIS +1 side,ILIS +1 side,P81,P81,z,4019.647,,mm,false
15,SSAT BR,fiducial,ILIS +1 side,ILIS +1 side,P82,P82,x,2214.147,,mm,false
15,SSAT BR,fiducial,ILIS +1 side,ILIS +1 side,P82,P82,y,390.894,,mm,false
15,SSAT BR,fiducial,ILIS +1 side,ILIS +1 side,P82,P82,z,4021.947,,mm,false
15,SSAT BR,fiducial,ILIS +1 side,ILIS +1 side,P83,P83,x,2572.198,,mm,false
15,SSAT BR,fiducial,ILIS +1 side,ILIS +1 side,P83,P83,y,454.095,,mm,false
15,SSAT BR,fiducial,ILIS +1 side,ILIS +1 side,P83,P83,z,4197.997,,mm,false
15,SSAT BR,fiducial,ILIS +1 side,ILIS +1 side,P84,P84,x,2254.524,,mm,false
15,SSAT BR,fiducial,ILIS +1 side,ILIS +1 side,P84,P84,y,397.985,,mm,false
15,SSAT BR,fiducial,ILIS +1 side,ILIS +1 side,P84,P84,z,4233.562,,mm,false
15,SSAT BR,fiducial,ILIS +1 side,ILIS +1 side,P85,P85,x,2576.175,,mm,false
15,SSAT BR,fiducial,ILIS +1 side,ILIS +1 side,P85,P85,y,454.955,,mm,false
15,SSAT BR,fiducial,ILIS +1 side,ILIS +1 side,P85,P85,z,4472.233,,mm,false
15,SSAT BR,fiducial,ILIS +1 side,ILIS +1 side,P86,P86,x,2412.273,,mm,false
15,SSAT BR,fiducial,ILIS +1 side,ILIS +1 side,P86,P86,y,425.962,,mm,false
15,SSAT BR,fiducial,ILIS +1 side,ILIS +1 side,P86,P86,z,4470.903,,mm,false
15,SSAT BR,fiducial,ILIS +1 side,ILIS +1 side,P87,P87,x,2304.954,,mm,false
15,SSAT BR,fiducial,ILIS +1 side,ILIS +1 side,P87,P87,y,406.987,,mm,false
15,SSAT BR,fiducial,ILIS +1 side,ILIS +1 side,P87,P87,z,4406.708,,mm,false
15,SSAT BR,fiducial,ILIS +1 side,ILIS +1 side,P88,P88,x,2413.209,,mm,false
15,SSAT BR,fiducial,ILIS +1 side,ILIS +1 side,P88,P88,y,425.979,,mm,false
15,SSAT BR,fiducial,ILIS +1 side,ILIS +1 side,P88,P88,z,4249.32,,mm,false
15,SSAT BR,fiducial,ILIS +1 side,ILIS +1 side,P89,P89,x,3017.653,,mm,false
15,SSAT BR,fiducial,ILIS +1 side,ILIS +1 side,P89,P89,y,530.915,,mm,false
15,SSAT BR,fiducial,ILIS +1 side,ILIS +1 side,P89,P89,z,-2485.457,,mm,false
15,SSAT BR,fiducial,ILIS +1 side,ILIS +1 side,P90,P90,x,2719.042,,mm,false
15,SSAT BR,fiducial,ILIS +1 side,ILIS +1 side,P90,P90,y,478.205,,mm,false
15,SSAT BR,fiducial,ILIS +1 side,ILIS +1 side,P90,P90,z,-2482.626,,mm,false
15,SSAT BR,fiducial,ILIS +1 side,ILIS +1 side,P91,P91,x,2429.799,,mm,false
15,SSAT BR,fiducial,ILIS +1 side,ILIS +1 side,P91,P91,y,427.196,,mm,false
15,SSAT BR,fiducial,ILIS +1 side,ILIS +1 side,P91,P91,z,-2485.282,,mm,false
15,SSAT BR,fiducial,ILIS +1 side,ILIS +1 side,P92,P92,x,2212.806,,mm,false
15,SSAT BR,fiducial,ILIS +1 side,ILIS +1 side,P92,P92,y,388.892,,mm,false
15,SSAT BR,fiducial,ILIS +1 side,ILIS +1 side,P92,P92,z,-2492.051,,mm,false
15,SSAT BR,fiducial,ILIS +1 side,ILIS +1 side,P93,P93,x,3020.199,,mm,false
15,SSAT BR,fiducial,ILIS +1 side,ILIS +1 side,P93,P93,y,531.468,,mm,false
15,SSAT BR,fiducial,ILIS +1 side,ILIS +1 side,P93,P93,z,-2021.513,,mm,false
15,SSAT BR,fiducial,ILIS +1 side,ILIS +1 side,P94,P94,x,2802.645,,mm,false
15,SSAT BR,fiducial,ILIS +1 side,ILIS +1 side,P94,P94,y,493.129,,mm,false
15,SSAT BR,fiducial,ILIS +1 side,ILIS +1 side,P94,P94,z,-2024.826,,mm,false
15,SSAT BR,fiducial,ILIS +1 side,ILIS +1 side,P95,P95,x,2376.991,,mm,false
15,SSAT BR,fiducial,ILIS +1 side,ILIS +1 side,P95,P95,y,417.97,,mm,false
15,SSAT BR,fiducial,ILIS +1 side,ILIS +1 side,P95,P95,z,-2061.623,,mm,false
15,SSAT BR,fiducial,ILIS +1 side,ILIS +1 side,P96,P96,x,2180.267,,mm,false
15,SSAT BR,fiducial,ILIS +1 side,ILIS +1 side,P96,P96,y,383.238,,mm,false
15,SSAT BR,fiducial,ILIS +1 side,ILIS +1 side,P96,P96,z,-2054.547,,mm,false
15,SSAT BR,fiducial,ILIS +1 side,ILIS +1 side,P97,P97,x,3018.868,,mm,false
15,SSAT BR,fiducial,ILIS +1 side,ILIS +1 side,P97,P97,y,531.299,,mm,false
15,SSAT BR,fiducial,ILIS +1 side,ILIS +1 side,P97,P97,z,-1785.44,,mm,false
15,SSAT BR,fiducial,ILIS +1 side,ILIS +1 side,P98,P98,x,2750.402,,mm,false
15,SSAT BR,fiducial,ILIS +1 side,ILIS +1 side,P98,P98,y,483.904,,mm,false
15,SSAT BR,fiducial,ILIS +1 side,ILIS +1 side,P98,P98,z,-1789.468,,mm,false
15,SSAT BR,fiducial,ILIS +1 side,ILIS +1 side,P99,P99,x,2458.063,,mm,false
15,SSAT BR,fiducial,ILIS +1 side,ILIS +1 side,P99,P99,y,432.326,,mm,false
15,SSAT BR,fiducial,ILIS +1 side,ILIS +1 side,P99,P99,z,-1807.097,,mm,false
15,SSAT BR,fiducial,ILIS +1 side,ILIS +1 side,P100,P100,x,2186.898,,mm,false
15,SSAT BR,fiducial,ILIS +1 side,ILIS +1 side,P100,P100,y,384.485,,mm,false
15,SSAT BR,fiducial,ILIS +1 side,ILIS +1 side,P100,P100,z,-1798.124,,mm,false
15,SSAT BR,fiducial,ILIS +1 side,ILIS +1 side,P101,P101,x,3016.673,,mm,false
15,SSAT BR,fiducial,ILIS +1 side,ILIS +1 side,P101,P101,y,530.953,,mm,false
15,SSAT BR,fiducial,ILIS +1 side,ILIS +1 side,P101,P101,z,-1522.814,,mm,false
15,SSAT BR,fiducial,ILIS +1 side,ILIS +1 side,P102,P102,x,2766.89,,mm,false
15,SSAT BR,fiducial,ILIS +1 side,ILIS +1 side,P102,P102,y,486.869,,mm,false
15,SSAT BR,fiducial,ILIS +1 side,ILIS +1 side,P102,P102,z,-1519.387,,mm,false
15,SSAT BR,fiducial,ILIS +1 side,ILIS +1 side,P103,P103,x,2431.707,,mm,false
15,SSAT BR,fiducial,ILIS +1 side,ILIS +1 side,P103,P103,y,427.728,,mm,false
15,SSAT BR,fiducial,ILIS +1 side,ILIS +1 side,P103,P103,z,-1518.786,,mm,false
15,SSAT BR,fiducial,ILIS +1 side,ILIS +1 side,P104,P104,x,2216.218,,mm,false
15,SSAT BR,fiducial,ILIS +1 side,ILIS +1 side,P104,P104,y,389.697,,mm,false
15,SSAT BR,fiducial,ILIS +1 side,ILIS +1 side,P104,P104,z,-1519.822,,mm,false
15,SSAT BR,fiducial,ILIS +1 side,ILIS +1 side,P105,P105,x,2692.473,,mm,false
15,SSAT BR,fiducial,ILIS +1 side,ILIS +1 side,P105,P105,y,473.73,,mm,false
15,SSAT BR,fiducial,ILIS +1 side,ILIS +1 side,P105,P105,z,-1478.396,,mm,false
15,SSAT BR,fiducial,ILIS +1 side,ILIS +1 side,P106,P106,x,2431.513,,mm,false
15,SSAT BR,fiducial,ILIS +1 side,ILIS +1 side,P106,P106,y,427.71,,mm,false
15,SSAT BR,fiducial,ILIS +1 side,ILIS +1 side,P106,P106,z,-1478.474,,mm,false
15,SSAT BR,fiducial,ILIS +1 side,ILIS +1 side,P107,P107,x,2217.643,,mm,false
15,SSAT BR,fiducial,ILIS +1 side,ILIS +1 side,P107,P107,y,389.943,,mm,false
15,SSAT BR,fiducial,ILIS +1 side,ILIS +1 side,P107,P107,z,-1477.621,,mm,false
15,SSAT BR,fiducial,ILIS +1 side,ILIS +1 side,P108,P108,x,3006.358,,mm,false
15,SSAT BR,fiducial,ILIS +1 side,ILIS +1 side,P108,P108,y,529.197,,mm,false
15,SSAT BR,fiducial,ILIS +1 side,ILIS +1 side,P108,P108,z,-1188.927,,mm,false
15,SSAT BR,fiducial,ILIS +1 side,ILIS +1 side,P109,P109,x,2711.965,,mm,false
15,SSAT BR,fiducial,ILIS +1 side,ILIS +1 side,P109,P109,y,477.229,,mm,false
15,SSAT BR,fiducial,ILIS +1 side,ILIS +1 side,P109,P109,z,-1199.116,,mm,false
15,SSAT BR,fiducial,ILIS +1 side,ILIS +1 side,P110,P110,x,2349.706,,mm,false
15,SSAT BR,fiducial,ILIS +1 side,ILIS +1 side,P110,P110,y,413.292,,mm,false
15,SSAT BR,fiducial,ILIS +1 side,ILIS +1 side,P110,P110,z,-1185.117,,mm,false
15,SSAT BR,fiducial,ILIS +1 side,ILIS +1 side,P111,P111,x,2177.017,,mm,false
15,SSAT BR,fiducial,ILIS +1 side,ILIS +1 side,P111,P111,y,382.849,,mm,false
15,SSAT BR,fiducial,ILIS +1 side,ILIS +1 side,P111,P111,z,-1195.731,,mm,false
15,SSAT BR,fiducial,ILIS +1 side,ILIS +1 side,P112,P112,x,2182.412,,mm,false
15,SSAT BR,fiducial,ILIS +1 side,ILIS +1 side,P112,P112,y,383.885,,mm,false
15,SSAT BR,fiducial,ILIS +1 side,ILIS +1 side,P112,P112,z,-797.018,,mm,false
15,SSAT BR,fiducial,ILIS +1 side,ILIS +1 side,P113,P113,x,2470.194,,mm,false
15,SSAT BR,fiducial,ILIS +1 side,ILIS +1 side,P113,P113,y,434.658,,mm,false
15,SSAT BR,fiducial,ILIS +1 side,ILIS +1 side,P113,P113,z,-800.024,,mm,false
15,SSAT BR,fiducial,ILIS +1 side,ILIS +1 side,P114,P114,x,2785.128,,mm,false
15,SSAT BR,fiducial,ILIS +1 side,ILIS +1 side,P114,P114,y,490.213,,mm,false
15,SSAT BR,fiducial,ILIS +1 side,ILIS +1 side,P114,P114,z,-804.806,,mm,false
15,SSAT BR,fiducial,ILIS +1 side,ILIS +1 side,P115,P115,x,3021.309,,mm,false
15,SSAT BR,fiducial,ILIS +1 side,ILIS +1 side,P115,P115,y,531.897,,mm,false
15,SSAT BR,fiducial,ILIS +1 side,ILIS +1 side,P115,P115,z,-803.43,,mm,false
15,SSAT BR,fiducial,ILIS +1 side,ILIS +1 side,P116,P116,x,3003.88,,mm,false
15,SSAT BR,fiducial,ILIS +1 side,ILIS +1 side,P116,P116,y,528.876,,mm,false
15,SSAT BR,fiducial,ILIS +1 side,ILIS +1 side,P116,P116,z,-554.234,,mm,false
15,SSAT BR,fiducial,ILIS +1 side,ILIS +1 side,P117,P117,x,2758.674,,mm,false
15,SSAT BR,fiducial,ILIS +1 side,ILIS +1 side,P117,P117,y,485.6,,mm,false
15,SSAT BR,fiducial,ILIS +1 side,ILIS +1 side,P117,P117,z,-517.615,,mm,false
15,SSAT BR,fiducial,ILIS +1 side,ILIS +1 side,P118,P118,x,2434.194,,mm,false
15,SSAT BR,fiducial,ILIS +1 side,ILIS +1 side,P118,P118,y,428.356,,mm,false
15,SSAT BR,fiducial,ILIS +1 side,ILIS +1 side,P118,P118,z,-517.667,,mm,false
15,SSAT BR,fiducial,ILIS +1 side,ILIS +1 side,P119,P119,x,2210.57,,mm,false
15,SSAT BR,fiducial,ILIS +1 side,ILIS +1 side,P119,P119,y,388.884,,mm,false
15,SSAT BR,fiducial,ILIS +1 side,ILIS +1 side,P119,P119,z,-521.072,,mm,false
15,SSAT BR,fiducial,ILIS +1 side,ILIS +1 side,P120,P120,x,3021.422,,mm,false
15,SSAT BR,fiducial,ILIS +1 side,ILIS +1 side,P120,P120,y,531.789,,mm,false
15,SSAT BR,fiducial,ILIS +1 side,ILIS +1 side,P120,P120,z,-1445.483,,mm,false
15,SSAT BR,fiducial,ILIS +1 side,ILIS +1 side,P121,P121,x,2972.656,,mm,false
15,SSAT BR,fiducial,ILIS +1 side,ILIS +1 side,P121,P121,y,523.44,,mm,false
15,SSAT BR,fiducial,ILIS +1 side,ILIS +1 side,P121,P121,z,-485.525,,mm,false
15,SSAT BR,fiducial,ILIS +1 side,ILIS +1 side,P122,P122,x,2664.78,,mm,false
15,SSAT BR,fiducial,ILIS +1 side,ILIS +1 side,P122,P122,y,469.099,,mm,false
15,SSAT BR,fiducial,ILIS +1 side,ILIS +1 side,P122,P122,z,-480.596,,mm,false
15,SSAT BR,fiducial,ILIS +1 side,ILIS +1 side,P123,P123,x,2352.355,,mm,false
15,SSAT BR,fiducial,ILIS +1 side,ILIS +1 side,P123,P123,y,413.975,,mm,false
15,SSAT BR,fiducial,ILIS +1 side,ILIS +1 side,P123,P123,z,-479.889,,mm,false
15,SSAT BR,fiducial,ILIS +1 side,ILIS +1 side,P124,P124,x,2179.116,,mm,false
15,SSAT BR,fiducial,ILIS +1 side,ILIS +1 side,P124,P124,y,383.442,,mm,false
15,SSAT BR,fiducial,ILIS +1 side,ILIS +1 side,P124,P124,z,-485.748,,mm,false
15,SSAT BR,fiducial,ILIS +1 side,ILIS +1 side,P125,P125,x,3007.488,,mm,false
15,SSAT BR,fiducial,ILIS +1 side,ILIS +1 side,P125,P125,y,529.658,,mm,false
15,SSAT BR,fiducial,ILIS +1 side,ILIS +1 side,P125,P125,z,-139.344,,mm,false
15,SSAT BR,fiducial,ILIS +1 side,ILIS +1 side,P126,P126,x,2700.442,,mm,false
15,SSAT BR,fiducial,ILIS +1 side,ILIS +1 side,P126,P126,y,475.479,,mm,false
15,SSAT BR,fiducial,ILIS +1 side,ILIS +1 side,P126,P126,z,-151.983,,mm,false
15,SSAT BR,fiducial,ILIS +1 side,ILIS +1 side,P127,P127,x,2365.756,,mm,false
15,SSAT BR,fiducial,ILIS +1 side,ILIS +1 side,P127,P127,y,416.376,,mm,false
15,SSAT BR,fiducial,ILIS +1 side,ILIS +1 side,P127,P127,z,-147.011,,mm,false
15,SSAT BR,fiducial,ILIS +1 side,ILIS +1 side,P128,P128,x,2172.842,,mm,false
15,SSAT BR,fiducial,ILIS +1 side,ILIS +1 side,P128,P128,y,382.366,,mm,false
15,SSAT BR,fiducial,ILIS +1 side,ILIS +1 side,P128,P128,z,-138.859,,mm,false
15,SSAT BR,fiducial,ILIS +1 side,ILIS +1 side,P129,P129,x,3011.957,,mm,false
15,SSAT BR,fiducial,ILIS +1 side,ILIS +1 side,P129,P129,y,530.487,,mm,false
15,SSAT BR,fiducial,ILIS +1 side,ILIS +1 side,P129,P129,z,209.32,,mm,false
15,SSAT BR,fiducial,ILIS +1 side,ILIS +1 side,P130,P130,x,2743.606,,mm,false
15,SSAT BR,fiducial,ILIS +1 side,ILIS +1 side,P130,P130,y,483.147,,mm,false
15,SSAT BR,fiducial,ILIS +1 side,ILIS +1 side,P130,P130,z,192.994,,mm,false
15,SSAT BR,fiducial,ILIS +1 side,ILIS +1 side,P131,P131,x,2449.268,,mm,false
15,SSAT BR,fiducial,ILIS +1 side,ILIS +1 side,P131,P131,y,431.183,,mm,false
15,SSAT BR,fiducial,ILIS +1 side,ILIS +1 side,P131,P131,z,202.569,,mm,false
15,SSAT BR,fiducial,ILIS +1 side,ILIS +1 side,P132,P132,x,2172.509,,mm,false
15,SSAT BR,fiducial,ILIS +1 side,ILIS +1 side,P132,P132,y,382.367,,mm,false
15,SSAT BR,fiducial,ILIS +1 side,ILIS +1 side,P132,P132,z,217.15,,mm,false
15,SSAT BR,fiducial,ILIS +1 side,ILIS +1 side,P133,P133,x,3011.383,,mm,false
15,SSAT BR,fiducial,ILIS +1 side,ILIS +1 side,P133,P133,y,529.674,,mm,false
15,SSAT BR,fiducial,ILIS +1 side,ILIS +1 side,P133,P133,z,-3339.47,,mm,false
15,SSAT BR,fiducial,ILIS +1 side,ILIS +1 side,P134,P134,x,2730.684,,mm,false
15,SSAT BR,fiducial,ILIS +1 side,ILIS +1 side,P134,P134,y,480.165,,mm,false
15,SSAT BR,fiducial,ILIS +1 side,ILIS +1 side,P134,P134,z,-3382.294,,mm,false
15,SSAT BR,fiducial,ILIS +1 side,ILIS +1 side,P135,P135,x,2490.226,,mm,false
15,SSAT BR,fiducial,ILIS +1 side,ILIS +1 side,P135,P135,y,437.658,,mm,false
15,SSAT BR,fiducial,ILIS +1 side,ILIS +1 side,P135,P135,z,-3398.685,,mm,false
15,SSAT BR,fiducial,ILIS +1 side,ILIS +1 side,P136,P136,x,2213.011,,mm,false
15,SSAT BR,fiducial,ILIS +1 side,ILIS +1 side,P136,P136,y,388.8,,mm,false
15,SSAT BR,fiducial,ILIS +1 side,ILIS +1 side,P136,P136,z,-3355.824,,mm,false
15,SSAT BR,fiducial,ILIS +1 side,ILIS +1 side,P137,P137,x,2196.14,,mm,false
15,SSAT BR,fiducial,ILIS +1 side,ILIS +1 side,P137,P137,y,385.862,,mm,false
15,SSAT BR,fiducial,ILIS +1 side,ILIS +1 side,P137,P137,z,-3095.363,,mm,false
15,SSAT BR,fiducial,ILIS +1 side,ILIS +1 side,P138,P138,x,2490.956,,mm,false
15,SSAT BR,fiducial,ILIS +1 side,ILIS +1 side,P138,P138,y,437.878,,mm,false
15,SSAT BR,fiducial,ILIS +1 side,ILIS +1 side,P138,P138,z,-2979.262,,mm,false
15,SSAT BR,fiducial,ILIS +1 side,ILIS +1 side,P139,P139,x,2715.303,,mm,false
15,SSAT BR,fiducial,ILIS +1 side,ILIS +1 side,P139,P139,y,477.463,,mm,false
15,SSAT BR,fiducial,ILIS +1 side,ILIS +1 side,P139,P139,z,-3033.261,,mm,false
15,SSAT BR,fiducial,ILIS +1 side,ILIS +1 side,P140,P140,x,3012.011,,mm,false
15,SSAT BR,fiducial,ILIS +1 side,ILIS +1 side,P140,P140,y,529.79,,mm,false
15,SSAT BR,fiducial,ILIS +1 side,ILIS +1 side,P140,P140,z,-3047.744,,mm,false
15,SSAT BR,fiducial,ILIS +1 side,ILIS +1 side,P141,P141,x,3014.17,,mm,false
15,SSAT BR,fiducial,ILIS +1 side,ILIS +1 side,P141,P141,y,530.229,,mm,false
15,SSAT BR,fiducial,ILIS +1 side,ILIS +1 side,P141,P141,z,-2795.718,,mm,false
15,SSAT BR,fiducial,ILIS +1 side,ILIS +1 side,P142,P142,x,2750.604,,mm,false
15,SSAT BR,fiducial,ILIS +1 side,ILIS +1 side,P142,P142,y,483.746,,mm,false
15,SSAT BR,fiducial,ILIS +1 side,ILIS +1 side,P142,P142,z,-2805.955,,mm,false
15,SSAT BR,fiducial,ILIS +1 side,ILIS +1 side,P143,P143,x,2503.175,,mm,false
15,SSAT BR,fiducial,ILIS +1 side,ILIS +1 side,P143,P143,y,440.07,,mm,false
15,SSAT BR,fiducial,ILIS +1 side,ILIS +1 side,P143,P143,z,-2784.245,,mm,false
15,SSAT BR,fiducial,ILIS +1 side,ILIS +1 side,P144,P144,x,2277.362,,mm,false
15,SSAT BR,fiducial,ILIS +1 side,ILIS +1 side,P144,P144,y,400.247,,mm,false
15,SSAT BR,fiducial,ILIS +1 side,ILIS +1 side,P144,P144,z,-2793.593,,mm,false
15,SSAT BR,fiducial,ILIS +1 side,ILIS +1 side,P145,P145,x,2285.414,,mm,false
15,SSAT BR,fiducial,ILIS +1 side,ILIS +1 side,P145,P145,y,401.722,,mm,false
15,SSAT BR,fiducial,ILIS +1 side,ILIS +1 side,P145,P145,z,-2545.244,,mm,false
15,SSAT BR,fiducial,ILIS +1 side,ILIS +1 side,P146,P146,x,2513.598,,mm,false
15,SSAT BR,fiducial,ILIS +1 side,ILIS +1 side,P146,P146,y,441.957,,mm,false
15,SSAT BR,fiducial,ILIS +1 side,ILIS +1 side,P146,P146,z,-2547.791,,mm,false
15,SSAT BR,fiducial,ILIS +1 side,ILIS +1 side,P147,P147,x,2978.98,,mm,false
15,SSAT BR,fiducial,ILIS +1 side,ILIS +1 side,P147,P147,y,524.055,,mm,false
15,SSAT BR,fiducial,ILIS +1 side,ILIS +1 side,P147,P147,z,-2571.519,,mm,false
15,SSAT BR,fiducial,ILIS +1 side,ILIS +1 side,P148,P148,x,2758.216,,mm,false
15,SSAT BR,fiducial,ILIS +1 side,ILIS +1 side,P148,P148,y,485.139,,mm,false
15,SSAT BR,fiducial,ILIS +1 side,ILIS +1 side,P148,P148,z,-2572.386,,mm,false
15,SSAT BR,fiducial,ILIS +1 side,ILIS +1 side,P149,P149,x,3011.291,,mm,false
15,SSAT BR,fiducial,ILIS +1 side,ILIS +1 side,P149,P149,y,529.558,,mm,false
15,SSAT BR,fiducial,ILIS +1 side,ILIS +1 side,P149,P149,z,-3522.024,,mm,false
15,SSAT BR,fiducial,ILIS +1 side,ILIS +1 side,P150,P150,x,2835.591,,mm,false
15,SSAT BR,fiducial,ILIS +1 side,ILIS +1 side,P150,P150,y,498.615,,mm,false
15,SSAT BR,fiducial,ILIS +1 side,ILIS +1 side,P150,P150,z,-3538.103,,mm,false
15,SSAT BR,fiducial,ILIS +1 side,ILIS +1 side,P151,P151,x,2618.831,,mm,false
15,SSAT BR,fiducial,ILIS +1 side,ILIS +1 side,P151,P151,y,460.305,,mm,false
15,SSAT BR,fiducial,ILIS +1 side,ILIS +1 side,P151,P151,z,-3525.684,,mm,false
15,SSAT BR,fiducial,ILIS +1 side,ILIS +1 side,P152,P152,x,3013.496,,mm,false
15,SSAT BR,fiducial,ILIS +1 side,ILIS +1 side,P152,P152,y,529.911,,mm,false
15,SSAT BR,fiducial,ILIS +1 side,ILIS +1 side,P152,P152,z,-3730.586,,mm,false
15,SSAT BR,fiducial,ILIS +1 side,ILIS +1 side,P153,P153,x,2779.63,,mm,false
15,SSAT BR,fiducial,ILIS +1 side,ILIS +1 side,P153,P153,y,488.707,,mm,false
15,SSAT BR,fiducial,ILIS +1 side,ILIS +1 side,P153,P153,z,-3755.591,,mm,false
15,SSAT BR,fiducial,ILIS +1 side,ILIS +1 side,P154,P154,x,2618.055,,mm,false
15,SSAT BR,fiducial,ILIS +1 side,ILIS +1 side,P154,P154,y,460.153,,mm,false
15,SSAT BR,fiducial,ILIS +1 side,ILIS +1 side,P154,P154,z,-3756.133,,mm,false
15,SSAT BR,fiducial,ILIS +1 side,ILIS +1 side,P155,P155,x,2615.546,,mm,false
15,SSAT BR,fiducial,ILIS +1 side,ILIS +1 side,P155,P155,y,459.678,,mm,false
15,SSAT BR,fiducial,ILIS +1 side,ILIS +1 side,P155,P155,z,-3976.264,,mm,false
15,SSAT BR,fiducial,ILIS +1 side,ILIS +1 side,P156,P156,x,2779.223,,mm,false
15,SSAT BR,fiducial,ILIS +1 side,ILIS +1 side,P156,P156,y,488.656,,mm,false
15,SSAT BR,fiducial,ILIS +1 side,ILIS +1 side,P156,P156,z,-3979.352,,mm,false
15,SSAT BR,fiducial,ILIS +1 side,ILIS +1 side,P157,P157,x,3015.441,,mm,false
15,SSAT BR,fiducial,ILIS +1 side,ILIS +1 side,P157,P157,y,530.259,,mm,false
15,SSAT BR,fiducial,ILIS +1 side,ILIS +1 side,P157,P157,z,-3977.384,,mm,false
15,SSAT BR,fiducial,ILIS +1 side,ILIS +1 side,P158,P158,x,2575.574,,mm,false
15,SSAT BR,fiducial,ILIS +1 side,ILIS +1 side,P158,P158,y,452.678,,mm,false
15,SSAT BR,fiducial,ILIS +1 side,ILIS +1 side,P158,P158,z,-3522.362,,mm,false
15,SSAT BR,fiducial,ILIS +1 side,ILIS +1 side,P159,P159,x,2404.584,,mm,false
15,SSAT BR,fiducial,ILIS +1 side,ILIS +1 side,P159,P159,y,422.539,,mm,false
15,SSAT BR,fiducial,ILIS +1 side,ILIS +1 side,P159,P159,z,-3519.775,,mm,false
15,SSAT BR,fiducial,ILIS +1 side,ILIS +1 side,P160,P160,x,2178.387,,mm,false
15,SSAT BR,fiducial,ILIS +1 side,ILIS +1 side,P160,P160,y,382.707,,mm,false
15,SSAT BR,fiducial,ILIS +1 side,ILIS +1 side,P160,P160,z,-3525.959,,mm,false
15,SSAT BR,fiducial,ILIS +1 side,ILIS +1 side,P161,P161,x,2576.626,,mm,false
15,SSAT BR,fiducial,ILIS +1 side,ILIS +1 side,P161,P161,y,452.873,,mm,false
15,SSAT BR,fiducial,ILIS +1 side,ILIS +1 side,P161,P161,z,-3751.505,,mm,false
15,SSAT BR,fiducial,ILIS +1 side,ILIS +1 side,P162,P162,x,2366.259,,mm,false
15,SSAT BR,fiducial,ILIS +1 side,ILIS +1 side,P162,P162,y,415.721,,mm,false
15,SSAT BR,fiducial,ILIS +1 side,ILIS +1 side,P162,P162,z,-3754.788,,mm,false
15,SSAT BR,fiducial,ILIS +1 side,ILIS +1 side,P163,P163,x,2178.731,,mm,false
15,SSAT BR,fiducial,ILIS +1 side,ILIS +1 side,P163,P163,y,382.683,,mm,false
15,SSAT BR,fiducial,ILIS +1 side,ILIS +1 side,P163,P163,z,-3735.326,,mm,false
15,SSAT BR,fiducial,ILIS +1 side,ILIS +1 side,P164,P164,x,2575.98,,mm,false
15,SSAT BR,fiducial,ILIS +1 side,ILIS +1 side,P164,P164,y,452.706,,mm,false
15,SSAT BR,fiducial,ILIS +1 side,ILIS +1 side,P164,P164,z,-3976.12,,mm,false
15,SSAT BR,fiducial,ILIS +1 side,ILIS +1 side,P165,P165,x,2392.149,,mm,false
15,SSAT BR,fiducial,ILIS +1 side,ILIS +1 side,P165,P165,y,420.267,,mm,false
15,SSAT BR,fiducial,ILIS +1 side,ILIS +1 side,P165,P165,z,-3976.986,,mm,false
15,SSAT BR,fiducial,ILIS +1 side,ILIS +1 side,P166,P166,x,2181.865,,mm,false
15,SSAT BR,fiducial,ILIS +1 side,ILIS +1 side,P166,P166,y,383.234,,mm,false
15,SSAT BR,fiducial,ILIS +1 side,ILIS +1 side,P166,P166,z,-3971.013,,mm,false
15,SSAT BR,fiducial,ILIS +1 side,ILIS +1 side,P167,P167,x,3017.932,,mm,false
15,SSAT BR,fiducial,ILIS +1 side,ILIS +1 side,P167,P167,y,530.66,,mm,false
15,SSAT BR,fiducial,ILIS +1 side,ILIS +1 side,P167,P167,z,-4027.323,,mm,false
15,SSAT BR,fiducial,ILIS +1 side,ILIS +1 side,P168,P168,x,2796.254,,mm,false
15,SSAT BR,fiducial,ILIS +1 side,ILIS +1 side,P168,P168,y,491.596,,mm,false
15,SSAT BR,fiducial,ILIS +1 side,ILIS +1 side,P168,P168,z,-4018.022,,mm,false
15,SSAT BR,fiducial,ILIS +1 side,ILIS +1 side,P169,P169,x,2622.76,,mm,false
15,SSAT BR,fiducial,ILIS +1 side,ILIS +1 side,P169,P169,y,460.927,,mm,false
15,SSAT BR,fiducial,ILIS +1 side,ILIS +1 side,P169,P169,z,-4019.53,,mm,false
15,SSAT BR,fiducial,ILIS +1 side,ILIS +1 side,P170,P170,x,2613.561,,mm,false
15,SSAT BR,fiducial,ILIS +1 side,ILIS +1 side,P170,P170,y,459.28,,mm,false
15,SSAT BR,fiducial,ILIS +1 side,ILIS +1 side,P170,P170,z,-4166.73,,mm,false
15,SSAT BR,fiducial,ILIS +1 side,ILIS +1 side,P171,P171,x,2822.308,,mm,false
15,SSAT BR,fiducial,ILIS +1 side,ILIS +1 side,P171,P171,y,496.125,,mm,false
15,SSAT BR,fiducial,ILIS +1 side,ILIS +1 side,P171,P171,z,-4187.776,,mm,false
15,SSAT BR,fiducial,ILIS +1 side,ILIS +1 side,P172,P172,x,3009.396,,mm,false
15,SSAT BR,fiducial,ILIS +1 side,ILIS +1 side,P172,P172,y,529.12,,mm,false
15,SSAT BR,fiducial,ILIS +1 side,ILIS +1 side,P172,P172,z,-4182.904,,mm,false
15,SSAT BR,fiducial,ILIS +1 side,ILIS +1 side,P173,P173,x,3005.169,,mm,false
15,SSAT BR,fiducial,ILIS +1 side,ILIS +1 side,P173,P173,y,528.365,,mm,false
15,SSAT BR,fiducial,ILIS +1 side,ILIS +1 side,P173,P173,z,-4413.457,,mm,false
15,SSAT BR,fiducial,ILIS +1 side,ILIS +1 side,P174,P174,x,2823.016,,mm,false
15,SSAT BR,fiducial,ILIS +1 side,ILIS +1 side,P174,P174,y,496.214,,mm,false
15,SSAT BR,fiducial,ILIS +1 side,ILIS +1 side,P174,P174,z,-4470.699,,mm,false
15,SSAT BR,fiducial,ILIS +1 side,ILIS +1 side,P175,P175,x,2619.541,,mm,false
15,SSAT BR,fiducial,ILIS +1 side,ILIS +1 side,P175,P175,y,460.328,,mm,false
15,SSAT BR,fiducial,ILIS +1 side,ILIS +1 side,P175,P175,z,-4476.376,,mm,false
15,SSAT BR,fiducial,ILIS +1 side,ILIS +1 side,P176,P176,x,2564.672,,mm,false
15,SSAT BR,fiducial,ILIS +1 side,ILIS +1 side,P176,P176,y,450.738,,mm,false
15,SSAT BR,fiducial,ILIS +1 side,ILIS +1 side,P176,P176,z,-4027.668,,mm,false
15,SSAT BR,fiducial,ILIS +1 side,ILIS +1 side,P177,P177,x,2385.773,,mm,false
15,SSAT BR,fiducial,ILIS +1 side,ILIS +1 side,P177,P177,y,419.118,,mm,false
15,SSAT BR,fiducial,ILIS +1 side,ILIS +1 side,P177,P177,z,-4021.178,,mm,false
15,SSAT BR,fiducial,ILIS +1 side,ILIS +1 side,P178,P178,x,2184.09,,mm,false
15,SSAT BR,fiducial,ILIS +1 side,ILIS +1 side,P178,P178,y,383.65,,mm,false
15,SSAT BR,fiducial,ILIS +1 side,ILIS +1 side,P178,P178,z,-4023.374,,mm,false
15,SSAT BR,fiducial,ILIS +1 side,ILIS +1 side,P179,P179,x,2205.885,,mm,false
15,SSAT BR,fiducial,ILIS +1 side,ILIS +1 side,P179,P179,y,387.402,,mm,false
15,SSAT BR,fiducial,ILIS +1 side,ILIS +1 side,P179,P179,z,-4241.701,,mm,false
15,SSAT BR,fiducial,ILIS +1 side,ILIS +1 side,P180,P180,x,2398.97,,mm,false
15,SSAT BR,fiducial,ILIS +1 side,ILIS +1 side,P180,P180,y,421.411,,mm,false
15,SSAT BR,fiducial,ILIS +1 side,ILIS +1 side,P180,P180,z,-4190.694,,mm,false
15,SSAT BR,fiducial,ILIS +1 side,ILIS +1 side,P181,P181,x,2575.348,,mm,false
15,SSAT BR,fiducial,ILIS +1 side,ILIS +1 side,P181,P181,y,452.557,,mm,false
15,SSAT BR,fiducial,ILIS +1 side,ILIS +1 side,P181,P181,z,-4155.95,,mm,false
15,SSAT BR,fiducial,ILIS +1 side,ILIS +1 side,P182,P182,x,2575.603,,mm,false
15,SSAT BR,fiducial,ILIS +1 side,ILIS +1 side,P182,P182,y,452.571,,mm,false
15,SSAT BR,fiducial,ILIS +1 side,ILIS +1 side,P182,P182,z,-4470.858,,mm,false
15,SSAT BR,fiducial,ILIS +1 side,ILIS +1 side,P183,P183,x,2405.88,,mm,false
15,SSAT BR,fiducial,ILIS +1 side,ILIS +1 side,P183,P183,y,422.595,,mm,false
15,SSAT BR,fiducial,ILIS +1 side,ILIS +1 side,P183,P183,z,-4470.875,,mm,false
15,SSAT BR,fiducial,ILIS +1 side,ILIS +1 side,P184,P184,x,2242.911,,mm,false
15,SSAT BR,fiducial,ILIS +1 side,ILIS +1 side,P184,P184,y,393.914,,mm,false
15,SSAT BR,fiducial,ILIS +1 side,ILIS +1 side,P184,P184,z,-4486.352,,mm,false
15,SSAT BR,fiducial,ILIS -1 side,ILIS -1 side,P1,P1,x,3010.018,,mm,false
15,SSAT BR,fiducial,ILIS -1 side,ILIS -1 side,P1,P1,y,-528.839,,mm,false
15,SSAT BR,fiducial,ILIS -1 side,ILIS -1 side,P1,P1,z,4071.598,,mm,false
15,SSAT BR,fiducial,ILIS -1 side,ILIS -1 side,P2,P2,x,2824.931,,mm,false
15,SSAT BR,fiducial,ILIS -1 side,ILIS -1 side,P2,P2,y,-496.188,,mm,false
15,SSAT BR,fiducial,ILIS -1 side,ILIS -1 side,P2,P2,z,4082.185,,mm,false
15,SSAT BR,fiducial,ILIS -1 side,ILIS -1 side,P3,P3,x,2644.557,,mm,false
15,SSAT BR,fiducial,ILIS -1 side,ILIS -1 side,P3,P3,y,-464.455,,mm,false
15,SSAT BR,fiducial,ILIS -1 side,ILIS -1 side,P3,P3,z,4076.083,,mm,false
15,SSAT BR,fiducial,ILIS -1 side,ILIS -1 side,P4,P4,x,2645.739,,mm,false
15,SSAT BR,fiducial,ILIS -1 side,ILIS -1 side,P4,P4,y,-464.555,,mm,false
15,SSAT BR,fiducial,ILIS -1 side,ILIS -1 side,P4,P4,z,4217.867,,mm,false
15,SSAT BR,fiducial,ILIS -1 side,ILIS -1 side,P5,P5,x,2804.636,,mm,false
15,SSAT BR,fiducial,ILIS -1 side,ILIS -1 side,P5,P5,y,-492.558,,mm,false
15,SSAT BR,fiducial,ILIS -1 side,ILIS -1 side,P5,P5,z,4205.356,,mm,false
15,SSAT BR,fiducial,ILIS -1 side,ILIS -1 side,P6,P6,x,3009.664,,mm,false
15,SSAT BR,fiducial,ILIS -1 side,ILIS -1 side,P6,P6,y,-528.784,,mm,false
15,SSAT BR,fiducial,ILIS -1 side,ILIS -1 side,P6,P6,z,4194.91,,mm,false
15,SSAT BR,fiducial,ILIS -1 side,ILIS -1 side,P7,P7,x,2983.062,,mm,false
15,SSAT BR,fiducial,ILIS -1 side,ILIS -1 side,P7,P7,y,-524.035,,mm,false
15,SSAT BR,fiducial,ILIS -1 side,ILIS -1 side,P7,P7,z,4368.152,,mm,false
15,SSAT BR,fiducial,ILIS -1 side,ILIS -1 side,P8,P8,x,2983.606,,mm,false
15,SSAT BR,fiducial,ILIS -1 side,ILIS -1 side,P8,P8,y,-524.147,,mm,false
15,SSAT BR,fiducial,ILIS -1 side,ILIS -1 side,P8,P8,z,4368.6,,mm,false
15,SSAT BR,fiducial,ILIS -1 side,ILIS -1 side,P9,P9,x,2817.698,,mm,false
15,SSAT BR,fiducial,ILIS -1 side,ILIS -1 side,P9,P9,y,-494.821,,mm,false
15,SSAT BR,fiducial,ILIS -1 side,ILIS -1 side,P9,P9,z,4397.198,,mm,false
15,SSAT BR,fiducial,ILIS -1 side,ILIS -1 side,P10,P10,x,2655.389,,mm,false
15,SSAT BR,fiducial,ILIS -1 side,ILIS -1 side,P10,P10,y,-466.253,,mm,false
15,SSAT BR,fiducial,ILIS -1 side,ILIS -1 side,P10,P10,z,4405.226,,mm,false
15,SSAT BR,fiducial,ILIS -1 side,ILIS -1 side,P11,P11,x,2573.328,,mm,false
15,SSAT BR,fiducial,ILIS -1 side,ILIS -1 side,P11,P11,y,-451.95,,mm,false
15,SSAT BR,fiducial,ILIS -1 side,ILIS -1 side,P11,P11,z,4040.758,,mm,false
15,SSAT BR,fiducial,ILIS -1 side,ILIS -1 side,P12,P12,x,2363.189,,mm,false
15,SSAT BR,fiducial,ILIS -1 side,ILIS -1 side,P12,P12,y,-414.796,,mm,false
15,SSAT BR,fiducial,ILIS -1 side,ILIS -1 side,P12,P12,z,4042.344,,mm,false
15,SSAT BR,fiducial,ILIS -1 side,ILIS -1 side,P13,P13,x,2232.695,,mm,false
15,SSAT BR,fiducial,ILIS -1 side,ILIS -1 side,P13,P13,y,-391.756,,mm,false
15,SSAT BR,fiducial,ILIS -1 side,ILIS -1 side,P13,P13,z,4034.772,,mm,false
15,SSAT BR,fiducial,ILIS -1 side,ILIS -1 side,P14,P14,x,2573.299,,mm,false
15,SSAT BR,fiducial,ILIS -1 side,ILIS -1 side,P14,P14,y,-451.869,,mm,false
15,SSAT BR,fiducial,ILIS -1 side,ILIS -1 side,P14,P14,z,4251.981,,mm,false
15,SSAT BR,fiducial,ILIS -1 side,ILIS -1 side,P15,P15,x,2440.446,,mm,false
15,SSAT BR,fiducial,ILIS -1 side,ILIS -1 side,P15,P15,y,-428.366,,mm,false
15,SSAT BR,fiducial,ILIS -1 side,ILIS -1 side,P15,P15,z,4255.383,,mm,false
15,SSAT BR,fiducial,ILIS -1 side,ILIS -1 side,P16,P16,x,2283.235,,mm,false
15,SSAT BR,fiducial,ILIS -1 side,ILIS -1 side,P16,P16,y,-400.589,,mm,false
15,SSAT BR,fiducial,ILIS -1 side,ILIS -1 side,P16,P16,z,4254.353,,mm,false
15,SSAT BR,fiducial,ILIS -1 side,ILIS -1 side,P17,P17,x,2569.169,,mm,false
15,SSAT BR,fiducial,ILIS -1 side,ILIS -1 side,P17,P17,y,-451.135,,mm,false
15,SSAT BR,fiducial,ILIS -1 side,ILIS -1 side,P17,P17,z,4423.436,,mm,false
15,SSAT BR,fiducial,ILIS -1 side,ILIS -1 side,P18,P18,x,2428.641,,mm,false
15,SSAT BR,fiducial,ILIS -1 side,ILIS -1 side,P18,P18,y,-426.231,,mm,false
15,SSAT BR,fiducial,ILIS -1 side,ILIS -1 side,P18,P18,z,4418.663,,mm,false
15,SSAT BR,fiducial,ILIS -1 side,ILIS -1 side,P19,P19,x,2339.889,,mm,false
15,SSAT BR,fiducial,ILIS -1 side,ILIS -1 side,P19,P19,y,-410.56,,mm,false
15,SSAT BR,fiducial,ILIS -1 side,ILIS -1 side,P19,P19,z,4389.756,,mm,false
15,SSAT BR,fiducial,ILIS -1 side,ILIS -1 side,P20,P20,x,3006.441,,mm,false
15,SSAT BR,fiducial,ILIS -1 side,ILIS -1 side,P20,P20,y,-528.308,,mm,false
15,SSAT BR,fiducial,ILIS -1 side,ILIS -1 side,P20,P20,z,3931.862,,mm,false
15,SSAT BR,fiducial,ILIS -1 side,ILIS -1 side,P21,P21,x,2838.798,,mm,false
15,SSAT BR,fiducial,ILIS -1 side,ILIS -1 side,P21,P21,y,-498.691,,mm,false
15,SSAT BR,fiducial,ILIS -1 side,ILIS -1 side,P21,P21,z,3929.143,,mm,false
15,SSAT BR,fiducial,ILIS -1 side,ILIS -1 side,P22,P22,x,2640.055,,mm,false
15,SSAT BR,fiducial,ILIS -1 side,ILIS -1 side,P22,P22,y,-463.676,,mm,false
15,SSAT BR,fiducial,ILIS -1 side,ILIS -1 side,P22,P22,z,3934.673,,mm,false
15,SSAT BR,fiducial,ILIS -1 side,ILIS -1 side,P23,P23,x,2641.619,,mm,false
15,SSAT BR,fiducial,ILIS -1 side,ILIS -1 side,P23,P23,y,-463.964,,mm,false
15,SSAT BR,fiducial,ILIS -1 side,ILIS -1 side,P23,P23,z,3781.784,,mm,false
15,SSAT BR,fiducial,ILIS -1 side,ILIS -1 side,P24,P24,x,2797.461,,mm,false
15,SSAT BR,fiducial,ILIS -1 side,ILIS -1 side,P24,P24,y,-491.436,,mm,false
15,SSAT BR,fiducial,ILIS -1 side,ILIS -1 side,P24,P24,z,3791.224,,mm,false
15,SSAT BR,fiducial,ILIS -1 side,ILIS -1 side,P25,P25,x,3007.983,,mm,false
15,SSAT BR,fiducial,ILIS -1 side,ILIS -1 side,P25,P25,y,-528.604,,mm,false
15,SSAT BR,fiducial,ILIS -1 side,ILIS -1 side,P25,P25,z,3799.264,,mm,false
15,SSAT BR,fiducial,ILIS -1 side,ILIS -1 side,P26,P26,x,3014.325,,mm,false
15,SSAT BR,fiducial,ILIS -1 side,ILIS -1 side,P26,P26,y,-529.773,,mm,false
15,SSAT BR,fiducial,ILIS -1 side,ILIS -1 side,P26,P26,z,3566.485,,mm,false
15,SSAT BR,fiducial,ILIS -1 side,ILIS -1 side,P27,P27,x,2766.383,,mm,false
15,SSAT BR,fiducial,ILIS -1 side,ILIS -1 side,P27,P27,y,-486.006,,mm,false
15,SSAT BR,fiducial,ILIS -1 side,ILIS -1 side,P27,P27,z,3550.519,,mm,false
15,SSAT BR,fiducial,ILIS -1 side,ILIS -1 side,P28,P28,x,2765.531,,mm,false
15,SSAT BR,fiducial,ILIS -1 side,ILIS -1 side,P28,P28,y,-485.832,,mm,false
15,SSAT BR,fiducial,ILIS -1 side,ILIS -1 side,P28,P28,z,3551.741,,mm,false
15,SSAT BR,fiducial,ILIS -1 side,ILIS -1 side,P29,P29,x,2622.862,,mm,false
15,SSAT BR,fiducial,ILIS -1 side,ILIS -1 side,P29,P29,y,-460.725,,mm,false
15,SSAT BR,fiducial,ILIS -1 side,ILIS -1 side,P29,P29,z,3558.023,,mm,false
15,SSAT BR,fiducial,ILIS -1 side,ILIS -1 side,P30,P30,x,2561.43,,mm,false
15,SSAT BR,fiducial,ILIS -1 side,ILIS -1 side,P30,P30,y,-449.826,,mm,false
15,SSAT BR,fiducial,ILIS -1 side,ILIS -1 side,P30,P30,z,3557.66,,mm,false
15,SSAT BR,fiducial,ILIS -1 side,ILIS -1 side,P31,P31,x,2350.446,,mm,false
15,SSAT BR,fiducial,ILIS -1 side,ILIS -1 side,P31,P31,y,-412.679,,mm,false
15,SSAT BR,fiducial,ILIS -1 side,ILIS -1 side,P31,P31,z,3541.111,,mm,false
15,SSAT BR,fiducial,ILIS -1 side,ILIS -1 side,P32,P32,x,2231.9,,mm,false
15,SSAT BR,fiducial,ILIS -1 side,ILIS -1 side,P32,P32,y,-391.735,,mm,false
15,SSAT BR,fiducial,ILIS -1 side,ILIS -1 side,P32,P32,z,3539.353,,mm,false
15,SSAT BR,fiducial,ILIS -1 side,ILIS -1 side,P33,P33,x,2231.028,,mm,false
15,SSAT BR,fiducial,ILIS -1 side,ILIS -1 side,P33,P33,y,-391.52,,mm,false
15,SSAT BR,fiducial,ILIS -1 side,ILIS -1 side,P33,P33,z,3760.108,,mm,false
15,SSAT BR,fiducial,ILIS -1 side,ILIS -1 side,P34,P34,x,2410.525,,mm,false
15,SSAT BR,fiducial,ILIS -1 side,ILIS -1 side,P34,P34,y,-423.221,,mm,false
15,SSAT BR,fiducial,ILIS -1 side,ILIS -1 side,P34,P34,z,3793.775,,mm,false
15,SSAT BR,fiducial,ILIS -1 side,ILIS -1 side,P35,P35,x,2578.611,,mm,false
15,SSAT BR,fiducial,ILIS -1 side,ILIS -1 side,P35,P35,y,-452.891,,mm,false
15,SSAT BR,fiducial,ILIS -1 side,ILIS -1 side,P35,P35,z,3810.931,,mm,false
15,SSAT BR,fiducial,ILIS -1 side,ILIS -1 side,P36,P36,x,2577.263,,mm,false
15,SSAT BR,fiducial,ILIS -1 side,ILIS -1 side,P36,P36,y,-452.616,,mm,false
15,SSAT BR,fiducial,ILIS -1 side,ILIS -1 side,P36,P36,z,3975.179,,mm,false
15,SSAT BR,fiducial,ILIS -1 side,ILIS -1 side,P37,P37,x,2427.699,,mm,false
15,SSAT BR,fiducial,ILIS -1 side,ILIS -1 side,P37,P37,y,-426.205,,mm,false
15,SSAT BR,fiducial,ILIS -1 side,ILIS -1 side,P37,P37,z,3966.73,,mm,false
15,SSAT BR,fiducial,ILIS -1 side,ILIS -1 side,P38,P38,x,2226.405,,mm,false
15,SSAT BR,fiducial,ILIS -1 side,ILIS -1 side,P38,P38,y,-390.696,,mm,false
15,SSAT BR,fiducial,ILIS -1 side,ILIS -1 side,P38,P38,z,3930.722,,mm,false
15,SSAT BR,fiducial,ILIS -1 side,ILIS -1 side,P39,P39,x,2999.197,,mm,false
15,SSAT BR,fiducial,ILIS -1 side,ILIS -1 side,P39,P39,y,-527.14,,mm,false
15,SSAT BR,fiducial,ILIS -1 side,ILIS -1 side,P39,P39,z,3433.315,,mm,false
15,SSAT BR,fiducial,ILIS -1 side,ILIS -1 side,P40,P40,x,3002.554,,mm,false
15,SSAT BR,fiducial,ILIS -1 side,ILIS -1 side,P40,P40,y,-527.804,,mm,false
15,SSAT BR,fiducial,ILIS -1 side,ILIS -1 side,P40,P40,z,3202.827,,mm,false
15,SSAT BR,fiducial,ILIS -1 side,ILIS -1 side,P41,P41,x,3004.382,,mm,false
15,SSAT BR,fiducial,ILIS -1 side,ILIS -1 side,P41,P41,y,-528.194,,mm,false
15,SSAT BR,fiducial,ILIS -1 side,ILIS -1 side,P41,P41,z,2938.692,,mm,false
15,SSAT BR,fiducial,ILIS -1 side,ILIS -1 side,P42,P42,x,3006.244,,mm,false
15,SSAT BR,fiducial,ILIS -1 side,ILIS -1 side,P42,P42,y,-528.619,,mm,false
15,SSAT BR,fiducial,ILIS -1 side,ILIS -1 side,P42,P42,z,2570.7,,mm,false
15,SSAT BR,fiducial,ILIS -1 side,ILIS -1 side,P43,P43,x,2747.287,,mm,false
15,SSAT BR,fiducial,ILIS -1 side,ILIS -1 side,P43,P43,y,-482.959,,mm,false
15,SSAT BR,fiducial,ILIS -1 side,ILIS -1 side,P43,P43,z,2541.725,,mm,false
15,SSAT BR,fiducial,ILIS -1 side,ILIS -1 side,P44,P44,x,2774.476,,mm,false
15,SSAT BR,fiducial,ILIS -1 side,ILIS -1 side,P44,P44,y,-487.652,,mm,false
15,SSAT BR,fiducial,ILIS -1 side,ILIS -1 side,P44,P44,z,2853.534,,mm,false
15,SSAT BR,fiducial,ILIS -1 side,ILIS -1 side,P45,P45,x,2786.289,,mm,false
15,SSAT BR,fiducial,ILIS -1 side,ILIS -1 side,P45,P45,y,-489.695,,mm,false
15,SSAT BR,fiducial,ILIS -1 side,ILIS -1 side,P45,P45,z,3192.169,,mm,false
15,SSAT BR,fiducial,ILIS -1 side,ILIS -1 side,P46,P46,x,2769.748,,mm,false
15,SSAT BR,fiducial,ILIS -1 side,ILIS -1 side,P46,P46,y,-486.678,,mm,false
15,SSAT BR,fiducial,ILIS -1 side,ILIS -1 side,P46,P46,z,3435.078,,mm,false
15,SSAT BR,fiducial,ILIS -1 side,ILIS -1 side,P47,P47,x,2537.42,,mm,false
15,SSAT BR,fiducial,ILIS -1 side,ILIS -1 side,P47,P47,y,-445.71,,mm,false
15,SSAT BR,fiducial,ILIS -1 side,ILIS -1 side,P47,P47,z,3465.508,,mm,false
15,SSAT BR,fiducial,ILIS -1 side,ILIS -1 side,P48,P48,x,2550.919,,mm,false
15,SSAT BR,fiducial,ILIS -1 side,ILIS -1 side,P48,P48,y,-448.216,,mm,false
15,SSAT BR,fiducial,ILIS -1 side,ILIS -1 side,P48,P48,z,3192.44,,mm,false
15,SSAT BR,fiducial,ILIS -1 side,ILIS -1 side,P49,P49,x,2552.461,,mm,false
15,SSAT BR,fiducial,ILIS -1 side,ILIS -1 side,P49,P49,y,-448.506,,mm,false
15,SSAT BR,fiducial,ILIS -1 side,ILIS -1 side,P49,P49,z,2938.81,,mm,false
15,SSAT BR,fiducial,ILIS -1 side,ILIS -1 side,P50,P50,x,2295.892,,mm,false
15,SSAT BR,fiducial,ILIS -1 side,ILIS -1 side,P50,P50,y,-403.305,,mm,false
15,SSAT BR,fiducial,ILIS -1 side,ILIS -1 side,P50,P50,z,2595.329,,mm,false
15,SSAT BR,fiducial,ILIS -1 side,ILIS -1 side,P51,P51,x,2472.504,,mm,false
15,SSAT BR,fiducial,ILIS -1 side,ILIS -1 side,P51,P51,y,-434.487,,mm,false
15,SSAT BR,fiducial,ILIS -1 side,ILIS -1 side,P51,P51,z,2584.533,,mm,false
15,SSAT BR,fiducial,ILIS -1 side,ILIS -1 side,P52,P52,x,2247.659,,mm,false
15,SSAT BR,fiducial,ILIS -1 side,ILIS -1 side,P52,P52,y,-394.741,,mm,false
15,SSAT BR,fiducial,ILIS -1 side,ILIS -1 side,P52,P52,z,2880.746,,mm,false
15,SSAT BR,fiducial,ILIS -1 side,ILIS -1 side,P53,P53,x,2260.616,,mm,false
15,SSAT BR,fiducial,ILIS -1 side,ILIS -1 side,P53,P53,y,-396.937,,mm,false
15,SSAT BR,fiducial,ILIS -1 side,ILIS -1 side,P53,P53,z,3180.071,,mm,false
15,SSAT BR,fiducial,ILIS -1 side,ILIS -1 side,P54,P54,x,2276.346,,mm,false
15,SSAT BR,fiducial,ILIS -1 side,ILIS -1 side,P54,P54,y,-399.617,,mm,false
15,SSAT BR,fiducial,ILIS -1 side,ILIS -1 side,P54,P54,z,3429.659,,mm,false
15,SSAT BR,fiducial,ILIS -1 side,ILIS -1 side,P55,P55,x,2999.987,,mm,false
15,SSAT BR,fiducial,ILIS -1 side,ILIS -1 side,P55,P55,y,-527.519,,mm,false
15,SSAT BR,fiducial,ILIS -1 side,ILIS -1 side,P55,P55,z,2436.795,,mm,false
15,SSAT BR,fiducial,ILIS -1 side,ILIS -1 side,P56,P56,x,2750.35,,mm,false
15,SSAT BR,fiducial,ILIS -1 side,ILIS -1 side,P56,P56,y,-483.521,,mm,false
15,SSAT BR,fiducial,ILIS -1 side,ILIS -1 side,P56,P56,z,2448.668,,mm,false
15,SSAT BR,fiducial,ILIS -1 side,ILIS -1 side,P57,P57,x,2506.424,,mm,false
15,SSAT BR,fiducial,ILIS -1 side,ILIS -1 side,P57,P57,y,-440.561,,mm,false
15,SSAT BR,fiducial,ILIS -1 side,ILIS -1 side,P57,P57,z,2470.54,,mm,false
15,SSAT BR,fiducial,ILIS -1 side,ILIS -1 side,P58,P58,x,2275.376,,mm,false
15,SSAT BR,fiducial,ILIS -1 side,ILIS -1 side,P58,P58,y,-399.71,,mm,false
15,SSAT BR,fiducial,ILIS -1 side,ILIS -1 side,P58,P58,z,2475.314,,mm,false
15,SSAT BR,fiducial,ILIS -1 side,ILIS -1 side,P59,P59,x,2261.146,,mm,false
15,SSAT BR,fiducial,ILIS -1 side,ILIS -1 side,P59,P59,y,-397.29,,mm,false
15,SSAT BR,fiducial,ILIS -1 side,ILIS -1 side,P59,P59,z,2135.087,,mm,false
15,SSAT BR,fiducial,ILIS -1 side,ILIS -1 side,P60,P60,x,2420.581,,mm,false
15,SSAT BR,fiducial,ILIS -1 side,ILIS -1 side,P60,P60,y,-425.44,,mm,false
15,SSAT BR,fiducial,ILIS -1 side,ILIS -1 side,P60,P60,z,2131.627,,mm,false
15,SSAT BR,fiducial,ILIS -1 side,ILIS -1 side,P61,P61,x,2659.541,,mm,false
15,SSAT BR,fiducial,ILIS -1 side,ILIS -1 side,P61,P61,y,-467.549,,mm,false
15,SSAT BR,fiducial,ILIS -1 side,ILIS -1 side,P61,P61,z,2133.191,,mm,false
15,SSAT BR,fiducial,ILIS -1 side,ILIS -1 side,P62,P62,x,2953.186,,mm,false
15,SSAT BR,fiducial,ILIS -1 side,ILIS -1 side,P62,P62,y,-519.401,,mm,false
15,SSAT BR,fiducial,ILIS -1 side,ILIS -1 side,P62,P62,z,1832.147,,mm,false
15,SSAT BR,fiducial,ILIS -1 side,ILIS -1 side,P63,P63,x,2680.336,,mm,false
15,SSAT BR,fiducial,ILIS -1 side,ILIS -1 side,P63,P63,y,-471.32,,mm,false
15,SSAT BR,fiducial,ILIS -1 side,ILIS -1 side,P63,P63,z,1820.019,,mm,false
15,SSAT BR,fiducial,ILIS -1 side,ILIS -1 side,P64,P64,x,2465.303,,mm,false
15,SSAT BR,fiducial,ILIS -1 side,ILIS -1 side,P64,P64,y,-433.407,,mm,false
15,SSAT BR,fiducial,ILIS -1 side,ILIS -1 side,P64,P64,z,1809.964,,mm,false
15,SSAT BR,fiducial,ILIS -1 side,ILIS -1 side,P65,P65,x,2262.095,,mm,false
15,SSAT BR,fiducial,ILIS -1 side,ILIS -1 side,P65,P65,y,-397.518,,mm,false
15,SSAT BR,fiducial,ILIS -1 side,ILIS -1 side,P65,P65,z,1804.099,,mm,false
15,SSAT BR,fiducial,ILIS -1 side,ILIS -1 side,P66,P66,x,2309.064,,mm,false
15,SSAT BR,fiducial,ILIS -1 side,ILIS -1 side,P66,P66,y,-405.858,,mm,false
15,SSAT BR,fiducial,ILIS -1 side,ILIS -1 side,P66,P66,z,1611.429,,mm,false
15,SSAT BR,fiducial,ILIS -1 side,ILIS -1 side,P67,P67,x,2490.68,,mm,false
15,SSAT BR,fiducial,ILIS -1 side,ILIS -1 side,P67,P67,y,-437.888,,mm,false
15,SSAT BR,fiducial,ILIS -1 side,ILIS -1 side,P67,P67,z,1637.17,,mm,false
15,SSAT BR,fiducial,ILIS -1 side,ILIS -1 side,P68,P68,x,2683.226,,mm,false
15,SSAT BR,fiducial,ILIS -1 side,ILIS -1 side,P68,P68,y,-471.859,,mm,false
15,SSAT BR,fiducial,ILIS -1 side,ILIS -1 side,P68,P68,z,1628.631,,mm,false
15,SSAT BR,fiducial,ILIS -1 side,ILIS -1 side,P69,P69,x,2969.409,,mm,false
15,SSAT BR,fiducial,ILIS -1 side,ILIS -1 side,P69,P69,y,-522.328,,mm,false
15,SSAT BR,fiducial,ILIS -1 side,ILIS -1 side,P69,P69,z,1612.62,,mm,false
15,SSAT BR,fiducial,ILIS -1 side,ILIS -1 side,P70,P70,x,2821.81,,mm,false
15,SSAT BR,fiducial,ILIS -1 side,ILIS -1 side,P70,P70,y,-496.182,,mm,false
15,SSAT BR,fiducial,ILIS -1 side,ILIS -1 side,P70,P70,z,2086.408,,mm,false
15,SSAT BR,fiducial,ILIS -1 side,ILIS -1 side,P71,P71,x,2988.606,,mm,false
15,SSAT BR,fiducial,ILIS -1 side,ILIS -1 side,P71,P71,y,-525.833,,mm,false
15,SSAT BR,fiducial,ILIS -1 side,ILIS -1 side,P71,P71,z,1433.116,,mm,false
15,SSAT BR,fiducial,ILIS -1 side,ILIS -1 side,P72,P72,x,2686.886,,mm,false
15,SSAT BR,fiducial,ILIS -1 side,ILIS -1 side,P72,P72,y,-472.587,,mm,false
15,SSAT BR,fiducial,ILIS -1 side,ILIS -1 side,P72,P72,z,1433.421,,mm,false
15,SSAT BR,fiducial,ILIS -1 side,ILIS -1 side,P73,P73,x,2483.571,,mm,false
15,SSAT BR,fiducial,ILIS -1 side,ILIS -1 side,P73,P73,y,-436.761,,mm,false
15,SSAT BR,fiducial,ILIS -1 side,ILIS -1 side,P73,P73,z,1436.561,,mm,false
15,SSAT BR,fiducial,ILIS -1 side,ILIS -1 side,P74,P74,x,2349.117,,mm,false
15,SSAT BR,fiducial,ILIS -1 side,ILIS -1 side,P74,P74,y,-413.038,,mm,false
15,SSAT BR,fiducial,ILIS -1 side,ILIS -1 side,P74,P74,z,1434.36,,mm,false
15,SSAT BR,fiducial,ILIS -1 side,ILIS -1 side,P75,P75,x,2316.648,,mm,false
15,SSAT BR,fiducial,ILIS -1 side,ILIS -1 side,P75,P75,y,-407.33,,mm,false
15,SSAT BR,fiducial,ILIS -1 side,ILIS -1 side,P75,P75,z,1209.845,,mm,false
15,SSAT BR,fiducial,ILIS -1 side,ILIS -1 side,P76,P76,x,2554.951,,mm,false
15,SSAT BR,fiducial,ILIS -1 side,ILIS -1 side,P76,P76,y,-449.386,,mm,false
15,SSAT BR,fiducial,ILIS -1 side,ILIS -1 side,P76,P76,z,1232.142,,mm,false
15,SSAT BR,fiducial,ILIS -1 side,ILIS -1 side,P77,P77,x,2755.508,,mm,false
15,SSAT BR,fiducial,ILIS -1 side,ILIS -1 side,P77,P77,y,-484.731,,mm,false
15,SSAT BR,fiducial,ILIS -1 side,ILIS -1 side,P77,P77,z,1247.491,,mm,false
15,SSAT BR,fiducial,ILIS -1 side,ILIS -1 side,P78,P78,x,3015.519,,mm,false
15,SSAT BR,fiducial,ILIS -1 side,ILIS -1 side,P78,P78,y,-530.713,,mm,false
15,SSAT BR,fiducial,ILIS -1 side,ILIS -1 side,P78,P78,z,881.376,,mm,false
15,SSAT BR,fiducial,ILIS -1 side,ILIS -1 side,P79,P79,x,2763.03,,mm,false
15,SSAT BR,fiducial,ILIS -1 side,ILIS -1 side,P79,P79,y,-486.114,,mm,false
15,SSAT BR,fiducial,ILIS -1 side,ILIS -1 side,P79,P79,z,864.692,,mm,false
15,SSAT BR,fiducial,ILIS -1 side,ILIS -1 side,P80,P80,x,2491.992,,mm,false
15,SSAT BR,fiducial,ILIS -1 side,ILIS -1 side,P80,P80,y,-438.355,,mm,false
15,SSAT BR,fiducial,ILIS -1 side,ILIS -1 side,P80,P80,z,881.878,,mm,false
15,SSAT BR,fiducial,ILIS -1 side,ILIS -1 side,P81,P81,x,2273.378,,mm,false
15,SSAT BR,fiducial,ILIS -1 side,ILIS -1 side,P81,P81,y,-399.749,,mm,false
15,SSAT BR,fiducial,ILIS -1 side,ILIS -1 side,P81,P81,z,878.408,,mm,false
15,SSAT BR,fiducial,ILIS -1 side,ILIS -1 side,P82,P82,x,2278.996,,mm,false
15,SSAT BR,fiducial,ILIS -1 side,ILIS -1 side,P82,P82,y,-400.813,,mm,false
15,SSAT BR,fiducial,ILIS -1 side,ILIS -1 side,P82,P82,z,586.828,,mm,false
15,SSAT BR,fiducial,ILIS -1 side,ILIS -1 side,P83,P83,x,2524.906,,mm,false
15,SSAT BR,fiducial,ILIS -1 side,ILIS -1 side,P83,P83,y,-444.216,,mm,false
15,SSAT BR,fiducial,ILIS -1 side,ILIS -1 side,P83,P83,z,602.492,,mm,false
15,SSAT BR,fiducial,ILIS -1 side,ILIS -1 side,P84,P84,x,2722.819,,mm,false
15,SSAT BR,fiducial,ILIS -1 side,ILIS -1 side,P84,P84,y,-479.069,,mm,false
15,SSAT BR,fiducial,ILIS -1 side,ILIS -1 side,P84,P84,z,598.219,,mm,false
15,SSAT BR,fiducial,ILIS -1 side,ILIS -1 side,P85,P85,x,2966.219,,mm,false
15,SSAT BR,fiducial,ILIS -1 side,ILIS -1 side,P85,P85,y,-522.052,,mm,false
15,SSAT BR,fiducial,ILIS -1 side,ILIS -1 side,P85,P85,z,574.402,,mm,false
15,SSAT BR,fiducial,ILIS -1 side,ILIS -1 side,P86,P86,x,2965.879,,mm,false
15,SSAT BR,fiducial,ILIS -1 side,ILIS -1 side,P86,P86,y,-521.849,,mm,false
15,SSAT BR,fiducial,ILIS -1 side,ILIS -1 side,P86,P86,z,1231.733,,mm,false
15,SSAT BR,fiducial,ILIS -1 side,ILIS -1 side,P87,P87,x,2985.747,,mm,false
15,SSAT BR,fiducial,ILIS -1 side,ILIS -1 side,P87,P87,y,-525.517,,mm,false
15,SSAT BR,fiducial,ILIS -1 side,ILIS -1 side,P87,P87,z,428.752,,mm,false
15,SSAT BR,fiducial,ILIS -1 side,ILIS -1 side,P88,P88,x,2686.908,,mm,false
15,SSAT BR,fiducial,ILIS -1 side,ILIS -1 side,P88,P88,y,-472.813,,mm,false
15,SSAT BR,fiducial,ILIS -1 side,ILIS -1 side,P88,P88,z,454.207,,mm,false
15,SSAT BR,fiducial,ILIS -1 side,ILIS -1 side,P89,P89,x,2503.221,,mm,false
15,SSAT BR,fiducial,ILIS -1 side,ILIS -1 side,P89,P89,y,-440.398,,mm,false
15,SSAT BR,fiducial,ILIS -1 side,ILIS -1 side,P89,P89,z,459.419,,mm,false
15,SSAT BR,fiducial,ILIS -1 side,ILIS -1 side,P90,P90,x,2282.807,,mm,false
15,SSAT BR,fiducial,ILIS -1 side,ILIS -1 side,P90,P90,y,-401.508,,mm,false
15,SSAT BR,fiducial,ILIS -1 side,ILIS -1 side,P90,P90,z,448.735,,mm,false
15,SSAT BR,fiducial,ILIS -1 side,ILIS -1 side,P91,P91,x,2260.653,,mm,false
15,SSAT BR,fiducial,ILIS -1 side,ILIS -1 side,P91,P91,y,-397.628,,mm,false
15,SSAT BR,fiducial,ILIS -1 side,ILIS -1 side,P91,P91,z,206.617,,mm,false
15,SSAT BR,fiducial,ILIS -1 side,ILIS -1 side,P92,P92,x,2496.819,,mm,false
15,SSAT BR,fiducial,ILIS -1 side,ILIS -1 side,P92,P92,y,-439.344,,mm,false
15,SSAT BR,fiducial,ILIS -1 side,ILIS -1 side,P92,P92,z,216.41,,mm,false
15,SSAT BR,fiducial,ILIS -1 side,ILIS -1 side,P93,P93,x,2705.889,,mm,false
15,SSAT BR,fiducial,ILIS -1 side,ILIS -1 side,P93,P93,y,-476.231,,mm,false
15,SSAT BR,fiducial,ILIS -1 side,ILIS -1 side,P93,P93,z,197.447,,mm,false
15,SSAT BR,fiducial,ILIS -1 side,ILIS -1 side,P94,P94,x,2919.377,,mm,false
15,SSAT BR,fiducial,ILIS -1 side,ILIS -1 side,P94,P94,y,-513.875,,mm,false
15,SSAT BR,fiducial,ILIS -1 side,ILIS -1 side,P94,P94,z,228.042,,mm,false
15,SSAT BR,fiducial,ILIS -1 side,ILIS -1 side,P95,P95,x,2976.132,,mm,false
15,SSAT BR,fiducial,ILIS -1 side,ILIS -1 side,P95,P95,y,-523.923,,mm,false
15,SSAT BR,fiducial,ILIS -1 side,ILIS -1 side,P95,P95,z,-167.643,,mm,false
15,SSAT BR,fiducial,ILIS -1 side,ILIS -1 side,P96,P96,x,2717.293,,mm,false
15,SSAT BR,fiducial,ILIS -1 side,ILIS -1 side,P96,P96,y,-478.308,,mm,false
15,SSAT BR,fiducial,ILIS -1 side,ILIS -1 side,P96,P96,z,-189.952,,mm,false
15,SSAT BR,fiducial,ILIS -1 side,ILIS -1 side,P97,P97,x,2510.099,,mm,false
15,SSAT BR,fiducial,ILIS -1 side,ILIS -1 side,P97,P97,y,-441.741,,mm,false
15,SSAT BR,fiducial,ILIS -1 side,ILIS -1 side,P97,P97,z,-181.408,,mm,false
15,SSAT BR,fiducial,ILIS -1 side,ILIS -1 side,P98,P98,x,2284.615,,mm,false
15,SSAT BR,fiducial,ILIS -1 side,ILIS -1 side,P98,P98,y,-401.968,,mm,false
15,SSAT BR,fiducial,ILIS -1 side,ILIS -1 side,P98,P98,z,-184.006,,mm,false
15,SSAT BR,fiducial,ILIS -1 side,ILIS -1 side,P99,P99,x,2267.62,,mm,false
15,SSAT BR,fiducial,ILIS -1 side,ILIS -1 side,P99,P99,y,-399.02,,mm,false
15,SSAT BR,fiducial,ILIS -1 side,ILIS -1 side,P99,P99,z,-424.786,,mm,false
15,SSAT BR,fiducial,ILIS -1 side,ILIS -1 side,P100,P100,x,2500.484,,mm,false
15,SSAT BR,fiducial,ILIS -1 side,ILIS -1 side,P100,P100,y,-440.099,,mm,false
15,SSAT BR,fiducial,ILIS -1 side,ILIS -1 side,P100,P100,z,-428.205,,mm,false
15,SSAT BR,fiducial,ILIS -1 side,ILIS -1 side,P101,P101,x,2713.692,,mm,false
15,SSAT BR,fiducial,ILIS -1 side,ILIS -1 side,P101,P101,y,-477.714,,mm,false
15,SSAT BR,fiducial,ILIS -1 side,ILIS -1 side,P101,P101,z,-419.393,,mm,false
15,SSAT BR,fiducial,ILIS -1 side,ILIS -1 side,P102,P102,x,2994.289,,mm,false
15,SSAT BR,fiducial,ILIS -1 side,ILIS -1 side,P102,P102,y,-527.175,,mm,false
15,SSAT BR,fiducial,ILIS -1 side,ILIS -1 side,P102,P102,z,-420.553,,mm,false
15,SSAT BR,fiducial,ILIS -1 side,ILIS -1 side,P103,P103,x,2988.399,,mm,false
15,SSAT BR,fiducial,ILIS -1 side,ILIS -1 side,P103,P103,y,-526.178,,mm,false
15,SSAT BR,fiducial,ILIS -1 side,ILIS -1 side,P103,P103,z,-567.929,,mm,false
15,SSAT BR,fiducial,ILIS -1 side,ILIS -1 side,P104,P104,x,2732.674,,mm,false
15,SSAT BR,fiducial,ILIS -1 side,ILIS -1 side,P104,P104,y,-481.079,,mm,false
15,SSAT BR,fiducial,ILIS -1 side,ILIS -1 side,P104,P104,z,-555.218,,mm,false
15,SSAT BR,fiducial,ILIS -1 side,ILIS -1 side,P105,P105,x,2517.477,,mm,false
15,SSAT BR,fiducial,ILIS -1 side,ILIS -1 side,P105,P105,y,-443.149,,mm,false
15,SSAT BR,fiducial,ILIS -1 side,ILIS -1 side,P105,P105,z,-551.214,,mm,false
15,SSAT BR,fiducial,ILIS -1 side,ILIS -1 side,P106,P106,x,2317.948,,mm,false
15,SSAT BR,fiducial,ILIS -1 side,ILIS -1 side,P106,P106,y,-407.925,,mm,false
15,SSAT BR,fiducial,ILIS -1 side,ILIS -1 side,P106,P106,z,-541.906,,mm,false
15,SSAT BR,fiducial,ILIS -1 side,ILIS -1 side,P107,P107,x,2297.386,,mm,false
15,SSAT BR,fiducial,ILIS -1 side,ILIS -1 side,P107,P107,y,-404.333,,mm,false
15,SSAT BR,fiducial,ILIS -1 side,ILIS -1 side,P107,P107,z,-819.463,,mm,false
15,SSAT BR,fiducial,ILIS -1 side,ILIS -1 side,P108,P108,x,2297.637,,mm,false
15,SSAT BR,fiducial,ILIS -1 side,ILIS -1 side,P108,P108,y,-404.371,,mm,false
15,SSAT BR,fiducial,ILIS -1 side,ILIS -1 side,P108,P108,z,-820.749,,mm,false
15,SSAT BR,fiducial,ILIS -1 side,ILIS -1 side,P109,P109,x,2515.825,,mm,false
15,SSAT BR,fiducial,ILIS -1 side,ILIS -1 side,P109,P109,y,-442.92,,mm,false
15,SSAT BR,fiducial,ILIS -1 side,ILIS -1 side,P109,P109,z,-831.836,,mm,false
15,SSAT BR,fiducial,ILIS -1 side,ILIS -1 side,P110,P110,x,2738.756,,mm,false
15,SSAT BR,fiducial,ILIS -1 side,ILIS -1 side,P110,P110,y,-482.241,,mm,false
15,SSAT BR,fiducial,ILIS -1 side,ILIS -1 side,P110,P110,z,-838.729,,mm,false
15,SSAT BR,fiducial,ILIS -1 side,ILIS -1 side,P111,P111,x,3002.723,,mm,false
15,SSAT BR,fiducial,ILIS -1 side,ILIS -1 side,P111,P111,y,-528.775,,mm,false
15,SSAT BR,fiducial,ILIS -1 side,ILIS -1 side,P111,P111,z,-840.846,,mm,false
15,SSAT BR,fiducial,ILIS -1 side,ILIS -1 side,P112,P112,x,3010.82,,mm,false
15,SSAT BR,fiducial,ILIS -1 side,ILIS -1 side,P112,P112,y,-530.252,,mm,false
15,SSAT BR,fiducial,ILIS -1 side,ILIS -1 side,P112,P112,z,-1119.449,,mm,false
15,SSAT BR,fiducial,ILIS -1 side,ILIS -1 side,P113,P113,x,2766.944,,mm,false
15,SSAT BR,fiducial,ILIS -1 side,ILIS -1 side,P113,P113,y,-487.275,,mm,false
15,SSAT BR,fiducial,ILIS -1 side,ILIS -1 side,P113,P113,z,-1142.424,,mm,false
15,SSAT BR,fiducial,ILIS -1 side,ILIS -1 side,P114,P114,x,2476.38,,mm,false
15,SSAT BR,fiducial,ILIS -1 side,ILIS -1 side,P114,P114,y,-435.989,,mm,false
15,SSAT BR,fiducial,ILIS -1 side,ILIS -1 side,P114,P114,z,-1173.004,,mm,false
15,SSAT BR,fiducial,ILIS -1 side,ILIS -1 side,P115,P115,x,2257.27,,mm,false
15,SSAT BR,fiducial,ILIS -1 side,ILIS -1 side,P115,P115,y,-397.317,,mm,false
15,SSAT BR,fiducial,ILIS -1 side,ILIS -1 side,P115,P115,z,-1179.658,,mm,false
15,SSAT BR,fiducial,ILIS -1 side,ILIS -1 side,P116,P116,x,2235.169,,mm,false
15,SSAT BR,fiducial,ILIS -1 side,ILIS -1 side,P116,P116,y,-393.457,,mm,false
15,SSAT BR,fiducial,ILIS -1 side,ILIS -1 side,P116,P116,z,-1438.2,,mm,false
15,SSAT BR,fiducial,ILIS -1 side,ILIS -1 side,P117,P117,x,2508.638,,mm,false
15,SSAT BR,fiducial,ILIS -1 side,ILIS -1 side,P117,P117,y,-441.776,,mm,false
15,SSAT BR,fiducial,ILIS -1 side,ILIS -1 side,P117,P117,z,-1413.134,,mm,false
15,SSAT BR,fiducial,ILIS -1 side,ILIS -1 side,P118,P118,x,2744.249,,mm,false
15,SSAT BR,fiducial,ILIS -1 side,ILIS -1 side,P118,P118,y,-483.314,,mm,false
15,SSAT BR,fiducial,ILIS -1 side,ILIS -1 side,P118,P118,z,-1422.193,,mm,false
15,SSAT BR,fiducial,ILIS -1 side,ILIS -1 side,P119,P119,x,3008.896,,mm,false
15,SSAT BR,fiducial,ILIS -1 side,ILIS -1 side,P119,P119,y,-530.009,,mm,false
15,SSAT BR,fiducial,ILIS -1 side,ILIS -1 side,P119,P119,z,-1432.037,,mm,false
15,SSAT BR,fiducial,ILIS -1 side,ILIS -1 side,P120,P120,x,3008.262,,mm,false
15,SSAT BR,fiducial,ILIS -1 side,ILIS -1 side,P120,P120,y,-529.89,,mm,false
15,SSAT BR,fiducial,ILIS -1 side,ILIS -1 side,P120,P120,z,-1570.722,,mm,false
15,SSAT BR,fiducial,ILIS -1 side,ILIS -1 side,P121,P121,x,2750.933,,mm,false
15,SSAT BR,fiducial,ILIS -1 side,ILIS -1 side,P121,P121,y,-484.468,,mm,false
15,SSAT BR,fiducial,ILIS -1 side,ILIS -1 side,P121,P121,z,-1570.24,,mm,false
15,SSAT BR,fiducial,ILIS -1 side,ILIS -1 side,P122,P122,x,2501.962,,mm,false
15,SSAT BR,fiducial,ILIS -1 side,ILIS -1 side,P122,P122,y,-440.554,,mm,false
15,SSAT BR,fiducial,ILIS -1 side,ILIS -1 side,P122,P122,z,-1554.019,,mm,false
15,SSAT BR,fiducial,ILIS -1 side,ILIS -1 side,P123,P123,x,2502.49,,mm,false
15,SSAT BR,fiducial,ILIS -1 side,ILIS -1 side,P123,P123,y,-440.594,,mm,false
15,SSAT BR,fiducial,ILIS -1 side,ILIS -1 side,P123,P123,z,-1554.624,,mm,false
15,SSAT BR,fiducial,ILIS -1 side,ILIS -1 side,P124,P124,x,2275.263,,mm,false
15,SSAT BR,fiducial,ILIS -1 side,ILIS -1 side,P124,P124,y,-400.597,,mm,false
15,SSAT BR,fiducial,ILIS -1 side,ILIS -1 side,P124,P124,z,-1547.735,,mm,false
15,SSAT BR,fiducial,ILIS -1 side,ILIS -1 side,P125,P125,x,2275.964,,mm,false
15,SSAT BR,fiducial,ILIS -1 side,ILIS -1 side,P125,P125,y,-400.733,,mm,false
15,SSAT BR,fiducial,ILIS -1 side,ILIS -1 side,P125,P125,z,-1547.811,,mm,false
15,SSAT BR,fiducial,ILIS -1 side,ILIS -1 side,P126,P126,x,2293.511,,mm,false
15,SSAT BR,fiducial,ILIS -1 side,ILIS -1 side,P126,P126,y,-403.798,,mm,false
15,SSAT BR,fiducial,ILIS -1 side,ILIS -1 side,P126,P126,z,-1815.038,,mm,false
15,SSAT BR,fiducial,ILIS -1 side,ILIS -1 side,P127,P127,x,2482.908,,mm,false
15,SSAT BR,fiducial,ILIS -1 side,ILIS -1 side,P127,P127,y,-437.216,,mm,false
15,SSAT BR,fiducial,ILIS -1 side,ILIS -1 side,P127,P127,z,-1808.51,,mm,false
15,SSAT BR,fiducial,ILIS -1 side,ILIS -1 side,P128,P128,x,2748.773,,mm,false
15,SSAT BR,fiducial,ILIS -1 side,ILIS -1 side,P128,P128,y,-484.13,,mm,false
15,SSAT BR,fiducial,ILIS -1 side,ILIS -1 side,P128,P128,z,-1811.364,,mm,false
15,SSAT BR,fiducial,ILIS -1 side,ILIS -1 side,P129,P129,x,2986.488,,mm,false
15,SSAT BR,fiducial,ILIS -1 side,ILIS -1 side,P129,P129,y,-526.048,,mm,false
15,SSAT BR,fiducial,ILIS -1 side,ILIS -1 side,P129,P129,z,-1814.007,,mm,false
15,SSAT BR,fiducial,ILIS -1 side,ILIS -1 side,P130,P130,x,3007.307,,mm,false
15,SSAT BR,fiducial,ILIS -1 side,ILIS -1 side,P130,P130,y,-529.756,,mm,false
15,SSAT BR,fiducial,ILIS -1 side,ILIS -1 side,P130,P130,z,-1861.686,,mm,false
15,SSAT BR,fiducial,ILIS -1 side,ILIS -1 side,P131,P131,x,2758.628,,mm,false
15,SSAT BR,fiducial,ILIS -1 side,ILIS -1 side,P131,P131,y,-485.855,,mm,false
15,SSAT BR,fiducial,ILIS -1 side,ILIS -1 side,P131,P131,z,-1858.534,,mm,false
15,SSAT BR,fiducial,ILIS -1 side,ILIS -1 side,P132,P132,x,2282.146,,mm,false
15,SSAT BR,fiducial,ILIS -1 side,ILIS -1 side,P132,P132,y,-401.792,,mm,false
15,SSAT BR,fiducial,ILIS -1 side,ILIS -1 side,P132,P132,z,-1864.471,,mm,false
15,SSAT BR,fiducial,ILIS -1 side,ILIS -1 side,P133,P133,x,2273.351,,mm,false
15,SSAT BR,fiducial,ILIS -1 side,ILIS -1 side,P133,P133,y,-400.277,,mm,false
15,SSAT BR,fiducial,ILIS -1 side,ILIS -1 side,P133,P133,z,-2161.184,,mm,false
15,SSAT BR,fiducial,ILIS -1 side,ILIS -1 side,P134,P134,x,2521.74,,mm,false
15,SSAT BR,fiducial,ILIS -1 side,ILIS -1 side,P134,P134,y,-444.121,,mm,false
15,SSAT BR,fiducial,ILIS -1 side,ILIS -1 side,P134,P134,z,-2148.229,,mm,false
15,SSAT BR,fiducial,ILIS -1 side,ILIS -1 side,P135,P135,x,2774.284,,mm,false
15,SSAT BR,fiducial,ILIS -1 side,ILIS -1 side,P135,P135,y,-488.658,,mm,false
15,SSAT BR,fiducial,ILIS -1 side,ILIS -1 side,P135,P135,z,-2129.114,,mm,false
15,SSAT BR,fiducial,ILIS -1 side,ILIS -1 side,P136,P136,x,3010.165,,mm,false
15,SSAT BR,fiducial,ILIS -1 side,ILIS -1 side,P136,P136,y,-530.282,,mm,false
15,SSAT BR,fiducial,ILIS -1 side,ILIS -1 side,P136,P136,z,-2115.485,,mm,false
15,SSAT BR,fiducial,ILIS -1 side,ILIS -1 side,P137,P137,x,2962.626,,mm,false
15,SSAT BR,fiducial,ILIS -1 side,ILIS -1 side,P137,P137,y,-521.941,,mm,false
15,SSAT BR,fiducial,ILIS -1 side,ILIS -1 side,P137,P137,z,-2376.65,,mm,false
15,SSAT BR,fiducial,ILIS -1 side,ILIS -1 side,P138,P138,x,2719.778,,mm,false
15,SSAT BR,fiducial,ILIS -1 side,ILIS -1 side,P138,P138,y,-479.084,,mm,false
15,SSAT BR,fiducial,ILIS -1 side,ILIS -1 side,P138,P138,z,-2385.495,,mm,false
15,SSAT BR,fiducial,ILIS -1 side,ILIS -1 side,P139,P139,x,2498.394,,mm,false
15,SSAT BR,fiducial,ILIS -1 side,ILIS -1 side,P139,P139,y,-440.02,,mm,false
15,SSAT BR,fiducial,ILIS -1 side,ILIS -1 side,P139,P139,z,-2388.34,,mm,false
15,SSAT BR,fiducial,ILIS -1 side,ILIS -1 side,P140,P140,x,2210.342,,mm,false
15,SSAT BR,fiducial,ILIS -1 side,ILIS -1 side,P140,P140,y,-389.248,,mm,false
15,SSAT BR,fiducial,ILIS -1 side,ILIS -1 side,P140,P140,z,-2398.832,,mm,false
15,SSAT BR,fiducial,ILIS -1 side,ILIS -1 side,P141,P141,x,2971.479,,mm,false
15,SSAT BR,fiducial,ILIS -1 side,ILIS -1 side,P141,P141,y,-523.61,,mm,false
15,SSAT BR,fiducial,ILIS -1 side,ILIS -1 side,P141,P141,z,-2559.264,,mm,false
15,SSAT BR,fiducial,ILIS -1 side,ILIS -1 side,P142,P142,x,2701.816,,mm,false
15,SSAT BR,fiducial,ILIS -1 side,ILIS -1 side,P142,P142,y,-476.013,,mm,false
15,SSAT BR,fiducial,ILIS -1 side,ILIS -1 side,P142,P142,z,-2546.307,,mm,false
15,SSAT BR,fiducial,ILIS -1 side,ILIS -1 side,P143,P143,x,2473.327,,mm,false
15,SSAT BR,fiducial,ILIS -1 side,ILIS -1 side,P143,P143,y,-435.688,,mm,false
15,SSAT BR,fiducial,ILIS -1 side,ILIS -1 side,P143,P143,z,-2553.88,,mm,false
15,SSAT BR,fiducial,ILIS -1 side,ILIS -1 side,P144,P144,x,2268.729,,mm,false
15,SSAT BR,fiducial,ILIS -1 side,ILIS -1 side,P144,P144,y,-399.571,,mm,false
15,SSAT BR,fiducial,ILIS -1 side,ILIS -1 side,P144,P144,z,-2582.284,,mm,false
15,SSAT BR,fiducial,ILIS -1 side,ILIS -1 side,P145,P145,x,2281.011,,mm,false
15,SSAT BR,fiducial,ILIS -1 side,ILIS -1 side,P145,P145,y,-401.674,,mm,false
15,SSAT BR,fiducial,ILIS -1 side,ILIS -1 side,P145,P145,z,-2590.034,,mm,false
15,SSAT BR,fiducial,ILIS -1 side,ILIS -1 side,P146,P146,x,2938.222,,mm,false
15,SSAT BR,fiducial,ILIS -1 side,ILIS -1 side,P146,P146,y,-517.682,,mm,false
15,SSAT BR,fiducial,ILIS -1 side,ILIS -1 side,P146,P146,z,-2822.369,,mm,false
15,SSAT BR,fiducial,ILIS -1 side,ILIS -1 side,P147,P147,x,2718.854,,mm,false
15,SSAT BR,fiducial,ILIS -1 side,ILIS -1 side,P147,P147,y,-478.988,,mm,false
15,SSAT BR,fiducial,ILIS -1 side,ILIS -1 side,P147,P147,z,-2817.365,,mm,false
15,SSAT BR,fiducial,ILIS -1 side,ILIS -1 side,P148,P148,x,2494.984,,mm,false
15,SSAT BR,fiducial,ILIS -1 side,ILIS -1 side,P148,P148,y,-439.5,,mm,false
15,SSAT BR,fiducial,ILIS -1 side,ILIS -1 side,P148,P148,z,-2835.57,,mm,false
15,SSAT BR,fiducial,ILIS -1 side,ILIS -1 side,P149,P149,x,2262.301,,mm,false
15,SSAT BR,fiducial,ILIS -1 side,ILIS -1 side,P149,P149,y,-398.442,,mm,false
15,SSAT BR,fiducial,ILIS -1 side,ILIS -1 side,P149,P149,z,-2867.888,,mm,false
15,SSAT BR,fiducial,ILIS -1 side,ILIS -1 side,P150,P150,x,2988.011,,mm,false
15,SSAT BR,fiducial,ILIS -1 side,ILIS -1 side,P150,P150,y,-526.508,,mm,false
15,SSAT BR,fiducial,ILIS -1 side,ILIS -1 side,P150,P150,z,-3079.04,,mm,false
15,SSAT BR,fiducial,ILIS -1 side,ILIS -1 side,P151,P151,x,2740.66,,mm,false
15,SSAT BR,fiducial,ILIS -1 side,ILIS -1 side,P151,P151,y,-482.858,,mm,false
15,SSAT BR,fiducial,ILIS -1 side,ILIS -1 side,P151,P151,z,-3086.587,,mm,false
15,SSAT BR,fiducial,ILIS -1 side,ILIS -1 side,P152,P152,x,2498.59,,mm,false
15,SSAT BR,fiducial,ILIS -1 side,ILIS -1 side,P152,P152,y,-440.16,,mm,false
15,SSAT BR,fiducial,ILIS -1 side,ILIS -1 side,P152,P152,z,-3086.459,,mm,false
15,SSAT BR,fiducial,ILIS -1 side,ILIS -1 side,P153,P153,x,2239.257,,mm,false
15,SSAT BR,fiducial,ILIS -1 side,ILIS -1 side,P153,P153,y,-394.426,,mm,false
15,SSAT BR,fiducial,ILIS -1 side,ILIS -1 side,P153,P153,z,-3070.633,,mm,false
15,SSAT BR,fiducial,ILIS -1 side,ILIS -1 side,P154,P154,x,2492.978,,mm,false
15,SSAT BR,fiducial,ILIS -1 side,ILIS -1 side,P154,P154,y,-439.22,,mm,false
15,SSAT BR,fiducial,ILIS -1 side,ILIS -1 side,P154,P154,z,-3428.68,,mm,false
15,SSAT BR,fiducial,ILIS -1 side,ILIS -1 side,P155,P155,x,2237.214,,mm,false
15,SSAT BR,fiducial,ILIS -1 side,ILIS -1 side,P155,P155,y,-394.132,,mm,false
15,SSAT BR,fiducial,ILIS -1 side,ILIS -1 side,P155,P155,z,-3444.198,,mm,false
15,SSAT BR,fiducial,ILIS -1 side,ILIS -1 side,P156,P156,x,2735.549,,mm,false
15,SSAT BR,fiducial,ILIS -1 side,ILIS -1 side,P156,P156,y,-482.039,,mm,false
15,SSAT BR,fiducial,ILIS -1 side,ILIS -1 side,P156,P156,z,-3433.91,,mm,false
15,SSAT BR,fiducial,ILIS -1 side,ILIS -1 side,P157,P157,x,2955.773,,mm,false
15,SSAT BR,fiducial,ILIS -1 side,ILIS -1 side,P157,P157,y,-520.888,,mm,false
15,SSAT BR,fiducial,ILIS -1 side,ILIS -1 side,P157,P157,z,-3447.138,,mm,false
15,SSAT BR,fiducial,ILIS -1 side,ILIS -1 side,P158,P158,x,2959.376,,mm,false
15,SSAT BR,fiducial,ILIS -1 side,ILIS -1 side,P158,P158,y,-521.547,,mm,false
15,SSAT BR,fiducial,ILIS -1 side,ILIS -1 side,P158,P158,z,-3560.731,,mm,false
15,SSAT BR,fiducial,ILIS -1 side,ILIS -1 side,P159,P159,x,2803.68,,mm,false
15,SSAT BR,fiducial,ILIS -1 side,ILIS -1 side,P159,P159,y,-494.048,,mm,false
15,SSAT BR,fiducial,ILIS -1 side,ILIS -1 side,P159,P159,z,-3566.997,,mm,false
15,SSAT BR,fiducial,ILIS -1 side,ILIS -1 side,P160,P160,x,2651.24,,mm,false
15,SSAT BR,fiducial,ILIS -1 side,ILIS -1 side,P160,P160,y,-467.153,,mm,false
15,SSAT BR,fiducial,ILIS -1 side,ILIS -1 side,P160,P160,z,-3569.425,,mm,false
15,SSAT BR,fiducial,ILIS -1 side,ILIS -1 side,P161,P161,x,2667.054,,mm,false
15,SSAT BR,fiducial,ILIS -1 side,ILIS -1 side,P161,P161,y,-469.993,,mm,false
15,SSAT BR,fiducial,ILIS -1 side,ILIS -1 side,P161,P161,z,-3758.696,,mm,false
15,SSAT BR,fiducial,ILIS -1 side,ILIS -1 side,P162,P162,x,2825.41,,mm,false
15,SSAT BR,fiducial,ILIS -1 side,ILIS -1 side,P162,P162,y,-497.928,,mm,false
15,SSAT BR,fiducial,ILIS -1 side,ILIS -1 side,P162,P162,z,-3764.781,,mm,false
15,SSAT BR,fiducial,ILIS -1 side,ILIS -1 side,P163,P163,x,2984.681,,mm,false
15,SSAT BR,fiducial,ILIS -1 side,ILIS -1 side,P163,P163,y,-525.991,,mm,false
15,SSAT BR,fiducial,ILIS -1 side,ILIS -1 side,P163,P163,z,-3745.812,,mm,false
15,SSAT BR,fiducial,ILIS -1 side,ILIS -1 side,P164,P164,x,2968.827,,mm,false
15,SSAT BR,fiducial,ILIS -1 side,ILIS -1 side,P164,P164,y,-523.239,,mm,false
15,SSAT BR,fiducial,ILIS -1 side,ILIS -1 side,P164,P164,z,-3947.659,,mm,false
15,SSAT BR,fiducial,ILIS -1 side,ILIS -1 side,P165,P165,x,2842.341,,mm,false
15,SSAT BR,fiducial,ILIS -1 side,ILIS -1 side,P165,P165,y,-500.954,,mm,false
15,SSAT BR,fiducial,ILIS -1 side,ILIS -1 side,P165,P165,z,-3936.082,,mm,false
15,SSAT BR,fiducial,ILIS -1 side,ILIS -1 side,P166,P166,x,2637.353,,mm,false
15,SSAT BR,fiducial,ILIS -1 side,ILIS -1 side,P166,P166,y,-464.811,,mm,false
15,SSAT BR,fiducial,ILIS -1 side,ILIS -1 side,P166,P166,z,-3916.805,,mm,false
15,SSAT BR,fiducial,ILIS -1 side,ILIS -1 side,P167,P167,x,2523.592,,mm,false
15,SSAT BR,fiducial,ILIS -1 side,ILIS -1 side,P167,P167,y,-444.686,,mm,false
15,SSAT BR,fiducial,ILIS -1 side,ILIS -1 side,P167,P167,z,-3539.272,,mm,false
15,SSAT BR,fiducial,ILIS -1 side,ILIS -1 side,P168,P168,x,2394.894,,mm,false
15,SSAT BR,fiducial,ILIS -1 side,ILIS -1 side,P168,P168,y,-421.969,,mm,false
15,SSAT BR,fiducial,ILIS -1 side,ILIS -1 side,P168,P168,z,-3564.08,,mm,false
15,SSAT BR,fiducial,ILIS -1 side,ILIS -1 side,P169,P169,x,2394.77,,mm,false
15,SSAT BR,fiducial,ILIS -1 side,ILIS -1 side,P169,P169,y,-421.955,,mm,false
15,SSAT BR,fiducial,ILIS -1 side,ILIS -1 side,P169,P169,z,-3564.783,,mm,false
15,SSAT BR,fiducial,ILIS -1 side,ILIS -1 side,P170,P170,x,2199.216,,mm,false
15,SSAT BR,fiducial,ILIS -1 side,ILIS -1 side,P170,P170,y,-387.445,,mm,false
15,SSAT BR,fiducial,ILIS -1 side,ILIS -1 side,P170,P170,z,-3564.459,,mm,false
15,SSAT BR,fiducial,ILIS -1 side,ILIS -1 side,P171,P171,x,2198.96,,mm,false
15,SSAT BR,fiducial,ILIS -1 side,ILIS -1 side,P171,P171,y,-387.386,,mm,false
15,SSAT BR,fiducial,ILIS -1 side,ILIS -1 side,P171,P171,z,-3738.052,,mm,false
15,SSAT BR,fiducial,ILIS -1 side,ILIS -1 side,P172,P172,x,2391.348,,mm,false
15,SSAT BR,fiducial,ILIS -1 side,ILIS -1 side,P172,P172,y,-421.322,,mm,false
15,SSAT BR,fiducial,ILIS -1 side,ILIS -1 side,P172,P172,z,-3720.438,,mm,false
15,SSAT BR,fiducial,ILIS -1 side,ILIS -1 side,P173,P173,x,2560.02,,mm,false
15,SSAT BR,fiducial,ILIS -1 side,ILIS -1 side,P173,P173,y,-451.096,,mm,false
15,SSAT BR,fiducial,ILIS -1 side,ILIS -1 side,P173,P173,z,-3718.608,,mm,false
15,SSAT BR,fiducial,ILIS -1 side,ILIS -1 side,P174,P174,x,2549.631,,mm,false
15,SSAT BR,fiducial,ILIS -1 side,ILIS -1 side,P174,P174,y,-449.318,,mm,false
15,SSAT BR,fiducial,ILIS -1 side,ILIS -1 side,P174,P174,z,-3916.246,,mm,false
15,SSAT BR,fiducial,ILIS -1 side,ILIS -1 side,P175,P175,x,2406.304,,mm,false
15,SSAT BR,fiducial,ILIS -1 side,ILIS -1 side,P175,P175,y,-423.965,,mm,false
15,SSAT BR,fiducial,ILIS -1 side,ILIS -1 side,P175,P175,z,-3896.422,,mm,false
15,SSAT BR,fiducial,ILIS -1 side,ILIS -1 side,P176,P176,x,2210.277,,mm,false
15,SSAT BR,fiducial,ILIS -1 side,ILIS -1 side,P176,P176,y,-389.396,,mm,false
15,SSAT BR,fiducial,ILIS -1 side,ILIS -1 side,P176,P176,z,-3911.698,,mm,false
15,SSAT BR,fiducial,ILIS -1 side,ILIS -1 side,P177,P177,x,2963.971,,mm,false
15,SSAT BR,fiducial,ILIS -1 side,ILIS -1 side,P177,P177,y,-522.38,,mm,false
15,SSAT BR,fiducial,ILIS -1 side,ILIS -1 side,P177,P177,z,-4024.467,,mm,false
15,SSAT BR,fiducial,ILIS -1 side,ILIS -1 side,P178,P178,x,2783.43,,mm,false
15,SSAT BR,fiducial,ILIS -1 side,ILIS -1 side,P178,P178,y,-490.581,,mm,false
15,SSAT BR,fiducial,ILIS -1 side,ILIS -1 side,P178,P178,z,-4027.679,,mm,false
15,SSAT BR,fiducial,ILIS -1 side,ILIS -1 side,P179,P179,x,2618.824,,mm,false
15,SSAT BR,fiducial,ILIS -1 side,ILIS -1 side,P179,P179,y,-461.568,,mm,false
15,SSAT BR,fiducial,ILIS -1 side,ILIS -1 side,P179,P179,z,-4030.185,,mm,false
15,SSAT BR,fiducial,ILIS -1 side,ILIS -1 side,P180,P180,x,2622.564,,mm,false
15,SSAT BR,fiducial,ILIS -1 side,ILIS -1 side,P180,P180,y,-462.285,,mm,false
15,SSAT BR,fiducial,ILIS -1 side,ILIS -1 side,P180,P180,z,-4191.519,,mm,false
15,SSAT BR,fiducial,ILIS -1 side,ILIS -1 side,P181,P181,x,2786.703,,mm,false
15,SSAT BR,fiducial,ILIS -1 side,ILIS -1 side,P181,P181,y,-491.233,,mm,false
15,SSAT BR,fiducial,ILIS -1 side,ILIS -1 side,P181,P181,z,-4194.675,,mm,false
15,SSAT BR,fiducial,ILIS -1 side,ILIS -1 side,P182,P182,x,2999.006,,mm,false
15,SSAT BR,fiducial,ILIS -1 side,ILIS -1 side,P182,P182,y,-528.608,,mm,false
15,SSAT BR,fiducial,ILIS -1 side,ILIS -1 side,P182,P182,z,-4189.956,,mm,false
15,SSAT BR,fiducial,ILIS -1 side,ILIS -1 side,P183,P183,x,2961.673,,mm,false
15,SSAT BR,fiducial,ILIS -1 side,ILIS -1 side,P183,P183,y,-522.111,,mm,false
15,SSAT BR,fiducial,ILIS -1 side,ILIS -1 side,P183,P183,z,-4395.921,,mm,false
15,SSAT BR,fiducial,ILIS -1 side,ILIS -1 side,P184,P184,x,2792.527,,mm,false
15,SSAT BR,fiducial,ILIS -1 side,ILIS -1 side,P184,P184,y,-492.251,,mm,false
15,SSAT BR,fiducial,ILIS -1 side,ILIS -1 side,P184,P184,z,-4401.177,,mm,false
15,SSAT BR,fiducial,ILIS -1 side,ILIS -1 side,P185,P185,x,2629.869,,mm,false
15,SSAT BR,fiducial,ILIS -1 side,ILIS -1 side,P185,P185,y,-463.534,,mm,false
15,SSAT BR,fiducial,ILIS -1 side,ILIS -1 side,P185,P185,z,-4405.904,,mm,false
15,SSAT BR,fiducial,ILIS -1 side,ILIS -1 side,P186,P186,x,2525.476,,mm,false
15,SSAT BR,fiducial,ILIS -1 side,ILIS -1 side,P186,P186,y,-445.077,,mm,false
15,SSAT BR,fiducial,ILIS -1 side,ILIS -1 side,P186,P186,z,-4018.977,,mm,false
15,SSAT BR,fiducial,ILIS -1 side,ILIS -1 side,P187,P187,x,2374.059,,mm,false
15,SSAT BR,fiducial,ILIS -1 side,ILIS -1 side,P187,P187,y,-418.353,,mm,false
15,SSAT BR,fiducial,ILIS -1 side,ILIS -1 side,P187,P187,z,-4022.589,,mm,false
15,SSAT BR,fiducial,ILIS -1 side,ILIS -1 side,P188,P188,x,2189.369,,mm,false
15,SSAT BR,fiducial,ILIS -1 side,ILIS -1 side,P188,P188,y,-385.708,,mm,false
15,SSAT BR,fiducial,ILIS -1 side,ILIS -1 side,P188,P188,z,-4022.593,,mm,false
15,SSAT BR,fiducial,ILIS -1 side,ILIS -1 side,P189,P189,x,2205.89,,mm,false
15,SSAT BR,fiducial,ILIS -1 side,ILIS -1 side,P189,P189,y,-388.667,,mm,false
15,SSAT BR,fiducial,ILIS -1 side,ILIS -1 side,P189,P189,z,-4236.12,,mm,false
15,SSAT BR,fiducial,ILIS -1 side,ILIS -1 side,P190,P190,x,2405.575,,mm,false
15,SSAT BR,fiducial,ILIS -1 side,ILIS -1 side,P190,P190,y,-423.916,,mm,false
15,SSAT BR,fiducial,ILIS -1 side,ILIS -1 side,P190,P190,z,-4222.11,,mm,false
15,SSAT BR,fiducial,ILIS -1 side,ILIS -1 side,P191,P191,x,2567.953,,mm,false
15,SSAT BR,fiducial,ILIS -1 side,ILIS -1 side,P191,P191,y,-452.579,,mm,false
15,SSAT BR,fiducial,ILIS -1 side,ILIS -1 side,P191,P191,z,-4211.987,,mm,false
15,SSAT BR,fiducial,ILIS -1 side,ILIS -1 side,P192,P192,x,2535.062,,mm,false
15,SSAT BR,fiducial,ILIS -1 side,ILIS -1 side,P192,P192,y,-446.806,,mm,false
15,SSAT BR,fiducial,ILIS -1 side,ILIS -1 side,P192,P192,z,-4401.959,,mm,false
15,SSAT BR,fiducial,ILIS -1 side,ILIS -1 side,P193,P193,x,2419.554,,mm,false
15,SSAT BR,fiducial,ILIS -1 side,ILIS -1 side,P193,P193,y,-426.409,,mm,false
15,SSAT BR,fiducial,ILIS -1 side,ILIS -1 side,P193,P193,z,-4410.844,,mm,false
15,SSAT BR,fiducial,ILIS -1 side,ILIS -1 side,P194,P194,x,2419.743,,mm,false
15,SSAT BR,fiducial,ILIS -1 side,ILIS -1 side,P194,P194,y,-426.447,,mm,false
15,SSAT BR,fiducial,ILIS -1 side,ILIS -1 side,P194,P194,z,-4411.194,,mm,false
15,SSAT BR,fiducial,ILIS -1 side,ILIS -1 side,P195,P195,x,2282.678,,mm,false
15,SSAT BR,fiducial,ILIS -1 side,ILIS -1 side,P195,P195,y,-402.267,,mm,false
15,SSAT BR,fiducial,ILIS -1 side,ILIS -1 side,P195,P195,z,-4419.032,,mm,false
14,SSAT target,transform,,,,,dx,0.2227674013004332,,mm,false
14,SSAT target,transform,,,,,dy,0.8979200868510099,,mm,false
14,SSAT target,transform,,,,,dz,-0.3167060446637198,,mm,false
14,SSAT target,transform,,,,,rx,0.00125705476333424,,deg,false
14,SSAT target,transform,,,,,ry,-0.002037554683975356,,deg,false
14,SSAT target,transform,,,,,rz,-0.003327277709927845,,deg,false
14,SSAT target,fiducial,CCL,CCL,A,A,x,2712.766594321744,0.4998837556488951,mm,false
14,SSAT target,fiducial,CCL,CCL,A,A,y,0.8186224924480289,0.4998837556488951,mm,false
14,SSAT target,fiducial,CCL,CCL,A,A,z,-3700.040139347904,0.4998837556488951,mm,false
14,SSAT target,fiducial,CCL,CCL,B,B,x,2712.770986350652,0.5515896281678353,mm,false
14,SSAT target,fiducial,CCL,CCL,B,B,y,1.041628798538759,0.5515896281678353,mm,false
14,SSAT target,fiducial,CCL,CCL,B,B,z,3700.059858514238,0.5515896281678353,mm,false
14,SSAT target,fiducial,CCL,CCL,C,C,x,5334.343500112418,0.3755076248211661,mm,false
14,SSAT target,fiducial,CCL,CCL,C,C,y,0.5596050283709516,0.3755076248211661,mm,false
14,SSAT target,fiducial,CCL,CCL,C,C,z,6297.376024543115,0.3755076248211661,mm,false
14,SSAT target,fiducial,CCL,CCL,D,D,x,8978.184285593301,0.597434241250216,mm,false
14,SSAT target,fiducial,CCL,CCL,D,D,y,0.7540428708326729,0.597434241250216,mm,false
14,SSAT target,fiducial,CCL,CCL,D,D,z,4436.17216770758,0.597434241250216,mm,false
14,SSAT target,fiducial,CCL,CCL,E,E,x,9585.560200633452,0.6119177737989662,mm,false
14,SSAT target,fiducial,CCL,CCL,E,E,y,0.5448761642818204,0.6119177737989662,mm,false
14,SSAT target,fiducial,CCL,CCL,E,E,z,-3694.433563770931,0.6119177737989662,mm,false
14,SSAT target,fiducial,CCL,CCL,F,F',x,4284.230253703623,0.3757886521196288,mm,false
14,SSAT target,fiducial,CCL,CCL,F,F',y,1.568739547631684,0.3757886521196288,mm,false
14,SSAT target,fiducial,CCL,CCL,F,F',z,-6134.142444131267,0.3757886521196288,mm,false
14,SSAT target,fiducial,CCL,CCL,G,G,x,10730.053845155,0.5984088682286349,mm,false
14,SSAT target,fiducial,CCL,CCL,G,G,y,-0.1814129072475033,0.5984088682286349,mm,false
14,SSAT target,fiducial,CCL,CCL,G,G,z,-0.1206023148327358,0.5984088682286349,mm,false
14,SSAT target,fiducial,CCL,CCL,H,H,x,2713.363873354997,0.3690805182234899,mm,false
14,SSAT target,fiducial,CCL,CCL,H,H,y,-0.3348144303066563,0.3690805182234899,mm,false
14,SSAT target,fiducial,CCL,CCL,H,H,z,-0.03010559494996917,0.3690805182234899,mm,false
14,SSAT target,fiducial,Fiducial,Fiducial,B2-AU,B2-AU,x,2709.220288259527,,mm,false
14,SSAT target,fiducial,Fiducial,Fiducial,B2-AU,B2-AU,y,518.7087690312457,,mm,false
14,SSAT target,fiducial,Fiducial,Fiducial,B2-AU,B2-AU,z,3700.061022943297,,mm,false
14,SSAT target,fiducial,Fiducial,Fiducial,H2-AU,H2-AU,x,2707.411935158344,,mm,false
14,SSAT target,fiducial,Fiducial,Fiducial,H2-AU,H2-AU,y,519.7600655463812,,mm,false
14,SSAT target,fiducial,Fiducial,Fiducial,H2-AU,H2-AU,z,-0.2490215306378296,,mm,false
14,SSAT target,fiducial,Fiducial,Fiducial,A2-AU,A2-AU,x,2709.48345568585,,mm,false
14,SSAT target,fiducial,Fiducial,Fiducial,A2-AU,A2-AU,y,518.8311297224161,,mm,false
14,SSAT target,fiducial,Fiducial,Fiducial,A2-AU,A2-AU,z,-3700.238971473872,,mm,false
14,SSAT target,fiducial,Fiducial,Fiducial,AU_CP_26,AU_CP_26,x,2163.672450870054,,mm,false
14,SSAT target,fiducial,Fiducial,Fiducial,AU_CP_26,AU_CP_26,y,1.779455793329309,,mm,false
14,SSAT target,fiducial,Fiducial,Fiducial,AU_CP_26,AU_CP_26,z,4201.080281290762,,mm,false
14,SSAT target,fiducial,Fiducial,Fiducial,AU_CP_22,AU_CP_22,x,2163.130455463701,,mm,false
14,SSAT target,fiducial,Fiducial,Fiducial,AU_CP_22,AU_CP_22,y,-2.019905509270337,,mm,false
14,SSAT target,fiducial,Fiducial,Fiducial,AU_CP_22,AU_CP_22,z,1438.900176247888,,mm,false
14,SSAT target,fiducial,Fiducial,Fiducial,AU_CP_11,AU_CP_11,x,2163.451718496586,,mm,false
14,SSAT target,fiducial,Fiducial,Fiducial,AU_CP_11,AU_CP_11,y,5.593986948995274,,mm,false
14,SSAT target,fiducial,Fiducial,Fiducial,AU_CP_11,AU_CP_11,z,-4208.359650210577,,mm,false
14,SSAT target,fiducial,Fiducial,Fiducial,AU_CP_6,AU_CP_6,x,4040.325753423044,,mm,false
14,SSAT target,fiducial,Fiducial,Fiducial,AU_CP_6,AU_CP_6,y,734.1269086984428,,mm,false
14,SSAT target,fiducial,Fiducial,Fiducial,AU_CP_6,AU_CP_6,z,-5662.846922188606,,mm,false
14,SSAT target,fiducial,Fiducial,Fiducial,AU_CP_19,AU_CP_19,x,2163.043306653269,,mm,false
14,SSAT target,fiducial,Fiducial,Fiducial,AU_CP_19,AU_CP_19,y,0.06114607773353212,,mm,false
14,SSAT target,fiducial,Fiducial,Fiducial,AU_CP_19,AU_CP_19,z,-887.549783224565,,mm,false
14,SSAT target,fiducial,Fiducial,Fiducial,TF14_B1-AU,TF14_B1-AU,x,2145.010232388335,,mm,false
14,SSAT target,fiducial,Fiducial,Fiducial,TF14_B1-AU,TF14_B1-AU,y,0.4215598312569234,,mm,false
14,SSAT target,fiducial,Fiducial,Fiducial,TF14_B1-AU,TF14_B1-AU,z,3698.829587393884,,mm,false
14,SSAT target,fiducial,Fiducial,Fiducial,TF14_H1-AU,TF14_H1-AU,x,2144.471814542419,,mm,false
14,SSAT target,fiducial,Fiducial,Fiducial,TF14_H1-AU,TF14_H1-AU,y,1.092756267062445,,mm,false
14,SSAT target,fiducial,Fiducial,Fiducial,TF14_H1-AU,TF14_H1-AU,z,-0.2804202568167398,,mm,false
14,SSAT target,fiducial,Fiducial,Fiducial,TF14_A1-AU,TF14_A1-AU,x,2144.823415082684,,mm,false
14,SSAT target,fiducial,Fiducial,Fiducial,TF14_A1-AU,TF14_A1-AU,y,1.553919886721975,,mm,false
14,SSAT target,fiducial,Fiducial,Fiducial,TF14_A1-AU,TF14_A1-AU,z,-3700.250400865467,,mm,false
14,SSAT target,fiducial,Fiducial,Fiducial,P5-OIS,P5-OIS,x,7542.087140345128,,mm,false
14,SSAT target,fiducial,Fiducial,Fiducial,P5-OIS,P5-OIS,y,1367.818721358439,,mm,false
14,SSAT target,fiducial,Fiducial,Fiducial,P5-OIS,P5-OIS,z,-6354.018489984333,,mm,false
14,SSAT target,fiducial,Fiducial,Fiducial,P15-IOIS,P15-IOIS,x,10487.02528718969,,mm,false
14,SSAT target,fiducial,Fiducial,Fiducial,P15-IOIS,P15-IOIS,y,1881.805585654162,,mm,false
14,SSAT target,fiducial,Fiducial,Fiducial,P15-IOIS,P15-IOIS,z,-1244.212480780933,,mm,false
14,SSAT target,fiducial,Fiducial,Fiducial,G2-BU,G2-BU,x,10730.5044333365,,mm,false
14,SSAT target,fiducial,Fiducial,Fiducial,G2-BU,G2-BU,y,562.5841444680437,,mm,false
14,SSAT target,fiducial,Fiducial,Fiducial,G2-BU,G2-BU,z,-0.04276446147425972,,mm,false
14,SSAT target,fiducial,Fiducial,Fiducial,P13-IOIS,P13-IOIS,x,9298.610892538802,,mm,false
14,SSAT target,fiducial,Fiducial,Fiducial,P13-IOIS,P13-IOIS,y,1671.232199827991,,mm,false
14,SSAT target,fiducial,Fiducial,Fiducial,P13-IOIS,P13-IOIS,z,3878.380641327074,,mm,false
14,SSAT target,fiducial,Fiducial,Fiducial,P2-OIS,P2-OIS,x,7539.685251644089,,mm,false
14,SSAT target,fiducial,Fiducial,Fiducial,P2-OIS,P2-OIS,y,1367.930031127952,,mm,false
14,SSAT target,fiducial,Fiducial,Fiducial,P2-OIS,P2-OIS,z,6353.671438135599,,mm,false
14,SSAT target,fiducial,Fiducial,Fiducial,BU_CP_15,BU_CP_15,x,9611.916404697615,,mm,false
14,SSAT target,fiducial,Fiducial,Fiducial,BU_CP_15,BU_CP_15,y,52.65135769717087,,mm,false
14,SSAT target,fiducial,Fiducial,Fiducial,BU_CP_15,BU_CP_15,z,4454.666272362578,,mm,false
14,SSAT target,fiducial,Fiducial,Fiducial,D1-BU,D1-BU,x,9145.014313081143,,mm,false
14,SSAT target,fiducial,Fiducial,Fiducial,D1-BU,D1-BU,y,0.1467225008049552,,mm,false
14,SSAT target,fiducial,Fiducial,Fiducial,D1-BU,D1-BU,z,4990.128516901872,,mm,false
14,SSAT target,fiducial,Fiducial,Fiducial,TF14_G4-BU,TF14_G4-BU,x,10731.72897979426,,mm,false
14,SSAT target,fiducial,Fiducial,Fiducial,TF14_G4-BU,TF14_G4-BU,y,-564.2759372697313,,mm,false
14,SSAT target,fiducial,Fiducial,Fiducial,TF14_G4-BU,TF14_G4-BU,z,0.3425560639689103,,mm,false
14,SSAT target,fiducial,Fiducial,Fiducial,TF14_P19-IOIS,TF14_P19-IOIS,x,10485.20668712197,,mm,false
14,SSAT target,fiducial,Fiducial,Fiducial,TF14_P19-IOIS,TF14_P19-IOIS,y,-1883.134291138084,,mm,false
14,SSAT target,fiducial,Fiducial,Fiducial,TF14_P19-IOIS,TF14_P19-IOIS,z,-1245.345147273935,,mm,false
14,SSAT target,fiducial,Fiducial,Fiducial,TF14_A4-AU,TF14_A4-AU,x,2708.883102293266,,mm,false
14,SSAT target,fiducial,Fiducial,Fiducial,TF14_A4-AU,TF14_A4-AU,y,-519.7388625865922,,mm,false
14,SSAT target,fiducial,Fiducial,Fiducial,TF14_A4-AU,TF14_A4-AU,z,-3699.091778782919,,mm,false
14,SSAT target,fiducial,Fiducial,Fiducial,TF14_P11-OIS,TF14_P11-OIS,x,7538.768267897396,,mm,false
14,SSAT target,fiducial,Fiducial,Fiducial,TF14_P11-OIS,TF14_P11-OIS,y,-1367.551104779979,,mm,false
14,SSAT target,fiducial,Fiducial,Fiducial,TF14_P11-OIS,TF14_P11-OIS,z,-6353.398621324711,,mm,false
14,SSAT target,fiducial,Fiducial,Fiducial,TF14_P9-OIS,TF14_P9-OIS,x,5990.630872425228,,mm,false
14,SSAT target,fiducial,Fiducial,Fiducial,TF14_P9-OIS,TF14_P9-OIS,y,-1092.36477205295,,mm,false
14,SSAT target,fiducial,Fiducial,Fiducial,TF14_P9-OIS,TF14_P9-OIS,z,6114.632372157013,,mm,false
14,SSAT target,fiducial,Fiducial,Fiducial,TF14_H4-AU,TF14_H4-AU,x,2707.32149375063,,mm,false
14,SSAT target,fiducial,Fiducial,Fiducial,TF14_H4-AU,TF14_H4-AU,y,-520.8399379464232,,mm,false
14,SSAT target,fiducial,Fiducial,Fiducial,TF14_H4-AU,TF14_H4-AU,z,0.05814475516450912,,mm,false
14,SSAT target,fiducial,Fiducial,Fiducial,BU_CP_43,BU_CP_43,x,10690.00771465776,,mm,false
14,SSAT target,fiducial,Fiducial,Fiducial,BU_CP_43,BU_CP_43,y,-546.1787731895223,,mm,false
14,SSAT target,fiducial,Fiducial,Fiducial,BU_CP_43,BU_CP_43,z,-215.738530770728,,mm,false
14,SSAT target,fiducial,Fiducial,Fiducial,AP_BP_8,AP_BP_8,x,8885.66602202341,,mm,false
14,SSAT target,fiducial,Fiducial,Fiducial,AP_BP_8,AP_BP_8,y,-320.0533484901958,,mm,false
14,SSAT target,fiducial,Fiducial,Fiducial,AP_BP_8,AP_BP_8,z,3856.73226785091,,mm,false
14,SSAT target,fiducial,Fiducial,Fiducial,TF14_G1-BU,TF14_G1-BU,x,11237.84173521536,,mm,false
14,SSAT target,fiducial,Fiducial,Fiducial,TF14_G1-BU,TF14_G1-BU,y,-0.885304547132263,,mm,false
14,SSAT target,fiducial,Fiducial,Fiducial,TF14_G1-BU,TF14_G1-BU,z,-0.6870848894055293,,mm,false
14,SSAT target,fiducial,Fiducial,Fiducial,TF14_P10-OIS,TF14_P10-OIS,x,5989.335996800186,,mm,false
14,SSAT target,fiducial,Fiducial,Fiducial,TF14_P10-OIS,TF14_P10-OIS,y,-1089.786307489234,,mm,false
14,SSAT target,fiducial,Fiducial,Fiducial,TF14_P10-OIS,TF14_P10-OIS,z,-6117.237627999037,,mm,false
14,SSAT target,fiducial,Fiducial,Fiducial,TF14_B4-AU,TF14_B4-AU,x,2709.259984300506,,mm,false
14,SSAT target,fiducial,Fiducial,Fiducial,TF14_B4-AU,TF14_B4-AU,y,-520.1612191970131,,mm,false
14,SSAT target,fiducial,Fiducial,Fiducial,TF14_B4-AU,TF14_B4-AU,z,3699.328231812238,,mm,false
14,SSAT target,fiducial,Fiducial,Fiducial,TF14_P8-OIS,TF14_P8-OIS,x,7539.616415501857,,mm,false
14,SSAT target,fiducial,Fiducial,Fiducial,TF14_P8-OIS,TF14_P8-OIS,y,-1367.769949520206,,mm,false
14,SSAT target,fiducial,Fiducial,Fiducial,TF14_P8-OIS,TF14_P8-OIS,z,6352.731415128269,,mm,false
14,SSAT target,fiducial,Fiducial,Fiducial,BU_CP_70,BU_CP_70,x,9190.650036513514,,mm,false
14,SSAT target,fiducial,Fiducial,Fiducial,BU_CP_70,BU_CP_70,y,-546.3438786427366,,mm,false
14,SSAT target,fiducial,Fiducial,Fiducial,BU_CP_70,BU_CP_70,z,-4218.321858101978,,mm,false
14,SSAT target,fiducial,Fiducial,Fiducial,AP_BP_12,AP_BP_12,x,4760.019466287951,,mm,false
14,SSAT target,fiducial,Fiducial,Fiducial,AP_BP_12,AP_BP_12,y,-282.1261836047055,,mm,false
14,SSAT target,fiducial,Fiducial,Fiducial,AP_BP_12,AP_BP_12,z,5790.006385251727,,mm,false
14,SSAT target,fiducial,Fiducial,Fiducial,AP_BP_11,AP_BP_11,x,4769.963141328588,,mm,false
14,SSAT target,fiducial,Fiducial,Fiducial,AP_BP_11,AP_BP_11,y,299.2831851442458,,mm,false
14,SSAT target,fiducial,Fiducial,Fiducial,AP_BP_11,AP_BP_11,z,5792.509494844251,,mm,false
14,SSAT target,fiducial,Fiducial,Fiducial,AU_CP_5,AU_CP_5,x,4813.878166753906,,mm,false
14,SSAT target,fiducial,Fiducial,Fiducial,AU_CP_5,AU_CP_5,y,-755.6325083623027,,mm,false
14,SSAT target,fiducial,Fiducial,Fiducial,AU_CP_5,AU_CP_5,z,-5913.852098248432,,mm,false
14,SSAT target,fiducial,Fiducial,Fiducial,AP_BP_4,AP_BP_4,x,9530.77780362342,,mm,false
14,SSAT target,fiducial,Fiducial,Fiducial,AP_BP_4,AP_BP_4,y,-300.3523333944711,,mm,false
14,SSAT target,fiducial,Fiducial,Fiducial,AP_BP_4,AP_BP_4,z,-2910.164364331751,,mm,false
14,SSAT target,fiducial,Fiducial,Fiducial,AP_BP_3,AP_BP_3,x,9570.99813524352,,mm,false
14,SSAT target,fiducial,Fiducial,Fiducial,AP_BP_3,AP_BP_3,y,266.8437233862495,,mm,false
14,SSAT target,fiducial,Fiducial,Fiducial,AP_BP_3,AP_BP_3,z,-2836.850489814232,,mm,false
14,SSAT target,fiducial,Fiducial,Fiducial,TF14_D4-BU,TF14_D4-BU,x,8788.084302890546,,mm,false
14,SSAT target,fiducial,Fiducial,Fiducial,TF14_D4-BU,TF14_D4-BU,y,-564.1546770347333,,mm,false
14,SSAT target,fiducial,Fiducial,Fiducial,TF14_D4-BU,TF14_D4-BU,z,4631.273442801516,,mm,false
14,SSAT target,fiducial,Fiducial,Fiducial,TF14_P18-IOIS,TF14_P18-IOIS,x,10101.16196346952,,mm,false
14,SSAT target,fiducial,Fiducial,Fiducial,TF14_P18-IOIS,TF14_P18-IOIS,y,-1814.181416327287,,mm,false
14,SSAT target,fiducial,Fiducial,Fiducial,TF14_P18-IOIS,TF14_P18-IOIS,z,2374.572711281704,,mm,false
14,SSAT target,fiducial,Fiducial,Fiducial,P6-OIS,P6-OIS,x,5991.279549891749,,mm,false
14,SSAT target,fiducial,Fiducial,Fiducial,P6-OIS,P6-OIS,y,1092.873949864581,,mm,false
14,SSAT target,fiducial,Fiducial,Fiducial,P6-OIS,P6-OIS,z,-6589.669672286426,,mm,false
14,SSAT target,fiducial,Fiducial,Fiducial,TF14_C2-AU,TF14_C2-AU,x,5336.150426541752,,mm,false
14,SSAT target,fiducial,Fiducial,Fiducial,TF14_C2-AU,TF14_C2-AU,y,561.8992200406611,,mm,false
14,SSAT target,fiducial,Fiducial,Fiducial,TF14_C2-AU,TF14_C2-AU,z,6297.755391787741,,mm,false
14,SSAT target,fiducial,Fiducial,Fiducial,E2-BU,E2-BU,x,9106.767817198135,,mm,false
14,SSAT target,fiducial,Fiducial,Fiducial,E2-BU,E2-BU,y,563.1030631237896,,mm,false
14,SSAT target,fiducial,Fiducial,Fiducial,E2-BU,E2-BU,z,-4312.59050022452,,mm,false
14,SSAT target,fiducial,Fiducial,Fiducial,AU_CP_4,AU_CP_4,x,4814.516725889592,,mm,false
14,SSAT target,fiducial,Fiducial,Fiducial,AU_CP_4,AU_CP_4,y,752.2480697886259,,mm,false
14,SSAT target,fiducial,Fiducial,Fiducial,AU_CP_4,AU_CP_4,z,-5941.758993049736,,mm,false
14,SSAT target,fiducial,Fiducial,Fiducial,AP_BP_16,AP_BP_16,x,3084.00580280259,,mm,false
14,SSAT target,fiducial,Fiducial,Fiducial,AP_BP_16,AP_BP_16,y,-418.8928072885708,,mm,false
14,SSAT target,fiducial,Fiducial,Fiducial,AP_BP_16,AP_BP_16,z,45.39377715042147,,mm,false
14,SSAT target,fiducial,ILIS +1 side,ILIS +1 side,p1,p1,x,3022.229033972926,,mm,false
14,SSAT target,fiducial,ILIS +1 side,ILIS +1 side,p1,p1,y,532.1282734804042,,mm,false
14,SSAT target,fiducial,ILIS +1 side,ILIS +1 side,p1,p1,z,-4368.787558476786,,mm,false
14,SSAT target,fiducial,ILIS +1 side,ILIS +1 side,p2,p2,x,2786.896943928865,,mm,false
14,SSAT target,fiducial,ILIS +1 side,ILIS +1 side,p2,p2,y,490.5021418815537,,mm,false
14,SSAT target,fiducial,ILIS +1 side,ILIS +1 side,p2,p2,z,-4378.006840640235,,mm,false
14,SSAT target,fiducial,ILIS +1 side,ILIS +1 side,p3,p3,x,2618.005247145975,,mm,false
14,SSAT target,fiducial,ILIS +1 side,ILIS +1 side,p3,p3,y,460.6619722212072,,mm,false
14,SSAT target,fiducial,ILIS +1 side,ILIS +1 side,p3,p3,z,-4379.033501459753,,mm,false
14,SSAT target,fiducial,ILIS +1 side,ILIS +1 side,p4,p4,x,2620.497847788518,,mm,false
14,SSAT target,fiducial,ILIS +1 side,ILIS +1 side,p4,p4,y,461.1172455810496,,mm,false
14,SSAT target,fiducial,ILIS +1 side,ILIS +1 side,p4,p4,z,-4170.213402646913,,mm,false
14,SSAT target,fiducial,ILIS +1 side,ILIS +1 side,p5,p5,x,2789.479628011467,,mm,false
14,SSAT target,fiducial,ILIS +1 side,ILIS +1 side,p5,p5,y,490.9674611344356,,mm,false
14,SSAT target,fiducial,ILIS +1 side,ILIS +1 side,p5,p5,z,-4171.516738405474,,mm,false
14,SSAT target,fiducial,ILIS +1 side,ILIS +1 side,p6,p6,x,3012.522090624969,,mm,false
14,SSAT target,fiducial,ILIS +1 side,ILIS +1 side,p6,p6,y,530.3446168988745,,mm,false
14,SSAT target,fiducial,ILIS +1 side,ILIS +1 side,p6,p6,z,-4176.44794264053,,mm,false
14,SSAT target,fiducial,ILIS +1 side,ILIS +1 side,p7,p7,x,3014.845495325584,,mm,false
14,SSAT target,fiducial,ILIS +1 side,ILIS +1 side,p7,p7,y,530.800396188704,,mm,false
14,SSAT target,fiducial,ILIS +1 side,ILIS +1 side,p7,p7,z,-3990.237849853279,,mm,false
14,SSAT target,fiducial,ILIS +1 side,ILIS +1 side,p8,p8,x,2793.813237315848,,mm,false
14,SSAT target,fiducial,ILIS +1 side,ILIS +1 side,p8,p8,y,491.7132395393672,,mm,false
14,SSAT target,fiducial,ILIS +1 side,ILIS +1 side,p8,p8,z,-3990.586567773354,,mm,false
14,SSAT target,fiducial,ILIS +1 side,ILIS +1 side,p9,p9,x,2622.711490565887,,mm,false
14,SSAT target,fiducial,ILIS +1 side,ILIS +1 side,p9,p9,y,461.5331795716294,,mm,false
14,SSAT target,fiducial,ILIS +1 side,ILIS +1 side,p9,p9,z,-3990.763314643118,,mm,false
14,SSAT target,fiducial,ILIS +1 side,ILIS +1 side,p10,p10,x,2576.261037148709,,mm,false
14,SSAT target,fiducial,ILIS +1 side,ILIS +1 side,p10,p10,y,453.3158917654681,,mm,false
14,SSAT target,fiducial,ILIS +1 side,ILIS +1 side,p10,p10,z,-3991.435146801684,,mm,false
14,SSAT target,fiducial,ILIS +1 side,ILIS +1 side,p11,p11,x,2406.629298606738,,mm,false
14,SSAT target,fiducial,ILIS +1 side,ILIS +1 side,p11,p11,y,423.4057418229486,,mm,false
14,SSAT target,fiducial,ILIS +1 side,ILIS +1 side,p11,p11,z,-3991.401835473021,,mm,false
14,SSAT target,fiducial,ILIS +1 side,ILIS +1 side,p12,p12,x,2187.09703320301,,mm,false
14,SSAT target,fiducial,ILIS +1 side,ILIS +1 side,p12,p12,y,384.7484780985189,,mm,false
14,SSAT target,fiducial,ILIS +1 side,ILIS +1 side,p12,p12,z,-3990.840490617766,,mm,false
14,SSAT target,fiducial,ILIS +1 side,ILIS +1 side,p13,p13,x,2201.444103700904,,mm,false
14,SSAT target,fiducial,ILIS +1 side,ILIS +1 side,p13,p13,y,387.2519178765747,,mm,false
14,SSAT target,fiducial,ILIS +1 side,ILIS +1 side,p13,p13,z,-4185.579925651881,,mm,false
14,SSAT target,fiducial,ILIS +1 side,ILIS +1 side,p14,p14,x,2418.185518105909,,mm,false
14,SSAT target,fiducial,ILIS +1 side,ILIS +1 side,p14,p14,y,425.4188361585792,,mm,false
14,SSAT target,fiducial,ILIS +1 side,ILIS +1 side,p14,p14,z,-4163.011380493346,,mm,false
14,SSAT target,fiducial,ILIS +1 side,ILIS +1 side,p15,p15,x,2578.847244632593,,mm,false
14,SSAT target,fiducial,ILIS +1 side,ILIS +1 side,p15,p15,y,453.799554406295,,mm,false
14,SSAT target,fiducial,ILIS +1 side,ILIS +1 side,p15,p15,z,-4165.205044371143,,mm,false
14,SSAT target,fiducial,ILIS +1 side,ILIS +1 side,p16,p16,x,2577.655186245666,,mm,false
14,SSAT target,fiducial,ILIS +1 side,ILIS +1 side,p16,p16,y,453.5945311372283,,mm,false
14,SSAT target,fiducial,ILIS +1 side,ILIS +1 side,p16,p16,z,-4388.865091456583,,mm,false
14,SSAT target,fiducial,ILIS +1 side,ILIS +1 side,p17,p17,x,2407.333651016135,,mm,false
14,SSAT target,fiducial,ILIS +1 side,ILIS +1 side,p17,p17,y,423.4745542201496,,mm,false
14,SSAT target,fiducial,ILIS +1 side,ILIS +1 side,p17,p17,z,-4394.891809267337,,mm,false
14,SSAT target,fiducial,ILIS +1 side,ILIS +1 side,p18,p18,x,2231.791518768913,,mm,false
14,SSAT target,fiducial,ILIS +1 side,ILIS +1 side,p18,p18,y,392.6145386229355,,mm,false
14,SSAT target,fiducial,ILIS +1 side,ILIS +1 side,p18,p18,z,-4385.338728955817,,mm,false
14,SSAT target,fiducial,ILIS +1 side,ILIS +1 side,p19,p19,x,2181.425500778056,,mm,false
14,SSAT target,fiducial,ILIS +1 side,ILIS +1 side,p19,p19,y,383.7178988480713,,mm,false
14,SSAT target,fiducial,ILIS +1 side,ILIS +1 side,p19,p19,z,-3949.430714883511,,mm,false
14,SSAT target,fiducial,ILIS +1 side,ILIS +1 side,p20,p20,x,2416.047952232459,,mm,false
14,SSAT target,fiducial,ILIS +1 side,ILIS +1 side,p20,p20,y,425.0643046791872,,mm,false
14,SSAT target,fiducial,ILIS +1 side,ILIS +1 side,p20,p20,z,-3950.83146410264,,mm,false
14,SSAT target,fiducial,ILIS +1 side,ILIS +1 side,p21,p21,x,2578.019702331067,,mm,false
14,SSAT target,fiducial,ILIS +1 side,ILIS +1 side,p21,p21,y,453.6549538719385,,mm,false
14,SSAT target,fiducial,ILIS +1 side,ILIS +1 side,p21,p21,z,-3953.345076787778,,mm,false
14,SSAT target,fiducial,ILIS +1 side,ILIS +1 side,p22,p22,x,2585.141538736494,,mm,false
14,SSAT target,fiducial,ILIS +1 side,ILIS +1 side,p22,p22,y,454.8994585661333,,mm,false
14,SSAT target,fiducial,ILIS +1 side,ILIS +1 side,p22,p22,z,-3721.744796014459,,mm,false
14,SSAT target,fiducial,ILIS +1 side,ILIS +1 side,p23,p23,x,2419.640453569227,,mm,false
14,SSAT target,fiducial,ILIS +1 side,ILIS +1 side,p23,p23,y,425.689446803682,,mm,false
14,SSAT target,fiducial,ILIS +1 side,ILIS +1 side,p23,p23,z,-3738.941322445532,,mm,false
14,SSAT target,fiducial,ILIS +1 side,ILIS +1 side,p24,p24,x,2176.667716198522,,mm,false
14,SSAT target,fiducial,ILIS +1 side,ILIS +1 side,p24,p24,y,382.8734021425465,,mm,false
14,SSAT target,fiducial,ILIS +1 side,ILIS +1 side,p24,p24,z,-3731.900902418164,,mm,false
14,SSAT target,fiducial,ILIS +1 side,ILIS +1 side,p25,p25,x,2179.929166844299,,mm,false
14,SSAT target,fiducial,ILIS +1 side,ILIS +1 side,p25,p25,y,383.4579166474524,,mm,false
14,SSAT target,fiducial,ILIS +1 side,ILIS +1 side,p25,p25,z,-3490.530773399516,,mm,false
14,SSAT target,fiducial,ILIS +1 side,ILIS +1 side,p26,p26,x,2401.16150536755,,mm,false
14,SSAT target,fiducial,ILIS +1 side,ILIS +1 side,p26,p26,y,422.4251156542455,,mm,false
14,SSAT target,fiducial,ILIS +1 side,ILIS +1 side,p26,p26,z,-3492.642050998159,,mm,false
14,SSAT target,fiducial,ILIS +1 side,ILIS +1 side,p27,p27,x,2577.673309762664,,mm,false
14,SSAT target,fiducial,ILIS +1 side,ILIS +1 side,p27,p27,y,453.5548629824584,,mm,false
14,SSAT target,fiducial,ILIS +1 side,ILIS +1 side,p27,p27,z,-3492.535090899883,,mm,false
14,SSAT target,fiducial,ILIS +1 side,ILIS +1 side,p28,p28,x,2626.783748504287,,mm,false
14,SSAT target,fiducial,ILIS +1 side,ILIS +1 side,p28,p28,y,462.2419704253501,,mm,false
14,SSAT target,fiducial,ILIS +1 side,ILIS +1 side,p28,p28,z,-3490.683153838063,,mm,false
14,SSAT target,fiducial,ILIS +1 side,ILIS +1 side,p29,p29,x,2616.931709395949,,mm,false
14,SSAT target,fiducial,ILIS +1 side,ILIS +1 side,p29,p29,y,460.5075167659081,,mm,false
14,SSAT target,fiducial,ILIS +1 side,ILIS +1 side,p29,p29,z,-3717.383542448033,,mm,false
14,SSAT target,fiducial,ILIS +1 side,ILIS +1 side,p30,p30,x,2615.209704780815,,mm,false
14,SSAT target,fiducial,ILIS +1 side,ILIS +1 side,p30,p30,y,460.2425595984932,,mm,false
14,SSAT target,fiducial,ILIS +1 side,ILIS +1 side,p30,p30,z,-3942.653609695781,,mm,false
14,SSAT target,fiducial,ILIS +1 side,ILIS +1 side,p31,p31,x,2802.04178243473,,mm,false
14,SSAT target,fiducial,ILIS +1 side,ILIS +1 side,p31,p31,y,493.2118102905771,,mm,false
14,SSAT target,fiducial,ILIS +1 side,ILIS +1 side,p31,p31,z,-3947.226242233407,,mm,false
14,SSAT target,fiducial,ILIS +1 side,ILIS +1 side,p32,p32,x,2825.354025715283,,mm,false
14,SSAT target,fiducial,ILIS +1 side,ILIS +1 side,p32,p32,y,497.2555255079008,,mm,false
14,SSAT target,fiducial,ILIS +1 side,ILIS +1 side,p32,p32,z,-3722.495324288258,,mm,false
14,SSAT target,fiducial,ILIS +1 side,ILIS +1 side,p33,p33,x,2799.425241784112,,mm,false
14,SSAT target,fiducial,ILIS +1 side,ILIS +1 side,p33,p33,y,492.7417731214197,,mm,false
14,SSAT target,fiducial,ILIS +1 side,ILIS +1 side,p33,p33,z,-3482.856345190023,,mm,false
14,SSAT target,fiducial,ILIS +1 side,ILIS +1 side,p34,p34,x,3012.277983214553,,mm,false
14,SSAT target,fiducial,ILIS +1 side,ILIS +1 side,p34,p34,y,530.3497560638598,,mm,false
14,SSAT target,fiducial,ILIS +1 side,ILIS +1 side,p34,p34,z,-3498.517950616898,,mm,false
14,SSAT target,fiducial,ILIS +1 side,ILIS +1 side,p35,p35,x,3012.595490585138,,mm,false
14,SSAT target,fiducial,ILIS +1 side,ILIS +1 side,p35,p35,y,530.3643693219566,,mm,false
14,SSAT target,fiducial,ILIS +1 side,ILIS +1 side,p35,p35,z,-3709.60793918936,,mm,false
14,SSAT target,fiducial,ILIS +1 side,ILIS +1 side,p36,p36,x,3018.803856952437,,mm,false
14,SSAT target,fiducial,ILIS +1 side,ILIS +1 side,p36,p36,y,531.5091300051879,,mm,false
14,SSAT target,fiducial,ILIS +1 side,ILIS +1 side,p36,p36,z,-3943.007693495202,,mm,false
14,SSAT target,fiducial,ILIS +1 side,ILIS +1 side,p37,p37,x,3017.95484909429,,mm,false
14,SSAT target,fiducial,ILIS +1 side,ILIS +1 side,p37,p37,y,531.35745645854,,mm,false
14,SSAT target,fiducial,ILIS +1 side,ILIS +1 side,p37,p37,z,-3408.73772654891,,mm,false
14,SSAT target,fiducial,ILIS +1 side,ILIS +1 side,p38,p38,x,2711.491878940568,,mm,false
14,SSAT target,fiducial,ILIS +1 side,ILIS +1 side,p38,p38,y,477.2653592816198,,mm,false
14,SSAT target,fiducial,ILIS +1 side,ILIS +1 side,p38,p38,z,-3413.569811767684,,mm,false
14,SSAT target,fiducial,ILIS +1 side,ILIS +1 side,p39,p39,x,2441.729972291672,,mm,false
14,SSAT target,fiducial,ILIS +1 side,ILIS +1 side,p39,p39,y,429.6615544794198,,mm,false
14,SSAT target,fiducial,ILIS +1 side,ILIS +1 side,p39,p39,z,-3437.710449487226,,mm,false
14,SSAT target,fiducial,ILIS +1 side,ILIS +1 side,p40,p40,x,2209.446281833377,,mm,false
14,SSAT target,fiducial,ILIS +1 side,ILIS +1 side,p40,p40,y,388.7242336769961,,mm,false
14,SSAT target,fiducial,ILIS +1 side,ILIS +1 side,p40,p40,z,-3400.799608090768,,mm,false
14,SSAT target,fiducial,ILIS +1 side,ILIS +1 side,p41,p41,x,2193.876825971142,,mm,false
14,SSAT target,fiducial,ILIS +1 side,ILIS +1 side,p41,p41,y,385.9094042194796,,mm,false
14,SSAT target,fiducial,ILIS +1 side,ILIS +1 side,p41,p41,z,-3139.490223300862,,mm,false
14,SSAT target,fiducial,ILIS +1 side,ILIS +1 side,p42,p42,x,2433.619023903539,,mm,false
14,SSAT target,fiducial,ILIS +1 side,ILIS +1 side,p42,p42,y,428.2053222793983,,mm,false
14,SSAT target,fiducial,ILIS +1 side,ILIS +1 side,p42,p42,z,-3132.210769611739,,mm,false
14,SSAT target,fiducial,ILIS +1 side,ILIS +1 side,p43,p43,x,2751.442649781461,,mm,false
14,SSAT target,fiducial,ILIS +1 side,ILIS +1 side,p43,p43,y,484.2870930109746,,mm,false
14,SSAT target,fiducial,ILIS +1 side,ILIS +1 side,p43,p43,z,-3142.568236745227,,mm,false
14,SSAT target,fiducial,ILIS +1 side,ILIS +1 side,p44,p44,x,3001.005778326743,,mm,false
14,SSAT target,fiducial,ILIS +1 side,ILIS +1 side,p44,p44,y,528.3829504534675,,mm,false
14,SSAT target,fiducial,ILIS +1 side,ILIS +1 side,p44,p44,z,-3158.518394333867,,mm,false
14,SSAT target,fiducial,ILIS +1 side,ILIS +1 side,p45,p45,x,3001.343419212542,,mm,false
14,SSAT target,fiducial,ILIS +1 side,ILIS +1 side,p45,p45,y,528.4753016786624,,mm,false
14,SSAT target,fiducial,ILIS +1 side,ILIS +1 side,p45,p45,z,-2810.818379996962,,mm,false
14,SSAT target,fiducial,ILIS +1 side,ILIS +1 side,p46,p46,x,2751.490420316159,,mm,false
14,SSAT target,fiducial,ILIS +1 side,ILIS +1 side,p46,p46,y,484.3095435708356,,mm,false
14,SSAT target,fiducial,ILIS +1 side,ILIS +1 side,p46,p46,z,-2798.628234253588,,mm,false
14,SSAT target,fiducial,ILIS +1 side,ILIS +1 side,p47,p47,x,2453.877253937672,,mm,false
14,SSAT target,fiducial,ILIS +1 side,ILIS +1 side,p47,p47,y,431.8167540770374,,mm,false
14,SSAT target,fiducial,ILIS +1 side,ILIS +1 side,p47,p47,z,-2795.329969659805,,mm,false
14,SSAT target,fiducial,ILIS +1 side,ILIS +1 side,p48,p48,x,2183.724610291042,,mm,false
14,SSAT target,fiducial,ILIS +1 side,ILIS +1 side,p48,p48,y,384.1425197452037,,mm,false
14,SSAT target,fiducial,ILIS +1 side,ILIS +1 side,p48,p48,z,-2798.860622801964,,mm,false
14,SSAT target,fiducial,ILIS +1 side,ILIS +1 side,p49,p49,x,2178.646641122582,,mm,false
14,SSAT target,fiducial,ILIS +1 side,ILIS +1 side,p49,p49,y,383.217930608,,mm,false
14,SSAT target,fiducial,ILIS +1 side,ILIS +1 side,p49,p49,z,-2576.270823475823,,mm,false
14,SSAT target,fiducial,ILIS +1 side,ILIS +1 side,p50,p50,x,2452.678186939227,,mm,false
14,SSAT target,fiducial,ILIS +1 side,ILIS +1 side,p50,p50,y,431.6012368862523,,mm,false
14,SSAT target,fiducial,ILIS +1 side,ILIS +1 side,p50,p50,z,-2540.710016807178,,mm,false
14,SSAT target,fiducial,ILIS +1 side,ILIS +1 side,p51,p51,x,2819.903890256807,,mm,false
14,SSAT target,fiducial,ILIS +1 side,ILIS +1 side,p51,p51,y,496.3711092030539,,mm,false
14,SSAT target,fiducial,ILIS +1 side,ILIS +1 side,p51,p51,z,-2595.295536525998,,mm,false
14,SSAT target,fiducial,ILIS +1 side,ILIS +1 side,p52,p52,x,2999.689179788613,,mm,false
14,SSAT target,fiducial,ILIS +1 side,ILIS +1 side,p52,p52,y,528.1966216788612,,mm,false
14,SSAT target,fiducial,ILIS +1 side,ILIS +1 side,p52,p52,z,-2410.848444590079,,mm,false
14,SSAT target,fiducial,ILIS +1 side,ILIS +1 side,p53,p53,x,2761.666791438299,,mm,false
14,SSAT target,fiducial,ILIS +1 side,ILIS +1 side,p53,p53,y,486.1304780186655,,mm,false
14,SSAT target,fiducial,ILIS +1 side,ILIS +1 side,p53,p53,z,-2412.397832073075,,mm,false
14,SSAT target,fiducial,ILIS +1 side,ILIS +1 side,p54,p54,x,2509.704750105781,,mm,false
14,SSAT target,fiducial,ILIS +1 side,ILIS +1 side,p54,p54,y,441.6754435938597,,mm,false
14,SSAT target,fiducial,ILIS +1 side,ILIS +1 side,p54,p54,z,-2427.607767702117,,mm,false
14,SSAT target,fiducial,ILIS +1 side,ILIS +1 side,p55,p55,x,2186.5406355347,,mm,false
14,SSAT target,fiducial,ILIS +1 side,ILIS +1 side,p55,p55,y,384.6737144299691,,mm,false
14,SSAT target,fiducial,ILIS +1 side,ILIS +1 side,p55,p55,z,-2405.010510660259,,mm,false
14,SSAT target,fiducial,ILIS +1 side,ILIS +1 side,p56,p56,x,2196.987906884607,,mm,false
14,SSAT target,fiducial,ILIS +1 side,ILIS +1 side,p56,p56,y,386.5651860795876,,mm,false
14,SSAT target,fiducial,ILIS +1 side,ILIS +1 side,p56,p56,z,-2043.980097320413,,mm,false
14,SSAT target,fiducial,ILIS +1 side,ILIS +1 side,p57,p57,x,2480.829843887241,,mm,false
14,SSAT target,fiducial,ILIS +1 side,ILIS +1 side,p57,p57,y,436.6081045416285,,mm,false
14,SSAT target,fiducial,ILIS +1 side,ILIS +1 side,p57,p57,z,-2016.708905370034,,mm,false
14,SSAT target,fiducial,ILIS +1 side,ILIS +1 side,p58,p58,x,2775.53273741144,,mm,false
14,SSAT target,fiducial,ILIS +1 side,ILIS +1 side,p58,p58,y,488.5909129602054,,mm,false
14,SSAT target,fiducial,ILIS +1 side,ILIS +1 side,p58,p58,z,-2013.167284641934,,mm,false
14,SSAT target,fiducial,ILIS +1 side,ILIS +1 side,p59,p59,x,3019.775214164285,,mm,false
14,SSAT target,fiducial,ILIS +1 side,ILIS +1 side,p59,p59,y,531.7567105443163,,mm,false
14,SSAT target,fiducial,ILIS +1 side,ILIS +1 side,p59,p59,z,-2012.307651834395,,mm,false
14,SSAT target,fiducial,ILIS +1 side,ILIS +1 side,p60,p60,x,3020.704407129263,,mm,false
14,SSAT target,fiducial,ILIS +1 side,ILIS +1 side,p60,p60,y,531.9199825435419,,mm,false
14,SSAT target,fiducial,ILIS +1 side,ILIS +1 side,p60,p60,z,-1708.137614942712,,mm,false
14,SSAT target,fiducial,ILIS +1 side,ILIS +1 side,p61,p61,x,2752.741642112615,,mm,false
14,SSAT target,fiducial,ILIS +1 side,ILIS +1 side,p61,p61,y,484.5255361250759,,mm,false
14,SSAT target,fiducial,ILIS +1 side,ILIS +1 side,p61,p61,z,-1707.79818406647,,mm,false
14,SSAT target,fiducial,ILIS +1 side,ILIS +1 side,p62,p62,x,2419.628288070319,,mm,false
14,SSAT target,fiducial,ILIS +1 side,ILIS +1 side,p62,p62,y,425.6849198987755,,mm,false
14,SSAT target,fiducial,ILIS +1 side,ILIS +1 side,p62,p62,z,-1709.591321205847,,mm,false
14,SSAT target,fiducial,ILIS +1 side,ILIS +1 side,p63,p63,x,2190.225613285466,,mm,false
14,SSAT target,fiducial,ILIS +1 side,ILIS +1 side,p63,p63,y,385.3180380409273,,mm,false
14,SSAT target,fiducial,ILIS +1 side,ILIS +1 side,p63,p63,z,-1700.310364863438,,mm,false
14,SSAT target,fiducial,ILIS +1 side,ILIS +1 side,p64,p64,x,2219.968136017533,,mm,false
14,SSAT target,fiducial,ILIS +1 side,ILIS +1 side,p64,p64,y,390.5915081957235,,mm,false
14,SSAT target,fiducial,ILIS +1 side,ILIS +1 side,p64,p64,z,-1481.429191269044,,mm,false
14,SSAT target,fiducial,ILIS +1 side,ILIS +1 side,p65,p65,x,2456.600925100415,,mm,false
14,SSAT target,fiducial,ILIS +1 side,ILIS +1 side,p65,p65,y,432.3079923442648,,mm,false
14,SSAT target,fiducial,ILIS +1 side,ILIS +1 side,p65,p65,z,-1491.719860884807,,mm,false
14,SSAT target,fiducial,ILIS +1 side,ILIS +1 side,p66,p66,x,2763.484180352877,,mm,false
14,SSAT target,fiducial,ILIS +1 side,ILIS +1 side,p66,p66,y,486.4902377962535,,mm,false
14,SSAT target,fiducial,ILIS +1 side,ILIS +1 side,p66,p66,z,-1494.757758748879,,mm,false
14,SSAT target,fiducial,ILIS +1 side,ILIS +1 side,p67,p67,x,2983.546234976509,,mm,false
14,SSAT target,fiducial,ILIS +1 side,ILIS +1 side,p67,p67,y,525.3573331795332,,mm,false
14,SSAT target,fiducial,ILIS +1 side,ILIS +1 side,p67,p67,z,-1489.049080154623,,mm,false
14,SSAT target,fiducial,ILIS +1 side,ILIS +1 side,p68,p68,x,2223.8969693276,,mm,false
14,SSAT target,fiducial,ILIS +1 side,ILIS +1 side,p68,p68,y,391.2905351142153,,mm,false
14,SSAT target,fiducial,ILIS +1 side,ILIS +1 side,p68,p68,z,-1447.479036185615,,mm,false
14,SSAT target,fiducial,ILIS +1 side,ILIS +1 side,p69,p69,x,2500.619830691247,,mm,false
14,SSAT target,fiducial,ILIS +1 side,ILIS +1 side,p69,p69,y,440.074482466364,,mm,false
14,SSAT target,fiducial,ILIS +1 side,ILIS +1 side,p69,p69,z,-1448.258125050066,,mm,false
14,SSAT target,fiducial,ILIS +1 side,ILIS +1 side,p70,p70,x,2764.942583421021,,mm,false
14,SSAT target,fiducial,ILIS +1 side,ILIS +1 side,p70,p70,y,486.7491584809474,,mm,false
14,SSAT target,fiducial,ILIS +1 side,ILIS +1 side,p70,p70,z,-1449.427701164867,,mm,false
14,SSAT target,fiducial,ILIS +1 side,ILIS +1 side,p71,p71,x,2969.384685093021,,mm,false
14,SSAT target,fiducial,ILIS +1 side,ILIS +1 side,p71,p71,y,522.8872877772741,,mm,false
14,SSAT target,fiducial,ILIS +1 side,ILIS +1 side,p71,p71,z,-1449.499637925835,,mm,false
14,SSAT target,fiducial,ILIS +1 side,ILIS +1 side,p72,p72,x,2984.695143728408,,mm,false
14,SSAT target,fiducial,ILIS +1 side,ILIS +1 side,p72,p72,y,525.5804149101095,,mm,false
14,SSAT target,fiducial,ILIS +1 side,ILIS +1 side,p72,p72,z,-1176.789034130126,,mm,false
14,SSAT target,fiducial,ILIS +1 side,ILIS +1 side,p73,p73,x,2721.092299269599,,mm,false
14,SSAT target,fiducial,ILIS +1 side,ILIS +1 side,p73,p73,y,478.9856376262978,,mm,false
14,SSAT target,fiducial,ILIS +1 side,ILIS +1 side,p73,p73,z,-1172.909430658597,,mm,false
14,SSAT target,fiducial,ILIS +1 side,ILIS +1 side,p74,p74,x,2409.158714474771,,mm,false
14,SSAT target,fiducial,ILIS +1 side,ILIS +1 side,p74,p74,y,423.9235136550988,,mm,false
14,SSAT target,fiducial,ILIS +1 side,ILIS +1 side,p74,p74,z,-1162.04173169201,,mm,false
14,SSAT target,fiducial,ILIS +1 side,ILIS +1 side,p75,p75,x,2183.956838170826,,mm,false
14,SSAT target,fiducial,ILIS +1 side,ILIS +1 side,p75,p75,y,384.146859375751,,mm,false
14,SSAT target,fiducial,ILIS +1 side,ILIS +1 side,p75,p75,z,-1174.250613029964,,mm,false
14,SSAT target,fiducial,ILIS +1 side,ILIS +1 side,p76,p76,x,2202.495142762519,,mm,false
14,SSAT target,fiducial,ILIS +1 side,ILIS +1 side,p76,p76,y,387.4684474441901,,mm,false
14,SSAT target,fiducial,ILIS +1 side,ILIS +1 side,p76,p76,z,-839.9398806034243,,mm,false
14,SSAT target,fiducial,ILIS +1 side,ILIS +1 side,p77,p77,x,2460.667224880405,,mm,false
14,SSAT target,fiducial,ILIS +1 side,ILIS +1 side,p77,p77,y,432.9931080714258,,mm,false
14,SSAT target,fiducial,ILIS +1 side,ILIS +1 side,p77,p77,z,-824.1297006648266,,mm,false
14,SSAT target,fiducial,ILIS +1 side,ILIS +1 side,p78,p78,x,2760.800562892798,,mm,false
14,SSAT target,fiducial,ILIS +1 side,ILIS +1 side,p78,p78,y,485.9858391993529,,mm,false
14,SSAT target,fiducial,ILIS +1 side,ILIS +1 side,p78,p78,z,-831.4378646710796,,mm,false
14,SSAT target,fiducial,ILIS +1 side,ILIS +1 side,p79,p79,x,3000.712853817622,,mm,false
14,SSAT target,fiducial,ILIS +1 side,ILIS +1 side,p79,p79,y,528.4317993838129,,mm,false
14,SSAT target,fiducial,ILIS +1 side,ILIS +1 side,p79,p79,z,-826.5284016432862,,mm,false
14,SSAT target,fiducial,ILIS +1 side,ILIS +1 side,p80,p80,x,2971.430611696066,,mm,false
14,SSAT target,fiducial,ILIS +1 side,ILIS +1 side,p80,p80,y,523.2461320358407,,mm,false
14,SSAT target,fiducial,ILIS +1 side,ILIS +1 side,p80,p80,z,-490.7395564585619,,mm,false
14,SSAT target,fiducial,ILIS +1 side,ILIS +1 side,p81,p81,x,2708.398090576185,,mm,false
14,SSAT target,fiducial,ILIS +1 side,ILIS +1 side,p81,p81,y,476.7815164752527,,mm,false
14,SSAT target,fiducial,ILIS +1 side,ILIS +1 side,p81,p81,z,-495.7399298572096,,mm,false
14,SSAT target,fiducial,ILIS +1 side,ILIS +1 side,p82,p82,x,2434.515378941011,,mm,false
14,SSAT target,fiducial,ILIS +1 side,ILIS +1 side,p82,p82,y,428.3774829594975,,mm,false
14,SSAT target,fiducial,ILIS +1 side,ILIS +1 side,p82,p82,z,-498.5507316591668,,mm,false
14,SSAT target,fiducial,ILIS +1 side,ILIS +1 side,p83,p83,x,2204.322538951539,,mm,false
14,SSAT target,fiducial,ILIS +1 side,ILIS +1 side,p83,p83,y,387.7805532968412,,mm,false
14,SSAT target,fiducial,ILIS +1 side,ILIS +1 side,p83,p83,z,-484.9998084601044,,mm,false
14,SSAT target,fiducial,ILIS +1 side,ILIS +1 side,p84,p84,x,2218.120939592307,,mm,false
14,SSAT target,fiducial,ILIS +1 side,ILIS +1 side,p84,p84,y,390.2386770603263,,mm,false
14,SSAT target,fiducial,ILIS +1 side,ILIS +1 side,p84,p84,z,-436.0092637874813,,mm,false
14,SSAT target,fiducial,ILIS +1 side,ILIS +1 side,p85,p85,x,2447.493303587708,,mm,false
14,SSAT target,fiducial,ILIS +1 side,ILIS +1 side,p85,p85,y,430.6853660546689,,mm,false
14,SSAT target,fiducial,ILIS +1 side,ILIS +1 side,p85,p85,z,-436.4202194491128,,mm,false
14,SSAT target,fiducial,ILIS +1 side,ILIS +1 side,p86,p86,x,2740.946376171573,,mm,false
14,SSAT target,fiducial,ILIS +1 side,ILIS +1 side,p86,p86,y,482.5183629062998,,mm,false
14,SSAT target,fiducial,ILIS +1 side,ILIS +1 side,p86,p86,z,-438.1586464586296,,mm,false
14,SSAT target,fiducial,ILIS +1 side,ILIS +1 side,p87,p87,x,2971.978201511708,,mm,false
14,SSAT target,fiducial,ILIS +1 side,ILIS +1 side,p87,p87,y,523.3646088511748,,mm,false
14,SSAT target,fiducial,ILIS +1 side,ILIS +1 side,p87,p87,z,-422.7695343264629,,mm,false
14,SSAT target,fiducial,ILIS +1 side,ILIS +1 side,p88,p88,x,2985.099096420866,,mm,false
14,SSAT target,fiducial,ILIS +1 side,ILIS +1 side,p88,p88,y,525.6281477226063,,mm,false
14,SSAT target,fiducial,ILIS +1 side,ILIS +1 side,p88,p88,z,-163.0290178324813,,mm,false
14,SSAT target,fiducial,ILIS +1 side,ILIS +1 side,p89,p89,x,2752.496585155108,,mm,false
14,SSAT target,fiducial,ILIS +1 side,ILIS +1 side,p89,p89,y,484.5315787300254,,mm,false
14,SSAT target,fiducial,ILIS +1 side,ILIS +1 side,p89,p89,z,-159.5381912969819,,mm,false
14,SSAT target,fiducial,ILIS +1 side,ILIS +1 side,p90,p90,x,2505.514045007985,,mm,false
14,SSAT target,fiducial,ILIS +1 side,ILIS +1 side,p90,p90,y,440.855919423424,,mm,false
14,SSAT target,fiducial,ILIS +1 side,ILIS +1 side,p90,p90,z,-159.447932732166,,mm,false
14,SSAT target,fiducial,ILIS +1 side,ILIS +1 side,p91,p91,x,2194.370732756497,,mm,false
14,SSAT target,fiducial,ILIS +1 side,ILIS +1 side,p91,p91,y,385.9739112703372,,mm,false
14,SSAT target,fiducial,ILIS +1 side,ILIS +1 side,p91,p91,z,-155.950201716616,,mm,false
14,SSAT target,fiducial,ILIS +1 side,ILIS +1 side,p92,p92,x,2237.117264529717,,mm,false
14,SSAT target,fiducial,ILIS +1 side,ILIS +1 side,p92,p92,y,393.542847431672,,mm,false
14,SSAT target,fiducial,ILIS +1 side,ILIS +1 side,p92,p92,z,235.151484839127,,mm,false
14,SSAT target,fiducial,ILIS +1 side,ILIS +1 side,p93,p93,x,2466.889218944093,,mm,false
14,SSAT target,fiducial,ILIS +1 side,ILIS +1 side,p93,p93,y,434.0092597928347,,mm,false
14,SSAT target,fiducial,ILIS +1 side,ILIS +1 side,p93,p93,z,246.290543830554,,mm,false
14,SSAT target,fiducial,ILIS +1 side,ILIS +1 side,p94,p94,x,2737.23157624399,,mm,false
14,SSAT target,fiducial,ILIS +1 side,ILIS +1 side,p94,p94,y,481.7433042818163,,mm,false
14,SSAT target,fiducial,ILIS +1 side,ILIS +1 side,p94,p94,z,257.9712050386515,,mm,false
14,SSAT target,fiducial,ILIS +1 side,ILIS +1 side,p95,p95,x,3018.193317346229,,mm,false
14,SSAT target,fiducial,ILIS +1 side,ILIS +1 side,p95,p95,y,531.4562809534293,,mm,false
14,SSAT target,fiducial,ILIS +1 side,ILIS +1 side,p95,p95,z,290.2122873288941,,mm,false
14,SSAT target,fiducial,ILIS +1 side,ILIS +1 side,p96,p96,x,2969.815155248934,,mm,false
14,SSAT target,fiducial,ILIS +1 side,ILIS +1 side,p96,p96,y,522.9543588613228,,mm,false
14,SSAT target,fiducial,ILIS +1 side,ILIS +1 side,p96,p96,z,505.8503805611142,,mm,false
14,SSAT target,fiducial,ILIS +1 side,ILIS +1 side,p97,p97,x,2750.582992087276,,mm,false
14,SSAT target,fiducial,ILIS +1 side,ILIS +1 side,p97,p97,y,484.1471461673653,,mm,false
14,SSAT target,fiducial,ILIS +1 side,ILIS +1 side,p97,p97,z,503.2917327960508,,mm,false
14,SSAT target,fiducial,ILIS +1 side,ILIS +1 side,p98,p98,x,2463.260050936216,,mm,false
14,SSAT target,fiducial,ILIS +1 side,ILIS +1 side,p98,p98,y,433.4138350132862,,mm,false
14,SSAT target,fiducial,ILIS +1 side,ILIS +1 side,p98,p98,z,503.1304019306988,,mm,false
14,SSAT target,fiducial,ILIS +1 side,ILIS +1 side,p99,p99,x,2218.667221728444,,mm,false
14,SSAT target,fiducial,ILIS +1 side,ILIS +1 side,p99,p99,y,390.2778392347185,,mm,false
14,SSAT target,fiducial,ILIS +1 side,ILIS +1 side,p99,p99,z,512.2307573264515,,mm,false
14,SSAT target,fiducial,ILIS +1 side,ILIS +1 side,p100,p100,x,2218.5856000997,,mm,false
14,SSAT target,fiducial,ILIS +1 side,ILIS +1 side,p100,p100,y,390.2768434281886,,mm,false
14,SSAT target,fiducial,ILIS +1 side,ILIS +1 side,p100,p100,z,557.8307544417812,,mm,false
14,SSAT target,fiducial,ILIS +1 side,ILIS +1 side,p101,p101,x,2440.30772177471,,mm,false
14,SSAT target,fiducial,ILIS +1 side,ILIS +1 side,p101,p101,y,429.3738755393052,,mm,false
14,SSAT target,fiducial,ILIS +1 side,ILIS +1 side,p101,p101,z,562.0294971148394,,mm,false
14,SSAT target,fiducial,ILIS +1 side,ILIS +1 side,p102,p102,x,2743.93104053194,,mm,false
14,SSAT target,fiducial,ILIS +1 side,ILIS +1 side,p102,p102,y,482.9963695467871,,mm,false
14,SSAT target,fiducial,ILIS +1 side,ILIS +1 side,p102,p102,z,556.2914710376214,,mm,false
14,SSAT target,fiducial,ILIS +1 side,ILIS +1 side,p103,p103,x,2973.823486908982,,mm,false
14,SSAT target,fiducial,ILIS +1 side,ILIS +1 side,p103,p103,y,523.6430720030155,,mm,false
14,SSAT target,fiducial,ILIS +1 side,ILIS +1 side,p103,p103,z,553.8905382576862,,mm,false
14,SSAT target,fiducial,ILIS +1 side,ILIS +1 side,p104,p104,x,2985.203926798367,,mm,false
14,SSAT target,fiducial,ILIS +1 side,ILIS +1 side,p104,p104,y,525.5664433791824,,mm,false
14,SSAT target,fiducial,ILIS +1 side,ILIS +1 side,p104,p104,z,825.870985405038,,mm,false
14,SSAT target,fiducial,ILIS +1 side,ILIS +1 side,p105,p105,x,2761.371937863603,,mm,false
14,SSAT target,fiducial,ILIS +1 side,ILIS +1 side,p105,p105,y,485.9996325312846,,mm,false
14,SSAT target,fiducial,ILIS +1 side,ILIS +1 side,p105,p105,z,817.1721573900463,,mm,false
14,SSAT target,fiducial,ILIS +1 side,ILIS +1 side,p106,p106,x,2427.638622954238,,mm,false
14,SSAT target,fiducial,ILIS +1 side,ILIS +1 side,p106,p106,y,427.0490803931626,,mm,false
14,SSAT target,fiducial,ILIS +1 side,ILIS +1 side,p106,p106,z,814.0989957905134,,mm,false
14,SSAT target,fiducial,ILIS +1 side,ILIS +1 side,p107,p107,x,2183.435576970342,,mm,false
14,SSAT target,fiducial,ILIS +1 side,ILIS +1 side,p107,p107,y,383.9829257202816,,mm,false
14,SSAT target,fiducial,ILIS +1 side,ILIS +1 side,p107,p107,z,829.4093665854692,,mm,false
14,SSAT target,fiducial,ILIS +1 side,ILIS +1 side,p108,p108,x,2198.604298436446,,mm,false
14,SSAT target,fiducial,ILIS +1 side,ILIS +1 side,p108,p108,y,386.6449903238264,,mm,false
14,SSAT target,fiducial,ILIS +1 side,ILIS +1 side,p108,p108,z,1150.919964701815,,mm,false
14,SSAT target,fiducial,ILIS +1 side,ILIS +1 side,p109,p109,x,2442.396065421253,,mm,false
14,SSAT target,fiducial,ILIS +1 side,ILIS +1 side,p109,p109,y,429.6703811697775,,mm,false
14,SSAT target,fiducial,ILIS +1 side,ILIS +1 side,p109,p109,z,1171.509578417933,,mm,false
14,SSAT target,fiducial,ILIS +1 side,ILIS +1 side,p110,p110,x,2763.958547144288,,mm,false
14,SSAT target,fiducial,ILIS +1 side,ILIS +1 side,p110,p110,y,486.4412041145178,,mm,false
14,SSAT target,fiducial,ILIS +1 side,ILIS +1 side,p110,p110,z,1194.452259392479,,mm,false
14,SSAT target,fiducial,ILIS +1 side,ILIS +1 side,p111,p111,x,3005.200643443291,,mm,false
14,SSAT target,fiducial,ILIS +1 side,ILIS +1 side,p111,p111,y,529.1669569590206,,mm,false
14,SSAT target,fiducial,ILIS +1 side,ILIS +1 side,p111,p111,z,1205.291775854618,,mm,false
14,SSAT target,fiducial,ILIS +1 side,ILIS +1 side,p112,p112,x,2967.039651664008,,mm,false
14,SSAT target,fiducial,ILIS +1 side,ILIS +1 side,p112,p112,y,522.4326322088591,,mm,false
14,SSAT target,fiducial,ILIS +1 side,ILIS +1 side,p112,p112,z,1503.390271282859,,mm,false
14,SSAT target,fiducial,ILIS +1 side,ILIS +1 side,p113,p113,x,2706.517343051707,,mm,false
14,SSAT target,fiducial,ILIS +1 side,ILIS +1 side,p113,p113,y,476.3879869461543,,mm,false
14,SSAT target,fiducial,ILIS +1 side,ILIS +1 side,p113,p113,z,1493.099996361906,,mm,false
14,SSAT target,fiducial,ILIS +1 side,ILIS +1 side,p114,p114,x,2453.284535269452,,mm,false
14,SSAT target,fiducial,ILIS +1 side,ILIS +1 side,p114,p114,y,431.6125648815074,,mm,false
14,SSAT target,fiducial,ILIS +1 side,ILIS +1 side,p114,p114,z,1498.920008530956,,mm,false
14,SSAT target,fiducial,ILIS +1 side,ILIS +1 side,p115,p115,x,2223.142322558269,,mm,false
14,SSAT target,fiducial,ILIS +1 side,ILIS +1 side,p115,p115,y,391.0460182352622,,mm,false
14,SSAT target,fiducial,ILIS +1 side,ILIS +1 side,p115,p115,z,1494.880934181667,,mm,false
14,SSAT target,fiducial,ILIS +1 side,ILIS +1 side,p116,p116,x,2224.650343370333,,mm,false
14,SSAT target,fiducial,ILIS +1 side,ILIS +1 side,p116,p116,y,391.2747012611114,,mm,false
14,SSAT target,fiducial,ILIS +1 side,ILIS +1 side,p116,p116,z,1550.910992876122,,mm,false
14,SSAT target,fiducial,ILIS +1 side,ILIS +1 side,p117,p117,x,2492.832747575559,,mm,false
14,SSAT target,fiducial,ILIS +1 side,ILIS +1 side,p117,p117,y,438.5489166033501,,mm,false
14,SSAT target,fiducial,ILIS +1 side,ILIS +1 side,p117,p117,z,1560.521567181544,,mm,false
14,SSAT target,fiducial,ILIS +1 side,ILIS +1 side,p118,p118,x,2763.865799481784,,mm,false
14,SSAT target,fiducial,ILIS +1 side,ILIS +1 side,p118,p118,y,486.4133448977599,,mm,false
14,SSAT target,fiducial,ILIS +1 side,ILIS +1 side,p118,p118,z,1552.88225579587,,mm,false
14,SSAT target,fiducial,ILIS +1 side,ILIS +1 side,p119,p119,x,2970.007984064212,,mm,false
14,SSAT target,fiducial,ILIS +1 side,ILIS +1 side,p119,p119,y,522.9014140837193,,mm,false
14,SSAT target,fiducial,ILIS +1 side,ILIS +1 side,p119,p119,z,1551.05038716937,,mm,false
14,SSAT target,fiducial,ILIS +1 side,ILIS +1 side,p120,p120,x,3005.817765658322,,mm,false
14,SSAT target,fiducial,ILIS +1 side,ILIS +1 side,p120,p120,y,529.2628015666861,,mm,false
14,SSAT target,fiducial,ILIS +1 side,ILIS +1 side,p120,p120,z,1848.791800465327,,mm,false
14,SSAT target,fiducial,ILIS +1 side,ILIS +1 side,p121,p121,x,2728.604582949323,,mm,false
14,SSAT target,fiducial,ILIS +1 side,ILIS +1 side,p121,p121,y,480.1686955247527,,mm,false
14,SSAT target,fiducial,ILIS +1 side,ILIS +1 side,p121,p121,z,1858.100865095597,,mm,false
14,SSAT target,fiducial,ILIS +1 side,ILIS +1 side,p122,p122,x,2432.931259247795,,mm,false
14,SSAT target,fiducial,ILIS +1 side,ILIS +1 side,p122,p122,y,427.9856852063181,,mm,false
14,SSAT target,fiducial,ILIS +1 side,ILIS +1 side,p122,p122,z,1866.329205474919,,mm,false
14,SSAT target,fiducial,ILIS +1 side,ILIS +1 side,p123,p123,x,2190.787996029894,,mm,false
14,SSAT target,fiducial,ILIS +1 side,ILIS +1 side,p123,p123,y,385.2692643454429,,mm,false
14,SSAT target,fiducial,ILIS +1 side,ILIS +1 side,p123,p123,z,1888.31965719885,,mm,false
14,SSAT target,fiducial,ILIS +1 side,ILIS +1 side,p124,p124,x,3017.296130097746,,mm,false
14,SSAT target,fiducial,ILIS +1 side,ILIS +1 side,p124,p124,y,531.3248816856808,,mm,false
14,SSAT target,fiducial,ILIS +1 side,ILIS +1 side,p124,p124,z,2179.362254189459,,mm,false
14,SSAT target,fiducial,ILIS +1 side,ILIS +1 side,p125,p125,x,2706.222047337817,,mm,false
14,SSAT target,fiducial,ILIS +1 side,ILIS +1 side,p125,p125,y,476.2424012737409,,mm,false
14,SSAT target,fiducial,ILIS +1 side,ILIS +1 side,p125,p125,z,2204.199983287271,,mm,false
14,SSAT target,fiducial,ILIS +1 side,ILIS +1 side,p126,p126,x,2439.078422024374,,mm,false
14,SSAT target,fiducial,ILIS +1 side,ILIS +1 side,p126,p126,y,428.9873714668051,,mm,false
14,SSAT target,fiducial,ILIS +1 side,ILIS +1 side,p126,p126,z,2228.959446373874,,mm,false
14,SSAT target,fiducial,ILIS +1 side,ILIS +1 side,p127,p127,x,2261.996791542199,,mm,false
14,SSAT target,fiducial,ILIS +1 side,ILIS +1 side,p127,p127,y,397.7477684747656,,mm,false
14,SSAT target,fiducial,ILIS +1 side,ILIS +1 side,p127,p127,z,2223.782463596789,,mm,false
14,SSAT target,fiducial,ILIS +1 side,ILIS +1 side,p128,p128,x,2971.194116671842,,mm,false
14,SSAT target,fiducial,ILIS +1 side,ILIS +1 side,p128,p128,y,522.9804454087773,,mm,false
14,SSAT target,fiducial,ILIS +1 side,ILIS +1 side,p128,p128,z,2503.560431916137,,mm,false
14,SSAT target,fiducial,ILIS +1 side,ILIS +1 side,p129,p129,x,2717.31140636702,,mm,false
14,SSAT target,fiducial,ILIS +1 side,ILIS +1 side,p129,p129,y,478.1751223033508,,mm,false
14,SSAT target,fiducial,ILIS +1 side,ILIS +1 side,p129,p129,z,2506.590420314871,,mm,false
14,SSAT target,fiducial,ILIS +1 side,ILIS +1 side,p130,p130,x,2442.388798210349,,mm,false
14,SSAT target,fiducial,ILIS +1 side,ILIS +1 side,p130,p130,y,429.5812198295795,,mm,false
14,SSAT target,fiducial,ILIS +1 side,ILIS +1 side,p130,p130,z,2500.559577363587,,mm,false
14,SSAT target,fiducial,ILIS +1 side,ILIS +1 side,p131,p131,x,2262.327151893005,,mm,false
14,SSAT target,fiducial,ILIS +1 side,ILIS +1 side,p131,p131,y,397.8117991099934,,mm,false
14,SSAT target,fiducial,ILIS +1 side,ILIS +1 side,p131,p131,z,2494.962476986634,,mm,false
14,SSAT target,fiducial,ILIS +1 side,ILIS +1 side,p132,p132,x,2183.68678332801,,mm,false
14,SSAT target,fiducial,ILIS +1 side,ILIS +1 side,p132,p132,y,383.9619539324096,,mm,false
14,SSAT target,fiducial,ILIS +1 side,ILIS +1 side,p132,p132,z,3607.539377484086,,mm,false
14,SSAT target,fiducial,ILIS +1 side,ILIS +1 side,p133,p133,x,2396.26890799607,,mm,false
14,SSAT target,fiducial,ILIS +1 side,ILIS +1 side,p133,p133,y,421.4695756298696,,mm,false
14,SSAT target,fiducial,ILIS +1 side,ILIS +1 side,p133,p133,z,3609.057760246626,,mm,false
14,SSAT target,fiducial,ILIS +1 side,ILIS +1 side,p134,p134,x,2566.150734492963,,mm,false
14,SSAT target,fiducial,ILIS +1 side,ILIS +1 side,p134,p134,y,451.4797617348233,,mm,false
14,SSAT target,fiducial,ILIS +1 side,ILIS +1 side,p134,p134,z,3606.71446000435,,mm,false
14,SSAT target,fiducial,ILIS +1 side,ILIS +1 side,p135,p135,x,2581.103947800586,,mm,false
14,SSAT target,fiducial,ILIS +1 side,ILIS +1 side,p135,p135,y,454.1446103234946,,mm,false
14,SSAT target,fiducial,ILIS +1 side,ILIS +1 side,p135,p135,z,3801.915050407597,,mm,false
14,SSAT target,fiducial,ILIS +1 side,ILIS +1 side,p136,p136,x,2415.63207047751,,mm,false
14,SSAT target,fiducial,ILIS +1 side,ILIS +1 side,p136,p136,y,424.8941095372135,,mm,false
14,SSAT target,fiducial,ILIS +1 side,ILIS +1 side,p136,p136,z,3806.928524146285,,mm,false
14,SSAT target,fiducial,ILIS +1 side,ILIS +1 side,p137,p137,x,2185.079106224149,,mm,false
14,SSAT target,fiducial,ILIS +1 side,ILIS +1 side,p137,p137,y,384.227126624539,,mm,false
14,SSAT target,fiducial,ILIS +1 side,ILIS +1 side,p137,p137,z,3823.859433004596,,mm,false
14,SSAT target,fiducial,ILIS +1 side,ILIS +1 side,p138,p138,x,2183.182681049798,,mm,false
14,SSAT target,fiducial,ILIS +1 side,ILIS +1 side,p138,p138,y,383.8832845958802,,mm,false
14,SSAT target,fiducial,ILIS +1 side,ILIS +1 side,p138,p138,z,4003.979358177291,,mm,false
14,SSAT target,fiducial,ILIS +1 side,ILIS +1 side,p139,p139,x,2386.444750888977,,mm,false
14,SSAT target,fiducial,ILIS +1 side,ILIS +1 side,p139,p139,y,419.6814749591719,,mm,false
14,SSAT target,fiducial,ILIS +1 side,ILIS +1 side,p139,p139,z,4004.247371994109,,mm,false
14,SSAT target,fiducial,ILIS +1 side,ILIS +1 side,p140,p140,x,2577.846923957639,,mm,false
14,SSAT target,fiducial,ILIS +1 side,ILIS +1 side,p140,p140,y,453.5404872430445,,mm,false
14,SSAT target,fiducial,ILIS +1 side,ILIS +1 side,p140,p140,z,3998.444921498457,,mm,false
14,SSAT target,fiducial,ILIS +1 side,ILIS +1 side,p141,p141,x,2612.383161234883,,mm,false
14,SSAT target,fiducial,ILIS +1 side,ILIS +1 side,p141,p141,y,459.8082758040408,,mm,false
14,SSAT target,fiducial,ILIS +1 side,ILIS +1 side,p141,p141,z,3552.076286801434,,mm,false
14,SSAT target,fiducial,ILIS +1 side,ILIS +1 side,p142,p142,x,2808.32523230367,,mm,false
14,SSAT target,fiducial,ILIS +1 side,ILIS +1 side,p142,p142,y,494.3969353609439,,mm,false
14,SSAT target,fiducial,ILIS +1 side,ILIS +1 side,p142,p142,z,3550.334013765627,,mm,false
14,SSAT target,fiducial,ILIS +1 side,ILIS +1 side,p143,p143,x,3009.827128167239,,mm,false
14,SSAT target,fiducial,ILIS +1 side,ILIS +1 side,p143,p143,y,530.0651252544891,,mm,false
14,SSAT target,fiducial,ILIS +1 side,ILIS +1 side,p143,p143,z,3555.28196213898,,mm,false
14,SSAT target,fiducial,ILIS +1 side,ILIS +1 side,p144,p144,x,3007.698921146165,,mm,false
14,SSAT target,fiducial,ILIS +1 side,ILIS +1 side,p144,p144,y,529.6801987178217,,mm,false
14,SSAT target,fiducial,ILIS +1 side,ILIS +1 side,p144,p144,z,3785.441878211343,,mm,false
14,SSAT target,fiducial,ILIS +1 side,ILIS +1 side,p145,p145,x,2803.175419788482,,mm,false
14,SSAT target,fiducial,ILIS +1 side,ILIS +1 side,p145,p145,y,493.5112116160157,,mm,false
14,SSAT target,fiducial,ILIS +1 side,ILIS +1 side,p145,p145,z,3824.823811434878,,mm,false
14,SSAT target,fiducial,ILIS +1 side,ILIS +1 side,p146,p146,x,2629.203480554347,,mm,false
14,SSAT target,fiducial,ILIS +1 side,ILIS +1 side,p146,p146,y,462.8212178339699,,mm,false
14,SSAT target,fiducial,ILIS +1 side,ILIS +1 side,p146,p146,z,3829.2269513114,,mm,false
14,SSAT target,fiducial,ILIS +1 side,ILIS +1 side,p147,p147,x,2612.786920001997,,mm,false
14,SSAT target,fiducial,ILIS +1 side,ILIS +1 side,p147,p147,y,459.9382264857775,,mm,false
14,SSAT target,fiducial,ILIS +1 side,ILIS +1 side,p147,p147,z,4009.006304409906,,mm,false
14,SSAT target,fiducial,ILIS +1 side,ILIS +1 side,p148,p148,x,2800.898975069143,,mm,false
14,SSAT target,fiducial,ILIS +1 side,ILIS +1 side,p148,p148,y,493.0573835375013,,mm,false
14,SSAT target,fiducial,ILIS +1 side,ILIS +1 side,p148,p148,z,4005.313720680561,,mm,false
14,SSAT target,fiducial,ILIS +1 side,ILIS +1 side,p149,p149,x,3009.570990637073,,mm,false
14,SSAT target,fiducial,ILIS +1 side,ILIS +1 side,p149,p149,y,530.0151846911551,,mm,false
14,SSAT target,fiducial,ILIS +1 side,ILIS +1 side,p149,p149,z,4009.001952330624,,mm,false
14,SSAT target,fiducial,ILIS +1 side,ILIS +1 side,p150,p150,x,3007.849618116675,,mm,false
14,SSAT target,fiducial,ILIS +1 side,ILIS +1 side,p150,p150,y,529.6744499890281,,mm,false
14,SSAT target,fiducial,ILIS +1 side,ILIS +1 side,p150,p150,z,4047.041883672686,,mm,false
14,SSAT target,fiducial,ILIS +1 side,ILIS +1 side,p151,p151,x,2808.577643044795,,mm,false
14,SSAT target,fiducial,ILIS +1 side,ILIS +1 side,p151,p151,y,494.5160634566911,,mm,false
14,SSAT target,fiducial,ILIS +1 side,ILIS +1 side,p151,p151,z,4045.154025787488,,mm,false
14,SSAT target,fiducial,ILIS +1 side,ILIS +1 side,p152,p152,x,2620.105852194986,,mm,false
14,SSAT target,fiducial,ILIS +1 side,ILIS +1 side,p152,p152,y,461.2070971251391,,mm,false
14,SSAT target,fiducial,ILIS +1 side,ILIS +1 side,p152,p152,z,4041.106592552772,,mm,false
14,SSAT target,fiducial,ILIS +1 side,ILIS +1 side,p153,p153,x,2616.780845241836,,mm,false
14,SSAT target,fiducial,ILIS +1 side,ILIS +1 side,p153,p153,y,460.564223848549,,mm,false
14,SSAT target,fiducial,ILIS +1 side,ILIS +1 side,p153,p153,z,4180.856460326275,,mm,false
14,SSAT target,fiducial,ILIS +1 side,ILIS +1 side,p154,p154,x,2809.152353213001,,mm,false
14,SSAT target,fiducial,ILIS +1 side,ILIS +1 side,p154,p154,y,494.5927633851942,,mm,false
14,SSAT target,fiducial,ILIS +1 side,ILIS +1 side,p154,p154,z,4194.034048038102,,mm,false
14,SSAT target,fiducial,ILIS +1 side,ILIS +1 side,p155,p155,x,3014.104685384459,,mm,false
14,SSAT target,fiducial,ILIS +1 side,ILIS +1 side,p155,p155,y,530.7810034786963,,mm,false
14,SSAT target,fiducial,ILIS +1 side,ILIS +1 side,p155,p155,z,4187.562130515801,,mm,false
14,SSAT target,fiducial,ILIS +1 side,ILIS +1 side,p156,p156,x,2632.759648638709,,mm,false
14,SSAT target,fiducial,ILIS +1 side,ILIS +1 side,p156,p156,y,463.406285511721,,mm,false
14,SSAT target,fiducial,ILIS +1 side,ILIS +1 side,p156,p156,z,4500.35709119812,,mm,false
14,SSAT target,fiducial,ILIS +1 side,ILIS +1 side,p157,p157,x,2775.301136092738,,mm,false
14,SSAT target,fiducial,ILIS +1 side,ILIS +1 side,p157,p157,y,488.6380213786022,,mm,false
14,SSAT target,fiducial,ILIS +1 side,ILIS +1 side,p157,p157,z,4499.742713841202,,mm,false
14,SSAT target,fiducial,ILIS +1 side,ILIS +1 side,p158,p158,x,2925.102470053144,,mm,false
14,SSAT target,fiducial,ILIS +1 side,ILIS +1 side,p158,p158,y,515.0291993894054,,mm,false
14,SSAT target,fiducial,ILIS +1 side,ILIS +1 side,p158,p158,z,4505.338620102509,,mm,false
14,SSAT target,fiducial,ILIS +1 side,ILIS +1 side,p159,p159,x,2576.914941542646,,mm,false
14,SSAT target,fiducial,ILIS +1 side,ILIS +1 side,p159,p159,y,453.4993196457889,,mm,false
14,SSAT target,fiducial,ILIS +1 side,ILIS +1 side,p159,p159,z,4054.124887500666,,mm,false
14,SSAT target,fiducial,ILIS +1 side,ILIS +1 side,p160,p160,x,2394.443337080639,,mm,false
14,SSAT target,fiducial,ILIS +1 side,ILIS +1 side,p160,p160,y,421.3300790319885,,mm,false
14,SSAT target,fiducial,ILIS +1 side,ILIS +1 side,p160,p160,z,4046.697692647146,,mm,false
14,SSAT target,fiducial,ILIS +1 side,ILIS +1 side,p161,p161,x,2186.861516431718,,mm,false
14,SSAT target,fiducial,ILIS +1 side,ILIS +1 side,p161,p161,y,384.8323183531626,,mm,false
14,SSAT target,fiducial,ILIS +1 side,ILIS +1 side,p161,p161,z,4038.279509855677,,mm,false
14,SSAT target,fiducial,ILIS +1 side,ILIS +1 side,p162,p162,x,2197.704556312143,,mm,false
14,SSAT target,fiducial,ILIS +1 side,ILIS +1 side,p162,p162,y,386.6173301497344,,mm,false
14,SSAT target,fiducial,ILIS +1 side,ILIS +1 side,p162,p162,z,4236.919934792388,,mm,false
14,SSAT target,fiducial,ILIS +1 side,ILIS +1 side,p163,p163,x,2393.326932386688,,mm,false
14,SSAT target,fiducial,ILIS +1 side,ILIS +1 side,p163,p163,y,421.1062000434709,,mm,false
14,SSAT target,fiducial,ILIS +1 side,ILIS +1 side,p163,p163,z,4226.437648190586,,mm,false
14,SSAT target,fiducial,ILIS +1 side,ILIS +1 side,p164,p164,x,2580.068985395174,,mm,false
14,SSAT target,fiducial,ILIS +1 side,ILIS +1 side,p164,p164,y,454.165437532542,,mm,false
14,SSAT target,fiducial,ILIS +1 side,ILIS +1 side,p164,p164,z,4222.70501442652,,mm,false
14,SSAT target,fiducial,ILIS +1 side,ILIS +1 side,p165,p165,x,2249.015740852971,,mm,false
14,SSAT target,fiducial,ILIS +1 side,ILIS +1 side,p165,p165,y,395.6985856105786,,mm,false
14,SSAT target,fiducial,ILIS +1 side,ILIS +1 side,p165,p165,z,4499.651958992469,,mm,false
14,SSAT target,fiducial,ILIS +1 side,ILIS +1 side,p166,p166,x,2416.12740332834,,mm,false
14,SSAT target,fiducial,ILIS +1 side,ILIS +1 side,p166,p166,y,425.0888535951127,,mm,false
14,SSAT target,fiducial,ILIS +1 side,ILIS +1 side,p166,p166,z,4500.908546639814,,mm,false
14,SSAT target,fiducial,ILIS +1 side,ILIS +1 side,p167,p167,x,2571.168958708823,,mm,false
14,SSAT target,fiducial,ILIS +1 side,ILIS +1 side,p167,p167,y,452.4698284451181,,mm,false
14,SSAT target,fiducial,ILIS +1 side,ILIS +1 side,p167,p167,z,4501.894660965937,,mm,false
14,SSAT target,fiducial,ILIS +1 side,ILIS +1 side,p168,p168,x,3008.576181967435,,mm,false
14,SSAT target,fiducial,ILIS +1 side,ILIS +1 side,p168,p168,y,529.8131337934377,,mm,false
14,SSAT target,fiducial,ILIS +1 side,ILIS +1 side,p168,p168,z,2737.851911410535,,mm,false
14,SSAT target,fiducial,ILIS +1 side,ILIS +1 side,p169,p169,x,2772.673263698085,,mm,false
14,SSAT target,fiducial,ILIS +1 side,ILIS +1 side,p169,p169,y,488.0765282687609,,mm,false
14,SSAT target,fiducial,ILIS +1 side,ILIS +1 side,p169,p169,z,2751.742606543676,,mm,false
14,SSAT target,fiducial,ILIS +1 side,ILIS +1 side,p170,p170,x,2392.541192450509,,mm,false
14,SSAT target,fiducial,ILIS +1 side,ILIS +1 side,p170,p170,y,420.9597306301719,,mm,false
14,SSAT target,fiducial,ILIS +1 side,ILIS +1 side,p170,p170,z,2700.357615702295,,mm,false
14,SSAT target,fiducial,ILIS +1 side,ILIS +1 side,p171,p171,x,2175.328184146616,,mm,false
14,SSAT target,fiducial,ILIS +1 side,ILIS +1 side,p171,p171,y,382.6018631046903,,mm,false
14,SSAT target,fiducial,ILIS +1 side,ILIS +1 side,p171,p171,z,2722.299049622401,,mm,false
14,SSAT target,fiducial,ILIS +1 side,ILIS +1 side,p172,p172,x,2177.778498730933,,mm,false
14,SSAT target,fiducial,ILIS +1 side,ILIS +1 side,p172,p172,y,383.0657280618525,,mm,false
14,SSAT target,fiducial,ILIS +1 side,ILIS +1 side,p172,p172,z,2995.419147176095,,mm,false
14,SSAT target,fiducial,ILIS +1 side,ILIS +1 side,p173,p173,x,2445.361613277913,,mm,false
14,SSAT target,fiducial,ILIS +1 side,ILIS +1 side,p173,p173,y,430.3004179202866,,mm,false
14,SSAT target,fiducial,ILIS +1 side,ILIS +1 side,p173,p173,z,2984.989699284881,,mm,false
14,SSAT target,fiducial,ILIS +1 side,ILIS +1 side,p174,p174,x,2735.854505113285,,mm,false
14,SSAT target,fiducial,ILIS +1 side,ILIS +1 side,p174,p174,y,481.6234934242709,,mm,false
14,SSAT target,fiducial,ILIS +1 side,ILIS +1 side,p174,p174,z,2987.501155821471,,mm,false
14,SSAT target,fiducial,ILIS +1 side,ILIS +1 side,p175,p175,x,3014.047331475139,,mm,false
14,SSAT target,fiducial,ILIS +1 side,ILIS +1 side,p175,p175,y,530.827318769322,,mm,false
14,SSAT target,fiducial,ILIS +1 side,ILIS +1 side,p175,p175,z,2988.392128445444,,mm,false
14,SSAT target,fiducial,ILIS +1 side,ILIS +1 side,p176,p176,x,2198.240347156579,,mm,false
14,SSAT target,fiducial,ILIS +1 side,ILIS +1 side,p176,p176,y,386.5193863185883,,mm,false
14,SSAT target,fiducial,ILIS +1 side,ILIS +1 side,p176,p176,z,3230.289950818547,,mm,false
14,SSAT target,fiducial,ILIS +1 side,ILIS +1 side,p177,p177,x,2470.063482960876,,mm,false
14,SSAT target,fiducial,ILIS +1 side,ILIS +1 side,p177,p177,y,434.6038126146055,,mm,false
14,SSAT target,fiducial,ILIS +1 side,ILIS +1 side,p177,p177,z,3220.650672354821,,mm,false
14,SSAT target,fiducial,ILIS +1 side,ILIS +1 side,p178,p178,x,2751.886559546166,,mm,false
14,SSAT target,fiducial,ILIS +1 side,ILIS +1 side,p178,p178,y,484.3075636198889,,mm,false
14,SSAT target,fiducial,ILIS +1 side,ILIS +1 side,p178,p178,z,3215.321785040701,,mm,false
14,SSAT target,fiducial,ILIS +1 side,ILIS +1 side,p179,p179,x,3009.919076786694,,mm,false
14,SSAT target,fiducial,ILIS +1 side,ILIS +1 side,p179,p179,y,530.0624925822334,,mm,false
14,SSAT target,fiducial,ILIS +1 side,ILIS +1 side,p179,p179,z,3219.271965057761,,mm,false
14,SSAT target,fiducial,ILIS +1 side,ILIS +1 side,p180,p180,x,2196.002159717572,,mm,false
14,SSAT target,fiducial,ILIS +1 side,ILIS +1 side,p180,p180,y,386.2144753844598,,mm,false
14,SSAT target,fiducial,ILIS +1 side,ILIS +1 side,p180,p180,z,3460.029864734937,,mm,false
14,SSAT target,fiducial,ILIS +1 side,ILIS +1 side,p181,p181,x,2488.005433720268,,mm,false
14,SSAT target,fiducial,ILIS +1 side,ILIS +1 side,p181,p181,y,437.737691810372,,mm,false
14,SSAT target,fiducial,ILIS +1 side,ILIS +1 side,p181,p181,z,3452.121379365738,,mm,false
14,SSAT target,fiducial,ILIS +1 side,ILIS +1 side,p182,p182,x,2751.208017321112,,mm,false
14,SSAT target,fiducial,ILIS +1 side,ILIS +1 side,p182,p182,y,484.2923328214109,,mm,false
14,SSAT target,fiducial,ILIS +1 side,ILIS +1 side,p182,p182,z,3455.511760785884,,mm,false
14,SSAT target,fiducial,ILIS +1 side,ILIS +1 side,p183,p183,x,3002.800787901365,,mm,false
14,SSAT target,fiducial,ILIS +1 side,ILIS +1 side,p183,p183,y,528.7578382784726,,mm,false
14,SSAT target,fiducial,ILIS +1 side,ILIS +1 side,p183,p183,z,3450.23168349475,,mm,false
14,SSAT target,fiducial,ILIS -1 side,ILIS -1 side,p1,p1,x,2987.012971202112,,mm,false
14,SSAT target,fiducial,ILIS -1 side,ILIS -1 side,p1,p1,y,-525.4338280365267,,mm,false
14,SSAT target,fiducial,ILIS -1 side,ILIS -1 side,p1,p1,z,4479.36799425046,,mm,false
14,SSAT target,fiducial,ILIS -1 side,ILIS -1 side,p2,p2,x,3016.31042071204,,mm,false
14,SSAT target,fiducial,ILIS -1 side,ILIS -1 side,p2,p2,y,-530.610747428934,,mm,false
14,SSAT target,fiducial,ILIS -1 side,ILIS -1 side,p2,p2,z,4261.428922356919,,mm,false
14,SSAT target,fiducial,ILIS -1 side,ILIS -1 side,p3,p3,x,2998.84825123681,,mm,false
14,SSAT target,fiducial,ILIS -1 side,ILIS -1 side,p3,p3,y,-527.5050130070604,,mm,false
14,SSAT target,fiducial,ILIS -1 side,ILIS -1 side,p3,p3,z,4046.298369317797,,mm,false
14,SSAT target,fiducial,ILIS -1 side,ILIS -1 side,p4,p4,x,2782.880529015035,,mm,false
14,SSAT target,fiducial,ILIS -1 side,ILIS -1 side,p4,p4,y,-489.5024272329863,,mm,false
14,SSAT target,fiducial,ILIS -1 side,ILIS -1 side,p4,p4,z,4044.29152283074,,mm,false
14,SSAT target,fiducial,ILIS -1 side,ILIS -1 side,p5,p5,x,2796.293024155157,,mm,false
14,SSAT target,fiducial,ILIS -1 side,ILIS -1 side,p5,p5,y,-491.8377531378005,,mm,false
14,SSAT target,fiducial,ILIS -1 side,ILIS -1 side,p5,p5,z,4251.521948750859,,mm,false
14,SSAT target,fiducial,ILIS -1 side,ILIS -1 side,p6,p6,x,2797.5038759751,,mm,false
14,SSAT target,fiducial,ILIS -1 side,ILIS -1 side,p6,p6,y,-492.0734596482546,,mm,false
14,SSAT target,fiducial,ILIS -1 side,ILIS -1 side,p6,p6,z,4508.391986864126,,mm,false
14,SSAT target,fiducial,ILIS -1 side,ILIS -1 side,p7,p7,x,2622.615610456237,,mm,false
14,SSAT target,fiducial,ILIS -1 side,ILIS -1 side,p7,p7,y,-461.2533373742419,,mm,false
14,SSAT target,fiducial,ILIS -1 side,ILIS -1 side,p7,p7,z,4509.936443667953,,mm,false
14,SSAT target,fiducial,ILIS -1 side,ILIS -1 side,p8,p8,x,2621.141976249502,,mm,false
14,SSAT target,fiducial,ILIS -1 side,ILIS -1 side,p8,p8,y,-461.0631605383342,,mm,false
14,SSAT target,fiducial,ILIS -1 side,ILIS -1 side,p8,p8,z,4050.026395033445,,mm,false
14,SSAT target,fiducial,ILIS -1 side,ILIS -1 side,p9,p9,x,2621.643926650516,,mm,false
14,SSAT target,fiducial,ILIS -1 side,ILIS -1 side,p9,p9,y,-461.0581566554049,,mm,false
14,SSAT target,fiducial,ILIS -1 side,ILIS -1 side,p9,p9,z,4276.39641319123,,mm,false
14,SSAT target,fiducial,ILIS -1 side,ILIS -1 side,p10,p10,x,2622.843481104297,,mm,false
14,SSAT target,fiducial,ILIS -1 side,ILIS -1 side,p10,p10,y,-461.3523204597523,,mm,false
14,SSAT target,fiducial,ILIS -1 side,ILIS -1 side,p10,p10,z,4007.236449160974,,mm,false
14,SSAT target,fiducial,ILIS -1 side,ILIS -1 side,p11,p11,x,2821.841364909458,,mm,false
14,SSAT target,fiducial,ILIS -1 side,ILIS -1 side,p11,p11,y,-496.36392820485,,mm,false
14,SSAT target,fiducial,ILIS -1 side,ILIS -1 side,p11,p11,z,4009.582757787584,,mm,false
14,SSAT target,fiducial,ILIS -1 side,ILIS -1 side,p12,p12,x,2617.541208947855,,mm,false
14,SSAT target,fiducial,ILIS -1 side,ILIS -1 side,p12,p12,y,-460.3272810090141,,mm,false
14,SSAT target,fiducial,ILIS -1 side,ILIS -1 side,p12,p12,z,3791.59628290222,,mm,false
14,SSAT target,fiducial,ILIS -1 side,ILIS -1 side,p13,p13,x,2620.209984674737,,mm,false
14,SSAT target,fiducial,ILIS -1 side,ILIS -1 side,p13,p13,y,-460.7920045172246,,mm,false
14,SSAT target,fiducial,ILIS -1 side,ILIS -1 side,p13,p13,z,3544.056367397304,,mm,false
14,SSAT target,fiducial,ILIS -1 side,ILIS -1 side,p14,p14,x,2781.780008610339,,mm,false
14,SSAT target,fiducial,ILIS -1 side,ILIS -1 side,p14,p14,y,-489.3465197797931,,mm,false
14,SSAT target,fiducial,ILIS -1 side,ILIS -1 side,p14,p14,z,3777.971486882062,,mm,false
14,SSAT target,fiducial,ILIS -1 side,ILIS -1 side,p15,p15,x,3017.517225149296,,mm,false
14,SSAT target,fiducial,ILIS -1 side,ILIS -1 side,p15,p15,y,-530.7604434239847,,mm,false
14,SSAT target,fiducial,ILIS -1 side,ILIS -1 side,p15,p15,z,3788.628961576297,,mm,false
14,SSAT target,fiducial,ILIS -1 side,ILIS -1 side,p16,p16,x,3020.815913252144,,mm,false
14,SSAT target,fiducial,ILIS -1 side,ILIS -1 side,p16,p16,y,-531.4052511269147,,mm,false
14,SSAT target,fiducial,ILIS -1 side,ILIS -1 side,p16,p16,z,3543.259064523243,,mm,false
14,SSAT target,fiducial,ILIS -1 side,ILIS -1 side,p17,p17,x,3022.229432368536,,mm,false
14,SSAT target,fiducial,ILIS -1 side,ILIS -1 side,p17,p17,y,-531.6054951244165,,mm,false
14,SSAT target,fiducial,ILIS -1 side,ILIS -1 side,p17,p17,z,4006.389110801876,,mm,false
14,SSAT target,fiducial,ILIS -1 side,ILIS -1 side,p18,p18,x,2784.538161218221,,mm,false
14,SSAT target,fiducial,ILIS -1 side,ILIS -1 side,p18,p18,y,-489.7516350929629,,mm,false
14,SSAT target,fiducial,ILIS -1 side,ILIS -1 side,p18,p18,z,3548.051575878742,,mm,false
14,SSAT target,fiducial,ILIS -1 side,ILIS -1 side,p19,p19,x,2270.597063093319,,mm,false
14,SSAT target,fiducial,ILIS -1 side,ILIS -1 side,p19,p19,y,-399.1618824505227,,mm,false
14,SSAT target,fiducial,ILIS -1 side,ILIS -1 side,p19,p19,z,4008.045287003526,,mm,false
14,SSAT target,fiducial,ILIS -1 side,ILIS -1 side,p20,p20,x,2230.865630240477,,mm,false
14,SSAT target,fiducial,ILIS -1 side,ILIS -1 side,p20,p20,y,-392.164539701687,,mm,false
14,SSAT target,fiducial,ILIS -1 side,ILIS -1 side,p20,p20,z,3778.554027392369,,mm,false
14,SSAT target,fiducial,ILIS -1 side,ILIS -1 side,p21,p21,x,2254.793453044983,,mm,false
14,SSAT target,fiducial,ILIS -1 side,ILIS -1 side,p21,p21,y,-396.3509524205035,,mm,false
14,SSAT target,fiducial,ILIS -1 side,ILIS -1 side,p21,p21,z,3551.734786267672,,mm,false
14,SSAT target,fiducial,ILIS -1 side,ILIS -1 side,p22,p22,x,2374.112306978614,,mm,false
14,SSAT target,fiducial,ILIS -1 side,ILIS -1 side,p22,p22,y,-417.4478329119362,,mm,false
14,SSAT target,fiducial,ILIS -1 side,ILIS -1 side,p22,p22,z,3549.518566627177,,mm,false
14,SSAT target,fiducial,ILIS -1 side,ILIS -1 side,p23,p23,x,2393.174857026389,,mm,false
14,SSAT target,fiducial,ILIS -1 side,ILIS -1 side,p23,p23,y,-420.8034164991371,,mm,false
14,SSAT target,fiducial,ILIS -1 side,ILIS -1 side,p23,p23,z,3753.539171087769,,mm,false
14,SSAT target,fiducial,ILIS -1 side,ILIS -1 side,p24,p24,x,2405.745770688688,,mm,false
14,SSAT target,fiducial,ILIS -1 side,ILIS -1 side,p24,p24,y,-423.1096703803389,,mm,false
14,SSAT target,fiducial,ILIS -1 side,ILIS -1 side,p24,p24,z,4005.289567756236,,mm,false
14,SSAT target,fiducial,ILIS -1 side,ILIS -1 side,p25,p25,x,2579.223865117661,,mm,false
14,SSAT target,fiducial,ILIS -1 side,ILIS -1 side,p25,p25,y,-453.5998281500693,,mm,false
14,SSAT target,fiducial,ILIS -1 side,ILIS -1 side,p25,p25,z,4009.09506804786,,mm,false
14,SSAT target,fiducial,ILIS -1 side,ILIS -1 side,p26,p26,x,2577.782556420642,,mm,false
14,SSAT target,fiducial,ILIS -1 side,ILIS -1 side,p26,p26,y,-453.3443908668343,,mm,false
14,SSAT target,fiducial,ILIS -1 side,ILIS -1 side,p26,p26,z,3765.105022183209,,mm,false
14,SSAT target,fiducial,ILIS -1 side,ILIS -1 side,p27,p27,x,2577.910245702837,,mm,false
14,SSAT target,fiducial,ILIS -1 side,ILIS -1 side,p27,p27,y,-453.289655779286,,mm,false
14,SSAT target,fiducial,ILIS -1 side,ILIS -1 side,p27,p27,z,3548.965027736283,,mm,false
14,SSAT target,fiducial,ILIS -1 side,ILIS -1 side,p28,p28,x,2575.482476065504,,mm,false
14,SSAT target,fiducial,ILIS -1 side,ILIS -1 side,p28,p28,y,-453.0004894265793,,mm,false
14,SSAT target,fiducial,ILIS -1 side,ILIS -1 side,p28,p28,z,4049.134948180734,,mm,false
14,SSAT target,fiducial,ILIS -1 side,ILIS -1 side,p29,p29,x,2580.354256148355,,mm,false
14,SSAT target,fiducial,ILIS -1 side,ILIS -1 side,p29,p29,y,-453.8158150120245,,mm,false
14,SSAT target,fiducial,ILIS -1 side,ILIS -1 side,p29,p29,z,4278.95510374376,,mm,false
14,SSAT target,fiducial,ILIS -1 side,ILIS -1 side,p30,p30,x,2578.246238971696,,mm,false
14,SSAT target,fiducial,ILIS -1 side,ILIS -1 side,p30,p30,y,-453.4606521004277,,mm,false
14,SSAT target,fiducial,ILIS -1 side,ILIS -1 side,p30,p30,z,4504.985036767883,,mm,false
14,SSAT target,fiducial,ILIS -1 side,ILIS -1 side,p31,p31,x,2389.804363961123,,mm,false
14,SSAT target,fiducial,ILIS -1 side,ILIS -1 side,p31,p31,y,-420.1997168566866,,mm,false
14,SSAT target,fiducial,ILIS -1 side,ILIS -1 side,p31,p31,z,4049.599064729645,,mm,false
14,SSAT target,fiducial,ILIS -1 side,ILIS -1 side,p32,p32,x,2237.055865995294,,mm,false
14,SSAT target,fiducial,ILIS -1 side,ILIS -1 side,p32,p32,y,-393.2908835963733,,mm,false
14,SSAT target,fiducial,ILIS -1 side,ILIS -1 side,p32,p32,z,4051.294223056174,,mm,false
14,SSAT target,fiducial,ILIS -1 side,ILIS -1 side,p33,p33,x,2266.517978925755,,mm,false
14,SSAT target,fiducial,ILIS -1 side,ILIS -1 side,p33,p33,y,-398.4972745178467,,mm,false
14,SSAT target,fiducial,ILIS -1 side,ILIS -1 side,p33,p33,z,4264.585156748269,,mm,false
14,SSAT target,fiducial,ILIS -1 side,ILIS -1 side,p34,p34,x,2427.365909285802,,mm,false
14,SSAT target,fiducial,ILIS -1 side,ILIS -1 side,p34,p34,y,-426.8768756673866,,mm,false
14,SSAT target,fiducial,ILIS -1 side,ILIS -1 side,p34,p34,z,4276.450254197627,,mm,false
14,SSAT target,fiducial,ILIS -1 side,ILIS -1 side,p35,p35,x,2364.211625546672,,mm,false
14,SSAT target,fiducial,ILIS -1 side,ILIS -1 side,p35,p35,y,-415.7262507802546,,mm,false
14,SSAT target,fiducial,ILIS -1 side,ILIS -1 side,p35,p35,z,4415.118253065513,,mm,false
14,SSAT target,fiducial,ILIS -1 side,ILIS -1 side,p36,p36,x,2337.058543872923,,mm,false
14,SSAT target,fiducial,ILIS -1 side,ILIS -1 side,p36,p36,y,-410.9367469818873,,mm,false
14,SSAT target,fiducial,ILIS -1 side,ILIS -1 side,p36,p36,z,4509.597392609564,,mm,false
14,SSAT target,fiducial,ILIS -1 side,ILIS -1 side,p37,p37,x,3026.461212876598,,mm,false
14,SSAT target,fiducial,ILIS -1 side,ILIS -1 side,p37,p37,y,-532.3137657355658,,mm,false
14,SSAT target,fiducial,ILIS -1 side,ILIS -1 side,p37,p37,z,2549.119244481134,,mm,false
14,SSAT target,fiducial,ILIS -1 side,ILIS -1 side,p38,p38,x,3027.268525194581,,mm,false
14,SSAT target,fiducial,ILIS -1 side,ILIS -1 side,p38,p38,y,-532.4416366290618,,mm,false
14,SSAT target,fiducial,ILIS -1 side,ILIS -1 side,p38,p38,z,2905.699270696647,,mm,false
14,SSAT target,fiducial,ILIS -1 side,ILIS -1 side,p39,p39,x,3028.149405262512,,mm,false
14,SSAT target,fiducial,ILIS -1 side,ILIS -1 side,p39,p39,y,-532.6073090566233,,mm,false
14,SSAT target,fiducial,ILIS -1 side,ILIS -1 side,p39,p39,z,3161.889298611382,,mm,false
14,SSAT target,fiducial,ILIS -1 side,ILIS -1 side,p40,p40,x,2687.264959257061,,mm,false
14,SSAT target,fiducial,ILIS -1 side,ILIS -1 side,p40,p40,y,-472.5038988636688,,mm,false
14,SSAT target,fiducial,ILIS -1 side,ILIS -1 side,p40,p40,z,2541.418494177576,,mm,false
14,SSAT target,fiducial,ILIS -1 side,ILIS -1 side,p41,p41,x,2690.902501887595,,mm,false
14,SSAT target,fiducial,ILIS -1 side,ILIS -1 side,p41,p41,y,-473.2217708701587,,mm,false
14,SSAT target,fiducial,ILIS -1 side,ILIS -1 side,p41,p41,z,2890.558608090877,,mm,false
14,SSAT target,fiducial,ILIS -1 side,ILIS -1 side,p42,p42,x,2394.176508624128,,mm,false
14,SSAT target,fiducial,ILIS -1 side,ILIS -1 side,p42,p42,y,-420.9077709350347,,mm,false
14,SSAT target,fiducial,ILIS -1 side,ILIS -1 side,p42,p42,z,2582.08920339635,,mm,false
14,SSAT target,fiducial,ILIS -1 side,ILIS -1 side,p43,p43,x,2421.744688096777,,mm,false
14,SSAT target,fiducial,ILIS -1 side,ILIS -1 side,p43,p43,y,-425.7664913605118,,mm,false
14,SSAT target,fiducial,ILIS -1 side,ILIS -1 side,p43,p43,z,2906.560077461174,,mm,false
14,SSAT target,fiducial,ILIS -1 side,ILIS -1 side,p44,p44,x,2513.541283618992,,mm,false
14,SSAT target,fiducial,ILIS -1 side,ILIS -1 side,p44,p44,y,-441.9195144030995,,mm,false
14,SSAT target,fiducial,ILIS -1 side,ILIS -1 side,p44,p44,z,3257.132987848038,,mm,false
14,SSAT target,fiducial,ILIS -1 side,ILIS -1 side,p45,p45,x,3023.846782245178,,mm,false
14,SSAT target,fiducial,ILIS -1 side,ILIS -1 side,p45,p45,y,-531.8848737660098,,mm,false
14,SSAT target,fiducial,ILIS -1 side,ILIS -1 side,p45,p45,z,3518.039161762305,,mm,false
14,SSAT target,fiducial,ILIS -1 side,ILIS -1 side,p46,p46,x,2718.54999995958,,mm,false
14,SSAT target,fiducial,ILIS -1 side,ILIS -1 side,p46,p46,y,-478.1970823944685,,mm,false
14,SSAT target,fiducial,ILIS -1 side,ILIS -1 side,p46,p46,z,3515.209482680512,,mm,false
14,SSAT target,fiducial,ILIS -1 side,ILIS -1 side,p47,p47,x,2703.919520177797,,mm,false
14,SSAT target,fiducial,ILIS -1 side,ILIS -1 side,p47,p47,y,-475.5104548219311,,mm,false
14,SSAT target,fiducial,ILIS -1 side,ILIS -1 side,p47,p47,z,3251.879021104869,,mm,false
14,SSAT target,fiducial,ILIS -1 side,ILIS -1 side,p48,p48,x,2482.402472925226,,mm,false
14,SSAT target,fiducial,ILIS -1 side,ILIS -1 side,p48,p48,y,-436.4533383225241,,mm,false
14,SSAT target,fiducial,ILIS -1 side,ILIS -1 side,p48,p48,z,3513.822000639069,,mm,false
14,SSAT target,fiducial,ILIS -1 side,ILIS -1 side,p49,p49,x,2306.084363784256,,mm,false
14,SSAT target,fiducial,ILIS -1 side,ILIS -1 side,p49,p49,y,-405.3530465624518,,mm,false
14,SSAT target,fiducial,ILIS -1 side,ILIS -1 side,p49,p49,z,3511.426412738149,,mm,false
14,SSAT target,fiducial,ILIS -1 side,ILIS -1 side,p50,p50,x,2305.883328191374,,mm,false
14,SSAT target,fiducial,ILIS -1 side,ILIS -1 side,p50,p50,y,-405.2875059904792,,mm,false
14,SSAT target,fiducial,ILIS -1 side,ILIS -1 side,p50,p50,z,3259.446406806877,,mm,false
14,SSAT target,fiducial,ILIS -1 side,ILIS -1 side,p51,p51,x,2327.67712192183,,mm,false
14,SSAT target,fiducial,ILIS -1 side,ILIS -1 side,p51,p51,y,-409.1201232568808,,mm,false
14,SSAT target,fiducial,ILIS -1 side,ILIS -1 side,p51,p51,z,2865.297097407858,,mm,false
14,SSAT target,fiducial,ILIS -1 side,ILIS -1 side,p52,p52,x,2354.967839975453,,mm,false
14,SSAT target,fiducial,ILIS -1 side,ILIS -1 side,p52,p52,y,-414.0249190951905,,mm,false
14,SSAT target,fiducial,ILIS -1 side,ILIS -1 side,p52,p52,z,2555.887960041326,,mm,false
14,SSAT target,fiducial,ILIS -1 side,ILIS -1 side,p53,p53,x,3015.932488416545,,mm,false
14,SSAT target,fiducial,ILIS -1 side,ILIS -1 side,p53,p53,y,-530.4524339514774,,mm,false
14,SSAT target,fiducial,ILIS -1 side,ILIS -1 side,p53,p53,z,2516.288910866719,,mm,false
14,SSAT target,fiducial,ILIS -1 side,ILIS -1 side,p54,p54,x,2747.415192398076,,mm,false
14,SSAT target,fiducial,ILIS -1 side,ILIS -1 side,p54,p54,y,-483.1868653640121,,mm,false
14,SSAT target,fiducial,ILIS -1 side,ILIS -1 side,p54,p54,z,2517.420398839941,,mm,false
14,SSAT target,fiducial,ILIS -1 side,ILIS -1 side,p55,p55,x,2483.997885994344,,mm,false
14,SSAT target,fiducial,ILIS -1 side,ILIS -1 side,p55,p55,y,-436.761569250934,,mm,false
14,SSAT target,fiducial,ILIS -1 side,ILIS -1 side,p55,p55,z,2517.472049742882,,mm,false
14,SSAT target,fiducial,ILIS -1 side,ILIS -1 side,p56,p56,x,2314.680137131785,,mm,false
14,SSAT target,fiducial,ILIS -1 side,ILIS -1 side,p56,p56,y,-406.8914176491131,,mm,false
14,SSAT target,fiducial,ILIS -1 side,ILIS -1 side,p56,p56,z,2502.936683789481,,mm,false
14,SSAT target,fiducial,ILIS -1 side,ILIS -1 side,p57,p57,x,3025.563040088025,,mm,false
14,SSAT target,fiducial,ILIS -1 side,ILIS -1 side,p57,p57,y,-532.1964201185262,,mm,false
14,SSAT target,fiducial,ILIS -1 side,ILIS -1 side,p57,p57,z,2216.719214824625,,mm,false
14,SSAT target,fiducial,ILIS -1 side,ILIS -1 side,p58,p58,x,2692.875189080541,,mm,false
14,SSAT target,fiducial,ILIS -1 side,ILIS -1 side,p58,p58,y,-473.5378755844969,,mm,false
14,SSAT target,fiducial,ILIS -1 side,ILIS -1 side,p58,p58,z,2252.058670750983,,mm,false
14,SSAT target,fiducial,ILIS -1 side,ILIS -1 side,p59,p59,x,2464.997415780873,,mm,false
14,SSAT target,fiducial,ILIS -1 side,ILIS -1 side,p59,p59,y,-433.4447045759805,,mm,false
14,SSAT target,fiducial,ILIS -1 side,ILIS -1 side,p59,p59,z,2254.901446589378,,mm,false
14,SSAT target,fiducial,ILIS -1 side,ILIS -1 side,p60,p60,x,2310.389113357557,,mm,false
14,SSAT target,fiducial,ILIS -1 side,ILIS -1 side,p60,p60,y,-406.0956584292562,,mm,false
14,SSAT target,fiducial,ILIS -1 side,ILIS -1 side,p60,p60,z,2251.816548431456,,mm,false
14,SSAT target,fiducial,ILIS -1 side,ILIS -1 side,p61,p61,x,3024.947793545692,,mm,false
14,SSAT target,fiducial,ILIS -1 side,ILIS -1 side,p61,p61,y,-532.1472829267713,,mm,false
14,SSAT target,fiducial,ILIS -1 side,ILIS -1 side,p61,p61,z,1801.919193661139,,mm,false
14,SSAT target,fiducial,ILIS -1 side,ILIS -1 side,p62,p62,x,2720.311574453414,,mm,false
14,SSAT target,fiducial,ILIS -1 side,ILIS -1 side,p62,p62,y,-478.369185648815,,mm,false
14,SSAT target,fiducial,ILIS -1 side,ILIS -1 side,p62,p62,z,1783.39954003791,,mm,false
14,SSAT target,fiducial,ILIS -1 side,ILIS -1 side,p63,p63,x,2337.984956350347,,mm,false
14,SSAT target,fiducial,ILIS -1 side,ILIS -1 side,p63,p63,y,-410.9773106110387,,mm,false
14,SSAT target,fiducial,ILIS -1 side,ILIS -1 side,p63,p63,z,1798.327422297771,,mm,false
14,SSAT target,fiducial,ILIS -1 side,ILIS -1 side,p64,p64,x,2493.783605266236,,mm,false
14,SSAT target,fiducial,ILIS -1 side,ILIS -1 side,p64,p64,y,-438.5262049307011,,mm,false
14,SSAT target,fiducial,ILIS -1 side,ILIS -1 side,p64,p64,z,1791.342358393431,,mm,false
14,SSAT target,fiducial,ILIS -1 side,ILIS -1 side,p65,p65,x,3026.546960300446,,mm,false
14,SSAT target,fiducial,ILIS -1 side,ILIS -1 side,p65,p65,y,-532.3817112975161,,mm,false
14,SSAT target,fiducial,ILIS -1 side,ILIS -1 side,p65,p65,z,1543.759245162094,,mm,false
14,SSAT target,fiducial,ILIS -1 side,ILIS -1 side,p66,p66,x,2761.359685736375,,mm,false
14,SSAT target,fiducial,ILIS -1 side,ILIS -1 side,p66,p66,y,-485.6163049368456,,mm,false
14,SSAT target,fiducial,ILIS -1 side,ILIS -1 side,p66,p66,z,1543.470840582995,,mm,false
14,SSAT target,fiducial,ILIS -1 side,ILIS -1 side,p67,p67,x,2467.562415134831,,mm,false
14,SSAT target,fiducial,ILIS -1 side,ILIS -1 side,p67,p67,y,-433.8894124234471,,mm,false
14,SSAT target,fiducial,ILIS -1 side,ILIS -1 side,p67,p67,z,1551.171527434846,,mm,false
14,SSAT target,fiducial,ILIS -1 side,ILIS -1 side,p68,p68,x,2324.154108692586,,mm,false
14,SSAT target,fiducial,ILIS -1 side,ILIS -1 side,p68,p68,y,-408.5509471384507,,mm,false
14,SSAT target,fiducial,ILIS -1 side,ILIS -1 side,p68,p68,z,1544.916983457208,,mm,false
14,SSAT target,fiducial,ILIS -1 side,ILIS -1 side,p69,p69,x,3022.338173238555,,mm,false
14,SSAT target,fiducial,ILIS -1 side,ILIS -1 side,p69,p69,y,-531.6107460921945,,mm,false
14,SSAT target,fiducial,ILIS -1 side,ILIS -1 side,p69,p69,z,1510.90911237515,,mm,false
14,SSAT target,fiducial,ILIS -1 side,ILIS -1 side,p70,p70,x,2785.760408308417,,mm,false
14,SSAT target,fiducial,ILIS -1 side,ILIS -1 side,p70,p70,y,-489.9771198765005,,mm,false
14,SSAT target,fiducial,ILIS -1 side,ILIS -1 side,p70,p70,z,1516.031612623296,,mm,false
14,SSAT target,fiducial,ILIS -1 side,ILIS -1 side,p71,p71,x,2496.763145031438,,mm,false
14,SSAT target,fiducial,ILIS -1 side,ILIS -1 side,p71,p71,y,-439.0304736398876,,mm,false
14,SSAT target,fiducial,ILIS -1 side,ILIS -1 side,p71,p71,z,1522.252453053493,,mm,false
14,SSAT target,fiducial,ILIS -1 side,ILIS -1 side,p72,p72,x,2328.835350839216,,mm,false
14,SSAT target,fiducial,ILIS -1 side,ILIS -1 side,p72,p72,y,-409.420421407445,,mm,false
14,SSAT target,fiducial,ILIS -1 side,ILIS -1 side,p72,p72,z,1508.567130823942,,mm,false
14,SSAT target,fiducial,ILIS -1 side,ILIS -1 side,p73,p73,x,3030.340713242176,,mm,false
14,SSAT target,fiducial,ILIS -1 side,ILIS -1 side,p73,p73,y,-533.0034234559062,,mm,false
14,SSAT target,fiducial,ILIS -1 side,ILIS -1 side,p73,p73,z,1155.999366096958,,mm,false
14,SSAT target,fiducial,ILIS -1 side,ILIS -1 side,p74,p74,x,2776.443586414291,,mm,false
14,SSAT target,fiducial,ILIS -1 side,ILIS -1 side,p74,p74,y,-488.2685088425695,,mm,false
14,SSAT target,fiducial,ILIS -1 side,ILIS -1 side,p74,p74,z,1148.24131846353,,mm,false
14,SSAT target,fiducial,ILIS -1 side,ILIS -1 side,p75,p75,x,2474.056812021295,,mm,false
14,SSAT target,fiducial,ILIS -1 side,ILIS -1 side,p75,p75,y,-434.9408686907895,,mm,false
14,SSAT target,fiducial,ILIS -1 side,ILIS -1 side,p75,p75,z,1144.601734965214,,mm,false
14,SSAT target,fiducial,ILIS -1 side,ILIS -1 side,p76,p76,x,2333.481698339879,,mm,false
14,SSAT target,fiducial,ILIS -1 side,ILIS -1 side,p76,p76,y,-410.2005764992574,,mm,false
14,SSAT target,fiducial,ILIS -1 side,ILIS -1 side,p76,p76,z,1047.587278538686,,mm,false
14,SSAT target,fiducial,ILIS -1 side,ILIS -1 side,p77,p77,x,2768.406456031677,,mm,false
14,SSAT target,fiducial,ILIS -1 side,ILIS -1 side,p77,p77,y,-486.8201531441258,,mm,false
14,SSAT target,fiducial,ILIS -1 side,ILIS -1 side,p77,p77,z,788.7010641094674,,mm,false
14,SSAT target,fiducial,ILIS -1 side,ILIS -1 side,p78,p78,x,3025.524054020782,,mm,false
14,SSAT target,fiducial,ILIS -1 side,ILIS -1 side,p78,p78,y,-532.1249436449822,,mm,false
14,SSAT target,fiducial,ILIS -1 side,ILIS -1 side,p78,p78,z,782.2792137541027,,mm,false
14,SSAT target,fiducial,ILIS -1 side,ILIS -1 side,p79,p79,x,2503.039106432123,,mm,false
14,SSAT target,fiducial,ILIS -1 side,ILIS -1 side,p79,p79,y,-440.0547826232244,,mm,false
14,SSAT target,fiducial,ILIS -1 side,ILIS -1 side,p79,p79,z,790.5226531275891,,mm,false
14,SSAT target,fiducial,ILIS -1 side,ILIS -1 side,p80,p80,x,2335.510837652233,,mm,false
14,SSAT target,fiducial,ILIS -1 side,ILIS -1 side,p80,p80,y,-410.485044979604,,mm,false
14,SSAT target,fiducial,ILIS -1 side,ILIS -1 side,p80,p80,z,790.1173442330771,,mm,false
14,SSAT target,fiducial,ILIS -1 side,ILIS -1 side,p81,p81,x,2354.99922052556,,mm,false
14,SSAT target,fiducial,ILIS -1 side,ILIS -1 side,p81,p81,y,-414.0408769036686,,mm,false
14,SSAT target,fiducial,ILIS -1 side,ILIS -1 side,p81,p81,z,548.5779590547788,,mm,false
14,SSAT target,fiducial,ILIS -1 side,ILIS -1 side,p82,p82,x,2565.656294452255,,mm,false
14,SSAT target,fiducial,ILIS -1 side,ILIS -1 side,p82,p82,y,-451.1435865262396,,mm,false
14,SSAT target,fiducial,ILIS -1 side,ILIS -1 side,p82,p82,z,570.2846364446106,,mm,false
14,SSAT target,fiducial,ILIS -1 side,ILIS -1 side,p83,p83,x,2798.874962482416,,mm,false
14,SSAT target,fiducial,ILIS -1 side,ILIS -1 side,p83,p83,y,-492.3264765843247,,mm,false
14,SSAT target,fiducial,ILIS -1 side,ILIS -1 side,p83,p83,z,540.5020266076408,,mm,false
14,SSAT target,fiducial,ILIS -1 side,ILIS -1 side,p84,p84,x,3027.912533066339,,mm,false
14,SSAT target,fiducial,ILIS -1 side,ILIS -1 side,p84,p84,y,-532.6098332120661,,mm,false
14,SSAT target,fiducial,ILIS -1 side,ILIS -1 side,p84,p84,z,543.0492878460828,,mm,false
14,SSAT target,fiducial,ILIS -1 side,ILIS -1 side,p85,p85,x,3026.023706506329,,mm,false
14,SSAT target,fiducial,ILIS -1 side,ILIS -1 side,p85,p85,y,-532.2190134852237,,mm,false
14,SSAT target,fiducial,ILIS -1 side,ILIS -1 side,p85,p85,z,510.6892292217956,,mm,false
14,SSAT target,fiducial,ILIS -1 side,ILIS -1 side,p86,p86,x,2710.216724872398,,mm,false
14,SSAT target,fiducial,ILIS -1 side,ILIS -1 side,p86,p86,y,-476.6608017710664,,mm,false
14,SSAT target,fiducial,ILIS -1 side,ILIS -1 side,p86,p86,z,516.5192174199987,,mm,false
14,SSAT target,fiducial,ILIS -1 side,ILIS -1 side,p87,p87,x,2462.629606436253,,mm,false
14,SSAT target,fiducial,ILIS -1 side,ILIS -1 side,p87,p87,y,-433.0062097150946,,mm,false
14,SSAT target,fiducial,ILIS -1 side,ILIS -1 side,p87,p87,z,506.7613704795816,,mm,false
14,SSAT target,fiducial,ILIS -1 side,ILIS -1 side,p88,p88,x,2209.491828478944,,mm,false
14,SSAT target,fiducial,ILIS -1 side,ILIS -1 side,p88,p88,y,-388.3817370043893,,mm,false
14,SSAT target,fiducial,ILIS -1 side,ILIS -1 side,p88,p88,z,517.1333474429073,,mm,false
14,SSAT target,fiducial,ILIS -1 side,ILIS -1 side,p89,p89,x,2222.620521308962,,mm,false
14,SSAT target,fiducial,ILIS -1 side,ILIS -1 side,p89,p89,y,-390.6170556637022,,mm,false
14,SSAT target,fiducial,ILIS -1 side,ILIS -1 side,p89,p89,z,269.033765067067,,mm,false
14,SSAT target,fiducial,ILIS -1 side,ILIS -1 side,p90,p90,x,2450.558871176955,,mm,false
14,SSAT target,fiducial,ILIS -1 side,ILIS -1 side,p90,p90,y,-430.7998712221893,,mm,false
14,SSAT target,fiducial,ILIS -1 side,ILIS -1 side,p90,p90,z,249.8309894018378,,mm,false
14,SSAT target,fiducial,ILIS -1 side,ILIS -1 side,p91,p91,x,2757.225917180298,,mm,false
14,SSAT target,fiducial,ILIS -1 side,ILIS -1 side,p91,p91,y,-484.8575661959091,,mm,false
14,SSAT target,fiducial,ILIS -1 side,ILIS -1 side,p91,p91,z,244.6407090904096,,mm,false
14,SSAT target,fiducial,ILIS -1 side,ILIS -1 side,p92,p92,x,3024.351473647056,,mm,false
14,SSAT target,fiducial,ILIS -1 side,ILIS -1 side,p92,p92,y,-531.9441337174505,,mm,false
14,SSAT target,fiducial,ILIS -1 side,ILIS -1 side,p92,p92,z,292.7191755942901,,mm,false
14,SSAT target,fiducial,ILIS -1 side,ILIS -1 side,p93,p93,x,3032.289375789494,,mm,false
14,SSAT target,fiducial,ILIS -1 side,ILIS -1 side,p93,p93,y,-533.3134995996287,,mm,false
14,SSAT target,fiducial,ILIS -1 side,ILIS -1 side,p93,p93,z,-212.9405726027142,,mm,false
14,SSAT target,fiducial,ILIS -1 side,ILIS -1 side,p94,p94,x,2712.992953983831,,mm,false
14,SSAT target,fiducial,ILIS -1 side,ILIS -1 side,p94,p94,y,-477.0247659897634,,mm,false
14,SSAT target,fiducial,ILIS -1 side,ILIS -1 side,p94,p94,z,-221.6606924813534,,mm,false
14,SSAT target,fiducial,ILIS -1 side,ILIS -1 side,p95,p95,x,2507.314595614855,,mm,false
14,SSAT target,fiducial,ILIS -1 side,ILIS -1 side,p95,p95,y,-440.7731075350823,,mm,false
14,SSAT target,fiducial,ILIS -1 side,ILIS -1 side,p95,p95,z,-208.6372114594393,,mm,false
14,SSAT target,fiducial,ILIS -1 side,ILIS -1 side,p96,p96,x,2253.936949107122,,mm,false
14,SSAT target,fiducial,ILIS -1 side,ILIS -1 side,p96,p96,y,-396.1385401486812,,mm,false
14,SSAT target,fiducial,ILIS -1 side,ILIS -1 side,p96,p96,z,-201.9452428080661,,mm,false
14,SSAT target,fiducial,ILIS -1 side,ILIS -1 side,p97,p97,x,3024.008144181377,,mm,false
14,SSAT target,fiducial,ILIS -1 side,ILIS -1 side,p97,p97,y,-531.9876558862804,,mm,false
14,SSAT target,fiducial,ILIS -1 side,ILIS -1 side,p97,p97,z,-457.3508382248858,,mm,false
14,SSAT target,fiducial,ILIS -1 side,ILIS -1 side,p98,p98,x,2744.900800781933,,mm,false
14,SSAT target,fiducial,ILIS -1 side,ILIS -1 side,p98,p98,y,-482.7515721382237,,mm,false
14,SSAT target,fiducial,ILIS -1 side,ILIS -1 side,p98,p98,z,-451.6696836187583,,mm,false
14,SSAT target,fiducial,ILIS -1 side,ILIS -1 side,p99,p99,x,2463.373805428806,,mm,false
14,SSAT target,fiducial,ILIS -1 side,ILIS -1 side,p99,p99,y,-433.1251471062465,,mm,false
14,SSAT target,fiducial,ILIS -1 side,ILIS -1 side,p99,p99,z,-455.1386065043854,,mm,false
14,SSAT target,fiducial,ILIS -1 side,ILIS -1 side,p100,p100,x,2323.88529048754,,mm,false
14,SSAT target,fiducial,ILIS -1 side,ILIS -1 side,p100,p100,y,-408.5970090712361,,mm,false
14,SSAT target,fiducial,ILIS -1 side,ILIS -1 side,p100,p100,z,-456.8530288606584,,mm,false
14,SSAT target,fiducial,ILIS -1 side,ILIS -1 side,p101,p101,x,3016.659214290268,,mm,false
14,SSAT target,fiducial,ILIS -1 side,ILIS -1 side,p101,p101,y,-530.626617593647,,mm,false
14,SSAT target,fiducial,ILIS -1 side,ILIS -1 side,p101,p101,z,-485.2210697313077,,mm,false
14,SSAT target,fiducial,ILIS -1 side,ILIS -1 side,p102,p102,x,2779.981539651995,,mm,false
14,SSAT target,fiducial,ILIS -1 side,ILIS -1 side,p102,p102,y,-488.9629309407737,,mm,false
14,SSAT target,fiducial,ILIS -1 side,ILIS -1 side,p102,p102,z,-482.5885723788098,,mm,false
14,SSAT target,fiducial,ILIS -1 side,ILIS -1 side,p103,p103,x,2308.506759899034,,mm,false
14,SSAT target,fiducial,ILIS -1 side,ILIS -1 side,p103,p103,y,-405.7853100712277,,mm,false
14,SSAT target,fiducial,ILIS -1 side,ILIS -1 side,p103,p103,z,-493.5835140966545,,mm,false
14,SSAT target,fiducial,ILIS -1 side,ILIS -1 side,p104,p104,x,2305.435995620838,,mm,false
14,SSAT target,fiducial,ILIS -1 side,ILIS -1 side,p104,p104,y,-405.1994540800505,,mm,false
14,SSAT target,fiducial,ILIS -1 side,ILIS -1 side,p104,p104,z,-752.3436106716586,,mm,false
14,SSAT target,fiducial,ILIS -1 side,ILIS -1 side,p105,p105,x,2554.173824930017,,mm,false
14,SSAT target,fiducial,ILIS -1 side,ILIS -1 side,p105,p105,y,-449.0436675424843,,mm,false
14,SSAT target,fiducial,ILIS -1 side,ILIS -1 side,p105,p105,z,-762.8857269875848,,mm,false
14,SSAT target,fiducial,ILIS -1 side,ILIS -1 side,p106,p106,x,2860.230334326314,,mm,false
14,SSAT target,fiducial,ILIS -1 side,ILIS -1 side,p106,p106,y,-503.0216610149031,,mm,false
14,SSAT target,fiducial,ILIS -1 side,ILIS -1 side,p106,p106,z,-752.8560272490214,,mm,false
14,SSAT target,fiducial,ILIS -1 side,ILIS -1 side,p107,p107,x,2496.514646160194,,mm,false
14,SSAT target,fiducial,ILIS -1 side,ILIS -1 side,p107,p107,y,-438.9663436645881,,mm,false
14,SSAT target,fiducial,ILIS -1 side,ILIS -1 side,p107,p107,z,-488.3175561318761,,mm,false
14,SSAT target,fiducial,ILIS -1 side,ILIS -1 side,p108,p108,x,3028.998073314104,,mm,false
14,SSAT target,fiducial,ILIS -1 side,ILIS -1 side,p108,p108,y,-532.7617914274471,,mm,false
14,SSAT target,fiducial,ILIS -1 side,ILIS -1 side,p108,p108,z,-737.8306780020332,,mm,false
14,SSAT target,fiducial,ILIS -1 side,ILIS -1 side,p109,p109,x,3029.453771215691,,mm,false
14,SSAT target,fiducial,ILIS -1 side,ILIS -1 side,p109,p109,y,-532.8421290463043,,mm,false
14,SSAT target,fiducial,ILIS -1 side,ILIS -1 side,p109,p109,z,-1179.400663944567,,mm,false
14,SSAT target,fiducial,ILIS -1 side,ILIS -1 side,p110,p110,x,2704.218384182525,,mm,false
14,SSAT target,fiducial,ILIS -1 side,ILIS -1 side,p110,p110,y,-475.4824504344651,,mm,false
14,SSAT target,fiducial,ILIS -1 side,ILIS -1 side,p110,p110,z,-1215.47097155253,,mm,false
14,SSAT target,fiducial,ILIS -1 side,ILIS -1 side,p111,p111,x,2461.970972038949,,mm,false
14,SSAT target,fiducial,ILIS -1 side,ILIS -1 side,p111,p111,y,-432.7583163589644,,mm,false
14,SSAT target,fiducial,ILIS -1 side,ILIS -1 side,p111,p111,z,-1218.488649010236,,mm,false
14,SSAT target,fiducial,ILIS -1 side,ILIS -1 side,p112,p112,x,2294.522126645025,,mm,false
14,SSAT target,fiducial,ILIS -1 side,ILIS -1 side,p112,p112,y,-403.2589365909138,,mm,false
14,SSAT target,fiducial,ILIS -1 side,ILIS -1 side,p112,p112,z,-1202.793956609868,,mm,false
14,SSAT target,fiducial,ILIS -1 side,ILIS -1 side,p113,p113,x,2765.505878926411,,mm,false
14,SSAT target,fiducial,ILIS -1 side,ILIS -1 side,p113,p113,y,-486.4209932459779,,mm,false
14,SSAT target,fiducial,ILIS -1 side,ILIS -1 side,p113,p113,z,-1444.089032232737,,mm,false
14,SSAT target,fiducial,ILIS -1 side,ILIS -1 side,p114,p114,x,3024.372329706619,,mm,false
14,SSAT target,fiducial,ILIS -1 side,ILIS -1 side,p114,p114,y,-531.9465852515392,,mm,false
14,SSAT target,fiducial,ILIS -1 side,ILIS -1 side,p114,p114,z,-1418.610825211812,,mm,false
14,SSAT target,fiducial,ILIS -1 side,ILIS -1 side,p115,p115,x,2504.157561065449,,mm,false
14,SSAT target,fiducial,ILIS -1 side,ILIS -1 side,p115,p115,y,-440.2364327528239,,mm,false
14,SSAT target,fiducial,ILIS -1 side,ILIS -1 side,p115,p115,z,-1415.987313009537,,mm,false
14,SSAT target,fiducial,ILIS -1 side,ILIS -1 side,p116,p116,x,2228.831882373056,,mm,false
14,SSAT target,fiducial,ILIS -1 side,ILIS -1 side,p116,p116,y,-391.7395149717356,,mm,false
14,SSAT target,fiducial,ILIS -1 side,ILIS -1 side,p116,p116,z,-1458.32604017874,,mm,false
14,SSAT target,fiducial,ILIS -1 side,ILIS -1 side,p117,p117,x,2235.412914536606,,mm,false
14,SSAT target,fiducial,ILIS -1 side,ILIS -1 side,p117,p117,y,-392.8692198082183,,mm,false
14,SSAT target,fiducial,ILIS -1 side,ILIS -1 side,p117,p117,z,-1489.19583095621,,mm,false
14,SSAT target,fiducial,ILIS -1 side,ILIS -1 side,p118,p118,x,2536.410032957693,,mm,false
14,SSAT target,fiducial,ILIS -1 side,ILIS -1 side,p118,p118,y,-446.0165734444453,,mm,false
14,SSAT target,fiducial,ILIS -1 side,ILIS -1 side,p118,p118,z,-1494.936292929642,,mm,false
14,SSAT target,fiducial,ILIS -1 side,ILIS -1 side,p119,p119,x,2807.536936395529,,mm,false
14,SSAT target,fiducial,ILIS -1 side,ILIS -1 side,p119,p119,y,-493.8025171667338,,mm,false
14,SSAT target,fiducial,ILIS -1 side,ILIS -1 side,p119,p119,z,-1485.877699507908,,mm,false
14,SSAT target,fiducial,ILIS -1 side,ILIS -1 side,p120,p120,x,3017.154751541522,,mm,false
14,SSAT target,fiducial,ILIS -1 side,ILIS -1 side,p120,p120,y,-530.694716629307,,mm,false
14,SSAT target,fiducial,ILIS -1 side,ILIS -1 side,p120,p120,z,-1484.671054475594,,mm,false
14,SSAT target,fiducial,ILIS -1 side,ILIS -1 side,p121,p121,x,3026.019297966581,,mm,false
14,SSAT target,fiducial,ILIS -1 side,ILIS -1 side,p121,p121,y,-532.1962021458178,,mm,false
14,SSAT target,fiducial,ILIS -1 side,ILIS -1 side,p121,p121,z,-1896.180772535717,,mm,false
14,SSAT target,fiducial,ILIS -1 side,ILIS -1 side,p122,p122,x,2714.491625917985,,mm,false
14,SSAT target,fiducial,ILIS -1 side,ILIS -1 side,p122,p122,y,-477.3086409177784,,mm,false
14,SSAT target,fiducial,ILIS -1 side,ILIS -1 side,p122,p122,z,-1872.03064685445,,mm,false
14,SSAT target,fiducial,ILIS -1 side,ILIS -1 side,p123,p123,x,2475.323756114157,,mm,false
14,SSAT target,fiducial,ILIS -1 side,ILIS -1 side,p123,p123,y,-435.104949421017,,mm,false
14,SSAT target,fiducial,ILIS -1 side,ILIS -1 side,p123,p123,z,-1863.028226205238,,mm,false
14,SSAT target,fiducial,ILIS -1 side,ILIS -1 side,p124,p124,x,2260.215409006748,,mm,false
14,SSAT target,fiducial,ILIS -1 side,ILIS -1 side,p124,p124,y,-397.1527973155265,,mm,false
14,SSAT target,fiducial,ILIS -1 side,ILIS -1 side,p124,p124,z,-1847.545043222398,,mm,false
14,SSAT target,fiducial,ILIS -1 side,ILIS -1 side,p125,p125,x,3023.759364027962,,mm,false
14,SSAT target,fiducial,ILIS -1 side,ILIS -1 side,p125,p125,y,-531.8798712465115,,mm,false
14,SSAT target,fiducial,ILIS -1 side,ILIS -1 side,p125,p125,z,-2178.730846210022,,mm,false
14,SSAT target,fiducial,ILIS -1 side,ILIS -1 side,p126,p126,x,2706.003007584805,,mm,false
14,SSAT target,fiducial,ILIS -1 side,ILIS -1 side,p126,p126,y,-475.8311781425597,,mm,false
14,SSAT target,fiducial,ILIS -1 side,ILIS -1 side,p126,p126,z,-2189.680916589172,,mm,false
14,SSAT target,fiducial,ILIS -1 side,ILIS -1 side,p127,p127,x,2491.815443600534,,mm,false
14,SSAT target,fiducial,ILIS -1 side,ILIS -1 side,p127,p127,y,-438.0185913043976,,mm,false
14,SSAT target,fiducial,ILIS -1 side,ILIS -1 side,p127,p127,z,-2196.447703942858,,mm,false
14,SSAT target,fiducial,ILIS -1 side,ILIS -1 side,p128,p128,x,2216.807180294428,,mm,false
14,SSAT target,fiducial,ILIS -1 side,ILIS -1 side,p128,p128,y,-389.5532855901673,,mm,false
14,SSAT target,fiducial,ILIS -1 side,ILIS -1 side,p128,p128,z,-2166.156420454277,,mm,false
14,SSAT target,fiducial,ILIS -1 side,ILIS -1 side,p129,p129,x,2221.337236492527,,mm,false
14,SSAT target,fiducial,ILIS -1 side,ILIS -1 side,p129,p129,y,-390.4173128018546,,mm,false
14,SSAT target,fiducial,ILIS -1 side,ILIS -1 side,p129,p129,z,-2450.356278560891,,mm,false
14,SSAT target,fiducial,ILIS -1 side,ILIS -1 side,p130,p130,x,2501.624289171482,,mm,false
14,SSAT target,fiducial,ILIS -1 side,ILIS -1 side,p130,p130,y,-439.8036390576192,,mm,false
14,SSAT target,fiducial,ILIS -1 side,ILIS -1 side,p130,p130,z,-2448.107394503511,,mm,false
14,SSAT target,fiducial,ILIS -1 side,ILIS -1 side,p131,p131,x,2750.38189787871,,mm,false
14,SSAT target,fiducial,ILIS -1 side,ILIS -1 side,p131,p131,y,-483.7479861973716,,mm,false
14,SSAT target,fiducial,ILIS -1 side,ILIS -1 side,p131,p131,z,-2452.609512307677,,mm,false
14,SSAT target,fiducial,ILIS -1 side,ILIS -1 side,p132,p132,x,3027.076614605361,,mm,false
14,SSAT target,fiducial,ILIS -1 side,ILIS -1 side,p132,p132,y,-532.4355702065033,,mm,false
14,SSAT target,fiducial,ILIS -1 side,ILIS -1 side,p132,p132,z,-2383.530740612515,,mm,false
14,SSAT target,fiducial,ILIS -1 side,ILIS -1 side,p133,p133,x,3014.990127127819,,mm,false
14,SSAT target,fiducial,ILIS -1 side,ILIS -1 side,p133,p133,y,-530.2827781312646,,mm,false
14,SSAT target,fiducial,ILIS -1 side,ILIS -1 side,p133,p133,z,-2478.791123284096,,mm,false
14,SSAT target,fiducial,ILIS -1 side,ILIS -1 side,p134,p134,x,2745.922743425604,,mm,false
14,SSAT target,fiducial,ILIS -1 side,ILIS -1 side,p134,p134,y,-482.9472342084728,,mm,false
14,SSAT target,fiducial,ILIS -1 side,ILIS -1 side,p134,p134,z,-2475.079653335619,,mm,false
14,SSAT target,fiducial,ILIS -1 side,ILIS -1 side,p135,p135,x,2466.815617724466,,mm,false
14,SSAT target,fiducial,ILIS -1 side,ILIS -1 side,p135,p135,y,-433.6610179444556,,mm,false
14,SSAT target,fiducial,ILIS -1 side,ILIS -1 side,p135,p135,z,-2475.438497627128,,mm,false
14,SSAT target,fiducial,ILIS -1 side,ILIS -1 side,p136,p136,x,2291.807618552293,,mm,false
14,SSAT target,fiducial,ILIS -1 side,ILIS -1 side,p136,p136,y,-402.730728322395,,mm,false
14,SSAT target,fiducial,ILIS -1 side,ILIS -1 side,p136,p136,z,-2481.204042670613,,mm,false
14,SSAT target,fiducial,ILIS -1 side,ILIS -1 side,p137,p137,x,2172.698022177104,,mm,false
14,SSAT target,fiducial,ILIS -1 side,ILIS -1 side,p137,p137,y,-381.7681430448139,,mm,false
14,SSAT target,fiducial,ILIS -1 side,ILIS -1 side,p137,p137,z,-2739.537818762357,,mm,false
14,SSAT target,fiducial,ILIS -1 side,ILIS -1 side,p138,p138,x,2511.07418109569,,mm,false
14,SSAT target,fiducial,ILIS -1 side,ILIS -1 side,p138,p138,y,-441.4880239479266,,mm,false
14,SSAT target,fiducial,ILIS -1 side,ILIS -1 side,p138,p138,z,-2729.027095646315,,mm,false
14,SSAT target,fiducial,ILIS -1 side,ILIS -1 side,p139,p139,x,2738.041750780202,,mm,false
14,SSAT target,fiducial,ILIS -1 side,ILIS -1 side,p139,p139,y,-481.5112702385001,,mm,false
14,SSAT target,fiducial,ILIS -1 side,ILIS -1 side,p139,p139,z,-2726.029902314177,,mm,false
14,SSAT target,fiducial,ILIS -1 side,ILIS -1 side,p140,p140,x,3029.519093371841,,mm,false
14,SSAT target,fiducial,ILIS -1 side,ILIS -1 side,p140,p140,y,-532.8679968694375,,mm,false
14,SSAT target,fiducial,ILIS -1 side,ILIS -1 side,p140,p140,z,-2735.150663547289,,mm,false
14,SSAT target,fiducial,ILIS -1 side,ILIS -1 side,p141,p141,x,3027.655758324074,,mm,false
14,SSAT target,fiducial,ILIS -1 side,ILIS -1 side,p141,p141,y,-532.5476174795103,,mm,false
14,SSAT target,fiducial,ILIS -1 side,ILIS -1 side,p141,p141,z,-3203.260723190901,,mm,false
14,SSAT target,fiducial,ILIS -1 side,ILIS -1 side,p142,p142,x,2739.128540578667,,mm,false
14,SSAT target,fiducial,ILIS -1 side,ILIS -1 side,p142,p142,y,-481.7109665048424,,mm,false
14,SSAT target,fiducial,ILIS -1 side,ILIS -1 side,p142,p142,z,-3198.49986845947,,mm,false
14,SSAT target,fiducial,ILIS -1 side,ILIS -1 side,p143,p143,x,2442.721525085879,,mm,false
14,SSAT target,fiducial,ILIS -1 side,ILIS -1 side,p143,p143,y,-429.3937861769388,,mm,false
14,SSAT target,fiducial,ILIS -1 side,ILIS -1 side,p143,p143,z,-3197.009261470124,,mm,false
14,SSAT target,fiducial,ILIS -1 side,ILIS -1 side,p144,p144,x,2169.914456248705,,mm,false
14,SSAT target,fiducial,ILIS -1 side,ILIS -1 side,p144,p144,y,-381.2778587603714,,mm,false
14,SSAT target,fiducial,ILIS -1 side,ILIS -1 side,p144,p144,z,-3200.877907397675,,mm,false
14,SSAT target,fiducial,ILIS -1 side,ILIS -1 side,p145,p145,x,2171.083493144384,,mm,false
14,SSAT target,fiducial,ILIS -1 side,ILIS -1 side,p145,p145,y,-381.5623404846333,,mm,false
14,SSAT target,fiducial,ILIS -1 side,ILIS -1 side,p145,p145,z,-3455.467872288055,,mm,false
14,SSAT target,fiducial,ILIS -1 side,ILIS -1 side,p146,p146,x,2459.850633638287,,mm,false
14,SSAT target,fiducial,ILIS -1 side,ILIS -1 side,p146,p146,y,-432.5290483984054,,mm,false
14,SSAT target,fiducial,ILIS -1 side,ILIS -1 side,p146,p146,z,-3458.26872133905,,mm,false
14,SSAT target,fiducial,ILIS -1 side,ILIS -1 side,p147,p147,x,2743.44760607751,,mm,false
14,SSAT target,fiducial,ILIS -1 side,ILIS -1 side,p147,p147,y,-482.5255945178133,,mm,false
14,SSAT target,fiducial,ILIS -1 side,ILIS -1 side,p147,p147,z,-3454.759732961146,,mm,false
14,SSAT target,fiducial,ILIS -1 side,ILIS -1 side,p148,p148,x,3012.895075248817,,mm,false
14,SSAT target,fiducial,ILIS -1 side,ILIS -1 side,p148,p148,y,-530.0611006123553,,mm,false
14,SSAT target,fiducial,ILIS -1 side,ILIS -1 side,p148,p148,z,-3461.201193782511,,mm,false
14,SSAT target,fiducial,ILIS -1 side,ILIS -1 side,p149,p149,x,2183.144790446258,,mm,false
14,SSAT target,fiducial,ILIS -1 side,ILIS -1 side,p149,p149,y,-383.6621652225244,,mm,false
14,SSAT target,fiducial,ILIS -1 side,ILIS -1 side,p149,p149,z,-3495.377489468203,,mm,false
14,SSAT target,fiducial,ILIS -1 side,ILIS -1 side,p150,p150,x,2395.612533046713,,mm,false
14,SSAT target,fiducial,ILIS -1 side,ILIS -1 side,p150,p150,y,-421.1545534473551,,mm,false
14,SSAT target,fiducial,ILIS -1 side,ILIS -1 side,p150,p150,z,-3493.110756253723,,mm,false
14,SSAT target,fiducial,ILIS -1 side,ILIS -1 side,p151,p151,x,2577.960668100048,,mm,false
14,SSAT target,fiducial,ILIS -1 side,ILIS -1 side,p151,p151,y,-453.3151414121834,,mm,false
14,SSAT target,fiducial,ILIS -1 side,ILIS -1 side,p151,p151,z,-3493.174977177569,,mm,false
14,SSAT target,fiducial,ILIS -1 side,ILIS -1 side,p152,p152,x,2567.927622850933,,mm,false
14,SSAT target,fiducial,ILIS -1 side,ILIS -1 side,p152,p152,y,-451.6103286018977,,mm,false
14,SSAT target,fiducial,ILIS -1 side,ILIS -1 side,p152,p152,z,-3685.965296738254,,mm,false
14,SSAT target,fiducial,ILIS -1 side,ILIS -1 side,p153,p153,x,2385.379306809979,,mm,false
14,SSAT target,fiducial,ILIS -1 side,ILIS -1 side,p153,p153,y,-419.3698435481434,,mm,false
14,SSAT target,fiducial,ILIS -1 side,ILIS -1 side,p153,p153,z,-3680.681081175773,,mm,false
14,SSAT target,fiducial,ILIS -1 side,ILIS -1 side,p154,p154,x,2187.30297784687,,mm,false
14,SSAT target,fiducial,ILIS -1 side,ILIS -1 side,p154,p154,y,-384.4173278302397,,mm,false
14,SSAT target,fiducial,ILIS -1 side,ILIS -1 side,p154,p154,z,-3726.847358364734,,mm,false
14,SSAT target,fiducial,ILIS -1 side,ILIS -1 side,p155,p155,x,2207.980801209314,,mm,false
14,SSAT target,fiducial,ILIS -1 side,ILIS -1 side,p155,p155,y,-388.0735704624835,,mm,false
14,SSAT target,fiducial,ILIS -1 side,ILIS -1 side,p155,p155,z,-3952.816703433497,,mm,false
14,SSAT target,fiducial,ILIS -1 side,ILIS -1 side,p156,p156,x,2376.468891942252,,mm,false
14,SSAT target,fiducial,ILIS -1 side,ILIS -1 side,p156,p156,y,-417.8434665335447,,mm,false
14,SSAT target,fiducial,ILIS -1 side,ILIS -1 side,p156,p156,z,-3947.731364793099,,mm,false
14,SSAT target,fiducial,ILIS -1 side,ILIS -1 side,p157,p157,x,2571.91681804415,,mm,false
14,SSAT target,fiducial,ILIS -1 side,ILIS -1 side,p157,p157,y,-452.3348606619351,,mm,false
14,SSAT target,fiducial,ILIS -1 side,ILIS -1 side,p157,p157,z,-3945.725170997162,,mm,false
14,SSAT target,fiducial,ILIS -1 side,ILIS -1 side,p158,p158,x,2626.45001037641,,mm,false
14,SSAT target,fiducial,ILIS -1 side,ILIS -1 side,p158,p158,y,-461.8680567294937,,mm,false
14,SSAT target,fiducial,ILIS -1 side,ILIS -1 side,p158,p158,z,-3488.64344044256,,mm,false
14,SSAT target,fiducial,ILIS -1 side,ILIS -1 side,p159,p159,x,2827.378025418082,,mm,false
14,SSAT target,fiducial,ILIS -1 side,ILIS -1 side,p159,p159,y,-497.2896808968869,,mm,false
14,SSAT target,fiducial,ILIS -1 side,ILIS -1 side,p159,p159,z,-3490.657072176012,,mm,false
14,SSAT target,fiducial,ILIS -1 side,ILIS -1 side,p160,p160,x,3019.206163623705,,mm,false
14,SSAT target,fiducial,ILIS -1 side,ILIS -1 side,p160,p160,y,-531.110757956725,,mm,false
14,SSAT target,fiducial,ILIS -1 side,ILIS -1 side,p160,p160,z,-3493.520992404777,,mm,false
14,SSAT target,fiducial,ILIS -1 side,ILIS -1 side,p161,p161,x,2883.106187127533,,mm,false
14,SSAT target,fiducial,ILIS -1 side,ILIS -1 side,p161,p161,y,-507.1775269727908,,mm,false
14,SSAT target,fiducial,ILIS -1 side,ILIS -1 side,p161,p161,z,-3736.31530752029,,mm,false
14,SSAT target,fiducial,ILIS -1 side,ILIS -1 side,p162,p162,x,3023.084513115972,,mm,false
14,SSAT target,fiducial,ILIS -1 side,ILIS -1 side,p162,p162,y,-531.8058064529308,,mm,false
14,SSAT target,fiducial,ILIS -1 side,ILIS -1 side,p162,p162,z,-3729.450869937919,,mm,false
14,SSAT target,fiducial,ILIS -1 side,ILIS -1 side,p163,p163,x,2619.398087938819,,mm,false
14,SSAT target,fiducial,ILIS -1 side,ILIS -1 side,p163,p163,y,-460.6627063466602,,mm,false
14,SSAT target,fiducial,ILIS -1 side,ILIS -1 side,p163,p163,z,-3713.823664974798,,mm,false
14,SSAT target,fiducial,ILIS -1 side,ILIS -1 side,p164,p164,x,2633.576264220269,,mm,false
14,SSAT target,fiducial,ILIS -1 side,ILIS -1 side,p164,p164,y,-463.2383924799162,,mm,false
14,SSAT target,fiducial,ILIS -1 side,ILIS -1 side,p164,p164,z,-3947.953217484247,,mm,false
14,SSAT target,fiducial,ILIS -1 side,ILIS -1 side,p165,p165,x,2832.263471577552,,mm,false
14,SSAT target,fiducial,ILIS -1 side,ILIS -1 side,p165,p165,y,-498.3003977611314,,mm,false
14,SSAT target,fiducial,ILIS -1 side,ILIS -1 side,p165,p165,z,-3926.666920995099,,mm,false
14,SSAT target,fiducial,ILIS -1 side,ILIS -1 side,p166,p166,x,2953.332616359214,,mm,false
14,SSAT target,fiducial,ILIS -1 side,ILIS -1 side,p166,p166,y,-519.5571947080921,,mm,false
14,SSAT target,fiducial,ILIS -1 side,ILIS -1 side,p166,p166,z,-3937.323081907578,,mm,false
14,SSAT target,fiducial,ILIS -1 side,ILIS -1 side,p167,p167,x,2569.088610608148,,mm,false
14,SSAT target,fiducial,ILIS -1 side,ILIS -1 side,p167,p167,y,-451.8336083251399,,mm,false
14,SSAT target,fiducial,ILIS -1 side,ILIS -1 side,p167,p167,z,-3995.315260619927,,mm,false
14,SSAT target,fiducial,ILIS -1 side,ILIS -1 side,p168,p168,x,2202.432356136252,,mm,false
14,SSAT target,fiducial,ILIS -1 side,ILIS -1 side,p168,p168,y,-387.1023236198611,,mm,false
14,SSAT target,fiducial,ILIS -1 side,ILIS -1 side,p168,p168,z,-3994.956879475392,,mm,false
14,SSAT target,fiducial,ILIS -1 side,ILIS -1 side,p169,p169,x,2381.690336696669,,mm,false
14,SSAT target,fiducial,ILIS -1 side,ILIS -1 side,p169,p169,y,-418.7328464470395,,mm,false
14,SSAT target,fiducial,ILIS -1 side,ILIS -1 side,p169,p169,z,-3989.811198657387,,mm,false
14,SSAT target,fiducial,ILIS -1 side,ILIS -1 side,p170,p170,x,2567.623184443847,,mm,false
14,SSAT target,fiducial,ILIS -1 side,ILIS -1 side,p170,p170,y,-451.6007094058356,,mm,false
14,SSAT target,fiducial,ILIS -1 side,ILIS -1 side,p170,p170,z,-4123.55530773568,,mm,false
14,SSAT target,fiducial,ILIS -1 side,ILIS -1 side,p171,p171,x,2384.945002436134,,mm,false
14,SSAT target,fiducial,ILIS -1 side,ILIS -1 side,p171,p171,y,-419.3301351868346,,mm,false
14,SSAT target,fiducial,ILIS -1 side,ILIS -1 side,p171,p171,z,-4121.991096134597,,mm,false
14,SSAT target,fiducial,ILIS -1 side,ILIS -1 side,p172,p172,x,2197.818094889412,,mm,false
14,SSAT target,fiducial,ILIS -1 side,ILIS -1 side,p172,p172,y,-386.2885438692986,,mm,false
14,SSAT target,fiducial,ILIS -1 side,ILIS -1 side,p172,p172,z,-4155.007025853531,,mm,false
14,SSAT target,fiducial,ILIS -1 side,ILIS -1 side,p173,p173,x,2298.087216414146,,mm,false
14,SSAT target,fiducial,ILIS -1 side,ILIS -1 side,p173,p173,y,-403.9781048235783,,mm,false
14,SSAT target,fiducial,ILIS -1 side,ILIS -1 side,p173,p173,z,-4440.39384843282,,mm,false
14,SSAT target,fiducial,ILIS -1 side,ILIS -1 side,p174,p174,x,2580.21447113422,,mm,false
14,SSAT target,fiducial,ILIS -1 side,ILIS -1 side,p174,p174,y,-453.804397517956,,mm,false
14,SSAT target,fiducial,ILIS -1 side,ILIS -1 side,p174,p174,z,-4444.544908592446,,mm,false
14,SSAT target,fiducial,ILIS -1 side,ILIS -1 side,p175,p175,x,2422.116291791963,,mm,false
14,SSAT target,fiducial,ILIS -1 side,ILIS -1 side,p175,p175,y,-425.8850931909441,,mm,false
14,SSAT target,fiducial,ILIS -1 side,ILIS -1 side,p175,p175,z,-4450.159918348392,,mm,false
14,SSAT target,fiducial,ILIS -1 side,ILIS -1 side,p176,p176,x,2622.767918033119,,mm,false
14,SSAT target,fiducial,ILIS -1 side,ILIS -1 side,p176,p176,y,-461.2868142877169,,mm,false
14,SSAT target,fiducial,ILIS -1 side,ILIS -1 side,p176,p176,z,-3991.273559071756,,mm,false
14,SSAT target,fiducial,ILIS -1 side,ILIS -1 side,p177,p177,x,2793.405962867165,,mm,false
14,SSAT target,fiducial,ILIS -1 side,ILIS -1 side,p177,p177,y,-491.4368499140471,,mm,false
14,SSAT target,fiducial,ILIS -1 side,ILIS -1 side,p177,p177,z,-3985.518152314189,,mm,false
14,SSAT target,fiducial,ILIS -1 side,ILIS -1 side,p178,p178,x,3016.213939095863,,mm,false
14,SSAT target,fiducial,ILIS -1 side,ILIS -1 side,p178,p178,y,-530.6196339098473,,mm,false
14,SSAT target,fiducial,ILIS -1 side,ILIS -1 side,p178,p178,z,-3992.581088474925,,mm,false
14,SSAT target,fiducial,ILIS -1 side,ILIS -1 side,p179,p179,x,3023.770498371545,,mm,false
14,SSAT target,fiducial,ILIS -1 side,ILIS -1 side,p179,p179,y,-531.9959762060149,,mm,false
14,SSAT target,fiducial,ILIS -1 side,ILIS -1 side,p179,p179,z,-4179.280850107866,,mm,false
14,SSAT target,fiducial,ILIS -1 side,ILIS -1 side,p180,p180,x,2808.172220741767,,mm,false
14,SSAT target,fiducial,ILIS -1 side,ILIS -1 side,p180,p180,y,-494.0537524235703,,mm,false
14,SSAT target,fiducial,ILIS -1 side,ILIS -1 side,p180,p180,z,-4165.767684767497,,mm,false
14,SSAT target,fiducial,ILIS -1 side,ILIS -1 side,p181,p181,x,2671.154754666859,,mm,false
14,SSAT target,fiducial,ILIS -1 side,ILIS -1 side,p181,p181,y,-469.9450956859085,,mm,false
14,SSAT target,fiducial,ILIS -1 side,ILIS -1 side,p181,p181,z,-4197.662028477897,,mm,false
14,SSAT target,fiducial,ILIS -1 side,ILIS -1 side,p182,p182,x,2658.453501873541,,mm,false
14,SSAT target,fiducial,ILIS -1 side,ILIS -1 side,p182,p182,y,-467.6490431215998,,mm,false
14,SSAT target,fiducial,ILIS -1 side,ILIS -1 side,p182,p182,z,-4439.892429996992,,mm,false
14,SSAT target,fiducial,ILIS -1 side,ILIS -1 side,p183,p183,x,2791.812322151711,,mm,false
14,SSAT target,fiducial,ILIS -1 side,ILIS -1 side,p183,p183,y,-491.1566733497007,,mm,false
14,SSAT target,fiducial,ILIS -1 side,ILIS -1 side,p183,p183,z,-4445.098203241514,,mm,false
14,SSAT target,fiducial,ILIS -1 side,ILIS -1 side,p184,p184,x,2960.170218608393,,mm,false
14,SSAT target,fiducial,ILIS -1 side,ILIS -1 side,p184,p184,y,-520.8366849534468,,mm,false
14,SSAT target,fiducial,ILIS -1 side,ILIS -1 side,p184,p184,z,-4434.402867254151,,mm,false
15,SSAT target,transform,,,,,dx,0.4100083824991876,,mm,false
15,SSAT target,transform,,,,,dy,-0.5356941784389561,,mm,false
15,SSAT target,transform,,,,,dz,0.08542068515356627,,mm,false
15,SSAT target,transform,,,,,rx,0.01258683647300338,,deg,false
15,SSAT target,transform,,,,,ry,0.001357341763364043,,deg,false
15,SSAT target,transform,,,,,rz,0.003175574923219631,,deg,false
15,SSAT target,fiducial,CCL,CCL,A,A,x,2713.434817337234,0.490800444087582,mm,false
15,SSAT target,fiducial,CCL,CCL,A,A,y,-0.1207266292789175,0.490800444087582,mm,false
15,SSAT target,fiducial,CCL,CCL,A,A,z,-3697.679405023102,0.490800444087582,mm,false
15,SSAT target,fiducial,CCL,CCL,B,B,x,2713.021308205179,0.5292953907393867,mm,false
15,SSAT target,fiducial,CCL,CCL,B,B,y,-0.1773885436277711,0.5292953907393867,mm,false
15,SSAT target,fiducial,CCL,CCL,B,B,z,3698.770070587164,0.5292953907393867,mm,false
15,SSAT target,fiducial,CCL,CCL,C,C,x,5332.435123005219,0.6875728094580106,mm,false
15,SSAT target,fiducial,CCL,CCL,C,C,y,-2.491573986727551,0.6875728094580106,mm,false
15,SSAT target,fiducial,CCL,CCL,C,C,z,6295.45537873696,0.6875728094580106,mm,false
15,SSAT target,fiducial,CCL,CCL,D,D,x,8979.203052641424,0.5437110565782913,mm,false
15,SSAT target,fiducial,CCL,CCL,D,D,y,-1.349399219075962,0.5437110565782913,mm,false
15,SSAT target,fiducial,CCL,CCL,D,D,z,4435.713682361742,0.5437110565782913,mm,false
15,SSAT target,fiducial,CCL,CCL,E,E,x,9586.219594974016,0.5517186187574221,mm,false
15,SSAT target,fiducial,CCL,CCL,E,E,y,2.039939331980088,0.5517186187574221,mm,false
15,SSAT target,fiducial,CCL,CCL,E,E,z,-3694.796782502313,0.5517186187574221,mm,false
15,SSAT target,fiducial,CCL,CCL,F,F',x,3398.719994001229,0.6390819790081387,mm,false
15,SSAT target,fiducial,CCL,CCL,F,F',y,0.2826817242263903,0.6390819790081387,mm,false
15,SSAT target,fiducial,CCL,CCL,F,F',z,-5596.150646650529,0.6390819790081387,mm,false
15,SSAT target,fiducial,CCL,CCL,G,G,x,10731.83022469108,0.7066779908499211,mm,false
15,SSAT target,fiducial,CCL,CCL,G,G,y,-0.5173758748398363,0.7066779908499211,mm,false
15,SSAT target,fiducial,CCL,CCL,G,G,z,-0.2248227415342028,0.7066779908499211,mm,false
15,SSAT target,fiducial,CCL,CCL,H,H,x,2713.261160032157,0.6492503965829014,mm,false
15,SSAT target,fiducial,CCL,CCL,H,H,y,-0.0978171990766667,0.6492503965829014,mm,false
15,SSAT target,fiducial,CCL,CCL,H,H,z,-0.3914079073050644,0.6492503965829014,mm,false
15,SSAT target,fiducial,Fiducial,Fiducial,TF15_P9-OIS,TF15_P9-OIS,x,5988.784425546436,,mm,false
15,SSAT target,fiducial,Fiducial,Fiducial,TF15_P9-OIS,TF15_P9-OIS,y,-1091.66713801535,,mm,false
15,SSAT target,fiducial,Fiducial,Fiducial,TF15_P9-OIS,TF15_P9-OIS,z,6119.450875932569,,mm,false
15,SSAT target,fiducial,Fiducial,Fiducial,TF15_G1-BU,TF15_G1-BU,x,11233.25900732093,,mm,false
15,SSAT target,fiducial,Fiducial,Fiducial,TF15_G1-BU,TF15_G1-BU,y,0.4878489391201318,,mm,false
15,SSAT target,fiducial,Fiducial,Fiducial,TF15_G1-BU,TF15_G1-BU,z,0.2354110259186394,,mm,false
15,SSAT target,fiducial,Fiducial,Fiducial,TF15_E1-BU,TF15_E1-BU,x,9486.282100706449,,mm,false
15,SSAT target,fiducial,Fiducial,Fiducial,TF15_E1-BU,TF15_E1-BU,y,-0.06401063885119587,,mm,false
15,SSAT target,fiducial,Fiducial,Fiducial,TF15_E1-BU,TF15_E1-BU,z,-4642.659437515958,,mm,false
15,SSAT target,fiducial,Fiducial,Fiducial,TF15_P10-OIS,TF15_P10-OIS,x,5987.996656817895,,mm,false
15,SSAT target,fiducial,Fiducial,Fiducial,TF15_P10-OIS,TF15_P10-OIS,y,-1091.773659588833,,mm,false
15,SSAT target,fiducial,Fiducial,Fiducial,TF15_P10-OIS,TF15_P10-OIS,z,-6118.735427547967,,mm,false
15,SSAT target,fiducial,Fiducial,Fiducial,TF15_B3-AP,TF15_B3-AP,x,3134.71260316445,,mm,false
15,SSAT target,fiducial,Fiducial,Fiducial,TF15_B3-AP,TF15_B3-AP,y,-0.03258782002293258,,mm,false
15,SSAT target,fiducial,Fiducial,Fiducial,TF15_B3-AP,TF15_B3-AP,z,3699.114242222703,,mm,false
15,SSAT target,fiducial,Fiducial,Fiducial,TF15_A3-AP,TF15_A3-AP,x,3134.858375271701,,mm,false
15,SSAT target,fiducial,Fiducial,Fiducial,TF15_A3-AP,TF15_A3-AP,y,0.529891200240624,,mm,false
15,SSAT target,fiducial,Fiducial,Fiducial,TF15_A3-AP,TF15_A3-AP,z,-3700.049818282635,,mm,false
15,SSAT target,fiducial,Fiducial,Fiducial,TF15_E3-BP,TF15_E3-BP,x,8740.14235390738,,mm,false
15,SSAT target,fiducial,Fiducial,Fiducial,TF15_E3-BP,TF15_E3-BP,y,1.062524408401933,,mm,false
15,SSAT target,fiducial,Fiducial,Fiducial,TF15_E3-BP,TF15_E3-BP,z,-3995.769498133368,,mm,false
15,SSAT target,fiducial,Fiducial,Fiducial,TF15_D3-BP,TF15_D3-BP,x,8449.55884880391,,mm,false
15,SSAT target,fiducial,Fiducial,Fiducial,TF15_D3-BP,TF15_D3-BP,y,0.6125705856840763,,mm,false
15,SSAT target,fiducial,Fiducial,Fiducial,TF15_D3-BP,TF15_D3-BP,z,4301.859489517763,,mm,false
15,SSAT target,fiducial,Fiducial,Fiducial,TF15_E2-BU,TF15_E2-BU,x,9103.62174333785,,mm,false
15,SSAT target,fiducial,Fiducial,Fiducial,TF15_E2-BU,TF15_E2-BU,y,562.6411137352269,,mm,false
15,SSAT target,fiducial,Fiducial,Fiducial,TF15_E2-BU,TF15_E2-BU,z,-4311.812748145048,,mm,false
15,SSAT target,fiducial,Fiducial,Fiducial,TF15_A2-AU,TF15_A2-AU,x,2706.761626978786,,mm,false
15,SSAT target,fiducial,Fiducial,Fiducial,TF15_A2-AU,TF15_A2-AU,y,519.0792203989575,,mm,false
15,SSAT target,fiducial,Fiducial,Fiducial,TF15_A2-AU,TF15_A2-AU,z,-3700.244760822584,,mm,false
15,SSAT target,fiducial,Fiducial,Fiducial,TF15_H2-AU,TF15_H2-AU,x,2708.140225300976,,mm,false
15,SSAT target,fiducial,Fiducial,Fiducial,TF15_H2-AU,TF15_H2-AU,y,519.1055481558627,,mm,false
15,SSAT target,fiducial,Fiducial,Fiducial,TF15_H2-AU,TF15_H2-AU,z,-0.6026973873237587,,mm,false
15,SSAT target,fiducial,Fiducial,Fiducial,H3-AP,H3-AP,x,3136.132049295446,,mm,false
15,SSAT target,fiducial,Fiducial,Fiducial,H3-AP,H3-AP,y,-0.5938977727065065,,mm,false
15,SSAT target,fiducial,Fiducial,Fiducial,H3-AP,H3-AP,z,0.0969949909715705,,mm,false
15,SSAT target,fiducial,Fiducial,Fiducial,OB_LEG_1,OB_LEG_1,x,9988.897835172767,,mm,false
15,SSAT target,fiducial,Fiducial,Fiducial,OB_LEG_1,OB_LEG_1,y,829.4682426926939,,mm,false
15,SSAT target,fiducial,Fiducial,Fiducial,OB_LEG_1,OB_LEG_1,z,-4612.502110701847,,mm,false
15,SSAT target,fiducial,Fiducial,Fiducial,TF15_P1-OIS,TF15_P1-OIS,x,5989.2823351248,,mm,false
15,SSAT target,fiducial,Fiducial,Fiducial,TF15_P1-OIS,TF15_P1-OIS,y,1095.251688652528,,mm,false
15,SSAT target,fiducial,Fiducial,Fiducial,TF15_P1-OIS,TF15_P1-OIS,z,6589.478301737319,,mm,false
15,SSAT target,fiducial,Fiducial,Fiducial,TF15_P2-OIS,TF15_P2-OIS,x,7538.164679735358,,mm,false
15,SSAT target,fiducial,Fiducial,Fiducial,TF15_P2-OIS,TF15_P2-OIS,y,1368.035922017533,,mm,false
15,SSAT target,fiducial,Fiducial,Fiducial,TF15_P2-OIS,TF15_P2-OIS,z,6355.592528591181,,mm,false
15,SSAT target,fiducial,Fiducial,Fiducial,TF15_P14-IOIS,TF15_P14-IOIS,x,10097.18376318048,,mm,false
15,SSAT target,fiducial,Fiducial,Fiducial,TF15_P14-IOIS,TF15_P14-IOIS,y,1813.676932064564,,mm,false
15,SSAT target,fiducial,Fiducial,Fiducial,TF15_P14-IOIS,TF15_P14-IOIS,z,2376.373707272987,,mm,false
15,SSAT target,fiducial,Fiducial,Fiducial,TF15_P13-IOIS,TF15_P13-IOIS,x,9295.31511098279,,mm,false
15,SSAT target,fiducial,Fiducial,Fiducial,TF15_P13-IOIS,TF15_P13-IOIS,y,1672.431930588516,,mm,false
15,SSAT target,fiducial,Fiducial,Fiducial,TF15_P13-IOIS,TF15_P13-IOIS,z,3876.511711279848,,mm,false
15,SSAT target,fiducial,Fiducial,Fiducial,TF15_P3-OIS,TF15_P3-OIS,x,5989.914311800086,,mm,false
15,SSAT target,fiducial,Fiducial,Fiducial,TF15_P3-OIS,TF15_P3-OIS,y,1092.919197310188,,mm,false
15,SSAT target,fiducial,Fiducial,Fiducial,TF15_P3-OIS,TF15_P3-OIS,z,6118.464762862246,,mm,false
15,SSAT target,fiducial,Fiducial,Fiducial,TF15_P15-IOIS,TF15_P15-IOIS,x,10479.81823743951,,mm,false
15,SSAT target,fiducial,Fiducial,Fiducial,TF15_P15-IOIS,TF15_P15-IOIS,y,1881.373950405051,,mm,false
15,SSAT target,fiducial,Fiducial,Fiducial,TF15_P15-IOIS,TF15_P15-IOIS,z,-1246.160573999217,,mm,false
15,SSAT target,fiducial,Fiducial,Fiducial,TF15_B2-AU,TF15_B2-AU,x,2706.711862205789,,mm,false
15,SSAT target,fiducial,Fiducial,Fiducial,TF15_B2-AU,TF15_B2-AU,y,519.2772875455579,,mm,false
15,SSAT target,fiducial,Fiducial,Fiducial,TF15_B2-AU,TF15_B2-AU,z,3701.009464537457,,mm,false
15,SSAT target,fiducial,Fiducial,Fiducial,TF15_P4-OIS,TF15_P4-OIS,x,5988.833595395051,,mm,false
15,SSAT target,fiducial,Fiducial,Fiducial,TF15_P4-OIS,TF15_P4-OIS,y,1091.476860978322,,mm,false
15,SSAT target,fiducial,Fiducial,Fiducial,TF15_P4-OIS,TF15_P4-OIS,z,-6120.638827154832,,mm,false
15,SSAT target,fiducial,Fiducial,Fiducial,TF15_P6-OIS,TF15_P6-OIS,x,5988.273308764698,,mm,false
15,SSAT target,fiducial,Fiducial,Fiducial,TF15_P6-OIS,TF15_P6-OIS,y,1093.487513028997,,mm,false
15,SSAT target,fiducial,Fiducial,Fiducial,TF15_P6-OIS,TF15_P6-OIS,z,-6592.605383699067,,mm,false
15,SSAT target,fiducial,Fiducial,Fiducial,TF15_P16-IOIS,TF15_P16-IOIS,x,9864.867831752836,,mm,false
15,SSAT target,fiducial,Fiducial,Fiducial,TF15_P16-IOIS,TF15_P16-IOIS,y,1772.691239793028,,mm,false
15,SSAT target,fiducial,Fiducial,Fiducial,TF15_P16-IOIS,TF15_P16-IOIS,z,-2995.841924090661,,mm,false
15,SSAT target,fiducial,Fiducial,Fiducial,TF15_B1-AU,TF15_B1-AU,x,2143.56862846687,,mm,false
15,SSAT target,fiducial,Fiducial,Fiducial,TF15_B1-AU,TF15_B1-AU,y,-0.04376693049182689,,mm,false
15,SSAT target,fiducial,Fiducial,Fiducial,TF15_B1-AU,TF15_B1-AU,z,3700.23272007703,,mm,false
15,SSAT target,fiducial,Fiducial,Fiducial,TF15_H1-AU,TF15_H1-AU,x,2144.440038307325,,mm,false
15,SSAT target,fiducial,Fiducial,Fiducial,TF15_H1-AU,TF15_H1-AU,y,-0.4018750601232518,,mm,false
15,SSAT target,fiducial,Fiducial,Fiducial,TF15_H1-AU,TF15_H1-AU,z,0.1585304422521007,,mm,false
15,SSAT target,fiducial,Fiducial,Fiducial,TF15_D2-BU,TF15_D2-BU,x,8786.173489274983,,mm,false
15,SSAT target,fiducial,Fiducial,Fiducial,TF15_D2-BU,TF15_D2-BU,y,563.63143105643,,mm,false
15,SSAT target,fiducial,Fiducial,Fiducial,TF15_D2-BU,TF15_D2-BU,z,4633.29420814083,,mm,false
15,SSAT target,fiducial,Fiducial,Fiducial,RU_1,RU_1,x,7556.144455149466,,mm,false
15,SSAT target,fiducial,Fiducial,Fiducial,RU_1,RU_1,y,1928.727310711885,,mm,false
15,SSAT target,fiducial,Fiducial,Fiducial,RU_1,RU_1,z,1028.018146257504,,mm,false
15,SSAT target,fiducial,Fiducial,Fiducial,RU_2,RU_2,x,7610.510188764213,,mm,false
15,SSAT target,fiducial,Fiducial,Fiducial,RU_2,RU_2,y,1924.243011871322,,mm,false
15,SSAT target,fiducial,Fiducial,Fiducial,RU_2,RU_2,z,-3386.014234539157,,mm,false
15,SSAT target,fiducial,Fiducial,Fiducial,TF15_A1-AU,TF15_A1-AU,x,2144.06840159951,,mm,false
15,SSAT target,fiducial,Fiducial,Fiducial,TF15_A1-AU,TF15_A1-AU,y,0.09394064003390638,,mm,false
15,SSAT target,fiducial,Fiducial,Fiducial,TF15_A1-AU,TF15_A1-AU,z,-3699.882442152369,,mm,false
15,SSAT target,fiducial,Fiducial,Fiducial,TF15_D1-BU,TF15_D1-BU,x,9142.31321915063,,mm,false
15,SSAT target,fiducial,Fiducial,Fiducial,TF15_D1-BU,TF15_D1-BU,y,0.1453342345845995,,mm,false
15,SSAT target,fiducial,Fiducial,Fiducial,TF15_D1-BU,TF15_D1-BU,z,4992.088992314993,,mm,false
15,SSAT target,fiducial,ILIS +1 side,ILIS +1 side,P1,P1,x,2976.350405183899,,mm,false
15,SSAT target,fiducial,ILIS +1 side,ILIS +1 side,P1,P1,y,523.7203182017687,,mm,false
15,SSAT target,fiducial,ILIS +1 side,ILIS +1 side,P1,P1,z,482.3449742610583,,mm,false
15,SSAT target,fiducial,ILIS +1 side,ILIS +1 side,P2,P2,x,2661.583569560546,,mm,false
15,SSAT target,fiducial,ILIS +1 side,ILIS +1 side,P2,P2,y,468.1770711421406,,mm,false
15,SSAT target,fiducial,ILIS +1 side,ILIS +1 side,P2,P2,z,485.9862293653613,,mm,false
15,SSAT target,fiducial,ILIS +1 side,ILIS +1 side,P3,P3,x,2434.38285627509,,mm,false
15,SSAT target,fiducial,ILIS +1 side,ILIS +1 side,P3,P3,y,428.1148606897275,,mm,false
15,SSAT target,fiducial,ILIS +1 side,ILIS +1 side,P3,P3,z,488.7948109016587,,mm,false
15,SSAT target,fiducial,ILIS +1 side,ILIS +1 side,P4,P4,x,2207.176004052969,,mm,false
15,SSAT target,fiducial,ILIS +1 side,ILIS +1 side,P4,P4,y,387.9619855720603,,mm,false
15,SSAT target,fiducial,ILIS +1 side,ILIS +1 side,P4,P4,z,485.5233725175997,,mm,false
15,SSAT target,fiducial,ILIS +1 side,ILIS +1 side,P5,P5,x,3009.89380698196,,mm,false
15,SSAT target,fiducial,ILIS +1 side,ILIS +1 side,P5,P5,y,529.5814359474845,,mm,false
15,SSAT target,fiducial,ILIS +1 side,ILIS +1 side,P5,P5,z,513.0324679447198,,mm,false
15,SSAT target,fiducial,ILIS +1 side,ILIS +1 side,P6,P6,x,2726.74374748317,,mm,false
15,SSAT target,fiducial,ILIS +1 side,ILIS +1 side,P6,P6,y,479.6251457895499,,mm,false
15,SSAT target,fiducial,ILIS +1 side,ILIS +1 side,P6,P6,z,520.2952014857766,,mm,false
15,SSAT target,fiducial,ILIS +1 side,ILIS +1 side,P7,P7,x,2426.48662358513,,mm,false
15,SSAT target,fiducial,ILIS +1 side,ILIS +1 side,P7,P7,y,426.6240704647311,,mm,false
15,SSAT target,fiducial,ILIS +1 side,ILIS +1 side,P7,P7,z,517.7116711705584,,mm,false
15,SSAT target,fiducial,ILIS +1 side,ILIS +1 side,P8,P8,x,2212.892659236328,,mm,false
15,SSAT target,fiducial,ILIS +1 side,ILIS +1 side,P8,P8,y,388.9397209363294,,mm,false
15,SSAT target,fiducial,ILIS +1 side,ILIS +1 side,P8,P8,z,515.4824526114885,,mm,false
15,SSAT target,fiducial,ILIS +1 side,ILIS +1 side,P9,P9,x,3013.879870471909,,mm,false
15,SSAT target,fiducial,ILIS +1 side,ILIS +1 side,P9,P9,y,530.3331795143912,,mm,false
15,SSAT target,fiducial,ILIS +1 side,ILIS +1 side,P9,P9,z,897.5745480457974,,mm,false
15,SSAT target,fiducial,ILIS +1 side,ILIS +1 side,P10,P10,x,2706.681781770082,,mm,false
15,SSAT target,fiducial,ILIS +1 side,ILIS +1 side,P10,P10,y,476.0973057931398,,mm,false
15,SSAT target,fiducial,ILIS +1 side,ILIS +1 side,P10,P10,z,851.3539098347438,,mm,false
15,SSAT target,fiducial,ILIS +1 side,ILIS +1 side,P11,P11,x,2438.837431682716,,mm,false
15,SSAT target,fiducial,ILIS +1 side,ILIS +1 side,P11,P11,y,428.8351748100601,,mm,false
15,SSAT target,fiducial,ILIS +1 side,ILIS +1 side,P11,P11,z,852.6498724941915,,mm,false
15,SSAT target,fiducial,ILIS +1 side,ILIS +1 side,P12,P12,x,2182.121268277637,,mm,false
15,SSAT target,fiducial,ILIS +1 side,ILIS +1 side,P12,P12,y,383.5469136946431,,mm,false
15,SSAT target,fiducial,ILIS +1 side,ILIS +1 side,P12,P12,z,866.4500054543707,,mm,false
15,SSAT target,fiducial,ILIS +1 side,ILIS +1 side,P13,P13,x,2177.942677636985,,mm,false
15,SSAT target,fiducial,ILIS +1 side,ILIS +1 side,P13,P13,y,382.8520175429157,,mm,false
15,SSAT target,fiducial,ILIS +1 side,ILIS +1 side,P13,P13,z,1219.979960419429,,mm,false
15,SSAT target,fiducial,ILIS +1 side,ILIS +1 side,P14,P14,x,2483.893170220787,,mm,false
15,SSAT target,fiducial,ILIS +1 side,ILIS +1 side,P14,P14,y,436.7877851696414,,mm,false
15,SSAT target,fiducial,ILIS +1 side,ILIS +1 side,P14,P14,z,1198.088560595651,,mm,false
15,SSAT target,fiducial,ILIS +1 side,ILIS +1 side,P15,P15,x,2803.519863646238,,mm,false
15,SSAT target,fiducial,ILIS +1 side,ILIS +1 side,P15,P15,y,493.2511478068163,,mm,false
15,SSAT target,fiducial,ILIS +1 side,ILIS +1 side,P15,P15,z,1190.595392399475,,mm,false
15,SSAT target,fiducial,ILIS +1 side,ILIS +1 side,P16,P16,x,3023.04292036069,,mm,false
15,SSAT target,fiducial,ILIS +1 side,ILIS +1 side,P16,P16,y,531.9464492049533,,mm,false
15,SSAT target,fiducial,ILIS +1 side,ILIS +1 side,P16,P16,z,1199.091692738502,,mm,false
15,SSAT target,fiducial,ILIS +1 side,ILIS +1 side,P17,P17,x,2986.335162179039,,mm,false
15,SSAT target,fiducial,ILIS +1 side,ILIS +1 side,P17,P17,y,525.4955420315459,,mm,false
15,SSAT target,fiducial,ILIS +1 side,ILIS +1 side,P17,P17,z,1489.840152299198,,mm,false
15,SSAT target,fiducial,ILIS +1 side,ILIS +1 side,P18,P18,x,2732.751493633976,,mm,false
15,SSAT target,fiducial,ILIS +1 side,ILIS +1 side,P18,P18,y,480.7378684085274,,mm,false
15,SSAT target,fiducial,ILIS +1 side,ILIS +1 side,P18,P18,z,1483.548327120239,,mm,false
15,SSAT target,fiducial,ILIS +1 side,ILIS +1 side,P19,P19,x,2432.627565708189,,mm,false
15,SSAT target,fiducial,ILIS +1 side,ILIS +1 side,P19,P19,y,427.7869564459889,,mm,false
15,SSAT target,fiducial,ILIS +1 side,ILIS +1 side,P19,P19,z,1489.358804874474,,mm,false
15,SSAT target,fiducial,ILIS +1 side,ILIS +1 side,P20,P20,x,2216.62051841686,,mm,false
15,SSAT target,fiducial,ILIS +1 side,ILIS +1 side,P20,P20,y,389.6214900854781,,mm,false
15,SSAT target,fiducial,ILIS +1 side,ILIS +1 side,P20,P20,z,1482.50053767596,,mm,false
15,SSAT target,fiducial,ILIS +1 side,ILIS +1 side,P21,P21,x,3010.061192251895,,mm,false
15,SSAT target,fiducial,ILIS +1 side,ILIS +1 side,P21,P21,y,529.6938634855069,,mm,false
15,SSAT target,fiducial,ILIS +1 side,ILIS +1 side,P21,P21,z,1585.403514854892,,mm,false
15,SSAT target,fiducial,ILIS +1 side,ILIS +1 side,P22,P22,x,2770.205628130546,,mm,false
15,SSAT target,fiducial,ILIS +1 side,ILIS +1 side,P22,P22,y,487.4057121775323,,mm,false
15,SSAT target,fiducial,ILIS +1 side,ILIS +1 side,P22,P22,z,1589.301907213704,,mm,false
15,SSAT target,fiducial,ILIS +1 side,ILIS +1 side,P23,P23,x,2510.69702135502,,mm,false
15,SSAT target,fiducial,ILIS +1 side,ILIS +1 side,P23,P23,y,441.584683800551,,mm,false
15,SSAT target,fiducial,ILIS +1 side,ILIS +1 side,P23,P23,z,1583.12998880033,,mm,false
15,SSAT target,fiducial,ILIS +1 side,ILIS +1 side,P24,P24,x,2272.872646679344,,mm,false
15,SSAT target,fiducial,ILIS +1 side,ILIS +1 side,P24,P24,y,399.6949605170084,,mm,false
15,SSAT target,fiducial,ILIS +1 side,ILIS +1 side,P24,P24,z,1553.728419754582,,mm,false
15,SSAT target,fiducial,ILIS +1 side,ILIS +1 side,P25,P25,x,3013.325720792351,,mm,false
15,SSAT target,fiducial,ILIS +1 side,ILIS +1 side,P25,P25,y,530.3414178055024,,mm,false
15,SSAT target,fiducial,ILIS +1 side,ILIS +1 side,P25,P25,z,1820.408585510424,,mm,false
15,SSAT target,fiducial,ILIS +1 side,ILIS +1 side,P26,P26,x,2497.964698314146,,mm,false
15,SSAT target,fiducial,ILIS +1 side,ILIS +1 side,P26,P26,y,439.3724448538973,,mm,false
15,SSAT target,fiducial,ILIS +1 side,ILIS +1 side,P26,P26,z,1817.709810167867,,mm,false
15,SSAT target,fiducial,ILIS +1 side,ILIS +1 side,P27,P27,x,2275.97349023854,,mm,false
15,SSAT target,fiducial,ILIS +1 side,ILIS +1 side,P27,P27,y,400.2086518644919,,mm,false
15,SSAT target,fiducial,ILIS +1 side,ILIS +1 side,P27,P27,z,1801.724465197692,,mm,false
15,SSAT target,fiducial,ILIS +1 side,ILIS +1 side,P28,P28,x,3010.815702772725,,mm,false
15,SSAT target,fiducial,ILIS +1 side,ILIS +1 side,P28,P28,y,529.8277641457265,,mm,false
15,SSAT target,fiducial,ILIS +1 side,ILIS +1 side,P28,P28,z,2114.079539301327,,mm,false
15,SSAT target,fiducial,ILIS +1 side,ILIS +1 side,P29,P29,x,2766.982659230909,,mm,false
15,SSAT target,fiducial,ILIS +1 side,ILIS +1 side,P29,P29,y,486.7885046050349,,mm,false
15,SSAT target,fiducial,ILIS +1 side,ILIS +1 side,P29,P29,z,2053.738859314077,,mm,false
15,SSAT target,fiducial,ILIS +1 side,ILIS +1 side,P30,P30,x,2524.66048034766,,mm,false
15,SSAT target,fiducial,ILIS +1 side,ILIS +1 side,P30,P30,y,444.0831348449115,,mm,false
15,SSAT target,fiducial,ILIS +1 side,ILIS +1 side,P30,P30,z,2030.697217794299,,mm,false
15,SSAT target,fiducial,ILIS +1 side,ILIS +1 side,P31,P31,x,2335.231231850661,,mm,false
15,SSAT target,fiducial,ILIS +1 side,ILIS +1 side,P31,P31,y,410.643300648057,,mm,false
15,SSAT target,fiducial,ILIS +1 side,ILIS +1 side,P31,P31,z,2068.63536019412,,mm,false
15,SSAT target,fiducial,ILIS +1 side,ILIS +1 side,P32,P32,x,2736.500339835842,,mm,false
15,SSAT target,fiducial,ILIS +1 side,ILIS +1 side,P32,P32,y,481.3957714100795,,mm,false
15,SSAT target,fiducial,ILIS +1 side,ILIS +1 side,P32,P32,z,2449.962406429825,,mm,false
15,SSAT target,fiducial,ILIS +1 side,ILIS +1 side,P33,P33,x,2497.851793997236,,mm,false
15,SSAT target,fiducial,ILIS +1 side,ILIS +1 side,P33,P33,y,439.2404490867055,,mm,false
15,SSAT target,fiducial,ILIS +1 side,ILIS +1 side,P33,P33,z,2454.943799400812,,mm,false
15,SSAT target,fiducial,ILIS +1 side,ILIS +1 side,P34,P34,x,2270.174457730384,,mm,false
15,SSAT target,fiducial,ILIS +1 side,ILIS +1 side,P34,P34,y,399.1050298636663,,mm,false
15,SSAT target,fiducial,ILIS +1 side,ILIS +1 side,P34,P34,z,2431.270375499274,,mm,false
15,SSAT target,fiducial,ILIS +1 side,ILIS +1 side,P35,P35,x,2978.870993132376,,mm,false
15,SSAT target,fiducial,ILIS +1 side,ILIS +1 side,P35,P35,y,524.226233886076,,mm,false
15,SSAT target,fiducial,ILIS +1 side,ILIS +1 side,P35,P35,z,2408.866072716176,,mm,false
15,SSAT target,fiducial,ILIS +1 side,ILIS +1 side,P36,P36,x,2738.124857797684,,mm,false
15,SSAT target,fiducial,ILIS +1 side,ILIS +1 side,P36,P36,y,481.7066215764922,,mm,false
15,SSAT target,fiducial,ILIS +1 side,ILIS +1 side,P36,P36,z,1754.596419258633,,mm,false
15,SSAT target,fiducial,ILIS +1 side,ILIS +1 side,P37,P37,x,2968.21143080155,,mm,false
15,SSAT target,fiducial,ILIS +1 side,ILIS +1 side,P37,P37,y,522.3886932464598,,mm,false
15,SSAT target,fiducial,ILIS +1 side,ILIS +1 side,P37,P37,z,2549.749925007037,,mm,false
15,SSAT target,fiducial,ILIS +1 side,ILIS +1 side,P38,P38,x,2695.900245915499,,mm,false
15,SSAT target,fiducial,ILIS +1 side,ILIS +1 side,P38,P38,y,474.3062037505437,,mm,false
15,SSAT target,fiducial,ILIS +1 side,ILIS +1 side,P38,P38,z,2556.10281339183,,mm,false
15,SSAT target,fiducial,ILIS +1 side,ILIS +1 side,P39,P39,x,2301.644383923915,,mm,false
15,SSAT target,fiducial,ILIS +1 side,ILIS +1 side,P39,P39,y,404.7871474711734,,mm,false
15,SSAT target,fiducial,ILIS +1 side,ILIS +1 side,P39,P39,z,2652.619883634866,,mm,false
15,SSAT target,fiducial,ILIS +1 side,ILIS +1 side,P40,P40,x,2530.916938131862,,mm,false
15,SSAT target,fiducial,ILIS +1 side,ILIS +1 side,P40,P40,y,445.2680113906349,,mm,false
15,SSAT target,fiducial,ILIS +1 side,ILIS +1 side,P40,P40,z,2601.83934381598,,mm,false
15,SSAT target,fiducial,ILIS +1 side,ILIS +1 side,P41,P41,x,3001.841834930412,,mm,false
15,SSAT target,fiducial,ILIS +1 side,ILIS +1 side,P41,P41,y,528.2888282936847,,mm,false
15,SSAT target,fiducial,ILIS +1 side,ILIS +1 side,P41,P41,z,2876.261432422249,,mm,false
15,SSAT target,fiducial,ILIS +1 side,ILIS +1 side,P42,P42,x,2717.122784063921,,mm,false
15,SSAT target,fiducial,ILIS +1 side,ILIS +1 side,P42,P42,y,478.0457964910775,,mm,false
15,SSAT target,fiducial,ILIS +1 side,ILIS +1 side,P42,P42,z,2840.984139102509,,mm,false
15,SSAT target,fiducial,ILIS +1 side,ILIS +1 side,P43,P43,x,2497.312392224159,,mm,false
15,SSAT target,fiducial,ILIS +1 side,ILIS +1 side,P43,P43,y,439.2866212942954,,mm,false
15,SSAT target,fiducial,ILIS +1 side,ILIS +1 side,P43,P43,z,2818.184831189422,,mm,false
15,SSAT target,fiducial,ILIS +1 side,ILIS +1 side,P44,P44,x,2247.024435283478,,mm,false
15,SSAT target,fiducial,ILIS +1 side,ILIS +1 side,P44,P44,y,395.1132276762569,,mm,false
15,SSAT target,fiducial,ILIS +1 side,ILIS +1 side,P44,P44,z,2843.314057057437,,mm,false
15,SSAT target,fiducial,ILIS +1 side,ILIS +1 side,P45,P45,x,2244.035379322936,,mm,false
15,SSAT target,fiducial,ILIS +1 side,ILIS +1 side,P45,P45,y,394.5339332286032,,mm,false
15,SSAT target,fiducial,ILIS +1 side,ILIS +1 side,P45,P45,z,3135.229007733842,,mm,false
15,SSAT target,fiducial,ILIS +1 side,ILIS +1 side,P46,P46,x,2491.945326228932,,mm,false
15,SSAT target,fiducial,ILIS +1 side,ILIS +1 side,P46,P46,y,438.2945004036457,,mm,false
15,SSAT target,fiducial,ILIS +1 side,ILIS +1 side,P46,P46,z,3108.70974747672,,mm,false
15,SSAT target,fiducial,ILIS +1 side,ILIS +1 side,P47,P47,x,2733.586755087604,,mm,false
15,SSAT target,fiducial,ILIS +1 side,ILIS +1 side,P47,P47,y,480.9917952847896,,mm,false
15,SSAT target,fiducial,ILIS +1 side,ILIS +1 side,P47,P47,z,3100.056402575924,,mm,false
15,SSAT target,fiducial,ILIS +1 side,ILIS +1 side,P48,P48,x,2987.230738216178,,mm,false
15,SSAT target,fiducial,ILIS +1 side,ILIS +1 side,P48,P48,y,525.6725930866281,,mm,false
15,SSAT target,fiducial,ILIS +1 side,ILIS +1 side,P48,P48,z,3119.454209757738,,mm,false
15,SSAT target,fiducial,ILIS +1 side,ILIS +1 side,P49,P49,x,2989.971554575865,,mm,false
15,SSAT target,fiducial,ILIS +1 side,ILIS +1 side,P49,P49,y,526.2432095805524,,mm,false
15,SSAT target,fiducial,ILIS +1 side,ILIS +1 side,P49,P49,z,3408.668277241495,,mm,false
15,SSAT target,fiducial,ILIS +1 side,ILIS +1 side,P50,P50,x,2493.475859507721,,mm,false
15,SSAT target,fiducial,ILIS +1 side,ILIS +1 side,P50,P50,y,438.5925384126584,,mm,false
15,SSAT target,fiducial,ILIS +1 side,ILIS +1 side,P50,P50,z,3427.563784475199,,mm,false
15,SSAT target,fiducial,ILIS +1 side,ILIS +1 side,P51,P51,x,2281.962980729181,,mm,false
15,SSAT target,fiducial,ILIS +1 side,ILIS +1 side,P51,P51,y,401.2453369655601,,mm,false
15,SSAT target,fiducial,ILIS +1 side,ILIS +1 side,P51,P51,z,3429.737590787797,,mm,false
15,SSAT target,fiducial,ILIS +1 side,ILIS +1 side,P52,P52,x,2715.983120912205,,mm,false
15,SSAT target,fiducial,ILIS +1 side,ILIS +1 side,P52,P52,y,477.9467672974266,,mm,false
15,SSAT target,fiducial,ILIS +1 side,ILIS +1 side,P52,P52,z,3446.247159121178,,mm,false
15,SSAT target,fiducial,ILIS +1 side,ILIS +1 side,P53,P53,x,2987.58050324492,,mm,false
15,SSAT target,fiducial,ILIS +1 side,ILIS +1 side,P53,P53,y,525.8736314157322,,mm,false
15,SSAT target,fiducial,ILIS +1 side,ILIS +1 side,P53,P53,z,3574.569256745875,,mm,false
15,SSAT target,fiducial,ILIS +1 side,ILIS +1 side,P54,P54,x,2798.945504428069,,mm,false
15,SSAT target,fiducial,ILIS +1 side,ILIS +1 side,P54,P54,y,492.5357502734747,,mm,false
15,SSAT target,fiducial,ILIS +1 side,ILIS +1 side,P54,P54,z,3581.057401959366,,mm,false
15,SSAT target,fiducial,ILIS +1 side,ILIS +1 side,P55,P55,x,2628.115155629689,,mm,false
15,SSAT target,fiducial,ILIS +1 side,ILIS +1 side,P55,P55,y,462.4104512987994,,mm,false
15,SSAT target,fiducial,ILIS +1 side,ILIS +1 side,P55,P55,z,3580.28383094759,,mm,false
15,SSAT target,fiducial,ILIS +1 side,ILIS +1 side,P56,P56,x,2629.784016653085,,mm,false
15,SSAT target,fiducial,ILIS +1 side,ILIS +1 side,P56,P56,y,462.7732567918727,,mm,false
15,SSAT target,fiducial,ILIS +1 side,ILIS +1 side,P56,P56,z,3786.430876146057,,mm,false
15,SSAT target,fiducial,ILIS +1 side,ILIS +1 side,P57,P57,x,2850.054262186264,,mm,false
15,SSAT target,fiducial,ILIS +1 side,ILIS +1 side,P57,P57,y,501.636039608513,,mm,false
15,SSAT target,fiducial,ILIS +1 side,ILIS +1 side,P57,P57,z,3761.060194750013,,mm,false
15,SSAT target,fiducial,ILIS +1 side,ILIS +1 side,P58,P58,x,3018.808836703388,,mm,false
15,SSAT target,fiducial,ILIS +1 side,ILIS +1 side,P58,P58,y,531.4123087745552,,mm,false
15,SSAT target,fiducial,ILIS +1 side,ILIS +1 side,P58,P58,z,3770.549738474341,,mm,false
15,SSAT target,fiducial,ILIS +1 side,ILIS +1 side,P59,P59,x,3012.174876081918,,mm,false
15,SSAT target,fiducial,ILIS +1 side,ILIS +1 side,P59,P59,y,530.236068601689,,mm,false
15,SSAT target,fiducial,ILIS +1 side,ILIS +1 side,P59,P59,z,3938.393641332111,,mm,false
15,SSAT target,fiducial,ILIS +1 side,ILIS +1 side,P60,P60,x,2878.191839327064,,mm,false
15,SSAT target,fiducial,ILIS +1 side,ILIS +1 side,P60,P60,y,506.6568290321478,,mm,false
15,SSAT target,fiducial,ILIS +1 side,ILIS +1 side,P60,P60,z,3923.886635118919,,mm,false
15,SSAT target,fiducial,ILIS +1 side,ILIS +1 side,P61,P61,x,2626.71135537818,,mm,false
15,SSAT target,fiducial,ILIS +1 side,ILIS +1 side,P61,P61,y,462.2793638118713,,mm,false
15,SSAT target,fiducial,ILIS +1 side,ILIS +1 side,P61,P61,z,3926.280843852217,,mm,false
15,SSAT target,fiducial,ILIS +1 side,ILIS +1 side,P62,P62,x,2557.124204992734,,mm,false
15,SSAT target,fiducial,ILIS +1 side,ILIS +1 side,P62,P62,y,449.9716743415658,,mm,false
15,SSAT target,fiducial,ILIS +1 side,ILIS +1 side,P62,P62,z,3975.589789806636,,mm,false
15,SSAT target,fiducial,ILIS +1 side,ILIS +1 side,P63,P63,x,2391.708969421561,,mm,false
15,SSAT target,fiducial,ILIS +1 side,ILIS +1 side,P63,P63,y,420.8201243195435,,mm,false
15,SSAT target,fiducial,ILIS +1 side,ILIS +1 side,P63,P63,z,3981.877304597606,,mm,false
15,SSAT target,fiducial,ILIS +1 side,ILIS +1 side,P64,P64,x,2230.77358249591,,mm,false
15,SSAT target,fiducial,ILIS +1 side,ILIS +1 side,P64,P64,y,392.3548740006289,,mm,false
15,SSAT target,fiducial,ILIS +1 side,ILIS +1 side,P64,P64,z,3983.378863911274,,mm,false
15,SSAT target,fiducial,ILIS +1 side,ILIS +1 side,P65,P65,x,2568.007660813564,,mm,false
15,SSAT target,fiducial,ILIS +1 side,ILIS +1 side,P65,P65,y,451.8804569313257,,mm,false
15,SSAT target,fiducial,ILIS +1 side,ILIS +1 side,P65,P65,z,3788.140946725594,,mm,false
15,SSAT target,fiducial,ILIS +1 side,ILIS +1 side,P66,P66,x,2398.676641464511,,mm,false
15,SSAT target,fiducial,ILIS +1 side,ILIS +1 side,P66,P66,y,421.9530826758901,,mm,false
15,SSAT target,fiducial,ILIS +1 side,ILIS +1 side,P66,P66,z,3801.744384025978,,mm,false
15,SSAT target,fiducial,ILIS +1 side,ILIS +1 side,P67,P67,x,2214.419497845934,,mm,false
15,SSAT target,fiducial,ILIS +1 side,ILIS +1 side,P67,P67,y,389.4436396675755,,mm,false
15,SSAT target,fiducial,ILIS +1 side,ILIS +1 side,P67,P67,z,3761.822606387548,,mm,false
15,SSAT target,fiducial,ILIS +1 side,ILIS +1 side,P68,P68,x,2571.548853455758,,mm,false
15,SSAT target,fiducial,ILIS +1 side,ILIS +1 side,P68,P68,y,452.3660061171034,,mm,false
15,SSAT target,fiducial,ILIS +1 side,ILIS +1 side,P68,P68,z,3586.245964572349,,mm,false
15,SSAT target,fiducial,ILIS +1 side,ILIS +1 side,P69,P69,x,2414.410660731286,,mm,false
15,SSAT target,fiducial,ILIS +1 side,ILIS +1 side,P69,P69,y,424.6707685478644,,mm,false
15,SSAT target,fiducial,ILIS +1 side,ILIS +1 side,P69,P69,z,3597.751603332116,,mm,false
15,SSAT target,fiducial,ILIS +1 side,ILIS +1 side,P70,P70,x,2218.434154087328,,mm,false
15,SSAT target,fiducial,ILIS +1 side,ILIS +1 side,P70,P70,y,390.1328091292222,,mm,false
15,SSAT target,fiducial,ILIS +1 side,ILIS +1 side,P70,P70,z,3579.983658239148,,mm,false
15,SSAT target,fiducial,ILIS +1 side,ILIS +1 side,P71,P71,x,3010.671049344622,,mm,false
15,SSAT target,fiducial,ILIS +1 side,ILIS +1 side,P71,P71,y,530.0359246720716,,mm,false
15,SSAT target,fiducial,ILIS +1 side,ILIS +1 side,P71,P71,z,4029.709635219007,,mm,false
15,SSAT target,fiducial,ILIS +1 side,ILIS +1 side,P72,P72,x,2785.482424352585,,mm,false
15,SSAT target,fiducial,ILIS +1 side,ILIS +1 side,P72,P72,y,490.3198285993831,,mm,false
15,SSAT target,fiducial,ILIS +1 side,ILIS +1 side,P72,P72,z,4037.057245234575,,mm,false
15,SSAT target,fiducial,ILIS +1 side,ILIS +1 side,P73,P73,x,2623.075688802025,,mm,false
15,SSAT target,fiducial,ILIS +1 side,ILIS +1 side,P73,P73,y,461.6728247071434,,mm,false
15,SSAT target,fiducial,ILIS +1 side,ILIS +1 side,P73,P73,z,4023.409799106876,,mm,false
15,SSAT target,fiducial,ILIS +1 side,ILIS +1 side,P74,P74,x,3008.473042574015,,mm,false
15,SSAT target,fiducial,ILIS +1 side,ILIS +1 side,P74,P74,y,529.7219152040414,,mm,false
15,SSAT target,fiducial,ILIS +1 side,ILIS +1 side,P74,P74,z,4197.622622406689,,mm,false
15,SSAT target,fiducial,ILIS +1 side,ILIS +1 side,P75,P75,x,2808.532088969464,,mm,false
15,SSAT target,fiducial,ILIS +1 side,ILIS +1 side,P75,P75,y,494.4619761818719,,mm,false
15,SSAT target,fiducial,ILIS +1 side,ILIS +1 side,P75,P75,z,4201.521613154968,,mm,false
15,SSAT target,fiducial,ILIS +1 side,ILIS +1 side,P76,P76,x,2623.614604789775,,mm,false
15,SSAT target,fiducial,ILIS +1 side,ILIS +1 side,P76,P76,y,461.7284935171458,,mm,false
15,SSAT target,fiducial,ILIS +1 side,ILIS +1 side,P76,P76,z,4188.925802609685,,mm,false
15,SSAT target,fiducial,ILIS +1 side,ILIS +1 side,P77,P77,x,2975.255819574603,,mm,false
15,SSAT target,fiducial,ILIS +1 side,ILIS +1 side,P77,P77,y,523.8624879268625,,mm,false
15,SSAT target,fiducial,ILIS +1 side,ILIS +1 side,P77,P77,z,4427.891127737294,,mm,false
15,SSAT target,fiducial,ILIS +1 side,ILIS +1 side,P78,P78,x,2775.710205505142,,mm,false
15,SSAT target,fiducial,ILIS +1 side,ILIS +1 side,P78,P78,y,488.6953728898123,,mm,false
15,SSAT target,fiducial,ILIS +1 side,ILIS +1 side,P78,P78,z,4446.347129867027,,mm,false
15,SSAT target,fiducial,ILIS +1 side,ILIS +1 side,P79,P79,x,2623.162275796834,,mm,false
15,SSAT target,fiducial,ILIS +1 side,ILIS +1 side,P79,P79,y,461.684597569197,,mm,false
15,SSAT target,fiducial,ILIS +1 side,ILIS +1 side,P79,P79,z,4470.562810557198,,mm,false
15,SSAT target,fiducial,ILIS +1 side,ILIS +1 side,P80,P80,x,2567.841328393226,,mm,false
15,SSAT target,fiducial,ILIS +1 side,ILIS +1 side,P80,P80,y,451.9118478985989,,mm,false
15,SSAT target,fiducial,ILIS +1 side,ILIS +1 side,P80,P80,z,4027.575963406808,,mm,false
15,SSAT target,fiducial,ILIS +1 side,ILIS +1 side,P81,P81,x,2383.114953318217,,mm,false
15,SSAT target,fiducial,ILIS +1 side,ILIS +1 side,P81,P81,y,419.2553239827371,,mm,false
15,SSAT target,fiducial,ILIS +1 side,ILIS +1 side,P81,P81,z,4019.768165357444,,mm,false
15,SSAT target,fiducial,ILIS +1 side,ILIS +1 side,P82,P82,x,2214.630651329277,,mm,false
15,SSAT target,fiducial,ILIS +1 side,ILIS +1 side,P82,P82,y,389.597480390904,,mm,false
15,SSAT target,fiducial,ILIS +1 side,ILIS +1 side,P82,P82,z,4022.065641534002,,mm,false
15,SSAT target,fiducial,ILIS +1 side,ILIS +1 side,P83,P83,x,2572.682318450683,,mm,false
15,SSAT target,fiducial,ILIS +1 side,ILIS +1 side,P83,P83,y,452.7796503657342,,mm,false
15,SSAT target,fiducial,ILIS +1 side,ILIS +1 side,P83,P83,z,4198.121043526821,,mm,false
15,SSAT target,fiducial,ILIS +1 side,ILIS +1 side,P84,P84,x,2255.01227141954,,mm,false
15,SSAT target,fiducial,ILIS +1 side,ILIS +1 side,P84,P84,y,396.6442303326599,,mm,false
15,SSAT target,fiducial,ILIS +1 side,ILIS +1 side,P84,P84,z,4233.681238098017,,mm,false
15,SSAT target,fiducial,ILIS +1 side,ILIS +1 side,P85,P85,x,2576.665767452173,,mm,false
15,SSAT target,fiducial,ILIS +1 side,ILIS +1 side,P85,P85,y,453.5796261457103,,mm,false
15,SSAT target,fiducial,ILIS +1 side,ILIS +1 side,P85,P85,z,4472.357131592932,,mm,false
15,SSAT target,fiducial,ILIS +1 side,ILIS +1 side,P86,P86,x,2412.765343157029,,mm,false
15,SSAT target,fiducial,ILIS +1 side,ILIS +1 side,P86,P86,y,424.5778340703287,,mm,false
15,SSAT target,fiducial,ILIS +1 side,ILIS +1 side,P86,P86,z,4471.024643210975,,mm,false
15,SSAT target,fiducial,ILIS +1 side,ILIS +1 side,P87,P87,x,2305.445874242025,,mm,false
15,SSAT target,fiducial,ILIS +1 side,ILIS +1 side,P87,P87,y,405.6109883942796,,mm,false
15,SSAT target,fiducial,ILIS +1 side,ILIS +1 side,P87,P87,z,4406.828017381398,,mm,false
15,SSAT target,fiducial,ILIS +1 side,ILIS +1 side,P88,P88,x,2413.69609289349,,mm,false
15,SSAT target,fiducial,ILIS +1 side,ILIS +1 side,P88,P88,y,424.6435636901866,,mm,false
15,SSAT target,fiducial,ILIS +1 side,ILIS +1 side,P88,P88,z,4249.441630192049,,mm,false
15,SSAT target,fiducial,ILIS +1 side,ILIS +1 side,P89,P89,x,3017.974728372596,,mm,false
15,SSAT target,fiducial,ILIS +1 side,ILIS +1 side,P89,P89,y,531.0925724997953,,mm,false
15,SSAT target,fiducial,ILIS +1 side,ILIS +1 side,P89,P89,z,-2485.326464715744,,mm,false
15,SSAT target,fiducial,ILIS +1 side,ILIS +1 side,P90,P90,x,2719.366717393243,,mm,false
15,SSAT target,fiducial,ILIS +1 side,ILIS +1 side,P90,P90,y,478.365400092869,,mm,false
15,SSAT target,fiducial,ILIS +1 side,ILIS +1 side,P90,P90,z,-2482.499973795054,,mm,false
15,SSAT target,fiducial,ILIS +1 side,ILIS +1 side,P91,P91,x,2430.126482132759,,mm,false
15,SSAT target,fiducial,ILIS +1 side,ILIS +1 side,P91,P91,y,427.3409522989785,,mm,false
15,SSAT target,fiducial,ILIS +1 side,ILIS +1 side,P91,P91,z,-2485.160330874182,,mm,false
15,SSAT target,fiducial,ILIS +1 side,ILIS +1 side,P92,P92,x,2213.135445138776,,mm,false
15,SSAT target,fiducial,ILIS +1 side,ILIS +1 side,P92,P92,y,389.0264125070926,,mm,false
15,SSAT target,fiducial,ILIS +1 side,ILIS +1 side,P92,P92,z,-2491.93260750851,,mm,false
15,SSAT target,fiducial,ILIS +1 side,ILIS +1 side,P93,P93,x,3020.531688590162,,mm,false
15,SSAT target,fiducial,ILIS +1 side,ILIS +1 side,P93,P93,y,531.5437935851514,,mm,false
15,SSAT target,fiducial,ILIS +1 side,ILIS +1 side,P93,P93,z,-2021.382414840139,,mm,false
15,SSAT target,fiducial,ILIS +1 side,ILIS +1 side,P94,P94,x,2802.979735409973,,mm,false
15,SSAT target,fiducial,ILIS +1 side,ILIS +1 side,P94,P94,y,493.1934634781643,,mm,false
15,SSAT target,fiducial,ILIS +1 side,ILIS +1 side,P94,P94,z,-2024.698685964432,,mm,false
15,SSAT target,fiducial,ILIS +1 side,ILIS +1 side,P95,P95,x,2377.329030089514,,mm,false
15,SSAT target,fiducial,ILIS +1 side,ILIS +1 side,P95,P95,y,418.0189552728261,,mm,false
15,SSAT target,fiducial,ILIS +1 side,ILIS +1 side,P95,P95,z,-2061.502117628899,,mm,false
15,SSAT target,fiducial,ILIS +1 side,ILIS +1 side,P96,P96,x,2180.60712307253,,mm,false
15,SSAT target,fiducial,ILIS +1 side,ILIS +1 side,P96,P96,y,383.27449739495,,mm,false
15,SSAT target,fiducial,ILIS +1 side,ILIS +1 side,P96,P96,z,-2054.429089820827,,mm,false
15,SSAT target,fiducial,ILIS +1 side,ILIS +1 side,P97,P97,x,3019.206290548203,,mm,false
15,SSAT target,fiducial,ILIS +1 side,ILIS +1 side,P97,P97,y,531.322858886196,,mm,false
15,SSAT target,fiducial,ILIS +1 side,ILIS +1 side,P97,P97,z,-1785.309426213975,,mm,false
15,SSAT target,fiducial,ILIS +1 side,ILIS +1 side,P98,P98,x,2750.742822443987,,mm,false
15,SSAT target,fiducial,ILIS +1 side,ILIS +1 side,P98,P98,y,483.9138640603858,,mm,false
15,SSAT target,fiducial,ILIS +1 side,ILIS +1 side,P98,P98,z,-1789.341481280935,,mm,false
15,SSAT target,fiducial,ILIS +1 side,ILIS +1 side,P99,P99,x,2458.406264013908,,mm,false
15,SSAT target,fiducial,ILIS +1 side,ILIS +1 side,P99,P99,y,432.3235339661988,,mm,false
15,SSAT target,fiducial,ILIS +1 side,ILIS +1 side,P99,P99,z,-1806.974889687419,,mm,false
15,SSAT target,fiducial,ILIS +1 side,ILIS +1 side,P100,P100,x,2187.244128628573,,mm,false
15,SSAT target,fiducial,ILIS +1 side,ILIS +1 side,P100,P100,y,384.4655334655114,,mm,false
15,SSAT target,fiducial,ILIS +1 side,ILIS +1 side,P100,P100,z,-1798.005979143712,,mm,false
15,SSAT target,fiducial,ILIS +1 side,ILIS +1 side,P101,P101,x,3017.017531360673,,mm,false
15,SSAT target,fiducial,ILIS +1 side,ILIS +1 side,P101,P101,y,530.9190430915828,,mm,false
15,SSAT target,fiducial,ILIS +1 side,ILIS +1 side,P101,P101,z,-1522.683456662175,,mm,false
15,SSAT target,fiducial,ILIS +1 side,ILIS +1 side,P102,P102,x,2767.237056322435,,mm,false
15,SSAT target,fiducial,ILIS +1 side,ILIS +1 side,P102,P102,y,486.8204460416878,,mm,false
15,SSAT target,fiducial,ILIS +1 side,ILIS +1 side,P102,P102,z,-1519.260226914866,,mm,false
15,SSAT target,fiducial,ILIS +1 side,ILIS +1 side,P103,P103,x,2432.057349013906,,mm,false
15,SSAT target,fiducial,ILIS +1 side,ILIS +1 side,P103,P103,y,427.6607365245796,,mm,false
15,SSAT target,fiducial,ILIS +1 side,ILIS +1 side,P103,P103,z,-1518.664282773034,,mm,false
15,SSAT target,fiducial,ILIS +1 side,ILIS +1 side,P104,P104,x,2216.570432701619,,mm,false
15,SSAT target,fiducial,ILIS +1 side,ILIS +1 side,P104,P104,y,389.6180206561677,,mm,false
15,SSAT target,fiducial,ILIS +1 side,ILIS +1 side,P104,P104,z,-1519.703535185407,,mm,false
15,SSAT target,fiducial,ILIS +1 side,ILIS +1 side,P105,P105,x,2692.821755756865,,mm,false
15,SSAT target,fiducial,ILIS +1 side,ILIS +1 side,P105,P105,y,473.6683165121253,,mm,false
15,SSAT target,fiducial,ILIS +1 side,ILIS +1 side,P105,P105,z,-1478.270352292302,,mm,false
15,SSAT target,fiducial,ILIS +1 side,ILIS +1 side,P106,P106,x,2431.864305006514,,mm,false
15,SSAT target,fiducial,ILIS +1 side,ILIS +1 side,P106,P106,y,427.6338699615467,,mm,false
15,SSAT target,fiducial,ILIS +1 side,ILIS +1 side,P106,P106,z,-1478.352283117857,,mm,false
15,SSAT target,fiducial,ILIS +1 side,ILIS +1 side,P107,P107,x,2217.996418809853,,mm,false
15,SSAT target,fiducial,ILIS +1 side,ILIS +1 side,P107,P107,y,389.8548288478225,,mm,false
15,SSAT target,fiducial,ILIS +1 side,ILIS +1 side,P107,P107,z,-1477.502515914548,,mm,false
15,SSAT target,fiducial,ILIS +1 side,ILIS +1 side,P108,P108,x,3006.710538515063,,mm,false
15,SSAT target,fiducial,ILIS +1 side,ILIS +1 side,P108,P108,y,529.0891225058357,,mm,false
15,SSAT target,fiducial,ILIS +1 side,ILIS +1 side,P108,P108,z,-1188.796606338401,,mm,false
15,SSAT target,fiducial,ILIS +1 side,ILIS +1 side,P109,P109,x,2712.320177958385,,mm,false
15,SSAT target,fiducial,ILIS +1 side,ILIS +1 side,P109,P109,y,477.1070441374632,,mm,false
15,SSAT target,fiducial,ILIS +1 side,ILIS +1 side,P109,P109,z,-1198.99005196847,,mm,false
15,SSAT target,fiducial,ILIS +1 side,ILIS +1 side,P110,P110,x,2350.065053913416,,mm,false
15,SSAT target,fiducial,ILIS +1 side,ILIS +1 side,P110,P110,y,413.146890639994,,mm,false
15,SSAT target,fiducial,ILIS +1 side,ILIS +1 side,P110,P110,z,-1184.996520650601,,mm,false
15,SSAT target,fiducial,ILIS +1 side,ILIS +1 side,P111,P111,x,2177.377490060649,,mm,false
15,SSAT target,fiducial,ILIS +1 side,ILIS +1 side,P111,P111,y,382.6966510685772,,mm,false
15,SSAT target,fiducial,ILIS +1 side,ILIS +1 side,P111,P111,z,-1195.613119288588,,mm,false
15,SSAT target,fiducial,ILIS +1 side,ILIS +1 side,P112,P112,x,2182.781878175339,,mm,false
15,SSAT target,fiducial,ILIS +1 side,ILIS +1 side,P112,P112,y,383.6453601194024,,mm,false
15,SSAT target,fiducial,ILIS +1 side,ILIS +1 side,P112,P112,z,-796.9000291720948,,mm,false
15,SSAT target,fiducial,ILIS +1 side,ILIS +1 side,P113,P113,x,2470.560992385349,,mm,false
15,SSAT target,fiducial,ILIS +1 side,ILIS +1 side,P113,P113,y,434.434970774932,,mm,false
15,SSAT target,fiducial,ILIS +1 side,ILIS +1 side,P113,P113,z,-799.9016892065313,,mm,false
15,SSAT target,fiducial,ILIS +1 side,ILIS +1 side,P114,P114,x,2785.491799433742,,mm,false
15,SSAT target,fiducial,ILIS +1 side,ILIS +1 side,P114,P114,y,490.0084764826717,,mm,false
15,SSAT target,fiducial,ILIS +1 side,ILIS +1 side,P114,P114,z,-804.6789415757889,,mm,false
15,SSAT target,fiducial,ILIS +1 side,ILIS +1 side,P115,P115,x,3021.670521298328,,mm,false
15,SSAT target,fiducial,ILIS +1 side,ILIS +1 side,P115,P115,y,531.7052645115268,,mm,false
15,SSAT target,fiducial,ILIS +1 side,ILIS +1 side,P115,P115,z,-803.2993766127767,,mm,false
15,SSAT target,fiducial,ILIS +1 side,ILIS +1 side,P116,P116,x,3004.247592240496,,mm,false
15,SSAT target,fiducial,ILIS +1 side,ILIS +1 side,P116,P116,y,528.6285546991957,,mm,false
15,SSAT target,fiducial,ILIS +1 side,ILIS +1 side,P116,P116,z,-554.1036336760716,,mm,false
15,SSAT target,fiducial,ILIS +1 side,ILIS +1 side,P117,P117,x,2759.044858732388,,mm,false
15,SSAT target,fiducial,ILIS +1 side,ILIS +1 side,P117,P117,y,485.3309196528978,,mm,false
15,SSAT target,fiducial,ILIS +1 side,ILIS +1 side,P117,P117,z,-517.4883356088749,,mm,false
15,SSAT target,fiducial,ILIS +1 side,ILIS +1 side,P118,P118,x,2434.568030795013,,mm,false
15,SSAT target,fiducial,ILIS +1 side,ILIS +1 side,P118,P118,y,428.0689468005818,,mm,false
15,SSAT target,fiducial,ILIS +1 side,ILIS +1 side,P118,P118,z,-517.5452281369913,,mm,false
15,SSAT target,fiducial,ILIS +1 side,ILIS +1 side,P119,P119,x,2210.946138242024,,mm,false
15,SSAT target,fiducial,ILIS +1 side,ILIS +1 side,P119,P119,y,388.5853004766877,,mm,false
15,SSAT target,fiducial,ILIS +1 side,ILIS +1 side,P119,P119,z,-520.9536044350408,,mm,false
15,SSAT target,fiducial,ILIS +1 side,ILIS +1 side,P120,P120,x,3021.76831699518,,mm,false
15,SSAT target,fiducial,ILIS +1 side,ILIS +1 side,P120,P120,y,531.7383180961344,,mm,false
15,SSAT target,fiducial,ILIS +1 side,ILIS +1 side,P120,P120,z,-1445.352387341223,,mm,false
15,SSAT target,fiducial,ILIS +1 side,ILIS +1 side,P121,P121,x,2973.025521305275,,mm,false
15,SSAT target,fiducial,ILIS +1 side,ILIS +1 side,P121,P121,y,523.1757299973826,,mm,false
15,SSAT target,fiducial,ILIS +1 side,ILIS +1 side,P121,P121,z,-485.3950902314071,,mm,false
15,SSAT target,fiducial,ILIS +1 side,ILIS +1 side,P122,P122,x,2665.152650441478,,mm,false
15,SSAT target,fiducial,ILIS +1 side,ILIS +1 side,P122,P122,y,468.8165831862631,,mm,false
15,SSAT target,fiducial,ILIS +1 side,ILIS +1 side,P122,P122,z,-480.4707382891798,,mm,false
15,SSAT target,fiducial,ILIS +1 side,ILIS +1 side,P123,P123,x,2352.730722963593,,mm,false
15,SSAT target,fiducial,ILIS +1 side,ILIS +1 side,P123,P123,y,413.6751117430071,,mm,false
15,SSAT target,fiducial,ILIS +1 side,ILIS +1 side,P123,P123,z,-479.7684505449218,,mm,false
15,SSAT target,fiducial,ILIS +1 side,ILIS +1 side,P124,P124,x,2179.49327674635,,mm,false
15,SSAT target,fiducial,ILIS +1 side,ILIS +1 side,P124,P124,y,383.1337971010481,,mm,false
15,SSAT target,fiducial,ILIS +1 side,ILIS +1 side,P124,P124,z,-485.6300560476068,,mm,false
15,SSAT target,fiducial,ILIS +1 side,ILIS +1 side,P125,P125,x,3007.865377670658,,mm,false
15,SSAT target,fiducial,ILIS +1 side,ILIS +1 side,P125,P125,y,529.3196109126691,,mm,false
15,SSAT target,fiducial,ILIS +1 side,ILIS +1 side,P125,P125,z,-139.2135574415452,,mm,false
15,SSAT target,fiducial,ILIS +1 side,ILIS +1 side,P126,P126,x,2700.822081639251,,mm,false
15,SSAT target,fiducial,ILIS +1 side,ILIS +1 side,P126,P126,y,475.1263694725838,,mm,false
15,SSAT target,fiducial,ILIS +1 side,ILIS +1 side,P126,P126,z,-151.8571891344801,,mm,false
15,SSAT target,fiducial,ILIS +1 side,ILIS +1 side,P127,P127,x,2366.13947577305,,mm,false
15,SSAT target,fiducial,ILIS +1 side,ILIS +1 side,P127,P127,y,416.0037272740599,,mm,false
15,SSAT target,fiducial,ILIS +1 side,ILIS +1 side,P127,P127,z,-146.890248519311,,mm,false
15,SSAT target,fiducial,ILIS +1 side,ILIS +1 side,P128,P128,x,2173.227554223375,,mm,false
15,SSAT target,fiducial,ILIS +1 side,ILIS +1 side,P128,P128,y,381.9812441862739,,mm,false
15,SSAT target,fiducial,ILIS +1 side,ILIS +1 side,P128,P128,z,-138.7411523391663,,mm,false
15,SSAT target,fiducial,ILIS +1 side,ILIS +1 side,P129,P129,x,3012.342591594891,,mm,false
15,SSAT target,fiducial,ILIS +1 side,ILIS +1 side,P129,P129,y,530.0722634924017,,mm,false
15,SSAT target,fiducial,ILIS +1 side,ILIS +1 side,P129,P129,z,209.4505103480262,,mm,false
15,SSAT target,fiducial,ILIS +1 side,ILIS +1 side,P130,P130,x,2743.993829101495,,mm,false
15,SSAT target,fiducial,ILIS +1 side,ILIS +1 side,P130,P130,y,482.7209766855677,,mm,false
15,SSAT target,fiducial,ILIS +1 side,ILIS +1 side,P130,P130,z,193.120464940877,,mm,false
15,SSAT target,fiducial,ILIS +1 side,ILIS +1 side,P131,P131,x,2449.658936533817,,mm,false
15,SSAT target,fiducial,ILIS +1 side,ILIS +1 side,P131,P131,y,430.738559575861,,mm,false
15,SSAT target,fiducial,ILIS +1 side,ILIS +1 side,P131,P131,z,202.6910184048031,,mm,false
15,SSAT target,fiducial,ILIS +1 side,ILIS +1 side,P132,P132,x,2172.902988051259,,mm,false
15,SSAT target,fiducial,ILIS +1 side,ILIS +1 side,P132,P132,y,381.9040170527242,,mm,false
15,SSAT target,fiducial,ILIS +1 side,ILIS +1 side,P132,P132,z,217.2678470748509,,mm,false
15,SSAT target,fiducial,ILIS +1 side,ILIS +1 side,P133,P133,x,3011.684565526745,,mm,false
15,SSAT target,fiducial,ILIS +1 side,ILIS +1 side,P133,P133,y,530.0388360483431,,mm,false
15,SSAT target,fiducial,ILIS +1 side,ILIS +1 side,P133,P133,z,-3339.339568034928,,mm,false
15,SSAT target,fiducial,ILIS +1 side,ILIS +1 side,P134,P134,x,2730.987295531137,,mm,false
15,SSAT target,fiducial,ILIS +1 side,ILIS +1 side,P134,P134,y,480.5236859811101,,mm,false
15,SSAT target,fiducial,ILIS +1 side,ILIS +1 side,P134,P134,z,-3382.167796912989,,mm,false
15,SSAT target,fiducial,ILIS +1 side,ILIS +1 side,P135,P135,x,2490.531263581874,,mm,false
15,SSAT target,fiducial,ILIS +1 side,ILIS +1 side,P135,P135,y,438.0069594229409,,mm,false
15,SSAT target,fiducial,ILIS +1 side,ILIS +1 side,P135,P135,z,-3398.562441038219,,mm,false
15,SSAT target,fiducial,ILIS +1 side,ILIS +1 side,P136,P136,x,2213.319987383506,,mm,false
15,SSAT target,fiducial,ILIS +1 side,ILIS +1 side,P136,P136,y,389.1241790255336,,mm,false
15,SSAT target,fiducial,ILIS +1 side,ILIS +1 side,P136,P136,z,-3355.705611488067,,mm,false
15,SSAT target,fiducial,ILIS +1 side,ILIS +1 side,P137,P137,x,2196.455320593231,,mm,false
15,SSAT target,fiducial,ILIS +1 side,ILIS +1 side,P137,P137,y,386.1280254259325,,mm,false
15,SSAT target,fiducial,ILIS +1 side,ILIS +1 side,P137,P137,z,-3095.244863804926,,mm,false
15,SSAT target,fiducial,ILIS +1 side,ILIS +1 side,P138,P138,x,2491.271187552832,,mm,false
15,SSAT target,fiducial,ILIS +1 side,ILIS +1 side,P138,P138,y,438.1348603075936,,mm,false
15,SSAT target,fiducial,ILIS +1 side,ILIS +1 side,P138,P138,z,-2979.139420231206,,mm,false
15,SSAT target,fiducial,ILIS +1 side,ILIS +1 side,P139,P139,x,2715.614713936053,,mm,false
15,SSAT target,fiducial,ILIS +1 side,ILIS +1 side,P139,P139,y,477.744157314506,,mm,false
15,SSAT target,fiducial,ILIS +1 side,ILIS +1 side,P139,P139,z,-3033.135034826829,,mm,false
15,SSAT target,fiducial,ILIS +1 side,ILIS +1 side,P140,P140,x,3012.3194701095,,mm,false
15,SSAT target,fiducial,ILIS +1 side,ILIS +1 side,P140,P140,y,530.0907839806363,,mm,false
15,SSAT target,fiducial,ILIS +1 side,ILIS +1 side,P140,P140,z,-3047.613564542639,,mm,false
15,SSAT target,fiducial,ILIS +1 side,ILIS +1 side,P141,P141,x,3014.484416291157,,mm,false
15,SSAT target,fiducial,ILIS +1 side,ILIS +1 side,P141,P141,y,530.4745381320739,,mm,false
15,SSAT target,fiducial,ILIS +1 side,ILIS +1 side,P141,P141,z,-2795.587525374497,,mm,false
15,SSAT target,fiducial,ILIS +1 side,ILIS +1 side,P142,P142,x,2750.920750539411,,mm,false
15,SSAT target,fiducial,ILIS +1 side,ILIS +1 side,P142,P142,y,483.979178891022,,mm,false
15,SSAT target,fiducial,ILIS +1 side,ILIS +1 side,P142,P142,z,-2805.828495960692,,mm,false
15,SSAT target,fiducial,ILIS +1 side,ILIS +1 side,P143,P143,x,2503.494686009592,,mm,false
15,SSAT target,fiducial,ILIS +1 side,ILIS +1 side,P143,P143,y,440.2846958703609,,mm,false
15,SSAT target,fiducial,ILIS +1 side,ILIS +1 side,P143,P143,z,-2784.122232766791,,mm,false
15,SSAT target,fiducial,ILIS +1 side,ILIS +1 side,P144,P144,x,2277.683672124324,,mm,false
15,SSAT target,fiducial,ILIS +1 side,ILIS +1 side,P144,P144,y,400.4512337889926,,mm,false
15,SSAT target,fiducial,ILIS +1 side,ILIS +1 side,P144,P144,z,-2793.473634197581,,mm,false
15,SSAT target,fiducial,ILIS +1 side,ILIS +1 side,P145,P145,x,2285.741473767331,,mm,false
15,SSAT target,fiducial,ILIS +1 side,ILIS +1 side,P145,P145,y,401.8721223292825,,mm,false
15,SSAT target,fiducial,ILIS +1 side,ILIS +1 side,P145,P145,z,-2545.124506881945,,mm,false
15,SSAT target,fiducial,ILIS +1 side,ILIS +1 side,P146,P146,x,2513.92318301997,,mm,false
15,SSAT target,fiducial,ILIS +1 side,ILIS +1 side,P146,P146,y,442.1203289375429,,mm,false
15,SSAT target,fiducial,ILIS +1 side,ILIS +1 side,P146,P146,z,-2547.66807079169,,mm,false
15,SSAT target,fiducial,ILIS +1 side,ILIS +1 side,P147,P147,x,2979.30006983721,,mm,false
15,SSAT target,fiducial,ILIS +1 side,ILIS +1 side,P147,P147,y,524.249335302748,,mm,false
15,SSAT target,fiducial,ILIS +1 side,ILIS +1 side,P147,P147,z,-2571.389053944957,,mm,false
15,SSAT target,fiducial,ILIS +1 side,ILIS +1 side,P148,P148,x,2758.538206588579,,mm,false
15,SSAT target,fiducial,ILIS +1 side,ILIS +1 side,P148,P148,y,485.321289940536,,mm,false
15,SSAT target,fiducial,ILIS +1 side,ILIS +1 side,P148,P148,z,-2572.259375879998,,mm,false
15,SSAT target,fiducial,ILIS +1 side,ILIS +1 side,P149,P149,x,3011.588247236741,,mm,false
15,SSAT target,fiducial,ILIS +1 side,ILIS +1 side,P149,P149,y,529.9629347316345,,mm,false
15,SSAT target,fiducial,ILIS +1 side,ILIS +1 side,P149,P149,z,-3521.893586883534,,mm,false
15,SSAT target,fiducial,ILIS +1 side,ILIS +1 side,P150,P150,x,2835.889581635261,,mm,false
15,SSAT target,fiducial,ILIS +1 side,ILIS +1 side,P150,P150,y,499.0137288356971,,mm,false
15,SSAT target,fiducial,ILIS +1 side,ILIS +1 side,P150,P150,z,-3537.975223935465,,mm,false
15,SSAT target,fiducial,ILIS +1 side,ILIS +1 side,P151,P151,x,2619.131999538709,,mm,false
15,SSAT target,fiducial,ILIS +1 side,ILIS +1 side,P151,P151,y,460.6889867058547,,mm,false
15,SSAT target,fiducial,ILIS +1 side,ILIS +1 side,P151,P151,z,-3525.559507873235,,mm,false
15,SSAT target,fiducial,ILIS +1 side,ILIS +1 side,P152,P152,x,3013.788286816922,,mm,false
15,SSAT target,fiducial,ILIS +1 side,ILIS +1 side,P152,P152,y,530.3618742069312,,mm,false
15,SSAT target,fiducial,ILIS +1 side,ILIS +1 side,P152,P152,z,-3730.455556454069,,mm,false
15,SSAT target,fiducial,ILIS +1 side,ILIS +1 side,P153,P153,x,2779.923978571529,,mm,false
15,SSAT target,fiducial,ILIS +1 side,ILIS +1 side,P153,P153,y,489.1504053446766,,mm,false
15,SSAT target,fiducial,ILIS +1 side,ILIS +1 side,P153,P153,z,-3755.464070206772,,mm,false
15,SSAT target,fiducial,ILIS +1 side,ILIS +1 side,P154,P154,x,2618.350548608702,,mm,false
15,SSAT target,fiducial,ILIS +1 side,ILIS +1 side,P154,P154,y,460.5875691331279,,mm,false
15,SSAT target,fiducial,ILIS +1 side,ILIS +1 side,P154,P154,z,-3756.008517265594,,mm,false
15,SSAT target,fiducial,ILIS +1 side,ILIS +1 side,P155,P155,x,2615.836360018146,,mm,false
15,SSAT target,fiducial,ILIS +1 side,ILIS +1 side,P155,P155,y,460.1607888333073,,mm,false
15,SSAT target,fiducial,ILIS +1 side,ILIS +1 side,P155,P155,z,-3976.139556833637,,mm,false
15,SSAT target,fiducial,ILIS +1 side,ILIS +1 side,P156,P156,x,2779.511680482277,,mm,false
15,SSAT target,fiducial,ILIS +1 side,ILIS +1 side,P156,P156,y,489.1485389913639,,mm,false
15,SSAT target,fiducial,ILIS +1 side,ILIS +1 side,P156,P156,z,-3979.22506631155,,mm,false
15,SSAT target,fiducial,ILIS +1 side,ILIS +1 side,P157,P157,x,3015.727420860688,,mm,false
15,SSAT target,fiducial,ILIS +1 side,ILIS +1 side,P157,P157,y,530.764199021599,,mm,false
15,SSAT target,fiducial,ILIS +1 side,ILIS +1 side,P157,P157,z,-3977.253520033398,,mm,false
15,SSAT target,fiducial,ILIS +1 side,ILIS +1 side,P158,P158,x,2575.875501036406,,mm,false
15,SSAT target,fiducial,ILIS +1 side,ILIS +1 side,P158,P158,y,453.0588594075528,,mm,false
15,SSAT target,fiducial,ILIS +1 side,ILIS +1 side,P158,P158,z,-3522.238159241745,,mm,false
15,SSAT target,fiducial,ILIS +1 side,ILIS +1 side,P159,P159,x,2404.887233064368,,mm,false
15,SSAT target,fiducial,ILIS +1 side,ILIS +1 side,P159,P159,y,422.9098139843431,,mm,false
15,SSAT target,fiducial,ILIS +1 side,ILIS +1 side,P159,P159,z,-3519.653731647092,,mm,false
15,SSAT target,fiducial,ILIS +1 side,ILIS +1 side,P160,P160,x,2178.692294634039,,mm,false
15,SSAT target,fiducial,ILIS +1 side,ILIS +1 side,P160,P160,y,383.0666355452845,,mm,false
15,SSAT target,fiducial,ILIS +1 side,ILIS +1 side,P160,P160,z,-3525.841126039948,,mm,false
15,SSAT target,fiducial,ILIS +1 side,ILIS +1 side,P161,P161,x,2576.922061810115,,mm,false
15,SSAT target,fiducial,ILIS +1 side,ILIS +1 side,P161,P161,y,453.3042562465893,,mm,false
15,SSAT target,fiducial,ILIS +1 side,ILIS +1 side,P161,P161,z,-3751.381135719179,,mm,false
15,SSAT target,fiducial,ILIS +1 side,ILIS +1 side,P162,P162,x,2366.557043539002,,mm,false
15,SSAT target,fiducial,ILIS +1 side,ILIS +1 side,P162,P162,y,416.1413178900765,,mm,false
15,SSAT target,fiducial,ILIS +1 side,ILIS +1 side,P162,P162,z,-3754.667316253539,,mm,false
15,SSAT target,fiducial,ILIS +1 side,ILIS +1 side,P163,P163,x,2179.031336042021,,mm,false
15,SSAT target,fiducial,ILIS +1 side,ILIS +1 side,P163,P163,y,383.0886487198661,,mm,false
15,SSAT target,fiducial,ILIS +1 side,ILIS +1 side,P163,P163,z,-3735.208134346758,,mm,false
15,SSAT target,fiducial,ILIS +1 side,ILIS +1 side,P164,P164,x,2576.270749919179,,mm,false
15,SSAT target,fiducial,ILIS +1 side,ILIS +1 side,P164,P164,y,453.1865642568209,,mm,false
15,SSAT target,fiducial,ILIS +1 side,ILIS +1 side,P164,P164,z,-3975.996151627324,,mm,false
15,SSAT target,fiducial,ILIS +1 side,ILIS +1 side,P165,P165,x,2392.441527644359,,mm,false
15,SSAT target,fiducial,ILIS +1 side,ILIS +1 side,P165,P165,y,420.7375656842301,,mm,false
15,SSAT target,fiducial,ILIS +1 side,ILIS +1 side,P165,P165,z,-3976.864925171399,,mm,false
15,SSAT target,fiducial,ILIS +1 side,ILIS +1 side,P166,P166,x,2182.159722053018,,mm,false
15,SSAT target,fiducial,ILIS +1 side,ILIS +1 side,P166,P166,y,383.6915985511486,,mm,false
15,SSAT target,fiducial,ILIS +1 side,ILIS +1 side,P166,P166,z,-3970.895081754686,,mm,false
15,SSAT target,fiducial,ILIS +1 side,ILIS +1 side,P167,P167,x,3018.217215571996,,mm,false
15,SSAT target,fiducial,ILIS +1 side,ILIS +1 side,P167,P167,y,531.17630777231,,mm,false
15,SSAT target,fiducial,ILIS +1 side,ILIS +1 side,P167,P167,z,-4027.192489703117,,mm,false
15,SSAT target,fiducial,ILIS +1 side,ILIS +1 side,P168,P168,x,2796.541601408576,,mm,false
15,SSAT target,fiducial,ILIS +1 side,ILIS +1 side,P168,P168,y,492.0979780274855,,mm,false
15,SSAT target,fiducial,ILIS +1 side,ILIS +1 side,P168,P168,z,-4017.89482275785,,mm,false
15,SSAT target,fiducial,ILIS +1 side,ILIS +1 side,P169,P169,x,2623.049265805045,,mm,false
15,SSAT target,fiducial,ILIS +1 side,ILIS +1 side,P169,P169,y,461.4196934192719,,mm,false
15,SSAT target,fiducial,ILIS +1 side,ILIS +1 side,P169,P169,z,-4019.405452205775,,mm,false
15,SSAT target,fiducial,ILIS +1 side,ILIS +1 side,P170,P170,x,2613.84686992528,,mm,false
15,SSAT target,fiducial,ILIS +1 side,ILIS +1 side,P170,P170,y,459.8045207178083,,mm,false
15,SSAT target,fiducial,ILIS +1 side,ILIS +1 side,P170,P170,z,-4166.605592617448,,mm,false
15,SSAT target,fiducial,ILIS +1 side,ILIS +1 side,P171,P171,x,2822.591328858552,,mm,false
15,SSAT target,fiducial,ILIS +1 side,ILIS +1 side,P171,P171,y,496.6657139234867,,mm,false
15,SSAT target,fiducial,ILIS +1 side,ILIS +1 side,P171,P171,z,-4187.64844057369,,mm,false
15,SSAT target,fiducial,ILIS +1 side,ILIS +1 side,P172,P172,x,3009.677615214051,,mm,false
15,SSAT target,fiducial,ILIS +1 side,ILIS +1 side,P172,P172,y,529.6700129704577,,mm,false
15,SSAT target,fiducial,ILIS +1 side,ILIS +1 side,P172,P172,z,-4182.773622102572,,mm,false
15,SSAT target,fiducial,ILIS +1 side,ILIS +1 side,P173,P173,x,3005.445195247358,,mm,false
15,SSAT target,fiducial,ILIS +1 side,ILIS +1 side,P173,P173,y,528.9654269731076,,mm,false
15,SSAT target,fiducial,ILIS +1 side,ILIS +1 side,P173,P173,z,-4413.326682248817,,mm,false
15,SSAT target,fiducial,ILIS +1 side,ILIS +1 side,P174,P174,x,2823.292621455199,,mm,false
15,SSAT target,fiducial,ILIS +1 side,ILIS +1 side,P174,P174,y,496.8169061813338,,mm,false
15,SSAT target,fiducial,ILIS +1 side,ILIS +1 side,P174,P174,z,-4470.571430879524,,mm,false
15,SSAT target,fiducial,ILIS +1 side,ILIS +1 side,P175,P175,x,2619.819476290424,,mm,false
15,SSAT target,fiducial,ILIS +1 side,ILIS +1 side,P175,P175,y,460.9208757301131,,mm,false
15,SSAT target,fiducial,ILIS +1 side,ILIS +1 side,P175,P175,z,-4476.251496424836,,mm,false
15,SSAT target,fiducial,ILIS +1 side,ILIS +1 side,P176,P176,x,2564.96163783823,,mm,false
15,SSAT target,fiducial,ILIS +1 side,ILIS +1 side,P176,P176,y,451.2292616653943,,mm,false
15,SSAT target,fiducial,ILIS +1 side,ILIS +1 side,P176,P176,z,-4027.544314955479,,mm,false
15,SSAT target,fiducial,ILIS +1 side,ILIS +1 side,P177,P177,x,2386.06454442625,,mm,false
15,SSAT target,fiducial,ILIS +1 side,ILIS +1 side,P177,P177,y,419.5979204709282,,mm,false
15,SSAT target,fiducial,ILIS +1 side,ILIS +1 side,P177,P177,z,-4021.057025538135,,mm,false
15,SSAT target,fiducial,ILIS +1 side,ILIS +1 side,P178,P178,x,2184.383458556065,,mm,false
15,SSAT target,fiducial,ILIS +1 side,ILIS +1 side,P178,P178,y,384.1192246264105,,mm,false
15,SSAT target,fiducial,ILIS +1 side,ILIS +1 side,P178,P178,z,-4023.256041771713,,mm,false
15,SSAT target,fiducial,ILIS +1 side,ILIS +1 side,P179,P179,x,2206.173078380016,,mm,false
15,SSAT target,fiducial,ILIS +1 side,ILIS +1 side,P179,P179,y,387.9203950693784,,mm,false
15,SSAT target,fiducial,ILIS +1 side,ILIS +1 side,P179,P179,z,-4241.582728251382,,mm,false
15,SSAT target,fiducial,ILIS +1 side,ILIS +1 side,P180,P180,x,2399.257401466416,,mm,false
15,SSAT target,fiducial,ILIS +1 side,ILIS +1 side,P180,P180,y,421.9288914837431,,mm,false
15,SSAT target,fiducial,ILIS +1 side,ILIS +1 side,P180,P180,z,-4190.57283014424,,mm,false
15,SSAT target,fiducial,ILIS +1 side,ILIS +1 side,P181,P181,x,2575.63449799094,,mm,false
15,SSAT target,fiducial,ILIS +1 side,ILIS +1 side,P181,P181,y,453.0770345960096,,mm,false
15,SSAT target,fiducial,ILIS +1 side,ILIS +1 side,P181,P181,z,-4155.826165005896,,mm,false
15,SSAT target,fiducial,ILIS +1 side,ILIS +1 side,P182,P182,x,2575.88203701793,,mm,false
15,SSAT target,fiducial,ILIS +1 side,ILIS +1 side,P182,P182,y,453.1602282666041,,mm,false
15,SSAT target,fiducial,ILIS +1 side,ILIS +1 side,P182,P182,z,-4470.734160281093,,mm,false
15,SSAT target,fiducial,ILIS +1 side,ILIS +1 side,P183,P183,x,2406.160698320465,,mm,false
15,SSAT target,fiducial,ILIS +1 side,ILIS +1 side,P183,P183,y,423.1748251195557,,mm,false
15,SSAT target,fiducial,ILIS +1 side,ILIS +1 side,P183,P183,z,-4470.753726814445,,mm,false
15,SSAT target,fiducial,ILIS +1 side,ILIS +1 side,P184,P184,x,2243.192921587662,,mm,false
15,SSAT target,fiducial,ILIS +1 side,ILIS +1 side,P184,P184,y,394.4881925893685,,mm,false
15,SSAT target,fiducial,ILIS +1 side,ILIS +1 side,P184,P184,z,-4486.233168401441,,mm,false
15,SSAT target,fiducial,ILIS -1 side,ILIS -1 side,P1,P1,x,3010.553801620551,,mm,false
15,SSAT target,fiducial,ILIS -1 side,ILIS -1 side,P1,P1,y,-530.1022887363176,,mm,false
15,SSAT target,fiducial,ILIS -1 side,ILIS -1 side,P1,P1,z,4071.495746012422,,mm,false
15,SSAT target,fiducial,ILIS -1 side,ILIS -1 side,P2,P2,x,2825.46524310688,,mm,false
15,SSAT target,fiducial,ILIS -1 side,ILIS -1 side,P2,P2,y,-497.4638746138364,,mm,false
15,SSAT target,fiducial,ILIS -1 side,ILIS -1 side,P2,P2,z,4082.094301097933,,mm,false
15,SSAT target,fiducial,ILIS -1 side,ILIS -1 side,P3,P3,x,2645.089340100305,,mm,false
15,SSAT target,fiducial,ILIS -1 side,ILIS -1 side,P3,P3,y,-465.7395329603289,,mm,false
15,SSAT target,fiducial,ILIS -1 side,ILIS -1 side,P3,P3,z,4076.003543327819,,mm,false
15,SSAT target,fiducial,ILIS -1 side,ILIS -1 side,P4,P4,x,2646.274704515288,,mm,false
15,SSAT target,fiducial,ILIS -1 side,ILIS -1 side,P4,P4,y,-465.8706147955669,,mm,false
15,SSAT target,fiducial,ILIS -1 side,ILIS -1 side,P4,P4,z,4217.78748991119,,mm,false
15,SSAT target,fiducial,ILIS -1 side,ILIS -1 side,P5,P5,x,2805.172959884956,,mm,false
15,SSAT target,fiducial,ILIS -1 side,ILIS -1 side,P5,P5,y,-493.8620580667417,,mm,false
15,SSAT target,fiducial,ILIS -1 side,ILIS -1 side,P5,P5,z,4205.266576083834,,mm,false
15,SSAT target,fiducial,ILIS -1 side,ILIS -1 side,P6,P6,x,3010.202719844357,,mm,false
15,SSAT target,fiducial,ILIS -1 side,ILIS -1 side,P6,P6,y,-530.0743977541086,,mm,false
15,SSAT target,fiducial,ILIS -1 side,ILIS -1 side,P6,P6,z,4194.807763466843,,mm,false
15,SSAT target,fiducial,ILIS -1 side,ILIS -1 side,P7,P7,x,2983.604560800306,,mm,false
15,SSAT target,fiducial,ILIS -1 side,ILIS -1 side,P7,P7,y,-525.3649305134737,,mm,false
15,SSAT target,fiducial,ILIS -1 side,ILIS -1 side,P7,P7,z,4368.051432392368,,mm,false
15,SSAT target,fiducial,ILIS -1 side,ILIS -1 side,P8,P8,x,2984.14857761999,,mm,false
15,SSAT target,fiducial,ILIS -1 side,ILIS -1 side,P8,P8,y,-525.4769987744014,,mm,false
15,SSAT target,fiducial,ILIS -1 side,ILIS -1 side,P8,P8,z,4368.49939489615,,mm,false
15,SSAT target,fiducial,ILIS -1 side,ILIS -1 side,P9,P9,x,2818.239630039152,,mm,false
15,SSAT target,fiducial,ILIS -1 side,ILIS -1 side,P9,P9,y,-496.1664781730975,,mm,false
15,SSAT target,fiducial,ILIS -1 side,ILIS -1 side,P9,P9,z,4397.107764977291,,mm,false
15,SSAT target,fiducial,ILIS -1 side,ILIS -1 side,P10,P10,x,2655.929237158346,,mm,false
15,SSAT target,fiducial,ILIS -1 side,ILIS -1 side,P10,P10,y,-467.6092392084495,,mm,false
15,SSAT target,fiducial,ILIS -1 side,ILIS -1 side,P10,P10,z,4405.14588382402,,mm,false
15,SSAT target,fiducial,ILIS -1 side,ILIS -1 side,P11,P11,x,2573.858810297422,,mm,false
15,SSAT target,fiducial,ILIS -1 side,ILIS -1 side,P11,P11,y,-453.2307212075751,,mm,false
15,SSAT target,fiducial,ILIS -1 side,ILIS -1 side,P11,P11,z,4040.682977880268,,mm,false
15,SSAT target,fiducial,ILIS -1 side,ILIS -1 side,P12,P12,x,2363.717789019479,,mm,false
15,SSAT target,fiducial,ILIS -1 side,ILIS -1 side,P12,P12,y,-416.0887184637091,,mm,false
15,SSAT target,fiducial,ILIS -1 side,ILIS -1 side,P12,P12,z,4042.282115597186,,mm,false
15,SSAT target,fiducial,ILIS -1 side,ILIS -1 side,P13,P13,x,2233.222332900774,,mm,false
15,SSAT target,fiducial,ILIS -1 side,ILIS -1 side,P13,P13,y,-393.054288834416,,mm,false
15,SSAT target,fiducial,ILIS -1 side,ILIS -1 side,P13,P13,z,4034.718267104226,,mm,false
15,SSAT target,fiducial,ILIS -1 side,ILIS -1 side,P14,P14,x,2573.83480969848,,mm,false
15,SSAT target,fiducial,ILIS -1 side,ILIS -1 side,P14,P14,y,-453.1961246526498,,mm,false
15,SSAT target,fiducial,ILIS -1 side,ILIS -1 side,P14,P14,z,4251.905991205164,,mm,false
15,SSAT target,fiducial,ILIS -1 side,ILIS -1 side,P15,P15,x,2440.980587897607,,mm,false
15,SSAT target,fiducial,ILIS -1 side,ILIS -1 side,P15,P15,y,-429.7012365806736,,mm,false
15,SSAT target,fiducial,ILIS -1 side,ILIS -1 side,P15,P15,z,4255.316300013757,,mm,false
15,SSAT target,fiducial,ILIS -1 side,ILIS -1 side,P16,P16,x,2283.768024263342,,mm,false
15,SSAT target,fiducial,ILIS -1 side,ILIS -1 side,P16,P16,y,-401.9327251392596,,mm,false
15,SSAT target,fiducial,ILIS -1 side,ILIS -1 side,P16,P16,z,4254.296124602338,,mm,false
15,SSAT target,fiducial,ILIS -1 side,ILIS -1 side,P17,P17,x,2569.708830807745,,mm,false
15,SSAT target,fiducial,ILIS -1 side,ILIS -1 side,P17,P17,y,-452.5000191273033,,mm,false
15,SSAT target,fiducial,ILIS -1 side,ILIS -1 side,P17,P17,z,4423.36124605695,,mm,false
15,SSAT target,fiducial,ILIS -1 side,ILIS -1 side,P18,P18,x,2429.17933770503,,mm,false
15,SSAT target,fiducial,ILIS -1 side,ILIS -1 side,P18,P18,y,-427.6027606140448,,mm,false
15,SSAT target,fiducial,ILIS -1 side,ILIS -1 side,P18,P18,z,4418.597044568984,,mm,false
15,SSAT target,fiducial,ILIS -1 side,ILIS -1 side,P19,P19,x,2340.425784503793,,mm,false
15,SSAT target,fiducial,ILIS -1 side,ILIS -1 side,P19,P19,y,-411.9303301500327,,mm,false
15,SSAT target,fiducial,ILIS -1 side,ILIS -1 side,P19,P19,z,4389.695589389257,,mm,false
15,SSAT target,fiducial,ILIS -1 side,ILIS -1 side,P20,P20,x,3006.973461839362,,mm,false
15,SSAT target,fiducial,ILIS -1 side,ILIS -1 side,P20,P20,y,-529.5407895738504,,mm,false
15,SSAT target,fiducial,ILIS -1 side,ILIS -1 side,P20,P20,z,3931.759950771039,,mm,false
15,SSAT target,fiducial,ILIS -1 side,ILIS -1 side,P21,P21,x,2839.328756230899,,mm,false
15,SSAT target,fiducial,ILIS -1 side,ILIS -1 side,P21,P21,y,-499.9324853771365,,mm,false
15,SSAT target,fiducial,ILIS -1 side,ILIS -1 side,P21,P21,z,3929.051426625583,,mm,false
15,SSAT target,fiducial,ILIS -1 side,ILIS -1 side,P22,P22,x,2640.583946918386,,mm,false
15,SSAT target,fiducial,ILIS -1 side,ILIS -1 side,P22,P22,y,-464.9297173292319,,mm,false
15,SSAT target,fiducial,ILIS -1 side,ILIS -1 side,P22,P22,z,3934.593824510759,,mm,false
15,SSAT target,fiducial,ILIS -1 side,ILIS -1 side,P23,P23,x,2642.144340924651,,mm,false
15,SSAT target,fiducial,ILIS -1 side,ILIS -1 side,P23,P23,y,-465.1840437091008,,mm,false
15,SSAT target,fiducial,ILIS -1 side,ILIS -1 side,P23,P23,z,3781.704727941914,,mm,false
15,SSAT target,fiducial,ILIS -1 side,ILIS -1 side,P24,P24,x,2797.988086890607,,mm,false
15,SSAT target,fiducial,ILIS -1 side,ILIS -1 side,P24,P24,y,-492.6494785646562,,mm,false
15,SSAT target,fiducial,ILIS -1 side,ILIS -1 side,P24,P24,z,3791.135002566423,,mm,false
15,SSAT target,fiducial,ILIS -1 side,ILIS -1 side,P25,P25,x,3008.512336984531,,mm,false
15,SSAT target,fiducial,ILIS -1 side,ILIS -1 side,P25,P25,y,-529.8075747350879,,mm,false
15,SSAT target,fiducial,ILIS -1 side,ILIS -1 side,P25,P25,z,3799.161852470327,,mm,false
15,SSAT target,fiducial,ILIS -1 side,ILIS -1 side,P26,P26,x,3014.848887210151,,mm,false
15,SSAT target,fiducial,ILIS -1 side,ILIS -1 side,P26,P26,y,-530.925085876504,,mm,false
15,SSAT target,fiducial,ILIS -1 side,ILIS -1 side,P26,P26,z,3566.382451177843,,mm,false
15,SSAT target,fiducial,ILIS -1 side,ILIS -1 side,P27,P27,x,2766.904083672057,,mm,false
15,SSAT target,fiducial,ILIS -1 side,ILIS -1 side,P27,P27,y,-487.1683228476772,,mm,false
15,SSAT target,fiducial,ILIS -1 side,ILIS -1 side,P27,P27,z,3550.431937183127,,mm,false
15,SSAT target,fiducial,ILIS -1 side,ILIS -1 side,P28,P28,x,2766.052102979069,,mm,false
15,SSAT target,fiducial,ILIS -1 side,ILIS -1 side,P28,P28,y,-486.9946385291095,,mm,false
15,SSAT target,fiducial,ILIS -1 side,ILIS -1 side,P28,P28,z,3551.653995551724,,mm,false
15,SSAT target,fiducial,ILIS -1 side,ILIS -1 side,P29,P29,x,2623.381860522989,,mm,false
15,SSAT target,fiducial,ILIS -1 side,ILIS -1 side,P29,P29,y,-461.8969272770973,,mm,false
15,SSAT target,fiducial,ILIS -1 side,ILIS -1 side,P29,P29,z,3557.944889083955,,mm,false
15,SSAT target,fiducial,ILIS -1 side,ILIS -1 side,P30,P30,x,2561.949247966312,,mm,false
15,SSAT target,fiducial,ILIS -1 side,ILIS -1 side,P30,P30,y,-451.0012529537806,,mm,false
15,SSAT target,fiducial,ILIS -1 side,ILIS -1 side,P30,P30,z,3557.58573799953,,mm,false
15,SSAT target,fiducial,ILIS -1 side,ILIS -1 side,P31,P31,x,2350.962797458221,,mm,false
15,SSAT target,fiducial,ILIS -1 side,ILIS -1 side,P31,P31,y,-413.8623131193112,,mm,false
15,SSAT target,fiducial,ILIS -1 side,ILIS -1 side,P31,P31,z,3541.049894629185,,mm,false
15,SSAT target,fiducial,ILIS -1 side,ILIS -1 side,P32,P32,x,2232.415595221157,,mm,false
15,SSAT target,fiducial,ILIS -1 side,ILIS -1 side,P32,P32,y,-392.9244983948803,,mm,false
15,SSAT target,fiducial,ILIS -1 side,ILIS -1 side,P32,P32,z,3539.299302635003,,mm,false
15,SSAT target,fiducial,ILIS -1 side,ILIS -1 side,P33,P33,x,2231.548813010768,,mm,false
15,SSAT target,fiducial,ILIS -1 side,ILIS -1 side,P33,P33,y,-392.7580425767302,,mm,false
15,SSAT target,fiducial,ILIS -1 side,ILIS -1 side,P33,P33,z,3760.054365125222,,mm,false
15,SSAT target,fiducial,ILIS -1 side,ILIS -1 side,P34,P34,x,2411.048367262494,,mm,false
15,SSAT target,fiducial,ILIS -1 side,ILIS -1 side,P34,P34,y,-424.4564883697602,,mm,false
15,SSAT target,fiducial,ILIS -1 side,ILIS -1 side,P34,P34,z,3793.710150017837,,mm,false
15,SSAT target,fiducial,ILIS -1 side,ILIS -1 side,P35,P35,x,2579.136417821363,,mm,false
15,SSAT target,fiducial,ILIS -1 side,ILIS -1 side,P35,P35,y,-454.120939555109,,mm,false
15,SSAT target,fiducial,ILIS -1 side,ILIS -1 side,P35,P35,z,3810.855651678363,,mm,false
15,SSAT target,fiducial,ILIS -1 side,ILIS -1 side,P36,P36,x,2577.792293630874,,mm,false
15,SSAT target,fiducial,ILIS -1 side,ILIS -1 side,P36,P36,y,-453.8820965669981,,mm,false
15,SSAT target,fiducial,ILIS -1 side,ILIS -1 side,P36,P36,z,3975.10373999962,,mm,false
15,SSAT target,fiducial,ILIS -1 side,ILIS -1 side,P37,P37,x,2428.226629935501,,mm,false
15,SSAT target,fiducial,ILIS -1 side,ILIS -1 side,P37,P37,y,-427.4775314027819,,mm,false
15,SSAT target,fiducial,ILIS -1 side,ILIS -1 side,P37,P37,z,3966.664083617307,,mm,false
15,SSAT target,fiducial,ILIS -1 side,ILIS -1 side,P38,P38,x,2226.929809209389,,mm,false
15,SSAT target,fiducial,ILIS -1 side,ILIS -1 side,P38,P38,y,-391.9717796280674,,mm,false
15,SSAT target,fiducial,ILIS -1 side,ILIS -1 side,P38,P38,z,3930.668651442219,,mm,false
15,SSAT target,fiducial,ILIS -1 side,ILIS -1 side,P39,P39,x,2999.717586497281,,mm,false
15,SSAT target,fiducial,ILIS -1 side,ILIS -1 side,P39,P39,y,-528.263669463745,,mm,false
15,SSAT target,fiducial,ILIS -1 side,ILIS -1 side,P39,P39,z,3433.213391053449,,mm,false
15,SSAT target,fiducial,ILIS -1 side,ILIS -1 side,P40,P40,x,3003.069163013062,,mm,false
15,SSAT target,fiducial,ILIS -1 side,ILIS -1 side,P40,P40,y,-528.8768493658636,,mm,false
15,SSAT target,fiducial,ILIS -1 side,ILIS -1 side,P40,P40,z,3202.725171323532,,mm,false
15,SSAT target,fiducial,ILIS -1 side,ILIS -1 side,P41,P41,x,3004.890927245162,,mm,false
15,SSAT target,fiducial,ILIS -1 side,ILIS -1 side,P41,P41,y,-529.2087223952237,,mm,false
15,SSAT target,fiducial,ILIS -1 side,ILIS -1 side,P41,P41,z,2938.590048811635,,mm,false
15,SSAT target,fiducial,ILIS -1 side,ILIS -1 side,P42,P42,x,3006.744233036115,,mm,false
15,SSAT target,fiducial,ILIS -1 side,ILIS -1 side,P42,P42,y,-529.5527780529216,,mm,false
15,SSAT target,fiducial,ILIS -1 side,ILIS -1 side,P42,P42,z,2570.597920340998,,mm,false
15,SSAT target,fiducial,ILIS -1 side,ILIS -1 side,P43,P43,x,2747.784016415661,,mm,false
15,SSAT target,fiducial,ILIS -1 side,ILIS -1 side,P43,P43,y,-483.9007677882561,,mm,false
15,SSAT target,fiducial,ILIS -1 side,ILIS -1 side,P43,P43,z,2541.639083335993,,mm,false
15,SSAT target,fiducial,ILIS -1 side,ILIS -1 side,P44,P44,x,2774.980663253262,,mm,false
15,SSAT target,fiducial,ILIS -1 side,ILIS -1 side,P44,P44,y,-488.6607593394772,,mm,false
15,SSAT target,fiducial,ILIS -1 side,ILIS -1 side,P44,P44,z,2853.446400973382,,mm,false
15,SSAT target,fiducial,ILIS -1 side,ILIS -1 side,P45,P45,x,2786.801798754725,,mm,false
15,SSAT target,fiducial,ILIS -1 side,ILIS -1 side,P45,P45,y,-490.7774964240759,,mm,false
15,SSAT target,fiducial,ILIS -1 side,ILIS -1 side,P45,P45,z,3192.080664187502,,mm,false
15,SSAT target,fiducial,ILIS -1 side,ILIS -1 side,P46,P46,x,2770.26638610418,,mm,false
15,SSAT target,fiducial,ILIS -1 side,ILIS -1 side,P46,P46,y,-487.8147760309555,,mm,false
15,SSAT target,fiducial,ILIS -1 side,ILIS -1 side,P46,P46,z,3434.990712697951,,mm,false
15,SSAT target,fiducial,ILIS -1 side,ILIS -1 side,P47,P47,x,2537.936836795249,,mm,false
15,SSAT target,fiducial,ILIS -1 side,ILIS -1 side,P47,P47,y,-446.8663398088692,,mm,false
15,SSAT target,fiducial,ILIS -1 side,ILIS -1 side,P47,P47,z,3465.435212970989,,mm,false
15,SSAT target,fiducial,ILIS -1 side,ILIS -1 side,P48,P48,x,2551.429506660326,,mm,false
15,SSAT target,fiducial,ILIS -1 side,ILIS -1 side,P48,P48,y,-449.3116034499571,,mm,false
15,SSAT target,fiducial,ILIS -1 side,ILIS -1 side,P48,P48,z,3192.366349482971,,mm,false
15,SSAT target,fiducial,ILIS -1 side,ILIS -1 side,P49,P49,x,2552.965514214843,,mm,false
15,SSAT target,fiducial,ILIS -1 side,ILIS -1 side,P49,P49,y,-449.5458000913516,,mm,false
15,SSAT target,fiducial,ILIS -1 side,ILIS -1 side,P49,P49,z,2938.736255454826,,mm,false
15,SSAT target,fiducial,ILIS -1 side,ILIS -1 side,P50,P50,x,2296.385872356581,,mm,false
15,SSAT target,fiducial,ILIS -1 side,ILIS -1 side,P50,P50,y,-404.2835662250124,,mm,false
15,SSAT target,fiducial,ILIS -1 side,ILIS -1 side,P50,P50,z,2595.271268749755,,mm,false
15,SSAT target,fiducial,ILIS -1 side,ILIS -1 side,P51,P51,x,2472.999344516215,,mm,false
15,SSAT target,fiducial,ILIS -1 side,ILIS -1 side,P51,P51,y,-435.4534042362264,,mm,false
15,SSAT target,fiducial,ILIS -1 side,ILIS -1 side,P51,P51,z,2584.464237054004,,mm,false
15,SSAT target,fiducial,ILIS -1 side,ILIS -1 side,P52,P52,x,2248.159159343399,,mm,false
15,SSAT target,fiducial,ILIS -1 side,ILIS -1 side,P52,P52,y,-395.7849408753836,,mm,false
15,SSAT target,fiducial,ILIS -1 side,ILIS -1 side,P52,P52,z,2880.691285204647,,mm,false
15,SSAT target,fiducial,ILIS -1 side,ILIS -1 side,P53,P53,x,2261.123372065536,,mm,false
15,SSAT target,fiducial,ILIS -1 side,ILIS -1 side,P53,P53,y,-398.0459788556921,,mm,false
15,SSAT target,fiducial,ILIS -1 side,ILIS -1 side,P53,P53,z,3180.015488679318,,mm,false
15,SSAT target,fiducial,ILIS -1 side,ILIS -1 side,P54,P54,x,2276.859433334317,,mm,false
15,SSAT target,fiducial,ILIS -1 side,ILIS -1 side,P54,P54,y,-400.7799368071833,,mm,false
15,SSAT target,fiducial,ILIS -1 side,ILIS -1 side,P54,P54,z,3429.602521382672,,mm,false
15,SSAT target,fiducial,ILIS -1 side,ILIS -1 side,P55,P55,x,3000.483999860276,,mm,false
15,SSAT target,fiducial,ILIS -1 side,ILIS -1 side,P55,P55,y,-528.4237084201687,,mm,false
15,SSAT target,fiducial,ILIS -1 side,ILIS -1 side,P55,P55,z,2436.693313413721,,mm,false
15,SSAT target,fiducial,ILIS -1 side,ILIS -1 side,P56,P56,x,2750.84484303048,,mm,false
15,SSAT target,fiducial,ILIS -1 side,ILIS -1 side,P56,P56,y,-484.4421550700506,,mm,false
15,SSAT target,fiducial,ILIS -1 side,ILIS -1 side,P56,P56,z,2448.581889620273,,mm,false
15,SSAT target,fiducial,ILIS -1 side,ILIS -1 side,P57,P57,x,2506.916980597807,,mm,false
15,SSAT target,fiducial,ILIS -1 side,ILIS -1 side,P57,P57,y,-441.5004817334422,,mm,false
15,SSAT target,fiducial,ILIS -1 side,ILIS -1 side,P57,P57,z,2470.469102327212,,mm,false
15,SSAT target,fiducial,ILIS -1 side,ILIS -1 side,P58,P58,x,2275.866829978421,,mm,false
15,SSAT target,fiducial,ILIS -1 side,ILIS -1 side,P58,P58,y,-400.663338404023,,mm,false
15,SSAT target,fiducial,ILIS -1 side,ILIS -1 side,P58,P58,z,2475.257547215892,,mm,false
15,SSAT target,fiducial,ILIS -1 side,ILIS -1 side,P59,P59,x,2261.628635871799,,mm,false
15,SSAT target,fiducial,ILIS -1 side,ILIS -1 side,P59,P59,y,-398.169385568734,,mm,false
15,SSAT target,fiducial,ILIS -1 side,ILIS -1 side,P59,P59,z,2135.031424090643,,mm,false
15,SSAT target,fiducial,ILIS -1 side,ILIS -1 side,P60,P60,x,2421.065113806794,,mm,false
15,SSAT target,fiducial,ILIS -1 side,ILIS -1 side,P60,P60,y,-426.3097873544985,,mm,false
15,SSAT target,fiducial,ILIS -1 side,ILIS -1 side,P60,P60,z,2131.561465010223,,mm,false
15,SSAT target,fiducial,ILIS -1 side,ILIS -1 side,P61,P61,x,2660.027484283243,,mm,false
15,SSAT target,fiducial,ILIS -1 side,ILIS -1 side,P61,P61,y,-468.4058844367419,,mm,false
15,SSAT target,fiducial,ILIS -1 side,ILIS -1 side,P61,P61,z,2133.110556265955,,mm,false
15,SSAT target,fiducial,ILIS -1 side,ILIS -1 side,P62,P62,x,2953.668225850117,,mm,false
15,SSAT target,fiducial,ILIS -1 side,ILIS -1 side,P62,P62,y,-520.1754726588589,,mm,false
15,SSAT target,fiducial,ILIS -1 side,ILIS -1 side,P62,P62,z,1832.04821971027,,mm,false
15,SSAT target,fiducial,ILIS -1 side,ILIS -1 side,P63,P63,x,2680.815274179645,,mm,false
15,SSAT target,fiducial,ILIS -1 side,ILIS -1 side,P63,P63,y,-472.1069335157788,,mm,false
15,SSAT target,fiducial,ILIS -1 side,ILIS -1 side,P63,P63,z,1819.937243103838,,mm,false
15,SSAT target,fiducial,ILIS -1 side,ILIS -1 side,P64,P64,x,2465.779935067341,,mm,false
15,SSAT target,fiducial,ILIS -1 side,ILIS -1 side,P64,P64,y,-434.2036447479766,,mm,false
15,SSAT target,fiducial,ILIS -1 side,ILIS -1 side,P64,P64,z,1809.89566372403,,mm,false
15,SSAT target,fiducial,ILIS -1 side,ILIS -1 side,P65,P65,x,2262.569807373661,,mm,false
15,SSAT target,fiducial,ILIS -1 side,ILIS -1 side,P65,P65,y,-398.3246209415647,,mm,false
15,SSAT target,fiducial,ILIS -1 side,ILIS -1 side,P65,P65,z,1804.043359612204,,mm,false
15,SSAT target,fiducial,ILIS -1 side,ILIS -1 side,P66,P66,x,2309.534705158224,,mm,false
15,SSAT target,fiducial,ILIS -1 side,ILIS -1 side,P66,P66,y,-406.6196911818208,,mm,false
15,SSAT target,fiducial,ILIS -1 side,ILIS -1 side,P66,P66,z,1611.370420031175,,mm,false
15,SSAT target,fiducial,ILIS -1 side,ILIS -1 side,P67,P67,x,2491.153089873078,,mm,false
15,SSAT target,fiducial,ILIS -1 side,ILIS -1 side,P67,P67,y,-438.6452783139734,,mm,false
15,SSAT target,fiducial,ILIS -1 side,ILIS -1 side,P67,P67,z,1637.100082668063,,mm,false
15,SSAT target,fiducial,ILIS -1 side,ILIS -1 side,P68,P68,x,2683.700770050485,,mm,false
15,SSAT target,fiducial,ILIS -1 side,ILIS -1 side,P68,P68,y,-472.6037288625725,,mm,false
15,SSAT target,fiducial,ILIS -1 side,ILIS -1 side,P68,P68,z,1628.549060937428,,mm,false
15,SSAT target,fiducial,ILIS -1 side,ILIS -1 side,P69,P69,x,2969.886187434576,,mm,false
15,SSAT target,fiducial,ILIS -1 side,ILIS -1 side,P69,P69,y,-523.053347279227,,mm,false
15,SSAT target,fiducial,ILIS -1 side,ILIS -1 side,P69,P69,z,1612.5201979301,,mm,false
15,SSAT target,fiducial,ILIS -1 side,ILIS -1 side,P70,P70,x,2822.296962657537,,mm,false
15,SSAT target,fiducial,ILIS -1 side,ILIS -1 side,P70,P70,y,-497.0196118511804,,mm,false
15,SSAT target,fiducial,ILIS -1 side,ILIS -1 side,P70,P70,z,2086.317425032978,,mm,false
15,SSAT target,fiducial,ILIS -1 side,ILIS -1 side,P71,P71,x,2989.079129197027,,mm,false
15,SSAT target,fiducial,ILIS -1 side,ILIS -1 side,P71,P71,y,-526.5178493597637,,mm,false
15,SSAT target,fiducial,ILIS -1 side,ILIS -1 side,P71,P71,z,1433.014977778047,,mm,false
15,SSAT target,fiducial,ILIS -1 side,ILIS -1 side,P72,P72,x,2687.356185851609,,mm,false
15,SSAT target,fiducial,ILIS -1 side,ILIS -1 side,P72,P72,y,-473.2886419002469,,mm,false
15,SSAT target,fiducial,ILIS -1 side,ILIS -1 side,P72,P72,z,1433.338819112232,,mm,false
15,SSAT target,fiducial,ILIS -1 side,ILIS -1 side,P73,P73,x,2484.039274979047,,mm,false
15,SSAT target,fiducial,ILIS -1 side,ILIS -1 side,P73,P73,y,-437.4746022572103,,mm,false
15,SSAT target,fiducial,ILIS -1 side,ILIS -1 side,P73,P73,z,1436.491503474092,,mm,false
15,SSAT target,fiducial,ILIS -1 side,ILIS -1 side,P74,P74,x,2349.583908252217,,mm,false
15,SSAT target,fiducial,ILIS -1 side,ILIS -1 side,P74,P74,y,-413.7585720566431,,mm,false
15,SSAT target,fiducial,ILIS -1 side,ILIS -1 side,P74,P74,z,1434.298898658055,,mm,false
15,SSAT target,fiducial,ILIS -1 side,ILIS -1 side,P75,P75,x,2317.109273170698,,mm,false
15,SSAT target,fiducial,ILIS -1 side,ILIS -1 side,P75,P75,y,-408.0030500964742,,mm,false
15,SSAT target,fiducial,ILIS -1 side,ILIS -1 side,P75,P75,z,1209.785926887407,,mm,false
15,SSAT target,fiducial,ILIS -1 side,ILIS -1 side,P76,P76,x,2555.415131877343,,mm,false
15,SSAT target,fiducial,ILIS -1 side,ILIS -1 side,P76,P76,y,-450.0507382586746,,mm,false
15,SSAT target,fiducial,ILIS -1 side,ILIS -1 side,P76,P76,z,1232.068044836619,,mm,false
15,SSAT target,fiducial,ILIS -1 side,ILIS -1 side,P77,P77,x,2755.974454101799,,mm,false
15,SSAT target,fiducial,ILIS -1 side,ILIS -1 side,P77,P77,y,-485.387992484091,,mm,false
15,SSAT target,fiducial,ILIS -1 side,ILIS -1 side,P77,P77,z,1247.404530994644,,mm,false
15,SSAT target,fiducial,ILIS -1 side,ILIS -1 side,P78,P78,x,3015.979328852112,,mm,false
15,SSAT target,fiducial,ILIS -1 side,ILIS -1 side,P78,P78,y,-531.2751502603758,,mm,false
15,SSAT target,fiducial,ILIS -1 side,ILIS -1 side,P78,P78,z,881.273281949594,,mm,false
15,SSAT target,fiducial,ILIS -1 side,ILIS -1 side,P79,P79,x,2763.487462199833,,mm,false
15,SSAT target,fiducial,ILIS -1 side,ILIS -1 side,P79,P79,y,-486.6864815590842,,mm,false
15,SSAT target,fiducial,ILIS -1 side,ILIS -1 side,P79,P79,z,864.6050584121425,,mm,false
15,SSAT target,fiducial,ILIS -1 side,ILIS -1 side,P80,P80,x,2492.447222823764,,mm,false
15,SSAT target,fiducial,ILIS -1 side,ILIS -1 side,P80,P80,y,-438.9462817200318,,mm,false
15,SSAT target,fiducial,ILIS -1 side,ILIS -1 side,P80,P80,z,881.8079674478284,,mm,false
15,SSAT target,fiducial,ILIS -1 side,ILIS -1 side,P81,P81,x,2273.831001308163,,mm,false
15,SSAT target,fiducial,ILIS -1 side,ILIS -1 side,P81,P81,y,-400.3516380670829,,mm,false
15,SSAT target,fiducial,ILIS -1 side,ILIS -1 side,P81,P81,z,878.3516249382134,,mm,false
15,SSAT target,fiducial,ILIS -1 side,ILIS -1 side,P82,P82,x,2279.442152714992,,mm,false
15,SSAT target,fiducial,ILIS -1 side,ILIS -1 side,P82,P82,y,-401.3512718362898,,mm,false
15,SSAT target,fiducial,ILIS -1 side,ILIS -1 side,P82,P82,z,586.7712652906248,,mm,false
15,SSAT target,fiducial,ILIS -1 side,ILIS -1 side,P83,P83,x,2525.354928927948,,mm,false
15,SSAT target,fiducial,ILIS -1 side,ILIS -1 side,P83,P83,y,-444.7440811631986,,mm,false
15,SSAT target,fiducial,ILIS -1 side,ILIS -1 side,P83,P83,z,602.4199073708497,,mm,false
15,SSAT target,fiducial,ILIS -1 side,ILIS -1 side,P84,P84,x,2723.269759041676,,mm,false
15,SSAT target,fiducial,ILIS -1 side,ILIS -1 side,P84,P84,y,-479.5851713616406,,mm,false
15,SSAT target,fiducial,ILIS -1 side,ILIS -1 side,P84,P84,z,598.1345646963055,,mm,false
15,SSAT target,fiducial,ILIS -1 side,ILIS -1 side,P85,P85,x,2966.671576672851,,mm,false
15,SSAT target,fiducial,ILIS -1 side,ILIS -1 side,P85,P85,y,-522.5494465725661,,mm,false
15,SSAT target,fiducial,ILIS -1 side,ILIS -1 side,P85,P85,z,574.3023594387133,,mm,false
15,SSAT target,fiducial,ILIS -1 side,ILIS -1 side,P86,P86,x,2966.347137648194,,mm,false
15,SSAT target,fiducial,ILIS -1 side,ILIS -1 side,P86,P86,y,-522.4908690396735,,mm,false
15,SSAT target,fiducial,ILIS -1 side,ILIS -1 side,P86,P86,z,1231.633396038988,,mm,false
15,SSAT target,fiducial,ILIS -1 side,ILIS -1 side,P87,P87,x,2986.196318221796,,mm,false
15,SSAT target,fiducial,ILIS -1 side,ILIS -1 side,P87,P87,y,-525.9813674125103,,mm,false
15,SSAT target,fiducial,ILIS -1 side,ILIS -1 side,P87,P87,z,428.651139410197,,mm,false
15,SSAT target,fiducial,ILIS -1 side,ILIS -1 side,P88,P88,x,2687.355000716666,,mm,false
15,SSAT target,fiducial,ILIS -1 side,ILIS -1 side,P88,P88,y,-473.2995252425492,,mm,false
15,SSAT target,fiducial,ILIS -1 side,ILIS -1 side,P88,P88,z,454.1247928461921,,mm,false
15,SSAT target,fiducial,ILIS -1 side,ILIS -1 side,P89,P89,x,2503.666327946376,,mm,false
15,SSAT target,fiducial,ILIS -1 side,ILIS -1 side,P89,P89,y,-440.8958527234569,,mm,false
15,SSAT target,fiducial,ILIS -1 side,ILIS -1 side,P89,P89,z,459.348263068641,,mm,false
15,SSAT target,fiducial,ILIS -1 side,ILIS -1 side,P90,P90,x,2283.249919793304,,mm,false
15,SSAT target,fiducial,ILIS -1 side,ILIS -1 side,P90,P90,y,-402.0157240667398,,mm,false
15,SSAT target,fiducial,ILIS -1 side,ILIS -1 side,P90,P90,z,448.6780257453423,,mm,false
15,SSAT target,fiducial,ILIS -1 side,ILIS -1 side,P91,P91,x,2261.089968992026,,mm,false
15,SSAT target,fiducial,ILIS -1 side,ILIS -1 side,P91,P91,y,-398.0837632473525,,mm,false
15,SSAT target,fiducial,ILIS -1 side,ILIS -1 side,P91,P91,z,206.561408586173,,mm,false
15,SSAT target,fiducial,ILIS -1 side,ILIS -1 side,P92,P92,x,2497.258512637517,,mm,false
15,SSAT target,fiducial,ILIS -1 side,ILIS -1 side,P92,P92,y,-439.7888229705549,,mm,false
15,SSAT target,fiducial,ILIS -1 side,ILIS -1 side,P92,P92,z,216.3396521325391,,mm,false
15,SSAT target,fiducial,ILIS -1 side,ILIS -1 side,P93,P93,x,2706.330107456561,,mm,false
15,SSAT target,fiducial,ILIS -1 side,ILIS -1 side,P93,P93,y,-476.6600675658018,,mm,false
15,SSAT target,fiducial,ILIS -1 side,ILIS -1 side,P93,P93,z,197.3635988068607,,mm,false
15,SSAT target,fiducial,ILIS -1 side,ILIS -1 side,P94,P94,x,2919.820918256853,,mm,false
15,SSAT target,fiducial,ILIS -1 side,ILIS -1 side,P94,P94,y,-514.2989542418732,,mm,false
15,SSAT target,fiducial,ILIS -1 side,ILIS -1 side,P94,P94,z,227.9452733623798,,mm,false
15,SSAT target,fiducial,ILIS -1 side,ILIS -1 side,P95,P95,x,2976.567101246069,,mm,false
15,SSAT target,fiducial,ILIS -1 side,ILIS -1 side,P95,P95,y,-524.2568833179379,,mm,false
15,SSAT target,fiducial,ILIS -1 side,ILIS -1 side,P95,P95,z,-167.7432681935647,,mm,false
15,SSAT target,fiducial,ILIS -1 side,ILIS -1 side,P96,P96,x,2717.725045037585,,mm,false
15,SSAT target,fiducial,ILIS -1 side,ILIS -1 side,P96,P96,y,-478.6513309099025,,mm,false
15,SSAT target,fiducial,ILIS -1 side,ILIS -1 side,P96,P96,z,-190.0361180410212,,mm,false
15,SSAT target,fiducial,ILIS -1 side,ILIS -1 side,P97,P97,x,2510.529221123916,,mm,false
15,SSAT target,fiducial,ILIS -1 side,ILIS -1 side,P97,P97,y,-442.0976934567929,,mm,false
15,SSAT target,fiducial,ILIS -1 side,ILIS -1 side,P97,P97,z,-181.4791791793368,,mm,false
15,SSAT target,fiducial,ILIS -1 side,ILIS -1 side,P98,P98,x,2285.042955598461,,mm,false
15,SSAT target,fiducial,ILIS -1 side,ILIS -1 side,P98,P98,y,-402.3366221965306,,mm,false
15,SSAT target,fiducial,ILIS -1 side,ILIS -1 side,P98,P98,z,-184.0631026729009,,mm,false
15,SSAT target,fiducial,ILIS -1 side,ILIS -1 side,P99,P99,x,2268.042088140532,,mm,false
15,SSAT target,fiducial,ILIS -1 side,ILIS -1 side,P99,P99,y,-399.3366693269005,,mm,false
15,SSAT target,fiducial,ILIS -1 side,ILIS -1 side,P99,P99,z,-424.8420467636538,,mm,false
15,SSAT target,fiducial,ILIS -1 side,ILIS -1 side,P100,P100,x,2500.908283493407,,mm,false
15,SSAT target,fiducial,ILIS -1 side,ILIS -1 side,P100,P100,y,-440.4020096593566,,mm,false
15,SSAT target,fiducial,ILIS -1 side,ILIS -1 side,P100,P100,z,-428.2755847722242,,mm,false
15,SSAT target,fiducial,ILIS -1 side,ILIS -1 side,P101,P101,x,2714.118576645831,,mm,false
15,SSAT target,fiducial,ILIS -1 side,ILIS -1 side,P101,P101,y,-478.007126529138,,mm,false
15,SSAT target,fiducial,ILIS -1 side,ILIS -1 side,P101,P101,z,-419.4768966843457,,mm,false
15,SSAT target,fiducial,ILIS -1 side,ILIS -1 side,P102,P102,x,2994.718289993857,,mm,false
15,SSAT target,fiducial,ILIS -1 side,ILIS -1 side,P102,P102,y,-527.4523170939979,,mm,false
15,SSAT target,fiducial,ILIS -1 side,ILIS -1 side,P102,P102,z,-420.6544063488959,,mm,false
15,SSAT target,fiducial,ILIS -1 side,ILIS -1 side,P103,P103,x,2988.824743396942,,mm,false
15,SSAT target,fiducial,ILIS -1 side,ILIS -1 side,P103,P103,y,-526.4232677833171,,mm,false
15,SSAT target,fiducial,ILIS -1 side,ILIS -1 side,P103,P103,z,-568.0300442644827,,mm,false
15,SSAT target,fiducial,ILIS -1 side,ILIS -1 side,P104,P104,x,2733.097545408407,,mm,false
15,SSAT target,fiducial,ILIS -1 side,ILIS -1 side,P104,P104,y,-481.3412360091898,,mm,false
15,SSAT target,fiducial,ILIS -1 side,ILIS -1 side,P104,P104,z,-555.3030820562545,,mm,false
15,SSAT target,fiducial,ILIS -1 side,ILIS -1 side,P105,P105,x,2517.898538413064,,mm,false
15,SSAT target,fiducial,ILIS -1 side,ILIS -1 side,P105,P105,y,-443.4240448377932,,mm,false
15,SSAT target,fiducial,ILIS -1 side,ILIS -1 side,P105,P105,z,-551.2856541614631,,mm,false
15,SSAT target,fiducial,ILIS -1 side,ILIS -1 side,P106,P106,x,2318.367807019446,,mm,false
15,SSAT target,fiducial,ILIS -1 side,ILIS -1 side,P106,P106,y,-408.213150320396,,mm,false
15,SSAT target,fiducial,ILIS -1 side,ILIS -1 side,P106,P106,z,-541.9651918439178,,mm,false
15,SSAT target,fiducial,ILIS -1 side,ILIS -1 side,P107,P107,x,2297.799032624612,,mm,false
15,SSAT target,fiducial,ILIS -1 side,ILIS -1 side,P107,P107,y,-404.5613159488681,,mm,false
15,SSAT target,fiducial,ILIS -1 side,ILIS -1 side,P107,P107,z,-819.5209091019439,,mm,false
15,SSAT target,fiducial,ILIS -1 side,ILIS -1 side,P108,P108,x,2298.05000426483,,mm,false
15,SSAT target,fiducial,ILIS -1 side,ILIS -1 side,P108,P108,y,-404.5990195243892,,mm,false
15,SSAT target,fiducial,ILIS -1 side,ILIS -1 side,P108,P108,z,-820.8069233616623,,mm,false
15,SSAT target,fiducial,ILIS -1 side,ILIS -1 side,P109,P109,x,2516.239877765487,,mm,false
15,SSAT target,fiducial,ILIS -1 side,ILIS -1 side,P109,P109,y,-443.133488884697,,mm,false
15,SSAT target,fiducial,ILIS -1 side,ILIS -1 side,P109,P109,z,-831.9075578879795,,mm,false
15,SSAT target,fiducial,ILIS -1 side,ILIS -1 side,P110,P110,x,2739.172893401247,,mm,false
15,SSAT target,fiducial,ILIS -1 side,ILIS -1 side,P110,P110,y,-482.440616668557,,mm,false
15,SSAT target,fiducial,ILIS -1 side,ILIS -1 side,P110,P110,z,-838.8144744163002,,mm,false
15,SSAT target,fiducial,ILIS -1 side,ILIS -1 side,P111,P111,x,3003.142421881329,,mm,false
15,SSAT target,fiducial,ILIS -1 side,ILIS -1 side,P111,P111,y,-528.959518864723,,mm,false
15,SSAT target,fiducial,ILIS -1 side,ILIS -1 side,P111,P111,z,-840.9479472816167,,mm,false
15,SSAT target,fiducial,ILIS -1 side,ILIS -1 side,P112,P112,x,3011.23290360007,,mm,false
15,SSAT target,fiducial,ILIS -1 side,ILIS -1 side,P112,P112,y,-530.3748660236472,,mm,false
15,SSAT target,fiducial,ILIS -1 side,ILIS -1 side,P112,P112,z,-1119.551456672612,,mm,false
15,SSAT target,fiducial,ILIS -1 side,ILIS -1 side,P113,P113,x,2767.353977795948,,mm,false
15,SSAT target,fiducial,ILIS -1 side,ILIS -1 side,P113,P113,y,-487.4063378491422,,mm,false
15,SSAT target,fiducial,ILIS -1 side,ILIS -1 side,P113,P113,z,-1142.511240320212,,mm,false
15,SSAT target,fiducial,ILIS -1 side,ILIS -1 side,P114,P114,x,2476.786411393563,,mm,false
15,SSAT target,fiducial,ILIS -1 side,ILIS -1 side,P114,P114,y,-436.1297270980277,,mm,false
15,SSAT target,fiducial,ILIS -1 side,ILIS -1 side,P114,P114,z,-1173.073092961607,,mm,false
15,SSAT target,fiducial,ILIS -1 side,ILIS -1 side,P115,P115,x,2257.67411079164,,mm,false
15,SSAT target,fiducial,ILIS -1 side,ILIS -1 side,P115,P115,y,-397.4684114731248,,mm,false
15,SSAT target,fiducial,ILIS -1 side,ILIS -1 side,P115,P115,z,-1179.713409150176,,mm,false
15,SSAT target,fiducial,ILIS -1 side,ILIS -1 side,P116,P116,x,2235.56677201283,,mm,false
15,SSAT target,fiducial,ILIS -1 side,ILIS -1 side,P116,P116,y,-393.5528396626146,,mm,false
15,SSAT target,fiducial,ILIS -1 side,ILIS -1 side,P116,P116,z,-1438.254031557015,,mm,false
15,SSAT target,fiducial,ILIS -1 side,ILIS -1 side,P117,P117,x,2509.039043375437,,mm,false
15,SSAT target,fiducial,ILIS -1 side,ILIS -1 side,P117,P117,y,-441.8621867310762,,mm,false
15,SSAT target,fiducial,ILIS -1 side,ILIS -1 side,P117,P117,z,-1413.205122207598,,mm,false
15,SSAT target,fiducial,ILIS -1 side,ILIS -1 side,P118,P118,x,2744.65213055098,,mm,false
15,SSAT target,fiducial,ILIS -1 side,ILIS -1 side,P118,P118,y,-483.3851357820803,,mm,false
15,SSAT target,fiducial,ILIS -1 side,ILIS -1 side,P118,P118,z,-1422.278825956222,,mm,false
15,SSAT target,fiducial,ILIS -1 side,ILIS -1 side,P119,P119,x,3009.301484899859,,mm,false
15,SSAT target,fiducial,ILIS -1 side,ILIS -1 side,P119,P119,y,-530.063302801312,,mm,false
15,SSAT target,fiducial,ILIS -1 side,ILIS -1 side,P119,P119,z,-1432.139350102865,,mm,false
15,SSAT target,fiducial,ILIS -1 side,ILIS -1 side,P120,P120,x,3008.664192846387,,mm,false
15,SSAT target,fiducial,ILIS -1 side,ILIS -1 side,P120,P120,y,-529.9138713849311,,mm,false
15,SSAT target,fiducial,ILIS -1 side,ILIS -1 side,P120,P120,z,-1570.824305563399,,mm,false
15,SSAT target,fiducial,ILIS -1 side,ILIS -1 side,P121,P121,x,2751.332687252715,,mm,false
15,SSAT target,fiducial,ILIS -1 side,ILIS -1 side,P121,P121,y,-484.5062420399552,,mm,false
15,SSAT target,fiducial,ILIS -1 side,ILIS -1 side,P121,P121,z,-1570.326234119666,,mm,false
15,SSAT target,fiducial,ILIS -1 side,ILIS -1 side,P122,P122,x,2502.359638081824,,mm,false
15,SSAT target,fiducial,ILIS -1 side,ILIS -1 side,P122,P122,y,-440.6096069478659,,mm,false
15,SSAT target,fiducial,ILIS -1 side,ILIS -1 side,P122,P122,z,-1554.089692242114,,mm,false
15,SSAT target,fiducial,ILIS -1 side,ILIS -1 side,P123,P123,x,2502.887625965334,,mm,false
15,SSAT target,fiducial,ILIS -1 side,ILIS -1 side,P123,P123,y,-440.6494447726436,,mm,false
15,SSAT target,fiducial,ILIS -1 side,ILIS -1 side,P123,P123,z,-1554.694713516602,,mm,false
15,SSAT target,fiducial,ILIS -1 side,ILIS -1 side,P124,P124,x,2275.658572775833,,mm,false
15,SSAT target,fiducial,ILIS -1 side,ILIS -1 side,P124,P124,y,-400.6665542522854,,mm,false
15,SSAT target,fiducial,ILIS -1 side,ILIS -1 side,P124,P124,z,-1547.791546762156,,mm,false
15,SSAT target,fiducial,ILIS -1 side,ILIS -1 side,P125,P125,x,2276.35957851181,,mm,false
15,SSAT target,fiducial,ILIS -1 side,ILIS -1 side,P125,P125,y,-400.8024986969447,,mm,false
15,SSAT target,fiducial,ILIS -1 side,ILIS -1 side,P125,P125,z,-1547.867593235408,,mm,false
15,SSAT target,fiducial,ILIS -1 side,ILIS -1 side,P126,P126,x,2293.900417725456,,mm,false
15,SSAT target,fiducial,ILIS -1 side,ILIS -1 side,P126,P126,y,-403.8078211063342,,mm,false
15,SSAT target,fiducial,ILIS -1 side,ILIS -1 side,P126,P126,z,-1815.095675516998,,mm,false
15,SSAT target,fiducial,ILIS -1 side,ILIS -1 side,P127,P127,x,2483.299424197457,,mm,false
15,SSAT target,fiducial,ILIS -1 side,ILIS -1 side,P127,P127,y,-437.2167561611682,,mm,false
15,SSAT target,fiducial,ILIS -1 side,ILIS -1 side,P127,P127,z,-1808.579501568973,,mm,false
15,SSAT target,fiducial,ILIS -1 side,ILIS -1 side,P128,P128,x,2749.16695627571,,mm,false
15,SSAT target,fiducial,ILIS -1 side,ILIS -1 side,P128,P128,y,-484.1153912370619,,mm,false
15,SSAT target,fiducial,ILIS -1 side,ILIS -1 side,P128,P128,z,-1811.450102836525,,mm,false
15,SSAT target,fiducial,ILIS -1 side,ILIS -1 side,P129,P129,x,2986.884216504212,,mm,false
15,SSAT target,fiducial,ILIS -1 side,ILIS -1 side,P129,P129,y,-526.0196331327938,,mm,false
15,SSAT target,fiducial,ILIS -1 side,ILIS -1 side,P129,P129,z,-1814.107940039642,,mm,false
15,SSAT target,fiducial,ILIS -1 side,ILIS -1 side,P130,P130,x,3007.70229246001,,mm,false
15,SSAT target,fiducial,ILIS -1 side,ILIS -1 side,P130,P130,y,-529.7160048465518,,mm,false
15,SSAT target,fiducial,ILIS -1 side,ILIS -1 side,P130,P130,z,-1861.788246410851,,mm,false
15,SSAT target,fiducial,ILIS -1 side,ILIS -1 side,P131,P131,x,2759.020934403412,,mm,false
15,SSAT target,fiducial,ILIS -1 side,ILIS -1 side,P131,P131,y,-485.8294825481109,,mm,false
15,SSAT target,fiducial,ILIS -1 side,ILIS -1 side,P131,P131,z,-1858.620713984105,,mm,false
15,SSAT target,fiducial,ILIS -1 side,ILIS -1 side,P132,P132,x,2282.534135493215,,mm,false
15,SSAT target,fiducial,ILIS -1 side,ILIS -1 side,P132,P132,y,-401.7915915861104,,mm,false
15,SSAT target,fiducial,ILIS -1 side,ILIS -1 side,P132,P132,z,-1864.527964526701,,mm,false
15,SSAT target,fiducial,ILIS -1 side,ILIS -1 side,P133,P133,x,2273.73202238592,,mm,false
15,SSAT target,fiducial,ILIS -1 side,ILIS -1 side,P133,P133,y,-400.2118966996871,,mm,false
15,SSAT target,fiducial,ILIS -1 side,ILIS -1 side,P133,P133,z,-2161.240416216738,,mm,false
15,SSAT target,fiducial,ILIS -1 side,ILIS -1 side,P134,P134,x,2522.123758860027,,mm,false
15,SSAT target,fiducial,ILIS -1 side,ILIS -1 side,P134,P134,y,-444.0449734878672,,mm,false
15,SSAT target,fiducial,ILIS -1 side,ILIS -1 side,P134,P134,z,-2148.30092964814,,mm,false
15,SSAT target,fiducial,ILIS -1 side,ILIS -1 side,P135,P135,x,2774.670679666495,,mm,false
15,SSAT target,fiducial,ILIS -1 side,ILIS -1 side,P135,P135,y,-488.5721731884336,,mm,false
15,SSAT target,fiducial,ILIS -1 side,ILIS -1 side,P135,P135,z,-2129.201693851966,,mm,false
15,SSAT target,fiducial,ILIS -1 side,ILIS -1 side,P136,P136,x,3010.554309088631,,mm,false
15,SSAT target,fiducial,ILIS -1 side,ILIS -1 side,P136,P136,y,-530.1860914105313,,mm,false
15,SSAT target,fiducial,ILIS -1 side,ILIS -1 side,P136,P136,z,-2115.587423440195,,mm,false
15,SSAT target,fiducial,ILIS -1 side,ILIS -1 side,P137,P137,x,2963.008659860932,,mm,false
15,SSAT target,fiducial,ILIS -1 side,ILIS -1 side,P137,P137,y,-521.7903535039547,,mm,false
15,SSAT target,fiducial,ILIS -1 side,ILIS -1 side,P137,P137,z,-2376.749459064673,,mm,false
15,SSAT target,fiducial,ILIS -1 side,ILIS -1 side,P138,P138,x,2720.158075446723,,mm,false
15,SSAT target,fiducial,ILIS -1 side,ILIS -1 side,P138,P138,y,-478.9448724478488,,mm,false
15,SSAT target,fiducial,ILIS -1 side,ILIS -1 side,P138,P138,z,-2385.579293760049,,mm,false
15,SSAT target,fiducial,ILIS -1 side,ILIS -1 side,P139,P139,x,2498.771843358155,,mm,false
15,SSAT target,fiducial,ILIS -1 side,ILIS -1 side,P139,P139,y,-439.892519647292,,mm,false
15,SSAT target,fiducial,ILIS -1 side,ILIS -1 side,P139,P139,z,-2388.410470082283,,mm,false
15,SSAT target,fiducial,ILIS -1 side,ILIS -1 side,P140,P140,x,2210.716781325649,,mm,false
15,SSAT target,fiducial,ILIS -1 side,ILIS -1 side,P140,P140,y,-389.134182610963,,mm,false
15,SSAT target,fiducial,ILIS -1 side,ILIS -1 side,P140,P140,z,-2398.884495610028,,mm,false
15,SSAT target,fiducial,ILIS -1 side,ILIS -1 side,P141,P141,x,2971.857426207115,,mm,false
15,SSAT target,fiducial,ILIS -1 side,ILIS -1 side,P141,P141,y,-523.4187457835499,,mm,false
15,SSAT target,fiducial,ILIS -1 side,ILIS -1 side,P141,P141,z,-2559.364030878464,,mm,false
15,SSAT target,fiducial,ILIS -1 side,ILIS -1 side,P142,P142,x,2702.192095621914,,mm,false
15,SSAT target,fiducial,ILIS -1 side,ILIS -1 side,P142,P142,y,-475.8395406907923,,mm,false
15,SSAT target,fiducial,ILIS -1 side,ILIS -1 side,P142,P142,z,-2546.390189885321,,mm,false
15,SSAT target,fiducial,ILIS -1 side,ILIS -1 side,P143,P143,x,2473.700681649577,,mm,false
15,SSAT target,fiducial,ILIS -1 side,ILIS -1 side,P143,P143,y,-435.5255430935261,,mm,false
15,SSAT target,fiducial,ILIS -1 side,ILIS -1 side,P143,P143,z,-2553.94892084029,,mm,false
15,SSAT target,fiducial,ILIS -1 side,ILIS -1 side,P144,P144,x,2269.100007370918,,mm,false
15,SSAT target,fiducial,ILIS -1 side,ILIS -1 side,P144,P144,y,-399.4136449332181,,mm,false
15,SSAT target,fiducial,ILIS -1 side,ILIS -1 side,P144,P144,z,-2582.340141401899,,mm,false
15,SSAT target,fiducial,ILIS -1 side,ILIS -1 side,P145,P145,x,2281.381940307639,,mm,false
15,SSAT target,fiducial,ILIS -1 side,ILIS -1 side,P145,P145,y,-401.5142615613859,,mm,false
15,SSAT target,fiducial,ILIS -1 side,ILIS -1 side,P145,P145,z,-2590.090894018218,,mm,false
15,SSAT target,fiducial,ILIS -1 side,ILIS -1 side,P146,P146,x,2938.593864733399,,mm,false
15,SSAT target,fiducial,ILIS -1 side,ILIS -1 side,P146,P146,y,-517.4347899891948,,mm,false
15,SSAT target,fiducial,ILIS -1 side,ILIS -1 side,P146,P146,z,-2822.466934718645,,mm,false
15,SSAT target,fiducial,ILIS -1 side,ILIS -1 side,P147,P147,x,2719.223839091597,,mm,false
15,SSAT target,fiducial,ILIS -1 side,ILIS -1 side,P147,P147,y,-478.7540497153427,,mm,false
15,SSAT target,fiducial,ILIS -1 side,ILIS -1 side,P147,P147,z,-2817.449240249865,,mm,false
15,SSAT target,fiducial,ILIS -1 side,ILIS -1 side,P148,P148,x,2495.351219627996,,mm,false
15,SSAT target,fiducial,ILIS -1 side,ILIS -1 side,P148,P148,y,-439.2744604117779,,mm,false
15,SSAT target,fiducial,ILIS -1 side,ILIS -1 side,P148,P148,z,-2835.640264188264,,mm,false
15,SSAT target,fiducial,ILIS -1 side,ILIS -1 side,P149,P149,x,2262.66517882621,,mm,false
15,SSAT target,fiducial,ILIS -1 side,ILIS -1 side,P149,P149,y,-398.2222592798175,,mm,false
15,SSAT target,fiducial,ILIS -1 side,ILIS -1 side,P149,P149,z,-2867.943734206375,,mm,false
15,SSAT target,fiducial,ILIS -1 side,ILIS -1 side,P150,P150,x,2988.377273260027,,mm,false
15,SSAT target,fiducial,ILIS -1 side,ILIS -1 side,P150,P150,y,-526.2016440551017,,mm,false
15,SSAT target,fiducial,ILIS -1 side,ILIS -1 side,P150,P150,z,-3079.141046275027,,mm,false
15,SSAT target,fiducial,ILIS -1 side,ILIS -1 side,P151,P151,x,2741.023675652303,,mm,false
15,SSAT target,fiducial,ILIS -1 side,ILIS -1 side,P151,P151,y,-482.5636977650165,,mm,false
15,SSAT target,fiducial,ILIS -1 side,ILIS -1 side,P151,P151,z,-3086.672600171816,,mm,false
15,SSAT target,fiducial,ILIS -1 side,ILIS -1 side,P152,P152,x,2498.951312620248,,mm,false
15,SSAT target,fiducial,ILIS -1 side,ILIS -1 side,P152,P152,y,-439.8791447849509,,mm,false
15,SSAT target,fiducial,ILIS -1 side,ILIS -1 side,P152,P152,z,-3086.529488437245,,mm,false
15,SSAT target,fiducial,ILIS -1 side,ILIS -1 side,P153,P153,x,2239.616153238484,,mm,false
15,SSAT target,fiducial,ILIS -1 side,ILIS -1 side,P153,P153,y,-394.1629973251555,,mm,false
15,SSAT target,fiducial,ILIS -1 side,ILIS -1 side,P153,P153,z,-3070.687301376433,,mm,false
15,SSAT target,fiducial,ILIS -1 side,ILIS -1 side,P154,P154,x,2493.331153287818,,mm,false
15,SSAT target,fiducial,ILIS -1 side,ILIS -1 side,P154,P154,y,-438.8642761753699,,mm,false
15,SSAT target,fiducial,ILIS -1 side,ILIS -1 side,P154,P154,z,-3428.750140700932,,mm,false
15,SSAT target,fiducial,ILIS -1 side,ILIS -1 side,P155,P155,x,2237.564287161672,,mm,false
15,SSAT target,fiducial,ILIS -1 side,ILIS -1 side,P155,P155,y,-393.7870451669536,,mm,false
15,SSAT target,fiducial,ILIS -1 side,ILIS -1 side,P155,P155,z,-3444.252179296691,,mm,false
15,SSAT target,fiducial,ILIS -1 side,ILIS -1 side,P156,P156,x,2735.904402158493,,mm,false
15,SSAT target,fiducial,ILIS -1 side,ILIS -1 side,P156,P156,y,-481.6686805659575,,mm,false
15,SSAT target,fiducial,ILIS -1 side,ILIS -1 side,P156,P156,z,-3433.99529075524,,mm,false
15,SSAT target,fiducial,ILIS -1 side,ILIS -1 side,P157,P157,x,2956.130241562256,,mm,false
15,SSAT target,fiducial,ILIS -1 side,ILIS -1 side,P157,P157,y,-520.5025667256247,,mm,false
15,SSAT target,fiducial,ILIS -1 side,ILIS -1 side,P157,P157,z,-3447.237039342427,,mm,false
15,SSAT target,fiducial,ILIS -1 side,ILIS -1 side,P158,P158,x,2959.730587052703,,mm,false
15,SSAT target,fiducial,ILIS -1 side,ILIS -1 side,P158,P158,y,-521.1364126888798,,mm,false
15,SSAT target,fiducial,ILIS -1 side,ILIS -1 side,P158,P158,z,-3560.830266652176,,mm,false
15,SSAT target,fiducial,ILIS -1 side,ILIS -1 side,P159,P159,x,2804.03291478235,,mm,false
15,SSAT target,fiducial,ILIS -1 side,ILIS -1 side,P159,P159,y,-493.6446670111523,,mm,false
15,SSAT target,fiducial,ILIS -1 side,ILIS -1 side,P159,P159,z,-3567.086538879696,,mm,false
15,SSAT target,fiducial,ILIS -1 side,ILIS -1 side,P160,P160,x,2651.59136690486,,mm,false
15,SSAT target,fiducial,ILIS -1 side,ILIS -1 side,P160,P160,y,-466.7575839781694,,mm,false
15,SSAT target,fiducial,ILIS -1 side,ILIS -1 side,P160,P160,z,-3569.505020984731,,mm,false
15,SSAT target,fiducial,ILIS -1 side,ILIS -1 side,P161,P161,x,2667.4010404353,,mm,false
15,SSAT target,fiducial,ILIS -1 side,ILIS -1 side,P161,P161,y,-469.5551279620473,,mm,false
15,SSAT target,fiducial,ILIS -1 side,ILIS -1 side,P161,P161,z,-3758.777014706779,,mm,false
15,SSAT target,fiducial,ILIS -1 side,ILIS -1 side,P162,P162,x,2825.758444269575,,mm,false
15,SSAT target,fiducial,ILIS -1 side,ILIS -1 side,P162,P162,y,-497.4800128971373,,mm,false
15,SSAT target,fiducial,ILIS -1 side,ILIS -1 side,P162,P162,z,-3764.871900942804,,mm,false
15,SSAT target,fiducial,ILIS -1 side,ILIS -1 side,P163,P163,x,2985.031448727827,,mm,false
15,SSAT target,fiducial,ILIS -1 side,ILIS -1 side,P163,P163,y,-525.5383510172429,,mm,false
15,SSAT target,fiducial,ILIS -1 side,ILIS -1 side,P163,P163,z,-3745.912837575128,,mm,false
15,SSAT target,fiducial,ILIS -1 side,ILIS -1 side,P164,P164,x,2969.172514456971,,mm,false
15,SSAT target,fiducial,ILIS -1 side,ILIS -1 side,P164,P164,y,-522.7428877666582,,mm,false
15,SSAT target,fiducial,ILIS -1 side,ILIS -1 side,P164,P164,z,-3947.75885269063,,mm,false
15,SSAT target,fiducial,ILIS -1 side,ILIS -1 side,P165,P165,x,2842.685553817682,,mm,false
15,SSAT target,fiducial,ILIS -1 side,ILIS -1 side,P165,P165,y,-500.4674426423703,,mm,false
15,SSAT target,fiducial,ILIS -1 side,ILIS -1 side,P165,P165,z,-3936.17396241278,,mm,false
15,SSAT target,fiducial,ILIS -1 side,ILIS -1 side,P166,P166,x,2637.696007665542,,mm,false
15,SSAT target,fiducial,ILIS -1 side,ILIS -1 side,P166,P166,y,-464.3400407451151,,mm,false
15,SSAT target,fiducial,ILIS -1 side,ILIS -1 side,P166,P166,z,-3916.884169192171,,mm,false
15,SSAT target,fiducial,ILIS -1 side,ILIS -1 side,P167,P167,x,2523.942836247449,,mm,false
15,SSAT target,fiducial,ILIS -1 side,ILIS -1 side,P167,P167,y,-444.3042840755102,,mm,false
15,SSAT target,fiducial,ILIS -1 side,ILIS -1 side,P167,P167,z,-3539.344063664291,,mm,false
15,SSAT target,fiducial,ILIS -1 side,ILIS -1 side,P168,P168,x,2395.242989705243,,mm,false
15,SSAT target,fiducial,ILIS -1 side,ILIS -1 side,P168,P168,y,-421.5889684522315,,mm,false
15,SSAT target,fiducial,ILIS -1 side,ILIS -1 side,P168,P168,z,-3564.144025219654,,mm,false
15,SSAT target,fiducial,ILIS -1 side,ILIS -1 side,P169,P169,x,2395.118972275401,,mm,false
15,SSAT target,fiducial,ILIS -1 side,ILIS -1 side,P169,P169,y,-421.5748208895803,,mm,false
15,SSAT target,fiducial,ILIS -1 side,ILIS -1 side,P169,P169,z,-3564.84701919087,,mm,false
15,SSAT target,fiducial,ILIS -1 side,ILIS -1 side,P170,P170,x,2199.563067615765,,mm,false
15,SSAT target,fiducial,ILIS -1 side,ILIS -1 side,P170,P170,y,-387.0757324011041,,mm,false
15,SSAT target,fiducial,ILIS -1 side,ILIS -1 side,P170,P170,z,-3564.510807627396,,mm,false
15,SSAT target,fiducial,ILIS -1 side,ILIS -1 side,P171,P171,x,2199.302951913648,,mm,false
15,SSAT target,fiducial,ILIS -1 side,ILIS -1 side,P171,P171,y,-386.9786113807781,,mm,false
15,SSAT target,fiducial,ILIS -1 side,ILIS -1 side,P171,P171,z,-3738.103784367036,,mm,false
15,SSAT target,fiducial,ILIS -1 side,ILIS -1 side,P172,P172,x,2391.69324971823,,mm,false
15,SSAT target,fiducial,ILIS -1 side,ILIS -1 side,P172,P172,y,-420.9078160245958,,mm,false
15,SSAT target,fiducial,ILIS -1 side,ILIS -1 side,P172,P172,z,-3720.501795306066,,mm,false
15,SSAT target,fiducial,ILIS -1 side,ILIS -1 side,P173,P173,x,2560.366942965945,,mm,false
15,SSAT target,fiducial,ILIS -1 side,ILIS -1 side,P173,P173,y,-450.6728678833211,,mm,false
15,SSAT target,fiducial,ILIS -1 side,ILIS -1 side,P173,P173,z,-3718.682329993713,,mm,false
15,SSAT target,fiducial,ILIS -1 side,ILIS -1 side,P174,P174,x,2549.973162379929,,mm,false
15,SSAT target,fiducial,ILIS -1 side,ILIS -1 side,P174,P174,y,-448.8520263262736,,mm,false
15,SSAT target,fiducial,ILIS -1 side,ILIS -1 side,P174,P174,z,-3916.319688583008,,mm,false
15,SSAT target,fiducial,ILIS -1 side,ILIS -1 side,P175,P175,x,2406.645227101784,,mm,false
15,SSAT target,fiducial,ILIS -1 side,ILIS -1 side,P175,P175,y,-423.5113264832304,,mm,false
15,SSAT target,fiducial,ILIS -1 side,ILIS -1 side,P175,P175,z,-3896.486725759254,,mm,false
15,SSAT target,fiducial,ILIS -1 side,ILIS -1 side,P176,P176,x,2210.615949607684,,mm,false
15,SSAT target,fiducial,ILIS -1 side,ILIS -1 side,P176,P176,y,-388.9498371792963,,mm,false
15,SSAT target,fiducial,ILIS -1 side,ILIS -1 side,P176,P176,z,-3911.750489654023,,mm,false
15,SSAT target,fiducial,ILIS -1 side,ILIS -1 side,P177,P177,x,2964.314647268489,,mm,false
15,SSAT target,fiducial,ILIS -1 side,ILIS -1 side,P177,P177,y,-521.8672836392126,,mm,false
15,SSAT target,fiducial,ILIS -1 side,ILIS -1 side,P177,P177,z,-4024.566547128043,,mm,false
15,SSAT target,fiducial,ILIS -1 side,ILIS -1 side,P178,P178,x,2783.771809068558,,mm,false
15,SSAT target,fiducial,ILIS -1 side,ILIS -1 side,P178,P178,y,-490.0775861243358,,mm,false
15,SSAT target,fiducial,ILIS -1 side,ILIS -1 side,P178,P178,z,-4027.767286515411,,mm,false
15,SSAT target,fiducial,ILIS -1 side,ILIS -1 side,P179,P179,x,2619.164141976804,,mm,false
15,SSAT target,fiducial,ILIS -1 side,ILIS -1 side,P179,P179,y,-461.0731603651172,,mm,false
15,SSAT target,fiducial,ILIS -1 side,ILIS -1 side,P179,P179,z,-4030.263015264431,,mm,false
15,SSAT target,fiducial,ILIS -1 side,ILIS -1 side,P180,P180,x,2622.900359693364,,mm,false
15,SSAT target,fiducial,ILIS -1 side,ILIS -1 side,P180,P180,y,-461.7545109072425,,mm,false
15,SSAT target,fiducial,ILIS -1 side,ILIS -1 side,P180,P180,z,-4191.597257394282,,mm,false
15,SSAT target,fiducial,ILIS -1 side,ILIS -1 side,P181,P181,x,2787.04088905014,,mm,false
15,SSAT target,fiducial,ILIS -1 side,ILIS -1 side,P181,P181,y,-490.6927187156832,,mm,false
15,SSAT target,fiducial,ILIS -1 side,ILIS -1 side,P181,P181,z,-4194.763503170068,,mm,false
15,SSAT target,fiducial,ILIS -1 side,ILIS -1 side,P182,P182,x,2999.346071938881,,mm,false
15,SSAT target,fiducial,ILIS -1 side,ILIS -1 side,P182,P182,y,-528.0569865979187,,mm,false
15,SSAT target,fiducial,ILIS -1 side,ILIS -1 side,P182,P182,z,-4190.05774082984,,mm,false
15,SSAT target,fiducial,ILIS -1 side,ILIS -1 side,P183,P183,x,2962.007832587511,,mm,false
15,SSAT target,fiducial,ILIS -1 side,ILIS -1 side,P183,P183,y,-521.5168093630233,,mm,false
15,SSAT target,fiducial,ILIS -1 side,ILIS -1 side,P183,P183,z,-4396.020424554043,,mm,false
15,SSAT target,fiducial,ILIS -1 side,ILIS -1 side,P184,P184,x,2792.860053411948,,mm,false
15,SSAT target,fiducial,ILIS -1 side,ILIS -1 side,P184,P184,y,-491.6650311504294,,mm,false
15,SSAT target,fiducial,ILIS -1 side,ILIS -1 side,P184,P184,z,-4401.265859666693,,mm,false
15,SSAT target,fiducial,ILIS -1 side,ILIS -1 side,P185,P185,x,2630.200350106557,,mm,false
15,SSAT target,fiducial,ILIS -1 side,ILIS -1 side,P185,P185,y,-462.9560094939248,,mm,false
15,SSAT target,fiducial,ILIS -1 side,ILIS -1 side,P185,P185,z,-4405.982699512243,,mm,false
15,SSAT target,fiducial,ILIS -1 side,ILIS -1 side,P186,P186,x,2525.815493663714,,mm,false
15,SSAT target,fiducial,ILIS -1 side,ILIS -1 side,P186,P186,y,-444.5897972087434,,mm,false
15,SSAT target,fiducial,ILIS -1 side,ILIS -1 side,P186,P186,z,-4019.049182459632,,mm,false
15,SSAT target,fiducial,ILIS -1 side,ILIS -1 side,P187,P187,x,2374.396927212852,,mm,false
15,SSAT target,fiducial,ILIS -1 side,ILIS -1 side,P187,P187,y,-417.8733973638768,,mm,false
15,SSAT target,fiducial,ILIS -1 side,ILIS -1 side,P187,P187,z,-4022.651726324064,,mm,false
15,SSAT target,fiducial,ILIS -1 side,ILIS -1 side,P188,P188,x,2189.705118129338,,mm,false
15,SSAT target,fiducial,ILIS -1 side,ILIS -1 side,P188,P188,y,-385.2386345864766,,mm,false
15,SSAT target,fiducial,ILIS -1 side,ILIS -1 side,P188,P188,z,-4022.644181698247,,mm,false
15,SSAT target,fiducial,ILIS -1 side,ILIS -1 side,P189,P189,x,2206.221223627327,,mm,false
15,SSAT target,fiducial,ILIS -1 side,ILIS -1 side,P189,P189,y,-388.1498107784719,,mm,false
15,SSAT target,fiducial,ILIS -1 side,ILIS -1 side,P189,P189,z,-4236.172217710754,,mm,false
15,SSAT target,fiducial,ILIS -1 side,ILIS -1 side,P190,P190,x,2405.908508811619,,mm,false
15,SSAT target,fiducial,ILIS -1 side,ILIS -1 side,P190,P190,y,-423.3908191869789,,mm,false
15,SSAT target,fiducial,ILIS -1 side,ILIS -1 side,P190,P190,z,-4222.174689783336,,mm,false
15,SSAT target,fiducial,ILIS -1 side,ILIS -1 side,P191,P191,x,2568.288336956297,,mm,false
15,SSAT target,fiducial,ILIS -1 side,ILIS -1 side,P191,P191,y,-452.0470417677661,,mm,false
15,SSAT target,fiducial,ILIS -1 side,ILIS -1 side,P191,P191,z,-4212.06183157681,,mm,false
15,SSAT target,fiducial,ILIS -1 side,ILIS -1 side,P192,P192,x,2535.392516599501,,mm,false
15,SSAT target,fiducial,ILIS -1 side,ILIS -1 side,P192,P192,y,-446.234131666732,,mm,false
15,SSAT target,fiducial,ILIS -1 side,ILIS -1 side,P192,P192,z,-4402.0317799192,,mm,false
15,SSAT target,fiducial,ILIS -1 side,ILIS -1 side,P193,P193,x,2419.883175834756,,mm,false
15,SSAT target,fiducial,ILIS -1 side,ILIS -1 side,P193,P193,y,-425.8415828618801,,mm,false
15,SSAT target,fiducial,ILIS -1 side,ILIS -1 side,P193,P193,z,-4410.909563839517,,mm,false
15,SSAT target,fiducial,ILIS -1 side,ILIS -1 side,P194,P194,x,2420.072169649005,,mm,false
15,SSAT target,fiducial,ILIS -1 side,ILIS -1 side,P194,P194,y,-425.8794954961325,,mm,false
15,SSAT target,fiducial,ILIS -1 side,ILIS -1 side,P194,P194,z,-4411.259576654053,,mm,false
15,SSAT target,fiducial,ILIS -1 side,ILIS -1 side,P195,P195,x,2283.005644057043,,mm,false
15,SSAT target,fiducial,ILIS -1 side,ILIS -1 side,P195,P195,y,-401.7053716876135,,mm,false
15,SSAT target,fiducial,ILIS -1 side,ILIS -1 side,P195,P195,z,-4419.089019114319,,mm,false
14,SSAT AL,fiducial,CCL,CCL,A,A,x,2713.546594321744,0.8,mm,false
14,SSAT AL,fiducial,CCL,CCL,A,A,y,0.7036224924480289,0.8,mm,false
14,SSAT AL,fiducial,CCL,CCL,A,A,z,-3699.605139347904,0.8,mm,false
14,SSAT AL,fiducial,CCL,CCL,B,B,x,2713.015986350652,0.8,mm,false
14,SSAT AL,fiducial,CCL,CCL,B,B,y,1.111628798538759,0.8,mm,false
14,SSAT AL,fiducial,CCL,CCL,B,B,z,3700.354858514238,0.8,mm,false
14,SSAT AL,fiducial,CCL,CCL,C,C,x,5334.183500112418,1.0,mm,false
14,SSAT AL,fiducial,CCL,CCL,C,C,y,0.7946050283709516,1.0,mm,false
14,SSAT AL,fiducial,CCL,CCL,C,C,z,6297.771024543115,1.0,mm,false
14,SSAT AL,fiducial,CCL,CCL,D,D,x,8977.6742855933,1.0,mm,false
14,SSAT AL,fiducial,CCL,CCL,D,D,y,0.8740428708326728,1.0,mm,false
14,SSAT AL,fiducial,CCL,CCL,D,D,z,4436.29716770758,1.0,mm,false
14,SSAT AL,fiducial,CCL,CCL,E,E,x,9584.600200633453,1.0,mm,false
14,SSAT AL,fiducial,CCL,CCL,E,E,y,0.5448761642818204,1.0,mm,false
14,SSAT AL,fiducial,CCL,CCL,E,E,z,-3694.538563770931,1.0,mm,false
14,SSAT AL,fiducial,CCL,CCL,F,F',x,4284.230253703623,0.8,mm,false
14,SSAT AL,fiducial,CCL,CCL,F,F',y,1.588739547631684,0.8,mm,false
14,SSAT AL,fiducial,CCL,CCL,F,F',z,-6134.907444131268,0.8,mm,false
14,SSAT AL,fiducial,CCL,CCL,G,G,x,10728.943845155,0.8,mm,false
14,SSAT AL,fiducial,CCL,CCL,G,G,y,-0.2964129072475033,0.8,mm,false
14,SSAT AL,fiducial,CCL,CCL,G,G,z,-0.4106023148327358,0.8,mm,false
14,SSAT AL,fiducial,CCL,CCL,H,H,x,2714.133873354997,0.5,mm,false
14,SSAT AL,fiducial,CCL,CCL,H,H,y,-0.4348144303066563,0.5,mm,false
14,SSAT AL,fiducial,CCL,CCL,H,H,z,0.3698944050500309,0.5,mm,false
14,SSAT AL,fiducial,Fiducial,Fiducial,TF14_A1-AU,TF14_A1-AU,x,2145.58,,mm,false
14,SSAT AL,fiducial,Fiducial,Fiducial,TF14_A1-AU,TF14_A1-AU,y,1.5,,mm,false
14,SSAT AL,fiducial,Fiducial,Fiducial,TF14_A1-AU,TF14_A1-AU,z,-3699.78,,mm,false
14,SSAT AL,fiducial,Fiducial,Fiducial,TF14_A4-AU,TF14_A4-AU,x,2709.68,,mm,false
14,SSAT AL,fiducial,Fiducial,Fiducial,TF14_A4-AU,TF14_A4-AU,y,-519.92,,mm,false
14,SSAT AL,fiducial,Fiducial,Fiducial,TF14_A4-AU,TF14_A4-AU,z,-3698.69,,mm,false
14,SSAT AL,fiducial,Fiducial,Fiducial,TF14_B1-AU,TF14_B1-AU,x,2145.38,,mm,false
14,SSAT AL,fiducial,Fiducial,Fiducial,TF14_B1-AU,TF14_B1-AU,y,0.49,,mm,false
14,SSAT AL,fiducial,Fiducial,Fiducial,TF14_B1-AU,TF14_B1-AU,z,3699.08,,mm,false
14,SSAT AL,fiducial,Fiducial,Fiducial,TF14_B4-AU,TF14_B4-AU,x,2709.38,,mm,false
14,SSAT AL,fiducial,Fiducial,Fiducial,TF14_B4-AU,TF14_B4-AU,y,-520.09,,mm,false
14,SSAT AL,fiducial,Fiducial,Fiducial,TF14_B4-AU,TF14_B4-AU,z,3699.67,,mm,false
14,SSAT AL,fiducial,Fiducial,Fiducial,TF14_FLAT.6,TF14_FLAT.6,x,9787.32,,mm,false
14,SSAT AL,fiducial,Fiducial,Fiducial,TF14_FLAT.6,TF14_FLAT.6,y,1443.46,,mm,false
14,SSAT AL,fiducial,Fiducial,Fiducial,TF14_FLAT.6,TF14_FLAT.6,z,3482.35,,mm,false
14,SSAT AL,fiducial,Fiducial,Fiducial,TF14_FLAT.7,TF14_FLAT.7,x,10052.61,,mm,false
14,SSAT AL,fiducial,Fiducial,Fiducial,TF14_FLAT.7,TF14_FLAT.7,y,1489.14,,mm,false
14,SSAT AL,fiducial,Fiducial,Fiducial,TF14_FLAT.7,TF14_FLAT.7,z,2986.7,,mm,false
14,SSAT AL,fiducial,Fiducial,Fiducial,TF14_FLAT.8,TF14_FLAT.8,x,10251.64,,mm,false
14,SSAT AL,fiducial,Fiducial,Fiducial,TF14_FLAT.8,TF14_FLAT.8,y,1803.87,,mm,false
14,SSAT AL,fiducial,Fiducial,Fiducial,TF14_FLAT.8,TF14_FLAT.8,z,2525.55,,mm,false
14,SSAT AL,fiducial,Fiducial,Fiducial,TF14_FLAT.9,TF14_FLAT.9,x,10699.23,,mm,false
14,SSAT AL,fiducial,Fiducial,Fiducial,TF14_FLAT.9,TF14_FLAT.9,y,545.6,,mm,false
14,SSAT AL,fiducial,Fiducial,Fiducial,TF14_FLAT.9,TF14_FLAT.9,z,3312.59,,mm,false
14,SSAT AL,fiducial,Fiducial,Fiducial,TF14_G1-BU,TF14_G1-BU,x,11236.8,,mm,false
14,SSAT AL,fiducial,Fiducial,Fiducial,TF14_G1-BU,TF14_G1-BU,y,-1.07,,mm,false
14,SSAT AL,fiducial,Fiducial,Fiducial,TF14_G1-BU,TF14_G1-BU,z,-1.02,,mm,false
14,SSAT AL,fiducial,Fiducial,Fiducial,TF14_G4-BU,TF14_G4-BU,x,10730.56,,mm,false
14,SSAT AL,fiducial,Fiducial,Fiducial,TF14_G4-BU,TF14_G4-BU,y,-564.32,,mm,false
14,SSAT AL,fiducial,Fiducial,Fiducial,TF14_G4-BU,TF14_G4-BU,z,0.1,,mm,false
14,SSAT AL,fiducial,Fiducial,Fiducial,TF14_H1-AU,TF14_H1-AU,x,2145.24,,mm,false
14,SSAT AL,fiducial,Fiducial,Fiducial,TF14_H1-AU,TF14_H1-AU,y,1.01,,mm,false
14,SSAT AL,fiducial,Fiducial,Fiducial,TF14_H1-AU,TF14_H1-AU,z,0.12,,mm,false
14,SSAT AL,fiducial,Fiducial,Fiducial,TF14_H4-AU,TF14_H4-AU,x,2708.09,,mm,false
14,SSAT AL,fiducial,Fiducial,Fiducial,TF14_H4-AU,TF14_H4-AU,y,-520.96,,mm,false
14,SSAT AL,fiducial,Fiducial,Fiducial,TF14_H4-AU,TF14_H4-AU,z,0.46,,mm,false
14,SSAT AL,fiducial,Fiducial,Fiducial,TF14_P10-OIS,TF14_P10-OIS,x,5989.35,,mm,false
14,SSAT AL,fiducial,Fiducial,Fiducial,TF14_P10-OIS,TF14_P10-OIS,y,-1089.8,,mm,false
14,SSAT AL,fiducial,Fiducial,Fiducial,TF14_P10-OIS,TF14_P10-OIS,z,-6117.9,,mm,false
14,SSAT AL,fiducial,Fiducial,Fiducial,TF14_P11-OIS,TF14_P11-OIS,x,7538.76,,mm,false
14,SSAT AL,fiducial,Fiducial,Fiducial,TF14_P11-OIS,TF14_P11-OIS,y,-1367.5,,mm,false
14,SSAT AL,fiducial,Fiducial,Fiducial,TF14_P11-OIS,TF14_P11-OIS,z,-6354.27,,mm,false
14,SSAT AL,fiducial,Fiducial,Fiducial,TF14_P17-IOIS,TF14_P17-IOIS,x,9298.67,,mm,false
14,SSAT AL,fiducial,Fiducial,Fiducial,TF14_P17-IOIS,TF14_P17-IOIS,y,-1672.33,,mm,false
14,SSAT AL,fiducial,Fiducial,Fiducial,TF14_P17-IOIS,TF14_P17-IOIS,z,3878.27,,mm,false
14,SSAT AL,fiducial,Fiducial,Fiducial,TF14_P18-IOIS,TF14_P18-IOIS,x,10100.27,,mm,false
14,SSAT AL,fiducial,Fiducial,Fiducial,TF14_P18-IOIS,TF14_P18-IOIS,y,-1814.13,,mm,false
14,SSAT AL,fiducial,Fiducial,Fiducial,TF14_P18-IOIS,TF14_P18-IOIS,z,2374.53,,mm,false
14,SSAT AL,fiducial,Fiducial,Fiducial,TF14_P19-IOIS,TF14_P19-IOIS,x,10484.18,,mm,false
14,SSAT AL,fiducial,Fiducial,Fiducial,TF14_P19-IOIS,TF14_P19-IOIS,y,-1883.19,,mm,false
14,SSAT AL,fiducial,Fiducial,Fiducial,TF14_P19-IOIS,TF14_P19-IOIS,z,-1245.51,,mm,false
14,SSAT AL,fiducial,Fiducial,Fiducial,TF14_P20-IOIS,TF14_P20-IOIS,x,9866.88,,mm,false
14,SSAT AL,fiducial,Fiducial,Fiducial,TF14_P20-IOIS,TF14_P20-IOIS,y,-1774.1,,mm,false
14,SSAT AL,fiducial,Fiducial,Fiducial,TF14_P20-IOIS,TF14_P20-IOIS,z,-2996.19,,mm,false
14,SSAT AL,fiducial,Fiducial,Fiducial,TF14_P8-OIS,TF14_P8-OIS,x,7539.5,,mm,false
14,SSAT AL,fiducial,Fiducial,Fiducial,TF14_P8-OIS,TF14_P8-OIS,y,-1367.58,,mm,false
14,SSAT AL,fiducial,Fiducial,Fiducial,TF14_P8-OIS,TF14_P8-OIS,z,6353.03,,mm,false
14,SSAT AL,fiducial,Fiducial,Fiducial,TF14_P9-OIS,TF14_P9-OIS,x,5990.43,,mm,false
14,SSAT AL,fiducial,Fiducial,Fiducial,TF14_P9-OIS,TF14_P9-OIS,y,-1092.09,,mm,false
14,SSAT AL,fiducial,Fiducial,Fiducial,TF14_P9-OIS,TF14_P9-OIS,z,6115.12,,mm,false
14,SSAT AL,fiducial,Fiducial,Fiducial,TF14_S01 Added fiducial.1,TF14_S01 Added fiducial.1,x,10744.04,,mm,false
14,SSAT AL,fiducial,Fiducial,Fiducial,TF14_S01 Added fiducial.1,TF14_S01 Added fiducial.1,y,-548.17,,mm,false
14,SSAT AL,fiducial,Fiducial,Fiducial,TF14_S01 Added fiducial.1,TF14_S01 Added fiducial.1,z,3278.21,,mm,false
14,SSAT AL,fiducial,Fiducial,Fiducial,TF14_S01 Added fiducial.2,TF14_S01 Added fiducial.2,x,10881.11,,mm,false
14,SSAT AL,fiducial,Fiducial,Fiducial,TF14_S01 Added fiducial.2,TF14_S01 Added fiducial.2,y,-549.44,,mm,false
14,SSAT AL,fiducial,Fiducial,Fiducial,TF14_S01 Added fiducial.2,TF14_S01 Added fiducial.2,z,-2607.26,,mm,false
14,SSAT AL,fiducial,Fiducial,Fiducial,TF14_TFC LEG_ADDED_1,TF14_TFC LEG_ADDED_1,x,11042.83,,mm,false
14,SSAT AL,fiducial,Fiducial,Fiducial,TF14_TFC LEG_ADDED_1,TF14_TFC LEG_ADDED_1,y,-380.49,,mm,false
14,SSAT AL,fiducial,Fiducial,Fiducial,TF14_TFC LEG_ADDED_1,TF14_TFC LEG_ADDED_1,z,-2701.86,,mm,false
14,SSAT AL,fiducial,Fiducial,Fiducial,TF14_TFC LEG_ADDED_10,TF14_TFC LEG_ADDED_10,x,11218.34,,mm,false
14,SSAT AL,fiducial,Fiducial,Fiducial,TF14_TFC LEG_ADDED_10,TF14_TFC LEG_ADDED_10,y,651.03,,mm,false
14,SSAT AL,fiducial,Fiducial,Fiducial,TF14_TFC LEG_ADDED_10,TF14_TFC LEG_ADDED_10,z,-4559.04,,mm,false
14,SSAT AL,fiducial,Fiducial,Fiducial,TF14_TFC LEG_ADDED_11,TF14_TFC LEG_ADDED_11,x,11043.6,,mm,false
14,SSAT AL,fiducial,Fiducial,Fiducial,TF14_TFC LEG_ADDED_11,TF14_TFC LEG_ADDED_11,y,-19.3,,mm,false
14,SSAT AL,fiducial,Fiducial,Fiducial,TF14_TFC LEG_ADDED_11,TF14_TFC LEG_ADDED_11,z,-3753.86,,mm,false
14,SSAT AL,fiducial,Fiducial,Fiducial,TF14_TFC LEG_ADDED_12,TF14_TFC LEG_ADDED_12,x,10518.22,,mm,false
14,SSAT AL,fiducial,Fiducial,Fiducial,TF14_TFC LEG_ADDED_12,TF14_TFC LEG_ADDED_12,y,-549.22,,mm,false
14,SSAT AL,fiducial,Fiducial,Fiducial,TF14_TFC LEG_ADDED_12,TF14_TFC LEG_ADDED_12,z,-3759.01,,mm,false
14,SSAT AL,fiducial,Fiducial,Fiducial,TF14_TFC LEG_ADDED_13,TF14_TFC LEG_ADDED_13,x,11025.27,,mm,false
14,SSAT AL,fiducial,Fiducial,Fiducial,TF14_TFC LEG_ADDED_13,TF14_TFC LEG_ADDED_13,y,828.26,,mm,false
14,SSAT AL,fiducial,Fiducial,Fiducial,TF14_TFC LEG_ADDED_13,TF14_TFC LEG_ADDED_13,z,-4654.2,,mm,false
14,SSAT AL,fiducial,Fiducial,Fiducial,TF14_TFC LEG_ADDED_14,TF14_TFC LEG_ADDED_14,x,9986.11,,mm,false
14,SSAT AL,fiducial,Fiducial,Fiducial,TF14_TFC LEG_ADDED_14,TF14_TFC LEG_ADDED_14,y,828.77,,mm,false
14,SSAT AL,fiducial,Fiducial,Fiducial,TF14_TFC LEG_ADDED_14,TF14_TFC LEG_ADDED_14,z,-4669.73,,mm,false
14,SSAT AL,fiducial,Fiducial,Fiducial,TF14_TFC LEG_ADDED_15,TF14_TFC LEG_ADDED_15,x,10913.35,,mm,false
14,SSAT AL,fiducial,Fiducial,Fiducial,TF14_TFC LEG_ADDED_15,TF14_TFC LEG_ADDED_15,y,548.92,,mm,false
14,SSAT AL,fiducial,Fiducial,Fiducial,TF14_TFC LEG_ADDED_15,TF14_TFC LEG_ADDED_15,z,-4399.58,,mm,false
14,SSAT AL,fiducial,Fiducial,Fiducial,TF14_TFC LEG_ADDED_16,TF14_TFC LEG_ADDED_16,x,10916.68,,mm,false
14,SSAT AL,fiducial,Fiducial,Fiducial,TF14_TFC LEG_ADDED_16,TF14_TFC LEG_ADDED_16,y,548.56,,mm,false
14,SSAT AL,fiducial,Fiducial,Fiducial,TF14_TFC LEG_ADDED_16,TF14_TFC LEG_ADDED_16,z,-4202.43,,mm,false
14,SSAT AL,fiducial,Fiducial,Fiducial,TF14_TFC LEG_ADDED_17,TF14_TFC LEG_ADDED_17,x,10101.76,,mm,false
14,SSAT AL,fiducial,Fiducial,Fiducial,TF14_TFC LEG_ADDED_17,TF14_TFC LEG_ADDED_17,y,549.14,,mm,false
14,SSAT AL,fiducial,Fiducial,Fiducial,TF14_TFC LEG_ADDED_17,TF14_TFC LEG_ADDED_17,z,-4396.94,,mm,false
14,SSAT AL,fiducial,Fiducial,Fiducial,TF14_TFC LEG_ADDED_18,TF14_TFC LEG_ADDED_18,x,10099.65,,mm,false
14,SSAT AL,fiducial,Fiducial,Fiducial,TF14_TFC LEG_ADDED_18,TF14_TFC LEG_ADDED_18,y,548.86,,mm,false
14,SSAT AL,fiducial,Fiducial,Fiducial,TF14_TFC LEG_ADDED_18,TF14_TFC LEG_ADDED_18,z,-4212.64,,mm,false
14,SSAT AL,fiducial,Fiducial,Fiducial,TF14_TFC LEG_ADDED_19,TF14_TFC LEG_ADDED_19,x,10534.0,,mm,false
14,SSAT AL,fiducial,Fiducial,Fiducial,TF14_TFC LEG_ADDED_19,TF14_TFC LEG_ADDED_19,y,547.88,,mm,false
14,SSAT AL,fiducial,Fiducial,Fiducial,TF14_TFC LEG_ADDED_19,TF14_TFC LEG_ADDED_19,z,-3774.1,,mm,false
14,SSAT AL,fiducial,Fiducial,Fiducial,TF14_TFC LEG_ADDED_2,TF14_TFC LEG_ADDED_2,x,11218.56,,mm,false
14,SSAT AL,fiducial,Fiducial,Fiducial,TF14_TFC LEG_ADDED_2,TF14_TFC LEG_ADDED_2,y,-665.72,,mm,false
14,SSAT AL,fiducial,Fiducial,Fiducial,TF14_TFC LEG_ADDED_2,TF14_TFC LEG_ADDED_2,z,-4571.09,,mm,false
14,SSAT AL,fiducial,Fiducial,Fiducial,TF14_TFC LEG_ADDED_3,TF14_TFC LEG_ADDED_3,x,11071.32,,mm,false
14,SSAT AL,fiducial,Fiducial,Fiducial,TF14_TFC LEG_ADDED_3,TF14_TFC LEG_ADDED_3,y,-830.49,,mm,false
14,SSAT AL,fiducial,Fiducial,Fiducial,TF14_TFC LEG_ADDED_3,TF14_TFC LEG_ADDED_3,z,-4685.62,,mm,false
14,SSAT AL,fiducial,Fiducial,Fiducial,TF14_TFC LEG_ADDED_4,TF14_TFC LEG_ADDED_4,x,10921.05,,mm,false
14,SSAT AL,fiducial,Fiducial,Fiducial,TF14_TFC LEG_ADDED_4,TF14_TFC LEG_ADDED_4,y,-550.11,,mm,false
14,SSAT AL,fiducial,Fiducial,Fiducial,TF14_TFC LEG_ADDED_4,TF14_TFC LEG_ADDED_4,z,-4395.15,,mm,false
14,SSAT AL,fiducial,Fiducial,Fiducial,TF14_TFC LEG_ADDED_6,TF14_TFC LEG_ADDED_6,x,10906.35,,mm,false
14,SSAT AL,fiducial,Fiducial,Fiducial,TF14_TFC LEG_ADDED_6,TF14_TFC LEG_ADDED_6,y,-550.12,,mm,false
14,SSAT AL,fiducial,Fiducial,Fiducial,TF14_TFC LEG_ADDED_6,TF14_TFC LEG_ADDED_6,z,-4193.31,,mm,false
14,SSAT AL,fiducial,Fiducial,Fiducial,TF14_TFC LEG_ADDED_7,TF14_TFC LEG_ADDED_7,x,9939.93,,mm,false
14,SSAT AL,fiducial,Fiducial,Fiducial,TF14_TFC LEG_ADDED_7,TF14_TFC LEG_ADDED_7,y,-829.88,,mm,false
14,SSAT AL,fiducial,Fiducial,Fiducial,TF14_TFC LEG_ADDED_7,TF14_TFC LEG_ADDED_7,z,-4697.51,,mm,false
14,SSAT AL,fiducial,Fiducial,Fiducial,TF14_TFC LEG_ADDED_9,TF14_TFC LEG_ADDED_9,x,10106.71,,mm,false
14,SSAT AL,fiducial,Fiducial,Fiducial,TF14_TFC LEG_ADDED_9,TF14_TFC LEG_ADDED_9,y,-549.59,,mm,false
14,SSAT AL,fiducial,Fiducial,Fiducial,TF14_TFC LEG_ADDED_9,TF14_TFC LEG_ADDED_9,z,-4193.52,,mm,false
14,SSAT AL,fiducial,Fiducial,Fiducial,TF14_TFC_ADDED_1,TF14_TFC_ADDED_1,x,9396.85,,mm,false
14,SSAT AL,fiducial,Fiducial,Fiducial,TF14_TFC_ADDED_1,TF14_TFC_ADDED_1,y,-1557.98,,mm,false
14,SSAT AL,fiducial,Fiducial,Fiducial,TF14_TFC_ADDED_1,TF14_TFC_ADDED_1,z,3915.18,,mm,false
14,SSAT AL,fiducial,Fiducial,Fiducial,TF14_TFC_ADDED_2,TF14_TFC_ADDED_2,x,9906.25,,mm,false
14,SSAT AL,fiducial,Fiducial,Fiducial,TF14_TFC_ADDED_2,TF14_TFC_ADDED_2,y,-1087.06,,mm,false
14,SSAT AL,fiducial,Fiducial,Fiducial,TF14_TFC_ADDED_2,TF14_TFC_ADDED_2,z,3252.13,,mm,false
14,SSAT AL,fiducial,Fiducial,Fiducial,TF14_TFC_ADDED_3,TF14_TFC_ADDED_3,x,10181.78,,mm,false
14,SSAT AL,fiducial,Fiducial,Fiducial,TF14_TFC_ADDED_3,TF14_TFC_ADDED_3,y,-1662.99,,mm,false
14,SSAT AL,fiducial,Fiducial,Fiducial,TF14_TFC_ADDED_3,TF14_TFC_ADDED_3,z,2457.18,,mm,false
14,SSAT AL,fiducial,Fiducial,Fiducial,TF14_TFC_ADDED_4,TF14_TFC_ADDED_4,x,10593.81,,mm,false
14,SSAT AL,fiducial,Fiducial,Fiducial,TF14_TFC_ADDED_4,TF14_TFC_ADDED_4,y,-1787.93,,mm,false
14,SSAT AL,fiducial,Fiducial,Fiducial,TF14_TFC_ADDED_4,TF14_TFC_ADDED_4,z,-1249.18,,mm,false
14,SSAT AL,fiducial,Fiducial,Fiducial,TF14_TFC_ADDED_5,TF14_TFC_ADDED_5,x,10412.96,,mm,false
14,SSAT AL,fiducial,Fiducial,Fiducial,TF14_TFC_ADDED_5,TF14_TFC_ADDED_5,y,-1219.3,,mm,false
14,SSAT AL,fiducial,Fiducial,Fiducial,TF14_TFC_ADDED_5,TF14_TFC_ADDED_5,z,-2084.87,,mm,false
14,SSAT AL,fiducial,Fiducial,Fiducial,TF14_TFC_ADDED_6,TF14_TFC_ADDED_6,x,9965.34,,mm,false
14,SSAT AL,fiducial,Fiducial,Fiducial,TF14_TFC_ADDED_6,TF14_TFC_ADDED_6,y,-1674.68,,mm,false
14,SSAT AL,fiducial,Fiducial,Fiducial,TF14_TFC_ADDED_6,TF14_TFC_ADDED_6,z,-3029.37,,mm,false
14,SSAT AL,fiducial,Fiducial,Fiducial,TF14_TWF.UNK.5,TF14_TWF.UNK.5,x,9893.45,,mm,false
14,SSAT AL,fiducial,Fiducial,Fiducial,TF14_TWF.UNK.5,TF14_TWF.UNK.5,y,711.58,,mm,false
14,SSAT AL,fiducial,Fiducial,Fiducial,TF14_TWF.UNK.5,TF14_TWF.UNK.5,z,3793.3,,mm,false
14,SSAT AL,fiducial,Fiducial,Fiducial,TF14_TWF.UNK.6,TF14_TWF.UNK.6,x,10044.94,,mm,false
14,SSAT AL,fiducial,Fiducial,Fiducial,TF14_TWF.UNK.6,TF14_TWF.UNK.6,y,918.39,,mm,false
14,SSAT AL,fiducial,Fiducial,Fiducial,TF14_TWF.UNK.6,TF14_TWF.UNK.6,z,3237.52,,mm,false
14,SSAT AL,fiducial,Fiducial,Fiducial,TF14_TWF.UNK.7,TF14_TWF.UNK.7,x,10453.12,,mm,false
14,SSAT AL,fiducial,Fiducial,Fiducial,TF14_TWF.UNK.7,TF14_TWF.UNK.7,y,947.04,,mm,false
14,SSAT AL,fiducial,Fiducial,Fiducial,TF14_TWF.UNK.7,TF14_TWF.UNK.7,z,2491.57,,mm,false
14,SSAT AL,fiducial,Fiducial,Fiducial,TF14_TWF.UNK.8,TF14_TWF.UNK.8,x,11113.79,,mm,false
14,SSAT AL,fiducial,Fiducial,Fiducial,TF14_TWF.UNK.8,TF14_TWF.UNK.8,y,630.42,,mm,false
14,SSAT AL,fiducial,Fiducial,Fiducial,TF14_TWF.UNK.8,TF14_TWF.UNK.8,z,3324.66,,mm,false
14,SSAT AL,fiducial,ILIS +1 side,ILIS +1 side,p1,p1,x,3022.92,,mm,false
14,SSAT AL,fiducial,ILIS +1 side,ILIS +1 side,p1,p1,y,532.01,,mm,false
14,SSAT AL,fiducial,ILIS +1 side,ILIS +1 side,p1,p1,z,-4368.71,,mm,false
14,SSAT AL,fiducial,ILIS +1 side,ILIS +1 side,p2,p2,x,2787.58,,mm,false
14,SSAT AL,fiducial,ILIS +1 side,ILIS +1 side,p2,p2,y,490.39,,mm,false
14,SSAT AL,fiducial,ILIS +1 side,ILIS +1 side,p2,p2,z,-4377.92,,mm,false
14,SSAT AL,fiducial,ILIS +1 side,ILIS +1 side,p3,p3,x,2618.69,,mm,false
14,SSAT AL,fiducial,ILIS +1 side,ILIS +1 side,p3,p3,y,460.55,,mm,false
14,SSAT AL,fiducial,ILIS +1 side,ILIS +1 side,p3,p3,z,-4378.94,,mm,false
14,SSAT AL,fiducial,ILIS +1 side,ILIS +1 side,p4,p4,x,2621.19,,mm,false
14,SSAT AL,fiducial,ILIS +1 side,ILIS +1 side,p4,p4,y,461.01,,mm,false
14,SSAT AL,fiducial,ILIS +1 side,ILIS +1 side,p4,p4,z,-4170.12,,mm,false
14,SSAT AL,fiducial,ILIS +1 side,ILIS +1 side,p5,p5,x,2790.17,,mm,false
14,SSAT AL,fiducial,ILIS +1 side,ILIS +1 side,p5,p5,y,490.85,,mm,false
14,SSAT AL,fiducial,ILIS +1 side,ILIS +1 side,p5,p5,z,-4171.43,,mm,false
14,SSAT AL,fiducial,ILIS +1 side,ILIS +1 side,p6,p6,x,3013.21,,mm,false
14,SSAT AL,fiducial,ILIS +1 side,ILIS +1 side,p6,p6,y,530.23,,mm,false
14,SSAT AL,fiducial,ILIS +1 side,ILIS +1 side,p6,p6,z,-4176.37,,mm,false
14,SSAT AL,fiducial,ILIS +1 side,ILIS +1 side,p7,p7,x,3015.54,,mm,false
14,SSAT AL,fiducial,ILIS +1 side,ILIS +1 side,p7,p7,y,530.69,,mm,false
14,SSAT AL,fiducial,ILIS +1 side,ILIS +1 side,p7,p7,z,-3990.16,,mm,false
14,SSAT AL,fiducial,ILIS +1 side,ILIS +1 side,p8,p8,x,2794.51,,mm,false
14,SSAT AL,fiducial,ILIS +1 side,ILIS +1 side,p8,p8,y,491.6,,mm,false
14,SSAT AL,fiducial,ILIS +1 side,ILIS +1 side,p8,p8,z,-3990.5,,mm,false
14,SSAT AL,fiducial,ILIS +1 side,ILIS +1 side,p9,p9,x,2623.4,,mm,false
14,SSAT AL,fiducial,ILIS +1 side,ILIS +1 side,p9,p9,y,461.43,,mm,false
14,SSAT AL,fiducial,ILIS +1 side,ILIS +1 side,p9,p9,z,-3990.67,,mm,false
14,SSAT AL,fiducial,ILIS +1 side,ILIS +1 side,p10,p10,x,2576.95,,mm,false
14,SSAT AL,fiducial,ILIS +1 side,ILIS +1 side,p10,p10,y,453.21,,mm,false
14,SSAT AL,fiducial,ILIS +1 side,ILIS +1 side,p10,p10,z,-3991.34,,mm,false
14,SSAT AL,fiducial,ILIS +1 side,ILIS +1 side,p11,p11,x,2407.32,,mm,false
14,SSAT AL,fiducial,ILIS +1 side,ILIS +1 side,p11,p11,y,423.3,,mm,false
14,SSAT AL,fiducial,ILIS +1 side,ILIS +1 side,p11,p11,z,-3991.31,,mm,false
14,SSAT AL,fiducial,ILIS +1 side,ILIS +1 side,p12,p12,x,2187.79,,mm,false
14,SSAT AL,fiducial,ILIS +1 side,ILIS +1 side,p12,p12,y,384.65,,mm,false
14,SSAT AL,fiducial,ILIS +1 side,ILIS +1 side,p12,p12,z,-3990.74,,mm,false
14,SSAT AL,fiducial,ILIS +1 side,ILIS +1 side,p13,p13,x,2202.13,,mm,false
14,SSAT AL,fiducial,ILIS +1 side,ILIS +1 side,p13,p13,y,387.15,,mm,false
14,SSAT AL,fiducial,ILIS +1 side,ILIS +1 side,p13,p13,z,-4185.48,,mm,false
14,SSAT AL,fiducial,ILIS +1 side,ILIS +1 side,p14,p14,x,2418.88,,mm,false
14,SSAT AL,fiducial,ILIS +1 side,ILIS +1 side,p14,p14,y,425.31,,mm,false
14,SSAT AL,fiducial,ILIS +1 side,ILIS +1 side,p14,p14,z,-4162.92,,mm,false
14,SSAT AL,fiducial,ILIS +1 side,ILIS +1 side,p15,p15,x,2579.54,,mm,false
14,SSAT AL,fiducial,ILIS +1 side,ILIS +1 side,p15,p15,y,453.69,,mm,false
14,SSAT AL,fiducial,ILIS +1 side,ILIS +1 side,p15,p15,z,-4165.11,,mm,false
14,SSAT AL,fiducial,ILIS +1 side,ILIS +1 side,p16,p16,x,2578.34,,mm,false
14,SSAT AL,fiducial,ILIS +1 side,ILIS +1 side,p16,p16,y,453.48,,mm,false
14,SSAT AL,fiducial,ILIS +1 side,ILIS +1 side,p16,p16,z,-4388.77,,mm,false
14,SSAT AL,fiducial,ILIS +1 side,ILIS +1 side,p17,p17,x,2408.02,,mm,false
14,SSAT AL,fiducial,ILIS +1 side,ILIS +1 side,p17,p17,y,423.36,,mm,false
14,SSAT AL,fiducial,ILIS +1 side,ILIS +1 side,p17,p17,z,-4394.8,,mm,false
14,SSAT AL,fiducial,ILIS +1 side,ILIS +1 side,p18,p18,x,2232.48,,mm,false
14,SSAT AL,fiducial,ILIS +1 side,ILIS +1 side,p18,p18,y,392.51,,mm,false
14,SSAT AL,fiducial,ILIS +1 side,ILIS +1 side,p18,p18,z,-4385.24,,mm,false
14,SSAT AL,fiducial,ILIS +1 side,ILIS +1 side,p19,p19,x,2182.12,,mm,false
14,SSAT AL,fiducial,ILIS +1 side,ILIS +1 side,p19,p19,y,383.62,,mm,false
14,SSAT AL,fiducial,ILIS +1 side,ILIS +1 side,p19,p19,z,-3949.33,,mm,false
14,SSAT AL,fiducial,ILIS +1 side,ILIS +1 side,p20,p20,x,2416.74,,mm,false
14,SSAT AL,fiducial,ILIS +1 side,ILIS +1 side,p20,p20,y,424.96,,mm,false
14,SSAT AL,fiducial,ILIS +1 side,ILIS +1 side,p20,p20,z,-3950.74,,mm,false
14,SSAT AL,fiducial,ILIS +1 side,ILIS +1 side,p21,p21,x,2578.71,,mm,false
14,SSAT AL,fiducial,ILIS +1 side,ILIS +1 side,p21,p21,y,453.55,,mm,false
14,SSAT AL,fiducial,ILIS +1 side,ILIS +1 side,p21,p21,z,-3953.25,,mm,false
14,SSAT AL,fiducial,ILIS +1 side,ILIS +1 side,p22,p22,x,2585.84,,mm,false
14,SSAT AL,fiducial,ILIS +1 side,ILIS +1 side,p22,p22,y,454.8,,mm,false
14,SSAT AL,fiducial,ILIS +1 side,ILIS +1 side,p22,p22,z,-3721.65,,mm,false
14,SSAT AL,fiducial,ILIS +1 side,ILIS +1 side,p23,p23,x,2420.34,,mm,false
14,SSAT AL,fiducial,ILIS +1 side,ILIS +1 side,p23,p23,y,425.59,,mm,false
14,SSAT AL,fiducial,ILIS +1 side,ILIS +1 side,p23,p23,z,-3738.85,,mm,false
14,SSAT AL,fiducial,ILIS +1 side,ILIS +1 side,p24,p24,x,2177.36,,mm,false
14,SSAT AL,fiducial,ILIS +1 side,ILIS +1 side,p24,p24,y,382.78,,mm,false
14,SSAT AL,fiducial,ILIS +1 side,ILIS +1 side,p24,p24,z,-3731.8,,mm,false
14,SSAT AL,fiducial,ILIS +1 side,ILIS +1 side,p25,p25,x,2180.63,,mm,false
14,SSAT AL,fiducial,ILIS +1 side,ILIS +1 side,p25,p25,y,383.36,,mm,false
14,SSAT AL,fiducial,ILIS +1 side,ILIS +1 side,p25,p25,z,-3490.43,,mm,false
14,SSAT AL,fiducial,ILIS +1 side,ILIS +1 side,p26,p26,x,2401.86,,mm,false
14,SSAT AL,fiducial,ILIS +1 side,ILIS +1 side,p26,p26,y,422.33,,mm,false
14,SSAT AL,fiducial,ILIS +1 side,ILIS +1 side,p26,p26,z,-3492.55,,mm,false
14,SSAT AL,fiducial,ILIS +1 side,ILIS +1 side,p27,p27,x,2578.37,,mm,false
14,SSAT AL,fiducial,ILIS +1 side,ILIS +1 side,p27,p27,y,453.45,,mm,false
14,SSAT AL,fiducial,ILIS +1 side,ILIS +1 side,p27,p27,z,-3492.44,,mm,false
14,SSAT AL,fiducial,ILIS +1 side,ILIS +1 side,p28,p28,x,2627.48,,mm,false
14,SSAT AL,fiducial,ILIS +1 side,ILIS +1 side,p28,p28,y,462.14,,mm,false
14,SSAT AL,fiducial,ILIS +1 side,ILIS +1 side,p28,p28,z,-3490.59,,mm,false
14,SSAT AL,fiducial,ILIS +1 side,ILIS +1 side,p29,p29,x,2617.63,,mm,false
14,SSAT AL,fiducial,ILIS +1 side,ILIS +1 side,p29,p29,y,460.4,,mm,false
14,SSAT AL,fiducial,ILIS +1 side,ILIS +1 side,p29,p29,z,-3717.29,,mm,false
14,SSAT AL,fiducial,ILIS +1 side,ILIS +1 side,p30,p30,x,2615.9,,mm,false
14,SSAT AL,fiducial,ILIS +1 side,ILIS +1 side,p30,p30,y,460.14,,mm,false
14,SSAT AL,fiducial,ILIS +1 side,ILIS +1 side,p30,p30,z,-3942.56,,mm,false
14,SSAT AL,fiducial,ILIS +1 side,ILIS +1 side,p31,p31,x,2802.74,,mm,false
14,SSAT AL,fiducial,ILIS +1 side,ILIS +1 side,p31,p31,y,493.1,,mm,false
14,SSAT AL,fiducial,ILIS +1 side,ILIS +1 side,p31,p31,z,-3947.14,,mm,false
14,SSAT AL,fiducial,ILIS +1 side,ILIS +1 side,p32,p32,x,2826.05,,mm,false
14,SSAT AL,fiducial,ILIS +1 side,ILIS +1 side,p32,p32,y,497.15,,mm,false
14,SSAT AL,fiducial,ILIS +1 side,ILIS +1 side,p32,p32,z,-3722.41,,mm,false
14,SSAT AL,fiducial,ILIS +1 side,ILIS +1 side,p33,p33,x,2800.13,,mm,false
14,SSAT AL,fiducial,ILIS +1 side,ILIS +1 side,p33,p33,y,492.64,,mm,false
14,SSAT AL,fiducial,ILIS +1 side,ILIS +1 side,p33,p33,z,-3482.77,,mm,false
14,SSAT AL,fiducial,ILIS +1 side,ILIS +1 side,p34,p34,x,3012.98,,mm,false
14,SSAT AL,fiducial,ILIS +1 side,ILIS +1 side,p34,p34,y,530.24,,mm,false
14,SSAT AL,fiducial,ILIS +1 side,ILIS +1 side,p34,p34,z,-3498.44,,mm,false
14,SSAT AL,fiducial,ILIS +1 side,ILIS +1 side,p35,p35,x,3013.29,,mm,false
14,SSAT AL,fiducial,ILIS +1 side,ILIS +1 side,p35,p35,y,530.25,,mm,false
14,SSAT AL,fiducial,ILIS +1 side,ILIS +1 side,p35,p35,z,-3709.53,,mm,false
14,SSAT AL,fiducial,ILIS +1 side,ILIS +1 side,p36,p36,x,3019.5,,mm,false
14,SSAT AL,fiducial,ILIS +1 side,ILIS +1 side,p36,p36,y,531.4,,mm,false
14,SSAT AL,fiducial,ILIS +1 side,ILIS +1 side,p36,p36,z,-3942.93,,mm,false
14,SSAT AL,fiducial,ILIS +1 side,ILIS +1 side,p37,p37,x,3018.66,,mm,false
14,SSAT AL,fiducial,ILIS +1 side,ILIS +1 side,p37,p37,y,531.25,,mm,false
14,SSAT AL,fiducial,ILIS +1 side,ILIS +1 side,p37,p37,z,-3408.66,,mm,false
14,SSAT AL,fiducial,ILIS +1 side,ILIS +1 side,p38,p38,x,2712.19,,mm,false
14,SSAT AL,fiducial,ILIS +1 side,ILIS +1 side,p38,p38,y,477.16,,mm,false
14,SSAT AL,fiducial,ILIS +1 side,ILIS +1 side,p38,p38,z,-3413.48,,mm,false
14,SSAT AL,fiducial,ILIS +1 side,ILIS +1 side,p39,p39,x,2442.43,,mm,false
14,SSAT AL,fiducial,ILIS +1 side,ILIS +1 side,p39,p39,y,429.56,,mm,false
14,SSAT AL,fiducial,ILIS +1 side,ILIS +1 side,p39,p39,z,-3437.62,,mm,false
14,SSAT AL,fiducial,ILIS +1 side,ILIS +1 side,p40,p40,x,2210.15,,mm,false
14,SSAT AL,fiducial,ILIS +1 side,ILIS +1 side,p40,p40,y,388.63,,mm,false
14,SSAT AL,fiducial,ILIS +1 side,ILIS +1 side,p40,p40,z,-3400.7,,mm,false
14,SSAT AL,fiducial,ILIS +1 side,ILIS +1 side,p41,p41,x,2194.58,,mm,false
14,SSAT AL,fiducial,ILIS +1 side,ILIS +1 side,p41,p41,y,385.82,,mm,false
14,SSAT AL,fiducial,ILIS +1 side,ILIS +1 side,p41,p41,z,-3139.39,,mm,false
14,SSAT AL,fiducial,ILIS +1 side,ILIS +1 side,p42,p42,x,2434.33,,mm,false
14,SSAT AL,fiducial,ILIS +1 side,ILIS +1 side,p42,p42,y,428.11,,mm,false
14,SSAT AL,fiducial,ILIS +1 side,ILIS +1 side,p42,p42,z,-3132.12,,mm,false
14,SSAT AL,fiducial,ILIS +1 side,ILIS +1 side,p43,p43,x,2752.15,,mm,false
14,SSAT AL,fiducial,ILIS +1 side,ILIS +1 side,p43,p43,y,484.19,,mm,false
14,SSAT AL,fiducial,ILIS +1 side,ILIS +1 side,p43,p43,z,-3142.48,,mm,false
14,SSAT AL,fiducial,ILIS +1 side,ILIS +1 side,p44,p44,x,3001.71,,mm,false
14,SSAT AL,fiducial,ILIS +1 side,ILIS +1 side,p44,p44,y,528.28,,mm,false
14,SSAT AL,fiducial,ILIS +1 side,ILIS +1 side,p44,p44,z,-3158.44,,mm,false
14,SSAT AL,fiducial,ILIS +1 side,ILIS +1 side,p45,p45,x,3002.06,,mm,false
14,SSAT AL,fiducial,ILIS +1 side,ILIS +1 side,p45,p45,y,528.38,,mm,false
14,SSAT AL,fiducial,ILIS +1 side,ILIS +1 side,p45,p45,z,-2810.74,,mm,false
14,SSAT AL,fiducial,ILIS +1 side,ILIS +1 side,p46,p46,x,2752.2,,mm,false
14,SSAT AL,fiducial,ILIS +1 side,ILIS +1 side,p46,p46,y,484.22,,mm,false
14,SSAT AL,fiducial,ILIS +1 side,ILIS +1 side,p46,p46,z,-2798.54,,mm,false
14,SSAT AL,fiducial,ILIS +1 side,ILIS +1 side,p47,p47,x,2454.59,,mm,false
14,SSAT AL,fiducial,ILIS +1 side,ILIS +1 side,p47,p47,y,431.73,,mm,false
14,SSAT AL,fiducial,ILIS +1 side,ILIS +1 side,p47,p47,z,-2795.24,,mm,false
14,SSAT AL,fiducial,ILIS +1 side,ILIS +1 side,p48,p48,x,2184.44,,mm,false
14,SSAT AL,fiducial,ILIS +1 side,ILIS +1 side,p48,p48,y,384.06,,mm,false
14,SSAT AL,fiducial,ILIS +1 side,ILIS +1 side,p48,p48,z,-2798.76,,mm,false
14,SSAT AL,fiducial,ILIS +1 side,ILIS +1 side,p49,p49,x,2179.36,,mm,false
14,SSAT AL,fiducial,ILIS +1 side,ILIS +1 side,p49,p49,y,383.14,,mm,false
14,SSAT AL,fiducial,ILIS +1 side,ILIS +1 side,p49,p49,z,-2576.17,,mm,false
14,SSAT AL,fiducial,ILIS +1 side,ILIS +1 side,p50,p50,x,2453.39,,mm,false
14,SSAT AL,fiducial,ILIS +1 side,ILIS +1 side,p50,p50,y,431.52,,mm,false
14,SSAT AL,fiducial,ILIS +1 side,ILIS +1 side,p50,p50,z,-2540.62,,mm,false
14,SSAT AL,fiducial,ILIS +1 side,ILIS +1 side,p51,p51,x,2820.62,,mm,false
14,SSAT AL,fiducial,ILIS +1 side,ILIS +1 side,p51,p51,y,496.28,,mm,false
14,SSAT AL,fiducial,ILIS +1 side,ILIS +1 side,p51,p51,z,-2595.21,,mm,false
14,SSAT AL,fiducial,ILIS +1 side,ILIS +1 side,p52,p52,x,3000.41,,mm,false
14,SSAT AL,fiducial,ILIS +1 side,ILIS +1 side,p52,p52,y,528.1,,mm,false
14,SSAT AL,fiducial,ILIS +1 side,ILIS +1 side,p52,p52,z,-2410.77,,mm,false
14,SSAT AL,fiducial,ILIS +1 side,ILIS +1 side,p53,p53,x,2762.39,,mm,false
14,SSAT AL,fiducial,ILIS +1 side,ILIS +1 side,p53,p53,y,486.04,,mm,false
14,SSAT AL,fiducial,ILIS +1 side,ILIS +1 side,p53,p53,z,-2412.31,,mm,false
14,SSAT AL,fiducial,ILIS +1 side,ILIS +1 side,p54,p54,x,2510.42,,mm,false
14,SSAT AL,fiducial,ILIS +1 side,ILIS +1 side,p54,p54,y,441.59,,mm,false
14,SSAT AL,fiducial,ILIS +1 side,ILIS +1 side,p54,p54,z,-2427.52,,mm,false
14,SSAT AL,fiducial,ILIS +1 side,ILIS +1 side,p55,p55,x,2187.26,,mm,false
14,SSAT AL,fiducial,ILIS +1 side,ILIS +1 side,p55,p55,y,384.6,,mm,false
14,SSAT AL,fiducial,ILIS +1 side,ILIS +1 side,p55,p55,z,-2404.91,,mm,false
14,SSAT AL,fiducial,ILIS +1 side,ILIS +1 side,p56,p56,x,2197.71,,mm,false
14,SSAT AL,fiducial,ILIS +1 side,ILIS +1 side,p56,p56,y,386.49,,mm,false
14,SSAT AL,fiducial,ILIS +1 side,ILIS +1 side,p56,p56,z,-2043.88,,mm,false
14,SSAT AL,fiducial,ILIS +1 side,ILIS +1 side,p57,p57,x,2481.55,,mm,false
14,SSAT AL,fiducial,ILIS +1 side,ILIS +1 side,p57,p57,y,436.53,,mm,false
14,SSAT AL,fiducial,ILIS +1 side,ILIS +1 side,p57,p57,z,-2016.62,,mm,false
14,SSAT AL,fiducial,ILIS +1 side,ILIS +1 side,p58,p58,x,2776.26,,mm,false
14,SSAT AL,fiducial,ILIS +1 side,ILIS +1 side,p58,p58,y,488.51,,mm,false
14,SSAT AL,fiducial,ILIS +1 side,ILIS +1 side,p58,p58,z,-2013.08,,mm,false
14,SSAT AL,fiducial,ILIS +1 side,ILIS +1 side,p59,p59,x,3020.5,,mm,false
14,SSAT AL,fiducial,ILIS +1 side,ILIS +1 side,p59,p59,y,531.67,,mm,false
14,SSAT AL,fiducial,ILIS +1 side,ILIS +1 side,p59,p59,z,-2012.23,,mm,false
14,SSAT AL,fiducial,ILIS +1 side,ILIS +1 side,p60,p60,x,3021.44,,mm,false
14,SSAT AL,fiducial,ILIS +1 side,ILIS +1 side,p60,p60,y,531.84,,mm,false
14,SSAT AL,fiducial,ILIS +1 side,ILIS +1 side,p60,p60,z,-1708.06,,mm,false
14,SSAT AL,fiducial,ILIS +1 side,ILIS +1 side,p61,p61,x,2753.47,,mm,false
14,SSAT AL,fiducial,ILIS +1 side,ILIS +1 side,p61,p61,y,484.45,,mm,false
14,SSAT AL,fiducial,ILIS +1 side,ILIS +1 side,p61,p61,z,-1707.71,,mm,false
14,SSAT AL,fiducial,ILIS +1 side,ILIS +1 side,p62,p62,x,2420.36,,mm,false
14,SSAT AL,fiducial,ILIS +1 side,ILIS +1 side,p62,p62,y,425.61,,mm,false
14,SSAT AL,fiducial,ILIS +1 side,ILIS +1 side,p62,p62,z,-1709.5,,mm,false
14,SSAT AL,fiducial,ILIS +1 side,ILIS +1 side,p63,p63,x,2190.95,,mm,false
14,SSAT AL,fiducial,ILIS +1 side,ILIS +1 side,p63,p63,y,385.25,,mm,false
14,SSAT AL,fiducial,ILIS +1 side,ILIS +1 side,p63,p63,z,-1700.21,,mm,false
14,SSAT AL,fiducial,ILIS +1 side,ILIS +1 side,p64,p64,x,2220.7,,mm,false
14,SSAT AL,fiducial,ILIS +1 side,ILIS +1 side,p64,p64,y,390.53,,mm,false
14,SSAT AL,fiducial,ILIS +1 side,ILIS +1 side,p64,p64,z,-1481.33,,mm,false
14,SSAT AL,fiducial,ILIS +1 side,ILIS +1 side,p65,p65,x,2457.33,,mm,false
14,SSAT AL,fiducial,ILIS +1 side,ILIS +1 side,p65,p65,y,432.24,,mm,false
14,SSAT AL,fiducial,ILIS +1 side,ILIS +1 side,p65,p65,z,-1491.63,,mm,false
14,SSAT AL,fiducial,ILIS +1 side,ILIS +1 side,p66,p66,x,2764.22,,mm,false
14,SSAT AL,fiducial,ILIS +1 side,ILIS +1 side,p66,p66,y,486.41,,mm,false
14,SSAT AL,fiducial,ILIS +1 side,ILIS +1 side,p66,p66,z,-1494.67,,mm,false
14,SSAT AL,fiducial,ILIS +1 side,ILIS +1 side,p67,p67,x,2984.28,,mm,false
14,SSAT AL,fiducial,ILIS +1 side,ILIS +1 side,p67,p67,y,525.28,,mm,false
14,SSAT AL,fiducial,ILIS +1 side,ILIS +1 side,p67,p67,z,-1488.97,,mm,false
14,SSAT AL,fiducial,ILIS +1 side,ILIS +1 side,p68,p68,x,2224.63,,mm,false
14,SSAT AL,fiducial,ILIS +1 side,ILIS +1 side,p68,p68,y,391.22,,mm,false
14,SSAT AL,fiducial,ILIS +1 side,ILIS +1 side,p68,p68,z,-1447.38,,mm,false
14,SSAT AL,fiducial,ILIS +1 side,ILIS +1 side,p69,p69,x,2501.35,,mm,false
14,SSAT AL,fiducial,ILIS +1 side,ILIS +1 side,p69,p69,y,440.0,,mm,false
14,SSAT AL,fiducial,ILIS +1 side,ILIS +1 side,p69,p69,z,-1448.17,,mm,false
14,SSAT AL,fiducial,ILIS +1 side,ILIS +1 side,p70,p70,x,2765.68,,mm,false
14,SSAT AL,fiducial,ILIS +1 side,ILIS +1 side,p70,p70,y,486.67,,mm,false
14,SSAT AL,fiducial,ILIS +1 side,ILIS +1 side,p70,p70,z,-1449.34,,mm,false
14,SSAT AL,fiducial,ILIS +1 side,ILIS +1 side,p71,p71,x,2970.12,,mm,false
14,SSAT AL,fiducial,ILIS +1 side,ILIS +1 side,p71,p71,y,522.81,,mm,false
14,SSAT AL,fiducial,ILIS +1 side,ILIS +1 side,p71,p71,z,-1449.42,,mm,false
14,SSAT AL,fiducial,ILIS +1 side,ILIS +1 side,p72,p72,x,2985.43,,mm,false
14,SSAT AL,fiducial,ILIS +1 side,ILIS +1 side,p72,p72,y,525.51,,mm,false
14,SSAT AL,fiducial,ILIS +1 side,ILIS +1 side,p72,p72,z,-1176.71,,mm,false
14,SSAT AL,fiducial,ILIS +1 side,ILIS +1 side,p73,p73,x,2721.83,,mm,false
14,SSAT AL,fiducial,ILIS +1 side,ILIS +1 side,p73,p73,y,478.92,,mm,false
14,SSAT AL,fiducial,ILIS +1 side,ILIS +1 side,p73,p73,z,-1172.82,,mm,false
14,SSAT AL,fiducial,ILIS +1 side,ILIS +1 side,p74,p74,x,2409.9,,mm,false
14,SSAT AL,fiducial,ILIS +1 side,ILIS +1 side,p74,p74,y,423.86,,mm,false
14,SSAT AL,fiducial,ILIS +1 side,ILIS +1 side,p74,p74,z,-1161.95,,mm,false
14,SSAT AL,fiducial,ILIS +1 side,ILIS +1 side,p75,p75,x,2184.69,,mm,false
14,SSAT AL,fiducial,ILIS +1 side,ILIS +1 side,p75,p75,y,384.09,,mm,false
14,SSAT AL,fiducial,ILIS +1 side,ILIS +1 side,p75,p75,z,-1174.15,,mm,false
14,SSAT AL,fiducial,ILIS +1 side,ILIS +1 side,p76,p76,x,2203.24,,mm,false
14,SSAT AL,fiducial,ILIS +1 side,ILIS +1 side,p76,p76,y,387.41,,mm,false
14,SSAT AL,fiducial,ILIS +1 side,ILIS +1 side,p76,p76,z,-839.84,,mm,false
14,SSAT AL,fiducial,ILIS +1 side,ILIS +1 side,p77,p77,x,2461.41,,mm,false
14,SSAT AL,fiducial,ILIS +1 side,ILIS +1 side,p77,p77,y,432.93,,mm,false
14,SSAT AL,fiducial,ILIS +1 side,ILIS +1 side,p77,p77,z,-824.04,,mm,false
14,SSAT AL,fiducial,ILIS +1 side,ILIS +1 side,p78,p78,x,2761.55,,mm,false
14,SSAT AL,fiducial,ILIS +1 side,ILIS +1 side,p78,p78,y,485.92,,mm,false
14,SSAT AL,fiducial,ILIS +1 side,ILIS +1 side,p78,p78,z,-831.35,,mm,false
14,SSAT AL,fiducial,ILIS +1 side,ILIS +1 side,p79,p79,x,3001.46,,mm,false
14,SSAT AL,fiducial,ILIS +1 side,ILIS +1 side,p79,p79,y,528.36,,mm,false
14,SSAT AL,fiducial,ILIS +1 side,ILIS +1 side,p79,p79,z,-826.45,,mm,false
14,SSAT AL,fiducial,ILIS +1 side,ILIS +1 side,p80,p80,x,2972.18,,mm,false
14,SSAT AL,fiducial,ILIS +1 side,ILIS +1 side,p80,p80,y,523.18,,mm,false
14,SSAT AL,fiducial,ILIS +1 side,ILIS +1 side,p80,p80,z,-490.66,,mm,false
14,SSAT AL,fiducial,ILIS +1 side,ILIS +1 side,p81,p81,x,2709.15,,mm,false
14,SSAT AL,fiducial,ILIS +1 side,ILIS +1 side,p81,p81,y,476.72,,mm,false
14,SSAT AL,fiducial,ILIS +1 side,ILIS +1 side,p81,p81,z,-495.65,,mm,false
14,SSAT AL,fiducial,ILIS +1 side,ILIS +1 side,p82,p82,x,2435.26,,mm,false
14,SSAT AL,fiducial,ILIS +1 side,ILIS +1 side,p82,p82,y,428.32,,mm,false
14,SSAT AL,fiducial,ILIS +1 side,ILIS +1 side,p82,p82,z,-498.46,,mm,false
14,SSAT AL,fiducial,ILIS +1 side,ILIS +1 side,p83,p83,x,2205.07,,mm,false
14,SSAT AL,fiducial,ILIS +1 side,ILIS +1 side,p83,p83,y,387.73,,mm,false
14,SSAT AL,fiducial,ILIS +1 side,ILIS +1 side,p83,p83,z,-484.9,,mm,false
14,SSAT AL,fiducial,ILIS +1 side,ILIS +1 side,p84,p84,x,2218.87,,mm,false
14,SSAT AL,fiducial,ILIS +1 side,ILIS +1 side,p84,p84,y,390.19,,mm,false
14,SSAT AL,fiducial,ILIS +1 side,ILIS +1 side,p84,p84,z,-435.91,,mm,false
14,SSAT AL,fiducial,ILIS +1 side,ILIS +1 side,p85,p85,x,2448.24,,mm,false
14,SSAT AL,fiducial,ILIS +1 side,ILIS +1 side,p85,p85,y,430.63,,mm,false
14,SSAT AL,fiducial,ILIS +1 side,ILIS +1 side,p85,p85,z,-436.33,,mm,false
14,SSAT AL,fiducial,ILIS +1 side,ILIS +1 side,p86,p86,x,2741.7,,mm,false
14,SSAT AL,fiducial,ILIS +1 side,ILIS +1 side,p86,p86,y,482.46,,mm,false
14,SSAT AL,fiducial,ILIS +1 side,ILIS +1 side,p86,p86,z,-438.07,,mm,false
14,SSAT AL,fiducial,ILIS +1 side,ILIS +1 side,p87,p87,x,2972.73,,mm,false
14,SSAT AL,fiducial,ILIS +1 side,ILIS +1 side,p87,p87,y,523.3,,mm,false
14,SSAT AL,fiducial,ILIS +1 side,ILIS +1 side,p87,p87,z,-422.69,,mm,false
14,SSAT AL,fiducial,ILIS +1 side,ILIS +1 side,p88,p88,x,2985.86,,mm,false
14,SSAT AL,fiducial,ILIS +1 side,ILIS +1 side,p88,p88,y,525.57,,mm,false
14,SSAT AL,fiducial,ILIS +1 side,ILIS +1 side,p88,p88,z,-162.95,,mm,false
14,SSAT AL,fiducial,ILIS +1 side,ILIS +1 side,p89,p89,x,2753.25,,mm,false
14,SSAT AL,fiducial,ILIS +1 side,ILIS +1 side,p89,p89,y,484.47,,mm,false
14,SSAT AL,fiducial,ILIS +1 side,ILIS +1 side,p89,p89,z,-159.45,,mm,false
14,SSAT AL,fiducial,ILIS +1 side,ILIS +1 side,p90,p90,x,2506.27,,mm,false
14,SSAT AL,fiducial,ILIS +1 side,ILIS +1 side,p90,p90,y,440.8,,mm,false
14,SSAT AL,fiducial,ILIS +1 side,ILIS +1 side,p90,p90,z,-159.36,,mm,false
14,SSAT AL,fiducial,ILIS +1 side,ILIS +1 side,p91,p91,x,2195.12,,mm,false
14,SSAT AL,fiducial,ILIS +1 side,ILIS +1 side,p91,p91,y,385.93,,mm,false
14,SSAT AL,fiducial,ILIS +1 side,ILIS +1 side,p91,p91,z,-155.85,,mm,false
14,SSAT AL,fiducial,ILIS +1 side,ILIS +1 side,p92,p92,x,2237.88,,mm,false
14,SSAT AL,fiducial,ILIS +1 side,ILIS +1 side,p92,p92,y,393.5,,mm,false
14,SSAT AL,fiducial,ILIS +1 side,ILIS +1 side,p92,p92,z,235.25,,mm,false
14,SSAT AL,fiducial,ILIS +1 side,ILIS +1 side,p93,p93,x,2467.65,,mm,false
14,SSAT AL,fiducial,ILIS +1 side,ILIS +1 side,p93,p93,y,433.96,,mm,false
14,SSAT AL,fiducial,ILIS +1 side,ILIS +1 side,p93,p93,z,246.38,,mm,false
14,SSAT AL,fiducial,ILIS +1 side,ILIS +1 side,p94,p94,x,2737.99,,mm,false
14,SSAT AL,fiducial,ILIS +1 side,ILIS +1 side,p94,p94,y,481.69,,mm,false
14,SSAT AL,fiducial,ILIS +1 side,ILIS +1 side,p94,p94,z,258.06,,mm,false
14,SSAT AL,fiducial,ILIS +1 side,ILIS +1 side,p95,p95,x,3018.96,,mm,false
14,SSAT AL,fiducial,ILIS +1 side,ILIS +1 side,p95,p95,y,531.4,,mm,false
14,SSAT AL,fiducial,ILIS +1 side,ILIS +1 side,p95,p95,z,290.29,,mm,false
14,SSAT AL,fiducial,ILIS +1 side,ILIS +1 side,p96,p96,x,2970.58,,mm,false
14,SSAT AL,fiducial,ILIS +1 side,ILIS +1 side,p96,p96,y,522.9,,mm,false
14,SSAT AL,fiducial,ILIS +1 side,ILIS +1 side,p96,p96,z,505.93,,mm,false
14,SSAT AL,fiducial,ILIS +1 side,ILIS +1 side,p97,p97,x,2751.35,,mm,false
14,SSAT AL,fiducial,ILIS +1 side,ILIS +1 side,p97,p97,y,484.1,,mm,false
14,SSAT AL,fiducial,ILIS +1 side,ILIS +1 side,p97,p97,z,503.38,,mm,false
14,SSAT AL,fiducial,ILIS +1 side,ILIS +1 side,p98,p98,x,2464.03,,mm,false
14,SSAT AL,fiducial,ILIS +1 side,ILIS +1 side,p98,p98,y,433.37,,mm,false
14,SSAT AL,fiducial,ILIS +1 side,ILIS +1 side,p98,p98,z,503.22,,mm,false
14,SSAT AL,fiducial,ILIS +1 side,ILIS +1 side,p99,p99,x,2219.43,,mm,false
14,SSAT AL,fiducial,ILIS +1 side,ILIS +1 side,p99,p99,y,390.24,,mm,false
14,SSAT AL,fiducial,ILIS +1 side,ILIS +1 side,p99,p99,z,512.33,,mm,false
14,SSAT AL,fiducial,ILIS +1 side,ILIS +1 side,p100,p100,x,2219.35,,mm,false
14,SSAT AL,fiducial,ILIS +1 side,ILIS +1 side,p100,p100,y,390.24,,mm,false
14,SSAT AL,fiducial,ILIS +1 side,ILIS +1 side,p100,p100,z,557.93,,mm,false
14,SSAT AL,fiducial,ILIS +1 side,ILIS +1 side,p101,p101,x,2441.07,,mm,false
14,SSAT AL,fiducial,ILIS +1 side,ILIS +1 side,p101,p101,y,429.33,,mm,false
14,SSAT AL,fiducial,ILIS +1 side,ILIS +1 side,p101,p101,z,562.12,,mm,false
14,SSAT AL,fiducial,ILIS +1 side,ILIS +1 side,p102,p102,x,2744.7,,mm,false
14,SSAT AL,fiducial,ILIS +1 side,ILIS +1 side,p102,p102,y,482.95,,mm,false
14,SSAT AL,fiducial,ILIS +1 side,ILIS +1 side,p102,p102,z,556.38,,mm,false
14,SSAT AL,fiducial,ILIS +1 side,ILIS +1 side,p103,p103,x,2974.59,,mm,false
14,SSAT AL,fiducial,ILIS +1 side,ILIS +1 side,p103,p103,y,523.59,,mm,false
14,SSAT AL,fiducial,ILIS +1 side,ILIS +1 side,p103,p103,z,553.97,,mm,false
14,SSAT AL,fiducial,ILIS +1 side,ILIS +1 side,p104,p104,x,2985.98,,mm,false
14,SSAT AL,fiducial,ILIS +1 side,ILIS +1 side,p104,p104,y,525.52,,mm,false
14,SSAT AL,fiducial,ILIS +1 side,ILIS +1 side,p104,p104,z,825.95,,mm,false
14,SSAT AL,fiducial,ILIS +1 side,ILIS +1 side,p105,p105,x,2762.14,,mm,false
14,SSAT AL,fiducial,ILIS +1 side,ILIS +1 side,p105,p105,y,485.96,,mm,false
14,SSAT AL,fiducial,ILIS +1 side,ILIS +1 side,p105,p105,z,817.26,,mm,false
14,SSAT AL,fiducial,ILIS +1 side,ILIS +1 side,p106,p106,x,2428.41,,mm,false
14,SSAT AL,fiducial,ILIS +1 side,ILIS +1 side,p106,p106,y,427.01,,mm,false
14,SSAT AL,fiducial,ILIS +1 side,ILIS +1 side,p106,p106,z,814.19,,mm,false
14,SSAT AL,fiducial,ILIS +1 side,ILIS +1 side,p107,p107,x,2184.21,,mm,false
14,SSAT AL,fiducial,ILIS +1 side,ILIS +1 side,p107,p107,y,383.95,,mm,false
14,SSAT AL,fiducial,ILIS +1 side,ILIS +1 side,p107,p107,z,829.51,,mm,false
14,SSAT AL,fiducial,ILIS +1 side,ILIS +1 side,p108,p108,x,2199.38,,mm,false
14,SSAT AL,fiducial,ILIS +1 side,ILIS +1 side,p108,p108,y,386.62,,mm,false
14,SSAT AL,fiducial,ILIS +1 side,ILIS +1 side,p108,p108,z,1151.02,,mm,false
14,SSAT AL,fiducial,ILIS +1 side,ILIS +1 side,p109,p109,x,2443.17,,mm,false
14,SSAT AL,fiducial,ILIS +1 side,ILIS +1 side,p109,p109,y,429.64,,mm,false
14,SSAT AL,fiducial,ILIS +1 side,ILIS +1 side,p109,p109,z,1171.6,,mm,false
14,SSAT AL,fiducial,ILIS +1 side,ILIS +1 side,p110,p110,x,2764.74,,mm,false
14,SSAT AL,fiducial,ILIS +1 side,ILIS +1 side,p110,p110,y,486.4,,mm,false
14,SSAT AL,fiducial,ILIS +1 side,ILIS +1 side,p110,p110,z,1194.54,,mm,false
14,SSAT AL,fiducial,ILIS +1 side,ILIS +1 side,p111,p111,x,3005.98,,mm,false
14,SSAT AL,fiducial,ILIS +1 side,ILIS +1 side,p111,p111,y,529.13,,mm,false
14,SSAT AL,fiducial,ILIS +1 side,ILIS +1 side,p111,p111,z,1205.37,,mm,false
14,SSAT AL,fiducial,ILIS +1 side,ILIS +1 side,p112,p112,x,2967.82,,mm,false
14,SSAT AL,fiducial,ILIS +1 side,ILIS +1 side,p112,p112,y,522.4,,mm,false
14,SSAT AL,fiducial,ILIS +1 side,ILIS +1 side,p112,p112,z,1503.47,,mm,false
14,SSAT AL,fiducial,ILIS +1 side,ILIS +1 side,p113,p113,x,2707.3,,mm,false
14,SSAT AL,fiducial,ILIS +1 side,ILIS +1 side,p113,p113,y,476.36,,mm,false
14,SSAT AL,fiducial,ILIS +1 side,ILIS +1 side,p113,p113,z,1493.19,,mm,false
14,SSAT AL,fiducial,ILIS +1 side,ILIS +1 side,p114,p114,x,2454.07,,mm,false
14,SSAT AL,fiducial,ILIS +1 side,ILIS +1 side,p114,p114,y,431.58,,mm,false
14,SSAT AL,fiducial,ILIS +1 side,ILIS +1 side,p114,p114,z,1499.01,,mm,false
14,SSAT AL,fiducial,ILIS +1 side,ILIS +1 side,p115,p115,x,2223.92,,mm,false
14,SSAT AL,fiducial,ILIS +1 side,ILIS +1 side,p115,p115,y,391.02,,mm,false
14,SSAT AL,fiducial,ILIS +1 side,ILIS +1 side,p115,p115,z,1494.98,,mm,false
14,SSAT AL,fiducial,ILIS +1 side,ILIS +1 side,p116,p116,x,2225.43,,mm,false
14,SSAT AL,fiducial,ILIS +1 side,ILIS +1 side,p116,p116,y,391.25,,mm,false
14,SSAT AL,fiducial,ILIS +1 side,ILIS +1 side,p116,p116,z,1551.01,,mm,false
14,SSAT AL,fiducial,ILIS +1 side,ILIS +1 side,p117,p117,x,2493.62,,mm,false
14,SSAT AL,fiducial,ILIS +1 side,ILIS +1 side,p117,p117,y,438.52,,mm,false
14,SSAT AL,fiducial,ILIS +1 side,ILIS +1 side,p117,p117,z,1560.61,,mm,false
14,SSAT AL,fiducial,ILIS +1 side,ILIS +1 side,p118,p118,x,2764.65,,mm,false
14,SSAT AL,fiducial,ILIS +1 side,ILIS +1 side,p118,p118,y,486.38,,mm,false
14,SSAT AL,fiducial,ILIS +1 side,ILIS +1 side,p118,p118,z,1552.97,,mm,false
14,SSAT AL,fiducial,ILIS +1 side,ILIS +1 side,p119,p119,x,2970.79,,mm,false
14,SSAT AL,fiducial,ILIS +1 side,ILIS +1 side,p119,p119,y,522.87,,mm,false
14,SSAT AL,fiducial,ILIS +1 side,ILIS +1 side,p119,p119,z,1551.13,,mm,false
14,SSAT AL,fiducial,ILIS +1 side,ILIS +1 side,p120,p120,x,3006.61,,mm,false
14,SSAT AL,fiducial,ILIS +1 side,ILIS +1 side,p120,p120,y,529.23,,mm,false
14,SSAT AL,fiducial,ILIS +1 side,ILIS +1 side,p120,p120,z,1848.87,,mm,false
14,SSAT AL,fiducial,ILIS +1 side,ILIS +1 side,p121,p121,x,2729.39,,mm,false
14,SSAT AL,fiducial,ILIS +1 side,ILIS +1 side,p121,p121,y,480.14,,mm,false
14,SSAT AL,fiducial,ILIS +1 side,ILIS +1 side,p121,p121,z,1858.19,,mm,false
14,SSAT AL,fiducial,ILIS +1 side,ILIS +1 side,p122,p122,x,2433.72,,mm,false
14,SSAT AL,fiducial,ILIS +1 side,ILIS +1 side,p122,p122,y,427.96,,mm,false
14,SSAT AL,fiducial,ILIS +1 side,ILIS +1 side,p122,p122,z,1866.42,,mm,false
14,SSAT AL,fiducial,ILIS +1 side,ILIS +1 side,p123,p123,x,2191.57,,mm,false
14,SSAT AL,fiducial,ILIS +1 side,ILIS +1 side,p123,p123,y,385.25,,mm,false
14,SSAT AL,fiducial,ILIS +1 side,ILIS +1 side,p123,p123,z,1888.42,,mm,false
14,SSAT AL,fiducial,ILIS +1 side,ILIS +1 side,p124,p124,x,3018.09,,mm,false
14,SSAT AL,fiducial,ILIS +1 side,ILIS +1 side,p124,p124,y,531.3,,mm,false
14,SSAT AL,fiducial,ILIS +1 side,ILIS +1 side,p124,p124,z,2179.44,,mm,false
14,SSAT AL,fiducial,ILIS +1 side,ILIS +1 side,p125,p125,x,2707.02,,mm,false
14,SSAT AL,fiducial,ILIS +1 side,ILIS +1 side,p125,p125,y,476.22,,mm,false
14,SSAT AL,fiducial,ILIS +1 side,ILIS +1 side,p125,p125,z,2204.29,,mm,false
14,SSAT AL,fiducial,ILIS +1 side,ILIS +1 side,p126,p126,x,2439.87,,mm,false
14,SSAT AL,fiducial,ILIS +1 side,ILIS +1 side,p126,p126,y,428.97,,mm,false
14,SSAT AL,fiducial,ILIS +1 side,ILIS +1 side,p126,p126,z,2229.05,,mm,false
14,SSAT AL,fiducial,ILIS +1 side,ILIS +1 side,p127,p127,x,2262.79,,mm,false
14,SSAT AL,fiducial,ILIS +1 side,ILIS +1 side,p127,p127,y,397.73,,mm,false
14,SSAT AL,fiducial,ILIS +1 side,ILIS +1 side,p127,p127,z,2223.88,,mm,false
14,SSAT AL,fiducial,ILIS +1 side,ILIS +1 side,p128,p128,x,2971.99,,mm,false
14,SSAT AL,fiducial,ILIS +1 side,ILIS +1 side,p128,p128,y,522.96,,mm,false
14,SSAT AL,fiducial,ILIS +1 side,ILIS +1 side,p128,p128,z,2503.64,,mm,false
14,SSAT AL,fiducial,ILIS +1 side,ILIS +1 side,p129,p129,x,2718.11,,mm,false
14,SSAT AL,fiducial,ILIS +1 side,ILIS +1 side,p129,p129,y,478.16,,mm,false
14,SSAT AL,fiducial,ILIS +1 side,ILIS +1 side,p129,p129,z,2506.68,,mm,false
14,SSAT AL,fiducial,ILIS +1 side,ILIS +1 side,p130,p130,x,2443.19,,mm,false
14,SSAT AL,fiducial,ILIS +1 side,ILIS +1 side,p130,p130,y,429.57,,mm,false
14,SSAT AL,fiducial,ILIS +1 side,ILIS +1 side,p130,p130,z,2500.65,,mm,false
14,SSAT AL,fiducial,ILIS +1 side,ILIS +1 side,p131,p131,x,2263.12,,mm,false
14,SSAT AL,fiducial,ILIS +1 side,ILIS +1 side,p131,p131,y,397.8,,mm,false
14,SSAT AL,fiducial,ILIS +1 side,ILIS +1 side,p131,p131,z,2495.06,,mm,false
14,SSAT AL,fiducial,ILIS +1 side,ILIS +1 side,p132,p132,x,2184.5,,mm,false
14,SSAT AL,fiducial,ILIS +1 side,ILIS +1 side,p132,p132,y,383.97,,mm,false
14,SSAT AL,fiducial,ILIS +1 side,ILIS +1 side,p132,p132,z,3607.64,,mm,false
14,SSAT AL,fiducial,ILIS +1 side,ILIS +1 side,p133,p133,x,2397.08,,mm,false
14,SSAT AL,fiducial,ILIS +1 side,ILIS +1 side,p133,p133,y,421.47,,mm,false
14,SSAT AL,fiducial,ILIS +1 side,ILIS +1 side,p133,p133,z,3609.15,,mm,false
14,SSAT AL,fiducial,ILIS +1 side,ILIS +1 side,p134,p134,x,2566.97,,mm,false
14,SSAT AL,fiducial,ILIS +1 side,ILIS +1 side,p134,p134,y,451.48,,mm,false
14,SSAT AL,fiducial,ILIS +1 side,ILIS +1 side,p134,p134,z,3606.81,,mm,false
14,SSAT AL,fiducial,ILIS +1 side,ILIS +1 side,p135,p135,x,2581.92,,mm,false
14,SSAT AL,fiducial,ILIS +1 side,ILIS +1 side,p135,p135,y,454.15,,mm,false
14,SSAT AL,fiducial,ILIS +1 side,ILIS +1 side,p135,p135,z,3802.01,,mm,false
14,SSAT AL,fiducial,ILIS +1 side,ILIS +1 side,p136,p136,x,2416.45,,mm,false
14,SSAT AL,fiducial,ILIS +1 side,ILIS +1 side,p136,p136,y,424.9,,mm,false
14,SSAT AL,fiducial,ILIS +1 side,ILIS +1 side,p136,p136,z,3807.02,,mm,false
14,SSAT AL,fiducial,ILIS +1 side,ILIS +1 side,p137,p137,x,2185.9,,mm,false
14,SSAT AL,fiducial,ILIS +1 side,ILIS +1 side,p137,p137,y,384.24,,mm,false
14,SSAT AL,fiducial,ILIS +1 side,ILIS +1 side,p137,p137,z,3823.96,,mm,false
14,SSAT AL,fiducial,ILIS +1 side,ILIS +1 side,p138,p138,x,2184.0,,mm,false
14,SSAT AL,fiducial,ILIS +1 side,ILIS +1 side,p138,p138,y,383.89,,mm,false
14,SSAT AL,fiducial,ILIS +1 side,ILIS +1 side,p138,p138,z,4004.08,,mm,false
14,SSAT AL,fiducial,ILIS +1 side,ILIS +1 side,p139,p139,x,2387.27,,mm,false
14,SSAT AL,fiducial,ILIS +1 side,ILIS +1 side,p139,p139,y,419.69,,mm,false
14,SSAT AL,fiducial,ILIS +1 side,ILIS +1 side,p139,p139,z,4004.34,,mm,false
14,SSAT AL,fiducial,ILIS +1 side,ILIS +1 side,p140,p140,x,2578.67,,mm,false
14,SSAT AL,fiducial,ILIS +1 side,ILIS +1 side,p140,p140,y,453.54,,mm,false
14,SSAT AL,fiducial,ILIS +1 side,ILIS +1 side,p140,p140,z,3998.54,,mm,false
14,SSAT AL,fiducial,ILIS +1 side,ILIS +1 side,p141,p141,x,2613.2,,mm,false
14,SSAT AL,fiducial,ILIS +1 side,ILIS +1 side,p141,p141,y,459.81,,mm,false
14,SSAT AL,fiducial,ILIS +1 side,ILIS +1 side,p141,p141,z,3552.17,,mm,false
14,SSAT AL,fiducial,ILIS +1 side,ILIS +1 side,p142,p142,x,2809.14,,mm,false
14,SSAT AL,fiducial,ILIS +1 side,ILIS +1 side,p142,p142,y,494.39,,mm,false
14,SSAT AL,fiducial,ILIS +1 side,ILIS +1 side,p142,p142,z,3550.42,,mm,false
14,SSAT AL,fiducial,ILIS +1 side,ILIS +1 side,p143,p143,x,3010.64,,mm,false
14,SSAT AL,fiducial,ILIS +1 side,ILIS +1 side,p143,p143,y,530.06,,mm,false
14,SSAT AL,fiducial,ILIS +1 side,ILIS +1 side,p143,p143,z,3555.36,,mm,false
14,SSAT AL,fiducial,ILIS +1 side,ILIS +1 side,p144,p144,x,3008.52,,mm,false
14,SSAT AL,fiducial,ILIS +1 side,ILIS +1 side,p144,p144,y,529.67,,mm,false
14,SSAT AL,fiducial,ILIS +1 side,ILIS +1 side,p144,p144,z,3785.52,,mm,false
14,SSAT AL,fiducial,ILIS +1 side,ILIS +1 side,p145,p145,x,2804.0,,mm,false
14,SSAT AL,fiducial,ILIS +1 side,ILIS +1 side,p145,p145,y,493.51,,mm,false
14,SSAT AL,fiducial,ILIS +1 side,ILIS +1 side,p145,p145,z,3824.91,,mm,false
14,SSAT AL,fiducial,ILIS +1 side,ILIS +1 side,p146,p146,x,2630.02,,mm,false
14,SSAT AL,fiducial,ILIS +1 side,ILIS +1 side,p146,p146,y,462.82,,mm,false
14,SSAT AL,fiducial,ILIS +1 side,ILIS +1 side,p146,p146,z,3829.32,,mm,false
14,SSAT AL,fiducial,ILIS +1 side,ILIS +1 side,p147,p147,x,2613.61,,mm,false
14,SSAT AL,fiducial,ILIS +1 side,ILIS +1 side,p147,p147,y,459.94,,mm,false
14,SSAT AL,fiducial,ILIS +1 side,ILIS +1 side,p147,p147,z,4009.1,,mm,false
14,SSAT AL,fiducial,ILIS +1 side,ILIS +1 side,p148,p148,x,2801.72,,mm,false
14,SSAT AL,fiducial,ILIS +1 side,ILIS +1 side,p148,p148,y,493.06,,mm,false
14,SSAT AL,fiducial,ILIS +1 side,ILIS +1 side,p148,p148,z,4005.4,,mm,false
14,SSAT AL,fiducial,ILIS +1 side,ILIS +1 side,p149,p149,x,3010.39,,mm,false
14,SSAT AL,fiducial,ILIS +1 side,ILIS +1 side,p149,p149,y,530.01,,mm,false
14,SSAT AL,fiducial,ILIS +1 side,ILIS +1 side,p149,p149,z,4009.08,,mm,false
14,SSAT AL,fiducial,ILIS +1 side,ILIS +1 side,p150,p150,x,3008.67,,mm,false
14,SSAT AL,fiducial,ILIS +1 side,ILIS +1 side,p150,p150,y,529.67,,mm,false
14,SSAT AL,fiducial,ILIS +1 side,ILIS +1 side,p150,p150,z,4047.12,,mm,false
14,SSAT AL,fiducial,ILIS +1 side,ILIS +1 side,p151,p151,x,2809.4,,mm,false
14,SSAT AL,fiducial,ILIS +1 side,ILIS +1 side,p151,p151,y,494.52,,mm,false
14,SSAT AL,fiducial,ILIS +1 side,ILIS +1 side,p151,p151,z,4045.24,,mm,false
14,SSAT AL,fiducial,ILIS +1 side,ILIS +1 side,p152,p152,x,2620.93,,mm,false
14,SSAT AL,fiducial,ILIS +1 side,ILIS +1 side,p152,p152,y,461.21,,mm,false
14,SSAT AL,fiducial,ILIS +1 side,ILIS +1 side,p152,p152,z,4041.2,,mm,false
14,SSAT AL,fiducial,ILIS +1 side,ILIS +1 side,p153,p153,x,2617.61,,mm,false
14,SSAT AL,fiducial,ILIS +1 side,ILIS +1 side,p153,p153,y,460.57,,mm,false
14,SSAT AL,fiducial,ILIS +1 side,ILIS +1 side,p153,p153,z,4180.95,,mm,false
14,SSAT AL,fiducial,ILIS +1 side,ILIS +1 side,p154,p154,x,2809.98,,mm,false
14,SSAT AL,fiducial,ILIS +1 side,ILIS +1 side,p154,p154,y,494.6,,mm,false
14,SSAT AL,fiducial,ILIS +1 side,ILIS +1 side,p154,p154,z,4194.12,,mm,false
14,SSAT AL,fiducial,ILIS +1 side,ILIS +1 side,p155,p155,x,3014.93,,mm,false
14,SSAT AL,fiducial,ILIS +1 side,ILIS +1 side,p155,p155,y,530.78,,mm,false
14,SSAT AL,fiducial,ILIS +1 side,ILIS +1 side,p155,p155,z,4187.64,,mm,false
14,SSAT AL,fiducial,ILIS +1 side,ILIS +1 side,p156,p156,x,2633.59,,mm,false
14,SSAT AL,fiducial,ILIS +1 side,ILIS +1 side,p156,p156,y,463.42,,mm,false
14,SSAT AL,fiducial,ILIS +1 side,ILIS +1 side,p156,p156,z,4500.45,,mm,false
14,SSAT AL,fiducial,ILIS +1 side,ILIS +1 side,p157,p157,x,2776.13,,mm,false
14,SSAT AL,fiducial,ILIS +1 side,ILIS +1 side,p157,p157,y,488.65,,mm,false
14,SSAT AL,fiducial,ILIS +1 side,ILIS +1 side,p157,p157,z,4499.83,,mm,false
14,SSAT AL,fiducial,ILIS +1 side,ILIS +1 side,p158,p158,x,2925.93,,mm,false
14,SSAT AL,fiducial,ILIS +1 side,ILIS +1 side,p158,p158,y,515.03,,mm,false
14,SSAT AL,fiducial,ILIS +1 side,ILIS +1 side,p158,p158,z,4505.42,,mm,false
14,SSAT AL,fiducial,ILIS +1 side,ILIS +1 side,p159,p159,x,2577.74,,mm,false
14,SSAT AL,fiducial,ILIS +1 side,ILIS +1 side,p159,p159,y,453.5,,mm,false
14,SSAT AL,fiducial,ILIS +1 side,ILIS +1 side,p159,p159,z,4054.22,,mm,false
14,SSAT AL,fiducial,ILIS +1 side,ILIS +1 side,p160,p160,x,2395.27,,mm,false
14,SSAT AL,fiducial,ILIS +1 side,ILIS +1 side,p160,p160,y,421.34,,mm,false
14,SSAT AL,fiducial,ILIS +1 side,ILIS +1 side,p160,p160,z,4046.79,,mm,false
14,SSAT AL,fiducial,ILIS +1 side,ILIS +1 side,p161,p161,x,2187.68,,mm,false
14,SSAT AL,fiducial,ILIS +1 side,ILIS +1 side,p161,p161,y,384.84,,mm,false
14,SSAT AL,fiducial,ILIS +1 side,ILIS +1 side,p161,p161,z,4038.38,,mm,false
14,SSAT AL,fiducial,ILIS +1 side,ILIS +1 side,p162,p162,x,2198.53,,mm,false
14,SSAT AL,fiducial,ILIS +1 side,ILIS +1 side,p162,p162,y,386.63,,mm,false
14,SSAT AL,fiducial,ILIS +1 side,ILIS +1 side,p162,p162,z,4237.02,,mm,false
14,SSAT AL,fiducial,ILIS +1 side,ILIS +1 side,p163,p163,x,2394.15,,mm,false
14,SSAT AL,fiducial,ILIS +1 side,ILIS +1 side,p163,p163,y,421.12,,mm,false
14,SSAT AL,fiducial,ILIS +1 side,ILIS +1 side,p163,p163,z,4226.53,,mm,false
14,SSAT AL,fiducial,ILIS +1 side,ILIS +1 side,p164,p164,x,2580.89,,mm,false
14,SSAT AL,fiducial,ILIS +1 side,ILIS +1 side,p164,p164,y,454.17,,mm,false
14,SSAT AL,fiducial,ILIS +1 side,ILIS +1 side,p164,p164,z,4222.8,,mm,false
14,SSAT AL,fiducial,ILIS +1 side,ILIS +1 side,p165,p165,x,2249.85,,mm,false
14,SSAT AL,fiducial,ILIS +1 side,ILIS +1 side,p165,p165,y,395.72,,mm,false
14,SSAT AL,fiducial,ILIS +1 side,ILIS +1 side,p165,p165,z,4499.75,,mm,false
14,SSAT AL,fiducial,ILIS +1 side,ILIS +1 side,p166,p166,x,2416.96,,mm,false
14,SSAT AL,fiducial,ILIS +1 side,ILIS +1 side,p166,p166,y,425.1,,mm,false
14,SSAT AL,fiducial,ILIS +1 side,ILIS +1 side,p166,p166,z,4501.0,,mm,false
14,SSAT AL,fiducial,ILIS +1 side,ILIS +1 side,p167,p167,x,2572.0,,mm,false
14,SSAT AL,fiducial,ILIS +1 side,ILIS +1 side,p167,p167,y,452.48,,mm,false
14,SSAT AL,fiducial,ILIS +1 side,ILIS +1 side,p167,p167,z,4501.99,,mm,false
14,SSAT AL,fiducial,ILIS +1 side,ILIS +1 side,p168,p168,x,3009.38,,mm,false
14,SSAT AL,fiducial,ILIS +1 side,ILIS +1 side,p168,p168,y,529.79,,mm,false
14,SSAT AL,fiducial,ILIS +1 side,ILIS +1 side,p168,p168,z,2737.93,,mm,false
14,SSAT AL,fiducial,ILIS +1 side,ILIS +1 side,p169,p169,x,2773.48,,mm,false
14,SSAT AL,fiducial,ILIS +1 side,ILIS +1 side,p169,p169,y,488.06,,mm,false
14,SSAT AL,fiducial,ILIS +1 side,ILIS +1 side,p169,p169,z,2751.83,,mm,false
14,SSAT AL,fiducial,ILIS +1 side,ILIS +1 side,p170,p170,x,2393.34,,mm,false
14,SSAT AL,fiducial,ILIS +1 side,ILIS +1 side,p170,p170,y,420.95,,mm,false
14,SSAT AL,fiducial,ILIS +1 side,ILIS +1 side,p170,p170,z,2700.45,,mm,false
14,SSAT AL,fiducial,ILIS +1 side,ILIS +1 side,p171,p171,x,2176.13,,mm,false
14,SSAT AL,fiducial,ILIS +1 side,ILIS +1 side,p171,p171,y,382.6,,mm,false
14,SSAT AL,fiducial,ILIS +1 side,ILIS +1 side,p171,p171,z,2722.4,,mm,false
14,SSAT AL,fiducial,ILIS +1 side,ILIS +1 side,p172,p172,x,2178.58,,mm,false
14,SSAT AL,fiducial,ILIS +1 side,ILIS +1 side,p172,p172,y,383.06,,mm,false
14,SSAT AL,fiducial,ILIS +1 side,ILIS +1 side,p172,p172,z,2995.52,,mm,false
14,SSAT AL,fiducial,ILIS +1 side,ILIS +1 side,p173,p173,x,2446.17,,mm,false
14,SSAT AL,fiducial,ILIS +1 side,ILIS +1 side,p173,p173,y,430.29,,mm,false
14,SSAT AL,fiducial,ILIS +1 side,ILIS +1 side,p173,p173,z,2985.08,,mm,false
14,SSAT AL,fiducial,ILIS +1 side,ILIS +1 side,p174,p174,x,2736.66,,mm,false
14,SSAT AL,fiducial,ILIS +1 side,ILIS +1 side,p174,p174,y,481.61,,mm,false
14,SSAT AL,fiducial,ILIS +1 side,ILIS +1 side,p174,p174,z,2987.59,,mm,false
14,SSAT AL,fiducial,ILIS +1 side,ILIS +1 side,p175,p175,x,3014.85,,mm,false
14,SSAT AL,fiducial,ILIS +1 side,ILIS +1 side,p175,p175,y,530.81,,mm,false
14,SSAT AL,fiducial,ILIS +1 side,ILIS +1 side,p175,p175,z,2988.47,,mm,false
14,SSAT AL,fiducial,ILIS +1 side,ILIS +1 side,p176,p176,x,2199.05,,mm,false
14,SSAT AL,fiducial,ILIS +1 side,ILIS +1 side,p176,p176,y,386.52,,mm,false
14,SSAT AL,fiducial,ILIS +1 side,ILIS +1 side,p176,p176,z,3230.39,,mm,false
14,SSAT AL,fiducial,ILIS +1 side,ILIS +1 side,p177,p177,x,2470.87,,mm,false
14,SSAT AL,fiducial,ILIS +1 side,ILIS +1 side,p177,p177,y,434.6,,mm,false
14,SSAT AL,fiducial,ILIS +1 side,ILIS +1 side,p177,p177,z,3220.74,,mm,false
14,SSAT AL,fiducial,ILIS +1 side,ILIS +1 side,p178,p178,x,2752.7,,mm,false
14,SSAT AL,fiducial,ILIS +1 side,ILIS +1 side,p178,p178,y,484.3,,mm,false
14,SSAT AL,fiducial,ILIS +1 side,ILIS +1 side,p178,p178,z,3215.41,,mm,false
14,SSAT AL,fiducial,ILIS +1 side,ILIS +1 side,p179,p179,x,3010.73,,mm,false
14,SSAT AL,fiducial,ILIS +1 side,ILIS +1 side,p179,p179,y,530.05,,mm,false
14,SSAT AL,fiducial,ILIS +1 side,ILIS +1 side,p179,p179,z,3219.35,,mm,false
14,SSAT AL,fiducial,ILIS +1 side,ILIS +1 side,p180,p180,x,2196.81,,mm,false
14,SSAT AL,fiducial,ILIS +1 side,ILIS +1 side,p180,p180,y,386.22,,mm,false
14,SSAT AL,fiducial,ILIS +1 side,ILIS +1 side,p180,p180,z,3460.13,,mm,false
14,SSAT AL,fiducial,ILIS +1 side,ILIS +1 side,p181,p181,x,2488.82,,mm,false
14,SSAT AL,fiducial,ILIS +1 side,ILIS +1 side,p181,p181,y,437.74,,mm,false
14,SSAT AL,fiducial,ILIS +1 side,ILIS +1 side,p181,p181,z,3452.21,,mm,false
14,SSAT AL,fiducial,ILIS +1 side,ILIS +1 side,p182,p182,x,2752.02,,mm,false
14,SSAT AL,fiducial,ILIS +1 side,ILIS +1 side,p182,p182,y,484.29,,mm,false
14,SSAT AL,fiducial,ILIS +1 side,ILIS +1 side,p182,p182,z,3455.6,,mm,false
14,SSAT AL,fiducial,ILIS +1 side,ILIS +1 side,p183,p183,x,3003.62,,mm,false
14,SSAT AL,fiducial,ILIS +1 side,ILIS +1 side,p183,p183,y,528.75,,mm,false
14,SSAT AL,fiducial,ILIS +1 side,ILIS +1 side,p183,p183,z,3450.31,,mm,false
14,SSAT AL,fiducial,ILIS -1 side,ILIS -1 side,p1,p1,x,2987.83,,mm,false
14,SSAT AL,fiducial,ILIS -1 side,ILIS -1 side,p1,p1,y,-525.43,,mm,false
14,SSAT AL,fiducial,ILIS -1 side,ILIS -1 side,p1,p1,z,4479.47,,mm,false
14,SSAT AL,fiducial,ILIS -1 side,ILIS -1 side,p2,p2,x,3017.12,,mm,false
14,SSAT AL,fiducial,ILIS -1 side,ILIS -1 side,p2,p2,y,-530.61,,mm,false
14,SSAT AL,fiducial,ILIS -1 side,ILIS -1 side,p2,p2,z,4261.53,,mm,false
14,SSAT AL,fiducial,ILIS -1 side,ILIS -1 side,p3,p3,x,2999.65,,mm,false
14,SSAT AL,fiducial,ILIS -1 side,ILIS -1 side,p3,p3,y,-527.51,,mm,false
14,SSAT AL,fiducial,ILIS -1 side,ILIS -1 side,p3,p3,z,4046.4,,mm,false
14,SSAT AL,fiducial,ILIS -1 side,ILIS -1 side,p4,p4,x,2783.69,,mm,false
14,SSAT AL,fiducial,ILIS -1 side,ILIS -1 side,p4,p4,y,-489.5,,mm,false
14,SSAT AL,fiducial,ILIS -1 side,ILIS -1 side,p4,p4,z,4044.39,,mm,false
14,SSAT AL,fiducial,ILIS -1 side,ILIS -1 side,p5,p5,x,2797.1,,mm,false
14,SSAT AL,fiducial,ILIS -1 side,ILIS -1 side,p5,p5,y,-491.83,,mm,false
14,SSAT AL,fiducial,ILIS -1 side,ILIS -1 side,p5,p5,z,4251.62,,mm,false
14,SSAT AL,fiducial,ILIS -1 side,ILIS -1 side,p6,p6,x,2798.32,,mm,false
14,SSAT AL,fiducial,ILIS -1 side,ILIS -1 side,p6,p6,y,-492.07,,mm,false
14,SSAT AL,fiducial,ILIS -1 side,ILIS -1 side,p6,p6,z,4508.49,,mm,false
14,SSAT AL,fiducial,ILIS -1 side,ILIS -1 side,p7,p7,x,2623.43,,mm,false
14,SSAT AL,fiducial,ILIS -1 side,ILIS -1 side,p7,p7,y,-461.24,,mm,false
14,SSAT AL,fiducial,ILIS -1 side,ILIS -1 side,p7,p7,z,4510.04,,mm,false
14,SSAT AL,fiducial,ILIS -1 side,ILIS -1 side,p8,p8,x,2621.95,,mm,false
14,SSAT AL,fiducial,ILIS -1 side,ILIS -1 side,p8,p8,y,-461.06,,mm,false
14,SSAT AL,fiducial,ILIS -1 side,ILIS -1 side,p8,p8,z,4050.13,,mm,false
14,SSAT AL,fiducial,ILIS -1 side,ILIS -1 side,p9,p9,x,2622.46,,mm,false
14,SSAT AL,fiducial,ILIS -1 side,ILIS -1 side,p9,p9,y,-461.05,,mm,false
14,SSAT AL,fiducial,ILIS -1 side,ILIS -1 side,p9,p9,z,4276.5,,mm,false
14,SSAT AL,fiducial,ILIS -1 side,ILIS -1 side,p10,p10,x,2623.65,,mm,false
14,SSAT AL,fiducial,ILIS -1 side,ILIS -1 side,p10,p10,y,-461.35,,mm,false
14,SSAT AL,fiducial,ILIS -1 side,ILIS -1 side,p10,p10,z,4007.34,,mm,false
14,SSAT AL,fiducial,ILIS -1 side,ILIS -1 side,p11,p11,x,2822.65,,mm,false
14,SSAT AL,fiducial,ILIS -1 side,ILIS -1 side,p11,p11,y,-496.36,,mm,false
14,SSAT AL,fiducial,ILIS -1 side,ILIS -1 side,p11,p11,z,4009.68,,mm,false
14,SSAT AL,fiducial,ILIS -1 side,ILIS -1 side,p12,p12,x,2618.34,,mm,false
14,SSAT AL,fiducial,ILIS -1 side,ILIS -1 side,p12,p12,y,-460.33,,mm,false
14,SSAT AL,fiducial,ILIS -1 side,ILIS -1 side,p12,p12,z,3791.7,,mm,false
14,SSAT AL,fiducial,ILIS -1 side,ILIS -1 side,p13,p13,x,2621.01,,mm,false
14,SSAT AL,fiducial,ILIS -1 side,ILIS -1 side,p13,p13,y,-460.79,,mm,false
14,SSAT AL,fiducial,ILIS -1 side,ILIS -1 side,p13,p13,z,3544.16,,mm,false
14,SSAT AL,fiducial,ILIS -1 side,ILIS -1 side,p14,p14,x,2782.58,,mm,false
14,SSAT AL,fiducial,ILIS -1 side,ILIS -1 side,p14,p14,y,-489.35,,mm,false
14,SSAT AL,fiducial,ILIS -1 side,ILIS -1 side,p14,p14,z,3778.07,,mm,false
14,SSAT AL,fiducial,ILIS -1 side,ILIS -1 side,p15,p15,x,3018.32,,mm,false
14,SSAT AL,fiducial,ILIS -1 side,ILIS -1 side,p15,p15,y,-530.77,,mm,false
14,SSAT AL,fiducial,ILIS -1 side,ILIS -1 side,p15,p15,z,3788.73,,mm,false
14,SSAT AL,fiducial,ILIS -1 side,ILIS -1 side,p16,p16,x,3021.61,,mm,false
14,SSAT AL,fiducial,ILIS -1 side,ILIS -1 side,p16,p16,y,-531.41,,mm,false
14,SSAT AL,fiducial,ILIS -1 side,ILIS -1 side,p16,p16,z,3543.36,,mm,false
14,SSAT AL,fiducial,ILIS -1 side,ILIS -1 side,p17,p17,x,3023.04,,mm,false
14,SSAT AL,fiducial,ILIS -1 side,ILIS -1 side,p17,p17,y,-531.61,,mm,false
14,SSAT AL,fiducial,ILIS -1 side,ILIS -1 side,p17,p17,z,4006.49,,mm,false
14,SSAT AL,fiducial,ILIS -1 side,ILIS -1 side,p18,p18,x,2785.34,,mm,false
14,SSAT AL,fiducial,ILIS -1 side,ILIS -1 side,p18,p18,y,-489.76,,mm,false
14,SSAT AL,fiducial,ILIS -1 side,ILIS -1 side,p18,p18,z,3548.15,,mm,false
14,SSAT AL,fiducial,ILIS -1 side,ILIS -1 side,p19,p19,x,2271.41,,mm,false
14,SSAT AL,fiducial,ILIS -1 side,ILIS -1 side,p19,p19,y,-399.15,,mm,false
14,SSAT AL,fiducial,ILIS -1 side,ILIS -1 side,p19,p19,z,4008.15,,mm,false
14,SSAT AL,fiducial,ILIS -1 side,ILIS -1 side,p20,p20,x,2231.67,,mm,false
14,SSAT AL,fiducial,ILIS -1 side,ILIS -1 side,p20,p20,y,-392.16,,mm,false
14,SSAT AL,fiducial,ILIS -1 side,ILIS -1 side,p20,p20,z,3778.66,,mm,false
14,SSAT AL,fiducial,ILIS -1 side,ILIS -1 side,p21,p21,x,2255.59,,mm,false
14,SSAT AL,fiducial,ILIS -1 side,ILIS -1 side,p21,p21,y,-396.35,,mm,false
14,SSAT AL,fiducial,ILIS -1 side,ILIS -1 side,p21,p21,z,3551.84,,mm,false
14,SSAT AL,fiducial,ILIS -1 side,ILIS -1 side,p22,p22,x,2374.91,,mm,false
14,SSAT AL,fiducial,ILIS -1 side,ILIS -1 side,p22,p22,y,-417.45,,mm,false
14,SSAT AL,fiducial,ILIS -1 side,ILIS -1 side,p22,p22,z,3549.62,,mm,false
14,SSAT AL,fiducial,ILIS -1 side,ILIS -1 side,p23,p23,x,2393.98,,mm,false
14,SSAT AL,fiducial,ILIS -1 side,ILIS -1 side,p23,p23,y,-420.8,,mm,false
14,SSAT AL,fiducial,ILIS -1 side,ILIS -1 side,p23,p23,z,3753.64,,mm,false
14,SSAT AL,fiducial,ILIS -1 side,ILIS -1 side,p24,p24,x,2406.55,,mm,false
14,SSAT AL,fiducial,ILIS -1 side,ILIS -1 side,p24,p24,y,-423.1,,mm,false
14,SSAT AL,fiducial,ILIS -1 side,ILIS -1 side,p24,p24,z,4005.4,,mm,false
14,SSAT AL,fiducial,ILIS -1 side,ILIS -1 side,p25,p25,x,2580.03,,mm,false
14,SSAT AL,fiducial,ILIS -1 side,ILIS -1 side,p25,p25,y,-453.6,,mm,false
14,SSAT AL,fiducial,ILIS -1 side,ILIS -1 side,p25,p25,z,4009.2,,mm,false
14,SSAT AL,fiducial,ILIS -1 side,ILIS -1 side,p26,p26,x,2578.59,,mm,false
14,SSAT AL,fiducial,ILIS -1 side,ILIS -1 side,p26,p26,y,-453.34,,mm,false
14,SSAT AL,fiducial,ILIS -1 side,ILIS -1 side,p26,p26,z,3765.21,,mm,false
14,SSAT AL,fiducial,ILIS -1 side,ILIS -1 side,p27,p27,x,2578.71,,mm,false
14,SSAT AL,fiducial,ILIS -1 side,ILIS -1 side,p27,p27,y,-453.29,,mm,false
14,SSAT AL,fiducial,ILIS -1 side,ILIS -1 side,p27,p27,z,3549.07,,mm,false
14,SSAT AL,fiducial,ILIS -1 side,ILIS -1 side,p28,p28,x,2576.29,,mm,false
14,SSAT AL,fiducial,ILIS -1 side,ILIS -1 side,p28,p28,y,-453.0,,mm,false
14,SSAT AL,fiducial,ILIS -1 side,ILIS -1 side,p28,p28,z,4049.24,,mm,false
14,SSAT AL,fiducial,ILIS -1 side,ILIS -1 side,p29,p29,x,2581.17,,mm,false
14,SSAT AL,fiducial,ILIS -1 side,ILIS -1 side,p29,p29,y,-453.81,,mm,false
14,SSAT AL,fiducial,ILIS -1 side,ILIS -1 side,p29,p29,z,4279.06,,mm,false
14,SSAT AL,fiducial,ILIS -1 side,ILIS -1 side,p30,p30,x,2579.06,,mm,false
14,SSAT AL,fiducial,ILIS -1 side,ILIS -1 side,p30,p30,y,-453.45,,mm,false
14,SSAT AL,fiducial,ILIS -1 side,ILIS -1 side,p30,p30,z,4505.09,,mm,false
14,SSAT AL,fiducial,ILIS -1 side,ILIS -1 side,p31,p31,x,2390.61,,mm,false
14,SSAT AL,fiducial,ILIS -1 side,ILIS -1 side,p31,p31,y,-420.19,,mm,false
14,SSAT AL,fiducial,ILIS -1 side,ILIS -1 side,p31,p31,z,4049.7,,mm,false
14,SSAT AL,fiducial,ILIS -1 side,ILIS -1 side,p32,p32,x,2237.86,,mm,false
14,SSAT AL,fiducial,ILIS -1 side,ILIS -1 side,p32,p32,y,-393.28,,mm,false
14,SSAT AL,fiducial,ILIS -1 side,ILIS -1 side,p32,p32,z,4051.4,,mm,false
14,SSAT AL,fiducial,ILIS -1 side,ILIS -1 side,p33,p33,x,2267.33,,mm,false
14,SSAT AL,fiducial,ILIS -1 side,ILIS -1 side,p33,p33,y,-398.48,,mm,false
14,SSAT AL,fiducial,ILIS -1 side,ILIS -1 side,p33,p33,z,4264.69,,mm,false
14,SSAT AL,fiducial,ILIS -1 side,ILIS -1 side,p34,p34,x,2428.18,,mm,false
14,SSAT AL,fiducial,ILIS -1 side,ILIS -1 side,p34,p34,y,-426.87,,mm,false
14,SSAT AL,fiducial,ILIS -1 side,ILIS -1 side,p34,p34,z,4276.56,,mm,false
14,SSAT AL,fiducial,ILIS -1 side,ILIS -1 side,p35,p35,x,2365.03,,mm,false
14,SSAT AL,fiducial,ILIS -1 side,ILIS -1 side,p35,p35,y,-415.71,,mm,false
14,SSAT AL,fiducial,ILIS -1 side,ILIS -1 side,p35,p35,z,4415.22,,mm,false
14,SSAT AL,fiducial,ILIS -1 side,ILIS -1 side,p36,p36,x,2337.87,,mm,false
14,SSAT AL,fiducial,ILIS -1 side,ILIS -1 side,p36,p36,y,-410.92,,mm,false
14,SSAT AL,fiducial,ILIS -1 side,ILIS -1 side,p36,p36,z,4509.7,,mm,false
14,SSAT AL,fiducial,ILIS -1 side,ILIS -1 side,p37,p37,x,3027.24,,mm,false
14,SSAT AL,fiducial,ILIS -1 side,ILIS -1 side,p37,p37,y,-532.34,,mm,false
14,SSAT AL,fiducial,ILIS -1 side,ILIS -1 side,p37,p37,z,2549.22,,mm,false
14,SSAT AL,fiducial,ILIS -1 side,ILIS -1 side,p38,p38,x,3028.06,,mm,false
14,SSAT AL,fiducial,ILIS -1 side,ILIS -1 side,p38,p38,y,-532.46,,mm,false
14,SSAT AL,fiducial,ILIS -1 side,ILIS -1 side,p38,p38,z,2905.8,,mm,false
14,SSAT AL,fiducial,ILIS -1 side,ILIS -1 side,p39,p39,x,3028.94,,mm,false
14,SSAT AL,fiducial,ILIS -1 side,ILIS -1 side,p39,p39,y,-532.62,,mm,false
14,SSAT AL,fiducial,ILIS -1 side,ILIS -1 side,p39,p39,z,3161.99,,mm,false
14,SSAT AL,fiducial,ILIS -1 side,ILIS -1 side,p40,p40,x,2688.05,,mm,false
14,SSAT AL,fiducial,ILIS -1 side,ILIS -1 side,p40,p40,y,-472.52,,mm,false
14,SSAT AL,fiducial,ILIS -1 side,ILIS -1 side,p40,p40,z,2541.52,,mm,false
14,SSAT AL,fiducial,ILIS -1 side,ILIS -1 side,p41,p41,x,2691.69,,mm,false
14,SSAT AL,fiducial,ILIS -1 side,ILIS -1 side,p41,p41,y,-473.23,,mm,false
14,SSAT AL,fiducial,ILIS -1 side,ILIS -1 side,p41,p41,z,2890.66,,mm,false
14,SSAT AL,fiducial,ILIS -1 side,ILIS -1 side,p42,p42,x,2394.96,,mm,false
14,SSAT AL,fiducial,ILIS -1 side,ILIS -1 side,p42,p42,y,-420.92,,mm,false
14,SSAT AL,fiducial,ILIS -1 side,ILIS -1 side,p42,p42,z,2582.19,,mm,false
14,SSAT AL,fiducial,ILIS -1 side,ILIS -1 side,p43,p43,x,2422.53,,mm,false
14,SSAT AL,fiducial,ILIS -1 side,ILIS -1 side,p43,p43,y,-425.77,,mm,false
14,SSAT AL,fiducial,ILIS -1 side,ILIS -1 side,p43,p43,z,2906.67,,mm,false
14,SSAT AL,fiducial,ILIS -1 side,ILIS -1 side,p44,p44,x,2514.34,,mm,false
14,SSAT AL,fiducial,ILIS -1 side,ILIS -1 side,p44,p44,y,-441.92,,mm,false
14,SSAT AL,fiducial,ILIS -1 side,ILIS -1 side,p44,p44,z,3257.24,,mm,false
14,SSAT AL,fiducial,ILIS -1 side,ILIS -1 side,p45,p45,x,3024.64,,mm,false
14,SSAT AL,fiducial,ILIS -1 side,ILIS -1 side,p45,p45,y,-531.89,,mm,false
14,SSAT AL,fiducial,ILIS -1 side,ILIS -1 side,p45,p45,z,3518.14,,mm,false
14,SSAT AL,fiducial,ILIS -1 side,ILIS -1 side,p46,p46,x,2719.35,,mm,false
14,SSAT AL,fiducial,ILIS -1 side,ILIS -1 side,p46,p46,y,-478.2,,mm,false
14,SSAT AL,fiducial,ILIS -1 side,ILIS -1 side,p46,p46,z,3515.31,,mm,false
14,SSAT AL,fiducial,ILIS -1 side,ILIS -1 side,p47,p47,x,2704.71,,mm,false
14,SSAT AL,fiducial,ILIS -1 side,ILIS -1 side,p47,p47,y,-475.52,,mm,false
14,SSAT AL,fiducial,ILIS -1 side,ILIS -1 side,p47,p47,z,3251.98,,mm,false
14,SSAT AL,fiducial,ILIS -1 side,ILIS -1 side,p48,p48,x,2483.2,,mm,false
14,SSAT AL,fiducial,ILIS -1 side,ILIS -1 side,p48,p48,y,-436.45,,mm,false
14,SSAT AL,fiducial,ILIS -1 side,ILIS -1 side,p48,p48,z,3513.93,,mm,false
14,SSAT AL,fiducial,ILIS -1 side,ILIS -1 side,p49,p49,x,2306.88,,mm,false
14,SSAT AL,fiducial,ILIS -1 side,ILIS -1 side,p49,p49,y,-405.35,,mm,false
14,SSAT AL,fiducial,ILIS -1 side,ILIS -1 side,p49,p49,z,3511.53,,mm,false
14,SSAT AL,fiducial,ILIS -1 side,ILIS -1 side,p50,p50,x,2306.68,,mm,false
14,SSAT AL,fiducial,ILIS -1 side,ILIS -1 side,p50,p50,y,-405.29,,mm,false
14,SSAT AL,fiducial,ILIS -1 side,ILIS -1 side,p50,p50,z,3259.55,,mm,false
14,SSAT AL,fiducial,ILIS -1 side,ILIS -1 side,p51,p51,x,2328.47,,mm,false
14,SSAT AL,fiducial,ILIS -1 side,ILIS -1 side,p51,p51,y,-409.13,,mm,false
14,SSAT AL,fiducial,ILIS -1 side,ILIS -1 side,p51,p51,z,2865.4,,mm,false
14,SSAT AL,fiducial,ILIS -1 side,ILIS -1 side,p52,p52,x,2355.75,,mm,false
14,SSAT AL,fiducial,ILIS -1 side,ILIS -1 side,p52,p52,y,-414.04,,mm,false
14,SSAT AL,fiducial,ILIS -1 side,ILIS -1 side,p52,p52,z,2555.99,,mm,false
14,SSAT AL,fiducial,ILIS -1 side,ILIS -1 side,p53,p53,x,3016.71,,mm,false
14,SSAT AL,fiducial,ILIS -1 side,ILIS -1 side,p53,p53,y,-530.48,,mm,false
14,SSAT AL,fiducial,ILIS -1 side,ILIS -1 side,p53,p53,z,2516.39,,mm,false
14,SSAT AL,fiducial,ILIS -1 side,ILIS -1 side,p54,p54,x,2748.2,,mm,false
14,SSAT AL,fiducial,ILIS -1 side,ILIS -1 side,p54,p54,y,-483.21,,mm,false
14,SSAT AL,fiducial,ILIS -1 side,ILIS -1 side,p54,p54,z,2517.52,,mm,false
14,SSAT AL,fiducial,ILIS -1 side,ILIS -1 side,p55,p55,x,2484.78,,mm,false
14,SSAT AL,fiducial,ILIS -1 side,ILIS -1 side,p55,p55,y,-436.78,,mm,false
14,SSAT AL,fiducial,ILIS -1 side,ILIS -1 side,p55,p55,z,2517.58,,mm,false
14,SSAT AL,fiducial,ILIS -1 side,ILIS -1 side,p56,p56,x,2315.46,,mm,false
14,SSAT AL,fiducial,ILIS -1 side,ILIS -1 side,p56,p56,y,-406.9,,mm,false
14,SSAT AL,fiducial,ILIS -1 side,ILIS -1 side,p56,p56,z,2503.04,,mm,false
14,SSAT AL,fiducial,ILIS -1 side,ILIS -1 side,p57,p57,x,3026.34,,mm,false
14,SSAT AL,fiducial,ILIS -1 side,ILIS -1 side,p57,p57,y,-532.22,,mm,false
14,SSAT AL,fiducial,ILIS -1 side,ILIS -1 side,p57,p57,z,2216.82,,mm,false
14,SSAT AL,fiducial,ILIS -1 side,ILIS -1 side,p58,p58,x,2693.65,,mm,false
14,SSAT AL,fiducial,ILIS -1 side,ILIS -1 side,p58,p58,y,-473.56,,mm,false
14,SSAT AL,fiducial,ILIS -1 side,ILIS -1 side,p58,p58,z,2252.16,,mm,false
14,SSAT AL,fiducial,ILIS -1 side,ILIS -1 side,p59,p59,x,2465.78,,mm,false
14,SSAT AL,fiducial,ILIS -1 side,ILIS -1 side,p59,p59,y,-433.46,,mm,false
14,SSAT AL,fiducial,ILIS -1 side,ILIS -1 side,p59,p59,z,2255.01,,mm,false
14,SSAT AL,fiducial,ILIS -1 side,ILIS -1 side,p60,p60,x,2311.17,,mm,false
14,SSAT AL,fiducial,ILIS -1 side,ILIS -1 side,p60,p60,y,-406.11,,mm,false
14,SSAT AL,fiducial,ILIS -1 side,ILIS -1 side,p60,p60,z,2251.92,,mm,false
14,SSAT AL,fiducial,ILIS -1 side,ILIS -1 side,p61,p61,x,3025.72,,mm,false
14,SSAT AL,fiducial,ILIS -1 side,ILIS -1 side,p61,p61,y,-532.18,,mm,false
14,SSAT AL,fiducial,ILIS -1 side,ILIS -1 side,p61,p61,z,1802.02,,mm,false
14,SSAT AL,fiducial,ILIS -1 side,ILIS -1 side,p62,p62,x,2721.08,,mm,false
14,SSAT AL,fiducial,ILIS -1 side,ILIS -1 side,p62,p62,y,-478.4,,mm,false
14,SSAT AL,fiducial,ILIS -1 side,ILIS -1 side,p62,p62,z,1783.5,,mm,false
14,SSAT AL,fiducial,ILIS -1 side,ILIS -1 side,p63,p63,x,2338.76,,mm,false
14,SSAT AL,fiducial,ILIS -1 side,ILIS -1 side,p63,p63,y,-411.0,,mm,false
14,SSAT AL,fiducial,ILIS -1 side,ILIS -1 side,p63,p63,z,1798.43,,mm,false
14,SSAT AL,fiducial,ILIS -1 side,ILIS -1 side,p64,p64,x,2494.56,,mm,false
14,SSAT AL,fiducial,ILIS -1 side,ILIS -1 side,p64,p64,y,-438.55,,mm,false
14,SSAT AL,fiducial,ILIS -1 side,ILIS -1 side,p64,p64,z,1791.45,,mm,false
14,SSAT AL,fiducial,ILIS -1 side,ILIS -1 side,p65,p65,x,3027.31,,mm,false
14,SSAT AL,fiducial,ILIS -1 side,ILIS -1 side,p65,p65,y,-532.42,,mm,false
14,SSAT AL,fiducial,ILIS -1 side,ILIS -1 side,p65,p65,z,1543.86,,mm,false
14,SSAT AL,fiducial,ILIS -1 side,ILIS -1 side,p66,p66,x,2762.13,,mm,false
14,SSAT AL,fiducial,ILIS -1 side,ILIS -1 side,p66,p66,y,-485.65,,mm,false
14,SSAT AL,fiducial,ILIS -1 side,ILIS -1 side,p66,p66,z,1543.57,,mm,false
14,SSAT AL,fiducial,ILIS -1 side,ILIS -1 side,p67,p67,x,2468.33,,mm,false
14,SSAT AL,fiducial,ILIS -1 side,ILIS -1 side,p67,p67,y,-433.92,,mm,false
14,SSAT AL,fiducial,ILIS -1 side,ILIS -1 side,p67,p67,z,1551.28,,mm,false
14,SSAT AL,fiducial,ILIS -1 side,ILIS -1 side,p68,p68,x,2324.92,,mm,false
14,SSAT AL,fiducial,ILIS -1 side,ILIS -1 side,p68,p68,y,-408.58,,mm,false
14,SSAT AL,fiducial,ILIS -1 side,ILIS -1 side,p68,p68,z,1545.02,,mm,false
14,SSAT AL,fiducial,ILIS -1 side,ILIS -1 side,p69,p69,x,3023.1,,mm,false
14,SSAT AL,fiducial,ILIS -1 side,ILIS -1 side,p69,p69,y,-531.65,,mm,false
14,SSAT AL,fiducial,ILIS -1 side,ILIS -1 side,p69,p69,z,1511.01,,mm,false
14,SSAT AL,fiducial,ILIS -1 side,ILIS -1 side,p70,p70,x,2786.53,,mm,false
14,SSAT AL,fiducial,ILIS -1 side,ILIS -1 side,p70,p70,y,-490.01,,mm,false
14,SSAT AL,fiducial,ILIS -1 side,ILIS -1 side,p70,p70,z,1516.13,,mm,false
14,SSAT AL,fiducial,ILIS -1 side,ILIS -1 side,p71,p71,x,2497.53,,mm,false
14,SSAT AL,fiducial,ILIS -1 side,ILIS -1 side,p71,p71,y,-439.06,,mm,false
14,SSAT AL,fiducial,ILIS -1 side,ILIS -1 side,p71,p71,z,1522.36,,mm,false
14,SSAT AL,fiducial,ILIS -1 side,ILIS -1 side,p72,p72,x,2329.6,,mm,false
14,SSAT AL,fiducial,ILIS -1 side,ILIS -1 side,p72,p72,y,-409.45,,mm,false
14,SSAT AL,fiducial,ILIS -1 side,ILIS -1 side,p72,p72,z,1508.67,,mm,false
14,SSAT AL,fiducial,ILIS -1 side,ILIS -1 side,p73,p73,x,3031.1,,mm,false
14,SSAT AL,fiducial,ILIS -1 side,ILIS -1 side,p73,p73,y,-533.05,,mm,false
14,SSAT AL,fiducial,ILIS -1 side,ILIS -1 side,p73,p73,z,1156.1,,mm,false
14,SSAT AL,fiducial,ILIS -1 side,ILIS -1 side,p74,p74,x,2777.2,,mm,false
14,SSAT AL,fiducial,ILIS -1 side,ILIS -1 side,p74,p74,y,-488.31,,mm,false
14,SSAT AL,fiducial,ILIS -1 side,ILIS -1 side,p74,p74,z,1148.34,,mm,false
14,SSAT AL,fiducial,ILIS -1 side,ILIS -1 side,p75,p75,x,2474.82,,mm,false
14,SSAT AL,fiducial,ILIS -1 side,ILIS -1 side,p75,p75,y,-434.97,,mm,false
14,SSAT AL,fiducial,ILIS -1 side,ILIS -1 side,p75,p75,z,1144.71,,mm,false
14,SSAT AL,fiducial,ILIS -1 side,ILIS -1 side,p76,p76,x,2334.24,,mm,false
14,SSAT AL,fiducial,ILIS -1 side,ILIS -1 side,p76,p76,y,-410.23,,mm,false
14,SSAT AL,fiducial,ILIS -1 side,ILIS -1 side,p76,p76,z,1047.69,,mm,false
14,SSAT AL,fiducial,ILIS -1 side,ILIS -1 side,p77,p77,x,2769.16,,mm,false
14,SSAT AL,fiducial,ILIS -1 side,ILIS -1 side,p77,p77,y,-486.86,,mm,false
14,SSAT AL,fiducial,ILIS -1 side,ILIS -1 side,p77,p77,z,788.8,,mm,false
14,SSAT AL,fiducial,ILIS -1 side,ILIS -1 side,p78,p78,x,3026.28,,mm,false
14,SSAT AL,fiducial,ILIS -1 side,ILIS -1 side,p78,p78,y,-532.17,,mm,false
14,SSAT AL,fiducial,ILIS -1 side,ILIS -1 side,p78,p78,z,782.38,,mm,false
14,SSAT AL,fiducial,ILIS -1 side,ILIS -1 side,p79,p79,x,2503.79,,mm,false
14,SSAT AL,fiducial,ILIS -1 side,ILIS -1 side,p79,p79,y,-440.09,,mm,false
14,SSAT AL,fiducial,ILIS -1 side,ILIS -1 side,p79,p79,z,790.63,,mm,false
14,SSAT AL,fiducial,ILIS -1 side,ILIS -1 side,p80,p80,x,2336.27,,mm,false
14,SSAT AL,fiducial,ILIS -1 side,ILIS -1 side,p80,p80,y,-410.52,,mm,false
14,SSAT AL,fiducial,ILIS -1 side,ILIS -1 side,p80,p80,z,790.22,,mm,false
14,SSAT AL,fiducial,ILIS -1 side,ILIS -1 side,p81,p81,x,2355.75,,mm,false
14,SSAT AL,fiducial,ILIS -1 side,ILIS -1 side,p81,p81,y,-414.08,,mm,false
14,SSAT AL,fiducial,ILIS -1 side,ILIS -1 side,p81,p81,z,548.68,,mm,false
14,SSAT AL,fiducial,ILIS -1 side,ILIS -1 side,p82,p82,x,2566.41,,mm,false
14,SSAT AL,fiducial,ILIS -1 side,ILIS -1 side,p82,p82,y,-451.19,,mm,false
14,SSAT AL,fiducial,ILIS -1 side,ILIS -1 side,p82,p82,z,570.39,,mm,false
14,SSAT AL,fiducial,ILIS -1 side,ILIS -1 side,p83,p83,x,2799.63,,mm,false
14,SSAT AL,fiducial,ILIS -1 side,ILIS -1 side,p83,p83,y,-492.37,,mm,false
14,SSAT AL,fiducial,ILIS -1 side,ILIS -1 side,p83,p83,z,540.6,,mm,false
14,SSAT AL,fiducial,ILIS -1 side,ILIS -1 side,p84,p84,x,3028.66,,mm,false
14,SSAT AL,fiducial,ILIS -1 side,ILIS -1 side,p84,p84,y,-532.66,,mm,false
14,SSAT AL,fiducial,ILIS -1 side,ILIS -1 side,p84,p84,z,543.15,,mm,false
14,SSAT AL,fiducial,ILIS -1 side,ILIS -1 side,p85,p85,x,3026.77,,mm,false
14,SSAT AL,fiducial,ILIS -1 side,ILIS -1 side,p85,p85,y,-532.27,,mm,false
14,SSAT AL,fiducial,ILIS -1 side,ILIS -1 side,p85,p85,z,510.79,,mm,false
14,SSAT AL,fiducial,ILIS -1 side,ILIS -1 side,p86,p86,x,2710.97,,mm,false
14,SSAT AL,fiducial,ILIS -1 side,ILIS -1 side,p86,p86,y,-476.71,,mm,false
14,SSAT AL,fiducial,ILIS -1 side,ILIS -1 side,p86,p86,z,516.62,,mm,false
14,SSAT AL,fiducial,ILIS -1 side,ILIS -1 side,p87,p87,x,2463.38,,mm,false
14,SSAT AL,fiducial,ILIS -1 side,ILIS -1 side,p87,p87,y,-433.05,,mm,false
14,SSAT AL,fiducial,ILIS -1 side,ILIS -1 side,p87,p87,z,506.87,,mm,false
14,SSAT AL,fiducial,ILIS -1 side,ILIS -1 side,p88,p88,x,2210.24,,mm,false
14,SSAT AL,fiducial,ILIS -1 side,ILIS -1 side,p88,p88,y,-388.42,,mm,false
14,SSAT AL,fiducial,ILIS -1 side,ILIS -1 side,p88,p88,z,517.24,,mm,false
14,SSAT AL,fiducial,ILIS -1 side,ILIS -1 side,p89,p89,x,2223.37,,mm,false
14,SSAT AL,fiducial,ILIS -1 side,ILIS -1 side,p89,p89,y,-390.66,,mm,false
14,SSAT AL,fiducial,ILIS -1 side,ILIS -1 side,p89,p89,z,269.14,,mm,false
14,SSAT AL,fiducial,ILIS -1 side,ILIS -1 side,p90,p90,x,2451.31,,mm,false
14,SSAT AL,fiducial,ILIS -1 side,ILIS -1 side,p90,p90,y,-430.85,,mm,false
14,SSAT AL,fiducial,ILIS -1 side,ILIS -1 side,p90,p90,z,249.94,,mm,false
14,SSAT AL,fiducial,ILIS -1 side,ILIS -1 side,p91,p91,x,2757.97,,mm,false
14,SSAT AL,fiducial,ILIS -1 side,ILIS -1 side,p91,p91,y,-484.91,,mm,false
14,SSAT AL,fiducial,ILIS -1 side,ILIS -1 side,p91,p91,z,244.74,,mm,false
14,SSAT AL,fiducial,ILIS -1 side,ILIS -1 side,p92,p92,x,3025.1,,mm,false
14,SSAT AL,fiducial,ILIS -1 side,ILIS -1 side,p92,p92,y,-532.0,,mm,false
14,SSAT AL,fiducial,ILIS -1 side,ILIS -1 side,p92,p92,z,292.82,,mm,false
14,SSAT AL,fiducial,ILIS -1 side,ILIS -1 side,p93,p93,x,3033.03,,mm,false
14,SSAT AL,fiducial,ILIS -1 side,ILIS -1 side,p93,p93,y,-533.38,,mm,false
14,SSAT AL,fiducial,ILIS -1 side,ILIS -1 side,p93,p93,z,-212.84,,mm,false
14,SSAT AL,fiducial,ILIS -1 side,ILIS -1 side,p94,p94,x,2713.73,,mm,false
14,SSAT AL,fiducial,ILIS -1 side,ILIS -1 side,p94,p94,y,-477.08,,mm,false
14,SSAT AL,fiducial,ILIS -1 side,ILIS -1 side,p94,p94,z,-221.56,,mm,false
14,SSAT AL,fiducial,ILIS -1 side,ILIS -1 side,p95,p95,x,2508.05,,mm,false
14,SSAT AL,fiducial,ILIS -1 side,ILIS -1 side,p95,p95,y,-440.83,,mm,false
14,SSAT AL,fiducial,ILIS -1 side,ILIS -1 side,p95,p95,z,-208.53,,mm,false
14,SSAT AL,fiducial,ILIS -1 side,ILIS -1 side,p96,p96,x,2254.68,,mm,false
14,SSAT AL,fiducial,ILIS -1 side,ILIS -1 side,p96,p96,y,-396.19,,mm,false
14,SSAT AL,fiducial,ILIS -1 side,ILIS -1 side,p96,p96,z,-201.84,,mm,false
14,SSAT AL,fiducial,ILIS -1 side,ILIS -1 side,p97,p97,x,3024.74,,mm,false
14,SSAT AL,fiducial,ILIS -1 side,ILIS -1 side,p97,p97,y,-532.05,,mm,false
14,SSAT AL,fiducial,ILIS -1 side,ILIS -1 side,p97,p97,z,-457.25,,mm,false
14,SSAT AL,fiducial,ILIS -1 side,ILIS -1 side,p98,p98,x,2745.64,,mm,false
14,SSAT AL,fiducial,ILIS -1 side,ILIS -1 side,p98,p98,y,-482.81,,mm,false
14,SSAT AL,fiducial,ILIS -1 side,ILIS -1 side,p98,p98,z,-451.57,,mm,false
14,SSAT AL,fiducial,ILIS -1 side,ILIS -1 side,p99,p99,x,2464.11,,mm,false
14,SSAT AL,fiducial,ILIS -1 side,ILIS -1 side,p99,p99,y,-433.18,,mm,false
14,SSAT AL,fiducial,ILIS -1 side,ILIS -1 side,p99,p99,z,-455.03,,mm,false
14,SSAT AL,fiducial,ILIS -1 side,ILIS -1 side,p100,p100,x,2324.62,,mm,false
14,SSAT AL,fiducial,ILIS -1 side,ILIS -1 side,p100,p100,y,-408.65,,mm,false
14,SSAT AL,fiducial,ILIS -1 side,ILIS -1 side,p100,p100,z,-456.75,,mm,false
14,SSAT AL,fiducial,ILIS -1 side,ILIS -1 side,p101,p101,x,3017.39,,mm,false
14,SSAT AL,fiducial,ILIS -1 side,ILIS -1 side,p101,p101,y,-530.69,,mm,false
14,SSAT AL,fiducial,ILIS -1 side,ILIS -1 side,p101,p101,z,-485.12,,mm,false
14,SSAT AL,fiducial,ILIS -1 side,ILIS -1 side,p102,p102,x,2780.72,,mm,false
14,SSAT AL,fiducial,ILIS -1 side,ILIS -1 side,p102,p102,y,-489.02,,mm,false
14,SSAT AL,fiducial,ILIS -1 side,ILIS -1 side,p102,p102,z,-482.49,,mm,false
14,SSAT AL,fiducial,ILIS -1 side,ILIS -1 side,p103,p103,x,2309.24,,mm,false
14,SSAT AL,fiducial,ILIS -1 side,ILIS -1 side,p103,p103,y,-405.84,,mm,false
14,SSAT AL,fiducial,ILIS -1 side,ILIS -1 side,p103,p103,z,-493.48,,mm,false
14,SSAT AL,fiducial,ILIS -1 side,ILIS -1 side,p104,p104,x,2306.17,,mm,false
14,SSAT AL,fiducial,ILIS -1 side,ILIS -1 side,p104,p104,y,-405.26,,mm,false
14,SSAT AL,fiducial,ILIS -1 side,ILIS -1 side,p104,p104,z,-752.24,,mm,false
14,SSAT AL,fiducial,ILIS -1 side,ILIS -1 side,p105,p105,x,2554.9,,mm,false
14,SSAT AL,fiducial,ILIS -1 side,ILIS -1 side,p105,p105,y,-449.11,,mm,false
14,SSAT AL,fiducial,ILIS -1 side,ILIS -1 side,p105,p105,z,-762.78,,mm,false
14,SSAT AL,fiducial,ILIS -1 side,ILIS -1 side,p106,p106,x,2860.96,,mm,false
14,SSAT AL,fiducial,ILIS -1 side,ILIS -1 side,p106,p106,y,-503.09,,mm,false
14,SSAT AL,fiducial,ILIS -1 side,ILIS -1 side,p106,p106,z,-752.76,,mm,false
14,SSAT AL,fiducial,ILIS -1 side,ILIS -1 side,p107,p107,x,2497.25,,mm,false
14,SSAT AL,fiducial,ILIS -1 side,ILIS -1 side,p107,p107,y,-439.02,,mm,false
14,SSAT AL,fiducial,ILIS -1 side,ILIS -1 side,p107,p107,z,-488.21,,mm,false
14,SSAT AL,fiducial,ILIS -1 side,ILIS -1 side,p108,p108,x,3029.73,,mm,false
14,SSAT AL,fiducial,ILIS -1 side,ILIS -1 side,p108,p108,y,-532.83,,mm,false
14,SSAT AL,fiducial,ILIS -1 side,ILIS -1 side,p108,p108,z,-737.73,,mm,false
14,SSAT AL,fiducial,ILIS -1 side,ILIS -1 side,p109,p109,x,3030.18,,mm,false
14,SSAT AL,fiducial,ILIS -1 side,ILIS -1 side,p109,p109,y,-532.92,,mm,false
14,SSAT AL,fiducial,ILIS -1 side,ILIS -1 side,p109,p109,z,-1179.3,,mm,false
14,SSAT AL,fiducial,ILIS -1 side,ILIS -1 side,p110,p110,x,2704.94,,mm,false
14,SSAT AL,fiducial,ILIS -1 side,ILIS -1 side,p110,p110,y,-475.55,,mm,false
14,SSAT AL,fiducial,ILIS -1 side,ILIS -1 side,p110,p110,z,-1215.37,,mm,false
14,SSAT AL,fiducial,ILIS -1 side,ILIS -1 side,p111,p111,x,2462.69,,mm,false
14,SSAT AL,fiducial,ILIS -1 side,ILIS -1 side,p111,p111,y,-432.82,,mm,false
14,SSAT AL,fiducial,ILIS -1 side,ILIS -1 side,p111,p111,z,-1218.38,,mm,false
14,SSAT AL,fiducial,ILIS -1 side,ILIS -1 side,p112,p112,x,2295.25,,mm,false
14,SSAT AL,fiducial,ILIS -1 side,ILIS -1 side,p112,p112,y,-403.32,,mm,false
14,SSAT AL,fiducial,ILIS -1 side,ILIS -1 side,p112,p112,z,-1202.69,,mm,false
14,SSAT AL,fiducial,ILIS -1 side,ILIS -1 side,p113,p113,x,2766.22,,mm,false
14,SSAT AL,fiducial,ILIS -1 side,ILIS -1 side,p113,p113,y,-486.5,,mm,false
14,SSAT AL,fiducial,ILIS -1 side,ILIS -1 side,p113,p113,z,-1443.99,,mm,false
14,SSAT AL,fiducial,ILIS -1 side,ILIS -1 side,p114,p114,x,3025.09,,mm,false
14,SSAT AL,fiducial,ILIS -1 side,ILIS -1 side,p114,p114,y,-532.03,,mm,false
14,SSAT AL,fiducial,ILIS -1 side,ILIS -1 side,p114,p114,z,-1418.51,,mm,false
14,SSAT AL,fiducial,ILIS -1 side,ILIS -1 side,p115,p115,x,2504.88,,mm,false
14,SSAT AL,fiducial,ILIS -1 side,ILIS -1 side,p115,p115,y,-440.31,,mm,false
14,SSAT AL,fiducial,ILIS -1 side,ILIS -1 side,p115,p115,z,-1415.88,,mm,false
14,SSAT AL,fiducial,ILIS -1 side,ILIS -1 side,p116,p116,x,2229.55,,mm,false
14,SSAT AL,fiducial,ILIS -1 side,ILIS -1 side,p116,p116,y,-391.81,,mm,false
14,SSAT AL,fiducial,ILIS -1 side,ILIS -1 side,p116,p116,z,-1458.22,,mm,false
14,SSAT AL,fiducial,ILIS -1 side,ILIS -1 side,p117,p117,x,2236.13,,mm,false
14,SSAT AL,fiducial,ILIS -1 side,ILIS -1 side,p117,p117,y,-392.94,,mm,false
14,SSAT AL,fiducial,ILIS -1 side,ILIS -1 side,p117,p117,z,-1489.09,,mm,false
14,SSAT AL,fiducial,ILIS -1 side,ILIS -1 side,p118,p118,x,2537.13,,mm,false
14,SSAT AL,fiducial,ILIS -1 side,ILIS -1 side,p118,p118,y,-446.09,,mm,false
14,SSAT AL,fiducial,ILIS -1 side,ILIS -1 side,p118,p118,z,-1494.83,,mm,false
14,SSAT AL,fiducial,ILIS -1 side,ILIS -1 side,p119,p119,x,2808.25,,mm,false
14,SSAT AL,fiducial,ILIS -1 side,ILIS -1 side,p119,p119,y,-493.88,,mm,false
14,SSAT AL,fiducial,ILIS -1 side,ILIS -1 side,p119,p119,z,-1485.78,,mm,false
14,SSAT AL,fiducial,ILIS -1 side,ILIS -1 side,p120,p120,x,3017.87,,mm,false
14,SSAT AL,fiducial,ILIS -1 side,ILIS -1 side,p120,p120,y,-530.77,,mm,false
14,SSAT AL,fiducial,ILIS -1 side,ILIS -1 side,p120,p120,z,-1484.57,,mm,false
14,SSAT AL,fiducial,ILIS -1 side,ILIS -1 side,p121,p121,x,3026.73,,mm,false
14,SSAT AL,fiducial,ILIS -1 side,ILIS -1 side,p121,p121,y,-532.28,,mm,false
14,SSAT AL,fiducial,ILIS -1 side,ILIS -1 side,p121,p121,z,-1896.08,,mm,false
14,SSAT AL,fiducial,ILIS -1 side,ILIS -1 side,p122,p122,x,2715.2,,mm,false
14,SSAT AL,fiducial,ILIS -1 side,ILIS -1 side,p122,p122,y,-477.39,,mm,false
14,SSAT AL,fiducial,ILIS -1 side,ILIS -1 side,p122,p122,z,-1871.93,,mm,false
14,SSAT AL,fiducial,ILIS -1 side,ILIS -1 side,p123,p123,x,2476.04,,mm,false
14,SSAT AL,fiducial,ILIS -1 side,ILIS -1 side,p123,p123,y,-435.18,,mm,false
14,SSAT AL,fiducial,ILIS -1 side,ILIS -1 side,p123,p123,z,-1862.92,,mm,false
14,SSAT AL,fiducial,ILIS -1 side,ILIS -1 side,p124,p124,x,2260.93,,mm,false
14,SSAT AL,fiducial,ILIS -1 side,ILIS -1 side,p124,p124,y,-397.22,,mm,false
14,SSAT AL,fiducial,ILIS -1 side,ILIS -1 side,p124,p124,z,-1847.44,,mm,false
14,SSAT AL,fiducial,ILIS -1 side,ILIS -1 side,p125,p125,x,3024.47,,mm,false
14,SSAT AL,fiducial,ILIS -1 side,ILIS -1 side,p125,p125,y,-531.97,,mm,false
14,SSAT AL,fiducial,ILIS -1 side,ILIS -1 side,p125,p125,z,-2178.63,,mm,false
14,SSAT AL,fiducial,ILIS -1 side,ILIS -1 side,p126,p126,x,2706.71,,mm,false
14,SSAT AL,fiducial,ILIS -1 side,ILIS -1 side,p126,p126,y,-475.92,,mm,false
14,SSAT AL,fiducial,ILIS -1 side,ILIS -1 side,p126,p126,z,-2189.58,,mm,false
14,SSAT AL,fiducial,ILIS -1 side,ILIS -1 side,p127,p127,x,2492.52,,mm,false
14,SSAT AL,fiducial,ILIS -1 side,ILIS -1 side,p127,p127,y,-438.1,,mm,false
14,SSAT AL,fiducial,ILIS -1 side,ILIS -1 side,p127,p127,z,-2196.34,,mm,false
14,SSAT AL,fiducial,ILIS -1 side,ILIS -1 side,p128,p128,x,2217.52,,mm,false
14,SSAT AL,fiducial,ILIS -1 side,ILIS -1 side,p128,p128,y,-389.63,,mm,false
14,SSAT AL,fiducial,ILIS -1 side,ILIS -1 side,p128,p128,z,-2166.05,,mm,false
14,SSAT AL,fiducial,ILIS -1 side,ILIS -1 side,p129,p129,x,2222.04,,mm,false
14,SSAT AL,fiducial,ILIS -1 side,ILIS -1 side,p129,p129,y,-390.5,,mm,false
14,SSAT AL,fiducial,ILIS -1 side,ILIS -1 side,p129,p129,z,-2450.25,,mm,false
14,SSAT AL,fiducial,ILIS -1 side,ILIS -1 side,p130,p130,x,2502.33,,mm,false
14,SSAT AL,fiducial,ILIS -1 side,ILIS -1 side,p130,p130,y,-439.89,,mm,false
14,SSAT AL,fiducial,ILIS -1 side,ILIS -1 side,p130,p130,z,-2448.0,,mm,false
14,SSAT AL,fiducial,ILIS -1 side,ILIS -1 side,p131,p131,x,2751.08,,mm,false
14,SSAT AL,fiducial,ILIS -1 side,ILIS -1 side,p131,p131,y,-483.84,,mm,false
14,SSAT AL,fiducial,ILIS -1 side,ILIS -1 side,p131,p131,z,-2452.51,,mm,false
14,SSAT AL,fiducial,ILIS -1 side,ILIS -1 side,p132,p132,x,3027.78,,mm,false
14,SSAT AL,fiducial,ILIS -1 side,ILIS -1 side,p132,p132,y,-532.53,,mm,false
14,SSAT AL,fiducial,ILIS -1 side,ILIS -1 side,p132,p132,z,-2383.43,,mm,false
14,SSAT AL,fiducial,ILIS -1 side,ILIS -1 side,p133,p133,x,3015.69,,mm,false
14,SSAT AL,fiducial,ILIS -1 side,ILIS -1 side,p133,p133,y,-530.38,,mm,false
14,SSAT AL,fiducial,ILIS -1 side,ILIS -1 side,p133,p133,z,-2478.69,,mm,false
14,SSAT AL,fiducial,ILIS -1 side,ILIS -1 side,p134,p134,x,2746.62,,mm,false
14,SSAT AL,fiducial,ILIS -1 side,ILIS -1 side,p134,p134,y,-483.04,,mm,false
14,SSAT AL,fiducial,ILIS -1 side,ILIS -1 side,p134,p134,z,-2474.98,,mm,false
14,SSAT AL,fiducial,ILIS -1 side,ILIS -1 side,p135,p135,x,2467.52,,mm,false
14,SSAT AL,fiducial,ILIS -1 side,ILIS -1 side,p135,p135,y,-433.75,,mm,false
14,SSAT AL,fiducial,ILIS -1 side,ILIS -1 side,p135,p135,z,-2475.33,,mm,false
14,SSAT AL,fiducial,ILIS -1 side,ILIS -1 side,p136,p136,x,2292.51,,mm,false
14,SSAT AL,fiducial,ILIS -1 side,ILIS -1 side,p136,p136,y,-402.81,,mm,false
14,SSAT AL,fiducial,ILIS -1 side,ILIS -1 side,p136,p136,z,-2481.1,,mm,false
14,SSAT AL,fiducial,ILIS -1 side,ILIS -1 side,p137,p137,x,2173.4,,mm,false
14,SSAT AL,fiducial,ILIS -1 side,ILIS -1 side,p137,p137,y,-381.85,,mm,false
14,SSAT AL,fiducial,ILIS -1 side,ILIS -1 side,p137,p137,z,-2739.43,,mm,false
14,SSAT AL,fiducial,ILIS -1 side,ILIS -1 side,p138,p138,x,2511.77,,mm,false
14,SSAT AL,fiducial,ILIS -1 side,ILIS -1 side,p138,p138,y,-441.58,,mm,false
14,SSAT AL,fiducial,ILIS -1 side,ILIS -1 side,p138,p138,z,-2728.92,,mm,false
14,SSAT AL,fiducial,ILIS -1 side,ILIS -1 side,p139,p139,x,2738.74,,mm,false
14,SSAT AL,fiducial,ILIS -1 side,ILIS -1 side,p139,p139,y,-481.6,,mm,false
14,SSAT AL,fiducial,ILIS -1 side,ILIS -1 side,p139,p139,z,-2725.93,,mm,false
14,SSAT AL,fiducial,ILIS -1 side,ILIS -1 side,p140,p140,x,3030.22,,mm,false
14,SSAT AL,fiducial,ILIS -1 side,ILIS -1 side,p140,p140,y,-532.97,,mm,false
14,SSAT AL,fiducial,ILIS -1 side,ILIS -1 side,p140,p140,z,-2735.05,,mm,false
14,SSAT AL,fiducial,ILIS -1 side,ILIS -1 side,p141,p141,x,3028.34,,mm,false
14,SSAT AL,fiducial,ILIS -1 side,ILIS -1 side,p141,p141,y,-532.65,,mm,false
14,SSAT AL,fiducial,ILIS -1 side,ILIS -1 side,p141,p141,z,-3203.16,,mm,false
14,SSAT AL,fiducial,ILIS -1 side,ILIS -1 side,p142,p142,x,2739.82,,mm,false
14,SSAT AL,fiducial,ILIS -1 side,ILIS -1 side,p142,p142,y,-481.81,,mm,false
14,SSAT AL,fiducial,ILIS -1 side,ILIS -1 side,p142,p142,z,-3198.4,,mm,false
14,SSAT AL,fiducial,ILIS -1 side,ILIS -1 side,p143,p143,x,2443.41,,mm,false
14,SSAT AL,fiducial,ILIS -1 side,ILIS -1 side,p143,p143,y,-429.49,,mm,false
14,SSAT AL,fiducial,ILIS -1 side,ILIS -1 side,p143,p143,z,-3196.9,,mm,false
14,SSAT AL,fiducial,ILIS -1 side,ILIS -1 side,p144,p144,x,2170.61,,mm,false
14,SSAT AL,fiducial,ILIS -1 side,ILIS -1 side,p144,p144,y,-381.37,,mm,false
14,SSAT AL,fiducial,ILIS -1 side,ILIS -1 side,p144,p144,z,-3200.77,,mm,false
14,SSAT AL,fiducial,ILIS -1 side,ILIS -1 side,p145,p145,x,2171.77,,mm,false
14,SSAT AL,fiducial,ILIS -1 side,ILIS -1 side,p145,p145,y,-381.66,,mm,false
14,SSAT AL,fiducial,ILIS -1 side,ILIS -1 side,p145,p145,z,-3455.36,,mm,false
14,SSAT AL,fiducial,ILIS -1 side,ILIS -1 side,p146,p146,x,2460.54,,mm,false
14,SSAT AL,fiducial,ILIS -1 side,ILIS -1 side,p146,p146,y,-432.63,,mm,false
14,SSAT AL,fiducial,ILIS -1 side,ILIS -1 side,p146,p146,z,-3458.16,,mm,false
14,SSAT AL,fiducial,ILIS -1 side,ILIS -1 side,p147,p147,x,2744.13,,mm,false
14,SSAT AL,fiducial,ILIS -1 side,ILIS -1 side,p147,p147,y,-482.63,,mm,false
14,SSAT AL,fiducial,ILIS -1 side,ILIS -1 side,p147,p147,z,-3454.66,,mm,false
14,SSAT AL,fiducial,ILIS -1 side,ILIS -1 side,p148,p148,x,3013.58,,mm,false
14,SSAT AL,fiducial,ILIS -1 side,ILIS -1 side,p148,p148,y,-530.17,,mm,false
14,SSAT AL,fiducial,ILIS -1 side,ILIS -1 side,p148,p148,z,-3461.1,,mm,false
14,SSAT AL,fiducial,ILIS -1 side,ILIS -1 side,p149,p149,x,2183.83,,mm,false
14,SSAT AL,fiducial,ILIS -1 side,ILIS -1 side,p149,p149,y,-383.76,,mm,false
14,SSAT AL,fiducial,ILIS -1 side,ILIS -1 side,p149,p149,z,-3495.27,,mm,false
14,SSAT AL,fiducial,ILIS -1 side,ILIS -1 side,p150,p150,x,2396.3,,mm,false
14,SSAT AL,fiducial,ILIS -1 side,ILIS -1 side,p150,p150,y,-421.25,,mm,false
14,SSAT AL,fiducial,ILIS -1 side,ILIS -1 side,p150,p150,z,-3493.01,,mm,false
14,SSAT AL,fiducial,ILIS -1 side,ILIS -1 side,p151,p151,x,2578.65,,mm,false
14,SSAT AL,fiducial,ILIS -1 side,ILIS -1 side,p151,p151,y,-453.42,,mm,false
14,SSAT AL,fiducial,ILIS -1 side,ILIS -1 side,p151,p151,z,-3493.07,,mm,false
14,SSAT AL,fiducial,ILIS -1 side,ILIS -1 side,p152,p152,x,2568.61,,mm,false
14,SSAT AL,fiducial,ILIS -1 side,ILIS -1 side,p152,p152,y,-451.71,,mm,false
14,SSAT AL,fiducial,ILIS -1 side,ILIS -1 side,p152,p152,z,-3685.86,,mm,false
14,SSAT AL,fiducial,ILIS -1 side,ILIS -1 side,p153,p153,x,2386.06,,mm,false
14,SSAT AL,fiducial,ILIS -1 side,ILIS -1 side,p153,p153,y,-419.47,,mm,false
14,SSAT AL,fiducial,ILIS -1 side,ILIS -1 side,p153,p153,z,-3680.58,,mm,false
14,SSAT AL,fiducial,ILIS -1 side,ILIS -1 side,p154,p154,x,2187.99,,mm,false
14,SSAT AL,fiducial,ILIS -1 side,ILIS -1 side,p154,p154,y,-384.51,,mm,false
14,SSAT AL,fiducial,ILIS -1 side,ILIS -1 side,p154,p154,z,-3726.74,,mm,false
14,SSAT AL,fiducial,ILIS -1 side,ILIS -1 side,p155,p155,x,2208.66,,mm,false
14,SSAT AL,fiducial,ILIS -1 side,ILIS -1 side,p155,p155,y,-388.17,,mm,false
14,SSAT AL,fiducial,ILIS -1 side,ILIS -1 side,p155,p155,z,-3952.71,,mm,false
14,SSAT AL,fiducial,ILIS -1 side,ILIS -1 side,p156,p156,x,2377.15,,mm,false
14,SSAT AL,fiducial,ILIS -1 side,ILIS -1 side,p156,p156,y,-417.95,,mm,false
14,SSAT AL,fiducial,ILIS -1 side,ILIS -1 side,p156,p156,z,-3947.63,,mm,false
14,SSAT AL,fiducial,ILIS -1 side,ILIS -1 side,p157,p157,x,2572.6,,mm,false
14,SSAT AL,fiducial,ILIS -1 side,ILIS -1 side,p157,p157,y,-452.44,,mm,false
14,SSAT AL,fiducial,ILIS -1 side,ILIS -1 side,p157,p157,z,-3945.62,,mm,false
14,SSAT AL,fiducial,ILIS -1 side,ILIS -1 side,p158,p158,x,2627.14,,mm,false
14,SSAT AL,fiducial,ILIS -1 side,ILIS -1 side,p158,p158,y,-461.97,,mm,false
14,SSAT AL,fiducial,ILIS -1 side,ILIS -1 side,p158,p158,z,-3488.54,,mm,false
14,SSAT AL,fiducial,ILIS -1 side,ILIS -1 side,p159,p159,x,2828.06,,mm,false
14,SSAT AL,fiducial,ILIS -1 side,ILIS -1 side,p159,p159,y,-497.39,,mm,false
14,SSAT AL,fiducial,ILIS -1 side,ILIS -1 side,p159,p159,z,-3490.56,,mm,false
14,SSAT AL,fiducial,ILIS -1 side,ILIS -1 side,p160,p160,x,3019.89,,mm,false
14,SSAT AL,fiducial,ILIS -1 side,ILIS -1 side,p160,p160,y,-531.22,,mm,false
14,SSAT AL,fiducial,ILIS -1 side,ILIS -1 side,p160,p160,z,-3493.42,,mm,false
14,SSAT AL,fiducial,ILIS -1 side,ILIS -1 side,p161,p161,x,2883.79,,mm,false
14,SSAT AL,fiducial,ILIS -1 side,ILIS -1 side,p161,p161,y,-507.29,,mm,false
14,SSAT AL,fiducial,ILIS -1 side,ILIS -1 side,p161,p161,z,-3736.22,,mm,false
14,SSAT AL,fiducial,ILIS -1 side,ILIS -1 side,p162,p162,x,3023.77,,mm,false
14,SSAT AL,fiducial,ILIS -1 side,ILIS -1 side,p162,p162,y,-531.92,,mm,false
14,SSAT AL,fiducial,ILIS -1 side,ILIS -1 side,p162,p162,z,-3729.35,,mm,false
14,SSAT AL,fiducial,ILIS -1 side,ILIS -1 side,p163,p163,x,2620.08,,mm,false
14,SSAT AL,fiducial,ILIS -1 side,ILIS -1 side,p163,p163,y,-460.77,,mm,false
14,SSAT AL,fiducial,ILIS -1 side,ILIS -1 side,p163,p163,z,-3713.72,,mm,false
14,SSAT AL,fiducial,ILIS -1 side,ILIS -1 side,p164,p164,x,2634.25,,mm,false
14,SSAT AL,fiducial,ILIS -1 side,ILIS -1 side,p164,p164,y,-463.35,,mm,false
14,SSAT AL,fiducial,ILIS -1 side,ILIS -1 side,p164,p164,z,-3947.85,,mm,false
14,SSAT AL,fiducial,ILIS -1 side,ILIS -1 side,p165,p165,x,2832.94,,mm,false
14,SSAT AL,fiducial,ILIS -1 side,ILIS -1 side,p165,p165,y,-498.41,,mm,false
14,SSAT AL,fiducial,ILIS -1 side,ILIS -1 side,p165,p165,z,-3926.57,,mm,false
14,SSAT AL,fiducial,ILIS -1 side,ILIS -1 side,p166,p166,x,2954.01,,mm,false
14,SSAT AL,fiducial,ILIS -1 side,ILIS -1 side,p166,p166,y,-519.67,,mm,false
14,SSAT AL,fiducial,ILIS -1 side,ILIS -1 side,p166,p166,z,-3937.23,,mm,false
14,SSAT AL,fiducial,ILIS -1 side,ILIS -1 side,p167,p167,x,2569.77,,mm,false
14,SSAT AL,fiducial,ILIS -1 side,ILIS -1 side,p167,p167,y,-451.94,,mm,false
14,SSAT AL,fiducial,ILIS -1 side,ILIS -1 side,p167,p167,z,-3995.21,,mm,false
14,SSAT AL,fiducial,ILIS -1 side,ILIS -1 side,p168,p168,x,2203.11,,mm,false
14,SSAT AL,fiducial,ILIS -1 side,ILIS -1 side,p168,p168,y,-387.2,,mm,false
14,SSAT AL,fiducial,ILIS -1 side,ILIS -1 side,p168,p168,z,-3994.85,,mm,false
14,SSAT AL,fiducial,ILIS -1 side,ILIS -1 side,p169,p169,x,2382.37,,mm,false
14,SSAT AL,fiducial,ILIS -1 side,ILIS -1 side,p169,p169,y,-418.84,,mm,false
14,SSAT AL,fiducial,ILIS -1 side,ILIS -1 side,p169,p169,z,-3989.71,,mm,false
14,SSAT AL,fiducial,ILIS -1 side,ILIS -1 side,p170,p170,x,2568.3,,mm,false
14,SSAT AL,fiducial,ILIS -1 side,ILIS -1 side,p170,p170,y,-451.71,,mm,false
14,SSAT AL,fiducial,ILIS -1 side,ILIS -1 side,p170,p170,z,-4123.45,,mm,false
14,SSAT AL,fiducial,ILIS -1 side,ILIS -1 side,p171,p171,x,2385.62,,mm,false
14,SSAT AL,fiducial,ILIS -1 side,ILIS -1 side,p171,p171,y,-419.44,,mm,false
14,SSAT AL,fiducial,ILIS -1 side,ILIS -1 side,p171,p171,z,-4121.89,,mm,false
14,SSAT AL,fiducial,ILIS -1 side,ILIS -1 side,p172,p172,x,2198.49,,mm,false
14,SSAT AL,fiducial,ILIS -1 side,ILIS -1 side,p172,p172,y,-386.39,,mm,false
14,SSAT AL,fiducial,ILIS -1 side,ILIS -1 side,p172,p172,z,-4154.9,,mm,false
14,SSAT AL,fiducial,ILIS -1 side,ILIS -1 side,p173,p173,x,2298.76,,mm,false
14,SSAT AL,fiducial,ILIS -1 side,ILIS -1 side,p173,p173,y,-404.09,,mm,false
14,SSAT AL,fiducial,ILIS -1 side,ILIS -1 side,p173,p173,z,-4440.29,,mm,false
14,SSAT AL,fiducial,ILIS -1 side,ILIS -1 side,p174,p174,x,2580.88,,mm,false
14,SSAT AL,fiducial,ILIS -1 side,ILIS -1 side,p174,p174,y,-453.92,,mm,false
14,SSAT AL,fiducial,ILIS -1 side,ILIS -1 side,p174,p174,z,-4444.44,,mm,false
14,SSAT AL,fiducial,ILIS -1 side,ILIS -1 side,p175,p175,x,2422.79,,mm,false
14,SSAT AL,fiducial,ILIS -1 side,ILIS -1 side,p175,p175,y,-426.0,,mm,false
14,SSAT AL,fiducial,ILIS -1 side,ILIS -1 side,p175,p175,z,-4450.05,,mm,false
14,SSAT AL,fiducial,ILIS -1 side,ILIS -1 side,p176,p176,x,2623.45,,mm,false
14,SSAT AL,fiducial,ILIS -1 side,ILIS -1 side,p176,p176,y,-461.39,,mm,false
14,SSAT AL,fiducial,ILIS -1 side,ILIS -1 side,p176,p176,z,-3991.17,,mm,false
14,SSAT AL,fiducial,ILIS -1 side,ILIS -1 side,p177,p177,x,2794.08,,mm,false
14,SSAT AL,fiducial,ILIS -1 side,ILIS -1 side,p177,p177,y,-491.55,,mm,false
14,SSAT AL,fiducial,ILIS -1 side,ILIS -1 side,p177,p177,z,-3985.42,,mm,false
14,SSAT AL,fiducial,ILIS -1 side,ILIS -1 side,p178,p178,x,3016.89,,mm,false
14,SSAT AL,fiducial,ILIS -1 side,ILIS -1 side,p178,p178,y,-530.73,,mm,false
14,SSAT AL,fiducial,ILIS -1 side,ILIS -1 side,p178,p178,z,-3992.48,,mm,false
14,SSAT AL,fiducial,ILIS -1 side,ILIS -1 side,p179,p179,x,3024.44,,mm,false
14,SSAT AL,fiducial,ILIS -1 side,ILIS -1 side,p179,p179,y,-532.11,,mm,false
14,SSAT AL,fiducial,ILIS -1 side,ILIS -1 side,p179,p179,z,-4179.18,,mm,false
14,SSAT AL,fiducial,ILIS -1 side,ILIS -1 side,p180,p180,x,2808.85,,mm,false
14,SSAT AL,fiducial,ILIS -1 side,ILIS -1 side,p180,p180,y,-494.17,,mm,false
14,SSAT AL,fiducial,ILIS -1 side,ILIS -1 side,p180,p180,z,-4165.67,,mm,false
14,SSAT AL,fiducial,ILIS -1 side,ILIS -1 side,p181,p181,x,2671.83,,mm,false
14,SSAT AL,fiducial,ILIS -1 side,ILIS -1 side,p181,p181,y,-470.06,,mm,false
14,SSAT AL,fiducial,ILIS -1 side,ILIS -1 side,p181,p181,z,-4197.56,,mm,false
14,SSAT AL,fiducial,ILIS -1 side,ILIS -1 side,p182,p182,x,2659.12,,mm,false
14,SSAT AL,fiducial,ILIS -1 side,ILIS -1 side,p182,p182,y,-467.76,,mm,false
14,SSAT AL,fiducial,ILIS -1 side,ILIS -1 side,p182,p182,z,-4439.79,,mm,false
14,SSAT AL,fiducial,ILIS -1 side,ILIS -1 side,p183,p183,x,2792.48,,mm,false
14,SSAT AL,fiducial,ILIS -1 side,ILIS -1 side,p183,p183,y,-491.27,,mm,false
14,SSAT AL,fiducial,ILIS -1 side,ILIS -1 side,p183,p183,z,-4445.0,,mm,false
14,SSAT AL,fiducial,ILIS -1 side,ILIS -1 side,p184,p184,x,2960.84,,mm,false
14,SSAT AL,fiducial,ILIS -1 side,ILIS -1 side,p184,p184,y,-520.96,,mm,false
14,SSAT AL,fiducial,ILIS -1 side,ILIS -1 side,p184,p184,z,-4434.3,,mm,false
15,SSAT AL,fiducial,CCL,CCL,A,A,x,2714.624817337234,1.1,mm,false
15,SSAT AL,fiducial,CCL,CCL,A,A,y,-0.0707266292789175,1.1,mm,false
15,SSAT AL,fiducial,CCL,CCL,A,A,z,-3697.464405023102,1.1,mm,false
15,SSAT AL,fiducial,CCL,CCL,B,B,x,2713.266308205179,1.1,mm,false
15,SSAT AL,fiducial,CCL,CCL,B,B,y,-0.2673885436277711,1.1,mm,false
15,SSAT AL,fiducial,CCL,CCL,B,B,z,3698.765070587164,1.1,mm,false
15,SSAT AL,fiducial,CCL,CCL,C,C,x,5332.315123005219,1.6,mm,false
15,SSAT AL,fiducial,CCL,CCL,C,C,y,-2.716573986727551,1.6,mm,false
15,SSAT AL,fiducial,CCL,CCL,C,C,z,6295.610378736959,1.6,mm,false
15,SSAT AL,fiducial,CCL,CCL,D,D,x,8978.823052641425,1.3,mm,false
15,SSAT AL,fiducial,CCL,CCL,D,D,y,-1.399399219075962,1.3,mm,false
15,SSAT AL,fiducial,CCL,CCL,D,D,z,4435.743682361742,1.3,mm,false
15,SSAT AL,fiducial,CCL,CCL,E,E,x,9585.384594974017,1.3,mm,false
15,SSAT AL,fiducial,CCL,CCL,E,E,y,2.074939331980088,1.3,mm,false
15,SSAT AL,fiducial,CCL,CCL,E,E,z,-3695.106782502313,1.3,mm,false
15,SSAT AL,fiducial,CCL,CCL,F,F',x,3399.059994001229,1.6,mm,false
15,SSAT AL,fiducial,CCL,CCL,F,F',y,0.1926817242263903,1.6,mm,false
15,SSAT AL,fiducial,CCL,CCL,F,F',z,-5596.930646650529,1.6,mm,false
15,SSAT AL,fiducial,CCL,CCL,G,G,x,10730.87355802441,1.6,mm,false
15,SSAT AL,fiducial,CCL,CCL,G,G,y,-0.4640425415065029,1.6,mm,false
15,SSAT AL,fiducial,CCL,CCL,G,G,z,-0.4181560748675361,1.6,mm,false
15,SSAT AL,fiducial,CCL,CCL,H,H,x,2714.231160032157,1.6,mm,false
15,SSAT AL,fiducial,CCL,CCL,H,H,y,0.002182800923333311,1.6,mm,false
15,SSAT AL,fiducial,CCL,CCL,H,H,z,-0.2914079073050644,1.6,mm,false
15,SSAT AL,fiducial,Fiducial,Fiducial,TF15_A1-AU,TF15_A1-AU,x,2145.24,,mm,false
15,SSAT AL,fiducial,Fiducial,Fiducial,TF15_A1-AU,TF15_A1-AU,y,0.13,,mm,false
15,SSAT AL,fiducial,Fiducial,Fiducial,TF15_A1-AU,TF15_A1-AU,z,-3699.59,,mm,false
15,SSAT AL,fiducial,Fiducial,Fiducial,TF15_A2-AU,TF15_A2-AU,x,2707.97,,mm,false
15,SSAT AL,fiducial,Fiducial,Fiducial,TF15_A2-AU,TF15_A2-AU,y,519.14,,mm,false
15,SSAT AL,fiducial,Fiducial,Fiducial,TF15_A2-AU,TF15_A2-AU,z,-3700.12,,mm,false
15,SSAT AL,fiducial,Fiducial,Fiducial,TF15_B1-AU,TF15_B1-AU,x,2143.83,,mm,false
15,SSAT AL,fiducial,Fiducial,Fiducial,TF15_B1-AU,TF15_B1-AU,y,-0.17,,mm,false
15,SSAT AL,fiducial,Fiducial,Fiducial,TF15_B1-AU,TF15_B1-AU,z,3700.15,,mm,false
15,SSAT AL,fiducial,Fiducial,Fiducial,TF15_B2-AU,TF15_B2-AU,x,2706.94,,mm,false
15,SSAT AL,fiducial,Fiducial,Fiducial,TF15_B2-AU,TF15_B2-AU,y,519.22,,mm,false
15,SSAT AL,fiducial,Fiducial,Fiducial,TF15_B2-AU,TF15_B2-AU,z,3701.08,,mm,false
15,SSAT AL,fiducial,Fiducial,Fiducial,TF15_FLAT.3,TF15_FLAT.3,x,10723.29,,mm,false
15,SSAT AL,fiducial,Fiducial,Fiducial,TF15_FLAT.3,TF15_FLAT.3,y,-545.79,,mm,false
15,SSAT AL,fiducial,Fiducial,Fiducial,TF15_FLAT.3,TF15_FLAT.3,z,3354.3,,mm,false
15,SSAT AL,fiducial,Fiducial,Fiducial,TF15_FLAT.4,TF15_FLAT.4,x,10060.3,,mm,false
15,SSAT AL,fiducial,Fiducial,Fiducial,TF15_FLAT.4,TF15_FLAT.4,y,-1497.83,,mm,false
15,SSAT AL,fiducial,Fiducial,Fiducial,TF15_FLAT.4,TF15_FLAT.4,z,2970.34,,mm,false
15,SSAT AL,fiducial,Fiducial,Fiducial,TF15_FLAT.5,TF15_FLAT.5,x,9787.49,,mm,false
15,SSAT AL,fiducial,Fiducial,Fiducial,TF15_FLAT.5,TF15_FLAT.5,y,-1458.65,,mm,false
15,SSAT AL,fiducial,Fiducial,Fiducial,TF15_FLAT.5,TF15_FLAT.5,z,3476.95,,mm,false
15,SSAT AL,fiducial,Fiducial,Fiducial,TF15_G1-BU,TF15_G1-BU,x,11232.48,,mm,false
15,SSAT AL,fiducial,Fiducial,Fiducial,TF15_G1-BU,TF15_G1-BU,y,0.65,,mm,false
15,SSAT AL,fiducial,Fiducial,Fiducial,TF15_G1-BU,TF15_G1-BU,z,0.06,,mm,false
15,SSAT AL,fiducial,Fiducial,Fiducial,TF15_H1-AU,TF15_H1-AU,x,2145.41,,mm,false
15,SSAT AL,fiducial,Fiducial,Fiducial,TF15_H1-AU,TF15_H1-AU,y,-0.3,,mm,false
15,SSAT AL,fiducial,Fiducial,Fiducial,TF15_H1-AU,TF15_H1-AU,z,0.21,,mm,false
15,SSAT AL,fiducial,Fiducial,Fiducial,TF15_H2-AU,TF15_H2-AU,x,2709.11,,mm,false
15,SSAT AL,fiducial,Fiducial,Fiducial,TF15_H2-AU,TF15_H2-AU,y,519.19,,mm,false
15,SSAT AL,fiducial,Fiducial,Fiducial,TF15_H2-AU,TF15_H2-AU,z,-0.46,,mm,false
15,SSAT AL,fiducial,Fiducial,Fiducial,TF15_P13-IOIS,TF15_P13-IOIS,x,9294.71,,mm,false
15,SSAT AL,fiducial,Fiducial,Fiducial,TF15_P13-IOIS,TF15_P13-IOIS,y,1672.46,,mm,false
15,SSAT AL,fiducial,Fiducial,Fiducial,TF15_P13-IOIS,TF15_P13-IOIS,z,3876.42,,mm,false
15,SSAT AL,fiducial,Fiducial,Fiducial,TF15_P14-IOIS,TF15_P14-IOIS,x,10096.31,,mm,false
15,SSAT AL,fiducial,Fiducial,Fiducial,TF15_P14-IOIS,TF15_P14-IOIS,y,1813.71,,mm,false
15,SSAT AL,fiducial,Fiducial,Fiducial,TF15_P14-IOIS,TF15_P14-IOIS,z,2376.22,,mm,false
15,SSAT AL,fiducial,Fiducial,Fiducial,TF15_P15-IOIS,TF15_P15-IOIS,x,10478.6,,mm,false
15,SSAT AL,fiducial,Fiducial,Fiducial,TF15_P15-IOIS,TF15_P15-IOIS,y,1881.34,,mm,false
15,SSAT AL,fiducial,Fiducial,Fiducial,TF15_P15-IOIS,TF15_P15-IOIS,z,-1246.41,,mm,false
15,SSAT AL,fiducial,Fiducial,Fiducial,TF15_P16-IOIS,TF15_P16-IOIS,x,9864.41,,mm,false
15,SSAT AL,fiducial,Fiducial,Fiducial,TF15_P16-IOIS,TF15_P16-IOIS,y,1772.79,,mm,false
15,SSAT AL,fiducial,Fiducial,Fiducial,TF15_P16-IOIS,TF15_P16-IOIS,z,-2996.21,,mm,false
15,SSAT AL,fiducial,Fiducial,Fiducial,TF15_P1-OIS,TF15_P1-OIS,x,5989.21,,mm,false
15,SSAT AL,fiducial,Fiducial,Fiducial,TF15_P1-OIS,TF15_P1-OIS,y,1095.01,,mm,false
15,SSAT AL,fiducial,Fiducial,Fiducial,TF15_P1-OIS,TF15_P1-OIS,z,6589.56,,mm,false
15,SSAT AL,fiducial,Fiducial,Fiducial,TF15_P2-OIS,TF15_P2-OIS,x,7538.0,,mm,false
15,SSAT AL,fiducial,Fiducial,Fiducial,TF15_P2-OIS,TF15_P2-OIS,y,1367.91,,mm,false
15,SSAT AL,fiducial,Fiducial,Fiducial,TF15_P2-OIS,TF15_P2-OIS,z,6355.75,,mm,false
15,SSAT AL,fiducial,Fiducial,Fiducial,TF15_P3-OIS,TF15_P3-OIS,x,5989.76,,mm,false
15,SSAT AL,fiducial,Fiducial,Fiducial,TF15_P3-OIS,TF15_P3-OIS,y,1092.71,,mm,false
15,SSAT AL,fiducial,Fiducial,Fiducial,TF15_P3-OIS,TF15_P3-OIS,z,6118.7,,mm,false
15,SSAT AL,fiducial,Fiducial,Fiducial,TF15_P6-OIS,TF15_P6-OIS,x,5988.61,,mm,false
15,SSAT AL,fiducial,Fiducial,Fiducial,TF15_P6-OIS,TF15_P6-OIS,y,1093.4,,mm,false
15,SSAT AL,fiducial,Fiducial,Fiducial,TF15_P6-OIS,TF15_P6-OIS,z,-6593.38,,mm,false
15,SSAT AL,fiducial,Fiducial,Fiducial,TF15_S01 Added fiducial.10,TF15_S01 Added fiducial.10,x,10785.53,,mm,false
15,SSAT AL,fiducial,Fiducial,Fiducial,TF15_S01 Added fiducial.10,TF15_S01 Added fiducial.10,y,548.68,,mm,false
15,SSAT AL,fiducial,Fiducial,Fiducial,TF15_S01 Added fiducial.10,TF15_S01 Added fiducial.10,z,3420.51,,mm,false
15,SSAT AL,fiducial,Fiducial,Fiducial,TF15_S01 Added fiducial.11,TF15_S01 Added fiducial.11,x,10202.19,,mm,false
15,SSAT AL,fiducial,Fiducial,Fiducial,TF15_S01 Added fiducial.11,TF15_S01 Added fiducial.11,y,1702.61,,mm,false
15,SSAT AL,fiducial,Fiducial,Fiducial,TF15_S01 Added fiducial.11,TF15_S01 Added fiducial.11,z,2407.06,,mm,false
15,SSAT AL,fiducial,Fiducial,Fiducial,TF15_S01 Added fiducial.12,TF15_S01 Added fiducial.12,x,9962.35,,mm,false
15,SSAT AL,fiducial,Fiducial,Fiducial,TF15_S01 Added fiducial.12,TF15_S01 Added fiducial.12,y,1054.88,,mm,false
15,SSAT AL,fiducial,Fiducial,Fiducial,TF15_S01 Added fiducial.12,TF15_S01 Added fiducial.12,z,3194.27,,mm,false
15,SSAT AL,fiducial,Fiducial,Fiducial,TF15_S01 Added fiducial.13,TF15_S01 Added fiducial.13,x,9368.63,,mm,false
15,SSAT AL,fiducial,Fiducial,Fiducial,TF15_S01 Added fiducial.13,TF15_S01 Added fiducial.13,y,1589.69,,mm,false
15,SSAT AL,fiducial,Fiducial,Fiducial,TF15_S01 Added fiducial.13,TF15_S01 Added fiducial.13,z,3954.14,,mm,false
15,SSAT AL,fiducial,Fiducial,Fiducial,TF15_S01 Added fiducial.14,TF15_S01 Added fiducial.14,x,11037.61,,mm,false
15,SSAT AL,fiducial,Fiducial,Fiducial,TF15_S01 Added fiducial.14,TF15_S01 Added fiducial.14,y,57.14,,mm,false
15,SSAT AL,fiducial,Fiducial,Fiducial,TF15_S01 Added fiducial.14,TF15_S01 Added fiducial.14,z,-2143.19,,mm,false
15,SSAT AL,fiducial,Fiducial,Fiducial,TF15_S01 Added fiducial.15,TF15_S01 Added fiducial.15,x,10933.09,,mm,false
15,SSAT AL,fiducial,Fiducial,Fiducial,TF15_S01 Added fiducial.15,TF15_S01 Added fiducial.15,y,547.3,,mm,false
15,SSAT AL,fiducial,Fiducial,Fiducial,TF15_S01 Added fiducial.15,TF15_S01 Added fiducial.15,z,-2163.33,,mm,false
15,SSAT AL,fiducial,Fiducial,Fiducial,TF15_S01 Added fiducial.16,TF15_S01 Added fiducial.16,x,9951.77,,mm,false
15,SSAT AL,fiducial,Fiducial,Fiducial,TF15_S01 Added fiducial.16,TF15_S01 Added fiducial.16,y,1685.69,,mm,false
15,SSAT AL,fiducial,Fiducial,Fiducial,TF15_S01 Added fiducial.16,TF15_S01 Added fiducial.16,z,-3061.92,,mm,false
15,SSAT AL,fiducial,Fiducial,Fiducial,TF15_S01 Added fiducial.17,TF15_S01 Added fiducial.17,x,10396.63,,mm,false
15,SSAT AL,fiducial,Fiducial,Fiducial,TF15_S01 Added fiducial.17,TF15_S01 Added fiducial.17,y,1196.48,,mm,false
15,SSAT AL,fiducial,Fiducial,Fiducial,TF15_S01 Added fiducial.17,TF15_S01 Added fiducial.17,z,-2150.6,,mm,false
15,SSAT AL,fiducial,Fiducial,Fiducial,TF15_S01 Added fiducial.18,TF15_S01 Added fiducial.18,x,10597.15,,mm,false
15,SSAT AL,fiducial,Fiducial,Fiducial,TF15_S01 Added fiducial.18,TF15_S01 Added fiducial.18,y,1801.76,,mm,false
15,SSAT AL,fiducial,Fiducial,Fiducial,TF15_S01 Added fiducial.18,TF15_S01 Added fiducial.18,z,-1229.86,,mm,false
15,SSAT AL,fiducial,Fiducial,Fiducial,TF15_S01 Added fiducial.19,TF15_S01 Added fiducial.19,x,11190.0,,mm,false
15,SSAT AL,fiducial,Fiducial,Fiducial,TF15_S01 Added fiducial.19,TF15_S01 Added fiducial.19,y,386.17,,mm,false
15,SSAT AL,fiducial,Fiducial,Fiducial,TF15_S01 Added fiducial.19,TF15_S01 Added fiducial.19,z,3268.97,,mm,false
15,SSAT AL,fiducial,Fiducial,Fiducial,TF15_S01 Added fiducial.20,TF15_S01 Added fiducial.20,x,11189.32,,mm,false
15,SSAT AL,fiducial,Fiducial,Fiducial,TF15_S01 Added fiducial.20,TF15_S01 Added fiducial.20,y,410.97,,mm,false
15,SSAT AL,fiducial,Fiducial,Fiducial,TF15_S01 Added fiducial.20,TF15_S01 Added fiducial.20,z,2721.61,,mm,false
15,SSAT AL,fiducial,Fiducial,Fiducial,TF15_TFC LEG_ADDED_20,TF15_TFC LEG_ADDED_20,x,11059.58,,mm,false
15,SSAT AL,fiducial,Fiducial,Fiducial,TF15_TFC LEG_ADDED_20,TF15_TFC LEG_ADDED_20,y,-829.9,,mm,false
15,SSAT AL,fiducial,Fiducial,Fiducial,TF15_TFC LEG_ADDED_20,TF15_TFC LEG_ADDED_20,z,-4674.06,,mm,false
15,SSAT AL,fiducial,Fiducial,Fiducial,TF15_TFC LEG_ADDED_21,TF15_TFC LEG_ADDED_21,x,11216.38,,mm,false
15,SSAT AL,fiducial,Fiducial,Fiducial,TF15_TFC LEG_ADDED_21,TF15_TFC LEG_ADDED_21,y,-640.65,,mm,false
15,SSAT AL,fiducial,Fiducial,Fiducial,TF15_TFC LEG_ADDED_21,TF15_TFC LEG_ADDED_21,z,-4563.83,,mm,false
15,SSAT AL,fiducial,Fiducial,Fiducial,TF15_TFC LEG_ADDED_22,TF15_TFC LEG_ADDED_22,x,10912.48,,mm,false
15,SSAT AL,fiducial,Fiducial,Fiducial,TF15_TFC LEG_ADDED_22,TF15_TFC LEG_ADDED_22,y,-547.59,,mm,false
15,SSAT AL,fiducial,Fiducial,Fiducial,TF15_TFC LEG_ADDED_22,TF15_TFC LEG_ADDED_22,z,-4347.32,,mm,false
15,SSAT AL,fiducial,Fiducial,Fiducial,TF15_TFC LEG_ADDED_23,TF15_TFC LEG_ADDED_23,x,10911.81,,mm,false
15,SSAT AL,fiducial,Fiducial,Fiducial,TF15_TFC LEG_ADDED_23,TF15_TFC LEG_ADDED_23,y,-547.82,,mm,false
15,SSAT AL,fiducial,Fiducial,Fiducial,TF15_TFC LEG_ADDED_23,TF15_TFC LEG_ADDED_23,z,-4150.59,,mm,false
15,SSAT AL,fiducial,Fiducial,Fiducial,TF15_TFC LEG_ADDED_24,TF15_TFC LEG_ADDED_24,x,10513.87,,mm,false
15,SSAT AL,fiducial,Fiducial,Fiducial,TF15_TFC LEG_ADDED_24,TF15_TFC LEG_ADDED_24,y,-547.89,,mm,false
15,SSAT AL,fiducial,Fiducial,Fiducial,TF15_TFC LEG_ADDED_24,TF15_TFC LEG_ADDED_24,z,-3831.19,,mm,false
15,SSAT AL,fiducial,Fiducial,Fiducial,TF15_TFC LEG_ADDED_25,TF15_TFC LEG_ADDED_25,x,10100.98,,mm,false
15,SSAT AL,fiducial,Fiducial,Fiducial,TF15_TFC LEG_ADDED_25,TF15_TFC LEG_ADDED_25,y,-547.61,,mm,false
15,SSAT AL,fiducial,Fiducial,Fiducial,TF15_TFC LEG_ADDED_25,TF15_TFC LEG_ADDED_25,z,-4149.64,,mm,false
15,SSAT AL,fiducial,Fiducial,Fiducial,TF15_TFC LEG_ADDED_26,TF15_TFC LEG_ADDED_26,x,11216.27,,mm,false
15,SSAT AL,fiducial,Fiducial,Fiducial,TF15_TFC LEG_ADDED_26,TF15_TFC LEG_ADDED_26,y,668.2,,mm,false
15,SSAT AL,fiducial,Fiducial,Fiducial,TF15_TFC LEG_ADDED_26,TF15_TFC LEG_ADDED_26,z,-4558.46,,mm,false
15,SSAT AL,fiducial,Fiducial,Fiducial,TF15_TFC LEG_ADDED_27,TF15_TFC LEG_ADDED_27,x,10098.91,,mm,false
15,SSAT AL,fiducial,Fiducial,Fiducial,TF15_TFC LEG_ADDED_27,TF15_TFC LEG_ADDED_27,y,-547.53,,mm,false
15,SSAT AL,fiducial,Fiducial,Fiducial,TF15_TFC LEG_ADDED_27,TF15_TFC LEG_ADDED_27,z,-4346.51,,mm,false
15,SSAT AL,fiducial,Fiducial,Fiducial,TF15_TFC LEG_ADDED_28,TF15_TFC LEG_ADDED_28,x,11039.51,,mm,false
15,SSAT AL,fiducial,Fiducial,Fiducial,TF15_TFC LEG_ADDED_28,TF15_TFC LEG_ADDED_28,y,-37.5,,mm,false
15,SSAT AL,fiducial,Fiducial,Fiducial,TF15_TFC LEG_ADDED_28,TF15_TFC LEG_ADDED_28,z,-3761.02,,mm,false
15,SSAT AL,fiducial,Fiducial,Fiducial,TF15_TFC LEG_ADDED_29,TF15_TFC LEG_ADDED_29,x,9979.87,,mm,false
15,SSAT AL,fiducial,Fiducial,Fiducial,TF15_TFC LEG_ADDED_29,TF15_TFC LEG_ADDED_29,y,-829.64,,mm,false
15,SSAT AL,fiducial,Fiducial,Fiducial,TF15_TFC LEG_ADDED_29,TF15_TFC LEG_ADDED_29,z,-4667.57,,mm,false
15,SSAT AL,fiducial,Fiducial,Fiducial,TF15_TFC LEG_ADDED_30,TF15_TFC LEG_ADDED_30,x,10102.76,,mm,false
15,SSAT AL,fiducial,Fiducial,Fiducial,TF15_TFC LEG_ADDED_30,TF15_TFC LEG_ADDED_30,y,547.65,,mm,false
15,SSAT AL,fiducial,Fiducial,Fiducial,TF15_TFC LEG_ADDED_30,TF15_TFC LEG_ADDED_30,z,-4151.2,,mm,false
15,SSAT AL,fiducial,Fiducial,Fiducial,TF15_TFC LEG_ADDED_31,TF15_TFC LEG_ADDED_31,x,10106.26,,mm,false
15,SSAT AL,fiducial,Fiducial,Fiducial,TF15_TFC LEG_ADDED_31,TF15_TFC LEG_ADDED_31,y,547.49,,mm,false
15,SSAT AL,fiducial,Fiducial,Fiducial,TF15_TFC LEG_ADDED_31,TF15_TFC LEG_ADDED_31,z,-4355.84,,mm,false
15,SSAT AL,fiducial,Fiducial,Fiducial,TF15_TFC LEG_ADDED_34,TF15_TFC LEG_ADDED_34,x,10915.4,,mm,false
15,SSAT AL,fiducial,Fiducial,Fiducial,TF15_TFC LEG_ADDED_34,TF15_TFC LEG_ADDED_34,y,547.33,,mm,false
15,SSAT AL,fiducial,Fiducial,Fiducial,TF15_TFC LEG_ADDED_34,TF15_TFC LEG_ADDED_34,z,-4350.71,,mm,false
15,SSAT AL,fiducial,Fiducial,Fiducial,TF15_TFC LEG_ADDED_35,TF15_TFC LEG_ADDED_35,x,10500.61,,mm,false
15,SSAT AL,fiducial,Fiducial,Fiducial,TF15_TFC LEG_ADDED_35,TF15_TFC LEG_ADDED_35,y,547.75,,mm,false
15,SSAT AL,fiducial,Fiducial,Fiducial,TF15_TFC LEG_ADDED_35,TF15_TFC LEG_ADDED_35,z,-3851.01,,mm,false
15,SSAT AL,fiducial,Fiducial,Fiducial,TF15_TFC LEG_ADDED_36,TF15_TFC LEG_ADDED_36,x,10911.52,,mm,false
15,SSAT AL,fiducial,Fiducial,Fiducial,TF15_TFC LEG_ADDED_36,TF15_TFC LEG_ADDED_36,y,547.49,,mm,false
15,SSAT AL,fiducial,Fiducial,Fiducial,TF15_TFC LEG_ADDED_36,TF15_TFC LEG_ADDED_36,z,-4154.03,,mm,false
15,SSAT AL,fiducial,Fiducial,Fiducial,TF15_TWF.UNK.1,TF15_TWF.UNK.1,x,11091.09,,mm,false
15,SSAT AL,fiducial,Fiducial,Fiducial,TF15_TWF.UNK.1,TF15_TWF.UNK.1,y,-630.14,,mm,false
15,SSAT AL,fiducial,Fiducial,Fiducial,TF15_TWF.UNK.1,TF15_TWF.UNK.1,z,3333.66,,mm,false
15,SSAT AL,fiducial,Fiducial,Fiducial,TF15_TWF.UNK.2,TF15_TWF.UNK.2,x,10438.98,,mm,false
15,SSAT AL,fiducial,Fiducial,Fiducial,TF15_TWF.UNK.2,TF15_TWF.UNK.2,y,-930.15,,mm,false
15,SSAT AL,fiducial,Fiducial,Fiducial,TF15_TWF.UNK.2,TF15_TWF.UNK.2,z,2532.37,,mm,false
15,SSAT AL,fiducial,Fiducial,Fiducial,TF15_TWF.UNK.3,TF15_TWF.UNK.3,x,10041.05,,mm,false
15,SSAT AL,fiducial,Fiducial,Fiducial,TF15_TWF.UNK.3,TF15_TWF.UNK.3,y,-909.52,,mm,false
15,SSAT AL,fiducial,Fiducial,Fiducial,TF15_TWF.UNK.3,TF15_TWF.UNK.3,z,3251.64,,mm,false
15,SSAT AL,fiducial,Fiducial,Fiducial,TF15_TWF.UNK.4,TF15_TWF.UNK.4,x,9897.97,,mm,false
15,SSAT AL,fiducial,Fiducial,Fiducial,TF15_TWF.UNK.4,TF15_TWF.UNK.4,y,-702.65,,mm,false
15,SSAT AL,fiducial,Fiducial,Fiducial,TF15_TWF.UNK.4,TF15_TWF.UNK.4,z,3793.63,,mm,false
15,SSAT AL,fiducial,ILIS +1 side,ILIS +1 side,P1,P1,x,2977.11,,mm,false
15,SSAT AL,fiducial,ILIS +1 side,ILIS +1 side,P1,P1,y,523.73,,mm,false
15,SSAT AL,fiducial,ILIS +1 side,ILIS +1 side,P1,P1,z,482.63,,mm,false
15,SSAT AL,fiducial,ILIS +1 side,ILIS +1 side,P2,P2,x,2662.34,,mm,false
15,SSAT AL,fiducial,ILIS +1 side,ILIS +1 side,P2,P2,y,468.19,,mm,false
15,SSAT AL,fiducial,ILIS +1 side,ILIS +1 side,P2,P2,z,486.24,,mm,false
15,SSAT AL,fiducial,ILIS +1 side,ILIS +1 side,P3,P3,x,2435.14,,mm,false
15,SSAT AL,fiducial,ILIS +1 side,ILIS +1 side,P3,P3,y,428.13,,mm,false
15,SSAT AL,fiducial,ILIS +1 side,ILIS +1 side,P3,P3,z,489.03,,mm,false
15,SSAT AL,fiducial,ILIS +1 side,ILIS +1 side,P4,P4,x,2207.93,,mm,false
15,SSAT AL,fiducial,ILIS +1 side,ILIS +1 side,P4,P4,y,387.97,,mm,false
15,SSAT AL,fiducial,ILIS +1 side,ILIS +1 side,P4,P4,z,485.74,,mm,false
15,SSAT AL,fiducial,ILIS +1 side,ILIS +1 side,P5,P5,x,3010.65,,mm,false
15,SSAT AL,fiducial,ILIS +1 side,ILIS +1 side,P5,P5,y,529.59,,mm,false
15,SSAT AL,fiducial,ILIS +1 side,ILIS +1 side,P5,P5,z,513.32,,mm,false
15,SSAT AL,fiducial,ILIS +1 side,ILIS +1 side,P6,P6,x,2727.5,,mm,false
15,SSAT AL,fiducial,ILIS +1 side,ILIS +1 side,P6,P6,y,479.64,,mm,false
15,SSAT AL,fiducial,ILIS +1 side,ILIS +1 side,P6,P6,z,520.56,,mm,false
15,SSAT AL,fiducial,ILIS +1 side,ILIS +1 side,P7,P7,x,2427.24,,mm,false
15,SSAT AL,fiducial,ILIS +1 side,ILIS +1 side,P7,P7,y,426.64,,mm,false
15,SSAT AL,fiducial,ILIS +1 side,ILIS +1 side,P7,P7,z,517.95,,mm,false
15,SSAT AL,fiducial,ILIS +1 side,ILIS +1 side,P8,P8,x,2213.65,,mm,false
15,SSAT AL,fiducial,ILIS +1 side,ILIS +1 side,P8,P8,y,388.95,,mm,false
15,SSAT AL,fiducial,ILIS +1 side,ILIS +1 side,P8,P8,z,515.7,,mm,false
15,SSAT AL,fiducial,ILIS +1 side,ILIS +1 side,P9,P9,x,3014.6,,mm,false
15,SSAT AL,fiducial,ILIS +1 side,ILIS +1 side,P9,P9,y,530.34,,mm,false
15,SSAT AL,fiducial,ILIS +1 side,ILIS +1 side,P9,P9,z,897.87,,mm,false
15,SSAT AL,fiducial,ILIS +1 side,ILIS +1 side,P10,P10,x,2707.4,,mm,false
15,SSAT AL,fiducial,ILIS +1 side,ILIS +1 side,P10,P10,y,476.1,,mm,false
15,SSAT AL,fiducial,ILIS +1 side,ILIS +1 side,P10,P10,z,851.62,,mm,false
15,SSAT AL,fiducial,ILIS +1 side,ILIS +1 side,P11,P11,x,2439.56,,mm,false
15,SSAT AL,fiducial,ILIS +1 side,ILIS +1 side,P11,P11,y,428.84,,mm,false
15,SSAT AL,fiducial,ILIS +1 side,ILIS +1 side,P11,P11,z,852.89,,mm,false
15,SSAT AL,fiducial,ILIS +1 side,ILIS +1 side,P12,P12,x,2182.84,,mm,false
15,SSAT AL,fiducial,ILIS +1 side,ILIS +1 side,P12,P12,y,383.55,,mm,false
15,SSAT AL,fiducial,ILIS +1 side,ILIS +1 side,P12,P12,z,866.66,,mm,false
15,SSAT AL,fiducial,ILIS +1 side,ILIS +1 side,P13,P13,x,2178.63,,mm,false
15,SSAT AL,fiducial,ILIS +1 side,ILIS +1 side,P13,P13,y,382.85,,mm,false
15,SSAT AL,fiducial,ILIS +1 side,ILIS +1 side,P13,P13,z,1220.19,,mm,false
15,SSAT AL,fiducial,ILIS +1 side,ILIS +1 side,P14,P14,x,2484.58,,mm,false
15,SSAT AL,fiducial,ILIS +1 side,ILIS +1 side,P14,P14,y,436.79,,mm,false
15,SSAT AL,fiducial,ILIS +1 side,ILIS +1 side,P14,P14,z,1198.33,,mm,false
15,SSAT AL,fiducial,ILIS +1 side,ILIS +1 side,P15,P15,x,2804.21,,mm,false
15,SSAT AL,fiducial,ILIS +1 side,ILIS +1 side,P15,P15,y,493.25,,mm,false
15,SSAT AL,fiducial,ILIS +1 side,ILIS +1 side,P15,P15,z,1190.87,,mm,false
15,SSAT AL,fiducial,ILIS +1 side,ILIS +1 side,P16,P16,x,3023.73,,mm,false
15,SSAT AL,fiducial,ILIS +1 side,ILIS +1 side,P16,P16,y,531.95,,mm,false
15,SSAT AL,fiducial,ILIS +1 side,ILIS +1 side,P16,P16,z,1199.38,,mm,false
15,SSAT AL,fiducial,ILIS +1 side,ILIS +1 side,P17,P17,x,2987.0,,mm,false
15,SSAT AL,fiducial,ILIS +1 side,ILIS +1 side,P17,P17,y,525.49,,mm,false
15,SSAT AL,fiducial,ILIS +1 side,ILIS +1 side,P17,P17,z,1490.13,,mm,false
15,SSAT AL,fiducial,ILIS +1 side,ILIS +1 side,P18,P18,x,2733.41,,mm,false
15,SSAT AL,fiducial,ILIS +1 side,ILIS +1 side,P18,P18,y,480.73,,mm,false
15,SSAT AL,fiducial,ILIS +1 side,ILIS +1 side,P18,P18,z,1483.81,,mm,false
15,SSAT AL,fiducial,ILIS +1 side,ILIS +1 side,P19,P19,x,2433.29,,mm,false
15,SSAT AL,fiducial,ILIS +1 side,ILIS +1 side,P19,P19,y,427.78,,mm,false
15,SSAT AL,fiducial,ILIS +1 side,ILIS +1 side,P19,P19,z,1489.59,,mm,false
15,SSAT AL,fiducial,ILIS +1 side,ILIS +1 side,P20,P20,x,2217.28,,mm,false
15,SSAT AL,fiducial,ILIS +1 side,ILIS +1 side,P20,P20,y,389.62,,mm,false
15,SSAT AL,fiducial,ILIS +1 side,ILIS +1 side,P20,P20,z,1482.72,,mm,false
15,SSAT AL,fiducial,ILIS +1 side,ILIS +1 side,P21,P21,x,3010.71,,mm,false
15,SSAT AL,fiducial,ILIS +1 side,ILIS +1 side,P21,P21,y,529.69,,mm,false
15,SSAT AL,fiducial,ILIS +1 side,ILIS +1 side,P21,P21,z,1585.7,,mm,false
15,SSAT AL,fiducial,ILIS +1 side,ILIS +1 side,P22,P22,x,2770.86,,mm,false
15,SSAT AL,fiducial,ILIS +1 side,ILIS +1 side,P22,P22,y,487.4,,mm,false
15,SSAT AL,fiducial,ILIS +1 side,ILIS +1 side,P22,P22,z,1589.57,,mm,false
15,SSAT AL,fiducial,ILIS +1 side,ILIS +1 side,P23,P23,x,2511.35,,mm,false
15,SSAT AL,fiducial,ILIS +1 side,ILIS +1 side,P23,P23,y,441.58,,mm,false
15,SSAT AL,fiducial,ILIS +1 side,ILIS +1 side,P23,P23,z,1583.37,,mm,false
15,SSAT AL,fiducial,ILIS +1 side,ILIS +1 side,P24,P24,x,2273.53,,mm,false
15,SSAT AL,fiducial,ILIS +1 side,ILIS +1 side,P24,P24,y,399.69,,mm,false
15,SSAT AL,fiducial,ILIS +1 side,ILIS +1 side,P24,P24,z,1553.95,,mm,false
15,SSAT AL,fiducial,ILIS +1 side,ILIS +1 side,P25,P25,x,3013.96,,mm,false
15,SSAT AL,fiducial,ILIS +1 side,ILIS +1 side,P25,P25,y,530.33,,mm,false
15,SSAT AL,fiducial,ILIS +1 side,ILIS +1 side,P25,P25,z,1820.7,,mm,false
15,SSAT AL,fiducial,ILIS +1 side,ILIS +1 side,P26,P26,x,2498.59,,mm,false
15,SSAT AL,fiducial,ILIS +1 side,ILIS +1 side,P26,P26,y,439.36,,mm,false
15,SSAT AL,fiducial,ILIS +1 side,ILIS +1 side,P26,P26,z,1817.95,,mm,false
15,SSAT AL,fiducial,ILIS +1 side,ILIS +1 side,P27,P27,x,2276.6,,mm,false
15,SSAT AL,fiducial,ILIS +1 side,ILIS +1 side,P27,P27,y,400.2,,mm,false
15,SSAT AL,fiducial,ILIS +1 side,ILIS +1 side,P27,P27,z,1801.95,,mm,false
15,SSAT AL,fiducial,ILIS +1 side,ILIS +1 side,P28,P28,x,3011.42,,mm,false
15,SSAT AL,fiducial,ILIS +1 side,ILIS +1 side,P28,P28,y,529.81,,mm,false
15,SSAT AL,fiducial,ILIS +1 side,ILIS +1 side,P28,P28,z,2114.37,,mm,false
15,SSAT AL,fiducial,ILIS +1 side,ILIS +1 side,P29,P29,x,2767.59,,mm,false
15,SSAT AL,fiducial,ILIS +1 side,ILIS +1 side,P29,P29,y,486.78,,mm,false
15,SSAT AL,fiducial,ILIS +1 side,ILIS +1 side,P29,P29,z,2054.01,,mm,false
15,SSAT AL,fiducial,ILIS +1 side,ILIS +1 side,P30,P30,x,2525.27,,mm,false
15,SSAT AL,fiducial,ILIS +1 side,ILIS +1 side,P30,P30,y,444.07,,mm,false
15,SSAT AL,fiducial,ILIS +1 side,ILIS +1 side,P30,P30,z,2030.94,,mm,false
15,SSAT AL,fiducial,ILIS +1 side,ILIS +1 side,P31,P31,x,2335.84,,mm,false
15,SSAT AL,fiducial,ILIS +1 side,ILIS +1 side,P31,P31,y,410.63,,mm,false
15,SSAT AL,fiducial,ILIS +1 side,ILIS +1 side,P31,P31,z,2068.86,,mm,false
15,SSAT AL,fiducial,ILIS +1 side,ILIS +1 side,P32,P32,x,2737.07,,mm,false
15,SSAT AL,fiducial,ILIS +1 side,ILIS +1 side,P32,P32,y,481.38,,mm,false
15,SSAT AL,fiducial,ILIS +1 side,ILIS +1 side,P32,P32,z,2450.23,,mm,false
15,SSAT AL,fiducial,ILIS +1 side,ILIS +1 side,P33,P33,x,2498.42,,mm,false
15,SSAT AL,fiducial,ILIS +1 side,ILIS +1 side,P33,P33,y,439.22,,mm,false
15,SSAT AL,fiducial,ILIS +1 side,ILIS +1 side,P33,P33,z,2455.19,,mm,false
15,SSAT AL,fiducial,ILIS +1 side,ILIS +1 side,P34,P34,x,2270.75,,mm,false
15,SSAT AL,fiducial,ILIS +1 side,ILIS +1 side,P34,P34,y,399.09,,mm,false
15,SSAT AL,fiducial,ILIS +1 side,ILIS +1 side,P34,P34,z,2431.49,,mm,false
15,SSAT AL,fiducial,ILIS +1 side,ILIS +1 side,P35,P35,x,2979.44,,mm,false
15,SSAT AL,fiducial,ILIS +1 side,ILIS +1 side,P35,P35,y,524.21,,mm,false
15,SSAT AL,fiducial,ILIS +1 side,ILIS +1 side,P35,P35,z,2409.15,,mm,false
15,SSAT AL,fiducial,ILIS +1 side,ILIS +1 side,P36,P36,x,2738.76,,mm,false
15,SSAT AL,fiducial,ILIS +1 side,ILIS +1 side,P36,P36,y,481.7,,mm,false
15,SSAT AL,fiducial,ILIS +1 side,ILIS +1 side,P36,P36,z,1754.86,,mm,false
15,SSAT AL,fiducial,ILIS +1 side,ILIS +1 side,P37,P37,x,2968.77,,mm,false
15,SSAT AL,fiducial,ILIS +1 side,ILIS +1 side,P37,P37,y,522.37,,mm,false
15,SSAT AL,fiducial,ILIS +1 side,ILIS +1 side,P37,P37,z,2550.04,,mm,false
15,SSAT AL,fiducial,ILIS +1 side,ILIS +1 side,P38,P38,x,2696.46,,mm,false
15,SSAT AL,fiducial,ILIS +1 side,ILIS +1 side,P38,P38,y,474.29,,mm,false
15,SSAT AL,fiducial,ILIS +1 side,ILIS +1 side,P38,P38,z,2556.36,,mm,false
15,SSAT AL,fiducial,ILIS +1 side,ILIS +1 side,P39,P39,x,2302.2,,mm,false
15,SSAT AL,fiducial,ILIS +1 side,ILIS +1 side,P39,P39,y,404.77,,mm,false
15,SSAT AL,fiducial,ILIS +1 side,ILIS +1 side,P39,P39,z,2652.84,,mm,false
15,SSAT AL,fiducial,ILIS +1 side,ILIS +1 side,P40,P40,x,2531.47,,mm,false
15,SSAT AL,fiducial,ILIS +1 side,ILIS +1 side,P40,P40,y,445.25,,mm,false
15,SSAT AL,fiducial,ILIS +1 side,ILIS +1 side,P40,P40,z,2602.08,,mm,false
15,SSAT AL,fiducial,ILIS +1 side,ILIS +1 side,P41,P41,x,3002.37,,mm,false
15,SSAT AL,fiducial,ILIS +1 side,ILIS +1 side,P41,P41,y,528.26,,mm,false
15,SSAT AL,fiducial,ILIS +1 side,ILIS +1 side,P41,P41,z,2876.55,,mm,false
15,SSAT AL,fiducial,ILIS +1 side,ILIS +1 side,P42,P42,x,2717.66,,mm,false
15,SSAT AL,fiducial,ILIS +1 side,ILIS +1 side,P42,P42,y,478.02,,mm,false
15,SSAT AL,fiducial,ILIS +1 side,ILIS +1 side,P42,P42,z,2841.25,,mm,false
15,SSAT AL,fiducial,ILIS +1 side,ILIS +1 side,P43,P43,x,2497.85,,mm,false
15,SSAT AL,fiducial,ILIS +1 side,ILIS +1 side,P43,P43,y,439.26,,mm,false
15,SSAT AL,fiducial,ILIS +1 side,ILIS +1 side,P43,P43,z,2818.43,,mm,false
15,SSAT AL,fiducial,ILIS +1 side,ILIS +1 side,P44,P44,x,2247.56,,mm,false
15,SSAT AL,fiducial,ILIS +1 side,ILIS +1 side,P44,P44,y,395.09,,mm,false
15,SSAT AL,fiducial,ILIS +1 side,ILIS +1 side,P44,P44,z,2843.53,,mm,false
15,SSAT AL,fiducial,ILIS +1 side,ILIS +1 side,P45,P45,x,2244.54,,mm,false
15,SSAT AL,fiducial,ILIS +1 side,ILIS +1 side,P45,P45,y,394.51,,mm,false
15,SSAT AL,fiducial,ILIS +1 side,ILIS +1 side,P45,P45,z,3135.45,,mm,false
15,SSAT AL,fiducial,ILIS +1 side,ILIS +1 side,P46,P46,x,2492.45,,mm,false
15,SSAT AL,fiducial,ILIS +1 side,ILIS +1 side,P46,P46,y,438.27,,mm,false
15,SSAT AL,fiducial,ILIS +1 side,ILIS +1 side,P46,P46,z,3108.95,,mm,false
15,SSAT AL,fiducial,ILIS +1 side,ILIS +1 side,P47,P47,x,2734.1,,mm,false
15,SSAT AL,fiducial,ILIS +1 side,ILIS +1 side,P47,P47,y,480.96,,mm,false
15,SSAT AL,fiducial,ILIS +1 side,ILIS +1 side,P47,P47,z,3100.32,,mm,false
15,SSAT AL,fiducial,ILIS +1 side,ILIS +1 side,P48,P48,x,2987.74,,mm,false
15,SSAT AL,fiducial,ILIS +1 side,ILIS +1 side,P48,P48,y,525.64,,mm,false
15,SSAT AL,fiducial,ILIS +1 side,ILIS +1 side,P48,P48,z,3119.74,,mm,false
15,SSAT AL,fiducial,ILIS +1 side,ILIS +1 side,P49,P49,x,2990.45,,mm,false
15,SSAT AL,fiducial,ILIS +1 side,ILIS +1 side,P49,P49,y,526.21,,mm,false
15,SSAT AL,fiducial,ILIS +1 side,ILIS +1 side,P49,P49,z,3408.96,,mm,false
15,SSAT AL,fiducial,ILIS +1 side,ILIS +1 side,P50,P50,x,2493.95,,mm,false
15,SSAT AL,fiducial,ILIS +1 side,ILIS +1 side,P50,P50,y,438.56,,mm,false
15,SSAT AL,fiducial,ILIS +1 side,ILIS +1 side,P50,P50,z,3427.81,,mm,false
15,SSAT AL,fiducial,ILIS +1 side,ILIS +1 side,P51,P51,x,2282.44,,mm,false
15,SSAT AL,fiducial,ILIS +1 side,ILIS +1 side,P51,P51,y,401.21,,mm,false
15,SSAT AL,fiducial,ILIS +1 side,ILIS +1 side,P51,P51,z,3429.96,,mm,false
15,SSAT AL,fiducial,ILIS +1 side,ILIS +1 side,P52,P52,x,2716.46,,mm,false
15,SSAT AL,fiducial,ILIS +1 side,ILIS +1 side,P52,P52,y,477.91,,mm,false
15,SSAT AL,fiducial,ILIS +1 side,ILIS +1 side,P52,P52,z,3446.51,,mm,false
15,SSAT AL,fiducial,ILIS +1 side,ILIS +1 side,P53,P53,x,2988.04,,mm,false
15,SSAT AL,fiducial,ILIS +1 side,ILIS +1 side,P53,P53,y,525.84,,mm,false
15,SSAT AL,fiducial,ILIS +1 side,ILIS +1 side,P53,P53,z,3574.86,,mm,false
15,SSAT AL,fiducial,ILIS +1 side,ILIS +1 side,P54,P54,x,2799.41,,mm,false
15,SSAT AL,fiducial,ILIS +1 side,ILIS +1 side,P54,P54,y,492.5,,mm,false
15,SSAT AL,fiducial,ILIS +1 side,ILIS +1 side,P54,P54,z,3581.33,,mm,false
15,SSAT AL,fiducial,ILIS +1 side,ILIS +1 side,P55,P55,x,2628.58,,mm,false
15,SSAT AL,fiducial,ILIS +1 side,ILIS +1 side,P55,P55,y,462.37,,mm,false
15,SSAT AL,fiducial,ILIS +1 side,ILIS +1 side,P55,P55,z,3580.54,,mm,false
15,SSAT AL,fiducial,ILIS +1 side,ILIS +1 side,P56,P56,x,2630.23,,mm,false
15,SSAT AL,fiducial,ILIS +1 side,ILIS +1 side,P56,P56,y,462.73,,mm,false
15,SSAT AL,fiducial,ILIS +1 side,ILIS +1 side,P56,P56,z,3786.69,,mm,false
15,SSAT AL,fiducial,ILIS +1 side,ILIS +1 side,P57,P57,x,2850.5,,mm,false
15,SSAT AL,fiducial,ILIS +1 side,ILIS +1 side,P57,P57,y,501.6,,mm,false
15,SSAT AL,fiducial,ILIS +1 side,ILIS +1 side,P57,P57,z,3761.34,,mm,false
15,SSAT AL,fiducial,ILIS +1 side,ILIS +1 side,P58,P58,x,3019.25,,mm,false
15,SSAT AL,fiducial,ILIS +1 side,ILIS +1 side,P58,P58,y,531.37,,mm,false
15,SSAT AL,fiducial,ILIS +1 side,ILIS +1 side,P58,P58,z,3770.84,,mm,false
15,SSAT AL,fiducial,ILIS +1 side,ILIS +1 side,P59,P59,x,3012.6,,mm,false
15,SSAT AL,fiducial,ILIS +1 side,ILIS +1 side,P59,P59,y,530.2,,mm,false
15,SSAT AL,fiducial,ILIS +1 side,ILIS +1 side,P59,P59,z,3938.69,,mm,false
15,SSAT AL,fiducial,ILIS +1 side,ILIS +1 side,P60,P60,x,2878.62,,mm,false
15,SSAT AL,fiducial,ILIS +1 side,ILIS +1 side,P60,P60,y,506.62,,mm,false
15,SSAT AL,fiducial,ILIS +1 side,ILIS +1 side,P60,P60,z,3924.17,,mm,false
15,SSAT AL,fiducial,ILIS +1 side,ILIS +1 side,P61,P61,x,2627.14,,mm,false
15,SSAT AL,fiducial,ILIS +1 side,ILIS +1 side,P61,P61,y,462.24,,mm,false
15,SSAT AL,fiducial,ILIS +1 side,ILIS +1 side,P61,P61,z,3926.54,,mm,false
15,SSAT AL,fiducial,ILIS +1 side,ILIS +1 side,P62,P62,x,2557.55,,mm,false
15,SSAT AL,fiducial,ILIS +1 side,ILIS +1 side,P62,P62,y,449.93,,mm,false
15,SSAT AL,fiducial,ILIS +1 side,ILIS +1 side,P62,P62,z,3975.84,,mm,false
15,SSAT AL,fiducial,ILIS +1 side,ILIS +1 side,P63,P63,x,2392.13,,mm,false
15,SSAT AL,fiducial,ILIS +1 side,ILIS +1 side,P63,P63,y,420.78,,mm,false
15,SSAT AL,fiducial,ILIS +1 side,ILIS +1 side,P63,P63,z,3982.11,,mm,false
15,SSAT AL,fiducial,ILIS +1 side,ILIS +1 side,P64,P64,x,2231.2,,mm,false
15,SSAT AL,fiducial,ILIS +1 side,ILIS +1 side,P64,P64,y,392.31,,mm,false
15,SSAT AL,fiducial,ILIS +1 side,ILIS +1 side,P64,P64,z,3983.6,,mm,false
15,SSAT AL,fiducial,ILIS +1 side,ILIS +1 side,P65,P65,x,2568.45,,mm,false
15,SSAT AL,fiducial,ILIS +1 side,ILIS +1 side,P65,P65,y,451.84,,mm,false
15,SSAT AL,fiducial,ILIS +1 side,ILIS +1 side,P65,P65,z,3788.39,,mm,false
15,SSAT AL,fiducial,ILIS +1 side,ILIS +1 side,P66,P66,x,2399.12,,mm,false
15,SSAT AL,fiducial,ILIS +1 side,ILIS +1 side,P66,P66,y,421.91,,mm,false
15,SSAT AL,fiducial,ILIS +1 side,ILIS +1 side,P66,P66,z,3801.98,,mm,false
15,SSAT AL,fiducial,ILIS +1 side,ILIS +1 side,P67,P67,x,2214.87,,mm,false
15,SSAT AL,fiducial,ILIS +1 side,ILIS +1 side,P67,P67,y,389.41,,mm,false
15,SSAT AL,fiducial,ILIS +1 side,ILIS +1 side,P67,P67,z,3762.04,,mm,false
15,SSAT AL,fiducial,ILIS +1 side,ILIS +1 side,P68,P68,x,2572.01,,mm,false
15,SSAT AL,fiducial,ILIS +1 side,ILIS +1 side,P68,P68,y,452.33,,mm,false
15,SSAT AL,fiducial,ILIS +1 side,ILIS +1 side,P68,P68,z,3586.5,,mm,false
15,SSAT AL,fiducial,ILIS +1 side,ILIS +1 side,P69,P69,x,2414.87,,mm,false
15,SSAT AL,fiducial,ILIS +1 side,ILIS +1 side,P69,P69,y,424.63,,mm,false
15,SSAT AL,fiducial,ILIS +1 side,ILIS +1 side,P69,P69,z,3597.99,,mm,false
15,SSAT AL,fiducial,ILIS +1 side,ILIS +1 side,P70,P70,x,2218.9,,mm,false
15,SSAT AL,fiducial,ILIS +1 side,ILIS +1 side,P70,P70,y,390.1,,mm,false
15,SSAT AL,fiducial,ILIS +1 side,ILIS +1 side,P70,P70,z,3580.2,,mm,false
15,SSAT AL,fiducial,ILIS +1 side,ILIS +1 side,P71,P71,x,3011.09,,mm,false
15,SSAT AL,fiducial,ILIS +1 side,ILIS +1 side,P71,P71,y,529.99,,mm,false
15,SSAT AL,fiducial,ILIS +1 side,ILIS +1 side,P71,P71,z,4030.0,,mm,false
15,SSAT AL,fiducial,ILIS +1 side,ILIS +1 side,P72,P72,x,2785.9,,mm,false
15,SSAT AL,fiducial,ILIS +1 side,ILIS +1 side,P72,P72,y,490.28,,mm,false
15,SSAT AL,fiducial,ILIS +1 side,ILIS +1 side,P72,P72,z,4037.33,,mm,false
15,SSAT AL,fiducial,ILIS +1 side,ILIS +1 side,P73,P73,x,2623.5,,mm,false
15,SSAT AL,fiducial,ILIS +1 side,ILIS +1 side,P73,P73,y,461.63,,mm,false
15,SSAT AL,fiducial,ILIS +1 side,ILIS +1 side,P73,P73,z,4023.66,,mm,false
15,SSAT AL,fiducial,ILIS +1 side,ILIS +1 side,P74,P74,x,3008.88,,mm,false
15,SSAT AL,fiducial,ILIS +1 side,ILIS +1 side,P74,P74,y,529.68,,mm,false
15,SSAT AL,fiducial,ILIS +1 side,ILIS +1 side,P74,P74,z,4197.91,,mm,false
15,SSAT AL,fiducial,ILIS +1 side,ILIS +1 side,P75,P75,x,2808.94,,mm,false
15,SSAT AL,fiducial,ILIS +1 side,ILIS +1 side,P75,P75,y,494.42,,mm,false
15,SSAT AL,fiducial,ILIS +1 side,ILIS +1 side,P75,P75,z,4201.79,,mm,false
15,SSAT AL,fiducial,ILIS +1 side,ILIS +1 side,P76,P76,x,2624.02,,mm,false
15,SSAT AL,fiducial,ILIS +1 side,ILIS +1 side,P76,P76,y,461.68,,mm,false
15,SSAT AL,fiducial,ILIS +1 side,ILIS +1 side,P76,P76,z,4189.18,,mm,false
15,SSAT AL,fiducial,ILIS +1 side,ILIS +1 side,P77,P77,x,2975.64,,mm,false
15,SSAT AL,fiducial,ILIS +1 side,ILIS +1 side,P77,P77,y,523.81,,mm,false
15,SSAT AL,fiducial,ILIS +1 side,ILIS +1 side,P77,P77,z,4428.18,,mm,false
15,SSAT AL,fiducial,ILIS +1 side,ILIS +1 side,P78,P78,x,2776.09,,mm,false
15,SSAT AL,fiducial,ILIS +1 side,ILIS +1 side,P78,P78,y,488.65,,mm,false
15,SSAT AL,fiducial,ILIS +1 side,ILIS +1 side,P78,P78,z,4446.62,,mm,false
15,SSAT AL,fiducial,ILIS +1 side,ILIS +1 side,P79,P79,x,2623.54,,mm,false
15,SSAT AL,fiducial,ILIS +1 side,ILIS +1 side,P79,P79,y,461.64,,mm,false
15,SSAT AL,fiducial,ILIS +1 side,ILIS +1 side,P79,P79,z,4470.82,,mm,false
15,SSAT AL,fiducial,ILIS +1 side,ILIS +1 side,P80,P80,x,2568.26,,mm,false
15,SSAT AL,fiducial,ILIS +1 side,ILIS +1 side,P80,P80,y,451.87,,mm,false
15,SSAT AL,fiducial,ILIS +1 side,ILIS +1 side,P80,P80,z,4027.82,,mm,false
15,SSAT AL,fiducial,ILIS +1 side,ILIS +1 side,P81,P81,x,2383.54,,mm,false
15,SSAT AL,fiducial,ILIS +1 side,ILIS +1 side,P81,P81,y,419.21,,mm,false
15,SSAT AL,fiducial,ILIS +1 side,ILIS +1 side,P81,P81,z,4020.0,,mm,false
15,SSAT AL,fiducial,ILIS +1 side,ILIS +1 side,P82,P82,x,2215.05,,mm,false
15,SSAT AL,fiducial,ILIS +1 side,ILIS +1 side,P82,P82,y,389.56,,mm,false
15,SSAT AL,fiducial,ILIS +1 side,ILIS +1 side,P82,P82,z,4022.28,,mm,false
15,SSAT AL,fiducial,ILIS +1 side,ILIS +1 side,P83,P83,x,2573.09,,mm,false
15,SSAT AL,fiducial,ILIS +1 side,ILIS +1 side,P83,P83,y,452.73,,mm,false
15,SSAT AL,fiducial,ILIS +1 side,ILIS +1 side,P83,P83,z,4198.37,,mm,false
15,SSAT AL,fiducial,ILIS +1 side,ILIS +1 side,P84,P84,x,2255.41,,mm,false
15,SSAT AL,fiducial,ILIS +1 side,ILIS +1 side,P84,P84,y,396.6,,mm,false
15,SSAT AL,fiducial,ILIS +1 side,ILIS +1 side,P84,P84,z,4233.9,,mm,false
15,SSAT AL,fiducial,ILIS +1 side,ILIS +1 side,P85,P85,x,2577.05,,mm,false
15,SSAT AL,fiducial,ILIS +1 side,ILIS +1 side,P85,P85,y,453.53,,mm,false
15,SSAT AL,fiducial,ILIS +1 side,ILIS +1 side,P85,P85,z,4472.61,,mm,false
15,SSAT AL,fiducial,ILIS +1 side,ILIS +1 side,P86,P86,x,2413.14,,mm,false
15,SSAT AL,fiducial,ILIS +1 side,ILIS +1 side,P86,P86,y,424.53,,mm,false
15,SSAT AL,fiducial,ILIS +1 side,ILIS +1 side,P86,P86,z,4471.26,,mm,false
15,SSAT AL,fiducial,ILIS +1 side,ILIS +1 side,P87,P87,x,2305.83,,mm,false
15,SSAT AL,fiducial,ILIS +1 side,ILIS +1 side,P87,P87,y,405.56,,mm,false
15,SSAT AL,fiducial,ILIS +1 side,ILIS +1 side,P87,P87,z,4407.05,,mm,false
15,SSAT AL,fiducial,ILIS +1 side,ILIS +1 side,P88,P88,x,2414.1,,mm,false
15,SSAT AL,fiducial,ILIS +1 side,ILIS +1 side,P88,P88,y,424.6,,mm,false
15,SSAT AL,fiducial,ILIS +1 side,ILIS +1 side,P88,P88,z,4249.68,,mm,false
15,SSAT AL,fiducial,ILIS +1 side,ILIS +1 side,P89,P89,x,3019.01,,mm,false
15,SSAT AL,fiducial,ILIS +1 side,ILIS +1 side,P89,P89,y,531.15,,mm,false
15,SSAT AL,fiducial,ILIS +1 side,ILIS +1 side,P89,P89,z,-2485.03,,mm,false
15,SSAT AL,fiducial,ILIS +1 side,ILIS +1 side,P90,P90,x,2720.4,,mm,false
15,SSAT AL,fiducial,ILIS +1 side,ILIS +1 side,P90,P90,y,478.42,,mm,false
15,SSAT AL,fiducial,ILIS +1 side,ILIS +1 side,P90,P90,z,-2482.24,,mm,false
15,SSAT AL,fiducial,ILIS +1 side,ILIS +1 side,P91,P91,x,2431.16,,mm,false
15,SSAT AL,fiducial,ILIS +1 side,ILIS +1 side,P91,P91,y,427.4,,mm,false
15,SSAT AL,fiducial,ILIS +1 side,ILIS +1 side,P91,P91,z,-2484.92,,mm,false
15,SSAT AL,fiducial,ILIS +1 side,ILIS +1 side,P92,P92,x,2214.17,,mm,false
15,SSAT AL,fiducial,ILIS +1 side,ILIS +1 side,P92,P92,y,389.08,,mm,false
15,SSAT AL,fiducial,ILIS +1 side,ILIS +1 side,P92,P92,z,-2491.72,,mm,false
15,SSAT AL,fiducial,ILIS +1 side,ILIS +1 side,P93,P93,x,3021.52,,mm,false
15,SSAT AL,fiducial,ILIS +1 side,ILIS +1 side,P93,P93,y,531.59,,mm,false
15,SSAT AL,fiducial,ILIS +1 side,ILIS +1 side,P93,P93,z,-2021.09,,mm,false
15,SSAT AL,fiducial,ILIS +1 side,ILIS +1 side,P94,P94,x,2803.97,,mm,false
15,SSAT AL,fiducial,ILIS +1 side,ILIS +1 side,P94,P94,y,493.24,,mm,false
15,SSAT AL,fiducial,ILIS +1 side,ILIS +1 side,P94,P94,z,-2024.43,,mm,false
15,SSAT AL,fiducial,ILIS +1 side,ILIS +1 side,P95,P95,x,2378.32,,mm,false
15,SSAT AL,fiducial,ILIS +1 side,ILIS +1 side,P95,P95,y,418.07,,mm,false
15,SSAT AL,fiducial,ILIS +1 side,ILIS +1 side,P95,P95,z,-2061.27,,mm,false
15,SSAT AL,fiducial,ILIS +1 side,ILIS +1 side,P96,P96,x,2181.6,,mm,false
15,SSAT AL,fiducial,ILIS +1 side,ILIS +1 side,P96,P96,y,383.32,,mm,false
15,SSAT AL,fiducial,ILIS +1 side,ILIS +1 side,P96,P96,z,-2054.22,,mm,false
15,SSAT AL,fiducial,ILIS +1 side,ILIS +1 side,P97,P97,x,3020.18,,mm,false
15,SSAT AL,fiducial,ILIS +1 side,ILIS +1 side,P97,P97,y,531.37,,mm,false
15,SSAT AL,fiducial,ILIS +1 side,ILIS +1 side,P97,P97,z,-1785.02,,mm,false
15,SSAT AL,fiducial,ILIS +1 side,ILIS +1 side,P98,P98,x,2751.71,,mm,false
15,SSAT AL,fiducial,ILIS +1 side,ILIS +1 side,P98,P98,y,483.96,,mm,false
15,SSAT AL,fiducial,ILIS +1 side,ILIS +1 side,P98,P98,z,-1789.07,,mm,false
15,SSAT AL,fiducial,ILIS +1 side,ILIS +1 side,P99,P99,x,2459.38,,mm,false
15,SSAT AL,fiducial,ILIS +1 side,ILIS +1 side,P99,P99,y,432.37,,mm,false
15,SSAT AL,fiducial,ILIS +1 side,ILIS +1 side,P99,P99,z,-1806.74,,mm,false
15,SSAT AL,fiducial,ILIS +1 side,ILIS +1 side,P100,P100,x,2188.21,,mm,false
15,SSAT AL,fiducial,ILIS +1 side,ILIS +1 side,P100,P100,y,384.51,,mm,false
15,SSAT AL,fiducial,ILIS +1 side,ILIS +1 side,P100,P100,z,-1797.79,,mm,false
15,SSAT AL,fiducial,ILIS +1 side,ILIS +1 side,P101,P101,x,3017.96,,mm,false
15,SSAT AL,fiducial,ILIS +1 side,ILIS +1 side,P101,P101,y,530.96,,mm,false
15,SSAT AL,fiducial,ILIS +1 side,ILIS +1 side,P101,P101,z,-1522.39,,mm,false
15,SSAT AL,fiducial,ILIS +1 side,ILIS +1 side,P102,P102,x,2768.18,,mm,false
15,SSAT AL,fiducial,ILIS +1 side,ILIS +1 side,P102,P102,y,486.86,,mm,false
15,SSAT AL,fiducial,ILIS +1 side,ILIS +1 side,P102,P102,z,-1518.99,,mm,false
15,SSAT AL,fiducial,ILIS +1 side,ILIS +1 side,P103,P103,x,2433.0,,mm,false
15,SSAT AL,fiducial,ILIS +1 side,ILIS +1 side,P103,P103,y,427.7,,mm,false
15,SSAT AL,fiducial,ILIS +1 side,ILIS +1 side,P103,P103,z,-1518.43,,mm,false
15,SSAT AL,fiducial,ILIS +1 side,ILIS +1 side,P104,P104,x,2217.51,,mm,false
15,SSAT AL,fiducial,ILIS +1 side,ILIS +1 side,P104,P104,y,389.66,,mm,false
15,SSAT AL,fiducial,ILIS +1 side,ILIS +1 side,P104,P104,z,-1519.49,,mm,false
15,SSAT AL,fiducial,ILIS +1 side,ILIS +1 side,P105,P105,x,2693.76,,mm,false
15,SSAT AL,fiducial,ILIS +1 side,ILIS +1 side,P105,P105,y,473.71,,mm,false
15,SSAT AL,fiducial,ILIS +1 side,ILIS +1 side,P105,P105,z,-1478.01,,mm,false
15,SSAT AL,fiducial,ILIS +1 side,ILIS +1 side,P106,P106,x,2432.8,,mm,false
15,SSAT AL,fiducial,ILIS +1 side,ILIS +1 side,P106,P106,y,427.68,,mm,false
15,SSAT AL,fiducial,ILIS +1 side,ILIS +1 side,P106,P106,z,-1478.12,,mm,false
15,SSAT AL,fiducial,ILIS +1 side,ILIS +1 side,P107,P107,x,2218.94,,mm,false
15,SSAT AL,fiducial,ILIS +1 side,ILIS +1 side,P107,P107,y,389.9,,mm,false
15,SSAT AL,fiducial,ILIS +1 side,ILIS +1 side,P107,P107,z,-1477.29,,mm,false
15,SSAT AL,fiducial,ILIS +1 side,ILIS +1 side,P108,P108,x,3007.62,,mm,false
15,SSAT AL,fiducial,ILIS +1 side,ILIS +1 side,P108,P108,y,529.13,,mm,false
15,SSAT AL,fiducial,ILIS +1 side,ILIS +1 side,P108,P108,z,-1188.5,,mm,false
15,SSAT AL,fiducial,ILIS +1 side,ILIS +1 side,P109,P109,x,2713.23,,mm,false
15,SSAT AL,fiducial,ILIS +1 side,ILIS +1 side,P109,P109,y,477.14,,mm,false
15,SSAT AL,fiducial,ILIS +1 side,ILIS +1 side,P109,P109,z,-1198.73,,mm,false
15,SSAT AL,fiducial,ILIS +1 side,ILIS +1 side,P110,P110,x,2350.98,,mm,false
15,SSAT AL,fiducial,ILIS +1 side,ILIS +1 side,P110,P110,y,413.18,,mm,false
15,SSAT AL,fiducial,ILIS +1 side,ILIS +1 side,P110,P110,z,-1184.77,,mm,false
15,SSAT AL,fiducial,ILIS +1 side,ILIS +1 side,P111,P111,x,2178.29,,mm,false
15,SSAT AL,fiducial,ILIS +1 side,ILIS +1 side,P111,P111,y,382.73,,mm,false
15,SSAT AL,fiducial,ILIS +1 side,ILIS +1 side,P111,P111,z,-1195.4,,mm,false
15,SSAT AL,fiducial,ILIS +1 side,ILIS +1 side,P112,P112,x,2183.66,,mm,false
15,SSAT AL,fiducial,ILIS +1 side,ILIS +1 side,P112,P112,y,383.68,,mm,false
15,SSAT AL,fiducial,ILIS +1 side,ILIS +1 side,P112,P112,z,-796.69,,mm,false
15,SSAT AL,fiducial,ILIS +1 side,ILIS +1 side,P113,P113,x,2471.44,,mm,false
15,SSAT AL,fiducial,ILIS +1 side,ILIS +1 side,P113,P113,y,434.47,,mm,false
15,SSAT AL,fiducial,ILIS +1 side,ILIS +1 side,P113,P113,z,-799.66,,mm,false
15,SSAT AL,fiducial,ILIS +1 side,ILIS +1 side,P114,P114,x,2786.37,,mm,false
15,SSAT AL,fiducial,ILIS +1 side,ILIS +1 side,P114,P114,y,490.04,,mm,false
15,SSAT AL,fiducial,ILIS +1 side,ILIS +1 side,P114,P114,z,-804.41,,mm,false
15,SSAT AL,fiducial,ILIS +1 side,ILIS +1 side,P115,P115,x,3022.55,,mm,false
15,SSAT AL,fiducial,ILIS +1 side,ILIS +1 side,P115,P115,y,531.74,,mm,false
15,SSAT AL,fiducial,ILIS +1 side,ILIS +1 side,P115,P115,z,-803.01,,mm,false
15,SSAT AL,fiducial,ILIS +1 side,ILIS +1 side,P116,P116,x,3005.1,,mm,false
15,SSAT AL,fiducial,ILIS +1 side,ILIS +1 side,P116,P116,y,528.66,,mm,false
15,SSAT AL,fiducial,ILIS +1 side,ILIS +1 side,P116,P116,z,-553.81,,mm,false
15,SSAT AL,fiducial,ILIS +1 side,ILIS +1 side,P117,P117,x,2759.89,,mm,false
15,SSAT AL,fiducial,ILIS +1 side,ILIS +1 side,P117,P117,y,485.36,,mm,false
15,SSAT AL,fiducial,ILIS +1 side,ILIS +1 side,P117,P117,z,-517.22,,mm,false
15,SSAT AL,fiducial,ILIS +1 side,ILIS +1 side,P118,P118,x,2435.42,,mm,false
15,SSAT AL,fiducial,ILIS +1 side,ILIS +1 side,P118,P118,y,428.1,,mm,false
15,SSAT AL,fiducial,ILIS +1 side,ILIS +1 side,P118,P118,z,-517.31,,mm,false
15,SSAT AL,fiducial,ILIS +1 side,ILIS +1 side,P119,P119,x,2211.8,,mm,false
15,SSAT AL,fiducial,ILIS +1 side,ILIS +1 side,P119,P119,y,388.61,,mm,false
15,SSAT AL,fiducial,ILIS +1 side,ILIS +1 side,P119,P119,z,-520.74,,mm,false
15,SSAT AL,fiducial,ILIS +1 side,ILIS +1 side,P120,P120,x,3022.71,,mm,false
15,SSAT AL,fiducial,ILIS +1 side,ILIS +1 side,P120,P120,y,531.78,,mm,false
15,SSAT AL,fiducial,ILIS +1 side,ILIS +1 side,P120,P120,z,-1445.06,,mm,false
15,SSAT AL,fiducial,ILIS +1 side,ILIS +1 side,P121,P121,x,2973.87,,mm,false
15,SSAT AL,fiducial,ILIS +1 side,ILIS +1 side,P121,P121,y,523.2,,mm,false
15,SSAT AL,fiducial,ILIS +1 side,ILIS +1 side,P121,P121,z,-485.11,,mm,false
15,SSAT AL,fiducial,ILIS +1 side,ILIS +1 side,P122,P122,x,2666.0,,mm,false
15,SSAT AL,fiducial,ILIS +1 side,ILIS +1 side,P122,P122,y,468.84,,mm,false
15,SSAT AL,fiducial,ILIS +1 side,ILIS +1 side,P122,P122,z,-480.21,,mm,false
15,SSAT AL,fiducial,ILIS +1 side,ILIS +1 side,P123,P123,x,2353.58,,mm,false
15,SSAT AL,fiducial,ILIS +1 side,ILIS +1 side,P123,P123,y,413.7,,mm,false
15,SSAT AL,fiducial,ILIS +1 side,ILIS +1 side,P123,P123,z,-479.54,,mm,false
15,SSAT AL,fiducial,ILIS +1 side,ILIS +1 side,P124,P124,x,2180.34,,mm,false
15,SSAT AL,fiducial,ILIS +1 side,ILIS +1 side,P124,P124,y,383.16,,mm,false
15,SSAT AL,fiducial,ILIS +1 side,ILIS +1 side,P124,P124,z,-485.42,,mm,false
15,SSAT AL,fiducial,ILIS +1 side,ILIS +1 side,P125,P125,x,3008.68,,mm,false
15,SSAT AL,fiducial,ILIS +1 side,ILIS +1 side,P125,P125,y,529.34,,mm,false
15,SSAT AL,fiducial,ILIS +1 side,ILIS +1 side,P125,P125,z,-138.92,,mm,false
15,SSAT AL,fiducial,ILIS +1 side,ILIS +1 side,P126,P126,x,2701.64,,mm,false
15,SSAT AL,fiducial,ILIS +1 side,ILIS +1 side,P126,P126,y,475.15,,mm,false
15,SSAT AL,fiducial,ILIS +1 side,ILIS +1 side,P126,P126,z,-151.6,,mm,false
15,SSAT AL,fiducial,ILIS +1 side,ILIS +1 side,P127,P127,x,2366.95,,mm,false
15,SSAT AL,fiducial,ILIS +1 side,ILIS +1 side,P127,P127,y,416.02,,mm,false
15,SSAT AL,fiducial,ILIS +1 side,ILIS +1 side,P127,P127,z,-146.66,,mm,false
15,SSAT AL,fiducial,ILIS +1 side,ILIS +1 side,P128,P128,x,2174.04,,mm,false
15,SSAT AL,fiducial,ILIS +1 side,ILIS +1 side,P128,P128,y,382.0,,mm,false
15,SSAT AL,fiducial,ILIS +1 side,ILIS +1 side,P128,P128,z,-138.53,,mm,false
15,SSAT AL,fiducial,ILIS +1 side,ILIS +1 side,P129,P129,x,3013.12,,mm,false
15,SSAT AL,fiducial,ILIS +1 side,ILIS +1 side,P129,P129,y,530.09,,mm,false
15,SSAT AL,fiducial,ILIS +1 side,ILIS +1 side,P129,P129,z,209.74,,mm,false
15,SSAT AL,fiducial,ILIS +1 side,ILIS +1 side,P130,P130,x,2744.78,,mm,false
15,SSAT AL,fiducial,ILIS +1 side,ILIS +1 side,P130,P130,y,482.74,,mm,false
15,SSAT AL,fiducial,ILIS +1 side,ILIS +1 side,P130,P130,z,193.39,,mm,false
15,SSAT AL,fiducial,ILIS +1 side,ILIS +1 side,P131,P131,x,2450.44,,mm,false
15,SSAT AL,fiducial,ILIS +1 side,ILIS +1 side,P131,P131,y,430.75,,mm,false
15,SSAT AL,fiducial,ILIS +1 side,ILIS +1 side,P131,P131,z,202.93,,mm,false
15,SSAT AL,fiducial,ILIS +1 side,ILIS +1 side,P132,P132,x,2173.68,,mm,false
15,SSAT AL,fiducial,ILIS +1 side,ILIS +1 side,P132,P132,y,381.92,,mm,false
15,SSAT AL,fiducial,ILIS +1 side,ILIS +1 side,P132,P132,z,217.48,,mm,false
15,SSAT AL,fiducial,ILIS +1 side,ILIS +1 side,P133,P133,x,3012.8,,mm,false
15,SSAT AL,fiducial,ILIS +1 side,ILIS +1 side,P133,P133,y,530.11,,mm,false
15,SSAT AL,fiducial,ILIS +1 side,ILIS +1 side,P133,P133,z,-3339.05,,mm,false
15,SSAT AL,fiducial,ILIS +1 side,ILIS +1 side,P134,P134,x,2732.11,,mm,false
15,SSAT AL,fiducial,ILIS +1 side,ILIS +1 side,P134,P134,y,480.59,,mm,false
15,SSAT AL,fiducial,ILIS +1 side,ILIS +1 side,P134,P134,z,-3381.9,,mm,false
15,SSAT AL,fiducial,ILIS +1 side,ILIS +1 side,P135,P135,x,2491.65,,mm,false
15,SSAT AL,fiducial,ILIS +1 side,ILIS +1 side,P135,P135,y,438.08,,mm,false
15,SSAT AL,fiducial,ILIS +1 side,ILIS +1 side,P135,P135,z,-3398.32,,mm,false
15,SSAT AL,fiducial,ILIS +1 side,ILIS +1 side,P136,P136,x,2214.44,,mm,false
15,SSAT AL,fiducial,ILIS +1 side,ILIS +1 side,P136,P136,y,389.19,,mm,false
15,SSAT AL,fiducial,ILIS +1 side,ILIS +1 side,P136,P136,z,-3355.49,,mm,false
15,SSAT AL,fiducial,ILIS +1 side,ILIS +1 side,P137,P137,x,2197.55,,mm,false
15,SSAT AL,fiducial,ILIS +1 side,ILIS +1 side,P137,P137,y,386.19,,mm,false
15,SSAT AL,fiducial,ILIS +1 side,ILIS +1 side,P137,P137,z,-3095.03,,mm,false
15,SSAT AL,fiducial,ILIS +1 side,ILIS +1 side,P138,P138,x,2492.35,,mm,false
15,SSAT AL,fiducial,ILIS +1 side,ILIS +1 side,P138,P138,y,438.2,,mm,false
15,SSAT AL,fiducial,ILIS +1 side,ILIS +1 side,P138,P138,z,-2978.9,,mm,false
15,SSAT AL,fiducial,ILIS +1 side,ILIS +1 side,P139,P139,x,2716.7,,mm,false
15,SSAT AL,fiducial,ILIS +1 side,ILIS +1 side,P139,P139,y,477.81,,mm,false
15,SSAT AL,fiducial,ILIS +1 side,ILIS +1 side,P139,P139,z,-3032.87,,mm,false
15,SSAT AL,fiducial,ILIS +1 side,ILIS +1 side,P140,P140,x,3013.41,,mm,false
15,SSAT AL,fiducial,ILIS +1 side,ILIS +1 side,P140,P140,y,530.16,,mm,false
15,SSAT AL,fiducial,ILIS +1 side,ILIS +1 side,P140,P140,z,-3047.32,,mm,false
15,SSAT AL,fiducial,ILIS +1 side,ILIS +1 side,P141,P141,x,3015.55,,mm,false
15,SSAT AL,fiducial,ILIS +1 side,ILIS +1 side,P141,P141,y,530.54,,mm,false
15,SSAT AL,fiducial,ILIS +1 side,ILIS +1 side,P141,P141,z,-2795.3,,mm,false
15,SSAT AL,fiducial,ILIS +1 side,ILIS +1 side,P142,P142,x,2751.99,,mm,false
15,SSAT AL,fiducial,ILIS +1 side,ILIS +1 side,P142,P142,y,484.04,,mm,false
15,SSAT AL,fiducial,ILIS +1 side,ILIS +1 side,P142,P142,z,-2805.56,,mm,false
15,SSAT AL,fiducial,ILIS +1 side,ILIS +1 side,P143,P143,x,2504.56,,mm,false
15,SSAT AL,fiducial,ILIS +1 side,ILIS +1 side,P143,P143,y,440.35,,mm,false
15,SSAT AL,fiducial,ILIS +1 side,ILIS +1 side,P143,P143,z,-2783.88,,mm,false
15,SSAT AL,fiducial,ILIS +1 side,ILIS +1 side,P144,P144,x,2278.75,,mm,false
15,SSAT AL,fiducial,ILIS +1 side,ILIS +1 side,P144,P144,y,400.51,,mm,false
15,SSAT AL,fiducial,ILIS +1 side,ILIS +1 side,P144,P144,z,-2793.25,,mm,false
15,SSAT AL,fiducial,ILIS +1 side,ILIS +1 side,P145,P145,x,2286.78,,mm,false
15,SSAT AL,fiducial,ILIS +1 side,ILIS +1 side,P145,P145,y,401.93,,mm,false
15,SSAT AL,fiducial,ILIS +1 side,ILIS +1 side,P145,P145,z,-2544.9,,mm,false
15,SSAT AL,fiducial,ILIS +1 side,ILIS +1 side,P146,P146,x,2514.96,,mm,false
15,SSAT AL,fiducial,ILIS +1 side,ILIS +1 side,P146,P146,y,442.18,,mm,false
15,SSAT AL,fiducial,ILIS +1 side,ILIS +1 side,P146,P146,z,-2547.42,,mm,false
15,SSAT AL,fiducial,ILIS +1 side,ILIS +1 side,P147,P147,x,2980.34,,mm,false
15,SSAT AL,fiducial,ILIS +1 side,ILIS +1 side,P147,P147,y,524.31,,mm,false
15,SSAT AL,fiducial,ILIS +1 side,ILIS +1 side,P147,P147,z,-2571.1,,mm,false
15,SSAT AL,fiducial,ILIS +1 side,ILIS +1 side,P148,P148,x,2759.58,,mm,false
15,SSAT AL,fiducial,ILIS +1 side,ILIS +1 side,P148,P148,y,485.38,,mm,false
15,SSAT AL,fiducial,ILIS +1 side,ILIS +1 side,P148,P148,z,-2571.99,,mm,false
15,SSAT AL,fiducial,ILIS +1 side,ILIS +1 side,P149,P149,x,3012.72,,mm,false
15,SSAT AL,fiducial,ILIS +1 side,ILIS +1 side,P149,P149,y,530.04,,mm,false
15,SSAT AL,fiducial,ILIS +1 side,ILIS +1 side,P149,P149,z,-3521.6,,mm,false
15,SSAT AL,fiducial,ILIS +1 side,ILIS +1 side,P150,P150,x,2837.02,,mm,false
15,SSAT AL,fiducial,ILIS +1 side,ILIS +1 side,P150,P150,y,499.09,,mm,false
15,SSAT AL,fiducial,ILIS +1 side,ILIS +1 side,P150,P150,z,-3537.7,,mm,false
15,SSAT AL,fiducial,ILIS +1 side,ILIS +1 side,P151,P151,x,2620.27,,mm,false
15,SSAT AL,fiducial,ILIS +1 side,ILIS +1 side,P151,P151,y,460.76,,mm,false
15,SSAT AL,fiducial,ILIS +1 side,ILIS +1 side,P151,P151,z,-3525.31,,mm,false
15,SSAT AL,fiducial,ILIS +1 side,ILIS +1 side,P152,P152,x,3014.94,,mm,false
15,SSAT AL,fiducial,ILIS +1 side,ILIS +1 side,P152,P152,y,530.44,,mm,false
15,SSAT AL,fiducial,ILIS +1 side,ILIS +1 side,P152,P152,z,-3730.16,,mm,false
15,SSAT AL,fiducial,ILIS +1 side,ILIS +1 side,P153,P153,x,2781.08,,mm,false
15,SSAT AL,fiducial,ILIS +1 side,ILIS +1 side,P153,P153,y,489.23,,mm,false
15,SSAT AL,fiducial,ILIS +1 side,ILIS +1 side,P153,P153,z,-3755.19,,mm,false
15,SSAT AL,fiducial,ILIS +1 side,ILIS +1 side,P154,P154,x,2619.51,,mm,false
15,SSAT AL,fiducial,ILIS +1 side,ILIS +1 side,P154,P154,y,460.66,,mm,false
15,SSAT AL,fiducial,ILIS +1 side,ILIS +1 side,P154,P154,z,-3755.75,,mm,false
15,SSAT AL,fiducial,ILIS +1 side,ILIS +1 side,P155,P155,x,2617.01,,mm,false
15,SSAT AL,fiducial,ILIS +1 side,ILIS +1 side,P155,P155,y,460.24,,mm,false
15,SSAT AL,fiducial,ILIS +1 side,ILIS +1 side,P155,P155,z,-3975.89,,mm,false
15,SSAT AL,fiducial,ILIS +1 side,ILIS +1 side,P156,P156,x,2780.69,,mm,false
15,SSAT AL,fiducial,ILIS +1 side,ILIS +1 side,P156,P156,y,489.23,,mm,false
15,SSAT AL,fiducial,ILIS +1 side,ILIS +1 side,P156,P156,z,-3978.96,,mm,false
15,SSAT AL,fiducial,ILIS +1 side,ILIS +1 side,P157,P157,x,3016.9,,mm,false
15,SSAT AL,fiducial,ILIS +1 side,ILIS +1 side,P157,P157,y,530.84,,mm,false
15,SSAT AL,fiducial,ILIS +1 side,ILIS +1 side,P157,P157,z,-3976.96,,mm,false
15,SSAT AL,fiducial,ILIS +1 side,ILIS +1 side,P158,P158,x,2577.01,,mm,false
15,SSAT AL,fiducial,ILIS +1 side,ILIS +1 side,P158,P158,y,453.13,,mm,false
15,SSAT AL,fiducial,ILIS +1 side,ILIS +1 side,P158,P158,z,-3521.99,,mm,false
15,SSAT AL,fiducial,ILIS +1 side,ILIS +1 side,P159,P159,x,2406.02,,mm,false
15,SSAT AL,fiducial,ILIS +1 side,ILIS +1 side,P159,P159,y,422.98,,mm,false
15,SSAT AL,fiducial,ILIS +1 side,ILIS +1 side,P159,P159,z,-3519.42,,mm,false
15,SSAT AL,fiducial,ILIS +1 side,ILIS +1 side,P160,P160,x,2179.83,,mm,false
15,SSAT AL,fiducial,ILIS +1 side,ILIS +1 side,P160,P160,y,383.14,,mm,false
15,SSAT AL,fiducial,ILIS +1 side,ILIS +1 side,P160,P160,z,-3525.63,,mm,false
15,SSAT AL,fiducial,ILIS +1 side,ILIS +1 side,P161,P161,x,2578.08,,mm,false
15,SSAT AL,fiducial,ILIS +1 side,ILIS +1 side,P161,P161,y,453.38,,mm,false
15,SSAT AL,fiducial,ILIS +1 side,ILIS +1 side,P161,P161,z,-3751.13,,mm,false
15,SSAT AL,fiducial,ILIS +1 side,ILIS +1 side,P162,P162,x,2367.71,,mm,false
15,SSAT AL,fiducial,ILIS +1 side,ILIS +1 side,P162,P162,y,416.22,,mm,false
15,SSAT AL,fiducial,ILIS +1 side,ILIS +1 side,P162,P162,z,-3754.44,,mm,false
15,SSAT AL,fiducial,ILIS +1 side,ILIS +1 side,P163,P163,x,2180.18,,mm,false
15,SSAT AL,fiducial,ILIS +1 side,ILIS +1 side,P163,P163,y,383.16,,mm,false
15,SSAT AL,fiducial,ILIS +1 side,ILIS +1 side,P163,P163,z,-3735.0,,mm,false
15,SSAT AL,fiducial,ILIS +1 side,ILIS +1 side,P164,P164,x,2577.45,,mm,false
15,SSAT AL,fiducial,ILIS +1 side,ILIS +1 side,P164,P164,y,453.27,,mm,false
15,SSAT AL,fiducial,ILIS +1 side,ILIS +1 side,P164,P164,z,-3975.75,,mm,false
15,SSAT AL,fiducial,ILIS +1 side,ILIS +1 side,P165,P165,x,2393.62,,mm,false
15,SSAT AL,fiducial,ILIS +1 side,ILIS +1 side,P165,P165,y,420.82,,mm,false
15,SSAT AL,fiducial,ILIS +1 side,ILIS +1 side,P165,P165,z,-3976.63,,mm,false
15,SSAT AL,fiducial,ILIS +1 side,ILIS +1 side,P166,P166,x,2183.34,,mm,false
15,SSAT AL,fiducial,ILIS +1 side,ILIS +1 side,P166,P166,y,383.77,,mm,false
15,SSAT AL,fiducial,ILIS +1 side,ILIS +1 side,P166,P166,z,-3970.68,,mm,false
15,SSAT AL,fiducial,ILIS +1 side,ILIS +1 side,P167,P167,x,3019.4,,mm,false
15,SSAT AL,fiducial,ILIS +1 side,ILIS +1 side,P167,P167,y,531.26,,mm,false
15,SSAT AL,fiducial,ILIS +1 side,ILIS +1 side,P167,P167,z,-4026.9,,mm,false
15,SSAT AL,fiducial,ILIS +1 side,ILIS +1 side,P168,P168,x,2797.72,,mm,false
15,SSAT AL,fiducial,ILIS +1 side,ILIS +1 side,P168,P168,y,492.18,,mm,false
15,SSAT AL,fiducial,ILIS +1 side,ILIS +1 side,P168,P168,z,-4017.62,,mm,false
15,SSAT AL,fiducial,ILIS +1 side,ILIS +1 side,P169,P169,x,2624.23,,mm,false
15,SSAT AL,fiducial,ILIS +1 side,ILIS +1 side,P169,P169,y,461.5,,mm,false
15,SSAT AL,fiducial,ILIS +1 side,ILIS +1 side,P169,P169,z,-4019.15,,mm,false
15,SSAT AL,fiducial,ILIS +1 side,ILIS +1 side,P170,P170,x,2615.04,,mm,false
15,SSAT AL,fiducial,ILIS +1 side,ILIS +1 side,P170,P170,y,459.89,,mm,false
15,SSAT AL,fiducial,ILIS +1 side,ILIS +1 side,P170,P170,z,-4166.35,,mm,false
15,SSAT AL,fiducial,ILIS +1 side,ILIS +1 side,P171,P171,x,2823.79,,mm,false
15,SSAT AL,fiducial,ILIS +1 side,ILIS +1 side,P171,P171,y,496.75,,mm,false
15,SSAT AL,fiducial,ILIS +1 side,ILIS +1 side,P171,P171,z,-4187.37,,mm,false
15,SSAT AL,fiducial,ILIS +1 side,ILIS +1 side,P172,P172,x,3010.87,,mm,false
15,SSAT AL,fiducial,ILIS +1 side,ILIS +1 side,P172,P172,y,529.75,,mm,false
15,SSAT AL,fiducial,ILIS +1 side,ILIS +1 side,P172,P172,z,-4182.48,,mm,false
15,SSAT AL,fiducial,ILIS +1 side,ILIS +1 side,P173,P173,x,3006.66,,mm,false
15,SSAT AL,fiducial,ILIS +1 side,ILIS +1 side,P173,P173,y,529.05,,mm,false
15,SSAT AL,fiducial,ILIS +1 side,ILIS +1 side,P173,P173,z,-4413.04,,mm,false
15,SSAT AL,fiducial,ILIS +1 side,ILIS +1 side,P174,P174,x,2824.52,,mm,false
15,SSAT AL,fiducial,ILIS +1 side,ILIS +1 side,P174,P174,y,496.9,,mm,false
15,SSAT AL,fiducial,ILIS +1 side,ILIS +1 side,P174,P174,z,-4470.3,,mm,false
15,SSAT AL,fiducial,ILIS +1 side,ILIS +1 side,P175,P175,x,2621.04,,mm,false
15,SSAT AL,fiducial,ILIS +1 side,ILIS +1 side,P175,P175,y,461.01,,mm,false
15,SSAT AL,fiducial,ILIS +1 side,ILIS +1 side,P175,P175,z,-4476.0,,mm,false
15,SSAT AL,fiducial,ILIS +1 side,ILIS +1 side,P176,P176,x,2566.14,,mm,false
15,SSAT AL,fiducial,ILIS +1 side,ILIS +1 side,P176,P176,y,451.31,,mm,false
15,SSAT AL,fiducial,ILIS +1 side,ILIS +1 side,P176,P176,z,-4027.3,,mm,false
15,SSAT AL,fiducial,ILIS +1 side,ILIS +1 side,P177,P177,x,2387.24,,mm,false
15,SSAT AL,fiducial,ILIS +1 side,ILIS +1 side,P177,P177,y,419.68,,mm,false
15,SSAT AL,fiducial,ILIS +1 side,ILIS +1 side,P177,P177,z,-4020.83,,mm,false
15,SSAT AL,fiducial,ILIS +1 side,ILIS +1 side,P178,P178,x,2185.56,,mm,false
15,SSAT AL,fiducial,ILIS +1 side,ILIS +1 side,P178,P178,y,384.2,,mm,false
15,SSAT AL,fiducial,ILIS +1 side,ILIS +1 side,P178,P178,z,-4023.04,,mm,false
15,SSAT AL,fiducial,ILIS +1 side,ILIS +1 side,P179,P179,x,2207.37,,mm,false
15,SSAT AL,fiducial,ILIS +1 side,ILIS +1 side,P179,P179,y,388.0,,mm,false
15,SSAT AL,fiducial,ILIS +1 side,ILIS +1 side,P179,P179,z,-4241.37,,mm,false
15,SSAT AL,fiducial,ILIS +1 side,ILIS +1 side,P180,P180,x,2400.45,,mm,false
15,SSAT AL,fiducial,ILIS +1 side,ILIS +1 side,P180,P180,y,422.01,,mm,false
15,SSAT AL,fiducial,ILIS +1 side,ILIS +1 side,P180,P180,z,-4190.34,,mm,false
15,SSAT AL,fiducial,ILIS +1 side,ILIS +1 side,P181,P181,x,2576.83,,mm,false
15,SSAT AL,fiducial,ILIS +1 side,ILIS +1 side,P181,P181,y,453.16,,mm,false
15,SSAT AL,fiducial,ILIS +1 side,ILIS +1 side,P181,P181,z,-4155.58,,mm,false
15,SSAT AL,fiducial,ILIS +1 side,ILIS +1 side,P182,P182,x,2577.1,,mm,false
15,SSAT AL,fiducial,ILIS +1 side,ILIS +1 side,P182,P182,y,453.25,,mm,false
15,SSAT AL,fiducial,ILIS +1 side,ILIS +1 side,P182,P182,z,-4470.48,,mm,false
15,SSAT AL,fiducial,ILIS +1 side,ILIS +1 side,P183,P183,x,2407.38,,mm,false
15,SSAT AL,fiducial,ILIS +1 side,ILIS +1 side,P183,P183,y,423.26,,mm,false
15,SSAT AL,fiducial,ILIS +1 side,ILIS +1 side,P183,P183,z,-4470.52,,mm,false
15,SSAT AL,fiducial,ILIS +1 side,ILIS +1 side,P184,P184,x,2244.42,,mm,false
15,SSAT AL,fiducial,ILIS +1 side,ILIS +1 side,P184,P184,y,394.58,,mm,false
15,SSAT AL,fiducial,ILIS +1 side,ILIS +1 side,P184,P184,z,-4486.02,,mm,false
15,SSAT AL,fiducial,ILIS -1 side,ILIS -1 side,P1,P1,x,3010.97,,mm,false
15,SSAT AL,fiducial,ILIS -1 side,ILIS -1 side,P1,P1,y,-530.15,,mm,false
15,SSAT AL,fiducial,ILIS -1 side,ILIS -1 side,P1,P1,z,4071.77,,mm,false
15,SSAT AL,fiducial,ILIS -1 side,ILIS -1 side,P2,P2,x,2825.88,,mm,false
15,SSAT AL,fiducial,ILIS -1 side,ILIS -1 side,P2,P2,y,-497.51,,mm,false
15,SSAT AL,fiducial,ILIS -1 side,ILIS -1 side,P2,P2,z,4082.35,,mm,false
15,SSAT AL,fiducial,ILIS -1 side,ILIS -1 side,P3,P3,x,2645.51,,mm,false
15,SSAT AL,fiducial,ILIS -1 side,ILIS -1 side,P3,P3,y,-465.78,,mm,false
15,SSAT AL,fiducial,ILIS -1 side,ILIS -1 side,P3,P3,z,4076.25,,mm,false
15,SSAT AL,fiducial,ILIS -1 side,ILIS -1 side,P4,P4,x,2646.68,,mm,false
15,SSAT AL,fiducial,ILIS -1 side,ILIS -1 side,P4,P4,y,-465.92,,mm,false
15,SSAT AL,fiducial,ILIS -1 side,ILIS -1 side,P4,P4,z,4218.03,,mm,false
15,SSAT AL,fiducial,ILIS -1 side,ILIS -1 side,P5,P5,x,2805.58,,mm,false
15,SSAT AL,fiducial,ILIS -1 side,ILIS -1 side,P5,P5,y,-493.91,,mm,false
15,SSAT AL,fiducial,ILIS -1 side,ILIS -1 side,P5,P5,z,4205.52,,mm,false
15,SSAT AL,fiducial,ILIS -1 side,ILIS -1 side,P6,P6,x,3010.61,,mm,false
15,SSAT AL,fiducial,ILIS -1 side,ILIS -1 side,P6,P6,y,-530.12,,mm,false
15,SSAT AL,fiducial,ILIS -1 side,ILIS -1 side,P6,P6,z,4195.08,,mm,false
15,SSAT AL,fiducial,ILIS -1 side,ILIS -1 side,P7,P7,x,2983.99,,mm,false
15,SSAT AL,fiducial,ILIS -1 side,ILIS -1 side,P7,P7,y,-525.41,,mm,false
15,SSAT AL,fiducial,ILIS -1 side,ILIS -1 side,P7,P7,z,4368.32,,mm,false
15,SSAT AL,fiducial,ILIS -1 side,ILIS -1 side,P8,P8,x,2984.54,,mm,false
15,SSAT AL,fiducial,ILIS -1 side,ILIS -1 side,P8,P8,y,-525.52,,mm,false
15,SSAT AL,fiducial,ILIS -1 side,ILIS -1 side,P8,P8,z,4368.77,,mm,false
15,SSAT AL,fiducial,ILIS -1 side,ILIS -1 side,P9,P9,x,2818.63,,mm,false
15,SSAT AL,fiducial,ILIS -1 side,ILIS -1 side,P9,P9,y,-496.21,,mm,false
15,SSAT AL,fiducial,ILIS -1 side,ILIS -1 side,P9,P9,z,4397.37,,mm,false
15,SSAT AL,fiducial,ILIS -1 side,ILIS -1 side,P10,P10,x,2656.31,,mm,false
15,SSAT AL,fiducial,ILIS -1 side,ILIS -1 side,P10,P10,y,-467.66,,mm,false
15,SSAT AL,fiducial,ILIS -1 side,ILIS -1 side,P10,P10,z,4405.39,,mm,false
15,SSAT AL,fiducial,ILIS -1 side,ILIS -1 side,P11,P11,x,2574.28,,mm,false
15,SSAT AL,fiducial,ILIS -1 side,ILIS -1 side,P11,P11,y,-453.27,,mm,false
15,SSAT AL,fiducial,ILIS -1 side,ILIS -1 side,P11,P11,z,4040.92,,mm,false
15,SSAT AL,fiducial,ILIS -1 side,ILIS -1 side,P12,P12,x,2364.14,,mm,false
15,SSAT AL,fiducial,ILIS -1 side,ILIS -1 side,P12,P12,y,-416.13,,mm,false
15,SSAT AL,fiducial,ILIS -1 side,ILIS -1 side,P12,P12,z,4042.5,,mm,false
15,SSAT AL,fiducial,ILIS -1 side,ILIS -1 side,P13,P13,x,2233.64,,mm,false
15,SSAT AL,fiducial,ILIS -1 side,ILIS -1 side,P13,P13,y,-393.1,,mm,false
15,SSAT AL,fiducial,ILIS -1 side,ILIS -1 side,P13,P13,z,4034.92,,mm,false
15,SSAT AL,fiducial,ILIS -1 side,ILIS -1 side,P14,P14,x,2574.23,,mm,false
15,SSAT AL,fiducial,ILIS -1 side,ILIS -1 side,P14,P14,y,-453.24,,mm,false
15,SSAT AL,fiducial,ILIS -1 side,ILIS -1 side,P14,P14,z,4252.14,,mm,false
15,SSAT AL,fiducial,ILIS -1 side,ILIS -1 side,P15,P15,x,2441.38,,mm,false
15,SSAT AL,fiducial,ILIS -1 side,ILIS -1 side,P15,P15,y,-429.75,,mm,false
15,SSAT AL,fiducial,ILIS -1 side,ILIS -1 side,P15,P15,z,4255.54,,mm,false
15,SSAT AL,fiducial,ILIS -1 side,ILIS -1 side,P16,P16,x,2284.17,,mm,false
15,SSAT AL,fiducial,ILIS -1 side,ILIS -1 side,P16,P16,y,-401.98,,mm,false
15,SSAT AL,fiducial,ILIS -1 side,ILIS -1 side,P16,P16,z,4254.51,,mm,false
15,SSAT AL,fiducial,ILIS -1 side,ILIS -1 side,P17,P17,x,2570.09,,mm,false
15,SSAT AL,fiducial,ILIS -1 side,ILIS -1 side,P17,P17,y,-452.55,,mm,false
15,SSAT AL,fiducial,ILIS -1 side,ILIS -1 side,P17,P17,z,4423.6,,mm,false
15,SSAT AL,fiducial,ILIS -1 side,ILIS -1 side,P18,P18,x,2429.56,,mm,false
15,SSAT AL,fiducial,ILIS -1 side,ILIS -1 side,P18,P18,y,-427.65,,mm,false
15,SSAT AL,fiducial,ILIS -1 side,ILIS -1 side,P18,P18,z,4418.82,,mm,false
15,SSAT AL,fiducial,ILIS -1 side,ILIS -1 side,P19,P19,x,2340.81,,mm,false
15,SSAT AL,fiducial,ILIS -1 side,ILIS -1 side,P19,P19,y,-411.98,,mm,false
15,SSAT AL,fiducial,ILIS -1 side,ILIS -1 side,P19,P19,z,4389.91,,mm,false
15,SSAT AL,fiducial,ILIS -1 side,ILIS -1 side,P20,P20,x,3007.4,,mm,false
15,SSAT AL,fiducial,ILIS -1 side,ILIS -1 side,P20,P20,y,-529.58,,mm,false
15,SSAT AL,fiducial,ILIS -1 side,ILIS -1 side,P20,P20,z,3932.04,,mm,false
15,SSAT AL,fiducial,ILIS -1 side,ILIS -1 side,P21,P21,x,2839.76,,mm,false
15,SSAT AL,fiducial,ILIS -1 side,ILIS -1 side,P21,P21,y,-499.97,,mm,false
15,SSAT AL,fiducial,ILIS -1 side,ILIS -1 side,P21,P21,z,3929.31,,mm,false
15,SSAT AL,fiducial,ILIS -1 side,ILIS -1 side,P22,P22,x,2641.01,,mm,false
15,SSAT AL,fiducial,ILIS -1 side,ILIS -1 side,P22,P22,y,-464.97,,mm,false
15,SSAT AL,fiducial,ILIS -1 side,ILIS -1 side,P22,P22,z,3934.84,,mm,false
15,SSAT AL,fiducial,ILIS -1 side,ILIS -1 side,P23,P23,x,2642.59,,mm,false
15,SSAT AL,fiducial,ILIS -1 side,ILIS -1 side,P23,P23,y,-465.22,,mm,false
15,SSAT AL,fiducial,ILIS -1 side,ILIS -1 side,P23,P23,z,3781.95,,mm,false
15,SSAT AL,fiducial,ILIS -1 side,ILIS -1 side,P24,P24,x,2798.43,,mm,false
15,SSAT AL,fiducial,ILIS -1 side,ILIS -1 side,P24,P24,y,-492.69,,mm,false
15,SSAT AL,fiducial,ILIS -1 side,ILIS -1 side,P24,P24,z,3791.39,,mm,false
15,SSAT AL,fiducial,ILIS -1 side,ILIS -1 side,P25,P25,x,3008.96,,mm,false
15,SSAT AL,fiducial,ILIS -1 side,ILIS -1 side,P25,P25,y,-529.85,,mm,false
15,SSAT AL,fiducial,ILIS -1 side,ILIS -1 side,P25,P25,z,3799.44,,mm,false
15,SSAT AL,fiducial,ILIS -1 side,ILIS -1 side,P26,P26,x,3015.31,,mm,false
15,SSAT AL,fiducial,ILIS -1 side,ILIS -1 side,P26,P26,y,-530.96,,mm,false
15,SSAT AL,fiducial,ILIS -1 side,ILIS -1 side,P26,P26,z,3566.66,,mm,false
15,SSAT AL,fiducial,ILIS -1 side,ILIS -1 side,P27,P27,x,2767.37,,mm,false
15,SSAT AL,fiducial,ILIS -1 side,ILIS -1 side,P27,P27,y,-487.2,,mm,false
15,SSAT AL,fiducial,ILIS -1 side,ILIS -1 side,P27,P27,z,3550.69,,mm,false
15,SSAT AL,fiducial,ILIS -1 side,ILIS -1 side,P28,P28,x,2766.52,,mm,false
15,SSAT AL,fiducial,ILIS -1 side,ILIS -1 side,P28,P28,y,-487.03,,mm,false
15,SSAT AL,fiducial,ILIS -1 side,ILIS -1 side,P28,P28,z,3551.91,,mm,false
15,SSAT AL,fiducial,ILIS -1 side,ILIS -1 side,P29,P29,x,2623.85,,mm,false
15,SSAT AL,fiducial,ILIS -1 side,ILIS -1 side,P29,P29,y,-461.93,,mm,false
15,SSAT AL,fiducial,ILIS -1 side,ILIS -1 side,P29,P29,z,3558.19,,mm,false
15,SSAT AL,fiducial,ILIS -1 side,ILIS -1 side,P30,P30,x,2562.41,,mm,false
15,SSAT AL,fiducial,ILIS -1 side,ILIS -1 side,P30,P30,y,-451.04,,mm,false
15,SSAT AL,fiducial,ILIS -1 side,ILIS -1 side,P30,P30,z,3557.82,,mm,false
15,SSAT AL,fiducial,ILIS -1 side,ILIS -1 side,P31,P31,x,2351.43,,mm,false
15,SSAT AL,fiducial,ILIS -1 side,ILIS -1 side,P31,P31,y,-413.9,,mm,false
15,SSAT AL,fiducial,ILIS -1 side,ILIS -1 side,P31,P31,z,3541.27,,mm,false
15,SSAT AL,fiducial,ILIS -1 side,ILIS -1 side,P32,P32,x,2232.88,,mm,false
15,SSAT AL,fiducial,ILIS -1 side,ILIS -1 side,P32,P32,y,-392.96,,mm,false
15,SSAT AL,fiducial,ILIS -1 side,ILIS -1 side,P32,P32,z,3539.5,,mm,false
15,SSAT AL,fiducial,ILIS -1 side,ILIS -1 side,P33,P33,x,2232.0,,mm,false
15,SSAT AL,fiducial,ILIS -1 side,ILIS -1 side,P33,P33,y,-392.8,,mm,false
15,SSAT AL,fiducial,ILIS -1 side,ILIS -1 side,P33,P33,z,3760.26,,mm,false
15,SSAT AL,fiducial,ILIS -1 side,ILIS -1 side,P34,P34,x,2411.49,,mm,false
15,SSAT AL,fiducial,ILIS -1 side,ILIS -1 side,P34,P34,y,-424.5,,mm,false
15,SSAT AL,fiducial,ILIS -1 side,ILIS -1 side,P34,P34,z,3793.93,,mm,false
15,SSAT AL,fiducial,ILIS -1 side,ILIS -1 side,P35,P35,x,2579.58,,mm,false
15,SSAT AL,fiducial,ILIS -1 side,ILIS -1 side,P35,P35,y,-454.16,,mm,false
15,SSAT AL,fiducial,ILIS -1 side,ILIS -1 side,P35,P35,z,3811.09,,mm,false
15,SSAT AL,fiducial,ILIS -1 side,ILIS -1 side,P36,P36,x,2578.22,,mm,false
15,SSAT AL,fiducial,ILIS -1 side,ILIS -1 side,P36,P36,y,-453.92,,mm,false
15,SSAT AL,fiducial,ILIS -1 side,ILIS -1 side,P36,P36,z,3975.34,,mm,false
15,SSAT AL,fiducial,ILIS -1 side,ILIS -1 side,P37,P37,x,2428.65,,mm,false
15,SSAT AL,fiducial,ILIS -1 side,ILIS -1 side,P37,P37,y,-427.52,,mm,false
15,SSAT AL,fiducial,ILIS -1 side,ILIS -1 side,P37,P37,z,3966.89,,mm,false
15,SSAT AL,fiducial,ILIS -1 side,ILIS -1 side,P38,P38,x,2227.36,,mm,false
15,SSAT AL,fiducial,ILIS -1 side,ILIS -1 side,P38,P38,y,-392.01,,mm,false
15,SSAT AL,fiducial,ILIS -1 side,ILIS -1 side,P38,P38,z,3930.87,,mm,false
15,SSAT AL,fiducial,ILIS -1 side,ILIS -1 side,P39,P39,x,3000.19,,mm,false
15,SSAT AL,fiducial,ILIS -1 side,ILIS -1 side,P39,P39,y,-528.3,,mm,false
15,SSAT AL,fiducial,ILIS -1 side,ILIS -1 side,P39,P39,z,3433.49,,mm,false
15,SSAT AL,fiducial,ILIS -1 side,ILIS -1 side,P40,P40,x,3003.57,,mm,false
15,SSAT AL,fiducial,ILIS -1 side,ILIS -1 side,P40,P40,y,-528.91,,mm,false
15,SSAT AL,fiducial,ILIS -1 side,ILIS -1 side,P40,P40,z,3203.0,,mm,false
15,SSAT AL,fiducial,ILIS -1 side,ILIS -1 side,P41,P41,x,3005.41,,mm,false
15,SSAT AL,fiducial,ILIS -1 side,ILIS -1 side,P41,P41,y,-529.23,,mm,false
15,SSAT AL,fiducial,ILIS -1 side,ILIS -1 side,P41,P41,z,2938.87,,mm,false
15,SSAT AL,fiducial,ILIS -1 side,ILIS -1 side,P42,P42,x,3007.3,,mm,false
15,SSAT AL,fiducial,ILIS -1 side,ILIS -1 side,P42,P42,y,-529.57,,mm,false
15,SSAT AL,fiducial,ILIS -1 side,ILIS -1 side,P42,P42,z,2570.87,,mm,false
15,SSAT AL,fiducial,ILIS -1 side,ILIS -1 side,P43,P43,x,2748.35,,mm,false
15,SSAT AL,fiducial,ILIS -1 side,ILIS -1 side,P43,P43,y,-483.92,,mm,false
15,SSAT AL,fiducial,ILIS -1 side,ILIS -1 side,P43,P43,z,2541.89,,mm,false
15,SSAT AL,fiducial,ILIS -1 side,ILIS -1 side,P44,P44,x,2775.51,,mm,false
15,SSAT AL,fiducial,ILIS -1 side,ILIS -1 side,P44,P44,y,-488.69,,mm,false
15,SSAT AL,fiducial,ILIS -1 side,ILIS -1 side,P44,P44,z,2853.7,,mm,false
15,SSAT AL,fiducial,ILIS -1 side,ILIS -1 side,P45,P45,x,2787.3,,mm,false
15,SSAT AL,fiducial,ILIS -1 side,ILIS -1 side,P45,P45,y,-490.81,,mm,false
15,SSAT AL,fiducial,ILIS -1 side,ILIS -1 side,P45,P45,z,3192.34,,mm,false
15,SSAT AL,fiducial,ILIS -1 side,ILIS -1 side,P46,P46,x,2770.74,,mm,false
15,SSAT AL,fiducial,ILIS -1 side,ILIS -1 side,P46,P46,y,-487.85,,mm,false
15,SSAT AL,fiducial,ILIS -1 side,ILIS -1 side,P46,P46,z,3435.24,,mm,false
15,SSAT AL,fiducial,ILIS -1 side,ILIS -1 side,P47,P47,x,2538.41,,mm,false
15,SSAT AL,fiducial,ILIS -1 side,ILIS -1 side,P47,P47,y,-446.9,,mm,false
15,SSAT AL,fiducial,ILIS -1 side,ILIS -1 side,P47,P47,z,3465.67,,mm,false
15,SSAT AL,fiducial,ILIS -1 side,ILIS -1 side,P48,P48,x,2551.93,,mm,false
15,SSAT AL,fiducial,ILIS -1 side,ILIS -1 side,P48,P48,y,-449.34,,mm,false
15,SSAT AL,fiducial,ILIS -1 side,ILIS -1 side,P48,P48,z,3192.6,,mm,false
15,SSAT AL,fiducial,ILIS -1 side,ILIS -1 side,P49,P49,x,2553.49,,mm,false
15,SSAT AL,fiducial,ILIS -1 side,ILIS -1 side,P49,P49,y,-449.57,,mm,false
15,SSAT AL,fiducial,ILIS -1 side,ILIS -1 side,P49,P49,z,2938.97,,mm,false
15,SSAT AL,fiducial,ILIS -1 side,ILIS -1 side,P50,P50,x,2296.94,,mm,false
15,SSAT AL,fiducial,ILIS -1 side,ILIS -1 side,P50,P50,y,-404.3,,mm,false
15,SSAT AL,fiducial,ILIS -1 side,ILIS -1 side,P50,P50,z,2595.48,,mm,false
15,SSAT AL,fiducial,ILIS -1 side,ILIS -1 side,P51,P51,x,2473.56,,mm,false
15,SSAT AL,fiducial,ILIS -1 side,ILIS -1 side,P51,P51,y,-435.47,,mm,false
15,SSAT AL,fiducial,ILIS -1 side,ILIS -1 side,P51,P51,z,2584.69,,mm,false
15,SSAT AL,fiducial,ILIS -1 side,ILIS -1 side,P52,P52,x,2248.69,,mm,false
15,SSAT AL,fiducial,ILIS -1 side,ILIS -1 side,P52,P52,y,-395.81,,mm,false
15,SSAT AL,fiducial,ILIS -1 side,ILIS -1 side,P52,P52,z,2880.9,,mm,false
15,SSAT AL,fiducial,ILIS -1 side,ILIS -1 side,P53,P53,x,2261.62,,mm,false
15,SSAT AL,fiducial,ILIS -1 side,ILIS -1 side,P53,P53,y,-398.08,,mm,false
15,SSAT AL,fiducial,ILIS -1 side,ILIS -1 side,P53,P53,z,3180.22,,mm,false
15,SSAT AL,fiducial,ILIS -1 side,ILIS -1 side,P54,P54,x,2277.34,,mm,false
15,SSAT AL,fiducial,ILIS -1 side,ILIS -1 side,P54,P54,y,-400.81,,mm,false
15,SSAT AL,fiducial,ILIS -1 side,ILIS -1 side,P54,P54,z,3429.81,,mm,false
15,SSAT AL,fiducial,ILIS -1 side,ILIS -1 side,P55,P55,x,3001.06,,mm,false
15,SSAT AL,fiducial,ILIS -1 side,ILIS -1 side,P55,P55,y,-528.44,,mm,false
15,SSAT AL,fiducial,ILIS -1 side,ILIS -1 side,P55,P55,z,2436.97,,mm,false
15,SSAT AL,fiducial,ILIS -1 side,ILIS -1 side,P56,P56,x,2751.42,,mm,false
15,SSAT AL,fiducial,ILIS -1 side,ILIS -1 side,P56,P56,y,-484.46,,mm,false
15,SSAT AL,fiducial,ILIS -1 side,ILIS -1 side,P56,P56,z,2448.83,,mm,false
15,SSAT AL,fiducial,ILIS -1 side,ILIS -1 side,P57,P57,x,2507.49,,mm,false
15,SSAT AL,fiducial,ILIS -1 side,ILIS -1 side,P57,P57,y,-441.52,,mm,false
15,SSAT AL,fiducial,ILIS -1 side,ILIS -1 side,P57,P57,z,2470.7,,mm,false
15,SSAT AL,fiducial,ILIS -1 side,ILIS -1 side,P58,P58,x,2276.43,,mm,false
15,SSAT AL,fiducial,ILIS -1 side,ILIS -1 side,P58,P58,y,-400.68,,mm,false
15,SSAT AL,fiducial,ILIS -1 side,ILIS -1 side,P58,P58,z,2475.47,,mm,false
15,SSAT AL,fiducial,ILIS -1 side,ILIS -1 side,P59,P59,x,2262.23,,mm,false
15,SSAT AL,fiducial,ILIS -1 side,ILIS -1 side,P59,P59,y,-398.18,,mm,false
15,SSAT AL,fiducial,ILIS -1 side,ILIS -1 side,P59,P59,z,2135.24,,mm,false
15,SSAT AL,fiducial,ILIS -1 side,ILIS -1 side,P60,P60,x,2421.67,,mm,false
15,SSAT AL,fiducial,ILIS -1 side,ILIS -1 side,P60,P60,y,-426.32,,mm,false
15,SSAT AL,fiducial,ILIS -1 side,ILIS -1 side,P60,P60,z,2131.78,,mm,false
15,SSAT AL,fiducial,ILIS -1 side,ILIS -1 side,P61,P61,x,2660.63,,mm,false
15,SSAT AL,fiducial,ILIS -1 side,ILIS -1 side,P61,P61,y,-468.42,,mm,false
15,SSAT AL,fiducial,ILIS -1 side,ILIS -1 side,P61,P61,z,2133.35,,mm,false
15,SSAT AL,fiducial,ILIS -1 side,ILIS -1 side,P62,P62,x,2954.3,,mm,false
15,SSAT AL,fiducial,ILIS -1 side,ILIS -1 side,P62,P62,y,-520.18,,mm,false
15,SSAT AL,fiducial,ILIS -1 side,ILIS -1 side,P62,P62,z,1832.32,,mm,false
15,SSAT AL,fiducial,ILIS -1 side,ILIS -1 side,P63,P63,x,2681.44,,mm,false
15,SSAT AL,fiducial,ILIS -1 side,ILIS -1 side,P63,P63,y,-472.12,,mm,false
15,SSAT AL,fiducial,ILIS -1 side,ILIS -1 side,P63,P63,z,1820.18,,mm,false
15,SSAT AL,fiducial,ILIS -1 side,ILIS -1 side,P64,P64,x,2466.41,,mm,false
15,SSAT AL,fiducial,ILIS -1 side,ILIS -1 side,P64,P64,y,-434.21,,mm,false
15,SSAT AL,fiducial,ILIS -1 side,ILIS -1 side,P64,P64,z,1810.12,,mm,false
15,SSAT AL,fiducial,ILIS -1 side,ILIS -1 side,P65,P65,x,2263.2,,mm,false
15,SSAT AL,fiducial,ILIS -1 side,ILIS -1 side,P65,P65,y,-398.33,,mm,false
15,SSAT AL,fiducial,ILIS -1 side,ILIS -1 side,P65,P65,z,1804.25,,mm,false
15,SSAT AL,fiducial,ILIS -1 side,ILIS -1 side,P66,P66,x,2310.18,,mm,false
15,SSAT AL,fiducial,ILIS -1 side,ILIS -1 side,P66,P66,y,-406.63,,mm,false
15,SSAT AL,fiducial,ILIS -1 side,ILIS -1 side,P66,P66,z,1611.58,,mm,false
15,SSAT AL,fiducial,ILIS -1 side,ILIS -1 side,P67,P67,x,2491.8,,mm,false
15,SSAT AL,fiducial,ILIS -1 side,ILIS -1 side,P67,P67,y,-438.65,,mm,false
15,SSAT AL,fiducial,ILIS -1 side,ILIS -1 side,P67,P67,z,1637.33,,mm,false
15,SSAT AL,fiducial,ILIS -1 side,ILIS -1 side,P68,P68,x,2684.35,,mm,false
15,SSAT AL,fiducial,ILIS -1 side,ILIS -1 side,P68,P68,y,-472.61,,mm,false
15,SSAT AL,fiducial,ILIS -1 side,ILIS -1 side,P68,P68,z,1628.79,,mm,false
15,SSAT AL,fiducial,ILIS -1 side,ILIS -1 side,P69,P69,x,2970.54,,mm,false
15,SSAT AL,fiducial,ILIS -1 side,ILIS -1 side,P69,P69,y,-523.06,,mm,false
15,SSAT AL,fiducial,ILIS -1 side,ILIS -1 side,P69,P69,z,1612.79,,mm,false
15,SSAT AL,fiducial,ILIS -1 side,ILIS -1 side,P70,P70,x,2822.9,,mm,false
15,SSAT AL,fiducial,ILIS -1 side,ILIS -1 side,P70,P70,y,-497.03,,mm,false
15,SSAT AL,fiducial,ILIS -1 side,ILIS -1 side,P70,P70,z,2086.58,,mm,false
15,SSAT AL,fiducial,ILIS -1 side,ILIS -1 side,P71,P71,x,2989.75,,mm,false
15,SSAT AL,fiducial,ILIS -1 side,ILIS -1 side,P71,P71,y,-526.52,,mm,false
15,SSAT AL,fiducial,ILIS -1 side,ILIS -1 side,P71,P71,z,1433.29,,mm,false
15,SSAT AL,fiducial,ILIS -1 side,ILIS -1 side,P72,P72,x,2688.02,,mm,false
15,SSAT AL,fiducial,ILIS -1 side,ILIS -1 side,P72,P72,y,-473.29,,mm,false
15,SSAT AL,fiducial,ILIS -1 side,ILIS -1 side,P72,P72,z,1433.59,,mm,false
15,SSAT AL,fiducial,ILIS -1 side,ILIS -1 side,P73,P73,x,2484.7,,mm,false
15,SSAT AL,fiducial,ILIS -1 side,ILIS -1 side,P73,P73,y,-437.48,,mm,false
15,SSAT AL,fiducial,ILIS -1 side,ILIS -1 side,P73,P73,z,1436.72,,mm,false
15,SSAT AL,fiducial,ILIS -1 side,ILIS -1 side,P74,P74,x,2350.25,,mm,false
15,SSAT AL,fiducial,ILIS -1 side,ILIS -1 side,P74,P74,y,-413.76,,mm,false
15,SSAT AL,fiducial,ILIS -1 side,ILIS -1 side,P74,P74,z,1434.51,,mm,false
15,SSAT AL,fiducial,ILIS -1 side,ILIS -1 side,P75,P75,x,2317.8,,mm,false
15,SSAT AL,fiducial,ILIS -1 side,ILIS -1 side,P75,P75,y,-408.0,,mm,false
15,SSAT AL,fiducial,ILIS -1 side,ILIS -1 side,P75,P75,z,1210.0,,mm,false
15,SSAT AL,fiducial,ILIS -1 side,ILIS -1 side,P76,P76,x,2556.1,,mm,false
15,SSAT AL,fiducial,ILIS -1 side,ILIS -1 side,P76,P76,y,-450.05,,mm,false
15,SSAT AL,fiducial,ILIS -1 side,ILIS -1 side,P76,P76,z,1232.3,,mm,false
15,SSAT AL,fiducial,ILIS -1 side,ILIS -1 side,P77,P77,x,2756.66,,mm,false
15,SSAT AL,fiducial,ILIS -1 side,ILIS -1 side,P77,P77,y,-485.39,,mm,false
15,SSAT AL,fiducial,ILIS -1 side,ILIS -1 side,P77,P77,z,1247.66,,mm,false
15,SSAT AL,fiducial,ILIS -1 side,ILIS -1 side,P78,P78,x,3016.7,,mm,false
15,SSAT AL,fiducial,ILIS -1 side,ILIS -1 side,P78,P78,y,-531.27,,mm,false
15,SSAT AL,fiducial,ILIS -1 side,ILIS -1 side,P78,P78,z,881.55,,mm,false
15,SSAT AL,fiducial,ILIS -1 side,ILIS -1 side,P79,P79,x,2764.21,,mm,false
15,SSAT AL,fiducial,ILIS -1 side,ILIS -1 side,P79,P79,y,-486.68,,mm,false
15,SSAT AL,fiducial,ILIS -1 side,ILIS -1 side,P79,P79,z,864.86,,mm,false
15,SSAT AL,fiducial,ILIS -1 side,ILIS -1 side,P80,P80,x,2493.17,,mm,false
15,SSAT AL,fiducial,ILIS -1 side,ILIS -1 side,P80,P80,y,-438.94,,mm,false
15,SSAT AL,fiducial,ILIS -1 side,ILIS -1 side,P80,P80,z,882.04,,mm,false
15,SSAT AL,fiducial,ILIS -1 side,ILIS -1 side,P81,P81,x,2274.55,,mm,false
15,SSAT AL,fiducial,ILIS -1 side,ILIS -1 side,P81,P81,y,-400.35,,mm,false
15,SSAT AL,fiducial,ILIS -1 side,ILIS -1 side,P81,P81,z,878.56,,mm,false
15,SSAT AL,fiducial,ILIS -1 side,ILIS -1 side,P82,P82,x,2280.19,,mm,false
15,SSAT AL,fiducial,ILIS -1 side,ILIS -1 side,P82,P82,y,-401.34,,mm,false
15,SSAT AL,fiducial,ILIS -1 side,ILIS -1 side,P82,P82,z,586.98,,mm,false
15,SSAT AL,fiducial,ILIS -1 side,ILIS -1 side,P83,P83,x,2526.1,,mm,false
15,SSAT AL,fiducial,ILIS -1 side,ILIS -1 side,P83,P83,y,-444.73,,mm,false
15,SSAT AL,fiducial,ILIS -1 side,ILIS -1 side,P83,P83,z,602.65,,mm,false
15,SSAT AL,fiducial,ILIS -1 side,ILIS -1 side,P84,P84,x,2724.01,,mm,false
15,SSAT AL,fiducial,ILIS -1 side,ILIS -1 side,P84,P84,y,-479.58,,mm,false
15,SSAT AL,fiducial,ILIS -1 side,ILIS -1 side,P84,P84,z,598.38,,mm,false
15,SSAT AL,fiducial,ILIS -1 side,ILIS -1 side,P85,P85,x,2967.42,,mm,false
15,SSAT AL,fiducial,ILIS -1 side,ILIS -1 side,P85,P85,y,-522.54,,mm,false
15,SSAT AL,fiducial,ILIS -1 side,ILIS -1 side,P85,P85,z,574.57,,mm,false
15,SSAT AL,fiducial,ILIS -1 side,ILIS -1 side,P86,P86,x,2967.03,,mm,false
15,SSAT AL,fiducial,ILIS -1 side,ILIS -1 side,P86,P86,y,-522.49,,mm,false
15,SSAT AL,fiducial,ILIS -1 side,ILIS -1 side,P86,P86,z,1231.91,,mm,false
15,SSAT AL,fiducial,ILIS -1 side,ILIS -1 side,P87,P87,x,2986.96,,mm,false
15,SSAT AL,fiducial,ILIS -1 side,ILIS -1 side,P87,P87,y,-525.97,,mm,false
15,SSAT AL,fiducial,ILIS -1 side,ILIS -1 side,P87,P87,z,428.92,,mm,false
15,SSAT AL,fiducial,ILIS -1 side,ILIS -1 side,P88,P88,x,2688.11,,mm,false
15,SSAT AL,fiducial,ILIS -1 side,ILIS -1 side,P88,P88,y,-473.29,,mm,false
15,SSAT AL,fiducial,ILIS -1 side,ILIS -1 side,P88,P88,z,454.37,,mm,false
15,SSAT AL,fiducial,ILIS -1 side,ILIS -1 side,P89,P89,x,2504.42,,mm,false
15,SSAT AL,fiducial,ILIS -1 side,ILIS -1 side,P89,P89,y,-440.88,,mm,false
15,SSAT AL,fiducial,ILIS -1 side,ILIS -1 side,P89,P89,z,459.58,,mm,false
15,SSAT AL,fiducial,ILIS -1 side,ILIS -1 side,P90,P90,x,2284.01,,mm,false
15,SSAT AL,fiducial,ILIS -1 side,ILIS -1 side,P90,P90,y,-402.0,,mm,false
15,SSAT AL,fiducial,ILIS -1 side,ILIS -1 side,P90,P90,z,448.89,,mm,false
15,SSAT AL,fiducial,ILIS -1 side,ILIS -1 side,P91,P91,x,2261.87,,mm,false
15,SSAT AL,fiducial,ILIS -1 side,ILIS -1 side,P91,P91,y,-398.07,,mm,false
15,SSAT AL,fiducial,ILIS -1 side,ILIS -1 side,P91,P91,z,206.77,,mm,false
15,SSAT AL,fiducial,ILIS -1 side,ILIS -1 side,P92,P92,x,2498.04,,mm,false
15,SSAT AL,fiducial,ILIS -1 side,ILIS -1 side,P92,P92,y,-439.77,,mm,false
15,SSAT AL,fiducial,ILIS -1 side,ILIS -1 side,P92,P92,z,216.57,,mm,false
15,SSAT AL,fiducial,ILIS -1 side,ILIS -1 side,P93,P93,x,2707.11,,mm,false
15,SSAT AL,fiducial,ILIS -1 side,ILIS -1 side,P93,P93,y,-476.64,,mm,false
15,SSAT AL,fiducial,ILIS -1 side,ILIS -1 side,P93,P93,z,197.61,,mm,false
15,SSAT AL,fiducial,ILIS -1 side,ILIS -1 side,P94,P94,x,2920.6,,mm,false
15,SSAT AL,fiducial,ILIS -1 side,ILIS -1 side,P94,P94,y,-514.28,,mm,false
15,SSAT AL,fiducial,ILIS -1 side,ILIS -1 side,P94,P94,z,228.21,,mm,false
15,SSAT AL,fiducial,ILIS -1 side,ILIS -1 side,P95,P95,x,2977.38,,mm,false
15,SSAT AL,fiducial,ILIS -1 side,ILIS -1 side,P95,P95,y,-524.24,,mm,false
15,SSAT AL,fiducial,ILIS -1 side,ILIS -1 side,P95,P95,z,-167.47,,mm,false
15,SSAT AL,fiducial,ILIS -1 side,ILIS -1 side,P96,P96,x,2718.54,,mm,false
15,SSAT AL,fiducial,ILIS -1 side,ILIS -1 side,P96,P96,y,-478.63,,mm,false
15,SSAT AL,fiducial,ILIS -1 side,ILIS -1 side,P96,P96,z,-189.79,,mm,false
15,SSAT AL,fiducial,ILIS -1 side,ILIS -1 side,P97,P97,x,2511.35,,mm,false
15,SSAT AL,fiducial,ILIS -1 side,ILIS -1 side,P97,P97,y,-442.08,,mm,false
15,SSAT AL,fiducial,ILIS -1 side,ILIS -1 side,P97,P97,z,-181.25,,mm,false
15,SSAT AL,fiducial,ILIS -1 side,ILIS -1 side,P98,P98,x,2285.86,,mm,false
15,SSAT AL,fiducial,ILIS -1 side,ILIS -1 side,P98,P98,y,-402.31,,mm,false
15,SSAT AL,fiducial,ILIS -1 side,ILIS -1 side,P98,P98,z,-183.85,,mm,false
15,SSAT AL,fiducial,ILIS -1 side,ILIS -1 side,P99,P99,x,2268.88,,mm,false
15,SSAT AL,fiducial,ILIS -1 side,ILIS -1 side,P99,P99,y,-399.31,,mm,false
15,SSAT AL,fiducial,ILIS -1 side,ILIS -1 side,P99,P99,z,-424.63,,mm,false
15,SSAT AL,fiducial,ILIS -1 side,ILIS -1 side,P100,P100,x,2501.75,,mm,false
15,SSAT AL,fiducial,ILIS -1 side,ILIS -1 side,P100,P100,y,-440.38,,mm,false
15,SSAT AL,fiducial,ILIS -1 side,ILIS -1 side,P100,P100,z,-428.05,,mm,false
15,SSAT AL,fiducial,ILIS -1 side,ILIS -1 side,P101,P101,x,2714.96,,mm,false
15,SSAT AL,fiducial,ILIS -1 side,ILIS -1 side,P101,P101,y,-477.98,,mm,false
15,SSAT AL,fiducial,ILIS -1 side,ILIS -1 side,P101,P101,z,-419.23,,mm,false
15,SSAT AL,fiducial,ILIS -1 side,ILIS -1 side,P102,P102,x,2995.56,,mm,false
15,SSAT AL,fiducial,ILIS -1 side,ILIS -1 side,P102,P102,y,-527.43,,mm,false
15,SSAT AL,fiducial,ILIS -1 side,ILIS -1 side,P102,P102,z,-420.38,,mm,false
15,SSAT AL,fiducial,ILIS -1 side,ILIS -1 side,P103,P103,x,2989.68,,mm,false
15,SSAT AL,fiducial,ILIS -1 side,ILIS -1 side,P103,P103,y,-526.4,,mm,false
15,SSAT AL,fiducial,ILIS -1 side,ILIS -1 side,P103,P103,z,-567.76,,mm,false
15,SSAT AL,fiducial,ILIS -1 side,ILIS -1 side,P104,P104,x,2733.95,,mm,false
15,SSAT AL,fiducial,ILIS -1 side,ILIS -1 side,P104,P104,y,-481.31,,mm,false
15,SSAT AL,fiducial,ILIS -1 side,ILIS -1 side,P104,P104,z,-555.05,,mm,false
15,SSAT AL,fiducial,ILIS -1 side,ILIS -1 side,P105,P105,x,2518.75,,mm,false
15,SSAT AL,fiducial,ILIS -1 side,ILIS -1 side,P105,P105,y,-443.4,,mm,false
15,SSAT AL,fiducial,ILIS -1 side,ILIS -1 side,P105,P105,z,-551.05,,mm,false
15,SSAT AL,fiducial,ILIS -1 side,ILIS -1 side,P106,P106,x,2319.22,,mm,false
15,SSAT AL,fiducial,ILIS -1 side,ILIS -1 side,P106,P106,y,-408.19,,mm,false
15,SSAT AL,fiducial,ILIS -1 side,ILIS -1 side,P106,P106,z,-541.75,,mm,false
15,SSAT AL,fiducial,ILIS -1 side,ILIS -1 side,P107,P107,x,2298.68,,mm,false
15,SSAT AL,fiducial,ILIS -1 side,ILIS -1 side,P107,P107,y,-404.53,,mm,false
15,SSAT AL,fiducial,ILIS -1 side,ILIS -1 side,P107,P107,z,-819.31,,mm,false
15,SSAT AL,fiducial,ILIS -1 side,ILIS -1 side,P108,P108,x,2298.93,,mm,false
15,SSAT AL,fiducial,ILIS -1 side,ILIS -1 side,P108,P108,y,-404.57,,mm,false
15,SSAT AL,fiducial,ILIS -1 side,ILIS -1 side,P108,P108,z,-820.6,,mm,false
15,SSAT AL,fiducial,ILIS -1 side,ILIS -1 side,P109,P109,x,2517.12,,mm,false
15,SSAT AL,fiducial,ILIS -1 side,ILIS -1 side,P109,P109,y,-443.1,,mm,false
15,SSAT AL,fiducial,ILIS -1 side,ILIS -1 side,P109,P109,z,-831.68,,mm,false
15,SSAT AL,fiducial,ILIS -1 side,ILIS -1 side,P110,P110,x,2740.05,,mm,false
15,SSAT AL,fiducial,ILIS -1 side,ILIS -1 side,P110,P110,y,-482.41,,mm,false
15,SSAT AL,fiducial,ILIS -1 side,ILIS -1 side,P110,P110,z,-838.56,,mm,false
15,SSAT AL,fiducial,ILIS -1 side,ILIS -1 side,P111,P111,x,3004.02,,mm,false
15,SSAT AL,fiducial,ILIS -1 side,ILIS -1 side,P111,P111,y,-528.93,,mm,false
15,SSAT AL,fiducial,ILIS -1 side,ILIS -1 side,P111,P111,z,-840.67,,mm,false
15,SSAT AL,fiducial,ILIS -1 side,ILIS -1 side,P112,P112,x,3012.14,,mm,false
15,SSAT AL,fiducial,ILIS -1 side,ILIS -1 side,P112,P112,y,-530.34,,mm,false
15,SSAT AL,fiducial,ILIS -1 side,ILIS -1 side,P112,P112,z,-1119.28,,mm,false
15,SSAT AL,fiducial,ILIS -1 side,ILIS -1 side,P113,P113,x,2768.26,,mm,false
15,SSAT AL,fiducial,ILIS -1 side,ILIS -1 side,P113,P113,y,-487.37,,mm,false
15,SSAT AL,fiducial,ILIS -1 side,ILIS -1 side,P113,P113,z,-1142.26,,mm,false
15,SSAT AL,fiducial,ILIS -1 side,ILIS -1 side,P114,P114,x,2477.7,,mm,false
15,SSAT AL,fiducial,ILIS -1 side,ILIS -1 side,P114,P114,y,-436.09,,mm,false
15,SSAT AL,fiducial,ILIS -1 side,ILIS -1 side,P114,P114,z,-1172.85,,mm,false
15,SSAT AL,fiducial,ILIS -1 side,ILIS -1 side,P115,P115,x,2258.59,,mm,false
15,SSAT AL,fiducial,ILIS -1 side,ILIS -1 side,P115,P115,y,-397.43,,mm,false
15,SSAT AL,fiducial,ILIS -1 side,ILIS -1 side,P115,P115,z,-1179.51,,mm,false
15,SSAT AL,fiducial,ILIS -1 side,ILIS -1 side,P116,P116,x,2236.5,,mm,false
15,SSAT AL,fiducial,ILIS -1 side,ILIS -1 side,P116,P116,y,-393.51,,mm,false
15,SSAT AL,fiducial,ILIS -1 side,ILIS -1 side,P116,P116,z,-1438.05,,mm,false
15,SSAT AL,fiducial,ILIS -1 side,ILIS -1 side,P117,P117,x,2509.97,,mm,false
15,SSAT AL,fiducial,ILIS -1 side,ILIS -1 side,P117,P117,y,-441.82,,mm,false
15,SSAT AL,fiducial,ILIS -1 side,ILIS -1 side,P117,P117,z,-1412.98,,mm,false
15,SSAT AL,fiducial,ILIS -1 side,ILIS -1 side,P118,P118,x,2745.59,,mm,false
15,SSAT AL,fiducial,ILIS -1 side,ILIS -1 side,P118,P118,y,-483.34,,mm,false
15,SSAT AL,fiducial,ILIS -1 side,ILIS -1 side,P118,P118,z,-1422.03,,mm,false
15,SSAT AL,fiducial,ILIS -1 side,ILIS -1 side,P119,P119,x,3010.24,,mm,false
15,SSAT AL,fiducial,ILIS -1 side,ILIS -1 side,P119,P119,y,-530.02,,mm,false
15,SSAT AL,fiducial,ILIS -1 side,ILIS -1 side,P119,P119,z,-1431.86,,mm,false
15,SSAT AL,fiducial,ILIS -1 side,ILIS -1 side,P120,P120,x,3009.61,,mm,false
15,SSAT AL,fiducial,ILIS -1 side,ILIS -1 side,P120,P120,y,-529.87,,mm,false
15,SSAT AL,fiducial,ILIS -1 side,ILIS -1 side,P120,P120,z,-1570.55,,mm,false
15,SSAT AL,fiducial,ILIS -1 side,ILIS -1 side,P121,P121,x,2752.28,,mm,false
15,SSAT AL,fiducial,ILIS -1 side,ILIS -1 side,P121,P121,y,-484.46,,mm,false
15,SSAT AL,fiducial,ILIS -1 side,ILIS -1 side,P121,P121,z,-1570.07,,mm,false
15,SSAT AL,fiducial,ILIS -1 side,ILIS -1 side,P122,P122,x,2503.31,,mm,false
15,SSAT AL,fiducial,ILIS -1 side,ILIS -1 side,P122,P122,y,-440.57,,mm,false
15,SSAT AL,fiducial,ILIS -1 side,ILIS -1 side,P122,P122,z,-1553.86,,mm,false
15,SSAT AL,fiducial,ILIS -1 side,ILIS -1 side,P123,P123,x,2503.84,,mm,false
15,SSAT AL,fiducial,ILIS -1 side,ILIS -1 side,P123,P123,y,-440.61,,mm,false
15,SSAT AL,fiducial,ILIS -1 side,ILIS -1 side,P123,P123,z,-1554.47,,mm,false
15,SSAT AL,fiducial,ILIS -1 side,ILIS -1 side,P124,P124,x,2276.61,,mm,false
15,SSAT AL,fiducial,ILIS -1 side,ILIS -1 side,P124,P124,y,-400.62,,mm,false
15,SSAT AL,fiducial,ILIS -1 side,ILIS -1 side,P124,P124,z,-1547.58,,mm,false
15,SSAT AL,fiducial,ILIS -1 side,ILIS -1 side,P125,P125,x,2277.31,,mm,false
15,SSAT AL,fiducial,ILIS -1 side,ILIS -1 side,P125,P125,y,-400.76,,mm,false
15,SSAT AL,fiducial,ILIS -1 side,ILIS -1 side,P125,P125,z,-1547.66,,mm,false
15,SSAT AL,fiducial,ILIS -1 side,ILIS -1 side,P126,P126,x,2294.87,,mm,false
15,SSAT AL,fiducial,ILIS -1 side,ILIS -1 side,P126,P126,y,-403.76,,mm,false
15,SSAT AL,fiducial,ILIS -1 side,ILIS -1 side,P126,P126,z,-1814.89,,mm,false
15,SSAT AL,fiducial,ILIS -1 side,ILIS -1 side,P127,P127,x,2484.27,,mm,false
15,SSAT AL,fiducial,ILIS -1 side,ILIS -1 side,P127,P127,y,-437.17,,mm,false
15,SSAT AL,fiducial,ILIS -1 side,ILIS -1 side,P127,P127,z,-1808.35,,mm,false
15,SSAT AL,fiducial,ILIS -1 side,ILIS -1 side,P128,P128,x,2750.14,,mm,false
15,SSAT AL,fiducial,ILIS -1 side,ILIS -1 side,P128,P128,y,-484.07,,mm,false
15,SSAT AL,fiducial,ILIS -1 side,ILIS -1 side,P128,P128,z,-1811.2,,mm,false
15,SSAT AL,fiducial,ILIS -1 side,ILIS -1 side,P129,P129,x,2987.86,,mm,false
15,SSAT AL,fiducial,ILIS -1 side,ILIS -1 side,P129,P129,y,-525.97,,mm,false
15,SSAT AL,fiducial,ILIS -1 side,ILIS -1 side,P129,P129,z,-1813.83,,mm,false
15,SSAT AL,fiducial,ILIS -1 side,ILIS -1 side,P130,P130,x,3008.68,,mm,false
15,SSAT AL,fiducial,ILIS -1 side,ILIS -1 side,P130,P130,y,-529.67,,mm,false
15,SSAT AL,fiducial,ILIS -1 side,ILIS -1 side,P130,P130,z,-1861.51,,mm,false
15,SSAT AL,fiducial,ILIS -1 side,ILIS -1 side,P131,P131,x,2760.0,,mm,false
15,SSAT AL,fiducial,ILIS -1 side,ILIS -1 side,P131,P131,y,-485.78,,mm,false
15,SSAT AL,fiducial,ILIS -1 side,ILIS -1 side,P131,P131,z,-1858.37,,mm,false
15,SSAT AL,fiducial,ILIS -1 side,ILIS -1 side,P132,P132,x,2283.51,,mm,false
15,SSAT AL,fiducial,ILIS -1 side,ILIS -1 side,P132,P132,y,-401.74,,mm,false
15,SSAT AL,fiducial,ILIS -1 side,ILIS -1 side,P132,P132,z,-1864.32,,mm,false
15,SSAT AL,fiducial,ILIS -1 side,ILIS -1 side,P133,P133,x,2274.74,,mm,false
15,SSAT AL,fiducial,ILIS -1 side,ILIS -1 side,P133,P133,y,-400.16,,mm,false
15,SSAT AL,fiducial,ILIS -1 side,ILIS -1 side,P133,P133,z,-2161.03,,mm,false
15,SSAT AL,fiducial,ILIS -1 side,ILIS -1 side,P134,P134,x,2523.13,,mm,false
15,SSAT AL,fiducial,ILIS -1 side,ILIS -1 side,P134,P134,y,-443.99,,mm,false
15,SSAT AL,fiducial,ILIS -1 side,ILIS -1 side,P134,P134,z,-2148.07,,mm,false
15,SSAT AL,fiducial,ILIS -1 side,ILIS -1 side,P135,P135,x,2775.67,,mm,false
15,SSAT AL,fiducial,ILIS -1 side,ILIS -1 side,P135,P135,y,-488.52,,mm,false
15,SSAT AL,fiducial,ILIS -1 side,ILIS -1 side,P135,P135,z,-2128.95,,mm,false
15,SSAT AL,fiducial,ILIS -1 side,ILIS -1 side,P136,P136,x,3011.55,,mm,false
15,SSAT AL,fiducial,ILIS -1 side,ILIS -1 side,P136,P136,y,-530.14,,mm,false
15,SSAT AL,fiducial,ILIS -1 side,ILIS -1 side,P136,P136,z,-2115.31,,mm,false
15,SSAT AL,fiducial,ILIS -1 side,ILIS -1 side,P137,P137,x,2964.03,,mm,false
15,SSAT AL,fiducial,ILIS -1 side,ILIS -1 side,P137,P137,y,-521.74,,mm,false
15,SSAT AL,fiducial,ILIS -1 side,ILIS -1 side,P137,P137,z,-2376.48,,mm,false
15,SSAT AL,fiducial,ILIS -1 side,ILIS -1 side,P138,P138,x,2721.18,,mm,false
15,SSAT AL,fiducial,ILIS -1 side,ILIS -1 side,P138,P138,y,-478.89,,mm,false
15,SSAT AL,fiducial,ILIS -1 side,ILIS -1 side,P138,P138,z,-2385.33,,mm,false
15,SSAT AL,fiducial,ILIS -1 side,ILIS -1 side,P139,P139,x,2499.8,,mm,false
15,SSAT AL,fiducial,ILIS -1 side,ILIS -1 side,P139,P139,y,-439.84,,mm,false
15,SSAT AL,fiducial,ILIS -1 side,ILIS -1 side,P139,P139,z,-2388.18,,mm,false
15,SSAT AL,fiducial,ILIS -1 side,ILIS -1 side,P140,P140,x,2211.74,,mm,false
15,SSAT AL,fiducial,ILIS -1 side,ILIS -1 side,P140,P140,y,-389.08,,mm,false
15,SSAT AL,fiducial,ILIS -1 side,ILIS -1 side,P140,P140,z,-2398.68,,mm,false
15,SSAT AL,fiducial,ILIS -1 side,ILIS -1 side,P141,P141,x,2972.9,,mm,false
15,SSAT AL,fiducial,ILIS -1 side,ILIS -1 side,P141,P141,y,-523.36,,mm,false
15,SSAT AL,fiducial,ILIS -1 side,ILIS -1 side,P141,P141,z,-2559.09,,mm,false
15,SSAT AL,fiducial,ILIS -1 side,ILIS -1 side,P142,P142,x,2703.23,,mm,false
15,SSAT AL,fiducial,ILIS -1 side,ILIS -1 side,P142,P142,y,-475.78,,mm,false
15,SSAT AL,fiducial,ILIS -1 side,ILIS -1 side,P142,P142,z,-2546.14,,mm,false
15,SSAT AL,fiducial,ILIS -1 side,ILIS -1 side,P143,P143,x,2474.74,,mm,false
15,SSAT AL,fiducial,ILIS -1 side,ILIS -1 side,P143,P143,y,-435.47,,mm,false
15,SSAT AL,fiducial,ILIS -1 side,ILIS -1 side,P143,P143,z,-2553.72,,mm,false
15,SSAT AL,fiducial,ILIS -1 side,ILIS -1 side,P144,P144,x,2270.14,,mm,false
15,SSAT AL,fiducial,ILIS -1 side,ILIS -1 side,P144,P144,y,-399.36,,mm,false
15,SSAT AL,fiducial,ILIS -1 side,ILIS -1 side,P144,P144,z,-2582.13,,mm,false
15,SSAT AL,fiducial,ILIS -1 side,ILIS -1 side,P145,P145,x,2282.43,,mm,false
15,SSAT AL,fiducial,ILIS -1 side,ILIS -1 side,P145,P145,y,-401.46,,mm,false
15,SSAT AL,fiducial,ILIS -1 side,ILIS -1 side,P145,P145,z,-2589.88,,mm,false
15,SSAT AL,fiducial,ILIS -1 side,ILIS -1 side,P146,P146,x,2939.66,,mm,false
15,SSAT AL,fiducial,ILIS -1 side,ILIS -1 side,P146,P146,y,-517.37,,mm,false
15,SSAT AL,fiducial,ILIS -1 side,ILIS -1 side,P146,P146,z,-2822.2,,mm,false
15,SSAT AL,fiducial,ILIS -1 side,ILIS -1 side,P147,P147,x,2720.29,,mm,false
15,SSAT AL,fiducial,ILIS -1 side,ILIS -1 side,P147,P147,y,-478.69,,mm,false
15,SSAT AL,fiducial,ILIS -1 side,ILIS -1 side,P147,P147,z,-2817.2,,mm,false
15,SSAT AL,fiducial,ILIS -1 side,ILIS -1 side,P148,P148,x,2496.42,,mm,false
15,SSAT AL,fiducial,ILIS -1 side,ILIS -1 side,P148,P148,y,-439.21,,mm,false
15,SSAT AL,fiducial,ILIS -1 side,ILIS -1 side,P148,P148,z,-2835.41,,mm,false
15,SSAT AL,fiducial,ILIS -1 side,ILIS -1 side,P149,P149,x,2263.74,,mm,false
15,SSAT AL,fiducial,ILIS -1 side,ILIS -1 side,P149,P149,y,-398.16,,mm,false
15,SSAT AL,fiducial,ILIS -1 side,ILIS -1 side,P149,P149,z,-2867.74,,mm,false
15,SSAT AL,fiducial,ILIS -1 side,ILIS -1 side,P150,P150,x,2989.47,,mm,false
15,SSAT AL,fiducial,ILIS -1 side,ILIS -1 side,P150,P150,y,-526.14,,mm,false
15,SSAT AL,fiducial,ILIS -1 side,ILIS -1 side,P150,P150,z,-3078.87,,mm,false
15,SSAT AL,fiducial,ILIS -1 side,ILIS -1 side,P151,P151,x,2742.12,,mm,false
15,SSAT AL,fiducial,ILIS -1 side,ILIS -1 side,P151,P151,y,-482.5,,mm,false
15,SSAT AL,fiducial,ILIS -1 side,ILIS -1 side,P151,P151,z,-3086.42,,mm,false
15,SSAT AL,fiducial,ILIS -1 side,ILIS -1 side,P152,P152,x,2500.04,,mm,false
15,SSAT AL,fiducial,ILIS -1 side,ILIS -1 side,P152,P152,y,-439.81,,mm,false
15,SSAT AL,fiducial,ILIS -1 side,ILIS -1 side,P152,P152,z,-3086.3,,mm,false
15,SSAT AL,fiducial,ILIS -1 side,ILIS -1 side,P153,P153,x,2240.71,,mm,false
15,SSAT AL,fiducial,ILIS -1 side,ILIS -1 side,P153,P153,y,-394.1,,mm,false
15,SSAT AL,fiducial,ILIS -1 side,ILIS -1 side,P153,P153,z,-3070.48,,mm,false
15,SSAT AL,fiducial,ILIS -1 side,ILIS -1 side,P154,P154,x,2494.46,,mm,false
15,SSAT AL,fiducial,ILIS -1 side,ILIS -1 side,P154,P154,y,-438.79,,mm,false
15,SSAT AL,fiducial,ILIS -1 side,ILIS -1 side,P154,P154,z,-3428.52,,mm,false
15,SSAT AL,fiducial,ILIS -1 side,ILIS -1 side,P155,P155,x,2238.69,,mm,false
15,SSAT AL,fiducial,ILIS -1 side,ILIS -1 side,P155,P155,y,-393.72,,mm,false
15,SSAT AL,fiducial,ILIS -1 side,ILIS -1 side,P155,P155,z,-3444.05,,mm,false
15,SSAT AL,fiducial,ILIS -1 side,ILIS -1 side,P156,P156,x,2737.03,,mm,false
15,SSAT AL,fiducial,ILIS -1 side,ILIS -1 side,P156,P156,y,-481.6,,mm,false
15,SSAT AL,fiducial,ILIS -1 side,ILIS -1 side,P156,P156,z,-3433.74,,mm,false
15,SSAT AL,fiducial,ILIS -1 side,ILIS -1 side,P157,P157,x,2957.26,,mm,false
15,SSAT AL,fiducial,ILIS -1 side,ILIS -1 side,P157,P157,y,-520.43,,mm,false
15,SSAT AL,fiducial,ILIS -1 side,ILIS -1 side,P157,P157,z,-3446.97,,mm,false
15,SSAT AL,fiducial,ILIS -1 side,ILIS -1 side,P158,P158,x,2960.87,,mm,false
15,SSAT AL,fiducial,ILIS -1 side,ILIS -1 side,P158,P158,y,-521.06,,mm,false
15,SSAT AL,fiducial,ILIS -1 side,ILIS -1 side,P158,P158,z,-3560.56,,mm,false
15,SSAT AL,fiducial,ILIS -1 side,ILIS -1 side,P159,P159,x,2805.17,,mm,false
15,SSAT AL,fiducial,ILIS -1 side,ILIS -1 side,P159,P159,y,-493.57,,mm,false
15,SSAT AL,fiducial,ILIS -1 side,ILIS -1 side,P159,P159,z,-3566.83,,mm,false
15,SSAT AL,fiducial,ILIS -1 side,ILIS -1 side,P160,P160,x,2652.73,,mm,false
15,SSAT AL,fiducial,ILIS -1 side,ILIS -1 side,P160,P160,y,-466.68,,mm,false
15,SSAT AL,fiducial,ILIS -1 side,ILIS -1 side,P160,P160,z,-3569.26,,mm,false
15,SSAT AL,fiducial,ILIS -1 side,ILIS -1 side,P161,P161,x,2668.56,,mm,false
15,SSAT AL,fiducial,ILIS -1 side,ILIS -1 side,P161,P161,y,-469.48,,mm,false
15,SSAT AL,fiducial,ILIS -1 side,ILIS -1 side,P161,P161,z,-3758.53,,mm,false
15,SSAT AL,fiducial,ILIS -1 side,ILIS -1 side,P162,P162,x,2826.91,,mm,false
15,SSAT AL,fiducial,ILIS -1 side,ILIS -1 side,P162,P162,y,-497.4,,mm,false
15,SSAT AL,fiducial,ILIS -1 side,ILIS -1 side,P162,P162,z,-3764.61,,mm,false
15,SSAT AL,fiducial,ILIS -1 side,ILIS -1 side,P163,P163,x,2986.19,,mm,false
15,SSAT AL,fiducial,ILIS -1 side,ILIS -1 side,P163,P163,y,-525.46,,mm,false
15,SSAT AL,fiducial,ILIS -1 side,ILIS -1 side,P163,P163,z,-3745.64,,mm,false
15,SSAT AL,fiducial,ILIS -1 side,ILIS -1 side,P164,P164,x,2970.35,,mm,false
15,SSAT AL,fiducial,ILIS -1 side,ILIS -1 side,P164,P164,y,-522.66,,mm,false
15,SSAT AL,fiducial,ILIS -1 side,ILIS -1 side,P164,P164,z,-3947.49,,mm,false
15,SSAT AL,fiducial,ILIS -1 side,ILIS -1 side,P165,P165,x,2843.86,,mm,false
15,SSAT AL,fiducial,ILIS -1 side,ILIS -1 side,P165,P165,y,-500.39,,mm,false
15,SSAT AL,fiducial,ILIS -1 side,ILIS -1 side,P165,P165,z,-3935.91,,mm,false
15,SSAT AL,fiducial,ILIS -1 side,ILIS -1 side,P166,P166,x,2638.87,,mm,false
15,SSAT AL,fiducial,ILIS -1 side,ILIS -1 side,P166,P166,y,-464.26,,mm,false
15,SSAT AL,fiducial,ILIS -1 side,ILIS -1 side,P166,P166,z,-3916.64,,mm,false
15,SSAT AL,fiducial,ILIS -1 side,ILIS -1 side,P167,P167,x,2525.08,,mm,false
15,SSAT AL,fiducial,ILIS -1 side,ILIS -1 side,P167,P167,y,-444.23,,mm,false
15,SSAT AL,fiducial,ILIS -1 side,ILIS -1 side,P167,P167,z,-3539.11,,mm,false
15,SSAT AL,fiducial,ILIS -1 side,ILIS -1 side,P168,P168,x,2396.38,,mm,false
15,SSAT AL,fiducial,ILIS -1 side,ILIS -1 side,P168,P168,y,-421.52,,mm,false
15,SSAT AL,fiducial,ILIS -1 side,ILIS -1 side,P168,P168,z,-3563.92,,mm,false
15,SSAT AL,fiducial,ILIS -1 side,ILIS -1 side,P169,P169,x,2396.26,,mm,false
15,SSAT AL,fiducial,ILIS -1 side,ILIS -1 side,P169,P169,y,-421.5,,mm,false
15,SSAT AL,fiducial,ILIS -1 side,ILIS -1 side,P169,P169,z,-3564.63,,mm,false
15,SSAT AL,fiducial,ILIS -1 side,ILIS -1 side,P170,P170,x,2200.7,,mm,false
15,SSAT AL,fiducial,ILIS -1 side,ILIS -1 side,P170,P170,y,-387.0,,mm,false
15,SSAT AL,fiducial,ILIS -1 side,ILIS -1 side,P170,P170,z,-3564.31,,mm,false
15,SSAT AL,fiducial,ILIS -1 side,ILIS -1 side,P171,P171,x,2200.46,,mm,false
15,SSAT AL,fiducial,ILIS -1 side,ILIS -1 side,P171,P171,y,-386.9,,mm,false
15,SSAT AL,fiducial,ILIS -1 side,ILIS -1 side,P171,P171,z,-3737.9,,mm,false
15,SSAT AL,fiducial,ILIS -1 side,ILIS -1 side,P172,P172,x,2392.85,,mm,false
15,SSAT AL,fiducial,ILIS -1 side,ILIS -1 side,P172,P172,y,-420.83,,mm,false
15,SSAT AL,fiducial,ILIS -1 side,ILIS -1 side,P172,P172,z,-3720.28,,mm,false
15,SSAT AL,fiducial,ILIS -1 side,ILIS -1 side,P173,P173,x,2561.52,,mm,false
15,SSAT AL,fiducial,ILIS -1 side,ILIS -1 side,P173,P173,y,-450.6,,mm,false
15,SSAT AL,fiducial,ILIS -1 side,ILIS -1 side,P173,P173,z,-3718.45,,mm,false
15,SSAT AL,fiducial,ILIS -1 side,ILIS -1 side,P174,P174,x,2551.14,,mm,false
15,SSAT AL,fiducial,ILIS -1 side,ILIS -1 side,P174,P174,y,-448.77,,mm,false
15,SSAT AL,fiducial,ILIS -1 side,ILIS -1 side,P174,P174,z,-3916.09,,mm,false
15,SSAT AL,fiducial,ILIS -1 side,ILIS -1 side,P175,P175,x,2407.81,,mm,false
15,SSAT AL,fiducial,ILIS -1 side,ILIS -1 side,P175,P175,y,-423.43,,mm,false
15,SSAT AL,fiducial,ILIS -1 side,ILIS -1 side,P175,P175,z,-3896.27,,mm,false
15,SSAT AL,fiducial,ILIS -1 side,ILIS -1 side,P176,P176,x,2211.79,,mm,false
15,SSAT AL,fiducial,ILIS -1 side,ILIS -1 side,P176,P176,y,-388.87,,mm,false
15,SSAT AL,fiducial,ILIS -1 side,ILIS -1 side,P176,P176,z,-3911.55,,mm,false
15,SSAT AL,fiducial,ILIS -1 side,ILIS -1 side,P177,P177,x,2965.5,,mm,false
15,SSAT AL,fiducial,ILIS -1 side,ILIS -1 side,P177,P177,y,-521.79,,mm,false
15,SSAT AL,fiducial,ILIS -1 side,ILIS -1 side,P177,P177,z,-4024.29,,mm,false
15,SSAT AL,fiducial,ILIS -1 side,ILIS -1 side,P178,P178,x,2784.95,,mm,false
15,SSAT AL,fiducial,ILIS -1 side,ILIS -1 side,P178,P178,y,-490.0,,mm,false
15,SSAT AL,fiducial,ILIS -1 side,ILIS -1 side,P178,P178,z,-4027.51,,mm,false
15,SSAT AL,fiducial,ILIS -1 side,ILIS -1 side,P179,P179,x,2620.35,,mm,false
15,SSAT AL,fiducial,ILIS -1 side,ILIS -1 side,P179,P179,y,-460.99,,mm,false
15,SSAT AL,fiducial,ILIS -1 side,ILIS -1 side,P179,P179,z,-4030.02,,mm,false
15,SSAT AL,fiducial,ILIS -1 side,ILIS -1 side,P180,P180,x,2624.1,,mm,false
15,SSAT AL,fiducial,ILIS -1 side,ILIS -1 side,P180,P180,y,-461.67,,mm,false
15,SSAT AL,fiducial,ILIS -1 side,ILIS -1 side,P180,P180,z,-4191.36,,mm,false
15,SSAT AL,fiducial,ILIS -1 side,ILIS -1 side,P181,P181,x,2788.24,,mm,false
15,SSAT AL,fiducial,ILIS -1 side,ILIS -1 side,P181,P181,y,-490.61,,mm,false
15,SSAT AL,fiducial,ILIS -1 side,ILIS -1 side,P181,P181,z,-4194.51,,mm,false
15,SSAT AL,fiducial,ILIS -1 side,ILIS -1 side,P182,P182,x,3000.54,,mm,false
15,SSAT AL,fiducial,ILIS -1 side,ILIS -1 side,P182,P182,y,-527.97,,mm,false
15,SSAT AL,fiducial,ILIS -1 side,ILIS -1 side,P182,P182,z,-4189.78,,mm,false
15,SSAT AL,fiducial,ILIS -1 side,ILIS -1 side,P183,P183,x,2963.22,,mm,false
15,SSAT AL,fiducial,ILIS -1 side,ILIS -1 side,P183,P183,y,-521.43,,mm,false
15,SSAT AL,fiducial,ILIS -1 side,ILIS -1 side,P183,P183,z,-4395.75,,mm,false
15,SSAT AL,fiducial,ILIS -1 side,ILIS -1 side,P184,P184,x,2794.08,,mm,false
15,SSAT AL,fiducial,ILIS -1 side,ILIS -1 side,P184,P184,y,-491.58,,mm,false
15,SSAT AL,fiducial,ILIS -1 side,ILIS -1 side,P184,P184,z,-4401.01,,mm,false
15,SSAT AL,fiducial,ILIS -1 side,ILIS -1 side,P185,P185,x,2631.42,,mm,false
15,SSAT AL,fiducial,ILIS -1 side,ILIS -1 side,P185,P185,y,-462.87,,mm,false
15,SSAT AL,fiducial,ILIS -1 side,ILIS -1 side,P185,P185,z,-4405.74,,mm,false
15,SSAT AL,fiducial,ILIS -1 side,ILIS -1 side,P186,P186,x,2527.0,,mm,false
15,SSAT AL,fiducial,ILIS -1 side,ILIS -1 side,P186,P186,y,-444.51,,mm,false
15,SSAT AL,fiducial,ILIS -1 side,ILIS -1 side,P186,P186,z,-4018.82,,mm,false
15,SSAT AL,fiducial,ILIS -1 side,ILIS -1 side,P187,P187,x,2375.58,,mm,false
15,SSAT AL,fiducial,ILIS -1 side,ILIS -1 side,P187,P187,y,-417.79,,mm,false
15,SSAT AL,fiducial,ILIS -1 side,ILIS -1 side,P187,P187,z,-4022.43,,mm,false
15,SSAT AL,fiducial,ILIS -1 side,ILIS -1 side,P188,P188,x,2190.89,,mm,false
15,SSAT AL,fiducial,ILIS -1 side,ILIS -1 side,P188,P188,y,-385.16,,mm,false
15,SSAT AL,fiducial,ILIS -1 side,ILIS -1 side,P188,P188,z,-4022.44,,mm,false
15,SSAT AL,fiducial,ILIS -1 side,ILIS -1 side,P189,P189,x,2207.42,,mm,false
15,SSAT AL,fiducial,ILIS -1 side,ILIS -1 side,P189,P189,y,-388.07,,mm,false
15,SSAT AL,fiducial,ILIS -1 side,ILIS -1 side,P189,P189,z,-4235.97,,mm,false
15,SSAT AL,fiducial,ILIS -1 side,ILIS -1 side,P190,P190,x,2407.11,,mm,false
15,SSAT AL,fiducial,ILIS -1 side,ILIS -1 side,P190,P190,y,-423.31,,mm,false
15,SSAT AL,fiducial,ILIS -1 side,ILIS -1 side,P190,P190,z,-4221.95,,mm,false
15,SSAT AL,fiducial,ILIS -1 side,ILIS -1 side,P191,P191,x,2569.49,,mm,false
15,SSAT AL,fiducial,ILIS -1 side,ILIS -1 side,P191,P191,y,-451.96,,mm,false
15,SSAT AL,fiducial,ILIS -1 side,ILIS -1 side,P191,P191,z,-4211.83,,mm,false
15,SSAT AL,fiducial,ILIS -1 side,ILIS -1 side,P192,P192,x,2536.61,,mm,false
15,SSAT AL,fiducial,ILIS -1 side,ILIS -1 side,P192,P192,y,-446.15,,mm,false
15,SSAT AL,fiducial,ILIS -1 side,ILIS -1 side,P192,P192,z,-4401.8,,mm,false
15,SSAT AL,fiducial,ILIS -1 side,ILIS -1 side,P193,P193,x,2421.1,,mm,false
15,SSAT AL,fiducial,ILIS -1 side,ILIS -1 side,P193,P193,y,-425.76,,mm,false
15,SSAT AL,fiducial,ILIS -1 side,ILIS -1 side,P193,P193,z,-4410.69,,mm,false
15,SSAT AL,fiducial,ILIS -1 side,ILIS -1 side,P194,P194,x,2421.29,,mm,false
15,SSAT AL,fiducial,ILIS -1 side,ILIS -1 side,P194,P194,y,-425.79,,mm,false
15,SSAT AL,fiducial,ILIS -1 side,ILIS -1 side,P194,P194,z,-4411.04,,mm,false
15,SSAT AL,fiducial,ILIS -1 side,ILIS -1 side,P195,P195,x,2284.22,,mm,false
15,SSAT AL,fiducial,ILIS -1 side,ILIS -1 side,P195,P195,y,-401.62,,mm,false
15,SSAT AL,fiducial,ILIS -1 side,ILIS -1 side,P195,P195,z,-4418.88,,mm,false
14,In-pit target,transform,,,,,dx,-0.5274756730581271,,mm,false
14,In-pit target,transform,,,,,dy,0.07344627089247571,,mm,false
14,In-pit target,transform,,,,,dz,0.5431594416367723,,mm,false
14,In-pit target,transform,,,,,rx,-0.0003648081698546787,,deg,false
14,In-pit target,transform,,,,,ry,0.003542933992700462,,deg,false
14,In-pit target,transform,,,,,rz,-0.001353315572714924,,deg,false
14,In-pit target,fiducial,CCL,CCL,A,A,x,2712.793219055139,0.5807036268561699,mm,false
14,In-pit target,fiducial,CCL,CCL,A,A,y,0.5573610942364003,0.5807036268561699,mm,false
14,In-pit target,fiducial,CCL,CCL,A,A,z,-3699.224196614481,0.5807036268561699,mm,false
14,In-pit target,fiducial,CCL,CCL,B,B,x,2712.705070262522,0.6360523614784834,mm,false
14,In-pit target,fiducial,CCL,CCL,B,B,y,1.091238882652598,0.6360523614784834,mm,false
14,In-pit target,fiducial,CCL,CCL,B,B,z,3700.735811735439,0.6360523614784834,mm,false
14,In-pit target,fiducial,CCL,CCL,C,C,x,5334.027872714732,0.7617171043088516,mm,false
14,In-pit target,fiducial,CCL,CCL,C,C,y,0.7564787834517777,0.7617171043088516,mm,false
14,In-pit target,fiducial,CCL,CCL,C,C,z,6297.995257484369,0.7617171043088516,mm,false
14,In-pit target,fiducial,CCL,CCL,D,D,x,8977.407353528792,0.792335398134018,mm,false
14,In-pit target,fiducial,CCL,CCL,D,D,y,0.7181954312166312,0.792335398134018,mm,false
14,In-pit target,fiducial,CCL,CCL,D,D,z,4436.303557123087,0.792335398134018,mm,false
14,In-pit target,fiducial,CCL,CCL,E,E,x,9583.847110353541,0.7988114276459953,mm,false
14,In-pit target,fiducial,CCL,CCL,E,E,y,0.2364030942063746,0.7988114276459953,mm,false
14,In-pit target,fiducial,CCL,CCL,E,E,z,-3694.568441390003,0.7988114276459953,mm,false
14,In-pit target,fiducial,CCL,CCL,F,F',x,4283.331287420294,0.6592109014995092,mm,false
14,In-pit target,fiducial,CCL,CCL,F,F',y,1.363958024603215,0.6592109014995092,mm,false
14,In-pit target,fiducial,CCL,CCL,F,F',z,-6134.620423552073,0.6592109014995092,mm,false
14,In-pit target,fiducial,CCL,CCL,G,G,x,10728.4116075118,0.6778326116794988,mm,false
14,In-pit target,fiducial,CCL,CCL,G,G,y,-0.5690860236412925,0.6778326116794988,mm,false
14,In-pit target,fiducial,CCL,CCL,G,G,z,-0.5088935256086594,0.6778326116794988,mm,false
14,In-pit target,fiducial,CCL,CCL,H,H,x,2713.601695671231,0.4496509358108328,mm,false
14,In-pit target,fiducial,CCL,CCL,H,H,y,-0.5181603096874061,0.4496509358108328,mm,false
14,In-pit target,fiducial,CCL,CCL,H,H,z,0.7508142402866835,0.4496509358108328,mm,false
14,In-pit target,fiducial,Fiducial,Fiducial,TF14_B1-AU,TF14_B1-AU,x,2145.068994177464,,mm,false
14,In-pit target,fiducial,Fiducial,Fiducial,TF14_B1-AU,TF14_B1-AU,y,0.4829962574728074,,mm,false
14,In-pit target,fiducial,Fiducial,Fiducial,TF14_B1-AU,TF14_B1-AU,z,3699.494902979865,,mm,false
14,In-pit target,fiducial,Fiducial,Fiducial,TF14_H1-AU,TF14_H1-AU,x,2144.707842676211,,mm,false
14,In-pit target,fiducial,Fiducial,Fiducial,TF14_H1-AU,TF14_H1-AU,y,0.9400874376946154,,mm,false
14,In-pit target,fiducial,Fiducial,Fiducial,TF14_H1-AU,TF14_H1-AU,z,0.5349096523832477,,mm,false
14,In-pit target,fiducial,Fiducial,Fiducial,TF14_A1-AU,TF14_A1-AU,x,2144.826634262028,,mm,false
14,In-pit target,fiducial,Fiducial,Fiducial,TF14_A1-AU,TF14_A1-AU,y,1.367151292505847,,mm,false
14,In-pit target,fiducial,Fiducial,Fiducial,TF14_A1-AU,TF14_A1-AU,z,-3699.365111862391,,mm,false
14,In-pit target,fiducial,Fiducial,Fiducial,TF14_G4-BU,TF14_G4-BU,x,10730.01447092715,,mm,false
14,In-pit target,fiducial,Fiducial,Fiducial,TF14_G4-BU,TF14_G4-BU,y,-564.5927023675332,,mm,false
14,In-pit target,fiducial,Fiducial,Fiducial,TF14_G4-BU,TF14_G4-BU,z,0.01120590015272378,,mm,false
14,In-pit target,fiducial,Fiducial,Fiducial,TF14_P19-IOIS,TF14_P19-IOIS,x,10483.52884436466,,mm,false
14,In-pit target,fiducial,Fiducial,Fiducial,TF14_P19-IOIS,TF14_P19-IOIS,y,-1883.478067592859,,mm,false
14,In-pit target,fiducial,Fiducial,Fiducial,TF14_P19-IOIS,TF14_P19-IOIS,z,-1245.561627254357,,mm,false
14,In-pit target,fiducial,Fiducial,Fiducial,TF14_A4-AU,TF14_A4-AU,x,2708.914382588172,,mm,false
14,In-pit target,fiducial,Fiducial,Fiducial,TF14_A4-AU,TF14_A4-AU,y,-520.0661542819712,,mm,false
14,In-pit target,fiducial,Fiducial,Fiducial,TF14_A4-AU,TF14_A4-AU,z,-3698.299970551074,,mm,false
14,In-pit target,fiducial,Fiducial,Fiducial,TF14_P11-OIS,TF14_P11-OIS,x,7537.815573935676,,mm,false
14,In-pit target,fiducial,Fiducial,Fiducial,TF14_P11-OIS,TF14_P11-OIS,y,-1367.805385552221,,mm,false
14,In-pit target,fiducial,Fiducial,Fiducial,TF14_P11-OIS,TF14_P11-OIS,z,-6354.154281157741,,mm,false
14,In-pit target,fiducial,Fiducial,Fiducial,TF14_P9-OIS,TF14_P9-OIS,x,5990.237637006132,,mm,false
14,In-pit target,fiducial,Fiducial,Fiducial,TF14_P9-OIS,TF14_P9-OIS,y,-1092.146733203384,,mm,false
14,In-pit target,fiducial,Fiducial,Fiducial,TF14_P9-OIS,TF14_P9-OIS,z,6115.323585441733,,mm,false
14,In-pit target,fiducial,Fiducial,Fiducial,TF14_H4-AU,TF14_H4-AU,x,2707.545533171113,,mm,false
14,In-pit target,fiducial,Fiducial,Fiducial,TF14_H4-AU,TF14_H4-AU,y,-521.0432013669456,,mm,false
14,In-pit target,fiducial,Fiducial,Fiducial,TF14_H4-AU,TF14_H4-AU,z,0.8501350583578061,,mm,false
14,In-pit target,fiducial,Fiducial,Fiducial,TF14_G1-BU,TF14_G1-BU,x,11236.26770659924,,mm,false
14,In-pit target,fiducial,Fiducial,Fiducial,TF14_G1-BU,TF14_G1-BU,y,-1.354679306121437,,mm,false
14,In-pit target,fiducial,Fiducial,Fiducial,TF14_G1-BU,TF14_G1-BU,z,-1.148642973884687,,mm,false
14,In-pit target,fiducial,Fiducial,Fiducial,TF14_P10-OIS,TF14_P10-OIS,x,5988.426269024584,,mm,false
14,In-pit target,fiducial,Fiducial,Fiducial,TF14_P10-OIS,TF14_P10-OIS,y,-1090.064767608567,,mm,false
14,In-pit target,fiducial,Fiducial,Fiducial,TF14_P10-OIS,TF14_P10-OIS,z,-6117.69636530082,,mm,false
14,In-pit target,fiducial,Fiducial,Fiducial,TF14_B4-AU,TF14_B4-AU,x,2709.056732448797,,mm,false
14,In-pit target,fiducial,Fiducial,Fiducial,TF14_B4-AU,TF14_B4-AU,y,-520.110315459337,,mm,false
14,In-pit target,fiducial,Fiducial,Fiducial,TF14_B4-AU,TF14_B4-AU,z,3700.060035983234,,mm,false
14,In-pit target,fiducial,Fiducial,Fiducial,TF14_P8-OIS,TF14_P8-OIS,x,7539.315351698434,,mm,false
14,In-pit target,fiducial,Fiducial,Fiducial,TF14_P8-OIS,TF14_P8-OIS,y,-1367.669276535222,,mm,false
14,In-pit target,fiducial,Fiducial,Fiducial,TF14_P8-OIS,TF14_P8-OIS,z,6353.145651406258,,mm,false
14,In-pit target,fiducial,Fiducial,Fiducial,TF14_P18-IOIS,TF14_P18-IOIS,x,10099.83692141432,,mm,false
14,In-pit target,fiducial,Fiducial,Fiducial,TF14_P18-IOIS,TF14_P18-IOIS,y,-1814.347429618607,,mm,false
14,In-pit target,fiducial,Fiducial,Fiducial,TF14_P18-IOIS,TF14_P18-IOIS,z,2374.500145209747,,mm,false
14,In-pit target,fiducial,ILIS +1 side,ILIS +1 side,p1,p1,x,3022.139166969563,,mm,false
14,In-pit target,fiducial,ILIS +1 side,ILIS +1 side,p1,p1,y,531.8450506423507,,mm,false
14,In-pit target,fiducial,ILIS +1 side,ILIS +1 side,p1,p1,z,-4368.356590773495,,mm,false
14,In-pit target,fiducial,ILIS +1 side,ILIS +1 side,p2,p2,x,2786.79763373896,,mm,false
14,In-pit target,fiducial,ILIS +1 side,ILIS +1 side,p2,p2,y,490.2304528684434,,mm,false
14,In-pit target,fiducial,ILIS +1 side,ILIS +1 side,p2,p2,z,-4377.551811748832,,mm,false
14,In-pit target,fiducial,ILIS +1 side,ILIS +1 side,p3,p3,x,2617.906868295432,,mm,false
14,In-pit target,fiducial,ILIS +1 side,ILIS +1 side,p3,p3,y,460.3944248021288,,mm,false
14,In-pit target,fiducial,ILIS +1 side,ILIS +1 side,p3,p3,z,-4378.561206183626,,mm,false
14,In-pit target,fiducial,ILIS +1 side,ILIS +1 side,p4,p4,x,2620.419364670437,,mm,false
14,In-pit target,fiducial,ILIS +1 side,ILIS +1 side,p4,p4,y,460.8579173733226,,mm,false
14,In-pit target,fiducial,ILIS +1 side,ILIS +1 side,p4,p4,z,-4169.741363887446,,mm,false
14,In-pit target,fiducial,ILIS +1 side,ILIS +1 side,p5,p5,x,2789.399990801212,,mm,false
14,In-pit target,fiducial,ILIS +1 side,ILIS +1 side,p5,p5,y,490.6939036850155,,mm,false
14,In-pit target,fiducial,ILIS +1 side,ILIS +1 side,p5,p5,z,-4171.061974829285,,mm,false
14,In-pit target,fiducial,ILIS +1 side,ILIS +1 side,p6,p6,x,3012.440625109706,,mm,false
14,In-pit target,fiducial,ILIS +1 side,ILIS +1 side,p6,p6,y,530.0685513282198,,mm,false
14,In-pit target,fiducial,ILIS +1 side,ILIS +1 side,p6,p6,z,-4176.015980303476,,mm,false
14,In-pit target,fiducial,ILIS +1 side,ILIS +1 side,p7,p7,x,3014.781769615037,,mm,false
14,In-pit target,fiducial,ILIS +1 side,ILIS +1 side,p7,p7,y,530.5316633627091,,mm,false
14,In-pit target,fiducial,ILIS +1 side,ILIS +1 side,p7,p7,z,-3989.806127799242,,mm,false
14,In-pit target,fiducial,ILIS +1 side,ILIS +1 side,p8,p8,x,2793.750826456613,,mm,false
14,In-pit target,fiducial,ILIS +1 side,ILIS +1 side,p8,p8,y,491.4468784395945,,mm,false
14,In-pit target,fiducial,ILIS +1 side,ILIS +1 side,p8,p8,z,-3990.132247426299,,mm,false
14,In-pit target,fiducial,ILIS +1 side,ILIS +1 side,p9,p9,x,2622.640104045418,,mm,false
14,In-pit target,fiducial,ILIS +1 side,ILIS +1 side,p9,p9,y,461.2809172678186,,mm,false
14,In-pit target,fiducial,ILIS +1 side,ILIS +1 side,p9,p9,z,-3990.291503514924,,mm,false
14,In-pit target,fiducial,ILIS +1 side,ILIS +1 side,p10,p10,x,2576.189869929267,,mm,false
14,In-pit target,fiducial,ILIS +1 side,ILIS +1 side,p10,p10,y,453.0620030489569,,mm,false
14,In-pit target,fiducial,ILIS +1 side,ILIS +1 side,p10,p10,z,-3990.958586431708,,mm,false
14,In-pit target,fiducial,ILIS +1 side,ILIS +1 side,p11,p11,x,2406.559165614245,,mm,false
14,In-pit target,fiducial,ILIS +1 side,ILIS +1 side,p11,p11,y,423.1560103203162,,mm,false
14,In-pit target,fiducial,ILIS +1 side,ILIS +1 side,p11,p11,z,-3990.917935432972,,mm,false
14,In-pit target,fiducial,ILIS +1 side,ILIS +1 side,p12,p12,x,2187.028287254931,,mm,false
14,In-pit target,fiducial,ILIS +1 side,ILIS +1 side,p12,p12,y,384.511205443571,,mm,false
14,In-pit target,fiducial,ILIS +1 side,ILIS +1 side,p12,p12,z,-3990.334152231555,,mm,false
14,In-pit target,fiducial,ILIS +1 side,ILIS +1 side,p13,p13,x,2201.356702613336,,mm,false
14,In-pit target,fiducial,ILIS +1 side,ILIS +1 side,p13,p13,y,387.0075545750597,,mm,false
14,In-pit target,fiducial,ILIS +1 side,ILIS +1 side,p13,p13,z,-4185.075051773306,,mm,false
14,In-pit target,fiducial,ILIS +1 side,ILIS +1 side,p14,p14,x,2418.108952366082,,mm,false
14,In-pit target,fiducial,ILIS +1 side,ILIS +1 side,p14,p14,y,425.1628185134348,,mm,false
14,In-pit target,fiducial,ILIS +1 side,ILIS +1 side,p14,p14,z,-4162.528660467462,,mm,false
14,In-pit target,fiducial,ILIS +1 side,ILIS +1 side,p15,p15,x,2578.769491413673,,mm,false
14,In-pit target,fiducial,ILIS +1 side,ILIS +1 side,p15,p15,y,453.5389863813639,,mm,false
14,In-pit target,fiducial,ILIS +1 side,ILIS +1 side,p15,p15,z,-4164.728749117647,,mm,false
14,In-pit target,fiducial,ILIS +1 side,ILIS +1 side,p16,p16,x,2577.556113645359,,mm,false
14,In-pit target,fiducial,ILIS +1 side,ILIS +1 side,p16,p16,y,453.3252107038092,,mm,false
14,In-pit target,fiducial,ILIS +1 side,ILIS +1 side,p16,p16,z,-4388.388673365043,,mm,false
14,In-pit target,fiducial,ILIS +1 side,ILIS +1 side,p17,p17,x,2407.23504203941,,mm,false
14,In-pit target,fiducial,ILIS +1 side,ILIS +1 side,p17,p17,y,423.2091312045829,,mm,false
14,In-pit target,fiducial,ILIS +1 side,ILIS +1 side,p17,p17,z,-4394.407977527235,,mm,false
14,In-pit target,fiducial,ILIS +1 side,ILIS +1 side,p18,p18,x,2231.694885340607,,mm,false
14,In-pit target,fiducial,ILIS +1 side,ILIS +1 side,p18,p18,y,392.3634401603941,,mm,false
14,In-pit target,fiducial,ILIS +1 side,ILIS +1 side,p18,p18,z,-4384.836957196747,,mm,false
14,In-pit target,fiducial,ILIS +1 side,ILIS +1 side,p19,p19,x,2181.360738875658,,mm,false
14,In-pit target,fiducial,ILIS +1 side,ILIS +1 side,p19,p19,y,383.4820436760279,,mm,false
14,In-pit target,fiducial,ILIS +1 side,ILIS +1 side,p19,p19,z,-3948.923795780242,,mm,false
14,In-pit target,fiducial,ILIS +1 side,ILIS +1 side,p20,p20,x,2415.981630515973,,mm,false
14,In-pit target,fiducial,ILIS +1 side,ILIS +1 side,p20,p20,y,424.81647783125,,mm,false
14,In-pit target,fiducial,ILIS +1 side,ILIS +1 side,p20,p20,z,-3950.348526972646,,mm,false
14,In-pit target,fiducial,ILIS +1 side,ILIS +1 side,p21,p21,x,2577.952155387896,,mm,false
14,In-pit target,fiducial,ILIS +1 side,ILIS +1 side,p21,p21,y,453.4026093136329,,mm,false
14,In-pit target,fiducial,ILIS +1 side,ILIS +1 side,p21,p21,z,-3952.868697519625,,mm,false
14,In-pit target,fiducial,ILIS +1 side,ILIS +1 side,p22,p22,x,2585.096032447202,,mm,false
14,In-pit target,fiducial,ILIS +1 side,ILIS +1 side,p22,p22,y,454.6563799650571,,mm,false
14,In-pit target,fiducial,ILIS +1 side,ILIS +1 side,p22,p22,z,-3721.269145534491,,mm,false
14,In-pit target,fiducial,ILIS +1 side,ILIS +1 side,p23,p23,x,2419.594314461783,,mm,false
14,In-pit target,fiducial,ILIS +1 side,ILIS +1 side,p23,p23,y,425.4499966345404,,mm,false
14,In-pit target,fiducial,ILIS +1 side,ILIS +1 side,p23,p23,z,-3738.458753343446,,mm,false
14,In-pit target,fiducial,ILIS +1 side,ILIS +1 side,p24,p24,x,2176.613725338196,,mm,false
14,In-pit target,fiducial,ILIS +1 side,ILIS +1 side,p24,p24,y,382.6458558729179,,mm,false
14,In-pit target,fiducial,ILIS +1 side,ILIS +1 side,p24,p24,z,-3731.393497310274,,mm,false
14,In-pit target,fiducial,ILIS +1 side,ILIS +1 side,p25,p25,x,2179.898170736545,,mm,false
14,In-pit target,fiducial,ILIS +1 side,ILIS +1 side,p25,p25,y,383.229883868552,,mm,false
14,In-pit target,fiducial,ILIS +1 side,ILIS +1 side,p25,p25,z,-3490.023703156727,,mm,false
14,In-pit target,fiducial,ILIS +1 side,ILIS +1 side,p26,p26,x,2401.128963974844,,mm,false
14,In-pit target,fiducial,ILIS +1 side,ILIS +1 side,p26,p26,y,422.1946222277912,,mm,false
14,In-pit target,fiducial,ILIS +1 side,ILIS +1 side,p26,p26,z,-3492.157593441861,,mm,false
14,In-pit target,fiducial,ILIS +1 side,ILIS +1 side,p27,p27,x,2577.639705225958,,mm,false
14,In-pit target,fiducial,ILIS +1 side,ILIS +1 side,p27,p27,y,453.3104548278846,,mm,false
14,In-pit target,fiducial,ILIS +1 side,ILIS +1 side,p27,p27,z,-3492.058676380277,,mm,false
14,In-pit target,fiducial,ILIS +1 side,ILIS +1 side,p28,p28,x,2626.750020990922,,mm,false
14,In-pit target,fiducial,ILIS +1 side,ILIS +1 side,p28,p28,y,461.9993262854779,,mm,false
14,In-pit target,fiducial,ILIS +1 side,ILIS +1 side,p28,p28,z,-3490.211760502687,,mm,false
14,In-pit target,fiducial,ILIS +1 side,ILIS +1 side,p29,p29,x,2616.88642533861,,mm,false
14,In-pit target,fiducial,ILIS +1 side,ILIS +1 side,p29,p29,y,460.2557032215545,,mm,false
14,In-pit target,fiducial,ILIS +1 side,ILIS +1 side,p29,p29,z,-3716.911141532761,,mm,false
14,In-pit target,fiducial,ILIS +1 side,ILIS +1 side,p30,p30,x,2615.142950127227,,mm,false
14,In-pit target,fiducial,ILIS +1 side,ILIS +1 side,p30,p30,y,459.9919126799223,,mm,false
14,In-pit target,fiducial,ILIS +1 side,ILIS +1 side,p30,p30,z,-3942.181033237661,,mm,false
14,In-pit target,fiducial,ILIS +1 side,ILIS +1 side,p31,p31,x,2801.983454398017,,mm,false
14,In-pit target,fiducial,ILIS +1 side,ILIS +1 side,p31,p31,y,492.9474215114942,,mm,false
14,In-pit target,fiducial,ILIS +1 side,ILIS +1 side,p31,p31,z,-3946.772765099272,,mm,false
14,In-pit target,fiducial,ILIS +1 side,ILIS +1 side,p32,p32,x,2825.306986795683,,mm,false
14,In-pit target,fiducial,ILIS +1 side,ILIS +1 side,p32,p32,y,497.000693136394,,mm,false
14,In-pit target,fiducial,ILIS +1 side,ILIS +1 side,p32,p32,z,-3722.044228136051,,mm,false
14,In-pit target,fiducial,ILIS +1 side,ILIS +1 side,p33,p33,x,2799.401208593003,,mm,false
14,In-pit target,fiducial,ILIS +1 side,ILIS +1 side,p33,p33,y,492.4953811931605,,mm,false
14,In-pit target,fiducial,ILIS +1 side,ILIS +1 side,p33,p33,z,-3482.402602119184,,mm,false
14,In-pit target,fiducial,ILIS +1 side,ILIS +1 side,p34,p34,x,3012.251159324541,,mm,false
14,In-pit target,fiducial,ILIS +1 side,ILIS +1 side,p34,p34,y,530.0900870337333,,mm,false
14,In-pit target,fiducial,ILIS +1 side,ILIS +1 side,p34,p34,z,-3498.085968031612,,mm,false
14,In-pit target,fiducial,ILIS +1 side,ILIS +1 side,p35,p35,x,3012.548538319775,,mm,false
14,In-pit target,fiducial,ILIS +1 side,ILIS +1 side,p35,p35,y,530.0964894803933,,mm,false
14,In-pit target,fiducial,ILIS +1 side,ILIS +1 side,p35,p35,z,-3709.175986328883,,mm,false
14,In-pit target,fiducial,ILIS +1 side,ILIS +1 side,p36,p36,x,3018.744610296262,,mm,false
14,In-pit target,fiducial,ILIS +1 side,ILIS +1 side,p36,p36,y,531.2423731157396,,mm,false
14,In-pit target,fiducial,ILIS +1 side,ILIS +1 side,p36,p36,z,-3942.576376737203,,mm,false
14,In-pit target,fiducial,ILIS +1 side,ILIS +1 side,p37,p37,x,3017.936551186671,,mm,false
14,In-pit target,fiducial,ILIS +1 side,ILIS +1 side,p37,p37,y,531.1014798522162,,mm,false
14,In-pit target,fiducial,ILIS +1 side,ILIS +1 side,p37,p37,z,-3408.306324994113,,mm,false
14,In-pit target,fiducial,ILIS +1 side,ILIS +1 side,p38,p38,x,2711.464986049496,,mm,false
14,In-pit target,fiducial,ILIS +1 side,ILIS +1 side,p38,p38,y,477.0186368764028,,mm,false
14,In-pit target,fiducial,ILIS +1 side,ILIS +1 side,p38,p38,z,-3413.107080978692,,mm,false
14,In-pit target,fiducial,ILIS +1 side,ILIS +1 side,p39,p39,x,2441.702418968735,,mm,false
14,In-pit target,fiducial,ILIS +1 side,ILIS +1 side,p39,p39,y,429.4245981929474,,mm,false
14,In-pit target,fiducial,ILIS +1 side,ILIS +1 side,p39,p39,z,-3437.230142222985,,mm,false
14,In-pit target,fiducial,ILIS +1 side,ILIS +1 side,p40,p40,x,2209.423660178946,,mm,false
14,In-pit target,fiducial,ILIS +1 side,ILIS +1 side,p40,p40,y,388.5007127216813,,mm,false
14,In-pit target,fiducial,ILIS +1 side,ILIS +1 side,p40,p40,z,-3400.295557982609,,mm,false
14,In-pit target,fiducial,ILIS +1 side,ILIS +1 side,p41,p41,x,2193.869217774703,,mm,false
14,In-pit target,fiducial,ILIS +1 side,ILIS +1 side,p41,p41,y,385.6955248699859,,mm,false
14,In-pit target,fiducial,ILIS +1 side,ILIS +1 side,p41,p41,z,-3138.984579754349,,mm,false
14,In-pit target,fiducial,ILIS +1 side,ILIS +1 side,p42,p42,x,2433.620650827103,,mm,false
14,In-pit target,fiducial,ILIS +1 side,ILIS +1 side,p42,p42,y,427.9799854814929,,mm,false
14,In-pit target,fiducial,ILIS +1 side,ILIS +1 side,p42,p42,z,-3131.729633847273,,mm,false
14,In-pit target,fiducial,ILIS +1 side,ILIS +1 side,p43,p43,x,2751.441355319262,,mm,false
14,In-pit target,fiducial,ILIS +1 side,ILIS +1 side,p43,p43,y,484.0523021812641,,mm,false
14,In-pit target,fiducial,ILIS +1 side,ILIS +1 side,p43,p43,z,-3142.10959030325,,mm,false
14,In-pit target,fiducial,ILIS +1 side,ILIS +1 side,p44,p44,x,3001.001441926169,,mm,false
14,In-pit target,fiducial,ILIS +1 side,ILIS +1 side,p44,p44,y,528.1361359775393,,mm,false
14,In-pit target,fiducial,ILIS +1 side,ILIS +1 side,p44,p44,z,-3158.08526151216,,mm,false
14,In-pit target,fiducial,ILIS +1 side,ILIS +1 side,p45,p45,x,3001.372233549131,,mm,false
14,In-pit target,fiducial,ILIS +1 side,ILIS +1 side,p45,p45,y,528.2420414121021,,mm,false
14,In-pit target,fiducial,ILIS +1 side,ILIS +1 side,p45,p45,z,-2810.38528481154,,mm,false
14,In-pit target,fiducial,ILIS +1 side,ILIS +1 side,p46,p46,x,2751.511920476064,,mm,false
14,In-pit target,fiducial,ILIS +1 side,ILIS +1 side,p46,p46,y,484.0881507517136,,mm,false
14,In-pit target,fiducial,ILIS +1 side,ILIS +1 side,p46,p46,z,-2798.169594467583,,mm,false
14,In-pit target,fiducial,ILIS +1 side,ILIS +1 side,p47,p47,x,2453.900878613092,,mm,false
14,In-pit target,fiducial,ILIS +1 side,ILIS +1 side,p47,p47,y,431.6052366028655,,mm,false
14,In-pit target,fiducial,ILIS +1 side,ILIS +1 side,p47,p47,z,-2794.850907425945,,mm,false
14,In-pit target,fiducial,ILIS +1 side,ILIS +1 side,p48,p48,x,2183.749542766102,,mm,false
14,In-pit target,fiducial,ILIS +1 side,ILIS +1 side,p48,p48,y,383.9415578375987,,mm,false
14,In-pit target,fiducial,ILIS +1 side,ILIS +1 side,p48,p48,z,-2798.353944201161,,mm,false
14,In-pit target,fiducial,ILIS +1 side,ILIS +1 side,p49,p49,x,2178.682829881198,,mm,false
14,In-pit target,fiducial,ILIS +1 side,ILIS +1 side,p49,p49,y,383.025463653862,,mm,false
14,In-pit target,fiducial,ILIS +1 side,ILIS +1 side,p49,p49,z,-2575.763625247284,,mm,false
14,In-pit target,fiducial,ILIS +1 side,ILIS +1 side,p50,p50,x,2452.716097589392,,mm,false
14,In-pit target,fiducial,ILIS +1 side,ILIS +1 side,p50,p50,y,431.3995955393182,,mm,false
14,In-pit target,fiducial,ILIS +1 side,ILIS +1 side,p50,p50,z,-2540.23083259743,,mm,false
14,In-pit target,fiducial,ILIS +1 side,ILIS +1 side,p51,p51,x,2819.944362449562,,mm,false
14,In-pit target,fiducial,ILIS +1 side,ILIS +1 side,p51,p51,y,496.1499928792165,,mm,false
14,In-pit target,fiducial,ILIS +1 side,ILIS +1 side,p51,p51,z,-2594.843890853811,,mm,false
14,In-pit target,fiducial,ILIS +1 side,ILIS +1 side,p52,p52,x,2999.746141466018,,mm,false
14,In-pit target,fiducial,ILIS +1 side,ILIS +1 side,p52,p52,y,527.9688830990565,,mm,false
14,In-pit target,fiducial,ILIS +1 side,ILIS +1 side,p52,p52,z,-2410.415182167514,,mm,false
14,In-pit target,fiducial,ILIS +1 side,ILIS +1 side,p53,p53,x,2761.725056443822,,mm,false
14,In-pit target,fiducial,ILIS +1 side,ILIS +1 side,p53,p53,y,485.9144790801289,,mm,false
14,In-pit target,fiducial,ILIS +1 side,ILIS +1 side,p53,p53,z,-2411.940235435231,,mm,false
14,In-pit target,fiducial,ILIS +1 side,ILIS +1 side,p54,p54,x,2509.753097659587,,mm,false
14,In-pit target,fiducial,ILIS +1 side,ILIS +1 side,p54,p54,y,441.4701720682845,,mm,false
14,In-pit target,fiducial,ILIS +1 side,ILIS +1 side,p54,p54,z,-2427.134413947824,,mm,false
14,In-pit target,fiducial,ILIS +1 side,ILIS +1 side,p55,p55,x,2186.593104122036,,mm,false
14,In-pit target,fiducial,ILIS +1 side,ILIS +1 side,p55,p55,y,384.4881898511753,,mm,false
14,In-pit target,fiducial,ILIS +1 side,ILIS +1 side,p55,p55,z,-2404.504122756162,,mm,false
14,In-pit target,fiducial,ILIS +1 side,ILIS +1 side,p56,p56,x,2197.06473501442,,mm,false
14,In-pit target,fiducial,ILIS +1 side,ILIS +1 side,p56,p56,y,386.3840834351632,,mm,false
14,In-pit target,fiducial,ILIS +1 side,ILIS +1 side,p56,p56,z,-2043.474780411289,,mm,false
14,In-pit target,fiducial,ILIS +1 side,ILIS +1 side,p57,p57,x,2480.907546244969,,mm,false
14,In-pit target,fiducial,ILIS +1 side,ILIS +1 side,p57,p57,y,436.4178426058345,,mm,false
14,In-pit target,fiducial,ILIS +1 side,ILIS +1 side,p57,p57,z,-2016.232602524962,,mm,false
14,In-pit target,fiducial,ILIS +1 side,ILIS +1 side,p58,p58,x,2775.618985037072,,mm,false
14,In-pit target,fiducial,ILIS +1 side,ILIS +1 side,p58,p58,y,488.3909415895177,,mm,false
14,In-pit target,fiducial,ILIS +1 side,ILIS +1 side,p58,p58,z,-2012.711107512825,,mm,false
14,In-pit target,fiducial,ILIS +1 side,ILIS +1 side,p59,p59,x,3019.860054772213,,mm,false
14,In-pit target,fiducial,ILIS +1 side,ILIS +1 side,p59,p59,y,531.5451869527981,,mm,false
14,In-pit target,fiducial,ILIS +1 side,ILIS +1 side,p59,p59,z,-2011.876444850478,,mm,false
14,In-pit target,fiducial,ILIS +1 side,ILIS +1 side,p60,p60,x,3020.818245353724,,mm,false
14,In-pit target,fiducial,ILIS +1 side,ILIS +1 side,p60,p60,y,531.7203380904585,,mm,false
14,In-pit target,fiducial,ILIS +1 side,ILIS +1 side,p60,p60,z,-1707.706504532753,,mm,false
14,In-pit target,fiducial,ILIS +1 side,ILIS +1 side,p61,p61,x,2752.847147506092,,mm,false
14,In-pit target,fiducial,ILIS +1 side,ILIS +1 side,p61,p61,y,484.3366736535289,,mm,false
14,In-pit target,fiducial,ILIS +1 side,ILIS +1 side,p61,p61,z,-1707.339676421169,,mm,false
14,In-pit target,fiducial,ILIS +1 side,ILIS +1 side,p62,p62,x,2419.735651397466,,mm,false
14,In-pit target,fiducial,ILIS +1 side,ILIS +1 side,p62,p62,y,425.5045114647397,,mm,false
14,In-pit target,fiducial,ILIS +1 side,ILIS +1 side,p62,p62,z,-1709.108758800365,,mm,false
14,In-pit target,fiducial,ILIS +1 side,ILIS +1 side,p63,p63,x,2190.325254045011,,mm,false
14,In-pit target,fiducial,ILIS +1 side,ILIS +1 side,p63,p63,y,385.1500882697017,,mm,false
14,In-pit target,fiducial,ILIS +1 side,ILIS +1 side,p63,p63,z,-1699.80435580045,,mm,false
14,In-pit target,fiducial,ILIS +1 side,ILIS +1 side,p64,p64,x,2220.088465705167,,mm,false
14,In-pit target,fiducial,ILIS +1 side,ILIS +1 side,p64,p64,y,390.4331082808058,,mm,false
14,In-pit target,fiducial,ILIS +1 side,ILIS +1 side,p64,p64,z,-1480.926224797749,,mm,false
14,In-pit target,fiducial,ILIS +1 side,ILIS +1 side,p65,p65,x,2456.718834540318,,mm,false
14,In-pit target,fiducial,ILIS +1 side,ILIS +1 side,p65,p65,y,432.1373437569941,,mm,false
14,In-pit target,fiducial,ILIS +1 side,ILIS +1 side,p65,p65,z,-1491.241082445185,,mm,false
14,In-pit target,fiducial,ILIS +1 side,ILIS +1 side,p66,p66,x,2763.609931610485,,mm,false
14,In-pit target,fiducial,ILIS +1 side,ILIS +1 side,p66,p66,y,486.3000431288199,,mm,false
14,In-pit target,fiducial,ILIS +1 side,ILIS +1 side,p66,p66,z,-1494.300352918146,,mm,false
14,In-pit target,fiducial,ILIS +1 side,ILIS +1 side,p67,p67,x,2983.67119005332,,mm,false
14,In-pit target,fiducial,ILIS +1 side,ILIS +1 side,p67,p67,y,525.1649421271213,,mm,false
14,In-pit target,fiducial,ILIS +1 side,ILIS +1 side,p67,p67,z,-1488.614171562673,,mm,false
14,In-pit target,fiducial,ILIS +1 side,ILIS +1 side,p68,p68,x,2224.020511892217,,mm,false
14,In-pit target,fiducial,ILIS +1 side,ILIS +1 side,p68,p68,y,391.1235928754493,,mm,false
14,In-pit target,fiducial,ILIS +1 side,ILIS +1 side,p68,p68,z,-1446.976471576151,,mm,false
14,In-pit target,fiducial,ILIS +1 side,ILIS +1 side,p69,p69,x,2500.741616244921,,mm,false
14,In-pit target,fiducial,ILIS +1 side,ILIS +1 side,p69,p69,y,439.8970431487131,,mm,false
14,In-pit target,fiducial,ILIS +1 side,ILIS +1 side,p69,p69,z,-1447.783846496048,,mm,false
14,In-pit target,fiducial,ILIS +1 side,ILIS +1 side,p70,p70,x,2765.072648065577,,mm,false
14,In-pit target,fiducial,ILIS +1 side,ILIS +1 side,p70,p70,y,486.5607796180253,,mm,false
14,In-pit target,fiducial,ILIS +1 side,ILIS +1 side,p70,p70,z,-1448.970444722174,,mm,false
14,In-pit target,fiducial,ILIS +1 side,ILIS +1 side,p71,p71,x,2969.513496468618,,mm,false
14,In-pit target,fiducial,ILIS +1 side,ILIS +1 side,p71,p71,y,522.6959492633969,,mm,false
14,In-pit target,fiducial,ILIS +1 side,ILIS +1 side,p71,p71,z,-1449.063282993633,,mm,false
14,In-pit target,fiducial,ILIS +1 side,ILIS +1 side,p72,p72,x,2984.839865759153,,mm,false
14,In-pit target,fiducial,ILIS +1 side,ILIS +1 side,p72,p72,y,525.4002258996372,,mm,false
14,In-pit target,fiducial,ILIS +1 side,ILIS +1 side,p72,p72,z,-1176.354244837131,,mm,false
14,In-pit target,fiducial,ILIS +1 side,ILIS +1 side,p73,p73,x,2721.23899845753,,mm,false
14,In-pit target,fiducial,ILIS +1 side,ILIS +1 side,p73,p73,y,478.8165184492311,,mm,false
14,In-pit target,fiducial,ILIS +1 side,ILIS +1 side,p73,p73,z,-1172.44769162401,,mm,false
14,In-pit target,fiducial,ILIS +1 side,ILIS +1 side,p74,p74,x,2409.308348538399,,mm,false
14,In-pit target,fiducial,ILIS +1 side,ILIS +1 side,p74,p74,y,423.7640712982871,,mm,false
14,In-pit target,fiducial,ILIS +1 side,ILIS +1 side,p74,p74,z,-1161.558104684134,,mm,false
14,In-pit target,fiducial,ILIS +1 side,ILIS +1 side,p75,p75,x,2184.096680208444,,mm,false
14,In-pit target,fiducial,ILIS +1 side,ILIS +1 side,p75,p75,y,383.9991833936564,,mm,false
14,In-pit target,fiducial,ILIS +1 side,ILIS +1 side,p75,p75,z,-1173.743962797965,,mm,false
14,In-pit target,fiducial,ILIS +1 side,ILIS +1 side,p76,p76,x,2202.666747249755,,mm,false
14,In-pit target,fiducial,ILIS +1 side,ILIS +1 side,p76,p76,y,387.3244311955326,,mm,false
14,In-pit target,fiducial,ILIS +1 side,ILIS +1 side,p76,p76,z,-839.4351290272472,,mm,false
14,In-pit target,fiducial,ILIS +1 side,ILIS +1 side,p77,p77,x,2460.838766570618,,mm,false
14,In-pit target,fiducial,ILIS +1 side,ILIS +1 side,p77,p77,y,432.8386017944673,,mm,false
14,In-pit target,fiducial,ILIS +1 side,ILIS +1 side,p77,p77,z,-823.6513394164067,,mm,false
14,In-pit target,fiducial,ILIS +1 side,ILIS +1 side,p78,p78,x,2760.979580476999,,mm,false
14,In-pit target,fiducial,ILIS +1 side,ILIS +1 side,p78,p78,y,485.8213879808806,,mm,false
14,In-pit target,fiducial,ILIS +1 side,ILIS +1 side,p78,p78,z,-830.9801862247426,,mm,false
14,In-pit target,fiducial,ILIS +1 side,ILIS +1 side,p79,p79,x,3000.890875367793,,mm,false
14,In-pit target,fiducial,ILIS +1 side,ILIS +1 side,p79,p79,y,528.2558045039435,,mm,false
14,In-pit target,fiducial,ILIS +1 side,ILIS +1 side,p79,p79,z,-826.0952524309714,,mm,false
14,In-pit target,fiducial,ILIS +1 side,ILIS +1 side,p80,p80,x,2971.63083023257,,mm,false
14,In-pit target,fiducial,ILIS +1 side,ILIS +1 side,p80,p80,y,523.082207250716,,mm,false
14,In-pit target,fiducial,ILIS +1 side,ILIS +1 side,p80,p80,z,-490.3034143077882,,mm,false
14,In-pit target,fiducial,ILIS +1 side,ILIS +1 side,p81,p81,x,2708.599435057985,,mm,false
14,In-pit target,fiducial,ILIS +1 side,ILIS +1 side,p81,p81,y,476.628335305004,,mm,false
14,In-pit target,fiducial,ILIS +1 side,ILIS +1 side,p81,p81,z,-495.276897369269,,mm,false
14,In-pit target,fiducial,ILIS +1 side,ILIS +1 side,p82,p82,x,2434.708124427958,,mm,false
14,In-pit target,fiducial,ILIS +1 side,ILIS +1 side,p82,p82,y,428.2347569565047,,mm,false
14,In-pit target,fiducial,ILIS +1 side,ILIS +1 side,p82,p82,z,-498.0696981128464,,mm,false
14,In-pit target,fiducial,ILIS +1 side,ILIS +1 side,p83,p83,x,2204.517976951354,,mm,false
14,In-pit target,fiducial,ILIS +1 side,ILIS +1 side,p83,p83,y,387.6504248099762,,mm,false
14,In-pit target,fiducial,ILIS +1 side,ILIS +1 side,p83,p83,z,-484.4952445724915,,mm,false
14,In-pit target,fiducial,ILIS +1 side,ILIS +1 side,p84,p84,x,2218.320964178181,,mm,false
14,In-pit target,fiducial,ILIS +1 side,ILIS +1 side,p84,p84,y,390.1109320705515,,mm,false
14,In-pit target,fiducial,ILIS +1 side,ILIS +1 side,p84,p84,z,-435.5061116179612,,mm,false
14,In-pit target,fiducial,ILIS +1 side,ILIS +1 side,p85,p85,x,2447.691893764689,,mm,false
14,In-pit target,fiducial,ILIS +1 side,ILIS +1 side,p85,p85,y,430.5455070718511,,mm,false
14,In-pit target,fiducial,ILIS +1 side,ILIS +1 side,p85,p85,z,-435.9405136041555,,mm,false
14,In-pit target,fiducial,ILIS +1 side,ILIS +1 side,p86,p86,x,2741.153013321018,,mm,false
14,In-pit target,fiducial,ILIS +1 side,ILIS +1 side,p86,p86,y,482.3685457786987,,mm,false
14,In-pit target,fiducial,ILIS +1 side,ILIS +1 side,p86,p86,z,-437.6989412923962,,mm,false
14,In-pit target,fiducial,ILIS +1 side,ILIS +1 side,p87,p87,x,2972.184897046562,,mm,false
14,In-pit target,fiducial,ILIS +1 side,ILIS +1 side,p87,p87,y,523.2033502970864,,mm,false
14,In-pit target,fiducial,ILIS +1 side,ILIS +1 side,p87,p87,z,-422.3334493649699,,mm,false
14,In-pit target,fiducial,ILIS +1 side,ILIS +1 side,p88,p88,x,2985.330480698518,,mm,false
14,In-pit target,fiducial,ILIS +1 side,ILIS +1 side,p88,p88,y,525.4774578317249,,mm,false
14,In-pit target,fiducial,ILIS +1 side,ILIS +1 side,p88,p88,z,-162.5942735262636,,mm,false
14,In-pit target,fiducial,ILIS +1 side,ILIS +1 side,p89,p89,x,2752.719719685504,,mm,false
14,In-pit target,fiducial,ILIS +1 side,ILIS +1 side,p89,p89,y,484.3830117460016,,mm,false
14,In-pit target,fiducial,ILIS +1 side,ILIS +1 side,p89,p89,z,-159.0796665988741,,mm,false
14,In-pit target,fiducial,ILIS +1 side,ILIS +1 side,p90,p90,x,2505.738694113434,,mm,false
14,In-pit target,fiducial,ILIS +1 side,ILIS +1 side,p90,p90,y,440.7188470907307,,mm,false
14,In-pit target,fiducial,ILIS +1 side,ILIS +1 side,p90,p90,z,-158.9741567625107,,mm,false
14,In-pit target,fiducial,ILIS +1 side,ILIS +1 side,p91,p91,x,2194.587608620096,,mm,false
14,In-pit target,fiducial,ILIS +1 side,ILIS +1 side,p91,p91,y,385.856256336395,,mm,false
14,In-pit target,fiducial,ILIS +1 side,ILIS +1 side,p91,p91,z,-155.4446196767257,,mm,false
14,In-pit target,fiducial,ILIS +1 side,ILIS +1 side,p92,p92,x,2237.371171513884,,mm,false
14,In-pit target,fiducial,ILIS +1 side,ILIS +1 side,p92,p92,y,393.43189817135,,mm,false
14,In-pit target,fiducial,ILIS +1 side,ILIS +1 side,p92,p92,z,235.6526941684371,,mm,false
14,In-pit target,fiducial,ILIS +1 side,ILIS +1 side,p93,p93,x,2467.142792155716,,mm,false
14,In-pit target,fiducial,ILIS +1 side,ILIS +1 side,p93,p93,y,433.8866601675047,,mm,false
14,In-pit target,fiducial,ILIS +1 side,ILIS +1 side,p93,p93,z,246.7682679035775,,mm,false
14,In-pit target,fiducial,ILIS +1 side,ILIS +1 side,p94,p94,x,2737.484617312423,,mm,false
14,In-pit target,fiducial,ILIS +1 side,ILIS +1 side,p94,p94,y,481.6104732306013,,mm,false
14,In-pit target,fiducial,ILIS +1 side,ILIS +1 side,p94,p94,z,258.431292282282,,mm,false
14,In-pit target,fiducial,ILIS +1 side,ILIS +1 side,p95,p95,x,3018.457717914752,,mm,false
14,In-pit target,fiducial,ILIS +1 side,ILIS +1 side,p95,p95,y,531.3143847223475,,mm,false
14,In-pit target,fiducial,ILIS +1 side,ILIS +1 side,p95,p95,z,290.6436473705794,,mm,false
14,In-pit target,fiducial,ILIS +1 side,ILIS +1 side,p96,p96,x,2970.090410537436,,mm,false
14,In-pit target,fiducial,ILIS +1 side,ILIS +1 side,p96,p96,y,522.8191951042423,,mm,false
14,In-pit target,fiducial,ILIS +1 side,ILIS +1 side,p96,p96,z,506.286684193985,,mm,false
14,In-pit target,fiducial,ILIS +1 side,ILIS +1 side,p97,p97,x,2750.859342087275,,mm,false
14,In-pit target,fiducial,ILIS +1 side,ILIS +1 side,p97,p97,y,484.0243300762643,,mm,false
14,In-pit target,fiducial,ILIS +1 side,ILIS +1 side,p97,p97,z,503.7504520157313,,mm,false
14,In-pit target,fiducial,ILIS +1 side,ILIS +1 side,p98,p98,x,2463.538134897186,,mm,false
14,In-pit target,fiducial,ILIS +1 side,ILIS +1 side,p98,p98,y,433.3011140236607,,mm,false
14,In-pit target,fiducial,ILIS +1 side,ILIS +1 side,p98,p98,z,503.6084938841703,,mm,false
14,In-pit target,fiducial,ILIS +1 side,ILIS +1 side,p99,p99,x,2218.937661387759,,mm,false
14,In-pit target,fiducial,ILIS +1 side,ILIS +1 side,p99,p99,y,390.1770465640123,,mm,false
14,In-pit target,fiducial,ILIS +1 side,ILIS +1 side,p99,p99,z,512.7338522168404,,mm,false
14,In-pit target,fiducial,ILIS +1 side,ILIS +1 side,p100,p100,x,2218.86038784848,,mm,false
14,In-pit target,fiducial,ILIS +1 side,ILIS +1 side,p100,p100,y,390.1778240211012,,mm,false
14,In-pit target,fiducial,ILIS +1 side,ILIS +1 side,p100,p100,z,558.3338569119683,,mm,false
14,In-pit target,fiducial,ILIS +1 side,ILIS +1 side,p101,p101,x,2440.581561200065,,mm,false
14,In-pit target,fiducial,ILIS +1 side,ILIS +1 side,p101,p101,y,429.2626581270821,,mm,false
14,In-pit target,fiducial,ILIS +1 side,ILIS +1 side,p101,p101,z,562.5099352762112,,mm,false
14,In-pit target,fiducial,ILIS +1 side,ILIS +1 side,p102,p102,x,2744.212483851078,,mm,false
14,In-pit target,fiducial,ILIS +1 side,ILIS +1 side,p102,p102,y,482.8753885802722,,mm,false
14,In-pit target,fiducial,ILIS +1 side,ILIS +1 side,p102,p102,z,556.75086908038,,mm,false
14,In-pit target,fiducial,ILIS +1 side,ILIS +1 side,p103,p103,x,2974.103299176717,,mm,false
14,In-pit target,fiducial,ILIS +1 side,ILIS +1 side,p103,p103,y,523.5099174527826,,mm,false
14,In-pit target,fiducial,ILIS +1 side,ILIS +1 side,p103,p103,z,554.3264326051285,,mm,false
14,In-pit target,fiducial,ILIS +1 side,ILIS +1 side,p104,p104,x,2985.509606641051,,mm,false
14,In-pit target,fiducial,ILIS +1 side,ILIS +1 side,p104,p104,y,525.4442742658965,,mm,false
14,In-pit target,fiducial,ILIS +1 side,ILIS +1 side,p104,p104,z,826.3057182387015,,mm,false
14,In-pit target,fiducial,ILIS +1 side,ILIS +1 side,p105,p105,x,2761.668153134073,,mm,false
14,In-pit target,fiducial,ILIS +1 side,ILIS +1 side,p105,p105,y,485.8894136993513,,mm,false
14,In-pit target,fiducial,ILIS +1 side,ILIS +1 side,p105,p105,z,817.6297746332518,,mm,false
14,In-pit target,fiducial,ILIS +1 side,ILIS +1 side,p106,p106,x,2427.936577896356,,mm,false
14,In-pit target,fiducial,ILIS +1 side,ILIS +1 side,p106,p106,y,426.9472443850156,,mm,false
14,In-pit target,fiducial,ILIS +1 side,ILIS +1 side,p106,p106,z,814.580731197619,,mm,false
14,In-pit target,fiducial,ILIS +1 side,ILIS +1 side,p107,p107,x,2183.736477340346,,mm,false
14,In-pit target,fiducial,ILIS +1 side,ILIS +1 side,p107,p107,y,383.8932730971708,,mm,false
14,In-pit target,fiducial,ILIS +1 side,ILIS +1 side,p107,p107,z,829.9160644114677,,mm,false
14,In-pit target,fiducial,ILIS +1 side,ILIS +1 side,p108,p108,x,2198.925763713705,,mm,false
14,In-pit target,fiducial,ILIS +1 side,ILIS +1 side,p108,p108,y,386.5683830335296,,mm,false
14,In-pit target,fiducial,ILIS +1 side,ILIS +1 side,p108,p108,z,1151.425111354624,,mm,false
14,In-pit target,fiducial,ILIS +1 side,ILIS +1 side,p109,p109,x,2442.718009815562,,mm,false
14,In-pit target,fiducial,ILIS +1 side,ILIS +1 side,p109,p109,y,429.5829745950878,,mm,false
14,In-pit target,fiducial,ILIS +1 side,ILIS +1 side,p109,p109,z,1171.989803265855,,mm,false
14,In-pit target,fiducial,ILIS +1 side,ILIS +1 side,p110,p110,x,2764.290721394929,,mm,false
14,In-pit target,fiducial,ILIS +1 side,ILIS +1 side,p110,p110,y,486.3357690859623,,mm,false
14,In-pit target,fiducial,ILIS +1 side,ILIS +1 side,p110,p110,z,1194.9096109651,,mm,false
14,In-pit target,fiducial,ILIS +1 side,ILIS +1 side,p111,p111,x,3005.532377692084,,mm,false
14,In-pit target,fiducial,ILIS +1 side,ILIS +1 side,p111,p111,y,529.0602550513979,,mm,false
14,In-pit target,fiducial,ILIS +1 side,ILIS +1 side,p111,p111,z,1205.724460293435,,mm,false
14,In-pit target,fiducial,ILIS +1 side,ILIS +1 side,p112,p112,x,2967.39004244967,,mm,false
14,In-pit target,fiducial,ILIS +1 side,ILIS +1 side,p112,p112,y,522.3362265153177,,mm,false
14,In-pit target,fiducial,ILIS +1 side,ILIS +1 side,p112,p112,z,1503.82685579287,,mm,false
14,In-pit target,fiducial,ILIS +1 side,ILIS +1 side,p113,p113,x,2706.868340896748,,mm,false
14,In-pit target,fiducial,ILIS +1 side,ILIS +1 side,p113,p113,y,476.3022053093008,,mm,false
14,In-pit target,fiducial,ILIS +1 side,ILIS +1 side,p113,p113,z,1493.563215523729,,mm,false
14,In-pit target,fiducial,ILIS +1 side,ILIS +1 side,p114,p114,x,2453.63763172124,,mm,false
14,In-pit target,fiducial,ILIS +1 side,ILIS +1 side,p114,p114,y,431.5282857389097,,mm,false
14,In-pit target,fiducial,ILIS +1 side,ILIS +1 side,p114,p114,z,1499.399117919533,,mm,false
14,In-pit target,fiducial,ILIS +1 side,ILIS +1 side,p115,p115,x,2223.486433232936,,mm,false
14,In-pit target,fiducial,ILIS +1 side,ILIS +1 side,p115,p115,y,390.9736534758063,,mm,false
14,In-pit target,fiducial,ILIS +1 side,ILIS +1 side,p115,p115,z,1495.383568591973,,mm,false
14,In-pit target,fiducial,ILIS +1 side,ILIS +1 side,p116,p116,x,2224.999788740918,,mm,false
14,In-pit target,fiducial,ILIS +1 side,ILIS +1 side,p116,p116,y,391.2045707702198,,mm,false
14,In-pit target,fiducial,ILIS +1 side,ILIS +1 side,p116,p116,z,1551.413474288035,,mm,false
14,In-pit target,fiducial,ILIS +1 side,ILIS +1 side,p117,p117,x,2493.191478672231,,mm,false
14,In-pit target,fiducial,ILIS +1 side,ILIS +1 side,p117,p117,y,438.4683992408641,,mm,false
14,In-pit target,fiducial,ILIS +1 side,ILIS +1 side,p117,p117,z,1560.996635044474,,mm,false
14,In-pit target,fiducial,ILIS +1 side,ILIS +1 side,p118,p118,x,2764.222151739761,,mm,false
14,In-pit target,fiducial,ILIS +1 side,ILIS +1 side,p118,p118,y,486.3218674100668,,mm,false
14,In-pit target,fiducial,ILIS +1 side,ILIS +1 side,p118,p118,z,1553.3396159939,,mm,false
14,In-pit target,fiducial,ILIS +1 side,ILIS +1 side,p119,p119,x,2970.362903174304,,mm,false
14,In-pit target,fiducial,ILIS +1 side,ILIS +1 side,p119,p119,y,522.8069669662275,,mm,false
14,In-pit target,fiducial,ILIS +1 side,ILIS +1 side,p119,p119,z,1551.486670128847,,mm,false
14,In-pit target,fiducial,ILIS +1 side,ILIS +1 side,p120,p120,x,3006.200855433596,,mm,false
14,In-pit target,fiducial,ILIS +1 side,ILIS +1 side,p120,p120,y,529.1711848557891,,mm,false
14,In-pit target,fiducial,ILIS +1 side,ILIS +1 side,p120,p120,z,1849.224419681226,,mm,false
14,In-pit target,fiducial,ILIS +1 side,ILIS +1 side,p121,p121,x,2728.980253775418,,mm,false
14,In-pit target,fiducial,ILIS +1 side,ILIS +1 side,p121,p121,y,480.0878914716505,,mm,false
14,In-pit target,fiducial,ILIS +1 side,ILIS +1 side,p121,p121,z,1858.561829752778,,mm,false
14,In-pit target,fiducial,ILIS +1 side,ILIS +1 side,p122,p122,x,2433.309513999133,,mm,false
14,In-pit target,fiducial,ILIS +1 side,ILIS +1 side,p122,p122,y,427.9150153485925,,mm,false
14,In-pit target,fiducial,ILIS +1 side,ILIS +1 side,p122,p122,z,1866.810395518578,,mm,false
14,In-pit target,fiducial,ILIS +1 side,ILIS +1 side,p123,p123,x,2191.159821108267,,mm,false
14,In-pit target,fiducial,ILIS +1 side,ILIS +1 side,p123,p123,y,385.2111092523658,,mm,false
14,In-pit target,fiducial,ILIS +1 side,ILIS +1 side,p123,p123,z,1888.825600195886,,mm,false
14,In-pit target,fiducial,ILIS +1 side,ILIS +1 side,p124,p124,x,3017.700669347543,,mm,false
14,In-pit target,fiducial,ILIS +1 side,ILIS +1 side,p124,p124,y,531.2465360451185,,mm,false
14,In-pit target,fiducial,ILIS +1 side,ILIS +1 side,p124,p124,z,2179.793697439135,,mm,false
14,In-pit target,fiducial,ILIS +1 side,ILIS +1 side,p125,p125,x,2706.630854829652,,mm,false
14,In-pit target,fiducial,ILIS +1 side,ILIS +1 side,p125,p125,y,476.1743063531895,,mm,false
14,In-pit target,fiducial,ILIS +1 side,ILIS +1 side,p125,p125,z,2204.663233272445,,mm,false
14,In-pit target,fiducial,ILIS +1 side,ILIS +1 side,p126,p126,x,2439.481219780524,,mm,false
14,In-pit target,fiducial,ILIS +1 side,ILIS +1 side,p126,p126,y,428.9310377140731,,mm,false
14,In-pit target,fiducial,ILIS +1 side,ILIS +1 side,p126,p126,z,2229.440009927413,,mm,false
14,In-pit target,fiducial,ILIS +1 side,ILIS +1 side,p127,p127,x,2262.400173154791,,mm,false
14,In-pit target,fiducial,ILIS +1 side,ILIS +1 side,p127,p127,y,397.6951325169519,,mm,false
14,In-pit target,fiducial,ILIS +1 side,ILIS +1 side,p127,p127,z,2224.281128997271,,mm,false
14,In-pit target,fiducial,ILIS +1 side,ILIS +1 side,p128,p128,x,2971.619856634062,,mm,false
14,In-pit target,fiducial,ILIS +1 side,ILIS +1 side,p128,p128,y,522.9131389669478,,mm,false
14,In-pit target,fiducial,ILIS +1 side,ILIS +1 side,p128,p128,z,2503.996595009164,,mm,false
14,In-pit target,fiducial,ILIS +1 side,ILIS +1 side,p129,p129,x,2717.738980769078,,mm,false
14,In-pit target,fiducial,ILIS +1 side,ILIS +1 side,p129,p129,y,478.1191874675002,,mm,false
14,In-pit target,fiducial,ILIS +1 side,ILIS +1 side,p129,p129,z,2507.052536614288,,mm,false
14,In-pit target,fiducial,ILIS +1 side,ILIS +1 side,p130,p130,x,2442.817473127093,,mm,false
14,In-pit target,fiducial,ILIS +1 side,ILIS +1 side,p130,p130,y,429.5355786822678,,mm,false
14,In-pit target,fiducial,ILIS +1 side,ILIS +1 side,p130,p130,z,2501.039800692844,,mm,false
14,In-pit target,fiducial,ILIS +1 side,ILIS +1 side,p131,p131,x,2262.746388877066,,mm,false
14,In-pit target,fiducial,ILIS +1 side,ILIS +1 side,p131,p131,y,397.7697369673352,,mm,false
14,In-pit target,fiducial,ILIS +1 side,ILIS +1 side,p131,p131,z,2495.461107551826,,mm,false
14,In-pit target,fiducial,ILIS +1 side,ILIS +1 side,p132,p132,x,2184.192584431933,,mm,false
14,In-pit target,fiducial,ILIS +1 side,ILIS +1 side,p132,p132,y,383.9605168435423,,mm,false
14,In-pit target,fiducial,ILIS +1 side,ILIS +1 side,p132,p132,z,3608.046041364418,,mm,false
14,In-pit target,fiducial,ILIS +1 side,ILIS +1 side,p133,p133,x,2396.77356000805,,mm,false
14,In-pit target,fiducial,ILIS +1 side,ILIS +1 side,p133,p133,y,421.4555212601345,,mm,false
14,In-pit target,fiducial,ILIS +1 side,ILIS +1 side,p133,p133,z,3609.542693263152,,mm,false
14,In-pit target,fiducial,ILIS +1 side,ILIS +1 side,p134,p134,x,2566.664128567735,,mm,false
14,In-pit target,fiducial,ILIS +1 side,ILIS +1 side,p134,p134,y,451.4614685587842,,mm,false
14,In-pit target,fiducial,ILIS +1 side,ILIS +1 side,p134,p134,z,3607.192025022429,,mm,false
14,In-pit target,fiducial,ILIS +1 side,ILIS +1 side,p135,p135,x,2581.625862765392,,mm,false
14,In-pit target,fiducial,ILIS +1 side,ILIS +1 side,p135,p135,y,454.1344354038436,,mm,false
14,In-pit target,fiducial,ILIS +1 side,ILIS +1 side,p135,p135,z,3802.391085363518,,mm,false
14,In-pit target,fiducial,ILIS +1 side,ILIS +1 side,p136,p136,x,2416.155471788835,,mm,false
14,In-pit target,fiducial,ILIS +1 side,ILIS +1 side,p136,p136,y,424.8884291136979,,mm,false
14,In-pit target,fiducial,ILIS +1 side,ILIS +1 side,p136,p136,z,3807.411476398317,,mm,false
14,In-pit target,fiducial,ILIS +1 side,ILIS +1 side,p137,p137,x,2185.605524752519,,mm,false
14,In-pit target,fiducial,ILIS +1 side,ILIS +1 side,p137,p137,y,384.2341629578218,,mm,false
14,In-pit target,fiducial,ILIS +1 side,ILIS +1 side,p137,p137,z,3824.365952647348,,mm,false
14,In-pit target,fiducial,ILIS +1 side,ILIS +1 side,p138,p138,x,2183.716286008814,,mm,false
14,In-pit target,fiducial,ILIS +1 side,ILIS +1 side,p138,p138,y,383.8872713283712,,mm,false
14,In-pit target,fiducial,ILIS +1 side,ILIS +1 side,p138,p138,z,4004.486071854411,,mm,false
14,In-pit target,fiducial,ILIS +1 side,ILIS +1 side,p139,p139,x,2386.987146712515,,mm,false
14,In-pit target,fiducial,ILIS +1 side,ILIS +1 side,p139,p139,y,419.6824743926324,,mm,false
14,In-pit target,fiducial,ILIS +1 side,ILIS +1 side,p139,p139,z,4004.733309320283,,mm,false
14,In-pit target,fiducial,ILIS +1 side,ILIS +1 side,p140,p140,x,2578.387599050461,,mm,false
14,In-pit target,fiducial,ILIS +1 side,ILIS +1 side,p140,p140,y,453.5278547644351,,mm,false
14,In-pit target,fiducial,ILIS +1 side,ILIS +1 side,p140,p140,z,3998.921289678377,,mm,false
14,In-pit target,fiducial,ILIS +1 side,ILIS +1 side,p141,p141,x,2612.891058253244,,mm,false
14,In-pit target,fiducial,ILIS +1 side,ILIS +1 side,p141,p141,y,459.7894472584219,,mm,false
14,In-pit target,fiducial,ILIS +1 side,ILIS +1 side,p141,p141,z,3552.549119328924,,mm,false
14,In-pit target,fiducial,ILIS +1 side,ILIS +1 side,p142,p142,x,2808.831769976791,,mm,false
14,In-pit target,fiducial,ILIS +1 side,ILIS +1 side,p142,p142,y,494.3647892753993,,mm,false
14,In-pit target,fiducial,ILIS +1 side,ILIS +1 side,p142,p142,z,3550.786815813864,,mm,false
14,In-pit target,fiducial,ILIS +1 side,ILIS +1 side,p143,p143,x,3010.332907434567,,mm,false
14,In-pit target,fiducial,ILIS +1 side,ILIS +1 side,p143,p143,y,530.030113745744,,mm,false
14,In-pit target,fiducial,ILIS +1 side,ILIS +1 side,p143,p143,z,3555.714161310932,,mm,false
14,In-pit target,fiducial,ILIS +1 side,ILIS +1 side,p144,p144,x,3008.226659678251,,mm,false
14,In-pit target,fiducial,ILIS +1 side,ILIS +1 side,p144,p144,y,529.6440783960494,,mm,false
14,In-pit target,fiducial,ILIS +1 side,ILIS +1 side,p144,p144,z,3785.87429425558,,mm,false
14,In-pit target,fiducial,ILIS +1 side,ILIS +1 side,p145,p145,x,2803.708161179397,,mm,false
14,In-pit target,fiducial,ILIS +1 side,ILIS +1 side,p145,p145,y,493.48957922709,,mm,false
14,In-pit target,fiducial,ILIS +1 side,ILIS +1 side,p145,p145,z,3825.27713757451,,mm,false
14,In-pit target,fiducial,ILIS +1 side,ILIS +1 side,p146,p146,x,2629.727700333864,,mm,false
14,In-pit target,fiducial,ILIS +1 side,ILIS +1 side,p146,p146,y,462.8037637433267,,mm,false
14,In-pit target,fiducial,ILIS +1 side,ILIS +1 side,p146,p146,z,3829.698061920409,,mm,false
14,In-pit target,fiducial,ILIS +1 side,ILIS +1 side,p147,p147,x,2613.328381533932,,mm,false
14,In-pit target,fiducial,ILIS +1 side,ILIS +1 side,p147,p147,y,459.9272090659225,,mm,false
14,In-pit target,fiducial,ILIS +1 side,ILIS +1 side,p147,p147,z,4009.479091720791,,mm,false
14,In-pit target,fiducial,ILIS +1 side,ILIS +1 side,p148,p148,x,2801.438942197123,,mm,false
14,In-pit target,fiducial,ILIS +1 side,ILIS +1 side,p148,p148,y,493.0427028664601,,mm,false
14,In-pit target,fiducial,ILIS +1 side,ILIS +1 side,p148,p148,z,4005.767281202157,,mm,false
14,In-pit target,fiducial,ILIS +1 side,ILIS +1 side,p149,p149,x,3010.110034536634,,mm,false
14,In-pit target,fiducial,ILIS +1 side,ILIS +1 side,p149,p149,y,529.9878365469963,,mm,false
14,In-pit target,fiducial,ILIS +1 side,ILIS +1 side,p149,p149,z,4009.434176232371,,mm,false
14,In-pit target,fiducial,ILIS +1 side,ILIS +1 side,p150,p150,x,3008.392300951653,,mm,false
14,In-pit target,fiducial,ILIS +1 side,ILIS +1 side,p150,p150,y,529.6485241609595,,mm,false
14,In-pit target,fiducial,ILIS +1 side,ILIS +1 side,p150,p150,z,4047.474284781581,,mm,false
14,In-pit target,fiducial,ILIS +1 side,ILIS +1 side,p151,p151,x,2809.121358731263,,mm,false
14,In-pit target,fiducial,ILIS +1 side,ILIS +1 side,p151,p151,y,494.5031990612973,,mm,false
14,In-pit target,fiducial,ILIS +1 side,ILIS +1 side,p151,p151,z,4045.606797101084,,mm,false
14,In-pit target,fiducial,ILIS +1 side,ILIS +1 side,p152,p152,x,2620.650330800304,,mm,false
14,In-pit target,fiducial,ILIS +1 side,ILIS +1 side,p152,p152,y,461.1975821218572,,mm,false
14,In-pit target,fiducial,ILIS +1 side,ILIS +1 side,p152,p152,z,4041.578632391016,,mm,false
14,In-pit target,fiducial,ILIS +1 side,ILIS +1 side,p153,p153,x,2617.338671455216,,mm,false
14,In-pit target,fiducial,ILIS +1 side,ILIS +1 side,p153,p153,y,460.5600374183612,,mm,false
14,In-pit target,fiducial,ILIS +1 side,ILIS +1 side,p153,p153,z,4181.328841511193,,mm,false
14,In-pit target,fiducial,ILIS +1 side,ILIS +1 side,p154,p154,x,2809.710262274175,,mm,false
14,In-pit target,fiducial,ILIS +1 side,ILIS +1 side,p154,p154,y,494.5857175210467,,mm,false
14,In-pit target,fiducial,ILIS +1 side,ILIS +1 side,p154,p154,z,4194.486760774243,,mm,false
14,In-pit target,fiducial,ILIS +1 side,ILIS +1 side,p155,p155,x,3014.660728959811,,mm,false
14,In-pit target,fiducial,ILIS +1 side,ILIS +1 side,p155,p155,y,530.7607662683655,,mm,false
14,In-pit target,fiducial,ILIS +1 side,ILIS +1 side,p155,p155,z,4187.993891341666,,mm,false
14,In-pit target,fiducial,ILIS +1 side,ILIS +1 side,p156,p156,x,2633.3378418989,,mm,false
14,In-pit target,fiducial,ILIS +1 side,ILIS +1 side,p156,p156,y,463.4150940358275,,mm,false
14,In-pit target,fiducial,ILIS +1 side,ILIS +1 side,p156,p156,z,4500.827836966304,,mm,false
14,In-pit target,fiducial,ILIS +1 side,ILIS +1 side,p157,p157,x,2775.878400454065,,mm,false
14,In-pit target,fiducial,ILIS +1 side,ILIS +1 side,p157,p157,y,488.6417166115258,,mm,false
14,In-pit target,fiducial,ILIS +1 side,ILIS +1 side,p157,p157,z,4500.198885294963,,mm,false
14,In-pit target,fiducial,ILIS +1 side,ILIS +1 side,p158,p158,x,2925.679357457532,,mm,false
14,In-pit target,fiducial,ILIS +1 side,ILIS +1 side,p158,p158,y,515.0182733218178,,mm,false
14,In-pit target,fiducial,ILIS +1 side,ILIS +1 side,p158,p158,z,4505.77947997243,,mm,false
14,In-pit target,fiducial,ILIS +1 side,ILIS +1 side,p159,p159,x,2577.460927259438,,mm,false
14,In-pit target,fiducial,ILIS +1 side,ILIS +1 side,p159,p159,y,453.4888237402063,,mm,false
14,In-pit target,fiducial,ILIS +1 side,ILIS +1 side,p159,p159,z,4054.601345856248,,mm,false
14,In-pit target,fiducial,ILIS +1 side,ILIS +1 side,p160,p160,x,2394.989723787691,,mm,false
14,In-pit target,fiducial,ILIS +1 side,ILIS +1 side,p160,p160,y,421.3330074198549,,mm,false
14,In-pit target,fiducial,ILIS +1 side,ILIS +1 side,p160,p160,z,4047.18280284944,,mm,false
14,In-pit target,fiducial,ILIS +1 side,ILIS +1 side,p161,p161,x,2187.398359264232,,mm,false
14,In-pit target,fiducial,ILIS +1 side,ILIS +1 side,p161,p161,y,384.8377677808543,,mm,false
14,In-pit target,fiducial,ILIS +1 side,ILIS +1 side,p161,p161,z,4038.785835600472,,mm,false
14,In-pit target,fiducial,ILIS +1 side,ILIS +1 side,p162,p162,x,2198.260278365557,,mm,false
14,In-pit target,fiducial,ILIS +1 side,ILIS +1 side,p162,p162,y,386.6308899781294,,mm,false
14,In-pit target,fiducial,ILIS +1 side,ILIS +1 side,p162,p162,z,4237.425156043887,,mm,false
14,In-pit target,fiducial,ILIS +1 side,ILIS +1 side,p163,p163,x,2393.880465392404,,mm,false
14,In-pit target,fiducial,ILIS +1 side,ILIS +1 side,p163,p163,y,421.1160909032832,,mm,false
14,In-pit target,fiducial,ILIS +1 side,ILIS +1 side,p163,p163,z,4226.922873209493,,mm,false
14,In-pit target,fiducial,ILIS +1 side,ILIS +1 side,p164,p164,x,2580.621022611337,,mm,false
14,In-pit target,fiducial,ILIS +1 side,ILIS +1 side,p164,p164,y,454.1616165537183,,mm,false
14,In-pit target,fiducial,ILIS +1 side,ILIS +1 side,p164,p164,z,4223.181145794429,,mm,false
14,In-pit target,fiducial,ILIS +1 side,ILIS +1 side,p165,p165,x,2249.596201798091,,mm,false
14,In-pit target,fiducial,ILIS +1 side,ILIS +1 side,p165,p165,y,395.7241462963948,,mm,false
14,In-pit target,fiducial,ILIS +1 side,ILIS +1 side,p165,p165,z,4500.151932476856,,mm,false
14,In-pit target,fiducial,ILIS +1 side,ILIS +1 side,p166,p166,x,2416.706970132213,,mm,false
14,In-pit target,fiducial,ILIS +1 side,ILIS +1 side,p166,p166,y,425.1002203192795,,mm,false
14,In-pit target,fiducial,ILIS +1 side,ILIS +1 side,p166,p166,z,4501.391441162475,,mm,false
14,In-pit target,fiducial,ILIS +1 side,ILIS +1 side,p167,p167,x,2571.747675706665,,mm,false
14,In-pit target,fiducial,ILIS +1 side,ILIS +1 side,p167,p167,y,452.4765750205671,,mm,false
14,In-pit target,fiducial,ILIS +1 side,ILIS +1 side,p167,p167,z,4502.371705537664,,mm,false
14,In-pit target,fiducial,ILIS +1 side,ILIS +1 side,p168,p168,x,3009.02402626491,,mm,false
14,In-pit target,fiducial,ILIS +1 side,ILIS +1 side,p168,p168,y,529.7462406108133,,mm,false
14,In-pit target,fiducial,ILIS +1 side,ILIS +1 side,p168,p168,z,2738.284242818756,,mm,false
14,In-pit target,fiducial,ILIS +1 side,ILIS +1 side,p169,p169,x,2773.123872202746,,mm,false
14,In-pit target,fiducial,ILIS +1 side,ILIS +1 side,p169,p169,y,488.0220491206643,,mm,false
14,In-pit target,fiducial,ILIS +1 side,ILIS +1 side,p169,p169,z,2752.199057152433,,mm,false
14,In-pit target,fiducial,ILIS +1 side,ILIS +1 side,p170,p170,x,2392.979215832176,,mm,false
14,In-pit target,fiducial,ILIS +1 side,ILIS +1 side,p170,p170,y,420.9201543787351,,mm,false
14,In-pit target,fiducial,ILIS +1 side,ILIS +1 side,p170,p170,z,2700.842927479878,,mm,false
14,In-pit target,fiducial,ILIS +1 side,ILIS +1 side,p171,p171,x,2175.769622881257,,mm,false
14,In-pit target,fiducial,ILIS +1 side,ILIS +1 side,p171,p171,y,382.5756583345427,,mm,false
14,In-pit target,fiducial,ILIS +1 side,ILIS +1 side,p171,p171,z,2722.806566823418,,mm,false
14,In-pit target,fiducial,ILIS +1 side,ILIS +1 side,p172,p172,x,2178.235963804913,,mm,false
14,In-pit target,fiducial,ILIS +1 side,ILIS +1 side,p172,p172,y,383.0402457048957,,mm,false
14,In-pit target,fiducial,ILIS +1 side,ILIS +1 side,p172,p172,z,2995.926411984885,,mm,false
14,In-pit target,fiducial,ILIS +1 side,ILIS +1 side,p173,p173,x,2445.826454585021,,mm,false
14,In-pit target,fiducial,ILIS +1 side,ILIS +1 side,p173,p173,y,430.2637475063842,,mm,false
14,In-pit target,fiducial,ILIS +1 side,ILIS +1 side,p173,p173,z,2985.469609334662,,mm,false
14,In-pit target,fiducial,ILIS +1 side,ILIS +1 side,p174,p174,x,2736.317816212448,,mm,false
14,In-pit target,fiducial,ILIS +1 side,ILIS +1 side,p174,p174,y,481.5769286506325,,mm,false
14,In-pit target,fiducial,ILIS +1 side,ILIS +1 side,p174,p174,z,2987.961367890528,,mm,false
14,In-pit target,fiducial,ILIS +1 side,ILIS +1 side,p175,p175,x,3014.509030332943,,mm,false
14,In-pit target,fiducial,ILIS +1 side,ILIS +1 side,p175,p175,y,530.7703726050139,,mm,false
14,In-pit target,fiducial,ILIS +1 side,ILIS +1 side,p175,p175,z,2988.823897931538,,mm,false
14,In-pit target,fiducial,ILIS +1 side,ILIS +1 side,p176,p176,x,2198.72008855167,,mm,false
14,In-pit target,fiducial,ILIS +1 side,ILIS +1 side,p176,p176,y,386.5037568740248,,mm,false
14,In-pit target,fiducial,ILIS +1 side,ILIS +1 side,p176,p176,z,3230.795128768837,,mm,false
14,In-pit target,fiducial,ILIS +1 side,ILIS +1 side,p177,p177,x,2470.540646634347,,mm,false
14,In-pit target,fiducial,ILIS +1 side,ILIS +1 side,p177,p177,y,434.5771721967285,,mm,false
14,In-pit target,fiducial,ILIS +1 side,ILIS +1 side,p177,p177,z,3221.128058745647,,mm,false
14,In-pit target,fiducial,ILIS +1 side,ILIS +1 side,p178,p178,x,2752.371501256193,,mm,false
14,In-pit target,fiducial,ILIS +1 side,ILIS +1 side,p178,p178,y,484.2704245521728,,mm,false
14,In-pit target,fiducial,ILIS +1 side,ILIS +1 side,p178,p178,z,3215.780362656865,,mm,false
14,In-pit target,fiducial,ILIS +1 side,ILIS +1 side,p179,p179,x,3010.402816890922,,mm,false
14,In-pit target,fiducial,ILIS +1 side,ILIS +1 side,p179,p179,y,530.0143967423137,,mm,false
14,In-pit target,fiducial,ILIS +1 side,ILIS +1 side,p179,p179,z,3219.704156749098,,mm,false
14,In-pit target,fiducial,ILIS +1 side,ILIS +1 side,p180,p180,x,2196.49381780922,,mm,false
14,In-pit target,fiducial,ILIS +1 side,ILIS +1 side,p180,p180,y,386.20771721537,,mm,false
14,In-pit target,fiducial,ILIS +1 side,ILIS +1 side,p180,p180,z,3460.535267358292,,mm,false
14,In-pit target,fiducial,ILIS +1 side,ILIS +1 side,p181,p181,x,2488.504560539347,,mm,false
14,In-pit target,fiducial,ILIS +1 side,ILIS +1 side,p181,p181,y,437.720685062301,,mm,false
14,In-pit target,fiducial,ILIS +1 side,ILIS +1 side,p181,p181,z,3452.596931651008,,mm,false
14,In-pit target,fiducial,ILIS +1 side,ILIS +1 side,p182,p182,x,2751.705862174052,,mm,false
14,In-pit target,fiducial,ILIS +1 side,ILIS +1 side,p182,p182,y,484.2645257795938,,mm,false
14,In-pit target,fiducial,ILIS +1 side,ILIS +1 side,p182,p182,z,3455.970403020359,,mm,false
14,In-pit target,fiducial,ILIS +1 side,ILIS +1 side,p183,p183,x,3003.306595483813,,mm,false
14,In-pit target,fiducial,ILIS +1 side,ILIS +1 side,p183,p183,y,528.7184928658356,,mm,false
14,In-pit target,fiducial,ILIS +1 side,ILIS +1 side,p183,p183,z,3450.664603524914,,mm,false
14,In-pit target,fiducial,ILIS -1 side,ILIS -1 side,p1,p1,x,2987.553230612399,,mm,false
14,In-pit target,fiducial,ILIS -1 side,ILIS -1 side,p1,p1,y,-525.4436297066051,,mm,false
14,In-pit target,fiducial,ILIS -1 side,ILIS -1 side,p1,p1,z,4479.843476670295,,mm,false
14,In-pit target,fiducial,ILIS -1 side,ILIS -1 side,p2,p2,x,3016.830077395546,,mm,false
14,In-pit target,fiducial,ILIS -1 side,ILIS -1 side,p2,p2,y,-530.6280282855525,,mm,false
14,In-pit target,fiducial,ILIS -1 side,ILIS -1 side,p2,p2,z,4261.90181393962,,mm,false
14,In-pit target,fiducial,ILIS -1 side,ILIS -1 side,p3,p3,x,2999.34728785694,,mm,false
14,In-pit target,fiducial,ILIS -1 side,ILIS -1 side,p3,p3,y,-527.5312745799483,,mm,false
14,In-pit target,fiducial,ILIS -1 side,ILIS -1 side,p3,p3,z,4046.772806164203,,mm,false
14,In-pit target,fiducial,ILIS -1 side,ILIS -1 side,p4,p4,x,2783.38806590092,,mm,false
14,In-pit target,fiducial,ILIS -1 side,ILIS -1 side,p4,p4,y,-489.5162076952051,,mm,false
14,In-pit target,fiducial,ILIS -1 side,ILIS -1 side,p4,p4,z,4044.775071972884,,mm,false
14,In-pit target,fiducial,ILIS -1 side,ILIS -1 side,p5,p5,x,2796.810401287599,,mm,false
14,In-pit target,fiducial,ILIS -1 side,ILIS -1 side,p5,p5,y,-491.8429998654917,,mm,false
14,In-pit target,fiducial,ILIS -1 side,ILIS -1 side,p5,p5,z,4252.004309415296,,mm,false
14,In-pit target,fiducial,ILIS -1 side,ILIS -1 side,p6,p6,x,2798.045754079619,,mm,false
14,In-pit target,fiducial,ILIS -1 side,ILIS -1 side,p6,p6,y,-492.0786598225488,,mm,false
14,In-pit target,fiducial,ILIS -1 side,ILIS -1 side,p6,p6,z,4508.874240056981,,mm,false
14,In-pit target,fiducial,ILIS -1 side,ILIS -1 side,p7,p7,x,2623.156575305969,,mm,false
14,In-pit target,fiducial,ILIS -1 side,ILIS -1 side,p7,p7,y,-461.2445024807468,,mm,false
14,In-pit target,fiducial,ILIS -1 side,ILIS -1 side,p7,p7,z,4510.434172395057,,mm,false
14,In-pit target,fiducial,ILIS -1 side,ILIS -1 side,p8,p8,x,2621.649081172948,,mm,false
14,In-pit target,fiducial,ILIS -1 side,ILIS -1 side,p8,p8,y,-461.0722896984378,,mm,false
14,In-pit target,fiducial,ILIS -1 side,ILIS -1 side,p8,p8,z,4050.524258711739,,mm,false
14,In-pit target,fiducial,ILIS -1 side,ILIS -1 side,p9,p9,x,2622.17261625186,,mm,false
14,In-pit target,fiducial,ILIS -1 side,ILIS -1 side,p9,p9,y,-461.0584516308036,,mm,false
14,In-pit target,fiducial,ILIS -1 side,ILIS -1 side,p9,p9,z,4276.894227611169,,mm,false
14,In-pit target,fiducial,ILIS -1 side,ILIS -1 side,p10,p10,x,2623.346515871378,,mm,false
14,In-pit target,fiducial,ILIS -1 side,ILIS -1 side,p10,p10,y,-461.3630576279995,,mm,false
14,In-pit target,fiducial,ILIS -1 side,ILIS -1 side,p10,p10,z,4007.73416208348,,mm,false
14,In-pit target,fiducial,ILIS -1 side,ILIS -1 side,p11,p11,x,2822.345828451911,,mm,false
14,In-pit target,fiducial,ILIS -1 side,ILIS -1 side,p11,p11,y,-496.3777182973711,,mm,false
14,In-pit target,fiducial,ILIS -1 side,ILIS -1 side,p11,p11,z,4010.062859290933,,mm,false
14,In-pit target,fiducial,ILIS -1 side,ILIS -1 side,p12,p12,x,2618.023646685774,,mm,false
14,In-pit target,fiducial,ILIS -1 side,ILIS -1 side,p12,p12,y,-460.346599821121,,mm,false
14,In-pit target,fiducial,ILIS -1 side,ILIS -1 side,p12,p12,z,3792.094462637483,,mm,false
14,In-pit target,fiducial,ILIS -1 side,ILIS -1 side,p13,p13,x,2620.678835200245,,mm,false
14,In-pit target,fiducial,ILIS -1 side,ILIS -1 side,p13,p13,y,-460.8108730624003,,mm,false
14,In-pit target,fiducial,ILIS -1 side,ILIS -1 side,p13,p13,z,3544.554311299746,,mm,false
14,In-pit target,fiducial,ILIS -1 side,ILIS -1 side,p14,p14,x,2782.262145959842,,mm,false
14,In-pit target,fiducial,ILIS -1 side,ILIS -1 side,p14,p14,y,-489.3707110625157,,mm,false
14,In-pit target,fiducial,ILIS -1 side,ILIS -1 side,p14,p14,z,3778.455136303366,,mm,false
14,In-pit target,fiducial,ILIS -1 side,ILIS -1 side,p15,p15,x,3018.001804522924,,mm,false
14,In-pit target,fiducial,ILIS -1 side,ILIS -1 side,p15,p15,y,-530.7960980399558,,mm,false
14,In-pit target,fiducial,ILIS -1 side,ILIS -1 side,p15,p15,z,3789.101745826156,,mm,false
14,In-pit target,fiducial,ILIS -1 side,ILIS -1 side,p16,p16,x,3021.277118530645,,mm,false
14,In-pit target,fiducial,ILIS -1 side,ILIS -1 side,p16,p16,y,-531.4403490183937,,mm,false
14,In-pit target,fiducial,ILIS -1 side,ILIS -1 side,p16,p16,z,3543.731560475883,,mm,false
14,In-pit target,fiducial,ILIS -1 side,ILIS -1 side,p17,p17,x,3022.734804717759,,mm,false
14,In-pit target,fiducial,ILIS -1 side,ILIS -1 side,p17,p17,y,-531.6325058537218,,mm,false
14,In-pit target,fiducial,ILIS -1 side,ILIS -1 side,p17,p17,z,4006.861477482688,,mm,false
14,In-pit target,fiducial,ILIS -1 side,ILIS -1 side,p18,p18,x,2785.008389169028,,mm,false
14,In-pit target,fiducial,ILIS -1 side,ILIS -1 side,p18,p18,y,-489.7846867476799,,mm,false
14,In-pit target,fiducial,ILIS -1 side,ILIS -1 side,p18,p18,z,3548.534978699975,,mm,false
14,In-pit target,fiducial,ILIS -1 side,ILIS -1 side,p19,p19,x,2271.108034162756,,mm,false
14,In-pit target,fiducial,ILIS -1 side,ILIS -1 side,p19,p19,y,-399.1547237866033,,mm,false
14,In-pit target,fiducial,ILIS -1 side,ILIS -1 side,p19,p19,z,4008.564164663325,,mm,false
14,In-pit target,fiducial,ILIS -1 side,ILIS -1 side,p20,p20,x,2231.354477954116,,mm,false
14,In-pit target,fiducial,ILIS -1 side,ILIS -1 side,p20,p20,y,-392.1676882894274,,mm,false
14,In-pit target,fiducial,ILIS -1 side,ILIS -1 side,p20,p20,z,3779.076422281018,,mm,false
14,In-pit target,fiducial,ILIS -1 side,ILIS -1 side,p21,p21,x,2255.260817189348,,mm,false
14,In-pit target,fiducial,ILIS -1 side,ILIS -1 side,p21,p21,y,-396.3621110581686,,mm,false
14,In-pit target,fiducial,ILIS -1 side,ILIS -1 side,p21,p21,z,3552.255063802574,,mm,false
14,In-pit target,fiducial,ILIS -1 side,ILIS -1 side,p22,p22,x,2374.580185835734,,mm,false
14,In-pit target,fiducial,ILIS -1 side,ILIS -1 side,p22,p22,y,-417.4649672073127,,mm,false
14,In-pit target,fiducial,ILIS -1 side,ILIS -1 side,p22,p22,z,3550.02828851617,,mm,false
14,In-pit target,fiducial,ILIS -1 side,ILIS -1 side,p23,p23,x,2393.662305190353,,mm,false
14,In-pit target,fiducial,ILIS -1 side,ILIS -1 side,p23,p23,y,-420.8119476651648,,mm,false
14,In-pit target,fiducial,ILIS -1 side,ILIS -1 side,p23,p23,z,3754.047204900781,,mm,false
14,In-pit target,fiducial,ILIS -1 side,ILIS -1 side,p24,p24,x,2406.247303771751,,mm,false
14,In-pit target,fiducial,ILIS -1 side,ILIS -1 side,p24,p24,y,-423.1079626254036,,mm,false
14,In-pit target,fiducial,ILIS -1 side,ILIS -1 side,p24,p24,z,4005.806491970809,,mm,false
14,In-pit target,fiducial,ILIS -1 side,ILIS -1 side,p25,p25,x,2579.726810223538,,mm,false
14,In-pit target,fiducial,ILIS -1 side,ILIS -1 side,p25,p25,y,-453.6119956693046,,mm,false
14,In-pit target,fiducial,ILIS -1 side,ILIS -1 side,p25,p25,z,4009.596638313735,,mm,false
14,In-pit target,fiducial,ILIS -1 side,ILIS -1 side,p26,p26,x,2578.272228009888,,mm,false
14,In-pit target,fiducial,ILIS -1 side,ILIS -1 side,p26,p26,y,-453.3561114519543,,mm,false
14,In-pit target,fiducial,ILIS -1 side,ILIS -1 side,p26,p26,z,3765.606720460864,,mm,false
14,In-pit target,fiducial,ILIS -1 side,ILIS -1 side,p27,p27,x,2578.379306006746,,mm,false
14,In-pit target,fiducial,ILIS -1 side,ILIS -1 side,p27,p27,y,-453.3097904081062,,mm,false
14,In-pit target,fiducial,ILIS -1 side,ILIS -1 side,p27,p27,z,3549.466712853148,,mm,false
14,In-pit target,fiducial,ILIS -1 side,ILIS -1 side,p28,p28,x,2575.989218426664,,mm,false
14,In-pit target,fiducial,ILIS -1 side,ILIS -1 side,p28,p28,y,-453.0112263261775,,mm,false
14,In-pit target,fiducial,ILIS -1 side,ILIS -1 side,p28,p28,z,4049.636851646787,,mm,false
14,In-pit target,fiducial,ILIS -1 side,ILIS -1 side,p29,p29,x,2580.882940406821,,mm,false
14,In-pit target,fiducial,ILIS -1 side,ILIS -1 side,p29,p29,y,-453.8174328020589,,mm,false
14,In-pit target,fiducial,ILIS -1 side,ILIS -1 side,p29,p29,z,4279.456573203271,,mm,false
14,In-pit target,fiducial,ILIS -1 side,ILIS -1 side,p30,p30,x,2578.7864634291,,mm,false
14,In-pit target,fiducial,ILIS -1 side,ILIS -1 side,p30,p30,y,-453.4535386315558,,mm,false
14,In-pit target,fiducial,ILIS -1 side,ILIS -1 side,p30,p30,z,4505.486692800891,,mm,false
14,In-pit target,fiducial,ILIS -1 side,ILIS -1 side,p31,p31,x,2390.31002126995,,mm,false
14,In-pit target,fiducial,ILIS -1 side,ILIS -1 side,p31,p31,y,-420.1968326586095,,mm,false
14,In-pit target,fiducial,ILIS -1 side,ILIS -1 side,p31,p31,z,4050.107395446632,,mm,false
14,In-pit target,fiducial,ILIS -1 side,ILIS -1 side,p32,p32,x,2237.560758830727,,mm,false
14,In-pit target,fiducial,ILIS -1 side,ILIS -1 side,p32,p32,y,-393.2831957222041,,mm,false
14,In-pit target,fiducial,ILIS -1 side,ILIS -1 side,p32,p32,z,4051.816070702087,,mm,false
14,In-pit target,fiducial,ILIS -1 side,ILIS -1 side,p33,p33,x,2267.043388728509,,mm,false
14,In-pit target,fiducial,ILIS -1 side,ILIS -1 side,p33,p33,y,-398.4802641679603,,mm,false
14,In-pit target,fiducial,ILIS -1 side,ILIS -1 side,p33,p33,z,4265.104396716148,,mm,false
14,In-pit target,fiducial,ILIS -1 side,ILIS -1 side,p34,p34,x,2427.893427555312,,mm,false
14,In-pit target,fiducial,ILIS -1 side,ILIS -1 side,p34,p34,y,-426.8738616305857,,mm,false
14,In-pit target,fiducial,ILIS -1 side,ILIS -1 side,p34,p34,z,4276.965262306252,,mm,false
14,In-pit target,fiducial,ILIS -1 side,ILIS -1 side,p35,p35,x,2364.751981871993,,mm,false
14,In-pit target,fiducial,ILIS -1 side,ILIS -1 side,p35,p35,y,-415.7100116622789,,mm,false
14,In-pit target,fiducial,ILIS -1 side,ILIS -1 side,p35,p35,z,4415.628847976412,,mm,false
14,In-pit target,fiducial,ILIS -1 side,ILIS -1 side,p36,p36,x,2337.597744100466,,mm,false
14,In-pit target,fiducial,ILIS -1 side,ILIS -1 side,p36,p36,y,-410.9177632097172,,mm,false
14,In-pit target,fiducial,ILIS -1 side,ILIS -1 side,p36,p36,z,4510.110390225764,,mm,false
14,In-pit target,fiducial,ILIS -1 side,ILIS -1 side,p37,p37,x,3026.847656125319,,mm,false
14,In-pit target,fiducial,ILIS -1 side,ILIS -1 side,p37,p37,y,-532.3873903923521,,mm,false
14,In-pit target,fiducial,ILIS -1 side,ILIS -1 side,p37,p37,z,2549.591241595523,,mm,false
14,In-pit target,fiducial,ILIS -1 side,ILIS -1 side,p38,p38,x,3027.688973493338,,mm,false
14,In-pit target,fiducial,ILIS -1 side,ILIS -1 side,p38,p38,y,-532.5013450277843,,mm,false
14,In-pit target,fiducial,ILIS -1 side,ILIS -1 side,p38,p38,z,2906.171193919581,,mm,false
14,In-pit target,fiducial,ILIS -1 side,ILIS -1 side,p39,p39,x,3028.584287517876,,mm,false
14,In-pit target,fiducial,ILIS -1 side,ILIS -1 side,p39,p39,y,-532.6570085193786,,mm,false
14,In-pit target,fiducial,ILIS -1 side,ILIS -1 side,p39,p39,z,3162.361143530557,,mm,false
14,In-pit target,fiducial,ILIS -1 side,ILIS -1 side,p40,p40,x,2687.658609355597,,mm,false
14,In-pit target,fiducial,ILIS -1 side,ILIS -1 side,p40,p40,y,-472.5595095362802,,mm,false
14,In-pit target,fiducial,ILIS -1 side,ILIS -1 side,p40,p40,z,2541.91050440963,,mm,false
14,In-pit target,fiducial,ILIS -1 side,ILIS -1 side,p41,p41,x,2691.319467938718,,mm,false
14,In-pit target,fiducial,ILIS -1 side,ILIS -1 side,p41,p41,y,-473.2636573212746,,mm,false
14,In-pit target,fiducial,ILIS -1 side,ILIS -1 side,p41,p41,z,2891.050298174723,,mm,false
14,In-pit target,fiducial,ILIS -1 side,ILIS -1 side,p42,p42,x,2394.572260419391,,mm,false
14,In-pit target,fiducial,ILIS -1 side,ILIS -1 side,p42,p42,y,-420.9518949028325,,mm,false
14,In-pit target,fiducial,ILIS -1 side,ILIS -1 side,p42,p42,z,2582.597150610692,,mm,false
14,In-pit target,fiducial,ILIS -1 side,ILIS -1 side,p43,p43,x,2422.161546727162,,mm,false
14,In-pit target,fiducial,ILIS -1 side,ILIS -1 side,p43,p43,y,-425.7970273437774,,mm,false
14,In-pit target,fiducial,ILIS -1 side,ILIS -1 side,p43,p43,z,2907.075584058367,,mm,false
14,In-pit target,fiducial,ILIS -1 side,ILIS -1 side,p44,p44,x,2513.992125943841,,mm,false
14,In-pit target,fiducial,ILIS -1 side,ILIS -1 side,p44,p44,y,-441.9432334217694,,mm,false
14,In-pit target,fiducial,ILIS -1 side,ILIS -1 side,p44,p44,z,3257.640368727359,,mm,false
14,In-pit target,fiducial,ILIS -1 side,ILIS -1 side,p45,p45,x,3024.305599263005,,mm,false
14,In-pit target,fiducial,ILIS -1 side,ILIS -1 side,p45,p45,y,-531.9208495315839,,mm,false
14,In-pit target,fiducial,ILIS -1 side,ILIS -1 side,p45,p45,z,3518.511387524244,,mm,false
14,In-pit target,fiducial,ILIS -1 side,ILIS -1 side,p46,p46,x,2719.016698816895,,mm,false
14,In-pit target,fiducial,ILIS -1 side,ILIS -1 side,p46,p46,y,-478.2236865792284,,mm,false
14,In-pit target,fiducial,ILIS -1 side,ILIS -1 side,p46,p46,z,3515.698727702438,,mm,false
14,In-pit target,fiducial,ILIS -1 side,ILIS -1 side,p47,p47,x,2704.36101743561,,mm,false
14,In-pit target,fiducial,ILIS -1 side,ILIS -1 side,p47,p47,y,-475.54781950791,,mm,false
14,In-pit target,fiducial,ILIS -1 side,ILIS -1 side,p47,p47,z,3252.369557957294,,mm,false
14,In-pit target,fiducial,ILIS -1 side,ILIS -1 side,p48,p48,x,2482.867602907735,,mm,false
14,In-pit target,fiducial,ILIS -1 side,ILIS -1 side,p48,p48,y,-436.4681320827372,,mm,false
14,In-pit target,fiducial,ILIS -1 side,ILIS -1 side,p48,p48,z,3514.332137062657,,mm,false
14,In-pit target,fiducial,ILIS -1 side,ILIS -1 side,p49,p49,x,2306.548194340638,,mm,false
14,In-pit target,fiducial,ILIS -1 side,ILIS -1 side,p49,p49,y,-405.3640081455386,,mm,false
14,In-pit target,fiducial,ILIS -1 side,ILIS -1 side,p49,p49,z,3511.942150316079,,mm,false
14,In-pit target,fiducial,ILIS -1 side,ILIS -1 side,p50,p50,x,2306.33312967202,,mm,false
14,In-pit target,fiducial,ILIS -1 side,ILIS -1 side,p50,p50,y,-405.3082891119295,,mm,false
14,In-pit target,fiducial,ILIS -1 side,ILIS -1 side,p50,p50,z,3259.962161740443,,mm,false
14,In-pit target,fiducial,ILIS -1 side,ILIS -1 side,p51,p51,x,2328.099472383638,,mm,false
14,In-pit target,fiducial,ILIS -1 side,ILIS -1 side,p51,p51,y,-409.1555075274706,,mm,false
14,In-pit target,fiducial,ILIS -1 side,ILIS -1 side,p51,p51,z,2865.810924985535,,mm,false
14,In-pit target,fiducial,ILIS -1 side,ILIS -1 side,p52,p52,x,2355.360856483578,,mm,false
14,In-pit target,fiducial,ILIS -1 side,ILIS -1 side,p52,p52,y,-414.0714143563619,,mm,false
14,In-pit target,fiducial,ILIS -1 side,ILIS -1 side,p52,p52,z,2556.399378017737,,mm,false
14,In-pit target,fiducial,ILIS -1 side,ILIS -1 side,p53,p53,x,3016.315737147332,,mm,false
14,In-pit target,fiducial,ILIS -1 side,ILIS -1 side,p53,p53,y,-530.5277000436329,,mm,false
14,In-pit target,fiducial,ILIS -1 side,ILIS -1 side,p53,p53,z,2516.76183961425,,mm,false
14,In-pit target,fiducial,ILIS -1 side,ILIS -1 side,p54,p54,x,2747.806921759598,,mm,false
14,In-pit target,fiducial,ILIS -1 side,ILIS -1 side,p54,p54,y,-483.2513384992956,,mm,false
14,In-pit target,fiducial,ILIS -1 side,ILIS -1 side,p54,p54,z,2517.907089894684,,mm,false
14,In-pit target,fiducial,ILIS -1 side,ILIS -1 side,p55,p55,x,2484.388022544807,,mm,false
14,In-pit target,fiducial,ILIS -1 side,ILIS -1 side,p55,p55,y,-436.8151153816607,,mm,false
14,In-pit target,fiducial,ILIS -1 side,ILIS -1 side,p55,p55,z,2517.982050132005,,mm,false
14,In-pit target,fiducial,ILIS -1 side,ILIS -1 side,p56,p56,x,2315.067859287123,,mm,false
14,In-pit target,fiducial,ILIS -1 side,ILIS -1 side,p56,p56,y,-406.9313632653951,,mm,false
14,In-pit target,fiducial,ILIS -1 side,ILIS -1 side,p56,p56,z,2503.451665627637,,mm,false
14,In-pit target,fiducial,ILIS -1 side,ILIS -1 side,p57,p57,x,3025.927784499049,,mm,false
14,In-pit target,fiducial,ILIS -1 side,ILIS -1 side,p57,p57,y,-532.273022612435,,mm,false
14,In-pit target,fiducial,ILIS -1 side,ILIS -1 side,p57,p57,z,2217.191294007979,,mm,false
14,In-pit target,fiducial,ILIS -1 side,ILIS -1 side,p58,p58,x,2693.241283713378,,mm,false
14,In-pit target,fiducial,ILIS -1 side,ILIS -1 side,p58,p58,y,-473.604563262419,,mm,false
14,In-pit target,fiducial,ILIS -1 side,ILIS -1 side,p58,p58,z,2252.550187832314,,mm,false
14,In-pit target,fiducial,ILIS -1 side,ILIS -1 side,p59,p59,x,2465.372401730022,,mm,false
14,In-pit target,fiducial,ILIS -1 side,ILIS -1 side,p59,p59,y,-433.4991323990315,,mm,false
14,In-pit target,fiducial,ILIS -1 side,ILIS -1 side,p59,p59,z,2255.413130185475,,mm,false
14,In-pit target,fiducial,ILIS -1 side,ILIS -1 side,p60,p60,x,2310.762863289282,,mm,false
14,In-pit target,fiducial,ILIS -1 side,ILIS -1 side,p60,p60,y,-406.1455329972474,,mm,false
14,In-pit target,fiducial,ILIS -1 side,ILIS -1 side,p60,p60,z,2252.331909176162,,mm,false
14,In-pit target,fiducial,ILIS -1 side,ILIS -1 side,p61,p61,x,3025.282984220584,,mm,false
14,In-pit target,fiducial,ILIS -1 side,ILIS -1 side,p61,p61,y,-532.240062910213,,mm,false
14,In-pit target,fiducial,ILIS -1 side,ILIS -1 side,p61,p61,z,1802.391331199086,,mm,false
14,In-pit target,fiducial,ILIS -1 side,ILIS -1 side,p62,p62,x,2720.643147781208,,mm,false
14,In-pit target,fiducial,ILIS -1 side,ILIS -1 side,p62,p62,y,-478.4531821676633,,mm,false
14,In-pit target,fiducial,ILIS -1 side,ILIS -1 side,p62,p62,z,1783.888631012983,,mm,false
14,In-pit target,fiducial,ILIS -1 side,ILIS -1 side,p63,p63,x,2338.325633202269,,mm,false
14,In-pit target,fiducial,ILIS -1 side,ILIS -1 side,p63,p63,y,-411.0438976695124,,mm,false
14,In-pit target,fiducial,ILIS -1 side,ILIS -1 side,p63,p63,z,1798.84034361153,,mm,false
14,In-pit target,fiducial,ILIS -1 side,ILIS -1 side,p64,p64,x,2494.124564823277,,mm,false
14,In-pit target,fiducial,ILIS -1 side,ILIS -1 side,p64,p64,y,-438.5976964507728,,mm,false
14,In-pit target,fiducial,ILIS -1 side,ILIS -1 side,p64,p64,z,1791.851496891617,,mm,false
14,In-pit target,fiducial,ILIS -1 side,ILIS -1 side,p65,p65,x,3026.857542955265,,mm,false
14,In-pit target,fiducial,ILIS -1 side,ILIS -1 side,p65,p65,y,-532.4844912670026,,mm,false
14,In-pit target,fiducial,ILIS -1 side,ILIS -1 side,p65,p65,z,1544.231240713416,,mm,false
14,In-pit target,fiducial,ILIS -1 side,ILIS -1 side,p66,p66,x,2761.67863084796,,mm,false
14,In-pit target,fiducial,ILIS -1 side,ILIS -1 side,p66,p66,y,-485.7082325302209,,mm,false
14,In-pit target,fiducial,ILIS -1 side,ILIS -1 side,p66,p66,z,1543.956300399297,,mm,false
14,In-pit target,fiducial,ILIS -1 side,ILIS -1 side,p67,p67,x,2467.880314278934,,mm,false
14,In-pit target,fiducial,ILIS -1 side,ILIS -1 side,p67,p67,y,-433.9711617118537,,mm,false
14,In-pit target,fiducial,ILIS -1 side,ILIS -1 side,p67,p67,z,1551.682986903993,,mm,false
14,In-pit target,fiducial,ILIS -1 side,ILIS -1 side,p68,p68,x,2324.470538803013,,mm,false
14,In-pit target,fiducial,ILIS -1 side,ILIS -1 side,p68,p68,y,-408.6278807745624,,mm,false
14,In-pit target,fiducial,ILIS -1 side,ILIS -1 side,p68,p68,z,1545.431130437361,,mm,false
14,In-pit target,fiducial,ILIS -1 side,ILIS -1 side,p69,p69,x,3022.645597023145,,mm,false
14,In-pit target,fiducial,ILIS -1 side,ILIS -1 side,p69,p69,y,-531.7149505396558,,mm,false
14,In-pit target,fiducial,ILIS -1 side,ILIS -1 side,p69,p69,z,1511.381479397177,,mm,false
14,In-pit target,fiducial,ILIS -1 side,ILIS -1 side,p70,p70,x,2786.076887156919,,mm,false
14,In-pit target,fiducial,ILIS -1 side,ILIS -1 side,p70,p70,y,-490.0692755701232,,mm,false
14,In-pit target,fiducial,ILIS -1 side,ILIS -1 side,p70,p70,z,1516.514915727847,,mm,false
14,In-pit target,fiducial,ILIS -1 side,ILIS -1 side,p71,p71,x,2497.078463664377,,mm,false
14,In-pit target,fiducial,ILIS -1 side,ILIS -1 side,p71,p71,y,-439.1123433018374,,mm,false
14,In-pit target,fiducial,ILIS -1 side,ILIS -1 side,p71,p71,z,1522.76132850887,,mm,false
14,In-pit target,fiducial,ILIS -1 side,ILIS -1 side,p72,p72,x,2329.148344848736,,mm,false
14,In-pit target,fiducial,ILIS -1 side,ILIS -1 side,p72,p72,y,-409.498609561128,,mm,false
14,In-pit target,fiducial,ILIS -1 side,ILIS -1 side,p72,p72,z,1509.080865486761,,mm,false
14,In-pit target,fiducial,ILIS -1 side,ILIS -1 side,p73,p73,x,3030.624343585898,,mm,false
14,In-pit target,fiducial,ILIS -1 side,ILIS -1 side,p73,p73,y,-533.1211758330909,,mm,false
14,In-pit target,fiducial,ILIS -1 side,ILIS -1 side,p73,p73,z,1156.47102557296,,mm,false
14,In-pit target,fiducial,ILIS -1 side,ILIS -1 side,p74,p74,x,2776.72493687041,,mm,false
14,In-pit target,fiducial,ILIS -1 side,ILIS -1 side,p74,p74,y,-488.3753105850843,,mm,false
14,In-pit target,fiducial,ILIS -1 side,ILIS -1 side,p74,p74,z,1148.725445366788,,mm,false
14,In-pit target,fiducial,ILIS -1 side,ILIS -1 side,p75,p75,x,2474.345980318819,,mm,false
14,In-pit target,fiducial,ILIS -1 side,ILIS -1 side,p75,p75,y,-435.0282299747343,,mm,false
14,In-pit target,fiducial,ILIS -1 side,ILIS -1 side,p75,p75,z,1145.112617509779,,mm,false
14,In-pit target,fiducial,ILIS -1 side,ILIS -1 side,p76,p76,x,2333.760764052192,,mm,false
14,In-pit target,fiducial,ILIS -1 side,ILIS -1 side,p76,p76,y,-410.2865595346035,,mm,false
14,In-pit target,fiducial,ILIS -1 side,ILIS -1 side,p76,p76,z,1048.100602217355,,mm,false
14,In-pit target,fiducial,ILIS -1 side,ILIS -1 side,p77,p77,x,2768.663473950473,,mm,false
14,In-pit target,fiducial,ILIS -1 side,ILIS -1 side,p77,p77,y,-486.9312357539285,,mm,false
14,In-pit target,fiducial,ILIS -1 side,ILIS -1 side,p77,p77,z,789.1859021125407,,mm,false
14,In-pit target,fiducial,ILIS -1 side,ILIS -1 side,p78,p78,x,3025.782019362626,,mm,false
14,In-pit target,fiducial,ILIS -1 side,ILIS -1 side,p78,p78,y,-532.2474182340245,,mm,false
14,In-pit target,fiducial,ILIS -1 side,ILIS -1 side,p78,p78,z,782.7512995164209,,mm,false
14,In-pit target,fiducial,ILIS -1 side,ILIS -1 side,p79,p79,x,2503.294688600061,,mm,false
14,In-pit target,fiducial,ILIS -1 side,ILIS -1 side,p79,p79,y,-440.154936472165,,mm,false
14,In-pit target,fiducial,ILIS -1 side,ILIS -1 side,p79,p79,z,791.0309731545016,,mm,false
14,In-pit target,fiducial,ILIS -1 side,ILIS -1 side,p80,p80,x,2335.77536286064,,mm,false
14,In-pit target,fiducial,ILIS -1 side,ILIS -1 side,p80,p80,y,-410.58098654884,,mm,false
14,In-pit target,fiducial,ILIS -1 side,ILIS -1 side,p80,p80,z,790.630486273049,,mm,false
14,In-pit target,fiducial,ILIS -1 side,ILIS -1 side,p81,p81,x,2355.240836864732,,mm,false
14,In-pit target,fiducial,ILIS -1 side,ILIS -1 side,p81,p81,y,-414.1455548013633,,mm,false
14,In-pit target,fiducial,ILIS -1 side,ILIS -1 side,p81,p81,z,549.0893825764541,,mm,false
14,In-pit target,fiducial,ILIS -1 side,ILIS -1 side,p82,p82,x,2565.901257968047,,mm,false
14,In-pit target,fiducial,ILIS -1 side,ILIS -1 side,p82,p82,y,-451.260161438999,,mm,false
14,In-pit target,fiducial,ILIS -1 side,ILIS -1 side,p82,p82,z,570.7874183103072,,mm,false
14,In-pit target,fiducial,ILIS -1 side,ILIS -1 side,p83,p83,x,2799.11850366709,,mm,false
14,In-pit target,fiducial,ILIS -1 side,ILIS -1 side,p83,p83,y,-492.4461768687839,,mm,false
14,In-pit target,fiducial,ILIS -1 side,ILIS -1 side,p83,p83,z,540.984174500786,,mm,false
14,In-pit target,fiducial,ILIS -1 side,ILIS -1 side,p84,p84,x,3028.147704030672,,mm,false
14,In-pit target,fiducial,ILIS -1 side,ILIS -1 side,p84,p84,y,-532.7415432883786,,mm,false
14,In-pit target,fiducial,ILIS -1 side,ILIS -1 side,p84,p84,z,543.5211660121275,,mm,false
14,In-pit target,fiducial,ILIS -1 side,ILIS -1 side,p85,p85,x,3026.255778415842,,mm,false
14,In-pit target,fiducial,ILIS -1 side,ILIS -1 side,p85,p85,y,-532.3520490265236,,mm,false
14,In-pit target,fiducial,ILIS -1 side,ILIS -1 side,p85,p85,z,511.1612724448129,,mm,false
14,In-pit target,fiducial,ILIS -1 side,ILIS -1 side,p86,p86,x,2710.457439948258,,mm,false
14,In-pit target,fiducial,ILIS -1 side,ILIS -1 side,p86,p86,y,-476.7844905335348,,mm,false
14,In-pit target,fiducial,ILIS -1 side,ILIS -1 side,p86,p86,z,517.0092091956685,,mm,false
14,In-pit target,fiducial,ILIS -1 side,ILIS -1 side,p87,p87,x,2462.867888726975,,mm,false
14,In-pit target,fiducial,ILIS -1 side,ILIS -1 side,p87,p87,y,-433.1188081765741,,mm,false
14,In-pit target,fiducial,ILIS -1 side,ILIS -1 side,p87,p87,z,507.2732700861454,,mm,false
14,In-pit target,fiducial,ILIS -1 side,ILIS -1 side,p88,p88,x,2209.729563419004,,mm,false
14,In-pit target,fiducial,ILIS -1 side,ILIS -1 side,p88,p88,y,-388.482652524022,,mm,false
14,In-pit target,fiducial,ILIS -1 side,ILIS -1 side,p88,p88,z,517.6576462752818,,mm,false
14,In-pit target,fiducial,ILIS -1 side,ILIS -1 side,p89,p89,x,2222.8446763863,,mm,false
14,In-pit target,fiducial,ILIS -1 side,ILIS -1 side,p89,p89,y,-390.7271823596769,,mm,false
14,In-pit target,fiducial,ILIS -1 side,ILIS -1 side,p89,p89,z,269.5568998079001,,mm,false
14,In-pit target,fiducial,ILIS -1 side,ILIS -1 side,p90,p90,x,2450.78257866415,,mm,false
14,In-pit target,fiducial,ILIS -1 side,ILIS -1 side,p90,p90,y,-430.9228929582117,,mm,false
14,In-pit target,fiducial,ILIS -1 side,ILIS -1 side,p90,p90,z,250.3439548318538,,mm,false
14,In-pit target,fiducial,ILIS -1 side,ILIS -1 side,p91,p91,x,2757.440990248076,,mm,false
14,In-pit target,fiducial,ILIS -1 side,ILIS -1 side,p91,p91,y,-484.990224845226,,mm,false
14,In-pit target,fiducial,ILIS -1 side,ILIS -1 side,p91,p91,z,245.1265390498307,,mm,false
14,In-pit target,fiducial,ILIS -1 side,ILIS -1 side,p92,p92,x,3024.572752195521,,mm,false
14,In-pit target,fiducial,ILIS -1 side,ILIS -1 side,p92,p92,y,-532.0857168267881,,mm,false
14,In-pit target,fiducial,ILIS -1 side,ILIS -1 side,p92,p92,z,293.1913681233651,,mm,false
14,In-pit target,fiducial,ILIS -1 side,ILIS -1 side,p93,p93,x,3032.47248576746,,mm,false
14,In-pit target,fiducial,ILIS -1 side,ILIS -1 side,p93,p93,y,-533.474504431547,,mm,false
14,In-pit target,fiducial,ILIS -1 side,ILIS -1 side,p93,p93,z,-212.469081564448,,mm,false
14,In-pit target,fiducial,ILIS -1 side,ILIS -1 side,p94,p94,x,2713.173294829376,,mm,false
14,In-pit target,fiducial,ILIS -1 side,ILIS -1 side,p94,p94,y,-477.1671107343038,,mm,false
14,In-pit target,fiducial,ILIS -1 side,ILIS -1 side,p94,p94,z,-221.1709481060886,,mm,false
14,In-pit target,fiducial,ILIS -1 side,ILIS -1 side,p95,p95,x,2507.494930535448,,mm,false
14,In-pit target,fiducial,ILIS -1 side,ILIS -1 side,p95,p95,y,-440.912030866546,,mm,false
14,In-pit target,fiducial,ILIS -1 side,ILIS -1 side,p95,p95,z,-208.1292670351101,,mm,false
14,In-pit target,fiducial,ILIS -1 side,ILIS -1 side,p96,p96,x,2254.126385433998,,mm,false
14,In-pit target,fiducial,ILIS -1 side,ILIS -1 side,p96,p96,y,-396.2659323709325,,mm,false
14,In-pit target,fiducial,ILIS -1 side,ILIS -1 side,p96,p96,z,-201.4248772571664,,mm,false
14,In-pit target,fiducial,ILIS -1 side,ILIS -1 side,p97,p97,x,3024.167903728694,,mm,false
14,In-pit target,fiducial,ILIS -1 side,ILIS -1 side,p97,p97,y,-532.1484655574869,,mm,false
14,In-pit target,fiducial,ILIS -1 side,ILIS -1 side,p97,p97,z,-456.878608052402,,mm,false
14,In-pit target,fiducial,ILIS -1 side,ILIS -1 side,p98,p98,x,2745.069406941408,,mm,false
14,In-pit target,fiducial,ILIS -1 side,ILIS -1 side,p98,p98,y,-482.9017764860358,,mm,false
14,In-pit target,fiducial,ILIS -1 side,ILIS -1 side,p98,p98,z,-451.1827581090807,,mm,false
14,In-pit target,fiducial,ILIS -1 side,ILIS -1 side,p99,p99,x,2463.540372882821,,mm,false
14,In-pit target,fiducial,ILIS -1 side,ILIS -1 side,p99,p99,y,-433.2651854705421,,mm,false
14,In-pit target,fiducial,ILIS -1 side,ILIS -1 side,p99,p99,z,-454.6267694911217,,mm,false
14,In-pit target,fiducial,ILIS -1 side,ILIS -1 side,p100,p100,x,2324.050849717243,,mm,false
14,In-pit target,fiducial,ILIS -1 side,ILIS -1 side,p100,p100,y,-408.7319199087542,,mm,false
14,In-pit target,fiducial,ILIS -1 side,ILIS -1 side,p100,p100,z,-456.3388465672224,,mm,false
14,In-pit target,fiducial,ILIS -1 side,ILIS -1 side,p101,p101,x,3016.816269496761,,mm,false
14,In-pit target,fiducial,ILIS -1 side,ILIS -1 side,p101,p101,y,-530.7887659618349,,mm,false
14,In-pit target,fiducial,ILIS -1 side,ILIS -1 side,p101,p101,z,-484.7481916719945,,mm,false
14,In-pit target,fiducial,ILIS -1 side,ILIS -1 side,p102,p102,x,2780.147411460231,,mm,false
14,In-pit target,fiducial,ILIS -1 side,ILIS -1 side,p102,p102,y,-489.1131309803275,,mm,false
14,In-pit target,fiducial,ILIS -1 side,ILIS -1 side,p102,p102,z,-482.1047498677581,,mm,false
14,In-pit target,fiducial,ILIS -1 side,ILIS -1 side,p103,p103,x,2308.668720003677,,mm,false
14,In-pit target,fiducial,ILIS -1 side,ILIS -1 side,p103,p103,y,-405.922181332352,,mm,false
14,In-pit target,fiducial,ILIS -1 side,ILIS -1 side,p103,p103,z,-493.0679747165171,,mm,false
14,In-pit target,fiducial,ILIS -1 side,ILIS -1 side,p104,p104,x,2305.583262241496,,mm,false
14,In-pit target,fiducial,ILIS -1 side,ILIS -1 side,p104,p104,y,-405.3465098227106,,mm,false
14,In-pit target,fiducial,ILIS -1 side,ILIS -1 side,p104,p104,z,-751.8278005255302,,mm,false
14,In-pit target,fiducial,ILIS -1 side,ILIS -1 side,p105,p105,x,2554.311595817353,,mm,false
14,In-pit target,fiducial,ILIS -1 side,ILIS -1 side,p105,p105,y,-449.2025642004793,,mm,false
14,In-pit target,fiducial,ILIS -1 side,ILIS -1 side,p105,p105,z,-762.3819263060611,,mm,false
14,In-pit target,fiducial,ILIS -1 side,ILIS -1 side,p106,p106,x,2860.370919308081,,mm,false
14,In-pit target,fiducial,ILIS -1 side,ILIS -1 side,p106,p106,y,-503.1896230525729,,mm,false
14,In-pit target,fiducial,ILIS -1 side,ILIS -1 side,p106,p106,z,-752.3793076040087,,mm,false
14,In-pit target,fiducial,ILIS -1 side,ILIS -1 side,p107,p107,x,2496.678251017656,,mm,false
14,In-pit target,fiducial,ILIS -1 side,ILIS -1 side,p107,p107,y,-439.1065325793969,,mm,false
14,In-pit target,fiducial,ILIS -1 side,ILIS -1 side,p107,p107,z,-487.8086515455607,,mm,false
14,In-pit target,fiducial,ILIS -1 side,ILIS -1 side,p108,p108,x,3029.141115171125,,mm,false
14,In-pit target,fiducial,ILIS -1 side,ILIS -1 side,p108,p108,y,-532.9333538436649,,mm,false
14,In-pit target,fiducial,ILIS -1 side,ILIS -1 side,p108,p108,z,-737.3588925971933,,mm,false
14,In-pit target,fiducial,ILIS -1 side,ILIS -1 side,p109,p109,x,3029.564711220153,,mm,false
14,In-pit target,fiducial,ILIS -1 side,ILIS -1 side,p109,p109,y,-533.030874721056,,mm,false
14,In-pit target,fiducial,ILIS -1 side,ILIS -1 side,p109,p109,z,-1178.92891711886,,mm,false
14,In-pit target,fiducial,ILIS -1 side,ILIS -1 side,p110,p110,x,2704.323910288785,,mm,false
14,In-pit target,fiducial,ILIS -1 side,ILIS -1 side,p110,p110,y,-475.6538058887776,,mm,false
14,In-pit target,fiducial,ILIS -1 side,ILIS -1 side,p110,p110,z,-1214.980446652816,,mm,false
14,In-pit target,fiducial,ILIS -1 side,ILIS -1 side,p111,p111,x,2462.074740080334,,mm,false
14,In-pit target,fiducial,ILIS -1 side,ILIS -1 side,p111,p111,y,-432.918135030677,,mm,false
14,In-pit target,fiducial,ILIS -1 side,ILIS -1 side,p111,p111,z,-1217.97668923729,,mm,false
14,In-pit target,fiducial,ILIS -1 side,ILIS -1 side,p112,p112,x,2294.636375319288,,mm,false
14,In-pit target,fiducial,ILIS -1 side,ILIS -1 side,p112,p112,y,-403.413913167229,,mm,false
14,In-pit target,fiducial,ILIS -1 side,ILIS -1 side,p112,p112,z,-1202.277179742418,,mm,false
14,In-pit target,fiducial,ILIS -1 side,ILIS -1 side,p113,p113,x,2765.589982155546,,mm,false
14,In-pit target,fiducial,ILIS -1 side,ILIS -1 side,p113,p113,y,-486.6091417317076,,mm,false
14,In-pit target,fiducial,ILIS -1 side,ILIS -1 side,p113,p113,z,-1443.603923913104,,mm,false
14,In-pit target,fiducial,ILIS -1 side,ILIS -1 side,p114,p114,x,3024.460429694364,,mm,false
14,In-pit target,fiducial,ILIS -1 side,ILIS -1 side,p114,p114,y,-532.1448229905645,,mm,false
14,In-pit target,fiducial,ILIS -1 side,ILIS -1 side,p114,p114,z,-1418.138627461974,,mm,false
14,In-pit target,fiducial,ILIS -1 side,ILIS -1 side,p115,p115,x,2504.252754399764,,mm,false
14,In-pit target,fiducial,ILIS -1 side,ILIS -1 side,p115,p115,y,-440.4124906686197,,mm,false
14,In-pit target,fiducial,ILIS -1 side,ILIS -1 side,p115,p115,z,-1415.479084011738,,mm,false
14,In-pit target,fiducial,ILIS -1 side,ILIS -1 side,p116,p116,x,2228.921368971961,,mm,false
14,In-pit target,fiducial,ILIS -1 side,ILIS -1 side,p116,p116,y,-391.9067073731555,,mm,false
14,In-pit target,fiducial,ILIS -1 side,ILIS -1 side,p116,p116,z,-1457.803446798436,,mm,false
14,In-pit target,fiducial,ILIS -1 side,ILIS -1 side,p117,p117,x,2235.499496526281,,mm,false
14,In-pit target,fiducial,ILIS -1 side,ILIS -1 side,p117,p117,y,-393.0373878344364,,mm,false
14,In-pit target,fiducial,ILIS -1 side,ILIS -1 side,p117,p117,z,-1488.673820938922,,mm,false
14,In-pit target,fiducial,ILIS -1 side,ILIS -1 side,p118,p118,x,2536.497897328616,,mm,false
14,In-pit target,fiducial,ILIS -1 side,ILIS -1 side,p118,p118,y,-446.1945952140565,,mm,false
14,In-pit target,fiducial,ILIS -1 side,ILIS -1 side,p118,p118,z,-1494.430913784856,,mm,false
14,In-pit target,fiducial,ILIS -1 side,ILIS -1 side,p119,p119,x,2807.617309099177,,mm,false
14,In-pit target,fiducial,ILIS -1 side,ILIS -1 side,p119,p119,y,-493.9908452656939,,mm,false
14,In-pit target,fiducial,ILIS -1 side,ILIS -1 side,p119,p119,z,-1485.396311292978,,mm,false
14,In-pit target,fiducial,ILIS -1 side,ILIS -1 side,p120,p120,x,3017.236509689497,,mm,false
14,In-pit target,fiducial,ILIS -1 side,ILIS -1 side,p120,p120,y,-530.8857760032749,,mm,false
14,In-pit target,fiducial,ILIS -1 side,ILIS -1 side,p120,p120,z,-1484.198217079585,,mm,false
14,In-pit target,fiducial,ILIS -1 side,ILIS -1 side,p121,p121,x,3026.071869492955,,mm,false
14,In-pit target,fiducial,ILIS -1 side,ILIS -1 side,p121,p121,y,-532.4029842663942,,mm,false
14,In-pit target,fiducial,ILIS -1 side,ILIS -1 side,p121,p121,z,-1895.708720343146,,mm,false
14,In-pit target,fiducial,ILIS -1 side,ILIS -1 side,p122,p122,x,2714.544610558968,,mm,false
14,In-pit target,fiducial,ILIS -1 side,ILIS -1 side,p122,p122,y,-477.5052150451094,,mm,false
14,In-pit target,fiducial,ILIS -1 side,ILIS -1 side,p122,p122,z,-1871.541027536349,,mm,false
14,In-pit target,fiducial,ILIS -1 side,ILIS -1 side,p123,p123,x,2475.386146747428,,mm,false
14,In-pit target,fiducial,ILIS -1 side,ILIS -1 side,p123,p123,y,-435.2894127373311,,mm,false
14,In-pit target,fiducial,ILIS -1 side,ILIS -1 side,p123,p123,z,-1862.517446051458,,mm,false
14,In-pit target,fiducial,ILIS -1 side,ILIS -1 side,p124,p124,x,2260.277969349797,,mm,false
14,In-pit target,fiducial,ILIS -1 side,ILIS -1 side,p124,p124,y,-397.3240684590716,,mm,false
14,In-pit target,fiducial,ILIS -1 side,ILIS -1 side,p124,p124,z,-1847.025230247936,,mm,false
14,In-pit target,fiducial,ILIS -1 side,ILIS -1 side,p125,p125,x,3023.794982928663,,mm,false
14,In-pit target,fiducial,ILIS -1 side,ILIS -1 side,p125,p125,y,-532.0977365109595,,mm,false
14,In-pit target,fiducial,ILIS -1 side,ILIS -1 side,p125,p125,z,-2178.258589943861,,mm,false
14,In-pit target,fiducial,ILIS -1 side,ILIS -1 side,p126,p126,x,2706.035652749033,,mm,false
14,In-pit target,fiducial,ILIS -1 side,ILIS -1 side,p126,p126,y,-476.0404171171772,,mm,false
14,In-pit target,fiducial,ILIS -1 side,ILIS -1 side,p126,p126,z,-2189.190544306042,,mm,false
14,In-pit target,fiducial,ILIS -1 side,ILIS -1 side,p127,p127,x,2491.846142295343,,mm,false
14,In-pit target,fiducial,ILIS -1 side,ILIS -1 side,p127,p127,y,-438.215472828946,,mm,false
14,In-pit target,fiducial,ILIS -1 side,ILIS -1 side,p127,p127,z,-2195.938381085392,,mm,false
14,In-pit target,fiducial,ILIS -1 side,ILIS -1 side,p128,p128,x,2216.849098764197,,mm,false
14,In-pit target,fiducial,ILIS -1 side,ILIS -1 side,p128,p128,y,-389.7384620329834,,mm,false
14,In-pit target,fiducial,ILIS -1 side,ILIS -1 side,p128,p128,z,-2165.632763232968,,mm,false
14,In-pit target,fiducial,ILIS -1 side,ILIS -1 side,p129,p129,x,2221.352085660062,,mm,false
14,In-pit target,fiducial,ILIS -1 side,ILIS -1 side,p129,p129,y,-390.6134024874553,,mm,false
14,In-pit target,fiducial,ILIS -1 side,ILIS -1 side,p129,p129,z,-2449.833018138231,,mm,false
14,In-pit target,fiducial,ILIS -1 side,ILIS -1 side,p130,p130,x,2501.641053043021,,mm,false
14,In-pit target,fiducial,ILIS -1 side,ILIS -1 side,p130,p130,y,-440.0099847933589,,mm,false
14,In-pit target,fiducial,ILIS -1 side,ILIS -1 side,p130,p130,z,-2447.598936696029,,mm,false
14,In-pit target,fiducial,ILIS -1 side,ILIS -1 side,p131,p131,x,2750.389744795421,,mm,false
14,In-pit target,fiducial,ILIS -1 side,ILIS -1 side,p131,p131,y,-483.9659370849054,,mm,false
14,In-pit target,fiducial,ILIS -1 side,ILIS -1 side,p131,p131,z,-2452.123061983072,,mm,false
14,In-pit target,fiducial,ILIS -1 side,ILIS -1 side,p132,p132,x,3027.092724538724,,mm,false
14,In-pit target,fiducial,ILIS -1 side,ILIS -1 side,p132,p132,y,-532.6612979449262,,mm,false
14,In-pit target,fiducial,ILIS -1 side,ILIS -1 side,p132,p132,z,-2383.058777929086,,mm,false
14,In-pit target,fiducial,ILIS -1 side,ILIS -1 side,p133,p133,x,3014.997079673868,,mm,false
14,In-pit target,fiducial,ILIS -1 side,ILIS -1 side,p133,p133,y,-530.5126325613865,,mm,false
14,In-pit target,fiducial,ILIS -1 side,ILIS -1 side,p133,p133,z,-2478.31809144946,,mm,false
14,In-pit target,fiducial,ILIS -1 side,ILIS -1 side,p134,p134,x,2745.928420200925,,mm,false
14,In-pit target,fiducial,ILIS -1 side,ILIS -1 side,p134,p134,y,-483.166213908799,,mm,false
14,In-pit target,fiducial,ILIS -1 side,ILIS -1 side,p134,p134,z,-2474.59280888205,,mm,false
14,In-pit target,fiducial,ILIS -1 side,ILIS -1 side,p135,p135,x,2466.82956405608,,mm,false
14,In-pit target,fiducial,ILIS -1 side,ILIS -1 side,p135,p135,y,-433.8696273959591,,mm,false
14,In-pit target,fiducial,ILIS -1 side,ILIS -1 side,p135,p135,z,-2474.926959777551,,mm,false
14,In-pit target,fiducial,ILIS -1 side,ILIS -1 side,p136,p136,x,2291.819950212155,,mm,false
14,In-pit target,fiducial,ILIS -1 side,ILIS -1 side,p136,p136,y,-402.9255917187267,,mm,false
14,In-pit target,fiducial,ILIS -1 side,ILIS -1 side,p136,p136,z,-2480.687022121527,,mm,false
14,In-pit target,fiducial,ILIS -1 side,ILIS -1 side,p137,p137,x,2172.694999765233,,mm,false
14,In-pit target,fiducial,ILIS -1 side,ILIS -1 side,p137,p137,y,-381.9671719793591,,mm,false
14,In-pit target,fiducial,ILIS -1 side,ILIS -1 side,p137,p137,z,-2739.010256506371,,mm,false
14,In-pit target,fiducial,ILIS -1 side,ILIS -1 side,p138,p138,x,2511.064216674557,,mm,false
14,In-pit target,fiducial,ILIS -1 side,ILIS -1 side,p138,p138,y,-441.7049856740012,,mm,false
14,In-pit target,fiducial,ILIS -1 side,ILIS -1 side,p138,p138,z,-2728.519471828632,,mm,false
14,In-pit target,fiducial,ILIS -1 side,ILIS -1 side,p139,p139,x,2738.033449727614,,mm,false
14,In-pit target,fiducial,ILIS -1 side,ILIS -1 side,p139,p139,y,-481.7302959518977,,mm,false
14,In-pit target,fiducial,ILIS -1 side,ILIS -1 side,p139,p139,z,-2725.542361742474,,mm,false
14,In-pit target,fiducial,ILIS -1 side,ILIS -1 side,p140,p140,x,3029.511690499424,,mm,false
14,In-pit target,fiducial,ILIS -1 side,ILIS -1 side,p140,p140,y,-533.1073359521777,,mm,false
14,In-pit target,fiducial,ILIS -1 side,ILIS -1 side,p140,p140,z,-2734.678915654128,,mm,false
14,In-pit target,fiducial,ILIS -1 side,ILIS -1 side,p141,p141,x,3027.603709389387,,mm,false
14,In-pit target,fiducial,ILIS -1 side,ILIS -1 side,p141,p141,y,-532.7952531877967,,mm,false
14,In-pit target,fiducial,ILIS -1 side,ILIS -1 side,p141,p141,z,-3202.788807786767,,mm,false
14,In-pit target,fiducial,ILIS -1 side,ILIS -1 side,p142,p142,x,2739.08519540523,,mm,false
14,In-pit target,fiducial,ILIS -1 side,ILIS -1 side,p142,p142,y,-481.9483572591581,,mm,false
14,In-pit target,fiducial,ILIS -1 side,ILIS -1 side,p142,p142,z,-3198.012421831254,,mm,false
14,In-pit target,fiducial,ILIS -1 side,ILIS -1 side,p143,p143,x,2442.676521476225,,mm,false
14,In-pit target,fiducial,ILIS -1 side,ILIS -1 side,p143,p143,y,-429.62133041153,,mm,false
14,In-pit target,fiducial,ILIS -1 side,ILIS -1 side,p143,p143,z,-3196.495589297203,,mm,false
14,In-pit target,fiducial,ILIS -1 side,ILIS -1 side,p144,p144,x,2169.877427219924,,mm,false
14,In-pit target,fiducial,ILIS -1 side,ILIS -1 side,p144,p144,y,-381.4949525758213,,mm,false
14,In-pit target,fiducial,ILIS -1 side,ILIS -1 side,p144,p144,z,-3200.350096964343,,mm,false
14,In-pit target,fiducial,ILIS -1 side,ILIS -1 side,p145,p145,x,2171.022198227678,,mm,false
14,In-pit target,fiducial,ILIS -1 side,ILIS -1 side,p145,p145,y,-381.7893100570002,,mm,false
14,In-pit target,fiducial,ILIS -1 side,ILIS -1 side,p145,p145,z,-3454.940160896565,,mm,false
14,In-pit target,fiducial,ILIS -1 side,ILIS -1 side,p146,p146,x,2459.790826330755,,mm,false
14,In-pit target,fiducial,ILIS -1 side,ILIS -1 side,p146,p146,y,-432.7661785549191,,mm,false
14,In-pit target,fiducial,ILIS -1 side,ILIS -1 side,p146,p146,z,-3457.756559592234,,mm,false
14,In-pit target,fiducial,ILIS -1 side,ILIS -1 side,p147,p147,x,2743.379854037502,,mm,false
14,In-pit target,fiducial,ILIS -1 side,ILIS -1 side,p147,p147,y,-482.7728175482005,,mm,false
14,In-pit target,fiducial,ILIS -1 side,ILIS -1 side,p147,p147,z,-3454.27266508499,,mm,false
14,In-pit target,fiducial,ILIS -1 side,ILIS -1 side,p148,p148,x,3012.828345556872,,mm,false
14,In-pit target,fiducial,ILIS -1 side,ILIS -1 side,p148,p148,y,-530.3192916084982,,mm,false
14,In-pit target,fiducial,ILIS -1 side,ILIS -1 side,p148,p148,z,-3460.727966965584,,mm,false
14,In-pit target,fiducial,ILIS -1 side,ILIS -1 side,p149,p149,x,2183.079762350912,,mm,false
14,In-pit target,fiducial,ILIS -1 side,ILIS -1 side,p149,p149,y,-383.890273711153,,mm,false
14,In-pit target,fiducial,ILIS -1 side,ILIS -1 side,p149,p149,z,-3494.85084617179,,mm,false
14,In-pit target,fiducial,ILIS -1 side,ILIS -1 side,p150,p150,x,2395.549011543984,,mm,false
14,In-pit target,fiducial,ILIS -1 side,ILIS -1 side,p150,p150,y,-421.3852539084945,,mm,false
14,In-pit target,fiducial,ILIS -1 side,ILIS -1 side,p150,p150,z,-3492.602912157383,,mm,false
14,In-pit target,fiducial,ILIS -1 side,ILIS -1 side,p151,p151,x,2577.898247740382,,mm,false
14,In-pit target,fiducial,ILIS -1 side,ILIS -1 side,p151,p151,y,-453.5595621167856,,mm,false
14,In-pit target,fiducial,ILIS -1 side,ILIS -1 side,p151,p151,z,-3492.67326774203,,mm,false
14,In-pit target,fiducial,ILIS -1 side,ILIS -1 side,p152,p152,x,2567.846761081824,,mm,false
14,In-pit target,fiducial,ILIS -1 side,ILIS -1 side,p152,p152,y,-451.8526039510232,,mm,false
14,In-pit target,fiducial,ILIS -1 side,ILIS -1 side,p152,p152,z,-3685.462696160118,,mm,false
14,In-pit target,fiducial,ILIS -1 side,ILIS -1 side,p153,p153,x,2385.29783864719,,mm,false
14,In-pit target,fiducial,ILIS -1 side,ILIS -1 side,p153,p153,y,-419.6082022365951,,mm,false
14,In-pit target,fiducial,ILIS -1 side,ILIS -1 side,p153,p153,z,-3680.17232981814,,mm,false
14,In-pit target,fiducial,ILIS -1 side,ILIS -1 side,p154,p154,x,2187.225904850831,,mm,false
14,In-pit target,fiducial,ILIS -1 side,ILIS -1 side,p154,p154,y,-384.6443088273881,,mm,false
14,In-pit target,fiducial,ILIS -1 side,ILIS -1 side,p154,p154,z,-3726.321081695526,,mm,false
14,In-pit target,fiducial,ILIS -1 side,ILIS -1 side,p155,p155,x,2207.882307433295,,mm,false
14,In-pit target,fiducial,ILIS -1 side,ILIS -1 side,p155,p155,y,-388.3086403728216,,mm,false
14,In-pit target,fiducial,ILIS -1 side,ILIS -1 side,p155,p155,z,-3952.292254871833,,mm,false
14,In-pit target,fiducial,ILIS -1 side,ILIS -1 side,p156,p156,x,2376.371907433661,,mm,false
14,In-pit target,fiducial,ILIS -1 side,ILIS -1 side,p156,p156,y,-418.0925337803288,,mm,false
14,In-pit target,fiducial,ILIS -1 side,ILIS -1 side,p156,p156,z,-3947.221822424102,,mm,false
14,In-pit target,fiducial,ILIS -1 side,ILIS -1 side,p157,p157,x,2571.821212572706,,mm,false
14,In-pit target,fiducial,ILIS -1 side,ILIS -1 side,p157,p157,y,-452.5871162097413,,mm,false
14,In-pit target,fiducial,ILIS -1 side,ILIS -1 side,p157,p157,z,-3945.222921805016,,mm,false
14,In-pit target,fiducial,ILIS -1 side,ILIS -1 side,p158,p158,x,2626.38831654578,,mm,false
14,In-pit target,fiducial,ILIS -1 side,ILIS -1 side,p158,p158,y,-462.1106304255727,,mm,false
14,In-pit target,fiducial,ILIS -1 side,ILIS -1 side,p158,p158,z,-3488.146021556302,,mm,false
14,In-pit target,fiducial,ILIS -1 side,ILIS -1 side,p159,p159,x,2827.307358750455,,mm,false
14,In-pit target,fiducial,ILIS -1 side,ILIS -1 side,p159,p159,y,-497.5354106012978,,mm,false
14,In-pit target,fiducial,ILIS -1 side,ILIS -1 side,p159,p159,z,-3490.17743216411,,mm,false
14,In-pit target,fiducial,ILIS -1 side,ILIS -1 side,p160,p160,x,3019.136388304647,,mm,false
14,In-pit target,fiducial,ILIS -1 side,ILIS -1 side,p160,p160,y,-531.369990353958,,mm,false
14,In-pit target,fiducial,ILIS -1 side,ILIS -1 side,p160,p160,z,-3493.048326320618,,mm,false
14,In-pit target,fiducial,ILIS -1 side,ILIS -1 side,p161,p161,x,2883.022436593902,,mm,false
14,In-pit target,fiducial,ILIS -1 side,ILIS -1 side,p161,p161,y,-507.4409051681078,,mm,false
14,In-pit target,fiducial,ILIS -1 side,ILIS -1 side,p161,p161,z,-3735.840595414699,,mm,false
14,In-pit target,fiducial,ILIS -1 side,ILIS -1 side,p162,p162,x,3023.002265319145,,mm,false
14,In-pit target,fiducial,ILIS -1 side,ILIS -1 side,p162,p162,y,-532.0740947124083,,mm,false
14,In-pit target,fiducial,ILIS -1 side,ILIS -1 side,p162,p162,z,-3728.978545944898,,mm,false
14,In-pit target,fiducial,ILIS -1 side,ILIS -1 side,p163,p163,x,2619.314881211054,,mm,false
14,In-pit target,fiducial,ILIS -1 side,ILIS -1 side,p163,p163,y,-460.914293539738,,mm,false
14,In-pit target,fiducial,ILIS -1 side,ILIS -1 side,p163,p163,z,-3713.325619412371,,mm,false
14,In-pit target,fiducial,ILIS -1 side,ILIS -1 side,p164,p164,x,2633.470821423069,,mm,false
14,In-pit target,fiducial,ILIS -1 side,ILIS -1 side,p164,p164,y,-463.4986103380165,,mm,false
14,In-pit target,fiducial,ILIS -1 side,ILIS -1 side,p164,p164,z,-3947.45642230554,,mm,false
14,In-pit target,fiducial,ILIS -1 side,ILIS -1 side,p165,p165,x,2832.161265261052,,mm,false
14,In-pit target,fiducial,ILIS -1 side,ILIS -1 side,p165,p165,y,-498.5629415523865,,mm,false
14,In-pit target,fiducial,ILIS -1 side,ILIS -1 side,p165,p165,z,-3926.187705749184,,mm,false
14,In-pit target,fiducial,ILIS -1 side,ILIS -1 side,p166,p166,x,2953.230125490336,,mm,false
14,In-pit target,fiducial,ILIS -1 side,ILIS -1 side,p166,p166,y,-519.8259825853792,,mm,false
14,In-pit target,fiducial,ILIS -1 side,ILIS -1 side,p166,p166,z,-3936.854582930966,,mm,false
14,In-pit target,fiducial,ILIS -1 side,ILIS -1 side,p167,p167,x,2568.988259362451,,mm,false
14,In-pit target,fiducial,ILIS -1 side,ILIS -1 side,p167,p167,y,-452.0878927934864,,mm,false
14,In-pit target,fiducial,ILIS -1 side,ILIS -1 side,p167,p167,z,-3994.812761007106,,mm,false
14,In-pit target,fiducial,ILIS -1 side,ILIS -1 side,p168,p168,x,2202.329810771299,,mm,false
14,In-pit target,fiducial,ILIS -1 side,ILIS -1 side,p168,p168,y,-387.3392259989247,,mm,false
14,In-pit target,fiducial,ILIS -1 side,ILIS -1 side,p168,p168,z,-3994.43193945288,,mm,false
14,In-pit target,fiducial,ILIS -1 side,ILIS -1 side,p169,p169,x,2381.589370404585,,mm,false
14,In-pit target,fiducial,ILIS -1 side,ILIS -1 side,p169,p169,y,-418.9833727781382,,mm,false
14,In-pit target,fiducial,ILIS -1 side,ILIS -1 side,p169,p169,z,-3989.302119310258,,mm,false
14,In-pit target,fiducial,ILIS -1 side,ILIS -1 side,p170,p170,x,2567.510597225569,,mm,false
14,In-pit target,fiducial,ILIS -1 side,ILIS -1 side,p170,p170,y,-451.8600391847879,,mm,false
14,In-pit target,fiducial,ILIS -1 side,ILIS -1 side,p170,p170,z,-4123.052676779623,,mm,false
14,In-pit target,fiducial,ILIS -1 side,ILIS -1 side,p171,p171,x,2384.831453078006,,mm,false
14,In-pit target,fiducial,ILIS -1 side,ILIS -1 side,p171,p171,y,-419.5856976696812,,mm,false
14,In-pit target,fiducial,ILIS -1 side,ILIS -1 side,p171,p171,z,-4121.48230316799,,mm,false
14,In-pit target,fiducial,ILIS -1 side,ILIS -1 side,p172,p172,x,2197.700260394836,,mm,false
14,In-pit target,fiducial,ILIS -1 side,ILIS -1 side,p172,p172,y,-386.5318390121672,,mm,false
14,In-pit target,fiducial,ILIS -1 side,ILIS -1 side,p172,p172,z,-4154.48167668967,,mm,false
14,In-pit target,fiducial,ILIS -1 side,ILIS -1 side,p173,p173,x,2297.952778425587,,mm,false
14,In-pit target,fiducial,ILIS -1 side,ILIS -1 side,p173,p173,y,-404.239061363686,,mm,false
14,In-pit target,fiducial,ILIS -1 side,ILIS -1 side,p173,p173,z,-4439.87737025404,,mm,false
14,In-pit target,fiducial,ILIS -1 side,ILIS -1 side,p174,p174,x,2580.071352751054,,mm,false
14,In-pit target,fiducial,ILIS -1 side,ILIS -1 side,p174,p174,y,-454.0757957465225,,mm,false
14,In-pit target,fiducial,ILIS -1 side,ILIS -1 side,p174,p174,z,-4444.043390731737,,mm,false
14,In-pit target,fiducial,ILIS -1 side,ILIS -1 side,p175,p175,x,2421.981677107802,,mm,false
14,In-pit target,fiducial,ILIS -1 side,ILIS -1 side,p175,p175,y,-426.1521570058837,,mm,false
14,In-pit target,fiducial,ILIS -1 side,ILIS -1 side,p175,p175,z,-4449.644413360988,,mm,false
14,In-pit target,fiducial,ILIS -1 side,ILIS -1 side,p176,p176,x,2622.668277602081,,mm,false
14,In-pit target,fiducial,ILIS -1 side,ILIS -1 side,p176,p176,y,-461.5390920263285,,mm,false
14,In-pit target,fiducial,ILIS -1 side,ILIS -1 side,p176,p176,z,-3990.775809824085,,mm,false
14,In-pit target,fiducial,ILIS -1 side,ILIS -1 side,p177,p177,x,2793.297908682451,,mm,false
14,In-pit target,fiducial,ILIS -1 side,ILIS -1 side,p177,p177,y,-491.7030245861843,,mm,false
14,In-pit target,fiducial,ILIS -1 side,ILIS -1 side,p177,p177,z,-3985.035498865506,,mm,false
14,In-pit target,fiducial,ILIS -1 side,ILIS -1 side,p178,p178,x,3016.106560686929,,mm,false
14,In-pit target,fiducial,ILIS -1 side,ILIS -1 side,p178,p178,y,-530.8884075340658,,mm,false
14,In-pit target,fiducial,ILIS -1 side,ILIS -1 side,p178,p178,z,-3992.108154319821,,mm,false
14,In-pit target,fiducial,ILIS -1 side,ILIS -1 side,p179,p179,x,3023.645365133747,,mm,false
14,In-pit target,fiducial,ILIS -1 side,ILIS -1 side,p179,p179,y,-532.2717612728305,,mm,false
14,In-pit target,fiducial,ILIS -1 side,ILIS -1 side,p179,p179,z,-4178.808581903548,,mm,false
14,In-pit target,fiducial,ILIS -1 side,ILIS -1 side,p180,p180,x,2808.05706947684,,mm,false
14,In-pit target,fiducial,ILIS -1 side,ILIS -1 side,p180,p180,y,-494.3264391625883,,mm,false
14,In-pit target,fiducial,ILIS -1 side,ILIS -1 side,p180,p180,z,-4165.286337056637,,mm,false
14,In-pit target,fiducial,ILIS -1 side,ILIS -1 side,p181,p181,x,2671.035732497482,,mm,false
14,In-pit target,fiducial,ILIS -1 side,ILIS -1 side,p181,p181,y,-470.2137450764131,,mm,false
14,In-pit target,fiducial,ILIS -1 side,ILIS -1 side,p181,p181,z,-4197.168554612757,,mm,false
14,In-pit target,fiducial,ILIS -1 side,ILIS -1 side,p182,p182,x,2658.311303722714,,mm,false
14,In-pit target,fiducial,ILIS -1 side,ILIS -1 side,p182,p182,y,-467.9175647225085,,mm,false
14,In-pit target,fiducial,ILIS -1 side,ILIS -1 side,p182,p182,z,-4439.397833330541,,mm,false
14,In-pit target,fiducial,ILIS -1 side,ILIS -1 side,p183,p183,x,2791.670436642594,,mm,false
14,In-pit target,fiducial,ILIS -1 side,ILIS -1 side,p183,p183,y,-491.430803356796,,mm,false
14,In-pit target,fiducial,ILIS -1 side,ILIS -1 side,p183,p183,z,-4444.61540707556,,mm,false
14,In-pit target,fiducial,ILIS -1 side,ILIS -1 side,p184,p184,x,2960.030374793289,,mm,false
14,In-pit target,fiducial,ILIS -1 side,ILIS -1 side,p184,p184,y,-521.1245981083881,,mm,false
14,In-pit target,fiducial,ILIS -1 side,ILIS -1 side,p184,p184,z,-4433.924968396788,,mm,false
15,In-pit target,transform,,,,,dx,-0.5274756730581271,,mm,false
15,In-pit target,transform,,,,,dy,0.07344627089247571,,mm,false
15,In-pit target,transform,,,,,dz,0.5431594416367723,,mm,false
15,In-pit target,transform,,,,,rx,-0.0003648081698546787,,deg,false
15,In-pit target,transform,,,,,ry,0.003542933992700462,,deg,false
15,In-pit target,transform,,,,,rz,-0.001353315572714924,,deg,false
15,In-pit target,fiducial,CCL,CCL,A,A,x,2713.888888460341,0.8095684009354362,mm,false
15,In-pit target,fiducial,CCL,CCL,A,A,y,0.04560719795231837,0.8095684009354362,mm,false
15,In-pit target,fiducial,CCL,CCL,A,A,z,-3697.089519259388,0.8095684009354362,mm,false
15,In-pit target,fiducial,CCL,CCL,B,B,x,2712.988956250096,0.8643936576202723,mm,false
15,In-pit target,fiducial,CCL,CCL,B,B,y,-0.1840638924873629,0.8643936576202723,mm,false
15,In-pit target,fiducial,CCL,CCL,B,B,z,3699.140025412835,0.8643936576202723,mm,false
15,In-pit target,fiducial,CCL,CCL,C,C,x,5332.198717229085,1.01235755459297,mm,false
15,In-pit target,fiducial,CCL,CCL,C,C,y,-2.706711847784889,1.01235755459297,mm,false
15,In-pit target,fiducial,CCL,CCL,C,C,z,6295.822930873979,1.01235755459297,mm,false
15,In-pit target,fiducial,CCL,CCL,D,D,x,8978.591354359161,0.9869124107311745,mm,false
15,In-pit target,fiducial,CCL,CCL,D,D,y,-1.46735852251695,0.9869124107311745,mm,false
15,In-pit target,fiducial,CCL,CCL,D,D,z,4435.73015253693,0.9869124107311745,mm,false
15,In-pit target,fiducial,CCL,CCL,E,E,x,9584.648847832435,1.008158139976626,mm,false
15,In-pit target,fiducial,CCL,CCL,E,E,y,2.028976167242446,1.008158139976626,mm,false
15,In-pit target,fiducial,CCL,CCL,E,E,z,-3695.157889238944,1.008158139976626,mm,false
15,In-pit target,fiducial,CCL,CCL,F,F',x,3398.206298993945,0.9492425937707872,mm,false
15,In-pit target,fiducial,CCL,CCL,F,F',y,0.301334788997876,0.9492425937707872,mm,false
15,In-pit target,fiducial,CCL,CCL,F,F',z,-5596.59819251288,0.9492425937707872,mm,false
15,In-pit target,fiducial,CCL,CCL,G,G,x,10730.36682674638,1.046403564453479,mm,false
15,In-pit target,fiducial,CCL,CCL,G,G,y,-0.553567333436162,1.046403564453479,mm,false
15,In-pit target,fiducial,CCL,CCL,G,G,z,-0.5403041005358129,1.046403564453479,mm,false
15,In-pit target,fiducial,CCL,CCL,H,H,x,2713.724465270388,0.9470043761192153,mm,false
15,In-pit target,fiducial,CCL,CCL,H,H,y,0.1020095013386226,0.9470043761192153,mm,false
15,In-pit target,fiducial,CCL,CCL,H,H,z,0.08349544628769673,0.9470043761192153,mm,false
15,In-pit target,fiducial,Fiducial,Fiducial,TF15_G1-BU,TF15_G1-BU,x,11231.97332357841,,mm,false
15,In-pit target,fiducial,Fiducial,Fiducial,TF15_G1-BU,TF15_G1-BU,y,0.5486251922607082,,mm,false
15,In-pit target,fiducial,Fiducial,Fiducial,TF15_G1-BU,TF15_G1-BU,z,-0.09324374388079532,,mm,false
15,In-pit target,fiducial,Fiducial,Fiducial,TF15_A2-AU,TF15_A2-AU,x,2707.246170319495,,mm,false
15,In-pit target,fiducial,Fiducial,Fiducial,TF15_A2-AU,TF15_A2-AU,y,519.2565027265146,,mm,false
15,In-pit target,fiducial,Fiducial,Fiducial,TF15_A2-AU,TF15_A2-AU,z,-3699.742382902101,,mm,false
15,In-pit target,fiducial,Fiducial,Fiducial,TF15_H2-AU,TF15_H2-AU,x,2708.615558089456,,mm,false
15,In-pit target,fiducial,Fiducial,Fiducial,TF15_H2-AU,TF15_H2-AU,y,519.2899482647001,,mm,false
15,In-pit target,fiducial,Fiducial,Fiducial,TF15_H2-AU,TF15_H2-AU,z,-0.08246050943141796,,mm,false
15,In-pit target,fiducial,Fiducial,Fiducial,TF15_P1-OIS,TF15_P1-OIS,x,5989.137746728015,,mm,false
15,In-pit target,fiducial,Fiducial,Fiducial,TF15_P1-OIS,TF15_P1-OIS,y,1095.003032884931,,mm,false
15,In-pit target,fiducial,Fiducial,Fiducial,TF15_P1-OIS,TF15_P1-OIS,z,6589.736724934669,,mm,false
15,In-pit target,fiducial,Fiducial,Fiducial,TF15_P2-OIS,TF15_P2-OIS,x,7537.919692552532,,mm,false
15,In-pit target,fiducial,Fiducial,Fiducial,TF15_P2-OIS,TF15_P2-OIS,y,1367.867495088386,,mm,false
15,In-pit target,fiducial,Fiducial,Fiducial,TF15_P2-OIS,TF15_P2-OIS,z,6355.831915761268,,mm,false
15,In-pit target,fiducial,Fiducial,Fiducial,TF15_P14-IOIS,TF15_P14-IOIS,x,10095.9934776716,,mm,false
15,In-pit target,fiducial,Fiducial,Fiducial,TF15_P14-IOIS,TF15_P14-IOIS,y,1813.624845809322,,mm,false
15,In-pit target,fiducial,Fiducial,Fiducial,TF15_P14-IOIS,TF15_P14-IOIS,z,2376.145293530211,,mm,false
15,In-pit target,fiducial,Fiducial,Fiducial,TF15_P13-IOIS,TF15_P13-IOIS,x,9294.48315860086,,mm,false
15,In-pit target,fiducial,Fiducial,Fiducial,TF15_P13-IOIS,TF15_P13-IOIS,y,1672.387077677354,,mm,false
15,In-pit target,fiducial,Fiducial,Fiducial,TF15_P13-IOIS,TF15_P13-IOIS,z,3876.394360777452,,mm,false
15,In-pit target,fiducial,Fiducial,Fiducial,TF15_P3-OIS,TF15_P3-OIS,x,5989.65849810411,,mm,false
15,In-pit target,fiducial,Fiducial,Fiducial,TF15_P3-OIS,TF15_P3-OIS,y,1092.705123373149,,mm,false
15,In-pit target,fiducial,Fiducial,Fiducial,TF15_P3-OIS,TF15_P3-OIS,z,6118.876681471773,,mm,false
15,In-pit target,fiducial,Fiducial,Fiducial,TF15_P15-IOIS,TF15_P15-IOIS,x,10478.06046368902,,mm,false
15,In-pit target,fiducial,Fiducial,Fiducial,TF15_P15-IOIS,TF15_P15-IOIS,y,1881.261999567437,,mm,false
15,In-pit target,fiducial,Fiducial,Fiducial,TF15_P15-IOIS,TF15_P15-IOIS,z,-1246.508100258253,,mm,false
15,In-pit target,fiducial,Fiducial,Fiducial,TF15_B2-AU,TF15_B2-AU,x,2706.675061958197,,mm,false
15,In-pit target,fiducial,Fiducial,Fiducial,TF15_B2-AU,TF15_B2-AU,y,519.3034635861178,,mm,false
15,In-pit target,fiducial,Fiducial,Fiducial,TF15_B2-AU,TF15_B2-AU,z,3701.457667017502,,mm,false
15,In-pit target,fiducial,Fiducial,Fiducial,TF15_P6-OIS,TF15_P6-OIS,x,5987.7203390853,,mm,false
15,In-pit target,fiducial,Fiducial,Fiducial,TF15_P6-OIS,TF15_P6-OIS,y,1093.451939362069,,mm,false
15,In-pit target,fiducial,Fiducial,Fiducial,TF15_P6-OIS,TF15_P6-OIS,z,-6593.203219583189,,mm,false
15,In-pit target,fiducial,Fiducial,Fiducial,TF15_P16-IOIS,TF15_P16-IOIS,x,9863.759409845536,,mm,false
15,In-pit target,fiducial,Fiducial,Fiducial,TF15_P16-IOIS,TF15_P16-IOIS,y,1772.734323589688,,mm,false
15,In-pit target,fiducial,Fiducial,Fiducial,TF15_P16-IOIS,TF15_P16-IOIS,z,-2996.270500526832,,mm,false
15,In-pit target,fiducial,Fiducial,Fiducial,TF15_B1-AU,TF15_B1-AU,x,2143.552737467122,,mm,false
15,In-pit target,fiducial,Fiducial,Fiducial,TF15_B1-AU,TF15_B1-AU,y,-0.0732315236989056,,mm,false
15,In-pit target,fiducial,Fiducial,Fiducial,TF15_B1-AU,TF15_B1-AU,z,3700.560261549862,,mm,false
15,In-pit target,fiducial,Fiducial,Fiducial,TF15_H1-AU,TF15_H1-AU,x,2144.903330440981,,mm,false
15,In-pit target,fiducial,Fiducial,Fiducial,TF15_H1-AU,TF15_H1-AU,y,-0.1867400570626712,,mm,false
15,In-pit target,fiducial,Fiducial,Fiducial,TF15_H1-AU,TF15_H1-AU,z,0.620170154538741,,mm,false
15,In-pit target,fiducial,Fiducial,Fiducial,TF15_A1-AU,TF15_A1-AU,x,2144.503945326267,,mm,false
15,In-pit target,fiducial,Fiducial,Fiducial,TF15_A1-AU,TF15_A1-AU,y,0.2597921187619051,,mm,false
15,In-pit target,fiducial,Fiducial,Fiducial,TF15_A1-AU,TF15_A1-AU,z,-3699.179810236367,,mm,false
15,In-pit target,fiducial,ILIS +1 side,ILIS +1 side,P1,P1,x,2976.645617316752,,mm,false
15,In-pit target,fiducial,ILIS +1 side,ILIS +1 side,P1,P1,y,523.8214600242738,,mm,false
15,In-pit target,fiducial,ILIS +1 side,ILIS +1 side,P1,P1,z,482.9909422481464,,mm,false
15,In-pit target,fiducial,ILIS +1 side,ILIS +1 side,P2,P2,x,2661.87452997406,,mm,false
15,In-pit target,fiducial,ILIS +1 side,ILIS +1 side,P2,P2,y,468.2888787400965,,mm,false
15,In-pit target,fiducial,ILIS +1 side,ILIS +1 side,P2,P2,z,486.6202106339088,,mm,false
15,In-pit target,fiducial,ILIS +1 side,ILIS +1 side,P3,P3,x,2434.673757236808,,mm,false
15,In-pit target,fiducial,ILIS +1 side,ILIS +1 side,P3,P3,y,428.2342327225452,,mm,false
15,In-pit target,fiducial,ILIS +1 side,ILIS +1 side,P3,P3,z,489.4241186217532,,mm,false
15,In-pit target,fiducial,ILIS +1 side,ILIS +1 side,P4,P4,x,2207.462605164957,,mm,false
15,In-pit target,fiducial,ILIS +1 side,ILIS +1 side,P4,P4,y,388.0796141024778,,mm,false
15,In-pit target,fiducial,ILIS +1 side,ILIS +1 side,P4,P4,z,486.148026794782,,mm,false
15,In-pit target,fiducial,ILIS +1 side,ILIS +1 side,P5,P5,x,3010.187658500631,,mm,false
15,In-pit target,fiducial,ILIS +1 side,ILIS +1 side,P5,P5,y,529.6805307103078,,mm,false
15,In-pit target,fiducial,ILIS +1 side,ILIS +1 side,P5,P5,z,513.6788888056303,,mm,false
15,In-pit target,fiducial,ILIS +1 side,ILIS +1 side,P6,P6,x,2727.036928192495,,mm,false
15,In-pit target,fiducial,ILIS +1 side,ILIS +1 side,P6,P6,y,479.7371863478543,,mm,false
15,In-pit target,fiducial,ILIS +1 side,ILIS +1 side,P6,P6,z,520.9362216395642,,mm,false
15,In-pit target,fiducial,ILIS +1 side,ILIS +1 side,P7,P7,x,2426.775515160143,,mm,false
15,In-pit target,fiducial,ILIS +1 side,ILIS +1 side,P7,P7,y,426.744290125296,,mm,false
15,In-pit target,fiducial,ILIS +1 side,ILIS +1 side,P7,P7,z,518.3446017289788,,mm,false
15,In-pit target,fiducial,ILIS +1 side,ILIS +1 side,P8,P8,x,2213.184485882234,,mm,false
15,In-pit target,fiducial,ILIS +1 side,ILIS +1 side,P8,P8,y,389.0593451558686,,mm,false
15,In-pit target,fiducial,ILIS +1 side,ILIS +1 side,P8,P8,z,516.1076764609624,,mm,false
15,In-pit target,fiducial,ILIS +1 side,ILIS +1 side,P9,P9,x,3014.161519104435,,mm,false
15,In-pit target,fiducial,ILIS +1 side,ILIS +1 side,P9,P9,y,530.4287195068094,,mm,false
15,In-pit target,fiducial,ILIS +1 side,ILIS +1 side,P9,P9,z,898.2286465034168,,mm,false
15,In-pit target,fiducial,ILIS +1 side,ILIS +1 side,P10,P10,x,2706.957371027885,,mm,false
15,In-pit target,fiducial,ILIS +1 side,ILIS +1 side,P10,P10,y,476.196182160005,,mm,false
15,In-pit target,fiducial,ILIS +1 side,ILIS +1 side,P10,P10,z,851.9974514346203,,mm,false
15,In-pit target,fiducial,ILIS +1 side,ILIS +1 side,P11,P11,x,2439.116334071869,,mm,false
15,In-pit target,fiducial,ILIS +1 side,ILIS +1 side,P11,P11,y,428.9425028464022,,mm,false
15,In-pit target,fiducial,ILIS +1 side,ILIS +1 side,P11,P11,z,853.2838470398572,,mm,false
15,In-pit target,fiducial,ILIS +1 side,ILIS +1 side,P12,P12,x,2182.396118648988,,mm,false
15,In-pit target,fiducial,ILIS +1 side,ILIS +1 side,P12,P12,y,383.658505037867,,mm,false
15,In-pit target,fiducial,ILIS +1 side,ILIS +1 side,P12,P12,z,867.0695619544309,,mm,false
15,In-pit target,fiducial,ILIS +1 side,ILIS +1 side,P13,P13,x,2178.208021717216,,mm,false
15,In-pit target,fiducial,ILIS +1 side,ILIS +1 side,P13,P13,y,382.9570251489497,,mm,false
15,In-pit target,fiducial,ILIS +1 side,ILIS +1 side,P13,P13,z,1220.599819174454,,mm,false
15,In-pit target,fiducial,ILIS +1 side,ILIS +1 side,P14,P14,x,2484.157939749242,,mm,false
15,In-pit target,fiducial,ILIS +1 side,ILIS +1 side,P14,P14,y,436.8898962892933,,mm,false
15,In-pit target,fiducial,ILIS +1 side,ILIS +1 side,P14,P14,z,1198.721090537816,,mm,false
15,In-pit target,fiducial,ILIS +1 side,ILIS +1 side,P15,P15,x,2803.788810103789,,mm,false
15,In-pit target,fiducial,ILIS +1 side,ILIS +1 side,P15,P15,y,493.3423799797829,,mm,false
15,In-pit target,fiducial,ILIS +1 side,ILIS +1 side,P15,P15,z,1191.241524937481,,mm,false
15,In-pit target,fiducial,ILIS +1 side,ILIS +1 side,P16,P16,x,3023.310251357975,,mm,false
15,In-pit target,fiducial,ILIS +1 side,ILIS +1 side,P16,P16,y,532.0371569177114,,mm,false
15,In-pit target,fiducial,ILIS +1 side,ILIS +1 side,P16,P16,z,1199.738087030987,,mm,false
15,In-pit target,fiducial,ILIS +1 side,ILIS +1 side,P17,P17,x,2986.598125955554,,mm,false
15,In-pit target,fiducial,ILIS +1 side,ILIS +1 side,P17,P17,y,525.5767256065019,,mm,false
15,In-pit target,fiducial,ILIS +1 side,ILIS +1 side,P17,P17,z,1490.490334959889,,mm,false
15,In-pit target,fiducial,ILIS +1 side,ILIS +1 side,P18,P18,x,2733.006677422803,,mm,false
15,In-pit target,fiducial,ILIS +1 side,ILIS +1 side,P18,P18,y,480.8227436159136,,mm,false
15,In-pit target,fiducial,ILIS +1 side,ILIS +1 side,P18,P18,z,1484.185858213358,,mm,false
15,In-pit target,fiducial,ILIS +1 side,ILIS +1 side,P19,P19,x,2432.885785768548,,mm,false
15,In-pit target,fiducial,ILIS +1 side,ILIS +1 side,P19,P19,y,427.879806605812,,mm,false
15,In-pit target,fiducial,ILIS +1 side,ILIS +1 side,P19,P19,z,1489.984229829549,,mm,false
15,In-pit target,fiducial,ILIS +1 side,ILIS +1 side,P20,P20,x,2216.874458944917,,mm,false
15,In-pit target,fiducial,ILIS +1 side,ILIS +1 side,P20,P20,y,389.724939435589,,mm,false
15,In-pit target,fiducial,ILIS +1 side,ILIS +1 side,P20,P20,z,1483.127452516784,,mm,false
15,In-pit target,fiducial,ILIS +1 side,ILIS +1 side,P21,P21,x,3010.314150646157,,mm,false
15,In-pit target,fiducial,ILIS +1 side,ILIS +1 side,P21,P21,y,529.77573863715,,mm,false
15,In-pit target,fiducial,ILIS +1 side,ILIS +1 side,P21,P21,z,1586.058883460131,,mm,false
15,In-pit target,fiducial,ILIS +1 side,ILIS +1 side,P22,P22,x,2770.463392226059,,mm,false
15,In-pit target,fiducial,ILIS +1 side,ILIS +1 side,P22,P22,y,487.4913865869136,,mm,false
15,In-pit target,fiducial,ILIS +1 side,ILIS +1 side,P22,P22,z,1589.943565814614,,mm,false
15,In-pit target,fiducial,ILIS +1 side,ILIS +1 side,P23,P23,x,2510.95192610923,,mm,false
15,In-pit target,fiducial,ILIS +1 side,ILIS +1 side,P23,P23,y,441.6775438901904,,mm,false
15,In-pit target,fiducial,ILIS +1 side,ILIS +1 side,P23,P23,z,1583.759451386953,,mm,false
15,In-pit target,fiducial,ILIS +1 side,ILIS +1 side,P24,P24,x,2273.129113083694,,mm,false
15,In-pit target,fiducial,ILIS +1 side,ILIS +1 side,P24,P24,y,399.7932926083132,,mm,false
15,In-pit target,fiducial,ILIS +1 side,ILIS +1 side,P24,P24,z,1554.354009727672,,mm,false
15,In-pit target,fiducial,ILIS +1 side,ILIS +1 side,P25,P25,x,3013.578736243185,,mm,false
15,In-pit target,fiducial,ILIS +1 side,ILIS +1 side,P25,P25,y,530.414612054088,,mm,false
15,In-pit target,fiducial,ILIS +1 side,ILIS +1 side,P25,P25,z,1821.058684357147,,mm,false
15,In-pit target,fiducial,ILIS +1 side,ILIS +1 side,P26,P26,x,2498.206418147004,,mm,false
15,In-pit target,fiducial,ILIS +1 side,ILIS +1 side,P26,P26,y,439.456797338359,,mm,false
15,In-pit target,fiducial,ILIS +1 side,ILIS +1 side,P26,P26,z,1818.340232167343,,mm,false
15,In-pit target,fiducial,ILIS +1 side,ILIS +1 side,P27,P27,x,2276.214501637454,,mm,false
15,In-pit target,fiducial,ILIS +1 side,ILIS +1 side,P27,P27,y,400.3021122018109,,mm,false
15,In-pit target,fiducial,ILIS +1 side,ILIS +1 side,P27,P27,z,1802.353821179401,,mm,false
15,In-pit target,fiducial,ILIS +1 side,ILIS +1 side,P28,P28,x,3011.05693211524,,mm,false
15,In-pit target,fiducial,ILIS +1 side,ILIS +1 side,P28,P28,y,529.8933601332245,,mm,false
15,In-pit target,fiducial,ILIS +1 side,ILIS +1 side,P28,P28,z,2114.728838953039,,mm,false
15,In-pit target,fiducial,ILIS +1 side,ILIS +1 side,P29,P29,x,2767.222173831808,,mm,false
15,In-pit target,fiducial,ILIS +1 side,ILIS +1 side,P29,P29,y,486.8693890257315,,mm,false
15,In-pit target,fiducial,ILIS +1 side,ILIS +1 side,P29,P29,z,2054.383764895567,,mm,false
15,In-pit target,fiducial,ILIS +1 side,ILIS +1 side,P30,P30,x,2524.899735160821,,mm,false
15,In-pit target,fiducial,ILIS +1 side,ILIS +1 side,P30,P30,y,444.1652156660801,,mm,false
15,In-pit target,fiducial,ILIS +1 side,ILIS +1 side,P30,P30,z,2031.328598571828,,mm,false
15,In-pit target,fiducial,ILIS +1 side,ILIS +1 side,P31,P31,x,2335.471296838658,,mm,false
15,In-pit target,fiducial,ILIS +1 side,ILIS +1 side,P31,P31,y,410.729520587424,,mm,false
15,In-pit target,fiducial,ILIS +1 side,ILIS +1 side,P31,P31,z,2069.260194233404,,mm,false
15,In-pit target,fiducial,ILIS +1 side,ILIS +1 side,P32,P32,x,2736.726612811772,,mm,false
15,In-pit target,fiducial,ILIS +1 side,ILIS +1 side,P32,P32,y,481.4683398674309,,mm,false
15,In-pit target,fiducial,ILIS +1 side,ILIS +1 side,P32,P32,z,2450.605632320956,,mm,false
15,In-pit target,fiducial,ILIS +1 side,ILIS +1 side,P33,P33,x,2498.075925041911,,mm,false
15,In-pit target,fiducial,ILIS +1 side,ILIS +1 side,P33,P33,y,439.3139546039417,,mm,false
15,In-pit target,fiducial,ILIS +1 side,ILIS +1 side,P33,P33,z,2455.580240851279,,mm,false
15,In-pit target,fiducial,ILIS +1 side,ILIS +1 side,P34,P34,x,2270.403508217355,,mm,false
15,In-pit target,fiducial,ILIS +1 side,ILIS +1 side,P34,P34,y,399.1894380268423,,mm,false
15,In-pit target,fiducial,ILIS +1 side,ILIS +1 side,P34,P34,z,2431.89417771872,,mm,false
15,In-pit target,fiducial,ILIS +1 side,ILIS +1 side,P35,P35,x,2979.095076884047,,mm,false
15,In-pit target,fiducial,ILIS +1 side,ILIS +1 side,P35,P35,y,524.2927986241127,,mm,false
15,In-pit target,fiducial,ILIS +1 side,ILIS +1 side,P35,P35,z,2409.510796204434,,mm,false
15,In-pit target,fiducial,ILIS +1 side,ILIS +1 side,P36,P36,x,2738.373505984609,,mm,false
15,In-pit target,fiducial,ILIS +1 side,ILIS +1 side,P36,P36,y,481.7914063844331,,mm,false
15,In-pit target,fiducial,ILIS +1 side,ILIS +1 side,P36,P36,z,1755.235530309874,,mm,false
15,In-pit target,fiducial,ILIS +1 side,ILIS +1 side,P37,P37,x,2968.433768918603,,mm,false
15,In-pit target,fiducial,ILIS +1 side,ILIS +1 side,P37,P37,y,522.4524212490934,,mm,false
15,In-pit target,fiducial,ILIS +1 side,ILIS +1 side,P37,P37,z,2550.40144927831,,mm,false
15,In-pit target,fiducial,ILIS +1 side,ILIS +1 side,P38,P38,x,2696.123025714377,,mm,false
15,In-pit target,fiducial,ILIS +1 side,ILIS +1 side,P38,P38,y,474.3788249566257,,mm,false
15,In-pit target,fiducial,ILIS +1 side,ILIS +1 side,P38,P38,z,2556.738118361536,,mm,false
15,In-pit target,fiducial,ILIS +1 side,ILIS +1 side,P39,P39,x,2301.867366469553,,mm,false
15,In-pit target,fiducial,ILIS +1 side,ILIS +1 side,P39,P39,y,404.8677063407712,,mm,false
15,In-pit target,fiducial,ILIS +1 side,ILIS +1 side,P39,P39,z,2653.24225268853,,mm,false
15,In-pit target,fiducial,ILIS +1 side,ILIS +1 side,P40,P40,x,2531.135174883242,,mm,false
15,In-pit target,fiducial,ILIS +1 side,ILIS +1 side,P40,P40,y,445.3425177620203,,mm,false
15,In-pit target,fiducial,ILIS +1 side,ILIS +1 side,P40,P40,z,2602.468218324514,,mm,false
15,In-pit target,fiducial,ILIS +1 side,ILIS +1 side,P41,P41,x,3002.054152264355,,mm,false
15,In-pit target,fiducial,ILIS +1 side,ILIS +1 side,P41,P41,y,528.3401689977194,,mm,false
15,In-pit target,fiducial,ILIS +1 side,ILIS +1 side,P41,P41,z,2876.909391678083,,mm,false
15,In-pit target,fiducial,ILIS +1 side,ILIS +1 side,P42,P42,x,2717.340777541601,,mm,false
15,In-pit target,fiducial,ILIS +1 side,ILIS +1 side,P42,P42,y,478.1070515217969,,mm,false
15,In-pit target,fiducial,ILIS +1 side,ILIS +1 side,P42,P42,z,2841.626820022512,,mm,false
15,In-pit target,fiducial,ILIS +1 side,ILIS +1 side,P43,P43,x,2497.528447621171,,mm,false
15,In-pit target,fiducial,ILIS +1 side,ILIS +1 side,P43,P43,y,439.3523453608817,,mm,false
15,In-pit target,fiducial,ILIS +1 side,ILIS +1 side,P43,P43,z,2818.820275669336,,mm,false
15,In-pit target,fiducial,ILIS +1 side,ILIS +1 side,P44,P44,x,2247.238961122195,,mm,false
15,In-pit target,fiducial,ILIS +1 side,ILIS +1 side,P44,P44,y,395.1881450616091,,mm,false
15,In-pit target,fiducial,ILIS +1 side,ILIS +1 side,P44,P44,z,2843.935596889757,,mm,false
15,In-pit target,fiducial,ILIS +1 side,ILIS +1 side,P45,P45,x,2244.23704707447,,mm,false
15,In-pit target,fiducial,ILIS +1 side,ILIS +1 side,P45,P45,y,394.6069122960968,,mm,false
15,In-pit target,fiducial,ILIS +1 side,ILIS +1 side,P45,P45,z,3135.855780982125,,mm,false
15,In-pit target,fiducial,ILIS +1 side,ILIS +1 side,P46,P46,x,2492.146437091521,,mm,false
15,In-pit target,fiducial,ILIS +1 side,ILIS +1 side,P46,P46,y,438.3611750650173,,mm,false
15,In-pit target,fiducial,ILIS +1 side,ILIS +1 side,P46,P46,z,3109.340605498599,,mm,false
15,In-pit target,fiducial,ILIS +1 side,ILIS +1 side,P47,P47,x,2733.796909825847,,mm,false
15,In-pit target,fiducial,ILIS +1 side,ILIS +1 side,P47,P47,y,481.0455058637752,,mm,false
15,In-pit target,fiducial,ILIS +1 side,ILIS +1 side,P47,P47,z,3100.695813335729,,mm,false
15,In-pit target,fiducial,ILIS +1 side,ILIS +1 side,P48,P48,x,2987.439168696038,,mm,false
15,In-pit target,fiducial,ILIS +1 side,ILIS +1 side,P48,P48,y,525.7194281516073,,mm,false
15,In-pit target,fiducial,ILIS +1 side,ILIS +1 side,P48,P48,z,3120.100286599573,,mm,false
15,In-pit target,fiducial,ILIS +1 side,ILIS +1 side,P49,P49,x,2990.167114393272,,mm,false
15,In-pit target,fiducial,ILIS +1 side,ILIS +1 side,P49,P49,y,526.2880721056443,,mm,false
15,In-pit target,fiducial,ILIS +1 side,ILIS +1 side,P49,P49,z,3409.320120560397,,mm,false
15,In-pit target,fiducial,ILIS +1 side,ILIS +1 side,P50,P50,x,2493.666213919237,,mm,false
15,In-pit target,fiducial,ILIS +1 side,ILIS +1 side,P50,P50,y,438.6497151880545,,mm,false
15,In-pit target,fiducial,ILIS +1 side,ILIS +1 side,P50,P50,z,3428.200513174354,,mm,false
15,In-pit target,fiducial,ILIS +1 side,ILIS +1 side,P51,P51,x,2282.155465476725,,mm,false
15,In-pit target,fiducial,ILIS +1 side,ILIS +1 side,P51,P51,y,401.3047014330248,,mm,false
15,In-pit target,fiducial,ILIS +1 side,ILIS +1 side,P51,P51,z,3430.363460451692,,mm,false
15,In-pit target,fiducial,ILIS +1 side,ILIS +1 side,P52,P52,x,2716.178302321068,,mm,false
15,In-pit target,fiducial,ILIS +1 side,ILIS +1 side,P52,P52,y,477.9943759804729,,mm,false
15,In-pit target,fiducial,ILIS +1 side,ILIS +1 side,P52,P52,z,3446.886892764457,,mm,false
15,In-pit target,fiducial,ILIS +1 side,ILIS +1 side,P53,P53,x,2987.767391803125,,mm,false
15,In-pit target,fiducial,ILIS +1 side,ILIS +1 side,P53,P53,y,525.9173879025958,,mm,false
15,In-pit target,fiducial,ILIS +1 side,ILIS +1 side,P53,P53,z,3575.220268012748,,mm,false
15,In-pit target,fiducial,ILIS +1 side,ILIS +1 side,P54,P54,x,2799.137005876003,,mm,false
15,In-pit target,fiducial,ILIS +1 side,ILIS +1 side,P54,P54,y,492.5818144249735,,mm,false
15,In-pit target,fiducial,ILIS +1 side,ILIS +1 side,P54,P54,z,3581.701814579931,,mm,false
15,In-pit target,fiducial,ILIS +1 side,ILIS +1 side,P55,P55,x,2628.30624559532,,mm,false
15,In-pit target,fiducial,ILIS +1 side,ILIS +1 side,P55,P55,y,462.4558529454056,,mm,false
15,In-pit target,fiducial,ILIS +1 side,ILIS +1 side,P55,P55,z,3580.922271857723,,mm,false
15,In-pit target,fiducial,ILIS +1 side,ILIS +1 side,P56,P56,x,2629.969035822406,,mm,false
15,In-pit target,fiducial,ILIS +1 side,ILIS +1 side,P56,P56,y,462.8148930361663,,mm,false
15,In-pit target,fiducial,ILIS +1 side,ILIS +1 side,P56,P56,z,3787.072170763529,,mm,false
15,In-pit target,fiducial,ILIS +1 side,ILIS +1 side,P57,P57,x,2850.238381700156,,mm,false
15,In-pit target,fiducial,ILIS +1 side,ILIS +1 side,P57,P57,y,501.6798035223235,,mm,false
15,In-pit target,fiducial,ILIS +1 side,ILIS +1 side,P57,P57,z,3761.708687180016,,mm,false
15,In-pit target,fiducial,ILIS +1 side,ILIS +1 side,P58,P58,x,3018.989673520223,,mm,false
15,In-pit target,fiducial,ILIS +1 side,ILIS +1 side,P58,P58,y,531.4457752210401,,mm,false
15,In-pit target,fiducial,ILIS +1 side,ILIS +1 side,P58,P58,z,3771.198357242222,,mm,false
15,In-pit target,fiducial,ILIS +1 side,ILIS +1 side,P59,P59,x,3012.350052947334,,mm,false
15,In-pit target,fiducial,ILIS +1 side,ILIS +1 side,P59,P59,y,530.2751824552171,,mm,false
15,In-pit target,fiducial,ILIS +1 side,ILIS +1 side,P59,P59,z,3939.048764007367,,mm,false
15,In-pit target,fiducial,ILIS +1 side,ILIS +1 side,P60,P60,x,2878.368596009042,,mm,false
15,In-pit target,fiducial,ILIS +1 side,ILIS +1 side,P60,P60,y,506.6984119177057,,mm,false
15,In-pit target,fiducial,ILIS +1 side,ILIS +1 side,P60,P60,z,3924.53696578269,,mm,false
15,In-pit target,fiducial,ILIS +1 side,ILIS +1 side,P61,P61,x,2626.887695245322,,mm,false
15,In-pit target,fiducial,ILIS +1 side,ILIS +1 side,P61,P61,y,462.3243412681396,,mm,false
15,In-pit target,fiducial,ILIS +1 side,ILIS +1 side,P61,P61,z,3926.922359891792,,mm,false
15,In-pit target,fiducial,ILIS +1 side,ILIS +1 side,P62,P62,x,2557.300461336702,,mm,false
15,In-pit target,fiducial,ILIS +1 side,ILIS +1 side,P62,P62,y,450.0157647400374,,mm,false
15,In-pit target,fiducial,ILIS +1 side,ILIS +1 side,P62,P62,z,3976.226619553599,,mm,false
15,In-pit target,fiducial,ILIS +1 side,ILIS +1 side,P63,P63,x,2391.880161926496,,mm,false
15,In-pit target,fiducial,ILIS +1 side,ILIS +1 side,P63,P63,y,420.8696439374626,,mm,false
15,In-pit target,fiducial,ILIS +1 side,ILIS +1 side,P63,P63,z,3982.506745762492,,mm,false
15,In-pit target,fiducial,ILIS +1 side,ILIS +1 side,P64,P64,x,2230.949582198196,,mm,false
15,In-pit target,fiducial,ILIS +1 side,ILIS +1 side,P64,P64,y,392.4034384352219,,mm,false
15,In-pit target,fiducial,ILIS +1 side,ILIS +1 side,P64,P64,z,3984.006596627613,,mm,false
15,In-pit target,fiducial,ILIS +1 side,ILIS +1 side,P65,P65,x,2568.188884138503,,mm,false
15,In-pit target,fiducial,ILIS +1 side,ILIS +1 side,P65,P65,y,451.9263446805082,,mm,false
15,In-pit target,fiducial,ILIS +1 side,ILIS +1 side,P65,P65,z,3788.775952621789,,mm,false
15,In-pit target,fiducial,ILIS +1 side,ILIS +1 side,P66,P66,x,2398.859020168368,,mm,false
15,In-pit target,fiducial,ILIS +1 side,ILIS +1 side,P66,P66,y,422.0002835311311,,mm,false
15,In-pit target,fiducial,ILIS +1 side,ILIS +1 side,P66,P66,z,3802.376317761698,,mm,false
15,In-pit target,fiducial,ILIS +1 side,ILIS +1 side,P67,P67,x,2214.605776556294,,mm,false
15,In-pit target,fiducial,ILIS +1 side,ILIS +1 side,P67,P67,y,389.5048139261768,,mm,false
15,In-pit target,fiducial,ILIS +1 side,ILIS +1 side,P67,P67,z,3762.447596600318,,mm,false
15,In-pit target,fiducial,ILIS +1 side,ILIS +1 side,P68,P68,x,2571.73637810591,,mm,false
15,In-pit target,fiducial,ILIS +1 side,ILIS +1 side,P68,P68,y,452.4171624992259,,mm,false
15,In-pit target,fiducial,ILIS +1 side,ILIS +1 side,P68,P68,z,3586.88573447237,,mm,false
15,In-pit target,fiducial,ILIS +1 side,ILIS +1 side,P69,P69,x,2414.596436577517,,mm,false
15,In-pit target,fiducial,ILIS +1 side,ILIS +1 side,P69,P69,y,424.7208228043328,,mm,false
15,In-pit target,fiducial,ILIS +1 side,ILIS +1 side,P69,P69,z,3598.385353768614,,mm,false
15,In-pit target,fiducial,ILIS +1 side,ILIS +1 side,P70,P70,x,2218.624518388269,,mm,false
15,In-pit target,fiducial,ILIS +1 side,ILIS +1 side,P70,P70,y,390.1955310738937,,mm,false
15,In-pit target,fiducial,ILIS +1 side,ILIS +1 side,P70,P70,z,3580.607350164305,,mm,false
15,In-pit target,fiducial,ILIS +1 side,ILIS +1 side,P71,P71,x,3010.845709399764,,mm,false
15,In-pit target,fiducial,ILIS +1 side,ILIS +1 side,P71,P71,y,530.0648102110331,,mm,false
15,In-pit target,fiducial,ILIS +1 side,ILIS +1 side,P71,P71,z,4030.358856516409,,mm,false
15,In-pit target,fiducial,ILIS +1 side,ILIS +1 side,P72,P72,x,2785.655226414554,,mm,false
15,In-pit target,fiducial,ILIS +1 side,ILIS +1 side,P72,P72,y,490.3600964358442,,mm,false
15,In-pit target,fiducial,ILIS +1 side,ILIS +1 side,P72,P72,z,4037.702641434148,,mm,false
15,In-pit target,fiducial,ILIS +1 side,ILIS +1 side,P73,P73,x,2623.253702486427,,mm,false
15,In-pit target,fiducial,ILIS +1 side,ILIS +1 side,P73,P73,y,461.7139933793143,,mm,false
15,In-pit target,fiducial,ILIS +1 side,ILIS +1 side,P73,P73,z,4024.042582667911,,mm,false
15,In-pit target,fiducial,ILIS +1 side,ILIS +1 side,P74,P74,x,3008.646112850554,,mm,false
15,In-pit target,fiducial,ILIS +1 side,ILIS +1 side,P74,P74,y,529.7541123046962,,mm,false
15,In-pit target,fiducial,ILIS +1 side,ILIS +1 side,P74,P74,z,4198.268991832391,,mm,false
15,In-pit target,fiducial,ILIS +1 side,ILIS +1 side,P75,P75,x,2808.70552101227,,mm,false
15,In-pit target,fiducial,ILIS +1 side,ILIS +1 side,P75,P75,y,494.4988175387068,,mm,false
15,In-pit target,fiducial,ILIS +1 side,ILIS +1 side,P75,P75,z,4202.161231074797,,mm,false
15,In-pit target,fiducial,ILIS +1 side,ILIS +1 side,P76,P76,x,2623.783966249507,,mm,false
15,In-pit target,fiducial,ILIS +1 side,ILIS +1 side,P76,P76,y,461.7632416675011,,mm,false
15,In-pit target,fiducial,ILIS +1 side,ILIS +1 side,P76,P76,z,4189.562550330268,,mm,false
15,In-pit target,fiducial,ILIS +1 side,ILIS +1 side,P77,P77,x,2975.420251490928,,mm,false
15,In-pit target,fiducial,ILIS +1 side,ILIS +1 side,P77,P77,y,523.8838687429903,,mm,false
15,In-pit target,fiducial,ILIS +1 side,ILIS +1 side,P77,P77,z,4428.541026125394,,mm,false
15,In-pit target,fiducial,ILIS +1 side,ILIS +1 side,P78,P78,x,2775.870564763993,,mm,false
15,In-pit target,fiducial,ILIS +1 side,ILIS +1 side,P78,P78,y,488.7284997211611,,mm,false
15,In-pit target,fiducial,ILIS +1 side,ILIS +1 side,P78,P78,z,4446.993241605402,,mm,false
15,In-pit target,fiducial,ILIS +1 side,ILIS +1 side,P79,P79,x,2623.321427569754,,mm,false
15,In-pit target,fiducial,ILIS +1 side,ILIS +1 side,P79,P79,y,461.7219948313269,,mm,false
15,In-pit target,fiducial,ILIS +1 side,ILIS +1 side,P79,P79,z,4471.202579368521,,mm,false
15,In-pit target,fiducial,ILIS +1 side,ILIS +1 side,P80,P80,x,2568.013730003999,,mm,false
15,In-pit target,fiducial,ILIS +1 side,ILIS +1 side,P80,P80,y,451.9552795597867,,mm,false
15,In-pit target,fiducial,ILIS +1 side,ILIS +1 side,P80,P80,z,4028.205964073574,,mm,false
15,In-pit target,fiducial,ILIS +1 side,ILIS +1 side,P81,P81,x,2383.292474120338,,mm,false
15,In-pit target,fiducial,ILIS +1 side,ILIS +1 side,P81,P81,y,419.2996775661596,,mm,false
15,In-pit target,fiducial,ILIS +1 side,ILIS +1 side,P81,P81,z,4020.397271276622,,mm,false
15,In-pit target,fiducial,ILIS +1 side,ILIS +1 side,P82,P82,x,2214.801915518543,,mm,false
15,In-pit target,fiducial,ILIS +1 side,ILIS +1 side,P82,P82,y,389.6536471013076,,mm,false
15,In-pit target,fiducial,ILIS +1 side,ILIS +1 side,P82,P82,z,4022.687585606991,,mm,false
15,In-pit target,fiducial,ILIS +1 side,ILIS +1 side,P83,P83,x,2572.85432476034,,mm,false
15,In-pit target,fiducial,ILIS +1 side,ILIS +1 side,P83,P83,y,452.814403575517,,mm,false
15,In-pit target,fiducial,ILIS +1 side,ILIS +1 side,P83,P83,z,4198.755668114157,,mm,false
15,In-pit target,fiducial,ILIS +1 side,ILIS +1 side,P84,P84,x,2255.175202594354,,mm,false
15,In-pit target,fiducial,ILIS +1 side,ILIS +1 side,P84,P84,y,396.6917484287385,,mm,false
15,In-pit target,fiducial,ILIS +1 side,ILIS +1 side,P84,P84,z,4234.305114229737,,mm,false
15,In-pit target,fiducial,ILIS +1 side,ILIS +1 side,P85,P85,x,2576.831347096395,,mm,false
15,In-pit target,fiducial,ILIS +1 side,ILIS +1 side,P85,P85,y,453.6130849249812,,mm,false
15,In-pit target,fiducial,ILIS +1 side,ILIS +1 side,P85,P85,z,4472.995425628344,,mm,false
15,In-pit target,fiducial,ILIS +1 side,ILIS +1 side,P86,P86,x,2412.920578770087,,mm,false
15,In-pit target,fiducial,ILIS +1 side,ILIS +1 side,P86,P86,y,424.6169624972748,,mm,false
15,In-pit target,fiducial,ILIS +1 side,ILIS +1 side,P86,P86,z,4471.655458898548,,mm,false
15,In-pit target,fiducial,ILIS +1 side,ILIS +1 side,P87,P87,x,2305.606149778937,,mm,false
15,In-pit target,fiducial,ILIS +1 side,ILIS +1 side,P87,P87,y,405.6497839972018,,mm,false
15,In-pit target,fiducial,ILIS +1 side,ILIS +1 side,P87,P87,z,4407.452027759318,,mm,false
15,In-pit target,fiducial,ILIS +1 side,ILIS +1 side,P88,P88,x,2413.866842001925,,mm,false
15,In-pit target,fiducial,ILIS +1 side,ILIS +1 side,P88,P88,y,424.6879296891494,,mm,false
15,In-pit target,fiducial,ILIS +1 side,ILIS +1 side,P88,P88,z,4250.075400117182,,mm,false
15,In-pit target,fiducial,ILIS +1 side,ILIS +1 side,P89,P89,x,3018.361791412407,,mm,false
15,In-pit target,fiducial,ILIS +1 side,ILIS +1 side,P89,P89,y,531.253727812374,,mm,false
15,In-pit target,fiducial,ILIS +1 side,ILIS +1 side,P89,P89,z,-2484.671616772732,,mm,false
15,In-pit target,fiducial,ILIS +1 side,ILIS +1 side,P90,P90,x,2719.750719565061,,mm,false
15,In-pit target,fiducial,ILIS +1 side,ILIS +1 side,P90,P90,y,478.5307684934663,,mm,false
15,In-pit target,fiducial,ILIS +1 side,ILIS +1 side,P90,P90,z,-2481.863337791567,,mm,false
15,In-pit target,fiducial,ILIS +1 side,ILIS +1 side,P91,P91,x,2430.509348936201,,mm,false
15,In-pit target,fiducial,ILIS +1 side,ILIS +1 side,P91,P91,y,427.51761229207,,mm,false
15,In-pit target,fiducial,ILIS +1 side,ILIS +1 side,P91,P91,z,-2484.525632123653,,mm,false
15,In-pit target,fiducial,ILIS +1 side,ILIS +1 side,P92,P92,x,2213.518022675647,,mm,false
15,In-pit target,fiducial,ILIS +1 side,ILIS +1 side,P92,P92,y,389.202767956655,,mm,false
15,In-pit target,fiducial,ILIS +1 side,ILIS +1 side,P92,P92,z,-2491.312349388953,,mm,false
15,In-pit target,fiducial,ILIS +1 side,ILIS +1 side,P93,P93,x,3020.900567041754,,mm,false
15,In-pit target,fiducial,ILIS +1 side,ILIS +1 side,P93,P93,y,531.6915959616877,,mm,false
15,In-pit target,fiducial,ILIS +1 side,ILIS +1 side,P93,P93,z,-2020.73177132961,,mm,false
15,In-pit target,fiducial,ILIS +1 side,ILIS +1 side,P94,P94,x,2803.349454601002,,mm,false
15,In-pit target,fiducial,ILIS +1 side,ILIS +1 side,P94,P94,y,493.3467493965097,,mm,false
15,In-pit target,fiducial,ILIS +1 side,ILIS +1 side,P94,P94,z,-2024.058454014351,,mm,false
15,In-pit target,fiducial,ILIS +1 side,ILIS +1 side,P95,P95,x,2377.695395854989,,mm,false
15,In-pit target,fiducial,ILIS +1 side,ILIS +1 side,P95,P95,y,418.1869677920586,,mm,false
15,In-pit target,fiducial,ILIS +1 side,ILIS +1 side,P95,P95,z,-2060.872398413405,,mm,false
15,In-pit target,fiducial,ILIS +1 side,ILIS +1 side,P96,P96,x,2180.975012602467,,mm,false
15,In-pit target,fiducial,ILIS +1 side,ILIS +1 side,P96,P96,y,383.4415828085588,,mm,false
15,In-pit target,fiducial,ILIS +1 side,ILIS +1 side,P96,P96,z,-2053.810356546559,,mm,false
15,In-pit target,fiducial,ILIS +1 side,ILIS +1 side,P97,P97,x,3019.575198677775,,mm,false
15,In-pit target,fiducial,ILIS +1 side,ILIS +1 side,P97,P97,y,531.4705730140579,,mm,false
15,In-pit target,fiducial,ILIS +1 side,ILIS +1 side,P97,P97,z,-1784.661689685289,,mm,false
15,In-pit target,fiducial,ILIS +1 side,ILIS +1 side,P98,P98,x,2751.103828329092,,mm,false
15,In-pit target,fiducial,ILIS +1 side,ILIS +1 side,P98,P98,y,484.0669323471166,,mm,false
15,In-pit target,fiducial,ILIS +1 side,ILIS +1 side,P98,P98,z,-1788.695255678278,,mm,false
15,In-pit target,fiducial,ILIS +1 side,ILIS +1 side,P99,P99,x,2458.771514832467,,mm,false
15,In-pit target,fiducial,ILIS +1 side,ILIS +1 side,P99,P99,y,432.4839160962916,,mm,false
15,In-pit target,fiducial,ILIS +1 side,ILIS +1 side,P99,P99,z,-1806.347360940201,,mm,false
15,In-pit target,fiducial,ILIS +1 side,ILIS +1 side,P100,P100,x,2187.600939887617,,mm,false
15,In-pit target,fiducial,ILIS +1 side,ILIS +1 side,P100,P100,y,384.6302811280772,,mm,false
15,In-pit target,fiducial,ILIS +1 side,ILIS +1 side,P100,P100,z,-1797.380761562055,,mm,false
15,In-pit target,fiducial,ILIS +1 side,ILIS +1 side,P101,P101,x,3017.371472602979,,mm,false
15,In-pit target,fiducial,ILIS +1 side,ILIS +1 side,P101,P101,y,531.0594522001653,,mm,false
15,In-pit target,fiducial,ILIS +1 side,ILIS +1 side,P101,P101,z,-1522.031554378878,,mm,false
15,In-pit target,fiducial,ILIS +1 side,ILIS +1 side,P102,P102,x,2767.590642311296,,mm,false
15,In-pit target,fiducial,ILIS +1 side,ILIS +1 side,P102,P102,y,486.9653367954064,,mm,false
15,In-pit target,fiducial,ILIS +1 side,ILIS +1 side,P102,P102,z,-1518.616264425033,,mm,false
15,In-pit target,fiducial,ILIS +1 side,ILIS +1 side,P103,P103,x,2432.409280402269,,mm,false
15,In-pit target,fiducial,ILIS +1 side,ILIS +1 side,P103,P103,y,427.8132512191416,,mm,false
15,In-pit target,fiducial,ILIS +1 side,ILIS +1 side,P103,P103,z,-1518.035746735271,,mm,false
15,In-pit target,fiducial,ILIS +1 side,ILIS +1 side,P104,P104,x,2216.918316643957,,mm,false
15,In-pit target,fiducial,ILIS +1 side,ILIS +1 side,P104,P104,y,389.7783458114691,,mm,false
15,In-pit target,fiducial,ILIS +1 side,ILIS +1 side,P104,P104,z,-1519.082555764493,,mm,false
15,In-pit target,fiducial,ILIS +1 side,ILIS +1 side,P105,P105,x,2693.172872715131,,mm,false
15,In-pit target,fiducial,ILIS +1 side,ILIS +1 side,P105,P105,y,473.8169115195582,,mm,false
15,In-pit target,fiducial,ILIS +1 side,ILIS +1 side,P105,P105,z,-1477.631709027939,,mm,false
15,In-pit target,fiducial,ILIS +1 side,ILIS +1 side,P106,P106,x,2432.211779233892,,mm,false
15,In-pit target,fiducial,ILIS +1 side,ILIS +1 side,P106,P106,y,427.793075865779,,mm,false
15,In-pit target,fiducial,ILIS +1 side,ILIS +1 side,P106,P106,z,-1477.725734502035,,mm,false
15,In-pit target,fiducial,ILIS +1 side,ILIS +1 side,P107,P107,x,2218.35093879715,,mm,false
15,In-pit target,fiducial,ILIS +1 side,ILIS +1 side,P107,P107,y,390.0181235144222,,mm,false
15,In-pit target,fiducial,ILIS +1 side,ILIS +1 side,P107,P107,z,-1476.88264343734,,mm,false
15,In-pit target,fiducial,ILIS +1 side,ILIS +1 side,P108,P108,x,3007.052131273208,,mm,false
15,In-pit target,fiducial,ILIS +1 side,ILIS +1 side,P108,P108,y,529.2282048393886,,mm,false
15,In-pit target,fiducial,ILIS +1 side,ILIS +1 side,P108,P108,z,-1188.140922093959,,mm,false
15,In-pit target,fiducial,ILIS +1 side,ILIS +1 side,P109,P109,x,2712.660269628486,,mm,false
15,In-pit target,fiducial,ILIS +1 side,ILIS +1 side,P109,P109,y,477.2452040088128,,mm,false
15,In-pit target,fiducial,ILIS +1 side,ILIS +1 side,P109,P109,z,-1198.352901432107,,mm,false
15,In-pit target,fiducial,ILIS +1 side,ILIS +1 side,P110,P110,x,2350.409625230118,,mm,false
15,In-pit target,fiducial,ILIS +1 side,ILIS +1 side,P110,P110,y,413.2936979618615,,mm,false
15,In-pit target,fiducial,ILIS +1 side,ILIS +1 side,P110,P110,z,-1184.370726805315,,mm,false
15,In-pit target,fiducial,ILIS +1 side,ILIS +1 side,P111,P111,x,2177.718247294679,,mm,false
15,In-pit target,fiducial,ILIS +1 side,ILIS +1 side,P111,P111,y,382.8478243736952,,mm,false
15,In-pit target,fiducial,ILIS +1 side,ILIS +1 side,P111,P111,z,-1194.990155613529,,mm,false
15,In-pit target,fiducial,ILIS +1 side,ILIS +1 side,P112,P112,x,2183.112990568748,,mm,false
15,In-pit target,fiducial,ILIS +1 side,ILIS +1 side,P112,P112,y,383.7959163727858,,mm,false
15,In-pit target,fiducial,ILIS +1 side,ILIS +1 side,P112,P112,z,-796.2804850930257,,mm,false
15,In-pit target,fiducial,ILIS +1 side,ILIS +1 side,P113,P113,x,2470.894005456472,,mm,false
15,In-pit target,fiducial,ILIS +1 side,ILIS +1 side,P113,P113,y,434.5791322995723,,mm,false
15,In-pit target,fiducial,ILIS +1 side,ILIS +1 side,P113,P113,z,-799.2681012539871,,mm,false
15,In-pit target,fiducial,ILIS +1 side,ILIS +1 side,P114,P114,x,2785.825022825052,,mm,false
15,In-pit target,fiducial,ILIS +1 side,ILIS +1 side,P114,P114,y,490.1417148972973,,mm,false
15,In-pit target,fiducial,ILIS +1 side,ILIS +1 side,P114,P114,z,-804.0373794239201,,mm,false
15,In-pit target,fiducial,ILIS +1 side,ILIS +1 side,P115,P115,x,3022.006094068269,,mm,false
15,In-pit target,fiducial,ILIS +1 side,ILIS +1 side,P115,P115,y,531.8361300898969,,mm,false
15,In-pit target,fiducial,ILIS +1 side,ILIS +1 side,P115,P115,z,-802.6518368754383,,mm,false
15,In-pit target,fiducial,ILIS +1 side,ILIS +1 side,P116,P116,x,3004.571472273352,,mm,false
15,In-pit target,fiducial,ILIS +1 side,ILIS +1 side,P116,P116,y,528.755429003409,,mm,false
15,In-pit target,fiducial,ILIS +1 side,ILIS +1 side,P116,P116,z,-553.4507691737048,,mm,false
15,In-pit target,fiducial,ILIS +1 side,ILIS +1 side,P117,P117,x,2759.36271871655,,mm,false
15,In-pit target,fiducial,ILIS +1 side,ILIS +1 side,P117,P117,y,485.4610573855267,,mm,false
15,In-pit target,fiducial,ILIS +1 side,ILIS +1 side,P117,P117,z,-516.8457590612663,,mm,false
15,In-pit target,fiducial,ILIS +1 side,ILIS +1 side,P118,P118,x,2434.891361360882,,mm,false
15,In-pit target,fiducial,ILIS +1 side,ILIS +1 side,P118,P118,y,428.2087217436483,,mm,false
15,In-pit target,fiducial,ILIS +1 side,ILIS +1 side,P118,P118,z,-516.9158969284757,,mm,false
15,In-pit target,fiducial,ILIS +1 side,ILIS +1 side,P119,P119,x,2211.270216426337,,mm,false
15,In-pit target,fiducial,ILIS +1 side,ILIS +1 side,P119,P119,y,388.7240189534745,,mm,false
15,In-pit target,fiducial,ILIS +1 side,ILIS +1 side,P119,P119,z,-520.3322083508816,,mm,false
15,In-pit target,fiducial,ILIS +1 side,ILIS +1 side,P120,P120,x,3022.126286581394,,mm,false
15,In-pit target,fiducial,ILIS +1 side,ILIS +1 side,P120,P120,y,531.8789945483118,,mm,false
15,In-pit target,fiducial,ILIS +1 side,ILIS +1 side,P120,P120,z,-1444.701845376644,,mm,false
15,In-pit target,fiducial,ILIS +1 side,ILIS +1 side,P121,P121,x,2973.345602918539,,mm,false
15,In-pit target,fiducial,ILIS +1 side,ILIS +1 side,P121,P121,y,523.2958597492278,,mm,false
15,In-pit target,fiducial,ILIS +1 side,ILIS +1 side,P121,P121,z,-484.7488573619154,,mm,false
15,In-pit target,fiducial,ILIS +1 side,ILIS +1 side,P122,P122,x,2665.474623415109,,mm,false
15,In-pit target,fiducial,ILIS +1 side,ILIS +1 side,P122,P122,y,468.9431097247678,,mm,false
15,In-pit target,fiducial,ILIS +1 side,ILIS +1 side,P122,P122,z,-479.8300115239809,,mm,false
15,In-pit target,fiducial,ILIS +1 side,ILIS +1 side,P123,P123,x,2353.053363229208,,mm,false
15,In-pit target,fiducial,ILIS +1 side,ILIS +1 side,P123,P123,y,413.8104860676749,,mm,false
15,In-pit target,fiducial,ILIS +1 side,ILIS +1 side,P123,P123,z,-479.14088705132,,mm,false
15,In-pit target,fiducial,ILIS +1 side,ILIS +1 side,P124,P124,x,2179.812277679016,,mm,false
15,In-pit target,fiducial,ILIS +1 side,ILIS +1 side,P124,P124,y,383.2746042507321,,mm,false
15,In-pit target,fiducial,ILIS +1 side,ILIS +1 side,P124,P124,z,-485.0102821694389,,mm,false
15,In-pit target,fiducial,ILIS +1 side,ILIS +1 side,P125,P125,x,3008.177212367472,,mm,false
15,In-pit target,fiducial,ILIS +1 side,ILIS +1 side,P125,P125,y,529.4334910010397,,mm,false
15,In-pit target,fiducial,ILIS +1 side,ILIS +1 side,P125,P125,z,-138.5609889063415,,mm,false
15,In-pit target,fiducial,ILIS +1 side,ILIS +1 side,P126,P126,x,2701.135146881187,,mm,false
15,In-pit target,fiducial,ILIS +1 side,ILIS +1 side,P126,P126,y,475.250799907381,,mm,false
15,In-pit target,fiducial,ILIS +1 side,ILIS +1 side,P126,P126,z,-151.2221937370552,,mm,false
15,In-pit target,fiducial,ILIS +1 side,ILIS +1 side,P127,P127,x,2366.444057248769,,mm,false
15,In-pit target,fiducial,ILIS +1 side,ILIS +1 side,P127,P127,y,416.1286831905447,,mm,false
15,In-pit target,fiducial,ILIS +1 side,ILIS +1 side,P127,P127,z,-146.2617063028478,,mm,false
15,In-pit target,fiducial,ILIS +1 side,ILIS +1 side,P128,P128,x,2173.533758192807,,mm,false
15,In-pit target,fiducial,ILIS +1 side,ILIS +1 side,P128,P128,y,382.1132033904288,,mm,false
15,In-pit target,fiducial,ILIS +1 side,ILIS +1 side,P128,P128,z,-138.1198974063224,,mm,false
15,In-pit target,fiducial,ILIS +1 side,ILIS +1 side,P129,P129,x,3012.638847715778,,mm,false
15,In-pit target,fiducial,ILIS +1 side,ILIS +1 side,P129,P129,y,530.1818285556287,,mm,false
15,In-pit target,fiducial,ILIS +1 side,ILIS +1 side,P129,P129,z,210.0987384797207,,mm,false
15,In-pit target,fiducial,ILIS +1 side,ILIS +1 side,P130,P130,x,2744.296716158512,,mm,false
15,In-pit target,fiducial,ILIS +1 side,ILIS +1 side,P130,P130,y,482.8382397660238,,mm,false
15,In-pit target,fiducial,ILIS +1 side,ILIS +1 side,P130,P130,z,193.7651647181645,,mm,false
15,In-pit target,fiducial,ILIS +1 side,ILIS +1 side,P131,P131,x,2449.956080294674,,mm,false
15,In-pit target,fiducial,ILIS +1 side,ILIS +1 side,P131,P131,y,430.8551494356979,,mm,false
15,In-pit target,fiducial,ILIS +1 side,ILIS +1 side,P131,P131,z,203.3231822417097,,mm,false
15,In-pit target,fiducial,ILIS +1 side,ILIS +1 side,P132,P132,x,2173.195829662196,,mm,false
15,In-pit target,fiducial,ILIS +1 side,ILIS +1 side,P132,P132,y,382.0316214858956,,mm,false
15,In-pit target,fiducial,ILIS +1 side,ILIS +1 side,P132,P132,z,217.8901238693449,,mm,false
15,In-pit target,fiducial,ILIS +1 side,ILIS +1 side,P133,P133,x,3012.098815850261,,mm,false
15,In-pit target,fiducial,ILIS +1 side,ILIS +1 side,P133,P133,y,530.2176896657826,,mm,false
15,In-pit target,fiducial,ILIS +1 side,ILIS +1 side,P133,P133,z,-3338.691234733623,,mm,false
15,In-pit target,fiducial,ILIS +1 side,ILIS +1 side,P134,P134,x,2731.404990009509,,mm,false
15,In-pit target,fiducial,ILIS +1 side,ILIS +1 side,P134,P134,y,480.7045109659756,,mm,false
15,In-pit target,fiducial,ILIS +1 side,ILIS +1 side,P134,P134,z,-3381.524052407956,,mm,false
15,In-pit target,fiducial,ILIS +1 side,ILIS +1 side,P135,P135,x,2490.942968372248,,mm,false
15,In-pit target,fiducial,ILIS +1 side,ILIS +1 side,P135,P135,y,438.2002639656823,,mm,false
15,In-pit target,fiducial,ILIS +1 side,ILIS +1 side,P135,P135,z,-3397.929333175428,,mm,false
15,In-pit target,fiducial,ILIS +1 side,ILIS +1 side,P136,P136,x,2213.734469742192,,mm,false
15,In-pit target,fiducial,ILIS +1 side,ILIS +1 side,P136,P136,y,389.3166203092586,,mm,false
15,In-pit target,fiducial,ILIS +1 side,ILIS +1 side,P136,P136,z,-3355.082363969403,,mm,false
15,In-pit target,fiducial,ILIS +1 side,ILIS +1 side,P137,P137,x,2196.860547979004,,mm,false
15,In-pit target,fiducial,ILIS +1 side,ILIS +1 side,P137,P137,y,386.3158556936877,,mm,false
15,In-pit target,fiducial,ILIS +1 side,ILIS +1 side,P137,P137,z,-3094.621330653377,,mm,false
15,In-pit target,fiducial,ILIS +1 side,ILIS +1 side,P138,P138,x,2491.668976114817,,mm,false
15,In-pit target,fiducial,ILIS +1 side,ILIS +1 side,P138,P138,y,438.3183737517805,,mm,false
15,In-pit target,fiducial,ILIS +1 side,ILIS +1 side,P138,P138,z,-2978.509376851416,,mm,false
15,In-pit target,fiducial,ILIS +1 side,ILIS +1 side,P139,P139,x,2716.016564963151,,mm,false
15,In-pit target,fiducial,ILIS +1 side,ILIS +1 side,P139,P139,y,477.9233157231168,,mm,false
15,In-pit target,fiducial,ILIS +1 side,ILIS +1 side,P139,P139,z,-3032.493110043796,,mm,false
15,In-pit target,fiducial,ILIS +1 side,ILIS +1 side,P140,P140,x,3012.726904894844,,mm,false
15,In-pit target,fiducial,ILIS +1 side,ILIS +1 side,P140,P140,y,530.266372008746,,mm,false
15,In-pit target,fiducial,ILIS +1 side,ILIS +1 side,P140,P140,z,-3046.961272895314,,mm,false
15,In-pit target,fiducial,ILIS +1 side,ILIS +1 side,P141,P141,x,3014.882539628369,,mm,false
15,In-pit target,fiducial,ILIS +1 side,ILIS +1 side,P141,P141,y,530.645195610167,,mm,false
15,In-pit target,fiducial,ILIS +1 side,ILIS +1 side,P141,P141,z,-2794.941404369885,,mm,false
15,In-pit target,fiducial,ILIS +1 side,ILIS +1 side,P142,P142,x,2751.320805730335,,mm,false
15,In-pit target,fiducial,ILIS +1 side,ILIS +1 side,P142,P142,y,484.1514667114039,,mm,false
15,In-pit target,fiducial,ILIS +1 side,ILIS +1 side,P142,P142,z,-2805.185270717653,,mm,false
15,In-pit target,fiducial,ILIS +1 side,ILIS +1 side,P143,P143,x,2503.891118515644,,mm,false
15,In-pit target,fiducial,ILIS +1 side,ILIS +1 side,P143,P143,y,440.4672141373683,,mm,false
15,In-pit target,fiducial,ILIS +1 side,ILIS +1 side,P143,P143,z,-2783.49012467325,,mm,false
15,In-pit target,fiducial,ILIS +1 side,ILIS +1 side,P144,P144,x,2278.079597026552,,mm,false
15,In-pit target,fiducial,ILIS +1 side,ILIS +1 side,P144,P144,y,400.6325896106455,,mm,false
15,In-pit target,fiducial,ILIS +1 side,ILIS +1 side,P144,P144,z,-2792.846301862453,,mm,false
15,In-pit target,fiducial,ILIS +1 side,ILIS +1 side,P145,P145,x,2286.125028764455,,mm,false
15,In-pit target,fiducial,ILIS +1 side,ILIS +1 side,P145,P145,y,402.0512904857613,,mm,false
15,In-pit target,fiducial,ILIS +1 side,ILIS +1 side,P145,P145,z,-2544.496793878287,,mm,false
15,In-pit target,fiducial,ILIS +1 side,ILIS +1 side,P146,P146,x,2514.305822727938,,mm,false
15,In-pit target,fiducial,ILIS +1 side,ILIS +1 side,P146,P146,y,442.2959121496098,,mm,false
15,In-pit target,fiducial,ILIS +1 side,ILIS +1 side,P146,P146,z,-2547.030761780277,,mm,false
15,In-pit target,fiducial,ILIS +1 side,ILIS +1 side,P147,P147,x,2979.68629341724,,mm,false
15,In-pit target,fiducial,ILIS +1 side,ILIS +1 side,P147,P147,y,524.4150256962943,,mm,false
15,In-pit target,fiducial,ILIS +1 side,ILIS +1 side,P147,P147,z,-2570.739249528568,,mm,false
15,In-pit target,fiducial,ILIS +1 side,ILIS +1 side,P148,P148,x,2758.925319188949,,mm,false
15,In-pit target,fiducial,ILIS +1 side,ILIS +1 side,P148,P148,y,485.4902440061556,,mm,false
15,In-pit target,fiducial,ILIS +1 side,ILIS +1 side,P148,P148,z,-2571.615735781239,,mm,false
15,In-pit target,fiducial,ILIS +1 side,ILIS +1 side,P149,P149,x,3012.007495718497,,mm,false
15,In-pit target,fiducial,ILIS +1 side,ILIS +1 side,P149,P149,y,530.1485070631799,,mm,false
15,In-pit target,fiducial,ILIS +1 side,ILIS +1 side,P149,P149,z,-3521.241229733352,,mm,false
15,In-pit target,fiducial,ILIS +1 side,ILIS +1 side,P150,P150,x,2836.305766828269,,mm,false
15,In-pit target,fiducial,ILIS +1 side,ILIS +1 side,P150,P150,y,499.2027290071655,,mm,false
15,In-pit target,fiducial,ILIS +1 side,ILIS +1 side,P150,P150,z,-3537.330474137362,,mm,false
15,In-pit target,fiducial,ILIS +1 side,ILIS +1 side,P151,P151,x,2619.555630150777,,mm,false
15,In-pit target,fiducial,ILIS +1 side,ILIS +1 side,P151,P151,y,460.8777932752689,,mm,false
15,In-pit target,fiducial,ILIS +1 side,ILIS +1 side,P151,P151,z,-3524.927206364921,,mm,false
15,In-pit target,fiducial,ILIS +1 side,ILIS +1 side,P152,P152,x,3014.21457400921,,mm,false
15,In-pit target,fiducial,ILIS +1 side,ILIS +1 side,P152,P152,y,530.5493863295212,,mm,false
15,In-pit target,fiducial,ILIS +1 side,ILIS +1 side,P152,P152,z,-3729.80136518889,,mm,false
15,In-pit target,fiducial,ILIS +1 side,ILIS +1 side,P153,P153,x,2780.35204922576,,mm,false
15,In-pit target,fiducial,ILIS +1 side,ILIS +1 side,P153,P153,y,489.3450219012595,,mm,false
15,In-pit target,fiducial,ILIS +1 side,ILIS +1 side,P153,P153,z,-3754.817049348507,,mm,false
15,In-pit target,fiducial,ILIS +1 side,ILIS +1 side,P154,P154,x,2618.781340032604,,mm,false
15,In-pit target,fiducial,ILIS +1 side,ILIS +1 side,P154,P154,y,460.7788406737542,,mm,false
15,In-pit target,fiducial,ILIS +1 side,ILIS +1 side,P154,P154,z,-3755.367159244615,,mm,false
15,In-pit target,fiducial,ILIS +1 side,ILIS +1 side,P155,P155,x,2616.267680981172,,mm,false
15,In-pit target,fiducial,ILIS +1 side,ILIS +1 side,P155,P155,y,460.3598831575948,,mm,false
15,In-pit target,fiducial,ILIS +1 side,ILIS +1 side,P155,P155,z,-3975.507005689489,,mm,false
15,In-pit target,fiducial,ILIS +1 side,ILIS +1 side,P156,P156,x,2779.948175022619,,mm,false
15,In-pit target,fiducial,ILIS +1 side,ILIS +1 side,P156,P156,y,489.3460307633932,,mm,false
15,In-pit target,fiducial,ILIS +1 side,ILIS +1 side,P156,P156,z,-3978.58702473531,,mm,false
15,In-pit target,fiducial,ILIS +1 side,ILIS +1 side,P157,P157,x,3016.1592813412,,mm,false
15,In-pit target,fiducial,ILIS +1 side,ILIS +1 side,P157,P157,y,530.9504425670353,,mm,false
15,In-pit target,fiducial,ILIS +1 side,ILIS +1 side,P157,P157,z,-3976.601484449979,,mm,false
15,In-pit target,fiducial,ILIS +1 side,ILIS +1 side,P158,P158,x,2576.295655871152,,mm,false
15,In-pit target,fiducial,ILIS +1 side,ILIS +1 side,P158,P158,y,453.2488002416143,,mm,false
15,In-pit target,fiducial,ILIS +1 side,ILIS +1 side,P158,P158,z,-3521.604558231485,,mm,false
15,In-pit target,fiducial,ILIS +1 side,ILIS +1 side,P159,P159,x,2405.305103445386,,mm,false
15,In-pit target,fiducial,ILIS +1 side,ILIS +1 side,P159,P159,y,423.1028275310636,,mm,false
15,In-pit target,fiducial,ILIS +1 side,ILIS +1 side,P159,P159,z,-3519.024091129153,,mm,false
15,In-pit target,fiducial,ILIS +1 side,ILIS +1 side,P160,P160,x,2179.113777883681,,mm,false
15,In-pit target,fiducial,ILIS +1 side,ILIS +1 side,P160,P160,y,383.2681978631863,,mm,false
15,In-pit target,fiducial,ILIS +1 side,ILIS +1 side,P160,P160,z,-3525.220244763634,,mm,false
15,In-pit target,fiducial,ILIS +1 side,ILIS +1 side,P161,P161,x,2577.351454618698,,mm,false
15,In-pit target,fiducial,ILIS +1 side,ILIS +1 side,P161,P161,y,453.4997986081292,,mm,false
15,In-pit target,fiducial,ILIS +1 side,ILIS +1 side,P161,P161,z,-3750.744623014632,,mm,false
15,In-pit target,fiducial,ILIS +1 side,ILIS +1 side,P162,P162,x,2366.980372130183,,mm,false
15,In-pit target,fiducial,ILIS +1 side,ILIS +1 side,P162,P162,y,416.3447823179148,,mm,false
15,In-pit target,fiducial,ILIS +1 side,ILIS +1 side,P162,P162,z,-3754.041745560718,,mm,false
15,In-pit target,fiducial,ILIS +1 side,ILIS +1 side,P163,P163,x,2179.450796981173,,mm,false
15,In-pit target,fiducial,ILIS +1 side,ILIS +1 side,P163,P163,y,383.2891249173182,,mm,false
15,In-pit target,fiducial,ILIS +1 side,ILIS +1 side,P163,P163,z,-3734.590265970554,,mm,false
15,In-pit target,fiducial,ILIS +1 side,ILIS +1 side,P164,P164,x,2576.707525116105,,mm,false
15,In-pit target,fiducial,ILIS +1 side,ILIS +1 side,P164,P164,y,453.3908169362788,,mm,false
15,In-pit target,fiducial,ILIS +1 side,ILIS +1 side,P164,P164,z,-3975.364584010512,,mm,false
15,In-pit target,fiducial,ILIS +1 side,ILIS +1 side,P165,P165,x,2392.876704485108,,mm,false
15,In-pit target,fiducial,ILIS +1 side,ILIS +1 side,P165,P165,y,420.9451629177614,,mm,false
15,In-pit target,fiducial,ILIS +1 side,ILIS +1 side,P165,P165,z,-3976.233331064984,,mm,false
15,In-pit target,fiducial,ILIS +1 side,ILIS +1 side,P166,P166,x,2182.596198733812,,mm,false
15,In-pit target,fiducial,ILIS +1 side,ILIS +1 side,P166,P166,y,383.9001031344187,,mm,false
15,In-pit target,fiducial,ILIS +1 side,ILIS +1 side,P166,P166,z,-3970.270458717914,,mm,false
15,In-pit target,fiducial,ILIS +1 side,ILIS +1 side,P167,P167,x,3018.656194872606,,mm,false
15,In-pit target,fiducial,ILIS +1 side,ILIS +1 side,P167,P167,y,531.3706066147931,,mm,false
15,In-pit target,fiducial,ILIS +1 side,ILIS +1 side,P167,P167,z,-4026.541637483281,,mm,false
15,In-pit target,fiducial,ILIS +1 side,ILIS +1 side,P168,P168,x,2796.975847664406,,mm,false
15,In-pit target,fiducial,ILIS +1 side,ILIS +1 side,P168,P168,y,492.295801222417,,mm,false
15,In-pit target,fiducial,ILIS +1 side,ILIS +1 side,P168,P168,z,-4017.248067383473,,mm,false
15,In-pit target,fiducial,ILIS +1 side,ILIS +1 side,P169,P169,x,2623.485028516964,,mm,false
15,In-pit target,fiducial,ILIS +1 side,ILIS +1 side,P169,P169,y,461.6199058776755,,mm,false
15,In-pit target,fiducial,ILIS +1 side,ILIS +1 side,P169,P169,z,-4018.767447634671,,mm,false
15,In-pit target,fiducial,ILIS +1 side,ILIS +1 side,P170,P170,x,2614.285863803526,,mm,false
15,In-pit target,fiducial,ILIS +1 side,ILIS +1 side,P170,P170,y,460.0107805330663,,mm,false
15,In-pit target,fiducial,ILIS +1 side,ILIS +1 side,P170,P170,z,-4165.966884740254,,mm,false
15,In-pit target,fiducial,ILIS +1 side,ILIS +1 side,P171,P171,x,2823.035430699113,,mm,false
15,In-pit target,fiducial,ILIS +1 side,ILIS +1 side,P171,P171,y,496.8659437772568,,mm,false
15,In-pit target,fiducial,ILIS +1 side,ILIS +1 side,P171,P171,z,-4186.999663043384,,mm,false
15,In-pit target,fiducial,ILIS +1 side,ILIS +1 side,P172,P172,x,3010.116512942354,,mm,false
15,In-pit target,fiducial,ILIS +1 side,ILIS +1 side,P172,P172,y,529.8615031171137,,mm,false
15,In-pit target,fiducial,ILIS +1 side,ILIS +1 side,P172,P172,z,-4182.121115047526,,mm,false
15,In-pit target,fiducial,ILIS +1 side,ILIS +1 side,P173,P173,x,3005.892201219437,,mm,false
15,In-pit target,fiducial,ILIS +1 side,ILIS +1 side,P173,P173,y,529.1626325404046,,mm,false
15,In-pit target,fiducial,ILIS +1 side,ILIS +1 side,P173,P173,z,-4412.680856698978,,mm,false
15,In-pit target,fiducial,ILIS +1 side,ILIS +1 side,P174,P174,x,2823.747891993857,,mm,false
15,In-pit target,fiducial,ILIS +1 side,ILIS +1 side,P174,P174,y,497.0171904712637,,mm,false
15,In-pit target,fiducial,ILIS +1 side,ILIS +1 side,P174,P174,z,-4469.929707088447,,mm,false
15,In-pit target,fiducial,ILIS +1 side,ILIS +1 side,P175,P175,x,2620.266691302808,,mm,false
15,In-pit target,fiducial,ILIS +1 side,ILIS +1 side,P175,P175,y,461.1320221166472,,mm,false
15,In-pit target,fiducial,ILIS +1 side,ILIS +1 side,P175,P175,z,-4475.617251153302,,mm,false
15,In-pit target,fiducial,ILIS +1 side,ILIS +1 side,P176,P176,x,2565.394282638618,,mm,false
15,In-pit target,fiducial,ILIS +1 side,ILIS +1 side,P176,P176,y,451.4313143675139,,mm,false
15,In-pit target,fiducial,ILIS +1 side,ILIS +1 side,P176,P176,z,-4026.913891419328,,mm,false
15,In-pit target,fiducial,ILIS +1 side,ILIS +1 side,P177,P177,x,2386.493937080531,,mm,false
15,In-pit target,fiducial,ILIS +1 side,ILIS +1 side,P177,P177,y,419.8055110680534,,mm,false
15,In-pit target,fiducial,ILIS +1 side,ILIS +1 side,P177,P177,z,-4020.432940496748,,mm,false
15,In-pit target,fiducial,ILIS +1 side,ILIS +1 side,P178,P178,x,2184.812962457017,,mm,false
15,In-pit target,fiducial,ILIS +1 side,ILIS +1 side,P178,P178,y,384.3302846066319,,mm,false
15,In-pit target,fiducial,ILIS +1 side,ILIS +1 side,P178,P178,z,-4022.630594341272,,mm,false
15,In-pit target,fiducial,ILIS +1 side,ILIS +1 side,P179,P179,x,2206.609515252853,,mm,false
15,In-pit target,fiducial,ILIS +1 side,ILIS +1 side,P179,P179,y,388.1307448043568,,mm,false
15,In-pit target,fiducial,ILIS +1 side,ILIS +1 side,P179,P179,z,-4240.96192921674,,mm,false
15,In-pit target,fiducial,ILIS +1 side,ILIS +1 side,P180,P180,x,2399.69348211491,,mm,false
15,In-pit target,fiducial,ILIS +1 side,ILIS +1 side,P180,P180,y,422.1359563029256,,mm,false
15,In-pit target,fiducial,ILIS +1 side,ILIS +1 side,P180,P180,z,-4189.943748812599,,mm,false
15,In-pit target,fiducial,ILIS +1 side,ILIS +1 side,P181,P181,x,2576.076372686366,,mm,false
15,In-pit target,fiducial,ILIS +1 side,ILIS +1 side,P181,P181,y,453.2816349373298,,mm,false
15,In-pit target,fiducial,ILIS +1 side,ILIS +1 side,P181,P181,z,-4155.194545712954,,mm,false
15,In-pit target,fiducial,ILIS +1 side,ILIS +1 side,P182,P182,x,2576.326850358622,,mm,false
15,In-pit target,fiducial,ILIS +1 side,ILIS +1 side,P182,P182,y,453.373035316456,,mm,false
15,In-pit target,fiducial,ILIS +1 side,ILIS +1 side,P182,P182,z,-4470.094561443195,,mm,false
15,In-pit target,fiducial,ILIS +1 side,ILIS +1 side,P183,P183,x,2406.606139883873,,mm,false
15,In-pit target,fiducial,ILIS +1 side,ILIS +1 side,P183,P183,y,423.387044268307,,mm,false
15,In-pit target,fiducial,ILIS +1 side,ILIS +1 side,P183,P183,z,-4470.124172364052,,mm,false
15,In-pit target,fiducial,ILIS +1 side,ILIS +1 side,P184,P184,x,2243.64450178458,,mm,false
15,In-pit target,fiducial,ILIS +1 side,ILIS +1 side,P184,P184,y,394.7109626140943,,mm,false
15,In-pit target,fiducial,ILIS +1 side,ILIS +1 side,P184,P184,z,-4485.614196539509,,mm,false
15,In-pit target,fiducial,ILIS -1 side,ILIS -1 side,P1,P1,x,3010.703258563085,,mm,false
15,In-pit target,fiducial,ILIS -1 side,ILIS -1 side,P1,P1,y,-530.0753732478968,,mm,false
15,In-pit target,fiducial,ILIS -1 side,ILIS -1 side,P1,P1,z,4072.124129452493,,mm,false
15,In-pit target,fiducial,ILIS -1 side,ILIS -1 side,P2,P2,x,2825.614685914048,,mm,false
15,In-pit target,fiducial,ILIS -1 side,ILIS -1 side,P2,P2,y,-497.4310487195776,,mm,false
15,In-pit target,fiducial,ILIS -1 side,ILIS -1 side,P2,P2,z,4082.715751180633,,mm,false
15,In-pit target,fiducial,ILIS -1 side,ILIS -1 side,P3,P3,x,2645.245057565701,,mm,false
15,In-pit target,fiducial,ILIS -1 side,ILIS -1 side,P3,P3,y,-465.6967611620236,,mm,false
15,In-pit target,fiducial,ILIS -1 side,ILIS -1 side,P3,P3,z,4076.627076226794,,mm,false
15,In-pit target,fiducial,ILIS -1 side,ILIS -1 side,P4,P4,x,2646.423844910293,,mm,false
15,In-pit target,fiducial,ILIS -1 side,ILIS -1 side,P4,P4,y,-465.8374221727134,,mm,false
15,In-pit target,fiducial,ILIS -1 side,ILIS -1 side,P4,P4,z,4218.407002785091,,mm,false
15,In-pit target,fiducial,ILIS -1 side,ILIS -1 side,P5,P5,x,2805.322407786662,,mm,false
15,In-pit target,fiducial,ILIS -1 side,ILIS -1 side,P5,P5,y,-493.8311194760447,,mm,false
15,In-pit target,fiducial,ILIS -1 side,ILIS -1 side,P5,P5,z,4205.887025663941,,mm,false
15,In-pit target,fiducial,ILIS -1 side,ILIS -1 side,P6,P6,x,3010.350904748173,,mm,false
15,In-pit target,fiducial,ILIS -1 side,ILIS -1 side,P6,P6,y,-530.0459156089825,,mm,false
15,In-pit target,fiducial,ILIS -1 side,ILIS -1 side,P6,P6,z,4195.434151669005,,mm,false
15,In-pit target,fiducial,ILIS -1 side,ILIS -1 side,P7,P7,x,2983.741757296884,,mm,false
15,In-pit target,fiducial,ILIS -1 side,ILIS -1 side,P7,P7,y,-525.3360607664929,,mm,false
15,In-pit target,fiducial,ILIS -1 side,ILIS -1 side,P7,P7,z,4368.675822866434,,mm,false
15,In-pit target,fiducial,ILIS -1 side,ILIS -1 side,P8,P8,x,2984.29178259839,,mm,false
15,In-pit target,fiducial,ILIS -1 side,ILIS -1 side,P8,P8,y,-525.4460757676803,,mm,false
15,In-pit target,fiducial,ILIS -1 side,ILIS -1 side,P8,P8,z,4369.125788273123,,mm,false
15,In-pit target,fiducial,ILIS -1 side,ILIS -1 side,P9,P9,x,2818.38424852941,,mm,false
15,In-pit target,fiducial,ILIS -1 side,ILIS -1 side,P9,P9,y,-496.1322847684838,,mm,false
15,In-pit target,fiducial,ILIS -1 side,ILIS -1 side,P9,P9,z,4397.73620589338,,mm,false
15,In-pit target,fiducial,ILIS -1 side,ILIS -1 side,P10,P10,x,2656.065420498542,,mm,false
15,In-pit target,fiducial,ILIS -1 side,ILIS -1 side,P10,P10,y,-467.5784866271255,,mm,false
15,In-pit target,fiducial,ILIS -1 side,ILIS -1 side,P10,P10,z,4405.766397571533,,mm,false
15,In-pit target,fiducial,ILIS -1 side,ILIS -1 side,P11,P11,x,2574.013162677275,,mm,false
15,In-pit target,fiducial,ILIS -1 side,ILIS -1 side,P11,P11,y,-453.1849208921025,,mm,false
15,In-pit target,fiducial,ILIS -1 side,ILIS -1 side,P11,P11,z,4041.301548578021,,mm,false
15,In-pit target,fiducial,ILIS -1 side,ILIS -1 side,P12,P12,x,2363.874138355378,,mm,false
15,In-pit target,fiducial,ILIS -1 side,ILIS -1 side,P12,P12,y,-416.0399644815096,,mm,false
15,In-pit target,fiducial,ILIS -1 side,ILIS -1 side,P12,P12,z,4042.894743574448,,mm,false
15,In-pit target,fiducial,ILIS -1 side,ILIS -1 side,P13,P13,x,2233.374212638907,,mm,false
15,In-pit target,fiducial,ILIS -1 side,ILIS -1 side,P13,P13,y,-393.0068482327836,,mm,false
15,In-pit target,fiducial,ILIS -1 side,ILIS -1 side,P13,P13,z,4035.322937721927,,mm,false
15,In-pit target,fiducial,ILIS -1 side,ILIS -1 side,P14,P14,x,2573.976259463966,,mm,false
15,In-pit target,fiducial,ILIS -1 side,ILIS -1 side,P14,P14,y,-453.1558632967373,,mm,false
15,In-pit target,fiducial,ILIS -1 side,ILIS -1 side,P14,P14,z,4252.521551404006,,mm,false
15,In-pit target,fiducial,ILIS -1 side,ILIS -1 side,P15,P15,x,2441.127025400704,,mm,false
15,In-pit target,fiducial,ILIS -1 side,ILIS -1 side,P15,P15,y,-429.6627405925322,,mm,false
15,In-pit target,fiducial,ILIS -1 side,ILIS -1 side,P15,P15,z,4255.92989328968,,mm,false
15,In-pit target,fiducial,ILIS -1 side,ILIS -1 side,P16,P16,x,2283.917617816106,,mm,false
15,In-pit target,fiducial,ILIS -1 side,ILIS -1 side,P16,P16,y,-401.889022719316,,mm,false
15,In-pit target,fiducial,ILIS -1 side,ILIS -1 side,P16,P16,z,4254.909764670822,,mm,false
15,In-pit target,fiducial,ILIS -1 side,ILIS -1 side,P17,P17,x,2569.846906646513,,mm,false
15,In-pit target,fiducial,ILIS -1 side,ILIS -1 side,P17,P17,y,-452.4665314759696,,mm,false
15,In-pit target,fiducial,ILIS -1 side,ILIS -1 side,P17,P17,z,4423.981810843183,,mm,false
15,In-pit target,fiducial,ILIS -1 side,ILIS -1 side,P18,P18,x,2429.317198727602,,mm,false
15,In-pit target,fiducial,ILIS -1 side,ILIS -1 side,P18,P18,y,-427.5631908289517,,mm,false
15,In-pit target,fiducial,ILIS -1 side,ILIS -1 side,P18,P18,z,4419.210635218241,,mm,false
15,In-pit target,fiducial,ILIS -1 side,ILIS -1 side,P19,P19,x,2340.565776570717,,mm,false
15,In-pit target,fiducial,ILIS -1 side,ILIS -1 side,P19,P19,y,-411.8909654199474,,mm,false
15,In-pit target,fiducial,ILIS -1 side,ILIS -1 side,P19,P19,z,4390.306207947319,,mm,false
15,In-pit target,fiducial,ILIS -1 side,ILIS -1 side,P20,P20,x,3007.124608484688,,mm,false
15,In-pit target,fiducial,ILIS -1 side,ILIS -1 side,P20,P20,y,-529.5046647076302,,mm,false
15,In-pit target,fiducial,ILIS -1 side,ILIS -1 side,P20,P20,z,3932.394353615778,,mm,false
15,In-pit target,fiducial,ILIS -1 side,ILIS -1 side,P21,P21,x,2839.485138980596,,mm,false
15,In-pit target,fiducial,ILIS -1 side,ILIS -1 side,P21,P21,y,-499.8906928852619,,mm,false
15,In-pit target,fiducial,ILIS -1 side,ILIS -1 side,P21,P21,z,3929.674879900092,,mm,false
15,In-pit target,fiducial,ILIS -1 side,ILIS -1 side,P22,P22,x,2640.736308994703,,mm,false
15,In-pit target,fiducial,ILIS -1 side,ILIS -1 side,P22,P22,y,-464.8860231502625,,mm,false
15,In-pit target,fiducial,ILIS -1 side,ILIS -1 side,P22,P22,z,3935.217359127155,,mm,false
15,In-pit target,fiducial,ILIS -1 side,ILIS -1 side,P23,P23,x,2642.306823589162,,mm,false
15,In-pit target,fiducial,ILIS -1 side,ILIS -1 side,P23,P23,y,-465.13537746227,,mm,false
15,In-pit target,fiducial,ILIS -1 side,ILIS -1 side,P23,P23,z,3782.32726034265,,mm,false
15,In-pit target,fiducial,ILIS -1 side,ILIS -1 side,P24,P24,x,2798.146759700257,,mm,false
15,In-pit target,fiducial,ILIS -1 side,ILIS -1 side,P24,P24,y,-492.6091005464424,,mm,false
15,In-pit target,fiducial,ILIS -1 side,ILIS -1 side,P24,P24,z,3791.757475227998,,mm,false
15,In-pit target,fiducial,ILIS -1 side,ILIS -1 side,P25,P25,x,3008.676380628861,,mm,false
15,In-pit target,fiducial,ILIS -1 side,ILIS -1 side,P25,P25,y,-529.774109188993,,mm,false
15,In-pit target,fiducial,ILIS -1 side,ILIS -1 side,P25,P25,z,3799.794255942797,,mm,false
15,In-pit target,fiducial,ILIS -1 side,ILIS -1 side,P26,P26,x,3015.011921553838,,mm,false
15,In-pit target,fiducial,ILIS -1 side,ILIS -1 side,P26,P26,y,-530.8832192739884,,mm,false
15,In-pit target,fiducial,ILIS -1 side,ILIS -1 side,P26,P26,z,3567.013857721626,,mm,false
15,In-pit target,fiducial,ILIS -1 side,ILIS -1 side,P27,P27,x,2767.07196554413,,mm,false
15,In-pit target,fiducial,ILIS -1 side,ILIS -1 side,P27,P27,y,-487.1172916328632,,mm,false
15,In-pit target,fiducial,ILIS -1 side,ILIS -1 side,P27,P27,z,3551.05942599824,,mm,false
15,In-pit target,fiducial,ILIS -1 side,ILIS -1 side,P28,P28,x,2766.222045203955,,mm,false
15,In-pit target,fiducial,ILIS -1 side,ILIS -1 side,P28,P28,y,-486.9472770061424,,mm,false
15,In-pit target,fiducial,ILIS -1 side,ILIS -1 side,P28,P28,z,3552.279479456929,,mm,false
15,In-pit target,fiducial,ILIS -1 side,ILIS -1 side,P29,P29,x,2623.553027756717,,mm,false
15,In-pit target,fiducial,ILIS -1 side,ILIS -1 side,P29,P29,y,-461.8439352211283,,mm,false
15,In-pit target,fiducial,ILIS -1 side,ILIS -1 side,P29,P29,z,3558.568437388452,,mm,false
15,In-pit target,fiducial,ILIS -1 side,ILIS -1 side,P30,P30,x,2562.113262174595,,mm,false
15,In-pit target,fiducial,ILIS -1 side,ILIS -1 side,P30,P30,y,-450.9524823664996,,mm,false
15,In-pit target,fiducial,ILIS -1 side,ILIS -1 side,P30,P30,z,3558.202295436127,,mm,false
15,In-pit target,fiducial,ILIS -1 side,ILIS -1 side,P31,P31,x,2351.133113756954,,mm,false
15,In-pit target,fiducial,ILIS -1 side,ILIS -1 side,P31,P31,y,-413.8074251228503,,mm,false
15,In-pit target,fiducial,ILIS -1 side,ILIS -1 side,P31,P31,z,3541.665542549414,,mm,false
15,In-pit target,fiducial,ILIS -1 side,ILIS -1 side,P32,P32,x,2232.583498880118,,mm,false
15,In-pit target,fiducial,ILIS -1 side,ILIS -1 side,P32,P32,y,-392.86461708606,,mm,false
15,In-pit target,fiducial,ILIS -1 side,ILIS -1 side,P32,P32,z,3539.902986426006,,mm,false
15,In-pit target,fiducial,ILIS -1 side,ILIS -1 side,P33,P33,x,2231.717190239038,,mm,false
15,In-pit target,fiducial,ILIS -1 side,ILIS -1 side,P33,P33,y,-392.7055825043952,,mm,false
15,In-pit target,fiducial,ILIS -1 side,ILIS -1 side,P33,P33,z,3760.663041275927,,mm,false
15,In-pit target,fiducial,ILIS -1 side,ILIS -1 side,P34,P34,x,2411.208528695095,,mm,false
15,In-pit target,fiducial,ILIS -1 side,ILIS -1 side,P34,P34,y,-424.4099724402604,,mm,false
15,In-pit target,fiducial,ILIS -1 side,ILIS -1 side,P34,P34,z,3794.321770872391,,mm,false
15,In-pit target,fiducial,ILIS -1 side,ILIS -1 side,P35,P35,x,2579.298891707111,,mm,false
15,In-pit target,fiducial,ILIS -1 side,ILIS -1 side,P35,P35,y,-454.0740193548671,,mm,false
15,In-pit target,fiducial,ILIS -1 side,ILIS -1 side,P35,P35,z,3811.471216435923,,mm,false
15,In-pit target,fiducial,ILIS -1 side,ILIS -1 side,P36,P36,x,2577.949081219522,,mm,false
15,In-pit target,fiducial,ILIS -1 side,ILIS -1 side,P36,P36,y,-453.8347209878918,,mm,false
15,In-pit target,fiducial,ILIS -1 side,ILIS -1 side,P36,P36,z,3975.721301513342,,mm,false
15,In-pit target,fiducial,ILIS -1 side,ILIS -1 side,P37,P37,x,2428.37918120312,,mm,false
15,In-pit target,fiducial,ILIS -1 side,ILIS -1 side,P37,P37,y,-427.4311504226394,,mm,false
15,In-pit target,fiducial,ILIS -1 side,ILIS -1 side,P37,P37,z,3967.280693093961,,mm,false
15,In-pit target,fiducial,ILIS -1 side,ILIS -1 side,P38,P38,x,2227.087787082937,,mm,false
15,In-pit target,fiducial,ILIS -1 side,ILIS -1 side,P38,P38,y,-391.9162350765056,,mm,false
15,In-pit target,fiducial,ILIS -1 side,ILIS -1 side,P38,P38,z,3931.27333216442,,mm,false
15,In-pit target,fiducial,ILIS -1 side,ILIS -1 side,P39,P39,x,2999.883727600574,,mm,false
15,In-pit target,fiducial,ILIS -1 side,ILIS -1 side,P39,P39,y,-528.2222672303825,,mm,false
15,In-pit target,fiducial,ILIS -1 side,ILIS -1 side,P39,P39,z,3433.844807331026,,mm,false
15,In-pit target,fiducial,ILIS -1 side,ILIS -1 side,P40,P40,x,3003.24942232691,,mm,false
15,In-pit target,fiducial,ILIS -1 side,ILIS -1 side,P40,P40,y,-528.83131739465,,mm,false
15,In-pit target,fiducial,ILIS -1 side,ILIS -1 side,P40,P40,z,3203.354595484825,,mm,false
15,In-pit target,fiducial,ILIS -1 side,ILIS -1 side,P41,P41,x,3005.073038156723,,mm,false
15,In-pit target,fiducial,ILIS -1 side,ILIS -1 side,P41,P41,y,-529.1501809040276,,mm,false
15,In-pit target,fiducial,ILIS -1 side,ILIS -1 side,P41,P41,z,2939.224480482072,,mm,false
15,In-pit target,fiducial,ILIS -1 side,ILIS -1 side,P42,P42,x,3006.940213358645,,mm,false
15,In-pit target,fiducial,ILIS -1 side,ILIS -1 side,P42,P42,y,-529.488581574706,,mm,false
15,In-pit target,fiducial,ILIS -1 side,ILIS -1 side,P42,P42,z,2571.22436249058,,mm,false
15,In-pit target,fiducial,ILIS -1 side,ILIS -1 side,P43,P43,x,2747.989495368274,,mm,false
15,In-pit target,fiducial,ILIS -1 side,ILIS -1 side,P43,P43,y,-483.8323357596203,,mm,false
15,In-pit target,fiducial,ILIS -1 side,ILIS -1 side,P43,P43,z,2542.260621876775,,mm,false
15,In-pit target,fiducial,ILIS -1 side,ILIS -1 side,P44,P44,x,2775.168715506943,,mm,false
15,In-pit target,fiducial,ILIS -1 side,ILIS -1 side,P44,P44,y,-488.6043702264603,,mm,false
15,In-pit target,fiducial,ILIS -1 side,ILIS -1 side,P44,P44,z,2854.068915993049,,mm,false
15,In-pit target,fiducial,ILIS -1 side,ILIS -1 side,P45,P45,x,2786.979661788469,,mm,false
15,In-pit target,fiducial,ILIS -1 side,ILIS -1 side,P45,P45,y,-490.7261615146281,,mm,false
15,In-pit target,fiducial,ILIS -1 side,ILIS -1 side,P45,P45,z,3192.708174865473,,mm,false
15,In-pit target,fiducial,ILIS -1 side,ILIS -1 side,P46,P46,x,2770.434792044223,,mm,false
15,In-pit target,fiducial,ILIS -1 side,ILIS -1 side,P46,P46,y,-487.7668554804815,,mm,false
15,In-pit target,fiducial,ILIS -1 side,ILIS -1 side,P46,P46,z,3435.609214371158,,mm,false
15,In-pit target,fiducial,ILIS -1 side,ILIS -1 side,P47,P47,x,2538.107646523755,,mm,false
15,In-pit target,fiducial,ILIS -1 side,ILIS -1 side,P47,P47,y,-446.8115038280019,,mm,false
15,In-pit target,fiducial,ILIS -1 side,ILIS -1 side,P47,P47,z,3466.053802155076,,mm,false
15,In-pit target,fiducial,ILIS -1 side,ILIS -1 side,P48,P48,x,2551.610657954609,,mm,false
15,In-pit target,fiducial,ILIS -1 side,ILIS -1 side,P48,P48,y,-449.250603279091,,mm,false
15,In-pit target,fiducial,ILIS -1 side,ILIS -1 side,P48,P48,z,3192.982953516548,,mm,false
15,In-pit target,fiducial,ILIS -1 side,ILIS -1 side,P49,P49,x,2553.154926932624,,mm,false
15,In-pit target,fiducial,ILIS -1 side,ILIS -1 side,P49,P49,y,-449.4795070817058,,mm,false
15,In-pit target,fiducial,ILIS -1 side,ILIS -1 side,P49,P49,z,2939.352856256044,,mm,false
15,In-pit target,fiducial,ILIS -1 side,ILIS -1 side,P50,P50,x,2296.584699689159,,mm,false
15,In-pit target,fiducial,ILIS -1 side,ILIS -1 side,P50,P50,y,-404.2019129399346,,mm,false
15,In-pit target,fiducial,ILIS -1 side,ILIS -1 side,P50,P50,z,2595.878965747653,,mm,false
15,In-pit target,fiducial,ILIS -1 side,ILIS -1 side,P51,P51,x,2473.203294058021,,mm,false
15,In-pit target,fiducial,ILIS -1 side,ILIS -1 side,P51,P51,y,-435.3760364702363,,mm,false
15,In-pit target,fiducial,ILIS -1 side,ILIS -1 side,P51,P51,z,2585.077875743171,,mm,false
15,In-pit target,fiducial,ILIS -1 side,ILIS -1 side,P52,P52,x,2248.352596962252,,mm,false
15,In-pit target,fiducial,ILIS -1 side,ILIS -1 side,P52,P52,y,-395.7120483437781,,mm,false
15,In-pit target,fiducial,ILIS -1 side,ILIS -1 side,P52,P52,z,2881.301994716375,,mm,false
15,In-pit target,fiducial,ILIS -1 side,ILIS -1 side,P53,P53,x,2261.301101776713,,mm,false
15,In-pit target,fiducial,ILIS -1 side,ILIS -1 side,P53,P53,y,-397.9836909038514,,mm,false
15,In-pit target,fiducial,ILIS -1 side,ILIS -1 side,P53,P53,z,3180.621182312408,,mm,false
15,In-pit target,fiducial,ILIS -1 side,ILIS -1 side,P54,P54,x,2277.036512356649,,mm,false
15,In-pit target,fiducial,ILIS -1 side,ILIS -1 side,P54,P54,y,-400.715177203811,,mm,false
15,In-pit target,fiducial,ILIS -1 side,ILIS -1 side,P54,P54,z,3430.210194964156,,mm,false
15,In-pit target,fiducial,ILIS -1 side,ILIS -1 side,P55,P55,x,3000.691937985497,,mm,false
15,In-pit target,fiducial,ILIS -1 side,ILIS -1 side,P55,P55,y,-528.3578360139744,,mm,false
15,In-pit target,fiducial,ILIS -1 side,ILIS -1 side,P55,P55,z,2437.324754689294,,mm,false
15,In-pit target,fiducial,ILIS -1 side,ILIS -1 side,P56,P56,x,2751.053712693671,,mm,false
15,In-pit target,fiducial,ILIS -1 side,ILIS -1 side,P56,P56,y,-484.3719925444225,,mm,false
15,In-pit target,fiducial,ILIS -1 side,ILIS -1 side,P56,P56,z,2449.200429298329,,mm,false
15,In-pit target,fiducial,ILIS -1 side,ILIS -1 side,P57,P57,x,2507.126083465078,,mm,false
15,In-pit target,fiducial,ILIS -1 side,ILIS -1 side,P57,P57,y,-441.4263286618252,,mm,false
15,In-pit target,fiducial,ILIS -1 side,ILIS -1 side,P57,P57,z,2471.085745211099,,mm,false
15,In-pit target,fiducial,ILIS -1 side,ILIS -1 side,P58,P58,x,2276.06734437039,,mm,false
15,In-pit target,fiducial,ILIS -1 side,ILIS -1 side,P58,P58,y,-400.5808923753265,,mm,false
15,In-pit target,fiducial,ILIS -1 side,ILIS -1 side,P58,P58,z,2475.870253810585,,mm,false
15,In-pit target,fiducial,ILIS -1 side,ILIS -1 side,P59,P59,x,2261.846308486529,,mm,false
15,In-pit target,fiducial,ILIS -1 side,ILIS -1 side,P59,P59,y,-398.0790370603537,,mm,false
15,In-pit target,fiducial,ILIS -1 side,ILIS -1 side,P59,P59,z,2135.641146063507,,mm,false
15,In-pit target,fiducial,ILIS -1 side,ILIS -1 side,P60,P60,x,2421.285428937454,,mm,false
15,In-pit target,fiducial,ILIS -1 side,ILIS -1 side,P60,P60,y,-426.2227875475447,,mm,false
15,In-pit target,fiducial,ILIS -1 side,ILIS -1 side,P60,P60,z,2132.171134773817,,mm,false
15,In-pit target,fiducial,ILIS -1 side,ILIS -1 side,P61,P61,x,2660.244531346513,,mm,false
15,In-pit target,fiducial,ILIS -1 side,ILIS -1 side,P61,P61,y,-468.328438753417,,mm,false
15,In-pit target,fiducial,ILIS -1 side,ILIS -1 side,P61,P61,z,2133.7261307179,,mm,false
15,In-pit target,fiducial,ILIS -1 side,ILIS -1 side,P62,P62,x,2953.894643637063,,mm,false
15,In-pit target,fiducial,ILIS -1 side,ILIS -1 side,P62,P62,y,-520.0940303910554,,mm,false
15,In-pit target,fiducial,ILIS -1 side,ILIS -1 side,P62,P62,z,1832.677691967335,,mm,false
15,In-pit target,fiducial,ILIS -1 side,ILIS -1 side,P63,P63,x,2681.035026716785,,mm,false
15,In-pit target,fiducial,ILIS -1 side,ILIS -1 side,P63,P63,y,-472.0275312537939,,mm,false
15,In-pit target,fiducial,ILIS -1 side,ILIS -1 side,P63,P63,z,1820.554824533996,,mm,false
15,In-pit target,fiducial,ILIS -1 side,ILIS -1 side,P64,P64,x,2466.005298889029,,mm,false
15,In-pit target,fiducial,ILIS -1 side,ILIS -1 side,P64,P64,y,-434.1124073427442,,mm,false
15,In-pit target,fiducial,ILIS -1 side,ILIS -1 side,P64,P64,z,1810.508326182271,,mm,false
15,In-pit target,fiducial,ILIS -1 side,ILIS -1 side,P65,P65,x,2262.795782875045,,mm,false
15,In-pit target,fiducial,ILIS -1 side,ILIS -1 side,P65,P65,y,-398.2275813360191,,mm,false
15,In-pit target,fiducial,ILIS -1 side,ILIS -1 side,P65,P65,z,1804.651085891025,,mm,false
15,In-pit target,fiducial,ILIS -1 side,ILIS -1 side,P66,P66,x,2309.763640784898,,mm,false
15,In-pit target,fiducial,ILIS -1 side,ILIS -1 side,P66,P66,y,-406.527830278173,,mm,false
15,In-pit target,fiducial,ILIS -1 side,ILIS -1 side,P66,P66,z,1611.978136334378,,mm,false
15,In-pit target,fiducial,ILIS -1 side,ILIS -1 side,P67,P67,x,2491.384480621397,,mm,false
15,In-pit target,fiducial,ILIS -1 side,ILIS -1 side,P67,P67,y,-438.5522351431608,,mm,false
15,In-pit target,fiducial,ILIS -1 side,ILIS -1 side,P67,P67,z,1637.716732452431,,mm,false
15,In-pit target,fiducial,ILIS -1 side,ILIS -1 side,P68,P68,x,2683.933148559648,,mm,false
15,In-pit target,fiducial,ILIS -1 side,ILIS -1 side,P68,P68,y,-472.516744988652,,mm,false
15,In-pit target,fiducial,ILIS -1 side,ILIS -1 side,P68,P68,z,1629.164642289176,,mm,false
15,In-pit target,fiducial,ILIS -1 side,ILIS -1 side,P69,P69,x,2970.120964260083,,mm,false
15,In-pit target,fiducial,ILIS -1 side,ILIS -1 side,P69,P69,y,-522.9734332679457,,mm,false
15,In-pit target,fiducial,ILIS -1 side,ILIS -1 side,P69,P69,z,1613.146672614462,,mm,false
15,In-pit target,fiducial,ILIS -1 side,ILIS -1 side,P70,P70,x,2822.510955379932,,mm,false
15,In-pit target,fiducial,ILIS -1 side,ILIS -1 side,P70,P70,y,-496.9420626054283,,mm,false
15,In-pit target,fiducial,ILIS -1 side,ILIS -1 side,P70,P70,z,2086.945941946774,,mm,false
15,In-pit target,fiducial,ILIS -1 side,ILIS -1 side,P71,P71,x,2989.319753119886,,mm,false
15,In-pit target,fiducial,ILIS -1 side,ILIS -1 side,P71,P71,y,-526.4330851221803,,mm,false
15,In-pit target,fiducial,ILIS -1 side,ILIS -1 side,P71,P71,z,1433.645466447584,,mm,false
15,In-pit target,fiducial,ILIS -1 side,ILIS -1 side,P72,P72,x,2687.591029685111,,mm,false
15,In-pit target,fiducial,ILIS -1 side,ILIS -1 side,P72,P72,y,-473.1959596540988,,mm,false
15,In-pit target,fiducial,ILIS -1 side,ILIS -1 side,P72,P72,z,1433.964412081549,,mm,false
15,In-pit target,fiducial,ILIS -1 side,ILIS -1 side,P73,P73,x,2484.27207003662,,mm,false
15,In-pit target,fiducial,ILIS -1 side,ILIS -1 side,P73,P73,y,-437.3811712549748,,mm,false
15,In-pit target,fiducial,ILIS -1 side,ILIS -1 side,P73,P73,z,1437.107178280544,,mm,false
15,In-pit target,fiducial,ILIS -1 side,ILIS -1 side,P74,P74,x,2349.822493577882,,mm,false
15,In-pit target,fiducial,ILIS -1 side,ILIS -1 side,P74,P74,y,-413.6579856974229,,mm,false
15,In-pit target,fiducial,ILIS -1 side,ILIS -1 side,P74,P74,z,1434.905620407689,,mm,false
15,In-pit target,fiducial,ILIS -1 side,ILIS -1 side,P75,P75,x,2317.358709615824,,mm,false
15,In-pit target,fiducial,ILIS -1 side,ILIS -1 side,P75,P75,y,-407.8962162780806,,mm,false
15,In-pit target,fiducial,ILIS -1 side,ILIS -1 side,P75,P75,z,1210.397658535458,,mm,false
15,In-pit target,fiducial,ILIS -1 side,ILIS -1 side,P76,P76,x,2555.659098510328,,mm,false
15,In-pit target,fiducial,ILIS -1 side,ILIS -1 side,P76,P76,y,-449.9519445022284,,mm,false
15,In-pit target,fiducial,ILIS -1 side,ILIS -1 side,P76,P76,z,1232.682695584219,,mm,false
15,In-pit target,fiducial,ILIS -1 side,ILIS -1 side,P77,P77,x,2756.219215684702,,mm,false
15,In-pit target,fiducial,ILIS -1 side,ILIS -1 side,P77,P77,y,-485.2967503112414,,mm,false
15,In-pit target,fiducial,ILIS -1 side,ILIS -1 side,P77,P77,z,1248.030102574462,,mm,false
15,In-pit target,fiducial,ILIS -1 side,ILIS -1 side,P78,P78,x,3016.235431840798,,mm,false
15,In-pit target,fiducial,ILIS -1 side,ILIS -1 side,P78,P78,y,-531.181256881661,,mm,false
15,In-pit target,fiducial,ILIS -1 side,ILIS -1 side,P78,P78,z,881.9037753421037,,mm,false
15,In-pit target,fiducial,ILIS -1 side,ILIS -1 side,P79,P79,x,2763.745450804336,,mm,false
15,In-pit target,fiducial,ILIS -1 side,ILIS -1 side,P79,P79,y,-486.5852185538986,,mm,false
15,In-pit target,fiducial,ILIS -1 side,ILIS -1 side,P79,P79,z,865.2296294366773,,mm,false
15,In-pit target,fiducial,ILIS -1 side,ILIS -1 side,P80,P80,x,2492.707644222401,,mm,false
15,In-pit target,fiducial,ILIS -1 side,ILIS -1 side,P80,P80,y,-438.8388933862946,,mm,false
15,In-pit target,fiducial,ILIS -1 side,ILIS -1 side,P80,P80,z,882.4266476736512,,mm,false
15,In-pit target,fiducial,ILIS -1 side,ILIS -1 side,P81,P81,x,2274.088340437891,,mm,false
15,In-pit target,fiducial,ILIS -1 side,ILIS -1 side,P81,P81,y,-400.243714075017,,mm,false
15,In-pit target,fiducial,ILIS -1 side,ILIS -1 side,P81,P81,z,878.9603749338125,,mm,false
15,In-pit target,fiducial,ILIS -1 side,ILIS -1 side,P82,P82,x,2279.710238476923,,mm,false
15,In-pit target,fiducial,ILIS -1 side,ILIS -1 side,P82,P82,y,-401.2325447119989,,mm,false
15,In-pit target,fiducial,ILIS -1 side,ILIS -1 side,P82,P82,z,587.3800213836975,,mm,false
15,In-pit target,fiducial,ILIS -1 side,ILIS -1 side,P83,P83,x,2525.62018462993,,mm,false
15,In-pit target,fiducial,ILIS -1 side,ILIS -1 side,P83,P83,y,-444.6284230646992,,mm,false
15,In-pit target,fiducial,ILIS -1 side,ILIS -1 side,P83,P83,z,603.0345806244497,,mm,false
15,In-pit target,fiducial,ILIS -1 side,ILIS -1 side,P84,P84,x,2723.529096283307,,mm,false
15,In-pit target,fiducial,ILIS -1 side,ILIS -1 side,P84,P84,y,-479.4830785878634,,mm,false
15,In-pit target,fiducial,ILIS -1 side,ILIS -1 side,P84,P84,z,598.75215414666,,mm,false
15,In-pit target,fiducial,ILIS -1 side,ILIS -1 side,P85,P85,x,2966.936604756618,,mm,false
15,In-pit target,fiducial,ILIS -1 side,ILIS -1 side,P85,P85,y,-522.4487215215368,,mm,false
15,In-pit target,fiducial,ILIS -1 side,ILIS -1 side,P85,P85,z,574.9268703894539,,mm,false
15,In-pit target,fiducial,ILIS -1 side,ILIS -1 side,P86,P86,x,2966.587362381517,,mm,false
15,In-pit target,fiducial,ILIS -1 side,ILIS -1 side,P86,P86,y,-522.4016488526066,,mm,false
15,In-pit target,fiducial,ILIS -1 side,ILIS -1 side,P86,P86,z,1232.266893523545,,mm,false
15,In-pit target,fiducial,ILIS -1 side,ILIS -1 side,P87,P87,x,2986.467493094487,,mm,false
15,In-pit target,fiducial,ILIS -1 side,ILIS -1 side,P87,P87,y,-525.8785323888454,,mm,false
15,In-pit target,fiducial,ILIS -1 side,ILIS -1 side,P87,P87,z,429.2756438304298,,mm,false
15,In-pit target,fiducial,ILIS -1 side,ILIS -1 side,P88,P88,x,2687.620316014443,,mm,false
15,In-pit target,fiducial,ILIS -1 side,ILIS -1 side,P88,P88,y,-473.1915872987275,,mm,false
15,In-pit target,fiducial,ILIS -1 side,ILIS -1 side,P88,P88,z,454.7444083933111,,mm,false
15,In-pit target,fiducial,ILIS -1 side,ILIS -1 side,P89,P89,x,2503.931404978555,,mm,false
15,In-pit target,fiducial,ILIS -1 side,ILIS -1 side,P89,P89,y,-440.7772718486962,,mm,false
15,In-pit target,fiducial,ILIS -1 side,ILIS -1 side,P89,P89,z,459.9659423016308,,mm,false
15,In-pit target,fiducial,ILIS -1 side,ILIS -1 side,P90,P90,x,2283.521661012879,,mm,false
15,In-pit target,fiducial,ILIS -1 side,ILIS -1 side,P90,P90,y,-401.8920180486147,,mm,false
15,In-pit target,fiducial,ILIS -1 side,ILIS -1 side,P90,P90,z,449.2897818547187,,mm,false
15,In-pit target,fiducial,ILIS -1 side,ILIS -1 side,P91,P91,x,2261.366741946742,,mm,false
15,In-pit target,fiducial,ILIS -1 side,ILIS -1 side,P91,P91,y,-397.9604134802505,,mm,false
15,In-pit target,fiducial,ILIS -1 side,ILIS -1 side,P91,P91,z,207.1711726015452,,mm,false
15,In-pit target,fiducial,ILIS -1 side,ILIS -1 side,P92,P92,x,2497.536364087067,,mm,false
15,In-pit target,fiducial,ILIS -1 side,ILIS -1 side,P92,P92,y,-439.6660355527755,,mm,false
15,In-pit target,fiducial,ILIS -1 side,ILIS -1 side,P92,P92,z,216.9563433021451,,mm,false
15,In-pit target,fiducial,ILIS -1 side,ILIS -1 side,P93,P93,x,2706.60431719272,,mm,false
15,In-pit target,fiducial,ILIS -1 side,ILIS -1 side,P93,P93,y,-476.5408890483037,,mm,false
15,In-pit target,fiducial,ILIS -1 side,ILIS -1 side,P93,P93,z,197.9832158874079,,mm,false
15,In-pit target,fiducial,ILIS -1 side,ILIS -1 side,P94,P94,x,2920.095324923896,,mm,false
15,In-pit target,fiducial,ILIS -1 side,ILIS -1 side,P94,P94,y,-514.1860683434167,,mm,false
15,In-pit target,fiducial,ILIS -1 side,ILIS -1 side,P94,P94,z,228.5698108885815,,mm,false
15,In-pit target,fiducial,ILIS -1 side,ILIS -1 side,P95,P95,x,2976.85055656178,,mm,false
15,In-pit target,fiducial,ILIS -1 side,ILIS -1 side,P95,P95,y,-524.1456418508371,,mm,false
15,In-pit target,fiducial,ILIS -1 side,ILIS -1 side,P95,P95,z,-167.1137533104896,,mm,false
15,In-pit target,fiducial,ILIS -1 side,ILIS -1 side,P96,P96,x,2718.010250560171,,mm,false
15,In-pit target,fiducial,ILIS -1 side,ILIS -1 side,P96,P96,y,-478.529428386223,,mm,false
15,In-pit target,fiducial,ILIS -1 side,ILIS -1 side,P96,P96,z,-189.4175009360369,,mm,false
15,In-pit target,fiducial,ILIS -1 side,ILIS -1 side,P97,P97,x,2510.821643830326,,mm,false
15,In-pit target,fiducial,ILIS -1 side,ILIS -1 side,P97,P97,y,-441.9745727465697,,mm,false
15,In-pit target,fiducial,ILIS -1 side,ILIS -1 side,P97,P97,z,-180.8644914943349,,mm,false
15,In-pit target,fiducial,ILIS -1 side,ILIS -1 side,P98,P98,x,2285.332422494538,,mm,false
15,In-pit target,fiducial,ILIS -1 side,ILIS -1 side,P98,P98,y,-402.1992350983542,,mm,false
15,In-pit target,fiducial,ILIS -1 side,ILIS -1 side,P98,P98,z,-183.4503330112039,,mm,false
15,In-pit target,fiducial,ILIS -1 side,ILIS -1 side,P99,P99,x,2268.337564533084,,mm,false
15,In-pit target,fiducial,ILIS -1 side,ILIS -1 side,P99,P99,y,-399.1977583944532,,mm,false
15,In-pit target,fiducial,ILIS -1 side,ILIS -1 side,P99,P99,z,-424.2292663514485,,mm,false
15,In-pit target,fiducial,ILIS -1 side,ILIS -1 side,P100,P100,x,2501.206381893953,,mm,false
15,In-pit target,fiducial,ILIS -1 side,ILIS -1 side,P100,P100,y,-440.2732434637227,,mm,false
15,In-pit target,fiducial,ILIS -1 side,ILIS -1 side,P100,P100,z,-427.6638882046314,,mm,false
15,In-pit target,fiducial,ILIS -1 side,ILIS -1 side,P101,P101,x,2714.416040165389,,mm,false
15,In-pit target,fiducial,ILIS -1 side,ILIS -1 side,P101,P101,y,-477.8783188472303,,mm,false
15,In-pit target,fiducial,ILIS -1 side,ILIS -1 side,P101,P101,z,-418.8572756221324,,mm,false
15,In-pit target,fiducial,ILIS -1 side,ILIS -1 side,P102,P102,x,2995.014800229069,,mm,false
15,In-pit target,fiducial,ILIS -1 side,ILIS -1 side,P102,P102,y,-527.334941431316,,mm,false
15,In-pit target,fiducial,ILIS -1 side,ILIS -1 side,P102,P102,z,-420.024894267509,,mm,false
15,In-pit target,fiducial,ILIS -1 side,ILIS -1 side,P103,P103,x,2989.125686705162,,mm,false
15,In-pit target,fiducial,ILIS -1 side,ILIS -1 side,P103,P103,y,-526.3041441543446,,mm,false
15,In-pit target,fiducial,ILIS -1 side,ILIS -1 side,P103,P103,z,-567.4045248101193,,mm,false
15,In-pit target,fiducial,ILIS -1 side,ILIS -1 side,P104,P104,x,2733.397540346868,,mm,false
15,In-pit target,fiducial,ILIS -1 side,ILIS -1 side,P104,P104,y,-481.2081606373147,,mm,false
15,In-pit target,fiducial,ILIS -1 side,ILIS -1 side,P104,P104,z,-554.6784676523657,,mm,false
15,In-pit target,fiducial,ILIS -1 side,ILIS -1 side,P105,P105,x,2518.198684268641,,mm,false
15,In-pit target,fiducial,ILIS -1 side,ILIS -1 side,P105,P105,y,-443.2930955212922,,mm,false
15,In-pit target,fiducial,ILIS -1 side,ILIS -1 side,P105,P105,z,-550.6649554908853,,mm,false
15,In-pit target,fiducial,ILIS -1 side,ILIS -1 side,P106,P106,x,2318.670092992514,,mm,false
15,In-pit target,fiducial,ILIS -1 side,ILIS -1 side,P106,P106,y,-408.0784242046201,,mm,false
15,In-pit target,fiducial,ILIS -1 side,ILIS -1 side,P106,P106,z,-541.3524269715789,,mm,false
15,In-pit target,fiducial,ILIS -1 side,ILIS -1 side,P107,P107,x,2298.112970191927,,mm,false
15,In-pit target,fiducial,ILIS -1 side,ILIS -1 side,P107,P107,y,-404.4166991064374,,mm,false
15,In-pit target,fiducial,ILIS -1 side,ILIS -1 side,P107,P107,z,-818.9111365655439,,mm,false
15,In-pit target,fiducial,ILIS -1 side,ILIS -1 side,P108,P108,x,2298.362889263897,,mm,false
15,In-pit target,fiducial,ILIS -1 side,ILIS -1 side,P108,P108,y,-404.4566992485613,,mm,false
15,In-pit target,fiducial,ILIS -1 side,ILIS -1 side,P108,P108,z,-820.2011522422303,,mm,false
15,In-pit target,fiducial,ILIS -1 side,ILIS -1 side,P109,P109,x,2516.55129171637,,mm,false
15,In-pit target,fiducial,ILIS -1 side,ILIS -1 side,P109,P109,y,-442.9918033592505,,mm,false
15,In-pit target,fiducial,ILIS -1 side,ILIS -1 side,P109,P109,z,-831.294852545372,,mm,false
15,In-pit target,fiducial,ILIS -1 side,ILIS -1 side,P110,P110,x,2739.479936143404,,mm,false
15,In-pit target,fiducial,ILIS -1 side,ILIS -1 side,P110,P110,y,-482.3070381906126,,mm,false
15,In-pit target,fiducial,ILIS -1 side,ILIS -1 side,P110,P110,z,-838.1888502303185,,mm,false
15,In-pit target,fiducial,ILIS -1 side,ILIS -1 side,P111,P111,x,3003.44870592873,,mm,false
15,In-pit target,fiducial,ILIS -1 side,ILIS -1 side,P111,P111,y,-528.8332636884718,,mm,false
15,In-pit target,fiducial,ILIS -1 side,ILIS -1 side,P111,P111,z,-840.3154246926696,,mm,false
15,In-pit target,fiducial,ILIS -1 side,ILIS -1 side,P112,P112,x,3011.551398208734,,mm,false
15,In-pit target,fiducial,ILIS -1 side,ILIS -1 side,P112,P112,y,-530.2422108436477,,mm,false
15,In-pit target,fiducial,ILIS -1 side,ILIS -1 side,P112,P112,z,-1118.925933908904,,mm,false
15,In-pit target,fiducial,ILIS -1 side,ILIS -1 side,P113,P113,x,2767.670988895638,,mm,false
15,In-pit target,fiducial,ILIS -1 side,ILIS -1 side,P113,P113,y,-487.2663477831139,,mm,false
15,In-pit target,fiducial,ILIS -1 side,ILIS -1 side,P113,P113,z,-1141.890620875612,,mm,false
15,In-pit target,fiducial,ILIS -1 side,ILIS -1 side,P114,P114,x,2477.110304132937,,mm,false
15,In-pit target,fiducial,ILIS -1 side,ILIS -1 side,P114,P114,y,-435.9793481531628,,mm,false
15,In-pit target,fiducial,ILIS -1 side,ILIS -1 side,P114,P114,z,-1172.462376454706,,mm,false
15,In-pit target,fiducial,ILIS -1 side,ILIS -1 side,P115,P115,x,2258.000804836323,,mm,false
15,In-pit target,fiducial,ILIS -1 side,ILIS -1 side,P115,P115,y,-397.3141430621167,,mm,false
15,In-pit target,fiducial,ILIS -1 side,ILIS -1 side,P115,P115,z,-1179.108618494724,,mm,false
15,In-pit target,fiducial,ILIS -1 side,ILIS -1 side,P116,P116,x,2235.894867459827,,mm,false
15,In-pit target,fiducial,ILIS -1 side,ILIS -1 side,P116,P116,y,-393.3924663214817,,mm,false
15,In-pit target,fiducial,ILIS -1 side,ILIS -1 side,P116,P116,z,-1437.64723086094,,mm,false
15,In-pit target,fiducial,ILIS -1 side,ILIS -1 side,P117,P117,x,2509.365280160538,,mm,false
15,In-pit target,fiducial,ILIS -1 side,ILIS -1 side,P117,P117,y,-441.7090376291353,,mm,false
15,In-pit target,fiducial,ILIS -1 side,ILIS -1 side,P117,P117,z,-1412.594402390373,,mm,false
15,In-pit target,fiducial,ILIS -1 side,ILIS -1 side,P118,P118,x,2744.983737814614,,mm,false
15,In-pit target,fiducial,ILIS -1 side,ILIS -1 side,P118,P118,y,-483.2345625019539,,mm,false
15,In-pit target,fiducial,ILIS -1 side,ILIS -1 side,P118,P118,z,-1421.659196748302,,mm,false
15,In-pit target,fiducial,ILIS -1 side,ILIS -1 side,P119,P119,x,3009.632025163211,,mm,false
15,In-pit target,fiducial,ILIS -1 side,ILIS -1 side,P119,P119,y,-529.9207695736314,,mm,false
15,In-pit target,fiducial,ILIS -1 side,ILIS -1 side,P119,P119,z,-1431.505814071755,,mm,false
15,In-pit target,fiducial,ILIS -1 side,ILIS -1 side,P120,P120,x,3008.993429640038,,mm,false
15,In-pit target,fiducial,ILIS -1 side,ILIS -1 side,P120,P120,y,-529.7701351216685,,mm,false
15,In-pit target,fiducial,ILIS -1 side,ILIS -1 side,P120,P120,z,-1570.195774072541,,mm,false
15,In-pit target,fiducial,ILIS -1 side,ILIS -1 side,P121,P121,x,2751.664532558353,,mm,false
15,In-pit target,fiducial,ILIS -1 side,ILIS -1 side,P121,P121,y,-484.3540591777131,,mm,false
15,In-pit target,fiducial,ILIS -1 side,ILIS -1 side,P121,P121,z,-1569.6996162586,,mm,false
15,In-pit target,fiducial,ILIS -1 side,ILIS -1 side,P122,P122,x,2502.696574848259,,mm,false
15,In-pit target,fiducial,ILIS -1 side,ILIS -1 side,P122,P122,y,-440.4582509662554,,mm,false
15,In-pit target,fiducial,ILIS -1 side,ILIS -1 side,P122,P122,z,-1553.473983601356,,mm,false
15,In-pit target,fiducial,ILIS -1 side,ILIS -1 side,P123,P123,x,2503.226536081022,,mm,false
15,In-pit target,fiducial,ILIS -1 side,ILIS -1 side,P123,P123,y,-440.4982607597153,,mm,false
15,In-pit target,fiducial,ILIS -1 side,ILIS -1 side,P123,P123,z,-1554.084016639967,,mm,false
15,In-pit target,fiducial,ILIS -1 side,ILIS -1 side,P124,P124,x,2275.997908345174,,mm,false
15,In-pit target,fiducial,ILIS -1 side,ILIS -1 side,P124,P124,y,-400.5029244077779,,mm,false
15,In-pit target,fiducial,ILIS -1 side,ILIS -1 side,P124,P124,z,-1547.179749308893,,mm,false
15,In-pit target,fiducial,ILIS -1 side,ILIS -1 side,P125,P125,x,2276.697900076646,,mm,false
15,In-pit target,fiducial,ILIS -1 side,ILIS -1 side,P125,P125,y,-400.6429405842621,,mm,false
15,In-pit target,fiducial,ILIS -1 side,ILIS -1 side,P125,P125,z,-1547.259793335483,,mm,false
15,In-pit target,fiducial,ILIS -1 side,ILIS -1 side,P126,P126,x,2294.241260363435,,mm,false
15,In-pit target,fiducial,ILIS -1 side,ILIS -1 side,P126,P126,y,-403.6421615485696,,mm,false
15,In-pit target,fiducial,ILIS -1 side,ILIS -1 side,P126,P126,z,-1814.490894974972,,mm,false
15,In-pit target,fiducial,ILIS -1 side,ILIS -1 side,P127,P127,x,2483.64087629097,,mm,false
15,In-pit target,fiducial,ILIS -1 side,ILIS -1 side,P127,P127,y,-437.0566643586897,,mm,false
15,In-pit target,fiducial,ILIS -1 side,ILIS -1 side,P127,P127,z,-1807.962787404284,,mm,false
15,In-pit target,fiducial,ILIS -1 side,ILIS -1 side,P128,P128,x,2749.509591214923,,mm,false
15,In-pit target,fiducial,ILIS -1 side,ILIS -1 side,P128,P128,y,-483.9629314283832,,mm,false
15,In-pit target,fiducial,ILIS -1 side,ILIS -1 side,P128,P128,z,-1810.829481366368,,mm,false
15,In-pit target,fiducial,ILIS -1 side,ILIS -1 side,P129,P129,x,2987.228437942033,,mm,false
15,In-pit target,fiducial,ILIS -1 side,ILIS -1 side,P129,P129,y,-525.8685345829635,,mm,false
15,In-pit target,fiducial,ILIS -1 side,ILIS -1 side,P129,P129,z,-1813.474407638299,,mm,false
15,In-pit target,fiducial,ILIS -1 side,ILIS -1 side,P130,P130,x,3008.045394242792,,mm,false
15,In-pit target,fiducial,ILIS -1 side,ILIS -1 side,P130,P130,y,-529.5688133461757,,mm,false
15,In-pit target,fiducial,ILIS -1 side,ILIS -1 side,P130,P130,z,-1861.155714955179,,mm,false
15,In-pit target,fiducial,ILIS -1 side,ILIS -1 side,P131,P131,x,2759.366626164958,,mm,false
15,In-pit target,fiducial,ILIS -1 side,ILIS -1 side,P131,P131,y,-485.6729535967142,,mm,false
15,In-pit target,fiducial,ILIS -1 side,ILIS -1 side,P131,P131,z,-1858.000100253314,,mm,false
15,In-pit target,fiducial,ILIS -1 side,ILIS -1 side,P132,P132,x,2282.878243338642,,mm,false
15,In-pit target,fiducial,ILIS -1 side,ILIS -1 side,P132,P132,y,-401.6216724081921,,mm,false
15,In-pit target,fiducial,ILIS -1 side,ILIS -1 side,P132,P132,z,-1863.920181513702,,mm,false
15,In-pit target,fiducial,ILIS -1 side,ILIS -1 side,P133,P133,x,2274.089884042532,,mm,false
15,In-pit target,fiducial,ILIS -1 side,ILIS -1 side,P133,P133,y,-400.0401397662665,,mm,false
15,In-pit target,fiducial,ILIS -1 side,ILIS -1 side,P133,P133,z,-2160.629630125278,,mm,false
15,In-pit target,fiducial,ILIS -1 side,ILIS -1 side,P134,P134,x,2522.479651771598,,mm,false
15,In-pit target,fiducial,ILIS -1 side,ILIS -1 side,P134,P134,y,-443.8760645897045,,mm,false
15,In-pit target,fiducial,ILIS -1 side,ILIS -1 side,P134,P134,z,-2147.685226609666,,mm,false
15,In-pit target,fiducial,ILIS -1 side,ILIS -1 side,P135,P135,x,2775.019784890198,,mm,false
15,In-pit target,fiducial,ILIS -1 side,ILIS -1 side,P135,P135,y,-488.4121149540458,,mm,false
15,In-pit target,fiducial,ILIS -1 side,ILIS -1 side,P135,P135,z,-2128.581083541093,,mm,false
15,In-pit target,fiducial,ILIS -1 side,ILIS -1 side,P136,P136,x,3010.899647008736,,mm,false
15,In-pit target,fiducial,ILIS -1 side,ILIS -1 side,P136,P136,y,-530.037747331309,,mm,false
15,In-pit target,fiducial,ILIS -1 side,ILIS -1 side,P136,P136,z,-2114.955894510013,,mm,false
15,In-pit target,fiducial,ILIS -1 side,ILIS -1 side,P137,P137,x,2963.363652441022,,mm,false
15,In-pit target,fiducial,ILIS -1 side,ILIS -1 side,P137,P137,y,-521.6354581896204,,mm,false
15,In-pit target,fiducial,ILIS -1 side,ILIS -1 side,P137,P137,z,-2376.122910148737,,mm,false
15,In-pit target,fiducial,ILIS -1 side,ILIS -1 side,P138,P138,x,2720.51411638054,,mm,false
15,In-pit target,fiducial,ILIS -1 side,ILIS -1 side,P138,P138,y,-478.7796825806362,,mm,false
15,In-pit target,fiducial,ILIS -1 side,ILIS -1 side,P138,P138,z,-2384.957661540892,,mm,false
15,In-pit target,fiducial,ILIS -1 side,ILIS -1 side,P139,P139,x,2499.134862528681,,mm,false
15,In-pit target,fiducial,ILIS -1 side,ILIS -1 side,P139,P139,y,-439.7244408930542,,mm,false
15,In-pit target,fiducial,ILIS -1 side,ILIS -1 side,P139,P139,z,-2387.793761101644,,mm,false
15,In-pit target,fiducial,ILIS -1 side,ILIS -1 side,P140,P140,x,2211.075411099659,,mm,false
15,In-pit target,fiducial,ILIS -1 side,ILIS -1 side,P140,P140,y,-388.9575900609263,,mm,false
15,In-pit target,fiducial,ILIS -1 side,ILIS -1 side,P140,P140,z,-2398.275674047242,,mm,false
15,In-pit target,fiducial,ILIS -1 side,ILIS -1 side,P141,P141,x,2972.222291958206,,mm,false
15,In-pit target,fiducial,ILIS -1 side,ILIS -1 side,P141,P141,y,-523.2548519215812,,mm,false
15,In-pit target,fiducial,ILIS -1 side,ILIS -1 side,P141,P141,z,-2558.733466989916,,mm,false
15,In-pit target,fiducial,ILIS -1 side,ILIS -1 side,P142,P142,x,2702.554219325261,,mm,false
15,In-pit target,fiducial,ILIS -1 side,ILIS -1 side,P142,P142,y,-475.6685402164248,,mm,false
15,In-pit target,fiducial,ILIS -1 side,ILIS -1 side,P142,P142,z,-2545.76653440229,,mm,false
15,In-pit target,fiducial,ILIS -1 side,ILIS -1 side,P143,P143,x,2474.064701980629,,mm,false
15,In-pit target,fiducial,ILIS -1 side,ILIS -1 side,P143,P143,y,-435.3531094615394,,mm,false
15,In-pit target,fiducial,ILIS -1 side,ILIS -1 side,P143,P143,z,-2553.332187491442,,mm,false
15,In-pit target,fiducial,ILIS -1 side,ILIS -1 side,P144,P144,x,2269.463793875601,,mm,false
15,In-pit target,fiducial,ILIS -1 side,ILIS -1 side,P144,P144,y,-399.23814993005,,mm,false
15,In-pit target,fiducial,ILIS -1 side,ILIS -1 side,P144,P144,z,-2581.729340528966,,mm,false
15,In-pit target,fiducial,ILIS -1 side,ILIS -1 side,P145,P145,x,2281.753263730169,,mm,false
15,In-pit target,fiducial,ILIS -1 side,ILIS -1 side,P145,P145,y,-401.3384055959896,,mm,false
15,In-pit target,fiducial,ILIS -1 side,ILIS -1 side,P145,P145,z,-2589.480111899052,,mm,false
15,In-pit target,fiducial,ILIS -1 side,ILIS -1 side,P146,P146,x,2938.966120150482,,mm,false
15,In-pit target,fiducial,ILIS -1 side,ILIS -1 side,P146,P146,y,-517.2628914043681,,mm,false
15,In-pit target,fiducial,ILIS -1 side,ILIS -1 side,P146,P146,z,-2821.841378778701,,mm,false
15,In-pit target,fiducial,ILIS -1 side,ILIS -1 side,P147,P147,x,2719.597344271021,,mm,false
15,In-pit target,fiducial,ILIS -1 side,ILIS -1 side,P147,P147,y,-478.5777322610182,,mm,false
15,In-pit target,fiducial,ILIS -1 side,ILIS -1 side,P147,P147,z,-2816.827604631364,,mm,false
15,In-pit target,fiducial,ILIS -1 side,ILIS -1 side,P148,P148,x,2495.727148229456,,mm,false
15,In-pit target,fiducial,ILIS -1 side,ILIS -1 side,P148,P148,y,-439.0923631421712,,mm,false
15,In-pit target,fiducial,ILIS -1 side,ILIS -1 side,P148,P148,z,-2835.023547856698,,mm,false
15,In-pit target,fiducial,ILIS -1 side,ILIS -1 side,P149,P149,x,2263.046113821636,,mm,false
15,In-pit target,fiducial,ILIS -1 side,ILIS -1 side,P149,P149,y,-398.0367228542707,,mm,false
15,In-pit target,fiducial,ILIS -1 side,ILIS -1 side,P149,P149,z,-2867.338937804174,,mm,false
15,In-pit target,fiducial,ILIS -1 side,ILIS -1 side,P150,P150,x,2988.759998819929,,mm,false
15,In-pit target,fiducial,ILIS -1 side,ILIS -1 side,P150,P150,y,-526.0329212826593,,mm,false
15,In-pit target,fiducial,ILIS -1 side,ILIS -1 side,P150,P150,z,-3078.514505776808,,mm,false
15,In-pit target,fiducial,ILIS -1 side,ILIS -1 side,P151,P151,x,2741.410562031964,,mm,false
15,In-pit target,fiducial,ILIS -1 side,ILIS -1 side,P151,P151,y,-482.3870451919898,,mm,false
15,In-pit target,fiducial,ILIS -1 side,ILIS -1 side,P151,P151,z,-3086.04897463365,,mm,false
15,In-pit target,fiducial,ILIS -1 side,ILIS -1 side,P152,P152,x,2499.331578349164,,mm,false
15,In-pit target,fiducial,ILIS -1 side,ILIS -1 side,P152,P152,y,-439.6913278420477,,mm,false
15,In-pit target,fiducial,ILIS -1 side,ILIS -1 side,P152,P152,z,-3085.913774499349,,mm,false
15,In-pit target,fiducial,ILIS -1 side,ILIS -1 side,P153,P153,x,2240.003639469734,,mm,false
15,In-pit target,fiducial,ILIS -1 side,ILIS -1 side,P153,P153,y,-393.9752731870016,,mm,false
15,In-pit target,fiducial,ILIS -1 side,ILIS -1 side,P153,P153,z,-3070.077491370934,,mm,false
15,In-pit target,fiducial,ILIS -1 side,ILIS -1 side,P154,P154,x,2493.730384104384,,mm,false
15,In-pit target,fiducial,ILIS -1 side,ILIS -1 side,P154,P154,y,-438.6696672399839,,mm,false
15,In-pit target,fiducial,ILIS -1 side,ILIS -1 side,P154,P154,z,-3428.13342331082,,mm,false
15,In-pit target,fiducial,ILIS -1 side,ILIS -1 side,P155,P155,x,2237.960486335217,,mm,false
15,In-pit target,fiducial,ILIS -1 side,ILIS -1 side,P155,P155,y,-393.5935566212652,,mm,false
15,In-pit target,fiducial,ILIS -1 side,ILIS -1 side,P155,P155,z,-3443.647363707733,,mm,false
15,In-pit target,fiducial,ILIS -1 side,ILIS -1 side,P156,P156,x,2736.299048741113,,mm,false
15,In-pit target,fiducial,ILIS -1 side,ILIS -1 side,P156,P156,y,-481.4853733803375,,mm,false
15,In-pit target,fiducial,ILIS -1 side,ILIS -1 side,P156,P156,z,-3433.368654352236,,mm,false
15,In-pit target,fiducial,ILIS -1 side,ILIS -1 side,P157,P157,x,2956.527310798594,,mm,false
15,In-pit target,fiducial,ILIS -1 side,ILIS -1 side,P157,P157,y,-520.320516070756,,mm,false
15,In-pit target,fiducial,ILIS -1 side,ILIS -1 side,P157,P157,z,-3446.612482475423,,mm,false
15,In-pit target,fiducial,ILIS -1 side,ILIS -1 side,P158,P158,x,2960.130253094419,,mm,false
15,In-pit target,fiducial,ILIS -1 side,ILIS -1 side,P158,P158,y,-520.9500938963491,,mm,false
15,In-pit target,fiducial,ILIS -1 side,ILIS -1 side,P158,P158,z,-3560.202708897306,,mm,false
15,In-pit target,fiducial,ILIS -1 side,ILIS -1 side,P159,P159,x,2804.430514001991,,mm,false
15,In-pit target,fiducial,ILIS -1 side,ILIS -1 side,P159,P159,y,-493.4563882803429,,mm,false
15,In-pit target,fiducial,ILIS -1 side,ILIS -1 side,P159,P159,z,-3566.462932379767,,mm,false
15,In-pit target,fiducial,ILIS -1 side,ILIS -1 side,P160,P160,x,2651.990998818262,,mm,false
15,In-pit target,fiducial,ILIS -1 side,ILIS -1 side,P160,P160,y,-466.5627768194203,,mm,false
15,In-pit target,fiducial,ILIS -1 side,ILIS -1 side,P160,P160,z,-3568.883360676259,,mm,false
15,In-pit target,fiducial,ILIS -1 side,ILIS -1 side,P161,P161,x,2667.809197514542,,mm,false
15,In-pit target,fiducial,ILIS -1 side,ILIS -1 side,P161,P161,y,-469.3623051930446,,mm,false
15,In-pit target,fiducial,ILIS -1 side,ILIS -1 side,P161,P161,z,-3758.154354309437,,mm,false
15,In-pit target,fiducial,ILIS -1 side,ILIS -1 side,P162,P162,x,2826.158160718865,,mm,false
15,In-pit target,fiducial,ILIS -1 side,ILIS -1 side,P162,P162,y,-497.2860182302826,,mm,false
15,In-pit target,fiducial,ILIS -1 side,ILIS -1 side,P162,P162,z,-3764.244297029203,,mm,false
15,In-pit target,fiducial,ILIS -1 side,ILIS -1 side,P163,P163,x,2985.438673766263,,mm,false
15,In-pit target,fiducial,ILIS -1 side,ILIS -1 side,P163,P163,y,-525.3498651401233,,mm,false
15,In-pit target,fiducial,ILIS -1 side,ILIS -1 side,P163,P163,z,-3745.284298084614,,mm,false
15,In-pit target,fiducial,ILIS -1 side,ILIS -1 side,P164,P164,x,2969.586224818994,,mm,false
15,In-pit target,fiducial,ILIS -1 side,ILIS -1 side,P164,P164,y,-522.5485892752695,,mm,false
15,In-pit target,fiducial,ILIS -1 side,ILIS -1 side,P164,P164,z,-3947.133303075729,,mm,false
15,In-pit target,fiducial,ILIS -1 side,ILIS -1 side,P165,P165,x,2843.097469102113,,mm,false
15,In-pit target,fiducial,ILIS -1 side,ILIS -1 side,P165,P165,y,-500.2756533357022,,mm,false
15,In-pit target,fiducial,ILIS -1 side,ILIS -1 side,P165,P165,z,-3935.545360988051,,mm,false
15,In-pit target,fiducial,ILIS -1 side,ILIS -1 side,P166,P166,x,2638.109517729214,,mm,false
15,In-pit target,fiducial,ILIS -1 side,ILIS -1 side,P166,P166,y,-464.1408975939003,,mm,false
15,In-pit target,fiducial,ILIS -1 side,ILIS -1 side,P166,P166,z,-3916.262489847531,,mm,false
15,In-pit target,fiducial,ILIS -1 side,ILIS -1 side,P167,P167,x,2524.343398734068,,mm,false
15,In-pit target,fiducial,ILIS -1 side,ILIS -1 side,P167,P167,y,-444.1098964388369,,mm,false
15,In-pit target,fiducial,ILIS -1 side,ILIS -1 side,P167,P167,z,-3538.725345898081,,mm,false
15,In-pit target,fiducial,ILIS -1 side,ILIS -1 side,P168,P168,x,2395.64239715946,,mm,false
15,In-pit target,fiducial,ILIS -1 side,ILIS -1 side,P168,P168,y,-421.3967457340019,,mm,false
15,In-pit target,fiducial,ILIS -1 side,ILIS -1 side,P168,P168,z,-3563.527264750306,,mm,false
15,In-pit target,fiducial,ILIS -1 side,ILIS -1 side,P169,P169,x,2395.522353610655,,mm,false
15,In-pit target,fiducial,ILIS -1 side,ILIS -1 side,P169,P169,y,-421.3767397278316,,mm,false
15,In-pit target,fiducial,ILIS -1 side,ILIS -1 side,P169,P169,z,-3564.237257219355,,mm,false
15,In-pit target,fiducial,ILIS -1 side,ILIS -1 side,P170,P170,x,2199.963188776864,,mm,false
15,In-pit target,fiducial,ILIS -1 side,ILIS -1 side,P170,P170,y,-386.8721220653812,,mm,false
15,In-pit target,fiducial,ILIS -1 side,ILIS -1 side,P170,P170,z,-3563.904978002101,,mm,false
15,In-pit target,fiducial,ILIS -1 side,ILIS -1 side,P171,P171,x,2199.712428199457,,mm,false
15,In-pit target,fiducial,ILIS -1 side,ILIS -1 side,P171,P171,y,-386.7713409159681,,mm,false
15,In-pit target,fiducial,ILIS -1 side,ILIS -1 side,P171,P171,z,-3737.494962339599,,mm,false
15,In-pit target,fiducial,ILIS -1 side,ILIS -1 side,P172,P172,x,2392.10271882091,,mm,false
15,In-pit target,fiducial,ILIS -1 side,ILIS -1 side,P172,P172,y,-420.705963847168,,mm,false
15,In-pit target,fiducial,ILIS -1 side,ILIS -1 side,P172,P172,z,-3719.887042499075,,mm,false
15,In-pit target,fiducial,ILIS -1 side,ILIS -1 side,P173,P173,x,2560.772128741647,,mm,false
15,In-pit target,fiducial,ILIS -1 side,ILIS -1 side,P173,P173,y,-450.4799559773767,,mm,false
15,In-pit target,fiducial,ILIS -1 side,ILIS -1 side,P173,P173,z,-3718.067633358429,,mm,false
15,In-pit target,fiducial,ILIS -1 side,ILIS -1 side,P174,P174,x,2550.379917899546,,mm,false
15,In-pit target,fiducial,ILIS -1 side,ILIS -1 side,P174,P174,y,-448.648827884121,,mm,false
15,In-pit target,fiducial,ILIS -1 side,ILIS -1 side,P174,P174,z,-3915.706981221449,,mm,false
15,In-pit target,fiducial,ILIS -1 side,ILIS -1 side,P175,P175,x,2407.051745630672,,mm,false
15,In-pit target,fiducial,ILIS -1 side,ILIS -1 side,P175,P175,y,-423.3055309974644,,mm,false
15,In-pit target,fiducial,ILIS -1 side,ILIS -1 side,P175,P175,z,-3895.877981322845,,mm,false
15,In-pit target,fiducial,ILIS -1 side,ILIS -1 side,P176,P176,x,2211.031614982755,,mm,false
15,In-pit target,fiducial,ILIS -1 side,ILIS -1 side,P176,P176,y,-388.740832779825,,mm,false
15,In-pit target,fiducial,ILIS -1 side,ILIS -1 side,P176,P176,z,-3911.145673286497,,mm,false
15,In-pit target,fiducial,ILIS -1 side,ILIS -1 side,P177,P177,x,2964.731483619948,,mm,false
15,In-pit target,fiducial,ILIS -1 side,ILIS -1 side,P177,P177,y,-521.6781316295928,,mm,false
15,In-pit target,fiducial,ILIS -1 side,ILIS -1 side,P177,P177,z,-4023.932998331487,,mm,false
15,In-pit target,fiducial,ILIS -1 side,ILIS -1 side,P178,P178,x,2784.182035255179,,mm,false
15,In-pit target,fiducial,ILIS -1 side,ILIS -1 side,P178,P178,y,-489.8838526863379,,mm,false
15,In-pit target,fiducial,ILIS -1 side,ILIS -1 side,P178,P178,z,-4027.141661862548,,mm,false
15,In-pit target,fiducial,ILIS -1 side,ILIS -1 side,P179,P179,x,2619.582565212761,,mm,false
15,In-pit target,fiducial,ILIS -1 side,ILIS -1 side,P179,P179,y,-460.8699536510123,,mm,false
15,In-pit target,fiducial,ILIS -1 side,ILIS -1 side,P179,P179,z,-4029.641326744792,,mm,false
15,In-pit target,fiducial,ILIS -1 side,ILIS -1 side,P180,P180,x,2623.322545728259,,mm,false
15,In-pit target,fiducial,ILIS -1 side,ILIS -1 side,P180,P180,y,-461.5493214692298,,mm,false
15,In-pit target,fiducial,ILIS -1 side,ILIS -1 side,P180,P180,z,-4190.981561978013,,mm,false
15,In-pit target,fiducial,ILIS -1 side,ILIS -1 side,P181,P181,x,2787.461666493362,,mm,false
15,In-pit target,fiducial,ILIS -1 side,ILIS -1 side,P181,P181,y,-490.4931843544495,,mm,false
15,In-pit target,fiducial,ILIS -1 side,ILIS -1 side,P181,P181,z,-4194.141868251222,,mm,false
15,In-pit target,fiducial,ILIS -1 side,ILIS -1 side,P182,P182,x,2999.761076847156,,mm,false
15,In-pit target,fiducial,ILIS -1 side,ILIS -1 side,P182,P182,y,-527.8582199726383,,mm,false
15,In-pit target,fiducial,ILIS -1 side,ILIS -1 side,P182,P182,z,-4189.425198167034,,mm,false
15,In-pit target,fiducial,ILIS -1 side,ILIS -1 side,P183,P183,x,2962.428460837975,,mm,false
15,In-pit target,fiducial,ILIS -1 side,ILIS -1 side,P183,P183,y,-521.3164183487124,,mm,false
15,In-pit target,fiducial,ILIS -1 side,ILIS -1 side,P183,P183,z,-4395.392854641113,,mm,false
15,In-pit target,fiducial,ILIS -1 side,ILIS -1 side,P184,P184,x,2793.288840140774,,mm,false
15,In-pit target,fiducial,ILIS -1 side,ILIS -1 side,P184,P184,y,-491.4623997943079,,mm,false
15,In-pit target,fiducial,ILIS -1 side,ILIS -1 side,P184,P184,z,-4400.64223427684,,mm,false
15,In-pit target,fiducial,ILIS -1 side,ILIS -1 side,P185,P185,x,2630.62922536344,,mm,false
15,In-pit target,fiducial,ILIS -1 side,ILIS -1 side,P185,P185,y,-462.7485366640129,,mm,false
15,In-pit target,fiducial,ILIS -1 side,ILIS -1 side,P185,P185,z,-4405.362020778775,,mm,false
15,In-pit target,fiducial,ILIS -1 side,ILIS -1 side,P186,P186,x,2526.233649101493,,mm,false
15,In-pit target,fiducial,ILIS -1 side,ILIS -1 side,P186,P186,y,-444.3877987747161,,mm,false
15,In-pit target,fiducial,ILIS -1 side,ILIS -1 side,P186,P186,z,-4018.435465265851,,mm,false
15,In-pit target,fiducial,ILIS -1 side,ILIS -1 side,P187,P187,x,2374.814056737647,,mm,false
15,In-pit target,fiducial,ILIS -1 side,ILIS -1 side,P187,P187,y,-417.6642061345846,,mm,false
15,In-pit target,fiducial,ILIS -1 side,ILIS -1 side,P187,P187,z,-4022.03595756148,,mm,false
15,In-pit target,fiducial,ILIS -1 side,ILIS -1 side,P188,P188,x,2190.124827249569,,mm,false
15,In-pit target,fiducial,ILIS -1 side,ILIS -1 side,P188,P188,y,-385.0298437453778,,mm,false
15,In-pit target,fiducial,ILIS -1 side,ILIS -1 side,P188,P188,z,-4022.034360658409,,mm,false
15,In-pit target,fiducial,ILIS -1 side,ILIS -1 side,P189,P189,x,2206.641519175788,,mm,false
15,In-pit target,fiducial,ILIS -1 side,ILIS -1 side,P189,P189,y,-387.9392802758933,,mm,false
15,In-pit target,fiducial,ILIS -1 side,ILIS -1 side,P189,P189,z,-4235.565398137483,,mm,false
15,In-pit target,fiducial,ILIS -1 side,ILIS -1 side,P190,P190,x,2406.331555631314,,mm,false
15,In-pit target,fiducial,ILIS -1 side,ILIS -1 side,P190,P190,y,-423.1840595494495,,mm,false
15,In-pit target,fiducial,ILIS -1 side,ILIS -1 side,P190,P190,z,-4221.55793675617,,mm,false
15,In-pit target,fiducial,ILIS -1 side,ILIS -1 side,P191,P191,x,2568.71150601765,,mm,false
15,In-pit target,fiducial,ILIS -1 side,ILIS -1 side,P191,P191,y,-451.8379401450092,,mm,false
15,In-pit target,fiducial,ILIS -1 side,ILIS -1 side,P191,P191,z,-4211.448132636086,,mm,false
15,In-pit target,fiducial,ILIS -1 side,ILIS -1 side,P192,P192,x,2535.819864789167,,mm,false
15,In-pit target,fiducial,ILIS -1 side,ILIS -1 side,P192,P192,y,-446.0263148700901,,mm,false
15,In-pit target,fiducial,ILIS -1 side,ILIS -1 side,P192,P192,z,-4401.416067690823,,mm,false
15,In-pit target,fiducial,ILIS -1 side,ILIS -1 side,P193,P193,x,2420.309795459795,,mm,false
15,In-pit target,fiducial,ILIS -1 side,ILIS -1 side,P193,P193,y,-425.6335468302878,,mm,false
15,In-pit target,fiducial,ILIS -1 side,ILIS -1 side,P193,P193,z,-4410.298814743314,,mm,false
15,In-pit target,fiducial,ILIS -1 side,ILIS -1 side,P194,P194,x,2420.499773050047,,mm,false
15,In-pit target,fiducial,ILIS -1 side,ILIS -1 side,P194,P194,y,-425.6635497544955,,mm,false
15,In-pit target,fiducial,ILIS -1 side,ILIS -1 side,P194,P194,z,-4410.648826657028,,mm,false
15,In-pit target,fiducial,ILIS -1 side,ILIS -1 side,P195,P195,x,2283.429858154467,,mm,false
15,In-pit target,fiducial,ILIS -1 side,ILIS -1 side,P195,P195,y,-401.4902771620457,,mm,false
15,In-pit target,fiducial,ILIS -1 side,ILIS -1 side,P195,P195,z,-4418.480220063665,,mm,false
