coil,phase,record_kind,point_group,point_group_raw,feature,feature_raw,axis,value,uncertainty,units,is_formula
2,Nominal,fiducial,CCL,CCL,A,A,x,2713.7,,mm,false
2,Nominal,fiducial,CCL,CCL,A,A,y,0.0,,mm,false
2,Nominal,fiducial,CCL,CCL,A,A,z,-3700.0,,mm,false
2,Nominal,fiducial,CCL,CCL,B,B,x,2713.7,,mm,false
2,Nominal,fiducial,CCL,CCL,B,B,y,0.0,,mm,false
2,Nominal,fiducial,CCL,CCL,B,B,z,3700.0,,mm,false
2,Nominal,fiducial,CCL,CCL,C,C,x,5334.4,,mm,false
2,Nominal,fiducial,CCL,CCL,C,C,y,0.0,,mm,false
2,Nominal,fiducial,CCL,CCL,C,C,z,6296.4,,mm,false
2,Nominal,fiducial,CCL,CCL,D,D,x,8980.4,,mm,false
2,Nominal,fiducial,CCL,CCL,D,D,y,0.0,,mm,false
2,Nominal,fiducial,CCL,CCL,D,D,z,4437.0,,mm,false
2,Nominal,fiducial,CCL,CCL,E,E,x,9587.6,,mm,false
2,Nominal,fiducial,CCL,CCL,E,E,y,0.0,,mm,false
2,Nominal,fiducial,CCL,CCL,E,E,z,-3695.0,,mm,false
2,Nominal,fiducial,CCL,CCL,F,F',x,3399.7,,mm,false
2,Nominal,fiducial,CCL,CCL,F,F',y,0.0,,mm,false
2,Nominal,fiducial,CCL,CCL,F,F',z,-5598.0,,mm,false
2,Nominal,fiducial,CCL,CCL,G,G,x,10733.0,,mm,false
2,Nominal,fiducial,CCL,CCL,G,G,y,0.0,,mm,false
2,Nominal,fiducial,CCL,CCL,G,G,z,0.0,,mm,false
2,Nominal,fiducial,CCL,CCL,H,H,x,2713.7,,mm,false
2,Nominal,fiducial,CCL,CCL,H,H,y,0.0,,mm,false
2,Nominal,fiducial,CCL,CCL,H,H,z,0.0,,mm,false
3,Nominal,fiducial,CCL,CCL,A,A,x,2713.7,,mm,false
3,Nominal,fiducial,CCL,CCL,A,A,y,0.0,,mm,false
3,Nominal,fiducial,CCL,CCL,A,A,z,-3700.0,,mm,false
3,Nominal,fiducial,CCL,CCL,B,B,x,2713.7,,mm,false
3,Nominal,fiducial,CCL,CCL,B,B,y,0.0,,mm,false
3,Nominal,fiducial,CCL,CCL,B,B,z,3700.0,,mm,false
3,Nominal,fiducial,CCL,CCL,C,C,x,5334.4,,mm,false
3,Nominal,fiducial,CCL,CCL,C,C,y,0.0,,mm,false
3,Nominal,fiducial,CCL,CCL,C,C,z,6296.4,,mm,false
3,Nominal,fiducial,CCL,CCL,D,D,x,8980.4,,mm,false
3,Nominal,fiducial,CCL,CCL,D,D,y,0.0,,mm,false
3,Nominal,fiducial,CCL,CCL,D,D,z,4437.0,,mm,false
3,Nominal,fiducial,CCL,CCL,E,E,x,9587.6,,mm,false
3,Nominal,fiducial,CCL,CCL,E,E,y,0.0,,mm,false
3,Nominal,fiducial,CCL,CCL,E,E,z,-3695.0,,mm,false
3,Nominal,fiducial,CCL,CCL,F,F',x,4284.5,,mm,false
3,Nominal,fiducial,CCL,CCL,F,F',y,0.0,,mm,false
3,Nominal,fiducial,CCL,CCL,F,F',z,-6133.3,,mm,false
3,Nominal,fiducial,CCL,CCL,G,G,x,10733.0,,mm,false
3,Nominal,fiducial,CCL,CCL,G,G,y,0.0,,mm,false
3,Nominal,fiducial,CCL,CCL,G,G,z,0.0,,mm,false
3,Nominal,fiducial,CCL,CCL,H,H,x,2713.7,,mm,false
3,Nominal,fiducial,CCL,CCL,H,H,y,0.0,,mm,false
3,Nominal,fiducial,CCL,CCL,H,H,z,0.0,,mm,false
2,FAT supplier,fiducial,CCL,CCL,A,A,x,2713.07,0.6,mm,false
2,FAT supplier,fiducial,CCL,CCL,A,A,y,0.41,0.6,mm,false
2,FAT supplier,fiducial,CCL,CCL,A,A,z,-3699.91,0.6,mm,false
2,FAT supplier,fiducial,CCL,CCL,B,B,x,2713.02,0.6,mm,false
2,FAT supplier,fiducial,CCL,CCL,B,B,y,0.43,0.6,mm,false
2,FAT supplier,fiducial,CCL,CCL,B,B,z,3699.88,0.6,mm,false
2,FAT supplier,fiducial,CCL,CCL,C,C,x,5333.88,0.6,mm,false
2,FAT supplier,fiducial,CCL,CCL,C,C,y,0.92,0.6,mm,false
2,FAT supplier,fiducial,CCL,CCL,C,C,z,6298.07,0.6,mm,false
2,FAT supplier,fiducial,CCL,CCL,D,D,x,8977.73,0.6,mm,false
2,FAT supplier,fiducial,CCL,CCL,D,D,y,0.92,0.6,mm,false
2,FAT supplier,fiducial,CCL,CCL,D,D,z,4434.65,0.6,mm,false
2,FAT supplier,fiducial,CCL,CCL,E,E,x,9583.19,0.6,mm,false
2,FAT supplier,fiducial,CCL,CCL,E,E,y,0.53,0.6,mm,false
2,FAT supplier,fiducial,CCL,CCL,E,E,z,-3695.32,0.6,mm,false
2,FAT supplier,fiducial,CCL,CCL,F,F',x,3397.8,0.6,mm,false
2,FAT supplier,fiducial,CCL,CCL,F,F',y,1.69,0.6,mm,false
2,FAT supplier,fiducial,CCL,CCL,F,F',z,-5598.05,0.6,mm,false
2,FAT supplier,fiducial,CCL,CCL,G,G,x,10728.24,0.6,mm,false
2,FAT supplier,fiducial,CCL,CCL,G,G,y,-0.68,0.6,mm,false
2,FAT supplier,fiducial,CCL,CCL,G,G,z,-1.73,0.6,mm,false
2,FAT supplier,fiducial,CCL,CCL,H,H,x,2713.95,0.6,mm,false
2,FAT supplier,fiducial,CCL,CCL,H,H,y,-0.49,0.6,mm,false
2,FAT supplier,fiducial,CCL,CCL,H,H,z,0.04,0.6,mm,false
2,FAT supplier,fiducial,Fiducial,Fiducial,A1-AU,A1-AU,x,2144.45,0.439,mm,false
2,FAT supplier,fiducial,Fiducial,Fiducial,A1-AU,A1-AU,y,0.27,0.439,mm,false
2,FAT supplier,fiducial,Fiducial,Fiducial,A1-AU,A1-AU,z,-3700.06,0.439,mm,false
2,FAT supplier,fiducial,Fiducial,Fiducial,A2-AU,A2-AU,x,2705.75,0.466,mm,false
2,FAT supplier,fiducial,Fiducial,Fiducial,A2-AU,A2-AU,y,520.66,0.466,mm,false
2,FAT supplier,fiducial,Fiducial,Fiducial,A2-AU,A2-AU,z,-3700.48,0.466,mm,false
2,FAT supplier,fiducial,Fiducial,Fiducial,A3-AP,A3-AP,x,3133.82,0.203,mm,false
2,FAT supplier,fiducial,Fiducial,Fiducial,A3-AP,A3-AP,y,0.87,0.203,mm,false
2,FAT supplier,fiducial,Fiducial,Fiducial,A3-AP,A3-AP,z,-3700.91,0.203,mm,false
2,FAT supplier,fiducial,Fiducial,Fiducial,B2-AU,B2-AU,x,2705.43,0.403,mm,false
2,FAT supplier,fiducial,Fiducial,Fiducial,B2-AU,B2-AU,y,520.81,0.403,mm,false
2,FAT supplier,fiducial,Fiducial,Fiducial,B2-AU,B2-AU,z,3699.73,0.403,mm,false
2,FAT supplier,fiducial,Fiducial,Fiducial,D3-BP,D3-BP,x,8449.75,0.345,mm,false
2,FAT supplier,fiducial,Fiducial,Fiducial,D3-BP,D3-BP,y,-0.56,0.345,mm,false
2,FAT supplier,fiducial,Fiducial,Fiducial,D3-BP,D3-BP,z,4303.2,0.345,mm,false
2,FAT supplier,fiducial,Fiducial,Fiducial,F1-AU,F1-AU,x,5448.72,0.472,mm,false
2,FAT supplier,fiducial,Fiducial,Fiducial,F1-AU,F1-AU,y,0.14,0.472,mm,false
2,FAT supplier,fiducial,Fiducial,Fiducial,F1-AU,F1-AU,z,-7916.79,0.472,mm,false
2,FAT supplier,fiducial,Fiducial,Fiducial,G2-BU,G2-BU,x,10728.31,0.512,mm,false
2,FAT supplier,fiducial,Fiducial,Fiducial,G2-BU,G2-BU,y,562.27,0.512,mm,false
2,FAT supplier,fiducial,Fiducial,Fiducial,G2-BU,G2-BU,z,-0.03,0.512,mm,false
2,FAT supplier,fiducial,Fiducial,Fiducial,H1-AU,H1-AU,x,2144.43,0.527,mm,false
2,FAT supplier,fiducial,Fiducial,Fiducial,H1-AU,H1-AU,y,0.07,0.527,mm,false
2,FAT supplier,fiducial,Fiducial,Fiducial,H1-AU,H1-AU,z,-0.01,0.527,mm,false
2,FAT supplier,fiducial,Fiducial,Fiducial,P11-IOIS,P11-IOIS,x,10289.05,0.083,mm,false
2,FAT supplier,fiducial,Fiducial,Fiducial,P11-IOIS,P11-IOIS,y,-1750.57,0.083,mm,false
2,FAT supplier,fiducial,Fiducial,Fiducial,P11-IOIS,P11-IOIS,z,-2155.25,0.083,mm,false
2,FAT supplier,fiducial,Fiducial,Fiducial,P11-OIS,P11-OIS,x,7541.87,0.187,mm,false
2,FAT supplier,fiducial,Fiducial,Fiducial,P11-OIS,P11-OIS,y,-1367.74,0.187,mm,false
2,FAT supplier,fiducial,Fiducial,Fiducial,P11-OIS,P11-OIS,z,-6353.66,0.187,mm,false
2,FAT supplier,fiducial,Fiducial,Fiducial,P11-SCC,P11-SCC,x,11191.38,0.246,mm,false
2,FAT supplier,fiducial,Fiducial,Fiducial,P11-SCC,P11-SCC,y,374.87,0.246,mm,false
2,FAT supplier,fiducial,Fiducial,Fiducial,P11-SCC,P11-SCC,z,-2348.52,0.246,mm,false
2,FAT supplier,fiducial,Fiducial,Fiducial,P12-IOIS,P12-IOIS,x,10046.17,0.525,mm,false
2,FAT supplier,fiducial,Fiducial,Fiducial,P12-IOIS,P12-IOIS,y,-1322.6,0.525,mm,false
2,FAT supplier,fiducial,Fiducial,Fiducial,P12-IOIS,P12-IOIS,z,-3030.49,0.525,mm,false
2,FAT supplier,fiducial,Fiducial,Fiducial,P12-SCC,P12-SCC,x,10639.03,0.22,mm,false
2,FAT supplier,fiducial,Fiducial,Fiducial,P12-SCC,P12-SCC,y,708.0,0.22,mm,false
2,FAT supplier,fiducial,Fiducial,Fiducial,P12-SCC,P12-SCC,z,-2956.33,0.22,mm,false
2,FAT supplier,fiducial,Fiducial,Fiducial,P1-IOIS,P1-IOIS,x,9468.58,0.262,mm,false
2,FAT supplier,fiducial,Fiducial,Fiducial,P1-IOIS,P1-IOIS,y,1219.75,0.262,mm,false
2,FAT supplier,fiducial,Fiducial,Fiducial,P1-IOIS,P1-IOIS,z,3928.84,0.262,mm,false
2,FAT supplier,fiducial,Fiducial,Fiducial,P1-PF2,P1-PF2,x,7718.78,0.256,mm,false
2,FAT supplier,fiducial,Fiducial,Fiducial,P1-PF2,P1-PF2,y,-0.25,0.256,mm,false
2,FAT supplier,fiducial,Fiducial,Fiducial,P1-PF2,P1-PF2,z,7005.85,0.256,mm,false
2,FAT supplier,fiducial,Fiducial,Fiducial,P1-PF5,P1-PF5,x,7748.03,0.093,mm,false
2,FAT supplier,fiducial,Fiducial,Fiducial,P1-PF5,P1-PF5,y,0.52,0.093,mm,false
2,FAT supplier,fiducial,Fiducial,Fiducial,P1-PF5,P1-PF5,z,-7400.73,0.093,mm,false
2,FAT supplier,fiducial,Fiducial,Fiducial,P1-PF6,P1-PF6,x,3129.84,0.235,mm,false
2,FAT supplier,fiducial,Fiducial,Fiducial,P1-PF6,P1-PF6,y,0.04,0.235,mm,false
2,FAT supplier,fiducial,Fiducial,Fiducial,P1-PF6,P1-PF6,z,-8286.8,0.235,mm,false
2,FAT supplier,fiducial,Fiducial,Fiducial,P2-OIS,P2-OIS,x,7541.73,0.08,mm,false
2,FAT supplier,fiducial,Fiducial,Fiducial,P2-OIS,P2-OIS,y,1367.41,0.08,mm,false
2,FAT supplier,fiducial,Fiducial,Fiducial,P2-OIS,P2-OIS,z,6354.71,0.08,mm,false
2,FAT supplier,fiducial,Fiducial,Fiducial,P2-PF2,P2-PF2,x,9002.52,0.272,mm,false
2,FAT supplier,fiducial,Fiducial,Fiducial,P2-PF2,P2-PF2,y,299.45,0.272,mm,false
2,FAT supplier,fiducial,Fiducial,Fiducial,P2-PF2,P2-PF2,z,7005.93,0.272,mm,false
2,FAT supplier,fiducial,Fiducial,Fiducial,P2-PF5,P2-PF5,x,9205.23,0.093,mm,false
2,FAT supplier,fiducial,Fiducial,Fiducial,P2-PF5,P2-PF5,y,314.63,0.093,mm,false
2,FAT supplier,fiducial,Fiducial,Fiducial,P2-PF5,P2-PF5,z,-7400.77,0.093,mm,false
2,FAT supplier,fiducial,Fiducial,Fiducial,P3-PF2,P3-PF2,x,9002.7,0.129,mm,false
2,FAT supplier,fiducial,Fiducial,Fiducial,P3-PF2,P3-PF2,y,-300.3,0.129,mm,false
2,FAT supplier,fiducial,Fiducial,Fiducial,P3-PF2,P3-PF2,z,7005.91,0.129,mm,false
2,FAT supplier,fiducial,Fiducial,Fiducial,P3-PF5,P3-PF5,x,9205.17,0.276,mm,false
2,FAT supplier,fiducial,Fiducial,Fiducial,P3-PF5,P3-PF5,y,-315.35,0.276,mm,false
2,FAT supplier,fiducial,Fiducial,Fiducial,P3-PF5,P3-PF5,z,-7400.76,0.276,mm,false
2,FAT supplier,fiducial,Fiducial,Fiducial,P3-SCC,P3-SCC,x,11191.31,0.123,mm,false
2,FAT supplier,fiducial,Fiducial,Fiducial,P3-SCC,P3-SCC,y,374.8,0.123,mm,false
2,FAT supplier,fiducial,Fiducial,Fiducial,P3-SCC,P3-SCC,z,3254.67,0.123,mm,false
2,FAT supplier,fiducial,Fiducial,Fiducial,P6-IOIS,P6-IOIS,x,10046.08,0.307,mm,false
2,FAT supplier,fiducial,Fiducial,Fiducial,P6-IOIS,P6-IOIS,y,1322.19,0.307,mm,false
2,FAT supplier,fiducial,Fiducial,Fiducial,P6-IOIS,P6-IOIS,z,-3030.05,0.307,mm,false
2,FAT supplier,fiducial,Fiducial,Fiducial,P6-TCC,P6-TCC,x,5784.77,0.157,mm,false
2,FAT supplier,fiducial,Fiducial,Fiducial,P6-TCC,P6-TCC,y,-225.18,0.157,mm,false
2,FAT supplier,fiducial,Fiducial,Fiducial,P6-TCC,P6-TCC,z,6935.15,0.157,mm,false
2,FAT supplier,fiducial,Fiducial,Fiducial,P8-OIS,P8-OIS,x,7542.28,0.35,mm,false
2,FAT supplier,fiducial,Fiducial,Fiducial,P8-OIS,P8-OIS,y,-1367.96,0.35,mm,false
2,FAT supplier,fiducial,Fiducial,Fiducial,P8-OIS,P8-OIS,z,6355.12,0.35,mm,false
2,FAT supplier,fiducial,Fiducial,Fiducial,P9-OIS,P9-OIS,x,5992.87,0.084,mm,false
2,FAT supplier,fiducial,Fiducial,Fiducial,P9-OIS,P9-OIS,y,-1094.66,0.084,mm,false
2,FAT supplier,fiducial,Fiducial,Fiducial,P9-OIS,P9-OIS,z,6118.77,0.084,mm,false
3,FAT supplier,fiducial,CCL,CCL,A,A,x,2712.9,0.32,mm,false
3,FAT supplier,fiducial,CCL,CCL,A,A,y,0.14,0.34,mm,false
3,FAT supplier,fiducial,CCL,CCL,A,A,z,-3700.25,0.04,mm,false
3,FAT supplier,fiducial,CCL,CCL,B,B,x,2712.54,0.22,mm,false
3,FAT supplier,fiducial,CCL,CCL,B,B,y,0.54,0.27,mm,false
3,FAT supplier,fiducial,CCL,CCL,B,B,z,3700.01,0.02,mm,false
3,FAT supplier,fiducial,CCL,CCL,C,C,x,5333.0,0.07,mm,false
3,FAT supplier,fiducial,CCL,CCL,C,C,y,1.09,0.25,mm,false
3,FAT supplier,fiducial,CCL,CCL,C,C,z,6298.16,0.18,mm,false
3,FAT supplier,fiducial,CCL,CCL,D,D,x,8976.98,0.67,mm,false
3,FAT supplier,fiducial,CCL,CCL,D,D,y,-0.69,0.63,mm,false
3,FAT supplier,fiducial,CCL,CCL,D,D,z,4436.12,0.16,mm,false
3,FAT supplier,fiducial,CCL,CCL,E,E,x,9584.0,0.43,mm,false
3,FAT supplier,fiducial,CCL,CCL,E,E,y,-0.16,0.43,mm,false
3,FAT supplier,fiducial,CCL,CCL,E,E,z,-3694.36,0.12,mm,false
3,FAT supplier,fiducial,CCL,CCL,F,F',x,4284.28,0.23,mm,false
3,FAT supplier,fiducial,CCL,CCL,F,F',y,0.87,0.32,mm,false
3,FAT supplier,fiducial,CCL,CCL,F,F',z,-6134.12,0.17,mm,false
3,FAT supplier,fiducial,CCL,CCL,G,G,x,10727.69,0.22,mm,false
3,FAT supplier,fiducial,CCL,CCL,G,G,y,-0.54,0.28,mm,false
3,FAT supplier,fiducial,CCL,CCL,G,G,z,-0.15,0.02,mm,false
3,FAT supplier,fiducial,CCL,CCL,H,H,x,2713.67,0.19,mm,false
3,FAT supplier,fiducial,CCL,CCL,H,H,y,-0.39,0.25,mm,false
3,FAT supplier,fiducial,CCL,CCL,H,H,z,-0.01,0.01,mm,false
3,FAT supplier,fiducial,Fiducial,Fiducial,AU_CP_1,AU_CP_1,x,4885.529,,mm,false
3,FAT supplier,fiducial,Fiducial,Fiducial,AU_CP_1,AU_CP_1,y,27.79,,mm,false
3,FAT supplier,fiducial,Fiducial,Fiducial,AU_CP_1,AU_CP_1,z,8185.508,,mm,false
3,FAT supplier,fiducial,Fiducial,Fiducial,AU_CP_2,AU_CP_2,x,4801.481,,mm,false
3,FAT supplier,fiducial,Fiducial,Fiducial,AU_CP_2,AU_CP_2,y,528.766,,mm,false
3,FAT supplier,fiducial,Fiducial,Fiducial,AU_CP_2,AU_CP_2,z,8215.026,,mm,false
3,FAT supplier,fiducial,Fiducial,Fiducial,AU_CP_3,AU_CP_3,x,4766.34,,mm,false
3,FAT supplier,fiducial,Fiducial,Fiducial,AU_CP_3,AU_CP_3,y,-530.257,,mm,false
3,FAT supplier,fiducial,Fiducial,Fiducial,AU_CP_3,AU_CP_3,z,8183.443,,mm,false
3,FAT supplier,fiducial,Fiducial,Fiducial,AU_CP_5,AU_CP_5,x,4806.277,,mm,false
3,FAT supplier,fiducial,Fiducial,Fiducial,AU_CP_5,AU_CP_5,y,803.704,,mm,false
3,FAT supplier,fiducial,Fiducial,Fiducial,AU_CP_5,AU_CP_5,z,5886.916,,mm,false
3,FAT supplier,fiducial,Fiducial,Fiducial,AU_CP_6,AU_CP_6,x,3661.577,,mm,false
3,FAT supplier,fiducial,Fiducial,Fiducial,AU_CP_6,AU_CP_6,y,670.359,,mm,false
3,FAT supplier,fiducial,Fiducial,Fiducial,AU_CP_6,AU_CP_6,z,6363.209,,mm,false
3,FAT supplier,fiducial,Fiducial,Fiducial,AU_CP_7,AU_CP_7,x,2949.385,,mm,false
3,FAT supplier,fiducial,Fiducial,Fiducial,AU_CP_7,AU_CP_7,y,-520.085,,mm,false
3,FAT supplier,fiducial,Fiducial,Fiducial,AU_CP_7,AU_CP_7,z,8196.358,,mm,false
3,FAT supplier,fiducial,Fiducial,Fiducial,AU_CP_8,AU_CP_8,x,2928.56,,mm,false
3,FAT supplier,fiducial,Fiducial,Fiducial,AU_CP_8,AU_CP_8,y,517.956,,mm,false
3,FAT supplier,fiducial,Fiducial,Fiducial,AU_CP_8,AU_CP_8,z,8204.216,,mm,false
3,FAT supplier,fiducial,Fiducial,Fiducial,AU_CP_9,AU_CP_9,x,2831.77,,mm,false
3,FAT supplier,fiducial,Fiducial,Fiducial,AU_CP_9,AU_CP_9,y,-62.243,,mm,false
3,FAT supplier,fiducial,Fiducial,Fiducial,AU_CP_9,AU_CP_9,z,8063.366,,mm,false
3,FAT supplier,fiducial,Fiducial,Fiducial,AU_CP_11,AU_CP_11,x,2168.744,,mm,false
3,FAT supplier,fiducial,Fiducial,Fiducial,AU_CP_11,AU_CP_11,y,-6.729,,mm,false
3,FAT supplier,fiducial,Fiducial,Fiducial,AU_CP_11,AU_CP_11,z,5735.814,,mm,false
3,FAT supplier,fiducial,Fiducial,Fiducial,AU_CP_13,AU_CP_13,x,2163.522,,mm,false
3,FAT supplier,fiducial,Fiducial,Fiducial,AU_CP_13,AU_CP_13,y,5.638,,mm,false
3,FAT supplier,fiducial,Fiducial,Fiducial,AU_CP_13,AU_CP_13,z,4239.512,,mm,false
3,FAT supplier,fiducial,Fiducial,Fiducial,AU_CP_15,AU_CP_15,x,2973.773,,mm,false
3,FAT supplier,fiducial,Fiducial,Fiducial,AU_CP_15,AU_CP_15,y,-557.959,,mm,false
3,FAT supplier,fiducial,Fiducial,Fiducial,AU_CP_15,AU_CP_15,z,3022.186,,mm,false
3,FAT supplier,fiducial,Fiducial,Fiducial,AU_CP_18,AU_CP_18,x,2196.42,,mm,false
3,FAT supplier,fiducial,Fiducial,Fiducial,AU_CP_18,AU_CP_18,y,-424.39,,mm,false
3,FAT supplier,fiducial,Fiducial,Fiducial,AU_CP_18,AU_CP_18,z,1803.568,,mm,false
3,FAT supplier,fiducial,Fiducial,Fiducial,AU_CP_19,AU_CP_19,x,2137.439,,mm,false
3,FAT supplier,fiducial,Fiducial,Fiducial,AU_CP_19,AU_CP_19,y,336.359,,mm,false
3,FAT supplier,fiducial,Fiducial,Fiducial,AU_CP_19,AU_CP_19,z,1577.498,,mm,false
3,FAT supplier,fiducial,Fiducial,Fiducial,AU_CP_21,AU_CP_21,x,2136.457,,mm,false
3,FAT supplier,fiducial,Fiducial,Fiducial,AU_CP_21,AU_CP_21,y,-341.573,,mm,false
3,FAT supplier,fiducial,Fiducial,Fiducial,AU_CP_21,AU_CP_21,z,-1061.56,,mm,false
3,FAT supplier,fiducial,Fiducial,Fiducial,AU_CP_22,AU_CP_22,x,2186.41,,mm,false
3,FAT supplier,fiducial,Fiducial,Fiducial,AU_CP_22,AU_CP_22,y,-422.321,,mm,false
3,FAT supplier,fiducial,Fiducial,Fiducial,AU_CP_22,AU_CP_22,z,-1183.26,,mm,false
3,FAT supplier,fiducial,Fiducial,Fiducial,AU_CP_24,AU_CP_24,x,2960.07,,mm,false
3,FAT supplier,fiducial,Fiducial,Fiducial,AU_CP_24,AU_CP_24,y,-554.043,,mm,false
3,FAT supplier,fiducial,Fiducial,Fiducial,AU_CP_24,AU_CP_24,z,-1179.53,,mm,false
3,FAT supplier,fiducial,Fiducial,Fiducial,AU_CP_25,AU_CP_25,x,2967.684,,mm,false
3,FAT supplier,fiducial,Fiducial,Fiducial,AU_CP_25,AU_CP_25,y,-555.862,,mm,false
3,FAT supplier,fiducial,Fiducial,Fiducial,AU_CP_25,AU_CP_25,z,-2381.36,,mm,false
3,FAT supplier,fiducial,Fiducial,Fiducial,AU_CP_28,AU_CP_28,x,2163.843,,mm,false
3,FAT supplier,fiducial,Fiducial,Fiducial,AU_CP_28,AU_CP_28,y,-10.108,,mm,false
3,FAT supplier,fiducial,Fiducial,Fiducial,AU_CP_28,AU_CP_28,z,-4236.01,,mm,false
3,FAT supplier,fiducial,Fiducial,Fiducial,AU_CP_29,AU_CP_29,x,2169.674,,mm,false
3,FAT supplier,fiducial,Fiducial,Fiducial,AU_CP_29,AU_CP_29,y,19.53,,mm,false
3,FAT supplier,fiducial,Fiducial,Fiducial,AU_CP_29,AU_CP_29,z,-5804.84,,mm,false
3,FAT supplier,fiducial,Fiducial,Fiducial,AU_CP_30,AU_CP_30,x,2224.372,,mm,false
3,FAT supplier,fiducial,Fiducial,Fiducial,AU_CP_30,AU_CP_30,y,-410.496,,mm,false
3,FAT supplier,fiducial,Fiducial,Fiducial,AU_CP_30,AU_CP_30,z,-5805.08,,mm,false
3,FAT supplier,fiducial,Fiducial,Fiducial,AU_CP_33,AU_CP_33,x,2929.673,,mm,false
3,FAT supplier,fiducial,Fiducial,Fiducial,AU_CP_33,AU_CP_33,y,519.603,,mm,false
3,FAT supplier,fiducial,Fiducial,Fiducial,AU_CP_33,AU_CP_33,z,-8211.15,,mm,false
3,FAT supplier,fiducial,Fiducial,Fiducial,AU_CP_34,AU_CP_34,x,2969.221,,mm,false
3,FAT supplier,fiducial,Fiducial,Fiducial,AU_CP_34,AU_CP_34,y,-519.635,,mm,false
3,FAT supplier,fiducial,Fiducial,Fiducial,AU_CP_34,AU_CP_34,z,-8218.16,,mm,false
3,FAT supplier,fiducial,Fiducial,Fiducial,AU_CP_35,AU_CP_35,x,3957.361,,mm,false
3,FAT supplier,fiducial,Fiducial,Fiducial,AU_CP_35,AU_CP_35,y,719.73,,mm,false
3,FAT supplier,fiducial,Fiducial,Fiducial,AU_CP_35,AU_CP_35,z,-5626.29,,mm,false
3,FAT supplier,fiducial,Fiducial,Fiducial,AU_CP_36,AU_CP_36,x,4811.841,,mm,false
3,FAT supplier,fiducial,Fiducial,Fiducial,AU_CP_36,AU_CP_36,y,771.048,,mm,false
3,FAT supplier,fiducial,Fiducial,Fiducial,AU_CP_36,AU_CP_36,z,-5863.38,,mm,false
3,FAT supplier,fiducial,Fiducial,Fiducial,AU_CP_37,AU_CP_37,x,4819.535,,mm,false
3,FAT supplier,fiducial,Fiducial,Fiducial,AU_CP_37,AU_CP_37,y,-713.811,,mm,false
3,FAT supplier,fiducial,Fiducial,Fiducial,AU_CP_37,AU_CP_37,z,-5895.95,,mm,false
3,FAT supplier,fiducial,Fiducial,Fiducial,BU_CP_1,BU_CP_1,x,5638.936,,mm,false
3,FAT supplier,fiducial,Fiducial,Fiducial,BU_CP_1,BU_CP_1,y,545.611,,mm,false
3,FAT supplier,fiducial,Fiducial,Fiducial,BU_CP_1,BU_CP_1,z,6277.926,,mm,false
3,FAT supplier,fiducial,Fiducial,Fiducial,BU_CP_2,BU_CP_2,x,6151.892,,mm,false
3,FAT supplier,fiducial,Fiducial,Fiducial,BU_CP_2,BU_CP_2,y,-1024.84,,mm,false
3,FAT supplier,fiducial,Fiducial,Fiducial,BU_CP_2,BU_CP_2,z,5843.489,,mm,false
3,FAT supplier,fiducial,Fiducial,Fiducial,BU_CP_3,BU_CP_3,x,5761.11,,mm,false
3,FAT supplier,fiducial,Fiducial,Fiducial,BU_CP_3,BU_CP_3,y,283.985,,mm,false
3,FAT supplier,fiducial,Fiducial,Fiducial,BU_CP_3,BU_CP_3,z,6918.584,,mm,false
3,FAT supplier,fiducial,Fiducial,Fiducial,BU_CP_4,BU_CP_4,x,7429.132,,mm,false
3,FAT supplier,fiducial,Fiducial,Fiducial,BU_CP_4,BU_CP_4,y,-1256.44,,mm,false
3,FAT supplier,fiducial,Fiducial,Fiducial,BU_CP_4,BU_CP_4,z,5843.121,,mm,false
3,FAT supplier,fiducial,Fiducial,Fiducial,BU_CP_5,BU_CP_5,x,6681.668,,mm,false
3,FAT supplier,fiducial,Fiducial,Fiducial,BU_CP_5,BU_CP_5,y,544.333,,mm,false
3,FAT supplier,fiducial,Fiducial,Fiducial,BU_CP_5,BU_CP_5,z,5681.774,,mm,false
3,FAT supplier,fiducial,Fiducial,Fiducial,BU_CP_10,BU_CP_10,x,9003.078,,mm,false
3,FAT supplier,fiducial,Fiducial,Fiducial,BU_CP_10,BU_CP_10,y,545.426,,mm,false
3,FAT supplier,fiducial,Fiducial,Fiducial,BU_CP_10,BU_CP_10,z,6793.755,,mm,false
3,FAT supplier,fiducial,Fiducial,Fiducial,BU_CP_12,BU_CP_12,x,9089.918,,mm,false
3,FAT supplier,fiducial,Fiducial,Fiducial,BU_CP_12,BU_CP_12,y,353.282,,mm,false
3,FAT supplier,fiducial,Fiducial,Fiducial,BU_CP_12,BU_CP_12,z,6735.372,,mm,false
3,FAT supplier,fiducial,Fiducial,Fiducial,BU_CP_13,BU_CP_13,x,9088.911,,mm,false
3,FAT supplier,fiducial,Fiducial,Fiducial,BU_CP_13,BU_CP_13,y,-376.549,,mm,false
3,FAT supplier,fiducial,Fiducial,Fiducial,BU_CP_13,BU_CP_13,z,6727.322,,mm,false
3,FAT supplier,fiducial,Fiducial,Fiducial,BU_CP_18,BU_CP_18,x,9072.934,,mm,false
3,FAT supplier,fiducial,Fiducial,Fiducial,BU_CP_18,BU_CP_18,y,620.226,,mm,false
3,FAT supplier,fiducial,Fiducial,Fiducial,BU_CP_18,BU_CP_18,z,3793.477,,mm,false
3,FAT supplier,fiducial,Fiducial,Fiducial,BU_CP_23,BU_CP_23,x,9288.111,,mm,false
3,FAT supplier,fiducial,Fiducial,Fiducial,BU_CP_23,BU_CP_23,y,1650.705,,mm,false
3,FAT supplier,fiducial,Fiducial,Fiducial,BU_CP_23,BU_CP_23,z,3940.782,,mm,false
3,FAT supplier,fiducial,Fiducial,Fiducial,BU_CP_24,BU_CP_24,x,9121.901,,mm,false
3,FAT supplier,fiducial,Fiducial,Fiducial,BU_CP_24,BU_CP_24,y,-692.506,,mm,false
3,FAT supplier,fiducial,Fiducial,Fiducial,BU_CP_24,BU_CP_24,z,3749.049,,mm,false
3,FAT supplier,fiducial,Fiducial,Fiducial,BU_CP_27,BU_CP_27,x,10764.29,,mm,false
3,FAT supplier,fiducial,Fiducial,Fiducial,BU_CP_27,BU_CP_27,y,-752.862,,mm,false
3,FAT supplier,fiducial,Fiducial,Fiducial,BU_CP_27,BU_CP_27,z,4046.446,,mm,false
3,FAT supplier,fiducial,Fiducial,Fiducial,BU_CP_29,BU_CP_29,x,11172.03,,mm,false
3,FAT supplier,fiducial,Fiducial,Fiducial,BU_CP_29,BU_CP_29,y,-308.602,,mm,false
3,FAT supplier,fiducial,Fiducial,Fiducial,BU_CP_29,BU_CP_29,z,3857.375,,mm,false
3,FAT supplier,fiducial,Fiducial,Fiducial,BU_CP_30,BU_CP_30,x,11172.3,,mm,false
3,FAT supplier,fiducial,Fiducial,Fiducial,BU_CP_30,BU_CP_30,y,304.494,,mm,false
3,FAT supplier,fiducial,Fiducial,Fiducial,BU_CP_30,BU_CP_30,z,3862.062,,mm,false
3,FAT supplier,fiducial,Fiducial,Fiducial,BU_CP_32,BU_CP_32,x,10143.87,,mm,false
3,FAT supplier,fiducial,Fiducial,Fiducial,BU_CP_32,BU_CP_32,y,1801.378,,mm,false
3,FAT supplier,fiducial,Fiducial,Fiducial,BU_CP_32,BU_CP_32,z,2339.335,,mm,false
3,FAT supplier,fiducial,Fiducial,Fiducial,BU_CP_33,BU_CP_33,x,9954.744,,mm,false
3,FAT supplier,fiducial,Fiducial,Fiducial,BU_CP_33,BU_CP_33,y,593.115,,mm,false
3,FAT supplier,fiducial,Fiducial,Fiducial,BU_CP_33,BU_CP_33,z,2173.849,,mm,false
3,FAT supplier,fiducial,Fiducial,Fiducial,BU_CP_34,BU_CP_34,x,9929.862,,mm,false
3,FAT supplier,fiducial,Fiducial,Fiducial,BU_CP_34,BU_CP_34,y,-687.211,,mm,false
3,FAT supplier,fiducial,Fiducial,Fiducial,BU_CP_34,BU_CP_34,z,2257.97,,mm,false
3,FAT supplier,fiducial,Fiducial,Fiducial,C2-AU,C2-AU,x,5334.703,,mm,false
3,FAT supplier,fiducial,Fiducial,Fiducial,C2-AU,C2-AU,y,553.64,,mm,false
3,FAT supplier,fiducial,Fiducial,Fiducial,C2-AU,C2-AU,z,6297.205,,mm,false
3,FAT supplier,fiducial,Fiducial,Fiducial,P1-OIS,P1-OIS,x,5989.769,,mm,false
3,FAT supplier,fiducial,Fiducial,Fiducial,P1-OIS,P1-OIS,y,1087.186,,mm,false
3,FAT supplier,fiducial,Fiducial,Fiducial,P1-OIS,P1-OIS,z,6588.309,,mm,false
3,FAT supplier,fiducial,Fiducial,Fiducial,P3-OIS,P3-OIS,x,5988.083,,mm,false
3,FAT supplier,fiducial,Fiducial,Fiducial,P3-OIS,P3-OIS,y,1091.374,,mm,false
3,FAT supplier,fiducial,Fiducial,Fiducial,P3-OIS,P3-OIS,z,6116.445,,mm,false
3,FAT supplier,fiducial,Fiducial,Fiducial,P2-OIS,P2-OIS,x,7538.223,,mm,false
3,FAT supplier,fiducial,Fiducial,Fiducial,P2-OIS,P2-OIS,y,1366.823,,mm,false
3,FAT supplier,fiducial,Fiducial,Fiducial,P2-OIS,P2-OIS,z,6354.421,,mm,false
3,FAT supplier,fiducial,Fiducial,Fiducial,P13-IOIS,P13-IOIS,x,9295.046,,mm,false
3,FAT supplier,fiducial,Fiducial,Fiducial,P13-IOIS,P13-IOIS,y,1670.221,,mm,false
3,FAT supplier,fiducial,Fiducial,Fiducial,P13-IOIS,P13-IOIS,z,3879.503,,mm,false
3,FAT supplier,fiducial,Fiducial,Fiducial,P14-IOIS,P14-IOIS,x,10098.04,,mm,false
3,FAT supplier,fiducial,Fiducial,Fiducial,P14-IOIS,P14-IOIS,y,1811.897,,mm,false
3,FAT supplier,fiducial,Fiducial,Fiducial,P14-IOIS,P14-IOIS,z,2378.382,,mm,false
3,FAT supplier,fiducial,Fiducial,Fiducial,G2-BU,G2-BU,x,10727.75,,mm,false
3,FAT supplier,fiducial,Fiducial,Fiducial,G2-BU,G2-BU,y,561.042,,mm,false
3,FAT supplier,fiducial,Fiducial,Fiducial,G2-BU,G2-BU,z,-1.101,,mm,false
3,FAT supplier,fiducial,Fiducial,Fiducial,P1-PCCF,P1-PCCF,x,2820.934,,mm,false
3,FAT supplier,fiducial,Fiducial,Fiducial,P1-PCCF,P1-PCCF,y,-0.389,,mm,false
3,FAT supplier,fiducial,Fiducial,Fiducial,P1-PCCF,P1-PCCF,z,8050.197,,mm,false
3,FAT supplier,fiducial,Fiducial,Fiducial,P2-PCCF,P2-PCCF,x,2830.828,,mm,false
3,FAT supplier,fiducial,Fiducial,Fiducial,P2-PCCF,P2-PCCF,y,-0.379,,mm,false
3,FAT supplier,fiducial,Fiducial,Fiducial,P2-PCCF,P2-PCCF,z,6870.192,,mm,false
3,FAT supplier,fiducial,Fiducial,Fiducial,P3-PCCF,P3-PCCF,x,2831.29,,mm,false
3,FAT supplier,fiducial,Fiducial,Fiducial,P3-PCCF,P3-PCCF,y,-0.403,,mm,false
3,FAT supplier,fiducial,Fiducial,Fiducial,P3-PCCF,P3-PCCF,z,6270.326,,mm,false
3,FAT supplier,fiducial,Fiducial,Fiducial,P1-AT,P1-AT,x,2512.659,,mm,false
3,FAT supplier,fiducial,Fiducial,Fiducial,P1-AT,P1-AT,y,-0.45,,mm,false
3,FAT supplier,fiducial,Fiducial,Fiducial,P1-AT,P1-AT,z,5887.121,,mm,false
3,FAT supplier,fiducial,Fiducial,Fiducial,P3-PF1,P3-PF1,x,4778.169,,mm,false
3,FAT supplier,fiducial,Fiducial,Fiducial,P3-PF1,P3-PF1,y,-308.466,,mm,false
3,FAT supplier,fiducial,Fiducial,Fiducial,P3-PF1,P3-PF1,z,8280.798,,mm,false
3,FAT supplier,fiducial,Fiducial,Fiducial,P2-PF1,P2-PF1,x,4778.187,,mm,false
3,FAT supplier,fiducial,Fiducial,Fiducial,P2-PF1,P2-PF1,y,306.632,,mm,false
3,FAT supplier,fiducial,Fiducial,Fiducial,P2-PF1,P2-PF1,z,8280.86,,mm,false
3,FAT supplier,fiducial,Fiducial,Fiducial,P1-PF1,P1-PF1,x,3128.712,,mm,false
3,FAT supplier,fiducial,Fiducial,Fiducial,P1-PF1,P1-PF1,y,-0.332,,mm,false
3,FAT supplier,fiducial,Fiducial,Fiducial,P1-PF1,P1-PF1,z,8279.206,,mm,false
3,FAT supplier,fiducial,Fiducial,Fiducial,P3-IOS,P3-IOS,x,10260.39,,mm,false
3,FAT supplier,fiducial,Fiducial,Fiducial,P3-IOS,P3-IOS,y,1357.761,,mm,false
3,FAT supplier,fiducial,Fiducial,Fiducial,P3-IOS,P3-IOS,z,2419.998,,mm,false
3,FAT supplier,fiducial,Fiducial,Fiducial,P2-IOS,P2-IOS,x,9797.755,,mm,false
3,FAT supplier,fiducial,Fiducial,Fiducial,P2-IOS,P2-IOS,y,1663.639,,mm,false
3,FAT supplier,fiducial,Fiducial,Fiducial,P2-IOS,P2-IOS,z,3173.432,,mm,false
3,FAT supplier,fiducial,Fiducial,Fiducial,P1-IOIS,P1-IOIS,x,9464.362,,mm,false
3,FAT supplier,fiducial,Fiducial,Fiducial,P1-IOIS,P1-IOIS,y,1218.067,,mm,false
3,FAT supplier,fiducial,Fiducial,Fiducial,P1-IOIS,P1-IOIS,z,3926.873,,mm,false
3,FAT supplier,fiducial,Fiducial,Fiducial,P2-AT,P2-AT,x,10335.77,,mm,false
3,FAT supplier,fiducial,Fiducial,Fiducial,P2-AT,P2-AT,y,-1.766,,mm,false
3,FAT supplier,fiducial,Fiducial,Fiducial,P2-AT,P2-AT,z,4064.523,,mm,false
3,FAT supplier,fiducial,Fiducial,Fiducial,P3-PF2,P3-PF2,x,8998.86,,mm,false
3,FAT supplier,fiducial,Fiducial,Fiducial,P3-PF2,P3-PF2,y,-301.482,,mm,false
3,FAT supplier,fiducial,Fiducial,Fiducial,P3-PF2,P3-PF2,z,7004.728,,mm,false
3,FAT supplier,fiducial,Fiducial,Fiducial,P2-PF2,P2-PF2,x,9000.143,,mm,false
3,FAT supplier,fiducial,Fiducial,Fiducial,P2-PF2,P2-PF2,y,299.463,,mm,false
3,FAT supplier,fiducial,Fiducial,Fiducial,P2-PF2,P2-PF2,z,7004.802,,mm,false
3,FAT supplier,fiducial,Fiducial,Fiducial,P1-PF2,P1-PF2,x,7717.215,,mm,false
3,FAT supplier,fiducial,Fiducial,Fiducial,P1-PF2,P1-PF2,y,-0.248,,mm,false
3,FAT supplier,fiducial,Fiducial,Fiducial,P1-PF2,P1-PF2,z,7005.859,,mm,false
3,FAT supplier,fiducial,Fiducial,Fiducial,P6-TCC,P6-TCC,x,5780.949,,mm,false
3,FAT supplier,fiducial,Fiducial,Fiducial,P6-TCC,P6-TCC,y,-223.997,,mm,false
3,FAT supplier,fiducial,Fiducial,Fiducial,P6-TCC,P6-TCC,z,6937.079,,mm,false
3,FAT supplier,fiducial,Fiducial,Fiducial,P1-TCC,P1-TCC,x,5782.276,,mm,false
3,FAT supplier,fiducial,Fiducial,Fiducial,P1-TCC,P1-TCC,y,224.975,,mm,false
3,FAT supplier,fiducial,Fiducial,Fiducial,P1-TCC,P1-TCC,z,6936.995,,mm,false
3,FAT supplier,fiducial,Fiducial,Fiducial,P4-PCCF,P4-PCCF,x,2831.952,,mm,false
3,FAT supplier,fiducial,Fiducial,Fiducial,P4-PCCF,P4-PCCF,y,0.809,,mm,false
3,FAT supplier,fiducial,Fiducial,Fiducial,P4-PCCF,P4-PCCF,z,-6328.89,,mm,false
3,FAT supplier,fiducial,Fiducial,Fiducial,P5-PCCF,P5-PCCF,x,2831.567,,mm,false
3,FAT supplier,fiducial,Fiducial,Fiducial,P5-PCCF,P5-PCCF,y,0.981,,mm,false
3,FAT supplier,fiducial,Fiducial,Fiducial,P5-PCCF,P5-PCCF,z,-6928.78,,mm,false
3,FAT supplier,fiducial,Fiducial,Fiducial,P1-PF6,P1-PF6,x,3129.822,,mm,false
3,FAT supplier,fiducial,Fiducial,Fiducial,P1-PF6,P1-PF6,y,1.399,,mm,false
3,FAT supplier,fiducial,Fiducial,Fiducial,P1-PF6,P1-PF6,z,-8279.96,,mm,false
3,FAT supplier,fiducial,Fiducial,Fiducial,P3-PF6,P3-PF6,x,5430.829,,mm,false
3,FAT supplier,fiducial,Fiducial,Fiducial,P3-PF6,P3-PF6,y,-307.323,,mm,false
3,FAT supplier,fiducial,Fiducial,Fiducial,P3-PF6,P3-PF6,z,-8281.87,,mm,false
3,FAT supplier,fiducial,Fiducial,Fiducial,P2-PF6,P2-PF6,x,5430.549,,mm,false
3,FAT supplier,fiducial,Fiducial,Fiducial,P2-PF6,P2-PF6,y,307.701,,mm,false
3,FAT supplier,fiducial,Fiducial,Fiducial,P2-PF6,P2-PF6,z,-8281.97,,mm,false
3,FAT supplier,fiducial,Fiducial,Fiducial,P3-PF5,P3-PF5,x,9205.131,,mm,false
3,FAT supplier,fiducial,Fiducial,Fiducial,P3-PF5,P3-PF5,y,-315.908,,mm,false
3,FAT supplier,fiducial,Fiducial,Fiducial,P3-PF5,P3-PF5,z,-7403.44,,mm,false
3,FAT supplier,fiducial,Fiducial,Fiducial,P2-PF5,P2-PF5,x,9206.472,,mm,false
3,FAT supplier,fiducial,Fiducial,Fiducial,P2-PF5,P2-PF5,y,313.751,,mm,false
3,FAT supplier,fiducial,Fiducial,Fiducial,P2-PF5,P2-PF5,z,-7403.6,,mm,false
3,FAT supplier,fiducial,Fiducial,Fiducial,P1-PF5,P1-PF5,x,7747.035,,mm,false
3,FAT supplier,fiducial,Fiducial,Fiducial,P1-PF5,P1-PF5,y,-1.01,,mm,false
3,FAT supplier,fiducial,Fiducial,Fiducial,P1-PF5,P1-PF5,z,-7404.39,,mm,false
3,FAT supplier,fiducial,Fiducial,Fiducial,P2-GS,P2-GS,x,10946.46,,mm,false
3,FAT supplier,fiducial,Fiducial,Fiducial,P2-GS,P2-GS,y,-403.209,,mm,false
3,FAT supplier,fiducial,Fiducial,Fiducial,P2-GS,P2-GS,z,-4686.64,,mm,false
3,FAT supplier,fiducial,Fiducial,Fiducial,P5-IOS,P5-IOS,x,10281.71,,mm,false
3,FAT supplier,fiducial,Fiducial,Fiducial,P5-IOS,P5-IOS,y,1748.129,,mm,false
3,FAT supplier,fiducial,Fiducial,Fiducial,P5-IOS,P5-IOS,z,-2154.31,,mm,false
3,FAT supplier,fiducial,Fiducial,Fiducial,P6-IOS,P6-IOS,x,10042.37,,mm,false
3,FAT supplier,fiducial,Fiducial,Fiducial,P6-IOS,P6-IOS,y,1319.353,,mm,false
3,FAT supplier,fiducial,Fiducial,Fiducial,P6-IOS,P6-IOS,z,-3031.55,,mm,false
3,FAT supplier,fiducial,Fiducial,Fiducial,P3-GS,P3-GS,x,10071.7,,mm,false
3,FAT supplier,fiducial,Fiducial,Fiducial,P3-GS,P3-GS,y,-1.525,,mm,false
3,FAT supplier,fiducial,Fiducial,Fiducial,P3-GS,P3-GS,z,-4687.18,,mm,false
3,FAT supplier,fiducial,Fiducial,Fiducial,P1-GS,P1-GS,x,10946.57,,mm,false
3,FAT supplier,fiducial,Fiducial,Fiducial,P1-GS,P1-GS,y,398.491,,mm,false
3,FAT supplier,fiducial,Fiducial,Fiducial,P1-GS,P1-GS,z,-4686.8,,mm,false
3,FAT supplier,fiducial,Fiducial,Fiducial,G1-BU,G1-BU,x,11233.41,,mm,false
3,FAT supplier,fiducial,Fiducial,Fiducial,G1-BU,G1-BU,y,-2.337,,mm,false
3,FAT supplier,fiducial,Fiducial,Fiducial,G1-BU,G1-BU,z,-0.441,,mm,false
3,FAT supplier,fiducial,Fiducial,Fiducial,P14-SCC,P14-SCC,x,11190.44,,mm,false
3,FAT supplier,fiducial,Fiducial,Fiducial,P14-SCC,P14-SCC,y,-253.944,,mm,false
3,FAT supplier,fiducial,Fiducial,Fiducial,P14-SCC,P14-SCC,z,3840.182,,mm,false
3,FAT supplier,fiducial,Fiducial,Fiducial,P2-SCC,P2-SCC,x,11183.41,,mm,false
3,FAT supplier,fiducial,Fiducial,Fiducial,P2-SCC,P2-SCC,y,247.549,,mm,false
3,FAT supplier,fiducial,Fiducial,Fiducial,P2-SCC,P2-SCC,z,3840.237,,mm,false
3,FAT supplier,fiducial,Fiducial,Fiducial,BU_CP_39,BU_CP_39,x,10210.23,,mm,false
3,FAT supplier,fiducial,Fiducial,Fiducial,BU_CP_39,BU_CP_39,y,1131.592,,mm,false
3,FAT supplier,fiducial,Fiducial,Fiducial,BU_CP_39,BU_CP_39,z,2219.815,,mm,false
3,FAT supplier,fiducial,Fiducial,Fiducial,BU_CP_40,BU_CP_40,x,11191.32,,mm,false
3,FAT supplier,fiducial,Fiducial,Fiducial,BU_CP_40,BU_CP_40,y,-462.305,,mm,false
3,FAT supplier,fiducial,Fiducial,Fiducial,BU_CP_40,BU_CP_40,z,2140.043,,mm,false
3,FAT supplier,fiducial,Fiducial,Fiducial,BU_CP_41,BU_CP_41,x,11123.97,,mm,false
3,FAT supplier,fiducial,Fiducial,Fiducial,BU_CP_41,BU_CP_41,y,628.299,,mm,false
3,FAT supplier,fiducial,Fiducial,Fiducial,BU_CP_41,BU_CP_41,z,1858.076,,mm,false
3,FAT supplier,fiducial,Fiducial,Fiducial,BU_CP_42,BU_CP_42,x,10436.12,,mm,false
3,FAT supplier,fiducial,Fiducial,Fiducial,BU_CP_42,BU_CP_42,y,541.643,,mm,false
3,FAT supplier,fiducial,Fiducial,Fiducial,BU_CP_42,BU_CP_42,z,774.176,,mm,false
3,FAT supplier,fiducial,Fiducial,Fiducial,BU_CP_43,BU_CP_43,x,10536.95,,mm,false
3,FAT supplier,fiducial,Fiducial,Fiducial,BU_CP_43,BU_CP_43,y,1181.476,,mm,false
3,FAT supplier,fiducial,Fiducial,Fiducial,BU_CP_43,BU_CP_43,z,-1093.0,,mm,false
3,FAT supplier,fiducial,Fiducial,Fiducial,BU_CP_44,BU_CP_44,x,10720.68,,mm,false
3,FAT supplier,fiducial,Fiducial,Fiducial,BU_CP_44,BU_CP_44,y,-546.842,,mm,false
3,FAT supplier,fiducial,Fiducial,Fiducial,BU_CP_44,BU_CP_44,z,-63.407,,mm,false
3,FAT supplier,fiducial,Fiducial,Fiducial,BU_CP_45,BU_CP_45,x,11215.56,,mm,false
3,FAT supplier,fiducial,Fiducial,Fiducial,BU_CP_45,BU_CP_45,y,17.51,,mm,false
3,FAT supplier,fiducial,Fiducial,Fiducial,BU_CP_45,BU_CP_45,z,-54.305,,mm,false
3,FAT supplier,fiducial,Fiducial,Fiducial,BU_CP_46,BU_CP_46,x,10716.48,,mm,false
3,FAT supplier,fiducial,Fiducial,Fiducial,BU_CP_46,BU_CP_46,y,542.381,,mm,false
3,FAT supplier,fiducial,Fiducial,Fiducial,BU_CP_46,BU_CP_46,z,-59.802,,mm,false
3,FAT supplier,fiducial,Fiducial,Fiducial,BU_CP_48,BU_CP_48,x,10532.07,,mm,false
3,FAT supplier,fiducial,Fiducial,Fiducial,BU_CP_48,BU_CP_48,y,1870.94,,mm,false
3,FAT supplier,fiducial,Fiducial,Fiducial,BU_CP_48,BU_CP_48,z,-1197.88,,mm,false
3,FAT supplier,fiducial,Fiducial,Fiducial,BU_CP_52,BU_CP_52,x,10273.96,,mm,false
3,FAT supplier,fiducial,Fiducial,Fiducial,BU_CP_52,BU_CP_52,y,-752.008,,mm,false
3,FAT supplier,fiducial,Fiducial,Fiducial,BU_CP_52,BU_CP_52,z,-1198.15,,mm,false
3,FAT supplier,fiducial,Fiducial,Fiducial,BU_CP_53,BU_CP_53,x,10300.5,,mm,false
3,FAT supplier,fiducial,Fiducial,Fiducial,BU_CP_53,BU_CP_53,y,677.69,,mm,false
3,FAT supplier,fiducial,Fiducial,Fiducial,BU_CP_53,BU_CP_53,z,-1069.64,,mm,false
3,FAT supplier,fiducial,Fiducial,Fiducial,BU_CP_55,BU_CP_55,x,9868.282,,mm,false
3,FAT supplier,fiducial,Fiducial,Fiducial,BU_CP_55,BU_CP_55,y,1753.484,,mm,false
3,FAT supplier,fiducial,Fiducial,Fiducial,BU_CP_55,BU_CP_55,z,-3059.94,,mm,false
3,FAT supplier,fiducial,Fiducial,Fiducial,BU_CP_57,BU_CP_57,x,9616.98,,mm,false
3,FAT supplier,fiducial,Fiducial,Fiducial,BU_CP_57,BU_CP_57,y,623.765,,mm,false
3,FAT supplier,fiducial,Fiducial,Fiducial,BU_CP_57,BU_CP_57,z,-2926.06,,mm,false
3,FAT supplier,fiducial,Fiducial,Fiducial,BU_CP_59,BU_CP_59,x,11037.95,,mm,false
3,FAT supplier,fiducial,Fiducial,Fiducial,BU_CP_59,BU_CP_59,y,-33.379,,mm,false
3,FAT supplier,fiducial,Fiducial,Fiducial,BU_CP_59,BU_CP_59,z,-2824.64,,mm,false
3,FAT supplier,fiducial,Fiducial,Fiducial,BU_CP_65,BU_CP_65,x,9281.92,,mm,false
3,FAT supplier,fiducial,Fiducial,Fiducial,BU_CP_65,BU_CP_65,y,341.054,,mm,false
3,FAT supplier,fiducial,Fiducial,Fiducial,BU_CP_65,BU_CP_65,z,-6083.58,,mm,false
3,FAT supplier,fiducial,Fiducial,Fiducial,BU_CP_67,BU_CP_67,x,9282.239,,mm,false
3,FAT supplier,fiducial,Fiducial,Fiducial,BU_CP_67,BU_CP_67,y,-338.633,,mm,false
3,FAT supplier,fiducial,Fiducial,Fiducial,BU_CP_67,BU_CP_67,z,-6107.42,,mm,false
3,FAT supplier,fiducial,Fiducial,Fiducial,BU_CP_68,BU_CP_68,x,9297.511,,mm,false
3,FAT supplier,fiducial,Fiducial,Fiducial,BU_CP_68,BU_CP_68,y,-53.754,,mm,false
3,FAT supplier,fiducial,Fiducial,Fiducial,BU_CP_68,BU_CP_68,z,-7265.32,,mm,false
3,FAT supplier,fiducial,Fiducial,Fiducial,BU_CP_69,BU_CP_69,x,11091.88,,mm,false
3,FAT supplier,fiducial,Fiducial,Fiducial,BU_CP_69,BU_CP_69,y,829.438,,mm,false
3,FAT supplier,fiducial,Fiducial,Fiducial,BU_CP_69,BU_CP_69,z,-4676.09,,mm,false
3,FAT supplier,fiducial,Fiducial,Fiducial,BU_CP_72,BU_CP_72,x,9197.453,,mm,false
3,FAT supplier,fiducial,Fiducial,Fiducial,BU_CP_72,BU_CP_72,y,545.422,,mm,false
3,FAT supplier,fiducial,Fiducial,Fiducial,BU_CP_72,BU_CP_72,z,-7213.46,,mm,false
3,FAT supplier,fiducial,Fiducial,Fiducial,BU_CP_73,BU_CP_73,x,9145.233,,mm,false
3,FAT supplier,fiducial,Fiducial,Fiducial,BU_CP_73,BU_CP_73,y,545.496,,mm,false
3,FAT supplier,fiducial,Fiducial,Fiducial,BU_CP_73,BU_CP_73,z,-4288.75,,mm,false
3,FAT supplier,fiducial,Fiducial,Fiducial,BU_CP_76,BU_CP_76,x,7408.588,,mm,false
3,FAT supplier,fiducial,Fiducial,Fiducial,BU_CP_76,BU_CP_76,y,-1233.38,,mm,false
3,FAT supplier,fiducial,Fiducial,Fiducial,BU_CP_76,BU_CP_76,z,-5848.45,,mm,false
3,FAT supplier,fiducial,Fiducial,Fiducial,BU_CP_77,BU_CP_77,x,6116.582,,mm,false
3,FAT supplier,fiducial,Fiducial,Fiducial,BU_CP_77,BU_CP_77,y,-1012.04,,mm,false
3,FAT supplier,fiducial,Fiducial,Fiducial,BU_CP_77,BU_CP_77,z,-5849.04,,mm,false
3,FAT supplier,fiducial,Fiducial,Fiducial,BU_CP_78,BU_CP_78,x,6685.406,,mm,false
3,FAT supplier,fiducial,Fiducial,Fiducial,BU_CP_78,BU_CP_78,y,543.918,,mm,false
3,FAT supplier,fiducial,Fiducial,Fiducial,BU_CP_78,BU_CP_78,z,-5691.18,,mm,false
3,FAT supplier,fiducial,Fiducial,Fiducial,P15-IOIS,P15-IOIS,x,10482.06,,mm,false
3,FAT supplier,fiducial,Fiducial,Fiducial,P15-IOIS,P15-IOIS,y,1880.332,,mm,false
3,FAT supplier,fiducial,Fiducial,Fiducial,P15-IOIS,P15-IOIS,z,-1246.89,,mm,false
3,FAT supplier,fiducial,Fiducial,Fiducial,P16-IOIS,P16-IOIS,x,9865.85,,mm,false
3,FAT supplier,fiducial,Fiducial,Fiducial,P16-IOIS,P16-IOIS,y,1771.599,,mm,false
3,FAT supplier,fiducial,Fiducial,Fiducial,P16-IOIS,P16-IOIS,z,-2997.81,,mm,false
3,FAT supplier,fiducial,Fiducial,Fiducial,E2-BU,E2-BU,x,9104.953,,mm,false
3,FAT supplier,fiducial,Fiducial,Fiducial,E2-BU,E2-BU,y,562.757,,mm,false
3,FAT supplier,fiducial,Fiducial,Fiducial,E2-BU,E2-BU,z,-4313.12,,mm,false
3,FAT supplier,fiducial,Fiducial,Fiducial,P5-OIS,P5-OIS,x,7539.871,,mm,false
3,FAT supplier,fiducial,Fiducial,Fiducial,P5-OIS,P5-OIS,y,1367.321,,mm,false
3,FAT supplier,fiducial,Fiducial,Fiducial,P5-OIS,P5-OIS,z,-6358.28,,mm,false
3,FAT supplier,fiducial,Fiducial,Fiducial,P4-OIS,P4-OIS,x,5991.087,,mm,false
3,FAT supplier,fiducial,Fiducial,Fiducial,P4-OIS,P4-OIS,y,1092.575,,mm,false
3,FAT supplier,fiducial,Fiducial,Fiducial,P4-OIS,P4-OIS,z,-6120.29,,mm,false
3,FAT supplier,fiducial,Fiducial,Fiducial,P6-OIS,P6-OIS,x,5990.388,,mm,false
3,FAT supplier,fiducial,Fiducial,Fiducial,P6-OIS,P6-OIS,y,1093.955,,mm,false
3,FAT supplier,fiducial,Fiducial,Fiducial,P6-OIS,P6-OIS,z,-6594.16,,mm,false
3,FAT supplier,fiducial,Fiducial,Fiducial,P9-IIS,P9-IIS,x,4451.424,,mm,false
3,FAT supplier,fiducial,Fiducial,Fiducial,P9-IIS,P9-IIS,y,818.386,,mm,false
3,FAT supplier,fiducial,Fiducial,Fiducial,P9-IIS,P9-IIS,z,-5778.62,,mm,false
3,FAT supplier,fiducial,Fiducial,Fiducial,P8-IIS,P8-IIS,x,4194.063,,mm,false
3,FAT supplier,fiducial,Fiducial,Fiducial,P8-IIS,P8-IIS,y,773.539,,mm,false
3,FAT supplier,fiducial,Fiducial,Fiducial,P8-IIS,P8-IIS,z,-5676.51,,mm,false
3,FAT supplier,fiducial,Fiducial,Fiducial,P7-IIS,P7-IIS,x,3840.504,,mm,false
3,FAT supplier,fiducial,Fiducial,Fiducial,P7-IIS,P7-IIS,y,711.319,,mm,false
3,FAT supplier,fiducial,Fiducial,Fiducial,P7-IIS,P7-IIS,z,-5711.7,,mm,false
3,FAT supplier,fiducial,Fiducial,Fiducial,P10-IIS,P10-IIS,x,3776.721,,mm,false
3,FAT supplier,fiducial,Fiducial,Fiducial,P10-IIS,P10-IIS,y,702.294,,mm,false
3,FAT supplier,fiducial,Fiducial,Fiducial,P10-IIS,P10-IIS,z,-6179.19,,mm,false
3,FAT supplier,fiducial,Fiducial,Fiducial,P6-IIS,P6-IIS,x,3438.97,,mm,false
3,FAT supplier,fiducial,Fiducial,Fiducial,P6-IIS,P6-IIS,y,642.103,,mm,false
3,FAT supplier,fiducial,Fiducial,Fiducial,P6-IIS,P6-IIS,z,-5705.87,,mm,false
3,FAT supplier,fiducial,Fiducial,Fiducial,A2-AU,A2-AU,x,2709.205,,mm,false
3,FAT supplier,fiducial,Fiducial,Fiducial,A2-AU,A2-AU,y,511.561,,mm,false
3,FAT supplier,fiducial,Fiducial,Fiducial,A2-AU,A2-AU,z,-3699.61,,mm,false
3,FAT supplier,fiducial,Fiducial,Fiducial,H2-AU,H2-AU,x,2709.147,,mm,false
3,FAT supplier,fiducial,Fiducial,Fiducial,H2-AU,H2-AU,y,511.734,,mm,false
3,FAT supplier,fiducial,Fiducial,Fiducial,H2-AU,H2-AU,z,-0.6,,mm,false
3,FAT supplier,fiducial,Fiducial,Fiducial,B2-AU,B2-AU,x,2709.531,,mm,false
3,FAT supplier,fiducial,Fiducial,Fiducial,B2-AU,B2-AU,y,510.633,,mm,false
3,FAT supplier,fiducial,Fiducial,Fiducial,B2-AU,B2-AU,z,3699.114,,mm,false
3,FAT supplier,fiducial,Fiducial,Fiducial,P4-IIS,P4-IIS,x,3438.175,,mm,false
3,FAT supplier,fiducial,Fiducial,Fiducial,P4-IIS,P4-IIS,y,640.706,,mm,false
3,FAT supplier,fiducial,Fiducial,Fiducial,P4-IIS,P4-IIS,z,5705.54,,mm,false
3,FAT supplier,fiducial,Fiducial,Fiducial,P3-IIS,P3-IIS,x,3839.675,,mm,false
3,FAT supplier,fiducial,Fiducial,Fiducial,P3-IIS,P3-IIS,y,709.925,,mm,false
3,FAT supplier,fiducial,Fiducial,Fiducial,P3-IIS,P3-IIS,z,5710.793,,mm,false
3,FAT supplier,fiducial,Fiducial,Fiducial,P5-IIS,P5-IIS,x,3775.955,,mm,false
3,FAT supplier,fiducial,Fiducial,Fiducial,P5-IIS,P5-IIS,y,700.891,,mm,false
3,FAT supplier,fiducial,Fiducial,Fiducial,P5-IIS,P5-IIS,z,6150.033,,mm,false
3,FAT supplier,fiducial,Fiducial,Fiducial,P2-IIS,P2-IIS,x,4193.015,,mm,false
3,FAT supplier,fiducial,Fiducial,Fiducial,P2-IIS,P2-IIS,y,771.059,,mm,false
3,FAT supplier,fiducial,Fiducial,Fiducial,P2-IIS,P2-IIS,z,5677.117,,mm,false
3,FAT supplier,fiducial,Fiducial,Fiducial,P1-IIS,P1-IIS,x,4450.74,,mm,false
3,FAT supplier,fiducial,Fiducial,Fiducial,P1-IIS,P1-IIS,y,816.508,,mm,false
3,FAT supplier,fiducial,Fiducial,Fiducial,P1-IIS,P1-IIS,z,5779.005,,mm,false
3,FAT supplier,fiducial,Fiducial,Fiducial,P17-IOIS,P17-IOIS,x,9293.729,,mm,false
3,FAT supplier,fiducial,Fiducial,Fiducial,P17-IOIS,P17-IOIS,y,-1673.45,,mm,false
3,FAT supplier,fiducial,Fiducial,Fiducial,P17-IOIS,P17-IOIS,z,3879.234,,mm,false
3,FAT supplier,fiducial,Fiducial,Fiducial,P18-IOS,P18-IOS,x,10094.04,,mm,false
3,FAT supplier,fiducial,Fiducial,Fiducial,P18-IOS,P18-IOS,y,-1814.98,,mm,false
3,FAT supplier,fiducial,Fiducial,Fiducial,P18-IOS,P18-IOS,z,2376.81,,mm,false
3,FAT supplier,fiducial,Fiducial,Fiducial,G4-BU,G4-BU,x,10726.72,,mm,false
3,FAT supplier,fiducial,Fiducial,Fiducial,G4-BU,G4-BU,y,-565.434,,mm,false
3,FAT supplier,fiducial,Fiducial,Fiducial,G4-BU,G4-BU,z,-0.031,,mm,false
3,FAT supplier,fiducial,Fiducial,Fiducial,P19-IOS,P19-IOS,x,10480.27,,mm,false
3,FAT supplier,fiducial,Fiducial,Fiducial,P19-IOS,P19-IOS,y,-1884.58,,mm,false
3,FAT supplier,fiducial,Fiducial,Fiducial,P19-IOS,P19-IOS,z,-1246.32,,mm,false
3,FAT supplier,fiducial,Fiducial,Fiducial,P20-IOIS,P20-IOIS,x,9864.46,,mm,false
3,FAT supplier,fiducial,Fiducial,Fiducial,P20-IOIS,P20-IOIS,y,-1774.93,,mm,false
3,FAT supplier,fiducial,Fiducial,Fiducial,P20-IOIS,P20-IOIS,z,-2998.8,,mm,false
3,FAT supplier,fiducial,Fiducial,Fiducial,E4-BU,E4-BU,x,9103.675,,mm,false
3,FAT supplier,fiducial,Fiducial,Fiducial,E4-BU,E4-BU,y,-565.033,,mm,false
3,FAT supplier,fiducial,Fiducial,Fiducial,E4-BU,E4-BU,z,-4311.89,,mm,false
3,FAT supplier,fiducial,Fiducial,Fiducial,P11-OIS,P11-OIS,x,7539.044,,mm,false
3,FAT supplier,fiducial,Fiducial,Fiducial,P11-OIS,P11-OIS,y,-1367.78,,mm,false
3,FAT supplier,fiducial,Fiducial,Fiducial,P11-OIS,P11-OIS,z,-6356.02,,mm,false
3,FAT supplier,fiducial,Fiducial,Fiducial,P10-OIS,P10-OIS,x,5989.566,,mm,false
3,FAT supplier,fiducial,Fiducial,Fiducial,P10-OIS,P10-OIS,y,-1091.49,,mm,false
3,FAT supplier,fiducial,Fiducial,Fiducial,P10-OIS,P10-OIS,z,-6118.71,,mm,false
3,FAT supplier,fiducial,Fiducial,Fiducial,P19-IIS,P19-IIS,x,4455.467,,mm,false
3,FAT supplier,fiducial,Fiducial,Fiducial,P19-IIS,P19-IIS,y,-817.703,,mm,false
3,FAT supplier,fiducial,Fiducial,Fiducial,P19-IIS,P19-IIS,z,-5766.18,,mm,false
3,FAT supplier,fiducial,Fiducial,Fiducial,P18-IIS,P18-IIS,x,4199.803,,mm,false
3,FAT supplier,fiducial,Fiducial,Fiducial,P18-IIS,P18-IIS,y,-773.838,,mm,false
3,FAT supplier,fiducial,Fiducial,Fiducial,P18-IIS,P18-IIS,z,-5664.16,,mm,false
3,FAT supplier,fiducial,Fiducial,Fiducial,P17-IIS,P17-IIS,x,3848.415,,mm,false
3,FAT supplier,fiducial,Fiducial,Fiducial,P17-IIS,P17-IIS,y,-712.168,,mm,false
3,FAT supplier,fiducial,Fiducial,Fiducial,P17-IIS,P17-IIS,z,-5699.64,,mm,false
3,FAT supplier,fiducial,Fiducial,Fiducial,P16-IIS,P16-IIS,x,3448.467,,mm,false
3,FAT supplier,fiducial,Fiducial,Fiducial,P16-IIS,P16-IIS,y,-643.006,,mm,false
3,FAT supplier,fiducial,Fiducial,Fiducial,P16-IIS,P16-IIS,z,-5695.24,,mm,false
3,FAT supplier,fiducial,Fiducial,Fiducial,B4-AU,B4-AU,x,2709.473,,mm,false
3,FAT supplier,fiducial,Fiducial,Fiducial,B4-AU,B4-AU,y,-512.328,,mm,false
3,FAT supplier,fiducial,Fiducial,Fiducial,B4-AU,B4-AU,z,-3700.83,,mm,false
3,FAT supplier,fiducial,Fiducial,Fiducial,H4-AU,H4-AU,x,2708.515,,mm,false
3,FAT supplier,fiducial,Fiducial,Fiducial,H4-AU,H4-AU,y,-514.073,,mm,false
3,FAT supplier,fiducial,Fiducial,Fiducial,H4-AU,H4-AU,z,-0.561,,mm,false
3,FAT supplier,fiducial,Fiducial,Fiducial,P8-OIS,P8-OIS,x,7535.097,,mm,false
3,FAT supplier,fiducial,Fiducial,Fiducial,P8-OIS,P8-OIS,y,-1368.22,,mm,false
3,FAT supplier,fiducial,Fiducial,Fiducial,P8-OIS,P8-OIS,z,6356.531,,mm,false
3,FAT supplier,fiducial,Fiducial,Fiducial,P9-OIS,P9-OIS,x,5986.795,,mm,false
3,FAT supplier,fiducial,Fiducial,Fiducial,P9-OIS,P9-OIS,y,-1092.15,,mm,false
3,FAT supplier,fiducial,Fiducial,Fiducial,P9-OIS,P9-OIS,z,6118.787,,mm,false
3,FAT supplier,fiducial,Fiducial,Fiducial,P7-OIS,P7-OIS,x,5987.849,,mm,false
3,FAT supplier,fiducial,Fiducial,Fiducial,P7-OIS,P7-OIS,y,-1086.73,,mm,false
3,FAT supplier,fiducial,Fiducial,Fiducial,P7-OIS,P7-OIS,z,6589.982,,mm,false
3,FAT supplier,fiducial,Fiducial,Fiducial,P11-IIS,P11-IIS,x,4454.774,,mm,false
3,FAT supplier,fiducial,Fiducial,Fiducial,P11-IIS,P11-IIS,y,-819.017,,mm,false
3,FAT supplier,fiducial,Fiducial,Fiducial,P11-IIS,P11-IIS,z,5765.253,,mm,false
3,FAT supplier,fiducial,Fiducial,Fiducial,P12-IIS,P12-IIS,x,4199.155,,mm,false
3,FAT supplier,fiducial,Fiducial,Fiducial,P12-IIS,P12-IIS,y,-774.792,,mm,false
3,FAT supplier,fiducial,Fiducial,Fiducial,P12-IIS,P12-IIS,z,5663.304,,mm,false
3,FAT supplier,fiducial,Fiducial,Fiducial,P15-IIS,P15-IIS,x,3775.886,,mm,false
3,FAT supplier,fiducial,Fiducial,Fiducial,P15-IIS,P15-IIS,y,-702.402,,mm,false
3,FAT supplier,fiducial,Fiducial,Fiducial,P15-IIS,P15-IIS,z,6149.872,,mm,false
3,FAT supplier,fiducial,Fiducial,Fiducial,P13-IIS,P13-IIS,x,3847.824,,mm,false
3,FAT supplier,fiducial,Fiducial,Fiducial,P13-IIS,P13-IIS,y,-713.072,,mm,false
3,FAT supplier,fiducial,Fiducial,Fiducial,P13-IIS,P13-IIS,z,5698.532,,mm,false
3,FAT supplier,fiducial,Fiducial,Fiducial,P14-IIS,P14-IIS,x,3448.023,,mm,false
3,FAT supplier,fiducial,Fiducial,Fiducial,P14-IIS,P14-IIS,y,-643.913,,mm,false
3,FAT supplier,fiducial,Fiducial,Fiducial,P14-IIS,P14-IIS,z,5694.078,,mm,false
3,FAT supplier,fiducial,Fiducial,Fiducial,A1-AU,A1-AU,x,2153.046,,mm,false
3,FAT supplier,fiducial,Fiducial,Fiducial,A1-AU,A1-AU,y,-0.166,,mm,false
3,FAT supplier,fiducial,Fiducial,Fiducial,A1-AU,A1-AU,z,-3700.51,,mm,false
3,FAT supplier,fiducial,Fiducial,Fiducial,H1-AU,H1-AU,x,2153.06,,mm,false
3,FAT supplier,fiducial,Fiducial,Fiducial,H1-AU,H1-AU,y,-0.723,,mm,false
3,FAT supplier,fiducial,Fiducial,Fiducial,H1-AU,H1-AU,z,-0.416,,mm,false
3,FAT supplier,fiducial,Fiducial,Fiducial,B1-AU,B1-AU,x,2152.924,,mm,false
3,FAT supplier,fiducial,Fiducial,Fiducial,B1-AU,B1-AU,y,-0.755,,mm,false
3,FAT supplier,fiducial,Fiducial,Fiducial,B1-AU,B1-AU,z,3699.635,,mm,false
3,FAT supplier,fiducial,Fiducial,Fiducial,P7-IOIS,P7-IOIS,x,9463.256,,mm,false
3,FAT supplier,fiducial,Fiducial,Fiducial,P7-IOIS,P7-IOIS,y,-1220.75,,mm,false
3,FAT supplier,fiducial,Fiducial,Fiducial,P7-IOIS,P7-IOIS,z,3926.912,,mm,false
3,FAT supplier,fiducial,Fiducial,Fiducial,P8-IOIS,P8-IOIS,x,9795.619,,mm,false
3,FAT supplier,fiducial,Fiducial,Fiducial,P8-IOIS,P8-IOIS,y,-1666.75,,mm,false
3,FAT supplier,fiducial,Fiducial,Fiducial,P8-IOIS,P8-IOIS,z,3174.025,,mm,false
3,FAT supplier,fiducial,Fiducial,Fiducial,P10-IOS,P10-IOS,x,10656.56,,mm,false
3,FAT supplier,fiducial,Fiducial,Fiducial,P10-IOS,P10-IOS,y,-1432.17,,mm,false
3,FAT supplier,fiducial,Fiducial,Fiducial,P10-IOS,P10-IOS,z,-1280.34,,mm,false
3,FAT supplier,fiducial,Fiducial,Fiducial,P12-IOIS,P12-IOIS,x,10040.9,,mm,false
3,FAT supplier,fiducial,Fiducial,Fiducial,P12-IOIS,P12-IOIS,y,-1322.5,,mm,false
3,FAT supplier,fiducial,Fiducial,Fiducial,P12-IOIS,P12-IOIS,z,-3030.97,,mm,false
3,FAT supplier,fiducial,Fiducial,Fiducial,P11-IOIS,P11-IOIS,x,10279.82,,mm,false
3,FAT supplier,fiducial,Fiducial,Fiducial,P11-IOIS,P11-IOIS,y,-1751.97,,mm,false
3,FAT supplier,fiducial,Fiducial,Fiducial,P11-IOIS,P11-IOIS,z,-2153.85,,mm,false
3,FAT supplier,fiducial,Fiducial,Fiducial,F3-AP,F3-AP,x,5133.925,,mm,false
3,FAT supplier,fiducial,Fiducial,Fiducial,F3-AP,F3-AP,y,0.069,,mm,false
3,FAT supplier,fiducial,Fiducial,Fiducial,F3-AP,F3-AP,z,-5817.56,,mm,false
3,FAT supplier,fiducial,Fiducial,Fiducial,F3-BP,F3-BP,x,5752.05,,mm,false
3,FAT supplier,fiducial,Fiducial,Fiducial,F3-BP,F3-BP,y,1.318,,mm,false
3,FAT supplier,fiducial,Fiducial,Fiducial,F3-BP,F3-BP,z,-5785.73,,mm,false
3,FAT supplier,fiducial,Fiducial,Fiducial,E3-BP,E3-BP,x,8734.027,,mm,false
3,FAT supplier,fiducial,Fiducial,Fiducial,E3-BP,E3-BP,y,-1.146,,mm,false
3,FAT supplier,fiducial,Fiducial,Fiducial,E3-BP,E3-BP,z,-3989.44,,mm,false
3,FAT supplier,fiducial,Fiducial,Fiducial,G3-BP,G3-BP,x,10244.66,,mm,false
3,FAT supplier,fiducial,Fiducial,Fiducial,G3-BP,G3-BP,y,-1.904,,mm,false
3,FAT supplier,fiducial,Fiducial,Fiducial,G3-BP,G3-BP,z,-0.183,,mm,false
3,FAT supplier,fiducial,Fiducial,Fiducial,D3-BP,D3-BP,x,8442.531,,mm,false
3,FAT supplier,fiducial,Fiducial,Fiducial,D3-BP,D3-BP,y,-1.401,,mm,false
3,FAT supplier,fiducial,Fiducial,Fiducial,D3-BP,D3-BP,z,4292.637,,mm,false
3,FAT supplier,fiducial,Fiducial,Fiducial,C3-AP,C3-AP,x,4959.343,,mm,false
3,FAT supplier,fiducial,Fiducial,Fiducial,C3-AP,C3-AP,y,-0.544,,mm,false
3,FAT supplier,fiducial,Fiducial,Fiducial,C3-AP,C3-AP,z,5798.88,,mm,false
3,FAT supplier,fiducial,Fiducial,Fiducial,A3-AP,A3-AP,x,3137.534,,mm,false
3,FAT supplier,fiducial,Fiducial,Fiducial,A3-AP,A3-AP,y,-1.989,,mm,false
3,FAT supplier,fiducial,Fiducial,Fiducial,A3-AP,A3-AP,z,3700.144,,mm,false
3,FAT supplier,fiducial,Fiducial,Fiducial,H3-AP,H3-AP,x,3137.298,,mm,false
3,FAT supplier,fiducial,Fiducial,Fiducial,H3-AP,H3-AP,y,-1.847,,mm,false
3,FAT supplier,fiducial,Fiducial,Fiducial,H3-AP,H3-AP,z,0.303,,mm,false
3,FAT supplier,fiducial,Fiducial,Fiducial,B3-AP,B3-AP,x,3137.992,,mm,false
3,FAT supplier,fiducial,Fiducial,Fiducial,B3-AP,B3-AP,y,-1.026,,mm,false
3,FAT supplier,fiducial,Fiducial,Fiducial,B3-AP,B3-AP,z,-3699.48,,mm,false
2,FAT IO,transform,,,,,dx,-0.1046222438215152,,mm,false
2,FAT IO,transform,,,,,dy,-0.6901086174684766,,mm,false
2,FAT IO,transform,,,,,dz,-0.3410445195859762,,mm,false
2,FAT IO,transform,,,,,rx,-0.0005170055153976478,,deg,false
2,FAT IO,transform,,,,,ry,-0.005359426294455918,,deg,false
2,FAT IO,transform,,,,,rz,0.00236337611244515,,deg,false
2,FAT IO,fiducial,CCL,CCL,A,A,x,2713.311495264608,0.4493865149487669,mm,false
2,FAT IO,fiducial,CCL,CCL,A,A,y,-0.2015890715517586,0.4493865149487669,mm,false
2,FAT IO,fiducial,CCL,CCL,A,A,z,-3699.997256871906,0.4493865149487669,mm,false
2,FAT IO,fiducial,CCL,CCL,B,B,x,2712.569320786292,0.5115023616140533,mm,false
2,FAT IO,fiducial,CCL,CCL,B,B,y,-0.1148195104032478,0.5115023616140533,mm,false
2,FAT IO,fiducial,CCL,CCL,B,B,z,3699.792705596494,0.5115023616140533,mm,false
2,FAT IO,fiducial,CCL,CCL,C,C,x,5333.186253135441,0.5208970851175633,mm,false
2,FAT IO,fiducial,CCL,CCL,C,C,y,0.506734388598682,0.5208970851175633,mm,false
2,FAT IO,fiducial,CCL,CCL,C,C,z,6298.227843012028,0.5208970851175633,mm,false
2,FAT IO,fiducial,CCL,CCL,D,D,x,8977.210537720417,0.5335396203586635,mm,false
2,FAT IO,fiducial,CCL,CCL,D,D,y,0.640227045731537,0.5335396203586635,mm,false
2,FAT IO,fiducial,CCL,CCL,D,D,z,4435.148694281448,0.5335396203586635,mm,false
2,FAT IO,fiducial,CCL,CCL,E,E,x,9583.431025067624,0.5450679982650037,mm,false
2,FAT IO,fiducial,CCL,CCL,E,E,y,0.2018416265212261,0.5450679982650037,mm,false
2,FAT IO,fiducial,CCL,CCL,E,E,z,-3694.764632017838,0.5450679982650037,mm,false
2,FAT IO,fiducial,CCL,CCL,F,F',x,3398.218990210429,0.4987251357953769,mm,false
2,FAT IO,fiducial,CCL,CCL,F,F',y,1.089527955464595,0.4987251357953769,mm,false
2,FAT IO,fiducial,CCL,CCL,F,F',z,-5598.073210906376,0.4987251357953769,mm,false
2,FAT IO,fiducial,CCL,CCL,G,G,x,10728.13557193561,0.5300461809993201,mm,false
2,FAT IO,fiducial,CCL,CCL,G,G,y,-0.9275966691762114,0.5300461809993201,mm,false
2,FAT IO,fiducial,CCL,CCL,G,G,z,-1.067530271555533,0.5300461809993201,mm,false
2,FAT IO,fiducial,CCL,CCL,H,H,x,2713.845440412353,0.5026769685200312,mm,false
2,FAT IO,fiducial,CCL,CCL,H,H,y,-1.068166463044108,0.5026769685200312,mm,false
2,FAT IO,fiducial,CCL,CCL,H,H,z,-0.04718277006710467,0.5026769685200312,mm,false
2,FAT IO,fiducial,Fiducial,Fiducial,A1-AU,A1-AU,x,2144.6915,0.439,mm,false
2,FAT IO,fiducial,Fiducial,Fiducial,A1-AU,A1-AU,y,-0.365,0.439,mm,false
2,FAT IO,fiducial,Fiducial,Fiducial,A1-AU,A1-AU,z,-3700.2004,0.439,mm,false
2,FAT IO,fiducial,Fiducial,Fiducial,A2-AU,A2-AU,x,2705.9701,0.466,mm,false
2,FAT IO,fiducial,Fiducial,Fiducial,A2-AU,A2-AU,y,520.0481,0.466,mm,false
2,FAT IO,fiducial,Fiducial,Fiducial,A2-AU,A2-AU,z,-3700.5726,0.466,mm,false
2,FAT IO,fiducial,Fiducial,Fiducial,A3-AP,A3-AP,x,3134.0616,0.203,mm,false
2,FAT IO,fiducial,Fiducial,Fiducial,A3-AP,A3-AP,y,0.2758,0.203,mm,false
2,FAT IO,fiducial,Fiducial,Fiducial,A3-AP,A3-AP,z,-3700.9579,0.203,mm,false
2,FAT IO,fiducial,Fiducial,Fiducial,B2-AU,B2-AU,x,2704.9579,0.403,mm,false
2,FAT IO,fiducial,Fiducial,Fiducial,B2-AU,B2-AU,y,520.2649,0.403,mm,false
2,FAT IO,fiducial,Fiducial,Fiducial,B2-AU,B2-AU,z,3699.6373,0.403,mm,false
2,FAT IO,fiducial,Fiducial,Fiducial,D3-BP,D3-BP,x,8449.2429,0.345,mm,false
2,FAT IO,fiducial,Fiducial,Fiducial,D3-BP,D3-BP,y,-0.8627,0.345,mm,false
2,FAT IO,fiducial,Fiducial,Fiducial,D3-BP,D3-BP,z,4303.6493,0.345,mm,false
2,FAT IO,fiducial,Fiducial,Fiducial,F1-AU,F1-AU,x,5449.3559,0.472,mm,false
2,FAT IO,fiducial,Fiducial,Fiducial,F1-AU,F1-AU,y,-0.3968,0.472,mm,false
2,FAT IO,fiducial,Fiducial,Fiducial,F1-AU,F1-AU,z,-7916.6213,0.472,mm,false
2,FAT IO,fiducial,Fiducial,Fiducial,G2-BU,G2-BU,x,10728.1822,0.512,mm,false
2,FAT IO,fiducial,Fiducial,Fiducial,G2-BU,G2-BU,y,562.0224,0.512,mm,false
2,FAT IO,fiducial,Fiducial,Fiducial,G2-BU,G2-BU,z,0.6274,0.512,mm,false
2,FAT IO,fiducial,Fiducial,Fiducial,H1-AU,H1-AU,x,2144.3254,0.527,mm,false
2,FAT IO,fiducial,Fiducial,Fiducial,H1-AU,H1-AU,y,-0.5317,0.527,mm,false
2,FAT IO,fiducial,Fiducial,Fiducial,H1-AU,H1-AU,z,-0.1505,0.527,mm,false
2,FAT IO,fiducial,Fiducial,Fiducial,P11-IOIS,P11-IOIS,x,10289.2192,0.083,mm,false
2,FAT IO,fiducial,Fiducial,Fiducial,P11-IOIS,P11-IOIS,y,-1750.8551,0.083,mm,false
2,FAT IO,fiducial,Fiducial,Fiducial,P11-IOIS,P11-IOIS,z,-2154.6128,0.083,mm,false
2,FAT IO,fiducial,Fiducial,Fiducial,P11-OIS,P11-OIS,x,7542.4161,0.187,mm,false
2,FAT IO,fiducial,Fiducial,Fiducial,P11-OIS,P11-OIS,y,-1368.1763,0.187,mm,false
2,FAT IO,fiducial,Fiducial,Fiducial,P11-OIS,P11-OIS,z,-6353.2832,0.187,mm,false
2,FAT IO,fiducial,Fiducial,Fiducial,P11-SCC,P11-SCC,x,11191.4796,0.246,mm,false
2,FAT IO,fiducial,Fiducial,Fiducial,P11-SCC,P11-SCC,y,374.6203,0.246,mm,false
2,FAT IO,fiducial,Fiducial,Fiducial,P11-SCC,P11-SCC,z,-2347.8176,0.246,mm,false
2,FAT IO,fiducial,Fiducial,Fiducial,P12-IOIS,P12-IOIS,x,10046.4034,0.525,mm,false
2,FAT IO,fiducial,Fiducial,Fiducial,P12-IOIS,P12-IOIS,y,-1322.9031,0.525,mm,false
2,FAT IO,fiducial,Fiducial,Fiducial,P12-IOIS,P12-IOIS,z,-3029.8794,0.525,mm,false
2,FAT IO,fiducial,Fiducial,Fiducial,P12-SCC,P12-SCC,x,10639.1727,0.22,mm,false
2,FAT IO,fiducial,Fiducial,Fiducial,P12-SCC,P12-SCC,y,707.7221,0.22,mm,false
2,FAT IO,fiducial,Fiducial,Fiducial,P12-SCC,P12-SCC,z,-2955.6823,0.22,mm,false
2,FAT IO,fiducial,Fiducial,Fiducial,P1-IOIS,P1-IOIS,x,9468.0576,0.262,mm,false
2,FAT IO,fiducial,Fiducial,Fiducial,P1-IOIS,P1-IOIS,y,1219.4859,0.262,mm,false
2,FAT IO,fiducial,Fiducial,Fiducial,P1-IOIS,P1-IOIS,z,3929.3736,0.262,mm,false
2,FAT IO,fiducial,Fiducial,Fiducial,P1-PF2,P1-PF2,x,7718.0201,0.256,mm,false
2,FAT IO,fiducial,Fiducial,Fiducial,P1-PF2,P1-PF2,y,-0.5585,0.256,mm,false
2,FAT IO,fiducial,Fiducial,Fiducial,P1-PF2,P1-PF2,z,7006.2309,0.256,mm,false
2,FAT IO,fiducial,Fiducial,Fiducial,P1-PF5,P1-PF5,x,7748.6176,0.093,mm,false
2,FAT IO,fiducial,Fiducial,Fiducial,P1-PF5,P1-PF5,y,0.0827,0.093,mm,false
2,FAT IO,fiducial,Fiducial,Fiducial,P1-PF5,P1-PF5,z,-7400.3463,0.093,mm,false
2,FAT IO,fiducial,Fiducial,Fiducial,P1-PF6,P1-PF6,x,3130.5106,0.235,mm,false
2,FAT IO,fiducial,Fiducial,Fiducial,P1-PF6,P1-PF6,y,-0.5958,0.235,mm,false
2,FAT IO,fiducial,Fiducial,Fiducial,P1-PF6,P1-PF6,z,-8286.8482,0.235,mm,false
2,FAT IO,fiducial,Fiducial,Fiducial,P2-OIS,P2-OIS,x,7540.9746,0.08,mm,false
2,FAT IO,fiducial,Fiducial,Fiducial,P2-OIS,P2-OIS,y,1367.0883,0.08,mm,false
2,FAT IO,fiducial,Fiducial,Fiducial,P2-OIS,P2-OIS,z,6355.062,0.08,mm,false
2,FAT IO,fiducial,Fiducial,Fiducial,P2-PF2,P2-PF2,x,9001.7477,0.272,mm,false
2,FAT IO,fiducial,Fiducial,Fiducial,P2-PF2,P2-PF2,y,299.1945,0.272,mm,false
2,FAT IO,fiducial,Fiducial,Fiducial,P2-PF2,P2-PF2,z,7006.4283,0.272,mm,false
2,FAT IO,fiducial,Fiducial,Fiducial,P2-PF5,P2-PF5,x,9205.8047,0.093,mm,false
2,FAT IO,fiducial,Fiducial,Fiducial,P2-PF5,P2-PF5,y,314.2528,0.093,mm,false
2,FAT IO,fiducial,Fiducial,Fiducial,P2-PF5,P2-PF5,z,-7400.2528,0.093,mm,false
2,FAT IO,fiducial,Fiducial,Fiducial,P3-PF2,P3-PF2,x,9001.9524,0.129,mm,false
2,FAT IO,fiducial,Fiducial,Fiducial,P3-PF2,P3-PF2,y,-300.5555,0.129,mm,false
2,FAT IO,fiducial,Fiducial,Fiducial,P3-PF2,P3-PF2,z,7006.4137,0.129,mm,false
2,FAT IO,fiducial,Fiducial,Fiducial,P3-PF5,P3-PF5,x,9205.7707,0.276,mm,false
2,FAT IO,fiducial,Fiducial,Fiducial,P3-PF5,P3-PF5,y,-315.7272,0.276,mm,false
2,FAT IO,fiducial,Fiducial,Fiducial,P3-PF5,P3-PF5,z,-7400.2371,0.276,mm,false
2,FAT IO,fiducial,Fiducial,Fiducial,P3-SCC,P3-SCC,x,11190.8855,0.123,mm,false
2,FAT IO,fiducial,Fiducial,Fiducial,P3-SCC,P3-SCC,y,374.6009,0.123,mm,false
2,FAT IO,fiducial,Fiducial,Fiducial,P3-SCC,P3-SCC,z,3255.3724,0.123,mm,false
2,FAT IO,fiducial,Fiducial,Fiducial,P6-IOIS,P6-IOIS,x,10046.2043,0.307,mm,false
2,FAT IO,fiducial,Fiducial,Fiducial,P6-IOIS,P6-IOIS,y,1321.8869,0.307,mm,false
2,FAT IO,fiducial,Fiducial,Fiducial,P6-IOIS,P6-IOIS,z,-3029.4633,0.307,mm,false
2,FAT IO,fiducial,Fiducial,Fiducial,P6-TCC,P6-TCC,x,5784.026,0.157,mm,false
2,FAT IO,fiducial,Fiducial,Fiducial,P6-TCC,P6-TCC,y,-225.5689,0.157,mm,false
2,FAT IO,fiducial,Fiducial,Fiducial,P6-TCC,P6-TCC,z,6935.3521,0.157,mm,false
2,FAT IO,fiducial,Fiducial,Fiducial,P8-OIS,P8-OIS,x,7541.6374,0.35,mm,false
2,FAT IO,fiducial,Fiducial,Fiducial,P8-OIS,P8-OIS,y,-1368.2817,0.35,mm,false
2,FAT IO,fiducial,Fiducial,Fiducial,P8-OIS,P8-OIS,z,6355.4968,0.35,mm,false
2,FAT IO,fiducial,Fiducial,Fiducial,P9-OIS,P9-OIS,x,5992.2382,0.084,mm,false
2,FAT IO,fiducial,Fiducial,Fiducial,P9-OIS,P9-OIS,y,-1095.0477,0.084,mm,false
2,FAT IO,fiducial,Fiducial,Fiducial,P9-OIS,P9-OIS,z,6118.9994,0.084,mm,false
3,FAT IO,transform,,,,,dx,0.1060442717780356,,mm,false
3,FAT IO,transform,,,,,dy,-0.6826705912563669,,mm,false
3,FAT IO,transform,,,,,dz,0.1795334915061621,,mm,false
3,FAT IO,transform,,,,,rx,0.0008327796761721325,,deg,false
3,FAT IO,transform,,,,,ry,0.002815230190572338,,deg,false
3,FAT IO,transform,,,,,rz,0.005319856981702486,,deg,false
3,FAT IO,fiducial,CCL,CCL,A,A,x,2712.824276593337,0.2831252459107689,mm,false
3,FAT IO,fiducial,CCL,CCL,A,A,y,-0.2369891099401963,0.2999772029920706,mm,false
3,FAT IO,fiducial,CCL,CCL,A,A,z,-3700.203769529045,0.03990112335686469,mm,false
3,FAT IO,fiducial,CCL,CCL,B,B,x,2712.827851497279,0.2117049824465378,mm,false
3,FAT IO,fiducial,CCL,CCL,B,B,y,0.05541655352096667,0.2560258047638474,mm,false
3,FAT IO,fiducial,CCL,CCL,B,B,z,3700.056244260075,0.01999221086417225,mm,false
3,FAT IO,fiducial,CCL,CCL,C,C,x,5333.41544616548,0.06980696479387319,mm,false
3,FAT IO,fiducial,CCL,CCL,C,C,y,0.8109621116482704,0.2417359430955509,mm,false
3,FAT IO,fiducial,CCL,CCL,C,C,z,6298.07749598648,0.1757842013900159,mm,false
3,FAT IO,fiducial,CCL,CCL,D,D,x,8977.304099928278,0.5548166123889721,mm,false
3,FAT IO,fiducial,CCL,CCL,D,D,y,-0.6036310256532161,0.5361234053407323,mm,false
3,FAT IO,fiducial,CCL,CCL,D,D,z,4435.85843038088,0.157834379570731,mm,false
3,FAT IO,fiducial,CCL,CCL,E,E,x,9583.92455594145,0.4015708738032837,mm,false
3,FAT IO,fiducial,CCL,CCL,E,E,y,0.1009050896154632,0.4023378153510966,mm,false
3,FAT IO,fiducial,CCL,CCL,E,E,z,-3694.651376370185,0.1192351865803611,mm,false
3,FAT IO,fiducial,CCL,CCL,F,F',x,4284.084611853225,0.2225235863435203,mm,false
3,FAT IO,fiducial,CCL,CCL,F,F',y,0.674288787337062,0.3013265040414849,mm,false
3,FAT IO,fiducial,CCL,CCL,F,F',z,-6134.150963412178,0.1659731707654928,mm,false
3,FAT IO,fiducial,CCL,CCL,G,G,x,10727.79610005503,0.2155739916468951,mm,false
3,FAT IO,fiducial,CCL,CCL,G,G,y,-0.2265980050574377,0.271012602655604,mm,false
3,FAT IO,fiducial,CCL,CCL,G,G,z,-0.4975804503465658,0.01999565495205831,mm,false
3,FAT IO,fiducial,CCL,CCL,H,H,x,2713.776137224705,0.1835239355628695,mm,false
3,FAT IO,fiducial,CCL,CCL,H,H,y,-0.8206996665606304,0.2365773923865983,mm,false
3,FAT IO,fiducial,CCL,CCL,H,H,z,0.03618007467322593,0.009998715974689158,mm,false
3,FAT IO,fiducial,Fiducial,Fiducial,AU_CP_1,AU_CP_1,x,4886.0347,,mm,false
3,FAT IO,fiducial,Fiducial,Fiducial,AU_CP_1,AU_CP_1,y,27.442,,mm,false
3,FAT IO,fiducial,Fiducial,Fiducial,AU_CP_1,AU_CP_1,z,8185.4479,,mm,false
3,FAT IO,fiducial,Fiducial,Fiducial,AU_CP_2,AU_CP_2,x,4801.9416,,mm,false
3,FAT IO,fiducial,Fiducial,Fiducial,AU_CP_2,AU_CP_2,y,528.4097,,mm,false
3,FAT IO,fiducial,Fiducial,Fiducial,AU_CP_2,AU_CP_2,z,8214.9773,,mm,false
3,FAT IO,fiducial,Fiducial,Fiducial,AU_CP_3,AU_CP_3,x,4766.8974,,mm,false
3,FAT IO,fiducial,Fiducial,Fiducial,AU_CP_3,AU_CP_3,y,-530.6161,,mm,false
3,FAT IO,fiducial,Fiducial,Fiducial,AU_CP_3,AU_CP_3,z,8183.3806,,mm,false
3,FAT IO,fiducial,Fiducial,Fiducial,AU_CP_5,AU_CP_5,x,4806.5977,,mm,false
3,FAT IO,fiducial,Fiducial,Fiducial,AU_CP_5,AU_CP_5,y,803.382,,mm,false
3,FAT IO,fiducial,Fiducial,Fiducial,AU_CP_5,AU_CP_5,z,5886.871,,mm,false
3,FAT IO,fiducial,Fiducial,Fiducial,AU_CP_6,AU_CP_6,x,3661.9335,,mm,false
3,FAT IO,fiducial,Fiducial,Fiducial,AU_CP_6,AU_CP_6,y,669.9238,,mm,false
3,FAT IO,fiducial,Fiducial,Fiducial,AU_CP_6,AU_CP_6,z,6363.2183,,mm,false
3,FAT IO,fiducial,Fiducial,Fiducial,AU_CP_7,AU_CP_7,x,2949.9421,,mm,false
3,FAT IO,fiducial,Fiducial,Fiducial,AU_CP_7,AU_CP_7,y,-520.6129,,mm,false
3,FAT IO,fiducial,Fiducial,Fiducial,AU_CP_7,AU_CP_7,z,8196.385,,mm,false
3,FAT IO,fiducial,Fiducial,Fiducial,AU_CP_8,AU_CP_8,x,2929.0211,,mm,false
3,FAT IO,fiducial,Fiducial,Fiducial,AU_CP_8,AU_CP_8,y,517.426,,mm,false
3,FAT IO,fiducial,Fiducial,Fiducial,AU_CP_8,AU_CP_8,z,8204.2591,,mm,false
3,FAT IO,fiducial,Fiducial,Fiducial,AU_CP_9,AU_CP_9,x,2832.2781,,mm,false
3,FAT IO,fiducial,Fiducial,Fiducial,AU_CP_9,AU_CP_9,y,-62.7799,,mm,false
3,FAT IO,fiducial,Fiducial,Fiducial,AU_CP_9,AU_CP_9,z,8063.4055,,mm,false
3,FAT IO,fiducial,Fiducial,Fiducial,AU_CP_11,AU_CP_11,x,2169.1326,,mm,false
3,FAT IO,fiducial,Fiducial,Fiducial,AU_CP_11,AU_CP_11,y,-7.2937,,mm,false
3,FAT IO,fiducial,Fiducial,Fiducial,AU_CP_11,AU_CP_11,z,5735.8869,,mm,false
3,FAT IO,fiducial,Fiducial,Fiducial,AU_CP_13,AU_CP_13,x,2163.8359,,mm,false
3,FAT IO,fiducial,Fiducial,Fiducial,AU_CP_13,AU_CP_13,y,5.0946,,mm,false
3,FAT IO,fiducial,Fiducial,Fiducial,AU_CP_13,AU_CP_13,z,4239.5853,,mm,false
3,FAT IO,fiducial,Fiducial,Fiducial,AU_CP_15,AU_CP_15,x,2974.0794,,mm,false
3,FAT IO,fiducial,Fiducial,Fiducial,AU_CP_15,AU_CP_15,y,-558.4095,,mm,false
3,FAT IO,fiducial,Fiducial,Fiducial,AU_CP_15,AU_CP_15,z,3022.2113,,mm,false
3,FAT IO,fiducial,Fiducial,Fiducial,AU_CP_18,AU_CP_18,x,2196.6541,,mm,false
3,FAT IO,fiducial,Fiducial,Fiducial,AU_CP_18,AU_CP_18,y,-424.8949,,mm,false
3,FAT IO,fiducial,Fiducial,Fiducial,AU_CP_18,AU_CP_18,z,1803.6334,,mm,false
3,FAT IO,fiducial,Fiducial,Fiducial,AU_CP_19,AU_CP_19,x,2137.5914,,mm,false
3,FAT IO,fiducial,Fiducial,Fiducial,AU_CP_19,AU_CP_19,y,335.8519,,mm,false
3,FAT IO,fiducial,Fiducial,Fiducial,AU_CP_19,AU_CP_19,z,1577.5774,,mm,false
3,FAT IO,fiducial,Fiducial,Fiducial,AU_CP_21,AU_CP_21,x,2136.5427,,mm,false
3,FAT IO,fiducial,Fiducial,Fiducial,AU_CP_21,AU_CP_21,y,-342.0419,,mm,false
3,FAT IO,fiducial,Fiducial,Fiducial,AU_CP_21,AU_CP_21,z,-1061.4904,,mm,false
3,FAT IO,fiducial,Fiducial,Fiducial,AU_CP_22,AU_CP_22,x,2186.4972,,mm,false
3,FAT IO,fiducial,Fiducial,Fiducial,AU_CP_22,AU_CP_22,y,-422.7835,,mm,false
3,FAT IO,fiducial,Fiducial,Fiducial,AU_CP_22,AU_CP_22,z,-1183.194,,mm,false
3,FAT IO,fiducial,Fiducial,Fiducial,AU_CP_24,AU_CP_24,x,2960.1696,,mm,false
3,FAT IO,fiducial,Fiducial,Fiducial,AU_CP_24,AU_CP_24,y,-554.4337,,mm,false
3,FAT IO,fiducial,Fiducial,Fiducial,AU_CP_24,AU_CP_24,z,-1179.504,,mm,false
3,FAT IO,fiducial,Fiducial,Fiducial,AU_CP_25,AU_CP_25,x,2967.7247,,mm,false
3,FAT IO,fiducial,Fiducial,Fiducial,AU_CP_25,AU_CP_25,y,-556.2345,,mm,false
3,FAT IO,fiducial,Fiducial,Fiducial,AU_CP_25,AU_CP_25,z,-2381.3344,,mm,false
3,FAT IO,fiducial,Fiducial,Fiducial,AU_CP_28,AU_CP_28,x,2163.7419,,mm,false
3,FAT IO,fiducial,Fiducial,Fiducial,AU_CP_28,AU_CP_28,y,-10.5282,,mm,false
3,FAT IO,fiducial,Fiducial,Fiducial,AU_CP_28,AU_CP_28,z,-4235.9369,,mm,false
3,FAT IO,fiducial,Fiducial,Fiducial,AU_CP_29,AU_CP_29,x,2169.4931,,mm,false
3,FAT IO,fiducial,Fiducial,Fiducial,AU_CP_29,AU_CP_29,y,19.1332,,mm,false
3,FAT IO,fiducial,Fiducial,Fiducial,AU_CP_29,AU_CP_29,z,-5804.7668,,mm,false
3,FAT IO,fiducial,Fiducial,Fiducial,AU_CP_30,AU_CP_30,x,2224.231,,mm,false
3,FAT IO,fiducial,Fiducial,Fiducial,AU_CP_30,AU_CP_30,y,-410.8878,,mm,false
3,FAT IO,fiducial,Fiducial,Fiducial,AU_CP_30,AU_CP_30,z,-5805.0157,,mm,false
3,FAT IO,fiducial,Fiducial,Fiducial,AU_CP_33,AU_CP_33,x,2929.3274,,mm,false
3,FAT IO,fiducial,Fiducial,Fiducial,AU_CP_33,AU_CP_33,y,519.3117,,mm,false
3,FAT IO,fiducial,Fiducial,Fiducial,AU_CP_33,AU_CP_33,z,-8211.1069,,mm,false
3,FAT IO,fiducial,Fiducial,Fiducial,AU_CP_34,AU_CP_34,x,2968.9715,,mm,false
3,FAT IO,fiducial,Fiducial,Fiducial,AU_CP_34,AU_CP_34,y,-519.9225,,mm,false
3,FAT IO,fiducial,Fiducial,Fiducial,AU_CP_34,AU_CP_34,z,-8218.1339,,mm,false
3,FAT IO,fiducial,Fiducial,Fiducial,AU_CP_35,AU_CP_35,x,3957.1238,,mm,false
3,FAT IO,fiducial,Fiducial,Fiducial,AU_CP_35,AU_CP_35,y,719.4966,,mm,false
3,FAT IO,fiducial,Fiducial,Fiducial,AU_CP_35,AU_CP_35,z,-5626.2944,,mm,false
3,FAT IO,fiducial,Fiducial,Fiducial,AU_CP_36,AU_CP_36,x,4811.5874,,mm,false
3,FAT IO,fiducial,Fiducial,Fiducial,AU_CP_36,AU_CP_36,y,770.8973,,mm,false
3,FAT IO,fiducial,Fiducial,Fiducial,AU_CP_36,AU_CP_36,z,-5863.4257,,mm,false
3,FAT IO,fiducial,Fiducial,Fiducial,AU_CP_37,AU_CP_37,x,4819.4177,,mm,false
3,FAT IO,fiducial,Fiducial,Fiducial,AU_CP_37,AU_CP_37,y,-713.9605,,mm,false
3,FAT IO,fiducial,Fiducial,Fiducial,AU_CP_37,AU_CP_37,z,-5896.0177,,mm,false
3,FAT IO,fiducial,Fiducial,Fiducial,BU_CP_1,BU_CP_1,x,5639.2999,,mm,false
3,FAT IO,fiducial,Fiducial,Fiducial,BU_CP_1,BU_CP_1,y,545.3607,,mm,false
3,FAT IO,fiducial,Fiducial,Fiducial,BU_CP_1,BU_CP_1,z,6277.8364,,mm,false
3,FAT IO,fiducial,Fiducial,Fiducial,BU_CP_2,BU_CP_2,x,6152.3804,,mm,false
3,FAT IO,fiducial,Fiducial,Fiducial,BU_CP_2,BU_CP_2,y,-1025.0364,,mm,false
3,FAT IO,fiducial,Fiducial,Fiducial,BU_CP_2,BU_CP_2,z,5843.3513,,mm,false
3,FAT IO,fiducial,Fiducial,Fiducial,BU_CP_3,BU_CP_3,x,5761.5297,,mm,false
3,FAT IO,fiducial,Fiducial,Fiducial,BU_CP_3,BU_CP_3,y,283.7367,,mm,false
3,FAT IO,fiducial,Fiducial,Fiducial,BU_CP_3,BU_CP_3,z,6918.4846,,mm,false
3,FAT IO,fiducial,Fiducial,Fiducial,BU_CP_4,BU_CP_4,x,7429.6418,,mm,false
3,FAT IO,fiducial,Fiducial,Fiducial,BU_CP_4,BU_CP_4,y,-1256.5178,,mm,false
3,FAT IO,fiducial,Fiducial,Fiducial,BU_CP_4,BU_CP_4,z,5842.9172,,mm,false
3,FAT IO,fiducial,Fiducial,Fiducial,BU_CP_5,BU_CP_5,x,6682.0027,,mm,false
3,FAT IO,fiducial,Fiducial,Fiducial,BU_CP_5,BU_CP_5,y,544.1881,,mm,false
3,FAT IO,fiducial,Fiducial,Fiducial,BU_CP_5,BU_CP_5,z,5681.6331,,mm,false
3,FAT IO,fiducial,Fiducial,Fiducial,BU_CP_10,BU_CP_10,x,9003.4672,,mm,false
3,FAT IO,fiducial,Fiducial,Fiducial,BU_CP_10,BU_CP_10,y,545.4805,,mm,false
3,FAT IO,fiducial,Fiducial,Fiducial,BU_CP_10,BU_CP_10,z,6793.5001,,mm,false
3,FAT IO,fiducial,Fiducial,Fiducial,BU_CP_12,BU_CP_12,x,9090.3222,,mm,false
3,FAT IO,fiducial,Fiducial,Fiducial,BU_CP_12,BU_CP_12,y,353.3454,,mm,false
3,FAT IO,fiducial,Fiducial,Fiducial,BU_CP_12,BU_CP_12,z,6735.11,,mm,false
3,FAT IO,fiducial,Fiducial,Fiducial,BU_CP_13,BU_CP_13,x,9089.3826,,mm,false
3,FAT IO,fiducial,Fiducial,Fiducial,BU_CP_13,BU_CP_13,y,-376.4855,,mm,false
3,FAT IO,fiducial,Fiducial,Fiducial,BU_CP_13,BU_CP_13,z,6727.0495,,mm,false
3,FAT IO,fiducial,Fiducial,Fiducial,BU_CP_18,BU_CP_18,x,9073.1689,,mm,false
3,FAT IO,fiducial,Fiducial,Fiducial,BU_CP_18,BU_CP_18,y,620.3306,,mm,false
3,FAT IO,fiducial,Fiducial,Fiducial,BU_CP_18,BU_CP_18,z,3793.2197,,mm,false
3,FAT IO,fiducial,Fiducial,Fiducial,BU_CP_23,BU_CP_23,x,9288.2574,,mm,false
3,FAT IO,fiducial,Fiducial,Fiducial,BU_CP_23,BU_CP_23,y,1650.8274,,mm,false
3,FAT IO,fiducial,Fiducial,Fiducial,BU_CP_23,BU_CP_23,z,3940.5292,,mm,false
3,FAT IO,fiducial,Fiducial,Fiducial,BU_CP_24,BU_CP_24,x,9122.2556,,mm,false
3,FAT IO,fiducial,Fiducial,Fiducial,BU_CP_24,BU_CP_24,y,-692.3962,,mm,false
3,FAT IO,fiducial,Fiducial,Fiducial,BU_CP_24,BU_CP_24,z,3748.7703,,mm,false
3,FAT IO,fiducial,Fiducial,Fiducial,BU_CP_27,BU_CP_27,x,10764.6648,,mm,false
3,FAT IO,fiducial,Fiducial,Fiducial,BU_CP_27,BU_CP_27,y,-752.604,,mm,false
3,FAT IO,fiducial,Fiducial,Fiducial,BU_CP_27,BU_CP_27,z,4046.0857,,mm,false
3,FAT IO,fiducial,Fiducial,Fiducial,BU_CP_29,BU_CP_29,x,11172.3542,,mm,false
3,FAT IO,fiducial,Fiducial,Fiducial,BU_CP_29,BU_CP_29,y,-308.3034,,mm,false
3,FAT IO,fiducial,Fiducial,Fiducial,BU_CP_29,BU_CP_29,z,3857.0011,,mm,false
3,FAT IO,fiducial,Fiducial,Fiducial,BU_CP_30,BU_CP_30,x,11172.5675,,mm,false
3,FAT IO,fiducial,Fiducial,Fiducial,BU_CP_30,BU_CP_30,y,304.7925,,mm,false
3,FAT IO,fiducial,Fiducial,Fiducial,BU_CP_30,BU_CP_30,z,3861.697,,mm,false
3,FAT IO,fiducial,Fiducial,Fiducial,BU_CP_32,BU_CP_32,x,10143.9237,,mm,false
3,FAT IO,fiducial,Fiducial,Fiducial,BU_CP_32,BU_CP_32,y,1801.6032,,mm,false
3,FAT IO,fiducial,Fiducial,Fiducial,BU_CP_32,BU_CP_32,z,2339.0423,,mm,false
3,FAT IO,fiducial,Fiducial,Fiducial,BU_CP_33,BU_CP_33,x,9954.9018,,mm,false
3,FAT IO,fiducial,Fiducial,Fiducial,BU_CP_33,BU_CP_33,y,593.325,,mm,false
3,FAT IO,fiducial,Fiducial,Fiducial,BU_CP_33,BU_CP_33,z,2173.548,,mm,false
3,FAT IO,fiducial,Fiducial,Fiducial,BU_CP_34,BU_CP_34,x,9930.1428,,mm,false
3,FAT IO,fiducial,Fiducial,Fiducial,BU_CP_34,BU_CP_34,y,-687.0045,,mm,false
3,FAT IO,fiducial,Fiducial,Fiducial,BU_CP_34,BU_CP_34,z,2257.6516,,mm,false
3,FAT IO,fiducial,Fiducial,Fiducial,C2-AU,C2-AU,x,5335.0671,,mm,false
3,FAT IO,fiducial,Fiducial,Fiducial,C2-AU,C2-AU,y,553.3611,,mm,false
3,FAT IO,fiducial,Fiducial,Fiducial,C2-AU,C2-AU,z,6297.1304,,mm,false
3,FAT IO,fiducial,Fiducial,Fiducial,P1-OIS,P1-OIS,x,5990.0979,,mm,false
3,FAT IO,fiducial,Fiducial,Fiducial,P1-OIS,P1-OIS,y,1086.9637,,mm,false
3,FAT IO,fiducial,Fiducial,Fiducial,P1-OIS,P1-OIS,z,6588.21,,mm,false
3,FAT IO,fiducial,Fiducial,Fiducial,P3-OIS,P3-OIS,x,5988.3883,,mm,false
3,FAT IO,fiducial,Fiducial,Fiducial,P3-OIS,P3-OIS,y,1091.1584,,mm,false
3,FAT IO,fiducial,Fiducial,Fiducial,P3-OIS,P3-OIS,z,6116.3462,,mm,false
3,FAT IO,fiducial,Fiducial,Fiducial,P2-OIS,P2-OIS,x,7538.5144,,mm,false
3,FAT IO,fiducial,Fiducial,Fiducial,P2-OIS,P2-OIS,y,1366.7479,,mm,false
3,FAT IO,fiducial,Fiducial,Fiducial,P2-OIS,P2-OIS,z,6354.25,,mm,false
3,FAT IO,fiducial,Fiducial,Fiducial,P13-IOIS,P13-IOIS,x,9295.1876,,mm,false
3,FAT IO,fiducial,Fiducial,Fiducial,P13-IOIS,P13-IOIS,y,1670.345,,mm,false
3,FAT IO,fiducial,Fiducial,Fiducial,P13-IOIS,P13-IOIS,z,3879.2501,,mm,false
3,FAT IO,fiducial,Fiducial,Fiducial,P14-IOIS,P14-IOIS,x,10098.0947,,mm,false
3,FAT IO,fiducial,Fiducial,Fiducial,P14-IOIS,P14-IOIS,y,1812.1174,,mm,false
3,FAT IO,fiducial,Fiducial,Fiducial,P14-IOIS,P14-IOIS,z,2378.0917,,mm,false
3,FAT IO,fiducial,Fiducial,Fiducial,G2-BU,G2-BU,x,10727.8039,,mm,false
3,FAT IO,fiducial,Fiducial,Fiducial,G2-BU,G2-BU,y,561.3554,,mm,false
3,FAT IO,fiducial,Fiducial,Fiducial,G2-BU,G2-BU,z,-1.4404,,mm,false
3,FAT IO,fiducial,Fiducial,Fiducial,P1-PCCF,P1-PCCF,x,2821.4357,,mm,false
3,FAT IO,fiducial,Fiducial,Fiducial,P1-PCCF,P1-PCCF,y,-0.9267,,mm,false
3,FAT IO,fiducial,Fiducial,Fiducial,P1-PCCF,P1-PCCF,z,8050.2379,,mm,false
3,FAT IO,fiducial,Fiducial,Fiducial,P2-PCCF,P2-PCCF,x,2831.2717,,mm,false
3,FAT IO,fiducial,Fiducial,Fiducial,P2-PCCF,P2-PCCF,y,-0.8987,,mm,false
3,FAT IO,fiducial,Fiducial,Fiducial,P2-PCCF,P2-PCCF,z,6870.2324,,mm,false
3,FAT IO,fiducial,Fiducial,Fiducial,P3-PCCF,P3-PCCF,x,2831.7042,,mm,false
3,FAT IO,fiducial,Fiducial,Fiducial,P3-PCCF,P3-PCCF,y,-0.9139,,mm,false
3,FAT IO,fiducial,Fiducial,Fiducial,P3-PCCF,P3-PCCF,z,6270.3664,,mm,false
3,FAT IO,fiducial,Fiducial,Fiducial,P1-AT,P1-AT,x,2513.0544,,mm,false
3,FAT IO,fiducial,Fiducial,Fiducial,P1-AT,P1-AT,y,-0.9849,,mm,false
3,FAT IO,fiducial,Fiducial,Fiducial,P1-AT,P1-AT,z,5887.177,,mm,false
3,FAT IO,fiducial,Fiducial,Fiducial,P3-PF1,P3-PF1,x,4778.7106,,mm,false
3,FAT IO,fiducial,Fiducial,Fiducial,P3-PF1,P3-PF1,y,-308.8254,,mm,false
3,FAT IO,fiducial,Fiducial,Fiducial,P3-PF1,P3-PF1,z,8280.7383,,mm,false
3,FAT IO,fiducial,Fiducial,Fiducial,P2-PF1,P2-PF1,x,4778.6715,,mm,false
3,FAT IO,fiducial,Fiducial,Fiducial,P2-PF1,P2-PF1,y,306.2726,,mm,false
3,FAT IO,fiducial,Fiducial,Fiducial,P2-PF1,P2-PF1,z,8280.8092,,mm,false
3,FAT IO,fiducial,Fiducial,Fiducial,P1-PF1,P1-PF1,x,3129.2249,,mm,false
3,FAT IO,fiducial,Fiducial,Fiducial,P1-PF1,P1-PF1,y,-0.8445,,mm,false
3,FAT IO,fiducial,Fiducial,Fiducial,P1-PF1,P1-PF1,z,8279.2318,,mm,false
3,FAT IO,fiducial,Fiducial,Fiducial,P3-IOIS,P3-IOIS,x,10260.4889,,mm,false
3,FAT IO,fiducial,Fiducial,Fiducial,P3-IOIS,P3-IOIS,y,1357.9958,,mm,false
3,FAT IO,fiducial,Fiducial,Fiducial,P3-IOIS,P3-IOIS,z,2419.6931,,mm,false
3,FAT IO,fiducial,Fiducial,Fiducial,P2-IOIS,P2-IOIS,x,9797.8625,,mm,false
3,FAT IO,fiducial,Fiducial,Fiducial,P2-IOIS,P2-IOIS,y,1663.8199,,mm,false
3,FAT IO,fiducial,Fiducial,Fiducial,P2-IOIS,P2-IOIS,z,3173.1543,,mm,false
3,FAT IO,fiducial,Fiducial,Fiducial,P1-IOIS,P1-IOIS,x,9464.5479,,mm,false
3,FAT IO,fiducial,Fiducial,Fiducial,P1-IOIS,P1-IOIS,y,1218.206,,mm,false
3,FAT IO,fiducial,Fiducial,Fiducial,P1-IOIS,P1-IOIS,z,3926.6052,,mm,false
3,FAT IO,fiducial,Fiducial,Fiducial,P2-AT,P2-AT,x,10336.0759,,mm,false
3,FAT IO,fiducial,Fiducial,Fiducial,P2-AT,P2-AT,y,-1.5481,,mm,false
3,FAT IO,fiducial,Fiducial,Fiducial,P2-AT,P2-AT,z,4064.1947,,mm,false
3,FAT IO,fiducial,Fiducial,Fiducial,P3-PF2,P3-PF2,x,8999.3382,,mm,false
3,FAT IO,fiducial,Fiducial,Fiducial,P3-PF2,P3-PF2,y,-301.4309,,mm,false
3,FAT IO,fiducial,Fiducial,Fiducial,P3-PF2,P3-PF2,z,7004.461,,mm,false
3,FAT IO,fiducial,Fiducial,Fiducial,P2-PF2,P2-PF2,x,9000.5654,,mm,false
3,FAT IO,fiducial,Fiducial,Fiducial,P2-PF2,P2-PF2,y,299.5142,,mm,false
3,FAT IO,fiducial,Fiducial,Fiducial,P2-PF2,P2-PF2,z,7004.5437,,mm,false
3,FAT IO,fiducial,Fiducial,Fiducial,P1-PF2,P1-PF2,x,7717.6653,,mm,false
3,FAT IO,fiducial,Fiducial,Fiducial,P1-PF2,P1-PF2,y,-0.316,,mm,false
3,FAT IO,fiducial,Fiducial,Fiducial,P1-PF2,P1-PF2,z,7005.6593,,mm,false
3,FAT IO,fiducial,Fiducial,Fiducial,P6-TCC,P6-TCC,x,5781.4167,,mm,false
3,FAT IO,fiducial,Fiducial,Fiducial,P6-TCC,P6-TCC,y,-224.2437,,mm,false
3,FAT IO,fiducial,Fiducial,Fiducial,P6-TCC,P6-TCC,z,6936.9712,,mm,false
3,FAT IO,fiducial,Fiducial,Fiducial,P1-TCC,P1-TCC,x,5782.702,,mm,false
3,FAT IO,fiducial,Fiducial,Fiducial,P1-TCC,P1-TCC,y,224.7284,,mm,false
3,FAT IO,fiducial,Fiducial,Fiducial,P1-TCC,P1-TCC,z,6936.8937,,mm,false
3,FAT IO,fiducial,Fiducial,Fiducial,P4-PCCF,P4-PCCF,x,2831.7471,,mm,false
3,FAT IO,fiducial,Fiducial,Fiducial,P4-PCCF,P4-PCCF,y,0.4813,,mm,false
3,FAT IO,fiducial,Fiducial,Fiducial,P4-PCCF,P4-PCCF,z,-6328.8496,,mm,false
3,FAT IO,fiducial,Fiducial,Fiducial,P5-PCCF,P5-PCCF,x,2831.3326,,mm,false
3,FAT IO,fiducial,Fiducial,Fiducial,P5-PCCF,P5-PCCF,y,0.662,,mm,false
3,FAT IO,fiducial,Fiducial,Fiducial,P5-PCCF,P5-PCCF,z,-6928.7396,,mm,false
3,FAT IO,fiducial,Fiducial,Fiducial,P1-PF6,P1-PF6,x,3129.5211,,mm,false
3,FAT IO,fiducial,Fiducial,Fiducial,P1-PF6,P1-PF6,y,1.1273,,mm,false
3,FAT IO,fiducial,Fiducial,Fiducial,P1-PF6,P1-PF6,z,-8279.9342,,mm,false
3,FAT IO,fiducial,Fiducial,Fiducial,P3-PF6,P3-PF6,x,5430.5567,,mm,false
3,FAT IO,fiducial,Fiducial,Fiducial,P3-PF6,P3-PF6,y,-307.381,,mm,false
3,FAT IO,fiducial,Fiducial,Fiducial,P3-PF6,P3-PF6,z,-8281.9618,,mm,false
3,FAT IO,fiducial,Fiducial,Fiducial,P2-PF6,P2-PF6,x,5430.2196,,mm,false
3,FAT IO,fiducial,Fiducial,Fiducial,P2-PF6,P2-PF6,y,307.6429,,mm,false
3,FAT IO,fiducial,Fiducial,Fiducial,P2-PF6,P2-PF6,z,-8282.0528,,mm,false
3,FAT IO,fiducial,Fiducial,Fiducial,P3-PF5,P3-PF5,x,9204.9026,,mm,false
3,FAT IO,fiducial,Fiducial,Fiducial,P3-PF5,P3-PF5,y,-315.6284,,mm,false
3,FAT IO,fiducial,Fiducial,Fiducial,P3-PF5,P3-PF5,z,-7403.7173,,mm,false
3,FAT IO,fiducial,Fiducial,Fiducial,P2-PF5,P2-PF5,x,9206.1852,,mm,false
3,FAT IO,fiducial,Fiducial,Fiducial,P2-PF5,P2-PF5,y,314.0308,,mm,false
3,FAT IO,fiducial,Fiducial,Fiducial,P2-PF5,P2-PF5,z,-7403.8683,,mm,false
3,FAT IO,fiducial,Fiducial,Fiducial,P1-PF5,P1-PF5,x,7746.7774,,mm,false
3,FAT IO,fiducial,Fiducial,Fiducial,P1-PF5,P1-PF5,y,-0.8657,,mm,false
3,FAT IO,fiducial,Fiducial,Fiducial,P1-PF5,P1-PF5,z,-7404.5911,,mm,false
3,FAT IO,fiducial,Fiducial,Fiducial,P2-GS,P2-GS,x,10946.3732,,mm,false
3,FAT IO,fiducial,Fiducial,Fiducial,P2-GS,P2-GS,y,-402.8072,,mm,false
3,FAT IO,fiducial,Fiducial,Fiducial,P2-GS,P2-GS,z,-4687.0042,,mm,false
3,FAT IO,fiducial,Fiducial,Fiducial,P5-IOIS,P5-IOIS,x,10281.5479,,mm,false
3,FAT IO,fiducial,Fiducial,Fiducial,P5-IOIS,P5-IOIS,y,1748.4323,,mm,false
3,FAT IO,fiducial,Fiducial,Fiducial,P5-IOIS,P5-IOIS,z,-2154.6102,,mm,false
3,FAT IO,fiducial,Fiducial,Fiducial,P6-IOIS,P6-IOIS,x,10042.2046,,mm,false
3,FAT IO,fiducial,Fiducial,Fiducial,P6-IOIS,P6-IOIS,y,1319.6468,,mm,false
3,FAT IO,fiducial,Fiducial,Fiducial,P6-IOIS,P6-IOIS,z,-3031.8447,,mm,false
3,FAT IO,fiducial,Fiducial,Fiducial,P3-GS,P3-GS,x,10071.5759,,mm,false
3,FAT IO,fiducial,Fiducial,Fiducial,P3-GS,P3-GS,y,-1.2044,,mm,false
3,FAT IO,fiducial,Fiducial,Fiducial,P3-GS,P3-GS,z,-4687.4954,,mm,false
3,FAT IO,fiducial,Fiducial,Fiducial,P1-GS,P1-GS,x,10946.4088,,mm,false
3,FAT IO,fiducial,Fiducial,Fiducial,P1-GS,P1-GS,y,398.8928,,mm,false
3,FAT IO,fiducial,Fiducial,Fiducial,P1-GS,P1-GS,z,-4687.1525,,mm,false
3,FAT IO,fiducial,Fiducial,Fiducial,G1-BU,G1-BU,x,11233.5162,,mm,false
3,FAT IO,fiducial,Fiducial,Fiducial,G1-BU,G1-BU,y,-1.9766,,mm,false
3,FAT IO,fiducial,Fiducial,Fiducial,G1-BU,G1-BU,z,-0.8135,,mm,false
3,FAT IO,fiducial,Fiducial,Fiducial,P14-SCC,P14-SCC,x,11190.7583,,mm,false
3,FAT IO,fiducial,Fiducial,Fiducial,P14-SCC,P14-SCC,y,-253.6434,,mm,false
3,FAT IO,fiducial,Fiducial,Fiducial,P14-SCC,P14-SCC,z,3839.808,,mm,false
3,FAT IO,fiducial,Fiducial,Fiducial,P2-SCC,P2-SCC,x,11183.6818,,mm,false
3,FAT IO,fiducial,Fiducial,Fiducial,P2-SCC,P2-SCC,y,247.8489,,mm,false
3,FAT IO,fiducial,Fiducial,Fiducial,P2-SCC,P2-SCC,z,3839.8706,,mm,false
3,FAT IO,fiducial,Fiducial,Fiducial,BU_CP_39,BU_CP_39,x,10210.3401,,mm,false
3,FAT IO,fiducial,Fiducial,Fiducial,BU_CP_39,BU_CP_39,y,1131.8251,,mm,false
3,FAT IO,fiducial,Fiducial,Fiducial,BU_CP_39,BU_CP_39,z,2219.5093,,mm,false
3,FAT IO,fiducial,Fiducial,Fiducial,BU_CP_40,BU_CP_40,x,11191.5741,,mm,false
3,FAT IO,fiducial,Fiducial,Fiducial,BU_CP_40,BU_CP_40,y,-461.9797,,mm,false
3,FAT IO,fiducial,Fiducial,Fiducial,BU_CP_40,BU_CP_40,z,2139.6659,,mm,false
3,FAT IO,fiducial,Fiducial,Fiducial,BU_CP_41,BU_CP_41,x,11124.109,,mm,false
3,FAT IO,fiducial,Fiducial,Fiducial,BU_CP_41,BU_CP_41,y,628.6222,,mm,false
3,FAT IO,fiducial,Fiducial,Fiducial,BU_CP_41,BU_CP_41,z,1857.7181,,mm,false
3,FAT IO,fiducial,Fiducial,Fiducial,BU_CP_42,BU_CP_42,x,10436.2138,,mm,false
3,FAT IO,fiducial,Fiducial,Fiducial,BU_CP_42,BU_CP_42,y,541.9181,,mm,false
3,FAT IO,fiducial,Fiducial,Fiducial,BU_CP_42,BU_CP_42,z,773.8506,,mm,false
3,FAT IO,fiducial,Fiducial,Fiducial,BU_CP_43,BU_CP_43,x,10536.8927,,mm,false
3,FAT IO,fiducial,Fiducial,Fiducial,BU_CP_43,BU_CP_43,y,1181.7876,,mm,false
3,FAT IO,fiducial,Fiducial,Fiducial,BU_CP_43,BU_CP_43,z,-1093.321,,mm,false
3,FAT IO,fiducial,Fiducial,Fiducial,BU_CP_44,BU_CP_44,x,10720.8337,,mm,false
3,FAT IO,fiducial,Fiducial,Fiducial,BU_CP_44,BU_CP_44,y,-546.5283,,mm,false
3,FAT IO,fiducial,Fiducial,Fiducial,BU_CP_44,BU_CP_44,z,-63.7622,,mm,false
3,FAT IO,fiducial,Fiducial,Fiducial,BU_CP_45,BU_CP_45,x,11215.6618,,mm,false
3,FAT IO,fiducial,Fiducial,Fiducial,BU_CP_45,BU_CP_45,y,17.8695,,mm,false
3,FAT IO,fiducial,Fiducial,Fiducial,BU_CP_45,BU_CP_45,z,-54.6763,,mm,false
3,FAT IO,fiducial,Fiducial,Fiducial,BU_CP_46,BU_CP_46,x,10716.5328,,mm,false
3,FAT IO,fiducial,Fiducial,Fiducial,BU_CP_46,BU_CP_46,y,542.6942,,mm,false
3,FAT IO,fiducial,Fiducial,Fiducial,BU_CP_46,BU_CP_46,z,-60.1411,,mm,false
3,FAT IO,fiducial,Fiducial,Fiducial,BU_CP_48,BU_CP_48,x,10531.9435,,mm,false
3,FAT IO,fiducial,Fiducial,Fiducial,BU_CP_48,BU_CP_48,y,1871.2526,,mm,false
3,FAT IO,fiducial,Fiducial,Fiducial,BU_CP_48,BU_CP_48,z,-1198.1908,,mm,false
3,FAT IO,fiducial,Fiducial,Fiducial,BU_CP_52,BU_CP_52,x,10274.077,,mm,false
3,FAT IO,fiducial,Fiducial,Fiducial,BU_CP_52,BU_CP_52,y,-751.7193,,mm,false
3,FAT IO,fiducial,Fiducial,Fiducial,BU_CP_52,BU_CP_52,z,-1198.4862,,mm,false
3,FAT IO,fiducial,Fiducial,Fiducial,BU_CP_53,BU_CP_53,x,10300.4906,,mm,false
3,FAT IO,fiducial,Fiducial,Fiducial,BU_CP_53,BU_CP_53,y,677.9793,,mm,false
3,FAT IO,fiducial,Fiducial,Fiducial,BU_CP_53,BU_CP_53,z,-1069.9567,,mm,false
3,FAT IO,fiducial,Fiducial,Fiducial,BU_CP_55,BU_CP_55,x,9868.0749,,mm,false
3,FAT IO,fiducial,Fiducial,Fiducial,BU_CP_55,BU_CP_55,y,1753.7621,,mm,false
3,FAT IO,fiducial,Fiducial,Fiducial,BU_CP_55,BU_CP_55,z,-3060.2198,,mm,false
3,FAT IO,fiducial,Fiducial,Fiducial,BU_CP_57,BU_CP_57,x,9616.8844,,mm,false
3,FAT IO,fiducial,Fiducial,Fiducial,BU_CP_57,BU_CP_57,y,624.0178,,mm,false
3,FAT IO,fiducial,Fiducial,Fiducial,BU_CP_57,BU_CP_57,z,-2926.3439,,mm,false
3,FAT IO,fiducial,Fiducial,Fiducial,BU_CP_59,BU_CP_59,x,11037.9204,,mm,false
3,FAT IO,fiducial,Fiducial,Fiducial,BU_CP_59,BU_CP_59,y,-32.9957,,mm,false
3,FAT IO,fiducial,Fiducial,Fiducial,BU_CP_59,BU_CP_59,z,-2825.0033,,mm,false
3,FAT IO,fiducial,Fiducial,Fiducial,BU_CP_65,BU_CP_65,x,9281.6955,,mm,false
3,FAT IO,fiducial,Fiducial,Fiducial,BU_CP_65,BU_CP_65,y,341.3216,,mm,false
3,FAT IO,fiducial,Fiducial,Fiducial,BU_CP_65,BU_CP_65,z,-6083.8516,,mm,false
3,FAT IO,fiducial,Fiducial,Fiducial,BU_CP_67,BU_CP_67,x,9282.0764,,mm,false
3,FAT IO,fiducial,Fiducial,Fiducial,BU_CP_67,BU_CP_67,y,-338.365,,mm,false
3,FAT IO,fiducial,Fiducial,Fiducial,BU_CP_67,BU_CP_67,z,-6107.7015,,mm,false
3,FAT IO,fiducial,Fiducial,Fiducial,BU_CP_68,BU_CP_68,x,9297.2651,,mm,false
3,FAT IO,fiducial,Fiducial,Fiducial,BU_CP_68,BU_CP_68,y,-53.4678,,mm,false
3,FAT IO,fiducial,Fiducial,Fiducial,BU_CP_68,BU_CP_68,z,-7265.5981,,mm,false
3,FAT IO,fiducial,Fiducial,Fiducial,BU_CP_69,BU_CP_69,x,11091.6793,,mm,false
3,FAT IO,fiducial,Fiducial,Fiducial,BU_CP_69,BU_CP_69,y,829.8532,,mm,false
3,FAT IO,fiducial,Fiducial,Fiducial,BU_CP_69,BU_CP_69,z,-4676.4434,,mm,false
3,FAT IO,fiducial,Fiducial,Fiducial,BU_CP_72,BU_CP_72,x,9197.154,,mm,false
3,FAT IO,fiducial,Fiducial,Fiducial,BU_CP_72,BU_CP_72,y,545.6982,,mm,false
3,FAT IO,fiducial,Fiducial,Fiducial,BU_CP_72,BU_CP_72,z,-7213.7244,,mm,false
3,FAT IO,fiducial,Fiducial,Fiducial,E2-BU-1,E2-BU-1,x,9145.0777,,mm,false
3,FAT IO,fiducial,Fiducial,Fiducial,E2-BU-1,E2-BU-1,y,545.7248,,mm,false
3,FAT IO,fiducial,Fiducial,Fiducial,E2-BU-1,E2-BU-1,z,-4289.0119,,mm,false
3,FAT IO,fiducial,Fiducial,Fiducial,BU_CP_76,BU_CP_76,x,7408.5212,,mm,false
3,FAT IO,fiducial,Fiducial,Fiducial,BU_CP_76,BU_CP_76,y,-1233.2898,,mm,false
3,FAT IO,fiducial,Fiducial,Fiducial,BU_CP_76,BU_CP_76,z,-5848.6524,,mm,false
3,FAT IO,fiducial,Fiducial,Fiducial,BU_CP_77,BU_CP_77,x,6116.4947,,mm,false
3,FAT IO,fiducial,Fiducial,Fiducial,BU_CP_77,BU_CP_77,y,-1012.0697,,mm,false
3,FAT IO,fiducial,Fiducial,Fiducial,BU_CP_77,BU_CP_77,z,-5849.1757,,mm,false
3,FAT IO,fiducial,Fiducial,Fiducial,BU_CP_78,BU_CP_78,x,6685.1819,,mm,false
3,FAT IO,fiducial,Fiducial,Fiducial,BU_CP_78,BU_CP_78,y,543.9388,,mm,false
3,FAT IO,fiducial,Fiducial,Fiducial,BU_CP_78,BU_CP_78,z,-5691.321,,mm,false
3,FAT IO,fiducial,Fiducial,Fiducial,P15-IOIS,P15-IOIS,x,10481.9302,,mm,false
3,FAT IO,fiducial,Fiducial,Fiducial,P15-IOIS,P15-IOIS,y,1880.6407,,mm,false
3,FAT IO,fiducial,Fiducial,Fiducial,P15-IOIS,P15-IOIS,z,-1247.1982,,mm,false
3,FAT IO,fiducial,Fiducial,Fiducial,P16-IOIS,P16-IOIS,x,9865.6443,,mm,false
3,FAT IO,fiducial,Fiducial,Fiducial,P16-IOIS,P16-IOIS,y,1771.8759,,mm,false
3,FAT IO,fiducial,Fiducial,Fiducial,P16-IOIS,P16-IOIS,z,-2998.0895,,mm,false
3,FAT IO,fiducial,Fiducial,Fiducial,E2-BU,E2-BU,x,9104.7949,,mm,false
3,FAT IO,fiducial,Fiducial,Fiducial,E2-BU,E2-BU,y,562.9824,,mm,false
3,FAT IO,fiducial,Fiducial,Fiducial,E2-BU,E2-BU,z,-4313.3797,,mm,false
3,FAT IO,fiducial,Fiducial,Fiducial,P5-OIS,P5-OIS,x,7539.5377,,mm,false
3,FAT IO,fiducial,Fiducial,Fiducial,P5-OIS,P5-OIS,y,1367.4308,,mm,false
3,FAT IO,fiducial,Fiducial,Fiducial,P5-OIS,P5-OIS,z,-6358.4511,,mm,false
3,FAT IO,fiducial,Fiducial,Fiducial,P4-OIS,P4-OIS,x,5990.7909,,mm,false
3,FAT IO,fiducial,Fiducial,Fiducial,P4-OIS,P4-OIS,y,1092.5376,,mm,false
3,FAT IO,fiducial,Fiducial,Fiducial,P4-OIS,P4-OIS,z,-6120.389,,mm,false
3,FAT IO,fiducial,Fiducial,Fiducial,P6-OIS,P6-OIS,x,5990.0685,,mm,false
3,FAT IO,fiducial,Fiducial,Fiducial,P6-OIS,P6-OIS,y,1093.9244,,mm,false
3,FAT IO,fiducial,Fiducial,Fiducial,P6-OIS,P6-OIS,z,-6594.2589,,mm,false
3,FAT IO,fiducial,Fiducial,Fiducial,P9-IIS,P9-IIS,x,4451.1702,,mm,false
3,FAT IO,fiducial,Fiducial,Fiducial,P9-IIS,P9-IIS,y,818.2006,,mm,false
3,FAT IO,fiducial,Fiducial,Fiducial,P9-IIS,P9-IIS,z,-5778.6473,,mm,false
3,FAT IO,fiducial,Fiducial,Fiducial,P8-IIS,P8-IIS,x,4193.8184,,mm,false
3,FAT IO,fiducial,Fiducial,Fiducial,P8-IIS,P8-IIS,y,773.3283,,mm,false
3,FAT IO,fiducial,Fiducial,Fiducial,P8-IIS,P8-IIS,z,-5676.5253,,mm,false
3,FAT IO,fiducial,Fiducial,Fiducial,P7-IIS,P7-IIS,x,3840.2634,,mm,false
3,FAT IO,fiducial,Fiducial,Fiducial,P7-IIS,P7-IIS,y,711.0759,,mm,false
3,FAT IO,fiducial,Fiducial,Fiducial,P7-IIS,P7-IIS,z,-5711.6988,,mm,false
3,FAT IO,fiducial,Fiducial,Fiducial,P10-IIS,P10-IIS,x,3776.4583,,mm,false
3,FAT IO,fiducial,Fiducial,Fiducial,P10-IIS,P10-IIS,y,702.0518,,mm,false
3,FAT IO,fiducial,Fiducial,Fiducial,P10-IIS,P10-IIS,z,-6179.1858,,mm,false
3,FAT IO,fiducial,Fiducial,Fiducial,P6-IIS,P6-IIS,x,3438.7361,,mm,false
3,FAT IO,fiducial,Fiducial,Fiducial,P6-IIS,P6-IIS,y,641.8226,,mm,false
3,FAT IO,fiducial,Fiducial,Fiducial,P6-IIS,P6-IIS,z,-5705.8501,,mm,false
3,FAT IO,fiducial,Fiducial,Fiducial,A2-AU,A2-AU,x,2709.0818,,mm,false
3,FAT IO,fiducial,Fiducial,Fiducial,A2-AU,A2-AU,y,511.1837,,mm,false
3,FAT IO,fiducial,Fiducial,Fiducial,A2-AU,A2-AU,z,-3699.5562,,mm,false
3,FAT IO,fiducial,Fiducial,Fiducial,H2-AU,H2-AU,x,2709.2056,,mm,false
3,FAT IO,fiducial,Fiducial,Fiducial,H2-AU,H2-AU,y,511.3029,,mm,false
3,FAT IO,fiducial,Fiducial,Fiducial,H2-AU,H2-AU,z,-0.5462,,mm,false
3,FAT IO,fiducial,Fiducial,Fiducial,B2-AU,B2-AU,x,2709.7714,,mm,false
3,FAT IO,fiducial,Fiducial,Fiducial,B2-AU,B2-AU,y,510.1481,,mm,false
3,FAT IO,fiducial,Fiducial,Fiducial,B2-AU,B2-AU,z,3699.1678,,mm,false
3,FAT IO,fiducial,Fiducial,Fiducial,P4-IIS,P4-IIS,x,3438.502,,mm,false
3,FAT IO,fiducial,Fiducial,Fiducial,P4-IIS,P4-IIS,y,640.2596,,mm,false
3,FAT IO,fiducial,Fiducial,Fiducial,P4-IIS,P4-IIS,z,5705.5599,,mm,false
3,FAT IO,fiducial,Fiducial,Fiducial,P3-IIS,P3-IIS,x,3839.9958,,mm,false
3,FAT IO,fiducial,Fiducial,Fiducial,P3-IIS,P3-IIS,y,709.5158,,mm,false
3,FAT IO,fiducial,Fiducial,Fiducial,P3-IIS,P3-IIS,z,5710.7942,,mm,false
3,FAT IO,fiducial,Fiducial,Fiducial,P5-IIS,P5-IIS,x,3776.2982,,mm,false
3,FAT IO,fiducial,Fiducial,Fiducial,P5-IIS,P5-IIS,y,700.4695,,mm,false
3,FAT IO,fiducial,Fiducial,Fiducial,P5-IIS,P5-IIS,z,6150.0372,,mm,false
3,FAT IO,fiducial,Fiducial,Fiducial,P2-IIS,P2-IIS,x,4193.3284,,mm,false
3,FAT IO,fiducial,Fiducial,Fiducial,P2-IIS,P2-IIS,y,770.6831,,mm,false
3,FAT IO,fiducial,Fiducial,Fiducial,P2-IIS,P2-IIS,z,5677.1017,,mm,false
3,FAT IO,fiducial,Fiducial,Fiducial,P1-IIS,P1-IIS,x,4451.0542,,mm,false
3,FAT IO,fiducial,Fiducial,Fiducial,P1-IIS,P1-IIS,y,816.1546,,mm,false
3,FAT IO,fiducial,Fiducial,Fiducial,P1-IIS,P1-IIS,z,5778.9777,,mm,false
3,FAT IO,fiducial,Fiducial,Fiducial,P17-IOIS,P17-IOIS,x,9294.181,,mm,false
3,FAT IO,fiducial,Fiducial,Fiducial,P17-IOIS,P17-IOIS,y,-1673.3261,,mm,false
3,FAT IO,fiducial,Fiducial,Fiducial,P17-IOIS,P17-IOIS,z,3878.9325,,mm,false
3,FAT IO,fiducial,Fiducial,Fiducial,P18-IOIS,P18-IOIS,x,10094.4314,,mm,false
3,FAT IO,fiducial,Fiducial,Fiducial,P18-IOIS,P18-IOIS,y,-1814.76,,mm,false
3,FAT IO,fiducial,Fiducial,Fiducial,P18-IOIS,P18-IOIS,z,2376.4672,,mm,false
3,FAT IO,fiducial,Fiducial,Fiducial,G4-BU,G4-BU,x,10726.8786,,mm,false
3,FAT IO,fiducial,Fiducial,Fiducial,G4-BU,G4-BU,y,-565.1207,,mm,false
3,FAT IO,fiducial,Fiducial,Fiducial,G4-BU,G4-BU,z,-0.3867,,mm,false
3,FAT IO,fiducial,Fiducial,Fiducial,P19-IOS,P19-IOS,x,10480.4898,,mm,false
3,FAT IO,fiducial,Fiducial,Fiducial,P19-IOS,P19-IOS,y,-1884.2714,,mm,false
3,FAT IO,fiducial,Fiducial,Fiducial,P19-IOS,P19-IOS,z,-1246.6828,,mm,false
3,FAT IO,fiducial,Fiducial,Fiducial,P20-IOIS,P20-IOIS,x,9864.5835,,mm,false
3,FAT IO,fiducial,Fiducial,Fiducial,P20-IOIS,P20-IOIS,y,-1774.6532,,mm,false
3,FAT IO,fiducial,Fiducial,Fiducial,P20-IOIS,P20-IOIS,z,-2999.131,,mm,false
3,FAT IO,fiducial,Fiducial,Fiducial,E4-BU,E4-BU,x,9103.6217,,mm,false
3,FAT IO,fiducial,Fiducial,Fiducial,E4-BU,E4-BU,y,-564.8077,,mm,false
3,FAT IO,fiducial,Fiducial,Fiducial,E4-BU,E4-BU,z,-4312.166,,mm,false
3,FAT IO,fiducial,Fiducial,Fiducial,P11-OIS,P11-OIS,x,7538.9648,,mm,false
3,FAT IO,fiducial,Fiducial,Fiducial,P11-OIS,P11-OIS,y,-1367.6703,,mm,false
3,FAT IO,fiducial,Fiducial,Fiducial,P11-OIS,P11-OIS,z,-6356.2308,,mm,false
3,FAT IO,fiducial,Fiducial,Fiducial,P10-OIS,P10-OIS,x,5989.4728,,mm,false
3,FAT IO,fiducial,Fiducial,Fiducial,P10-OIS,P10-OIS,y,-1091.5276,,mm,false
3,FAT IO,fiducial,Fiducial,Fiducial,P10-OIS,P10-OIS,z,-6118.8406,,mm,false
3,FAT IO,fiducial,Fiducial,Fiducial,P19-IIS,P19-IIS,x,4455.3657,,mm,false
3,FAT IO,fiducial,Fiducial,Fiducial,P19-IIS,P19-IIS,y,-817.8882,,mm,false
3,FAT IO,fiducial,Fiducial,Fiducial,P19-IIS,P19-IIS,z,-5766.2313,,mm,false
3,FAT IO,fiducial,Fiducial,Fiducial,P18-IIS,P18-IIS,x,4199.7026,,mm,false
3,FAT IO,fiducial,Fiducial,Fiducial,P18-IIS,P18-IIS,y,-774.0484,,mm,false
3,FAT IO,fiducial,Fiducial,Fiducial,P18-IIS,P18-IIS,z,-5664.1981,,mm,false
3,FAT IO,fiducial,Fiducial,Fiducial,P17-IIS,P17-IIS,x,3848.3072,,mm,false
3,FAT IO,fiducial,Fiducial,Fiducial,P17-IIS,P17-IIS,y,-712.4105,,mm,false
3,FAT IO,fiducial,Fiducial,Fiducial,P17-IIS,P17-IIS,z,-5699.6599,,mm,false
3,FAT IO,fiducial,Fiducial,Fiducial,P16-IIS,P16-IIS,x,3448.353,,mm,false
3,FAT IO,fiducial,Fiducial,Fiducial,P16-IIS,P16-IIS,y,-643.2857,,mm,false
3,FAT IO,fiducial,Fiducial,Fiducial,P16-IIS,P16-IIS,z,-5695.2393,,mm,false
3,FAT IO,fiducial,Fiducial,Fiducial,A4-AU,A4-AU,x,2709.4448,,mm,false
3,FAT IO,fiducial,Fiducial,Fiducial,A4-AU,A4-AU,y,-512.7053,,mm,false
3,FAT IO,fiducial,Fiducial,Fiducial,A4-AU,A4-AU,z,-3700.7911,,mm,false
3,FAT IO,fiducial,Fiducial,Fiducial,H4-AU,H4-AU,x,2708.6688,,mm,false
3,FAT IO,fiducial,Fiducial,Fiducial,H4-AU,H4-AU,y,-514.5042,,mm,false
3,FAT IO,fiducial,Fiducial,Fiducial,H4-AU,H4-AU,z,-0.522,,mm,false
3,FAT IO,fiducial,Fiducial,Fiducial,P8-OIS,P8-OIS,x,7535.6424,,mm,false
3,FAT IO,fiducial,Fiducial,Fiducial,P8-OIS,P8-OIS,y,-1368.2954,,mm,false
3,FAT IO,fiducial,Fiducial,Fiducial,P8-OIS,P8-OIS,z,6356.3204,,mm,false
3,FAT IO,fiducial,Fiducial,Fiducial,P9-OIS,P9-OIS,x,5987.3031,,mm,false
3,FAT IO,fiducial,Fiducial,Fiducial,P9-OIS,P9-OIS,y,-1092.3657,,mm,false
3,FAT IO,fiducial,Fiducial,Fiducial,P9-OIS,P9-OIS,z,6118.6565,,mm,false
3,FAT IO,fiducial,Fiducial,Fiducial,P7-OIS,P7-OIS,x,5988.3798,,mm,false
3,FAT IO,fiducial,Fiducial,Fiducial,P7-OIS,P7-OIS,y,-1086.9525,,mm,false
3,FAT IO,fiducial,Fiducial,Fiducial,P7-OIS,P7-OIS,z,6589.8515,,mm,false
3,FAT IO,fiducial,Fiducial,Fiducial,P11-IIS,P11-IIS,x,4455.2394,,mm,false
3,FAT IO,fiducial,Fiducial,Fiducial,P11-IIS,P11-IIS,y,-819.3698,,mm,false
3,FAT IO,fiducial,Fiducial,Fiducial,P11-IIS,P11-IIS,z,5765.2017,,mm,false
3,FAT IO,fiducial,Fiducial,Fiducial,P12-IIS,P12-IIS,x,4199.6113,,mm,false
3,FAT IO,fiducial,Fiducial,Fiducial,P12-IIS,P12-IIS,y,-775.1671,,mm,false
3,FAT IO,fiducial,Fiducial,Fiducial,P12-IIS,P12-IIS,z,5663.2659,,mm,false
3,FAT IO,fiducial,Fiducial,Fiducial,P15-IIS,P15-IIS,x,3776.3595,,mm,false
3,FAT IO,fiducial,Fiducial,Fiducial,P15-IIS,P15-IIS,y,-702.8235,,mm,false
3,FAT IO,fiducial,Fiducial,Fiducial,P15-IIS,P15-IIS,z,6149.8558,,mm,false
3,FAT IO,fiducial,Fiducial,Fiducial,P13-IIS,P13-IIS,x,3848.2763,,mm,false
3,FAT IO,fiducial,Fiducial,Fiducial,P13-IIS,P13-IIS,y,-713.4802,,mm,false
3,FAT IO,fiducial,Fiducial,Fiducial,P13-IIS,P13-IIS,z,5698.5121,,mm,false
3,FAT IO,fiducial,Fiducial,Fiducial,P14-IIS,P14-IIS,x,3448.4687,,mm,false
3,FAT IO,fiducial,Fiducial,Fiducial,P14-IIS,P14-IIS,y,-644.3583,,mm,false
3,FAT IO,fiducial,Fiducial,Fiducial,P14-IIS,P14-IIS,z,5694.0787,,mm,false
3,FAT IO,fiducial,Fiducial,Fiducial,A1-AU,A1-AU,x,2152.9703,,mm,false
3,FAT IO,fiducial,Fiducial,Fiducial,A1-AU,A1-AU,y,-0.595,,mm,false
3,FAT IO,fiducial,Fiducial,Fiducial,A1-AU,A1-AU,z,-3700.4363,,mm,false
3,FAT IO,fiducial,Fiducial,Fiducial,H1-AU,H1-AU,x,2153.1662,,mm,false
3,FAT IO,fiducial,Fiducial,Fiducial,H1-AU,H1-AU,y,-1.2057,,mm,false
3,FAT IO,fiducial,Fiducial,Fiducial,H1-AU,H1-AU,z,-0.3423,,mm,false
3,FAT IO,fiducial,Fiducial,Fiducial,B1-AU,B1-AU,x,2153.212,,mm,false
3,FAT IO,fiducial,Fiducial,Fiducial,B1-AU,B1-AU,y,-1.2915,,mm,false
3,FAT IO,fiducial,Fiducial,Fiducial,B1-AU,B1-AU,z,3699.7087,,mm,false
3,FAT IO,fiducial,Fiducial,Fiducial,P7-IOIS,P7-IOIS,x,9463.6684,,mm,false
3,FAT IO,fiducial,Fiducial,Fiducial,P7-IOIS,P7-IOIS,y,-1220.6111,,mm,false
3,FAT IO,fiducial,Fiducial,Fiducial,P7-IOIS,P7-IOIS,z,3926.6088,,mm,false
3,FAT IO,fiducial,Fiducial,Fiducial,P8-IOIS,P8-IOIS,x,9796.0358,,mm,false
3,FAT IO,fiducial,Fiducial,Fiducial,P8-IOIS,P8-IOIS,y,-1666.5693,,mm,false
3,FAT IO,fiducial,Fiducial,Fiducial,P8-IOIS,P8-IOIS,z,3173.699,,mm,false
3,FAT IO,fiducial,Fiducial,Fiducial,P10-IOIS,P10-IOIS,x,10656.7361,,mm,false
3,FAT IO,fiducial,Fiducial,Fiducial,P10-IOIS,P10-IOIS,y,-1431.8446,,mm,false
3,FAT IO,fiducial,Fiducial,Fiducial,P10-IOIS,P10-IOIS,z,-1280.7049,,mm,false
3,FAT IO,fiducial,Fiducial,Fiducial,P12-IOIS,P12-IOIS,x,10040.9799,,mm,false
3,FAT IO,fiducial,Fiducial,Fiducial,P12-IOIS,P12-IOIS,y,-1322.2063,,mm,false
3,FAT IO,fiducial,Fiducial,Fiducial,P12-IOIS,P12-IOIS,z,-3031.3031,,mm,false
3,FAT IO,fiducial,Fiducial,Fiducial,P11-IOIS,P11-IOIS,x,10279.9829,,mm,false
3,FAT IO,fiducial,Fiducial,Fiducial,P11-IOIS,P11-IOIS,y,-1751.6669,,mm,false
3,FAT IO,fiducial,Fiducial,Fiducial,P11-IOIS,P11-IOIS,z,-2154.201,,mm,false
3,FAT IO,fiducial,Fiducial,Fiducial,F3-AP,F3-AP,x,5133.7452,,mm,false
3,FAT IO,fiducial,Fiducial,Fiducial,F3-AP,F3-AP,y,-0.0524,,mm,false
3,FAT IO,fiducial,Fiducial,Fiducial,F3-AP,F3-AP,z,-5817.6327,,mm,false
3,FAT IO,fiducial,Fiducial,Fiducial,F3-BP,F3-BP,x,5751.8717,,mm,false
3,FAT IO,fiducial,Fiducial,Fiducial,F3-BP,F3-BP,y,1.2535,,mm,false
3,FAT IO,fiducial,Fiducial,Fiducial,F3-BP,F3-BP,z,-5785.8331,,mm,false
3,FAT IO,fiducial,Fiducial,Fiducial,E3-BP,E3-BP,x,8733.9372,,mm,false
3,FAT IO,fiducial,Fiducial,Fiducial,E3-BP,E3-BP,y,-0.9597,,mm,false
3,FAT IO,fiducial,Fiducial,Fiducial,E3-BP,E3-BP,z,-3989.6896,,mm,false
3,FAT IO,fiducial,Fiducial,Fiducial,G3-BP,G3-BP,x,10244.7662,,mm,false
3,FAT IO,fiducial,Fiducial,Fiducial,G3-BP,G3-BP,y,-1.6354,,mm,false
3,FAT IO,fiducial,Fiducial,Fiducial,G3-BP,G3-BP,z,-0.5069,,mm,false
3,FAT IO,fiducial,Fiducial,Fiducial,D3-BP,D3-BP,x,8442.8481,,mm,false
3,FAT IO,fiducial,Fiducial,Fiducial,D3-BP,D3-BP,y,-1.3622,,mm,false
3,FAT IO,fiducial,Fiducial,Fiducial,D3-BP,D3-BP,z,4292.4017,,mm,false
3,FAT IO,fiducial,Fiducial,Fiducial,C3-AP,C3-AP,x,4959.7341,,mm,false
3,FAT IO,fiducial,Fiducial,Fiducial,C3-AP,C3-AP,y,-0.8505,,mm,false
3,FAT IO,fiducial,Fiducial,Fiducial,C3-AP,C3-AP,z,5798.8158,,mm,false
3,FAT IO,fiducial,Fiducial,Fiducial,A3-AP,A3-AP,x,3137.8221,,mm,false
3,FAT IO,fiducial,Fiducial,Fiducial,A3-AP,A3-AP,y,-2.4341,,mm,false
3,FAT IO,fiducial,Fiducial,Fiducial,A3-AP,A3-AP,z,3700.1693,,mm,false
3,FAT IO,fiducial,Fiducial,Fiducial,H3-AP,H3-AP,x,3137.4043,,mm,false
3,FAT IO,fiducial,Fiducial,Fiducial,H3-AP,H3-AP,y,-2.2384,,mm,false
3,FAT IO,fiducial,Fiducial,Fiducial,H3-AP,H3-AP,z,0.3283,,mm,false
3,FAT IO,fiducial,Fiducial,Fiducial,Add_Fw_1,Add_Fw_1,x,9295.667,,mm,false
3,FAT IO,fiducial,Fiducial,Fiducial,Add_Fw_1,Add_Fw_1,y,1116.5828,,mm,false
3,FAT IO,fiducial,Fiducial,Fiducial,Add_Fw_1,Add_Fw_1,z,3968.3396,,mm,false
3,FAT IO,fiducial,Fiducial,Fiducial,Add_Fw_6,Add_Fw_6,x,9868.5462,,mm,false
3,FAT IO,fiducial,Fiducial,Fiducial,Add_Fw_6,Add_Fw_6,y,1269.2687,,mm,false
3,FAT IO,fiducial,Fiducial,Fiducial,Add_Fw_6,Add_Fw_6,z,-3106.8662,,mm,false
3,FAT IO,fiducial,Fiducial,Fiducial,Add_PM_1,Add_PM_1,x,3096.1294,,mm,false
3,FAT IO,fiducial,Fiducial,Fiducial,Add_PM_1,Add_PM_1,y,338.3651,,mm,false
3,FAT IO,fiducial,Fiducial,Fiducial,Add_PM_1,Add_PM_1,z,2748.0921,,mm,false
3,FAT IO,fiducial,Fiducial,Fiducial,Add_PM_2,Add_PM_2,x,10333.7007,,mm,false
3,FAT IO,fiducial,Fiducial,Fiducial,Add_PM_2,Add_PM_2,y,-1739.5063,,mm,false
3,FAT IO,fiducial,Fiducial,Fiducial,Add_PM_2,Add_PM_2,z,-1162.5727,,mm,false
3,FAT IO,fiducial,Fiducial,Fiducial,Add_PM_3,Add_PM_3,x,9687.2915,,mm,false
3,FAT IO,fiducial,Fiducial,Fiducial,Add_PM_3,Add_PM_3,y,-1636.9198,,mm,false
3,FAT IO,fiducial,Fiducial,Fiducial,Add_PM_3,Add_PM_3,z,-2993.2895,,mm,false
3,FAT IO,fiducial,Fiducial,Fiducial,Add_PM_4,Add_PM_4,x,9304.6145,,mm,false
3,FAT IO,fiducial,Fiducial,Fiducial,Add_PM_4,Add_PM_4,y,-315.051,,mm,false
3,FAT IO,fiducial,Fiducial,Fiducial,Add_PM_4,Add_PM_4,z,-3284.5816,,mm,false
3,FAT IO,fiducial,Fiducial,Fiducial,Add_PM_5,Add_PM_5,x,6785.5038,,mm,false
3,FAT IO,fiducial,Fiducial,Fiducial,Add_PM_5,Add_PM_5,y,-281.913,,mm,false
3,FAT IO,fiducial,Fiducial,Fiducial,Add_PM_5,Add_PM_5,z,-5481.4977,,mm,false
3,FAT IO,fiducial,Fiducial,Fiducial,Add_PM_6,Add_PM_6,x,10268.576,,mm,false
3,FAT IO,fiducial,Fiducial,Fiducial,Add_PM_6,Add_PM_6,y,-372.6338,,mm,false
3,FAT IO,fiducial,Fiducial,Fiducial,Add_PM_6,Add_PM_6,z,310.7304,,mm,false
3,FAT IO,fiducial,Fiducial,Fiducial,Add_PM_7,Add_PM_7,x,9975.6227,,mm,false
3,FAT IO,fiducial,Fiducial,Fiducial,Add_PM_7,Add_PM_7,y,-1689.549,,mm,false
3,FAT IO,fiducial,Fiducial,Fiducial,Add_PM_7,Add_PM_7,z,2238.4056,,mm,false
3,FAT IO,fiducial,Fiducial,Fiducial,Add_PM_8,Add_PM_8,x,8992.8651,,mm,false
3,FAT IO,fiducial,Fiducial,Fiducial,Add_PM_8,Add_PM_8,y,-287.7017,,mm,false
3,FAT IO,fiducial,Fiducial,Fiducial,Add_PM_8,Add_PM_8,z,3719.5341,,mm,false
3,FAT IO,fiducial,Fiducial,Fiducial,Add_PM_9,Add_PM_9,x,9125.3768,,mm,false
3,FAT IO,fiducial,Fiducial,Fiducial,Add_PM_9,Add_PM_9,y,-1538.381,,mm,false
3,FAT IO,fiducial,Fiducial,Fiducial,Add_PM_9,Add_PM_9,z,3832.8195,,mm,false
3,FAT IO,fiducial,Fiducial,Fiducial,Add_PM_10,Add_PM_10,x,3101.7764,,mm,false
3,FAT IO,fiducial,Fiducial,Fiducial,Add_PM_10,Add_PM_10,y,-281.9012,,mm,false
3,FAT IO,fiducial,Fiducial,Fiducial,Add_PM_10,Add_PM_10,z,-2979.6172,,mm,false
3,FAT IO,fiducial,Fiducial,Fiducial,Add_PM_11,Add_PM_11,x,3101.1122,,mm,false
3,FAT IO,fiducial,Fiducial,Fiducial,Add_PM_11,Add_PM_11,y,285.5192,,mm,false
3,FAT IO,fiducial,Fiducial,Fiducial,Add_PM_11,Add_PM_11,z,-3009.259,,mm,false
3,FAT IO,fiducial,Fiducial,Fiducial,Add_PM_12,Add_PM_12,x,4191.064,,mm,false
3,FAT IO,fiducial,Fiducial,Fiducial,Add_PM_12,Add_PM_12,y,-342.4821,,mm,false
3,FAT IO,fiducial,Fiducial,Fiducial,Add_PM_12,Add_PM_12,z,-5592.3215,,mm,false
3,FAT IO,fiducial,Fiducial,Fiducial,Add_PM_13,Add_PM_13,x,4206.2591,,mm,false
3,FAT IO,fiducial,Fiducial,Fiducial,Add_PM_13,Add_PM_13,y,351.8794,,mm,false
3,FAT IO,fiducial,Fiducial,Fiducial,Add_PM_13,Add_PM_13,z,-5600.7821,,mm,false
3,FAT IO,fiducial,Fiducial,Fiducial,Add_PM_14,Add_PM_14,x,6771.5707,,mm,false
3,FAT IO,fiducial,Fiducial,Fiducial,Add_PM_14,Add_PM_14,y,286.4459,,mm,false
3,FAT IO,fiducial,Fiducial,Fiducial,Add_PM_14,Add_PM_14,z,-5488.3788,,mm,false
3,FAT IO,fiducial,Fiducial,Fiducial,Add_PM_15,Add_PM_15,x,7349.4922,,mm,false
3,FAT IO,fiducial,Fiducial,Fiducial,Add_PM_15,Add_PM_15,y,1158.0647,,mm,false
3,FAT IO,fiducial,Fiducial,Fiducial,Add_PM_15,Add_PM_15,z,-5847.9544,,mm,false
3,FAT IO,fiducial,Fiducial,Fiducial,Add_PM_16,Add_PM_16,x,9313.6399,,mm,false
3,FAT IO,fiducial,Fiducial,Fiducial,Add_PM_16,Add_PM_16,y,280.2496,,mm,false
3,FAT IO,fiducial,Fiducial,Fiducial,Add_PM_16,Add_PM_16,z,-3271.2334,,mm,false
3,FAT IO,fiducial,Fiducial,Fiducial,Add_PM_17,Add_PM_17,x,10269.0291,,mm,false
3,FAT IO,fiducial,Fiducial,Fiducial,Add_PM_17,Add_PM_17,y,345.5964,,mm,false
3,FAT IO,fiducial,Fiducial,Fiducial,Add_PM_17,Add_PM_17,z,304.7408,,mm,false
3,FAT IO,fiducial,Fiducial,Fiducial,Add_PM_18,Add_PM_18,x,10269.189,,mm,false
3,FAT IO,fiducial,Fiducial,Fiducial,Add_PM_18,Add_PM_18,y,345.6864,,mm,false
3,FAT IO,fiducial,Fiducial,Fiducial,Add_PM_18,Add_PM_18,z,304.6408,,mm,false
3,FAT IO,fiducial,Fiducial,Fiducial,Add_PM_19,Add_PM_19,x,8989.6673,,mm,false
3,FAT IO,fiducial,Fiducial,Fiducial,Add_PM_19,Add_PM_19,y,338.9879,,mm,false
3,FAT IO,fiducial,Fiducial,Fiducial,Add_PM_19,Add_PM_19,z,3725.8134,,mm,false
3,FAT IO,fiducial,Fiducial,Fiducial,Add_PM_20,Add_PM_20,x,7366.0589,,mm,false
3,FAT IO,fiducial,Fiducial,Fiducial,Add_PM_20,Add_PM_20,y,1116.5965,,mm,false
3,FAT IO,fiducial,Fiducial,Fiducial,Add_PM_20,Add_PM_20,z,5845.3842,,mm,false
3,FAT IO,fiducial,Fiducial,Fiducial,Add_PM_21,Add_PM_21,x,6251.3649,,mm,false
3,FAT IO,fiducial,Fiducial,Fiducial,Add_PM_21,Add_PM_21,y,943.213,,mm,false
3,FAT IO,fiducial,Fiducial,Fiducial,Add_PM_21,Add_PM_21,z,5844.1463,,mm,false
3,FAT IO,fiducial,Fiducial,Fiducial,Add_PM_22,Add_PM_22,x,6588.0469,,mm,false
3,FAT IO,fiducial,Fiducial,Fiducial,Add_PM_22,Add_PM_22,y,344.8283,,mm,false
3,FAT IO,fiducial,Fiducial,Fiducial,Add_PM_22,Add_PM_22,z,5566.8011,,mm,false
3,FAT IO,fiducial,Fiducial,Fiducial,Add_PM_23,Add_PM_23,x,6595.5041,,mm,false
3,FAT IO,fiducial,Fiducial,Fiducial,Add_PM_23,Add_PM_23,y,-272.9009,,mm,false
3,FAT IO,fiducial,Fiducial,Fiducial,Add_PM_23,Add_PM_23,z,5563.5118,,mm,false
3,FAT IO,fiducial,Fiducial,Fiducial,Add_PM_24,Add_PM_24,x,4289.9956,,mm,false
3,FAT IO,fiducial,Fiducial,Fiducial,Add_PM_24,Add_PM_24,y,-356.3661,,mm,false
3,FAT IO,fiducial,Fiducial,Fiducial,Add_PM_24,Add_PM_24,z,5641.0035,,mm,false
3,FAT IO,fiducial,Fiducial,Fiducial,Add_PM_25,Add_PM_25,x,4280.5146,,mm,false
3,FAT IO,fiducial,Fiducial,Fiducial,Add_PM_25,Add_PM_25,y,408.6031,,mm,false
3,FAT IO,fiducial,Fiducial,Fiducial,Add_PM_25,Add_PM_25,z,5640.7051,,mm,false
3,FAT IO,fiducial,Fiducial,Fiducial,Add_PM_26,Add_PM_26,x,3104.0148,,mm,false
3,FAT IO,fiducial,Fiducial,Fiducial,Add_PM_26,Add_PM_26,y,-257.2142,,mm,false
3,FAT IO,fiducial,Fiducial,Fiducial,Add_PM_26,Add_PM_26,z,2751.103,,mm,false
3,FAT IO,fiducial,Fiducial,Fiducial,Add_PM_27,Add_PM_27,x,3104.2446,,mm,false
3,FAT IO,fiducial,Fiducial,Fiducial,Add_PM_27,Add_PM_27,y,-253.5957,,mm,false
3,FAT IO,fiducial,Fiducial,Fiducial,Add_PM_27,Add_PM_27,z,100.6431,,mm,false
3,FAT IO,fiducial,Fiducial,Fiducial,Add_PM_28,Add_PM_28,x,3098.2213,,mm,false
3,FAT IO,fiducial,Fiducial,Fiducial,Add_PM_28,Add_PM_28,y,314.124,,mm,false
3,FAT IO,fiducial,Fiducial,Fiducial,Add_PM_28,Add_PM_28,z,87.9716,,mm,false
3,FAT IO,fiducial,Fiducial,Fiducial,Add_PM_29,Add_PM_29,x,6281.9,,mm,false
3,FAT IO,fiducial,Fiducial,Fiducial,Add_PM_29,Add_PM_29,y,965.2157,,mm,false
3,FAT IO,fiducial,Fiducial,Fiducial,Add_PM_29,Add_PM_29,z,-5849.8449,,mm,false
3,FAT IO,fiducial,Fiducial,Fiducial,Add_PM_100,Add_PM_100,x,5775.5014,,mm,false
3,FAT IO,fiducial,Fiducial,Fiducial,Add_PM_100,Add_PM_100,y,-283.2367,,mm,false
3,FAT IO,fiducial,Fiducial,Fiducial,Add_PM_100,Add_PM_100,z,6918.6018,,mm,false
3,FAT IO,fiducial,Fiducial,Fiducial,Add_R-Fat_1,Add_R-Fat_1,x,10589.8551,,mm,false
3,FAT IO,fiducial,Fiducial,Fiducial,Add_R-Fat_1,Add_R-Fat_1,y,-1213.2635,,mm,false
3,FAT IO,fiducial,Fiducial,Fiducial,Add_R-Fat_1,Add_R-Fat_1,z,-1095.6476,,mm,false
3,FAT IO,fiducial,Fiducial,Fiducial,Add_R-Fat_2,Add_R-Fat_2,x,10227.2977,,mm,false
3,FAT IO,fiducial,Fiducial,Fiducial,Add_R-Fat_2,Add_R-Fat_2,y,-1204.9956,,mm,false
3,FAT IO,fiducial,Fiducial,Fiducial,Add_R-Fat_2,Add_R-Fat_2,z,2237.3403,,mm,false
3,FAT IO,fiducial,Fiducial,Fiducial,CP_ADD_15,CP_ADD_15,x,3096.1202,,mm,false
3,FAT IO,fiducial,Fiducial,Fiducial,CP_ADD_15,CP_ADD_15,y,335.0858,,mm,false
3,FAT IO,fiducial,Fiducial,Fiducial,CP_ADD_15,CP_ADD_15,z,153.3428,,mm,false
3,FAT IO,fiducial,Fiducial,Fiducial,CP_ADD_16,CP_ADD_16,x,3093.4027,,mm,false
3,FAT IO,fiducial,Fiducial,Fiducial,CP_ADD_16,CP_ADD_16,y,-360.0279,,mm,false
3,FAT IO,fiducial,Fiducial,Fiducial,CP_ADD_16,CP_ADD_16,z,141.5883,,mm,false
2,SSAT BR,fiducial,CCL,CCL,A,A,x,2712.235,0.7,mm,false
2,SSAT BR,fiducial,CCL,CCL,A,A,y,0.465,0.7,mm,false
2,SSAT BR,fiducial,CCL,CCL,A,A,z,-3699.76,0.7,mm,false
2,SSAT BR,fiducial,CCL,CCL,B,B,x,2713.01,1.0,mm,false
2,SSAT BR,fiducial,CCL,CCL,B,B,y,0.77,1.0,mm,false
2,SSAT BR,fiducial,CCL,CCL,B,B,z,3699.35,1.0,mm,false
2,SSAT BR,fiducial,CCL,CCL,C,C,x,5334.01,1.0,mm,false
2,SSAT BR,fiducial,CCL,CCL,C,C,y,0.9149999999999999,1.0,mm,false
2,SSAT BR,fiducial,CCL,CCL,C,C,z,6297.305,1.0,mm,false
2,SSAT BR,fiducial,CCL,CCL,D,D,x,8977.41,1.0,mm,false
2,SSAT BR,fiducial,CCL,CCL,D,D,y,0.24,1.0,mm,false
2,SSAT BR,fiducial,CCL,CCL,D,D,z,4434.81,1.0,mm,false
2,SSAT BR,fiducial,CCL,CCL,E,E,x,9583.645,1.0,mm,false
2,SSAT BR,fiducial,CCL,CCL,E,E,y,0.815,1.0,mm,false
2,SSAT BR,fiducial,CCL,CCL,E,E,z,-3695.465,1.0,mm,false
2,SSAT BR,fiducial,CCL,CCL,F,F',x,3397.75,1.0,mm,false
2,SSAT BR,fiducial,CCL,CCL,F,F',y,1.51,1.0,mm,false
2,SSAT BR,fiducial,CCL,CCL,F,F',z,-5597.799999999999,1.0,mm,false
2,SSAT BR,fiducial,CCL,CCL,G,G,x,10728.97,1.0,mm,false
2,SSAT BR,fiducial,CCL,CCL,G,G,y,-0.5700000000000001,1.0,mm,false
2,SSAT BR,fiducial,CCL,CCL,G,G,z,-1.34,1.0,mm,false
2,SSAT BR,fiducial,CCL,CCL,H,H,x,2712.87,1.0,mm,false
2,SSAT BR,fiducial,CCL,CCL,H,H,y,-0.7200000000000001,1.0,mm,false
2,SSAT BR,fiducial,CCL,CCL,H,H,z,-0.4,1.0,mm,false
2,SSAT BR,fiducial,Fiducial,Fiducial,S04 Added fiducial.2,S04 Added fiducial.2,x,10784.68,0.23,mm,false
2,SSAT BR,fiducial,Fiducial,Fiducial,S04 Added fiducial.2,S04 Added fiducial.2,y,-549.38,0.23,mm,false
2,SSAT BR,fiducial,Fiducial,Fiducial,S04 Added fiducial.2,S04 Added fiducial.2,z,-2689.1,0.23,mm,false
2,SSAT BR,fiducial,Fiducial,Fiducial,P9-OIS,P9-OIS,x,5993.31,0.23,mm,false
2,SSAT BR,fiducial,Fiducial,Fiducial,P9-OIS,P9-OIS,y,-1094.65,0.23,mm,false
2,SSAT BR,fiducial,Fiducial,Fiducial,P9-OIS,P9-OIS,z,6118.16,0.23,mm,false
2,SSAT BR,fiducial,Fiducial,Fiducial,P8-OIS,P8-OIS,x,7542.12,0.23,mm,false
2,SSAT BR,fiducial,Fiducial,Fiducial,P8-OIS,P8-OIS,y,-1367.94,0.23,mm,false
2,SSAT BR,fiducial,Fiducial,Fiducial,P8-OIS,P8-OIS,z,6354.18,0.23,mm,false
2,SSAT BR,fiducial,Fiducial,Fiducial,P7-IOIS,P7-IOIS,x,9469.35,0.23,mm,false
2,SSAT BR,fiducial,Fiducial,Fiducial,P7-IOIS,P7-IOIS,y,-1220.29,0.23,mm,false
2,SSAT BR,fiducial,Fiducial,Fiducial,P7-IOIS,P7-IOIS,z,3928.8,0.23,mm,false
2,SSAT BR,fiducial,Fiducial,Fiducial,P6-IOIS,P6-IOIS,x,10046.35,0.23,mm,false
2,SSAT BR,fiducial,Fiducial,Fiducial,P6-IOIS,P6-IOIS,y,1322.32,0.23,mm,false
2,SSAT BR,fiducial,Fiducial,Fiducial,P6-IOIS,P6-IOIS,z,-3030.24,0.23,mm,false
2,SSAT BR,fiducial,Fiducial,Fiducial,P4-CS,P4-CS,x,2811.34,0.23,mm,false
2,SSAT BR,fiducial,Fiducial,Fiducial,P4-CS,P4-CS,y,0.03,0.23,mm,false
2,SSAT BR,fiducial,Fiducial,Fiducial,P4-CS,P4-CS,z,8051.36,0.23,mm,false
2,SSAT BR,fiducial,Fiducial,Fiducial,P3-PCCF,P3-PCCF,x,2820.1,0.23,mm,false
2,SSAT BR,fiducial,Fiducial,Fiducial,P3-PCCF,P3-PCCF,y,0.2,0.23,mm,false
2,SSAT BR,fiducial,Fiducial,Fiducial,P3-PCCF,P3-PCCF,z,6271.05,0.23,mm,false
2,SSAT BR,fiducial,Fiducial,Fiducial,P2-PCCF,P2-PCCF,x,2820.12,0.23,mm,false
2,SSAT BR,fiducial,Fiducial,Fiducial,P2-PCCF,P2-PCCF,y,0.35,0.23,mm,false
2,SSAT BR,fiducial,Fiducial,Fiducial,P2-PCCF,P2-PCCF,z,6870.92,0.23,mm,false
2,SSAT BR,fiducial,Fiducial,Fiducial,P20-IOIS,P20-IOIS,x,10482.29,0.23,mm,false
2,SSAT BR,fiducial,Fiducial,Fiducial,P20-IOIS,P20-IOIS,y,-1881.98,0.23,mm,false
2,SSAT BR,fiducial,Fiducial,Fiducial,P20-IOIS,P20-IOIS,z,-1245.02,0.23,mm,false
2,SSAT BR,fiducial,Fiducial,Fiducial,P20-IIS,P20-IIS,x,3773.49,0.23,mm,false
2,SSAT BR,fiducial,Fiducial,Fiducial,P20-IIS,P20-IIS,y,-708.71,0.23,mm,false
2,SSAT BR,fiducial,Fiducial,Fiducial,P20-IIS,P20-IIS,z,-6179.26,0.23,mm,false
2,SSAT BR,fiducial,Fiducial,Fiducial,P19-IOIS,P19-IOIS,x,9866.01,0.23,mm,false
2,SSAT BR,fiducial,Fiducial,Fiducial,P19-IOIS,P19-IOIS,y,-1772.9,0.23,mm,false
2,SSAT BR,fiducial,Fiducial,Fiducial,P19-IOIS,P19-IOIS,z,-2996.47,0.23,mm,false
2,SSAT BR,fiducial,Fiducial,Fiducial,P18-IOIS,P18-IOIS,x,10098.47,0.23,mm,false
2,SSAT BR,fiducial,Fiducial,Fiducial,P18-IOIS,P18-IOIS,y,-1814.32,0.23,mm,false
2,SSAT BR,fiducial,Fiducial,Fiducial,P18-IOIS,P18-IOIS,z,2377.45,0.23,mm,false
2,SSAT BR,fiducial,Fiducial,Fiducial,P17-IOIS,P17-IOIS,x,9295.73,0.23,mm,false
2,SSAT BR,fiducial,Fiducial,Fiducial,P17-IOIS,P17-IOIS,y,-1672.25,0.23,mm,false
2,SSAT BR,fiducial,Fiducial,Fiducial,P17-IOIS,P17-IOIS,z,3880.57,0.23,mm,false
2,SSAT BR,fiducial,Fiducial,Fiducial,P16-IOIS,P16-IOIS,x,9868.71,0.23,mm,false
2,SSAT BR,fiducial,Fiducial,Fiducial,P16-IOIS,P16-IOIS,y,1773.09,0.23,mm,false
2,SSAT BR,fiducial,Fiducial,Fiducial,P16-IOIS,P16-IOIS,z,-2996.02,0.23,mm,false
2,SSAT BR,fiducial,Fiducial,Fiducial,P15-IIS,P15-IIS,x,3773.43,0.23,mm,false
2,SSAT BR,fiducial,Fiducial,Fiducial,P15-IIS,P15-IIS,y,-708.08,0.23,mm,false
2,SSAT BR,fiducial,Fiducial,Fiducial,P15-IIS,P15-IIS,z,6150.27,0.23,mm,false
2,SSAT BR,fiducial,Fiducial,Fiducial,P13-IOIS,P13-IOIS,x,9296.85,0.23,mm,false
2,SSAT BR,fiducial,Fiducial,Fiducial,P13-IOIS,P13-IOIS,y,1671.49,0.23,mm,false
2,SSAT BR,fiducial,Fiducial,Fiducial,P13-IOIS,P13-IOIS,z,3880.63,0.23,mm,false
2,SSAT BR,fiducial,Fiducial,Fiducial,P12-IOIS,P12-IOIS,x,10046.81,0.23,mm,false
2,SSAT BR,fiducial,Fiducial,Fiducial,P12-IOIS,P12-IOIS,y,-1322.16,0.23,mm,false
2,SSAT BR,fiducial,Fiducial,Fiducial,P12-IOIS,P12-IOIS,z,-3030.6,0.23,mm,false
2,SSAT BR,fiducial,Fiducial,Fiducial,P11-OIS,P11-OIS,x,7541.78,0.23,mm,false
2,SSAT BR,fiducial,Fiducial,Fiducial,P11-OIS,P11-OIS,y,-1367.93,0.23,mm,false
2,SSAT BR,fiducial,Fiducial,Fiducial,P11-OIS,P11-OIS,z,-6353.19,0.23,mm,false
2,SSAT BR,fiducial,Fiducial,Fiducial,P10-OIS,P10-OIS,x,5992.22,0.23,mm,false
2,SSAT BR,fiducial,Fiducial,Fiducial,P10-OIS,P10-OIS,y,-1094.61,0.23,mm,false
2,SSAT BR,fiducial,Fiducial,Fiducial,P10-OIS,P10-OIS,z,-6117.45,0.23,mm,false
2,SSAT BR,fiducial,Fiducial,Fiducial,LEG.7,LEG.7,x,9972.09,0.23,mm,false
2,SSAT BR,fiducial,Fiducial,Fiducial,LEG.7,LEG.7,y,829.92,0.23,mm,false
2,SSAT BR,fiducial,Fiducial,Fiducial,LEG.7,LEG.7,z,-4605.34,0.23,mm,false
2,SSAT BR,fiducial,Fiducial,Fiducial,LEG.6,LEG.6,x,11065.72,0.23,mm,false
2,SSAT BR,fiducial,Fiducial,Fiducial,LEG.6,LEG.6,y,830.1,0.23,mm,false
2,SSAT BR,fiducial,Fiducial,Fiducial,LEG.6,LEG.6,z,-4644.48,0.23,mm,false
2,SSAT BR,fiducial,Fiducial,Fiducial,LEG.5,LEG.5,x,10095.34,0.23,mm,false
2,SSAT BR,fiducial,Fiducial,Fiducial,LEG.5,LEG.5,y,546.43,0.23,mm,false
2,SSAT BR,fiducial,Fiducial,Fiducial,LEG.5,LEG.5,z,-4351.36,0.23,mm,false
2,SSAT BR,fiducial,Fiducial,Fiducial,LEG.4,LEG.4,x,10099.17,0.23,mm,false
2,SSAT BR,fiducial,Fiducial,Fiducial,LEG.4,LEG.4,y,546.95,0.23,mm,false
2,SSAT BR,fiducial,Fiducial,Fiducial,LEG.4,LEG.4,z,-4143.49,0.23,mm,false
2,SSAT BR,fiducial,Fiducial,Fiducial,LEG.3,LEG.3,x,10904.15,0.23,mm,false
2,SSAT BR,fiducial,Fiducial,Fiducial,LEG.3,LEG.3,y,545.26,0.23,mm,false
2,SSAT BR,fiducial,Fiducial,Fiducial,LEG.3,LEG.3,z,-4356.6,0.23,mm,false
2,SSAT BR,fiducial,Fiducial,Fiducial,LEG.2,LEG.2,x,10905.45,0.23,mm,false
2,SSAT BR,fiducial,Fiducial,Fiducial,LEG.2,LEG.2,y,545.5,0.23,mm,false
2,SSAT BR,fiducial,Fiducial,Fiducial,LEG.2,LEG.2,z,-4146.87,0.23,mm,false
2,SSAT BR,fiducial,Fiducial,Fiducial,LEG.1,LEG.1,x,10525.33,0.23,mm,false
2,SSAT BR,fiducial,Fiducial,Fiducial,LEG.1,LEG.1,y,545.48,0.23,mm,false
2,SSAT BR,fiducial,Fiducial,Fiducial,LEG.1,LEG.1,z,-3740.52,0.23,mm,false
2,SSAT BR,fiducial,Fiducial,Fiducial,IOIS_UR-6,IOIS_UR-6,x,10964.51,0.23,mm,false
2,SSAT BR,fiducial,Fiducial,Fiducial,IOIS_UR-6,IOIS_UR-6,y,-550.42,0.23,mm,false
2,SSAT BR,fiducial,Fiducial,Fiducial,IOIS_UR-6,IOIS_UR-6,z,2424.41,0.23,mm,false
2,SSAT BR,fiducial,Fiducial,Fiducial,IOIS_UR-5,IOIS_UR-5,x,11109.27,0.23,mm,false
2,SSAT BR,fiducial,Fiducial,Fiducial,IOIS_UR-5,IOIS_UR-5,y,-633.81,0.23,mm,false
2,SSAT BR,fiducial,Fiducial,Fiducial,IOIS_UR-5,IOIS_UR-5,z,3329.04,0.23,mm,false
2,SSAT BR,fiducial,Fiducial,Fiducial,IOIS_UR-4,IOIS_UR-4,x,10285.16,0.23,mm,false
2,SSAT BR,fiducial,Fiducial,Fiducial,IOIS_UR-4,IOIS_UR-4,y,-551.56,0.23,mm,false
2,SSAT BR,fiducial,Fiducial,Fiducial,IOIS_UR-4,IOIS_UR-4,z,3918.96,0.23,mm,false
2,SSAT BR,fiducial,Fiducial,Fiducial,IOIS_UR-3,IOIS_UR-3,x,10438.66,0.23,mm,false
2,SSAT BR,fiducial,Fiducial,Fiducial,IOIS_UR-3,IOIS_UR-3,y,-957.65,0.23,mm,false
2,SSAT BR,fiducial,Fiducial,Fiducial,IOIS_UR-3,IOIS_UR-3,z,2512.61,0.23,mm,false
2,SSAT BR,fiducial,Fiducial,Fiducial,IOIS_UR-2,IOIS_UR-2,x,10029.48,0.23,mm,false
2,SSAT BR,fiducial,Fiducial,Fiducial,IOIS_UR-2,IOIS_UR-2,y,-950.65,0.23,mm,false
2,SSAT BR,fiducial,Fiducial,Fiducial,IOIS_UR-2,IOIS_UR-2,z,3227.63,0.23,mm,false
2,SSAT BR,fiducial,Fiducial,Fiducial,IOIS_UR-1,IOIS_UR-1,x,9880.31,0.23,mm,false
2,SSAT BR,fiducial,Fiducial,Fiducial,IOIS_UR-1,IOIS_UR-1,y,-755.41,0.23,mm,false
2,SSAT BR,fiducial,Fiducial,Fiducial,IOIS_UR-1,IOIS_UR-1,z,3758.85,0.23,mm,false
2,SSAT BR,fiducial,Fiducial,Fiducial,IOIS_UL-6,IOIS_UL-6,x,10957.83,0.23,mm,false
2,SSAT BR,fiducial,Fiducial,Fiducial,IOIS_UL-6,IOIS_UL-6,y,544.71,0.23,mm,false
2,SSAT BR,fiducial,Fiducial,Fiducial,IOIS_UL-6,IOIS_UL-6,z,2441.71,0.23,mm,false
2,SSAT BR,fiducial,Fiducial,Fiducial,IOIS_UL-5,IOIS_UL-5,x,11091.83,0.23,mm,false
2,SSAT BR,fiducial,Fiducial,Fiducial,IOIS_UL-5,IOIS_UL-5,y,628.13,0.23,mm,false
2,SSAT BR,fiducial,Fiducial,Fiducial,IOIS_UL-5,IOIS_UL-5,z,3329.43,0.23,mm,false
2,SSAT BR,fiducial,Fiducial,Fiducial,IOIS_UL-4,IOIS_UL-4,x,10266.88,0.23,mm,false
2,SSAT BR,fiducial,Fiducial,Fiducial,IOIS_UL-4,IOIS_UL-4,y,546.28,0.23,mm,false
2,SSAT BR,fiducial,Fiducial,Fiducial,IOIS_UL-4,IOIS_UL-4,z,3922.0,0.23,mm,false
2,SSAT BR,fiducial,Fiducial,Fiducial,IOIS_UL-3,IOIS_UL-3,x,10484.06,0.23,mm,false
2,SSAT BR,fiducial,Fiducial,Fiducial,IOIS_UL-3,IOIS_UL-3,y,883.79,0.23,mm,false
2,SSAT BR,fiducial,Fiducial,Fiducial,IOIS_UL-3,IOIS_UL-3,z,2520.81,0.23,mm,false
2,SSAT BR,fiducial,Fiducial,Fiducial,IOIS_UL-2,IOIS_UL-2,x,10080.24,0.23,mm,false
2,SSAT BR,fiducial,Fiducial,Fiducial,IOIS_UL-2,IOIS_UL-2,y,866.81,0.23,mm,false
2,SSAT BR,fiducial,Fiducial,Fiducial,IOIS_UL-2,IOIS_UL-2,z,3247.93,0.23,mm,false
2,SSAT BR,fiducial,Fiducial,Fiducial,IOIS_UL-1,IOIS_UL-1,x,9935.13,0.23,mm,false
2,SSAT BR,fiducial,Fiducial,Fiducial,IOIS_UL-1,IOIS_UL-1,y,684.51,0.23,mm,false
2,SSAT BR,fiducial,Fiducial,Fiducial,IOIS_UL-1,IOIS_UL-1,z,3760.34,0.23,mm,false
2,SSAT BR,fiducial,Fiducial,Fiducial,IOIS_LR-6,IOIS_LR-6,x,10911.68,0.23,mm,false
2,SSAT BR,fiducial,Fiducial,Fiducial,IOIS_LR-6,IOIS_LR-6,y,-550.39,0.23,mm,false
2,SSAT BR,fiducial,Fiducial,Fiducial,IOIS_LR-6,IOIS_LR-6,z,-4083.15,0.23,mm,false
2,SSAT BR,fiducial,Fiducial,Fiducial,IOIS_LR-5,IOIS_LR-5,x,10163.12,0.23,mm,false
2,SSAT BR,fiducial,Fiducial,Fiducial,IOIS_LR-5,IOIS_LR-5,y,-550.44,0.23,mm,false
2,SSAT BR,fiducial,Fiducial,Fiducial,IOIS_LR-5,IOIS_LR-5,z,-4096.64,0.23,mm,false
2,SSAT BR,fiducial,Fiducial,Fiducial,IOIS_LR-4,IOIS_LR-4,x,10912.76,0.23,mm,false
2,SSAT BR,fiducial,Fiducial,Fiducial,IOIS_LR-4,IOIS_LR-4,y,-547.97,0.23,mm,false
2,SSAT BR,fiducial,Fiducial,Fiducial,IOIS_LR-4,IOIS_LR-4,z,-2058.98,0.23,mm,false
2,SSAT BR,fiducial,Fiducial,Fiducial,IOIS_LR-3,IOIS_LR-3,x,10187.84,0.23,mm,false
2,SSAT BR,fiducial,Fiducial,Fiducial,IOIS_LR-3,IOIS_LR-3,y,-976.03,0.23,mm,false
2,SSAT BR,fiducial,Fiducial,Fiducial,IOIS_LR-3,IOIS_LR-3,z,-3054.92,0.23,mm,false
2,SSAT BR,fiducial,Fiducial,Fiducial,IOIS_LR-2,IOIS_LR-2,x,10470.59,0.23,mm,false
2,SSAT BR,fiducial,Fiducial,Fiducial,IOIS_LR-2,IOIS_LR-2,y,-1022.53,0.23,mm,false
2,SSAT BR,fiducial,Fiducial,Fiducial,IOIS_LR-2,IOIS_LR-2,z,-2234.29,0.23,mm,false
2,SSAT BR,fiducial,Fiducial,Fiducial,IOIS_LR-1,IOIS_LR-1,x,10768.56,0.23,mm,false
2,SSAT BR,fiducial,Fiducial,Fiducial,IOIS_LR-1,IOIS_LR-1,y,-851.18,0.23,mm,false
2,SSAT BR,fiducial,Fiducial,Fiducial,IOIS_LR-1,IOIS_LR-1,z,-1695.57,0.23,mm,false
2,SSAT BR,fiducial,Fiducial,Fiducial,IOIS_LL-6,IOIS_LL-6,x,10259.65,0.23,mm,false
2,SSAT BR,fiducial,Fiducial,Fiducial,IOIS_LL-6,IOIS_LL-6,y,545.76,0.23,mm,false
2,SSAT BR,fiducial,Fiducial,Fiducial,IOIS_LL-6,IOIS_LL-6,z,-4088.86,0.23,mm,false
2,SSAT BR,fiducial,Fiducial,Fiducial,IOIS_LL-5,IOIS_LL-5,x,10912.32,0.23,mm,false
2,SSAT BR,fiducial,Fiducial,Fiducial,IOIS_LL-5,IOIS_LL-5,y,544.52,0.23,mm,false
2,SSAT BR,fiducial,Fiducial,Fiducial,IOIS_LL-5,IOIS_LL-5,z,-4085.69,0.23,mm,false
2,SSAT BR,fiducial,Fiducial,Fiducial,IOIS_LL-4,IOIS_LL-4,x,10976.12,0.23,mm,false
2,SSAT BR,fiducial,Fiducial,Fiducial,IOIS_LL-4,IOIS_LL-4,y,545.07,0.23,mm,false
2,SSAT BR,fiducial,Fiducial,Fiducial,IOIS_LL-4,IOIS_LL-4,z,-2055.72,0.23,mm,false
2,SSAT BR,fiducial,Fiducial,Fiducial,IOIS_LL-3,IOIS_LL-3,x,10234.01,0.23,mm,false
2,SSAT BR,fiducial,Fiducial,Fiducial,IOIS_LL-3,IOIS_LL-3,y,906.01,0.23,mm,false
2,SSAT BR,fiducial,Fiducial,Fiducial,IOIS_LL-3,IOIS_LL-3,z,-3048.53,0.23,mm,false
2,SSAT BR,fiducial,Fiducial,Fiducial,IOIS_LL-2,IOIS_LL-2,x,10528.29,0.23,mm,false
2,SSAT BR,fiducial,Fiducial,Fiducial,IOIS_LL-2,IOIS_LL-2,y,954.91,0.23,mm,false
2,SSAT BR,fiducial,Fiducial,Fiducial,IOIS_LL-2,IOIS_LL-2,z,-2187.53,0.23,mm,false
2,SSAT BR,fiducial,Fiducial,Fiducial,IOIS_LL-1,IOIS_LL-1,x,10807.77,0.23,mm,false
2,SSAT BR,fiducial,Fiducial,Fiducial,IOIS_LL-1,IOIS_LL-1,y,817.73,0.23,mm,false
2,SSAT BR,fiducial,Fiducial,Fiducial,IOIS_LL-1,IOIS_LL-1,z,-1642.32,0.23,mm,false
2,SSAT BR,fiducial,Fiducial,Fiducial,H4-AU,H4-AU,x,2705.79,0.23,mm,false
2,SSAT BR,fiducial,Fiducial,Fiducial,H4-AU,H4-AU,y,-519.18,0.23,mm,false
2,SSAT BR,fiducial,Fiducial,Fiducial,H4-AU,H4-AU,z,-0.03,0.23,mm,false
2,SSAT BR,fiducial,Fiducial,Fiducial,H3-AU,H3-AU,x,3134.67,0.23,mm,false
2,SSAT BR,fiducial,Fiducial,Fiducial,H3-AU,H3-AU,y,0.96,0.23,mm,false
2,SSAT BR,fiducial,Fiducial,Fiducial,H3-AU,H3-AU,z,-0.11,0.23,mm,false
2,SSAT BR,fiducial,Fiducial,Fiducial,H2-AU,H2-AU,x,2706.1,0.23,mm,false
2,SSAT BR,fiducial,Fiducial,Fiducial,H2-AU,H2-AU,y,521.32,0.23,mm,false
2,SSAT BR,fiducial,Fiducial,Fiducial,H2-AU,H2-AU,z,0.34,0.23,mm,false
2,SSAT BR,fiducial,Fiducial,Fiducial,H1-AU,H1-AU,x,2143.35,0.23,mm,false
2,SSAT BR,fiducial,Fiducial,Fiducial,H1-AU,H1-AU,y,-0.16,0.23,mm,false
2,SSAT BR,fiducial,Fiducial,Fiducial,H1-AU,H1-AU,z,-0.44,0.23,mm,false
2,SSAT BR,fiducial,Fiducial,Fiducial,G4-BU,G4-BU,x,10728.2,0.23,mm,false
2,SSAT BR,fiducial,Fiducial,Fiducial,G4-BU,G4-BU,y,-563.07,0.23,mm,false
2,SSAT BR,fiducial,Fiducial,Fiducial,G4-BU,G4-BU,z,0.77,0.23,mm,false
2,SSAT BR,fiducial,Fiducial,Fiducial,G2-BU,G2-BU,x,10729.03,0.23,mm,false
2,SSAT BR,fiducial,Fiducial,Fiducial,G2-BU,G2-BU,y,562.39,0.23,mm,false
2,SSAT BR,fiducial,Fiducial,Fiducial,G2-BU,G2-BU,z,0.37,0.23,mm,false
2,SSAT BR,fiducial,Fiducial,Fiducial,G1-BU,G1-BU,x,11235.6,0.23,mm,false
2,SSAT BR,fiducial,Fiducial,Fiducial,G1-BU,G1-BU,y,-1.65,0.23,mm,false
2,SSAT BR,fiducial,Fiducial,Fiducial,G1-BU,G1-BU,z,1.44,0.23,mm,false
2,SSAT BR,fiducial,Fiducial,Fiducial,F4-AU,F4-AU,x,5334.28,0.23,mm,false
2,SSAT BR,fiducial,Fiducial,Fiducial,F4-AU,F4-AU,y,-592.0,0.23,mm,false
2,SSAT BR,fiducial,Fiducial,Fiducial,F4-AU,F4-AU,z,-6323.18,0.23,mm,false
2,SSAT BR,fiducial,Fiducial,Fiducial,F1-AU,F1-AU,x,5448.66,0.23,mm,false
2,SSAT BR,fiducial,Fiducial,Fiducial,F1-AU,F1-AU,y,0.0,0.23,mm,false
2,SSAT BR,fiducial,Fiducial,Fiducial,F1-AU,F1-AU,z,-7916.55,0.23,mm,false
2,SSAT BR,fiducial,Fiducial,Fiducial,E4-BU,E4-BU,x,9105.65,0.23,mm,false
2,SSAT BR,fiducial,Fiducial,Fiducial,E4-BU,E4-BU,y,-563.2,0.23,mm,false
2,SSAT BR,fiducial,Fiducial,Fiducial,E4-BU,E4-BU,z,-4310.81,0.23,mm,false
2,SSAT BR,fiducial,Fiducial,Fiducial,E3-BU,E3-BU,x,8740.22,0.23,mm,false
2,SSAT BR,fiducial,Fiducial,Fiducial,E3-BU,E3-BU,y,-0.57,0.23,mm,false
2,SSAT BR,fiducial,Fiducial,Fiducial,E3-BU,E3-BU,z,-3998.4,0.23,mm,false
2,SSAT BR,fiducial,Fiducial,Fiducial,D4-BU,D4-BU,x,8785.16,0.23,mm,false
2,SSAT BR,fiducial,Fiducial,Fiducial,D4-BU,D4-BU,y,-563.12,0.23,mm,false
2,SSAT BR,fiducial,Fiducial,Fiducial,D4-BU,D4-BU,z,4633.19,0.23,mm,false
2,SSAT BR,fiducial,Fiducial,Fiducial,D3-BP,D3-BP,x,8449.44,0.23,mm,false
2,SSAT BR,fiducial,Fiducial,Fiducial,D3-BP,D3-BP,y,-1.25,0.23,mm,false
2,SSAT BR,fiducial,Fiducial,Fiducial,D3-BP,D3-BP,z,4303.36,0.23,mm,false
2,SSAT BR,fiducial,Fiducial,Fiducial,D1-BU,D1-BU,x,9142.65,0.23,mm,false
2,SSAT BR,fiducial,Fiducial,Fiducial,D1-BU,D1-BU,y,-0.78,0.23,mm,false
2,SSAT BR,fiducial,Fiducial,Fiducial,D1-BU,D1-BU,z,4991.47,0.23,mm,false
2,SSAT BR,fiducial,Fiducial,Fiducial,C4-AU,C4-AU,x,5332.2,0.23,mm,false
2,SSAT BR,fiducial,Fiducial,Fiducial,C4-AU,C4-AU,y,-562.0,0.23,mm,false
2,SSAT BR,fiducial,Fiducial,Fiducial,C4-AU,C4-AU,z,6298.52,0.23,mm,false
2,SSAT BR,fiducial,Fiducial,Fiducial,C2-AU,C2-AU,x,5335.0,0.23,mm,false
2,SSAT BR,fiducial,Fiducial,Fiducial,C2-AU,C2-AU,y,564.41,0.23,mm,false
2,SSAT BR,fiducial,Fiducial,Fiducial,C2-AU,C2-AU,z,6297.43,0.23,mm,false
2,SSAT BR,fiducial,Fiducial,Fiducial,B4-AU,B4-AU,x,2705.71,0.23,mm,false
2,SSAT BR,fiducial,Fiducial,Fiducial,B4-AU,B4-AU,y,-518.9,0.23,mm,false
2,SSAT BR,fiducial,Fiducial,Fiducial,B4-AU,B4-AU,z,3700.09,0.23,mm,false
2,SSAT BR,fiducial,Fiducial,Fiducial,B3-AU,B3-AU,x,3133.52,0.23,mm,false
2,SSAT BR,fiducial,Fiducial,Fiducial,B3-AU,B3-AU,y,1.69,0.23,mm,false
2,SSAT BR,fiducial,Fiducial,Fiducial,B3-AU,B3-AU,z,3700.07,0.23,mm,false
2,SSAT BR,fiducial,Fiducial,Fiducial,B2-AU,B2-AU,x,2705.42,0.23,mm,false
2,SSAT BR,fiducial,Fiducial,Fiducial,B2-AU,B2-AU,y,521.14,0.23,mm,false
2,SSAT BR,fiducial,Fiducial,Fiducial,B2-AU,B2-AU,z,3699.2,0.23,mm,false
2,SSAT BR,fiducial,Fiducial,Fiducial,B1-AU,B1-AU,x,2143.8,0.23,mm,false
2,SSAT BR,fiducial,Fiducial,Fiducial,B1-AU,B1-AU,y,0.48,0.23,mm,false
2,SSAT BR,fiducial,Fiducial,Fiducial,B1-AU,B1-AU,z,3701.43,0.23,mm,false
2,SSAT BR,fiducial,Fiducial,Fiducial,A4-AU,A4-AU,x,2705.78,0.23,mm,false
2,SSAT BR,fiducial,Fiducial,Fiducial,A4-AU,A4-AU,y,-519.43,0.23,mm,false
2,SSAT BR,fiducial,Fiducial,Fiducial,A4-AU,A4-AU,z,-3700.44,0.23,mm,false
2,SSAT BR,fiducial,Fiducial,Fiducial,A3-AU,A3-AU,x,3133.05,0.23,mm,false
2,SSAT BR,fiducial,Fiducial,Fiducial,A3-AU,A3-AU,y,0.99,0.23,mm,false
2,SSAT BR,fiducial,Fiducial,Fiducial,A3-AU,A3-AU,z,-3700.19,0.23,mm,false
2,SSAT BR,fiducial,Fiducial,Fiducial,A2-AU,A2-AU,x,2705.13,0.23,mm,false
2,SSAT BR,fiducial,Fiducial,Fiducial,A2-AU,A2-AU,y,520.78,0.23,mm,false
2,SSAT BR,fiducial,Fiducial,Fiducial,A2-AU,A2-AU,z,-3700.9,0.23,mm,false
2,SSAT BR,fiducial,Fiducial,Fiducial,A1-AU,A1-AU,x,2143.55,0.23,mm,false
2,SSAT BR,fiducial,Fiducial,Fiducial,A1-AU,A1-AU,y,0.26,0.23,mm,false
2,SSAT BR,fiducial,Fiducial,Fiducial,A1-AU,A1-AU,z,-3700.48,0.23,mm,false
2,SSAT BR,fiducial,Fiducial,Fiducial,TFC02 P11-IOIS,TFC02 P11-IOIS,x,10289.82,0.23,mm,false
2,SSAT BR,fiducial,Fiducial,Fiducial,TFC02 P11-IOIS,TFC02 P11-IOIS,y,-1750.83,0.23,mm,false
2,SSAT BR,fiducial,Fiducial,Fiducial,TFC02 P11-IOIS,TFC02 P11-IOIS,z,-2155.69,0.23,mm,false
2,SSAT BR,fiducial,Fiducial,Fiducial,S04 Added fiducial.1,S04 Added fiducial.1,x,10655.27,0.23,mm,false
2,SSAT BR,fiducial,Fiducial,Fiducial,S04 Added fiducial.1,S04 Added fiducial.1,y,-550.45,0.23,mm,false
2,SSAT BR,fiducial,Fiducial,Fiducial,S04 Added fiducial.1,S04 Added fiducial.1,z,3394.9,0.23,mm,false
2,SSAT BR,fiducial,ILIS +1 side,ILIS +1 side,p1,p1,x,2169.81,,mm,false
2,SSAT BR,fiducial,ILIS +1 side,ILIS +1 side,p1,p1,y,381.58,,mm,false
2,SSAT BR,fiducial,ILIS +1 side,ILIS +1 side,p1,p1,z,-3772.94,,mm,false
2,SSAT BR,fiducial,ILIS +1 side,ILIS +1 side,p2,p2,x,2172.29,,mm,false
2,SSAT BR,fiducial,ILIS +1 side,ILIS +1 side,p2,p2,y,382.26,,mm,false
2,SSAT BR,fiducial,ILIS +1 side,ILIS +1 side,p2,p2,z,-454.72,,mm,false
2,SSAT BR,fiducial,ILIS +1 side,ILIS +1 side,p3,p3,x,2177.9,,mm,false
2,SSAT BR,fiducial,ILIS +1 side,ILIS +1 side,p3,p3,y,383.0,,mm,false
2,SSAT BR,fiducial,ILIS +1 side,ILIS +1 side,p3,p3,z,-3518.69,,mm,false
2,SSAT BR,fiducial,ILIS +1 side,ILIS +1 side,p4,p4,x,2175.98,,mm,false
2,SSAT BR,fiducial,ILIS +1 side,ILIS +1 side,p4,p4,y,383.27,,mm,false
2,SSAT BR,fiducial,ILIS +1 side,ILIS +1 side,p4,p4,z,4016.74,,mm,false
2,SSAT BR,fiducial,ILIS +1 side,ILIS +1 side,p5,p5,x,2179.47,,mm,false
2,SSAT BR,fiducial,ILIS +1 side,ILIS +1 side,p5,p5,y,383.27,,mm,false
2,SSAT BR,fiducial,ILIS +1 side,ILIS +1 side,p5,p5,z,-3978.64,,mm,false
2,SSAT BR,fiducial,ILIS +1 side,ILIS +1 side,p6,p6,x,2177.64,,mm,false
2,SSAT BR,fiducial,ILIS +1 side,ILIS +1 side,p6,p6,y,383.29,,mm,false
2,SSAT BR,fiducial,ILIS +1 side,ILIS +1 side,p6,p6,z,-174.65,,mm,false
2,SSAT BR,fiducial,ILIS +1 side,ILIS +1 side,p7,p7,x,2178.71,,mm,false
2,SSAT BR,fiducial,ILIS +1 side,ILIS +1 side,p7,p7,y,383.37,,mm,false
2,SSAT BR,fiducial,ILIS +1 side,ILIS +1 side,p7,p7,z,258.42,,mm,false
2,SSAT BR,fiducial,ILIS +1 side,ILIS +1 side,p8,p8,x,2179.69,,mm,false
2,SSAT BR,fiducial,ILIS +1 side,ILIS +1 side,p8,p8,y,383.63,,mm,false
2,SSAT BR,fiducial,ILIS +1 side,ILIS +1 side,p8,p8,z,512.58,,mm,false
2,SSAT BR,fiducial,ILIS +1 side,ILIS +1 side,p9,p9,x,2186.24,,mm,false
2,SSAT BR,fiducial,ILIS +1 side,ILIS +1 side,p9,p9,y,384.48,,mm,false
2,SSAT BR,fiducial,ILIS +1 side,ILIS +1 side,p9,p9,z,-2801.46,,mm,false
2,SSAT BR,fiducial,ILIS +1 side,ILIS +1 side,p10,p10,x,2185.31,,mm,false
2,SSAT BR,fiducial,ILIS +1 side,ILIS +1 side,p10,p10,y,384.64,,mm,false
2,SSAT BR,fiducial,ILIS +1 side,ILIS +1 side,p10,p10,z,3446.44,,mm,false
2,SSAT BR,fiducial,ILIS +1 side,ILIS +1 side,p11,p11,x,2185.62,,mm,false
2,SSAT BR,fiducial,ILIS +1 side,ILIS +1 side,p11,p11,y,384.76,,mm,false
2,SSAT BR,fiducial,ILIS +1 side,ILIS +1 side,p11,p11,z,2697.11,,mm,false
2,SSAT BR,fiducial,ILIS +1 side,ILIS +1 side,p12,p12,x,2186.47,,mm,false
2,SSAT BR,fiducial,ILIS +1 side,ILIS +1 side,p12,p12,y,384.81,,mm,false
2,SSAT BR,fiducial,ILIS +1 side,ILIS +1 side,p12,p12,z,487.18,,mm,false
2,SSAT BR,fiducial,ILIS +1 side,ILIS +1 side,p13,p13,x,2188.92,,mm,false
2,SSAT BR,fiducial,ILIS +1 side,ILIS +1 side,p13,p13,y,384.88,,mm,false
2,SSAT BR,fiducial,ILIS +1 side,ILIS +1 side,p13,p13,z,-4015.81,,mm,false
2,SSAT BR,fiducial,ILIS +1 side,ILIS +1 side,p14,p14,x,2188.02,,mm,false
2,SSAT BR,fiducial,ILIS +1 side,ILIS +1 side,p14,p14,y,384.95,,mm,false
2,SSAT BR,fiducial,ILIS +1 side,ILIS +1 side,p14,p14,z,-509.61,,mm,false
2,SSAT BR,fiducial,ILIS +1 side,ILIS +1 side,p15,p15,x,2188.18,,mm,false
2,SSAT BR,fiducial,ILIS +1 side,ILIS +1 side,p15,p15,y,385.13,,mm,false
2,SSAT BR,fiducial,ILIS +1 side,ILIS +1 side,p15,p15,z,1157.06,,mm,false
2,SSAT BR,fiducial,ILIS +1 side,ILIS +1 side,p16,p16,x,2189.64,,mm,false
2,SSAT BR,fiducial,ILIS +1 side,ILIS +1 side,p16,p16,y,385.2,,mm,false
2,SSAT BR,fiducial,ILIS +1 side,ILIS +1 side,p16,p16,z,-2116.51,,mm,false
2,SSAT BR,fiducial,ILIS +1 side,ILIS +1 side,p17,p17,x,2190.01,,mm,false
2,SSAT BR,fiducial,ILIS +1 side,ILIS +1 side,p17,p17,y,385.54,,mm,false
2,SSAT BR,fiducial,ILIS +1 side,ILIS +1 side,p17,p17,z,3515.24,,mm,false
2,SSAT BR,fiducial,ILIS +1 side,ILIS +1 side,p18,p18,x,2192.5,,mm,false
2,SSAT BR,fiducial,ILIS +1 side,ILIS +1 side,p18,p18,y,385.6,,mm,false
2,SSAT BR,fiducial,ILIS +1 side,ILIS +1 side,p18,p18,z,-1807.34,,mm,false
2,SSAT BR,fiducial,ILIS +1 side,ILIS +1 side,p19,p19,x,2191.86,,mm,false
2,SSAT BR,fiducial,ILIS +1 side,ILIS +1 side,p19,p19,y,385.76,,mm,false
2,SSAT BR,fiducial,ILIS +1 side,ILIS +1 side,p19,p19,z,801.85,,mm,false
2,SSAT BR,fiducial,ILIS +1 side,ILIS +1 side,p20,p20,x,2192.9,,mm,false
2,SSAT BR,fiducial,ILIS +1 side,ILIS +1 side,p20,p20,y,385.8,,mm,false
2,SSAT BR,fiducial,ILIS +1 side,ILIS +1 side,p20,p20,z,-1191.16,,mm,false
2,SSAT BR,fiducial,ILIS +1 side,ILIS +1 side,p21,p21,x,2191.42,,mm,false
2,SSAT BR,fiducial,ILIS +1 side,ILIS +1 side,p21,p21,y,385.85,,mm,false
2,SSAT BR,fiducial,ILIS +1 side,ILIS +1 side,p21,p21,z,3984.63,,mm,false
2,SSAT BR,fiducial,ILIS +1 side,ILIS +1 side,p22,p22,x,2194.19,,mm,false
2,SSAT BR,fiducial,ILIS +1 side,ILIS +1 side,p22,p22,y,386.03,,mm,false
2,SSAT BR,fiducial,ILIS +1 side,ILIS +1 side,p22,p22,z,-3137.32,,mm,false
2,SSAT BR,fiducial,ILIS +1 side,ILIS +1 side,p23,p23,x,2195.16,,mm,false
2,SSAT BR,fiducial,ILIS +1 side,ILIS +1 side,p23,p23,y,386.18,,mm,false
2,SSAT BR,fiducial,ILIS +1 side,ILIS +1 side,p23,p23,z,-824.84,,mm,false
2,SSAT BR,fiducial,ILIS +1 side,ILIS +1 side,p24,p24,x,2195.03,,mm,false
2,SSAT BR,fiducial,ILIS +1 side,ILIS +1 side,p24,p24,y,386.44,,mm,false
2,SSAT BR,fiducial,ILIS +1 side,ILIS +1 side,p24,p24,z,3752.64,,mm,false
2,SSAT BR,fiducial,ILIS +1 side,ILIS +1 side,p25,p25,x,2195.47,,mm,false
2,SSAT BR,fiducial,ILIS +1 side,ILIS +1 side,p25,p25,y,386.49,,mm,false
2,SSAT BR,fiducial,ILIS +1 side,ILIS +1 side,p25,p25,z,1928.94,,mm,false
2,SSAT BR,fiducial,ILIS +1 side,ILIS +1 side,p26,p26,x,2199.07,,mm,false
2,SSAT BR,fiducial,ILIS +1 side,ILIS +1 side,p26,p26,y,386.73,,mm,false
2,SSAT BR,fiducial,ILIS +1 side,ILIS +1 side,p26,p26,z,-3442.51,,mm,false
2,SSAT BR,fiducial,ILIS +1 side,ILIS +1 side,p27,p27,x,2200.53,,mm,false
2,SSAT BR,fiducial,ILIS +1 side,ILIS +1 side,p27,p27,y,386.87,,mm,false
2,SSAT BR,fiducial,ILIS +1 side,ILIS +1 side,p27,p27,z,-4216.91,,mm,false
2,SSAT BR,fiducial,ILIS +1 side,ILIS +1 side,p28,p28,x,2199.36,,mm,false
2,SSAT BR,fiducial,ILIS +1 side,ILIS +1 side,p28,p28,y,387.1,,mm,false
2,SSAT BR,fiducial,ILIS +1 side,ILIS +1 side,p28,p28,z,2437.75,,mm,false
2,SSAT BR,fiducial,ILIS +1 side,ILIS +1 side,p29,p29,x,2198.73,,mm,false
2,SSAT BR,fiducial,ILIS +1 side,ILIS +1 side,p29,p29,y,387.13,,mm,false
2,SSAT BR,fiducial,ILIS +1 side,ILIS +1 side,p29,p29,z,3101.64,,mm,false
2,SSAT BR,fiducial,ILIS +1 side,ILIS +1 side,p30,p30,x,2200.35,,mm,false
2,SSAT BR,fiducial,ILIS +1 side,ILIS +1 side,p30,p30,y,387.32,,mm,false
2,SSAT BR,fiducial,ILIS +1 side,ILIS +1 side,p30,p30,z,2208.67,,mm,false
2,SSAT BR,fiducial,ILIS +1 side,ILIS +1 side,p31,p31,x,2202.66,,mm,false
2,SSAT BR,fiducial,ILIS +1 side,ILIS +1 side,p31,p31,y,387.69,,mm,false
2,SSAT BR,fiducial,ILIS +1 side,ILIS +1 side,p31,p31,z,1489.52,,mm,false
2,SSAT BR,fiducial,ILIS +1 side,ILIS +1 side,p32,p32,x,2202.4,,mm,false
2,SSAT BR,fiducial,ILIS +1 side,ILIS +1 side,p32,p32,y,387.79,,mm,false
2,SSAT BR,fiducial,ILIS +1 side,ILIS +1 side,p32,p32,z,4201.75,,mm,false
2,SSAT BR,fiducial,ILIS +1 side,ILIS +1 side,p33,p33,x,2207.38,,mm,false
2,SSAT BR,fiducial,ILIS +1 side,ILIS +1 side,p33,p33,y,388.36,,mm,false
2,SSAT BR,fiducial,ILIS +1 side,ILIS +1 side,p33,p33,z,-1428.31,,mm,false
2,SSAT BR,fiducial,ILIS +1 side,ILIS +1 side,p34,p34,x,2208.76,,mm,false
2,SSAT BR,fiducial,ILIS +1 side,ILIS +1 side,p34,p34,y,388.81,,mm,false
2,SSAT BR,fiducial,ILIS +1 side,ILIS +1 side,p34,p34,z,1514.4,,mm,false
2,SSAT BR,fiducial,ILIS +1 side,ILIS +1 side,p35,p35,x,2220.02,,mm,false
2,SSAT BR,fiducial,ILIS +1 side,ILIS +1 side,p35,p35,y,390.48,,mm,false
2,SSAT BR,fiducial,ILIS +1 side,ILIS +1 side,p35,p35,z,-2474.26,,mm,false
2,SSAT BR,fiducial,ILIS +1 side,ILIS +1 side,p36,p36,x,2221.28,,mm,false
2,SSAT BR,fiducial,ILIS +1 side,ILIS +1 side,p36,p36,y,390.71,,mm,false
2,SSAT BR,fiducial,ILIS +1 side,ILIS +1 side,p36,p36,z,-2525.82,,mm,false
2,SSAT BR,fiducial,ILIS +1 side,ILIS +1 side,p37,p37,x,2221.12,,mm,false
2,SSAT BR,fiducial,ILIS +1 side,ILIS +1 side,p37,p37,y,390.74,,mm,false
2,SSAT BR,fiducial,ILIS +1 side,ILIS +1 side,p37,p37,z,-1524.31,,mm,false
2,SSAT BR,fiducial,ILIS +1 side,ILIS +1 side,p38,p38,x,2240.38,,mm,false
2,SSAT BR,fiducial,ILIS +1 side,ILIS +1 side,p38,p38,y,394.52,,mm,false
2,SSAT BR,fiducial,ILIS +1 side,ILIS +1 side,p38,p38,z,4424.46,,mm,false
2,SSAT BR,fiducial,ILIS +1 side,ILIS +1 side,p39,p39,x,2249.84,,mm,false
2,SSAT BR,fiducial,ILIS +1 side,ILIS +1 side,p39,p39,y,396.06,,mm,false
2,SSAT BR,fiducial,ILIS +1 side,ILIS +1 side,p39,p39,z,2570.98,,mm,false
2,SSAT BR,fiducial,ILIS +1 side,ILIS +1 side,p40,p40,x,2267.03,,mm,false
2,SSAT BR,fiducial,ILIS +1 side,ILIS +1 side,p40,p40,y,398.65,,mm,false
2,SSAT BR,fiducial,ILIS +1 side,ILIS +1 side,p40,p40,z,-4482.4,,mm,false
2,SSAT BR,fiducial,ILIS +1 side,ILIS +1 side,p41,p41,x,2338.7,,mm,false
2,SSAT BR,fiducial,ILIS +1 side,ILIS +1 side,p41,p41,y,411.76,,mm,false
2,SSAT BR,fiducial,ILIS +1 side,ILIS +1 side,p41,p41,z,2455.69,,mm,false
2,SSAT BR,fiducial,ILIS +1 side,ILIS +1 side,p42,p42,x,2366.0,,mm,false
2,SSAT BR,fiducial,ILIS +1 side,ILIS +1 side,p42,p42,y,416.57,,mm,false
2,SSAT BR,fiducial,ILIS +1 side,ILIS +1 side,p42,p42,z,3980.31,,mm,false
2,SSAT BR,fiducial,ILIS +1 side,ILIS +1 side,p43,p43,x,2369.49,,mm,false
2,SSAT BR,fiducial,ILIS +1 side,ILIS +1 side,p43,p43,y,417.31,,mm,false
2,SSAT BR,fiducial,ILIS +1 side,ILIS +1 side,p43,p43,z,4012.61,,mm,false
2,SSAT BR,fiducial,ILIS +1 side,ILIS +1 side,p44,p44,x,2380.06,,mm,false
2,SSAT BR,fiducial,ILIS +1 side,ILIS +1 side,p44,p44,y,418.55,,mm,false
2,SSAT BR,fiducial,ILIS +1 side,ILIS +1 side,p44,p44,z,-4209.26,,mm,false
2,SSAT BR,fiducial,ILIS +1 side,ILIS +1 side,p45,p45,x,2379.06,,mm,false
2,SSAT BR,fiducial,ILIS +1 side,ILIS +1 side,p45,p45,y,418.82,,mm,false
2,SSAT BR,fiducial,ILIS +1 side,ILIS +1 side,p45,p45,z,3765.99,,mm,false
2,SSAT BR,fiducial,ILIS +1 side,ILIS +1 side,p46,p46,x,2383.86,,mm,false
2,SSAT BR,fiducial,ILIS +1 side,ILIS +1 side,p46,p46,y,419.31,,mm,false
2,SSAT BR,fiducial,ILIS +1 side,ILIS +1 side,p46,p46,z,-3981.82,,mm,false
2,SSAT BR,fiducial,ILIS +1 side,ILIS +1 side,p47,p47,x,2384.71,,mm,false
2,SSAT BR,fiducial,ILIS +1 side,ILIS +1 side,p47,p47,y,419.41,,mm,false
2,SSAT BR,fiducial,ILIS +1 side,ILIS +1 side,p47,p47,z,-3777.28,,mm,false
2,SSAT BR,fiducial,ILIS +1 side,ILIS +1 side,p48,p48,x,2386.56,,mm,false
2,SSAT BR,fiducial,ILIS +1 side,ILIS +1 side,p48,p48,y,420.17,,mm,false
2,SSAT BR,fiducial,ILIS +1 side,ILIS +1 side,p48,p48,z,3518.86,,mm,false
2,SSAT BR,fiducial,ILIS +1 side,ILIS +1 side,p49,p49,x,2392.39,,mm,false
2,SSAT BR,fiducial,ILIS +1 side,ILIS +1 side,p49,p49,y,420.85,,mm,false
2,SSAT BR,fiducial,ILIS +1 side,ILIS +1 side,p49,p49,z,-3515.84,,mm,false
2,SSAT BR,fiducial,ILIS +1 side,ILIS +1 side,p50,p50,x,2401.07,,mm,false
2,SSAT BR,fiducial,ILIS +1 side,ILIS +1 side,p50,p50,y,422.37,,mm,false
2,SSAT BR,fiducial,ILIS +1 side,ILIS +1 side,p50,p50,z,-1802.32,,mm,false
2,SSAT BR,fiducial,ILIS +1 side,ILIS +1 side,p51,p51,x,2412.19,,mm,false
2,SSAT BR,fiducial,ILIS +1 side,ILIS +1 side,p51,p51,y,424.67,,mm,false
2,SSAT BR,fiducial,ILIS +1 side,ILIS +1 side,p51,p51,z,2800.46,,mm,false
2,SSAT BR,fiducial,ILIS +1 side,ILIS +1 side,p52,p52,x,2415.99,,mm,false
2,SSAT BR,fiducial,ILIS +1 side,ILIS +1 side,p52,p52,y,424.9,,mm,false
2,SSAT BR,fiducial,ILIS +1 side,ILIS +1 side,p52,p52,z,-4484.98,,mm,false
2,SSAT BR,fiducial,ILIS +1 side,ILIS +1 side,p53,p53,x,2415.67,,mm,false
2,SSAT BR,fiducial,ILIS +1 side,ILIS +1 side,p53,p53,y,424.9,,mm,false
2,SSAT BR,fiducial,ILIS +1 side,ILIS +1 side,p53,p53,z,-4016.82,,mm,false
2,SSAT BR,fiducial,ILIS +1 side,ILIS +1 side,p54,p54,x,2416.55,,mm,false
2,SSAT BR,fiducial,ILIS +1 side,ILIS +1 side,p54,p54,y,425.09,,mm,false
2,SSAT BR,fiducial,ILIS +1 side,ILIS +1 side,p54,p54,z,-3419.49,,mm,false
2,SSAT BR,fiducial,ILIS +1 side,ILIS +1 side,p55,p55,x,2415.35,,mm,false
2,SSAT BR,fiducial,ILIS +1 side,ILIS +1 side,p55,p55,y,425.33,,mm,false
2,SSAT BR,fiducial,ILIS +1 side,ILIS +1 side,p55,p55,z,4449.55,,mm,false
2,SSAT BR,fiducial,ILIS +1 side,ILIS +1 side,p56,p56,x,2415.85,,mm,false
2,SSAT BR,fiducial,ILIS +1 side,ILIS +1 side,p56,p56,y,425.43,,mm,false
2,SSAT BR,fiducial,ILIS +1 side,ILIS +1 side,p56,p56,z,4215.22,,mm,false
2,SSAT BR,fiducial,ILIS +1 side,ILIS +1 side,p57,p57,x,2420.49,,mm,false
2,SSAT BR,fiducial,ILIS +1 side,ILIS +1 side,p57,p57,y,425.82,,mm,false
2,SSAT BR,fiducial,ILIS +1 side,ILIS +1 side,p57,p57,z,-2474.58,,mm,false
2,SSAT BR,fiducial,ILIS +1 side,ILIS +1 side,p58,p58,x,2424.23,,mm,false
2,SSAT BR,fiducial,ILIS +1 side,ILIS +1 side,p58,p58,y,426.78,,mm,false
2,SSAT BR,fiducial,ILIS +1 side,ILIS +1 side,p58,p58,z,1472.43,,mm,false
2,SSAT BR,fiducial,ILIS +1 side,ILIS +1 side,p59,p59,x,2430.05,,mm,false
2,SSAT BR,fiducial,ILIS +1 side,ILIS +1 side,p59,p59,y,427.68,,mm,false
2,SSAT BR,fiducial,ILIS +1 side,ILIS +1 side,p59,p59,z,266.01,,mm,false
2,SSAT BR,fiducial,ILIS +1 side,ILIS +1 side,p60,p60,x,2431.62,,mm,false
2,SSAT BR,fiducial,ILIS +1 side,ILIS +1 side,p60,p60,y,427.75,,mm,false
2,SSAT BR,fiducial,ILIS +1 side,ILIS +1 side,p60,p60,z,-2519.38,,mm,false
2,SSAT BR,fiducial,ILIS +1 side,ILIS +1 side,p61,p61,x,2430.31,,mm,false
2,SSAT BR,fiducial,ILIS +1 side,ILIS +1 side,p61,p61,y,427.78,,mm,false
2,SSAT BR,fiducial,ILIS +1 side,ILIS +1 side,p61,p61,z,785.94,,mm,false
2,SSAT BR,fiducial,ILIS +1 side,ILIS +1 side,p62,p62,x,2431.2,,mm,false
2,SSAT BR,fiducial,ILIS +1 side,ILIS +1 side,p62,p62,y,427.94,,mm,false
2,SSAT BR,fiducial,ILIS +1 side,ILIS +1 side,p62,p62,z,2219.32,,mm,false
2,SSAT BR,fiducial,ILIS +1 side,ILIS +1 side,p63,p63,x,2435.39,,mm,false
2,SSAT BR,fiducial,ILIS +1 side,ILIS +1 side,p63,p63,y,428.79,,mm,false
2,SSAT BR,fiducial,ILIS +1 side,ILIS +1 side,p63,p63,z,1900.4,,mm,false
2,SSAT BR,fiducial,ILIS +1 side,ILIS +1 side,p64,p64,x,2437.41,,mm,false
2,SSAT BR,fiducial,ILIS +1 side,ILIS +1 side,p64,p64,y,428.81,,mm,false
2,SSAT BR,fiducial,ILIS +1 side,ILIS +1 side,p64,p64,z,-2093.58,,mm,false
2,SSAT BR,fiducial,ILIS +1 side,ILIS +1 side,p65,p65,x,2437.13,,mm,false
2,SSAT BR,fiducial,ILIS +1 side,ILIS +1 side,p65,p65,y,428.92,,mm,false
2,SSAT BR,fiducial,ILIS +1 side,ILIS +1 side,p65,p65,z,-473.2,,mm,false
2,SSAT BR,fiducial,ILIS +1 side,ILIS +1 side,p66,p66,x,2440.48,,mm,false
2,SSAT BR,fiducial,ILIS +1 side,ILIS +1 side,p66,p66,y,429.32,,mm,false
2,SSAT BR,fiducial,ILIS +1 side,ILIS +1 side,p66,p66,z,-2787.16,,mm,false
2,SSAT BR,fiducial,ILIS +1 side,ILIS +1 side,p67,p67,x,2446.97,,mm,false
2,SSAT BR,fiducial,ILIS +1 side,ILIS +1 side,p67,p67,y,430.55,,mm,false
2,SSAT BR,fiducial,ILIS +1 side,ILIS +1 side,p67,p67,z,-1446.89,,mm,false
2,SSAT BR,fiducial,ILIS +1 side,ILIS +1 side,p68,p68,x,2447.06,,mm,false
2,SSAT BR,fiducial,ILIS +1 side,ILIS +1 side,p68,p68,y,430.62,,mm,false
2,SSAT BR,fiducial,ILIS +1 side,ILIS +1 side,p68,p68,z,-518.83,,mm,false
2,SSAT BR,fiducial,ILIS +1 side,ILIS +1 side,p69,p69,x,2451.37,,mm,false
2,SSAT BR,fiducial,ILIS +1 side,ILIS +1 side,p69,p69,y,431.54,,mm,false
2,SSAT BR,fiducial,ILIS +1 side,ILIS +1 side,p69,p69,z,536.46,,mm,false
2,SSAT BR,fiducial,ILIS +1 side,ILIS +1 side,p70,p70,x,2451.86,,mm,false
2,SSAT BR,fiducial,ILIS +1 side,ILIS +1 side,p70,p70,y,431.57,,mm,false
2,SSAT BR,fiducial,ILIS +1 side,ILIS +1 side,p70,p70,z,485.2,,mm,false
2,SSAT BR,fiducial,ILIS +1 side,ILIS +1 side,p71,p71,x,2458.06,,mm,false
2,SSAT BR,fiducial,ILIS +1 side,ILIS +1 side,p71,p71,y,432.72,,mm,false
2,SSAT BR,fiducial,ILIS +1 side,ILIS +1 side,p71,p71,z,1522.71,,mm,false
2,SSAT BR,fiducial,ILIS +1 side,ILIS +1 side,p72,p72,x,2457.89,,mm,false
2,SSAT BR,fiducial,ILIS +1 side,ILIS +1 side,p72,p72,y,432.82,,mm,false
2,SSAT BR,fiducial,ILIS +1 side,ILIS +1 side,p72,p72,z,3473.19,,mm,false
2,SSAT BR,fiducial,ILIS +1 side,ILIS +1 side,p73,p73,x,2466.63,,mm,false
2,SSAT BR,fiducial,ILIS +1 side,ILIS +1 side,p73,p73,y,434.04,,mm,false
2,SSAT BR,fiducial,ILIS +1 side,ILIS +1 side,p73,p73,z,-820.13,,mm,false
2,SSAT BR,fiducial,ILIS +1 side,ILIS +1 side,p74,p74,x,2467.46,,mm,false
2,SSAT BR,fiducial,ILIS +1 side,ILIS +1 side,p74,p74,y,434.22,,mm,false
2,SSAT BR,fiducial,ILIS +1 side,ILIS +1 side,p74,p74,z,-1529.56,,mm,false
2,SSAT BR,fiducial,ILIS +1 side,ILIS +1 side,p75,p75,x,2478.59,,mm,false
2,SSAT BR,fiducial,ILIS +1 side,ILIS +1 side,p75,p75,y,436.08,,mm,false
2,SSAT BR,fiducial,ILIS +1 side,ILIS +1 side,p75,p75,z,-3149.19,,mm,false
2,SSAT BR,fiducial,ILIS +1 side,ILIS +1 side,p76,p76,x,2478.39,,mm,false
2,SSAT BR,fiducial,ILIS +1 side,ILIS +1 side,p76,p76,y,436.21,,mm,false
2,SSAT BR,fiducial,ILIS +1 side,ILIS +1 side,p76,p76,z,1181.35,,mm,false
2,SSAT BR,fiducial,ILIS +1 side,ILIS +1 side,p77,p77,x,2478.67,,mm,false
2,SSAT BR,fiducial,ILIS +1 side,ILIS +1 side,p77,p77,y,436.42,,mm,false
2,SSAT BR,fiducial,ILIS +1 side,ILIS +1 side,p77,p77,z,3179.92,,mm,false
2,SSAT BR,fiducial,ILIS +1 side,ILIS +1 side,p78,p78,x,2485.42,,mm,false
2,SSAT BR,fiducial,ILIS +1 side,ILIS +1 side,p78,p78,y,437.34,,mm,false
2,SSAT BR,fiducial,ILIS +1 side,ILIS +1 side,p78,p78,z,-1209.15,,mm,false
2,SSAT BR,fiducial,ILIS +1 side,ILIS +1 side,p79,p79,x,2496.99,,mm,false
2,SSAT BR,fiducial,ILIS +1 side,ILIS +1 side,p79,p79,y,439.43,,mm,false
2,SSAT BR,fiducial,ILIS +1 side,ILIS +1 side,p79,p79,z,-261.38,,mm,false
2,SSAT BR,fiducial,ILIS +1 side,ILIS +1 side,p80,p80,x,2571.63,,mm,false
2,SSAT BR,fiducial,ILIS +1 side,ILIS +1 side,p80,p80,y,452.33,,mm,false
2,SSAT BR,fiducial,ILIS +1 side,ILIS +1 side,p80,p80,z,-4198.8,,mm,false
2,SSAT BR,fiducial,ILIS +1 side,ILIS +1 side,p81,p81,x,2569.16,,mm,false
2,SSAT BR,fiducial,ILIS +1 side,ILIS +1 side,p81,p81,y,452.36,,mm,false
2,SSAT BR,fiducial,ILIS +1 side,ILIS +1 side,p81,p81,z,3518.91,,mm,false
2,SSAT BR,fiducial,ILIS +1 side,ILIS +1 side,p82,p82,x,2572.41,,mm,false
2,SSAT BR,fiducial,ILIS +1 side,ILIS +1 side,p82,p82,y,452.54,,mm,false
2,SSAT BR,fiducial,ILIS +1 side,ILIS +1 side,p82,p82,z,-3979.48,,mm,false
2,SSAT BR,fiducial,ILIS +1 side,ILIS +1 side,p83,p83,x,2573.04,,mm,false
2,SSAT BR,fiducial,ILIS +1 side,ILIS +1 side,p83,p83,y,452.61,,mm,false
2,SSAT BR,fiducial,ILIS +1 side,ILIS +1 side,p83,p83,z,-4478.32,,mm,false
2,SSAT BR,fiducial,ILIS +1 side,ILIS +1 side,p84,p84,x,2573.96,,mm,false
2,SSAT BR,fiducial,ILIS +1 side,ILIS +1 side,p84,p84,y,453.18,,mm,false
2,SSAT BR,fiducial,ILIS +1 side,ILIS +1 side,p84,p84,z,3766.5,,mm,false
2,SSAT BR,fiducial,ILIS +1 side,ILIS +1 side,p85,p85,x,2574.18,,mm,false
2,SSAT BR,fiducial,ILIS +1 side,ILIS +1 side,p85,p85,y,453.19,,mm,false
2,SSAT BR,fiducial,ILIS +1 side,ILIS +1 side,p85,p85,z,2532.4,,mm,false
2,SSAT BR,fiducial,ILIS +1 side,ILIS +1 side,p86,p86,x,2575.55,,mm,false
2,SSAT BR,fiducial,ILIS +1 side,ILIS +1 side,p86,p86,y,453.58,,mm,false
2,SSAT BR,fiducial,ILIS +1 side,ILIS +1 side,p86,p86,z,4013.63,,mm,false
2,SSAT BR,fiducial,ILIS +1 side,ILIS +1 side,p87,p87,x,2578.94,,mm,false
2,SSAT BR,fiducial,ILIS +1 side,ILIS +1 side,p87,p87,y,453.64,,mm,false
2,SSAT BR,fiducial,ILIS +1 side,ILIS +1 side,p87,p87,z,-4015.86,,mm,false
2,SSAT BR,fiducial,ILIS +1 side,ILIS +1 side,p88,p88,x,2581.46,,mm,false
2,SSAT BR,fiducial,ILIS +1 side,ILIS +1 side,p88,p88,y,454.11,,mm,false
2,SSAT BR,fiducial,ILIS +1 side,ILIS +1 side,p88,p88,z,-3747.63,,mm,false
2,SSAT BR,fiducial,ILIS +1 side,ILIS +1 side,p89,p89,x,2582.54,,mm,false
2,SSAT BR,fiducial,ILIS +1 side,ILIS +1 side,p89,p89,y,454.32,,mm,false
2,SSAT BR,fiducial,ILIS +1 side,ILIS +1 side,p89,p89,z,-3517.94,,mm,false
2,SSAT BR,fiducial,ILIS +1 side,ILIS +1 side,p90,p90,x,2580.49,,mm,false
2,SSAT BR,fiducial,ILIS +1 side,ILIS +1 side,p90,p90,y,454.43,,mm,false
2,SSAT BR,fiducial,ILIS +1 side,ILIS +1 side,p90,p90,z,4223.54,,mm,false
2,SSAT BR,fiducial,ILIS +1 side,ILIS +1 side,p91,p91,x,2581.71,,mm,false
2,SSAT BR,fiducial,ILIS +1 side,ILIS +1 side,p91,p91,y,454.58,,mm,false
2,SSAT BR,fiducial,ILIS +1 side,ILIS +1 side,p91,p91,z,3980.01,,mm,false
2,SSAT BR,fiducial,ILIS +1 side,ILIS +1 side,p92,p92,x,2588.52,,mm,false
2,SSAT BR,fiducial,ILIS +1 side,ILIS +1 side,p92,p92,y,455.86,,mm,false
2,SSAT BR,fiducial,ILIS +1 side,ILIS +1 side,p92,p92,z,4461.7,,mm,false
2,SSAT BR,fiducial,ILIS +1 side,ILIS +1 side,p93,p93,x,2613.81,,mm,false
2,SSAT BR,fiducial,ILIS +1 side,ILIS +1 side,p93,p93,y,459.81,,mm,false
2,SSAT BR,fiducial,ILIS +1 side,ILIS +1 side,p93,p93,z,-3514.32,,mm,false
2,SSAT BR,fiducial,ILIS +1 side,ILIS +1 side,p94,p94,x,2611.55,,mm,false
2,SSAT BR,fiducial,ILIS +1 side,ILIS +1 side,p94,p94,y,459.85,,mm,false
2,SSAT BR,fiducial,ILIS +1 side,ILIS +1 side,p94,p94,z,3963.46,,mm,false
2,SSAT BR,fiducial,ILIS +1 side,ILIS +1 side,p95,p95,x,2613.6,,mm,false
2,SSAT BR,fiducial,ILIS +1 side,ILIS +1 side,p95,p95,y,460.23,,mm,false
2,SSAT BR,fiducial,ILIS +1 side,ILIS +1 side,p95,p95,z,4472.06,,mm,false
2,SSAT BR,fiducial,ILIS +1 side,ILIS +1 side,p96,p96,x,2614.75,,mm,false
2,SSAT BR,fiducial,ILIS +1 side,ILIS +1 side,p96,p96,y,460.34,,mm,false
2,SSAT BR,fiducial,ILIS +1 side,ILIS +1 side,p96,p96,z,3805.0,,mm,false
2,SSAT BR,fiducial,ILIS +1 side,ILIS +1 side,p97,p97,x,2616.94,,mm,false
2,SSAT BR,fiducial,ILIS +1 side,ILIS +1 side,p97,p97,y,460.37,,mm,false
2,SSAT BR,fiducial,ILIS +1 side,ILIS +1 side,p97,p97,z,-3745.64,,mm,false
2,SSAT BR,fiducial,ILIS +1 side,ILIS +1 side,p98,p98,x,2617.46,,mm,false
2,SSAT BR,fiducial,ILIS +1 side,ILIS +1 side,p98,p98,y,460.4,,mm,false
2,SSAT BR,fiducial,ILIS +1 side,ILIS +1 side,p98,p98,z,-4249.65,,mm,false
2,SSAT BR,fiducial,ILIS +1 side,ILIS +1 side,p99,p99,x,2618.05,,mm,false
2,SSAT BR,fiducial,ILIS +1 side,ILIS +1 side,p99,p99,y,460.48,,mm,false
2,SSAT BR,fiducial,ILIS +1 side,ILIS +1 side,p99,p99,z,-4446.74,,mm,false
2,SSAT BR,fiducial,ILIS +1 side,ILIS +1 side,p100,p100,x,2616.33,,mm,false
2,SSAT BR,fiducial,ILIS +1 side,ILIS +1 side,p100,p100,y,460.65,,mm,false
2,SSAT BR,fiducial,ILIS +1 side,ILIS +1 side,p100,p100,z,4013.99,,mm,false
2,SSAT BR,fiducial,ILIS +1 side,ILIS +1 side,p101,p101,x,2622.55,,mm,false
2,SSAT BR,fiducial,ILIS +1 side,ILIS +1 side,p101,p101,y,461.32,,mm,false
2,SSAT BR,fiducial,ILIS +1 side,ILIS +1 side,p101,p101,z,-3975.04,,mm,false
2,SSAT BR,fiducial,ILIS +1 side,ILIS +1 side,p102,p102,x,2621.69,,mm,false
2,SSAT BR,fiducial,ILIS +1 side,ILIS +1 side,p102,p102,y,461.64,,mm,false
2,SSAT BR,fiducial,ILIS +1 side,ILIS +1 side,p102,p102,z,4268.28,,mm,false
2,SSAT BR,fiducial,ILIS +1 side,ILIS +1 side,p103,p103,x,2624.8,,mm,false
2,SSAT BR,fiducial,ILIS +1 side,ILIS +1 side,p103,p103,y,462.03,,mm,false
2,SSAT BR,fiducial,ILIS +1 side,ILIS +1 side,p103,p103,z,3515.83,,mm,false
2,SSAT BR,fiducial,ILIS +1 side,ILIS +1 side,p104,p104,x,2631.7,,mm,false
2,SSAT BR,fiducial,ILIS +1 side,ILIS +1 side,p104,p104,y,462.96,,mm,false
2,SSAT BR,fiducial,ILIS +1 side,ILIS +1 side,p104,p104,z,-4020.68,,mm,false
2,SSAT BR,fiducial,ILIS +1 side,ILIS +1 side,p105,p105,x,2658.86,,mm,false
2,SSAT BR,fiducial,ILIS +1 side,ILIS +1 side,p105,p105,y,468.25,,mm,false
2,SSAT BR,fiducial,ILIS +1 side,ILIS +1 side,p105,p105,z,3461.57,,mm,false
2,SSAT BR,fiducial,ILIS +1 side,ILIS +1 side,p106,p106,x,2675.46,,mm,false
2,SSAT BR,fiducial,ILIS +1 side,ILIS +1 side,p106,p106,y,471.02,,mm,false
2,SSAT BR,fiducial,ILIS +1 side,ILIS +1 side,p106,p106,z,2794.95,,mm,false
2,SSAT BR,fiducial,ILIS +1 side,ILIS +1 side,p107,p107,x,2693.15,,mm,false
2,SSAT BR,fiducial,ILIS +1 side,ILIS +1 side,p107,p107,y,474.04,,mm,false
2,SSAT BR,fiducial,ILIS +1 side,ILIS +1 side,p107,p107,z,782.2,,mm,false
2,SSAT BR,fiducial,ILIS +1 side,ILIS +1 side,p108,p108,x,2702.99,,mm,false
2,SSAT BR,fiducial,ILIS +1 side,ILIS +1 side,p108,p108,y,475.91,,mm,false
2,SSAT BR,fiducial,ILIS +1 side,ILIS +1 side,p108,p108,z,2458.1,,mm,false
2,SSAT BR,fiducial,ILIS +1 side,ILIS +1 side,p109,p109,x,2707.16,,mm,false
2,SSAT BR,fiducial,ILIS +1 side,ILIS +1 side,p109,p109,y,476.56,,mm,false
2,SSAT BR,fiducial,ILIS +1 side,ILIS +1 side,p109,p109,z,2212.24,,mm,false
2,SSAT BR,fiducial,ILIS +1 side,ILIS +1 side,p110,p110,x,2707.28,,mm,false
2,SSAT BR,fiducial,ILIS +1 side,ILIS +1 side,p110,p110,y,476.57,,mm,false
2,SSAT BR,fiducial,ILIS +1 side,ILIS +1 side,p110,p110,z,3214.78,,mm,false
2,SSAT BR,fiducial,ILIS +1 side,ILIS +1 side,p111,p111,x,2708.14,,mm,false
2,SSAT BR,fiducial,ILIS +1 side,ILIS +1 side,p111,p111,y,476.81,,mm,false
2,SSAT BR,fiducial,ILIS +1 side,ILIS +1 side,p111,p111,z,3214.74,,mm,false
2,SSAT BR,fiducial,ILIS +1 side,ILIS +1 side,p112,p112,x,2717.87,,mm,false
2,SSAT BR,fiducial,ILIS +1 side,ILIS +1 side,p112,p112,y,478.49,,mm,false
2,SSAT BR,fiducial,ILIS +1 side,ILIS +1 side,p112,p112,z,1915.22,,mm,false
2,SSAT BR,fiducial,ILIS +1 side,ILIS +1 side,p113,p113,x,2721.34,,mm,false
2,SSAT BR,fiducial,ILIS +1 side,ILIS +1 side,p113,p113,y,478.91,,mm,false
2,SSAT BR,fiducial,ILIS +1 side,ILIS +1 side,p113,p113,z,-1427.14,,mm,false
2,SSAT BR,fiducial,ILIS +1 side,ILIS +1 side,p114,p114,x,2731.06,,mm,false
2,SSAT BR,fiducial,ILIS +1 side,ILIS +1 side,p114,p114,y,480.53,,mm,false
2,SSAT BR,fiducial,ILIS +1 side,ILIS +1 side,p114,p114,z,-2516.04,,mm,false
2,SSAT BR,fiducial,ILIS +1 side,ILIS +1 side,p115,p115,x,2731.5,,mm,false
2,SSAT BR,fiducial,ILIS +1 side,ILIS +1 side,p115,p115,y,480.74,,mm,false
2,SSAT BR,fiducial,ILIS +1 side,ILIS +1 side,p115,p115,z,-826.81,,mm,false
2,SSAT BR,fiducial,ILIS +1 side,ILIS +1 side,p116,p116,x,2730.77,,mm,false
2,SSAT BR,fiducial,ILIS +1 side,ILIS +1 side,p116,p116,y,480.78,,mm,false
2,SSAT BR,fiducial,ILIS +1 side,ILIS +1 side,p116,p116,z,481.59,,mm,false
2,SSAT BR,fiducial,ILIS +1 side,ILIS +1 side,p117,p117,x,2731.5,,mm,false
2,SSAT BR,fiducial,ILIS +1 side,ILIS +1 side,p117,p117,y,480.87,,mm,false
2,SSAT BR,fiducial,ILIS +1 side,ILIS +1 side,p117,p117,z,1470.69,,mm,false
2,SSAT BR,fiducial,ILIS +1 side,ILIS +1 side,p118,p118,x,2737.1,,mm,false
2,SSAT BR,fiducial,ILIS +1 side,ILIS +1 side,p118,p118,y,481.61,,mm,false
2,SSAT BR,fiducial,ILIS +1 side,ILIS +1 side,p118,p118,z,-1815.12,,mm,false
2,SSAT BR,fiducial,ILIS +1 side,ILIS +1 side,p119,p119,x,2738.71,,mm,false
2,SSAT BR,fiducial,ILIS +1 side,ILIS +1 side,p119,p119,y,482.12,,mm,false
2,SSAT BR,fiducial,ILIS +1 side,ILIS +1 side,p119,p119,z,1178.73,,mm,false
2,SSAT BR,fiducial,ILIS +1 side,ILIS +1 side,p120,p120,x,2740.7,,mm,false
2,SSAT BR,fiducial,ILIS +1 side,ILIS +1 side,p120,p120,y,482.27,,mm,false
2,SSAT BR,fiducial,ILIS +1 side,ILIS +1 side,p120,p120,z,-2480.43,,mm,false
2,SSAT BR,fiducial,ILIS +1 side,ILIS +1 side,p121,p121,x,2741.38,,mm,false
2,SSAT BR,fiducial,ILIS +1 side,ILIS +1 side,p121,p121,y,482.29,,mm,false
2,SSAT BR,fiducial,ILIS +1 side,ILIS +1 side,p121,p121,z,-3431.96,,mm,false
2,SSAT BR,fiducial,ILIS +1 side,ILIS +1 side,p122,p122,x,2743.47,,mm,false
2,SSAT BR,fiducial,ILIS +1 side,ILIS +1 side,p122,p122,y,482.84,,mm,false
2,SSAT BR,fiducial,ILIS +1 side,ILIS +1 side,p122,p122,z,-1524.8,,mm,false
2,SSAT BR,fiducial,ILIS +1 side,ILIS +1 side,p123,p123,x,2743.73,,mm,false
2,SSAT BR,fiducial,ILIS +1 side,ILIS +1 side,p123,p123,y,482.94,,mm,false
2,SSAT BR,fiducial,ILIS +1 side,ILIS +1 side,p123,p123,z,-455.42,,mm,false
2,SSAT BR,fiducial,ILIS +1 side,ILIS +1 side,p124,p124,x,2744.56,,mm,false
2,SSAT BR,fiducial,ILIS +1 side,ILIS +1 side,p124,p124,y,483.23,,mm,false
2,SSAT BR,fiducial,ILIS +1 side,ILIS +1 side,p124,p124,z,536.5,,mm,false
2,SSAT BR,fiducial,ILIS +1 side,ILIS +1 side,p125,p125,x,2747.56,,mm,false
2,SSAT BR,fiducial,ILIS +1 side,ILIS +1 side,p125,p125,y,483.44,,mm,false
2,SSAT BR,fiducial,ILIS +1 side,ILIS +1 side,p125,p125,z,-2086.74,,mm,false
2,SSAT BR,fiducial,ILIS +1 side,ILIS +1 side,p126,p126,x,2750.43,,mm,false
2,SSAT BR,fiducial,ILIS +1 side,ILIS +1 side,p126,p126,y,484.18,,mm,false
2,SSAT BR,fiducial,ILIS +1 side,ILIS +1 side,p126,p126,z,1526.19,,mm,false
2,SSAT BR,fiducial,ILIS +1 side,ILIS +1 side,p127,p127,x,2756.01,,mm,false
2,SSAT BR,fiducial,ILIS +1 side,ILIS +1 side,p127,p127,y,484.89,,mm,false
2,SSAT BR,fiducial,ILIS +1 side,ILIS +1 side,p127,p127,z,-2799.37,,mm,false
2,SSAT BR,fiducial,ILIS +1 side,ILIS +1 side,p128,p128,x,2758.18,,mm,false
2,SSAT BR,fiducial,ILIS +1 side,ILIS +1 side,p128,p128,y,485.63,,mm,false
2,SSAT BR,fiducial,ILIS +1 side,ILIS +1 side,p128,p128,z,3978.3,,mm,false
2,SSAT BR,fiducial,ILIS +1 side,ILIS +1 side,p129,p129,x,2760.4,,mm,false
2,SSAT BR,fiducial,ILIS +1 side,ILIS +1 side,p129,p129,y,485.9,,mm,false
2,SSAT BR,fiducial,ILIS +1 side,ILIS +1 side,p129,p129,z,-513.66,,mm,false
2,SSAT BR,fiducial,ILIS +1 side,ILIS +1 side,p130,p130,x,2761.67,,mm,false
2,SSAT BR,fiducial,ILIS +1 side,ILIS +1 side,p130,p130,y,486.06,,mm,false
2,SSAT BR,fiducial,ILIS +1 side,ILIS +1 side,p130,p130,z,207.96,,mm,false
2,SSAT BR,fiducial,ILIS +1 side,ILIS +1 side,p131,p131,x,2765.45,,mm,false
2,SSAT BR,fiducial,ILIS +1 side,ILIS +1 side,p131,p131,y,486.58,,mm,false
2,SSAT BR,fiducial,ILIS +1 side,ILIS +1 side,p131,p131,z,-3151.18,,mm,false
2,SSAT BR,fiducial,ILIS +1 side,ILIS +1 side,p132,p132,x,2764.89,,mm,false
2,SSAT BR,fiducial,ILIS +1 side,ILIS +1 side,p132,p132,y,486.85,,mm,false
2,SSAT BR,fiducial,ILIS +1 side,ILIS +1 side,p132,p132,z,4469.71,,mm,false
2,SSAT BR,fiducial,ILIS +1 side,ILIS +1 side,p133,p133,x,2769.83,,mm,false
2,SSAT BR,fiducial,ILIS +1 side,ILIS +1 side,p133,p133,y,487.62,,mm,false
2,SSAT BR,fiducial,ILIS +1 side,ILIS +1 side,p133,p133,z,3520.02,,mm,false
2,SSAT BR,fiducial,ILIS +1 side,ILIS +1 side,p134,p134,x,2771.78,,mm,false
2,SSAT BR,fiducial,ILIS +1 side,ILIS +1 side,p134,p134,y,487.84,,mm,false
2,SSAT BR,fiducial,ILIS +1 side,ILIS +1 side,p134,p134,z,-257.15,,mm,false
2,SSAT BR,fiducial,ILIS +1 side,ILIS +1 side,p135,p135,x,2772.6,,mm,false
2,SSAT BR,fiducial,ILIS +1 side,ILIS +1 side,p135,p135,y,487.91,,mm,false
2,SSAT BR,fiducial,ILIS +1 side,ILIS +1 side,p135,p135,z,-1203.19,,mm,false
2,SSAT BR,fiducial,ILIS +1 side,ILIS +1 side,p136,p136,x,2775.45,,mm,false
2,SSAT BR,fiducial,ILIS +1 side,ILIS +1 side,p136,p136,y,488.62,,mm,false
2,SSAT BR,fiducial,ILIS +1 side,ILIS +1 side,p136,p136,z,4265.93,,mm,false
2,SSAT BR,fiducial,ILIS +1 side,ILIS +1 side,p137,p137,x,2780.66,,mm,false
2,SSAT BR,fiducial,ILIS +1 side,ILIS +1 side,p137,p137,y,489.18,,mm,false
2,SSAT BR,fiducial,ILIS +1 side,ILIS +1 side,p137,p137,z,-3514.86,,mm,false
2,SSAT BR,fiducial,ILIS +1 side,ILIS +1 side,p138,p138,x,2784.32,,mm,false
2,SSAT BR,fiducial,ILIS +1 side,ILIS +1 side,p138,p138,y,489.83,,mm,false
2,SSAT BR,fiducial,ILIS +1 side,ILIS +1 side,p138,p138,z,-4429.66,,mm,false
2,SSAT BR,fiducial,ILIS +1 side,ILIS +1 side,p139,p139,x,2789.88,,mm,false
2,SSAT BR,fiducial,ILIS +1 side,ILIS +1 side,p139,p139,y,491.18,,mm,false
2,SSAT BR,fiducial,ILIS +1 side,ILIS +1 side,p139,p139,z,2574.58,,mm,false
2,SSAT BR,fiducial,ILIS +1 side,ILIS +1 side,p140,p140,x,2793.56,,mm,false
2,SSAT BR,fiducial,ILIS +1 side,ILIS +1 side,p140,p140,y,491.47,,mm,false
2,SSAT BR,fiducial,ILIS +1 side,ILIS +1 side,p140,p140,z,-3979.62,,mm,false
2,SSAT BR,fiducial,ILIS +1 side,ILIS +1 side,p141,p141,x,2797.33,,mm,false
2,SSAT BR,fiducial,ILIS +1 side,ILIS +1 side,p141,p141,y,492.15,,mm,false
2,SSAT BR,fiducial,ILIS +1 side,ILIS +1 side,p141,p141,z,-3779.55,,mm,false
2,SSAT BR,fiducial,ILIS +1 side,ILIS +1 side,p142,p142,x,2796.64,,mm,false
2,SSAT BR,fiducial,ILIS +1 side,ILIS +1 side,p142,p142,y,492.36,,mm,false
2,SSAT BR,fiducial,ILIS +1 side,ILIS +1 side,p142,p142,z,3793.37,,mm,false
2,SSAT BR,fiducial,ILIS +1 side,ILIS +1 side,p143,p143,x,2798.09,,mm,false
2,SSAT BR,fiducial,ILIS +1 side,ILIS +1 side,p143,p143,y,492.65,,mm,false
2,SSAT BR,fiducial,ILIS +1 side,ILIS +1 side,p143,p143,z,4014.35,,mm,false
2,SSAT BR,fiducial,ILIS +1 side,ILIS +1 side,p144,p144,x,2802.02,,mm,false
2,SSAT BR,fiducial,ILIS +1 side,ILIS +1 side,p144,p144,y,492.91,,mm,false
2,SSAT BR,fiducial,ILIS +1 side,ILIS +1 side,p144,p144,z,-4222.51,,mm,false
2,SSAT BR,fiducial,ILIS +1 side,ILIS +1 side,p145,p145,x,2804.24,,mm,false
2,SSAT BR,fiducial,ILIS +1 side,ILIS +1 side,p145,p145,y,493.33,,mm,false
2,SSAT BR,fiducial,ILIS +1 side,ILIS +1 side,p145,p145,z,-4016.96,,mm,false
2,SSAT BR,fiducial,ILIS +1 side,ILIS +1 side,p146,p146,x,2957.03,,mm,false
2,SSAT BR,fiducial,ILIS +1 side,ILIS +1 side,p146,p146,y,520.26,,mm,false
2,SSAT BR,fiducial,ILIS +1 side,ILIS +1 side,p146,p146,z,-4470.49,,mm,false
2,SSAT BR,fiducial,ILIS +1 side,ILIS +1 side,p147,p147,x,2955.53,,mm,false
2,SSAT BR,fiducial,ILIS +1 side,ILIS +1 side,p147,p147,y,520.38,,mm,false
2,SSAT BR,fiducial,ILIS +1 side,ILIS +1 side,p147,p147,z,2446.98,,mm,false
2,SSAT BR,fiducial,ILIS +1 side,ILIS +1 side,p148,p148,x,2962.41,,mm,false
2,SSAT BR,fiducial,ILIS +1 side,ILIS +1 side,p148,p148,y,521.34,,mm,false
2,SSAT BR,fiducial,ILIS +1 side,ILIS +1 side,p148,p148,z,-2481.95,,mm,false
2,SSAT BR,fiducial,ILIS +1 side,ILIS +1 side,p149,p149,x,2972.41,,mm,false
2,SSAT BR,fiducial,ILIS +1 side,ILIS +1 side,p149,p149,y,523.39,,mm,false
2,SSAT BR,fiducial,ILIS +1 side,ILIS +1 side,p149,p149,z,2761.62,,mm,false
2,SSAT BR,fiducial,ILIS +1 side,ILIS +1 side,p150,p150,x,2973.86,,mm,false
2,SSAT BR,fiducial,ILIS +1 side,ILIS +1 side,p150,p150,y,523.59,,mm,false
2,SSAT BR,fiducial,ILIS +1 side,ILIS +1 side,p150,p150,z,3519.25,,mm,false
2,SSAT BR,fiducial,ILIS +1 side,ILIS +1 side,p151,p151,x,2975.82,,mm,false
2,SSAT BR,fiducial,ILIS +1 side,ILIS +1 side,p151,p151,y,523.93,,mm,false
2,SSAT BR,fiducial,ILIS +1 side,ILIS +1 side,p151,p151,z,4418.75,,mm,false
2,SSAT BR,fiducial,ILIS +1 side,ILIS +1 side,p152,p152,x,2976.09,,mm,false
2,SSAT BR,fiducial,ILIS +1 side,ILIS +1 side,p152,p152,y,523.98,,mm,false
2,SSAT BR,fiducial,ILIS +1 side,ILIS +1 side,p152,p152,z,535.44,,mm,false
2,SSAT BR,fiducial,ILIS +1 side,ILIS +1 side,p153,p153,x,2977.43,,mm,false
2,SSAT BR,fiducial,ILIS +1 side,ILIS +1 side,p153,p153,y,524.16,,mm,false
2,SSAT BR,fiducial,ILIS +1 side,ILIS +1 side,p153,p153,z,-227.99,,mm,false
2,SSAT BR,fiducial,ILIS +1 side,ILIS +1 side,p154,p154,x,2978.67,,mm,false
2,SSAT BR,fiducial,ILIS +1 side,ILIS +1 side,p154,p154,y,524.2,,mm,false
2,SSAT BR,fiducial,ILIS +1 side,ILIS +1 side,p154,p154,z,-2525.65,,mm,false
2,SSAT BR,fiducial,ILIS +1 side,ILIS +1 side,p155,p155,x,2979.68,,mm,false
2,SSAT BR,fiducial,ILIS +1 side,ILIS +1 side,p155,p155,y,524.43,,mm,false
2,SSAT BR,fiducial,ILIS +1 side,ILIS +1 side,p155,p155,z,-1523.23,,mm,false
2,SSAT BR,fiducial,ILIS +1 side,ILIS +1 side,p156,p156,x,2985.14,,mm,false
2,SSAT BR,fiducial,ILIS +1 side,ILIS +1 side,p156,p156,y,525.58,,mm,false
2,SSAT BR,fiducial,ILIS +1 side,ILIS +1 side,p156,p156,z,1510.25,,mm,false
2,SSAT BR,fiducial,ILIS +1 side,ILIS +1 side,p157,p157,x,2992.0,,mm,false
2,SSAT BR,fiducial,ILIS +1 side,ILIS +1 side,p157,p157,y,526.49,,mm,false
2,SSAT BR,fiducial,ILIS +1 side,ILIS +1 side,p157,p157,z,-3440.58,,mm,false
2,SSAT BR,fiducial,ILIS +1 side,ILIS +1 side,p158,p158,x,2994.34,,mm,false
2,SSAT BR,fiducial,ILIS +1 side,ILIS +1 side,p158,p158,y,526.79,,mm,false
2,SSAT BR,fiducial,ILIS +1 side,ILIS +1 side,p158,p158,z,-4206.5,,mm,false
2,SSAT BR,fiducial,ILIS +1 side,ILIS +1 side,p159,p159,x,2995.27,,mm,false
2,SSAT BR,fiducial,ILIS +1 side,ILIS +1 side,p159,p159,y,527.21,,mm,false
2,SSAT BR,fiducial,ILIS +1 side,ILIS +1 side,p159,p159,z,-2069.35,,mm,false
2,SSAT BR,fiducial,ILIS +1 side,ILIS +1 side,p160,p160,x,2995.23,,mm,false
2,SSAT BR,fiducial,ILIS +1 side,ILIS +1 side,p160,p160,y,527.42,,mm,false
2,SSAT BR,fiducial,ILIS +1 side,ILIS +1 side,p160,p160,z,3137.31,,mm,false
2,SSAT BR,fiducial,ILIS +1 side,ILIS +1 side,p161,p161,x,2997.1,,mm,false
2,SSAT BR,fiducial,ILIS +1 side,ILIS +1 side,p161,p161,y,527.64,,mm,false
2,SSAT BR,fiducial,ILIS +1 side,ILIS +1 side,p161,p161,z,3748.54,,mm,false
2,SSAT BR,fiducial,ILIS +1 side,ILIS +1 side,p162,p162,x,2997.02,,mm,false
2,SSAT BR,fiducial,ILIS +1 side,ILIS +1 side,p162,p162,y,527.64,,mm,false
2,SSAT BR,fiducial,ILIS +1 side,ILIS +1 side,p162,p162,z,2195.03,,mm,false
2,SSAT BR,fiducial,ILIS +1 side,ILIS +1 side,p163,p163,x,2998.9,,mm,false
2,SSAT BR,fiducial,ILIS +1 side,ILIS +1 side,p163,p163,y,527.74,,mm,false
2,SSAT BR,fiducial,ILIS +1 side,ILIS +1 side,p163,p163,z,-2794.81,,mm,false
2,SSAT BR,fiducial,ILIS +1 side,ILIS +1 side,p164,p164,x,3000.83,,mm,false
2,SSAT BR,fiducial,ILIS +1 side,ILIS +1 side,p164,p164,y,528.4,,mm,false
2,SSAT BR,fiducial,ILIS +1 side,ILIS +1 side,p164,p164,z,1923.23,,mm,false
2,SSAT BR,fiducial,ILIS +1 side,ILIS +1 side,p165,p165,x,3004.8,,mm,false
2,SSAT BR,fiducial,ILIS +1 side,ILIS +1 side,p165,p165,y,528.98,,mm,false
2,SSAT BR,fiducial,ILIS +1 side,ILIS +1 side,p165,p165,z,-510.09,,mm,false
2,SSAT BR,fiducial,ILIS +1 side,ILIS +1 side,p166,p166,x,3006.7,,mm,false
2,SSAT BR,fiducial,ILIS +1 side,ILIS +1 side,p166,p166,y,529.21,,mm,false
2,SSAT BR,fiducial,ILIS +1 side,ILIS +1 side,p166,p166,z,-3152.1,,mm,false
2,SSAT BR,fiducial,ILIS +1 side,ILIS +1 side,p167,p167,x,3007.64,,mm,false
2,SSAT BR,fiducial,ILIS +1 side,ILIS +1 side,p167,p167,y,529.32,,mm,false
2,SSAT BR,fiducial,ILIS +1 side,ILIS +1 side,p167,p167,z,-1808.36,,mm,false
2,SSAT BR,fiducial,ILIS +1 side,ILIS +1 side,p168,p168,x,3007.37,,mm,false
2,SSAT BR,fiducial,ILIS +1 side,ILIS +1 side,p168,p168,y,529.38,,mm,false
2,SSAT BR,fiducial,ILIS +1 side,ILIS +1 side,p168,p168,z,-1200.72,,mm,false
2,SSAT BR,fiducial,ILIS +1 side,ILIS +1 side,p169,p169,x,3007.54,,mm,false
2,SSAT BR,fiducial,ILIS +1 side,ILIS +1 side,p169,p169,y,529.56,,mm,false
2,SSAT BR,fiducial,ILIS +1 side,ILIS +1 side,p169,p169,z,2581.64,,mm,false
2,SSAT BR,fiducial,ILIS +1 side,ILIS +1 side,p170,p170,x,3010.32,,mm,false
2,SSAT BR,fiducial,ILIS +1 side,ILIS +1 side,p170,p170,y,529.69,,mm,false
2,SSAT BR,fiducial,ILIS +1 side,ILIS +1 side,p170,p170,z,-4018.39,,mm,false
2,SSAT BR,fiducial,ILIS +1 side,ILIS +1 side,p171,p171,x,3009.22,,mm,false
2,SSAT BR,fiducial,ILIS +1 side,ILIS +1 side,p171,p171,y,529.77,,mm,false
2,SSAT BR,fiducial,ILIS +1 side,ILIS +1 side,p171,p171,z,1147.54,,mm,false
2,SSAT BR,fiducial,ILIS +1 side,ILIS +1 side,p172,p172,x,3011.83,,mm,false
2,SSAT BR,fiducial,ILIS +1 side,ILIS +1 side,p172,p172,y,530.13,,mm,false
2,SSAT BR,fiducial,ILIS +1 side,ILIS +1 side,p172,p172,z,-1409.79,,mm,false
2,SSAT BR,fiducial,ILIS +1 side,ILIS +1 side,p173,p173,x,3011.94,,mm,false
2,SSAT BR,fiducial,ILIS +1 side,ILIS +1 side,p173,p173,y,530.26,,mm,false
2,SSAT BR,fiducial,ILIS +1 side,ILIS +1 side,p173,p173,z,489.93,,mm,false
2,SSAT BR,fiducial,ILIS +1 side,ILIS +1 side,p174,p174,x,3012.8,,mm,false
2,SSAT BR,fiducial,ILIS +1 side,ILIS +1 side,p174,p174,y,530.36,,mm,false
2,SSAT BR,fiducial,ILIS +1 side,ILIS +1 side,p174,p174,z,-443.44,,mm,false
2,SSAT BR,fiducial,ILIS +1 side,ILIS +1 side,p175,p175,x,3013.16,,mm,false
2,SSAT BR,fiducial,ILIS +1 side,ILIS +1 side,p175,p175,y,530.5,,mm,false
2,SSAT BR,fiducial,ILIS +1 side,ILIS +1 side,p175,p175,z,802.18,,mm,false
2,SSAT BR,fiducial,ILIS +1 side,ILIS +1 side,p176,p176,x,3015.09,,mm,false
2,SSAT BR,fiducial,ILIS +1 side,ILIS +1 side,p176,p176,y,530.57,,mm,false
2,SSAT BR,fiducial,ILIS +1 side,ILIS +1 side,p176,p176,z,-3521.75,,mm,false
2,SSAT BR,fiducial,ILIS +1 side,ILIS +1 side,p177,p177,x,3015.26,,mm,false
2,SSAT BR,fiducial,ILIS +1 side,ILIS +1 side,p177,p177,y,530.58,,mm,false
2,SSAT BR,fiducial,ILIS +1 side,ILIS +1 side,p177,p177,z,-3751.95,,mm,false
2,SSAT BR,fiducial,ILIS +1 side,ILIS +1 side,p178,p178,x,3016.13,,mm,false
2,SSAT BR,fiducial,ILIS +1 side,ILIS +1 side,p178,p178,y,530.7,,mm,false
2,SSAT BR,fiducial,ILIS +1 side,ILIS +1 side,p178,p178,z,-3976.74,,mm,false
2,SSAT BR,fiducial,ILIS +1 side,ILIS +1 side,p179,p179,x,3016.26,,mm,false
2,SSAT BR,fiducial,ILIS +1 side,ILIS +1 side,p179,p179,y,531.15,,mm,false
2,SSAT BR,fiducial,ILIS +1 side,ILIS +1 side,p179,p179,z,3424.42,,mm,false
2,SSAT BR,fiducial,ILIS +1 side,ILIS +1 side,p180,p180,x,3017.54,,mm,false
2,SSAT BR,fiducial,ILIS +1 side,ILIS +1 side,p180,p180,y,531.29,,mm,false
2,SSAT BR,fiducial,ILIS +1 side,ILIS +1 side,p180,p180,z,4016.27,,mm,false
2,SSAT BR,fiducial,ILIS +1 side,ILIS +1 side,p181,p181,x,3017.52,,mm,false
2,SSAT BR,fiducial,ILIS +1 side,ILIS +1 side,p181,p181,y,531.32,,mm,false
2,SSAT BR,fiducial,ILIS +1 side,ILIS +1 side,p181,p181,z,3971.25,,mm,false
2,SSAT BR,fiducial,ILIS +1 side,ILIS +1 side,p182,p182,x,3018.54,,mm,false
2,SSAT BR,fiducial,ILIS +1 side,ILIS +1 side,p182,p182,y,531.35,,mm,false
2,SSAT BR,fiducial,ILIS +1 side,ILIS +1 side,p182,p182,z,-808.22,,mm,false
2,SSAT BR,fiducial,ILIS +1 side,ILIS +1 side,p183,p183,x,3021.11,,mm,false
2,SSAT BR,fiducial,ILIS +1 side,ILIS +1 side,p183,p183,y,531.91,,mm,false
2,SSAT BR,fiducial,ILIS +1 side,ILIS +1 side,p183,p183,z,273.64,,mm,false
2,SSAT BR,fiducial,ILIS +1 side,ILIS +1 side,p184,p184,x,3021.39,,mm,false
2,SSAT BR,fiducial,ILIS +1 side,ILIS +1 side,p184,p184,y,531.94,,mm,false
2,SSAT BR,fiducial,ILIS +1 side,ILIS +1 side,p184,p184,z,1448.78,,mm,false
2,SSAT BR,fiducial,ILIS +1 side,ILIS +1 side,p185,p185,x,3023.08,,mm,false
2,SSAT BR,fiducial,ILIS +1 side,ILIS +1 side,p185,p185,y,532.28,,mm,false
2,SSAT BR,fiducial,ILIS +1 side,ILIS +1 side,p185,p185,z,4231.7,,mm,false
2,SSAT BR,fiducial,ILIS -1 side,ILIS -1 side,p1,p1,x,3025.94,,mm,false
2,SSAT BR,fiducial,ILIS -1 side,ILIS -1 side,p1,p1,y,-532.61,,mm,false
2,SSAT BR,fiducial,ILIS -1 side,ILIS -1 side,p1,p1,z,255.41,,mm,false
2,SSAT BR,fiducial,ILIS -1 side,ILIS -1 side,p2,p2,x,3024.87,,mm,false
2,SSAT BR,fiducial,ILIS -1 side,ILIS -1 side,p2,p2,y,-532.47,,mm,false
2,SSAT BR,fiducial,ILIS -1 side,ILIS -1 side,p2,p2,z,-445.06,,mm,false
2,SSAT BR,fiducial,ILIS -1 side,ILIS -1 side,p3,p3,x,3024.68,,mm,false
2,SSAT BR,fiducial,ILIS -1 side,ILIS -1 side,p3,p3,y,-532.42,,mm,false
2,SSAT BR,fiducial,ILIS -1 side,ILIS -1 side,p3,p3,z,548.89,,mm,false
2,SSAT BR,fiducial,ILIS -1 side,ILIS -1 side,p4,p4,x,3022.93,,mm,false
2,SSAT BR,fiducial,ILIS -1 side,ILIS -1 side,p4,p4,y,-532.32,,mm,false
2,SSAT BR,fiducial,ILIS -1 side,ILIS -1 side,p4,p4,z,-3441.21,,mm,false
2,SSAT BR,fiducial,ILIS -1 side,ILIS -1 side,p5,p5,x,3021.53,,mm,false
2,SSAT BR,fiducial,ILIS -1 side,ILIS -1 side,p5,p5,y,-532.07,,mm,false
2,SSAT BR,fiducial,ILIS -1 side,ILIS -1 side,p5,p5,z,-1447.94,,mm,false
2,SSAT BR,fiducial,ILIS -1 side,ILIS -1 side,p6,p6,x,3023.26,,mm,false
2,SSAT BR,fiducial,ILIS -1 side,ILIS -1 side,p6,p6,y,-532.06,,mm,false
2,SSAT BR,fiducial,ILIS -1 side,ILIS -1 side,p6,p6,z,2557.03,,mm,false
2,SSAT BR,fiducial,ILIS -1 side,ILIS -1 side,p7,p7,x,3021.53,,mm,false
2,SSAT BR,fiducial,ILIS -1 side,ILIS -1 side,p7,p7,y,-531.82,,mm,false
2,SSAT BR,fiducial,ILIS -1 side,ILIS -1 side,p7,p7,z,1548.69,,mm,false
2,SSAT BR,fiducial,ILIS -1 side,ILIS -1 side,p8,p8,x,3019.58,,mm,false
2,SSAT BR,fiducial,ILIS -1 side,ILIS -1 side,p8,p8,y,-531.78,,mm,false
2,SSAT BR,fiducial,ILIS -1 side,ILIS -1 side,p8,p8,z,-2051.79,,mm,false
2,SSAT BR,fiducial,ILIS -1 side,ILIS -1 side,p9,p9,x,3017.82,,mm,false
2,SSAT BR,fiducial,ILIS -1 side,ILIS -1 side,p9,p9,y,-531.4,,mm,false
2,SSAT BR,fiducial,ILIS -1 side,ILIS -1 side,p9,p9,z,-1208.47,,mm,false
2,SSAT BR,fiducial,ILIS -1 side,ILIS -1 side,p10,p10,x,3016.83,,mm,false
2,SSAT BR,fiducial,ILIS -1 side,ILIS -1 side,p10,p10,y,-531.26,,mm,false
2,SSAT BR,fiducial,ILIS -1 side,ILIS -1 side,p10,p10,z,-2791.7,,mm,false
2,SSAT BR,fiducial,ILIS -1 side,ILIS -1 side,p11,p11,x,3016.85,,mm,false
2,SSAT BR,fiducial,ILIS -1 side,ILIS -1 side,p11,p11,y,-531.26,,mm,false
2,SSAT BR,fiducial,ILIS -1 side,ILIS -1 side,p11,p11,z,-3169.01,,mm,false
2,SSAT BR,fiducial,ILIS -1 side,ILIS -1 side,p12,p12,x,3017.72,,mm,false
2,SSAT BR,fiducial,ILIS -1 side,ILIS -1 side,p12,p12,y,-531.13,,mm,false
2,SSAT BR,fiducial,ILIS -1 side,ILIS -1 side,p12,p12,z,1802.05,,mm,false
2,SSAT BR,fiducial,ILIS -1 side,ILIS -1 side,p13,p13,x,3017.37,,mm,false
2,SSAT BR,fiducial,ILIS -1 side,ILIS -1 side,p13,p13,y,-531.11,,mm,false
2,SSAT BR,fiducial,ILIS -1 side,ILIS -1 side,p13,p13,z,794.82,,mm,false
2,SSAT BR,fiducial,ILIS -1 side,ILIS -1 side,p14,p14,x,3016.42,,mm,false
2,SSAT BR,fiducial,ILIS -1 side,ILIS -1 side,p14,p14,y,-531.11,,mm,false
2,SSAT BR,fiducial,ILIS -1 side,ILIS -1 side,p14,p14,z,-793.1,,mm,false
2,SSAT BR,fiducial,ILIS -1 side,ILIS -1 side,p15,p15,x,3015.89,,mm,false
2,SSAT BR,fiducial,ILIS -1 side,ILIS -1 side,p15,p15,y,-531.1,,mm,false
2,SSAT BR,fiducial,ILIS -1 side,ILIS -1 side,p15,p15,z,-1796.85,,mm,false
2,SSAT BR,fiducial,ILIS -1 side,ILIS -1 side,p16,p16,x,3016.97,,mm,false
2,SSAT BR,fiducial,ILIS -1 side,ILIS -1 side,p16,p16,y,-531.06,,mm,false
2,SSAT BR,fiducial,ILIS -1 side,ILIS -1 side,p16,p16,z,-204.27,,mm,false
2,SSAT BR,fiducial,ILIS -1 side,ILIS -1 side,p17,p17,x,3016.73,,mm,false
2,SSAT BR,fiducial,ILIS -1 side,ILIS -1 side,p17,p17,y,-530.91,,mm,false
2,SSAT BR,fiducial,ILIS -1 side,ILIS -1 side,p17,p17,z,2854.53,,mm,false
2,SSAT BR,fiducial,ILIS -1 side,ILIS -1 side,p18,p18,x,3016.07,,mm,false
2,SSAT BR,fiducial,ILIS -1 side,ILIS -1 side,p18,p18,y,-530.8,,mm,false
2,SSAT BR,fiducial,ILIS -1 side,ILIS -1 side,p18,p18,z,4025.92,,mm,false
2,SSAT BR,fiducial,ILIS -1 side,ILIS -1 side,p19,p19,x,3013.93,,mm,false
2,SSAT BR,fiducial,ILIS -1 side,ILIS -1 side,p19,p19,y,-530.52,,mm,false
2,SSAT BR,fiducial,ILIS -1 side,ILIS -1 side,p19,p19,z,2447.18,,mm,false
2,SSAT BR,fiducial,ILIS -1 side,ILIS -1 side,p20,p20,x,3011.67,,mm,false
2,SSAT BR,fiducial,ILIS -1 side,ILIS -1 side,p20,p20,y,-530.32,,mm,false
2,SSAT BR,fiducial,ILIS -1 side,ILIS -1 side,p20,p20,z,-3967.54,,mm,false
2,SSAT BR,fiducial,ILIS -1 side,ILIS -1 side,p21,p21,x,3011.4,,mm,false
2,SSAT BR,fiducial,ILIS -1 side,ILIS -1 side,p21,p21,y,-529.96,,mm,false
2,SSAT BR,fiducial,ILIS -1 side,ILIS -1 side,p21,p21,z,3529.87,,mm,false
2,SSAT BR,fiducial,ILIS -1 side,ILIS -1 side,p22,p22,x,3011.25,,mm,false
2,SSAT BR,fiducial,ILIS -1 side,ILIS -1 side,p22,p22,y,-529.95,,mm,false
2,SSAT BR,fiducial,ILIS -1 side,ILIS -1 side,p22,p22,z,2192.77,,mm,false
2,SSAT BR,fiducial,ILIS -1 side,ILIS -1 side,p23,p23,x,3009.1,,mm,false
2,SSAT BR,fiducial,ILIS -1 side,ILIS -1 side,p23,p23,y,-529.93,,mm,false
2,SSAT BR,fiducial,ILIS -1 side,ILIS -1 side,p23,p23,z,-3524.97,,mm,false
2,SSAT BR,fiducial,ILIS -1 side,ILIS -1 side,p24,p24,x,3010.61,,mm,false
2,SSAT BR,fiducial,ILIS -1 side,ILIS -1 side,p24,p24,y,-529.85,,mm,false
2,SSAT BR,fiducial,ILIS -1 side,ILIS -1 side,p24,p24,z,3971.82,,mm,false
2,SSAT BR,fiducial,ILIS -1 side,ILIS -1 side,p25,p25,x,3010.18,,mm,false
2,SSAT BR,fiducial,ILIS -1 side,ILIS -1 side,p25,p25,y,-529.8,,mm,false
2,SSAT BR,fiducial,ILIS -1 side,ILIS -1 side,p25,p25,z,3759.68,,mm,false
2,SSAT BR,fiducial,ILIS -1 side,ILIS -1 side,p26,p26,x,3008.31,,mm,false
2,SSAT BR,fiducial,ILIS -1 side,ILIS -1 side,p26,p26,y,-529.75,,mm,false
2,SSAT BR,fiducial,ILIS -1 side,ILIS -1 side,p26,p26,z,-4233.55,,mm,false
2,SSAT BR,fiducial,ILIS -1 side,ILIS -1 side,p27,p27,x,3007.51,,mm,false
2,SSAT BR,fiducial,ILIS -1 side,ILIS -1 side,p27,p27,y,-529.58,,mm,false
2,SSAT BR,fiducial,ILIS -1 side,ILIS -1 side,p27,p27,z,-4028.11,,mm,false
2,SSAT BR,fiducial,ILIS -1 side,ILIS -1 side,p28,p28,x,3007.86,,mm,false
2,SSAT BR,fiducial,ILIS -1 side,ILIS -1 side,p28,p28,y,-529.32,,mm,false
2,SSAT BR,fiducial,ILIS -1 side,ILIS -1 side,p28,p28,z,3198.53,,mm,false
2,SSAT BR,fiducial,ILIS -1 side,ILIS -1 side,p29,p29,x,3007.34,,mm,false
2,SSAT BR,fiducial,ILIS -1 side,ILIS -1 side,p29,p29,y,-529.21,,mm,false
2,SSAT BR,fiducial,ILIS -1 side,ILIS -1 side,p29,p29,z,4248.49,,mm,false
2,SSAT BR,fiducial,ILIS -1 side,ILIS -1 side,p30,p30,x,3004.44,,mm,false
2,SSAT BR,fiducial,ILIS -1 side,ILIS -1 side,p30,p30,y,-529.07,,mm,false
2,SSAT BR,fiducial,ILIS -1 side,ILIS -1 side,p30,p30,z,-3745.24,,mm,false
2,SSAT BR,fiducial,ILIS -1 side,ILIS -1 side,p31,p31,x,3000.72,,mm,false
2,SSAT BR,fiducial,ILIS -1 side,ILIS -1 side,p31,p31,y,-528.08,,mm,false
2,SSAT BR,fiducial,ILIS -1 side,ILIS -1 side,p31,p31,z,3484.22,,mm,false
2,SSAT BR,fiducial,ILIS -1 side,ILIS -1 side,p32,p32,x,3000.12,,mm,false
2,SSAT BR,fiducial,ILIS -1 side,ILIS -1 side,p32,p32,y,-528.08,,mm,false
2,SSAT BR,fiducial,ILIS -1 side,ILIS -1 side,p32,p32,z,1205.56,,mm,false
2,SSAT BR,fiducial,ILIS -1 side,ILIS -1 side,p33,p33,x,2995.51,,mm,false
2,SSAT BR,fiducial,ILIS -1 side,ILIS -1 side,p33,p33,y,-527.21,,mm,false
2,SSAT BR,fiducial,ILIS -1 side,ILIS -1 side,p33,p33,z,1482.37,,mm,false
2,SSAT BR,fiducial,ILIS -1 side,ILIS -1 side,p34,p34,x,2985.72,,mm,false
2,SSAT BR,fiducial,ILIS -1 side,ILIS -1 side,p34,p34,y,-525.47,,mm,false
2,SSAT BR,fiducial,ILIS -1 side,ILIS -1 side,p34,p34,z,488.1,,mm,false
2,SSAT BR,fiducial,ILIS -1 side,ILIS -1 side,p35,p35,x,2981.47,,mm,false
2,SSAT BR,fiducial,ILIS -1 side,ILIS -1 side,p35,p35,y,-525.01,,mm,false
2,SSAT BR,fiducial,ILIS -1 side,ILIS -1 side,p35,p35,z,-1522.55,,mm,false
2,SSAT BR,fiducial,ILIS -1 side,ILIS -1 side,p36,p36,x,2977.65,,mm,false
2,SSAT BR,fiducial,ILIS -1 side,ILIS -1 side,p36,p36,y,-524.36,,mm,false
2,SSAT BR,fiducial,ILIS -1 side,ILIS -1 side,p36,p36,z,-2521.9,,mm,false
2,SSAT BR,fiducial,ILIS -1 side,ILIS -1 side,p37,p37,x,2977.19,,mm,false
2,SSAT BR,fiducial,ILIS -1 side,ILIS -1 side,p37,p37,y,-524.29,,mm,false
2,SSAT BR,fiducial,ILIS -1 side,ILIS -1 side,p37,p37,z,-2475.89,,mm,false
2,SSAT BR,fiducial,ILIS -1 side,ILIS -1 side,p38,p38,x,2979.07,,mm,false
2,SSAT BR,fiducial,ILIS -1 side,ILIS -1 side,p38,p38,y,-524.23,,mm,false
2,SSAT BR,fiducial,ILIS -1 side,ILIS -1 side,p38,p38,z,4445.54,,mm,false
2,SSAT BR,fiducial,ILIS -1 side,ILIS -1 side,p39,p39,x,2974.74,,mm,false
2,SSAT BR,fiducial,ILIS -1 side,ILIS -1 side,p39,p39,y,-523.71,,mm,false
2,SSAT BR,fiducial,ILIS -1 side,ILIS -1 side,p39,p39,z,-530.41,,mm,false
2,SSAT BR,fiducial,ILIS -1 side,ILIS -1 side,p40,p40,x,2971.86,,mm,false
2,SSAT BR,fiducial,ILIS -1 side,ILIS -1 side,p40,p40,y,-523.37,,mm,false
2,SSAT BR,fiducial,ILIS -1 side,ILIS -1 side,p40,p40,z,-4414.41,,mm,false
2,SSAT BR,fiducial,ILIS -1 side,ILIS -1 side,p41,p41,x,2834.24,,mm,false
2,SSAT BR,fiducial,ILIS -1 side,ILIS -1 side,p41,p41,y,-498.64,,mm,false
2,SSAT BR,fiducial,ILIS -1 side,ILIS -1 side,p41,p41,z,4245.51,,mm,false
2,SSAT BR,fiducial,ILIS -1 side,ILIS -1 side,p42,p42,x,2830.45,,mm,false
2,SSAT BR,fiducial,ILIS -1 side,ILIS -1 side,p42,p42,y,-497.98,,mm,false
2,SSAT BR,fiducial,ILIS -1 side,ILIS -1 side,p42,p42,z,4027.05,,mm,false
2,SSAT BR,fiducial,ILIS -1 side,ILIS -1 side,p43,p43,x,2825.09,,mm,false
2,SSAT BR,fiducial,ILIS -1 side,ILIS -1 side,p43,p43,y,-497.39,,mm,false
2,SSAT BR,fiducial,ILIS -1 side,ILIS -1 side,p43,p43,z,-4433.24,,mm,false
2,SSAT BR,fiducial,ILIS -1 side,ILIS -1 side,p44,p44,x,2820.83,,mm,false
2,SSAT BR,fiducial,ILIS -1 side,ILIS -1 side,p44,p44,y,-496.66,,mm,false
2,SSAT BR,fiducial,ILIS -1 side,ILIS -1 side,p44,p44,z,-4024.37,,mm,false
2,SSAT BR,fiducial,ILIS -1 side,ILIS -1 side,p45,p45,x,2820.32,,mm,false
2,SSAT BR,fiducial,ILIS -1 side,ILIS -1 side,p45,p45,y,-496.51,,mm,false
2,SSAT BR,fiducial,ILIS -1 side,ILIS -1 side,p45,p45,z,-3523.99,,mm,false
2,SSAT BR,fiducial,ILIS -1 side,ILIS -1 side,p46,p46,x,2813.13,,mm,false
2,SSAT BR,fiducial,ILIS -1 side,ILIS -1 side,p46,p46,y,-495.28,,mm,false
2,SSAT BR,fiducial,ILIS -1 side,ILIS -1 side,p46,p46,z,-4223.57,,mm,false
2,SSAT BR,fiducial,ILIS -1 side,ILIS -1 side,p47,p47,x,2812.63,,mm,false
2,SSAT BR,fiducial,ILIS -1 side,ILIS -1 side,p47,p47,y,-495.17,,mm,false
2,SSAT BR,fiducial,ILIS -1 side,ILIS -1 side,p47,p47,z,-3973.2,,mm,false
2,SSAT BR,fiducial,ILIS -1 side,ILIS -1 side,p48,p48,x,2809.05,,mm,false
2,SSAT BR,fiducial,ILIS -1 side,ILIS -1 side,p48,p48,y,-494.27,,mm,false
2,SSAT BR,fiducial,ILIS -1 side,ILIS -1 side,p48,p48,z,3976.16,,mm,false
2,SSAT BR,fiducial,ILIS -1 side,ILIS -1 side,p49,p49,x,2806.19,,mm,false
2,SSAT BR,fiducial,ILIS -1 side,ILIS -1 side,p49,p49,y,-493.69,,mm,false
2,SSAT BR,fiducial,ILIS -1 side,ILIS -1 side,p49,p49,z,3778.88,,mm,false
2,SSAT BR,fiducial,ILIS -1 side,ILIS -1 side,p50,p50,x,2803.65,,mm,false
2,SSAT BR,fiducial,ILIS -1 side,ILIS -1 side,p50,p50,y,-493.28,,mm,false
2,SSAT BR,fiducial,ILIS -1 side,ILIS -1 side,p50,p50,z,4472.89,,mm,false
2,SSAT BR,fiducial,ILIS -1 side,ILIS -1 side,p51,p51,x,2799.4,,mm,false
2,SSAT BR,fiducial,ILIS -1 side,ILIS -1 side,p51,p51,y,-492.55,,mm,false
2,SSAT BR,fiducial,ILIS -1 side,ILIS -1 side,p51,p51,z,3527.9,,mm,false
2,SSAT BR,fiducial,ILIS -1 side,ILIS -1 side,p52,p52,x,2795.66,,mm,false
2,SSAT BR,fiducial,ILIS -1 side,ILIS -1 side,p52,p52,y,-492.18,,mm,false
2,SSAT BR,fiducial,ILIS -1 side,ILIS -1 side,p52,p52,z,-3775.4,,mm,false
2,SSAT BR,fiducial,ILIS -1 side,ILIS -1 side,p53,p53,x,2779.03,,mm,false
2,SSAT BR,fiducial,ILIS -1 side,ILIS -1 side,p53,p53,y,-489.06,,mm,false
2,SSAT BR,fiducial,ILIS -1 side,ILIS -1 side,p53,p53,z,800.62,,mm,false
2,SSAT BR,fiducial,ILIS -1 side,ILIS -1 side,p54,p54,x,2772.12,,mm,false
2,SSAT BR,fiducial,ILIS -1 side,ILIS -1 side,p54,p54,y,-488.05,,mm,false
2,SSAT BR,fiducial,ILIS -1 side,ILIS -1 side,p54,p54,z,-2531.74,,mm,false
2,SSAT BR,fiducial,ILIS -1 side,ILIS -1 side,p55,p55,x,2772.87,,mm,false
2,SSAT BR,fiducial,ILIS -1 side,ILIS -1 side,p55,p55,y,-487.89,,mm,false
2,SSAT BR,fiducial,ILIS -1 side,ILIS -1 side,p55,p55,z,1568.88,,mm,false
2,SSAT BR,fiducial,ILIS -1 side,ILIS -1 side,p56,p56,x,2767.8,,mm,false
2,SSAT BR,fiducial,ILIS -1 side,ILIS -1 side,p56,p56,y,-487.26,,mm,false
2,SSAT BR,fiducial,ILIS -1 side,ILIS -1 side,p56,p56,z,-3467.0,,mm,false
2,SSAT BR,fiducial,ILIS -1 side,ILIS -1 side,p57,p57,x,2768.79,,mm,false
2,SSAT BR,fiducial,ILIS -1 side,ILIS -1 side,p57,p57,y,-487.14,,mm,false
2,SSAT BR,fiducial,ILIS -1 side,ILIS -1 side,p57,p57,z,2195.2,,mm,false
2,SSAT BR,fiducial,ILIS -1 side,ILIS -1 side,p58,p58,x,2768.16,,mm,false
2,SSAT BR,fiducial,ILIS -1 side,ILIS -1 side,p58,p58,y,-487.05,,mm,false
2,SSAT BR,fiducial,ILIS -1 side,ILIS -1 side,p58,p58,z,1803.98,,mm,false
2,SSAT BR,fiducial,ILIS -1 side,ILIS -1 side,p59,p59,x,2766.73,,mm,false
2,SSAT BR,fiducial,ILIS -1 side,ILIS -1 side,p59,p59,y,-487.01,,mm,false
2,SSAT BR,fiducial,ILIS -1 side,ILIS -1 side,p59,p59,z,-792.28,,mm,false
2,SSAT BR,fiducial,ILIS -1 side,ILIS -1 side,p60,p60,x,2765.41,,mm,false
2,SSAT BR,fiducial,ILIS -1 side,ILIS -1 side,p60,p60,y,-486.83,,mm,false
2,SSAT BR,fiducial,ILIS -1 side,ILIS -1 side,p60,p60,z,-2064.33,,mm,false
2,SSAT BR,fiducial,ILIS -1 side,ILIS -1 side,p61,p61,x,2765.02,,mm,false
2,SSAT BR,fiducial,ILIS -1 side,ILIS -1 side,p61,p61,y,-486.79,,mm,false
2,SSAT BR,fiducial,ILIS -1 side,ILIS -1 side,p61,p61,z,-2789.35,,mm,false
2,SSAT BR,fiducial,ILIS -1 side,ILIS -1 side,p62,p62,x,2765.04,,mm,false
2,SSAT BR,fiducial,ILIS -1 side,ILIS -1 side,p62,p62,y,-486.75,,mm,false
2,SSAT BR,fiducial,ILIS -1 side,ILIS -1 side,p62,p62,z,-1199.38,,mm,false
2,SSAT BR,fiducial,ILIS -1 side,ILIS -1 side,p63,p63,x,2762.17,,mm,false
2,SSAT BR,fiducial,ILIS -1 side,ILIS -1 side,p63,p63,y,-486.3,,mm,false
2,SSAT BR,fiducial,ILIS -1 side,ILIS -1 side,p63,p63,z,-1445.91,,mm,false
2,SSAT BR,fiducial,ILIS -1 side,ILIS -1 side,p64,p64,x,2750.61,,mm,false
2,SSAT BR,fiducial,ILIS -1 side,ILIS -1 side,p64,p64,y,-483.89,,mm,false
2,SSAT BR,fiducial,ILIS -1 side,ILIS -1 side,p64,p64,z,2875.33,,mm,false
2,SSAT BR,fiducial,ILIS -1 side,ILIS -1 side,p65,p65,x,2749.01,,mm,false
2,SSAT BR,fiducial,ILIS -1 side,ILIS -1 side,p65,p65,y,-483.7,,mm,false
2,SSAT BR,fiducial,ILIS -1 side,ILIS -1 side,p65,p65,z,260.54,,mm,false
2,SSAT BR,fiducial,ILIS -1 side,ILIS -1 side,p66,p66,x,2748.55,,mm,false
2,SSAT BR,fiducial,ILIS -1 side,ILIS -1 side,p66,p66,y,-483.57,,mm,false
2,SSAT BR,fiducial,ILIS -1 side,ILIS -1 side,p66,p66,z,2444.64,,mm,false
2,SSAT BR,fiducial,ILIS -1 side,ILIS -1 side,p67,p67,x,2747.88,,mm,false
2,SSAT BR,fiducial,ILIS -1 side,ILIS -1 side,p67,p67,y,-483.56,,mm,false
2,SSAT BR,fiducial,ILIS -1 side,ILIS -1 side,p67,p67,z,-443.62,,mm,false
2,SSAT BR,fiducial,ILIS -1 side,ILIS -1 side,p68,p68,x,2744.42,,mm,false
2,SSAT BR,fiducial,ILIS -1 side,ILIS -1 side,p68,p68,y,-483.11,,mm,false
2,SSAT BR,fiducial,ILIS -1 side,ILIS -1 side,p68,p68,z,-2478.41,,mm,false
2,SSAT BR,fiducial,ILIS -1 side,ILIS -1 side,p69,p69,x,2744.02,,mm,false
2,SSAT BR,fiducial,ILIS -1 side,ILIS -1 side,p69,p69,y,-483.05,,mm,false
2,SSAT BR,fiducial,ILIS -1 side,ILIS -1 side,p69,p69,z,-1791.84,,mm,false
2,SSAT BR,fiducial,ILIS -1 side,ILIS -1 side,p70,p70,x,2743.15,,mm,false
2,SSAT BR,fiducial,ILIS -1 side,ILIS -1 side,p70,p70,y,-482.87,,mm,false
2,SSAT BR,fiducial,ILIS -1 side,ILIS -1 side,p70,p70,z,-1524.22,,mm,false
2,SSAT BR,fiducial,ILIS -1 side,ILIS -1 side,p71,p71,x,2741.35,,mm,false
2,SSAT BR,fiducial,ILIS -1 side,ILIS -1 side,p71,p71,y,-482.49,,mm,false
2,SSAT BR,fiducial,ILIS -1 side,ILIS -1 side,p71,p71,z,-529.53,,mm,false
2,SSAT BR,fiducial,ILIS -1 side,ILIS -1 side,p72,p72,x,2719.69,,mm,false
2,SSAT BR,fiducial,ILIS -1 side,ILIS -1 side,p72,p72,y,-478.59,,mm,false
2,SSAT BR,fiducial,ILIS -1 side,ILIS -1 side,p72,p72,z,1478.86,,mm,false
2,SSAT BR,fiducial,ILIS -1 side,ILIS -1 side,p73,p73,x,2710.88,,mm,false
2,SSAT BR,fiducial,ILIS -1 side,ILIS -1 side,p73,p73,y,-476.94,,mm,false
2,SSAT BR,fiducial,ILIS -1 side,ILIS -1 side,p73,p73,z,486.3,,mm,false
2,SSAT BR,fiducial,ILIS -1 side,ILIS -1 side,p74,p74,x,2700.2,,mm,false
2,SSAT BR,fiducial,ILIS -1 side,ILIS -1 side,p74,p74,y,-475.09,,mm,false
2,SSAT BR,fiducial,ILIS -1 side,ILIS -1 side,p74,p74,z,552.7,,mm,false
2,SSAT BR,fiducial,ILIS -1 side,ILIS -1 side,p75,p75,x,2693.39,,mm,false
2,SSAT BR,fiducial,ILIS -1 side,ILIS -1 side,p75,p75,y,-474.12,,mm,false
2,SSAT BR,fiducial,ILIS -1 side,ILIS -1 side,p75,p75,z,-3118.25,,mm,false
2,SSAT BR,fiducial,ILIS -1 side,ILIS -1 side,p76,p76,x,2690.82,,mm,false
2,SSAT BR,fiducial,ILIS -1 side,ILIS -1 side,p76,p76,y,-473.41,,mm,false
2,SSAT BR,fiducial,ILIS -1 side,ILIS -1 side,p76,p76,z,1209.24,,mm,false
2,SSAT BR,fiducial,ILIS -1 side,ILIS -1 side,p77,p77,x,2685.51,,mm,false
2,SSAT BR,fiducial,ILIS -1 side,ILIS -1 side,p77,p77,y,-472.36,,mm,false
2,SSAT BR,fiducial,ILIS -1 side,ILIS -1 side,p77,p77,z,3206.76,,mm,false
2,SSAT BR,fiducial,ILIS -1 side,ILIS -1 side,p78,p78,x,2676.25,,mm,false
2,SSAT BR,fiducial,ILIS -1 side,ILIS -1 side,p78,p78,y,-470.69,,mm,false
2,SSAT BR,fiducial,ILIS -1 side,ILIS -1 side,p78,p78,z,3479.92,,mm,false
2,SSAT BR,fiducial,ILIS -1 side,ILIS -1 side,p79,p79,x,2673.47,,mm,false
2,SSAT BR,fiducial,ILIS -1 side,ILIS -1 side,p79,p79,y,-470.23,,mm,false
2,SSAT BR,fiducial,ILIS -1 side,ILIS -1 side,p79,p79,z,2554.19,,mm,false
2,SSAT BR,fiducial,ILIS -1 side,ILIS -1 side,p80,p80,x,2671.12,,mm,false
2,SSAT BR,fiducial,ILIS -1 side,ILIS -1 side,p80,p80,y,-469.95,,mm,false
2,SSAT BR,fiducial,ILIS -1 side,ILIS -1 side,p80,p80,z,-212.23,,mm,false
2,SSAT BR,fiducial,ILIS -1 side,ILIS -1 side,p81,p81,x,2628.66,,mm,false
2,SSAT BR,fiducial,ILIS -1 side,ILIS -1 side,p81,p81,y,-462.44,,mm,false
2,SSAT BR,fiducial,ILIS -1 side,ILIS -1 side,p81,p81,z,4025.22,,mm,false
2,SSAT BR,fiducial,ILIS -1 side,ILIS -1 side,p82,p82,x,2624.39,,mm,false
2,SSAT BR,fiducial,ILIS -1 side,ILIS -1 side,p82,p82,y,-461.94,,mm,false
2,SSAT BR,fiducial,ILIS -1 side,ILIS -1 side,p82,p82,z,-3760.63,,mm,false
2,SSAT BR,fiducial,ILIS -1 side,ILIS -1 side,p83,p83,x,2626.21,,mm,false
2,SSAT BR,fiducial,ILIS -1 side,ILIS -1 side,p83,p83,y,-461.89,,mm,false
2,SSAT BR,fiducial,ILIS -1 side,ILIS -1 side,p83,p83,z,4467.18,,mm,false
2,SSAT BR,fiducial,ILIS -1 side,ILIS -1 side,p84,p84,x,2626.19,,mm,false
2,SSAT BR,fiducial,ILIS -1 side,ILIS -1 side,p84,p84,y,-461.86,,mm,false
2,SSAT BR,fiducial,ILIS -1 side,ILIS -1 side,p84,p84,z,4248.65,,mm,false
2,SSAT BR,fiducial,ILIS -1 side,ILIS -1 side,p85,p85,x,2623.9,,mm,false
2,SSAT BR,fiducial,ILIS -1 side,ILIS -1 side,p85,p85,y,-461.85,,mm,false
2,SSAT BR,fiducial,ILIS -1 side,ILIS -1 side,p85,p85,z,-4434.69,,mm,false
2,SSAT BR,fiducial,ILIS -1 side,ILIS -1 side,p86,p86,x,2624.63,,mm,false
2,SSAT BR,fiducial,ILIS -1 side,ILIS -1 side,p86,p86,y,-461.74,,mm,false
2,SSAT BR,fiducial,ILIS -1 side,ILIS -1 side,p86,p86,z,3778.49,,mm,false
2,SSAT BR,fiducial,ILIS -1 side,ILIS -1 side,p87,p87,x,2623.16,,mm,false
2,SSAT BR,fiducial,ILIS -1 side,ILIS -1 side,p87,p87,y,-461.71,,mm,false
2,SSAT BR,fiducial,ILIS -1 side,ILIS -1 side,p87,p87,z,-3523.0,,mm,false
2,SSAT BR,fiducial,ILIS -1 side,ILIS -1 side,p88,p88,x,2622.02,,mm,false
2,SSAT BR,fiducial,ILIS -1 side,ILIS -1 side,p88,p88,y,-461.51,,mm,false
2,SSAT BR,fiducial,ILIS -1 side,ILIS -1 side,p88,p88,z,-4230.99,,mm,false
2,SSAT BR,fiducial,ILIS -1 side,ILIS -1 side,p89,p89,x,2620.68,,mm,false
2,SSAT BR,fiducial,ILIS -1 side,ILIS -1 side,p89,p89,y,-461.3,,mm,false
2,SSAT BR,fiducial,ILIS -1 side,ILIS -1 side,p89,p89,z,-4024.34,,mm,false
2,SSAT BR,fiducial,ILIS -1 side,ILIS -1 side,p90,p90,x,2621.08,,mm,false
2,SSAT BR,fiducial,ILIS -1 side,ILIS -1 side,p90,p90,y,-461.07,,mm,false
2,SSAT BR,fiducial,ILIS -1 side,ILIS -1 side,p90,p90,z,3974.23,,mm,false
2,SSAT BR,fiducial,ILIS -1 side,ILIS -1 side,p91,p91,x,2617.98,,mm,false
2,SSAT BR,fiducial,ILIS -1 side,ILIS -1 side,p91,p91,y,-460.78,,mm,false
2,SSAT BR,fiducial,ILIS -1 side,ILIS -1 side,p91,p91,z,-3964.52,,mm,false
2,SSAT BR,fiducial,ILIS -1 side,ILIS -1 side,p92,p92,x,2617.6,,mm,false
2,SSAT BR,fiducial,ILIS -1 side,ILIS -1 side,p92,p92,y,-460.38,,mm,false
2,SSAT BR,fiducial,ILIS -1 side,ILIS -1 side,p92,p92,z,3529.7,,mm,false
2,SSAT BR,fiducial,ILIS -1 side,ILIS -1 side,p93,p93,x,2575.47,,mm,false
2,SSAT BR,fiducial,ILIS -1 side,ILIS -1 side,p93,p93,y,-453.3,,mm,false
2,SSAT BR,fiducial,ILIS -1 side,ILIS -1 side,p93,p93,z,-3970.99,,mm,false
2,SSAT BR,fiducial,ILIS -1 side,ILIS -1 side,p94,p94,x,2574.69,,mm,false
2,SSAT BR,fiducial,ILIS -1 side,ILIS -1 side,p94,p94,y,-453.1,,mm,false
2,SSAT BR,fiducial,ILIS -1 side,ILIS -1 side,p94,p94,z,-4260.9,,mm,false
2,SSAT BR,fiducial,ILIS -1 side,ILIS -1 side,p95,p95,x,2574.42,,mm,false
2,SSAT BR,fiducial,ILIS -1 side,ILIS -1 side,p95,p95,y,-453.1,,mm,false
2,SSAT BR,fiducial,ILIS -1 side,ILIS -1 side,p95,p95,z,-4462.78,,mm,false
2,SSAT BR,fiducial,ILIS -1 side,ILIS -1 side,p96,p96,x,2573.94,,mm,false
2,SSAT BR,fiducial,ILIS -1 side,ILIS -1 side,p96,p96,y,-452.97,,mm,false
2,SSAT BR,fiducial,ILIS -1 side,ILIS -1 side,p96,p96,z,-4023.25,,mm,false
2,SSAT BR,fiducial,ILIS -1 side,ILIS -1 side,p97,p97,x,2573.02,,mm,false
2,SSAT BR,fiducial,ILIS -1 side,ILIS -1 side,p97,p97,y,-452.65,,mm,false
2,SSAT BR,fiducial,ILIS -1 side,ILIS -1 side,p97,p97,z,4024.58,,mm,false
2,SSAT BR,fiducial,ILIS -1 side,ILIS -1 side,p98,p98,x,2571.76,,mm,false
2,SSAT BR,fiducial,ILIS -1 side,ILIS -1 side,p98,p98,y,-452.36,,mm,false
2,SSAT BR,fiducial,ILIS -1 side,ILIS -1 side,p98,p98,z,3974.35,,mm,false
2,SSAT BR,fiducial,ILIS -1 side,ILIS -1 side,p99,p99,x,2572.12,,mm,false
2,SSAT BR,fiducial,ILIS -1 side,ILIS -1 side,p99,p99,y,-452.34,,mm,false
2,SSAT BR,fiducial,ILIS -1 side,ILIS -1 side,p99,p99,z,4471.92,,mm,false
2,SSAT BR,fiducial,ILIS -1 side,ILIS -1 side,p100,p100,x,2571.6,,mm,false
2,SSAT BR,fiducial,ILIS -1 side,ILIS -1 side,p100,p100,y,-452.19,,mm,false
2,SSAT BR,fiducial,ILIS -1 side,ILIS -1 side,p100,p100,z,3529.17,,mm,false
2,SSAT BR,fiducial,ILIS -1 side,ILIS -1 side,p101,p101,x,2569.2,,mm,false
2,SSAT BR,fiducial,ILIS -1 side,ILIS -1 side,p101,p101,y,-452.16,,mm,false
2,SSAT BR,fiducial,ILIS -1 side,ILIS -1 side,p101,p101,z,-3524.98,,mm,false
2,SSAT BR,fiducial,ILIS -1 side,ILIS -1 side,p102,p102,x,2566.94,,mm,false
2,SSAT BR,fiducial,ILIS -1 side,ILIS -1 side,p102,p102,y,-451.77,,mm,false
2,SSAT BR,fiducial,ILIS -1 side,ILIS -1 side,p102,p102,z,-3775.23,,mm,false
2,SSAT BR,fiducial,ILIS -1 side,ILIS -1 side,p103,p103,x,2563.26,,mm,false
2,SSAT BR,fiducial,ILIS -1 side,ILIS -1 side,p103,p103,y,-450.75,,mm,false
2,SSAT BR,fiducial,ILIS -1 side,ILIS -1 side,p103,p103,z,3798.83,,mm,false
2,SSAT BR,fiducial,ILIS -1 side,ILIS -1 side,p104,p104,x,2562.42,,mm,false
2,SSAT BR,fiducial,ILIS -1 side,ILIS -1 side,p104,p104,y,-450.58,,mm,false
2,SSAT BR,fiducial,ILIS -1 side,ILIS -1 side,p104,p104,z,4274.4,,mm,false
2,SSAT BR,fiducial,ILIS -1 side,ILIS -1 side,p105,p105,x,2497.9,,mm,false
2,SSAT BR,fiducial,ILIS -1 side,ILIS -1 side,p105,p105,y,-439.24,,mm,false
2,SSAT BR,fiducial,ILIS -1 side,ILIS -1 side,p105,p105,z,2188.29,,mm,false
2,SSAT BR,fiducial,ILIS -1 side,ILIS -1 side,p106,p106,x,2481.25,,mm,false
2,SSAT BR,fiducial,ILIS -1 side,ILIS -1 side,p106,p106,y,-436.22,,mm,false
2,SSAT BR,fiducial,ILIS -1 side,ILIS -1 side,p106,p106,z,2880.04,,mm,false
2,SSAT BR,fiducial,ILIS -1 side,ILIS -1 side,p107,p107,x,2469.92,,mm,false
2,SSAT BR,fiducial,ILIS -1 side,ILIS -1 side,p107,p107,y,-434.36,,mm,false
2,SSAT BR,fiducial,ILIS -1 side,ILIS -1 side,p107,p107,z,801.47,,mm,false
2,SSAT BR,fiducial,ILIS -1 side,ILIS -1 side,p108,p108,x,2456.0,,mm,false
2,SSAT BR,fiducial,ILIS -1 side,ILIS -1 side,p108,p108,y,-432.17,,mm,false
2,SSAT BR,fiducial,ILIS -1 side,ILIS -1 side,p108,p108,z,-2077.38,,mm,false
2,SSAT BR,fiducial,ILIS -1 side,ILIS -1 side,p109,p109,x,2456.85,,mm,false
2,SSAT BR,fiducial,ILIS -1 side,ILIS -1 side,p109,p109,y,-432.06,,mm,false
2,SSAT BR,fiducial,ILIS -1 side,ILIS -1 side,p109,p109,z,1481.66,,mm,false
2,SSAT BR,fiducial,ILIS -1 side,ILIS -1 side,p110,p110,x,2456.18,,mm,false
2,SSAT BR,fiducial,ILIS -1 side,ILIS -1 side,p110,p110,y,-431.89,,mm,false
2,SSAT BR,fiducial,ILIS -1 side,ILIS -1 side,p110,p110,z,486.76,,mm,false
2,SSAT BR,fiducial,ILIS -1 side,ILIS -1 side,p111,p111,x,2450.24,,mm,false
2,SSAT BR,fiducial,ILIS -1 side,ILIS -1 side,p111,p111,y,-431.09,,mm,false
2,SSAT BR,fiducial,ILIS -1 side,ILIS -1 side,p111,p111,z,-1201.5,,mm,false
2,SSAT BR,fiducial,ILIS -1 side,ILIS -1 side,p112,p112,x,2446.95,,mm,false
2,SSAT BR,fiducial,ILIS -1 side,ILIS -1 side,p112,p112,y,-430.55,,mm,false
2,SSAT BR,fiducial,ILIS -1 side,ILIS -1 side,p112,p112,z,-3117.77,,mm,false
2,SSAT BR,fiducial,ILIS -1 side,ILIS -1 side,p113,p113,x,2444.97,,mm,false
2,SSAT BR,fiducial,ILIS -1 side,ILIS -1 side,p113,p113,y,-430.12,,mm,false
2,SSAT BR,fiducial,ILIS -1 side,ILIS -1 side,p113,p113,z,-794.98,,mm,false
2,SSAT BR,fiducial,ILIS -1 side,ILIS -1 side,p114,p114,x,2445.39,,mm,false
2,SSAT BR,fiducial,ILIS -1 side,ILIS -1 side,p114,p114,y,-429.96,,mm,false
2,SSAT BR,fiducial,ILIS -1 side,ILIS -1 side,p114,p114,z,1798.91,,mm,false
2,SSAT BR,fiducial,ILIS -1 side,ILIS -1 side,p115,p115,x,2442.73,,mm,false
2,SSAT BR,fiducial,ILIS -1 side,ILIS -1 side,p115,p115,y,-429.57,,mm,false
2,SSAT BR,fiducial,ILIS -1 side,ILIS -1 side,p115,p115,z,545.23,,mm,false
2,SSAT BR,fiducial,ILIS -1 side,ILIS -1 side,p116,p116,x,2438.72,,mm,false
2,SSAT BR,fiducial,ILIS -1 side,ILIS -1 side,p116,p116,y,-428.84,,mm,false
2,SSAT BR,fiducial,ILIS -1 side,ILIS -1 side,p116,p116,z,1551.18,,mm,false
2,SSAT BR,fiducial,ILIS -1 side,ILIS -1 side,p117,p117,x,2432.68,,mm,false
2,SSAT BR,fiducial,ILIS -1 side,ILIS -1 side,p117,p117,y,-428.06,,mm,false
2,SSAT BR,fiducial,ILIS -1 side,ILIS -1 side,p117,p117,z,-2530.63,,mm,false
2,SSAT BR,fiducial,ILIS -1 side,ILIS -1 side,p118,p118,x,2434.15,,mm,false
2,SSAT BR,fiducial,ILIS -1 side,ILIS -1 side,p118,p118,y,-428.01,,mm,false
2,SSAT BR,fiducial,ILIS -1 side,ILIS -1 side,p118,p118,z,253.75,,mm,false
2,SSAT BR,fiducial,ILIS -1 side,ILIS -1 side,p119,p119,x,2431.27,,mm,false
2,SSAT BR,fiducial,ILIS -1 side,ILIS -1 side,p119,p119,y,-427.78,,mm,false
2,SSAT BR,fiducial,ILIS -1 side,ILIS -1 side,p119,p119,z,-3466.83,,mm,false
2,SSAT BR,fiducial,ILIS -1 side,ILIS -1 side,p120,p120,x,2431.86,,mm,false
2,SSAT BR,fiducial,ILIS -1 side,ILIS -1 side,p120,p120,y,-427.76,,mm,false
2,SSAT BR,fiducial,ILIS -1 side,ILIS -1 side,p120,p120,z,-529.6,,mm,false
2,SSAT BR,fiducial,ILIS -1 side,ILIS -1 side,p121,p121,x,2430.63,,mm,false
2,SSAT BR,fiducial,ILIS -1 side,ILIS -1 side,p121,p121,y,-427.68,,mm,false
2,SSAT BR,fiducial,ILIS -1 side,ILIS -1 side,p121,p121,z,-1445.94,,mm,false
2,SSAT BR,fiducial,ILIS -1 side,ILIS -1 side,p122,p122,x,2429.72,,mm,false
2,SSAT BR,fiducial,ILIS -1 side,ILIS -1 side,p122,p122,y,-427.18,,mm,false
2,SSAT BR,fiducial,ILIS -1 side,ILIS -1 side,p122,p122,z,2452.4,,mm,false
2,SSAT BR,fiducial,ILIS -1 side,ILIS -1 side,p123,p123,x,2426.68,,mm,false
2,SSAT BR,fiducial,ILIS -1 side,ILIS -1 side,p123,p123,y,-426.95,,mm,false
2,SSAT BR,fiducial,ILIS -1 side,ILIS -1 side,p123,p123,z,-4022.56,,mm,false
2,SSAT BR,fiducial,ILIS -1 side,ILIS -1 side,p124,p124,x,2426.19,,mm,false
2,SSAT BR,fiducial,ILIS -1 side,ILIS -1 side,p124,p124,y,-426.92,,mm,false
2,SSAT BR,fiducial,ILIS -1 side,ILIS -1 side,p124,p124,z,-1525.86,,mm,false
2,SSAT BR,fiducial,ILIS -1 side,ILIS -1 side,p125,p125,x,2422.07,,mm,false
2,SSAT BR,fiducial,ILIS -1 side,ILIS -1 side,p125,p125,y,-426.18,,mm,false
2,SSAT BR,fiducial,ILIS -1 side,ILIS -1 side,p125,p125,z,-1794.72,,mm,false
2,SSAT BR,fiducial,ILIS -1 side,ILIS -1 side,p126,p126,x,2419.52,,mm,false
2,SSAT BR,fiducial,ILIS -1 side,ILIS -1 side,p126,p126,y,-425.75,,mm,false
2,SSAT BR,fiducial,ILIS -1 side,ILIS -1 side,p126,p126,z,-2482.87,,mm,false
2,SSAT BR,fiducial,ILIS -1 side,ILIS -1 side,p127,p127,x,2416.65,,mm,false
2,SSAT BR,fiducial,ILIS -1 side,ILIS -1 side,p127,p127,y,-425.21,,mm,false
2,SSAT BR,fiducial,ILIS -1 side,ILIS -1 side,p127,p127,z,-4236.45,,mm,false
2,SSAT BR,fiducial,ILIS -1 side,ILIS -1 side,p128,p128,x,2414.59,,mm,false
2,SSAT BR,fiducial,ILIS -1 side,ILIS -1 side,p128,p128,y,-424.85,,mm,false
2,SSAT BR,fiducial,ILIS -1 side,ILIS -1 side,p128,p128,z,-2793.75,,mm,false
2,SSAT BR,fiducial,ILIS -1 side,ILIS -1 side,p129,p129,x,2411.8,,mm,false
2,SSAT BR,fiducial,ILIS -1 side,ILIS -1 side,p129,p129,y,-424.38,,mm,false
2,SSAT BR,fiducial,ILIS -1 side,ILIS -1 side,p129,p129,z,-4463.43,,mm,false
2,SSAT BR,fiducial,ILIS -1 side,ILIS -1 side,p130,p130,x,2412.65,,mm,false
2,SSAT BR,fiducial,ILIS -1 side,ILIS -1 side,p130,p130,y,-424.27,,mm,false
2,SSAT BR,fiducial,ILIS -1 side,ILIS -1 side,p130,p130,z,1207.51,,mm,false
2,SSAT BR,fiducial,ILIS -1 side,ILIS -1 side,p131,p131,x,2412.06,,mm,false
2,SSAT BR,fiducial,ILIS -1 side,ILIS -1 side,p131,p131,y,-424.01,,mm,false
2,SSAT BR,fiducial,ILIS -1 side,ILIS -1 side,p131,p131,z,2554.93,,mm,false
2,SSAT BR,fiducial,ILIS -1 side,ILIS -1 side,p132,p132,x,2411.61,,mm,false
2,SSAT BR,fiducial,ILIS -1 side,ILIS -1 side,p132,p132,y,-423.89,,mm,false
2,SSAT BR,fiducial,ILIS -1 side,ILIS -1 side,p132,p132,z,3479.53,,mm,false
2,SSAT BR,fiducial,ILIS -1 side,ILIS -1 side,p133,p133,x,2409.39,,mm,false
2,SSAT BR,fiducial,ILIS -1 side,ILIS -1 side,p133,p133,y,-423.56,,mm,false
2,SSAT BR,fiducial,ILIS -1 side,ILIS -1 side,p133,p133,z,4471.33,,mm,false
2,SSAT BR,fiducial,ILIS -1 side,ILIS -1 side,p134,p134,x,2401.18,,mm,false
2,SSAT BR,fiducial,ILIS -1 side,ILIS -1 side,p134,p134,y,-422.26,,mm,false
2,SSAT BR,fiducial,ILIS -1 side,ILIS -1 side,p134,p134,z,-451.61,,mm,false
2,SSAT BR,fiducial,ILIS -1 side,ILIS -1 side,p135,p135,x,2398.68,,mm,false
2,SSAT BR,fiducial,ILIS -1 side,ILIS -1 side,p135,p135,y,-421.69,,mm,false
2,SSAT BR,fiducial,ILIS -1 side,ILIS -1 side,p135,p135,z,4025.33,,mm,false
2,SSAT BR,fiducial,ILIS -1 side,ILIS -1 side,p136,p136,x,2394.48,,mm,false
2,SSAT BR,fiducial,ILIS -1 side,ILIS -1 side,p136,p136,y,-421.31,,mm,false
2,SSAT BR,fiducial,ILIS -1 side,ILIS -1 side,p136,p136,z,-3524.25,,mm,false
2,SSAT BR,fiducial,ILIS -1 side,ILIS -1 side,p137,p137,x,2396.7,,mm,false
2,SSAT BR,fiducial,ILIS -1 side,ILIS -1 side,p137,p137,y,-421.28,,mm,false
2,SSAT BR,fiducial,ILIS -1 side,ILIS -1 side,p137,p137,z,3207.32,,mm,false
2,SSAT BR,fiducial,ILIS -1 side,ILIS -1 side,p138,p138,x,2393.95,,mm,false
2,SSAT BR,fiducial,ILIS -1 side,ILIS -1 side,p138,p138,y,-420.79,,mm,false
2,SSAT BR,fiducial,ILIS -1 side,ILIS -1 side,p138,p138,z,3526.84,,mm,false
2,SSAT BR,fiducial,ILIS -1 side,ILIS -1 side,p139,p139,x,2392.8,,mm,false
2,SSAT BR,fiducial,ILIS -1 side,ILIS -1 side,p139,p139,y,-420.76,,mm,false
2,SSAT BR,fiducial,ILIS -1 side,ILIS -1 side,p139,p139,z,-206.43,,mm,false
2,SSAT BR,fiducial,ILIS -1 side,ILIS -1 side,p140,p140,x,2385.28,,mm,false
2,SSAT BR,fiducial,ILIS -1 side,ILIS -1 side,p140,p140,y,-419.24,,mm,false
2,SSAT BR,fiducial,ILIS -1 side,ILIS -1 side,p140,p140,z,4264.36,,mm,false
2,SSAT BR,fiducial,ILIS -1 side,ILIS -1 side,p141,p141,x,2384.88,,mm,false
2,SSAT BR,fiducial,ILIS -1 side,ILIS -1 side,p141,p141,y,-419.14,,mm,false
2,SSAT BR,fiducial,ILIS -1 side,ILIS -1 side,p141,p141,z,3974.1,,mm,false
2,SSAT BR,fiducial,ILIS -1 side,ILIS -1 side,p142,p142,x,2381.9,,mm,false
2,SSAT BR,fiducial,ILIS -1 side,ILIS -1 side,p142,p142,y,-419.09,,mm,false
2,SSAT BR,fiducial,ILIS -1 side,ILIS -1 side,p142,p142,z,-3774.2,,mm,false
2,SSAT BR,fiducial,ILIS -1 side,ILIS -1 side,p143,p143,x,2380.19,,mm,false
2,SSAT BR,fiducial,ILIS -1 side,ILIS -1 side,p143,p143,y,-418.78,,mm,false
2,SSAT BR,fiducial,ILIS -1 side,ILIS -1 side,p143,p143,z,-3971.65,,mm,false
2,SSAT BR,fiducial,ILIS -1 side,ILIS -1 side,p144,p144,x,2363.06,,mm,false
2,SSAT BR,fiducial,ILIS -1 side,ILIS -1 side,p144,p144,y,-415.29,,mm,false
2,SSAT BR,fiducial,ILIS -1 side,ILIS -1 side,p144,p144,z,3783.77,,mm,false
2,SSAT BR,fiducial,ILIS -1 side,ILIS -1 side,p145,p145,x,2287.15,,mm,false
2,SSAT BR,fiducial,ILIS -1 side,ILIS -1 side,p145,p145,y,-402.41,,mm,false
2,SSAT BR,fiducial,ILIS -1 side,ILIS -1 side,p145,p145,z,-4465.47,,mm,false
2,SSAT BR,fiducial,ILIS -1 side,ILIS -1 side,p146,p146,x,2249.37,,mm,false
2,SSAT BR,fiducial,ILIS -1 side,ILIS -1 side,p146,p146,y,-395.74,,mm,false
2,SSAT BR,fiducial,ILIS -1 side,ILIS -1 side,p146,p146,z,-4231.05,,mm,false
2,SSAT BR,fiducial,ILIS -1 side,ILIS -1 side,p147,p147,x,2250.96,,mm,false
2,SSAT BR,fiducial,ILIS -1 side,ILIS -1 side,p147,p147,y,-395.55,,mm,false
2,SSAT BR,fiducial,ILIS -1 side,ILIS -1 side,p147,p147,z,4471.75,,mm,false
2,SSAT BR,fiducial,ILIS -1 side,ILIS -1 side,p148,p148,x,2214.5,,mm,false
2,SSAT BR,fiducial,ILIS -1 side,ILIS -1 side,p148,p148,y,-389.11,,mm,false
2,SSAT BR,fiducial,ILIS -1 side,ILIS -1 side,p148,p148,z,4263.21,,mm,false
2,SSAT BR,fiducial,ILIS -1 side,ILIS -1 side,p149,p149,x,2209.51,,mm,false
2,SSAT BR,fiducial,ILIS -1 side,ILIS -1 side,p149,p149,y,-388.54,,mm,false
2,SSAT BR,fiducial,ILIS -1 side,ILIS -1 side,p149,p149,z,-523.12,,mm,false
2,SSAT BR,fiducial,ILIS -1 side,ILIS -1 side,p150,p150,x,2205.75,,mm,false
2,SSAT BR,fiducial,ILIS -1 side,ILIS -1 side,p150,p150,y,-387.95,,mm,false
2,SSAT BR,fiducial,ILIS -1 side,ILIS -1 side,p150,p150,z,-2484.25,,mm,false
2,SSAT BR,fiducial,ILIS -1 side,ILIS -1 side,p151,p151,x,2205.07,,mm,false
2,SSAT BR,fiducial,ILIS -1 side,ILIS -1 side,p151,p151,y,-387.91,,mm,false
2,SSAT BR,fiducial,ILIS -1 side,ILIS -1 side,p151,p151,z,-3482.11,,mm,false
2,SSAT BR,fiducial,ILIS -1 side,ILIS -1 side,p152,p152,x,2199.24,,mm,false
2,SSAT BR,fiducial,ILIS -1 side,ILIS -1 side,p152,p152,y,-386.84,,mm,false
2,SSAT BR,fiducial,ILIS -1 side,ILIS -1 side,p152,p152,z,-1515.04,,mm,false
2,SSAT BR,fiducial,ILIS -1 side,ILIS -1 side,p153,p153,x,2193.97,,mm,false
2,SSAT BR,fiducial,ILIS -1 side,ILIS -1 side,p153,p153,y,-385.51,,mm,false
2,SSAT BR,fiducial,ILIS -1 side,ILIS -1 side,p153,p153,z,4028.46,,mm,false
2,SSAT BR,fiducial,ILIS -1 side,ILIS -1 side,p154,p154,x,2186.65,,mm,false
2,SSAT BR,fiducial,ILIS -1 side,ILIS -1 side,p154,p154,y,-384.67,,mm,false
2,SSAT BR,fiducial,ILIS -1 side,ILIS -1 side,p154,p154,z,-3801.93,,mm,false
2,SSAT BR,fiducial,ILIS -1 side,ILIS -1 side,p155,p155,x,2187.74,,mm,false
2,SSAT BR,fiducial,ILIS -1 side,ILIS -1 side,p155,p155,y,-384.35,,mm,false
2,SSAT BR,fiducial,ILIS -1 side,ILIS -1 side,p155,p155,z,3976.01,,mm,false
2,SSAT BR,fiducial,ILIS -1 side,ILIS -1 side,p156,p156,x,2182.78,,mm,false
2,SSAT BR,fiducial,ILIS -1 side,ILIS -1 side,p156,p156,y,-383.97,,mm,false
2,SSAT BR,fiducial,ILIS -1 side,ILIS -1 side,p156,p156,z,-3525.18,,mm,false
2,SSAT BR,fiducial,ILIS -1 side,ILIS -1 side,p157,p157,x,2185.33,,mm,false
2,SSAT BR,fiducial,ILIS -1 side,ILIS -1 side,p157,p157,y,-383.95,,mm,false
2,SSAT BR,fiducial,ILIS -1 side,ILIS -1 side,p157,p157,z,3534.86,,mm,false
2,SSAT BR,fiducial,ILIS -1 side,ILIS -1 side,p158,p158,x,2181.98,,mm,false
2,SSAT BR,fiducial,ILIS -1 side,ILIS -1 side,p158,p158,y,-383.84,,mm,false
2,SSAT BR,fiducial,ILIS -1 side,ILIS -1 side,p158,p158,z,-4024.07,,mm,false
2,SSAT BR,fiducial,ILIS -1 side,ILIS -1 side,p159,p159,x,2181.52,,mm,false
2,SSAT BR,fiducial,ILIS -1 side,ILIS -1 side,p159,p159,y,-383.61,,mm,false
2,SSAT BR,fiducial,ILIS -1 side,ILIS -1 side,p159,p159,z,-799.49,,mm,false
2,SSAT BR,fiducial,ILIS -1 side,ILIS -1 side,p160,p160,x,2182.31,,mm,false
2,SSAT BR,fiducial,ILIS -1 side,ILIS -1 side,p160,p160,y,-383.49,,mm,false
2,SSAT BR,fiducial,ILIS -1 side,ILIS -1 side,p160,p160,z,3778.54,,mm,false
2,SSAT BR,fiducial,ILIS -1 side,ILIS -1 side,p161,p161,x,2181.44,,mm,false
2,SSAT BR,fiducial,ILIS -1 side,ILIS -1 side,p161,p161,y,-383.44,,mm,false
2,SSAT BR,fiducial,ILIS -1 side,ILIS -1 side,p161,p161,z,1560.97,,mm,false
2,SSAT BR,fiducial,ILIS -1 side,ILIS -1 side,p162,p162,x,2178.88,,mm,false
2,SSAT BR,fiducial,ILIS -1 side,ILIS -1 side,p162,p162,y,-383.2,,mm,false
2,SSAT BR,fiducial,ILIS -1 side,ILIS -1 side,p162,p162,z,-1195.39,,mm,false
2,SSAT BR,fiducial,ILIS -1 side,ILIS -1 side,p163,p163,x,2178.24,,mm,false
2,SSAT BR,fiducial,ILIS -1 side,ILIS -1 side,p163,p163,y,-383.18,,mm,false
2,SSAT BR,fiducial,ILIS -1 side,ILIS -1 side,p163,p163,z,-3971.73,,mm,false
2,SSAT BR,fiducial,ILIS -1 side,ILIS -1 side,p164,p164,x,2178.31,,mm,false
2,SSAT BR,fiducial,ILIS -1 side,ILIS -1 side,p164,p164,y,-383.13,,mm,false
2,SSAT BR,fiducial,ILIS -1 side,ILIS -1 side,p164,p164,z,-2078.59,,mm,false
2,SSAT BR,fiducial,ILIS -1 side,ILIS -1 side,p165,p165,x,2178.14,,mm,false
2,SSAT BR,fiducial,ILIS -1 side,ILIS -1 side,p165,p165,y,-383.08,,mm,false
2,SSAT BR,fiducial,ILIS -1 side,ILIS -1 side,p165,p165,z,-1798.76,,mm,false
2,SSAT BR,fiducial,ILIS -1 side,ILIS -1 side,p166,p166,x,2177.19,,mm,false
2,SSAT BR,fiducial,ILIS -1 side,ILIS -1 side,p166,p166,y,-382.98,,mm,false
2,SSAT BR,fiducial,ILIS -1 side,ILIS -1 side,p166,p166,z,-3133.64,,mm,false
2,SSAT BR,fiducial,ILIS -1 side,ILIS -1 side,p167,p167,x,2178.35,,mm,false
2,SSAT BR,fiducial,ILIS -1 side,ILIS -1 side,p167,p167,y,-382.85,,mm,false
2,SSAT BR,fiducial,ILIS -1 side,ILIS -1 side,p167,p167,z,1207.63,,mm,false
2,SSAT BR,fiducial,ILIS -1 side,ILIS -1 side,p168,p168,x,2178.67,,mm,false
2,SSAT BR,fiducial,ILIS -1 side,ILIS -1 side,p168,p168,y,-382.78,,mm,false
2,SSAT BR,fiducial,ILIS -1 side,ILIS -1 side,p168,p168,z,2872.57,,mm,false
2,SSAT BR,fiducial,ILIS -1 side,ILIS -1 side,p169,p169,x,2177.51,,mm,false
2,SSAT BR,fiducial,ILIS -1 side,ILIS -1 side,p169,p169,y,-382.72,,mm,false
2,SSAT BR,fiducial,ILIS -1 side,ILIS -1 side,p169,p169,z,1797.9,,mm,false
2,SSAT BR,fiducial,ILIS -1 side,ILIS -1 side,p170,p170,x,2177.24,,mm,false
2,SSAT BR,fiducial,ILIS -1 side,ILIS -1 side,p170,p170,y,-382.61,,mm,false
2,SSAT BR,fiducial,ILIS -1 side,ILIS -1 side,p170,p170,z,2445.57,,mm,false
2,SSAT BR,fiducial,ILIS -1 side,ILIS -1 side,p171,p171,x,2174.42,,mm,false
2,SSAT BR,fiducial,ILIS -1 side,ILIS -1 side,p171,p171,y,-382.49,,mm,false
2,SSAT BR,fiducial,ILIS -1 side,ILIS -1 side,p171,p171,z,-2796.08,,mm,false
2,SSAT BR,fiducial,ILIS -1 side,ILIS -1 side,p172,p172,x,2176.1,,mm,false
2,SSAT BR,fiducial,ILIS -1 side,ILIS -1 side,p172,p172,y,-382.43,,mm,false
2,SSAT BR,fiducial,ILIS -1 side,ILIS -1 side,p172,p172,z,2177.52,,mm,false
2,SSAT BR,fiducial,ILIS -1 side,ILIS -1 side,p173,p173,x,2175.5,,mm,false
2,SSAT BR,fiducial,ILIS -1 side,ILIS -1 side,p173,p173,y,-382.39,,mm,false
2,SSAT BR,fiducial,ILIS -1 side,ILIS -1 side,p173,p173,z,-212.48,,mm,false
2,SSAT BR,fiducial,ILIS -1 side,ILIS -1 side,p174,p174,x,2176.18,,mm,false
2,SSAT BR,fiducial,ILIS -1 side,ILIS -1 side,p174,p174,y,-382.38,,mm,false
2,SSAT BR,fiducial,ILIS -1 side,ILIS -1 side,p174,p174,z,3212.48,,mm,false
2,SSAT BR,fiducial,ILIS -1 side,ILIS -1 side,p175,p175,x,2175.44,,mm,false
2,SSAT BR,fiducial,ILIS -1 side,ILIS -1 side,p175,p175,y,-382.37,,mm,false
2,SSAT BR,fiducial,ILIS -1 side,ILIS -1 side,p175,p175,z,814.16,,mm,false
2,SSAT BR,fiducial,ILIS -1 side,ILIS -1 side,p176,p176,x,2176.12,,mm,false
2,SSAT BR,fiducial,ILIS -1 side,ILIS -1 side,p176,p176,y,-382.34,,mm,false
2,SSAT BR,fiducial,ILIS -1 side,ILIS -1 side,p176,p176,z,3483.75,,mm,false
2,SSAT BR,fiducial,ILIS -1 side,ILIS -1 side,p177,p177,x,2175.07,,mm,false
2,SSAT BR,fiducial,ILIS -1 side,ILIS -1 side,p177,p177,y,-382.28,,mm,false
2,SSAT BR,fiducial,ILIS -1 side,ILIS -1 side,p177,p177,z,1491.32,,mm,false
2,SSAT BR,fiducial,ILIS -1 side,ILIS -1 side,p178,p178,x,2174.49,,mm,false
2,SSAT BR,fiducial,ILIS -1 side,ILIS -1 side,p178,p178,y,-382.17,,mm,false
2,SSAT BR,fiducial,ILIS -1 side,ILIS -1 side,p178,p178,z,487.09,,mm,false
2,SSAT BR,fiducial,ILIS -1 side,ILIS -1 side,p179,p179,x,2172.69,,mm,false
2,SSAT BR,fiducial,ILIS -1 side,ILIS -1 side,p179,p179,y,-382.13,,mm,false
2,SSAT BR,fiducial,ILIS -1 side,ILIS -1 side,p179,p179,z,-1447.84,,mm,false
2,SSAT BR,fiducial,ILIS -1 side,ILIS -1 side,p180,p180,x,2174.23,,mm,false
2,SSAT BR,fiducial,ILIS -1 side,ILIS -1 side,p180,p180,y,-382.12,,mm,false
2,SSAT BR,fiducial,ILIS -1 side,ILIS -1 side,p180,p180,z,252.14,,mm,false
2,SSAT BR,fiducial,ILIS -1 side,ILIS -1 side,p181,p181,x,2173.31,,mm,false
2,SSAT BR,fiducial,ILIS -1 side,ILIS -1 side,p181,p181,y,-381.88,,mm,false
2,SSAT BR,fiducial,ILIS -1 side,ILIS -1 side,p181,p181,z,2553.14,,mm,false
2,SSAT BR,fiducial,ILIS -1 side,ILIS -1 side,p182,p182,x,2171.01,,mm,false
2,SSAT BR,fiducial,ILIS -1 side,ILIS -1 side,p182,p182,y,-381.88,,mm,false
2,SSAT BR,fiducial,ILIS -1 side,ILIS -1 side,p182,p182,z,-2531.14,,mm,false
2,SSAT BR,fiducial,ILIS -1 side,ILIS -1 side,p183,p183,x,2170.97,,mm,false
2,SSAT BR,fiducial,ILIS -1 side,ILIS -1 side,p183,p183,y,-381.59,,mm,false
2,SSAT BR,fiducial,ILIS -1 side,ILIS -1 side,p183,p183,z,551.63,,mm,false
2,SSAT BR,fiducial,ILIS -1 side,ILIS -1 side,p184,p184,x,2168.88,,mm,false
2,SSAT BR,fiducial,ILIS -1 side,ILIS -1 side,p184,p184,y,-381.28,,mm,false
2,SSAT BR,fiducial,ILIS -1 side,ILIS -1 side,p184,p184,z,-456.61,,mm,false
3,SSAT BR,fiducial,CCL,CCL,A,A,x,2712.409276593337,0.4,mm,false
3,SSAT BR,fiducial,CCL,CCL,A,A,y,-0.04698910994019631,0.4,mm,false
3,SSAT BR,fiducial,CCL,CCL,A,A,z,-3700.473769529045,0.4,mm,false
3,SSAT BR,fiducial,CCL,CCL,B,B,x,2712.662851497279,0.4,mm,false
3,SSAT BR,fiducial,CCL,CCL,B,B,y,-0.1495834464790333,0.4,mm,false
3,SSAT BR,fiducial,CCL,CCL,B,B,z,3699.921244260075,0.4,mm,false
3,SSAT BR,fiducial,CCL,CCL,C,C,x,5333.27294616548,0.4,mm,false
3,SSAT BR,fiducial,CCL,CCL,C,C,y,0.7859621116482703,0.4,mm,false
3,SSAT BR,fiducial,CCL,CCL,C,C,z,6297.66749598648,0.4,mm,false
3,SSAT BR,fiducial,CCL,CCL,D,D,x,8977.519099928279,0.7,mm,false
3,SSAT BR,fiducial,CCL,CCL,D,D,y,-0.4336310256532162,0.7,mm,false
3,SSAT BR,fiducial,CCL,CCL,D,D,z,4435.70593038088,0.7,mm,false
3,SSAT BR,fiducial,CCL,CCL,E,E,x,9584.14705594145,0.5,mm,false
3,SSAT BR,fiducial,CCL,CCL,E,E,y,-0.0240949103845368,0.5,mm,false
3,SSAT BR,fiducial,CCL,CCL,E,E,z,-3694.378876370185,0.5,mm,false
3,SSAT BR,fiducial,CCL,CCL,F,F',x,4283.834611853225,0.4,mm,false
3,SSAT BR,fiducial,CCL,CCL,F,F',y,0.6726221206703953,0.4,mm,false
3,SSAT BR,fiducial,CCL,CCL,F,F',z,-6133.884296745511,0.4,mm,false
3,SSAT BR,fiducial,CCL,CCL,G,G,x,10728.30610005503,0.4,mm,false
3,SSAT BR,fiducial,CCL,CCL,G,G,y,-0.2165980050574377,0.4,mm,false
3,SSAT BR,fiducial,CCL,CCL,G,G,z,-0.3750804503465658,0.4,mm,false
3,SSAT BR,fiducial,CCL,CCL,H,H,x,2713.216137224705,0.7,mm,false
3,SSAT BR,fiducial,CCL,CCL,H,H,y,-0.9006996665606304,0.7,mm,false
3,SSAT BR,fiducial,CCL,CCL,H,H,z,-0.07381992532677406,0.7,mm,false
3,SSAT BR,fiducial,Fiducial,Fiducial,A4-AU,A4-AU,x,2708.65,,mm,false
3,SSAT BR,fiducial,Fiducial,Fiducial,A4-AU,A4-AU,y,-512.3,,mm,false
3,SSAT BR,fiducial,Fiducial,Fiducial,A4-AU,A4-AU,z,-3700.97,,mm,false
3,SSAT BR,fiducial,Fiducial,Fiducial,H4-AU,H4-AU,x,2708.09,,mm,false
3,SSAT BR,fiducial,Fiducial,Fiducial,H4-AU,H4-AU,y,-514.34,,mm,false
3,SSAT BR,fiducial,Fiducial,Fiducial,H4-AU,H4-AU,z,-0.78,,mm,false
3,SSAT BR,fiducial,Fiducial,Fiducial,A3-AU,A3-AU,x,3127.35,,mm,false
3,SSAT BR,fiducial,Fiducial,Fiducial,A3-AU,A3-AU,y,-1.07,,mm,false
3,SSAT BR,fiducial,Fiducial,Fiducial,A3-AU,A3-AU,z,-3699.62,,mm,false
3,SSAT BR,fiducial,Fiducial,Fiducial,H3-AU,H3-AU,x,3126.71,,mm,false
3,SSAT BR,fiducial,Fiducial,Fiducial,H3-AU,H3-AU,y,-2.05,,mm,false
3,SSAT BR,fiducial,Fiducial,Fiducial,H3-AU,H3-AU,z,0.05,,mm,false
3,SSAT BR,fiducial,Fiducial,Fiducial,B4-AU,B4-AU,x,2708.87,,mm,false
3,SSAT BR,fiducial,Fiducial,Fiducial,B4-AU,B4-AU,y,-513.68,,mm,false
3,SSAT BR,fiducial,Fiducial,Fiducial,B4-AU,B4-AU,z,3699.32,,mm,false
3,SSAT BR,fiducial,Fiducial,Fiducial,B3-AU,B3-AU,x,3127.4,,mm,false
3,SSAT BR,fiducial,Fiducial,Fiducial,B3-AU,B3-AU,y,-2.47,,mm,false
3,SSAT BR,fiducial,Fiducial,Fiducial,B3-AU,B3-AU,z,3699.89,,mm,false
3,SSAT BR,fiducial,Fiducial,Fiducial,F4-AU,F4-AU,x,5334.63,,mm,false
3,SSAT BR,fiducial,Fiducial,Fiducial,F4-AU,F4-AU,y,-591.87,,mm,false
3,SSAT BR,fiducial,Fiducial,Fiducial,F4-AU,F4-AU,z,-6324.5,,mm,false
3,SSAT BR,fiducial,Fiducial,Fiducial,P20-IIS,P20-IIS,x,3776.06,,mm,false
3,SSAT BR,fiducial,Fiducial,Fiducial,P20-IIS,P20-IIS,y,-701.49,,mm,false
3,SSAT BR,fiducial,Fiducial,Fiducial,P20-IIS,P20-IIS,z,-6179.83,,mm,false
3,SSAT BR,fiducial,Fiducial,Fiducial,P10-OIS,P10-OIS,x,5989.05,,mm,false
3,SSAT BR,fiducial,Fiducial,Fiducial,P10-OIS,P10-OIS,y,-1091.68,,mm,false
3,SSAT BR,fiducial,Fiducial,Fiducial,P10-OIS,P10-OIS,z,-6118.82,,mm,false
3,SSAT BR,fiducial,Fiducial,Fiducial,P11-OIS,P11-OIS,x,7538.78,,mm,false
3,SSAT BR,fiducial,Fiducial,Fiducial,P11-OIS,P11-OIS,y,-1367.92,,mm,false
3,SSAT BR,fiducial,Fiducial,Fiducial,P11-OIS,P11-OIS,z,-6355.67,,mm,false
3,SSAT BR,fiducial,Fiducial,Fiducial,E4-BU,E4-BU,x,9103.95,,mm,false
3,SSAT BR,fiducial,Fiducial,Fiducial,E4-BU,E4-BU,y,-564.97,,mm,false
3,SSAT BR,fiducial,Fiducial,Fiducial,E4-BU,E4-BU,z,-4312.04,,mm,false
3,SSAT BR,fiducial,Fiducial,Fiducial,P12-IOIS,P12-IOIS,x,9865.57,,mm,false
3,SSAT BR,fiducial,Fiducial,Fiducial,P12-IOIS,P12-IOIS,y,-1774.92,,mm,false
3,SSAT BR,fiducial,Fiducial,Fiducial,P12-IOIS,P12-IOIS,z,-2997.99,,mm,false
3,SSAT BR,fiducial,Fiducial,Fiducial,P11-IOIS,P11-IOIS,x,10480.82,,mm,false
3,SSAT BR,fiducial,Fiducial,Fiducial,P11-IOIS,P11-IOIS,y,-1884.22,,mm,false
3,SSAT BR,fiducial,Fiducial,Fiducial,P11-IOIS,P11-IOIS,z,-1246.92,,mm,false
3,SSAT BR,fiducial,Fiducial,Fiducial,G4-BU,G4-BU,x,10727.17,,mm,false
3,SSAT BR,fiducial,Fiducial,Fiducial,G4-BU,G4-BU,y,-565.15,,mm,false
3,SSAT BR,fiducial,Fiducial,Fiducial,G4-BU,G4-BU,z,-0.18,,mm,false
3,SSAT BR,fiducial,Fiducial,Fiducial,G3-BU,G3-BU,x,10255.42,,mm,false
3,SSAT BR,fiducial,Fiducial,Fiducial,G3-BU,G3-BU,y,-1.52,,mm,false
3,SSAT BR,fiducial,Fiducial,Fiducial,G3-BU,G3-BU,z,-0.56,,mm,false
3,SSAT BR,fiducial,Fiducial,Fiducial,P10-IOIS,P10-IOIS,x,10095.86,,mm,false
3,SSAT BR,fiducial,Fiducial,Fiducial,P10-IOIS,P10-IOIS,y,-1814.7,,mm,false
3,SSAT BR,fiducial,Fiducial,Fiducial,P10-IOIS,P10-IOIS,z,2375.8,,mm,false
3,SSAT BR,fiducial,Fiducial,Fiducial,D4-BU,D4-BU,x,8783.33,,mm,false
3,SSAT BR,fiducial,Fiducial,Fiducial,D4-BU,D4-BU,y,-564.63,,mm,false
3,SSAT BR,fiducial,Fiducial,Fiducial,D4-BU,D4-BU,z,4631.98,,mm,false
3,SSAT BR,fiducial,Fiducial,Fiducial,D3-BU,D3-BU,x,8450.15,,mm,false
3,SSAT BR,fiducial,Fiducial,Fiducial,D3-BU,D3-BU,y,-1.76,,mm,false
3,SSAT BR,fiducial,Fiducial,Fiducial,D3-BU,D3-BU,z,4299.1,,mm,false
3,SSAT BR,fiducial,Fiducial,Fiducial,P8-IOIS,P8-IOIS,x,7535.7,,mm,false
3,SSAT BR,fiducial,Fiducial,Fiducial,P8-IOIS,P8-IOIS,y,-1368.32,,mm,false
3,SSAT BR,fiducial,Fiducial,Fiducial,P8-IOIS,P8-IOIS,z,6355.86,,mm,false
3,SSAT BR,fiducial,Fiducial,Fiducial,AU_CP_37,AU_CP_37,x,4819.13,,mm,false
3,SSAT BR,fiducial,Fiducial,Fiducial,AU_CP_37,AU_CP_37,y,-713.95,,mm,false
3,SSAT BR,fiducial,Fiducial,Fiducial,AU_CP_37,AU_CP_37,z,-5895.72,,mm,false
3,SSAT BR,fiducial,Fiducial,Fiducial,CP_ADD_16,CP_ADD_16,x,3103.53,,mm,false
3,SSAT BR,fiducial,Fiducial,Fiducial,CP_ADD_16,CP_ADD_16,y,-253.41,,mm,false
3,SSAT BR,fiducial,Fiducial,Fiducial,CP_ADD_16,CP_ADD_16,z,100.38,,mm,false
3,SSAT BR,fiducial,Fiducial,Fiducial,CP_ADD_15,CP_ADD_15,x,3097.59,,mm,false
3,SSAT BR,fiducial,Fiducial,Fiducial,CP_ADD_15,CP_ADD_15,y,314.32,,mm,false
3,SSAT BR,fiducial,Fiducial,Fiducial,CP_ADD_15,CP_ADD_15,z,87.75,,mm,false
3,SSAT BR,fiducial,Fiducial,Fiducial,Add_PM_24,Add_PM_24,x,4289.81,,mm,false
3,SSAT BR,fiducial,Fiducial,Fiducial,Add_PM_24,Add_PM_24,y,-356.46,,mm,false
3,SSAT BR,fiducial,Fiducial,Fiducial,Add_PM_24,Add_PM_24,z,5640.6,,mm,false
3,SSAT BR,fiducial,Fiducial,Fiducial,Add_PM_25,Add_PM_25,x,4280.32,,mm,false
3,SSAT BR,fiducial,Fiducial,Fiducial,Add_PM_25,Add_PM_25,y,408.52,,mm,false
3,SSAT BR,fiducial,Fiducial,Fiducial,Add_PM_25,Add_PM_25,z,5640.39,,mm,false
3,SSAT BR,fiducial,Fiducial,Fiducial,Add_PM_19,Add_PM_19,x,8989.89,,mm,false
3,SSAT BR,fiducial,Fiducial,Fiducial,Add_PM_19,Add_PM_19,y,339.09,,mm,false
3,SSAT BR,fiducial,Fiducial,Fiducial,Add_PM_19,Add_PM_19,z,3725.66,,mm,false
3,SSAT BR,fiducial,Fiducial,Fiducial,Add_PM_8,Add_PM_8,x,8993.05,,mm,false
3,SSAT BR,fiducial,Fiducial,Fiducial,Add_PM_8,Add_PM_8,y,-287.62,,mm,false
3,SSAT BR,fiducial,Fiducial,Fiducial,Add_PM_8,Add_PM_8,z,3719.41,,mm,false
3,SSAT BR,fiducial,Fiducial,Fiducial,BU_CP_52,BU_CP_52,x,10274.62,,mm,false
3,SSAT BR,fiducial,Fiducial,Fiducial,BU_CP_52,BU_CP_52,y,-751.78,,mm,false
3,SSAT BR,fiducial,Fiducial,Fiducial,BU_CP_52,BU_CP_52,z,-1198.27,,mm,false
3,SSAT BR,fiducial,Fiducial,Fiducial,C3-BP,C3-BP,x,5935.4,,mm,false
3,SSAT BR,fiducial,Fiducial,Fiducial,C3-BP,C3-BP,y,-1.64,,mm,false
3,SSAT BR,fiducial,Fiducial,Fiducial,C3-BP,C3-BP,z,5768.88,,mm,false
3,SSAT BR,fiducial,Fiducial,Fiducial,C4-AU,C4-AU,x,5335.39,,mm,false
3,SSAT BR,fiducial,Fiducial,Fiducial,C4-AU,C4-AU,y,-563.07,,mm,false
3,SSAT BR,fiducial,Fiducial,Fiducial,C4-AU,C4-AU,z,6296.49,,mm,false
3,SSAT BR,fiducial,Fiducial,Fiducial,F3-BP,F3-BP,x,5759.22,,mm,false
3,SSAT BR,fiducial,Fiducial,Fiducial,F3-BP,F3-BP,y,0.36,,mm,false
3,SSAT BR,fiducial,Fiducial,Fiducial,F3-BP,F3-BP,z,-5795.07,,mm,false
3,SSAT BR,fiducial,Fiducial,Fiducial,E3-BU,E3-BU,x,8740.64,,mm,false
3,SSAT BR,fiducial,Fiducial,Fiducial,E3-BU,E3-BU,y,1.77,,mm,false
3,SSAT BR,fiducial,Fiducial,Fiducial,E3-BU,E3-BU,z,-3996.6,,mm,false
3,SSAT BR,fiducial,Fiducial,Fiducial,Add_PM_13,Add_PM_13,x,4206.01,,mm,false
3,SSAT BR,fiducial,Fiducial,Fiducial,Add_PM_13,Add_PM_13,y,351.95,,mm,false
3,SSAT BR,fiducial,Fiducial,Fiducial,Add_PM_13,Add_PM_13,z,-5600.72,,mm,false
3,SSAT BR,fiducial,Fiducial,Fiducial,Add_PM_12,Add_PM_12,x,4190.73,,mm,false
3,SSAT BR,fiducial,Fiducial,Fiducial,Add_PM_12,Add_PM_12,y,-342.39,,mm,false
3,SSAT BR,fiducial,Fiducial,Fiducial,Add_PM_12,Add_PM_12,z,-5592.18,,mm,false
3,SSAT BR,fiducial,Fiducial,Fiducial,Add_PM_22,Add_PM_22,x,6587.94,,mm,false
3,SSAT BR,fiducial,Fiducial,Fiducial,Add_PM_22,Add_PM_22,y,344.87,,mm,false
3,SSAT BR,fiducial,Fiducial,Fiducial,Add_PM_22,Add_PM_22,z,5566.35,,mm,false
3,SSAT BR,fiducial,Fiducial,Fiducial,Add_PM_23,Add_PM_23,x,6595.43,,mm,false
3,SSAT BR,fiducial,Fiducial,Fiducial,Add_PM_23,Add_PM_23,y,-272.86,,mm,false
3,SSAT BR,fiducial,Fiducial,Fiducial,Add_PM_23,Add_PM_23,z,5563.05,,mm,false
3,SSAT BR,fiducial,Fiducial,Fiducial,CP_UNK,CP_UNK,x,10269.19,,mm,false
3,SSAT BR,fiducial,Fiducial,Fiducial,CP_UNK,CP_UNK,y,-372.63,,mm,false
3,SSAT BR,fiducial,Fiducial,Fiducial,CP_UNK,CP_UNK,z,310.87,,mm,false
3,SSAT BR,fiducial,Fiducial,Fiducial,Add_PM_4,Add_PM_4,x,9304.77,,mm,false
3,SSAT BR,fiducial,Fiducial,Fiducial,Add_PM_4,Add_PM_4,y,-315.17,,mm,false
3,SSAT BR,fiducial,Fiducial,Fiducial,Add_PM_4,Add_PM_4,z,-3284.19,,mm,false
3,SSAT BR,fiducial,Fiducial,Fiducial,Add_PM_16,Add_PM_16,x,9313.8,,mm,false
3,SSAT BR,fiducial,Fiducial,Fiducial,Add_PM_16,Add_PM_16,y,280.14,,mm,false
3,SSAT BR,fiducial,Fiducial,Fiducial,Add_PM_16,Add_PM_16,z,-3270.89,,mm,false
3,SSAT BR,fiducial,Fiducial,Fiducial,Add_PM_5,Add_PM_5,x,6785.3,,mm,false
3,SSAT BR,fiducial,Fiducial,Fiducial,Add_PM_5,Add_PM_5,y,-282.06,,mm,false
3,SSAT BR,fiducial,Fiducial,Fiducial,Add_PM_5,Add_PM_5,z,-5481.04,,mm,false
3,SSAT BR,fiducial,Fiducial,Fiducial,Add_PM_14,Add_PM_14,x,6771.27,,mm,false
3,SSAT BR,fiducial,Fiducial,Fiducial,Add_PM_14,Add_PM_14,y,286.42,,mm,false
3,SSAT BR,fiducial,Fiducial,Fiducial,Add_PM_14,Add_PM_14,z,-5487.88,,mm,false
3,SSAT BR,fiducial,Fiducial,Fiducial,P8-OIS,P8-OIS,x,7535.72,,mm,false
3,SSAT BR,fiducial,Fiducial,Fiducial,P8-OIS,P8-OIS,y,-1368.32,,mm,false
3,SSAT BR,fiducial,Fiducial,Fiducial,P8-OIS,P8-OIS,z,6355.86,,mm,false
3,SSAT BR,fiducial,Fiducial,Fiducial,B1-AU,B1-AU,x,2152.7,,mm,false
3,SSAT BR,fiducial,Fiducial,Fiducial,B1-AU,B1-AU,y,-1.46,,mm,false
3,SSAT BR,fiducial,Fiducial,Fiducial,B1-AU,B1-AU,z,3699.59,,mm,false
3,SSAT BR,fiducial,Fiducial,Fiducial,AU_CP_19,AU_CP_19,x,2137.03,,mm,false
3,SSAT BR,fiducial,Fiducial,Fiducial,AU_CP_19,AU_CP_19,y,335.77,,mm,false
3,SSAT BR,fiducial,Fiducial,Fiducial,AU_CP_19,AU_CP_19,z,1577.47,,mm,false
3,SSAT BR,fiducial,Fiducial,Fiducial,H1-AU,H1-AU,x,2152.39,,mm,false
3,SSAT BR,fiducial,Fiducial,Fiducial,H1-AU,H1-AU,y,-1.09,,mm,false
3,SSAT BR,fiducial,Fiducial,Fiducial,H1-AU,H1-AU,z,-0.48,,mm,false
3,SSAT BR,fiducial,Fiducial,Fiducial,A1-AU,A1-AU,x,2152.39,,mm,false
3,SSAT BR,fiducial,Fiducial,Fiducial,A1-AU,A1-AU,y,-0.22,,mm,false
3,SSAT BR,fiducial,Fiducial,Fiducial,A1-AU,A1-AU,z,-3700.66,,mm,false
3,SSAT BR,fiducial,Fiducial,Fiducial,AU_CP_28,AU_CP_28,x,2163.2,,mm,false
3,SSAT BR,fiducial,Fiducial,Fiducial,AU_CP_28,AU_CP_28,y,-10.35,,mm,false
3,SSAT BR,fiducial,Fiducial,Fiducial,AU_CP_28,AU_CP_28,z,-4236.16,,mm,false
3,SSAT BR,fiducial,Fiducial,Fiducial,AU_CP_29,AU_CP_29,x,2169.2,,mm,false
3,SSAT BR,fiducial,Fiducial,Fiducial,AU_CP_29,AU_CP_29,y,19.33,,mm,false
3,SSAT BR,fiducial,Fiducial,Fiducial,AU_CP_29,AU_CP_29,z,-5805.09,,mm,false
3,SSAT BR,fiducial,Fiducial,Fiducial,AU_CP_13,AU_CP_13,x,2163.49,,mm,false
3,SSAT BR,fiducial,Fiducial,Fiducial,AU_CP_13,AU_CP_13,y,4.89,,mm,false
3,SSAT BR,fiducial,Fiducial,Fiducial,AU_CP_13,AU_CP_13,z,4239.47,,mm,false
3,SSAT BR,fiducial,Fiducial,Fiducial,TFC03_LEG0,TFC03_LEG0,x,10101.26,,mm,false
3,SSAT BR,fiducial,Fiducial,Fiducial,TFC03_LEG0,TFC03_LEG0,y,-548.59,,mm,false
3,SSAT BR,fiducial,Fiducial,Fiducial,TFC03_LEG0,TFC03_LEG0,z,-4148.9,,mm,false
3,SSAT BR,fiducial,Fiducial,Fiducial,TFC03_LEG1,TFC03_LEG1,x,10103.0,,mm,false
3,SSAT BR,fiducial,Fiducial,Fiducial,TFC03_LEG1,TFC03_LEG1,y,-548.4,,mm,false
3,SSAT BR,fiducial,Fiducial,Fiducial,TFC03_LEG1,TFC03_LEG1,z,-4366.16,,mm,false
3,SSAT BR,fiducial,Fiducial,Fiducial,TF03_IOIS_LR-6,TF03_IOIS_LR-6,x,10260.78,,mm,false
3,SSAT BR,fiducial,Fiducial,Fiducial,TF03_IOIS_LR-6,TF03_IOIS_LR-6,y,-547.74,,mm,false
3,SSAT BR,fiducial,Fiducial,Fiducial,TF03_IOIS_LR-6,TF03_IOIS_LR-6,z,-4093.88,,mm,false
3,SSAT BR,fiducial,Fiducial,Fiducial,TFC03_LEG2,TFC03_LEG2,x,9954.98,,mm,false
3,SSAT BR,fiducial,Fiducial,Fiducial,TFC03_LEG2,TFC03_LEG2,y,-830.1,,mm,false
3,SSAT BR,fiducial,Fiducial,Fiducial,TFC03_LEG2,TFC03_LEG2,z,-4694.4,,mm,false
3,SSAT BR,fiducial,Fiducial,Fiducial,TFC03_LEG3,TFC03_LEG3,x,11076.28,,mm,false
3,SSAT BR,fiducial,Fiducial,Fiducial,TFC03_LEG3,TFC03_LEG3,y,-829.07,,mm,false
3,SSAT BR,fiducial,Fiducial,Fiducial,TFC03_LEG3,TFC03_LEG3,z,-4678.3,,mm,false
3,SSAT BR,fiducial,Fiducial,Fiducial,TFC03_LEG4,TFC03_LEG4,x,10910.43,,mm,false
3,SSAT BR,fiducial,Fiducial,Fiducial,TFC03_LEG4,TFC03_LEG4,y,-548.6,,mm,false
3,SSAT BR,fiducial,Fiducial,Fiducial,TFC03_LEG4,TFC03_LEG4,z,-4152.61,,mm,false
3,SSAT BR,fiducial,Fiducial,Fiducial,TFC03_LEG5,TFC03_LEG5,x,10910.87,,mm,false
3,SSAT BR,fiducial,Fiducial,Fiducial,TFC03_LEG5,TFC03_LEG5,y,-548.43,,mm,false
3,SSAT BR,fiducial,Fiducial,Fiducial,TFC03_LEG5,TFC03_LEG5,z,-4361.16,,mm,false
3,SSAT BR,fiducial,Fiducial,Fiducial,TF03_IOIS_LR-5,TF03_IOIS_LR-5,x,10910.68,,mm,false
3,SSAT BR,fiducial,Fiducial,Fiducial,TF03_IOIS_LR-5,TF03_IOIS_LR-5,y,-547.66,,mm,false
3,SSAT BR,fiducial,Fiducial,Fiducial,TF03_IOIS_LR-5,TF03_IOIS_LR-5,z,-4091.67,,mm,false
3,SSAT BR,fiducial,Fiducial,Fiducial,TFC03_LEG6,TFC03_LEG6,x,10520.43,,mm,false
3,SSAT BR,fiducial,Fiducial,Fiducial,TFC03_LEG6,TFC03_LEG6,y,-548.63,,mm,false
3,SSAT BR,fiducial,Fiducial,Fiducial,TFC03_LEG6,TFC03_LEG6,z,-3801.54,,mm,false
3,SSAT BR,fiducial,Fiducial,Fiducial,F3-AP,F3-AP,x,5132.34,,mm,false
3,SSAT BR,fiducial,Fiducial,Fiducial,F3-AP,F3-AP,y,-0.19,,mm,false
3,SSAT BR,fiducial,Fiducial,Fiducial,F3-AP,F3-AP,z,-5827.35,,mm,false
3,SSAT BR,fiducial,Fiducial,Fiducial,C3-AP,C3-AP,x,4958.59,,mm,false
3,SSAT BR,fiducial,Fiducial,Fiducial,C3-AP,C3-AP,y,-1.45,,mm,false
3,SSAT BR,fiducial,Fiducial,Fiducial,C3-AP,C3-AP,z,5801.24,,mm,false
3,SSAT BR,fiducial,Fiducial,Fiducial,BU_CP_24,BU_CP_24,x,9122.43,,mm,false
3,SSAT BR,fiducial,Fiducial,Fiducial,BU_CP_24,BU_CP_24,y,-692.31,,mm,false
3,SSAT BR,fiducial,Fiducial,Fiducial,BU_CP_24,BU_CP_24,z,3748.65,,mm,false
3,SSAT BR,fiducial,Fiducial,Fiducial,P9-IOIS,P9-IOIS,x,9293.97,,mm,false
3,SSAT BR,fiducial,Fiducial,Fiducial,P9-IOIS,P9-IOIS,y,-1673.19,,mm,false
3,SSAT BR,fiducial,Fiducial,Fiducial,P9-IOIS,P9-IOIS,z,3878.63,,mm,false
3,SSAT BR,fiducial,Fiducial,Fiducial,P15-IIS,P15-IIS,x,3776.22,,mm,false
3,SSAT BR,fiducial,Fiducial,Fiducial,P15-IIS,P15-IIS,y,-702.93,,mm,false
3,SSAT BR,fiducial,Fiducial,Fiducial,P15-IIS,P15-IIS,z,6149.41,,mm,false
3,SSAT BR,fiducial,Fiducial,Fiducial,TF03_IOIS_UR-1,TF03_IOIS_UR-1,x,9865.78,,mm,false
3,SSAT BR,fiducial,Fiducial,Fiducial,TF03_IOIS_UR-1,TF03_IOIS_UR-1,y,-751.09,,mm,false
3,SSAT BR,fiducial,Fiducial,Fiducial,TF03_IOIS_UR-1,TF03_IOIS_UR-1,z,3786.26,,mm,false
3,SSAT BR,fiducial,Fiducial,Fiducial,TF03_IOIS_UR-5,TF03_IOIS_UR-5,x,11127.16,,mm,false
3,SSAT BR,fiducial,Fiducial,Fiducial,TF03_IOIS_UR-5,TF03_IOIS_UR-5,y,-634.2,,mm,false
3,SSAT BR,fiducial,Fiducial,Fiducial,TF03_IOIS_UR-5,TF03_IOIS_UR-5,z,3326.38,,mm,false
3,SSAT BR,fiducial,Fiducial,Fiducial,TF03_IOIS_UR-6,TF03_IOIS_UR-6,x,10966.05,,mm,false
3,SSAT BR,fiducial,Fiducial,Fiducial,TF03_IOIS_UR-6,TF03_IOIS_UR-6,y,-548.83,,mm,false
3,SSAT BR,fiducial,Fiducial,Fiducial,TF03_IOIS_UR-6,TF03_IOIS_UR-6,z,2428.0,,mm,false
3,SSAT BR,fiducial,Fiducial,Fiducial,TF03_IOIS_UR-3,TF03_IOIS_UR-3,x,10458.31,,mm,false
3,SSAT BR,fiducial,Fiducial,Fiducial,TF03_IOIS_UR-3,TF03_IOIS_UR-3,y,-964.69,,mm,false
3,SSAT BR,fiducial,Fiducial,Fiducial,TF03_IOIS_UR-3,TF03_IOIS_UR-3,z,2462.96,,mm,false
3,SSAT BR,fiducial,Fiducial,Fiducial,TF03_IOIS_UR-2,TF03_IOIS_UR-2,x,10028.92,,mm,false
3,SSAT BR,fiducial,Fiducial,Fiducial,TF03_IOIS_UR-2,TF03_IOIS_UR-2,y,-930.52,,mm,false
3,SSAT BR,fiducial,Fiducial,Fiducial,TF03_IOIS_UR-2,TF03_IOIS_UR-2,z,3250.1,,mm,false
3,SSAT BR,fiducial,Fiducial,Fiducial,TF03_IOIS_LR-1,TF03_IOIS_LR-1,x,10780.33,,mm,false
3,SSAT BR,fiducial,Fiducial,Fiducial,TF03_IOIS_LR-1,TF03_IOIS_LR-1,y,-857.61,,mm,false
3,SSAT BR,fiducial,Fiducial,Fiducial,TF03_IOIS_LR-1,TF03_IOIS_LR-1,z,-1647.65,,mm,false
3,SSAT BR,fiducial,Fiducial,Fiducial,TF03_IOIS_LR-2,TF03_IOIS_LR-2,x,10479.31,,mm,false
3,SSAT BR,fiducial,Fiducial,Fiducial,TF03_IOIS_LR-2,TF03_IOIS_LR-2,y,-1021.57,,mm,false
3,SSAT BR,fiducial,Fiducial,Fiducial,TF03_IOIS_LR-2,TF03_IOIS_LR-2,z,-2208.86,,mm,false
3,SSAT BR,fiducial,Fiducial,Fiducial,TF03_IOIS_LR-4,TF03_IOIS_LR-4,x,10907.08,,mm,false
3,SSAT BR,fiducial,Fiducial,Fiducial,TF03_IOIS_LR-4,TF03_IOIS_LR-4,y,-547.99,,mm,false
3,SSAT BR,fiducial,Fiducial,Fiducial,TF03_IOIS_LR-4,TF03_IOIS_LR-4,z,-2059.32,,mm,false
3,SSAT BR,fiducial,Fiducial,Fiducial,TF03_IOIS_LR-3,TF03_IOIS_LR-3,x,10186.37,,mm,false
3,SSAT BR,fiducial,Fiducial,Fiducial,TF03_IOIS_LR-3,TF03_IOIS_LR-3,y,-974.0,,mm,false
3,SSAT BR,fiducial,Fiducial,Fiducial,TF03_IOIS_LR-3,TF03_IOIS_LR-3,z,-3060.26,,mm,false
3,SSAT BR,fiducial,Fiducial,Fiducial,TFC03_LEG7,TFC03_LEG7,x,11214.95,,mm,false
3,SSAT BR,fiducial,Fiducial,Fiducial,TFC03_LEG7,TFC03_LEG7,y,-667.64,,mm,false
3,SSAT BR,fiducial,Fiducial,Fiducial,TFC03_LEG7,TFC03_LEG7,z,-4577.15,,mm,false
3,SSAT BR,fiducial,Fiducial,Fiducial,TFC03_LEG8,TFC03_LEG8,x,11039.65,,mm,false
3,SSAT BR,fiducial,Fiducial,Fiducial,TFC03_LEG8,TFC03_LEG8,y,1.23,,mm,false
3,SSAT BR,fiducial,Fiducial,Fiducial,TFC03_LEG8,TFC03_LEG8,z,-3767.68,,mm,false
3,SSAT BR,fiducial,Fiducial,Fiducial,TFC03_LEG9,TFC03_LEG9,x,11215.07,,mm,false
3,SSAT BR,fiducial,Fiducial,Fiducial,TFC03_LEG9,TFC03_LEG9,y,676.85,,mm,false
3,SSAT BR,fiducial,Fiducial,Fiducial,TFC03_LEG9,TFC03_LEG9,z,-4591.75,,mm,false
3,SSAT BR,fiducial,Fiducial,Fiducial,TFC03_LEG10,TFC03_LEG10,x,9421.08,,mm,false
3,SSAT BR,fiducial,Fiducial,Fiducial,TFC03_LEG10,TFC03_LEG10,y,1.11,,mm,false
3,SSAT BR,fiducial,Fiducial,Fiducial,TFC03_LEG10,TFC03_LEG10,z,-4689.93,,mm,false
3,SSAT BR,fiducial,Fiducial,Fiducial,E1-BU,E1-BU,x,9486.28,,mm,false
3,SSAT BR,fiducial,Fiducial,Fiducial,E1-BU,E1-BU,y,-0.59,,mm,false
3,SSAT BR,fiducial,Fiducial,Fiducial,E1-BU,E1-BU,z,-4644.26,,mm,false
3,SSAT BR,fiducial,Fiducial,Fiducial,G1-BU,G1-BU,x,11233.98,,mm,false
3,SSAT BR,fiducial,Fiducial,Fiducial,G1-BU,G1-BU,y,-1.64,,mm,false
3,SSAT BR,fiducial,Fiducial,Fiducial,G1-BU,G1-BU,z,-0.37,,mm,false
3,SSAT BR,fiducial,Fiducial,Fiducial,BU_CP_34,BU_CP_34,x,9930.55,,mm,false
3,SSAT BR,fiducial,Fiducial,Fiducial,BU_CP_34,BU_CP_34,y,-686.95,,mm,false
3,SSAT BR,fiducial,Fiducial,Fiducial,BU_CP_34,BU_CP_34,z,2257.68,,mm,false
3,SSAT BR,fiducial,Fiducial,Fiducial,TF03_IOIS_UR-4,TF03_IOIS_UR-4,x,10287.21,,mm,false
3,SSAT BR,fiducial,Fiducial,Fiducial,TF03_IOIS_UR-4,TF03_IOIS_UR-4,y,-550.13,,mm,false
3,SSAT BR,fiducial,Fiducial,Fiducial,TF03_IOIS_UR-4,TF03_IOIS_UR-4,z,3920.84,,mm,false
3,SSAT BR,fiducial,Fiducial,Fiducial,AU_CP_11,AU_CP_11,x,2169.15,,mm,false
3,SSAT BR,fiducial,Fiducial,Fiducial,AU_CP_11,AU_CP_11,y,-7.5,,mm,false
3,SSAT BR,fiducial,Fiducial,Fiducial,AU_CP_11,AU_CP_11,z,5735.74,,mm,false
3,SSAT BR,fiducial,Fiducial,Fiducial,P4-CS,P4-CS,x,2821.2,,mm,false
3,SSAT BR,fiducial,Fiducial,Fiducial,P4-CS,P4-CS,y,-0.96,,mm,false
3,SSAT BR,fiducial,Fiducial,Fiducial,P4-CS,P4-CS,z,8049.89,,mm,false
3,SSAT BR,fiducial,Fiducial,Fiducial,BU_CP_18,BU_CP_18,x,9073.45,,mm,false
3,SSAT BR,fiducial,Fiducial,Fiducial,BU_CP_18,BU_CP_18,y,620.74,,mm,false
3,SSAT BR,fiducial,Fiducial,Fiducial,BU_CP_18,BU_CP_18,z,3793.01,,mm,false
3,SSAT BR,fiducial,Fiducial,Fiducial,BU_CP_33,BU_CP_33,x,9955.4,,mm,false
3,SSAT BR,fiducial,Fiducial,Fiducial,BU_CP_33,BU_CP_33,y,593.4,,mm,false
3,SSAT BR,fiducial,Fiducial,Fiducial,BU_CP_33,BU_CP_33,z,2173.68,,mm,false
3,SSAT BR,fiducial,Fiducial,Fiducial,B2-AU,B2-AU,x,2709.4,,mm,false
3,SSAT BR,fiducial,Fiducial,Fiducial,B2-AU,B2-AU,y,509.95,,mm,false
3,SSAT BR,fiducial,Fiducial,Fiducial,B2-AU,B2-AU,z,3699.17,,mm,false
3,SSAT BR,fiducial,Fiducial,Fiducial,H2-AU,H2-AU,x,2708.84,,mm,false
3,SSAT BR,fiducial,Fiducial,Fiducial,H2-AU,H2-AU,y,511.38,,mm,false
3,SSAT BR,fiducial,Fiducial,Fiducial,H2-AU,H2-AU,z,-0.57,,mm,false
3,SSAT BR,fiducial,Fiducial,Fiducial,A2-AU,A2-AU,x,2708.99,,mm,false
3,SSAT BR,fiducial,Fiducial,Fiducial,A2-AU,A2-AU,y,511.27,,mm,false
3,SSAT BR,fiducial,Fiducial,Fiducial,A2-AU,A2-AU,z,-3700.22,,mm,false
3,SSAT BR,fiducial,Fiducial,Fiducial,UNK_TOP,UNK_TOP,x,3438.43,,mm,false
3,SSAT BR,fiducial,Fiducial,Fiducial,UNK_TOP,UNK_TOP,y,640.2,,mm,false
3,SSAT BR,fiducial,Fiducial,Fiducial,UNK_TOP,UNK_TOP,z,5704.94,,mm,false
3,SSAT BR,fiducial,Fiducial,Fiducial,P14-IOIS,P14-IOIS,x,10099.84,,mm,false
3,SSAT BR,fiducial,Fiducial,Fiducial,P14-IOIS,P14-IOIS,y,1812.46,,mm,false
3,SSAT BR,fiducial,Fiducial,Fiducial,P14-IOIS,P14-IOIS,z,2375.3,,mm,false
3,SSAT BR,fiducial,Fiducial,Fiducial,P13-IOIS,P13-IOIS,x,9295.28,,mm,false
3,SSAT BR,fiducial,Fiducial,Fiducial,P13-IOIS,P13-IOIS,y,1670.36,,mm,false
3,SSAT BR,fiducial,Fiducial,Fiducial,P13-IOIS,P13-IOIS,z,3878.9,,mm,false
3,SSAT BR,fiducial,Fiducial,Fiducial,G2-BU,G2-BU,x,10728.09,,mm,false
3,SSAT BR,fiducial,Fiducial,Fiducial,G2-BU,G2-BU,y,561.37,,mm,false
3,SSAT BR,fiducial,Fiducial,Fiducial,G2-BU,G2-BU,z,-1.54,,mm,false
3,SSAT BR,fiducial,Fiducial,Fiducial,BU_CP_53,BU_CP_53,x,10301.07,,mm,false
3,SSAT BR,fiducial,Fiducial,Fiducial,BU_CP_53,BU_CP_53,y,677.96,,mm,false
3,SSAT BR,fiducial,Fiducial,Fiducial,BU_CP_53,BU_CP_53,z,-1069.85,,mm,false
3,SSAT BR,fiducial,Fiducial,Fiducial,BU_CP_57,BU_CP_57,x,9617.13,,mm,false
3,SSAT BR,fiducial,Fiducial,Fiducial,BU_CP_57,BU_CP_57,y,623.87,,mm,false
3,SSAT BR,fiducial,Fiducial,Fiducial,BU_CP_57,BU_CP_57,z,-2926.11,,mm,false
3,SSAT BR,fiducial,Fiducial,Fiducial,D2-BU,D2-BU,x,8784.62,,mm,false
3,SSAT BR,fiducial,Fiducial,Fiducial,D2-BU,D2-BU,y,562.17,,mm,false
3,SSAT BR,fiducial,Fiducial,Fiducial,D2-BU,D2-BU,z,4631.88,,mm,false
3,SSAT BR,fiducial,Fiducial,Fiducial,P15-IOIS,P15-IOIS,x,10482.21,,mm,false
3,SSAT BR,fiducial,Fiducial,Fiducial,P15-IOIS,P15-IOIS,y,1880.63,,mm,false
3,SSAT BR,fiducial,Fiducial,Fiducial,P15-IOIS,P15-IOIS,z,-1247.56,,mm,false
3,SSAT BR,fiducial,Fiducial,Fiducial,P3-OIS,P3-OIS,x,5988.42,,mm,false
3,SSAT BR,fiducial,Fiducial,Fiducial,P3-OIS,P3-OIS,y,1091.16,,mm,false
3,SSAT BR,fiducial,Fiducial,Fiducial,P3-OIS,P3-OIS,z,6116.34,,mm,false
3,SSAT BR,fiducial,Fiducial,Fiducial,BU_CP_58,BU_CP_58,x,10301.12,,mm,false
3,SSAT BR,fiducial,Fiducial,Fiducial,BU_CP_58,BU_CP_58,y,677.93,,mm,false
3,SSAT BR,fiducial,Fiducial,Fiducial,BU_CP_58,BU_CP_58,z,-1069.81,,mm,false
3,SSAT BR,fiducial,Fiducial,Fiducial,TFC03_LEG12,TFC03_LEG12,x,9954.69,,mm,false
3,SSAT BR,fiducial,Fiducial,Fiducial,TFC03_LEG12,TFC03_LEG12,y,829.07,,mm,false
3,SSAT BR,fiducial,Fiducial,Fiducial,TFC03_LEG12,TFC03_LEG12,z,-4623.59,,mm,false
3,SSAT BR,fiducial,Fiducial,Fiducial,TFC03_LEG11,TFC03_LEG11,x,11073.41,,mm,false
3,SSAT BR,fiducial,Fiducial,Fiducial,TFC03_LEG11,TFC03_LEG11,y,830.07,,mm,false
3,SSAT BR,fiducial,Fiducial,Fiducial,TFC03_LEG11,TFC03_LEG11,z,-4655.85,,mm,false
3,SSAT BR,fiducial,Fiducial,Fiducial,P16-IOIS,P16-IOIS,x,9865.66,,mm,false
3,SSAT BR,fiducial,Fiducial,Fiducial,P16-IOIS,P16-IOIS,y,1771.78,,mm,false
3,SSAT BR,fiducial,Fiducial,Fiducial,P16-IOIS,P16-IOIS,z,-2997.9,,mm,false
3,SSAT BR,fiducial,Fiducial,Fiducial,E2-BU,E2-BU,x,9104.87,,mm,false
3,SSAT BR,fiducial,Fiducial,Fiducial,E2-BU,E2-BU,y,562.99,,mm,false
3,SSAT BR,fiducial,Fiducial,Fiducial,E2-BU,E2-BU,z,-4312.74,,mm,false
3,SSAT BR,fiducial,Fiducial,Fiducial,E2-BU-ADD CCL,E2-BU-ADD CCL,x,9144.99,,mm,false
3,SSAT BR,fiducial,Fiducial,Fiducial,E2-BU-ADD CCL,E2-BU-ADD CCL,y,545.61,,mm,false
3,SSAT BR,fiducial,Fiducial,Fiducial,E2-BU-ADD CCL,E2-BU-ADD CCL,z,-4288.64,,mm,false
3,SSAT BR,fiducial,Fiducial,Fiducial,TFC03_LEG13,TFC03_LEG13,x,10487.59,,mm,false
3,SSAT BR,fiducial,Fiducial,Fiducial,TFC03_LEG13,TFC03_LEG13,y,547.85,,mm,false
3,SSAT BR,fiducial,Fiducial,Fiducial,TFC03_LEG13,TFC03_LEG13,z,-3785.77,,mm,false
3,SSAT BR,fiducial,Fiducial,Fiducial,BU_CP_55,BU_CP_55,x,9868.41,,mm,false
3,SSAT BR,fiducial,Fiducial,Fiducial,BU_CP_55,BU_CP_55,y,1753.64,,mm,false
3,SSAT BR,fiducial,Fiducial,Fiducial,BU_CP_55,BU_CP_55,z,-3060.11,,mm,false
3,SSAT BR,fiducial,Fiducial,Fiducial,TF03_IOIS_LL-5,TF03_IOIS_LL-5,x,10913.35,,mm,false
3,SSAT BR,fiducial,Fiducial,Fiducial,TF03_IOIS_LL-5,TF03_IOIS_LL-5,y,547.69,,mm,false
3,SSAT BR,fiducial,Fiducial,Fiducial,TF03_IOIS_LL-5,TF03_IOIS_LL-5,z,-4090.34,,mm,false
3,SSAT BR,fiducial,Fiducial,Fiducial,TF03_IOIS_LL-6,TF03_IOIS_LL-6,x,10257.98,,mm,false
3,SSAT BR,fiducial,Fiducial,Fiducial,TF03_IOIS_LL-6,TF03_IOIS_LL-6,y,547.05,,mm,false
3,SSAT BR,fiducial,Fiducial,Fiducial,TF03_IOIS_LL-6,TF03_IOIS_LL-6,z,-4091.26,,mm,false
3,SSAT BR,fiducial,Fiducial,Fiducial,TF03_IOIS_LL-3,TF03_IOIS_LL-3,x,10191.53,,mm,false
3,SSAT BR,fiducial,Fiducial,Fiducial,TF03_IOIS_LL-3,TF03_IOIS_LL-3,y,965.13,,mm,false
3,SSAT BR,fiducial,Fiducial,Fiducial,TF03_IOIS_LL-3,TF03_IOIS_LL-3,z,-3055.78,,mm,false
3,SSAT BR,fiducial,Fiducial,Fiducial,TF03_IOIS_LL-4,TF03_IOIS_LL-4,x,10906.69,,mm,false
3,SSAT BR,fiducial,Fiducial,Fiducial,TF03_IOIS_LL-4,TF03_IOIS_LL-4,y,546.74,,mm,false
3,SSAT BR,fiducial,Fiducial,Fiducial,TF03_IOIS_LL-4,TF03_IOIS_LL-4,z,-2060.61,,mm,false
3,SSAT BR,fiducial,Fiducial,Fiducial,TF03_IOIS_LL-2,TF03_IOIS_LL-2,x,10483.45,,mm,false
3,SSAT BR,fiducial,Fiducial,Fiducial,TF03_IOIS_LL-2,TF03_IOIS_LL-2,y,1017.74,,mm,false
3,SSAT BR,fiducial,Fiducial,Fiducial,TF03_IOIS_LL-2,TF03_IOIS_LL-2,z,-2196.25,,mm,false
3,SSAT BR,fiducial,Fiducial,Fiducial,TF03_IOIS_LL-1,TF03_IOIS_LL-1,x,10786.85,,mm,false
3,SSAT BR,fiducial,Fiducial,Fiducial,TF03_IOIS_LL-1,TF03_IOIS_LL-1,y,846.0,,mm,false
3,SSAT BR,fiducial,Fiducial,Fiducial,TF03_IOIS_LL-1,TF03_IOIS_LL-1,z,-1640.54,,mm,false
3,SSAT BR,fiducial,Fiducial,Fiducial,P2-PCCF,P2-PCCF,x,2831.08,,mm,false
3,SSAT BR,fiducial,Fiducial,Fiducial,P2-PCCF,P2-PCCF,y,-1.07,,mm,false
3,SSAT BR,fiducial,Fiducial,Fiducial,P2-PCCF,P2-PCCF,z,6869.98,,mm,false
3,SSAT BR,fiducial,Fiducial,Fiducial,P3-PCCF,P3-PCCF,x,2831.48,,mm,false
3,SSAT BR,fiducial,Fiducial,Fiducial,P3-PCCF,P3-PCCF,y,-1.17,,mm,false
3,SSAT BR,fiducial,Fiducial,Fiducial,P3-PCCF,P3-PCCF,z,6270.06,,mm,false
3,SSAT BR,fiducial,Fiducial,Fiducial,P1-OIS,P1-OIS,x,5989.28,,mm,false
3,SSAT BR,fiducial,Fiducial,Fiducial,P1-OIS,P1-OIS,y,1086.78,,mm,false
3,SSAT BR,fiducial,Fiducial,Fiducial,P1-OIS,P1-OIS,z,6588.37,,mm,false
3,SSAT BR,fiducial,Fiducial,Fiducial,AU_CP_36,AU_CP_36,x,4811.46,,mm,false
3,SSAT BR,fiducial,Fiducial,Fiducial,AU_CP_36,AU_CP_36,y,770.89,,mm,false
3,SSAT BR,fiducial,Fiducial,Fiducial,AU_CP_36,AU_CP_36,z,-5863.29,,mm,false
3,SSAT BR,fiducial,Fiducial,Fiducial,P4-OIS,P4-OIS,x,5990.6,,mm,false
3,SSAT BR,fiducial,Fiducial,Fiducial,P4-OIS,P4-OIS,y,1092.51,,mm,false
3,SSAT BR,fiducial,Fiducial,Fiducial,P4-OIS,P4-OIS,z,-6121.71,,mm,false
3,SSAT BR,fiducial,Fiducial,Fiducial,TF03_IOIS_UL- 1,TF03_IOIS_UL- 1,x,9868.04,,mm,false
3,SSAT BR,fiducial,Fiducial,Fiducial,TF03_IOIS_UL- 1,TF03_IOIS_UL- 1,y,724.24,,mm,false
3,SSAT BR,fiducial,Fiducial,Fiducial,TF03_IOIS_UL- 1,TF03_IOIS_UL- 1,z,3815.89,,mm,false
3,SSAT BR,fiducial,Fiducial,Fiducial,TF03_IOIS_UL- 2,TF03_IOIS_UL- 2,x,10034.08,,mm,false
3,SSAT BR,fiducial,Fiducial,Fiducial,TF03_IOIS_UL- 2,TF03_IOIS_UL- 2,y,927.4,,mm,false
3,SSAT BR,fiducial,Fiducial,Fiducial,TF03_IOIS_UL- 2,TF03_IOIS_UL- 2,z,3240.78,,mm,false
3,SSAT BR,fiducial,Fiducial,Fiducial,TF03_IOIS_UL- 3,TF03_IOIS_UL- 3,x,10438.15,,mm,false
3,SSAT BR,fiducial,Fiducial,Fiducial,TF03_IOIS_UL- 3,TF03_IOIS_UL- 3,y,958.51,,mm,false
3,SSAT BR,fiducial,Fiducial,Fiducial,TF03_IOIS_UL- 3,TF03_IOIS_UL- 3,z,2500.95,,mm,false
3,SSAT BR,fiducial,Fiducial,Fiducial,TF03_IOIS_UL- 6,TF03_IOIS_UL- 6,x,10939.02,,mm,false
3,SSAT BR,fiducial,Fiducial,Fiducial,TF03_IOIS_UL- 6,TF03_IOIS_UL- 6,y,545.93,,mm,false
3,SSAT BR,fiducial,Fiducial,Fiducial,TF03_IOIS_UL- 6,TF03_IOIS_UL- 6,z,2422.38,,mm,false
3,SSAT BR,fiducial,Fiducial,Fiducial,TF03_IOIS_UL- 5,TF03_IOIS_UL- 5,x,11112.25,,mm,false
3,SSAT BR,fiducial,Fiducial,Fiducial,TF03_IOIS_UL- 5,TF03_IOIS_UL- 5,y,628.05,,mm,false
3,SSAT BR,fiducial,Fiducial,Fiducial,TF03_IOIS_UL- 5,TF03_IOIS_UL- 5,z,3329.11,,mm,false
3,SSAT BR,fiducial,Fiducial,Fiducial,TF03_IOIS_UL- 4,TF03_IOIS_UL- 4,x,10288.51,,mm,false
3,SSAT BR,fiducial,Fiducial,Fiducial,TF03_IOIS_UL- 4,TF03_IOIS_UL- 4,y,546.85,,mm,false
3,SSAT BR,fiducial,Fiducial,Fiducial,TF03_IOIS_UL- 4,TF03_IOIS_UL- 4,z,3920.64,,mm,false
3,SSAT BR,fiducial,Fiducial,Fiducial,AU_CP_12,AU_CP_12,x,2168.96,,mm,false
3,SSAT BR,fiducial,Fiducial,Fiducial,AU_CP_12,AU_CP_12,y,-7.61,,mm,false
3,SSAT BR,fiducial,Fiducial,Fiducial,AU_CP_12,AU_CP_12,z,5735.89,,mm,false
3,SSAT BR,fiducial,ILIS +1 side,ILIS +1 side,p1,p1,x,2569.54,,mm,false
3,SSAT BR,fiducial,ILIS +1 side,ILIS +1 side,p1,p1,y,452.16,,mm,false
3,SSAT BR,fiducial,ILIS +1 side,ILIS +1 side,p1,p1,z,-4404.3,,mm,false
3,SSAT BR,fiducial,ILIS +1 side,ILIS +1 side,p2,p2,x,2418.92,,mm,false
3,SSAT BR,fiducial,ILIS +1 side,ILIS +1 side,p2,p2,y,425.55,,mm,false
3,SSAT BR,fiducial,ILIS +1 side,ILIS +1 side,p2,p2,z,-4412.77,,mm,false
3,SSAT BR,fiducial,ILIS +1 side,ILIS +1 side,p3,p3,x,2267.64,,mm,false
3,SSAT BR,fiducial,ILIS +1 side,ILIS +1 side,p3,p3,y,398.81,,mm,false
3,SSAT BR,fiducial,ILIS +1 side,ILIS +1 side,p3,p3,z,-4417.07,,mm,false
3,SSAT BR,fiducial,ILIS +1 side,ILIS +1 side,p4,p4,x,2240.76,,mm,false
3,SSAT BR,fiducial,ILIS +1 side,ILIS +1 side,p4,p4,y,394.0,,mm,false
3,SSAT BR,fiducial,ILIS +1 side,ILIS +1 side,p4,p4,z,-4238.71,,mm,false
3,SSAT BR,fiducial,ILIS +1 side,ILIS +1 side,p5,p5,x,2405.92,,mm,false
3,SSAT BR,fiducial,ILIS +1 side,ILIS +1 side,p5,p5,y,423.21,,mm,false
3,SSAT BR,fiducial,ILIS +1 side,ILIS +1 side,p5,p5,z,-4233.8,,mm,false
3,SSAT BR,fiducial,ILIS +1 side,ILIS +1 side,p6,p6,x,2571.73,,mm,false
3,SSAT BR,fiducial,ILIS +1 side,ILIS +1 side,p6,p6,y,452.52,,mm,false
3,SSAT BR,fiducial,ILIS +1 side,ILIS +1 side,p6,p6,z,-4211.46,,mm,false
3,SSAT BR,fiducial,ILIS +1 side,ILIS +1 side,p7,p7,x,2566.32,,mm,false
3,SSAT BR,fiducial,ILIS +1 side,ILIS +1 side,p7,p7,y,451.56,,mm,false
3,SSAT BR,fiducial,ILIS +1 side,ILIS +1 side,p7,p7,z,-4015.22,,mm,false
3,SSAT BR,fiducial,ILIS +1 side,ILIS +1 side,p8,p8,x,2367.19,,mm,false
3,SSAT BR,fiducial,ILIS +1 side,ILIS +1 side,p8,p8,y,416.4,,mm,false
3,SSAT BR,fiducial,ILIS +1 side,ILIS +1 side,p8,p8,z,-4015.07,,mm,false
3,SSAT BR,fiducial,ILIS +1 side,ILIS +1 side,p9,p9,x,2225.26,,mm,false
3,SSAT BR,fiducial,ILIS +1 side,ILIS +1 side,p9,p9,y,391.27,,mm,false
3,SSAT BR,fiducial,ILIS +1 side,ILIS +1 side,p9,p9,z,-4046.84,,mm,false
3,SSAT BR,fiducial,ILIS +1 side,ILIS +1 side,p10,p10,x,2638.7,,mm,false
3,SSAT BR,fiducial,ILIS +1 side,ILIS +1 side,p10,p10,y,464.28,,mm,false
3,SSAT BR,fiducial,ILIS +1 side,ILIS +1 side,p10,p10,z,-4016.37,,mm,false
3,SSAT BR,fiducial,ILIS +1 side,ILIS +1 side,p11,p11,x,2788.47,,mm,false
3,SSAT BR,fiducial,ILIS +1 side,ILIS +1 side,p11,p11,y,490.71,,mm,false
3,SSAT BR,fiducial,ILIS +1 side,ILIS +1 side,p11,p11,z,-4016.13,,mm,false
3,SSAT BR,fiducial,ILIS +1 side,ILIS +1 side,p12,p12,x,3007.9,,mm,false
3,SSAT BR,fiducial,ILIS +1 side,ILIS +1 side,p12,p12,y,529.42,,mm,false
3,SSAT BR,fiducial,ILIS +1 side,ILIS +1 side,p12,p12,z,-4014.24,,mm,false
3,SSAT BR,fiducial,ILIS +1 side,ILIS +1 side,p13,p13,x,3006.98,,mm,false
3,SSAT BR,fiducial,ILIS +1 side,ILIS +1 side,p13,p13,y,529.23,,mm,false
3,SSAT BR,fiducial,ILIS +1 side,ILIS +1 side,p13,p13,z,-4192.62,,mm,false
3,SSAT BR,fiducial,ILIS +1 side,ILIS +1 side,p14,p14,x,2800.88,,mm,false
3,SSAT BR,fiducial,ILIS +1 side,ILIS +1 side,p14,p14,y,492.89,,mm,false
3,SSAT BR,fiducial,ILIS +1 side,ILIS +1 side,p14,p14,z,-4207.12,,mm,false
3,SSAT BR,fiducial,ILIS +1 side,ILIS +1 side,p15,p15,x,2648.92,,mm,false
3,SSAT BR,fiducial,ILIS +1 side,ILIS +1 side,p15,p15,y,466.13,,mm,false
3,SSAT BR,fiducial,ILIS +1 side,ILIS +1 side,p15,p15,z,-4199.19,,mm,false
3,SSAT BR,fiducial,ILIS +1 side,ILIS +1 side,p16,p16,x,2658.2,,mm,false
3,SSAT BR,fiducial,ILIS +1 side,ILIS +1 side,p16,p16,y,467.73,,mm,false
3,SSAT BR,fiducial,ILIS +1 side,ILIS +1 side,p16,p16,z,-4403.34,,mm,false
3,SSAT BR,fiducial,ILIS +1 side,ILIS +1 side,p17,p17,x,2813.51,,mm,false
3,SSAT BR,fiducial,ILIS +1 side,ILIS +1 side,p17,p17,y,495.14,,mm,false
3,SSAT BR,fiducial,ILIS +1 side,ILIS +1 side,p17,p17,z,-4414.56,,mm,false
3,SSAT BR,fiducial,ILIS +1 side,ILIS +1 side,p18,p18,x,2968.55,,mm,false
3,SSAT BR,fiducial,ILIS +1 side,ILIS +1 side,p18,p18,y,522.46,,mm,false
3,SSAT BR,fiducial,ILIS +1 side,ILIS +1 side,p18,p18,z,-4407.88,,mm,false
3,SSAT BR,fiducial,ILIS +1 side,ILIS +1 side,p19,p19,x,2580.31,,mm,false
3,SSAT BR,fiducial,ILIS +1 side,ILIS +1 side,p19,p19,y,454.0,,mm,false
3,SSAT BR,fiducial,ILIS +1 side,ILIS +1 side,p19,p19,z,-3964.98,,mm,false
3,SSAT BR,fiducial,ILIS +1 side,ILIS +1 side,p20,p20,x,2572.35,,mm,false
3,SSAT BR,fiducial,ILIS +1 side,ILIS +1 side,p20,p20,y,452.6,,mm,false
3,SSAT BR,fiducial,ILIS +1 side,ILIS +1 side,p20,p20,z,-3695.94,,mm,false
3,SSAT BR,fiducial,ILIS +1 side,ILIS +1 side,p21,p21,x,2578.9,,mm,false
3,SSAT BR,fiducial,ILIS +1 side,ILIS +1 side,p21,p21,y,453.67,,mm,false
3,SSAT BR,fiducial,ILIS +1 side,ILIS +1 side,p21,p21,z,-3516.6,,mm,false
3,SSAT BR,fiducial,ILIS +1 side,ILIS +1 side,p22,p22,x,2395.33,,mm,false
3,SSAT BR,fiducial,ILIS +1 side,ILIS +1 side,p22,p22,y,421.3,,mm,false
3,SSAT BR,fiducial,ILIS +1 side,ILIS +1 side,p22,p22,z,-3511.67,,mm,false
3,SSAT BR,fiducial,ILIS +1 side,ILIS +1 side,p23,p23,x,2212.54,,mm,false
3,SSAT BR,fiducial,ILIS +1 side,ILIS +1 side,p23,p23,y,389.04,,mm,false
3,SSAT BR,fiducial,ILIS +1 side,ILIS +1 side,p23,p23,z,-3514.41,,mm,false
3,SSAT BR,fiducial,ILIS +1 side,ILIS +1 side,p24,p24,x,2395.8,,mm,false
3,SSAT BR,fiducial,ILIS +1 side,ILIS +1 side,p24,p24,y,421.41,,mm,false
3,SSAT BR,fiducial,ILIS +1 side,ILIS +1 side,p24,p24,z,-3693.86,,mm,false
3,SSAT BR,fiducial,ILIS +1 side,ILIS +1 side,p25,p25,x,2423.11,,mm,false
3,SSAT BR,fiducial,ILIS +1 side,ILIS +1 side,p25,p25,y,426.25,,mm,false
3,SSAT BR,fiducial,ILIS +1 side,ILIS +1 side,p25,p25,z,-3950.46,,mm,false
3,SSAT BR,fiducial,ILIS +1 side,ILIS +1 side,p26,p26,x,2183.55,,mm,false
3,SSAT BR,fiducial,ILIS +1 side,ILIS +1 side,p26,p26,y,383.96,,mm,false
3,SSAT BR,fiducial,ILIS +1 side,ILIS +1 side,p26,p26,z,-3947.7,,mm,false
3,SSAT BR,fiducial,ILIS +1 side,ILIS +1 side,p27,p27,x,2183.9,,mm,false
3,SSAT BR,fiducial,ILIS +1 side,ILIS +1 side,p27,p27,y,384.0,,mm,false
3,SSAT BR,fiducial,ILIS +1 side,ILIS +1 side,p27,p27,z,-3731.91,,mm,false
3,SSAT BR,fiducial,ILIS +1 side,ILIS +1 side,p28,p28,x,2618.57,,mm,false
3,SSAT BR,fiducial,ILIS +1 side,ILIS +1 side,p28,p28,y,460.72,,mm,false
3,SSAT BR,fiducial,ILIS +1 side,ILIS +1 side,p28,p28,z,-3521.07,,mm,false
3,SSAT BR,fiducial,ILIS +1 side,ILIS +1 side,p29,p29,x,2800.65,,mm,false
3,SSAT BR,fiducial,ILIS +1 side,ILIS +1 side,p29,p29,y,492.86,,mm,false
3,SSAT BR,fiducial,ILIS +1 side,ILIS +1 side,p29,p29,z,-3513.97,,mm,false
3,SSAT BR,fiducial,ILIS +1 side,ILIS +1 side,p30,p30,x,3008.15,,mm,false
3,SSAT BR,fiducial,ILIS +1 side,ILIS +1 side,p30,p30,y,529.42,,mm,false
3,SSAT BR,fiducial,ILIS +1 side,ILIS +1 side,p30,p30,z,-3518.85,,mm,false
3,SSAT BR,fiducial,ILIS +1 side,ILIS +1 side,p31,p31,x,3022.26,,mm,false
3,SSAT BR,fiducial,ILIS +1 side,ILIS +1 side,p31,p31,y,531.94,,mm,false
3,SSAT BR,fiducial,ILIS +1 side,ILIS +1 side,p31,p31,z,-3756.6,,mm,false
3,SSAT BR,fiducial,ILIS +1 side,ILIS +1 side,p32,p32,x,2833.23,,mm,false
3,SSAT BR,fiducial,ILIS +1 side,ILIS +1 side,p32,p32,y,498.54,,mm,false
3,SSAT BR,fiducial,ILIS +1 side,ILIS +1 side,p32,p32,z,-3753.29,,mm,false
3,SSAT BR,fiducial,ILIS +1 side,ILIS +1 side,p33,p33,x,2624.62,,mm,false
3,SSAT BR,fiducial,ILIS +1 side,ILIS +1 side,p33,p33,y,461.82,,mm,false
3,SSAT BR,fiducial,ILIS +1 side,ILIS +1 side,p33,p33,z,-3784.18,,mm,false
3,SSAT BR,fiducial,ILIS +1 side,ILIS +1 side,p34,p34,x,2618.48,,mm,false
3,SSAT BR,fiducial,ILIS +1 side,ILIS +1 side,p34,p34,y,460.71,,mm,false
3,SSAT BR,fiducial,ILIS +1 side,ILIS +1 side,p34,p34,z,-3967.91,,mm,false
3,SSAT BR,fiducial,ILIS +1 side,ILIS +1 side,p35,p35,x,2805.54,,mm,false
3,SSAT BR,fiducial,ILIS +1 side,ILIS +1 side,p35,p35,y,493.65,,mm,false
3,SSAT BR,fiducial,ILIS +1 side,ILIS +1 side,p35,p35,z,-3973.98,,mm,false
3,SSAT BR,fiducial,ILIS +1 side,ILIS +1 side,p36,p36,x,3011.25,,mm,false
3,SSAT BR,fiducial,ILIS +1 side,ILIS +1 side,p36,p36,y,530.02,,mm,false
3,SSAT BR,fiducial,ILIS +1 side,ILIS +1 side,p36,p36,z,-3973.77,,mm,false
3,SSAT BR,fiducial,ILIS +1 side,ILIS +1 side,p37,p37,x,2977.68,,mm,false
3,SSAT BR,fiducial,ILIS +1 side,ILIS +1 side,p37,p37,y,524.05,,mm,false
3,SSAT BR,fiducial,ILIS +1 side,ILIS +1 side,p37,p37,z,-3468.19,,mm,false
3,SSAT BR,fiducial,ILIS +1 side,ILIS +1 side,p38,p38,x,2734.95,,mm,false
3,SSAT BR,fiducial,ILIS +1 side,ILIS +1 side,p38,p38,y,481.21,,mm,false
3,SSAT BR,fiducial,ILIS +1 side,ILIS +1 side,p38,p38,z,-3463.44,,mm,false
3,SSAT BR,fiducial,ILIS +1 side,ILIS +1 side,p39,p39,x,2474.06,,mm,false
3,SSAT BR,fiducial,ILIS +1 side,ILIS +1 side,p39,p39,y,435.18,,mm,false
3,SSAT BR,fiducial,ILIS +1 side,ILIS +1 side,p39,p39,z,-3464.53,,mm,false
3,SSAT BR,fiducial,ILIS +1 side,ILIS +1 side,p40,p40,x,2230.24,,mm,false
3,SSAT BR,fiducial,ILIS +1 side,ILIS +1 side,p40,p40,y,392.15,,mm,false
3,SSAT BR,fiducial,ILIS +1 side,ILIS +1 side,p40,p40,z,-3457.31,,mm,false
3,SSAT BR,fiducial,ILIS +1 side,ILIS +1 side,p41,p41,x,2220.4,,mm,false
3,SSAT BR,fiducial,ILIS +1 side,ILIS +1 side,p41,p41,y,390.33,,mm,false
3,SSAT BR,fiducial,ILIS +1 side,ILIS +1 side,p41,p41,z,-3218.0,,mm,false
3,SSAT BR,fiducial,ILIS +1 side,ILIS +1 side,p42,p42,x,2417.47,,mm,false
3,SSAT BR,fiducial,ILIS +1 side,ILIS +1 side,p42,p42,y,425.16,,mm,false
3,SSAT BR,fiducial,ILIS +1 side,ILIS +1 side,p42,p42,z,-3184.96,,mm,false
3,SSAT BR,fiducial,ILIS +1 side,ILIS +1 side,p43,p43,x,2682.04,,mm,false
3,SSAT BR,fiducial,ILIS +1 side,ILIS +1 side,p43,p43,y,471.83,,mm,false
3,SSAT BR,fiducial,ILIS +1 side,ILIS +1 side,p43,p43,z,-3173.24,,mm,false
3,SSAT BR,fiducial,ILIS +1 side,ILIS +1 side,p44,p44,x,3009.11,,mm,false
3,SSAT BR,fiducial,ILIS +1 side,ILIS +1 side,p44,p44,y,529.61,,mm,false
3,SSAT BR,fiducial,ILIS +1 side,ILIS +1 side,p44,p44,z,-3184.86,,mm,false
3,SSAT BR,fiducial,ILIS +1 side,ILIS +1 side,p45,p45,x,3005.51,,mm,false
3,SSAT BR,fiducial,ILIS +1 side,ILIS +1 side,p45,p45,y,529.12,,mm,false
3,SSAT BR,fiducial,ILIS +1 side,ILIS +1 side,p45,p45,z,-2875.86,,mm,false
3,SSAT BR,fiducial,ILIS +1 side,ILIS +1 side,p46,p46,x,2756.01,,mm,false
3,SSAT BR,fiducial,ILIS +1 side,ILIS +1 side,p46,p46,y,484.89,,mm,false
3,SSAT BR,fiducial,ILIS +1 side,ILIS +1 side,p46,p46,z,-2863.83,,mm,false
3,SSAT BR,fiducial,ILIS +1 side,ILIS +1 side,p47,p47,x,2444.65,,mm,false
3,SSAT BR,fiducial,ILIS +1 side,ILIS +1 side,p47,p47,y,429.96,,mm,false
3,SSAT BR,fiducial,ILIS +1 side,ILIS +1 side,p47,p47,z,-2862.5,,mm,false
3,SSAT BR,fiducial,ILIS +1 side,ILIS +1 side,p48,p48,x,2204.86,,mm,false
3,SSAT BR,fiducial,ILIS +1 side,ILIS +1 side,p48,p48,y,387.71,,mm,false
3,SSAT BR,fiducial,ILIS +1 side,ILIS +1 side,p48,p48,z,-2858.0,,mm,false
3,SSAT BR,fiducial,ILIS +1 side,ILIS +1 side,p49,p49,x,2992.17,,mm,false
3,SSAT BR,fiducial,ILIS +1 side,ILIS +1 side,p49,p49,y,526.58,,mm,false
3,SSAT BR,fiducial,ILIS +1 side,ILIS +1 side,p49,p49,z,-2561.7,,mm,false
3,SSAT BR,fiducial,ILIS +1 side,ILIS +1 side,p50,p50,x,2710.19,,mm,false
3,SSAT BR,fiducial,ILIS +1 side,ILIS +1 side,p50,p50,y,476.84,,mm,false
3,SSAT BR,fiducial,ILIS +1 side,ILIS +1 side,p50,p50,z,-2549.18,,mm,false
3,SSAT BR,fiducial,ILIS +1 side,ILIS +1 side,p51,p51,x,2427.11,,mm,false
3,SSAT BR,fiducial,ILIS +1 side,ILIS +1 side,p51,p51,y,426.83,,mm,false
3,SSAT BR,fiducial,ILIS +1 side,ILIS +1 side,p51,p51,z,-2534.01,,mm,false
3,SSAT BR,fiducial,ILIS +1 side,ILIS +1 side,p52,p52,x,2252.75,,mm,false
3,SSAT BR,fiducial,ILIS +1 side,ILIS +1 side,p52,p52,y,396.09,,mm,false
3,SSAT BR,fiducial,ILIS +1 side,ILIS +1 side,p52,p52,z,-2533.49,,mm,false
3,SSAT BR,fiducial,ILIS +1 side,ILIS +1 side,p53,p53,x,2954.26,,mm,false
3,SSAT BR,fiducial,ILIS +1 side,ILIS +1 side,p53,p53,y,519.87,,mm,false
3,SSAT BR,fiducial,ILIS +1 side,ILIS +1 side,p53,p53,z,-2410.26,,mm,false
3,SSAT BR,fiducial,ILIS +1 side,ILIS +1 side,p54,p54,x,2965.09,,mm,false
3,SSAT BR,fiducial,ILIS +1 side,ILIS +1 side,p54,p54,y,521.84,,mm,false
3,SSAT BR,fiducial,ILIS +1 side,ILIS +1 side,p54,p54,z,-2124.15,,mm,false
3,SSAT BR,fiducial,ILIS +1 side,ILIS +1 side,p55,p55,x,2974.42,,mm,false
3,SSAT BR,fiducial,ILIS +1 side,ILIS +1 side,p55,p55,y,523.49,,mm,false
3,SSAT BR,fiducial,ILIS +1 side,ILIS +1 side,p55,p55,z,-1816.98,,mm,false
3,SSAT BR,fiducial,ILIS +1 side,ILIS +1 side,p56,p56,x,2984.02,,mm,false
3,SSAT BR,fiducial,ILIS +1 side,ILIS +1 side,p56,p56,y,525.24,,mm,false
3,SSAT BR,fiducial,ILIS +1 side,ILIS +1 side,p56,p56,z,-1577.81,,mm,false
3,SSAT BR,fiducial,ILIS +1 side,ILIS +1 side,p57,p57,x,2720.7,,mm,false
3,SSAT BR,fiducial,ILIS +1 side,ILIS +1 side,p57,p57,y,478.78,,mm,false
3,SSAT BR,fiducial,ILIS +1 side,ILIS +1 side,p57,p57,z,-1556.92,,mm,false
3,SSAT BR,fiducial,ILIS +1 side,ILIS +1 side,p58,p58,x,2741.87,,mm,false
3,SSAT BR,fiducial,ILIS +1 side,ILIS +1 side,p58,p58,y,482.35,,mm,false
3,SSAT BR,fiducial,ILIS +1 side,ILIS +1 side,p58,p58,z,-1883.64,,mm,false
3,SSAT BR,fiducial,ILIS +1 side,ILIS +1 side,p59,p59,x,2732.57,,mm,false
3,SSAT BR,fiducial,ILIS +1 side,ILIS +1 side,p59,p59,y,480.75,,mm,false
3,SSAT BR,fiducial,ILIS +1 side,ILIS +1 side,p59,p59,z,-2180.31,,mm,false
3,SSAT BR,fiducial,ILIS +1 side,ILIS +1 side,p60,p60,x,2737.82,,mm,false
3,SSAT BR,fiducial,ILIS +1 side,ILIS +1 side,p60,p60,y,481.69,,mm,false
3,SSAT BR,fiducial,ILIS +1 side,ILIS +1 side,p60,p60,z,-2464.85,,mm,false
3,SSAT BR,fiducial,ILIS +1 side,ILIS +1 side,p61,p61,x,2435.76,,mm,false
3,SSAT BR,fiducial,ILIS +1 side,ILIS +1 side,p61,p61,y,428.39,,mm,false
3,SSAT BR,fiducial,ILIS +1 side,ILIS +1 side,p61,p61,z,-2464.88,,mm,false
3,SSAT BR,fiducial,ILIS +1 side,ILIS +1 side,p62,p62,x,2471.09,,mm,false
3,SSAT BR,fiducial,ILIS +1 side,ILIS +1 side,p62,p62,y,434.63,,mm,false
3,SSAT BR,fiducial,ILIS +1 side,ILIS +1 side,p62,p62,z,-2137.72,,mm,false
3,SSAT BR,fiducial,ILIS +1 side,ILIS +1 side,p63,p63,x,2471.61,,mm,false
3,SSAT BR,fiducial,ILIS +1 side,ILIS +1 side,p63,p63,y,434.65,,mm,false
3,SSAT BR,fiducial,ILIS +1 side,ILIS +1 side,p63,p63,z,-1812.65,,mm,false
3,SSAT BR,fiducial,ILIS +1 side,ILIS +1 side,p64,p64,x,2484.71,,mm,false
3,SSAT BR,fiducial,ILIS +1 side,ILIS +1 side,p64,p64,y,437.1,,mm,false
3,SSAT BR,fiducial,ILIS +1 side,ILIS +1 side,p64,p64,z,-1559.65,,mm,false
3,SSAT BR,fiducial,ILIS +1 side,ILIS +1 side,p65,p65,x,2249.11,,mm,false
3,SSAT BR,fiducial,ILIS +1 side,ILIS +1 side,p65,p65,y,395.53,,mm,false
3,SSAT BR,fiducial,ILIS +1 side,ILIS +1 side,p65,p65,z,-1557.5,,mm,false
3,SSAT BR,fiducial,ILIS +1 side,ILIS +1 side,p66,p66,x,2236.68,,mm,false
3,SSAT BR,fiducial,ILIS +1 side,ILIS +1 side,p66,p66,y,393.19,,mm,false
3,SSAT BR,fiducial,ILIS +1 side,ILIS +1 side,p66,p66,z,-1836.62,,mm,false
3,SSAT BR,fiducial,ILIS +1 side,ILIS +1 side,p67,p67,x,2249.39,,mm,false
3,SSAT BR,fiducial,ILIS +1 side,ILIS +1 side,p67,p67,y,395.4,,mm,false
3,SSAT BR,fiducial,ILIS +1 side,ILIS +1 side,p67,p67,z,-2179.2,,mm,false
3,SSAT BR,fiducial,ILIS +1 side,ILIS +1 side,p68,p68,x,2237.67,,mm,false
3,SSAT BR,fiducial,ILIS +1 side,ILIS +1 side,p68,p68,y,393.39,,mm,false
3,SSAT BR,fiducial,ILIS +1 side,ILIS +1 side,p68,p68,z,-2465.57,,mm,false
3,SSAT BR,fiducial,ILIS +1 side,ILIS +1 side,p69,p69,x,2971.57,,mm,false
3,SSAT BR,fiducial,ILIS +1 side,ILIS +1 side,p69,p69,y,522.88,,mm,false
3,SSAT BR,fiducial,ILIS +1 side,ILIS +1 side,p69,p69,z,-1462.91,,mm,false
3,SSAT BR,fiducial,ILIS +1 side,ILIS +1 side,p70,p70,x,2712.09,,mm,false
3,SSAT BR,fiducial,ILIS +1 side,ILIS +1 side,p70,p70,y,477.11,,mm,false
3,SSAT BR,fiducial,ILIS +1 side,ILIS +1 side,p70,p70,z,-1468.65,,mm,false
3,SSAT BR,fiducial,ILIS +1 side,ILIS +1 side,p71,p71,x,2479.91,,mm,false
3,SSAT BR,fiducial,ILIS +1 side,ILIS +1 side,p71,p71,y,436.11,,mm,false
3,SSAT BR,fiducial,ILIS +1 side,ILIS +1 side,p71,p71,z,-1467.7,,mm,false
3,SSAT BR,fiducial,ILIS +1 side,ILIS +1 side,p72,p72,x,2241.0,,mm,false
3,SSAT BR,fiducial,ILIS +1 side,ILIS +1 side,p72,p72,y,393.97,,mm,false
3,SSAT BR,fiducial,ILIS +1 side,ILIS +1 side,p72,p72,z,-1444.76,,mm,false
3,SSAT BR,fiducial,ILIS +1 side,ILIS +1 side,p73,p73,x,2233.27,,mm,false
3,SSAT BR,fiducial,ILIS +1 side,ILIS +1 side,p73,p73,y,392.56,,mm,false
3,SSAT BR,fiducial,ILIS +1 side,ILIS +1 side,p73,p73,z,-1154.84,,mm,false
3,SSAT BR,fiducial,ILIS +1 side,ILIS +1 side,p74,p74,x,2470.47,,mm,false
3,SSAT BR,fiducial,ILIS +1 side,ILIS +1 side,p74,p74,y,434.46,,mm,false
3,SSAT BR,fiducial,ILIS +1 side,ILIS +1 side,p74,p74,z,-1128.63,,mm,false
3,SSAT BR,fiducial,ILIS +1 side,ILIS +1 side,p75,p75,x,2751.71,,mm,false
3,SSAT BR,fiducial,ILIS +1 side,ILIS +1 side,p75,p75,y,484.15,,mm,false
3,SSAT BR,fiducial,ILIS +1 side,ILIS +1 side,p75,p75,z,-1130.49,,mm,false
3,SSAT BR,fiducial,ILIS +1 side,ILIS +1 side,p76,p76,x,3013.87,,mm,false
3,SSAT BR,fiducial,ILIS +1 side,ILIS +1 side,p76,p76,y,530.48,,mm,false
3,SSAT BR,fiducial,ILIS +1 side,ILIS +1 side,p76,p76,z,-1114.05,,mm,false
3,SSAT BR,fiducial,ILIS +1 side,ILIS +1 side,p77,p77,x,3007.46,,mm,false
3,SSAT BR,fiducial,ILIS +1 side,ILIS +1 side,p77,p77,y,529.28,,mm,false
3,SSAT BR,fiducial,ILIS +1 side,ILIS +1 side,p77,p77,z,-809.93,,mm,false
3,SSAT BR,fiducial,ILIS +1 side,ILIS +1 side,p78,p78,x,2681.28,,mm,false
3,SSAT BR,fiducial,ILIS +1 side,ILIS +1 side,p78,p78,y,471.62,,mm,false
3,SSAT BR,fiducial,ILIS +1 side,ILIS +1 side,p78,p78,z,-796.59,,mm,false
3,SSAT BR,fiducial,ILIS +1 side,ILIS +1 side,p79,p79,x,2468.04,,mm,false
3,SSAT BR,fiducial,ILIS +1 side,ILIS +1 side,p79,p79,y,433.98,,mm,false
3,SSAT BR,fiducial,ILIS +1 side,ILIS +1 side,p79,p79,z,-795.8,,mm,false
3,SSAT BR,fiducial,ILIS +1 side,ILIS +1 side,p80,p80,x,2251.03,,mm,false
3,SSAT BR,fiducial,ILIS +1 side,ILIS +1 side,p80,p80,y,395.61,,mm,false
3,SSAT BR,fiducial,ILIS +1 side,ILIS +1 side,p80,p80,z,-790.21,,mm,false
3,SSAT BR,fiducial,ILIS +1 side,ILIS +1 side,p81,p81,x,2972.4,,mm,false
3,SSAT BR,fiducial,ILIS +1 side,ILIS +1 side,p81,p81,y,522.99,,mm,false
3,SSAT BR,fiducial,ILIS +1 side,ILIS +1 side,p81,p81,z,-530.73,,mm,false
3,SSAT BR,fiducial,ILIS +1 side,ILIS +1 side,p82,p82,x,2738.73,,mm,false
3,SSAT BR,fiducial,ILIS +1 side,ILIS +1 side,p82,p82,y,481.76,,mm,false
3,SSAT BR,fiducial,ILIS +1 side,ILIS +1 side,p82,p82,z,-532.77,,mm,false
3,SSAT BR,fiducial,ILIS +1 side,ILIS +1 side,p83,p83,x,2453.1,,mm,false
3,SSAT BR,fiducial,ILIS +1 side,ILIS +1 side,p83,p83,y,431.34,,mm,false
3,SSAT BR,fiducial,ILIS +1 side,ILIS +1 side,p83,p83,z,-533.92,,mm,false
3,SSAT BR,fiducial,ILIS +1 side,ILIS +1 side,p84,p84,x,2262.54,,mm,false
3,SSAT BR,fiducial,ILIS +1 side,ILIS +1 side,p84,p84,y,397.7,,mm,false
3,SSAT BR,fiducial,ILIS +1 side,ILIS +1 side,p84,p84,z,-529.0,,mm,false
3,SSAT BR,fiducial,ILIS +1 side,ILIS +1 side,p85,p85,x,2974.56,,mm,false
3,SSAT BR,fiducial,ILIS +1 side,ILIS +1 side,p85,p85,y,523.33,,mm,false
3,SSAT BR,fiducial,ILIS +1 side,ILIS +1 side,p85,p85,z,-459.16,,mm,false
3,SSAT BR,fiducial,ILIS +1 side,ILIS +1 side,p86,p86,x,2725.96,,mm,false
3,SSAT BR,fiducial,ILIS +1 side,ILIS +1 side,p86,p86,y,479.47,,mm,false
3,SSAT BR,fiducial,ILIS +1 side,ILIS +1 side,p86,p86,z,-466.79,,mm,false
3,SSAT BR,fiducial,ILIS +1 side,ILIS +1 side,p87,p87,x,2443.33,,mm,false
3,SSAT BR,fiducial,ILIS +1 side,ILIS +1 side,p87,p87,y,429.58,,mm,false
3,SSAT BR,fiducial,ILIS +1 side,ILIS +1 side,p87,p87,z,-465.93,,mm,false
3,SSAT BR,fiducial,ILIS +1 side,ILIS +1 side,p88,p88,x,2225.28,,mm,false
3,SSAT BR,fiducial,ILIS +1 side,ILIS +1 side,p88,p88,y,391.05,,mm,false
3,SSAT BR,fiducial,ILIS +1 side,ILIS +1 side,p88,p88,z,-457.62,,mm,false
3,SSAT BR,fiducial,ILIS +1 side,ILIS +1 side,p89,p89,x,2219.29,,mm,false
3,SSAT BR,fiducial,ILIS +1 side,ILIS +1 side,p89,p89,y,389.96,,mm,false
3,SSAT BR,fiducial,ILIS +1 side,ILIS +1 side,p89,p89,z,-153.94,,mm,false
3,SSAT BR,fiducial,ILIS +1 side,ILIS +1 side,p90,p90,x,2446.68,,mm,false
3,SSAT BR,fiducial,ILIS +1 side,ILIS +1 side,p90,p90,y,430.17,,mm,false
3,SSAT BR,fiducial,ILIS +1 side,ILIS +1 side,p90,p90,z,-161.54,,mm,false
3,SSAT BR,fiducial,ILIS +1 side,ILIS +1 side,p91,p91,x,2744.03,,mm,false
3,SSAT BR,fiducial,ILIS +1 side,ILIS +1 side,p91,p91,y,482.64,,mm,false
3,SSAT BR,fiducial,ILIS +1 side,ILIS +1 side,p91,p91,z,-155.0,,mm,false
3,SSAT BR,fiducial,ILIS +1 side,ILIS +1 side,p92,p92,x,3008.57,,mm,false
3,SSAT BR,fiducial,ILIS +1 side,ILIS +1 side,p92,p92,y,529.39,,mm,false
3,SSAT BR,fiducial,ILIS +1 side,ILIS +1 side,p92,p92,z,-158.38,,mm,false
3,SSAT BR,fiducial,ILIS +1 side,ILIS +1 side,p93,p93,x,3008.3,,mm,false
3,SSAT BR,fiducial,ILIS +1 side,ILIS +1 side,p93,p93,y,529.35,,mm,false
3,SSAT BR,fiducial,ILIS +1 side,ILIS +1 side,p93,p93,z,158.96,,mm,false
3,SSAT BR,fiducial,ILIS +1 side,ILIS +1 side,p94,p94,x,2719.46,,mm,false
3,SSAT BR,fiducial,ILIS +1 side,ILIS +1 side,p94,p94,y,478.26,,mm,false
3,SSAT BR,fiducial,ILIS +1 side,ILIS +1 side,p94,p94,z,170.59,,mm,false
3,SSAT BR,fiducial,ILIS +1 side,ILIS +1 side,p95,p95,x,2435.17,,mm,false
3,SSAT BR,fiducial,ILIS +1 side,ILIS +1 side,p95,p95,y,428.05,,mm,false
3,SSAT BR,fiducial,ILIS +1 side,ILIS +1 side,p95,p95,z,195.82,,mm,false
3,SSAT BR,fiducial,ILIS +1 side,ILIS +1 side,p96,p96,x,2228.29,,mm,false
3,SSAT BR,fiducial,ILIS +1 side,ILIS +1 side,p96,p96,y,391.47,,mm,false
3,SSAT BR,fiducial,ILIS +1 side,ILIS +1 side,p96,p96,z,214.26,,mm,false
3,SSAT BR,fiducial,ILIS +1 side,ILIS +1 side,p97,p97,x,2982.15,,mm,false
3,SSAT BR,fiducial,ILIS +1 side,ILIS +1 side,p97,p97,y,524.65,,mm,false
3,SSAT BR,fiducial,ILIS +1 side,ILIS +1 side,p97,p97,z,456.48,,mm,false
3,SSAT BR,fiducial,ILIS +1 side,ILIS +1 side,p98,p98,x,2723.14,,mm,false
3,SSAT BR,fiducial,ILIS +1 side,ILIS +1 side,p98,p98,y,478.96,,mm,false
3,SSAT BR,fiducial,ILIS +1 side,ILIS +1 side,p98,p98,z,465.57,,mm,false
3,SSAT BR,fiducial,ILIS +1 side,ILIS +1 side,p99,p99,x,2424.68,,mm,false
3,SSAT BR,fiducial,ILIS +1 side,ILIS +1 side,p99,p99,y,426.13,,mm,false
3,SSAT BR,fiducial,ILIS +1 side,ILIS +1 side,p99,p99,z,472.93,,mm,false
3,SSAT BR,fiducial,ILIS +1 side,ILIS +1 side,p100,p100,x,2223.16,,mm,false
3,SSAT BR,fiducial,ILIS +1 side,ILIS +1 side,p100,p100,y,390.67,,mm,false
3,SSAT BR,fiducial,ILIS +1 side,ILIS +1 side,p100,p100,z,466.37,,mm,false
3,SSAT BR,fiducial,ILIS +1 side,ILIS +1 side,p101,p101,x,2969.8,,mm,false
3,SSAT BR,fiducial,ILIS +1 side,ILIS +1 side,p101,p101,y,522.37,,mm,false
3,SSAT BR,fiducial,ILIS +1 side,ILIS +1 side,p101,p101,z,537.86,,mm,false
3,SSAT BR,fiducial,ILIS +1 side,ILIS +1 side,p102,p102,x,2732.18,,mm,false
3,SSAT BR,fiducial,ILIS +1 side,ILIS +1 side,p102,p102,y,480.44,,mm,false
3,SSAT BR,fiducial,ILIS +1 side,ILIS +1 side,p102,p102,z,529.62,,mm,false
3,SSAT BR,fiducial,ILIS +1 side,ILIS +1 side,p103,p103,x,2442.01,,mm,false
3,SSAT BR,fiducial,ILIS +1 side,ILIS +1 side,p103,p103,y,429.21,,mm,false
3,SSAT BR,fiducial,ILIS +1 side,ILIS +1 side,p103,p103,z,536.65,,mm,false
3,SSAT BR,fiducial,ILIS +1 side,ILIS +1 side,p104,p104,x,2232.97,,mm,false
3,SSAT BR,fiducial,ILIS +1 side,ILIS +1 side,p104,p104,y,392.27,,mm,false
3,SSAT BR,fiducial,ILIS +1 side,ILIS +1 side,p104,p104,z,527.88,,mm,false
3,SSAT BR,fiducial,ILIS +1 side,ILIS +1 side,p105,p105,x,2227.74,,mm,false
3,SSAT BR,fiducial,ILIS +1 side,ILIS +1 side,p105,p105,y,391.28,,mm,false
3,SSAT BR,fiducial,ILIS +1 side,ILIS +1 side,p105,p105,z,815.92,,mm,false
3,SSAT BR,fiducial,ILIS +1 side,ILIS +1 side,p106,p106,x,2462.84,,mm,false
3,SSAT BR,fiducial,ILIS +1 side,ILIS +1 side,p106,p106,y,432.84,,mm,false
3,SSAT BR,fiducial,ILIS +1 side,ILIS +1 side,p106,p106,z,804.52,,mm,false
3,SSAT BR,fiducial,ILIS +1 side,ILIS +1 side,p107,p107,x,2741.81,,mm,false
3,SSAT BR,fiducial,ILIS +1 side,ILIS +1 side,p107,p107,y,482.08,,mm,false
3,SSAT BR,fiducial,ILIS +1 side,ILIS +1 side,p107,p107,z,814.22,,mm,false
3,SSAT BR,fiducial,ILIS +1 side,ILIS +1 side,p108,p108,x,2972.78,,mm,false
3,SSAT BR,fiducial,ILIS +1 side,ILIS +1 side,p108,p108,y,522.88,,mm,false
3,SSAT BR,fiducial,ILIS +1 side,ILIS +1 side,p108,p108,z,834.57,,mm,false
3,SSAT BR,fiducial,ILIS +1 side,ILIS +1 side,p109,p109,x,2997.67,,mm,false
3,SSAT BR,fiducial,ILIS +1 side,ILIS +1 side,p109,p109,y,527.35,,mm,false
3,SSAT BR,fiducial,ILIS +1 side,ILIS +1 side,p109,p109,z,1107.47,,mm,false
3,SSAT BR,fiducial,ILIS +1 side,ILIS +1 side,p110,p110,x,2755.36,,mm,false
3,SSAT BR,fiducial,ILIS +1 side,ILIS +1 side,p110,p110,y,484.41,,mm,false
3,SSAT BR,fiducial,ILIS +1 side,ILIS +1 side,p110,p110,z,1155.24,,mm,false
3,SSAT BR,fiducial,ILIS +1 side,ILIS +1 side,p111,p111,x,2431.98,,mm,false
3,SSAT BR,fiducial,ILIS +1 side,ILIS +1 side,p111,p111,y,427.34,,mm,false
3,SSAT BR,fiducial,ILIS +1 side,ILIS +1 side,p111,p111,z,1174.35,,mm,false
3,SSAT BR,fiducial,ILIS +1 side,ILIS +1 side,p112,p112,x,2236.48,,mm,false
3,SSAT BR,fiducial,ILIS +1 side,ILIS +1 side,p112,p112,y,392.82,,mm,false
3,SSAT BR,fiducial,ILIS +1 side,ILIS +1 side,p112,p112,z,1171.73,,mm,false
3,SSAT BR,fiducial,ILIS +1 side,ILIS +1 side,p113,p113,x,2976.39,,mm,false
3,SSAT BR,fiducial,ILIS +1 side,ILIS +1 side,p113,p113,y,523.53,,mm,false
3,SSAT BR,fiducial,ILIS +1 side,ILIS +1 side,p113,p113,z,1450.92,,mm,false
3,SSAT BR,fiducial,ILIS +1 side,ILIS +1 side,p114,p114,x,2734.09,,mm,false
3,SSAT BR,fiducial,ILIS +1 side,ILIS +1 side,p114,p114,y,480.69,,mm,false
3,SSAT BR,fiducial,ILIS +1 side,ILIS +1 side,p114,p114,z,1461.78,,mm,false
3,SSAT BR,fiducial,ILIS +1 side,ILIS +1 side,p115,p115,x,2481.91,,mm,false
3,SSAT BR,fiducial,ILIS +1 side,ILIS +1 side,p115,p115,y,436.17,,mm,false
3,SSAT BR,fiducial,ILIS +1 side,ILIS +1 side,p115,p115,z,1452.13,,mm,false
3,SSAT BR,fiducial,ILIS +1 side,ILIS +1 side,p116,p116,x,2257.55,,mm,false
3,SSAT BR,fiducial,ILIS +1 side,ILIS +1 side,p116,p116,y,396.57,,mm,false
3,SSAT BR,fiducial,ILIS +1 side,ILIS +1 side,p116,p116,z,1448.27,,mm,false
3,SSAT BR,fiducial,ILIS +1 side,ILIS +1 side,p117,p117,x,2973.21,,mm,false
3,SSAT BR,fiducial,ILIS +1 side,ILIS +1 side,p117,p117,y,522.78,,mm,false
3,SSAT BR,fiducial,ILIS +1 side,ILIS +1 side,p117,p117,z,2474.72,,mm,false
3,SSAT BR,fiducial,ILIS +1 side,ILIS +1 side,p118,p118,x,2708.39,,mm,false
3,SSAT BR,fiducial,ILIS +1 side,ILIS +1 side,p118,p118,y,476.05,,mm,false
3,SSAT BR,fiducial,ILIS +1 side,ILIS +1 side,p118,p118,z,2470.85,,mm,false
3,SSAT BR,fiducial,ILIS +1 side,ILIS +1 side,p119,p119,x,2446.35,,mm,false
3,SSAT BR,fiducial,ILIS +1 side,ILIS +1 side,p119,p119,y,429.76,,mm,false
3,SSAT BR,fiducial,ILIS +1 side,ILIS +1 side,p119,p119,z,2466.9,,mm,false
3,SSAT BR,fiducial,ILIS +1 side,ILIS +1 side,p120,p120,x,2228.49,,mm,false
3,SSAT BR,fiducial,ILIS +1 side,ILIS +1 side,p120,p120,y,391.28,,mm,false
3,SSAT BR,fiducial,ILIS +1 side,ILIS +1 side,p120,p120,z,2473.36,,mm,false
3,SSAT BR,fiducial,ILIS +1 side,ILIS +1 side,p121,p121,x,2197.97,,mm,false
3,SSAT BR,fiducial,ILIS +1 side,ILIS +1 side,p121,p121,y,385.94,,mm,false
3,SSAT BR,fiducial,ILIS +1 side,ILIS +1 side,p121,p121,z,2157.69,,mm,false
3,SSAT BR,fiducial,ILIS +1 side,ILIS +1 side,p122,p122,x,2454.13,,mm,false
3,SSAT BR,fiducial,ILIS +1 side,ILIS +1 side,p122,p122,y,431.16,,mm,false
3,SSAT BR,fiducial,ILIS +1 side,ILIS +1 side,p122,p122,z,2190.43,,mm,false
3,SSAT BR,fiducial,ILIS +1 side,ILIS +1 side,p123,p123,x,2768.1,,mm,false
3,SSAT BR,fiducial,ILIS +1 side,ILIS +1 side,p123,p123,y,486.58,,mm,false
3,SSAT BR,fiducial,ILIS +1 side,ILIS +1 side,p123,p123,z,2140.66,,mm,false
3,SSAT BR,fiducial,ILIS +1 side,ILIS +1 side,p124,p124,x,2997.17,,mm,false
3,SSAT BR,fiducial,ILIS +1 side,ILIS +1 side,p124,p124,y,527.12,,mm,false
3,SSAT BR,fiducial,ILIS +1 side,ILIS +1 side,p124,p124,z,2138.45,,mm,false
3,SSAT BR,fiducial,ILIS +1 side,ILIS +1 side,p125,p125,x,3008.34,,mm,false
3,SSAT BR,fiducial,ILIS +1 side,ILIS +1 side,p125,p125,y,529.08,,mm,false
3,SSAT BR,fiducial,ILIS +1 side,ILIS +1 side,p125,p125,z,1832.74,,mm,false
3,SSAT BR,fiducial,ILIS +1 side,ILIS +1 side,p126,p126,x,2775.3,,mm,false
3,SSAT BR,fiducial,ILIS +1 side,ILIS +1 side,p126,p126,y,487.89,,mm,false
3,SSAT BR,fiducial,ILIS +1 side,ILIS +1 side,p126,p126,z,1808.93,,mm,false
3,SSAT BR,fiducial,ILIS +1 side,ILIS +1 side,p127,p127,x,2522.13,,mm,false
3,SSAT BR,fiducial,ILIS +1 side,ILIS +1 side,p127,p127,y,443.19,,mm,false
3,SSAT BR,fiducial,ILIS +1 side,ILIS +1 side,p127,p127,z,1809.16,,mm,false
3,SSAT BR,fiducial,ILIS +1 side,ILIS +1 side,p128,p128,x,2220.91,,mm,false
3,SSAT BR,fiducial,ILIS +1 side,ILIS +1 side,p128,p128,y,389.97,,mm,false
3,SSAT BR,fiducial,ILIS +1 side,ILIS +1 side,p128,p128,z,1798.46,,mm,false
3,SSAT BR,fiducial,ILIS +1 side,ILIS +1 side,p129,p129,x,2237.86,,mm,false
3,SSAT BR,fiducial,ILIS +1 side,ILIS +1 side,p129,p129,y,393.02,,mm,false
3,SSAT BR,fiducial,ILIS +1 side,ILIS +1 side,p129,p129,z,1543.48,,mm,false
3,SSAT BR,fiducial,ILIS +1 side,ILIS +1 side,p130,p130,x,2473.98,,mm,false
3,SSAT BR,fiducial,ILIS +1 side,ILIS +1 side,p130,p130,y,434.73,,mm,false
3,SSAT BR,fiducial,ILIS +1 side,ILIS +1 side,p130,p130,z,1536.34,,mm,false
3,SSAT BR,fiducial,ILIS +1 side,ILIS +1 side,p131,p131,x,2762.11,,mm,false
3,SSAT BR,fiducial,ILIS +1 side,ILIS +1 side,p131,p131,y,485.57,,mm,false
3,SSAT BR,fiducial,ILIS +1 side,ILIS +1 side,p131,p131,z,1535.08,,mm,false
3,SSAT BR,fiducial,ILIS +1 side,ILIS +1 side,p132,p132,x,2967.49,,mm,false
3,SSAT BR,fiducial,ILIS +1 side,ILIS +1 side,p132,p132,y,521.86,,mm,false
3,SSAT BR,fiducial,ILIS +1 side,ILIS +1 side,p132,p132,z,1533.77,,mm,false
3,SSAT BR,fiducial,ILIS +1 side,ILIS +1 side,p133,p133,x,2976.96,,mm,false
3,SSAT BR,fiducial,ILIS +1 side,ILIS +1 side,p133,p133,y,523.39,,mm,false
3,SSAT BR,fiducial,ILIS +1 side,ILIS +1 side,p133,p133,z,2521.66,,mm,false
3,SSAT BR,fiducial,ILIS +1 side,ILIS +1 side,p134,p134,x,2734.12,,mm,false
3,SSAT BR,fiducial,ILIS +1 side,ILIS +1 side,p134,p134,y,480.59,,mm,false
3,SSAT BR,fiducial,ILIS +1 side,ILIS +1 side,p134,p134,z,2530.25,,mm,false
3,SSAT BR,fiducial,ILIS +1 side,ILIS +1 side,p135,p135,x,2424.12,,mm,false
3,SSAT BR,fiducial,ILIS +1 side,ILIS +1 side,p135,p135,y,425.8,,mm,false
3,SSAT BR,fiducial,ILIS +1 side,ILIS +1 side,p135,p135,z,2525.45,,mm,false
3,SSAT BR,fiducial,ILIS +1 side,ILIS +1 side,p136,p136,x,2223.81,,mm,false
3,SSAT BR,fiducial,ILIS +1 side,ILIS +1 side,p136,p136,y,390.46,,mm,false
3,SSAT BR,fiducial,ILIS +1 side,ILIS +1 side,p136,p136,z,2539.88,,mm,false
3,SSAT BR,fiducial,ILIS +1 side,ILIS +1 side,p137,p137,x,2229.44,,mm,false
3,SSAT BR,fiducial,ILIS +1 side,ILIS +1 side,p137,p137,y,391.46,,mm,false
3,SSAT BR,fiducial,ILIS +1 side,ILIS +1 side,p137,p137,z,2823.07,,mm,false
3,SSAT BR,fiducial,ILIS +1 side,ILIS +1 side,p138,p138,x,2475.9,,mm,false
3,SSAT BR,fiducial,ILIS +1 side,ILIS +1 side,p138,p138,y,435.0,,mm,false
3,SSAT BR,fiducial,ILIS +1 side,ILIS +1 side,p138,p138,z,2814.55,,mm,false
3,SSAT BR,fiducial,ILIS +1 side,ILIS +1 side,p139,p139,x,2772.15,,mm,false
3,SSAT BR,fiducial,ILIS +1 side,ILIS +1 side,p139,p139,y,487.26,,mm,false
3,SSAT BR,fiducial,ILIS +1 side,ILIS +1 side,p139,p139,z,2805.4,,mm,false
3,SSAT BR,fiducial,ILIS +1 side,ILIS +1 side,p140,p140,x,2995.98,,mm,false
3,SSAT BR,fiducial,ILIS +1 side,ILIS +1 side,p140,p140,y,526.79,,mm,false
3,SSAT BR,fiducial,ILIS +1 side,ILIS +1 side,p140,p140,z,2807.59,,mm,false
3,SSAT BR,fiducial,ILIS +1 side,ILIS +1 side,p141,p141,x,2998.25,,mm,false
3,SSAT BR,fiducial,ILIS +1 side,ILIS +1 side,p141,p141,y,527.2,,mm,false
3,SSAT BR,fiducial,ILIS +1 side,ILIS +1 side,p141,p141,z,3146.08,,mm,false
3,SSAT BR,fiducial,ILIS +1 side,ILIS +1 side,p142,p142,x,2761.05,,mm,false
3,SSAT BR,fiducial,ILIS +1 side,ILIS +1 side,p142,p142,y,485.26,,mm,false
3,SSAT BR,fiducial,ILIS +1 side,ILIS +1 side,p142,p142,z,3175.91,,mm,false
3,SSAT BR,fiducial,ILIS +1 side,ILIS +1 side,p143,p143,x,2436.26,,mm,false
3,SSAT BR,fiducial,ILIS +1 side,ILIS +1 side,p143,p143,y,427.95,,mm,false
3,SSAT BR,fiducial,ILIS +1 side,ILIS +1 side,p143,p143,z,3207.01,,mm,false
3,SSAT BR,fiducial,ILIS +1 side,ILIS +1 side,p144,p144,x,2240.9,,mm,false
3,SSAT BR,fiducial,ILIS +1 side,ILIS +1 side,p144,p144,y,393.4,,mm,false
3,SSAT BR,fiducial,ILIS +1 side,ILIS +1 side,p144,p144,z,3200.18,,mm,false
3,SSAT BR,fiducial,ILIS +1 side,ILIS +1 side,p145,p145,x,2969.78,,mm,false
3,SSAT BR,fiducial,ILIS +1 side,ILIS +1 side,p145,p145,y,522.09,,mm,false
3,SSAT BR,fiducial,ILIS +1 side,ILIS +1 side,p145,p145,z,3460.6,,mm,false
3,SSAT BR,fiducial,ILIS +1 side,ILIS +1 side,p146,p146,x,2737.65,,mm,false
3,SSAT BR,fiducial,ILIS +1 side,ILIS +1 side,p146,p146,y,481.13,,mm,false
3,SSAT BR,fiducial,ILIS +1 side,ILIS +1 side,p146,p146,z,3461.99,,mm,false
3,SSAT BR,fiducial,ILIS +1 side,ILIS +1 side,p147,p147,x,2472.39,,mm,false
3,SSAT BR,fiducial,ILIS +1 side,ILIS +1 side,p147,p147,y,434.34,,mm,false
3,SSAT BR,fiducial,ILIS +1 side,ILIS +1 side,p147,p147,z,3451.6,,mm,false
3,SSAT BR,fiducial,ILIS +1 side,ILIS +1 side,p148,p148,x,2262.88,,mm,false
3,SSAT BR,fiducial,ILIS +1 side,ILIS +1 side,p148,p148,y,397.32,,mm,false
3,SSAT BR,fiducial,ILIS +1 side,ILIS +1 side,p148,p148,z,3444.48,,mm,false
3,SSAT BR,fiducial,ILIS +1 side,ILIS +1 side,p149,p149,x,3015.46,,mm,false
3,SSAT BR,fiducial,ILIS +1 side,ILIS +1 side,p149,p149,y,530.21,,mm,false
3,SSAT BR,fiducial,ILIS +1 side,ILIS +1 side,p149,p149,z,3517.62,,mm,false
3,SSAT BR,fiducial,ILIS +1 side,ILIS +1 side,p150,p150,x,2812.43,,mm,false
3,SSAT BR,fiducial,ILIS +1 side,ILIS +1 side,p150,p150,y,494.32,,mm,false
3,SSAT BR,fiducial,ILIS +1 side,ILIS +1 side,p150,p150,z,3516.84,,mm,false
3,SSAT BR,fiducial,ILIS +1 side,ILIS +1 side,p151,p151,x,2651.66,,mm,false
3,SSAT BR,fiducial,ILIS +1 side,ILIS +1 side,p151,p151,y,465.93,,mm,false
3,SSAT BR,fiducial,ILIS +1 side,ILIS +1 side,p151,p151,z,3515.58,,mm,false
3,SSAT BR,fiducial,ILIS +1 side,ILIS +1 side,p152,p152,x,2842.58,,mm,false
3,SSAT BR,fiducial,ILIS +1 side,ILIS +1 side,p152,p152,y,499.53,,mm,false
3,SSAT BR,fiducial,ILIS +1 side,ILIS +1 side,p152,p152,z,3748.17,,mm,false
3,SSAT BR,fiducial,ILIS +1 side,ILIS +1 side,p153,p153,x,3019.77,,mm,false
3,SSAT BR,fiducial,ILIS +1 side,ILIS +1 side,p153,p153,y,530.95,,mm,false
3,SSAT BR,fiducial,ILIS +1 side,ILIS +1 side,p153,p153,z,3976.77,,mm,false
3,SSAT BR,fiducial,ILIS +1 side,ILIS +1 side,p154,p154,x,3012.02,,mm,false
3,SSAT BR,fiducial,ILIS +1 side,ILIS +1 side,p154,p154,y,529.51,,mm,false
3,SSAT BR,fiducial,ILIS +1 side,ILIS +1 side,p154,p154,z,3801.3,,mm,false
3,SSAT BR,fiducial,ILIS +1 side,ILIS +1 side,p155,p155,x,2828.25,,mm,false
3,SSAT BR,fiducial,ILIS +1 side,ILIS +1 side,p155,p155,y,497.09,,mm,false
3,SSAT BR,fiducial,ILIS +1 side,ILIS +1 side,p155,p155,z,3981.75,,mm,false
3,SSAT BR,fiducial,ILIS +1 side,ILIS +1 side,p156,p156,x,2618.52,,mm,false
3,SSAT BR,fiducial,ILIS +1 side,ILIS +1 side,p156,p156,y,459.94,,mm,false
3,SSAT BR,fiducial,ILIS +1 side,ILIS +1 side,p156,p156,z,3787.8,,mm,false
3,SSAT BR,fiducial,ILIS +1 side,ILIS +1 side,p157,p157,x,2628.18,,mm,false
3,SSAT BR,fiducial,ILIS +1 side,ILIS +1 side,p157,p157,y,461.68,,mm,false
3,SSAT BR,fiducial,ILIS +1 side,ILIS +1 side,p157,p157,z,3969.79,,mm,false
3,SSAT BR,fiducial,ILIS +1 side,ILIS +1 side,p158,p158,x,2387.31,,mm,false
3,SSAT BR,fiducial,ILIS +1 side,ILIS +1 side,p158,p158,y,419.17,,mm,false
3,SSAT BR,fiducial,ILIS +1 side,ILIS +1 side,p158,p158,z,3786.68,,mm,false
3,SSAT BR,fiducial,ILIS +1 side,ILIS +1 side,p159,p159,x,2392.69,,mm,false
3,SSAT BR,fiducial,ILIS +1 side,ILIS +1 side,p159,p159,y,420.26,,mm,false
3,SSAT BR,fiducial,ILIS +1 side,ILIS +1 side,p159,p159,z,3978.19,,mm,false
3,SSAT BR,fiducial,ILIS +1 side,ILIS +1 side,p160,p160,x,2573.95,,mm,false
3,SSAT BR,fiducial,ILIS +1 side,ILIS +1 side,p160,p160,y,452.11,,mm,false
3,SSAT BR,fiducial,ILIS +1 side,ILIS +1 side,p160,p160,z,3976.37,,mm,false
3,SSAT BR,fiducial,ILIS +1 side,ILIS +1 side,p161,p161,x,2572.69,,mm,false
3,SSAT BR,fiducial,ILIS +1 side,ILIS +1 side,p161,p161,y,451.99,,mm,false
3,SSAT BR,fiducial,ILIS +1 side,ILIS +1 side,p161,p161,z,3801.56,,mm,false
3,SSAT BR,fiducial,ILIS +1 side,ILIS +1 side,p162,p162,x,2204.94,,mm,false
3,SSAT BR,fiducial,ILIS +1 side,ILIS +1 side,p162,p162,y,387.17,,mm,false
3,SSAT BR,fiducial,ILIS +1 side,ILIS +1 side,p162,p162,z,3986.73,,mm,false
3,SSAT BR,fiducial,ILIS +1 side,ILIS +1 side,p163,p163,x,2582.31,,mm,false
3,SSAT BR,fiducial,ILIS +1 side,ILIS +1 side,p163,p163,y,453.75,,mm,false
3,SSAT BR,fiducial,ILIS +1 side,ILIS +1 side,p163,p163,z,3522.97,,mm,false
3,SSAT BR,fiducial,ILIS +1 side,ILIS +1 side,p164,p164,x,2404.76,,mm,false
3,SSAT BR,fiducial,ILIS +1 side,ILIS +1 side,p164,p164,y,422.36,,mm,false
3,SSAT BR,fiducial,ILIS +1 side,ILIS +1 side,p164,p164,z,3519.69,,mm,false
3,SSAT BR,fiducial,ILIS +1 side,ILIS +1 side,p165,p165,x,2196.16,,mm,false
3,SSAT BR,fiducial,ILIS +1 side,ILIS +1 side,p165,p165,y,385.52,,mm,false
3,SSAT BR,fiducial,ILIS +1 side,ILIS +1 side,p165,p165,z,3519.31,,mm,false
3,SSAT BR,fiducial,ILIS +1 side,ILIS +1 side,p166,p166,x,2203.59,,mm,false
3,SSAT BR,fiducial,ILIS +1 side,ILIS +1 side,p166,p166,y,386.83,,mm,false
3,SSAT BR,fiducial,ILIS +1 side,ILIS +1 side,p166,p166,z,3688.18,,mm,false
3,SSAT BR,fiducial,ILIS +1 side,ILIS +1 side,p167,p167,x,2986.08,,mm,false
3,SSAT BR,fiducial,ILIS +1 side,ILIS +1 side,p167,p167,y,525.06,,mm,false
3,SSAT BR,fiducial,ILIS +1 side,ILIS +1 side,p167,p167,z,4009.48,,mm,false
3,SSAT BR,fiducial,ILIS +1 side,ILIS +1 side,p168,p168,x,2805.91,,mm,false
3,SSAT BR,fiducial,ILIS +1 side,ILIS +1 side,p168,p168,y,493.25,,mm,false
3,SSAT BR,fiducial,ILIS +1 side,ILIS +1 side,p168,p168,z,4018.73,,mm,false
3,SSAT BR,fiducial,ILIS +1 side,ILIS +1 side,p169,p169,x,2621.68,,mm,false
3,SSAT BR,fiducial,ILIS +1 side,ILIS +1 side,p169,p169,y,460.64,,mm,false
3,SSAT BR,fiducial,ILIS +1 side,ILIS +1 side,p169,p169,z,4017.73,,mm,false
3,SSAT BR,fiducial,ILIS +1 side,ILIS +1 side,p170,p170,x,2780.11,,mm,false
3,SSAT BR,fiducial,ILIS +1 side,ILIS +1 side,p170,p170,y,488.64,,mm,false
3,SSAT BR,fiducial,ILIS +1 side,ILIS +1 side,p170,p170,z,4216.7,,mm,false
3,SSAT BR,fiducial,ILIS +1 side,ILIS +1 side,p171,p171,x,2989.33,,mm,false
3,SSAT BR,fiducial,ILIS +1 side,ILIS +1 side,p171,p171,y,525.5,,mm,false
3,SSAT BR,fiducial,ILIS +1 side,ILIS +1 side,p171,p171,z,4194.95,,mm,false
3,SSAT BR,fiducial,ILIS +1 side,ILIS +1 side,p172,p172,x,2632.39,,mm,false
3,SSAT BR,fiducial,ILIS +1 side,ILIS +1 side,p172,p172,y,462.49,,mm,false
3,SSAT BR,fiducial,ILIS +1 side,ILIS +1 side,p172,p172,z,4218.15,,mm,false
3,SSAT BR,fiducial,ILIS +1 side,ILIS +1 side,p173,p173,x,3001.32,,mm,false
3,SSAT BR,fiducial,ILIS +1 side,ILIS +1 side,p173,p173,y,527.66,,mm,false
3,SSAT BR,fiducial,ILIS +1 side,ILIS +1 side,p173,p173,z,4422.47,,mm,false
3,SSAT BR,fiducial,ILIS +1 side,ILIS +1 side,p174,p174,x,2761.4,,mm,false
3,SSAT BR,fiducial,ILIS +1 side,ILIS +1 side,p174,p174,y,485.34,,mm,false
3,SSAT BR,fiducial,ILIS +1 side,ILIS +1 side,p174,p174,z,4435.94,,mm,false
3,SSAT BR,fiducial,ILIS +1 side,ILIS +1 side,p175,p175,x,2615.31,,mm,false
3,SSAT BR,fiducial,ILIS +1 side,ILIS +1 side,p175,p175,y,459.56,,mm,false
3,SSAT BR,fiducial,ILIS +1 side,ILIS +1 side,p175,p175,z,4457.39,,mm,false
3,SSAT BR,fiducial,ILIS +1 side,ILIS +1 side,p176,p176,x,2559.54,,mm,false
3,SSAT BR,fiducial,ILIS +1 side,ILIS +1 side,p176,p176,y,449.7,,mm,false
3,SSAT BR,fiducial,ILIS +1 side,ILIS +1 side,p176,p176,z,4479.85,,mm,false
3,SSAT BR,fiducial,ILIS +1 side,ILIS +1 side,p177,p177,x,2403.53,,mm,false
3,SSAT BR,fiducial,ILIS +1 side,ILIS +1 side,p177,p177,y,422.2,,mm,false
3,SSAT BR,fiducial,ILIS +1 side,ILIS +1 side,p177,p177,z,4479.42,,mm,false
3,SSAT BR,fiducial,ILIS +1 side,ILIS +1 side,p178,p178,x,2265.75,,mm,false
3,SSAT BR,fiducial,ILIS +1 side,ILIS +1 side,p178,p178,y,397.81,,mm,false
3,SSAT BR,fiducial,ILIS +1 side,ILIS +1 side,p178,p178,z,4472.36,,mm,false
3,SSAT BR,fiducial,ILIS +1 side,ILIS +1 side,p179,p179,x,2579.67,,mm,false
3,SSAT BR,fiducial,ILIS +1 side,ILIS +1 side,p179,p179,y,453.26,,mm,false
3,SSAT BR,fiducial,ILIS +1 side,ILIS +1 side,p179,p179,z,4276.87,,mm,false
3,SSAT BR,fiducial,ILIS +1 side,ILIS +1 side,p180,p180,x,2389.44,,mm,false
3,SSAT BR,fiducial,ILIS +1 side,ILIS +1 side,p180,p180,y,419.64,,mm,false
3,SSAT BR,fiducial,ILIS +1 side,ILIS +1 side,p180,p180,z,4276.27,,mm,false
3,SSAT BR,fiducial,ILIS +1 side,ILIS +1 side,p181,p181,x,2217.77,,mm,false
3,SSAT BR,fiducial,ILIS +1 side,ILIS +1 side,p181,p181,y,389.24,,mm,false
3,SSAT BR,fiducial,ILIS +1 side,ILIS +1 side,p181,p181,z,4288.1,,mm,false
3,SSAT BR,fiducial,ILIS +1 side,ILIS +1 side,p182,p182,x,2576.81,,mm,false
3,SSAT BR,fiducial,ILIS +1 side,ILIS +1 side,p182,p182,y,452.53,,mm,false
3,SSAT BR,fiducial,ILIS +1 side,ILIS +1 side,p182,p182,z,4018.71,,mm,false
3,SSAT BR,fiducial,ILIS +1 side,ILIS +1 side,p183,p183,x,2374.97,,mm,false
3,SSAT BR,fiducial,ILIS +1 side,ILIS +1 side,p183,p183,y,416.87,,mm,false
3,SSAT BR,fiducial,ILIS +1 side,ILIS +1 side,p183,p183,z,4025.33,,mm,false
3,SSAT BR,fiducial,ILIS +1 side,ILIS +1 side,p184,p184,x,2210.84,,mm,false
3,SSAT BR,fiducial,ILIS +1 side,ILIS +1 side,p184,p184,y,388.02,,mm,false
3,SSAT BR,fiducial,ILIS +1 side,ILIS +1 side,p184,p184,z,4004.79,,mm,false
3,SSAT BR,fiducial,ILIS -1 side,ILIS -1 side,p1,p1,x,2582.06,,mm,false
3,SSAT BR,fiducial,ILIS -1 side,ILIS -1 side,p1,p1,y,-455.05,,mm,false
3,SSAT BR,fiducial,ILIS -1 side,ILIS -1 side,p1,p1,z,4472.15,,mm,false
3,SSAT BR,fiducial,ILIS -1 side,ILIS -1 side,p2,p2,x,2583.75,,mm,false
3,SSAT BR,fiducial,ILIS -1 side,ILIS -1 side,p2,p2,y,-455.2,,mm,false
3,SSAT BR,fiducial,ILIS -1 side,ILIS -1 side,p2,p2,z,4245.5,,mm,false
3,SSAT BR,fiducial,ILIS -1 side,ILIS -1 side,p3,p3,x,2577.91,,mm,false
3,SSAT BR,fiducial,ILIS -1 side,ILIS -1 side,p3,p3,y,-454.17,,mm,false
3,SSAT BR,fiducial,ILIS -1 side,ILIS -1 side,p3,p3,z,4023.72,,mm,false
3,SSAT BR,fiducial,ILIS -1 side,ILIS -1 side,p4,p4,x,2394.93,,mm,false
3,SSAT BR,fiducial,ILIS -1 side,ILIS -1 side,p4,p4,y,-421.93,,mm,false
3,SSAT BR,fiducial,ILIS -1 side,ILIS -1 side,p4,p4,z,4021.73,,mm,false
3,SSAT BR,fiducial,ILIS -1 side,ILIS -1 side,p5,p5,x,2397.93,,mm,false
3,SSAT BR,fiducial,ILIS -1 side,ILIS -1 side,p5,p5,y,-422.47,,mm,false
3,SSAT BR,fiducial,ILIS -1 side,ILIS -1 side,p5,p5,z,4244.44,,mm,false
3,SSAT BR,fiducial,ILIS -1 side,ILIS -1 side,p6,p6,x,2412.04,,mm,false
3,SSAT BR,fiducial,ILIS -1 side,ILIS -1 side,p6,p6,y,-425.01,,mm,false
3,SSAT BR,fiducial,ILIS -1 side,ILIS -1 side,p6,p6,z,4467.96,,mm,false
3,SSAT BR,fiducial,ILIS -1 side,ILIS -1 side,p7,p7,x,2190.38,,mm,false
3,SSAT BR,fiducial,ILIS -1 side,ILIS -1 side,p7,p7,y,-385.93,,mm,false
3,SSAT BR,fiducial,ILIS -1 side,ILIS -1 side,p7,p7,z,4022.27,,mm,false
3,SSAT BR,fiducial,ILIS -1 side,ILIS -1 side,p8,p8,x,2223.53,,mm,false
3,SSAT BR,fiducial,ILIS -1 side,ILIS -1 side,p8,p8,y,-391.72,,mm,false
3,SSAT BR,fiducial,ILIS -1 side,ILIS -1 side,p8,p8,z,4249.14,,mm,false
3,SSAT BR,fiducial,ILIS -1 side,ILIS -1 side,p9,p9,x,2254.32,,mm,false
3,SSAT BR,fiducial,ILIS -1 side,ILIS -1 side,p9,p9,y,-397.17,,mm,false
3,SSAT BR,fiducial,ILIS -1 side,ILIS -1 side,p9,p9,z,4472.09,,mm,false
3,SSAT BR,fiducial,ILIS -1 side,ILIS -1 side,p10,p10,x,2627.54,,mm,false
3,SSAT BR,fiducial,ILIS -1 side,ILIS -1 side,p10,p10,y,-462.96,,mm,false
3,SSAT BR,fiducial,ILIS -1 side,ILIS -1 side,p10,p10,z,4471.81,,mm,false
3,SSAT BR,fiducial,ILIS -1 side,ILIS -1 side,p11,p11,x,2624.72,,mm,false
3,SSAT BR,fiducial,ILIS -1 side,ILIS -1 side,p11,p11,y,-462.46,,mm,false
3,SSAT BR,fiducial,ILIS -1 side,ILIS -1 side,p11,p11,z,4249.26,,mm,false
3,SSAT BR,fiducial,ILIS -1 side,ILIS -1 side,p12,p12,x,2627.97,,mm,false
3,SSAT BR,fiducial,ILIS -1 side,ILIS -1 side,p12,p12,y,-463.01,,mm,false
3,SSAT BR,fiducial,ILIS -1 side,ILIS -1 side,p12,p12,z,4024.88,,mm,false
3,SSAT BR,fiducial,ILIS -1 side,ILIS -1 side,p13,p13,x,2808.88,,mm,false
3,SSAT BR,fiducial,ILIS -1 side,ILIS -1 side,p13,p13,y,-494.95,,mm,false
3,SSAT BR,fiducial,ILIS -1 side,ILIS -1 side,p13,p13,z,4478.11,,mm,false
3,SSAT BR,fiducial,ILIS -1 side,ILIS -1 side,p14,p14,x,2834.2,,mm,false
3,SSAT BR,fiducial,ILIS -1 side,ILIS -1 side,p14,p14,y,-499.35,,mm,false
3,SSAT BR,fiducial,ILIS -1 side,ILIS -1 side,p14,p14,z,4246.23,,mm,false
3,SSAT BR,fiducial,ILIS -1 side,ILIS -1 side,p15,p15,x,2829.38,,mm,false
3,SSAT BR,fiducial,ILIS -1 side,ILIS -1 side,p15,p15,y,-498.53,,mm,false
3,SSAT BR,fiducial,ILIS -1 side,ILIS -1 side,p15,p15,z,4023.68,,mm,false
3,SSAT BR,fiducial,ILIS -1 side,ILIS -1 side,p16,p16,x,2982.54,,mm,false
3,SSAT BR,fiducial,ILIS -1 side,ILIS -1 side,p16,p16,y,-525.5,,mm,false
3,SSAT BR,fiducial,ILIS -1 side,ILIS -1 side,p16,p16,z,4445.66,,mm,false
3,SSAT BR,fiducial,ILIS -1 side,ILIS -1 side,p17,p17,x,3011.8,,mm,false
3,SSAT BR,fiducial,ILIS -1 side,ILIS -1 side,p17,p17,y,-530.71,,mm,false
3,SSAT BR,fiducial,ILIS -1 side,ILIS -1 side,p17,p17,z,4250.37,,mm,false
3,SSAT BR,fiducial,ILIS -1 side,ILIS -1 side,p18,p18,x,3011.39,,mm,false
3,SSAT BR,fiducial,ILIS -1 side,ILIS -1 side,p18,p18,y,-530.58,,mm,false
3,SSAT BR,fiducial,ILIS -1 side,ILIS -1 side,p18,p18,z,4020.14,,mm,false
3,SSAT BR,fiducial,ILIS -1 side,ILIS -1 side,p19,p19,x,2623.82,,mm,false
3,SSAT BR,fiducial,ILIS -1 side,ILIS -1 side,p19,p19,y,-462.23,,mm,false
3,SSAT BR,fiducial,ILIS -1 side,ILIS -1 side,p19,p19,z,3526.52,,mm,false
3,SSAT BR,fiducial,ILIS -1 side,ILIS -1 side,p20,p20,x,2811.86,,mm,false
3,SSAT BR,fiducial,ILIS -1 side,ILIS -1 side,p20,p20,y,-495.42,,mm,false
3,SSAT BR,fiducial,ILIS -1 side,ILIS -1 side,p20,p20,z,3522.81,,mm,false
3,SSAT BR,fiducial,ILIS -1 side,ILIS -1 side,p21,p21,x,3009.59,,mm,false
3,SSAT BR,fiducial,ILIS -1 side,ILIS -1 side,p21,p21,y,-530.33,,mm,false
3,SSAT BR,fiducial,ILIS -1 side,ILIS -1 side,p21,p21,z,3524.52,,mm,false
3,SSAT BR,fiducial,ILIS -1 side,ILIS -1 side,p22,p22,x,3007.8,,mm,false
3,SSAT BR,fiducial,ILIS -1 side,ILIS -1 side,p22,p22,y,-529.92,,mm,false
3,SSAT BR,fiducial,ILIS -1 side,ILIS -1 side,p22,p22,z,3750.39,,mm,false
3,SSAT BR,fiducial,ILIS -1 side,ILIS -1 side,p23,p23,x,2798.12,,mm,false
3,SSAT BR,fiducial,ILIS -1 side,ILIS -1 side,p23,p23,y,-493.02,,mm,false
3,SSAT BR,fiducial,ILIS -1 side,ILIS -1 side,p23,p23,z,3773.13,,mm,false
3,SSAT BR,fiducial,ILIS -1 side,ILIS -1 side,p24,p24,x,2628.87,,mm,false
3,SSAT BR,fiducial,ILIS -1 side,ILIS -1 side,p24,p24,y,-463.15,,mm,false
3,SSAT BR,fiducial,ILIS -1 side,ILIS -1 side,p24,p24,z,3782.21,,mm,false
3,SSAT BR,fiducial,ILIS -1 side,ILIS -1 side,p25,p25,x,2618.84,,mm,false
3,SSAT BR,fiducial,ILIS -1 side,ILIS -1 side,p25,p25,y,-461.44,,mm,false
3,SSAT BR,fiducial,ILIS -1 side,ILIS -1 side,p25,p25,z,3969.5,,mm,false
3,SSAT BR,fiducial,ILIS -1 side,ILIS -1 side,p26,p26,x,2815.61,,mm,false
3,SSAT BR,fiducial,ILIS -1 side,ILIS -1 side,p26,p26,y,-496.11,,mm,false
3,SSAT BR,fiducial,ILIS -1 side,ILIS -1 side,p26,p26,z,3971.72,,mm,false
3,SSAT BR,fiducial,ILIS -1 side,ILIS -1 side,p27,p27,x,3011.2,,mm,false
3,SSAT BR,fiducial,ILIS -1 side,ILIS -1 side,p27,p27,y,-530.59,,mm,false
3,SSAT BR,fiducial,ILIS -1 side,ILIS -1 side,p27,p27,z,3970.19,,mm,false
3,SSAT BR,fiducial,ILIS -1 side,ILIS -1 side,p28,p28,x,2981.63,,mm,false
3,SSAT BR,fiducial,ILIS -1 side,ILIS -1 side,p28,p28,y,-525.22,,mm,false
3,SSAT BR,fiducial,ILIS -1 side,ILIS -1 side,p28,p28,z,2522.85,,mm,false
3,SSAT BR,fiducial,ILIS -1 side,ILIS -1 side,p29,p29,x,2743.93,,mm,false
3,SSAT BR,fiducial,ILIS -1 side,ILIS -1 side,p29,p29,y,-483.31,,mm,false
3,SSAT BR,fiducial,ILIS -1 side,ILIS -1 side,p29,p29,z,2528.33,,mm,false
3,SSAT BR,fiducial,ILIS -1 side,ILIS -1 side,p30,p30,x,2446.26,,mm,false
3,SSAT BR,fiducial,ILIS -1 side,ILIS -1 side,p30,p30,y,-430.95,,mm,false
3,SSAT BR,fiducial,ILIS -1 side,ILIS -1 side,p30,p30,z,2526.86,,mm,false
3,SSAT BR,fiducial,ILIS -1 side,ILIS -1 side,p31,p31,x,3012.71,,mm,false
3,SSAT BR,fiducial,ILIS -1 side,ILIS -1 side,p31,p31,y,-530.72,,mm,false
3,SSAT BR,fiducial,ILIS -1 side,ILIS -1 side,p31,p31,z,2807.8,,mm,false
3,SSAT BR,fiducial,ILIS -1 side,ILIS -1 side,p32,p32,x,2748.34,,mm,false
3,SSAT BR,fiducial,ILIS -1 side,ILIS -1 side,p32,p32,y,-484.16,,mm,false
3,SSAT BR,fiducial,ILIS -1 side,ILIS -1 side,p32,p32,z,2818.8,,mm,false
3,SSAT BR,fiducial,ILIS -1 side,ILIS -1 side,p33,p33,x,2441.29,,mm,false
3,SSAT BR,fiducial,ILIS -1 side,ILIS -1 side,p33,p33,y,-430.02,,mm,false
3,SSAT BR,fiducial,ILIS -1 side,ILIS -1 side,p33,p33,z,2833.93,,mm,false
3,SSAT BR,fiducial,ILIS -1 side,ILIS -1 side,p34,p34,x,2181.29,,mm,false
3,SSAT BR,fiducial,ILIS -1 side,ILIS -1 side,p34,p34,y,-384.2,,mm,false
3,SSAT BR,fiducial,ILIS -1 side,ILIS -1 side,p34,p34,z,2877.37,,mm,false
3,SSAT BR,fiducial,ILIS -1 side,ILIS -1 side,p35,p35,x,2180.24,,mm,false
3,SSAT BR,fiducial,ILIS -1 side,ILIS -1 side,p35,p35,y,-383.98,,mm,false
3,SSAT BR,fiducial,ILIS -1 side,ILIS -1 side,p35,p35,z,3179.41,,mm,false
3,SSAT BR,fiducial,ILIS -1 side,ILIS -1 side,p36,p36,x,2212.66,,mm,false
3,SSAT BR,fiducial,ILIS -1 side,ILIS -1 side,p36,p36,y,-389.69,,mm,false
3,SSAT BR,fiducial,ILIS -1 side,ILIS -1 side,p36,p36,z,3481.94,,mm,false
3,SSAT BR,fiducial,ILIS -1 side,ILIS -1 side,p37,p37,x,2212.66,,mm,false
3,SSAT BR,fiducial,ILIS -1 side,ILIS -1 side,p37,p37,y,-389.69,,mm,false
3,SSAT BR,fiducial,ILIS -1 side,ILIS -1 side,p37,p37,z,3481.74,,mm,false
3,SSAT BR,fiducial,ILIS -1 side,ILIS -1 side,p38,p38,x,2467.61,,mm,false
3,SSAT BR,fiducial,ILIS -1 side,ILIS -1 side,p38,p38,y,-434.73,,mm,false
3,SSAT BR,fiducial,ILIS -1 side,ILIS -1 side,p38,p38,z,3480.55,,mm,false
3,SSAT BR,fiducial,ILIS -1 side,ILIS -1 side,p39,p39,x,2769.57,,mm,false
3,SSAT BR,fiducial,ILIS -1 side,ILIS -1 side,p39,p39,y,-487.92,,mm,false
3,SSAT BR,fiducial,ILIS -1 side,ILIS -1 side,p39,p39,z,3478.31,,mm,false
3,SSAT BR,fiducial,ILIS -1 side,ILIS -1 side,p40,p40,x,2981.35,,mm,false
3,SSAT BR,fiducial,ILIS -1 side,ILIS -1 side,p40,p40,y,-525.2,,mm,false
3,SSAT BR,fiducial,ILIS -1 side,ILIS -1 side,p40,p40,z,3478.27,,mm,false
3,SSAT BR,fiducial,ILIS -1 side,ILIS -1 side,p41,p41,x,3011.32,,mm,false
3,SSAT BR,fiducial,ILIS -1 side,ILIS -1 side,p41,p41,y,-530.51,,mm,false
3,SSAT BR,fiducial,ILIS -1 side,ILIS -1 side,p41,p41,z,3208.46,,mm,false
3,SSAT BR,fiducial,ILIS -1 side,ILIS -1 side,p42,p42,x,2730.62,,mm,false
3,SSAT BR,fiducial,ILIS -1 side,ILIS -1 side,p42,p42,y,-481.07,,mm,false
3,SSAT BR,fiducial,ILIS -1 side,ILIS -1 side,p42,p42,z,3206.15,,mm,false
3,SSAT BR,fiducial,ILIS -1 side,ILIS -1 side,p43,p43,x,2430.8,,mm,false
3,SSAT BR,fiducial,ILIS -1 side,ILIS -1 side,p43,p43,y,-428.16,,mm,false
3,SSAT BR,fiducial,ILIS -1 side,ILIS -1 side,p43,p43,z,3215.18,,mm,false
3,SSAT BR,fiducial,ILIS -1 side,ILIS -1 side,p44,p44,x,3017.26,,mm,false
3,SSAT BR,fiducial,ILIS -1 side,ILIS -1 side,p44,p44,y,-531.44,,mm,false
3,SSAT BR,fiducial,ILIS -1 side,ILIS -1 side,p44,p44,z,1811.76,,mm,false
3,SSAT BR,fiducial,ILIS -1 side,ILIS -1 side,p45,p45,x,2756.77,,mm,false
3,SSAT BR,fiducial,ILIS -1 side,ILIS -1 side,p45,p45,y,-485.52,,mm,false
3,SSAT BR,fiducial,ILIS -1 side,ILIS -1 side,p45,p45,z,1811.92,,mm,false
3,SSAT BR,fiducial,ILIS -1 side,ILIS -1 side,p46,p46,x,2430.48,,mm,false
3,SSAT BR,fiducial,ILIS -1 side,ILIS -1 side,p46,p46,y,-427.93,,mm,false
3,SSAT BR,fiducial,ILIS -1 side,ILIS -1 side,p46,p46,z,1798.23,,mm,false
3,SSAT BR,fiducial,ILIS -1 side,ILIS -1 side,p47,p47,x,3014.89,,mm,false
3,SSAT BR,fiducial,ILIS -1 side,ILIS -1 side,p47,p47,y,-531.05,,mm,false
3,SSAT BR,fiducial,ILIS -1 side,ILIS -1 side,p47,p47,z,2114.2,,mm,false
3,SSAT BR,fiducial,ILIS -1 side,ILIS -1 side,p48,p48,x,2763.58,,mm,false
3,SSAT BR,fiducial,ILIS -1 side,ILIS -1 side,p48,p48,y,-486.75,,mm,false
3,SSAT BR,fiducial,ILIS -1 side,ILIS -1 side,p48,p48,z,2122.16,,mm,false
3,SSAT BR,fiducial,ILIS -1 side,ILIS -1 side,p49,p49,x,2445.69,,mm,false
3,SSAT BR,fiducial,ILIS -1 side,ILIS -1 side,p49,p49,y,-430.73,,mm,false
3,SSAT BR,fiducial,ILIS -1 side,ILIS -1 side,p49,p49,z,2121.24,,mm,false
3,SSAT BR,fiducial,ILIS -1 side,ILIS -1 side,p50,p50,x,2979.48,,mm,false
3,SSAT BR,fiducial,ILIS -1 side,ILIS -1 side,p50,p50,y,-524.9,,mm,false
3,SSAT BR,fiducial,ILIS -1 side,ILIS -1 side,p50,p50,z,2473.65,,mm,false
3,SSAT BR,fiducial,ILIS -1 side,ILIS -1 side,p51,p51,x,2749.2,,mm,false
3,SSAT BR,fiducial,ILIS -1 side,ILIS -1 side,p51,p51,y,-484.28,,mm,false
3,SSAT BR,fiducial,ILIS -1 side,ILIS -1 side,p51,p51,z,2476.54,,mm,false
3,SSAT BR,fiducial,ILIS -1 side,ILIS -1 side,p52,p52,x,2442.03,,mm,false
3,SSAT BR,fiducial,ILIS -1 side,ILIS -1 side,p52,p52,y,-430.08,,mm,false
3,SSAT BR,fiducial,ILIS -1 side,ILIS -1 side,p52,p52,z,2481.21,,mm,false
3,SSAT BR,fiducial,ILIS -1 side,ILIS -1 side,p53,p53,x,2574.44,,mm,false
3,SSAT BR,fiducial,ILIS -1 side,ILIS -1 side,p53,p53,y,-453.54,,mm,false
3,SSAT BR,fiducial,ILIS -1 side,ILIS -1 side,p53,p53,z,3525.46,,mm,false
3,SSAT BR,fiducial,ILIS -1 side,ILIS -1 side,p54,p54,x,2579.47,,mm,false
3,SSAT BR,fiducial,ILIS -1 side,ILIS -1 side,p54,p54,y,-454.48,,mm,false
3,SSAT BR,fiducial,ILIS -1 side,ILIS -1 side,p54,p54,z,3798.97,,mm,false
3,SSAT BR,fiducial,ILIS -1 side,ILIS -1 side,p55,p55,x,2580.08,,mm,false
3,SSAT BR,fiducial,ILIS -1 side,ILIS -1 side,p55,p55,y,-454.52,,mm,false
3,SSAT BR,fiducial,ILIS -1 side,ILIS -1 side,p55,p55,z,3971.86,,mm,false
3,SSAT BR,fiducial,ILIS -1 side,ILIS -1 side,p56,p56,x,2407.5,,mm,false
3,SSAT BR,fiducial,ILIS -1 side,ILIS -1 side,p56,p56,y,-424.15,,mm,false
3,SSAT BR,fiducial,ILIS -1 side,ILIS -1 side,p56,p56,z,3974.22,,mm,false
3,SSAT BR,fiducial,ILIS -1 side,ILIS -1 side,p57,p57,x,2398.54,,mm,false
3,SSAT BR,fiducial,ILIS -1 side,ILIS -1 side,p57,p57,y,-422.54,,mm,false
3,SSAT BR,fiducial,ILIS -1 side,ILIS -1 side,p57,p57,z,3777.26,,mm,false
3,SSAT BR,fiducial,ILIS -1 side,ILIS -1 side,p58,p58,x,2380.58,,mm,false
3,SSAT BR,fiducial,ILIS -1 side,ILIS -1 side,p58,p58,y,-419.3,,mm,false
3,SSAT BR,fiducial,ILIS -1 side,ILIS -1 side,p58,p58,z,3529.64,,mm,false
3,SSAT BR,fiducial,ILIS -1 side,ILIS -1 side,p59,p59,x,2184.35,,mm,false
3,SSAT BR,fiducial,ILIS -1 side,ILIS -1 side,p59,p59,y,-384.74,,mm,false
3,SSAT BR,fiducial,ILIS -1 side,ILIS -1 side,p59,p59,z,3518.46,,mm,false
3,SSAT BR,fiducial,ILIS -1 side,ILIS -1 side,p60,p60,x,2186.25,,mm,false
3,SSAT BR,fiducial,ILIS -1 side,ILIS -1 side,p60,p60,y,-385.01,,mm,false
3,SSAT BR,fiducial,ILIS -1 side,ILIS -1 side,p60,p60,z,3739.11,,mm,false
3,SSAT BR,fiducial,ILIS -1 side,ILIS -1 side,p61,p61,x,2187.06,,mm,false
3,SSAT BR,fiducial,ILIS -1 side,ILIS -1 side,p61,p61,y,-385.08,,mm,false
3,SSAT BR,fiducial,ILIS -1 side,ILIS -1 side,p61,p61,z,3975.18,,mm,false
3,SSAT BR,fiducial,ILIS -1 side,ILIS -1 side,p62,p62,x,2216.4,,mm,false
3,SSAT BR,fiducial,ILIS -1 side,ILIS -1 side,p62,p62,y,-390.28,,mm,false
3,SSAT BR,fiducial,ILIS -1 side,ILIS -1 side,p62,p62,z,2538.0,,mm,false
3,SSAT BR,fiducial,ILIS -1 side,ILIS -1 side,p63,p63,x,2978.52,,mm,false
3,SSAT BR,fiducial,ILIS -1 side,ILIS -1 side,p63,p63,y,-524.54,,mm,false
3,SSAT BR,fiducial,ILIS -1 side,ILIS -1 side,p63,p63,z,1522.06,,mm,false
3,SSAT BR,fiducial,ILIS -1 side,ILIS -1 side,p64,p64,x,2736.11,,mm,false
3,SSAT BR,fiducial,ILIS -1 side,ILIS -1 side,p64,p64,y,-481.85,,mm,false
3,SSAT BR,fiducial,ILIS -1 side,ILIS -1 side,p64,p64,z,1532.43,,mm,false
3,SSAT BR,fiducial,ILIS -1 side,ILIS -1 side,p65,p65,x,2444.38,,mm,false
3,SSAT BR,fiducial,ILIS -1 side,ILIS -1 side,p65,p65,y,-430.45,,mm,false
3,SSAT BR,fiducial,ILIS -1 side,ILIS -1 side,p65,p65,z,1530.67,,mm,false
3,SSAT BR,fiducial,ILIS -1 side,ILIS -1 side,p66,p66,x,2215.35,,mm,false
3,SSAT BR,fiducial,ILIS -1 side,ILIS -1 side,p66,p66,y,-390.03,,mm,false
3,SSAT BR,fiducial,ILIS -1 side,ILIS -1 side,p66,p66,z,1529.55,,mm,false
3,SSAT BR,fiducial,ILIS -1 side,ILIS -1 side,p67,p67,x,2183.32,,mm,false
3,SSAT BR,fiducial,ILIS -1 side,ILIS -1 side,p67,p67,y,-384.42,,mm,false
3,SSAT BR,fiducial,ILIS -1 side,ILIS -1 side,p67,p67,z,1811.57,,mm,false
3,SSAT BR,fiducial,ILIS -1 side,ILIS -1 side,p68,p68,x,2186.74,,mm,false
3,SSAT BR,fiducial,ILIS -1 side,ILIS -1 side,p68,p68,y,-385.01,,mm,false
3,SSAT BR,fiducial,ILIS -1 side,ILIS -1 side,p68,p68,z,2156.21,,mm,false
3,SSAT BR,fiducial,ILIS -1 side,ILIS -1 side,p69,p69,x,2210.6,,mm,false
3,SSAT BR,fiducial,ILIS -1 side,ILIS -1 side,p69,p69,y,-389.31,,mm,false
3,SSAT BR,fiducial,ILIS -1 side,ILIS -1 side,p69,p69,z,2484.22,,mm,false
3,SSAT BR,fiducial,ILIS -1 side,ILIS -1 side,p70,p70,x,2982.6,,mm,false
3,SSAT BR,fiducial,ILIS -1 side,ILIS -1 side,p70,p70,y,-525.32,,mm,false
3,SSAT BR,fiducial,ILIS -1 side,ILIS -1 side,p70,p70,z,530.27,,mm,false
3,SSAT BR,fiducial,ILIS -1 side,ILIS -1 side,p71,p71,x,2699.41,,mm,false
3,SSAT BR,fiducial,ILIS -1 side,ILIS -1 side,p71,p71,y,-475.28,,mm,false
3,SSAT BR,fiducial,ILIS -1 side,ILIS -1 side,p71,p71,z,530.05,,mm,false
3,SSAT BR,fiducial,ILIS -1 side,ILIS -1 side,p72,p72,x,2698.87,,mm,false
3,SSAT BR,fiducial,ILIS -1 side,ILIS -1 side,p72,p72,y,-475.21,,mm,false
3,SSAT BR,fiducial,ILIS -1 side,ILIS -1 side,p72,p72,z,529.8,,mm,false
3,SSAT BR,fiducial,ILIS -1 side,ILIS -1 side,p73,p73,x,2453.66,,mm,false
3,SSAT BR,fiducial,ILIS -1 side,ILIS -1 side,p73,p73,y,-431.96,,mm,false
3,SSAT BR,fiducial,ILIS -1 side,ILIS -1 side,p73,p73,z,532.4,,mm,false
3,SSAT BR,fiducial,ILIS -1 side,ILIS -1 side,p74,p74,x,3004.49,,mm,false
3,SSAT BR,fiducial,ILIS -1 side,ILIS -1 side,p74,p74,y,-529.11,,mm,false
3,SSAT BR,fiducial,ILIS -1 side,ILIS -1 side,p74,p74,z,913.35,,mm,false
3,SSAT BR,fiducial,ILIS -1 side,ILIS -1 side,p75,p75,x,2697.63,,mm,false
3,SSAT BR,fiducial,ILIS -1 side,ILIS -1 side,p75,p75,y,-474.99,,mm,false
3,SSAT BR,fiducial,ILIS -1 side,ILIS -1 side,p75,p75,z,931.95,,mm,false
3,SSAT BR,fiducial,ILIS -1 side,ILIS -1 side,p76,p76,x,2465.05,,mm,false
3,SSAT BR,fiducial,ILIS -1 side,ILIS -1 side,p76,p76,y,-433.99,,mm,false
3,SSAT BR,fiducial,ILIS -1 side,ILIS -1 side,p76,p76,z,945.91,,mm,false
3,SSAT BR,fiducial,ILIS -1 side,ILIS -1 side,p77,p77,x,3008.88,,mm,false
3,SSAT BR,fiducial,ILIS -1 side,ILIS -1 side,p77,p77,y,-529.92,,mm,false
3,SSAT BR,fiducial,ILIS -1 side,ILIS -1 side,p77,p77,z,1159.74,,mm,false
3,SSAT BR,fiducial,ILIS -1 side,ILIS -1 side,p78,p78,x,2687.74,,mm,false
3,SSAT BR,fiducial,ILIS -1 side,ILIS -1 side,p78,p78,y,-473.28,,mm,false
3,SSAT BR,fiducial,ILIS -1 side,ILIS -1 side,p78,p78,z,1184.65,,mm,false
3,SSAT BR,fiducial,ILIS -1 side,ILIS -1 side,p79,p79,x,2411.36,,mm,false
3,SSAT BR,fiducial,ILIS -1 side,ILIS -1 side,p79,p79,y,-424.57,,mm,false
3,SSAT BR,fiducial,ILIS -1 side,ILIS -1 side,p79,p79,z,1191.83,,mm,false
3,SSAT BR,fiducial,ILIS -1 side,ILIS -1 side,p80,p80,x,2178.61,,mm,false
3,SSAT BR,fiducial,ILIS -1 side,ILIS -1 side,p80,p80,y,-383.52,,mm,false
3,SSAT BR,fiducial,ILIS -1 side,ILIS -1 side,p80,p80,z,1451.53,,mm,false
3,SSAT BR,fiducial,ILIS -1 side,ILIS -1 side,p81,p81,x,2454.15,,mm,false
3,SSAT BR,fiducial,ILIS -1 side,ILIS -1 side,p81,p81,y,-432.14,,mm,false
3,SSAT BR,fiducial,ILIS -1 side,ILIS -1 side,p81,p81,z,1456.68,,mm,false
3,SSAT BR,fiducial,ILIS -1 side,ILIS -1 side,p82,p82,x,2746.45,,mm,false
3,SSAT BR,fiducial,ILIS -1 side,ILIS -1 side,p82,p82,y,-483.68,,mm,false
3,SSAT BR,fiducial,ILIS -1 side,ILIS -1 side,p82,p82,z,1461.3,,mm,false
3,SSAT BR,fiducial,ILIS -1 side,ILIS -1 side,p83,p83,x,2753.93,,mm,false
3,SSAT BR,fiducial,ILIS -1 side,ILIS -1 side,p83,p83,y,-485.04,,mm,false
3,SSAT BR,fiducial,ILIS -1 side,ILIS -1 side,p83,p83,z,1464.8,,mm,false
3,SSAT BR,fiducial,ILIS -1 side,ILIS -1 side,p84,p84,x,2977.95,,mm,false
3,SSAT BR,fiducial,ILIS -1 side,ILIS -1 side,p84,p84,y,-524.54,,mm,false
3,SSAT BR,fiducial,ILIS -1 side,ILIS -1 side,p84,p84,z,1474.02,,mm,false
3,SSAT BR,fiducial,ILIS -1 side,ILIS -1 side,p85,p85,x,3018.68,,mm,false
3,SSAT BR,fiducial,ILIS -1 side,ILIS -1 side,p85,p85,y,-531.65,,mm,false
3,SSAT BR,fiducial,ILIS -1 side,ILIS -1 side,p85,p85,z,161.18,,mm,false
3,SSAT BR,fiducial,ILIS -1 side,ILIS -1 side,p86,p86,x,2703.77,,mm,false
3,SSAT BR,fiducial,ILIS -1 side,ILIS -1 side,p86,p86,y,-476.11,,mm,false
3,SSAT BR,fiducial,ILIS -1 side,ILIS -1 side,p86,p86,z,180.44,,mm,false
3,SSAT BR,fiducial,ILIS -1 side,ILIS -1 side,p87,p87,x,2412.36,,mm,false
3,SSAT BR,fiducial,ILIS -1 side,ILIS -1 side,p87,p87,y,-424.67,,mm,false
3,SSAT BR,fiducial,ILIS -1 side,ILIS -1 side,p87,p87,z,182.43,,mm,false
3,SSAT BR,fiducial,ILIS -1 side,ILIS -1 side,p88,p88,x,2467.77,,mm,false
3,SSAT BR,fiducial,ILIS -1 side,ILIS -1 side,p88,p88,y,-434.54,,mm,false
3,SSAT BR,fiducial,ILIS -1 side,ILIS -1 side,p88,p88,z,463.87,,mm,false
3,SSAT BR,fiducial,ILIS -1 side,ILIS -1 side,p89,p89,x,2764.89,,mm,false
3,SSAT BR,fiducial,ILIS -1 side,ILIS -1 side,p89,p89,y,-486.93,,mm,false
3,SSAT BR,fiducial,ILIS -1 side,ILIS -1 side,p89,p89,z,461.77,,mm,false
3,SSAT BR,fiducial,ILIS -1 side,ILIS -1 side,p90,p90,x,2977.63,,mm,false
3,SSAT BR,fiducial,ILIS -1 side,ILIS -1 side,p90,p90,y,-524.47,,mm,false
3,SSAT BR,fiducial,ILIS -1 side,ILIS -1 side,p90,p90,z,463.99,,mm,false
3,SSAT BR,fiducial,ILIS -1 side,ILIS -1 side,p91,p91,x,2182.77,,mm,false
3,SSAT BR,fiducial,ILIS -1 side,ILIS -1 side,p91,p91,y,-384.18,,mm,false
3,SSAT BR,fiducial,ILIS -1 side,ILIS -1 side,p91,p91,z,556.31,,mm,false
3,SSAT BR,fiducial,ILIS -1 side,ILIS -1 side,p92,p92,x,2184.09,,mm,false
3,SSAT BR,fiducial,ILIS -1 side,ILIS -1 side,p92,p92,y,-384.44,,mm,false
3,SSAT BR,fiducial,ILIS -1 side,ILIS -1 side,p92,p92,z,968.13,,mm,false
3,SSAT BR,fiducial,ILIS -1 side,ILIS -1 side,p93,p93,x,2179.89,,mm,false
3,SSAT BR,fiducial,ILIS -1 side,ILIS -1 side,p93,p93,y,-383.75,,mm,false
3,SSAT BR,fiducial,ILIS -1 side,ILIS -1 side,p93,p93,z,1206.42,,mm,false
3,SSAT BR,fiducial,ILIS -1 side,ILIS -1 side,p94,p94,x,2979.6,,mm,false
3,SSAT BR,fiducial,ILIS -1 side,ILIS -1 side,p94,p94,y,-524.71,,mm,false
3,SSAT BR,fiducial,ILIS -1 side,ILIS -1 side,p94,p94,z,-477.15,,mm,false
3,SSAT BR,fiducial,ILIS -1 side,ILIS -1 side,p95,p95,x,2699.99,,mm,false
3,SSAT BR,fiducial,ILIS -1 side,ILIS -1 side,p95,p95,y,-475.39,,mm,false
3,SSAT BR,fiducial,ILIS -1 side,ILIS -1 side,p95,p95,z,-467.96,,mm,false
3,SSAT BR,fiducial,ILIS -1 side,ILIS -1 side,p96,p96,x,2472.32,,mm,false
3,SSAT BR,fiducial,ILIS -1 side,ILIS -1 side,p96,p96,y,-435.23,,mm,false
3,SSAT BR,fiducial,ILIS -1 side,ILIS -1 side,p96,p96,z,-468.4,,mm,false
3,SSAT BR,fiducial,ILIS -1 side,ILIS -1 side,p97,p97,x,2211.59,,mm,false
3,SSAT BR,fiducial,ILIS -1 side,ILIS -1 side,p97,p97,y,-389.27,,mm,false
3,SSAT BR,fiducial,ILIS -1 side,ILIS -1 side,p97,p97,z,-481.47,,mm,false
3,SSAT BR,fiducial,ILIS -1 side,ILIS -1 side,p98,p98,x,2189.55,,mm,false
3,SSAT BR,fiducial,ILIS -1 side,ILIS -1 side,p98,p98,y,-385.43,,mm,false
3,SSAT BR,fiducial,ILIS -1 side,ILIS -1 side,p98,p98,z,-180.07,,mm,false
3,SSAT BR,fiducial,ILIS -1 side,ILIS -1 side,p99,p99,x,2468.58,,mm,false
3,SSAT BR,fiducial,ILIS -1 side,ILIS -1 side,p99,p99,y,-434.64,,mm,false
3,SSAT BR,fiducial,ILIS -1 side,ILIS -1 side,p99,p99,z,-184.7,,mm,false
3,SSAT BR,fiducial,ILIS -1 side,ILIS -1 side,p100,p100,x,2773.01,,mm,false
3,SSAT BR,fiducial,ILIS -1 side,ILIS -1 side,p100,p100,y,-488.35,,mm,false
3,SSAT BR,fiducial,ILIS -1 side,ILIS -1 side,p100,p100,z,-168.35,,mm,false
3,SSAT BR,fiducial,ILIS -1 side,ILIS -1 side,p101,p101,x,3012.36,,mm,false
3,SSAT BR,fiducial,ILIS -1 side,ILIS -1 side,p101,p101,y,-530.54,,mm,false
3,SSAT BR,fiducial,ILIS -1 side,ILIS -1 side,p101,p101,z,-153.63,,mm,false
3,SSAT BR,fiducial,ILIS -1 side,ILIS -1 side,p102,p102,x,2176.2,,mm,false
3,SSAT BR,fiducial,ILIS -1 side,ILIS -1 side,p102,p102,y,-383.08,,mm,false
3,SSAT BR,fiducial,ILIS -1 side,ILIS -1 side,p102,p102,z,190.02,,mm,false
3,SSAT BR,fiducial,ILIS -1 side,ILIS -1 side,p103,p103,x,2171.71,,mm,false
3,SSAT BR,fiducial,ILIS -1 side,ILIS -1 side,p103,p103,y,-382.31,,mm,false
3,SSAT BR,fiducial,ILIS -1 side,ILIS -1 side,p103,p103,z,447.99,,mm,false
3,SSAT BR,fiducial,ILIS -1 side,ILIS -1 side,p104,p104,x,2975.08,,mm,false
3,SSAT BR,fiducial,ILIS -1 side,ILIS -1 side,p104,p104,y,-523.86,,mm,false
3,SSAT BR,fiducial,ILIS -1 side,ILIS -1 side,p104,p104,z,-1469.11,,mm,false
3,SSAT BR,fiducial,ILIS -1 side,ILIS -1 side,p105,p105,x,2680.28,,mm,false
3,SSAT BR,fiducial,ILIS -1 side,ILIS -1 side,p105,p105,y,-471.88,,mm,false
3,SSAT BR,fiducial,ILIS -1 side,ILIS -1 side,p105,p105,z,-1468.57,,mm,false
3,SSAT BR,fiducial,ILIS -1 side,ILIS -1 side,p106,p106,x,2430.83,,mm,false
3,SSAT BR,fiducial,ILIS -1 side,ILIS -1 side,p106,p106,y,-427.93,,mm,false
3,SSAT BR,fiducial,ILIS -1 side,ILIS -1 side,p106,p106,z,-1470.72,,mm,false
3,SSAT BR,fiducial,ILIS -1 side,ILIS -1 side,p107,p107,x,2474.25,,mm,false
3,SSAT BR,fiducial,ILIS -1 side,ILIS -1 side,p107,p107,y,-435.56,,mm,false
3,SSAT BR,fiducial,ILIS -1 side,ILIS -1 side,p107,p107,z,-1154.13,,mm,false
3,SSAT BR,fiducial,ILIS -1 side,ILIS -1 side,p108,p108,x,2773.54,,mm,false
3,SSAT BR,fiducial,ILIS -1 side,ILIS -1 side,p108,p108,y,-488.3,,mm,false
3,SSAT BR,fiducial,ILIS -1 side,ILIS -1 side,p108,p108,z,-1147.69,,mm,false
3,SSAT BR,fiducial,ILIS -1 side,ILIS -1 side,p109,p109,x,3009.12,,mm,false
3,SSAT BR,fiducial,ILIS -1 side,ILIS -1 side,p109,p109,y,-529.97,,mm,false
3,SSAT BR,fiducial,ILIS -1 side,ILIS -1 side,p109,p109,z,-1146.18,,mm,false
3,SSAT BR,fiducial,ILIS -1 side,ILIS -1 side,p110,p110,x,3004.68,,mm,false
3,SSAT BR,fiducial,ILIS -1 side,ILIS -1 side,p110,p110,y,-529.15,,mm,false
3,SSAT BR,fiducial,ILIS -1 side,ILIS -1 side,p110,p110,z,-837.05,,mm,false
3,SSAT BR,fiducial,ILIS -1 side,ILIS -1 side,p111,p111,x,2704.07,,mm,false
3,SSAT BR,fiducial,ILIS -1 side,ILIS -1 side,p111,p111,y,-476.16,,mm,false
3,SSAT BR,fiducial,ILIS -1 side,ILIS -1 side,p111,p111,z,-792.78,,mm,false
3,SSAT BR,fiducial,ILIS -1 side,ILIS -1 side,p112,p112,x,2406.07,,mm,false
3,SSAT BR,fiducial,ILIS -1 side,ILIS -1 side,p112,p112,y,-423.6,,mm,false
3,SSAT BR,fiducial,ILIS -1 side,ILIS -1 side,p112,p112,z,-803.57,,mm,false
3,SSAT BR,fiducial,ILIS -1 side,ILIS -1 side,p113,p113,x,2451.8,,mm,false
3,SSAT BR,fiducial,ILIS -1 side,ILIS -1 side,p113,p113,y,-431.63,,mm,false
3,SSAT BR,fiducial,ILIS -1 side,ILIS -1 side,p113,p113,z,-534.31,,mm,false
3,SSAT BR,fiducial,ILIS -1 side,ILIS -1 side,p114,p114,x,2746.21,,mm,false
3,SSAT BR,fiducial,ILIS -1 side,ILIS -1 side,p114,p114,y,-483.62,,mm,false
3,SSAT BR,fiducial,ILIS -1 side,ILIS -1 side,p114,p114,z,-524.52,,mm,false
3,SSAT BR,fiducial,ILIS -1 side,ILIS -1 side,p115,p115,x,2974.09,,mm,false
3,SSAT BR,fiducial,ILIS -1 side,ILIS -1 side,p115,p115,y,-523.71,,mm,false
3,SSAT BR,fiducial,ILIS -1 side,ILIS -1 side,p115,p115,z,-518.52,,mm,false
3,SSAT BR,fiducial,ILIS -1 side,ILIS -1 side,p116,p116,x,2702.37,,mm,false
3,SSAT BR,fiducial,ILIS -1 side,ILIS -1 side,p116,p116,y,-475.76,,mm,false
3,SSAT BR,fiducial,ILIS -1 side,ILIS -1 side,p116,p116,z,-1800.36,,mm,false
3,SSAT BR,fiducial,ILIS -1 side,ILIS -1 side,p117,p117,x,3010.05,,mm,false
3,SSAT BR,fiducial,ILIS -1 side,ILIS -1 side,p117,p117,y,-530.03,,mm,false
3,SSAT BR,fiducial,ILIS -1 side,ILIS -1 side,p117,p117,z,-1791.98,,mm,false
3,SSAT BR,fiducial,ILIS -1 side,ILIS -1 side,p118,p118,x,2983.76,,mm,false
3,SSAT BR,fiducial,ILIS -1 side,ILIS -1 side,p118,p118,y,-525.5,,mm,false
3,SSAT BR,fiducial,ILIS -1 side,ILIS -1 side,p118,p118,z,-1516.98,,mm,false
3,SSAT BR,fiducial,ILIS -1 side,ILIS -1 side,p119,p119,x,2671.17,,mm,false
3,SSAT BR,fiducial,ILIS -1 side,ILIS -1 side,p119,p119,y,-470.33,,mm,false
3,SSAT BR,fiducial,ILIS -1 side,ILIS -1 side,p119,p119,z,-1519.02,,mm,false
3,SSAT BR,fiducial,ILIS -1 side,ILIS -1 side,p120,p120,x,2426.56,,mm,false
3,SSAT BR,fiducial,ILIS -1 side,ILIS -1 side,p120,p120,y,-427.19,,mm,false
3,SSAT BR,fiducial,ILIS -1 side,ILIS -1 side,p120,p120,z,-1523.2,,mm,false
3,SSAT BR,fiducial,ILIS -1 side,ILIS -1 side,p121,p121,x,2214.69,,mm,false
3,SSAT BR,fiducial,ILIS -1 side,ILIS -1 side,p121,p121,y,-389.8,,mm,false
3,SSAT BR,fiducial,ILIS -1 side,ILIS -1 side,p121,p121,z,-1473.71,,mm,false
3,SSAT BR,fiducial,ILIS -1 side,ILIS -1 side,p122,p122,x,2179.21,,mm,false
3,SSAT BR,fiducial,ILIS -1 side,ILIS -1 side,p122,p122,y,-383.49,,mm,false
3,SSAT BR,fiducial,ILIS -1 side,ILIS -1 side,p122,p122,z,-1173.09,,mm,false
3,SSAT BR,fiducial,ILIS -1 side,ILIS -1 side,p123,p123,x,2982.03,,mm,false
3,SSAT BR,fiducial,ILIS -1 side,ILIS -1 side,p123,p123,y,-525.07,,mm,false
3,SSAT BR,fiducial,ILIS -1 side,ILIS -1 side,p123,p123,z,-2474.25,,mm,false
3,SSAT BR,fiducial,ILIS -1 side,ILIS -1 side,p124,p124,x,2712.36,,mm,false
3,SSAT BR,fiducial,ILIS -1 side,ILIS -1 side,p124,p124,y,-477.49,,mm,false
3,SSAT BR,fiducial,ILIS -1 side,ILIS -1 side,p124,p124,z,-2471.12,,mm,false
3,SSAT BR,fiducial,ILIS -1 side,ILIS -1 side,p125,p125,x,2433.59,,mm,false
3,SSAT BR,fiducial,ILIS -1 side,ILIS -1 side,p125,p125,y,-428.36,,mm,false
3,SSAT BR,fiducial,ILIS -1 side,ILIS -1 side,p125,p125,z,-2466.06,,mm,false
3,SSAT BR,fiducial,ILIS -1 side,ILIS -1 side,p126,p126,x,2993.93,,mm,false
3,SSAT BR,fiducial,ILIS -1 side,ILIS -1 side,p126,p126,y,-527.2,,mm,false
3,SSAT BR,fiducial,ILIS -1 side,ILIS -1 side,p126,p126,z,-2089.21,,mm,false
3,SSAT BR,fiducial,ILIS -1 side,ILIS -1 side,p127,p127,x,2682.2,,mm,false
3,SSAT BR,fiducial,ILIS -1 side,ILIS -1 side,p127,p127,y,-472.18,,mm,false
3,SSAT BR,fiducial,ILIS -1 side,ILIS -1 side,p127,p127,z,-2097.52,,mm,false
3,SSAT BR,fiducial,ILIS -1 side,ILIS -1 side,p128,p128,x,2408.27,,mm,false
3,SSAT BR,fiducial,ILIS -1 side,ILIS -1 side,p128,p128,y,-423.9,,mm,false
3,SSAT BR,fiducial,ILIS -1 side,ILIS -1 side,p128,p128,z,-2086.24,,mm,false
3,SSAT BR,fiducial,ILIS -1 side,ILIS -1 side,p129,p129,x,2185.8,,mm,false
3,SSAT BR,fiducial,ILIS -1 side,ILIS -1 side,p129,p129,y,-384.57,,mm,false
3,SSAT BR,fiducial,ILIS -1 side,ILIS -1 side,p129,p129,z,-1799.04,,mm,false
3,SSAT BR,fiducial,ILIS -1 side,ILIS -1 side,p130,p130,x,2425.15,,mm,false
3,SSAT BR,fiducial,ILIS -1 side,ILIS -1 side,p130,p130,y,-426.74,,mm,false
3,SSAT BR,fiducial,ILIS -1 side,ILIS -1 side,p130,p130,z,-1797.18,,mm,false
3,SSAT BR,fiducial,ILIS -1 side,ILIS -1 side,p131,p131,x,2210.32,,mm,false
3,SSAT BR,fiducial,ILIS -1 side,ILIS -1 side,p131,p131,y,-388.97,,mm,false
3,SSAT BR,fiducial,ILIS -1 side,ILIS -1 side,p131,p131,z,-1518.32,,mm,false
3,SSAT BR,fiducial,ILIS -1 side,ILIS -1 side,p132,p132,x,2492.54,,mm,false
3,SSAT BR,fiducial,ILIS -1 side,ILIS -1 side,p132,p132,y,-438.75,,mm,false
3,SSAT BR,fiducial,ILIS -1 side,ILIS -1 side,p132,p132,z,-3084.22,,mm,false
3,SSAT BR,fiducial,ILIS -1 side,ILIS -1 side,p133,p133,x,2789.93,,mm,false
3,SSAT BR,fiducial,ILIS -1 side,ILIS -1 side,p133,p133,y,-491.1,,mm,false
3,SSAT BR,fiducial,ILIS -1 side,ILIS -1 side,p133,p133,z,-3090.68,,mm,false
3,SSAT BR,fiducial,ILIS -1 side,ILIS -1 side,p134,p134,x,3011.03,,mm,false
3,SSAT BR,fiducial,ILIS -1 side,ILIS -1 side,p134,p134,y,-530.14,,mm,false
3,SSAT BR,fiducial,ILIS -1 side,ILIS -1 side,p134,p134,z,-3095.87,,mm,false
3,SSAT BR,fiducial,ILIS -1 side,ILIS -1 side,p135,p135,x,3000.27,,mm,false
3,SSAT BR,fiducial,ILIS -1 side,ILIS -1 side,p135,p135,y,-528.26,,mm,false
3,SSAT BR,fiducial,ILIS -1 side,ILIS -1 side,p135,p135,z,-2801.27,,mm,false
3,SSAT BR,fiducial,ILIS -1 side,ILIS -1 side,p136,p136,x,2713.55,,mm,false
3,SSAT BR,fiducial,ILIS -1 side,ILIS -1 side,p136,p136,y,-477.64,,mm,false
3,SSAT BR,fiducial,ILIS -1 side,ILIS -1 side,p136,p136,z,-2797.31,,mm,false
3,SSAT BR,fiducial,ILIS -1 side,ILIS -1 side,p137,p137,x,2405.95,,mm,false
3,SSAT BR,fiducial,ILIS -1 side,ILIS -1 side,p137,p137,y,-423.35,,mm,false
3,SSAT BR,fiducial,ILIS -1 side,ILIS -1 side,p137,p137,z,-2801.33,,mm,false
3,SSAT BR,fiducial,ILIS -1 side,ILIS -1 side,p138,p138,x,2980.9,,mm,false
3,SSAT BR,fiducial,ILIS -1 side,ILIS -1 side,p138,p138,y,-524.82,,mm,false
3,SSAT BR,fiducial,ILIS -1 side,ILIS -1 side,p138,p138,z,-2524.64,,mm,false
3,SSAT BR,fiducial,ILIS -1 side,ILIS -1 side,p139,p139,x,2698.92,,mm,false
3,SSAT BR,fiducial,ILIS -1 side,ILIS -1 side,p139,p139,y,-475.08,,mm,false
3,SSAT BR,fiducial,ILIS -1 side,ILIS -1 side,p139,p139,z,-2525.69,,mm,false
3,SSAT BR,fiducial,ILIS -1 side,ILIS -1 side,p140,p140,x,2429.96,,mm,false
3,SSAT BR,fiducial,ILIS -1 side,ILIS -1 side,p140,p140,y,-427.66,,mm,false
3,SSAT BR,fiducial,ILIS -1 side,ILIS -1 side,p140,p140,z,-2528.91,,mm,false
3,SSAT BR,fiducial,ILIS -1 side,ILIS -1 side,p141,p141,x,2218.61,,mm,false
3,SSAT BR,fiducial,ILIS -1 side,ILIS -1 side,p141,p141,y,-390.35,,mm,false
3,SSAT BR,fiducial,ILIS -1 side,ILIS -1 side,p141,p141,z,-2469.15,,mm,false
3,SSAT BR,fiducial,ILIS -1 side,ILIS -1 side,p142,p142,x,2184.76,,mm,false
3,SSAT BR,fiducial,ILIS -1 side,ILIS -1 side,p142,p142,y,-384.39,,mm,false
3,SSAT BR,fiducial,ILIS -1 side,ILIS -1 side,p142,p142,z,-2069.84,,mm,false
3,SSAT BR,fiducial,ILIS -1 side,ILIS -1 side,p143,p143,x,2996.42,,mm,false
3,SSAT BR,fiducial,ILIS -1 side,ILIS -1 side,p143,p143,y,-527.56,,mm,false
3,SSAT BR,fiducial,ILIS -1 side,ILIS -1 side,p143,p143,z,-3432.57,,mm,false
3,SSAT BR,fiducial,ILIS -1 side,ILIS -1 side,p144,p144,x,2688.43,,mm,false
3,SSAT BR,fiducial,ILIS -1 side,ILIS -1 side,p144,p144,y,-473.24,,mm,false
3,SSAT BR,fiducial,ILIS -1 side,ILIS -1 side,p144,p144,z,-3423.12,,mm,false
3,SSAT BR,fiducial,ILIS -1 side,ILIS -1 side,p145,p145,x,2388.53,,mm,false
3,SSAT BR,fiducial,ILIS -1 side,ILIS -1 side,p145,p145,y,-420.31,,mm,false
3,SSAT BR,fiducial,ILIS -1 side,ILIS -1 side,p145,p145,z,-3422.93,,mm,false
3,SSAT BR,fiducial,ILIS -1 side,ILIS -1 side,p146,p146,x,2199.03,,mm,false
3,SSAT BR,fiducial,ILIS -1 side,ILIS -1 side,p146,p146,y,-386.81,,mm,false
3,SSAT BR,fiducial,ILIS -1 side,ILIS -1 side,p146,p146,z,-3382.28,,mm,false
3,SSAT BR,fiducial,ILIS -1 side,ILIS -1 side,p147,p147,x,2190.56,,mm,false
3,SSAT BR,fiducial,ILIS -1 side,ILIS -1 side,p147,p147,y,-385.42,,mm,false
3,SSAT BR,fiducial,ILIS -1 side,ILIS -1 side,p147,p147,z,-3084.37,,mm,false
3,SSAT BR,fiducial,ILIS -1 side,ILIS -1 side,p148,p148,x,2198.64,,mm,false
3,SSAT BR,fiducial,ILIS -1 side,ILIS -1 side,p148,p148,y,-386.81,,mm,false
3,SSAT BR,fiducial,ILIS -1 side,ILIS -1 side,p148,p148,z,-2803.72,,mm,false
3,SSAT BR,fiducial,ILIS -1 side,ILIS -1 side,p149,p149,x,2217.48,,mm,false
3,SSAT BR,fiducial,ILIS -1 side,ILIS -1 side,p149,p149,y,-390.17,,mm,false
3,SSAT BR,fiducial,ILIS -1 side,ILIS -1 side,p149,p149,z,-2522.48,,mm,false
3,SSAT BR,fiducial,ILIS -1 side,ILIS -1 side,p150,p150,x,2575.79,,mm,false
3,SSAT BR,fiducial,ILIS -1 side,ILIS -1 side,p150,p150,y,-453.35,,mm,false
3,SSAT BR,fiducial,ILIS -1 side,ILIS -1 side,p150,p150,z,-3527.36,,mm,false
3,SSAT BR,fiducial,ILIS -1 side,ILIS -1 side,p151,p151,x,2370.53,,mm,false
3,SSAT BR,fiducial,ILIS -1 side,ILIS -1 side,p151,p151,y,-417.16,,mm,false
3,SSAT BR,fiducial,ILIS -1 side,ILIS -1 side,p151,p151,z,-3525.67,,mm,false
3,SSAT BR,fiducial,ILIS -1 side,ILIS -1 side,p152,p152,x,2226.24,,mm,false
3,SSAT BR,fiducial,ILIS -1 side,ILIS -1 side,p152,p152,y,-391.63,,mm,false
3,SSAT BR,fiducial,ILIS -1 side,ILIS -1 side,p152,p152,z,-3526.88,,mm,false
3,SSAT BR,fiducial,ILIS -1 side,ILIS -1 side,p153,p153,x,2375.3,,mm,false
3,SSAT BR,fiducial,ILIS -1 side,ILIS -1 side,p153,p153,y,-417.98,,mm,false
3,SSAT BR,fiducial,ILIS -1 side,ILIS -1 side,p153,p153,z,-3724.15,,mm,false
3,SSAT BR,fiducial,ILIS -1 side,ILIS -1 side,p154,p154,x,2562.15,,mm,false
3,SSAT BR,fiducial,ILIS -1 side,ILIS -1 side,p154,p154,y,-450.94,,mm,false
3,SSAT BR,fiducial,ILIS -1 side,ILIS -1 side,p154,p154,z,-3723.45,,mm,false
3,SSAT BR,fiducial,ILIS -1 side,ILIS -1 side,p155,p155,x,2573.66,,mm,false
3,SSAT BR,fiducial,ILIS -1 side,ILIS -1 side,p155,p155,y,-452.99,,mm,false
3,SSAT BR,fiducial,ILIS -1 side,ILIS -1 side,p155,p155,z,-3935.58,,mm,false
3,SSAT BR,fiducial,ILIS -1 side,ILIS -1 side,p156,p156,x,2372.09,,mm,false
3,SSAT BR,fiducial,ILIS -1 side,ILIS -1 side,p156,p156,y,-417.4,,mm,false
3,SSAT BR,fiducial,ILIS -1 side,ILIS -1 side,p156,p156,z,-3934.96,,mm,false
3,SSAT BR,fiducial,ILIS -1 side,ILIS -1 side,p157,p157,x,2657.17,,mm,false
3,SSAT BR,fiducial,ILIS -1 side,ILIS -1 side,p157,p157,y,-467.75,,mm,false
3,SSAT BR,fiducial,ILIS -1 side,ILIS -1 side,p157,p157,z,-3529.58,,mm,false
3,SSAT BR,fiducial,ILIS -1 side,ILIS -1 side,p158,p158,x,2811.54,,mm,false
3,SSAT BR,fiducial,ILIS -1 side,ILIS -1 side,p158,p158,y,-494.99,,mm,false
3,SSAT BR,fiducial,ILIS -1 side,ILIS -1 side,p158,p158,z,-3529.6,,mm,false
3,SSAT BR,fiducial,ILIS -1 side,ILIS -1 side,p159,p159,x,2982.54,,mm,false
3,SSAT BR,fiducial,ILIS -1 side,ILIS -1 side,p159,p159,y,-525.13,,mm,false
3,SSAT BR,fiducial,ILIS -1 side,ILIS -1 side,p159,p159,z,-3526.63,,mm,false
3,SSAT BR,fiducial,ILIS -1 side,ILIS -1 side,p160,p160,x,2962.08,,mm,false
3,SSAT BR,fiducial,ILIS -1 side,ILIS -1 side,p160,p160,y,-521.52,,mm,false
3,SSAT BR,fiducial,ILIS -1 side,ILIS -1 side,p160,p160,z,-3729.47,,mm,false
3,SSAT BR,fiducial,ILIS -1 side,ILIS -1 side,p161,p161,x,2795.76,,mm,false
3,SSAT BR,fiducial,ILIS -1 side,ILIS -1 side,p161,p161,y,-492.22,,mm,false
3,SSAT BR,fiducial,ILIS -1 side,ILIS -1 side,p161,p161,z,-3723.53,,mm,false
3,SSAT BR,fiducial,ILIS -1 side,ILIS -1 side,p162,p162,x,2626.68,,mm,false
3,SSAT BR,fiducial,ILIS -1 side,ILIS -1 side,p162,p162,y,-462.37,,mm,false
3,SSAT BR,fiducial,ILIS -1 side,ILIS -1 side,p162,p162,z,-3723.12,,mm,false
3,SSAT BR,fiducial,ILIS -1 side,ILIS -1 side,p163,p163,x,2629.08,,mm,false
3,SSAT BR,fiducial,ILIS -1 side,ILIS -1 side,p163,p163,y,-462.78,,mm,false
3,SSAT BR,fiducial,ILIS -1 side,ILIS -1 side,p163,p163,z,-3926.44,,mm,false
3,SSAT BR,fiducial,ILIS -1 side,ILIS -1 side,p164,p164,x,2808.28,,mm,false
3,SSAT BR,fiducial,ILIS -1 side,ILIS -1 side,p164,p164,y,-494.36,,mm,false
3,SSAT BR,fiducial,ILIS -1 side,ILIS -1 side,p164,p164,z,-3920.79,,mm,false
3,SSAT BR,fiducial,ILIS -1 side,ILIS -1 side,p165,p165,x,3005.5,,mm,false
3,SSAT BR,fiducial,ILIS -1 side,ILIS -1 side,p165,p165,y,-529.11,,mm,false
3,SSAT BR,fiducial,ILIS -1 side,ILIS -1 side,p165,p165,z,-3932.15,,mm,false
3,SSAT BR,fiducial,ILIS -1 side,ILIS -1 side,p166,p166,x,2380.91,,mm,false
3,SSAT BR,fiducial,ILIS -1 side,ILIS -1 side,p166,p166,y,-419.03,,mm,false
3,SSAT BR,fiducial,ILIS -1 side,ILIS -1 side,p166,p166,z,-4024.61,,mm,false
3,SSAT BR,fiducial,ILIS -1 side,ILIS -1 side,p167,p167,x,2565.6,,mm,false
3,SSAT BR,fiducial,ILIS -1 side,ILIS -1 side,p167,p167,y,-451.68,,mm,false
3,SSAT BR,fiducial,ILIS -1 side,ILIS -1 side,p167,p167,z,-4023.11,,mm,false
3,SSAT BR,fiducial,ILIS -1 side,ILIS -1 side,p168,p168,x,2556.28,,mm,false
3,SSAT BR,fiducial,ILIS -1 side,ILIS -1 side,p168,p168,y,-449.91,,mm,false
3,SSAT BR,fiducial,ILIS -1 side,ILIS -1 side,p168,p168,z,-4204.13,,mm,false
3,SSAT BR,fiducial,ILIS -1 side,ILIS -1 side,p169,p169,x,2399.1,,mm,false
3,SSAT BR,fiducial,ILIS -1 side,ILIS -1 side,p169,p169,y,-422.21,,mm,false
3,SSAT BR,fiducial,ILIS -1 side,ILIS -1 side,p169,p169,z,-4211.69,,mm,false
3,SSAT BR,fiducial,ILIS -1 side,ILIS -1 side,p170,p170,x,2405.92,,mm,false
3,SSAT BR,fiducial,ILIS -1 side,ILIS -1 side,p170,p170,y,-423.41,,mm,false
3,SSAT BR,fiducial,ILIS -1 side,ILIS -1 side,p170,p170,z,-4435.66,,mm,false
3,SSAT BR,fiducial,ILIS -1 side,ILIS -1 side,p171,p171,x,2563.71,,mm,false
3,SSAT BR,fiducial,ILIS -1 side,ILIS -1 side,p171,p171,y,-451.25,,mm,false
3,SSAT BR,fiducial,ILIS -1 side,ILIS -1 side,p171,p171,z,-4429.43,,mm,false
3,SSAT BR,fiducial,ILIS -1 side,ILIS -1 side,p172,p172,x,2970.76,,mm,false
3,SSAT BR,fiducial,ILIS -1 side,ILIS -1 side,p172,p172,y,-523.05,,mm,false
3,SSAT BR,fiducial,ILIS -1 side,ILIS -1 side,p172,p172,z,-4027.68,,mm,false
3,SSAT BR,fiducial,ILIS -1 side,ILIS -1 side,p173,p173,x,2825.8,,mm,false
3,SSAT BR,fiducial,ILIS -1 side,ILIS -1 side,p173,p173,y,-497.47,,mm,false
3,SSAT BR,fiducial,ILIS -1 side,ILIS -1 side,p173,p173,z,-4031.33,,mm,false
3,SSAT BR,fiducial,ILIS -1 side,ILIS -1 side,p174,p174,x,2663.65,,mm,false
3,SSAT BR,fiducial,ILIS -1 side,ILIS -1 side,p174,p174,y,-468.86,,mm,false
3,SSAT BR,fiducial,ILIS -1 side,ILIS -1 side,p174,p174,z,-4029.66,,mm,false
3,SSAT BR,fiducial,ILIS -1 side,ILIS -1 side,p175,p175,x,2641.81,,mm,false
3,SSAT BR,fiducial,ILIS -1 side,ILIS -1 side,p175,p175,y,-464.97,,mm,false
3,SSAT BR,fiducial,ILIS -1 side,ILIS -1 side,p175,p175,z,-4213.28,,mm,false
3,SSAT BR,fiducial,ILIS -1 side,ILIS -1 side,p176,p176,x,2808.3,,mm,false
3,SSAT BR,fiducial,ILIS -1 side,ILIS -1 side,p176,p176,y,-494.39,,mm,false
3,SSAT BR,fiducial,ILIS -1 side,ILIS -1 side,p176,p176,z,-4216.71,,mm,false
3,SSAT BR,fiducial,ILIS -1 side,ILIS -1 side,p177,p177,x,2970.92,,mm,false
3,SSAT BR,fiducial,ILIS -1 side,ILIS -1 side,p177,p177,y,-523.04,,mm,false
3,SSAT BR,fiducial,ILIS -1 side,ILIS -1 side,p177,p177,z,-4230.95,,mm,false
3,SSAT BR,fiducial,ILIS -1 side,ILIS -1 side,p178,p178,x,2964.0,,mm,false
3,SSAT BR,fiducial,ILIS -1 side,ILIS -1 side,p178,p178,y,-521.89,,mm,false
3,SSAT BR,fiducial,ILIS -1 side,ILIS -1 side,p178,p178,z,-4425.98,,mm,false
3,SSAT BR,fiducial,ILIS -1 side,ILIS -1 side,p179,p179,x,2806.79,,mm,false
3,SSAT BR,fiducial,ILIS -1 side,ILIS -1 side,p179,p179,y,-494.08,,mm,false
3,SSAT BR,fiducial,ILIS -1 side,ILIS -1 side,p179,p179,z,-4416.68,,mm,false
3,SSAT BR,fiducial,ILIS -1 side,ILIS -1 side,p180,p180,x,2632.83,,mm,false
3,SSAT BR,fiducial,ILIS -1 side,ILIS -1 side,p180,p180,y,-463.41,,mm,false
3,SSAT BR,fiducial,ILIS -1 side,ILIS -1 side,p180,p180,z,-4411.37,,mm,false
3,SSAT BR,fiducial,ILIS -1 side,ILIS -1 side,p181,p181,x,2185.7,,mm,false
3,SSAT BR,fiducial,ILIS -1 side,ILIS -1 side,p181,p181,y,-384.52,,mm,false
3,SSAT BR,fiducial,ILIS -1 side,ILIS -1 side,p181,p181,z,-3732.74,,mm,false
3,SSAT BR,fiducial,ILIS -1 side,ILIS -1 side,p182,p182,x,2190.51,,mm,false
3,SSAT BR,fiducial,ILIS -1 side,ILIS -1 side,p182,p182,y,-385.41,,mm,false
3,SSAT BR,fiducial,ILIS -1 side,ILIS -1 side,p182,p182,z,-3933.61,,mm,false
3,SSAT BR,fiducial,ILIS -1 side,ILIS -1 side,p183,p183,x,2233.92,,mm,false
3,SSAT BR,fiducial,ILIS -1 side,ILIS -1 side,p183,p183,y,-393.08,,mm,false
3,SSAT BR,fiducial,ILIS -1 side,ILIS -1 side,p183,p183,z,-4029.48,,mm,false
3,SSAT BR,fiducial,ILIS -1 side,ILIS -1 side,p184,p184,x,2243.5,,mm,false
3,SSAT BR,fiducial,ILIS -1 side,ILIS -1 side,p184,p184,y,-394.79,,mm,false
3,SSAT BR,fiducial,ILIS -1 side,ILIS -1 side,p184,p184,z,-4230.69,,mm,false
3,SSAT BR,fiducial,ILIS -1 side,ILIS -1 side,p185,p185,x,2242.79,,mm,false
3,SSAT BR,fiducial,ILIS -1 side,ILIS -1 side,p185,p185,y,-394.58,,mm,false
3,SSAT BR,fiducial,ILIS -1 side,ILIS -1 side,p185,p185,z,-4436.63,,mm,false
2,SSAT target,transform,,,,,dx,0.4655414592594885,,mm,false
2,SSAT target,transform,,,,,dy,0.09843787440891215,,mm,false
2,SSAT target,transform,,,,,dz,-0.5272630368738296,,mm,false
2,SSAT target,transform,,,,,rx,0.00312807912719523,,deg,false
2,SSAT target,transform,,,,,ry,-0.007760147408187765,,deg,false
2,SSAT target,transform,,,,,rz,0.0006997066331538833,,deg,false
2,SSAT target,fiducial,CCL,CCL,A,A,x,2713.201676854691,0.5550649224306199,mm,false
2,SSAT target,fiducial,CCL,CCL,A,A,y,0.7985640317121991,0.5550649224306199,mm,false
2,SSAT target,fiducial,CCL,CCL,A,A,z,-3699.9197825219,0.5550649224306199,mm,false
2,SSAT target,fiducial,CCL,CCL,B,B,x,2712.974536759506,0.7611887224967302,mm,false
2,SSAT target,fiducial,CCL,CCL,B,B,y,0.6996170114120314,0.7611887224967302,mm,false
2,SSAT target,fiducial,CCL,CCL,B,B,z,3699.190260203974,0.7611887224967302,mm,false
2,SSAT target,fiducial,CCL,CCL,C,C,x,5333.622643410522,0.7760556084513702,mm,false
2,SSAT target,fiducial,CCL,CCL,C,C,y,0.7347696867679959,0.7760556084513702,mm,false
2,SSAT target,fiducial,CCL,CCL,C,C,z,6297.500230727265,0.7760556084513702,mm,false
2,SSAT target,fiducial,CCL,CCL,D,D,x,8977.27487451533,0.7995835457939225,mm,false
2,SSAT target,fiducial,CCL,CCL,D,D,y,0.2059200553091142,0.7995835457939225,mm,false
2,SSAT target,fiducial,CCL,CCL,D,D,z,4435.498678705081,0.7995835457939225,mm,false
2,SSAT target,fiducial,CCL,CCL,E,E,x,9584.611027328046,0.8213997119772637,mm,false
2,SSAT target,fiducial,CCL,CCL,E,E,y,1.232193661432099,0.8213997119772637,mm,false
2,SSAT target,fiducial,CCL,CCL,E,E,z,-3694.694094269257,0.8213997119772637,mm,false
2,SSAT target,fiducial,CCL,CCL,F,F',x,3398.973728524016,0.6984117413848254,mm,false
2,SSAT target,fiducial,CCL,CCL,F,F',y,1.955554621098431,0.6984117413848254,mm,false
2,SSAT target,fiducial,CCL,CCL,F,F',z,-5597.866858541676,0.6984117413848254,mm,false
2,SSAT target,fiducial,CCL,CCL,G,G,x,10729.43570090979,0.7880331170369638,mm,false
2,SSAT target,fiducial,CCL,CCL,G,G,y,-0.3405096720372838,0.7880331170369638,mm,false
2,SSAT target,fiducial,CCL,CCL,G,G,z,-0.4140855479803189,0.7880331170369638,mm,false
2,SSAT target,fiducial,CCL,CCL,H,H,x,2713.33564954943,0.7262261675689502,mm,false
2,SSAT target,fiducial,CCL,CCL,H,H,y,-0.588395809579902,0.7262261675689502,mm,false
2,SSAT target,fiducial,CCL,CCL,H,H,z,-0.5598006542633699,0.7262261675689502,mm,false
2,SSAT target,fiducial,Fiducial,Fiducial,S04 Added fiducial.2,S04 Added fiducial.2,x,10785.51643310672,,mm,false
2,SSAT target,fiducial,Fiducial,Fiducial,S04 Added fiducial.2,S04 Added fiducial.2,y,-549.0030898759594,,mm,false
2,SSAT target,fiducial,Fiducial,Fiducial,S04 Added fiducial.2,S04 Added fiducial.2,z,-2688.196473011712,,mm,false
2,SSAT target,fiducial,Fiducial,Fiducial,P9-OIS,P9-OIS,x,5992.960279976799,,mm,false
2,SSAT target,fiducial,Fiducial,Fiducial,P9-OIS,P9-OIS,y,-1094.812401509407,,mm,false
2,SSAT target,fiducial,Fiducial,Fiducial,P9-OIS,P9-OIS,z,6118.384717883586,,mm,false
2,SSAT target,fiducial,Fiducial,Fiducial,P8-OIS,P8-OIS,x,7541.741636545818,,mm,false
2,SSAT target,fiducial,Fiducial,Fiducial,P8-OIS,P8-OIS,y,-1368.09638375862,,mm,false
2,SSAT target,fiducial,Fiducial,Fiducial,P8-OIS,P8-OIS,z,6354.599567523142,,mm,false
2,SSAT target,fiducial,Fiducial,Fiducial,P7-IOIS,P7-IOIS,x,9469.29830936032,,mm,false
2,SSAT target,fiducial,Fiducial,Fiducial,P7-IOIS,P7-IOIS,y,-1220.290448252963,,mm,false
2,SSAT target,fiducial,Fiducial,Fiducial,P7-IOIS,P7-IOIS,z,3929.488679683659,,mm,false
2,SSAT target,fiducial,Fiducial,Fiducial,P6-IOIS,P6-IOIS,x,10047.20978643146,,mm,false
2,SSAT target,fiducial,Fiducial,Fiducial,P6-IOIS,P6-IOIS,y,1322.706520666152,,mm,false
2,SSAT target,fiducial,Fiducial,Fiducial,P6-IOIS,P6-IOIS,z,-3029.334286482218,,mm,false
2,SSAT target,fiducial,Fiducial,Fiducial,P4-CS,P4-CS,x,2810.71510812066,,mm,false
2,SSAT target,fiducial,Fiducial,Fiducial,P4-CS,P4-CS,y,-0.2767820927726786,,mm,false
2,SSAT target,fiducial,Fiducial,Fiducial,P4-CS,P4-CS,z,8051.213491294863,,mm,false
2,SSAT target,fiducial,Fiducial,Fiducial,P3-PCCF,P3-PCCF,x,2819.716231367718,,mm,false
2,SSAT target,fiducial,Fiducial,Fiducial,P3-PCCF,P3-PCCF,y,-0.009478657022268126,,mm,false
2,SSAT target,fiducial,Fiducial,Fiducial,P3-PCCF,P3-PCCF,z,6270.904706019353,,mm,false
2,SSAT target,fiducial,Fiducial,Fiducial,P2-PCCF,P2-PCCF,x,2819.654983069543,,mm,false
2,SSAT target,fiducial,Fiducial,Fiducial,P2-PCCF,P2-PCCF,y,0.1077715165223918,,mm,false
2,SSAT target,fiducial,Fiducial,Fiducial,P2-PCCF,P2-PCCF,z,6870.774710521197,,mm,false
2,SSAT target,fiducial,Fiducial,Fiducial,P20-IOIS,P20-IOIS,x,10482.94712348796,,mm,false
2,SSAT target,fiducial,Fiducial,Fiducial,P20-IOIS,P20-IOIS,y,-1881.685618348423,,mm,false
2,SSAT target,fiducial,Fiducial,Fiducial,P20-IOIS,P20-IOIS,z,-1244.230195815089,,mm,false
2,SSAT target,fiducial,Fiducial,Fiducial,P20-IIS,P20-IIS,x,3774.801151400845,,mm,false
2,SSAT target,fiducial,Fiducial,Fiducial,P20-IIS,P20-IIS,y,-708.2281134684823,,mm,false
2,SSAT target,fiducial,Fiducial,Fiducial,P20-IIS,P20-IIS,z,-6179.314735305011,,mm,false
2,SSAT target,fiducial,Fiducial,Fiducial,P19-IOIS,P19-IOIS,x,9866.903013683563,,mm,false
2,SSAT target,fiducial,Fiducial,Fiducial,P19-IOIS,P19-IOIS,y,-1772.517519184888,,mm,false
2,SSAT target,fiducial,Fiducial,Fiducial,P19-IOIS,P19-IOIS,z,-2995.75769151715,,mm,false
2,SSAT target,fiducial,Fiducial,Fiducial,P18-IOIS,P18-IOIS,x,10098.63567298076,,mm,false
2,SSAT target,fiducial,Fiducial,Fiducial,P18-IOIS,P18-IOIS,y,-1814.228072658994,,mm,false
2,SSAT target,fiducial,Fiducial,Fiducial,P18-IOIS,P18-IOIS,z,2378.191474482091,,mm,false
2,SSAT target,fiducial,Fiducial,Fiducial,P17-IOIS,P17-IOIS,x,9295.690362661686,,mm,false
2,SSAT target,fiducial,Fiducial,Fiducial,P17-IOIS,P17-IOIS,y,-1672.249933411068,,mm,false
2,SSAT target,fiducial,Fiducial,Fiducial,P17-IOIS,P17-IOIS,z,3881.210490832951,,mm,false
2,SSAT target,fiducial,Fiducial,Fiducial,P16-IOIS,P16-IOIS,x,9869.559648426657,,mm,false
2,SSAT target,fiducial,Fiducial,Fiducial,P16-IOIS,P16-IOIS,y,1773.472483651403,,mm,false
2,SSAT target,fiducial,Fiducial,Fiducial,P16-IOIS,P16-IOIS,z,-2995.113737380025,,mm,false
2,SSAT target,fiducial,Fiducial,Fiducial,P15-IIS,P15-IIS,x,3773.071230656636,,mm,false
2,SSAT target,fiducial,Fiducial,Fiducial,P15-IIS,P15-IIS,y,-708.2712483382659,,mm,false
2,SSAT target,fiducial,Fiducial,Fiducial,P15-IIS,P15-IIS,z,6150.215159500941,,mm,false
2,SSAT target,fiducial,Fiducial,Fiducial,P13-IOIS,P13-IOIS,x,9296.769520155343,,mm,false
2,SSAT target,fiducial,Fiducial,Fiducial,P13-IOIS,P13-IOIS,y,1671.490071750294,,mm,false
2,SSAT target,fiducial,Fiducial,Fiducial,P13-IOIS,P13-IOIS,z,3881.453189416934,,mm,false
2,SSAT target,fiducial,Fiducial,Fiducial,P12-IOIS,P12-IOIS,x,10047.70213006314,,mm,false
2,SSAT target,fiducial,Fiducial,Fiducial,P12-IOIS,P12-IOIS,y,-1321.77344992726,,mm,false
2,SSAT target,fiducial,Fiducial,Fiducial,P12-IOIS,P12-IOIS,z,-3029.838595927652,,mm,false
2,SSAT target,fiducial,Fiducial,Fiducial,P11-OIS,P11-OIS,x,7543.122724173738,,mm,false
2,SSAT target,fiducial,Fiducial,Fiducial,P11-OIS,P11-OIS,y,-1367.392625491346,,mm,false
2,SSAT target,fiducial,Fiducial,Fiducial,P11-OIS,P11-OIS,z,-6352.770342490548,,mm,false
2,SSAT target,fiducial,Fiducial,Fiducial,P10-OIS,P10-OIS,x,5993.527472013192,,mm,false
2,SSAT target,fiducial,Fiducial,Fiducial,P10-OIS,P10-OIS,y,-1094.104408264832,,mm,false
2,SSAT target,fiducial,Fiducial,Fiducial,P10-OIS,P10-OIS,z,-6117.225297102949,,mm,false
2,SSAT target,fiducial,Fiducial,Fiducial,LEG.7,LEG.7,x,9973.169132134359,,mm,false
2,SSAT target,fiducial,Fiducial,Fiducial,LEG.7,LEG.7,y,830.391608133692,,mm,false
2,SSAT target,fiducial,Fiducial,Fiducial,LEG.7,LEG.7,z,-4604.471209422384,,mm,false
2,SSAT target,fiducial,Fiducial,Fiducial,LEG.6,LEG.6,x,11066.80442095021,,mm,false
2,SSAT target,fiducial,Fiducial,Fiducial,LEG.6,LEG.6,y,830.5870925172874,,mm,false
2,SSAT target,fiducial,Fiducial,Fiducial,LEG.6,LEG.6,z,-4643.463077068335,,mm,false
2,SSAT target,fiducial,Fiducial,Fiducial,LEG.5,LEG.5,x,10096.38819394462,,mm,false
2,SSAT target,fiducial,Fiducial,Fiducial,LEG.5,LEG.5,y,546.889246708593,,mm,false
2,SSAT target,fiducial,Fiducial,Fiducial,LEG.5,LEG.5,z,-4350.489995800212,,mm,false
2,SSAT target,fiducial,Fiducial,Fiducial,LEG.4,LEG.4,x,10100.19003362065,,mm,false
2,SSAT target,fiducial,Fiducial,Fiducial,LEG.4,LEG.4,y,547.3979447313751,,mm,false
2,SSAT target,fiducial,Fiducial,Fiducial,LEG.4,LEG.4,z,-4142.619450889684,,mm,false
2,SSAT target,fiducial,Fiducial,Fiducial,LEG.3,LEG.3,x,10905.19891046039,,mm,false
2,SSAT target,fiducial,Fiducial,Fiducial,LEG.3,LEG.3,y,545.729404145999,,mm,false
2,SSAT target,fiducial,Fiducial,Fiducial,LEG.3,LEG.3,z,-4355.620513754483,,mm,false
2,SSAT target,fiducial,Fiducial,Fiducial,LEG.2,LEG.2,x,10906.4705016606,,mm,false
2,SSAT target,fiducial,Fiducial,Fiducial,LEG.2,LEG.2,y,545.9579697438801,,mm,false
2,SSAT target,fiducial,Fiducial,Fiducial,LEG.2,LEG.2,z,-4145.890326815198,,mm,false
2,SSAT target,fiducial,Fiducial,Fiducial,LEG.1,LEG.1,x,10526.29546932595,,mm,false
2,SSAT target,fiducial,Fiducial,Fiducial,LEG.1,LEG.1,y,545.911145667258,,mm,false
2,SSAT target,fiducial,Fiducial,Fiducial,LEG.1,LEG.1,z,-3739.591815992356,,mm,false
2,SSAT target,fiducial,Fiducial,Fiducial,IOIS_UR-6,IOIS_UR-6,x,10964.6538697248,,mm,false
2,SSAT target,fiducial,Fiducial,Fiducial,IOIS_UR-6,IOIS_UR-6,y,-550.3200685946211,,mm,false
2,SSAT target,fiducial,Fiducial,Fiducial,IOIS_UR-6,IOIS_UR-6,z,2425.33777200601,,mm,false
2,SSAT target,fiducial,Fiducial,Fiducial,IOIS_UR-5,IOIS_UR-5,x,11109.29236356249,,mm,false
2,SSAT target,fiducial,Fiducial,Fiducial,IOIS_UR-5,IOIS_UR-5,y,-633.7576902264105,,mm,false
2,SSAT target,fiducial,Fiducial,Fiducial,IOIS_UR-5,IOIS_UR-5,z,3329.98281620666,,mm,false
2,SSAT target,fiducial,Fiducial,Fiducial,IOIS_UR-4,IOIS_UR-4,x,10285.10146789357,,mm,false
2,SSAT target,fiducial,Fiducial,Fiducial,IOIS_UR-4,IOIS_UR-4,y,-551.5499552920003,,mm,false
2,SSAT target,fiducial,Fiducial,Fiducial,IOIS_UR-4,IOIS_UR-4,z,3919.795682134002,,mm,false
2,SSAT target,fiducial,Fiducial,Fiducial,IOIS_UR-3,IOIS_UR-3,x,10438.79690193619,,mm,false
2,SSAT target,fiducial,Fiducial,Fiducial,IOIS_UR-3,IOIS_UR-3,y,-957.5613011499332,,mm,false
2,SSAT target,fiducial,Fiducial,Fiducial,IOIS_UR-3,IOIS_UR-3,z,2513.444317364486,,mm,false
2,SSAT target,fiducial,Fiducial,Fiducial,IOIS_UR-2,IOIS_UR-2,x,10029.51997783817,,mm,false
2,SSAT target,fiducial,Fiducial,Fiducial,IOIS_UR-2,IOIS_UR-2,y,-950.6053318336664,,mm,false
2,SSAT target,fiducial,Fiducial,Fiducial,IOIS_UR-2,IOIS_UR-2,z,3228.409272234117,,mm,false
2,SSAT target,fiducial,Fiducial,Fiducial,IOIS_UR-1,IOIS_UR-1,x,9880.275646408827,,mm,false
2,SSAT target,fiducial,Fiducial,Fiducial,IOIS_UR-1,IOIS_UR-1,y,-755.396154832101,,mm,false
2,SSAT target,fiducial,Fiducial,Fiducial,IOIS_UR-1,IOIS_UR-1,z,3759.619721727141,,mm,false
2,SSAT target,fiducial,Fiducial,Fiducial,IOIS_UL-6,IOIS_UL-6,x,10957.95815274291,,mm,false
2,SSAT target,fiducial,Fiducial,Fiducial,IOIS_UL-6,IOIS_UL-6,y,544.8089036653853,,mm,false
2,SSAT target,fiducial,Fiducial,Fiducial,IOIS_UL-6,IOIS_UL-6,z,2442.696654194704,,mm,false
2,SSAT target,fiducial,Fiducial,Fiducial,IOIS_UL-5,IOIS_UL-5,x,11091.83689985807,,mm,false
2,SSAT target,fiducial,Fiducial,Fiducial,IOIS_UL-5,IOIS_UL-5,y,628.1820736552061,,mm,false
2,SSAT target,fiducial,Fiducial,Fiducial,IOIS_UL-5,IOIS_UL-5,z,3330.439347995516,,mm,false
2,SSAT target,fiducial,Fiducial,Fiducial,IOIS_UL-4,IOIS_UL-4,x,10266.80764930007,,mm,false
2,SSAT target,fiducial,Fiducial,Fiducial,IOIS_UL-4,IOIS_UL-4,y,546.2896539168858,,mm,false
2,SSAT target,fiducial,Fiducial,Fiducial,IOIS_UL-4,IOIS_UL-4,z,3922.893141310316,,mm,false
2,SSAT target,fiducial,Fiducial,Fiducial,IOIS_UL-3,IOIS_UL-3,x,10484.17330290249,,mm,false
2,SSAT target,fiducial,Fiducial,Fiducial,IOIS_UL-3,IOIS_UL-3,y,883.8788023847608,,mm,false
2,SSAT target,fiducial,Fiducial,Fiducial,IOIS_UL-3,IOIS_UL-3,z,2521.750997175494,,mm,false
2,SSAT target,fiducial,Fiducial,Fiducial,IOIS_UL-2,IOIS_UL-2,x,10080.25503277761,,mm,false
2,SSAT target,fiducial,Fiducial,Fiducial,IOIS_UL-2,IOIS_UL-2,y,866.8541765533447,,mm,false
2,SSAT target,fiducial,Fiducial,Fiducial,IOIS_UL-2,IOIS_UL-2,z,3248.815368723589,,mm,false
2,SSAT target,fiducial,Fiducial,Fiducial,IOIS_UL-1,IOIS_UL-1,x,9935.077859527537,,mm,false
2,SSAT target,fiducial,Fiducial,Fiducial,IOIS_UL-1,IOIS_UL-1,y,684.5244306343402,,mm,false
2,SSAT target,fiducial,Fiducial,Fiducial,IOIS_UL-1,IOIS_UL-1,z,3761.19575702922,,mm,false
2,SSAT target,fiducial,Fiducial,Fiducial,IOIS_LR-6,IOIS_LR-6,x,10912.70525456919,,mm,false
2,SSAT target,fiducial,Fiducial,Fiducial,IOIS_LR-6,IOIS_LR-6,y,-549.9354313166381,,mm,false
2,SSAT target,fiducial,Fiducial,Fiducial,IOIS_LR-6,IOIS_LR-6,z,-4082.229312307265,,mm,false
2,SSAT target,fiducial,Fiducial,Fiducial,IOIS_LR-5,IOIS_LR-5,x,10164.14708918868,,mm,false
2,SSAT target,fiducial,Fiducial,Fiducial,IOIS_LR-5,IOIS_LR-5,y,-549.9938308439441,,mm,false
2,SSAT target,fiducial,Fiducial,Fiducial,IOIS_LR-5,IOIS_LR-5,z,-4095.820700449987,,mm,false
2,SSAT target,fiducial,Fiducial,Fiducial,IOIS_LR-4,IOIS_LR-4,x,10913.51107117337,,mm,false
2,SSAT target,fiducial,Fiducial,Fiducial,IOIS_LR-4,IOIS_LR-4,y,-547.6259282661665,,mm,false
2,SSAT target,fiducial,Fiducial,Fiducial,IOIS_LR-4,IOIS_LR-4,z,-2058.059055497019,,mm,false
2,SSAT target,fiducial,Fiducial,Fiducial,IOIS_LR-3,IOIS_LR-3,x,10188.73119565947,,mm,false
2,SSAT target,fiducial,Fiducial,Fiducial,IOIS_LR-3,IOIS_LR-3,y,-975.640401470134,,mm,false
2,SSAT target,fiducial,Fiducial,Fiducial,IOIS_LR-3,IOIS_LR-3,z,-3054.120597962137,,mm,false
2,SSAT target,fiducial,Fiducial,Fiducial,IOIS_LR-2,IOIS_LR-2,x,10471.37061468402,,mm,false
2,SSAT target,fiducial,Fiducial,Fiducial,IOIS_LR-2,IOIS_LR-2,y,-1022.18175301718,,mm,false
2,SSAT target,fiducial,Fiducial,Fiducial,IOIS_LR-2,IOIS_LR-2,z,-2233.45484943254,,mm,false
2,SSAT target,fiducial,Fiducial,Fiducial,IOIS_LR-1,IOIS_LR-1,x,10769.26555506832,,mm,false
2,SSAT target,fiducial,Fiducial,Fiducial,IOIS_LR-1,IOIS_LR-1,y,-850.8575281929657,,mm,false
2,SSAT target,fiducial,Fiducial,Fiducial,IOIS_LR-1,IOIS_LR-1,z,-1694.685143266898,,mm,false
2,SSAT target,fiducial,Fiducial,Fiducial,IOIS_LL-6,IOIS_LL-6,x,10260.66264757538,,mm,false
2,SSAT target,fiducial,Fiducial,Fiducial,IOIS_LL-6,IOIS_LL-6,y,546.206920817839,,mm,false
2,SSAT target,fiducial,Fiducial,Fiducial,IOIS_LL-6,IOIS_LL-6,z,-4087.967780900795,,mm,false
2,SSAT target,fiducial,Fiducial,Fiducial,IOIS_LL-5,IOIS_LL-5,x,10913.33222733833,,mm,false
2,SSAT target,fiducial,Fiducial,Fiducial,IOIS_LL-5,IOIS_LL-5,y,544.9747134531217,,mm,false
2,SSAT target,fiducial,Fiducial,Fiducial,IOIS_LL-5,IOIS_LL-5,z,-4084.709450491055,,mm,false
2,SSAT target,fiducial,Fiducial,Fiducial,IOIS_LL-4,IOIS_LL-4,x,10976.85728064663,,mm,false
2,SSAT target,fiducial,Fiducial,Fiducial,IOIS_LL-4,IOIS_LL-4,y,545.4146653383359,,mm,false
2,SSAT target,fiducial,Fiducial,Fiducial,IOIS_LL-4,IOIS_LL-4,z,-2054.730800986456,,mm,false
2,SSAT target,fiducial,Fiducial,Fiducial,IOIS_LL-3,IOIS_LL-3,x,10234.87734595058,,mm,false
2,SSAT target,fiducial,Fiducial,Fiducial,IOIS_LL-3,IOIS_LL-3,y,906.3998102161734,,mm,false
2,SSAT target,fiducial,Fiducial,Fiducial,IOIS_LL-3,IOIS_LL-3,z,-3047.621597341208,,mm,false
2,SSAT target,fiducial,Fiducial,Fiducial,IOIS_LL-2,IOIS_LL-2,x,10529.04013210838,,mm,false
2,SSAT target,fiducial,Fiducial,Fiducial,IOIS_LL-2,IOIS_LL-2,y,955.2563952296426,,mm,false
2,SSAT target,fiducial,Fiducial,Fiducial,IOIS_LL-2,IOIS_LL-2,z,-2186.579079377836,,mm,false
2,SSAT target,fiducial,Fiducial,Fiducial,IOIS_LL-1,IOIS_LL-1,x,10808.44796148253,,mm,false
2,SSAT target,fiducial,Fiducial,Fiducial,IOIS_LL-1,IOIS_LL-1,y,818.0500405467106,,mm,false
2,SSAT target,fiducial,Fiducial,Fiducial,IOIS_LL-1,IOIS_LL-1,z,-1641.338721353002,,mm,false
2,SSAT target,fiducial,Fiducial,Fiducial,H4-AU,H4-AU,x,2706.261931031193,,mm,false
2,SSAT target,fiducial,Fiducial,Fiducial,H4-AU,H4-AU,y,-519.048501608461,,mm,false
2,SSAT target,fiducial,Fiducial,Fiducial,H4-AU,H4-AU,z,-0.2190641903196142,,mm,false
2,SSAT target,fiducial,Fiducial,Fiducial,H3-AU,H3-AU,x,3135.135585855116,,mm,false
2,SSAT target,fiducial,Fiducial,Fiducial,H3-AU,H3-AU,y,1.096736335639827,,mm,false
2,SSAT target,fiducial,Fiducial,Fiducial,H3-AU,H3-AU,z,-0.2125800153418081,,mm,false
2,SSAT target,fiducial,Fiducial,Fiducial,H2-AU,H2-AU,x,2706.559174137577,,mm,false
2,SSAT target,fiducial,Fiducial,Fiducial,H2-AU,H2-AU,y,521.4514803465955,,mm,false
2,SSAT target,fiducial,Fiducial,Fiducial,H2-AU,H2-AU,z,0.2077824602136139,,mm,false
2,SSAT target,fiducial,Fiducial,Fiducial,H1-AU,H1-AU,x,2143.815653394325,,mm,false
2,SSAT target,fiducial,Fiducial,Fiducial,H1-AU,H1-AU,y,-0.03534449872364936,,mm,false
2,SSAT target,fiducial,Fiducial,Fiducial,H1-AU,H1-AU,z,-0.6769063194520066,,mm,false
2,SSAT target,fiducial,Fiducial,Fiducial,G4-BU,G4-BU,x,10728.672284492,,mm,false
2,SSAT target,fiducial,Fiducial,Fiducial,G4-BU,G4-BU,y,-562.8406333855652,,mm,false
2,SSAT target,fiducial,Fiducial,Fiducial,G4-BU,G4-BU,z,1.665101225500168,,mm,false
2,SSAT target,fiducial,Fiducial,Fiducial,G2-BU,G2-BU,x,10729.48859433528,,mm,false
2,SSAT target,fiducial,Fiducial,Fiducial,G2-BU,G2-BU,y,562.6193968214021,,mm,false
2,SSAT target,fiducial,Fiducial,Fiducial,G2-BU,G2-BU,z,1.326656587916967,,mm,false
2,SSAT target,fiducial,Fiducial,Fiducial,G1-BU,G1-BU,x,11236.06533289082,,mm,false
2,SSAT target,fiducial,Fiducial,Fiducial,G1-BU,G1-BU,y,-1.414478132397378,,mm,false
2,SSAT target,fiducial,Fiducial,Fiducial,G1-BU,G1-BU,z,2.434473828099459,,mm,false
2,SSAT target,fiducial,Fiducial,Fiducial,F4-AU,F4-AU,x,5335.60920422723,,mm,false
2,SSAT target,fiducial,Fiducial,Fiducial,F4-AU,F4-AU,y,-591.4912071840864,,mm,false
2,SSAT target,fiducial,Fiducial,Fiducial,F4-AU,F4-AU,z,-6323.016967519625,,mm,false
2,SSAT target,fiducial,Fiducial,Fiducial,F1-AU,F1-AU,x,5450.197779784088,,mm,false
2,SSAT target,fiducial,Fiducial,Fiducial,F1-AU,F1-AU,y,0.5971783539517733,,mm,false
2,SSAT target,fiducial,Fiducial,Fiducial,F1-AU,F1-AU,z,-7916.339139386574,,mm,false
2,SSAT target,fiducial,Fiducial,Fiducial,E4-BU,E4-BU,x,9106.706262005126,,mm,false
2,SSAT target,fiducial,Fiducial,Fiducial,E4-BU,E4-BU,y,-562.7550443523917,,mm,false
2,SSAT target,fiducial,Fiducial,Fiducial,E4-BU,E4-BU,z,-4310.134619352049,,mm,false
2,SSAT target,fiducial,Fiducial,Fiducial,E3-BU,E3-BU,x,8741.227081594168,,mm,false
2,SSAT target,fiducial,Fiducial,Fiducial,E3-BU,E3-BU,y,-0.146561340524952,,mm,false
2,SSAT target,fiducial,Fiducial,Fiducial,E3-BU,E3-BU,z,-3997.743400798741,,mm,false
2,SSAT target,fiducial,Fiducial,Fiducial,D4-BU,D4-BU,x,8785.004887537745,,mm,false
2,SSAT target,fiducial,Fiducial,Fiducial,D4-BU,D4-BU,y,-563.1672560455968,,mm,false
2,SSAT target,fiducial,Fiducial,Fiducial,D4-BU,D4-BU,z,4633.821882233104,,mm,false
2,SSAT target,fiducial,Fiducial,Fiducial,D3-BP,D3-BP,x,8449.32270119748,,mm,false
2,SSAT target,fiducial,Fiducial,Fiducial,D3-BP,D3-BP,y,-1.283347155916915,,mm,false
2,SSAT target,fiducial,Fiducial,Fiducial,D3-BP,D3-BP,z,4303.977090088872,,mm,false
2,SSAT target,fiducial,Fiducial,Fiducial,D1-BU,D1-BU,x,9142.439491345374,,mm,false
2,SSAT target,fiducial,Fiducial,Fiducial,D1-BU,D1-BU,y,-0.8424542318616342,,mm,false
2,SSAT target,fiducial,Fiducial,Fiducial,D1-BU,D1-BU,z,4992.180997320231,,mm,false
2,SSAT target,fiducial,Fiducial,Fiducial,C4-AU,C4-AU,x,5331.819353289309,,mm,false
2,SSAT target,fiducial,Fiducial,Fiducial,C4-AU,C4-AU,y,-562.1803178563171,,mm,false
2,SSAT target,fiducial,Fiducial,Fiducial,C4-AU,C4-AU,z,6298.684253995513,,mm,false
2,SSAT target,fiducial,Fiducial,Fiducial,C2-AU,C2-AU,x,5334.605744966483,,mm,false
2,SSAT target,fiducial,Fiducial,Fiducial,C2-AU,C2-AU,y,564.2297740633429,,mm,false
2,SSAT target,fiducial,Fiducial,Fiducial,C2-AU,C2-AU,z,6297.656128047585,,mm,false
2,SSAT target,fiducial,Fiducial,Fiducial,B4-AU,B4-AU,x,2705.6807829072,,mm,false
2,SSAT target,fiducial,Fiducial,Fiducial,B4-AU,B4-AU,y,-518.9705116708828,,mm,false
2,SSAT target,fiducial,Fiducial,Fiducial,B4-AU,B4-AU,z,3699.900900808711,,mm,false
2,SSAT target,fiducial,Fiducial,Fiducial,B3-AU,B3-AU,x,3133.484424119128,,mm,false
2,SSAT target,fiducial,Fiducial,Fiducial,B3-AU,B3-AU,y,1.624709937671545,,mm,false
2,SSAT target,fiducial,Fiducial,Fiducial,B3-AU,B3-AU,z,3699.967264628537,,mm,false
2,SSAT target,fiducial,Fiducial,Fiducial,B2-AU,B2-AU,x,2705.378202291291,,mm,false
2,SSAT target,fiducial,Fiducial,Fiducial,B2-AU,B2-AU,y,521.0695317520716,,mm,false
2,SSAT target,fiducial,Fiducial,Fiducial,B2-AU,B2-AU,z,3699.067641095138,,mm,false
2,SSAT target,fiducial,Fiducial,Fiducial,B1-AU,B1-AU,x,2143.764263848832,,mm,false
2,SSAT target,fiducial,Fiducial,Fiducial,B1-AU,B1-AU,y,0.4025563650907569,,mm,false
2,SSAT target,fiducial,Fiducial,Fiducial,B1-AU,B1-AU,z,3701.193150098243,,mm,false
2,SSAT target,fiducial,Fiducial,Fiducial,A4-AU,A4-AU,x,2706.753118067288,,mm,false
2,SSAT target,fiducial,Fiducial,Fiducial,A4-AU,A4-AU,y,-519.0964768118861,,mm,false
2,SSAT target,fiducial,Fiducial,Fiducial,A4-AU,A4-AU,z,-3700.629039738121,,mm,false
2,SSAT target,fiducial,Fiducial,Fiducial,A3-AU,A3-AU,x,3134.016724791446,,mm,false
2,SSAT target,fiducial,Fiducial,Fiducial,A3-AU,A3-AU,y,1.328723465622231,,mm,false
2,SSAT target,fiducial,Fiducial,Fiducial,A3-AU,A3-AU,z,-3700.292758340117,,mm,false
2,SSAT target,fiducial,Fiducial,Fiducial,A2-AU,A2-AU,x,2706.090477139384,,mm,false
2,SSAT target,fiducial,Fiducial,Fiducial,A2-AU,A2-AU,y,521.1135387411077,,mm,false
2,SSAT target,fiducial,Fiducial,Fiducial,A2-AU,A2-AU,z,-3701.032338934047,,mm,false
2,SSAT target,fiducial,Fiducial,Fiducial,A1-AU,A1-AU,x,2144.51678213347,,mm,false
2,SSAT target,fiducial,Fiducial,Fiducial,A1-AU,A1-AU,y,0.5866626595553512,,mm,false
2,SSAT target,fiducial,Fiducial,Fiducial,A1-AU,A1-AU,z,-3700.716816850903,,mm,false
2,SSAT target,fiducial,Fiducial,Fiducial,TFC02 P11-IOIS,TFC02 P11-IOIS,x,10290.59886489583,,mm,false
2,SSAT target,fiducial,Fiducial,Fiducial,TFC02 P11-IOIS,TFC02 P11-IOIS,y,-1750.488249326417,,mm,false
2,SSAT target,fiducial,Fiducial,Fiducial,TFC02 P11-IOIS,TFC02 P11-IOIS,z,-2154.919094439796,,mm,false
2,SSAT target,fiducial,Fiducial,Fiducial,S04 Added fiducial.1,S04 Added fiducial.1,x,10655.28242966629,,mm,false
2,SSAT target,fiducial,Fiducial,Fiducial,S04 Added fiducial.1,S04 Added fiducial.1,y,-550.4068269766826,,mm,false
2,SSAT target,fiducial,Fiducial,Fiducial,S04 Added fiducial.1,S04 Added fiducial.1,z,3395.785876310978,,mm,false
2,SSAT target,fiducial,ILIS +1 side,ILIS +1 side,p1,p1,x,2170.781939131748,,mm,false
2,SSAT target,fiducial,ILIS +1 side,ILIS +1 side,p1,p1,y,381.9109385346075,,mm,false
2,SSAT target,fiducial,ILIS +1 side,ILIS +1 side,p1,p1,z,-3773.152441761737,,mm,false
2,SSAT target,fiducial,ILIS +1 side,ILIS +1 side,p2,p2,x,2172.812510681916,,mm,false
2,SSAT target,fiducial,ILIS +1 side,ILIS +1 side,p2,p2,y,382.4098096530652,,mm,false
2,SSAT target,fiducial,ILIS +1 side,ILIS +1 side,p2,p2,z,-454.9321041248901,,mm,false
2,SSAT target,fiducial,ILIS +1 side,ILIS +1 side,p3,p3,x,2178.837486064546,,mm,false
2,SSAT target,fiducial,ILIS +1 side,ILIS +1 side,p3,p3,y,383.3171564193236,,mm,false
2,SSAT target,fiducial,ILIS +1 side,ILIS +1 side,p3,p3,z,-3518.901271233706,,mm,false
2,SSAT target,fiducial,ILIS +1 side,ILIS +1 side,p4,p4,x,2175.896883224235,,mm,false
2,SSAT target,fiducial,ILIS +1 side,ILIS +1 side,p4,p4,y,383.1757340786667,,mm,false
2,SSAT target,fiducial,ILIS +1 side,ILIS +1 side,p4,p4,z,4016.528403114975,,mm,false
2,SSAT target,fiducial,ILIS +1 side,ILIS +1 side,p5,p5,x,2180.469778436991,,mm,false
2,SSAT target,fiducial,ILIS +1 side,ILIS +1 side,p5,p5,y,383.6122866792297,,mm,false
2,SSAT target,fiducial,ILIS +1 side,ILIS +1 side,p5,p5,z,-3978.851038947247,,mm,false
2,SSAT target,fiducial,ILIS +1 side,ILIS +1 side,p6,p6,x,2178.124565338844,,mm,false
2,SSAT target,fiducial,ILIS +1 side,ILIS +1 side,p6,p6,y,383.4245844471499,,mm,false
2,SSAT target,fiducial,ILIS +1 side,ILIS +1 side,p6,p6,z,-174.8613262714355,,mm,false
2,SSAT target,fiducial,ILIS +1 side,ILIS +1 side,p7,p7,x,2179.135909298212,,mm,false
2,SSAT target,fiducial,ILIS +1 side,ILIS +1 side,p7,p7,y,383.4809539284551,,mm,false
2,SSAT target,fiducial,ILIS +1 side,ILIS +1 side,p7,p7,z,258.208818400161,,mm,false
2,SSAT target,fiducial,ILIS +1 side,ILIS +1 side,p8,p8,x,2180.081482652499,,mm,false
2,SSAT target,fiducial,ILIS +1 side,ILIS +1 side,p8,p8,y,383.7270899525037,,mm,false
2,SSAT target,fiducial,ILIS +1 side,ILIS +1 side,p8,p8,z,512.3689626165376,,mm,false
2,SSAT target,fiducial,ILIS +1 side,ILIS +1 side,p9,p9,x,2187.08032619448,,mm,false
2,SSAT target,fiducial,ILIS +1 side,ILIS +1 side,p9,p9,y,384.7581008326384,,mm,false
2,SSAT target,fiducial,ILIS +1 side,ILIS +1 side,p9,p9,z,-2801.670068506307,,mm,false
2,SSAT target,fiducial,ILIS +1 side,ILIS +1 side,p10,p10,x,2185.304107909019,,mm,false
2,SSAT target,fiducial,ILIS +1 side,ILIS +1 side,p10,p10,y,384.5769836351164,,mm,false
2,SSAT target,fiducial,ILIS +1 side,ILIS +1 side,p10,p10,z,3446.229747651533,,mm,false
2,SSAT target,fiducial,ILIS +1 side,ILIS +1 side,p11,p11,x,2185.715595787532,,mm,false
2,SSAT target,fiducial,ILIS +1 side,ILIS +1 side,p11,p11,y,384.7378972992047,,mm,false
2,SSAT target,fiducial,ILIS +1 side,ILIS +1 side,p11,p11,z,2696.899804179021,,mm,false
2,SSAT target,fiducial,ILIS +1 side,ILIS +1 side,p12,p12,x,2186.864908358535,,mm,false
2,SSAT target,fiducial,ILIS +1 side,ILIS +1 side,p12,p12,y,384.9085594192337,,mm,false
2,SSAT target,fiducial,ILIS +1 side,ILIS +1 side,p12,p12,z,486.9699455963877,,mm,false
2,SSAT target,fiducial,ILIS +1 side,ILIS +1 side,p13,p13,x,2189.924792997339,,mm,false
2,SSAT target,fiducial,ILIS +1 side,ILIS +1 side,p13,p13,y,385.2244313185165,,mm,false
2,SSAT target,fiducial,ILIS +1 side,ILIS +1 side,p13,p13,z,-4016.019670739735,,mm,false
2,SSAT target,fiducial,ILIS +1 side,ILIS +1 side,p14,p14,x,2188.549911994004,,mm,false
2,SSAT target,fiducial,ILIS +1 side,ILIS +1 side,p14,p14,y,385.1029983650968,,mm,false
2,SSAT target,fiducial,ILIS +1 side,ILIS +1 side,p14,p14,z,-509.8198261991725,,mm,false
2,SSAT target,fiducial,ILIS +1 side,ILIS +1 side,p15,p15,x,2188.4841758057,,mm,false
2,SSAT target,fiducial,ILIS +1 side,ILIS +1 side,p15,p15,y,385.1920080030896,,mm,false
2,SSAT target,fiducial,ILIS +1 side,ILIS +1 side,p15,p15,z,1156.850187527612,,mm,false
2,SSAT target,fiducial,ILIS +1 side,ILIS +1 side,p16,p16,x,2190.3875476585,,mm,false
2,SSAT target,fiducial,ILIS +1 side,ILIS +1 side,p16,p16,y,385.4407472911015,,mm,false
2,SSAT target,fiducial,ILIS +1 side,ILIS +1 side,p16,p16,z,-2116.719576003381,,mm,false
2,SSAT target,fiducial,ILIS +1 side,ILIS +1 side,p17,p17,x,2189.99477859418,,mm,false
2,SSAT target,fiducial,ILIS +1 side,ILIS +1 side,p17,p17,y,385.4732848409918,,mm,false
2,SSAT target,fiducial,ILIS +1 side,ILIS +1 side,p17,p17,z,3515.030432623935,,mm,false
2,SSAT target,fiducial,ILIS +1 side,ILIS +1 side,p18,p18,x,2193.20566872457,,mm,false
2,SSAT target,fiducial,ILIS +1 side,ILIS +1 side,p18,p18,y,385.823902973611,,mm,false
2,SSAT target,fiducial,ILIS +1 side,ILIS +1 side,p18,p18,z,-1807.549170101749,,mm,false
2,SSAT target,fiducial,ILIS +1 side,ILIS +1 side,p19,p19,x,2192.212277763838,,mm,false
2,SSAT target,fiducial,ILIS +1 side,ILIS +1 side,p19,p19,y,385.8414457049643,,mm,false
2,SSAT target,fiducial,ILIS +1 side,ILIS +1 side,p19,p19,z,801.640724131067,,mm,false
2,SSAT target,fiducial,ILIS +1 side,ILIS +1 side,p20,p20,x,2193.522210783877,,mm,false
2,SSAT target,fiducial,ILIS +1 side,ILIS +1 side,p20,p20,y,385.9902673358889,,mm,false
2,SSAT target,fiducial,ILIS +1 side,ILIS +1 side,p20,p20,z,-1191.369111576626,,mm,false
2,SSAT target,fiducial,ILIS +1 side,ILIS +1 side,p21,p21,x,2191.341200556359,,mm,false
2,SSAT target,fiducial,ILIS +1 side,ILIS +1 side,p21,p21,y,385.7576755710141,,mm,false
2,SSAT target,fiducial,ILIS +1 side,ILIS +1 side,p21,p21,z,3984.420635514678,,mm,false
2,SSAT target,fiducial,ILIS +1 side,ILIS +1 side,p22,p22,x,2195.07579611156,,mm,false
2,SSAT target,fiducial,ILIS +1 side,ILIS +1 side,p22,p22,y,386.3265342288689,,mm,false
2,SSAT target,fiducial,ILIS +1 side,ILIS +1 side,p22,p22,z,-3137.528903550864,,mm,false
2,SSAT target,fiducial,ILIS +1 side,ILIS +1 side,p23,p23,x,2195.732591696749,,mm,false
2,SSAT target,fiducial,ILIS +1 side,ILIS +1 side,p23,p23,y,386.3502955753319,,mm,false
2,SSAT target,fiducial,ILIS +1 side,ILIS +1 side,p23,p23,z,-825.0487886406924,,mm,false
2,SSAT target,fiducial,ILIS +1 side,ILIS +1 side,p24,p24,x,2194.982614071762,,mm,false
2,SSAT target,fiducial,ILIS +1 side,ILIS +1 side,p24,p24,y,386.3603851882756,,mm,false
2,SSAT target,fiducial,ILIS +1 side,ILIS +1 side,p24,p24,z,3752.43115913972,,mm,false
2,SSAT target,fiducial,ILIS +1 side,ILIS +1 side,p25,p25,x,2195.669615608121,,mm,false
2,SSAT target,fiducial,ILIS +1 side,ILIS +1 side,p25,p25,y,386.5099559695375,,mm,false
2,SSAT target,fiducial,ILIS +1 side,ILIS +1 side,p25,p25,z,1928.73124090825,,mm,false
2,SSAT target,fiducial,ILIS +1 side,ILIS +1 side,p26,p26,x,2199.997122488831,,mm,false
2,SSAT target,fiducial,ILIS +1 side,ILIS +1 side,p26,p26,y,387.0432557205015,,mm,false
2,SSAT target,fiducial,ILIS +1 side,ILIS +1 side,p26,p26,z,-3442.718201130238,,mm,false
2,SSAT target,fiducial,ILIS +1 side,ILIS +1 side,p27,p27,x,2201.562005596334,,mm,false
2,SSAT target,fiducial,ILIS +1 side,ILIS +1 side,p27,p27,y,387.2255521237244,,mm,false
2,SSAT target,fiducial,ILIS +1 side,ILIS +1 side,p27,p27,z,-4217.117987486666,,mm,false
2,SSAT target,fiducial,ILIS +1 side,ILIS +1 side,p28,p28,x,2199.490694834093,,mm,false
2,SSAT target,fiducial,ILIS +1 side,ILIS +1 side,p28,p28,y,387.0922248210519,,mm,false
2,SSAT target,fiducial,ILIS +1 side,ILIS +1 side,p28,p28,z,2437.541795649927,,mm,false
2,SSAT target,fiducial,ILIS +1 side,ILIS +1 side,p29,p29,x,2198.770777130759,,mm,false
2,SSAT target,fiducial,ILIS +1 side,ILIS +1 side,p29,p29,y,387.0859718718769,,mm,false
2,SSAT target,fiducial,ILIS +1 side,ILIS +1 side,p29,p29,z,3101.431704881421,,mm,false
2,SSAT target,fiducial,ILIS +1 side,ILIS +1 side,p30,p30,x,2200.511718761474,,mm,false
2,SSAT target,fiducial,ILIS +1 side,ILIS +1 side,p30,p30,y,387.3247435900788,,mm,false
2,SSAT target,fiducial,ILIS +1 side,ILIS +1 side,p30,p30,z,2208.461944189433,,mm,false
2,SSAT target,fiducial,ILIS +1 side,ILIS +1 side,p31,p31,x,2202.919115985557,,mm,false
2,SSAT target,fiducial,ILIS +1 side,ILIS +1 side,p31,p31,y,387.7340339778208,,mm,false
2,SSAT target,fiducial,ILIS +1 side,ILIS +1 side,p31,p31,z,1489.312284925116,,mm,false
2,SSAT target,fiducial,ILIS +1 side,ILIS +1 side,p32,p32,x,2202.29177000384,,mm,false
2,SSAT target,fiducial,ILIS +1 side,ILIS +1 side,p32,p32,y,387.6859558494882,,mm,false
2,SSAT target,fiducial,ILIS +1 side,ILIS +1 side,p32,p32,z,4201.542226251167,,mm,false
2,SSAT target,fiducial,ILIS +1 side,ILIS +1 side,p33,p33,x,2208.034299011797,,mm,false
2,SSAT target,fiducial,ILIS +1 side,ILIS +1 side,p33,p33,y,388.5633913277787,,mm,false
2,SSAT target,fiducial,ILIS +1 side,ILIS +1 side,p33,p33,z,-1428.517008105749,,mm,false
2,SSAT target,fiducial,ILIS +1 side,ILIS +1 side,p34,p34,x,2209.015732501264,,mm,false
2,SSAT target,fiducial,ILIS +1 side,ILIS +1 side,p34,p34,y,388.8527500947339,,mm,false
2,SSAT target,fiducial,ILIS +1 side,ILIS +1 side,p34,p34,z,1514.19317199351,,mm,false
2,SSAT target,fiducial,ILIS +1 side,ILIS +1 side,p35,p35,x,2220.815936601008,,mm,false
2,SSAT target,fiducial,ILIS +1 side,ILIS +1 side,p35,p35,y,390.7406495256066,,mm,false
2,SSAT target,fiducial,ILIS +1 side,ILIS +1 side,p35,p35,z,-2474.465169243422,,mm,false
2,SSAT target,fiducial,ILIS +1 side,ILIS +1 side,p36,p36,x,2222.082917073261,,mm,false
2,SSAT target,fiducial,ILIS +1 side,ILIS +1 side,p36,p36,y,390.9734798358934,,mm,false
2,SSAT target,fiducial,ILIS +1 side,ILIS +1 side,p36,p36,z,-2526.024985481744,,mm,false
2,SSAT target,fiducial,ILIS +1 side,ILIS +1 side,p37,p37,x,2221.78727207149,,mm,false
2,SSAT target,fiducial,ILIS +1 side,ILIS +1 side,p37,p37,y,390.9488001647034,,mm,false
2,SSAT target,fiducial,ILIS +1 side,ILIS +1 side,p37,p37,z,-1524.515016192896,,mm,false
2,SSAT target,fiducial,ILIS +1 side,ILIS +1 side,p38,p38,x,2240.241523595017,,mm,false
2,SSAT target,fiducial,ILIS +1 side,ILIS +1 side,p38,p38,y,394.4042604621879,,mm,false
2,SSAT target,fiducial,ILIS +1 side,ILIS +1 side,p38,p38,z,4424.257735332821,,mm,false
2,SSAT target,fiducial,ILIS +1 side,ILIS +1 side,p39,p39,x,2249.952540258659,,mm,false
2,SSAT target,fiducial,ILIS +1 side,ILIS +1 side,p39,p39,y,396.0455671757491,,mm,false
2,SSAT target,fiducial,ILIS +1 side,ILIS +1 side,p39,p39,z,2570.779120439292,,mm,false
2,SSAT target,fiducial,ILIS +1 side,ILIS +1 side,p40,p40,x,2268.097819119973,,mm,false
2,SSAT target,fiducial,ILIS +1 side,ILIS +1 side,p40,p40,y,399.0208582245908,,mm,false
2,SSAT target,fiducial,ILIS +1 side,ILIS +1 side,p40,p40,z,-4482.598334730552,,mm,false
2,SSAT target,fiducial,ILIS +1 side,ILIS +1 side,p41,p41,x,2338.827962597411,,mm,false
2,SSAT target,fiducial,ILIS +1 side,ILIS +1 side,p41,p41,y,411.7529459586073,,mm,false
2,SSAT target,fiducial,ILIS +1 side,ILIS +1 side,p41,p41,z,2455.502014056975,,mm,false
2,SSAT target,fiducial,ILIS +1 side,ILIS +1 side,p42,p42,x,2365.921408885113,,mm,false
2,SSAT target,fiducial,ILIS +1 side,ILIS +1 side,p42,p42,y,416.480042086813,,mm,false
2,SSAT target,fiducial,ILIS +1 side,ILIS +1 side,p42,p42,z,3980.12595792984,,mm,false
2,SSAT target,fiducial,ILIS +1 side,ILIS +1 side,p43,p43,x,2369.407025099876,,mm,false
2,SSAT target,fiducial,ILIS +1 side,ILIS +1 side,p43,p43,y,417.2183212528446,,mm,false
2,SSAT target,fiducial,ILIS +1 side,ILIS +1 side,p43,p43,z,4012.426470673083,,mm,false
2,SSAT target,fiducial,ILIS +1 side,ILIS +1 side,p44,p44,x,2381.090580937356,,mm,false
2,SSAT target,fiducial,ILIS +1 side,ILIS +1 side,p44,p44,y,418.9073255462365,,mm,false
2,SSAT target,fiducial,ILIS +1 side,ILIS +1 side,p44,p44,z,-4209.441942357345,,mm,false
2,SSAT target,fiducial,ILIS +1 side,ILIS +1 side,p45,p45,x,2379.010408813949,,mm,false
2,SSAT target,fiducial,ILIS +1 side,ILIS +1 side,p45,p45,y,418.7419023381548,,mm,false
2,SSAT target,fiducial,ILIS +1 side,ILIS +1 side,p45,p45,z,3765.807851907352,,mm,false
2,SSAT target,fiducial,ILIS +1 side,ILIS +1 side,p46,p46,x,2384.859767119544,,mm,false
2,SSAT target,fiducial,ILIS +1 side,ILIS +1 side,p46,p46,y,419.6549547728792,,mm,false
2,SSAT target,fiducial,ILIS +1 side,ILIS +1 side,p46,p46,z,-3982.001388616235,,mm,false
2,SSAT target,fiducial,ILIS +1 side,ILIS +1 side,p47,p47,x,2385.68206296785,,mm,false
2,SSAT target,fiducial,ILIS +1 side,ILIS +1 side,p47,p47,y,419.7437982283245,,mm,false
2,SSAT target,fiducial,ILIS +1 side,ILIS +1 side,p47,p47,z,-3777.461270213076,,mm,false
2,SSAT target,fiducial,ILIS +1 side,ILIS +1 side,p48,p48,x,2386.543863575575,,mm,false
2,SSAT target,fiducial,ILIS +1 side,ILIS +1 side,p48,p48,y,420.1054860033924,,mm,false
2,SSAT target,fiducial,ILIS +1 side,ILIS +1 side,p48,p48,z,3518.678944049647,,mm,false
2,SSAT target,fiducial,ILIS +1 side,ILIS +1 side,p49,p49,x,2393.326635845718,,mm,false
2,SSAT target,fiducial,ILIS +1 side,ILIS +1 side,p49,p49,y,421.1696185689858,,mm,false
2,SSAT target,fiducial,ILIS +1 side,ILIS +1 side,p49,p49,z,-3516.020154200557,,mm,false
2,SSAT target,fiducial,ILIS +1 side,ILIS +1 side,p50,p50,x,2401.774537844575,,mm,false
2,SSAT target,fiducial,ILIS +1 side,ILIS +1 side,p50,p50,y,422.596174400849,,mm,false
2,SSAT target,fiducial,ILIS +1 side,ILIS +1 side,p50,p50,z,-1802.498913862323,,mm,false
2,SSAT target,fiducial,ILIS +1 side,ILIS +1 side,p51,p51,x,2412.271108567614,,mm,false
2,SSAT target,fiducial,ILIS +1 side,ILIS +1 side,p51,p51,y,424.6450200539181,,mm,false
2,SSAT target,fiducial,ILIS +1 side,ILIS +1 side,p51,p51,z,2800.282668728203,,mm,false
2,SSAT target,fiducial,ILIS +1 side,ILIS +1 side,p52,p52,x,2417.057846608276,,mm,false
2,SSAT target,fiducial,ILIS +1 side,ILIS +1 side,p52,p52,y,425.2728170648746,,mm,false
2,SSAT target,fiducial,ILIS +1 side,ILIS +1 side,p52,p52,z,-4485.156726360459,,mm,false
2,SSAT target,fiducial,ILIS +1 side,ILIS +1 side,p53,p53,x,2416.67443896358,,mm,false
2,SSAT target,fiducial,ILIS +1 side,ILIS +1 side,p53,p53,y,425.2472538332889,,mm,false
2,SSAT target,fiducial,ILIS +1 side,ILIS +1 side,p53,p53,z,-4016.996774693192,,mm,false
2,SSAT target,fiducial,ILIS +1 side,ILIS +1 side,p54,p54,x,2417.473534186875,,mm,false
2,SSAT target,fiducial,ILIS +1 side,ILIS +1 side,p54,p54,y,425.4046531749004,,mm,false
2,SSAT target,fiducial,ILIS +1 side,ILIS +1 side,p54,p54,z,-3419.666651501441,,mm,false
2,SSAT target,fiducial,ILIS +1 side,ILIS +1 side,p55,p55,x,2415.207747527071,,mm,false
2,SSAT target,fiducial,ILIS +1 side,ILIS +1 side,p55,p55,y,425.2150260905438,,mm,false
2,SSAT target,fiducial,ILIS +1 side,ILIS +1 side,p55,p55,z,4449.373115169738,,mm,false
2,SSAT target,fiducial,ILIS +1 side,ILIS +1 side,p56,p56,x,2415.739483985088,,mm,false
2,SSAT target,fiducial,ILIS +1 side,ILIS +1 side,p56,p56,y,425.3278255046288,,mm,false
2,SSAT target,fiducial,ILIS +1 side,ILIS +1 side,p56,p56,z,4215.043190848,,mm,false
2,SSAT target,fiducial,ILIS +1 side,ILIS +1 side,p57,p57,x,2421.285546509587,,mm,false
2,SSAT target,fiducial,ILIS +1 side,ILIS +1 side,p57,p57,y,426.0831136350746,,mm,false
2,SSAT target,fiducial,ILIS +1 side,ILIS +1 side,p57,p57,z,-2474.756088086333,,mm,false
2,SSAT target,fiducial,ILIS +1 side,ILIS +1 side,p58,p58,x,2424.490951234193,,mm,false
2,SSAT target,fiducial,ILIS +1 side,ILIS +1 side,p58,p58,y,426.82767116533,,mm,false
2,SSAT target,fiducial,ILIS +1 side,ILIS +1 side,p58,p58,z,1472.254428787753,,mm,false
2,SSAT target,fiducial,ILIS +1 side,ILIS +1 side,p59,p59,x,2430.474337861756,,mm,false
2,SSAT target,fiducial,ILIS +1 side,ILIS +1 side,p59,p59,y,427.7936070329002,,mm,false
2,SSAT target,fiducial,ILIS +1 side,ILIS +1 side,p59,p59,z,265.8352790506618,,mm,false
2,SSAT target,fiducial,ILIS +1 side,ILIS +1 side,p60,p60,x,2432.421590554635,,mm,false
2,SSAT target,fiducial,ILIS +1 side,ILIS +1 side,p60,p60,y,428.0156953398906,,mm,false
2,SSAT target,fiducial,ILIS +1 side,ILIS +1 side,p60,p60,z,-2519.554474786984,,mm,false
2,SSAT target,fiducial,ILIS +1 side,ILIS +1 side,p61,p61,x,2430.663917255346,,mm,false
2,SSAT target,fiducial,ILIS +1 side,ILIS +1 side,p61,p61,y,427.8652244823164,,mm,false
2,SSAT target,fiducial,ILIS +1 side,ILIS +1 side,p61,p61,z,785.7653141809614,,mm,false
2,SSAT target,fiducial,ILIS +1 side,ILIS +1 side,p62,p62,x,2431.359778130666,,mm,false
2,SSAT target,fiducial,ILIS +1 side,ILIS +1 side,p62,p62,y,427.9469795625929,,mm,false
2,SSAT target,fiducial,ILIS +1 side,ILIS +1 side,p62,p62,z,2219.145428175065,,mm,false
2,SSAT target,fiducial,ILIS +1 side,ILIS +1 side,p63,p63,x,2435.59296227537,,mm,false
2,SSAT target,fiducial,ILIS +1 side,ILIS +1 side,p63,p63,y,428.8144422258732,,mm,false
2,SSAT target,fiducial,ILIS +1 side,ILIS +1 side,p63,p63,z,1900.226045476984,,mm,false
2,SSAT target,fiducial,ILIS +1 side,ILIS +1 side,p64,p64,x,2438.153907152107,,mm,false
2,SSAT target,fiducial,ILIS +1 side,ILIS +1 side,p64,p64,y,429.0525193339537,,mm,false
2,SSAT target,fiducial,ILIS +1 side,ILIS +1 side,p64,p64,z,-2093.753637255595,,mm,false
2,SSAT target,fiducial,ILIS +1 side,ILIS +1 side,p65,p65,x,2437.654441345986,,mm,false
2,SSAT target,fiducial,ILIS +1 side,ILIS +1 side,p65,p65,y,429.0740508174367,,mm,false
2,SSAT target,fiducial,ILIS +1 side,ILIS +1 side,p65,p65,z,-473.3736864507521,,mm,false
2,SSAT target,fiducial,ILIS +1 side,ILIS +1 side,p66,p66,x,2441.317839455531,,mm,false
2,SSAT target,fiducial,ILIS +1 side,ILIS +1 side,p66,p66,y,429.6004229958202,,mm,false
2,SSAT target,fiducial,ILIS +1 side,ILIS +1 side,p66,p66,z,-2787.333186214441,,mm,false
2,SSAT target,fiducial,ILIS +1 side,ILIS +1 side,p67,p67,x,2447.62629804182,,mm,false
2,SSAT target,fiducial,ILIS +1 side,ILIS +1 side,p67,p67,y,430.7573297877218,,mm,false
2,SSAT target,fiducial,ILIS +1 side,ILIS +1 side,p67,p67,z,-1447.06225434397,,mm,false
2,SSAT target,fiducial,ILIS +1 side,ILIS +1 side,p68,p68,x,2447.590600626234,,mm,false
2,SSAT target,fiducial,ILIS +1 side,ILIS +1 side,p68,p68,y,430.7766631909464,,mm,false
2,SSAT target,fiducial,ILIS +1 side,ILIS +1 side,p68,p68,z,-519.0022482280327,,mm,false
2,SSAT target,fiducial,ILIS +1 side,ILIS +1 side,p69,p69,x,2451.75766074451,,mm,false
2,SSAT target,fiducial,ILIS +1 side,ILIS +1 side,p69,p69,y,431.6391019396439,,mm,false
2,SSAT target,fiducial,ILIS +1 side,ILIS +1 side,p69,p69,z,536.2883744960469,,mm,false
2,SSAT target,fiducial,ILIS +1 side,ILIS +1 side,p70,p70,x,2452.254603034283,,mm,false
2,SSAT target,fiducial,ILIS +1 side,ILIS +1 side,p70,p70,y,431.6719064739715,,mm,false
2,SSAT target,fiducial,ILIS +1 side,ILIS +1 side,p70,p70,z,485.0284430463935,,mm,false
2,SSAT target,fiducial,ILIS +1 side,ILIS +1 side,p71,p71,x,2458.314068451656,,mm,false
2,SSAT target,fiducial,ILIS +1 side,ILIS +1 side,p71,p71,y,432.765338993432,,mm,false
2,SSAT target,fiducial,ILIS +1 side,ILIS +1 side,p71,p71,z,1522.539334499674,,mm,false
2,SSAT target,fiducial,ILIS +1 side,ILIS +1 side,p72,p72,x,2457.879893982268,,mm,false
2,SSAT target,fiducial,ILIS +1 side,ILIS +1 side,p72,p72,y,432.7588499176931,,mm,false
2,SSAT target,fiducial,ILIS +1 side,ILIS +1 side,p72,p72,z,3473.019296137431,,mm,false
2,SSAT target,fiducial,ILIS +1 side,ILIS +1 side,p73,p73,x,2467.201366788456,,mm,false
2,SSAT target,fiducial,ILIS +1 side,ILIS +1 side,p73,p73,y,434.2133515910525,,mm,false
2,SSAT target,fiducial,ILIS +1 side,ILIS +1 side,p73,p73,z,-820.299407729033,,mm,false
2,SSAT target,fiducial,ILIS +1 side,ILIS +1 side,p74,p74,x,2468.127449868551,,mm,false
2,SSAT target,fiducial,ILIS +1 side,ILIS +1 side,p74,p74,y,434.4320932498856,,mm,false
2,SSAT target,fiducial,ILIS +1 side,ILIS +1 side,p74,p74,z,-1529.729277922145,,mm,false
2,SSAT target,fiducial,ILIS +1 side,ILIS +1 side,p75,p75,x,2479.476789936252,,mm,false
2,SSAT target,fiducial,ILIS +1 side,ILIS +1 side,p75,p75,y,436.3806532388332,,mm,false
2,SSAT target,fiducial,ILIS +1 side,ILIS +1 side,p75,p75,z,-3149.357651652983,,mm,false
2,SSAT target,fiducial,ILIS +1 side,ILIS +1 side,p76,p76,x,2478.690259483297,,mm,false
2,SSAT target,fiducial,ILIS +1 side,ILIS +1 side,p76,p76,y,436.274223755966,,mm,false
2,SSAT target,fiducial,ILIS +1 side,ILIS +1 side,p76,p76,z,1181.18228218236,,mm,false
2,SSAT target,fiducial,ILIS +1 side,ILIS +1 side,p77,p77,x,2478.699570350927,,mm,false
2,SSAT target,fiducial,ILIS +1 side,ILIS +1 side,p77,p77,y,436.3751146852192,,mm,false
2,SSAT target,fiducial,ILIS +1 side,ILIS +1 side,p77,p77,z,3179.752310261018,,mm,false
2,SSAT target,fiducial,ILIS +1 side,ILIS +1 side,p78,p78,x,2486.044015230882,,mm,false
2,SSAT target,fiducial,ILIS +1 side,ILIS +1 side,p78,p78,y,437.5348195695281,,mm,false
2,SSAT target,fiducial,ILIS +1 side,ILIS +1 side,p78,p78,z,-1209.316678489784,,mm,false
2,SSAT target,fiducial,ILIS +1 side,ILIS +1 side,p79,p79,x,2497.485623515721,,mm,false
2,SSAT target,fiducial,ILIS +1 side,ILIS +1 side,p79,p79,y,439.5732170076236,,mm,false
2,SSAT target,fiducial,ILIS +1 side,ILIS +1 side,p79,p79,z,-261.5450074446205,,mm,false
2,SSAT target,fiducial,ILIS +1 side,ILIS +1 side,p80,p80,x,2572.65874993472,,mm,false
2,SSAT target,fiducial,ILIS +1 side,ILIS +1 side,p80,p80,y,452.6890924984004,,mm,false
2,SSAT target,fiducial,ILIS +1 side,ILIS +1 side,p80,p80,z,-4198.954151904275,,mm,false
2,SSAT target,fiducial,ILIS +1 side,ILIS +1 side,p81,p81,x,2569.143462004925,,mm,false
2,SSAT target,fiducial,ILIS +1 side,ILIS +1 side,p81,p81,y,452.2977118179364,,mm,false
2,SSAT target,fiducial,ILIS +1 side,ILIS +1 side,p81,p81,z,3518.755432905971,,mm,false
2,SSAT target,fiducial,ILIS +1 side,ILIS +1 side,p82,p82,x,2573.409042635325,,mm,false
2,SSAT target,fiducial,ILIS +1 side,ILIS +1 side,p82,p82,y,452.8871281811071,,mm,false
2,SSAT target,fiducial,ILIS +1 side,ILIS +1 side,p82,p82,z,-3979.634037134262,,mm,false
2,SSAT target,fiducial,ILIS +1 side,ILIS +1 side,p83,p83,x,2574.106604725255,,mm,false
2,SSAT target,fiducial,ILIS +1 side,ILIS +1 side,p83,p83,y,452.9843701792435,,mm,false
2,SSAT target,fiducial,ILIS +1 side,ILIS +1 side,p83,p83,z,-4478.473942666211,,mm,false
2,SSAT target,fiducial,ILIS +1 side,ILIS +1 side,p84,p84,x,2573.909918326671,,mm,false
2,SSAT target,fiducial,ILIS +1 side,ILIS +1 side,p84,p84,y,453.1042531543933,,mm,false
2,SSAT target,fiducial,ILIS +1 side,ILIS +1 side,p84,p84,z,3766.346125148643,,mm,false
2,SSAT target,fiducial,ILIS +1 side,ILIS +1 side,p85,p85,x,2574.297064857444,,mm,false
2,SSAT target,fiducial,ILIS +1 side,ILIS +1 side,p85,p85,y,453.1816318738682,,mm,false
2,SSAT target,fiducial,ILIS +1 side,ILIS +1 side,p85,p85,z,2532.246168649941,,mm,false
2,SSAT target,fiducial,ILIS +1 side,ILIS +1 side,p86,p86,x,2575.466442109671,,mm,false
2,SSAT target,fiducial,ILIS +1 side,ILIS +1 side,p86,p86,y,453.4907804279598,,mm,false
2,SSAT target,fiducial,ILIS +1 side,ILIS +1 side,p86,p86,z,4013.476359701965,,mm,false
2,SSAT target,fiducial,ILIS +1 side,ILIS +1 side,p87,p87,x,2579.943956453192,,mm,false
2,SSAT target,fiducial,ILIS +1 side,ILIS +1 side,p87,p87,y,453.9891940529338,,mm,false
2,SSAT target,fiducial,ILIS +1 side,ILIS +1 side,p87,p87,z,-4016.013092265027,,mm,false
2,SSAT target,fiducial,ILIS +1 side,ILIS +1 side,p88,p88,x,2582.42762158616,,mm,false
2,SSAT target,fiducial,ILIS +1 side,ILIS +1 side,p88,p88,y,454.444580716448,,mm,false
2,SSAT target,fiducial,ILIS +1 side,ILIS +1 side,p88,p88,z,-3747.782728155193,,mm,false
2,SSAT target,fiducial,ILIS +1 side,ILIS +1 side,p89,p89,x,2583.476509769923,,mm,false
2,SSAT target,fiducial,ILIS +1 side,ILIS +1 side,p89,p89,y,454.6420539075433,,mm,false
2,SSAT target,fiducial,ILIS +1 side,ILIS +1 side,p89,p89,z,-3518.092572863512,,mm,false
2,SSAT target,fiducial,ILIS +1 side,ILIS +1 side,p90,p90,x,2580.378001447564,,mm,false
2,SSAT target,fiducial,ILIS +1 side,ILIS +1 side,p90,p90,y,454.3293806231722,,mm,false
2,SSAT target,fiducial,ILIS +1 side,ILIS +1 side,p90,p90,z,4223.387072945913,,mm,false
2,SSAT target,fiducial,ILIS +1 side,ILIS +1 side,p91,p91,x,2581.630983337439,,mm,false
2,SSAT target,fiducial,ILIS +1 side,ILIS +1 side,p91,p91,y,454.4926911011992,,mm,false
2,SSAT target,fiducial,ILIS +1 side,ILIS +1 side,p91,p91,z,3979.857248969318,,mm,false
2,SSAT target,fiducial,ILIS +1 side,ILIS +1 side,p92,p92,x,2588.375727490364,,mm,false
2,SSAT target,fiducial,ILIS +1 side,ILIS +1 side,p92,p92,y,455.7464762136325,,mm,false
2,SSAT target,fiducial,ILIS +1 side,ILIS +1 side,p92,p92,z,4461.54823606499,,mm,false
2,SSAT target,fiducial,ILIS +1 side,ILIS +1 side,p93,p93,x,2614.745952142648,,mm,false
2,SSAT target,fiducial,ILIS +1 side,ILIS +1 side,p93,p93,y,460.1322379078284,,mm,false
2,SSAT target,fiducial,ILIS +1 side,ILIS +1 side,p93,p93,z,-3514.468037949636,,mm,false
2,SSAT target,fiducial,ILIS +1 side,ILIS +1 side,p94,p94,x,2611.473160237334,,mm,false
2,SSAT target,fiducial,ILIS +1 side,ILIS +1 side,p94,p94,y,459.7639588357662,,mm,false
2,SSAT target,fiducial,ILIS +1 side,ILIS +1 side,p94,p94,z,3963.311578407327,,mm,false
2,SSAT target,fiducial,ILIS +1 side,ILIS +1 side,p95,p95,x,2613.454270731546,,mm,false
2,SSAT target,fiducial,ILIS +1 side,ILIS +1 side,p95,p95,y,460.1162166958353,,mm,false
2,SSAT target,fiducial,ILIS +1 side,ILIS +1 side,p95,p95,z,4471.911871383659,,mm,false
2,SSAT target,fiducial,ILIS +1 side,ILIS +1 side,p96,p96,x,2614.694616065553,,mm,false
2,SSAT target,fiducial,ILIS +1 side,ILIS +1 side,p96,p96,y,460.2626490583181,,mm,false
2,SSAT target,fiducial,ILIS +1 side,ILIS +1 side,p96,p96,z,3804.852040258281,,mm,false
2,SSAT target,fiducial,ILIS +1 side,ILIS +1 side,p97,p97,x,2617.907275283973,,mm,false
2,SSAT target,fiducial,ILIS +1 side,ILIS +1 side,p97,p97,y,460.7049050880002,,mm,false
2,SSAT target,fiducial,ILIS +1 side,ILIS +1 side,p97,p97,z,-3745.787580981125,,mm,false
2,SSAT target,fiducial,ILIS +1 side,ILIS +1 side,p98,p98,x,2618.495538088839,,mm,false
2,SSAT target,fiducial,ILIS +1 side,ILIS +1 side,p98,p98,y,460.7624280012672,,mm,false
2,SSAT target,fiducial,ILIS +1 side,ILIS +1 side,p98,p98,z,-4249.797503540181,,mm,false
2,SSAT target,fiducial,ILIS +1 side,ILIS +1 side,p99,p99,x,2619.112231000113,,mm,false
2,SSAT target,fiducial,ILIS +1 side,ILIS +1 side,p99,p99,y,460.8531953856058,,mm,false
2,SSAT target,fiducial,ILIS +1 side,ILIS +1 side,p99,p99,z,-4446.887417161187,,mm,false
2,SSAT target,fiducial,ILIS +1 side,ILIS +1 side,p100,p100,x,2616.246306634007,,mm,false
2,SSAT target,fiducial,ILIS +1 side,ILIS +1 side,p100,p100,y,460.5612584739378,,mm,false
2,SSAT target,fiducial,ILIS +1 side,ILIS +1 side,p100,p100,z,4013.84226895043,,mm,false
2,SSAT target,fiducial,ILIS +1 side,ILIS +1 side,p101,p101,x,2623.54833359458,,mm,false
2,SSAT target,fiducial,ILIS +1 side,ILIS +1 side,p101,p101,y,461.6674977125047,,mm,false
2,SSAT target,fiducial,ILIS +1 side,ILIS +1 side,p101,p101,z,-3975.186766848415,,mm,false
2,SSAT target,fiducial,ILIS +1 side,ILIS +1 side,p102,p102,x,2621.571853425684,,mm,false
2,SSAT target,fiducial,ILIS +1 side,ILIS +1 side,p102,p102,y,461.5374408564385,,mm,false
2,SSAT target,fiducial,ILIS +1 side,ILIS +1 side,p102,p102,z,4268.133046249422,,mm,false
2,SSAT target,fiducial,ILIS +1 side,ILIS +1 side,p103,p103,x,2624.783760554199,,mm,false
2,SSAT target,fiducial,ILIS +1 side,ILIS +1 side,p103,p103,y,461.9685590307889,,mm,false
2,SSAT target,fiducial,ILIS +1 side,ILIS +1 side,p103,p103,z,3515.683496784664,,mm,false
2,SSAT target,fiducial,ILIS +1 side,ILIS +1 side,p104,p104,x,2632.704494969173,,mm,false
2,SSAT target,fiducial,ILIS +1 side,ILIS +1 side,p104,p104,y,463.3101011123247,,mm,false
2,SSAT target,fiducial,ILIS +1 side,ILIS +1 side,p104,p104,z,-4020.825437545022,,mm,false
2,SSAT target,fiducial,ILIS +1 side,ILIS +1 side,p105,p105,x,2658.851033260509,,mm,false
2,SSAT target,fiducial,ILIS +1 side,ILIS +1 side,p105,p105,y,468.1919370560738,,mm,false
2,SSAT target,fiducial,ILIS +1 side,ILIS +1 side,p105,p105,z,3461.428450048823,,mm,false
2,SSAT target,fiducial,ILIS +1 side,ILIS +1 side,p106,p106,x,2675.541286373592,,mm,false
2,SSAT target,fiducial,ILIS +1 side,ILIS +1 side,p106,p106,y,470.9985339564789,,mm,false
2,SSAT target,fiducial,ILIS +1 side,ILIS +1 side,p106,p106,z,2794.810856697988,,mm,false
2,SSAT target,fiducial,ILIS +1 side,ILIS +1 side,p107,p107,x,2693.50385643538,,mm,false
2,SSAT target,fiducial,ILIS +1 side,ILIS +1 side,p107,p107,y,474.1286365033137,,mm,false
2,SSAT target,fiducial,ILIS +1 side,ILIS +1 side,p107,p107,z,782.0634389789084,,mm,false
2,SSAT target,fiducial,ILIS +1 side,ILIS +1 side,p108,p108,x,2703.116849406648,,mm,false
2,SSAT target,fiducial,ILIS +1 side,ILIS +1 side,p108,p108,y,475.9072603666007,,mm,false
2,SSAT target,fiducial,ILIS +1 side,ILIS +1 side,p108,p108,z,2457.964855937342,,mm,false
2,SSAT target,fiducial,ILIS +1 side,ILIS +1 side,p109,p109,x,2707.320140738638,,mm,false
2,SSAT target,fiducial,ILIS +1 side,ILIS +1 side,p109,p109,y,476.5707340549774,,mm,false
2,SSAT target,fiducial,ILIS +1 side,ILIS +1 side,p109,p109,z,2212.10545883273,,mm,false
2,SSAT target,fiducial,ILIS +1 side,ILIS +1 side,p110,p110,x,2707.304356475197,,mm,false
2,SSAT target,fiducial,ILIS +1 side,ILIS +1 side,p110,p110,y,476.526001568022,,mm,false
2,SSAT target,fiducial,ILIS +1 side,ILIS +1 side,p110,p110,z,3214.645464942144,,mm,false
2,SSAT target,fiducial,ILIS +1 side,ILIS +1 side,p111,p111,x,2708.164358953926,,mm,false
2,SSAT target,fiducial,ILIS +1 side,ILIS +1 side,p111,p111,y,476.7660142475772,,mm,false
2,SSAT target,fiducial,ILIS +1 side,ILIS +1 side,p111,p111,z,3214.605594524118,,mm,false
2,SSAT target,fiducial,ILIS +1 side,ILIS +1 side,p112,p112,x,2718.070345495216,,mm,false
2,SSAT target,fiducial,ILIS +1 side,ILIS +1 side,p112,p112,y,478.5170806551781,,mm,false
2,SSAT target,fiducial,ILIS +1 side,ILIS +1 side,p112,p112,z,1915.087017936204,,mm,false
2,SSAT target,fiducial,ILIS +1 side,ILIS +1 side,p113,p113,x,2721.993029981181,,mm,false
2,SSAT target,fiducial,ILIS +1 side,ILIS +1 side,p113,p113,y,479.1196000835477,,mm,false
2,SSAT target,fiducial,ILIS +1 side,ILIS +1 side,p113,p113,z,-1427.272453517572,,mm,false
2,SSAT target,fiducial,ILIS +1 side,ILIS +1 side,p114,p114,x,2731.860490856736,,mm,false
2,SSAT target,fiducial,ILIS +1 side,ILIS +1 side,p114,p114,y,480.7991675114253,,mm,false
2,SSAT target,fiducial,ILIS +1 side,ILIS +1 side,p114,p114,z,-2516.171036981214,,mm,false
2,SSAT target,fiducial,ILIS +1 side,ILIS +1 side,p115,p115,x,2732.071698770318,,mm,false
2,SSAT target,fiducial,ILIS +1 side,ILIS +1 side,p115,p115,y,480.9169488972069,,mm,false
2,SSAT target,fiducial,ILIS +1 side,ILIS +1 side,p115,p115,z,-826.9409839337419,,mm,false
2,SSAT target,fiducial,ILIS +1 side,ILIS +1 side,p116,p116,x,2731.164488432565,,mm,false
2,SSAT target,fiducial,ILIS +1 side,ILIS +1 side,p116,p116,y,480.8855075239437,,mm,false
2,SSAT target,fiducial,ILIS +1 side,ILIS +1 side,p116,p116,z,481.4589054276274,,mm,false
2,SSAT target,fiducial,ILIS +1 side,ILIS +1 side,p117,p117,x,2731.760523501752,,mm,false
2,SSAT target,fiducial,ILIS +1 side,ILIS +1 side,p117,p117,y,480.9215162423416,,mm,false
2,SSAT target,fiducial,ILIS +1 side,ILIS +1 side,p117,p117,z,1470.558998666713,,mm,false
2,SSAT target,fiducial,ILIS +1 side,ILIS +1 side,p118,p118,x,2737.805544921205,,mm,false
2,SSAT target,fiducial,ILIS +1 side,ILIS +1 side,p118,p118,y,481.8409743033574,,mm,false
2,SSAT target,fiducial,ILIS +1 side,ILIS +1 side,p118,p118,z,-1815.250167431177,,mm,false
2,SSAT target,fiducial,ILIS +1 side,ILIS +1 side,p119,p119,x,2739.010051267961,,mm,false
2,SSAT target,fiducial,ILIS +1 side,ILIS +1 side,p119,p119,y,482.1875438747267,,mm,false
2,SSAT target,fiducial,ILIS +1 side,ILIS +1 side,p119,p119,z,1178.600046549809,,mm,false
2,SSAT target,fiducial,ILIS +1 side,ILIS +1 side,p120,p120,x,2741.495646495643,,mm,false
2,SSAT target,fiducial,ILIS +1 side,ILIS +1 side,p120,p120,y,482.5373410249763,,mm,false
2,SSAT target,fiducial,ILIS +1 side,ILIS +1 side,p120,p120,z,-2480.559636718786,,mm,false
2,SSAT target,fiducial,ILIS +1 side,ILIS +1 side,p121,p121,x,2742.304521584683,,mm,false
2,SSAT target,fiducial,ILIS +1 side,ILIS +1 side,p121,p121,y,482.6092983705094,,mm,false
2,SSAT target,fiducial,ILIS +1 side,ILIS +1 side,p121,p121,z,-3432.089533381645,,mm,false
2,SSAT target,fiducial,ILIS +1 side,ILIS +1 side,p122,p122,x,2744.136208865012,,mm,false
2,SSAT target,fiducial,ILIS +1 side,ILIS +1 side,p122,p122,y,483.0552019444001,,mm,false
2,SSAT target,fiducial,ILIS +1 side,ILIS +1 side,p122,p122,z,-1524.929240618682,,mm,false
2,SSAT target,fiducial,ILIS +1 side,ILIS +1 side,p123,p123,x,2744.251370683406,,mm,false
2,SSAT target,fiducial,ILIS +1 side,ILIS +1 side,p123,p123,y,483.0968220174925,,mm,false
2,SSAT target,fiducial,ILIS +1 side,ILIS +1 side,p123,p123,z,-455.5492113468024,,mm,false
2,SSAT target,fiducial,ILIS +1 side,ILIS +1 side,p124,p124,x,2744.947021368087,,mm,false
2,SSAT target,fiducial,ILIS +1 side,ILIS +1 side,p124,p124,y,483.3326779973683,,mm,false
2,SSAT target,fiducial,ILIS +1 side,ILIS +1 side,p124,p124,z,536.37090632502,,mm,false
2,SSAT target,fiducial,ILIS +1 side,ILIS +1 side,p125,p125,x,2748.302310722208,,mm,false
2,SSAT target,fiducial,ILIS +1 side,ILIS +1 side,p125,p125,y,483.6859311324177,,mm,false
2,SSAT target,fiducial,ILIS +1 side,ILIS +1 side,p125,p125,z,-2086.868647918087,,mm,false
2,SSAT target,fiducial,ILIS +1 side,ILIS +1 side,p126,p126,x,2750.682965977596,,mm,false
2,SSAT target,fiducial,ILIS +1 side,ILIS +1 side,p126,p126,y,484.2287172358269,,mm,false
2,SSAT target,fiducial,ILIS +1 side,ILIS +1 side,p126,p126,z,1526.061742673988,,mm,false
2,SSAT target,fiducial,ILIS +1 side,ILIS +1 side,p127,p127,x,2756.848811630761,,mm,false
2,SSAT target,fiducial,ILIS +1 side,ILIS +1 side,p127,p127,y,485.1749404946588,,mm,false
2,SSAT target,fiducial,ILIS +1 side,ILIS +1 side,p127,p127,z,-2799.497416684364,,mm,false
2,SSAT target,fiducial,ILIS +1 side,ILIS +1 side,p128,p128,x,2758.100834119977,,mm,false
2,SSAT target,fiducial,ILIS +1 side,ILIS +1 side,p128,p128,y,485.5449381898555,,mm,false
2,SSAT target,fiducial,ILIS +1 side,ILIS +1 side,p128,p128,z,3978.172845355639,,mm,false
2,SSAT target,fiducial,ILIS +1 side,ILIS +1 side,p129,p129,x,2760.929222413922,,mm,false
2,SSAT target,fiducial,ILIS +1 side,ILIS +1 side,p129,p129,y,486.0602050957905,,mm,false
2,SSAT target,fiducial,ILIS +1 side,ILIS +1 side,p129,p129,z,-513.7867913307455,,mm,false
2,SSAT target,fiducial,ILIS +1 side,ILIS +1 side,p130,p130,x,2762.101484147176,,mm,false
2,SSAT target,fiducial,ILIS +1 side,ILIS +1 side,p130,p130,y,486.1808235500276,,mm,false
2,SSAT target,fiducial,ILIS +1 side,ILIS +1 side,p130,p130,z,207.8333817198818,,mm,false
2,SSAT target,fiducial,ILIS +1 side,ILIS +1 side,p131,p131,x,2766.336440094307,,mm,false
2,SSAT target,fiducial,ILIS +1 side,ILIS +1 side,p131,p131,y,486.8842628705156,,mm,false
2,SSAT target,fiducial,ILIS +1 side,ILIS +1 side,p131,p131,z,-3151.306042108973,,mm,false
2,SSAT target,fiducial,ILIS +1 side,ILIS +1 side,p132,p132,x,2764.744262528569,,mm,false
2,SSAT target,fiducial,ILIS +1 side,ILIS +1 side,p132,p132,y,486.7381914157869,,mm,false
2,SSAT target,fiducial,ILIS +1 side,ILIS +1 side,p132,p132,z,4469.583815527978,,mm,false
2,SSAT target,fiducial,ILIS +1 side,ILIS +1 side,p133,p133,x,2769.812879209255,,mm,false
2,SSAT target,fiducial,ILIS +1 side,ILIS +1 side,p133,p133,y,487.560100297238,,mm,false
2,SSAT target,fiducial,ILIS +1 side,ILIS +1 side,p133,p133,z,3519.89453676848,,mm,false
2,SSAT target,fiducial,ILIS +1 side,ILIS +1 side,p134,p134,x,2772.274456871287,,mm,false
2,SSAT target,fiducial,ILIS +1 side,ILIS +1 side,p134,p134,y,487.9863397481209,,mm,false
2,SSAT target,fiducial,ILIS +1 side,ILIS +1 side,p134,p134,z,-257.2751468379301,,mm,false
2,SSAT target,fiducial,ILIS +1 side,ILIS +1 side,p135,p135,x,2773.222587782152,,mm,false
2,SSAT target,fiducial,ILIS +1 side,ILIS +1 side,p135,p135,y,488.1079990741619,,mm,false
2,SSAT target,fiducial,ILIS +1 side,ILIS +1 side,p135,p135,z,-1203.315021867934,,mm,false
2,SSAT target,fiducial,ILIS +1 side,ILIS +1 side,p136,p136,x,2775.331840803481,,mm,false
2,SSAT target,fiducial,ILIS +1 side,ILIS +1 side,p136,p136,y,488.5194457216585,,mm,false
2,SSAT target,fiducial,ILIS +1 side,ILIS +1 side,p136,p136,z,4265.805344586197,,mm,false
2,SSAT target,fiducial,ILIS +1 side,ILIS +1 side,p137,p137,x,2781.595665065664,,mm,false
2,SSAT target,fiducial,ILIS +1 side,ILIS +1 side,p137,p137,y,489.5043037125554,,mm,false
2,SSAT target,fiducial,ILIS +1 side,ILIS +1 side,p137,p137,z,-3514.98383623347,,mm,false
2,SSAT target,fiducial,ILIS +1 side,ILIS +1 side,p138,p138,x,2785.379557717782,,mm,false
2,SSAT target,fiducial,ILIS +1 side,ILIS +1 side,p138,p138,y,490.2042921427609,,mm,false
2,SSAT target,fiducial,ILIS +1 side,ILIS +1 side,p138,p138,z,-4429.78329528042,,mm,false
2,SSAT target,fiducial,ILIS +1 side,ILIS +1 side,p139,p139,x,2789.990886057711,,mm,false
2,SSAT target,fiducial,ILIS +1 side,ILIS +1 side,p139,p139,y,491.1719615587644,,mm,false
2,SSAT target,fiducial,ILIS +1 side,ILIS +1 side,p139,p139,z,2574.457456790202,,mm,false
2,SSAT target,fiducial,ILIS +1 side,ILIS +1 side,p140,p140,x,2794.558584131722,,mm,false
2,SSAT target,fiducial,ILIS +1 side,ILIS +1 side,p140,p140,y,491.8198348528674,,mm,false
2,SSAT target,fiducial,ILIS +1 side,ILIS +1 side,p140,p140,z,-3979.741959072463,,mm,false
2,SSAT target,fiducial,ILIS +1 side,ILIS +1 side,p141,p141,x,2798.301478287308,,mm,false
2,SSAT target,fiducial,ILIS +1 side,ILIS +1 side,p141,p141,y,492.4889579862916,,mm,false
2,SSAT target,fiducial,ILIS +1 side,ILIS +1 side,p141,p141,z,-3779.671413470237,,mm,false
2,SSAT target,fiducial,ILIS +1 side,ILIS +1 side,p142,p142,x,2796.58579851817,,mm,false
2,SSAT target,fiducial,ILIS +1 side,ILIS +1 side,p142,p142,y,492.2855038805919,,mm,false
2,SSAT target,fiducial,ILIS +1 side,ILIS +1 side,p142,p142,z,3793.248423795265,,mm,false
2,SSAT target,fiducial,ILIS +1 side,ILIS +1 side,p143,p143,x,2798.005865405003,,mm,false
2,SSAT target,fiducial,ILIS +1 side,ILIS +1 side,p143,p143,y,492.5634571122188,,mm,false
2,SSAT target,fiducial,ILIS +1 side,ILIS +1 side,p143,p143,z,4014.228633660398,,mm,false
2,SSAT target,fiducial,ILIS +1 side,ILIS +1 side,p144,p144,x,2803.051463519255,,mm,false
2,SSAT target,fiducial,ILIS +1 side,ILIS +1 side,p144,p144,y,493.2731987505774,,mm,false
2,SSAT target,fiducial,ILIS +1 side,ILIS +1 side,p144,p144,z,-4222.630732038793,,mm,false
2,SSAT target,fiducial,ILIS +1 side,ILIS +1 side,p145,p145,x,2805.243618652471,,mm,false
2,SSAT target,fiducial,ILIS +1 side,ILIS +1 side,p145,p145,y,493.6820037848521,,mm,false
2,SSAT target,fiducial,ILIS +1 side,ILIS +1 side,p145,p145,z,-4017.080410622563,,mm,false
2,SSAT target,fiducial,ILIS +1 side,ILIS +1 side,p146,p146,x,2958.094714524225,,mm,false
2,SSAT target,fiducial,ILIS +1 side,ILIS +1 side,p146,p146,y,520.6386291097108,,mm,false
2,SSAT target,fiducial,ILIS +1 side,ILIS +1 side,p146,p146,z,-4470.588241582403,,mm,false
2,SSAT target,fiducial,ILIS +1 side,ILIS +1 side,p147,p147,x,2955.657810089835,,mm,false
2,SSAT target,fiducial,ILIS +1 side,ILIS +1 side,p147,p147,y,520.3809495942231,,mm,false
2,SSAT target,fiducial,ILIS +1 side,ILIS +1 side,p147,p147,z,2446.881488051262,,mm,false
2,SSAT target,fiducial,ILIS +1 side,ILIS +1 side,p148,p148,x,2963.205373184524,,mm,false
2,SSAT target,fiducial,ILIS +1 side,ILIS +1 side,p148,p148,y,521.6101298726857,,mm,false
2,SSAT target,fiducial,ILIS +1 side,ILIS +1 side,p148,p148,z,-2482.047475152324,,mm,false
2,SSAT target,fiducial,ILIS +1 side,ILIS +1 side,p149,p149,x,2972.495158294997,,mm,false
2,SSAT target,fiducial,ILIS +1 side,ILIS +1 side,p149,p149,y,523.3739777476274,,mm,false
2,SSAT target,fiducial,ILIS +1 side,ILIS +1 side,p149,p149,z,2761.523935263794,,mm,false
2,SSAT target,fiducial,ILIS +1 side,ILIS +1 side,p150,p150,x,2973.842542339295,,mm,false
2,SSAT target,fiducial,ILIS +1 side,ILIS +1 side,p150,p150,y,523.5326324226489,,mm,false
2,SSAT target,fiducial,ILIS +1 side,ILIS +1 side,p150,p150,z,3519.154134493558,,mm,false
2,SSAT target,fiducial,ILIS +1 side,ILIS +1 side,p151,p151,x,2975.680709779022,,mm,false
2,SSAT target,fiducial,ILIS +1 side,ILIS +1 side,p151,p151,y,523.823547889591,,mm,false
2,SSAT target,fiducial,ILIS +1 side,ILIS +1 side,p151,p151,z,4418.654408928566,,mm,false
2,SSAT target,fiducial,ILIS +1 side,ILIS +1 side,p152,p152,x,2976.47666514724,,mm,false
2,SSAT target,fiducial,ILIS +1 side,ILIS +1 side,p152,p152,y,524.0855615796593,,mm,false
2,SSAT target,fiducial,ILIS +1 side,ILIS +1 side,p152,p152,z,535.344489632415,,mm,false
2,SSAT target,fiducial,ILIS +1 side,ILIS +1 side,p153,p153,x,2977.920061989223,,mm,false
2,SSAT target,fiducial,ILIS +1 side,ILIS +1 side,p153,p153,y,524.3072576080285,,mm,false
2,SSAT target,fiducial,ILIS +1 side,ILIS +1 side,p153,p153,z,-228.0853109101285,,mm,false
2,SSAT target,fiducial,ILIS +1 side,ILIS +1 side,p154,p154,x,2979.471256840671,,mm,false
2,SSAT target,fiducial,ILIS +1 side,ILIS +1 side,p154,p154,y,524.4727141318124,,mm,false
2,SSAT target,fiducial,ILIS +1 side,ILIS +1 side,p154,p154,z,-2525.745116281384,,mm,false
2,SSAT target,fiducial,ILIS +1 side,ILIS +1 side,p155,p155,x,2980.345486135134,,mm,false
2,SSAT target,fiducial,ILIS +1 side,ILIS +1 side,p155,p155,y,524.6479990582094,,mm,false
2,SSAT target,fiducial,ILIS +1 side,ILIS +1 side,p155,p155,z,-1523.324977617791,,mm,false
2,SSAT target,fiducial,ILIS +1 side,ILIS +1 side,p156,p156,x,2985.394617138445,,mm,false
2,SSAT target,fiducial,ILIS +1 side,ILIS +1 side,p156,p156,y,525.6324520060925,,mm,false
2,SSAT target,fiducial,ILIS +1 side,ILIS +1 side,p156,p156,z,1510.155792327604,,mm,false
2,SSAT target,fiducial,ILIS +1 side,ILIS +1 side,p157,p157,x,2992.925146982606,,mm,false
2,SSAT target,fiducial,ILIS +1 side,ILIS +1 side,p157,p157,y,526.8128276771586,,mm,false
2,SSAT target,fiducial,ILIS +1 side,ILIS +1 side,p157,p157,z,-3440.673176080974,,mm,false
2,SSAT target,fiducial,ILIS +1 side,ILIS +1 side,p158,p158,x,2995.368879595786,,mm,false
2,SSAT target,fiducial,ILIS +1 side,ILIS +1 side,p158,p158,y,527.1546718523763,,mm,false
2,SSAT target,fiducial,ILIS +1 side,ILIS +1 side,p158,p158,z,-4206.592834604944,,mm,false
2,SSAT target,fiducial,ILIS +1 side,ILIS +1 side,p159,p159,x,2996.009418600698,,mm,false
2,SSAT target,fiducial,ILIS +1 side,ILIS +1 side,p159,p159,y,527.4580049005806,,mm,false
2,SSAT target,fiducial,ILIS +1 side,ILIS +1 side,p159,p159,z,-2069.442708502699,,mm,false
2,SSAT target,fiducial,ILIS +1 side,ILIS +1 side,p160,p160,x,2995.26422536934,,mm,false
2,SSAT target,fiducial,ILIS +1 side,ILIS +1 side,p160,p160,y,527.3837453540749,,mm,false
2,SSAT target,fiducial,ILIS +1 side,ILIS +1 side,p160,p160,z,3137.217242029175,,mm,false
2,SSAT target,fiducial,ILIS +1 side,ILIS +1 side,p161,p161,x,2997.051437599416,,mm,false
2,SSAT target,fiducial,ILIS +1 side,ILIS +1 side,p161,p161,y,527.5703979039966,,mm,false
2,SSAT target,fiducial,ILIS +1 side,ILIS +1 side,p161,p161,z,3748.447500796909,,mm,false
2,SSAT target,fiducial,ILIS +1 side,ILIS +1 side,p162,p162,x,2997.181845184547,,mm,false
2,SSAT target,fiducial,ILIS +1 side,ILIS +1 side,p162,p162,y,527.6552112402767,,mm,false
2,SSAT target,fiducial,ILIS +1 side,ILIS +1 side,p162,p162,z,2194.93750652569,,mm,false
2,SSAT target,fiducial,ILIS +1 side,ILIS +1 side,p163,p163,x,2999.737668485798,,mm,false
2,SSAT target,fiducial,ILIS +1 side,ILIS +1 side,p163,p163,y,528.0276558946089,,mm,false
2,SSAT target,fiducial,ILIS +1 side,ILIS +1 side,p163,p163,z,-2794.902180182915,,mm,false
2,SSAT target,fiducial,ILIS +1 side,ILIS +1 side,p164,p164,x,3001.028648493299,,mm,false
2,SSAT target,fiducial,ILIS +1 side,ILIS +1 side,p164,p164,y,528.4300967363071,,mm,false
2,SSAT target,fiducial,ILIS +1 side,ILIS +1 side,p164,p164,z,1923.138066944274,,mm,false
2,SSAT target,fiducial,ILIS +1 side,ILIS +1 side,p165,p165,x,3005.328210531915,,mm,false
2,SSAT target,fiducial,ILIS +1 side,ILIS +1 side,p165,p165,y,529.1429929739406,,mm,false
2,SSAT target,fiducial,ILIS +1 side,ILIS +1 side,p165,p165,z,-510.1813377466165,,mm,false
2,SSAT target,fiducial,ILIS +1 side,ILIS +1 side,p166,p166,x,3007.58604186306,,mm,false
2,SSAT target,fiducial,ILIS +1 side,ILIS +1 side,p166,p166,y,529.517257437086,,mm,false
2,SSAT target,fiducial,ILIS +1 side,ILIS +1 side,p166,p166,z,-3152.191039682587,,mm,false
2,SSAT target,fiducial,ILIS +1 side,ILIS +1 side,p167,p167,x,3008.344044201089,,mm,false
2,SSAT target,fiducial,ILIS +1 side,ILIS +1 side,p167,p167,y,529.553907048535,,mm,false
2,SSAT target,fiducial,ILIS +1 side,ILIS +1 side,p167,p167,z,-1808.450920690353,,mm,false
2,SSAT target,fiducial,ILIS +1 side,ILIS +1 side,p168,p168,x,3007.991744634941,,mm,false
2,SSAT target,fiducial,ILIS +1 side,ILIS +1 side,p168,p168,y,529.5807294775095,,mm,false
2,SSAT target,fiducial,ILIS +1 side,ILIS +1 side,p168,p168,z,-1200.81096046261,,mm,false
2,SSAT target,fiducial,ILIS +1 side,ILIS +1 side,p169,p169,x,3007.649459134198,,mm,false
2,SSAT target,fiducial,ILIS +1 side,ILIS +1 side,p169,p169,y,529.5542325506551,,mm,false
2,SSAT target,fiducial,ILIS +1 side,ILIS +1 side,p169,p169,z,2581.549032060385,,mm,false
2,SSAT target,fiducial,ILIS +1 side,ILIS +1 side,p170,p170,x,3011.323366391285,,mm,false
2,SSAT target,fiducial,ILIS +1 side,ILIS +1 side,p170,p170,y,530.0445969623571,,mm,false
2,SSAT target,fiducial,ILIS +1 side,ILIS +1 side,p170,p170,z,-4018.480513945316,,mm,false
2,SSAT target,fiducial,ILIS +1 side,ILIS +1 side,p171,p171,x,3009.523691233494,,mm,false
2,SSAT target,fiducial,ILIS +1 side,ILIS +1 side,p171,p171,y,529.8425481447115,,mm,false
2,SSAT target,fiducial,ILIS +1 side,ILIS +1 side,p171,p171,z,1147.449286356427,,mm,false
2,SSAT target,fiducial,ILIS +1 side,ILIS +1 side,p172,p172,x,3012.480051900932,,mm,false
2,SSAT target,fiducial,ILIS +1 side,ILIS +1 side,p172,p172,y,530.3421981447859,,mm,false
2,SSAT target,fiducial,ILIS +1 side,ILIS +1 side,p172,p172,z,-1409.880313222298,,mm,false
2,SSAT target,fiducial,ILIS +1 side,ILIS +1 side,p173,p173,x,3012.332752003198,,mm,false
2,SSAT target,fiducial,ILIS +1 side,ILIS +1 side,p173,p173,y,530.368483742729,,mm,false
2,SSAT target,fiducial,ILIS +1 side,ILIS +1 side,p173,p173,z,489.8396885179081,,mm,false
2,SSAT target,fiducial,ILIS +1 side,ILIS +1 side,p174,p174,x,3013.319166520977,,mm,false
2,SSAT target,fiducial,ILIS +1 side,ILIS +1 side,p174,p174,y,530.5194518347232,,mm,false
2,SSAT target,fiducial,ILIS +1 side,ILIS +1 side,p174,p174,z,-443.5301795917468,,mm,false
2,SSAT target,fiducial,ILIS +1 side,ILIS +1 side,p175,p175,x,3013.510457882805,,mm,false
2,SSAT target,fiducial,ILIS +1 side,ILIS +1 side,p175,p175,y,530.5914512561721,,mm,false
2,SSAT target,fiducial,ILIS +1 side,ILIS +1 side,p175,p175,z,802.0898635288263,,mm,false
2,SSAT target,fiducial,ILIS +1 side,ILIS +1 side,p176,p176,x,3016.026090618118,,mm,false
2,SSAT target,fiducial,ILIS +1 side,ILIS +1 side,p176,p176,y,530.8975409782158,,mm,false
2,SSAT target,fiducial,ILIS +1 side,ILIS +1 side,p176,p176,z,-3521.839825145705,,mm,false
2,SSAT target,fiducial,ILIS +1 side,ILIS +1 side,p177,p177,x,3016.227268810577,,mm,false
2,SSAT target,fiducial,ILIS +1 side,ILIS +1 side,p177,p177,y,530.9201108863565,,mm,false
2,SSAT target,fiducial,ILIS +1 side,ILIS +1 side,p177,p177,z,-3752.039799120365,,mm,false
2,SSAT target,fiducial,ILIS +1 side,ILIS +1 side,p178,p178,x,3017.127712922162,,mm,false
2,SSAT target,fiducial,ILIS +1 side,ILIS +1 side,p178,p178,y,531.052393977216,,mm,false
2,SSAT target,fiducial,ILIS +1 side,ILIS +1 side,p178,p178,z,-3976.829672338857,,mm,false
2,SSAT target,fiducial,ILIS +1 side,ILIS +1 side,p179,p179,x,3016.255293409924,,mm,false
2,SSAT target,fiducial,ILIS +1 side,ILIS +1 side,p179,p179,y,531.0983271642762,,mm,false
2,SSAT target,fiducial,ILIS +1 side,ILIS +1 side,p179,p179,z,3424.330290921926,,mm,false
2,SSAT target,fiducial,ILIS +1 side,ILIS +1 side,p180,p180,x,3017.455131451999,,mm,false
2,SSAT target,fiducial,ILIS +1 side,ILIS +1 side,p180,p180,y,531.2060305700137,,mm,false
2,SSAT target,fiducial,ILIS +1 side,ILIS +1 side,p180,p180,z,4016.18046561874,,mm,false
2,SSAT target,fiducial,ILIS +1 side,ILIS +1 side,p181,p181,x,3017.441228600124,,mm,false
2,SSAT target,fiducial,ILIS +1 side,ILIS +1 side,p181,p181,y,531.2384882053544,,mm,false
2,SSAT target,fiducial,ILIS +1 side,ILIS +1 side,p181,p181,z,3971.160465027751,,mm,false
2,SSAT target,fiducial,ILIS +1 side,ILIS +1 side,p182,p182,x,3019.108560225651,,mm,false
2,SSAT target,fiducial,ILIS +1 side,ILIS +1 side,p182,p182,y,531.5294371547272,,mm,false
2,SSAT target,fiducial,ILIS +1 side,ILIS +1 side,p182,p182,z,-808.3093442245225,,mm,false
2,SSAT target,fiducial,ILIS +1 side,ILIS +1 side,p183,p183,x,3021.532026112354,,mm,false
2,SSAT target,fiducial,ILIS +1 side,ILIS +1 side,p183,p183,y,532.0304040710766,,mm,false
2,SSAT target,fiducial,ILIS +1 side,ILIS +1 side,p183,p183,z,273.5510228955809,,mm,false
2,SSAT target,fiducial,ILIS +1 side,ILIS +1 side,p184,p184,x,3021.652864638081,,mm,false
2,SSAT target,fiducial,ILIS +1 side,ILIS +1 side,p184,p184,y,531.9962503916139,,mm,false
2,SSAT target,fiducial,ILIS +1 side,ILIS +1 side,p184,p184,z,1448.691049927073,,mm,false
2,SSAT target,fiducial,ILIS +1 side,ILIS +1 side,p185,p185,x,3022.965941445163,,mm,false
2,SSAT target,fiducial,ILIS +1 side,ILIS +1 side,p185,p185,y,532.1843367219383,,mm,false
2,SSAT target,fiducial,ILIS +1 side,ILIS +1 side,p185,p185,z,4231.611267711412,,mm,false
2,SSAT target,fiducial,ILIS -1 side,ILIS -1 side,p1,p1,x,3026.377495255696,,mm,false
2,SSAT target,fiducial,ILIS -1 side,ILIS -1 side,p1,p1,y,-532.4885400420802,,mm,false
2,SSAT target,fiducial,ILIS -1 side,ILIS -1 side,p1,p1,z,255.2635612622354,,mm,false
2,SSAT target,fiducial,ILIS -1 side,ILIS -1 side,p2,p2,x,3025.402365298351,,mm,false
2,SSAT target,fiducial,ILIS -1 side,ILIS -1 side,p2,p2,y,-532.3103107459901,,mm,false
2,SSAT target,fiducial,ILIS -1 side,ILIS -1 side,p2,p2,z,-445.2065685476547,,mm,false
2,SSAT target,fiducial,ILIS -1 side,ILIS -1 side,p3,p3,x,3025.077743979939,,mm,false
2,SSAT target,fiducial,ILIS -1 side,ILIS -1 side,p3,p3,y,-532.314578043042,,mm,false
2,SSAT target,fiducial,ILIS -1 side,ILIS -1 side,p3,p3,z,548.7433978504482,,mm,false
2,SSAT target,fiducial,ILIS -1 side,ILIS -1 side,p4,p4,x,3023.868162406888,,mm,false
2,SSAT target,fiducial,ILIS -1 side,ILIS -1 side,p4,p4,y,-531.99675877683,,mm,false
2,SSAT target,fiducial,ILIS -1 side,ILIS -1 side,p4,p4,z,-3441.356791167785,,mm,false
2,SSAT target,fiducial,ILIS -1 side,ILIS -1 side,p5,p5,x,3022.198190634213,,mm,false
2,SSAT target,fiducial,ILIS -1 side,ILIS -1 side,p5,p5,y,-531.8555989967056,,mm,false
2,SSAT target,fiducial,ILIS -1 side,ILIS -1 side,p5,p5,z,-1448.086988389396,,mm,false
2,SSAT target,fiducial,ILIS -1 side,ILIS -1 side,p6,p6,x,3023.385756869491,,mm,false
2,SSAT target,fiducial,ILIS -1 side,ILIS -1 side,p6,p6,y,-532.0642303389917,,mm,false
2,SSAT target,fiducial,ILIS -1 side,ILIS -1 side,p6,p6,z,2556.883203766771,,mm,false
2,SSAT target,fiducial,ILIS -1 side,ILIS -1 side,p7,p7,x,3021.792323647482,,mm,false
2,SSAT target,fiducial,ILIS -1 side,ILIS -1 side,p7,p7,y,-531.7692008495186,,mm,false
2,SSAT target,fiducial,ILIS -1 side,ILIS -1 side,p7,p7,z,1548.542993307936,,mm,false
2,SSAT target,fiducial,ILIS -1 side,ILIS -1 side,p8,p8,x,3020.32997262856,,mm,false
2,SSAT target,fiducial,ILIS -1 side,ILIS -1 side,p8,p8,y,-531.5326554369713,,mm,false
2,SSAT target,fiducial,ILIS -1 side,ILIS -1 side,p8,p8,z,-2051.937230228331,,mm,false
2,SSAT target,fiducial,ILIS -1 side,ILIS -1 side,p9,p9,x,3018.455748640267,,mm,false
2,SSAT target,fiducial,ILIS -1 side,ILIS -1 side,p9,p9,y,-531.1987182091083,,mm,false
2,SSAT target,fiducial,ILIS -1 side,ILIS -1 side,p9,p9,z,-1208.617456850302,,mm,false
2,SSAT target,fiducial,ILIS -1 side,ILIS -1 side,p10,p10,x,3017.680179804542,,mm,false
2,SSAT target,fiducial,ILIS -1 side,ILIS -1 side,p10,p10,y,-530.9722934076996,,mm,false
2,SSAT target,fiducial,ILIS -1 side,ILIS -1 side,p10,p10,z,-2791.847566412646,,mm,false
2,SSAT target,fiducial,ILIS -1 side,ILIS -1 side,p11,p11,x,3017.751282716902,,mm,false
2,SSAT target,fiducial,ILIS -1 side,ILIS -1 side,p11,p11,y,-530.9516938186939,,mm,false
2,SSAT target,fiducial,ILIS -1 side,ILIS -1 side,p11,p11,z,-3169.157559680825,,mm,false
2,SSAT target,fiducial,ILIS -1 side,ILIS -1 side,p12,p12,x,3017.948000146918,,mm,false
2,SSAT target,fiducial,ILIS -1 side,ILIS -1 side,p12,p12,y,-531.093079610864,,mm,false
2,SSAT target,fiducial,ILIS -1 side,ILIS -1 side,p12,p12,z,1801.902512246723,,mm,false
2,SSAT target,fiducial,ILIS -1 side,ILIS -1 side,p13,p13,x,3017.734419260294,,mm,false
2,SSAT target,fiducial,ILIS -1 side,ILIS -1 side,p13,p13,y,-531.0180938791964,,mm,false
2,SSAT target,fiducial,ILIS -1 side,ILIS -1 side,p13,p13,z,794.6724766737439,,mm,false
2,SSAT target,fiducial,ILIS -1 side,ILIS -1 side,p14,p14,x,3016.999487348079,,mm,false
2,SSAT target,fiducial,ILIS -1 side,ILIS -1 side,p14,p14,y,-530.9314125375162,,mm,false
2,SSAT target,fiducial,ILIS -1 side,ILIS -1 side,p14,p14,z,-793.2476350640696,,mm,false
2,SSAT target,fiducial,ILIS -1 side,ILIS -1 side,p15,p15,x,3016.605435253615,,mm,false
2,SSAT target,fiducial,ILIS -1 side,ILIS -1 side,p15,p15,y,-530.8666189942678,,mm,false
2,SSAT target,fiducial,ILIS -1 side,ILIS -1 side,p15,p15,z,-1796.997695599432,,mm,false
2,SSAT target,fiducial,ILIS -1 side,ILIS -1 side,p16,p16,x,3017.469735525171,,mm,false
2,SSAT target,fiducial,ILIS -1 side,ILIS -1 side,p16,p16,y,-530.9135531633904,,mm,false
2,SSAT target,fiducial,ILIS -1 side,ILIS -1 side,p16,p16,z,-204.4175641202575,,mm,false
2,SSAT target,fiducial,ILIS -1 side,ILIS -1 side,p17,p17,x,3016.815449449475,,mm,false
2,SSAT target,fiducial,ILIS -1 side,ILIS -1 side,p17,p17,y,-530.9305521337234,,mm,false
2,SSAT target,fiducial,ILIS -1 side,ILIS -1 side,p17,p17,z,2854.382378949045,,mm,false
2,SSAT target,fiducial,ILIS -1 side,ILIS -1 side,p18,p18,x,3015.996794907377,,mm,false
2,SSAT target,fiducial,ILIS -1 side,ILIS -1 side,p18,p18,y,-530.884512553516,,mm,false
2,SSAT target,fiducial,ILIS -1 side,ILIS -1 side,p18,p18,z,4025.77228307367,,mm,false
2,SSAT target,fiducial,ILIS -1 side,ILIS -1 side,p19,p19,x,3014.070616246431,,mm,false
2,SSAT target,fiducial,ILIS -1 side,ILIS -1 side,p19,p19,y,-530.5183469206399,,mm,false
2,SSAT target,fiducial,ILIS -1 side,ILIS -1 side,p19,p19,z,2447.032025349652,,mm,false
2,SSAT target,fiducial,ILIS -1 side,ILIS -1 side,p20,p20,x,3012.679424286205,,mm,false
2,SSAT target,fiducial,ILIS -1 side,ILIS -1 side,p20,p20,y,-529.9681610724349,,mm,false
2,SSAT target,fiducial,ILIS -1 side,ILIS -1 side,p20,p20,z,-3967.688201431908,,mm,false
2,SSAT target,fiducial,ILIS -1 side,ILIS -1 side,p21,p21,x,3011.39396976499,,mm,false
2,SSAT target,fiducial,ILIS -1 side,ILIS -1 side,p21,p21,y,-530.0174875628021,,mm,false
2,SSAT target,fiducial,ILIS -1 side,ILIS -1 side,p21,p21,z,3529.721701712883,,mm,false
2,SSAT target,fiducial,ILIS -1 side,ILIS -1 side,p22,p22,x,3011.425066631781,,mm,false
2,SSAT target,fiducial,ILIS -1 side,ILIS -1 side,p22,p22,y,-529.9344900453107,,mm,false
2,SSAT target,fiducial,ILIS -1 side,ILIS -1 side,p22,p22,z,2192.62169619931,,mm,false
2,SSAT target,fiducial,ILIS -1 side,ILIS -1 side,p23,p23,x,3010.049477812291,,mm,false
2,SSAT target,fiducial,ILIS -1 side,ILIS -1 side,p23,p23,y,-529.602354672206,,mm,false
2,SSAT target,fiducial,ILIS -1 side,ILIS -1 side,p23,p23,z,-3525.11853294205,,mm,false
2,SSAT target,fiducial,ILIS -1 side,ILIS -1 side,p24,p24,x,3010.544110666905,,mm,false
2,SSAT target,fiducial,ILIS -1 side,ILIS -1 side,p24,p24,y,-529.9316255885356,,mm,false
2,SSAT target,fiducial,ILIS -1 side,ILIS -1 side,p24,p24,z,3971.67159600774,,mm,false
2,SSAT target,fiducial,ILIS -1 side,ILIS -1 side,p25,p25,x,3010.142842327816,,mm,false
2,SSAT target,fiducial,ILIS -1 side,ILIS -1 side,p25,p25,y,-529.8700489940794,,mm,false
2,SSAT target,fiducial,ILIS -1 side,ILIS -1 side,p25,p25,z,3759.53154275979,,mm,false
2,SSAT target,fiducial,ILIS -1 side,ILIS -1 side,p26,p26,x,3009.355445783261,,mm,false
2,SSAT target,fiducial,ILIS -1 side,ILIS -1 side,p26,p26,y,-529.3836791911207,,mm,false
2,SSAT target,fiducial,ILIS -1 side,ILIS -1 side,p26,p26,z,-4233.698622558303,,mm,false
2,SSAT target,fiducial,ILIS -1 side,ILIS -1 side,p27,p27,x,3008.527618895862,,mm,false
2,SSAT target,fiducial,ILIS -1 side,ILIS -1 side,p27,p27,y,-529.2249050094402,,mm,false
2,SSAT target,fiducial,ILIS -1 side,ILIS -1 side,p27,p27,z,-4028.258723820488,,mm,false
2,SSAT target,fiducial,ILIS -1 side,ILIS -1 side,p28,p28,x,3007.898838712048,,mm,false
2,SSAT target,fiducial,ILIS -1 side,ILIS -1 side,p28,p28,y,-529.3594411688497,,mm,false
2,SSAT target,fiducial,ILIS -1 side,ILIS -1 side,p28,p28,z,3198.38126072527,,mm,false
2,SSAT target,fiducial,ILIS -1 side,ILIS -1 side,p29,p29,x,3007.236630662707,,mm,false
2,SSAT target,fiducial,ILIS -1 side,ILIS -1 side,p29,p29,y,-529.3067703751814,,mm,false
2,SSAT target,fiducial,ILIS -1 side,ILIS -1 side,p29,p29,z,4248.341185106333,,mm,false
2,SSAT target,fiducial,ILIS -1 side,ILIS -1 side,p30,p30,x,3005.41930074864,,mm,false
2,SSAT target,fiducial,ILIS -1 side,ILIS -1 side,p30,p30,y,-528.7303858456576,,mm,false
2,SSAT target,fiducial,ILIS -1 side,ILIS -1 side,p30,p30,z,-3745.389114797015,,mm,false
2,SSAT target,fiducial,ILIS -1 side,ILIS -1 side,p31,p31,x,3000.72012974642,,mm,false
2,SSAT target,fiducial,ILIS -1 side,ILIS -1 side,p31,p31,y,-528.1351256383932,,mm,false
2,SSAT target,fiducial,ILIS -1 side,ILIS -1 side,p31,p31,z,3484.070358328011,,mm,false
2,SSAT target,fiducial,ILIS -1 side,ILIS -1 side,p32,p32,x,3000.428751741045,,mm,false
2,SSAT target,fiducial,ILIS -1 side,ILIS -1 side,p32,p32,y,-528.0107288816714,,mm,false
2,SSAT target,fiducial,ILIS -1 side,ILIS -1 side,p32,p32,z,1205.410301359376,,mm,false
2,SSAT target,fiducial,ILIS -1 side,ILIS -1 side,p33,p33,x,2995.781249978818,,mm,false
2,SSAT target,fiducial,ILIS -1 side,ILIS -1 side,p33,p33,y,-527.155897666435,,mm,false
2,SSAT target,fiducial,ILIS -1 side,ILIS -1 side,p33,p33,z,1482.219721522353,,mm,false
2,SSAT target,fiducial,ILIS -1 side,ILIS -1 side,p34,p34,x,2986.125892870539,,mm,false
2,SSAT target,fiducial,ILIS -1 side,ILIS -1 side,p34,p34,y,-525.3617347055001,,mm,false
2,SSAT target,fiducial,ILIS -1 side,ILIS -1 side,p34,p34,z,487.94850115118,,mm,false
2,SSAT target,fiducial,ILIS -1 side,ILIS -1 side,p35,p35,x,2982.148209974133,,mm,false
2,SSAT target,fiducial,ILIS -1 side,ILIS -1 side,p35,p35,y,-524.792014577842,,mm,false
2,SSAT target,fiducial,ILIS -1 side,ILIS -1 side,p35,p35,z,-1522.70202792088,,mm,false
2,SSAT target,fiducial,ILIS -1 side,ILIS -1 side,p36,p36,x,2978.463554157755,,mm,false
2,SSAT target,fiducial,ILIS -1 side,ILIS -1 side,p36,p36,y,-524.0875014085846,,mm,false
2,SSAT target,fiducial,ILIS -1 side,ILIS -1 side,p36,p36,z,-2522.052499163431,,mm,false
2,SSAT target,fiducial,ILIS -1 side,ILIS -1 side,p37,p37,x,2977.997321707128,,mm,false
2,SSAT target,fiducial,ILIS -1 side,ILIS -1 side,p37,p37,y,-524.0200189517075,,mm,false
2,SSAT target,fiducial,ILIS -1 side,ILIS -1 side,p37,p37,z,-2476.042558135214,,mm,false
2,SSAT target,fiducial,ILIS -1 side,ILIS -1 side,p38,p38,x,2978.939881631331,,mm,false
2,SSAT target,fiducial,ILIS -1 side,ILIS -1 side,p38,p38,y,-524.3378734122175,,mm,false
2,SSAT target,fiducial,ILIS -1 side,ILIS -1 side,p38,p38,z,4445.387625970478,,mm,false
2,SSAT target,fiducial,ILIS -1 side,ILIS -1 side,p39,p39,x,2975.283818597585,,mm,false
2,SSAT target,fiducial,ILIS -1 side,ILIS -1 side,p39,p39,y,-523.5462628787216,,mm,false
2,SSAT target,fiducial,ILIS -1 side,ILIS -1 side,p39,p39,z,-530.562879044204,,mm,false
2,SSAT target,fiducial,ILIS -1 side,ILIS -1 side,p40,p40,x,2972.929863907082,,mm,false
2,SSAT target,fiducial,ILIS -1 side,ILIS -1 side,p40,p40,y,-522.9942499634534,,mm,false
2,SSAT target,fiducial,ILIS -1 side,ILIS -1 side,p40,p40,z,-4414.563209139331,,mm,false
2,SSAT target,fiducial,ILIS -1 side,ILIS -1 side,p41,p41,x,2834.136662548376,,mm,false
2,SSAT target,fiducial,ILIS -1 side,ILIS -1 side,p41,p41,y,-498.7387203782569,,mm,false
2,SSAT target,fiducial,ILIS -1 side,ILIS -1 side,p41,p41,z,4245.33940926471,,mm,false
2,SSAT target,fiducial,ILIS -1 side,ILIS -1 side,p42,p42,x,2830.376242772496,,mm,false
2,SSAT target,fiducial,ILIS -1 side,ILIS -1 side,p42,p42,y,-498.0668397506838,,mm,false
2,SSAT target,fiducial,ILIS -1 side,ILIS -1 side,p42,p42,z,4026.878934305206,,mm,false
2,SSAT target,fiducial,ILIS -1 side,ILIS -1 side,p43,p43,x,2826.162098329153,,mm,false
2,SSAT target,fiducial,ILIS -1 side,ILIS -1 side,p43,p43,y,-497.0150132720422,,mm,false
2,SSAT target,fiducial,ILIS -1 side,ILIS -1 side,p43,p43,z,-4433.411669240731,,mm,false
2,SSAT target,fiducial,ILIS -1 side,ILIS -1 side,p44,p44,x,2821.846712050845,,mm,false
2,SSAT target,fiducial,ILIS -1 side,ILIS -1 side,p44,p44,y,-496.3073876375215,,mm,false
2,SSAT target,fiducial,ILIS -1 side,ILIS -1 side,p44,p44,z,-4024.542210724654,,mm,false
2,SSAT target,fiducial,ILIS -1 side,ILIS -1 side,p45,p45,x,2821.268938695337,,mm,false
2,SSAT target,fiducial,ILIS -1 side,ILIS -1 side,p45,p45,y,-496.1847122481577,,mm,false
2,SSAT target,fiducial,ILIS -1 side,ILIS -1 side,p45,p45,z,-3524.162276945632,,mm,false
2,SSAT target,fiducial,ILIS -1 side,ILIS -1 side,p46,p46,x,2814.173674941591,,mm,false
2,SSAT target,fiducial,ILIS -1 side,ILIS -1 side,p46,p46,y,-494.9166062368877,,mm,false
2,SSAT target,fiducial,ILIS -1 side,ILIS -1 side,p46,p46,z,-4223.743176155586,,mm,false
2,SSAT target,fiducial,ILIS -1 side,ILIS -1 side,p47,p47,x,2813.639763459454,,mm,false
2,SSAT target,fiducial,ILIS -1 side,ILIS -1 side,p47,p47,y,-494.8202813595844,,mm,false
2,SSAT target,fiducial,ILIS -1 side,ILIS -1 side,p47,p47,z,-3973.373240540211,,mm,false
2,SSAT target,fiducial,ILIS -1 side,ILIS -1 side,p48,p48,x,2808.983090210993,,mm,false
2,SSAT target,fiducial,ILIS -1 side,ILIS -1 side,p48,p48,y,-494.3543225852241,,mm,false
2,SSAT target,fiducial,ILIS -1 side,ILIS -1 side,p48,p48,z,3975.986238957284,,mm,false
2,SSAT target,fiducial,ILIS -1 side,ILIS -1 side,p49,p49,x,2806.149802781698,,mm,false
2,SSAT target,fiducial,ILIS -1 side,ILIS -1 side,p49,p49,y,-493.7635869350908,,mm,false
2,SSAT target,fiducial,ILIS -1 side,ILIS -1 side,p49,p49,z,3778.705885364397,,mm,false
2,SSAT target,fiducial,ILIS -1 side,ILIS -1 side,p50,p50,x,2803.515800998912,,mm,false
2,SSAT target,fiducial,ILIS -1 side,ILIS -1 side,p50,p50,y,-493.3915076058283,,mm,false
2,SSAT target,fiducial,ILIS -1 side,ILIS -1 side,p50,p50,z,4472.715556328413,,mm,false
2,SSAT target,fiducial,ILIS -1 side,ILIS -1 side,p51,p51,x,2799.393781684487,,mm,false
2,SSAT target,fiducial,ILIS -1 side,ILIS -1 side,p51,p51,y,-492.6099674841496,,mm,false
2,SSAT target,fiducial,ILIS -1 side,ILIS -1 side,p51,p51,z,3527.725030634208,,mm,false
2,SSAT target,fiducial,ILIS -1 side,ILIS -1 side,p52,p52,x,2796.642937045746,,mm,false
2,SSAT target,fiducial,ILIS -1 side,ILIS -1 side,p52,p52,y,-491.8412874258378,,mm,false
2,SSAT target,fiducial,ILIS -1 side,ILIS -1 side,p52,p52,z,-3775.575377844466,,mm,false
2,SSAT target,fiducial,ILIS -1 side,ILIS -1 side,p53,p53,x,2779.393122389059,,mm,false
2,SSAT target,fiducial,ILIS -1 side,ILIS -1 side,p53,p53,y,-488.9713194872986,,mm,false
2,SSAT target,fiducial,ILIS -1 side,ILIS -1 side,p53,p53,z,800.4424913162687,,mm,false
2,SSAT target,fiducial,ILIS -1 side,ILIS -1 side,p54,p54,x,2772.934445364591,,mm,false
2,SSAT target,fiducial,ILIS -1 side,ILIS -1 side,p54,p54,y,-487.779472698369,,mm,false
2,SSAT target,fiducial,ILIS -1 side,ILIS -1 side,p54,p54,z,-2531.918353909279,,mm,false
2,SSAT target,fiducial,ILIS -1 side,ILIS -1 side,p55,p55,x,2773.129054929405,,mm,false
2,SSAT target,fiducial,ILIS -1 side,ILIS -1 side,p55,p55,y,-487.8433380400688,,mm,false
2,SSAT target,fiducial,ILIS -1 side,ILIS -1 side,p55,p55,z,1568.701712684106,,mm,false
2,SSAT target,fiducial,ILIS -1 side,ILIS -1 side,p56,p56,x,2768.741107485692,,mm,false
2,SSAT target,fiducial,ILIS -1 side,ILIS -1 side,p56,p56,y,-486.938464643189,,mm,false
2,SSAT target,fiducial,ILIS -1 side,ILIS -1 side,p56,p56,z,-3467.178885912467,,mm,false
2,SSAT target,fiducial,ILIS -1 side,ILIS -1 side,p57,p57,x,2768.964216950594,,mm,false
2,SSAT target,fiducial,ILIS -1 side,ILIS -1 side,p57,p57,y,-487.1275819522455,,mm,false
2,SSAT target,fiducial,ILIS -1 side,ILIS -1 side,p57,p57,z,2195.021194352873,,mm,false
2,SSAT target,fiducial,ILIS -1 side,ILIS -1 side,p58,p58,x,2768.387202741968,,mm,false
2,SSAT target,fiducial,ILIS -1 side,ILIS -1 side,p58,p58,y,-487.0162308761563,,mm,false
2,SSAT target,fiducial,ILIS -1 side,ILIS -1 side,p58,p58,z,1803.801118109922,,mm,false
2,SSAT target,fiducial,ILIS -1 side,ILIS -1 side,p59,p59,x,2767.308840038624,,mm,false
2,SSAT target,fiducial,ILIS -1 side,ILIS -1 side,p59,p59,y,-486.8345047887022,,mm,false
2,SSAT target,fiducial,ILIS -1 side,ILIS -1 side,p59,p59,z,-792.459045704466,,mm,false
2,SSAT target,fiducial,ILIS -1 side,ILIS -1 side,p60,p60,x,2766.161124460206,,mm,false
2,SSAT target,fiducial,ILIS -1 side,ILIS -1 side,p60,p60,y,-486.585072974013,,mm,false
2,SSAT target,fiducial,ILIS -1 side,ILIS -1 side,p60,p60,z,-2064.509201096431,,mm,false
2,SSAT target,fiducial,ILIS -1 side,ILIS -1 side,p61,p61,x,2765.869320772795,,mm,false
2,SSAT target,fiducial,ILIS -1 side,ILIS -1 side,p61,p61,y,-486.5054950643974,,mm,false
2,SSAT target,fiducial,ILIS -1 side,ILIS -1 side,p61,p61,z,-2789.529244004187,,mm,false
2,SSAT target,fiducial,ILIS -1 side,ILIS -1 side,p62,p62,x,2765.673974552871,,mm,false
2,SSAT target,fiducial,ILIS -1 side,ILIS -1 side,p62,p62,y,-486.552299676918,,mm,false
2,SSAT target,fiducial,ILIS -1 side,ILIS -1 side,p62,p62,z,-1199.55925606442,,mm,false
2,SSAT target,fiducial,ILIS -1 side,ILIS -1 side,p63,p63,x,2762.837359137276,,mm,false
2,SSAT target,fiducial,ILIS -1 side,ILIS -1 side,p63,p63,y,-486.0888753311137,,mm,false
2,SSAT target,fiducial,ILIS -1 side,ILIS -1 side,p63,p63,z,-1446.089617583766,,mm,false
2,SSAT target,fiducial,ILIS -1 side,ILIS -1 side,p64,p64,x,2750.692060538719,,mm,false
2,SSAT target,fiducial,ILIS -1 side,ILIS -1 side,p64,p64,y,-483.9149357278653,,mm,false
2,SSAT target,fiducial,ILIS -1 side,ILIS -1 side,p64,p64,z,2875.148902216843,,mm,false
2,SSAT target,fiducial,ILIS -1 side,ILIS -1 side,p65,p65,x,2749.446205710585,,mm,false
2,SSAT target,fiducial,ILIS -1 side,ILIS -1 side,p65,p65,y,-483.5822000649309,,mm,false
2,SSAT target,fiducial,ILIS -1 side,ILIS -1 side,p65,p65,z,260.358723764138,,mm,false
2,SSAT target,fiducial,ILIS -1 side,ILIS -1 side,p66,p66,x,2748.690389356141,,mm,false
2,SSAT target,fiducial,ILIS -1 side,ILIS -1 side,p66,p66,y,-483.5714472293038,,mm,false
2,SSAT target,fiducial,ILIS -1 side,ILIS -1 side,p66,p66,z,2444.458645270939,,mm,false
2,SSAT target,fiducial,ILIS -1 side,ILIS -1 side,p67,p67,x,2748.411575527845,,mm,false
2,SSAT target,fiducial,ILIS -1 side,ILIS -1 side,p67,p67,y,-483.4037700445469,,mm,false
2,SSAT target,fiducial,ILIS -1 side,ILIS -1 side,p67,p67,z,-443.8014141328555,,mm,false
2,SSAT target,fiducial,ILIS -1 side,ILIS -1 side,p68,p68,x,2745.227162270808,,mm,false
2,SSAT target,fiducial,ILIS -1 side,ILIS -1 side,p68,p68,y,-482.8427223450419,,mm,false
2,SSAT target,fiducial,ILIS -1 side,ILIS -1 side,p68,p68,z,-2478.591836495239,,mm,false
2,SSAT target,fiducial,ILIS -1 side,ILIS -1 side,p69,p69,x,2744.734172417009,,mm,false
2,SSAT target,fiducial,ILIS -1 side,ILIS -1 side,p69,p69,y,-482.8202107081012,,mm,false
2,SSAT target,fiducial,ILIS -1 side,ILIS -1 side,p69,p69,z,-1792.021894716377,,mm,false
2,SSAT target,fiducial,ILIS -1 side,ILIS -1 side,p70,p70,x,2743.82792374133,,mm,false
2,SSAT target,fiducial,ILIS -1 side,ILIS -1 side,p70,p70,y,-482.6548321152513,,mm,false
2,SSAT target,fiducial,ILIS -1 side,ILIS -1 side,p70,p70,z,-1524.402005576465,,mm,false
2,SSAT target,fiducial,ILIS -1 side,ILIS -1 side,p71,p71,x,2741.893198182095,,mm,false
2,SSAT target,fiducial,ILIS -1 side,ILIS -1 side,p71,p71,y,-482.3291594630386,,mm,false
2,SSAT target,fiducial,ILIS -1 side,ILIS -1 side,p71,p71,z,-529.7122392300254,,mm,false
2,SSAT target,fiducial,ILIS -1 side,ILIS -1 side,p72,p72,x,2719.961134167633,,mm,false
2,SSAT target,fiducial,ILIS -1 side,ILIS -1 side,p72,p72,y,-478.5390724382999,,mm,false
2,SSAT target,fiducial,ILIS -1 side,ILIS -1 side,p72,p72,z,1478.675018623502,,mm,false
2,SSAT target,fiducial,ILIS -1 side,ILIS -1 side,p73,p73,x,2711.285546546779,,mm,false
2,SSAT target,fiducial,ILIS -1 side,ILIS -1 side,p73,p73,y,-476.8349908744579,,mm,false
2,SSAT target,fiducial,ILIS -1 side,ILIS -1 side,p73,p73,z,486.1139260526433,,mm,false
2,SSAT target,fiducial,ILIS -1 side,ILIS -1 side,p74,p74,x,2700.596530828871,,mm,false
2,SSAT target,fiducial,ILIS -1 side,ILIS -1 side,p74,p74,y,-474.9887463510705,,mm,false
2,SSAT target,fiducial,ILIS -1 side,ILIS -1 side,p74,p74,z,552.5125798352477,,mm,false
2,SSAT target,fiducial,ILIS -1 side,ILIS -1 side,p75,p75,x,2694.283712962974,,mm,false
2,SSAT target,fiducial,ILIS -1 side,ILIS -1 side,p75,p75,y,-473.8184129259118,,mm,false
2,SSAT target,fiducial,ILIS -1 side,ILIS -1 side,p75,p75,z,-3118.438250419807,,mm,false
2,SSAT target,fiducial,ILIS -1 side,ILIS -1 side,p76,p76,x,2691.12758854124,,mm,false
2,SSAT target,fiducial,ILIS -1 side,ILIS -1 side,p76,p76,y,-473.3447048194369,,mm,false
2,SSAT target,fiducial,ILIS -1 side,ILIS -1 side,p76,p76,z,1209.051394117691,,mm,false
2,SSAT target,fiducial,ILIS -1 side,ILIS -1 side,p77,p77,x,2685.547031414452,,mm,false
2,SSAT target,fiducial,ILIS -1 side,ILIS -1 side,p77,p77,y,-472.4038247912315,,mm,false
2,SSAT target,fiducial,ILIS -1 side,ILIS -1 side,p77,p77,z,3206.57071095218,,mm,false
2,SSAT target,fiducial,ILIS -1 side,ILIS -1 side,p78,p78,x,2676.250014281919,,mm,false
2,SSAT target,fiducial,ILIS -1 side,ILIS -1 side,p78,p78,y,-470.7488510567509,,mm,false
2,SSAT target,fiducial,ILIS -1 side,ILIS -1 side,p78,p78,z,3479.729545029308,,mm,false
2,SSAT target,fiducial,ILIS -1 side,ILIS -1 side,p79,p79,x,2673.595389674436,,mm,false
2,SSAT target,fiducial,ILIS -1 side,ILIS -1 side,p79,p79,y,-470.2383444986915,,mm,false
2,SSAT target,fiducial,ILIS -1 side,ILIS -1 side,p79,p79,z,2553.999203487427,,mm,false
2,SSAT target,fiducial,ILIS -1 side,ILIS -1 side,p80,p80,x,2671.620070539884,,mm,false
2,SSAT target,fiducial,ILIS -1 side,ILIS -1 side,p80,p80,y,-469.8073397072594,,mm,false
2,SSAT target,fiducial,ILIS -1 side,ILIS -1 side,p80,p80,z,-212.4210700157131,,mm,false
2,SSAT target,fiducial,ILIS -1 side,ILIS -1 side,p81,p81,x,2628.586058472753,,mm,false
2,SSAT target,fiducial,ILIS -1 side,ILIS -1 side,p81,p81,y,-462.529202701537,,mm,false
2,SSAT target,fiducial,ILIS -1 side,ILIS -1 side,p81,p81,z,4025.02354398541,,mm,false
2,SSAT target,fiducial,ILIS -1 side,ILIS -1 side,p82,p82,x,2625.370568882345,,mm,false
2,SSAT target,fiducial,ILIS -1 side,ILIS -1 side,p82,p82,y,-461.6041841598424,,mm,false
2,SSAT target,fiducial,ILIS -1 side,ILIS -1 side,p82,p82,z,-3760.826924034599,,mm,false
2,SSAT target,fiducial,ILIS -1 side,ILIS -1 side,p83,p83,x,2626.076192662255,,mm,false
2,SSAT target,fiducial,ILIS -1 side,ILIS -1 side,p83,p83,y,-462.0033615338633,,mm,false
2,SSAT target,fiducial,ILIS -1 side,ILIS -1 side,p83,p83,z,4466.983237469647,,mm,false
2,SSAT target,fiducial,ILIS -1 side,ILIS -1 side,p84,p84,x,2626.085790026,,mm,false
2,SSAT target,fiducial,ILIS -1 side,ILIS -1 side,p84,p84,y,-461.9614310715759,,mm,false
2,SSAT target,fiducial,ILIS -1 side,ILIS -1 side,p84,p84,z,4248.45323872868,,mm,false
2,SSAT target,fiducial,ILIS -1 side,ILIS -1 side,p85,p85,x,2624.971862556616,,mm,false
2,SSAT target,fiducial,ILIS -1 side,ILIS -1 side,p85,p85,y,-461.4773896462275,,mm,false
2,SSAT target,fiducial,ILIS -1 side,ILIS -1 side,p85,p85,z,-4434.886978300105,,mm,false
2,SSAT target,fiducial,ILIS -1 side,ILIS -1 side,p86,p86,x,2624.589467102863,,mm,false
2,SSAT target,fiducial,ILIS -1 side,ILIS -1 side,p86,p86,y,-461.8157815946244,,mm,false
2,SSAT target,fiducial,ILIS -1 side,ILIS -1 side,p86,p86,z,3778.293039005288,,mm,false
2,SSAT target,fiducial,ILIS -1 side,ILIS -1 side,p87,p87,x,2624.108381448654,,mm,false
2,SSAT target,fiducial,ILIS -1 side,ILIS -1 side,p87,p87,y,-461.3871726483628,,mm,false
2,SSAT target,fiducial,ILIS -1 side,ILIS -1 side,p87,p87,z,-3523.197080603926,,mm,false
2,SSAT target,fiducial,ILIS -1 side,ILIS -1 side,p88,p88,x,2623.064269268944,,mm,false
2,SSAT target,fiducial,ILIS -1 side,ILIS -1 side,p88,p88,y,-461.1485336502,,mm,false
2,SSAT target,fiducial,ILIS -1 side,ILIS -1 side,p88,p88,z,-4231.187216538872,,mm,false
2,SSAT target,fiducial,ILIS -1 side,ILIS -1 side,p89,p89,x,2621.696278015503,,mm,false
2,SSAT target,fiducial,ILIS -1 side,ILIS -1 side,p89,p89,y,-460.9498321194571,,mm,false
2,SSAT target,fiducial,ILIS -1 side,ILIS -1 side,p89,p89,z,-4024.53738876824,,mm,false
2,SSAT target,fiducial,ILIS -1 side,ILIS -1 side,p90,p90,x,2621.012947903986,,mm,false
2,SSAT target,fiducial,ILIS -1 side,ILIS -1 side,p90,p90,y,-461.156511402688,,mm,false
2,SSAT target,fiducial,ILIS -1 side,ILIS -1 side,p90,p90,z,3974.032592681172,,mm,false
2,SSAT target,fiducial,ILIS -1 side,ILIS -1 side,p91,p91,x,2618.988169662017,,mm,false
2,SSAT target,fiducial,ILIS -1 side,ILIS -1 side,p91,p91,y,-460.4331309628241,,mm,false
2,SSAT target,fiducial,ILIS -1 side,ILIS -1 side,p91,p91,z,-3964.717726707505,,mm,false
2,SSAT target,fiducial,ILIS -1 side,ILIS -1 side,p92,p92,x,2617.593146707322,,mm,false
2,SSAT target,fiducial,ILIS -1 side,ILIS -1 side,p92,p92,y,-460.4422846368392,,mm,false
2,SSAT target,fiducial,ILIS -1 side,ILIS -1 side,p92,p92,z,3529.502163756556,,mm,false
2,SSAT target,fiducial,ILIS -1 side,ILIS -1 side,p93,p93,x,2576.478955005541,,mm,false
2,SSAT target,fiducial,ILIS -1 side,ILIS -1 side,p93,p93,y,-452.9532965686992,,mm,false
2,SSAT target,fiducial,ILIS -1 side,ILIS -1 side,p93,p93,z,-3971.19307586613,,mm,false
2,SSAT target,fiducial,ILIS -1 side,ILIS -1 side,p94,p94,x,2575.738218016172,,mm,false
2,SSAT target,fiducial,ILIS -1 side,ILIS -1 side,p94,p94,y,-452.7374783712672,,mm,false
2,SSAT target,fiducial,ILIS -1 side,ILIS -1 side,p94,p94,z,-4261.103167500102,,mm,false
2,SSAT target,fiducial,ILIS -1 side,ILIS -1 side,p95,p95,x,2575.495560670558,,mm,false
2,SSAT target,fiducial,ILIS -1 side,ILIS -1 side,p95,p95,y,-452.7264599715342,,mm,false
2,SSAT target,fiducial,ILIS -1 side,ILIS -1 side,p95,p95,z,-4462.983201916602,,mm,false
2,SSAT target,fiducial,ILIS -1 side,ILIS -1 side,p96,p96,x,2574.956029090459,,mm,false
2,SSAT target,fiducial,ILIS -1 side,ILIS -1 side,p96,p96,y,-452.6204620932376,,mm,false
2,SSAT target,fiducial,ILIS -1 side,ILIS -1 side,p96,p96,z,-4023.453264517427,,mm,false
2,SSAT target,fiducial,ILIS -1 side,ILIS -1 side,p97,p97,x,2572.946026111626,,mm,false
2,SSAT target,fiducial,ILIS -1 side,ILIS -1 side,p97,p97,y,-452.7398468504006,,mm,false
2,SSAT target,fiducial,ILIS -1 side,ILIS -1 side,p97,p97,z,4024.376542538344,,mm,false
2,SSAT target,fiducial,ILIS -1 side,ILIS -1 side,p98,p98,x,2571.692825739086,,mm,false
2,SSAT target,fiducial,ILIS -1 side,ILIS -1 side,p98,p98,y,-452.4471199080006,,mm,false
2,SSAT target,fiducial,ILIS -1 side,ILIS -1 side,p98,p98,z,3974.14638825067,,mm,false
2,SSAT target,fiducial,ILIS -1 side,ILIS -1 side,p99,p99,x,2571.985434549861,,mm,false
2,SSAT target,fiducial,ILIS -1 side,ILIS -1 side,p99,p99,y,-452.4542804875304,,mm,false
2,SSAT target,fiducial,ILIS -1 side,ILIS -1 side,p99,p99,z,4471.716432795969,,mm,false
2,SSAT target,fiducial,ILIS -1 side,ILIS -1 side,p100,p100,x,2571.593118898139,,mm,false
2,SSAT target,fiducial,ILIS -1 side,ILIS -1 side,p100,p100,y,-452.2528171345031,,mm,false
2,SSAT target,fiducial,ILIS -1 side,ILIS -1 side,p100,p100,z,3528.966380607719,,mm,false
2,SSAT target,fiducial,ILIS -1 side,ILIS -1 side,p101,p101,x,2570.14853349268,,mm,false
2,SSAT target,fiducial,ILIS -1 side,ILIS -1 side,p101,p101,y,-451.837723135129,,mm,false
2,SSAT target,fiducial,ILIS -1 side,ILIS -1 side,p101,p101,z,-3525.183867598651,,mm,false
2,SSAT target,fiducial,ILIS -1 side,ILIS -1 side,p102,p102,x,2567.922422641431,,mm,false
2,SSAT target,fiducial,ILIS -1 side,ILIS -1 side,p102,p102,y,-451.4340882498689,,mm,false
2,SSAT target,fiducial,ILIS -1 side,ILIS -1 side,p102,p102,z,-3775.43414973507,,mm,false
2,SSAT target,fiducial,ILIS -1 side,ILIS -1 side,p103,p103,x,2563.216578606331,,mm,false
2,SSAT target,fiducial,ILIS -1 side,ILIS -1 side,p103,p103,y,-450.8276410877774,,mm,false
2,SSAT target,fiducial,ILIS -1 side,ILIS -1 side,p103,p103,z,3798.625326771156,,mm,false
2,SSAT target,fiducial,ILIS -1 side,ILIS -1 side,p104,p104,x,2562.312165279065,,mm,false
2,SSAT target,fiducial,ILIS -1 side,ILIS -1 side,p104,p104,y,-450.6836152171411,,mm,false
2,SSAT target,fiducial,ILIS -1 side,ILIS -1 side,p104,p104,z,4274.195217211123,,mm,false
2,SSAT target,fiducial,ILIS -1 side,ILIS -1 side,p105,p105,x,2498.074570383012,,mm,false
2,SSAT target,fiducial,ILIS -1 side,ILIS -1 side,p105,p105,y,-439.2305109294182,,mm,false
2,SSAT target,fiducial,ILIS -1 side,ILIS -1 side,p105,p105,z,2188.077119905952,,mm,false
2,SSAT target,fiducial,ILIS -1 side,ILIS -1 side,p106,p106,x,2481.33084295157,,mm,false
2,SSAT target,fiducial,ILIS -1 side,ILIS -1 side,p106,p106,y,-436.248480428497,,mm,false
2,SSAT target,fiducial,ILIS -1 side,ILIS -1 side,p106,p106,z,2879.825022313898,,mm,false
2,SSAT target,fiducial,ILIS -1 side,ILIS -1 side,p107,p107,x,2470.282342116678,,mm,false
2,SSAT target,fiducial,ILIS -1 side,ILIS -1 side,p107,p107,y,-434.2751386015599,,mm,false
2,SSAT target,fiducial,ILIS -1 side,ILIS -1 side,p107,p107,z,801.2536114763166,,mm,false
2,SSAT target,fiducial,ILIS -1 side,ILIS -1 side,p108,p108,x,2456.752227296786,,mm,false
2,SSAT target,fiducial,ILIS -1 side,ILIS -1 side,p108,p108,y,-431.9281368752637,,mm,false
2,SSAT target,fiducial,ILIS -1 side,ILIS -1 side,p108,p108,z,-2077.598123604158,,mm,false
2,SSAT target,fiducial,ILIS -1 side,ILIS -1 side,p109,p109,x,2457.12018913272,,mm,false
2,SSAT target,fiducial,ILIS -1 side,ILIS -1 side,p109,p109,y,-432.0124332849322,,mm,false
2,SSAT target,fiducial,ILIS -1 side,ILIS -1 side,p109,p109,z,1481.441959578133,,mm,false
2,SSAT target,fiducial,ILIS -1 side,ILIS -1 side,p110,p110,x,2456.584936440519,,mm,false
2,SSAT target,fiducial,ILIS -1 side,ILIS -1 side,p110,p110,y,-431.7881246188285,,mm,false
2,SSAT target,fiducial,ILIS -1 side,ILIS -1 side,p110,p110,z,486.541888721678,,mm,false
2,SSAT target,fiducial,ILIS -1 side,ILIS -1 side,p111,p111,x,2450.873584866568,,mm,false
2,SSAT target,fiducial,ILIS -1 side,ILIS -1 side,p111,p111,y,-430.8960260899573,,mm,false
2,SSAT target,fiducial,ILIS -1 side,ILIS -1 side,p111,p111,z,-1201.718854120912,,mm,false
2,SSAT target,fiducial,ILIS -1 side,ILIS -1 side,p112,p112,x,2447.843118145568,,mm,false
2,SSAT target,fiducial,ILIS -1 side,ILIS -1 side,p112,p112,y,-430.2514469483056,,mm,false
2,SSAT target,fiducial,ILIS -1 side,ILIS -1 side,p112,p112,z,-3117.989249808636,,mm,false
2,SSAT target,fiducial,ILIS -1 side,ILIS -1 side,p113,p113,x,2445.548513950962,,mm,false
2,SSAT target,fiducial,ILIS -1 side,ILIS -1 side,p113,p113,y,-429.9482844837434,,mm,false
2,SSAT target,fiducial,ILIS -1 side,ILIS -1 side,p113,p113,z,-795.1995192725046,,mm,false
2,SSAT target,fiducial,ILIS -1 side,ILIS -1 side,p114,p114,x,2445.617195214299,,mm,false
2,SSAT target,fiducial,ILIS -1 side,ILIS -1 side,p114,p114,y,-429.9298935075361,,mm,false
2,SSAT target,fiducial,ILIS -1 side,ILIS -1 side,p114,p114,z,1798.690518690681,,mm,false
2,SSAT target,fiducial,ILIS -1 side,ILIS -1 side,p115,p115,x,2443.126989048667,,mm,false
2,SSAT target,fiducial,ILIS -1 side,ILIS -1 side,p115,p115,y,-429.4714809628788,,mm,false
2,SSAT target,fiducial,ILIS -1 side,ILIS -1 side,p115,p115,z,545.010193076854,,mm,false
2,SSAT target,fiducial,ILIS -1 side,ILIS -1 side,p116,p116,x,2438.980734179824,,mm,false
2,SSAT target,fiducial,ILIS -1 side,ILIS -1 side,p116,p116,y,-428.7964500266472,,mm,false
2,SSAT target,fiducial,ILIS -1 side,ILIS -1 side,p116,p116,z,1550.959679086861,,mm,false
2,SSAT target,fiducial,ILIS -1 side,ILIS -1 side,p117,p117,x,2433.49356555577,,mm,false
2,SSAT target,fiducial,ILIS -1 side,ILIS -1 side,p117,p117,y,-427.7936761869655,,mm,false
2,SSAT target,fiducial,ILIS -1 side,ILIS -1 side,p117,p117,z,-2530.851052870847,,mm,false
2,SSAT target,fiducial,ILIS -1 side,ILIS -1 side,p118,p118,x,2434.586448163843,,mm,false
2,SSAT target,fiducial,ILIS -1 side,ILIS -1 side,p118,p118,y,-427.8956722503493,,mm,false
2,SSAT target,fiducial,ILIS -1 side,ILIS -1 side,p118,p118,z,253.5291192688,,mm,false
2,SSAT target,fiducial,ILIS -1 side,ILIS -1 side,p119,p119,x,2432.210361191893,,mm,false
2,SSAT target,fiducial,ILIS -1 side,ILIS -1 side,p119,p119,y,-427.4625812954856,,mm,false
2,SSAT target,fiducial,ILIS -1 side,ILIS -1 side,p119,p119,z,-3467.051218574065,,mm,false
2,SSAT target,fiducial,ILIS -1 side,ILIS -1 side,p120,p120,x,2432.402542151774,,mm,false
2,SSAT target,fiducial,ILIS -1 side,ILIS -1 side,p120,p120,y,-427.60293298751,,mm,false
2,SSAT target,fiducial,ILIS -1 side,ILIS -1 side,p120,p120,z,-529.8211688898593,,mm,false
2,SSAT target,fiducial,ILIS -1 side,ILIS -1 side,p121,p121,x,2431.29665038784,,mm,false
2,SSAT target,fiducial,ILIS -1 side,ILIS -1 side,p121,p121,y,-427.4729201611058,,mm,false
2,SSAT target,fiducial,ILIS -1 side,ILIS -1 side,p121,p121,z,-1446.161321344215,,mm,false
2,SSAT target,fiducial,ILIS -1 side,ILIS -1 side,p122,p122,x,2429.858652643799,,mm,false
2,SSAT target,fiducial,ILIS -1 side,ILIS -1 side,p122,p122,y,-427.1857622301512,,mm,false
2,SSAT target,fiducial,ILIS -1 side,ILIS -1 side,p122,p122,z,2452.178541136071,,mm,false
2,SSAT target,fiducial,ILIS -1 side,ILIS -1 side,p123,p123,x,2427.695619237387,,mm,false
2,SSAT target,fiducial,ILIS -1 side,ILIS -1 side,p123,p123,y,-426.602297082092,,mm,false
2,SSAT target,fiducial,ILIS -1 side,ILIS -1 side,p123,p123,z,-4022.781789009197,,mm,false
2,SSAT target,fiducial,ILIS -1 side,ILIS -1 side,p124,p124,x,2426.867465522208,,mm,false
2,SSAT target,fiducial,ILIS -1 side,ILIS -1 side,p124,p124,y,-426.7086110968253,,mm,false
2,SSAT target,fiducial,ILIS -1 side,ILIS -1 side,p124,p124,z,-1526.081880358028,,mm,false
2,SSAT target,fiducial,ILIS -1 side,ILIS -1 side,p125,p125,x,2422.783870954569,,mm,false
2,SSAT target,fiducial,ILIS -1 side,ILIS -1 side,p125,p125,y,-425.9539828948709,,mm,false
2,SSAT target,fiducial,ILIS -1 side,ILIS -1 side,p125,p125,z,-1794.942395108119,,mm,false
2,SSAT target,fiducial,ILIS -1 side,ILIS -1 side,p126,p126,x,2420.327068847068,,mm,false
2,SSAT target,fiducial,ILIS -1 side,ILIS -1 side,p126,p126,y,-425.4864442761676,,mm,false
2,SSAT target,fiducial,ILIS -1 side,ILIS -1 side,p126,p126,z,-2483.092709669585,,mm,false
2,SSAT target,fiducial,ILIS -1 side,ILIS -1 side,p127,p127,x,2417.694567368687,,mm,false
2,SSAT target,fiducial,ILIS -1 side,ILIS -1 side,p127,p127,y,-424.8507421145266,,mm,false
2,SSAT target,fiducial,ILIS -1 side,ILIS -1 side,p127,p127,z,-4236.673050206832,,mm,false
2,SSAT target,fiducial,ILIS -1 side,ILIS -1 side,p128,p128,x,2415.439163526908,,mm,false
2,SSAT target,fiducial,ILIS -1 side,ILIS -1 side,p128,p128,y,-424.5695318666989,,mm,false
2,SSAT target,fiducial,ILIS -1 side,ILIS -1 side,p128,p128,z,-2793.973324943704,,mm,false
2,SSAT target,fiducial,ILIS -1 side,ILIS -1 side,p129,p129,x,2412.87529947638,,mm,false
2,SSAT target,fiducial,ILIS -1 side,ILIS -1 side,p129,p129,y,-424.0084092725156,,mm,false
2,SSAT target,fiducial,ILIS -1 side,ILIS -1 side,p129,p129,z,-4463.653659361812,,mm,false
2,SSAT target,fiducial,ILIS -1 side,ILIS -1 side,p130,p130,x,2412.95722531803,,mm,false
2,SSAT target,fiducial,ILIS -1 side,ILIS -1 side,p130,p130,y,-424.2080054529699,,mm,false
2,SSAT target,fiducial,ILIS -1 side,ILIS -1 side,p130,p130,z,1207.286401302692,,mm,false
2,SSAT target,fiducial,ILIS -1 side,ILIS -1 side,p131,p131,x,2412.18472741873,,mm,false
2,SSAT target,fiducial,ILIS -1 side,ILIS -1 side,p131,p131,y,-424.021575425713,,mm,false
2,SSAT target,fiducial,ILIS -1 side,ILIS -1 side,p131,p131,z,2554.706321220325,,mm,false
2,SSAT target,fiducial,ILIS -1 side,ILIS -1 side,p132,p132,x,2411.609498020352,,mm,false
2,SSAT target,fiducial,ILIS -1 side,ILIS -1 side,p132,p132,y,-423.9520597134863,,mm,false
2,SSAT target,fiducial,ILIS -1 side,ILIS -1 side,p132,p132,z,3479.30625696481,,mm,false
2,SSAT target,fiducial,ILIS -1 side,ILIS -1 side,p133,p133,x,2409.255164497562,,mm,false
2,SSAT target,fiducial,ILIS -1 side,ILIS -1 side,p133,p133,y,-423.6762344068495,,mm,false
2,SSAT target,fiducial,ILIS -1 side,ILIS -1 side,p133,p133,z,4471.105963727251,,mm,false
2,SSAT target,fiducial,ILIS -1 side,ILIS -1 side,p134,p134,x,2401.711912293307,,mm,false
2,SSAT target,fiducial,ILIS -1 side,ILIS -1 side,p134,p134,y,-422.1075653249263,,mm,false
2,SSAT target,fiducial,ILIS -1 side,ILIS -1 side,p134,p134,z,-451.8350247798728,,mm,false
2,SSAT target,fiducial,ILIS -1 side,ILIS -1 side,p135,p135,x,2398.605548054353,,mm,false
2,SSAT target,fiducial,ILIS -1 side,ILIS -1 side,p135,p135,y,-421.7820156284189,,mm,false
2,SSAT target,fiducial,ILIS -1 side,ILIS -1 side,p135,p135,z,4025.104620001885,,mm,false
2,SSAT target,fiducial,ILIS -1 side,ILIS -1 side,p136,p136,x,2395.428059491064,,mm,false
2,SSAT target,fiducial,ILIS -1 side,ILIS -1 side,p136,p136,y,-420.9898954588898,,mm,false
2,SSAT target,fiducial,ILIS -1 side,ILIS -1 side,p136,p136,z,-3524.475847607695,,mm,false
2,SSAT target,fiducial,ILIS -1 side,ILIS -1 side,p137,p137,x,2396.736334440106,,mm,false
2,SSAT target,fiducial,ILIS -1 side,ILIS -1 side,p137,p137,y,-421.3273803099574,,mm,false
2,SSAT target,fiducial,ILIS -1 side,ILIS -1 side,p137,p137,z,3207.094382934407,,mm,false
2,SSAT target,fiducial,ILIS -1 side,ILIS -1 side,p138,p138,x,2393.943052653688,,mm,false
2,SSAT target,fiducial,ILIS -1 side,ILIS -1 side,p138,p138,y,-420.8548581576044,,mm,false
2,SSAT target,fiducial,ILIS -1 side,ILIS -1 side,p138,p138,z,3526.614033816285,,mm,false
2,SSAT target,fiducial,ILIS -1 side,ILIS -1 side,p139,p139,x,2393.298686843331,,mm,false
2,SSAT target,fiducial,ILIS -1 side,ILIS -1 side,p139,p139,y,-420.6210532740438,,mm,false
2,SSAT target,fiducial,ILIS -1 side,ILIS -1 side,p139,p139,z,-206.6560804974355,,mm,false
2,SSAT target,fiducial,ILIS -1 side,ILIS -1 side,p140,p140,x,2385.173144005972,,mm,false
2,SSAT target,fiducial,ILIS -1 side,ILIS -1 side,p140,p140,y,-419.3452290861005,,mm,false
2,SSAT target,fiducial,ILIS -1 side,ILIS -1 side,p140,p140,z,4264.132936301081,,mm,false
2,SSAT target,fiducial,ILIS -1 side,ILIS -1 side,p141,p141,x,2384.812455638351,,mm,false
2,SSAT target,fiducial,ILIS -1 side,ILIS -1 side,p141,p141,y,-419.229387142344,,mm,false
2,SSAT target,fiducial,ILIS -1 side,ILIS -1 side,p141,p141,z,3973.872890678977,,mm,false
2,SSAT target,fiducial,ILIS -1 side,ILIS -1 side,p142,p142,x,2382.881885754905,,mm,false
2,SSAT target,fiducial,ILIS -1 side,ILIS -1 side,p142,p142,y,-418.7564029085114,,mm,false
2,SSAT target,fiducial,ILIS -1 side,ILIS -1 side,p142,p142,z,-3774.427427589917,,mm,false
2,SSAT target,fiducial,ILIS -1 side,ILIS -1 side,p143,p143,x,2381.198624637088,,mm,false
2,SSAT target,fiducial,ILIS -1 side,ILIS -1 side,p143,p143,y,-418.4356439412495,,mm,false
2,SSAT target,fiducial,ILIS -1 side,ILIS -1 side,p143,p143,z,-3971.877640164364,,mm,false
2,SSAT target,fiducial,ILIS -1 side,ILIS -1 side,p144,p144,x,2363.018187141678,,mm,false
2,SSAT target,fiducial,ILIS -1 side,ILIS -1 side,p144,p144,y,-415.3692623373412,,mm,false
2,SSAT target,fiducial,ILIS -1 side,ILIS -1 side,p144,p144,z,3783.540147575788,,mm,false
2,SSAT target,fiducial,ILIS -1 side,ILIS -1 side,p145,p145,x,2288.225308625124,,mm,false
2,SSAT target,fiducial,ILIS -1 side,ILIS -1 side,p145,p145,y,-402.0398192596147,,mm,false
2,SSAT target,fiducial,ILIS -1 side,ILIS -1 side,p145,p145,z,-4465.709342612423,,mm,false
2,SSAT target,fiducial,ILIS -1 side,ILIS -1 side,p146,p146,x,2250.41347764572,,mm,false
2,SSAT target,fiducial,ILIS -1 side,ILIS -1 side,p146,p146,y,-395.3830785924447,,mm,false
2,SSAT target,fiducial,ILIS -1 side,ILIS -1 side,p146,p146,z,-4231.294097925404,,mm,false
2,SSAT target,fiducial,ILIS -1 side,ILIS -1 side,p147,p147,x,2250.824767014361,,mm,false
2,SSAT target,fiducial,ILIS -1 side,ILIS -1 side,p147,p147,y,-395.6681909855983,,mm,false
2,SSAT target,fiducial,ILIS -1 side,ILIS -1 side,p147,p147,z,4471.506035006065,,mm,false
2,SSAT target,fiducial,ILIS -1 side,ILIS -1 side,p148,p148,x,2214.392933388127,,mm,false
2,SSAT target,fiducial,ILIS -1 side,ILIS -1 side,p148,p148,y,-389.2172506827361,,mm,false
2,SSAT target,fiducial,ILIS -1 side,ILIS -1 side,p148,p148,z,4262.96145064138,,mm,false
2,SSAT target,fiducial,ILIS -1 side,ILIS -1 side,p149,p149,x,2210.051187593886,,mm,false
2,SSAT target,fiducial,ILIS -1 side,ILIS -1 side,p149,p149,y,-388.3860005613796,,mm,false
2,SSAT target,fiducial,ILIS -1 side,ILIS -1 side,p149,p149,z,-523.3691430563332,,mm,false
2,SSAT target,fiducial,ILIS -1 side,ILIS -1 side,p150,p150,x,2206.556796110508,,mm,false
2,SSAT target,fiducial,ILIS -1 side,ILIS -1 side,p150,p150,y,-387.6889780118188,,mm,false
2,SSAT target,fiducial,ILIS -1 side,ILIS -1 side,p150,p150,z,-2484.499599193234,,mm,false
2,SSAT target,fiducial,ILIS -1 side,ILIS -1 side,p151,p151,x,2206.011945908745,,mm,false
2,SSAT target,fiducial,ILIS -1 side,ILIS -1 side,p151,p151,y,-387.5945078655323,,mm,false
2,SSAT target,fiducial,ILIS -1 side,ILIS -1 side,p151,p151,z,-3482.359678469707,,mm,false
2,SSAT target,fiducial,ILIS -1 side,ILIS -1 side,p152,p152,x,2199.915512694245,,mm,false
2,SSAT target,fiducial,ILIS -1 side,ILIS -1 side,p152,p152,y,-386.6319717575881,,mm,false
2,SSAT target,fiducial,ILIS -1 side,ILIS -1 side,p152,p152,z,-1515.290430647886,,mm,false
2,SSAT target,fiducial,ILIS -1 side,ILIS -1 side,p153,p153,x,2193.894684182805,,mm,false
2,SSAT target,fiducial,ILIS -1 side,ILIS -1 side,p153,p153,y,-385.6046850108472,,mm,false
2,SSAT target,fiducial,ILIS -1 side,ILIS -1 side,p153,p153,z,4028.208869082022,,mm,false
2,SSAT target,fiducial,ILIS -1 side,ILIS -1 side,p154,p154,x,2187.635222971503,,mm,false
2,SSAT target,fiducial,ILIS -1 side,ILIS -1 side,p154,p154,y,-384.3372720205454,,mm,false
2,SSAT target,fiducial,ILIS -1 side,ILIS -1 side,p154,p154,z,-3802.18199299566,,mm,false
2,SSAT target,fiducial,ILIS -1 side,ILIS -1 side,p155,p155,x,2187.671773908692,,mm,false
2,SSAT target,fiducial,ILIS -1 side,ILIS -1 side,p155,p155,y,-384.4418975260949,,mm,false
2,SSAT target,fiducial,ILIS -1 side,ILIS -1 side,p155,p155,z,3975.758089173753,,mm,false
2,SSAT target,fiducial,ILIS -1 side,ILIS -1 side,p156,p156,x,2183.727731404912,,mm,false
2,SSAT target,fiducial,ILIS -1 side,ILIS -1 side,p156,p156,y,-383.6524284977815,,mm,false
2,SSAT target,fiducial,ILIS -1 side,ILIS -1 side,p156,p156,z,-3525.432481886776,,mm,false
2,SSAT target,fiducial,ILIS -1 side,ILIS -1 side,p157,p157,x,2185.321518456054,,mm,false
2,SSAT target,fiducial,ILIS -1 side,ILIS -1 side,p157,p157,y,-384.0178422327115,,mm,false
2,SSAT target,fiducial,ILIS -1 side,ILIS -1 side,p157,p157,z,3534.607789302592,,mm,false
2,SSAT target,fiducial,ILIS -1 side,ILIS -1 side,p158,p158,x,2182.995299547339,,mm,false
2,SSAT target,fiducial,ILIS -1 side,ILIS -1 side,p158,p158,y,-383.495201222825,,mm,false
2,SSAT target,fiducial,ILIS -1 side,ILIS -1 side,p158,p158,z,-4024.322577822904,,mm,false
2,SSAT target,fiducial,ILIS -1 side,ILIS -1 side,p159,p159,x,2182.098559233228,,mm,false
2,SSAT target,fiducial,ILIS -1 side,ILIS -1 side,p159,p159,y,-383.4412536837733,,mm,false
2,SSAT target,fiducial,ILIS -1 side,ILIS -1 side,p159,p159,z,-799.7426619506863,,mm,false
2,SSAT target,fiducial,ILIS -1 side,ILIS -1 side,p160,p160,x,2182.268508817373,,mm,false
2,SSAT target,fiducial,ILIS -1 side,ILIS -1 side,p160,p160,y,-383.5711828696073,,mm,false
2,SSAT target,fiducial,ILIS -1 side,ILIS -1 side,p160,p160,z,3778.287402786279,,mm,false
2,SSAT target,fiducial,ILIS -1 side,ILIS -1 side,p161,p161,x,2181.698856166814,,mm,false
2,SSAT target,fiducial,ILIS -1 side,ILIS -1 side,p161,p161,y,-383.4001246338819,,mm,false
2,SSAT target,fiducial,ILIS -1 side,ILIS -1 side,p161,p161,z,1560.71731132695,,mm,false
2,SSAT target,fiducial,ILIS -1 side,ILIS -1 side,p162,p162,x,2179.512174995061,,mm,false
2,SSAT target,fiducial,ILIS -1 side,ILIS -1 side,p162,p162,y,-383.0096716339049,,mm,false
2,SSAT target,fiducial,ILIS -1 side,ILIS -1 side,p162,p162,z,-1195.642992909764,,mm,false
2,SSAT target,fiducial,ILIS -1 side,ILIS -1 side,p163,p163,x,2179.248202585879,,mm,false
2,SSAT target,fiducial,ILIS -1 side,ILIS -1 side,p163,p163,y,-382.8381043867021,,mm,false
2,SSAT target,fiducial,ILIS -1 side,ILIS -1 side,p163,p163,z,-3971.983048897727,,mm,false
2,SSAT target,fiducial,ILIS -1 side,ILIS -1 side,p164,p164,x,2179.061794861493,,mm,false
2,SSAT target,fiducial,ILIS -1 side,ILIS -1 side,p164,p164,y,-382.8914600398864,,mm,false
2,SSAT target,fiducial,ILIS -1 side,ILIS -1 side,p164,p164,z,-2078.843056872485,,mm,false
2,SSAT target,fiducial,ILIS -1 side,ILIS -1 side,p165,p165,x,2178.853894043033,,mm,false
2,SSAT target,fiducial,ILIS -1 side,ILIS -1 side,p165,p165,y,-382.8567395118427,,mm,false
2,SSAT target,fiducial,ILIS -1 side,ILIS -1 side,p165,p165,z,-1799.013080151379,,mm,false
2,SSAT target,fiducial,ILIS -1 side,ILIS -1 side,p166,p166,x,2178.084689141053,,mm,false
2,SSAT target,fiducial,ILIS -1 side,ILIS -1 side,p166,p166,y,-382.6838729598447,,mm,false
2,SSAT target,fiducial,ILIS -1 side,ILIS -1 side,p166,p166,z,-3133.893189127827,,mm,false
2,SSAT target,fiducial,ILIS -1 side,ILIS -1 side,p167,p167,x,2178.65670540301,,mm,false
2,SSAT target,fiducial,ILIS -1 side,ILIS -1 side,p167,p167,y,-382.7908716515465,,mm,false
2,SSAT target,fiducial,ILIS -1 side,ILIS -1 side,p167,p167,z,1207.376928792582,,mm,false
2,SSAT target,fiducial,ILIS -1 side,ILIS -1 side,p168,p168,x,2178.751204867978,,mm,false
2,SSAT target,fiducial,ILIS -1 side,ILIS -1 side,p168,p168,y,-382.8117656107815,,mm,false
2,SSAT target,fiducial,ILIS -1 side,ILIS -1 side,p168,p168,z,2872.316958203039,,mm,false
2,SSAT target,fiducial,ILIS -1 side,ILIS -1 side,p169,p169,x,2177.736757582205,,mm,false
2,SSAT target,fiducial,ILIS -1 side,ILIS -1 side,p169,p169,y,-382.6931078594068,,mm,false
2,SSAT target,fiducial,ILIS -1 side,ILIS -1 side,p169,p169,z,1797.646815825834,,mm,false
2,SSAT target,fiducial,ILIS -1 side,ILIS -1 side,p170,p170,x,2177.379035737351,,mm,false
2,SSAT target,fiducial,ILIS -1 side,ILIS -1 side,p170,p170,y,-382.6184708795491,,mm,false
2,SSAT target,fiducial,ILIS -1 side,ILIS -1 side,p170,p170,z,2445.316778356445,,mm,false
2,SSAT target,fiducial,ILIS -1 side,ILIS -1 side,p171,p171,x,2175.268964015012,,mm,false
2,SSAT target,fiducial,ILIS -1 side,ILIS -1 side,p171,p171,y,-382.2123359504297,,mm,false
2,SSAT target,fiducial,ILIS -1 side,ILIS -1 side,p171,p171,z,-2796.333541147113,,mm,false
2,SSAT target,fiducial,ILIS -1 side,ILIS -1 side,p172,p172,x,2176.275338274481,,mm,false
2,SSAT target,fiducial,ILIS -1 side,ILIS -1 side,p172,p172,y,-382.4238505286202,,mm,false
2,SSAT target,fiducial,ILIS -1 side,ILIS -1 side,p172,p172,z,2177.266636638837,,mm,false
2,SSAT target,fiducial,ILIS -1 side,ILIS -1 side,p173,p173,x,2175.999039683836,,mm,false
2,SSAT target,fiducial,ILIS -1 side,ILIS -1 side,p173,p173,y,-382.2533751335409,,mm,false
2,SSAT target,fiducial,ILIS -1 side,ILIS -1 side,p173,p173,z,-212.7334169589089,,mm,false
2,SSAT target,fiducial,ILIS -1 side,ILIS -1 side,p174,p174,x,2176.215162554158,,mm,false
2,SSAT target,fiducial,ILIS -1 side,ILIS -1 side,p174,p174,y,-382.4303534827913,,mm,false
2,SSAT target,fiducial,ILIS -1 side,ILIS -1 side,p174,p174,z,3212.226639168691,,mm,false
2,SSAT target,fiducial,ILIS -1 side,ILIS -1 side,p175,p175,x,2175.799991192991,,mm,false
2,SSAT target,fiducial,ILIS -1 side,ILIS -1 side,p175,p175,y,-382.2894255636102,,mm,false
2,SSAT target,fiducial,ILIS -1 side,ILIS -1 side,p175,p175,z,813.9065650601361,,mm,false
2,SSAT target,fiducial,ILIS -1 side,ILIS -1 side,p176,p176,x,2176.118421224249,,mm,false
2,SSAT target,fiducial,ILIS -1 side,ILIS -1 side,p176,p176,y,-382.4051642766125,,mm,false
2,SSAT target,fiducial,ILIS -1 side,ILIS -1 side,p176,p176,z,3483.496630333617,,mm,false
2,SSAT target,fiducial,ILIS -1 side,ILIS -1 side,p177,p177,x,2175.338275464099,,mm,false
2,SSAT target,fiducial,ILIS -1 side,ILIS -1 side,p177,p177,y,-382.2363998189927,,mm,false
2,SSAT target,fiducial,ILIS -1 side,ILIS -1 side,p177,p177,z,1491.066512640363,,mm,false
2,SSAT target,fiducial,ILIS -1 side,ILIS -1 side,p178,p178,x,2174.894287160138,,mm,false
2,SSAT target,fiducial,ILIS -1 side,ILIS -1 side,p178,p178,y,-382.0715806804063,,mm,false
2,SSAT target,fiducial,ILIS -1 side,ILIS -1 side,p178,p178,z,486.836450797442,,mm,false
2,SSAT target,fiducial,ILIS -1 side,ILIS -1 side,p179,p179,x,2173.356353844134,,mm,false
2,SSAT target,fiducial,ILIS -1 side,ILIS -1 side,p179,p179,y,-381.9259646049193,,mm,false
2,SSAT target,fiducial,ILIS -1 side,ILIS -1 side,p179,p179,z,-1448.09377018136,,mm,false
2,SSAT target,fiducial,ILIS -1 side,ILIS -1 side,p180,p180,x,2174.666108208668,,mm,false
2,SSAT target,fiducial,ILIS -1 side,ILIS -1 side,p180,p180,y,-382.0087566928103,,mm,false
2,SSAT target,fiducial,ILIS -1 side,ILIS -1 side,p180,p180,z,251.886420817634,,mm,false
2,SSAT target,fiducial,ILIS -1 side,ILIS -1 side,p181,p181,x,2173.43445756484,,mm,false
2,SSAT target,fiducial,ILIS -1 side,ILIS -1 side,p181,p181,y,-381.8943916597329,,mm,false
2,SSAT target,fiducial,ILIS -1 side,ILIS -1 side,p181,p181,z,2552.886284780544,,mm,false
2,SSAT target,fiducial,ILIS -1 side,ILIS -1 side,p182,p182,x,2171.823073091109,,mm,false
2,SSAT target,fiducial,ILIS -1 side,ILIS -1 side,p182,p182,y,-381.6168420430706,,mm,false
2,SSAT target,fiducial,ILIS -1 side,ILIS -1 side,p182,p182,z,-2531.393972522971,,mm,false
2,SSAT target,fiducial,ILIS -1 side,ILIS -1 side,p183,p183,x,2171.365538804126,,mm,false
2,SSAT target,fiducial,ILIS -1 side,ILIS -1 side,p183,p183,y,-381.4951472215143,,mm,false
2,SSAT target,fiducial,ILIS -1 side,ILIS -1 side,p183,p183,z,551.3760050220213,,mm,false
2,SSAT target,fiducial,ILIS -1 side,ILIS -1 side,p184,p184,x,2169.412091186581,,mm,false
2,SSAT target,fiducial,ILIS -1 side,ILIS -1 side,p184,p184,y,-381.130127585403,,mm,false
2,SSAT target,fiducial,ILIS -1 side,ILIS -1 side,p184,p184,z,-456.86425037501,,mm,false
3,SSAT target,transform,,,,,dx,0.4999863789065166,,mm,false
3,SSAT target,transform,,,,,dy,0.0255553963736422,,mm,false
3,SSAT target,transform,,,,,dz,-0.2060537777320672,,mm,false
3,SSAT target,transform,,,,,rx,-0.003944898496571808,,deg,false
3,SSAT target,transform,,,,,ry,-0.001145268356332003,,deg,false
3,SSAT target,transform,,,,,rz,0.001215779464226937,,deg,false
3,SSAT target,fiducial,CCL,CCL,A,A,x,2712.983234066564,0.3554508807235001,mm,false
3,SSAT target,fiducial,CCL,CCL,A,A,y,-0.2186610323210363,0.3554508807235001,mm,false
3,SSAT target,fiducial,CCL,CCL,A,A,z,-3700.625588744553,0.3554508807235001,mm,false
3,SSAT target,fiducial,CCL,CCL,B,B,x,2713.088886844667,0.3693442312568168,mm,false
3,SSAT target,fiducial,CCL,CCL,B,B,y,0.1882780681497812,0.3693442312568168,mm,false
3,SSAT target,fiducial,CCL,CCL,B,B,z,3699.76941815736,0.3693442312568168,mm,false
3,SSAT target,fiducial,CCL,CCL,C,C,x,5333.647034967739,0.3725398921416523,mm,false
3,SSAT target,fiducial,CCL,CCL,C,C,y,1.358293526519278,0.3725398921416523,mm,false
3,SSAT target,fiducial,CCL,CCL,C,C,z,6297.567977563103,0.3725398921416523,mm,false
3,SSAT target,fiducial,CCL,CCL,D,D,x,8977.930431258976,0.5875733664172358,mm,false
3,SSAT target,fiducial,CCL,CCL,D,D,y,0.08783517313654614,0.5875733664172358,mm,false
3,SSAT target,fiducial,CCL,CCL,D,D,z,4435.679339146076,0.5875733664172358,mm,false
3,SSAT target,fiducial,CCL,CCL,E,E,x,9584.72088818003,0.460354110280427,mm,false
3,SSAT target,fiducial,CCL,CCL,E,E,y,-0.0495238927473089,0.460354110280427,mm,false
3,SSAT target,fiducial,CCL,CCL,E,E,z,-3694.393350087586,0.460354110280427,mm,false
3,SSAT target,fiducial,CCL,CCL,F,F',x,4284.457194110912,0.3696479782622058,mm,false
3,SSAT target,fiducial,CCL,CCL,F,F',y,0.3667531050051009,0.3696479782622058,mm,false
3,SSAT target,fiducial,CCL,CCL,F,F',z,-6134.004750794256,0.3696479782622058,mm,false
3,SSAT target,fiducial,CCL,CCL,G,G,x,10728.80609754514,0.3763240597828602,mm,false
3,SSAT target,fiducial,CCL,CCL,G,G,y,0.03659048593995995,0.3763240597828602,mm,false
3,SSAT target,fiducial,CCL,CCL,G,G,z,-0.3666818228823833,0.3763240597828602,mm,false
3,SSAT target,fiducial,CCL,CCL,H,H,x,2713.71614661485,0.5229845447880697,mm,false
3,SSAT target,fiducial,CCL,CCL,H,H,y,-0.8175764982265774,0.5229845447880697,mm,false
3,SSAT target,fiducial,CCL,CCL,H,H,z,-0.2255737444912625,0.5229845447880697,mm,false
3,SSAT target,fiducial,Fiducial,Fiducial,A4-AU,A4-AU,x,2709.234837072123,,mm,false
3,SSAT target,fiducial,Fiducial,Fiducial,A4-AU,A4-AU,y,-512.4717845336609,,mm,false
3,SSAT target,fiducial,Fiducial,Fiducial,A4-AU,A4-AU,z,-3701.086624763079,,mm,false
3,SSAT target,fiducial,Fiducial,Fiducial,H4-AU,H4-AU,x,2708.600918358539,,mm,false
3,SSAT target,fiducial,Fiducial,Fiducial,H4-AU,H4-AU,y,-514.2570329009869,,mm,false
3,SSAT target,fiducial,Fiducial,Fiducial,H4-AU,H4-AU,z,-0.8965050076996803,,mm,false
3,SSAT target,fiducial,Fiducial,Fiducial,A3-AU,A3-AU,x,3127.923961938801,,mm,false
3,SSAT target,fiducial,Fiducial,Fiducial,A3-AU,A3-AU,y,-1.232807791039609,,mm,false
3,SSAT target,fiducial,Fiducial,Fiducial,A3-AU,A3-AU,z,-3699.763455260564,,mm,false
3,SSAT target,fiducial,Fiducial,Fiducial,H3-AU,H3-AU,x,3127.210031126861,,mm,false
3,SSAT target,fiducial,Fiducial,Fiducial,H3-AU,H3-AU,y,-1.958093661538256,,mm,false
3,SSAT target,fiducial,Fiducial,Fiducial,H3-AU,H3-AU,z,-0.09341008583195703,,mm,false
3,SSAT target,fiducial,Fiducial,Fiducial,B4-AU,B4-AU,x,2709.306944151111,,mm,false
3,SSAT target,fiducial,Fiducial,Fiducial,B4-AU,B4-AU,y,-513.3422590361732,,mm,false
3,SSAT target,fiducial,Fiducial,Fiducial,B4-AU,B4-AU,z,3699.20345563071,,mm,false
3,SSAT target,fiducial,Fiducial,Fiducial,B3-AU,B3-AU,x,3127.826085033438,,mm,false
3,SSAT target,fiducial,Fiducial,Fiducial,B3-AU,B3-AU,y,-2.123339605168889,,mm,false
3,SSAT target,fiducial,Fiducial,Fiducial,B3-AU,B3-AU,z,3699.746623114436,,mm,false
3,SSAT target,fiducial,Fiducial,Fiducial,F4-AU,F4-AU,x,5335.268965344027,,mm,false
3,SSAT target,fiducial,Fiducial,Fiducial,F4-AU,F4-AU,y,-592.1666930025491,,mm,false
3,SSAT target,fiducial,Fiducial,Fiducial,F4-AU,F4-AU,z,-6324.558653376183,,mm,false
3,SSAT target,fiducial,Fiducial,Fiducial,P20-IIS,P20-IIS,x,3776.698400306171,,mm,false
3,SSAT target,fiducial,Fiducial,Fiducial,P20-IIS,P20-IIS,y,-701.8098059707045,,mm,false
3,SSAT target,fiducial,Fiducial,Fiducial,P20-IIS,P20-IIS,z,-6179.912257720342,,mm,false
3,SSAT target,fiducial,Fiducial,Fiducial,P10-OIS,P10-OIS,x,5989.695459435032,,mm,false
3,SSAT target,fiducial,Fiducial,Fiducial,P10-OIS,P10-OIS,y,-1091.948643064857,,mm,false
3,SSAT target,fiducial,Fiducial,Fiducial,P10-OIS,P10-OIS,z,-6118.831160989595,,mm,false
3,SSAT target,fiducial,Fiducial,Fiducial,P11-OIS,P11-OIS,x,7539.436054735523,,mm,false
3,SSAT target,fiducial,Fiducial,Fiducial,P11-OIS,P11-OIS,y,-1368.172063414754,,mm,false
3,SSAT target,fiducial,Fiducial,Fiducial,P11-OIS,P11-OIS,z,-6355.6311659049,,mm,false
3,SSAT target,fiducial,Fiducial,Fiducial,E4-BU,E4-BU,x,9104.54816647527,,mm,false
3,SSAT target,fiducial,Fiducial,Fiducial,E4-BU,E4-BU,y,-565.0481445232481,,mm,false
3,SSAT target,fiducial,Fiducial,Fiducial,E4-BU,E4-BU,z,-4312.025172350883,,mm,false
3,SSAT target,fiducial,Fiducial,Fiducial,P12-IOIS,P12-IOIS,x,9866.167574353769,,mm,false
3,SSAT target,fiducial,Fiducial,Fiducial,P12-IOIS,P12-IOIS,y,-1774.891504979227,,mm,false
3,SSAT target,fiducial,Fiducial,Fiducial,P12-IOIS,P12-IOIS,z,-2997.876645698209,,mm,false
3,SSAT target,fiducial,Fiducial,Fiducial,P11-IOIS,P11-IOIS,x,10481.38489174853,,mm,false
3,SSAT target,fiducial,Fiducial,Fiducial,P11-IOIS,P11-IOIS,y,-1884.057884901966,,mm,false
3,SSAT target,fiducial,Fiducial,Fiducial,P11-IOIS,P11-IOIS,z,-1246.786827535773,,mm,false
3,SSAT target,fiducial,Fiducial,Fiducial,G4-BU,G4-BU,x,10727.68198111338,,mm,false
3,SSAT target,fiducial,Fiducial,Fiducial,G4-BU,G4-BU,y,-564.8968207200602,,mm,false
3,SSAT target,fiducial,Fiducial,Fiducial,G4-BU,G4-BU,z,-0.1327273472459191,,mm,false
3,SSAT target,fiducial,Fiducial,Fiducial,G3-BU,G3-BU,x,10255.92002904469,,mm,false
3,SSAT target,fiducial,Fiducial,Fiducial,G3-BU,G3-BU,y,-1.276859226243905,,mm,false
3,SSAT target,fiducial,Fiducial,Fiducial,G3-BU,G3-BU,z,-0.560963319571792,,mm,false
3,SSAT target,fiducial,Fiducial,Fiducial,P10-IOIS,P10-IOIS,x,10096.35100326613,,mm,false
3,SSAT target,fiducial,Fiducial,Fiducial,P10-IOIS,P10-IOIS,y,-1814.296624627126,,mm,false
3,SSAT target,fiducial,Fiducial,Fiducial,P10-IOIS,P10-IOIS,z,2375.920682281297,,mm,false
3,SSAT target,fiducial,Fiducial,Fiducial,D4-BU,D4-BU,x,8783.749380031832,,mm,false
3,SSAT target,fiducial,Fiducial,Fiducial,D4-BU,D4-BU,y,-564.0991394138051,,mm,false
3,SSAT target,fiducial,Fiducial,Fiducial,D4-BU,D4-BU,z,4631.988372943294,,mm,false
3,SSAT target,fiducial,Fiducial,Fiducial,D3-BU,D3-BU,x,8450.56409027493,,mm,false
3,SSAT target,fiducial,Fiducial,Fiducial,D3-BU,D3-BU,y,-1.259130474240621,,mm,false
3,SSAT target,fiducial,Fiducial,Fiducial,D3-BU,D3-BU,z,4299.062959785151,,mm,false
3,SSAT target,fiducial,Fiducial,Fiducial,P8-IOIS,P8-IOIS,x,7536.101976218649,,mm,false
3,SSAT target,fiducial,Fiducial,Fiducial,P8-IOIS,P8-IOIS,y,-1367.696921280752,,mm,false
3,SSAT target,fiducial,Fiducial,Fiducial,P8-IOIS,P8-IOIS,z,6355.898767406055,,mm,false
3,SSAT target,fiducial,Fiducial,Fiducial,AU_CP_37,AU_CP_37,x,4819.762985265534,,mm,false
3,SSAT target,fiducial,Fiducial,Fiducial,AU_CP_37,AU_CP_37,y,-714.2281098402701,,mm,false
3,SSAT target,fiducial,Fiducial,Fiducial,AU_CP_37,AU_CP_37,z,-5895.780552462809,,mm,false
3,SSAT target,fiducial,Fiducial,Fiducial,CP_ADD_16,CP_ADD_16,x,3104.033359367053,,mm,false
3,SSAT target,fiducial,Fiducial,Fiducial,CP_ADD_16,CP_ADD_16,y,-253.3116770379739,,mm,false
3,SSAT target,fiducial,Fiducial,Fiducial,CP_ADD_16,CP_ADD_16,z,100.2534329634802,,mm,false
3,SSAT target,fiducial,Fiducial,Fiducial,CP_ADD_15,CP_ADD_15,x,3098.081564962704,,mm,false
3,SSAT target,fiducial,Fiducial,Fiducial,CP_ADD_15,CP_ADD_15,y,314.4173258433533,,mm,false
3,SSAT target,fiducial,Fiducial,Fiducial,CP_ADD_15,CP_ADD_15,z,87.5842249873576,,mm,false
3,SSAT target,fiducial,Fiducial,Fiducial,Add_PM_24,Add_PM_24,x,4290.204803701836,,mm,false
3,SSAT target,fiducial,Fiducial,Fiducial,Add_PM_24,Add_PM_24,y,-355.9550507654844,,mm,false
3,SSAT target,fiducial,Fiducial,Fiducial,Add_PM_24,Add_PM_24,z,5640.504224378484,,mm,false
3,SSAT target,fiducial,Fiducial,Fiducial,Add_PM_25,Add_PM_25,x,4280.698575521595,,mm,false
3,SSAT target,fiducial,Fiducial,Fiducial,Add_PM_25,Add_PM_25,y,409.024731405526,,mm,false
3,SSAT target,fiducial,Fiducial,Fiducial,Add_PM_25,Add_PM_25,z,5640.241364380132,,mm,false
3,SSAT target,fiducial,Fiducial,Fiducial,Add_PM_19,Add_PM_19,x,8990.30831975078,,mm,false
3,SSAT target,fiducial,Fiducial,Fiducial,Add_PM_19,Add_PM_19,y,339.5628401329277,,mm,false
3,SSAT target,fiducial,Fiducial,Fiducial,Add_PM_19,Add_PM_19,z,3725.610281006016,,mm,false
3,SSAT target,fiducial,Fiducial,Fiducial,Add_PM_8,Add_PM_8,x,8993.481743060573,,mm,false
3,SSAT target,fiducial,Fiducial,Fiducial,Add_PM_8,Add_PM_8,y,-287.1475215046569,,mm,false
3,SSAT target,fiducial,Fiducial,Fiducial,Add_PM_8,Add_PM_8,z,3719.403494350687,,mm,false
3,SSAT target,fiducial,Fiducial,Fiducial,BU_CP_52,BU_CP_52,x,10275.15988973977,,mm,false
3,SSAT target,fiducial,Fiducial,Fiducial,BU_CP_52,BU_CP_52,y,-751.6189139319351,,mm,false
3,SSAT target,fiducial,Fiducial,Fiducial,BU_CP_52,BU_CP_52,z,-1198.218919666239,,mm,false
3,SSAT target,fiducial,Fiducial,Fiducial,C3-BP,C3-BP,x,5935.784709800306,,mm,false
3,SSAT target,fiducial,Fiducial,Fiducial,C3-BP,C3-BP,y,-1.091298797715684,,mm,false
3,SSAT target,fiducial,Fiducial,Fiducial,C3-BP,C3-BP,z,5768.792684827207,,mm,false
3,SSAT target,fiducial,Fiducial,Fiducial,C4-AU,C4-AU,x,5335.776076997595,,mm,false
3,SSAT target,fiducial,Fiducial,Fiducial,C4-AU,C4-AU,y,-562.4977032685817,,mm,false
3,SSAT target,fiducial,Fiducial,Fiducial,C4-AU,C4-AU,z,6296.429346443242,,mm,false
3,SSAT target,fiducial,Fiducial,Fiducial,F3-BP,F3-BP,x,5759.835815805864,,mm,false
3,SSAT target,fiducial,Fiducial,Fiducial,F3-BP,F3-BP,y,0.1087676028278172,,mm,false
3,SSAT target,fiducial,Fiducial,Fiducial,F3-BP,F3-BP,z,-5795.160944509204,,mm,false
3,SSAT target,fiducial,Fiducial,Fiducial,E3-BU,E3-BU,x,8741.219835535927,,mm,false
3,SSAT target,fiducial,Fiducial,Fiducial,E3-BU,E3-BU,y,1.705862808967365,,mm,false
3,SSAT target,fiducial,Fiducial,Fiducial,E3-BU,E3-BU,z,-3996.631455847672,,mm,false
3,SSAT target,fiducial,Fiducial,Fiducial,Add_PM_13,Add_PM_13,x,4206.614471148386,,mm,false
3,SSAT target,fiducial,Fiducial,Fiducial,Add_PM_13,Add_PM_13,y,351.6791877216534,,mm,false
3,SSAT target,fiducial,Fiducial,Fiducial,Add_PM_13,Add_PM_13,z,-5600.866197030303,,mm,false
3,SSAT target,fiducial,Fiducial,Fiducial,Add_PM_12,Add_PM_12,x,4191.349033898038,,mm,false
3,SSAT target,fiducial,Fiducial,Fiducial,Add_PM_12,Add_PM_12,y,-342.6605467374771,,mm,false
3,SSAT target,fiducial,Fiducial,Fiducial,Add_PM_12,Add_PM_12,z,-5592.278695834973,,mm,false
3,SSAT target,fiducial,Fiducial,Fiducial,Add_PM_22,Add_PM_22,x,6588.321405116615,,mm,false
3,SSAT target,fiducial,Fiducial,Fiducial,Add_PM_22,Add_PM_22,y,345.4186031909563,,mm,false
3,SSAT target,fiducial,Fiducial,Fiducial,Add_PM_22,Add_PM_22,z,5566.25186995408,,mm,false
3,SSAT target,fiducial,Fiducial,Fiducial,Add_PM_23,Add_PM_23,x,6595.824578908087,,mm,false
3,SSAT target,fiducial,Fiducial,Fiducial,Add_PM_23,Add_PM_23,y,-272.311463472342,,mm,false
3,SSAT target,fiducial,Fiducial,Fiducial,Add_PM_23,Add_PM_23,z,5562.994551545944,,mm,false
3,SSAT target,fiducial,Fiducial,Fiducial,CP_UNK,CP_UNK,x,10269.69167867156,,mm,false
3,SSAT target,fiducial,Fiducial,Fiducial,CP_UNK,CP_UNK,y,-372.3651236411153,,mm,false
3,SSAT target,fiducial,Fiducial,Fiducial,CP_UNK,CP_UNK,z,310.8948627298268,,mm,false
3,SSAT target,fiducial,Fiducial,Fiducial,Add_PM_4,Add_PM_4,x,9305.342320406124,,mm,false
3,SSAT target,fiducial,Fiducial,Fiducial,Add_PM_4,Add_PM_4,y,-315.1731146436996,,mm,false
3,SSAT target,fiducial,Fiducial,Fiducial,Add_PM_4,Add_PM_4,z,-3284.188360356932,,mm,false
3,SSAT target,fiducial,Fiducial,Fiducial,Add_PM_16,Add_PM_16,x,9314.359422458529,,mm,false
3,SSAT target,fiducial,Fiducial,Fiducial,Add_PM_16,Add_PM_16,y,280.1379911589349,,mm,false
3,SSAT target,fiducial,Fiducial,Fiducial,Add_PM_16,Add_PM_16,z,-3270.929168125841,,mm,false
3,SSAT target,fiducial,Fiducial,Fiducial,Add_PM_5,Add_PM_5,x,6785.915531087408,,mm,false
3,SSAT target,fiducial,Fiducial,Fiducial,Add_PM_5,Add_PM_5,y,-282.2678360703914,,mm,false
3,SSAT target,fiducial,Fiducial,Fiducial,Add_PM_5,Add_PM_5,z,-5481.090991655189,,mm,false
3,SSAT target,fiducial,Fiducial,Fiducial,Add_PM_14,Add_PM_14,x,6771.873605037386,,mm,false
3,SSAT target,fiducial,Fiducial,Fiducial,Add_PM_14,Add_PM_14,y,286.211393783273,,mm,false
3,SSAT target,fiducial,Fiducial,Fiducial,Add_PM_14,Add_PM_14,z,-5487.970412981903,,mm,false
3,SSAT target,fiducial,Fiducial,Fiducial,P8-OIS,P8-OIS,x,7536.12197621864,,mm,false
3,SSAT target,fiducial,Fiducial,Fiducial,P8-OIS,P8-OIS,y,-1367.696920856337,,mm,false
3,SSAT target,fiducial,Fiducial,Fiducial,P8-OIS,P8-OIS,z,6355.898767805799,,mm,false
3,SSAT target,fiducial,Fiducial,Fiducial,B1-AU,B1-AU,x,2153.126070012655,,mm,false
3,SSAT target,fiducial,Fiducial,Fiducial,B1-AU,B1-AU,y,-1.134044109569089,,mm,false
3,SSAT target,fiducial,Fiducial,Fiducial,B1-AU,B1-AU,z,3699.427072009435,,mm,false
3,SSAT target,fiducial,Fiducial,Fiducial,AU_CP_19,AU_CP_19,x,2137.491332644114,,mm,false
3,SSAT target,fiducial,Fiducial,Fiducial,AU_CP_19,AU_CP_19,y,335.9495114104234,,mm,false
3,SSAT target,fiducial,Fiducial,Fiducial,AU_CP_19,AU_CP_19,z,1577.283545339899,,mm,false
3,SSAT target,fiducial,Fiducial,Fiducial,H1-AU,H1-AU,x,2152.890021764287,,mm,false
3,SSAT target,fiducial,Fiducial,Fiducial,H1-AU,H1-AU,y,-1.018805937768462,,mm,false
3,SSAT target,fiducial,Fiducial,Fiducial,H1-AU,H1-AU,z,-0.6429501524956945,,mm,false
3,SSAT target,fiducial,Fiducial,Fiducial,A1-AU,A1-AU,x,2152.963965104866,,mm,false
3,SSAT target,fiducial,Fiducial,Fiducial,A1-AU,A1-AU,y,-0.4035687625003987,,mm,false
3,SSAT target,fiducial,Fiducial,Fiducial,A1-AU,A1-AU,z,-3700.823000544044,,mm,false
3,SSAT target,fiducial,Fiducial,Fiducial,AU_CP_28,AU_CP_28,x,2163.784884003133,,mm,false
3,SSAT target,fiducial,Fiducial,Fiducial,AU_CP_28,AU_CP_28,y,-10.57020930087658,,mm,false
3,SSAT target,fiducial,Fiducial,Fiducial,AU_CP_28,AU_CP_28,z,-4236.322085636037,,mm,false
3,SSAT target,fiducial,Fiducial,Fiducial,AU_CP_29,AU_CP_29,x,2169.815615086933,,mm,false
3,SSAT target,fiducial,Fiducial,Fiducial,AU_CP_29,AU_CP_29,y,19.00189481380055,,mm,false
3,SSAT target,fiducial,Fiducial,Fiducial,AU_CP_29,AU_CP_29,z,-5805.254005204513,,mm,false
3,SSAT target,fiducial,Fiducial,Fiducial,AU_CP_13,AU_CP_13,x,2163.90514376385,,mm,false
3,SSAT target,fiducial,Fiducial,Fiducial,AU_CP_13,AU_CP_13,y,5.253356375830698,,mm,false
3,SSAT target,fiducial,Fiducial,Fiducial,AU_CP_13,AU_CP_13,z,4239.30684907476,,mm,false
3,SSAT target,fiducial,Fiducial,Fiducial,TFC03_LEG0,TFC03_LEG0,x,10101.85455752137,,mm,false
3,SSAT target,fiducial,Fiducial,Fiducial,TFC03_LEG0,TFC03_LEG0,y,-548.6357484903143,,mm,false
3,SSAT target,fiducial,Fiducial,Fiducial,TFC03_LEG0,TFC03_LEG0,z,-4148.866367087224,,mm,false
3,SSAT target,fiducial,Fiducial,Fiducial,TFC03_LEG1,TFC03_LEG1,x,10103.59889623471,,mm,false
3,SSAT target,fiducial,Fiducial,Fiducial,TFC03_LEG1,TFC03_LEG1,y,-548.460670236533,,mm,false
3,SSAT target,fiducial,Fiducial,Fiducial,TFC03_LEG1,TFC03_LEG1,z,-4366.126344832915,,mm,false
3,SSAT target,fiducial,Fiducial,Fiducial,TF03_IOIS_LR-6,TF03_IOIS_LR-6,x,10261.37343963866,,mm,false
3,SSAT target,fiducial,Fiducial,Fiducial,TF03_IOIS_LR-6,TF03_IOIS_LR-6,y,-547.7785751538047,,mm,false
3,SSAT target,fiducial,Fiducial,Fiducial,TF03_IOIS_LR-6,TF03_IOIS_LR-6,z,-4093.843237387795,,mm,false
3,SSAT target,fiducial,Fiducial,Fiducial,TFC03_LEG2,TFC03_LEG2,x,9955.591434881877,,mm,false
3,SSAT target,fiducial,Fiducial,Fiducial,TFC03_LEG2,TFC03_LEG2,y,-830.1864104036242,,mm,false
3,SSAT target,fiducial,Fiducial,Fiducial,TFC03_LEG2,TFC03_LEG2,z,-4694.34990692314,,mm,false
3,SSAT target,fiducial,Fiducial,Fiducial,TFC03_LEG3,TFC03_LEG3,x,11076.89109073137,,mm,false
3,SSAT target,fiducial,Fiducial,Fiducial,TFC03_LEG3,TFC03_LEG3,y,-829.1315070921951,,mm,false
3,SSAT target,fiducial,Fiducial,Fiducial,TFC03_LEG3,TFC03_LEG3,z,-4678.227566186839,,mm,false
3,SSAT target,fiducial,Fiducial,Fiducial,TFC03_LEG4,TFC03_LEG4,x,10911.02463154783,,mm,false
3,SSAT target,fiducial,Fiducial,Fiducial,TFC03_LEG4,TFC03_LEG4,y,-548.6288327504676,,mm,false
3,SSAT target,fiducial,Fiducial,Fiducial,TFC03_LEG4,TFC03_LEG4,z,-4152.560193312075,,mm,false
3,SSAT target,fiducial,Fiducial,Fiducial,TFC03_LEG5,TFC03_LEG5,x,10911.4687965845,,mm,false
3,SSAT target,fiducial,Fiducial,Fiducial,TFC03_LEG5,TFC03_LEG5,y,-548.473182387304,,mm,false
3,SSAT target,fiducial,Fiducial,Fiducial,TFC03_LEG5,TFC03_LEG5,z,-4361.110195686529,,mm,false
3,SSAT target,fiducial,Fiducial,Fiducial,TF03_IOIS_LR-5,TF03_IOIS_LR-5,x,10911.27339348994,,mm,false
3,SSAT target,fiducial,Fiducial,Fiducial,TF03_IOIS_LR-5,TF03_IOIS_LR-5,y,-547.684631639304,,mm,false
3,SSAT target,fiducial,Fiducial,Fiducial,TF03_IOIS_LR-5,TF03_IOIS_LR-5,z,-4091.620253192661,,mm,false
3,SSAT target,fiducial,Fiducial,Fiducial,TFC03_LEG6,TFC03_LEG6,x,10521.01761491594,,mm,false
3,SSAT target,fiducial,Fiducial,Fiducial,TFC03_LEG6,TFC03_LEG6,y,-548.642937150769,,mm,false
3,SSAT target,fiducial,Fiducial,Fiducial,TFC03_LEG6,TFC03_LEG6,z,-3801.497987173395,,mm,false
3,SSAT target,fiducial,Fiducial,Fiducial,F3-AP,F3-AP,x,5132.956472978226,,mm,false
3,SSAT target,fiducial,Fiducial,Fiducial,F3-AP,F3-AP,y,-0.4567577728527084,,mm,false
3,SSAT target,fiducial,Fiducial,Fiducial,F3-AP,F3-AP,z,-5827.453436160345,,mm,false
3,SSAT target,fiducial,Fiducial,Fiducial,C3-AP,C3-AP,x,4958.974059349231,,mm,false
3,SSAT target,fiducial,Fiducial,Fiducial,C3-AP,C3-AP,y,-0.9197993868059051,,mm,false
3,SSAT target,fiducial,Fiducial,Fiducial,C3-AP,C3-AP,z,5801.133147923737,,mm,false
3,SSAT target,fiducial,Fiducial,Fiducial,BU_CP_24,BU_CP_24,x,9122.869745796528,,mm,false
3,SSAT target,fiducial,Fiducial,Fiducial,BU_CP_24,BU_CP_24,y,-691.8327616992556,,mm,false
3,SSAT target,fiducial,Fiducial,Fiducial,BU_CP_24,BU_CP_24,z,3748.673943896958,,mm,false
3,SSAT target,fiducial,Fiducial,Fiducial,P9-IOIS,P9-IOIS,x,9294.427961232503,,mm,false
3,SSAT target,fiducial,Fiducial,Fiducial,P9-IOIS,P9-IOIS,y,-1672.700169635565,,mm,false
3,SSAT target,fiducial,Fiducial,Fiducial,P9-IOIS,P9-IOIS,z,3878.724907617834,,mm,false
3,SSAT target,fiducial,Fiducial,Fiducial,P15-IIS,P15-IIS,x,3776.611985337562,,mm,false
3,SSAT target,fiducial,Fiducial,Fiducial,P15-IIS,P15-IIS,y,-702.4009163062904,,mm,false
3,SSAT target,fiducial,Fiducial,Fiducial,P15-IIS,P15-IIS,z,6149.327812937744,,mm,false
3,SSAT target,fiducial,Fiducial,Fiducial,TF03_IOIS_UR-1,TF03_IOIS_UR-1,x,9866.220240979197,,mm,false
3,SSAT target,fiducial,Fiducial,Fiducial,TF03_IOIS_UR-1,TF03_IOIS_UR-1,y,-750.594397612748,,mm,false
3,SSAT target,fiducial,Fiducial,Fiducial,TF03_IOIS_UR-1,TF03_IOIS_UR-1,z,3786.302848431268,,mm,false
3,SSAT target,fiducial,Fiducial,Fiducial,TF03_IOIS_UR-5,TF03_IOIS_UR-5,x,11127.60695251789,,mm,false
3,SSAT target,fiducial,Fiducial,Fiducial,TF03_IOIS_UR-5,TF03_IOIS_UR-5,y,-633.7092939234811,,mm,false
3,SSAT target,fiducial,Fiducial,Fiducial,TF03_IOIS_UR-5,TF03_IOIS_UR-5,z,3326.440013023649,,mm,false
3,SSAT target,fiducial,Fiducial,Fiducial,TF03_IOIS_UR-6,TF03_IOIS_UR-6,x,10966.51309854162,,mm,false
3,SSAT target,fiducial,Fiducial,Fiducial,TF03_IOIS_UR-6,TF03_IOIS_UR-6,y,-548.4045677982376,,mm,false
3,SSAT target,fiducial,Fiducial,Fiducial,TF03_IOIS_UR-6,TF03_IOIS_UR-6,z,2428.050917301886,,mm,false
3,SSAT target,fiducial,Fiducial,Fiducial,TF03_IOIS_UR-3,TF03_IOIS_UR-3,x,10458.78122423309,,mm,false
3,SSAT target,fiducial,Fiducial,Fiducial,TF03_IOIS_UR-3,TF03_IOIS_UR-3,y,-964.2729342854776,,mm,false
3,SSAT target,fiducial,Fiducial,Fiducial,TF03_IOIS_UR-3,TF03_IOIS_UR-3,z,2463.029401637079,,mm,false
3,SSAT target,fiducial,Fiducial,Fiducial,TF03_IOIS_UR-2,TF03_IOIS_UR-2,x,10029.37476544202,,mm,false
3,SSAT target,fiducial,Fiducial,Fiducial,TF03_IOIS_UR-2,TF03_IOIS_UR-2,y,-930.0578505997606,,mm,false
3,SSAT target,fiducial,Fiducial,Fiducial,TF03_IOIS_UR-2,TF03_IOIS_UR-2,z,3250.158464622868,,mm,false
3,SSAT target,fiducial,Fiducial,Fiducial,TF03_IOIS_LR-1,TF03_IOIS_LR-1,x,10780.88111769282,,mm,false
3,SSAT target,fiducial,Fiducial,Fiducial,TF03_IOIS_LR-1,TF03_IOIS_LR-1,y,-857.469122593874,,mm,false
3,SSAT target,fiducial,Fiducial,Fiducial,TF03_IOIS_LR-1,TF03_IOIS_LR-1,z,-1647.581524167183,,mm,false
3,SSAT target,fiducial,Fiducial,Fiducial,TF03_IOIS_LR-2,TF03_IOIS_LR-2,x,10479.87581480648,,mm,false
3,SSAT target,fiducial,Fiducial,Fiducial,TF03_IOIS_LR-2,TF03_IOIS_LR-2,y,-1021.474150164716,,mm,false
3,SSAT target,fiducial,Fiducial,Fiducial,TF03_IOIS_LR-2,TF03_IOIS_LR-2,z,-2208.78625032849,,mm,false
3,SSAT target,fiducial,Fiducial,Fiducial,TF03_IOIS_LR-4,TF03_IOIS_LR-4,x,10907.63277645202,,mm,false
3,SSAT target,fiducial,Fiducial,Fiducial,TF03_IOIS_LR-4,TF03_IOIS_LR-4,y,-547.8747777534016,,mm,false
3,SSAT target,fiducial,Fiducial,Fiducial,TF03_IOIS_LR-4,TF03_IOIS_LR-4,z,-2059.270307648823,,mm,false
3,SSAT target,fiducial,Fiducial,Fiducial,TF03_IOIS_LR-3,TF03_IOIS_LR-3,x,10186.95182390853,,mm,false
3,SSAT target,fiducial,Fiducial,Fiducial,TF03_IOIS_LR-3,TF03_IOIS_LR-3,y,-973.9689868283746,,mm,false
3,SSAT target,fiducial,Fiducial,Fiducial,TF03_IOIS_LR-3,TF03_IOIS_LR-3,z,-3060.195378487687,,mm,false
3,SSAT target,fiducial,Fiducial,Fiducial,TFC03_LEG7,TFC03_LEG7,x,11215.55564337466,,mm,false
3,SSAT target,fiducial,Fiducial,Fiducial,TFC03_LEG7,TFC03_LEG7,y,-667.6916005065071,,mm,false
3,SSAT target,fiducial,Fiducial,Fiducial,TFC03_LEG7,TFC03_LEG7,z,-4577.085909576711,,mm,false
3,SSAT target,fiducial,Fiducial,Fiducial,TFC03_LEG8,TFC03_LEG8,x,11040.22527020348,,mm,false
3,SSAT target,fiducial,Fiducial,Fiducial,TFC03_LEG8,TFC03_LEG8,y,1.230410960657786,,mm,false
3,SSAT target,fiducial,Fiducial,Fiducial,TFC03_LEG8,TFC03_LEG8,z,-3767.665468385374,,mm,false
3,SSAT target,fiducial,Fiducial,Fiducial,TFC03_LEG9,TFC03_LEG9,x,11215.64740599958,,mm,false
3,SSAT target,fiducial,Fiducial,Fiducial,TFC03_LEG9,TFC03_LEG9,y,676.7973933190384,,mm,false
3,SSAT target,fiducial,Fiducial,Fiducial,TFC03_LEG9,TFC03_LEG9,z,-4591.778477820322,,mm,false
3,SSAT target,fiducial,Fiducial,Fiducial,TFC03_LEG10,TFC03_LEG10,x,9421.673708019473,,mm,false
3,SSAT target,fiducial,Fiducial,Fiducial,TFC03_LEG10,TFC03_LEG10,y,1.012565456904795,,mm,false
3,SSAT target,fiducial,Fiducial,Fiducial,TFC03_LEG10,TFC03_LEG10,z,-4689.947808504186,,mm,false
3,SSAT target,fiducial,Fiducial,Fiducial,E1-BU,E1-BU,x,9486.872831180575,,mm,false
3,SSAT target,fiducial,Fiducial,Fiducial,E1-BU,E1-BU,y,-0.6829065005189067,,mm,false
3,SSAT target,fiducial,Fiducial,Fiducial,E1-BU,E1-BU,z,-4644.276388405126,,mm,false
3,SSAT target,fiducial,Fiducial,Fiducial,G1-BU,G1-BU,x,11234.48002737737,,mm,false
3,SSAT target,fiducial,Fiducial,Fiducial,G1-BU,G1-BU,y,-1.376080385794042,,mm,false
3,SSAT target,fiducial,Fiducial,Fiducial,G1-BU,G1-BU,z,-0.3513963417144778,,mm,false
3,SSAT target,fiducial,Fiducial,Fiducial,BU_CP_34,BU_CP_34,x,9931.019434274873,,mm,false
3,SSAT target,fiducial,Fiducial,Fiducial,BU_CP_34,BU_CP_34,y,-686.5582682884506,,mm,false
3,SSAT target,fiducial,Fiducial,Fiducial,BU_CP_34,BU_CP_34,z,2257.719730773156,,mm,false
3,SSAT target,fiducial,Fiducial,Fiducial,TF03_IOIS_UR-4,TF03_IOIS_UR-4,x,10287.64328647889,,mm,false
3,SSAT target,fiducial,Fiducial,Fiducial,TF03_IOIS_UR-4,TF03_IOIS_UR-4,y,-549.6161890512544,,mm,false
3,SSAT target,fiducial,Fiducial,Fiducial,TF03_IOIS_UR-4,TF03_IOIS_UR-4,z,3920.877434832926,,mm,false
3,SSAT target,fiducial,Fiducial,Fiducial,AU_CP_11,AU_CP_11,x,2169.53549817166,,mm,false
3,SSAT target,fiducial,Fiducial,Fiducial,AU_CP_11,AU_CP_11,y,-7.033503097617765,,mm,false
3,SSAT target,fiducial,Fiducial,Fiducial,AU_CP_11,AU_CP_11,z,5735.57781143202,,mm,false
3,SSAT target,fiducial,Fiducial,Fiducial,P4-CS,P4-CS,x,2821.539102261504,,mm,false
3,SSAT target,fiducial,Fiducial,Fiducial,P4-CS,P4-CS,y,-0.3203335138777921,,mm,false
3,SSAT target,fiducial,Fiducial,Fiducial,P4-CS,P4-CS,z,8049.740387874737,,mm,false
3,SSAT target,fiducial,Fiducial,Fiducial,BU_CP_18,BU_CP_18,x,9073.860997044858,,mm,false
3,SSAT target,fiducial,Fiducial,Fiducial,BU_CP_18,BU_CP_18,y,621.2192497525215,,mm,false
3,SSAT target,fiducial,Fiducial,Fiducial,BU_CP_18,BU_CP_18,z,3792.942558831675,,mm,false
3,SSAT target,fiducial,Fiducial,Fiducial,BU_CP_33,BU_CP_33,x,9955.843945114726,,mm,false
3,SSAT target,fiducial,Fiducial,Fiducial,BU_CP_33,BU_CP_33,y,593.7864722004042,,mm,false
3,SSAT target,fiducial,Fiducial,Fiducial,BU_CP_33,BU_CP_33,z,2173.632073152736,,mm,false
3,SSAT target,fiducial,Fiducial,Fiducial,B2-AU,B2-AU,x,2709.815226381219,,mm,false
3,SSAT target,fiducial,Fiducial,Fiducial,B2-AU,B2-AU,y,510.2877392263421,,mm,false
3,SSAT target,fiducial,Fiducial,Fiducial,B2-AU,B2-AU,z,3698.982987362638,,mm,false
3,SSAT target,fiducial,Fiducial,Fiducial,H2-AU,H2-AU,x,2709.329149044168,,mm,false
3,SSAT target,fiducial,Fiducial,Fiducial,H2-AU,H2-AU,y,511.4629948111931,,mm,false
3,SSAT target,fiducial,Fiducial,Fiducial,H2-AU,H2-AU,z,-0.7571127799564518,,mm,false
3,SSAT target,fiducial,Fiducial,Fiducial,A2-AU,A2-AU,x,2709.553102585639,,mm,false
3,SSAT target,fiducial,Fiducial,Fiducial,A2-AU,A2-AU,y,511.098271663392,,mm,false
3,SSAT target,fiducial,Fiducial,Fiducial,A2-AU,A2-AU,z,-3700.407092699927,,mm,false
3,SSAT target,fiducial,Fiducial,Fiducial,UNK_TOP,UNK_TOP,x,3438.80236950842,,mm,false
3,SSAT target,fiducial,Fiducial,Fiducial,UNK_TOP,UNK_TOP,y,640.6913096453591,,mm,false
3,SSAT target,fiducial,Fiducial,Fiducial,UNK_TOP,UNK_TOP,z,5704.75858554834,,mm,false
3,SSAT target,fiducial,Fiducial,Fiducial,P14-IOIS,P14-IOIS,x,10100.25404726448,,mm,false
3,SSAT target,fiducial,Fiducial,Fiducial,P14-IOIS,P14-IOIS,y,1812.863415991638,,mm,false
3,SSAT target,fiducial,Fiducial,Fiducial,P14-IOIS,P14-IOIS,z,2375.171025005036,,mm,false
3,SSAT target,fiducial,Fiducial,Fiducial,P13-IOIS,P13-IOIS,x,9295.667007861848,,mm,false
3,SSAT target,fiducial,Fiducial,Fiducial,P13-IOIS,P13-IOIS,y,1670.849868075565,,mm,false
3,SSAT target,fiducial,Fiducial,Fiducial,P13-IOIS,P13-IOIS,z,3878.764724058605,,mm,false
3,SSAT target,fiducial,Fiducial,Fiducial,G2-BU,G2-BU,x,10728.57810427026,,mm,false
3,SSAT target,fiducial,Fiducial,Fiducial,G2-BU,G2-BU,y,561.6231022412218,,mm,false
3,SSAT target,fiducial,Fiducial,Fiducial,G2-BU,G2-BU,z,-1.570271988299655,,mm,false
3,SSAT target,fiducial,Fiducial,Fiducial,BU_CP_53,BU_CP_53,x,10301.57698461913,,mm,false
3,SSAT target,fiducial,Fiducial,Fiducial,BU_CP_53,BU_CP_53,y,678.1304855510541,,mm,false
3,SSAT target,fiducial,Fiducial,Fiducial,BU_CP_53,BU_CP_53,z,-1069.896831637069,,mm,false
3,SSAT target,fiducial,Fiducial,Fiducial,BU_CP_57,BU_CP_57,x,9617.675236895637,,mm,false
3,SSAT target,fiducial,Fiducial,Fiducial,BU_CP_57,BU_CP_57,y,623.8981657600071,,mm,false
3,SSAT target,fiducial,Fiducial,Fiducial,BU_CP_57,BU_CP_57,z,-2926.166772742306,,mm,false
3,SSAT target,fiducial,Fiducial,Fiducial,D2-BU,D2-BU,x,8785.015472061366,,mm,false
3,SSAT target,fiducial,Fiducial,Fiducial,D2-BU,D2-BU,y,562.7008781512693,,mm,false
3,SSAT target,fiducial,Fiducial,Fiducial,D2-BU,D2-BU,z,4631.810816415753,,mm,false
3,SSAT target,fiducial,Fiducial,Fiducial,P15-IOIS,P15-IOIS,x,10482.69501685346,,mm,false
3,SSAT target,fiducial,Fiducial,Fiducial,P15-IOIS,P15-IOIS,y,1880.792090758537,,mm,false
3,SSAT target,fiducial,Fiducial,Fiducial,P15-IOIS,P15-IOIS,z,-1247.686016795573,,mm,false
3,SSAT target,fiducial,Fiducial,Fiducial,P3-OIS,P3-OIS,x,5988.774575992081,,mm,false
3,SSAT target,fiducial,Fiducial,Fiducial,P3-OIS,P3-OIS,y,1091.733746620003,,mm,false
3,SSAT target,fiducial,Fiducial,Fiducial,P3-OIS,P3-OIS,z,6116.178502310794,,mm,false
3,SSAT target,fiducial,Fiducial,Fiducial,BU_CP_58,BU_CP_58,x,10301.62698445614,,mm,false
3,SSAT target,fiducial,Fiducial,Fiducial,BU_CP_58,BU_CP_58,y,678.1004893662272,,mm,false
3,SSAT target,fiducial,Fiducial,Fiducial,BU_CP_58,BU_CP_58,z,-1069.856828572253,,mm,false
3,SSAT target,fiducial,Fiducial,Fiducial,TFC03_LEG12,TFC03_LEG12,x,9955.264812965286,,mm,false
3,SSAT target,fiducial,Fiducial,Fiducial,TFC03_LEG12,TFC03_LEG12,y,828.9884545085209,,mm,false
3,SSAT target,fiducial,Fiducial,Fiducial,TFC03_LEG12,TFC03_LEG12,z,-4623.654149894244,,mm,false
3,SSAT target,fiducial,Fiducial,Fiducial,TFC03_LEG11,TFC03_LEG11,x,11073.98543610616,,mm,false
3,SSAT target,fiducial,Fiducial,Fiducial,TFC03_LEG11,TFC03_LEG11,y,830.0099734135812,,mm,false
3,SSAT target,fiducial,Fiducial,Fiducial,TFC03_LEG11,TFC03_LEG11,z,-4655.891858535186,,mm,false
3,SSAT target,fiducial,Fiducial,Fiducial,P16-IOIS,P16-IOIS,x,9866.182313869705,,mm,false
3,SSAT target,fiducial,Fiducial,Fiducial,P16-IOIS,P16-IOIS,y,1771.808493922088,,mm,false
3,SSAT target,fiducial,Fiducial,Fiducial,P16-IOIS,P16-IOIS,z,-2998.030840903171,,mm,false
3,SSAT target,fiducial,Fiducial,Fiducial,E2-BU,E2-BU,x,9105.444245883731,,mm,false
3,SSAT target,fiducial,Fiducial,Fiducial,E2-BU,E2-BU,y,562.911823876265,,mm,false
3,SSAT target,fiducial,Fiducial,Fiducial,E2-BU,E2-BU,z,-4312.802816140356,,mm,false
3,SSAT target,fiducial,Fiducial,Fiducial,E2-BU-ADD CCL,E2-BU-ADD CCL,x,9145.56413293131,,mm,false
3,SSAT target,fiducial,Fiducial,Fiducial,E2-BU-ADD CCL,E2-BU-ADD CCL,y,545.5343346174576,,mm,false
3,SSAT target,fiducial,Fiducial,Fiducial,E2-BU-ADD CCL,E2-BU-ADD CCL,z,-4288.700817668248,,mm,false
3,SSAT target,fiducial,Fiducial,Fiducial,TFC03_LEG13,TFC03_LEG13,x,10488.15403311008,,mm,false
3,SSAT target,fiducial,Fiducial,Fiducial,TFC03_LEG13,TFC03_LEG13,y,547.8374489022426,,mm,false
3,SSAT target,fiducial,Fiducial,Fiducial,TFC03_LEG13,TFC03_LEG13,z,-3785.804138316963,,mm,false
3,SSAT target,fiducial,Fiducial,Fiducial,BU_CP_55,BU_CP_55,x,9868.933942284883,,mm,false
3,SSAT target,fiducial,Fiducial,Fiducial,BU_CP_55,BU_CP_55,y,1753.664269076394,,mm,false
3,SSAT target,fiducial,Fiducial,Fiducial,BU_CP_55,BU_CP_55,z,-3060.23953680506,,mm,false
3,SSAT target,fiducial,Fiducial,Fiducial,TF03_IOIS_LL-5,TF03_IOIS_LL-5,x,10913.92012428374,,mm,false
3,SSAT target,fiducial,Fiducial,Fiducial,TF03_IOIS_LL-5,TF03_IOIS_LL-5,y,547.6655137496035,,mm,false
3,SSAT target,fiducial,Fiducial,Fiducial,TF03_IOIS_LL-5,TF03_IOIS_LL-5,z,-4090.365616749495,,mm,false
3,SSAT target,fiducial,Fiducial,Fiducial,TF03_IOIS_LL-6,TF03_IOIS_LL-6,x,10258.5501565322,,mm,false
3,SSAT target,fiducial,Fiducial,Fiducial,TF03_IOIS_LL-6,TF03_IOIS_LL-6,y,547.0115429775514,,mm,false
3,SSAT target,fiducial,Fiducial,Fiducial,TF03_IOIS_LL-6,TF03_IOIS_LL-6,z,-4091.298671721103,,mm,false
3,SSAT target,fiducial,Fiducial,Fiducial,TF03_IOIS_LL-3,TF03_IOIS_LL-3,x,10192.07058726981,,mm,false
3,SSAT target,fiducial,Fiducial,Fiducial,TF03_IOIS_LL-3,TF03_IOIS_LL-3,y,965.1614260923095,,mm,false
3,SSAT target,fiducial,Fiducial,Fiducial,TF03_IOIS_LL-3,TF03_IOIS_LL-3,z,-3055.848788133393,,mm,false
3,SSAT target,fiducial,Fiducial,Fiducial,TF03_IOIS_LL-4,TF03_IOIS_LL-4,x,10907.21957277353,,mm,false
3,SSAT target,fiducial,Fiducial,Fiducial,TF03_IOIS_LL-4,TF03_IOIS_LL-4,y,546.8551223108342,,mm,false
3,SSAT target,fiducial,Fiducial,Fiducial,TF03_IOIS_LL-4,TF03_IOIS_LL-4,z,-2060.635689671714,,mm,false
3,SSAT target,fiducial,Fiducial,Fiducial,TF03_IOIS_LL-2,TF03_IOIS_LL-2,x,10483.9722899051,,mm,false
3,SSAT target,fiducial,Fiducial,Fiducial,TF03_IOIS_LL-2,TF03_IOIS_LL-2,y,1017.836800613243,,mm,false
3,SSAT target,fiducial,Fiducial,Fiducial,TF03_IOIS_LL-2,TF03_IOIS_LL-2,z,-2196.316577964568,,mm,false
3,SSAT target,fiducial,Fiducial,Fiducial,TF03_IOIS_LL-1,TF03_IOIS_LL-1,x,10787.36482606564,,mm,false
3,SSAT target,fiducial,Fiducial,Fiducial,TF03_IOIS_LL-1,TF03_IOIS_LL-1,y,846.141500877637,,mm,false
3,SSAT target,fiducial,Fiducial,Fiducial,TF03_IOIS_LL-1,TF03_IOIS_LL-1,z,-1640.588690639512,,mm,false
3,SSAT target,fiducial,Fiducial,Fiducial,P2-PCCF,P2-PCCF,x,2831.442689462741,,mm,false
3,SSAT target,fiducial,Fiducial,Fiducial,P2-PCCF,P2-PCCF,y,-0.5113623876173664,,mm,false
3,SSAT target,fiducial,Fiducial,Fiducial,P2-PCCF,P2-PCCF,z,6869.830595954813,,mm,false
3,SSAT target,fiducial,Fiducial,Fiducial,P3-PCCF,P3-PCCF,x,2831.854683207592,,mm,false
3,SSAT target,fiducial,Fiducial,Fiducial,P3-PCCF,P3-PCCF,y,-0.6526592713605036,,mm,false
3,SSAT target,fiducial,Fiducial,Fiducial,P3-PCCF,P3-PCCF,z,6269.910612376717,,mm,false
3,SSAT target,fiducial,Fiducial,Fiducial,P1-OIS,P1-OIS,x,5989.625233664712,,mm,false
3,SSAT target,fiducial,Fiducial,Fiducial,P1-OIS,P1-OIS,y,1087.386264839334,,mm,false
3,SSAT target,fiducial,Fiducial,Fiducial,P1-OIS,P1-OIS,z,6588.208819857973,,mm,false
3,SSAT target,fiducial,Fiducial,Fiducial,AU_CP_36,AU_CP_36,x,4812.060829688615,,mm,false
3,SSAT target,fiducial,Fiducial,Fiducial,AU_CP_36,AU_CP_36,y,770.6139563960244,,mm,false
3,SSAT target,fiducial,Fiducial,Fiducial,AU_CP_36,AU_CP_36,z,-5863.452939890881,,mm,false
3,SSAT target,fiducial,Fiducial,Fiducial,P4-OIS,P4-OIS,x,5991.199170099553,,mm,false
3,SSAT target,fiducial,Fiducial,Fiducial,P4-OIS,P4-OIS,y,1092.24118517764,,mm,false
3,SSAT target,fiducial,Fiducial,Fiducial,P4-OIS,P4-OIS,z,-6121.871515614836,,mm,false
3,SSAT target,fiducial,Fiducial,Fiducial,TF03_IOIS_UL- 1,TF03_IOIS_UL- 1,x,9868.448343162492,,mm,false
3,SSAT target,fiducial,Fiducial,Fiducial,TF03_IOIS_UL- 1,TF03_IOIS_UL- 1,y,724.7376865859775,,mm,false
3,SSAT target,fiducial,Fiducial,Fiducial,TF03_IOIS_UL- 1,TF03_IOIS_UL- 1,z,3815.8313142652,,mm,false
3,SSAT target,fiducial,Fiducial,Fiducial,TF03_IOIS_UL- 2,TF03_IOIS_UL- 2,x,10034.4955278712,,mm,false
3,SSAT target,fiducial,Fiducial,Fiducial,TF03_IOIS_UL- 2,TF03_IOIS_UL- 2,y,927.8616123814484,,mm,false
3,SSAT target,fiducial,Fiducial,Fiducial,TF03_IOIS_UL- 2,TF03_IOIS_UL- 2,z,3240.710646474738,,mm,false
3,SSAT target,fiducial,Fiducial,Fiducial,TF03_IOIS_UL- 3,TF03_IOIS_UL- 3,x,10438.579655808,,mm,false
3,SSAT target,fiducial,Fiducial,Fiducial,TF03_IOIS_UL- 3,TF03_IOIS_UL- 3,y,958.9292485803181,,mm,false
3,SSAT target,fiducial,Fiducial,Fiducial,TF03_IOIS_UL- 3,TF03_IOIS_UL- 3,z,2500.8865826389,,mm,false
3,SSAT target,fiducial,Fiducial,Fiducial,TF03_IOIS_UL- 6,TF03_IOIS_UL- 6,x,10939.45998078895,,mm,false
3,SSAT target,fiducial,Fiducial,Fiducial,TF03_IOIS_UL- 6,TF03_IOIS_UL- 6,y,546.3544688187974,,mm,false
3,SSAT target,fiducial,Fiducial,Fiducial,TF03_IOIS_UL- 6,TF03_IOIS_UL- 6,z,2422.355000764424,,mm,false
3,SSAT target,fiducial,Fiducial,Fiducial,TF03_IOIS_UL- 5,TF03_IOIS_UL- 5,x,11112.6701138247,,mm,false
3,SSAT target,fiducial,Fiducial,Fiducial,TF03_IOIS_UL- 5,TF03_IOIS_UL- 5,y,628.5405743638566,,mm,false
3,SSAT target,fiducial,Fiducial,Fiducial,TF03_IOIS_UL- 5,TF03_IOIS_UL- 5,z,3329.082806706801,,mm,false
3,SSAT target,fiducial,Fiducial,Fiducial,TF03_IOIS_UL- 4,TF03_IOIS_UL- 4,x,10288.92001326844,,mm,false
3,SSAT target,fiducial,Fiducial,Fiducial,TF03_IOIS_UL- 4,TF03_IOIS_UL- 4,y,547.3638219182762,,mm,false
3,SSAT target,fiducial,Fiducial,Fiducial,TF03_IOIS_UL- 4,TF03_IOIS_UL- 4,z,3920.601931668918,,mm,false
3,SSAT target,fiducial,Fiducial,Fiducial,AU_CP_12,AU_CP_12,x,2169.345497507565,,mm,false
3,SSAT target,fiducial,Fiducial,Fiducial,AU_CP_12,AU_CP_12,y,-7.143496801551024,,mm,false
3,SSAT target,fiducial,Fiducial,Fiducial,AU_CP_12,AU_CP_12,z,5735.727815207767,,mm,false
3,SSAT target,fiducial,ILIS +1 side,ILIS +1 side,p1,p1,x,2570.1184305674,,mm,false
3,SSAT target,fiducial,ILIS +1 side,ILIS +1 side,p1,p1,y,451.9368356447588,,mm,false
3,SSAT target,fiducial,ILIS +1 side,ILIS +1 side,p1,p1,z,-4404.48580827609,,mm,false
3,SSAT target,fiducial,ILIS +1 side,ILIS +1 side,p2,p2,x,2419.499164582745,,mm,false
3,SSAT target,fiducial,ILIS +1 side,ILIS +1 side,p2,p2,y,425.3230562754171,,mm,false
3,SSAT target,fiducial,ILIS +1 side,ILIS +1 side,p2,p2,z,-4412.956986583969,,mm,false
3,SSAT target,fiducial,ILIS +1 side,ILIS +1 side,p3,p3,x,2268.219818003993,,mm,false
3,SSAT target,fiducial,ILIS +1 side,ILIS +1 side,p3,p3,y,398.5795500113493,,mm,false
3,SSAT target,fiducial,ILIS +1 side,ILIS +1 side,p3,p3,z,-4417.2581691434,,mm,false
3,SSAT target,fiducial,ILIS +1 side,ILIS +1 side,p4,p4,x,2241.33635489533,,mm,false
3,SSAT target,fiducial,ILIS +1 side,ILIS +1 side,p4,p4,y,393.7812599583058,,mm,false
3,SSAT target,fiducial,ILIS +1 side,ILIS +1 side,p4,p4,z,-4238.898375681275,,mm,false
3,SSAT target,fiducial,ILIS +1 side,ILIS +1 side,p5,p5,x,2406.495636863269,,mm,false
3,SSAT target,fiducial,ILIS +1 side,ILIS +1 side,p5,p5,y,422.9951027591019,,mm,false
3,SSAT target,fiducial,ILIS +1 side,ILIS +1 side,p5,p5,z,-4233.987085764657,,mm,false
3,SSAT target,fiducial,ILIS +1 side,ILIS +1 side,p6,p6,x,2572.304568305892,,mm,false
3,SSAT target,fiducial,ILIS +1 side,ILIS +1 side,p6,p6,y,452.3101594341895,,mm,false
3,SSAT target,fiducial,ILIS +1 side,ILIS +1 side,p6,p6,z,-4211.645789786316,,mm,false
3,SSAT target,fiducial,ILIS +1 side,ILIS +1 side,p7,p7,x,2566.89066609557,,mm,false
3,SSAT target,fiducial,ILIS +1 side,ILIS +1 side,p7,p7,y,451.3635560444808,,mm,false
3,SSAT target,fiducial,ILIS +1 side,ILIS +1 side,p7,p7,z,-4015.405832323826,,mm,false
3,SSAT target,fiducial,ILIS +1 side,ILIS +1 side,p8,p8,x,2367.761409254384,,mm,false
3,SSAT target,fiducial,ILIS +1 side,ILIS +1 side,p8,p8,y,416.1993407793261,,mm,false
3,SSAT target,fiducial,ILIS +1 side,ILIS +1 side,p8,p8,z,-4015.257391551325,,mm,false
3,SSAT target,fiducial,ILIS +1 side,ILIS +1 side,p9,p9,x,2225.832577598188,,mm,false
3,SSAT target,fiducial,ILIS +1 side,ILIS +1 side,p9,p9,y,391.0641415751047,,mm,false
3,SSAT target,fiducial,ILIS +1 side,ILIS +1 side,p9,p9,z,-4047.028498010984,,mm,false
3,SSAT target,fiducial,ILIS +1 side,ILIS +1 side,p10,p10,x,2639.270419141634,,mm,false
3,SSAT target,fiducial,ILIS +1 side,ILIS +1 side,p10,p10,y,464.085012788777,,mm,false
3,SSAT target,fiducial,ILIS +1 side,ILIS +1 side,p10,p10,z,-4016.55526144031,,mm,false
3,SSAT target,fiducial,ILIS +1 side,ILIS +1 side,p11,p11,x,2789.039853453164,,mm,false
3,SSAT target,fiducial,ILIS +1 side,ILIS +1 side,p11,p11,y,490.5182074733884,,mm,false
3,SSAT target,fiducial,ILIS +1 side,ILIS +1 side,p11,p11,z,-4016.314087707095,,mm,false
3,SSAT target,fiducial,ILIS +1 side,ILIS +1 side,p12,p12,x,3008.46899418006,,mm,false
3,SSAT target,fiducial,ILIS +1 side,ILIS +1 side,p12,p12,y,529.2329939671586,,mm,false
3,SSAT target,fiducial,ILIS +1 side,ILIS +1 side,p12,p12,z,-4014.422367168029,,mm,false
3,SSAT target,fiducial,ILIS +1 side,ILIS +1 side,p13,p13,x,3007.552563797083,,mm,false
3,SSAT target,fiducial,ILIS +1 side,ILIS +1 side,p13,p13,y,529.0306927198328,,mm,false
3,SSAT target,fiducial,ILIS +1 side,ILIS +1 side,p13,p13,z,-4192.80237201599,,mm,false
3,SSAT target,fiducial,ILIS +1 side,ILIS +1 side,p14,p14,x,2801.453624832206,,mm,false
3,SSAT target,fiducial,ILIS +1 side,ILIS +1 side,p14,p14,y,492.68532087525,,mm,false
3,SSAT target,fiducial,ILIS +1 side,ILIS +1 side,p14,p14,z,-4207.303989271687,,mm,false
3,SSAT target,fiducial,ILIS +1 side,ILIS +1 side,p15,p15,x,2649.494034216284,,mm,false
3,SSAT target,fiducial,ILIS +1 side,ILIS +1 side,p15,p15,y,465.9226422345829,,mm,false
3,SSAT target,fiducial,ILIS +1 side,ILIS +1 side,p15,p15,z,-4199.375184076836,,mm,false
3,SSAT target,fiducial,ILIS +1 side,ILIS +1 side,p16,p16,x,2658.778080955221,,mm,false
3,SSAT target,fiducial,ILIS +1 side,ILIS +1 side,p16,p16,y,467.508783131752,,mm,false
3,SSAT target,fiducial,ILIS +1 side,ILIS +1 side,p16,p16,z,-4403.525108233579,,mm,false
3,SSAT target,fiducial,ILIS +1 side,ILIS +1 side,p17,p17,x,2814.087723539973,,mm,false
3,SSAT target,fiducial,ILIS +1 side,ILIS +1 side,p17,p17,y,494.9213063388527,,mm,false
3,SSAT target,fiducial,ILIS +1 side,ILIS +1 side,p17,p17,z,-4414.743891216442,,mm,false
3,SSAT target,fiducial,ILIS +1 side,ILIS +1 side,p18,p18,x,2969.127010236788,,mm,false
3,SSAT target,fiducial,ILIS +1 side,ILIS +1 side,p18,p18,y,522.2450562578554,,mm,false
3,SSAT target,fiducial,ILIS +1 side,ILIS +1 side,p18,p18,z,-4408.062673445192,,mm,false
3,SSAT target,fiducial,ILIS +1 side,ILIS +1 side,p19,p19,x,2580.87961008193,,mm,false
3,SSAT target,fiducial,ILIS +1 side,ILIS +1 side,p19,p19,y,453.8073120138922,,mm,false
3,SSAT target,fiducial,ILIS +1 side,ILIS +1 side,p19,p19,z,-3965.165720830035,,mm,false
3,SSAT target,fiducial,ILIS +1 side,ILIS +1 side,p20,p20,x,2572.914262031582,,mm,false
3,SSAT target,fiducial,ILIS +1 side,ILIS +1 side,p20,p20,y,452.4256668992854,,mm,false
3,SSAT target,fiducial,ILIS +1 side,ILIS +1 side,p20,p20,z,-3696.125784227281,,mm,false
3,SSAT target,fiducial,ILIS +1 side,ILIS +1 side,p21,p21,x,2579.46065454998,,mm,false
3,SSAT target,fiducial,ILIS +1 side,ILIS +1 side,p21,p21,y,453.5081537144504,,mm,false
3,SSAT target,fiducial,ILIS +1 side,ILIS +1 side,p21,p21,z,-3516.785727443276,,mm,false
3,SSAT target,fiducial,ILIS +1 side,ILIS +1 side,p22,p22,x,2395.891242954179,,mm,false
3,SSAT target,fiducial,ILIS +1 side,ILIS +1 side,p22,p22,y,421.1345977466401,,mm,false
3,SSAT target,fiducial,ILIS +1 side,ILIS +1 side,p22,p22,z,-3511.857167778343,,mm,false
3,SSAT target,fiducial,ILIS +1 side,ILIS +1 side,p23,p23,x,2213.101982337276,,mm,false
3,SSAT target,fiducial,ILIS +1 side,ILIS +1 side,p23,p23,y,388.8705302399597,,mm,false
3,SSAT target,fiducial,ILIS +1 side,ILIS +1 side,p23,p23,z,-3514.598600077356,,mm,false
3,SSAT target,fiducial,ILIS +1 side,ILIS +1 side,p24,p24,x,2396.364882361766,,mm,false
3,SSAT target,fiducial,ILIS +1 side,ILIS +1 side,p24,p24,y,421.2320636712608,,mm,false
3,SSAT target,fiducial,ILIS +1 side,ILIS +1 side,p24,p24,z,-3694.047165489812,,mm,false
3,SSAT target,fiducial,ILIS +1 side,ILIS +1 side,p25,p25,x,2423.679908749838,,mm,false
3,SSAT target,fiducial,ILIS +1 side,ILIS +1 side,p25,p25,y,426.0549759103349,,mm,false
3,SSAT target,fiducial,ILIS +1 side,ILIS +1 side,p25,p25,z,-3950.6469522219,,mm,false
3,SSAT target,fiducial,ILIS +1 side,ILIS +1 side,p26,p26,x,2184.120751049314,,mm,false
3,SSAT target,fiducial,ILIS +1 side,ILIS +1 side,p26,p26,y,383.7600824118678,,mm,false
3,SSAT target,fiducial,ILIS +1 side,ILIS +1 side,p26,p26,z,-3947.888828626339,,mm,false
3,SSAT target,fiducial,ILIS +1 side,ILIS +1 side,p27,p27,x,2184.466436838034,,mm,false
3,SSAT target,fiducial,ILIS +1 side,ILIS +1 side,p27,p27,y,383.8149472971602,,mm,false
3,SSAT target,fiducial,ILIS +1 side,ILIS +1 side,p27,p27,z,-3732.098824939468,,mm,false
3,SSAT target,fiducial,ILIS +1 side,ILIS +1 side,p28,p28,x,2619.130594286179,,mm,false
3,SSAT target,fiducial,ILIS +1 side,ILIS +1 side,p28,p28,y,460.5586877564856,,mm,false
3,SSAT target,fiducial,ILIS +1 side,ILIS +1 side,p28,p28,z,-3521.25541994371,,mm,false
3,SSAT target,fiducial,ILIS +1 side,ILIS +1 side,p29,p29,x,2801.209770298959,,mm,false
3,SSAT target,fiducial,ILIS +1 side,ILIS +1 side,p29,p29,y,492.7030403891562,,mm,false
3,SSAT target,fiducial,ILIS +1 side,ILIS +1 side,p29,p29,z,-3514.153993584617,,mm,false
3,SSAT target,fiducial,ILIS +1 side,ILIS +1 side,p30,p30,x,3008.70909197606,,mm,false
3,SSAT target,fiducial,ILIS +1 side,ILIS +1 side,p30,p30,y,529.2671076007538,,mm,false
3,SSAT target,fiducial,ILIS +1 side,ILIS +1 side,p30,p30,z,-3519.032363444388,,mm,false
3,SSAT target,fiducial,ILIS +1 side,ILIS +1 side,p31,p31,x,3022.823790811581,,mm,false
3,SSAT target,fiducial,ILIS +1 side,ILIS +1 side,p31,p31,y,531.7710375823619,,mm,false
3,SSAT target,fiducial,ILIS +1 side,ILIS +1 side,p31,p31,z,-3756.782254320136,,mm,false
3,SSAT target,fiducial,ILIS +1 side,ILIS +1 side,p32,p32,x,2833.794433455736,,mm,false
3,SSAT target,fiducial,ILIS +1 side,ILIS +1 side,p32,p32,y,498.3672542126575,,mm,false
3,SSAT target,fiducial,ILIS +1 side,ILIS +1 side,p32,p32,z,-3753.473732863935,,mm,false
3,SSAT target,fiducial,ILIS +1 side,ILIS +1 side,p33,p33,x,2625.185830170132,,mm,false
3,SSAT target,fiducial,ILIS +1 side,ILIS +1 side,p33,p33,y,461.6407006294766,,mm,false
3,SSAT target,fiducial,ILIS +1 side,ILIS +1 side,p33,p33,z,-3784.36537408177,,mm,false
3,SSAT target,fiducial,ILIS +1 side,ILIS +1 side,p34,p34,x,2619.049526250743,,mm,false
3,SSAT target,fiducial,ILIS +1 side,ILIS +1 side,p34,p34,y,460.5179202569732,,mm,false
3,SSAT target,fiducial,ILIS +1 side,ILIS +1 side,p34,p34,z,-3968.095419905647,,mm,false
3,SSAT target,fiducial,ILIS +1 side,ILIS +1 side,p35,p35,x,2806.10894853715,,mm,false
3,SSAT target,fiducial,ILIS +1 side,ILIS +1 side,p35,p35,y,493.461471792982,,mm,false
3,SSAT target,fiducial,ILIS +1 side,ILIS +1 side,p35,p35,z,-3974.163949057752,,mm,false
3,SSAT target,fiducial,ILIS +1 side,ILIS +1 side,p36,p36,x,3011.818172504188,,mm,false
3,SSAT target,fiducial,ILIS +1 side,ILIS +1 side,p36,p36,y,529.8358514739334,,mm,false
3,SSAT target,fiducial,ILIS +1 side,ILIS +1 side,p36,p36,z,-3973.952341625911,,mm,false
3,SSAT target,fiducial,ILIS +1 side,ILIS +1 side,p37,p37,x,2978.238193309215,,mm,false
3,SSAT target,fiducial,ILIS +1 side,ILIS +1 side,p37,p37,y,523.8999490343589,,mm,false
3,SSAT target,fiducial,ILIS +1 side,ILIS +1 side,p37,p37,z,-3468.372602851211,,mm,false
3,SSAT target,fiducial,ILIS +1 side,ILIS +1 side,p38,p38,x,2735.509007503162,,mm,false
3,SSAT target,fiducial,ILIS +1 side,ILIS +1 side,p38,p38,y,481.0551252820228,,mm,false
3,SSAT target,fiducial,ILIS +1 side,ILIS +1 side,p38,p38,z,-3463.624504751784,,mm,false
3,SSAT target,fiducial,ILIS +1 side,ILIS +1 side,p39,p39,x,2474.620006128595,,mm,false
3,SSAT target,fiducial,ILIS +1 side,ILIS +1 side,p39,p39,y,435.0195140769248,,mm,false
3,SSAT target,fiducial,ILIS +1 side,ILIS +1 side,p39,p39,z,-3464.716549968139,,mm,false
3,SSAT target,fiducial,ILIS +1 side,ILIS +1 side,p40,p40,x,2230.800774982584,,mm,false
3,SSAT target,fiducial,ILIS +1 side,ILIS +1 side,p40,p40,y,391.9848372576095,,mm,false
3,SSAT target,fiducial,ILIS +1 side,ILIS +1 side,p40,p40,z,-3457.498460579293,,mm,false
3,SSAT target,fiducial,ILIS +1 side,ILIS +1 side,p41,p41,x,2220.956030109324,,mm,false
3,SSAT target,fiducial,ILIS +1 side,ILIS +1 side,p41,p41,y,390.1811052949943,,mm,false
3,SSAT target,fiducial,ILIS +1 side,ILIS +1 side,p41,p41,z,-3218.188532558353,,mm,false
3,SSAT target,fiducial,ILIS +1 side,ILIS +1 side,p42,p42,x,2418.024630528698,,mm,false
3,SSAT target,fiducial,ILIS +1 side,ILIS +1 side,p42,p42,y,425.0175620265015,,mm,false
3,SSAT target,fiducial,ILIS +1 side,ILIS +1 side,p42,p42,z,-3185.146991868749,,mm,false
3,SSAT target,fiducial,ILIS +1 side,ILIS +1 side,p43,p43,x,2682.593405841395,,mm,false
3,SSAT target,fiducial,ILIS +1 side,ILIS +1 side,p43,p43,y,471.6939832133259,,mm,false
3,SSAT target,fiducial,ILIS +1 side,ILIS +1 side,p43,p43,z,-3173.424917191872,,mm,false
3,SSAT target,fiducial,ILIS +1 side,ILIS +1 side,p44,p44,x,3009.662411916848,,mm,false
3,SSAT target,fiducial,ILIS +1 side,ILIS +1 side,p44,p44,y,529.4801236737438,,mm,false
3,SSAT target,fiducial,ILIS +1 side,ILIS +1 side,p44,p44,z,-3185.042358196862,,mm,false
3,SSAT target,fiducial,ILIS +1 side,ILIS +1 side,p45,p45,x,3006.056245806437,,mm,false
3,SSAT target,fiducial,ILIS +1 side,ILIS +1 side,p45,p45,y,529.0113223837969,,mm,false
3,SSAT target,fiducial,ILIS +1 side,ILIS +1 side,p45,p45,z,-2876.04239720765,,mm,false
3,SSAT target,fiducial,ILIS +1 side,ILIS +1 side,p46,p46,x,2756.556943980402,,mm,false
3,SSAT target,fiducial,ILIS +1 side,ILIS +1 side,p46,p46,y,484.776856209403,,mm,false
3,SSAT target,fiducial,ILIS +1 side,ILIS +1 side,p46,p46,z,-2864.014338736435,,mm,false
3,SSAT target,fiducial,ILIS +1 side,ILIS +1 side,p47,p47,x,2445.198083106874,,mm,false
3,SSAT target,fiducial,ILIS +1 side,ILIS +1 side,p47,p47,y,429.8403406376704,,mm,false
3,SSAT target,fiducial,ILIS +1 side,ILIS +1 side,p47,p47,z,-2862.686779933309,,mm,false
3,SSAT target,fiducial,ILIS +1 side,ILIS +1 side,p48,p48,x,2205.408889777328,,mm,false
3,SSAT target,fiducial,ILIS +1 side,ILIS +1 side,p48,p48,y,387.5855620598846,,mm,false
3,SSAT target,fiducial,ILIS +1 side,ILIS +1 side,p48,p48,z,-2858.188663693361,,mm,false
3,SSAT target,fiducial,ILIS +1 side,ILIS +1 side,p49,p49,x,2992.710020058132,,mm,false
3,SSAT target,fiducial,ILIS +1 side,ILIS +1 side,p49,p49,y,526.4926696828242,,mm,false
3,SSAT target,fiducial,ILIS +1 side,ILIS +1 side,p49,p49,z,-2561.882489761064,,mm,false
3,SSAT target,fiducial,ILIS +1 side,ILIS +1 side,p50,p50,x,2710.730825370076,,mm,false
3,SSAT target,fiducial,ILIS +1 side,ILIS +1 side,p50,p50,y,476.7475480106125,,mm,false
3,SSAT target,fiducial,ILIS +1 side,ILIS +1 side,p50,p50,z,-2549.364701102826,,mm,false
3,SSAT target,fiducial,ILIS +1 side,ILIS +1 side,p51,p51,x,2427.651583441649,,mm,false
3,SSAT target,fiducial,ILIS +1 side,ILIS +1 side,p51,p51,y,426.7325854526864,,mm,false
3,SSAT target,fiducial,ILIS +1 side,ILIS +1 side,p51,p51,z,-2534.196915847355,,mm,false
3,SSAT target,fiducial,ILIS +1 side,ILIS +1 side,p52,p52,x,2253.292225404571,,mm,false
3,SSAT target,fiducial,ILIS +1 side,ILIS +1 side,p52,p52,y,395.9889212886054,,mm,false
3,SSAT target,fiducial,ILIS +1 side,ILIS +1 side,p52,p52,z,-2533.678284317166,,mm,false
3,SSAT target,fiducial,ILIS +1 side,ILIS +1 side,p53,p53,x,2954.797135366831,,mm,false
3,SSAT target,fiducial,ILIS +1 side,ILIS +1 side,p53,p53,y,519.7922920885496,,mm,false
3,SSAT target,fiducial,ILIS +1 side,ILIS +1 side,p53,p53,z,-2410.442785870446,,mm,false
3,SSAT target,fiducial,ILIS +1 side,ILIS +1 side,p54,p54,x,2965.621374592104,,mm,false
3,SSAT target,fiducial,ILIS +1 side,ILIS +1 side,p54,p54,y,521.7822209972762,,mm,false
3,SSAT target,fiducial,ILIS +1 side,ILIS +1 side,p54,p54,z,-2124.332705782148,,mm,false
3,SSAT target,fiducial,ILIS +1 side,ILIS +1 side,p55,p55,x,2974.945199646109,,mm,false
3,SSAT target,fiducial,ILIS +1 side,ILIS +1 side,p55,p55,y,523.4535680876396,,mm,false
3,SSAT target,fiducial,ILIS +1 side,ILIS +1 side,p55,p55,z,-1817.162633696233,,mm,false
3,SSAT target,fiducial,ILIS +1 side,ILIS +1 side,p56,p56,x,2984.54038180991,,mm,false
3,SSAT target,fiducial,ILIS +1 side,ILIS +1 side,p56,p56,y,525.2202390075606,,mm,false
3,SSAT target,fiducial,ILIS +1 side,ILIS +1 side,p56,p56,z,-1577.99256292419,,mm,false
3,SSAT target,fiducial,ILIS +1 side,ILIS +1 side,p57,p57,x,2721.220950208993,,mm,false
3,SSAT target,fiducial,ILIS +1 side,ILIS +1 side,p57,p57,y,478.7560895924551,,mm,false
3,SSAT target,fiducial,ILIS +1 side,ILIS +1 side,p57,p57,z,-1557.10462715972,,mm,false
3,SSAT target,fiducial,ILIS +1 side,ILIS +1 side,p58,p58,x,2742.397405156154,,mm,false
3,SSAT target,fiducial,ILIS +1 side,ILIS +1 side,p58,p58,y,482.3040436746472,,mm,false
3,SSAT target,fiducial,ILIS +1 side,ILIS +1 side,p58,p58,z,-1883.824448991365,,mm,false
3,SSAT target,fiducial,ILIS +1 side,ILIS +1 side,p59,p59,x,2733.103369159781,,mm,false
3,SSAT target,fiducial,ILIS +1 side,ILIS +1 side,p59,p59,y,480.6834201611833,,mm,false
3,SSAT target,fiducial,ILIS +1 side,ILIS +1 side,p59,p59,z,-2180.494523947242,,mm,false
3,SSAT target,fiducial,ILIS +1 side,ILIS +1 side,p60,p60,x,2738.359036797089,,mm,false
3,SSAT target,fiducial,ILIS +1 side,ILIS +1 side,p60,p60,y,481.6039405710595,,mm,false
3,SSAT target,fiducial,ILIS +1 side,ILIS +1 side,p60,p60,z,-2465.034483003718,,mm,false
3,SSAT target,fiducial,ILIS +1 side,ILIS +1 side,p61,p61,x,2436.300168516698,,mm,false
3,SSAT target,fiducial,ILIS +1 side,ILIS +1 side,p61,p61,y,428.2975287098974,,mm,false
3,SSAT target,fiducial,ILIS +1 side,ILIS +1 side,p61,p61,z,-2465.066850544324,,mm,false
3,SSAT target,fiducial,ILIS +1 side,ILIS +1 side,p62,p62,x,2471.623496588631,,mm,false
3,SSAT target,fiducial,ILIS +1 side,ILIS +1 side,p62,p62,y,434.5608038681817,,mm,false
3,SSAT target,fiducial,ILIS +1 side,ILIS +1 side,p62,p62,z,-2137.906574871658,,mm,false
3,SSAT target,fiducial,ILIS +1 side,ILIS +1 side,p63,p63,x,2472.136998436133,,mm,false
3,SSAT target,fiducial,ILIS +1 side,ILIS +1 side,p63,p63,y,434.6031964494026,,mm,false
3,SSAT target,fiducial,ILIS +1 side,ILIS +1 side,p63,p63,z,-1812.836566690772,,mm,false
3,SSAT target,fiducial,ILIS +1 side,ILIS +1 side,p64,p64,x,2485.231889301128,,mm,false
3,SSAT target,fiducial,ILIS +1 side,ILIS +1 side,p64,p64,y,437.0708938558582,,mm,false
3,SSAT target,fiducial,ILIS +1 side,ILIS +1 side,p64,p64,z,-1559.836474195248,,mm,false
3,SSAT target,fiducial,ILIS +1 side,ILIS +1 side,p65,p65,x,2249.632728514095,,mm,false
3,SSAT target,fiducial,ILIS +1 side,ILIS +1 side,p65,p65,y,395.4960423902215,,mm,false
3,SSAT target,fiducial,ILIS +1 side,ILIS +1 side,p65,p65,z,-1557.688321022,,mm,false
3,SSAT target,fiducial,ILIS +1 side,ILIS +1 side,p66,p66,x,2237.208357419624,,mm,false
3,SSAT target,fiducial,ILIS +1 side,ILIS +1 side,p66,p66,y,393.1365608010427,,mm,false
3,SSAT target,fiducial,ILIS +1 side,ILIS +1 side,p66,p66,z,-1836.808407632651,,mm,false
3,SSAT target,fiducial,ILIS +1 side,ILIS +1 side,p67,p67,x,2249.925158249542,,mm,false
3,SSAT target,fiducial,ILIS +1 side,ILIS +1 side,p67,p67,y,395.3232433751095,,mm,false
3,SSAT target,fiducial,ILIS +1 side,ILIS +1 side,p67,p67,z,-2179.388304877034,,mm,false
3,SSAT target,fiducial,ILIS +1 side,ILIS +1 side,p68,p68,x,2238.210925070485,,mm,false
3,SSAT target,fiducial,ILIS +1 side,ILIS +1 side,p68,p68,y,393.2932776786549,,mm,false
3,SSAT target,fiducial,ILIS +1 side,ILIS +1 side,p68,p68,z,-2465.758399999234,,mm,false
3,SSAT target,fiducial,ILIS +1 side,ILIS +1 side,p69,p69,x,2972.08813519083,,mm,false
3,SSAT target,fiducial,ILIS +1 side,ILIS +1 side,p69,p69,y,522.8678858491859,,mm,false
3,SSAT target,fiducial,ILIS +1 side,ILIS +1 side,p69,p69,z,-1463.092649570193,,mm,false
3,SSAT target,fiducial,ILIS +1 side,ILIS +1 side,p70,p70,x,2712.609221246104,,mm,false
3,SSAT target,fiducial,ILIS +1 side,ILIS +1 side,p70,p70,y,477.0919844053204,,mm,false
3,SSAT target,fiducial,ILIS +1 side,ILIS +1 side,p70,p70,z,-1468.834684494077,,mm,false
3,SSAT target,fiducial,ILIS +1 side,ILIS +1 side,p71,p71,x,2480.430072349029,,mm,false
3,SSAT target,fiducial,ILIS +1 side,ILIS +1 side,p71,p71,y,436.0871228913429,,mm,false
3,SSAT target,fiducial,ILIS +1 side,ILIS +1 side,p71,p71,z,-1467.886502206954,,mm,false
3,SSAT target,fiducial,ILIS +1 side,ILIS +1 side,p72,p72,x,2241.520508093286,,mm,false
3,SSAT target,fiducial,ILIS +1 side,ILIS +1 side,p72,p72,y,393.9436326085728,,mm,false
3,SSAT target,fiducial,ILIS +1 side,ILIS +1 side,p72,p72,z,-1444.948375999332,,mm,false
3,SSAT target,fiducial,ILIS +1 side,ILIS +1 side,p73,p73,x,2233.784742890902,,mm,false
3,SSAT target,fiducial,ILIS +1 side,ILIS +1 side,p73,p73,y,392.5534299933983,,mm,false
3,SSAT target,fiducial,ILIS +1 side,ILIS +1 side,p73,p73,z,-1155.028434164656,,mm,false
3,SSAT target,fiducial,ILIS +1 side,ILIS +1 side,p74,p74,x,2470.983329795234,,mm,false
3,SSAT target,fiducial,ILIS +1 side,ILIS +1 side,p74,p74,y,434.460268038962,,mm,false
3,SSAT target,fiducial,ILIS +1 side,ILIS +1 side,p74,p74,z,-1128.816578152326,,mm,false
3,SSAT target,fiducial,ILIS +1 side,ILIS +1 side,p75,p75,x,2752.222312464991,,mm,false
3,SSAT target,fiducial,ILIS +1 side,ILIS +1 side,p75,p75,y,484.1561079646044,,mm,false
3,SSAT target,fiducial,ILIS +1 side,ILIS +1 side,p75,p75,z,-1130.674378185925,,mm,false
3,SSAT target,fiducial,ILIS +1 side,ILIS +1 side,p76,p76,x,3014.381000646611,,mm,false
3,SSAT target,fiducial,ILIS +1 side,ILIS +1 side,p76,p76,y,530.4928029892759,,mm,false
3,SSAT target,fiducial,ILIS +1 side,ILIS +1 side,p76,p76,z,-1114.232328280789,,mm,false
3,SSAT target,fiducial,ILIS +1 side,ILIS +1 side,p77,p77,x,3007.96494714801,,mm,false
3,SSAT target,fiducial,ILIS +1 side,ILIS +1 side,p77,p77,y,529.3136060757574,,mm,false
3,SSAT target,fiducial,ILIS +1 side,ILIS +1 side,p77,p77,z,-810.1123745583444,,mm,false
3,SSAT target,fiducial,ILIS +1 side,ILIS +1 side,p78,p78,x,2681.785904145287,,mm,false
3,SSAT target,fiducial,ILIS +1 side,ILIS +1 side,p78,p78,y,471.6476029260024,,mm,false
3,SSAT target,fiducial,ILIS +1 side,ILIS +1 side,p78,p78,z,-796.7749240313561,,mm,false
3,SSAT target,fiducial,ILIS +1 side,ILIS +1 side,p79,p79,x,2468.546687141325,,mm,false
3,SSAT target,fiducial,ILIS +1 side,ILIS +1 side,p79,p79,y,434.0031323077114,,mm,false
3,SSAT target,fiducial,ILIS +1 side,ILIS +1 side,p79,p79,z,-795.9865945278024,,mm,false
3,SSAT target,fiducial,ILIS +1 side,ILIS +1 side,p80,p80,x,2251.537389683318,,mm,false
3,SSAT target,fiducial,ILIS +1 side,ILIS +1 side,p80,p80,y,395.6289121762031,,mm,false
3,SSAT target,fiducial,ILIS +1 side,ILIS +1 side,p80,p80,z,-790.3982901266088,,mm,false
3,SSAT target,fiducial,ILIS +1 side,ILIS +1 side,p81,p81,x,2972.899499786593,,mm,false
3,SSAT target,fiducial,ILIS +1 side,ILIS +1 side,p81,p81,y,523.0420854229451,,mm,false
3,SSAT target,fiducial,ILIS +1 side,ILIS +1 side,p81,p81,z,-530.9126429502267,,mm,false
3,SSAT target,fiducial,ILIS +1 side,ILIS +1 side,p82,p82,x,2739.230415536827,,mm,false
3,SSAT target,fiducial,ILIS +1 side,ILIS +1 side,p82,p82,y,481.8069864247882,,mm,false
3,SSAT target,fiducial,ILIS +1 side,ILIS +1 side,p82,p82,z,-532.9544746004756,,mm,false
3,SSAT target,fiducial,ILIS +1 side,ILIS +1 side,p83,p83,x,2453.601508525062,,mm,false
3,SSAT target,fiducial,ILIS +1 side,ILIS +1 side,p83,p83,y,431.3808460991153,,mm,false
3,SSAT target,fiducial,ILIS +1 side,ILIS +1 side,p83,p83,z,-534.1067120412545,,mm,false
3,SSAT target,fiducial,ILIS +1 side,ILIS +1 side,p84,p84,x,2263.042124080699,,mm,false
3,SSAT target,fiducial,ILIS +1 side,ILIS +1 side,p84,p84,y,397.737141113178,,mm,false
3,SSAT target,fiducial,ILIS +1 side,ILIS +1 side,p84,p84,z,-529.1882046452189,,mm,false
3,SSAT target,fiducial,ILIS +1 side,ILIS +1 side,p85,p85,x,2975.058061979575,,mm,false
3,SSAT target,fiducial,ILIS +1 side,ILIS +1 side,p85,p85,y,523.3870589583598,,mm,false
3,SSAT target,fiducial,ILIS +1 side,ILIS +1 side,p85,p85,z,-459.3426233713632,,mm,false
3,SSAT target,fiducial,ILIS +1 side,ILIS +1 side,p86,p86,x,2726.459145279909,,mm,false
3,SSAT target,fiducial,ILIS +1 side,ILIS +1 side,p86,p86,y,479.5212582618151,,mm,false
3,SSAT target,fiducial,ILIS +1 side,ILIS +1 side,p86,p86,z,-466.974572336303,,mm,false
3,SSAT target,fiducial,ILIS +1 side,ILIS +1 side,p87,p87,x,2443.830186843317,,mm,false
3,SSAT target,fiducial,ILIS +1 side,ILIS +1 side,p87,p87,y,429.6253199884085,,mm,false
3,SSAT target,fiducial,ILIS +1 side,ILIS +1 side,p87,p87,z,-466.1167863120223,,mm,false
3,SSAT target,fiducial,ILIS +1 side,ILIS +1 side,p88,p88,x,2225.780838411574,,mm,false
3,SSAT target,fiducial,ILIS +1 side,ILIS +1 side,p88,p88,y,391.0912650637467,,mm,false
3,SSAT target,fiducial,ILIS +1 side,ILIS +1 side,p88,p88,z,-457.8084916882488,,mm,false
3,SSAT target,fiducial,ILIS +1 side,ILIS +1 side,p89,p89,x,2219.784791373695,,mm,false
3,SSAT target,fiducial,ILIS +1 side,ILIS +1 side,p89,p89,y,390.022046768004,,mm,false
3,SSAT target,fiducial,ILIS +1 side,ILIS +1 side,p89,p89,z,-154.1285371437389,,mm,false
3,SSAT target,fiducial,ILIS +1 side,ILIS +1 side,p90,p90,x,2447.174089960974,,mm,false
3,SSAT target,fiducial,ILIS +1 side,ILIS +1 side,p90,p90,y,430.2363487744734,,mm,false
3,SSAT target,fiducial,ILIS +1 side,ILIS +1 side,p90,p90,z,-161.726760759669,,mm,false
3,SSAT target,fiducial,ILIS +1 side,ILIS +1 side,p91,p91,x,2744.522845728971,,mm,false
3,SSAT target,fiducial,ILIS +1 side,ILIS +1 side,p91,p91,y,482.7131089111999,,mm,false
3,SSAT target,fiducial,ILIS +1 side,ILIS +1 side,p91,p91,z,-155.184430228637,,mm,false
3,SSAT target,fiducial,ILIS +1 side,ILIS +1 side,p92,p92,x,3009.061921173556,,mm,false
3,SSAT target,fiducial,ILIS +1 side,ILIS +1 side,p92,p92,y,529.4684898040376,,mm,false
3,SSAT target,fiducial,ILIS +1 side,ILIS +1 side,p92,p92,z,-158.5623616207204,,mm,false
3,SSAT target,fiducial,ILIS +1 side,ILIS +1 side,p93,p93,x,3008.785578807234,,mm,false
3,SSAT target,fiducial,ILIS +1 side,ILIS +1 side,p93,p93,y,529.4503333991944,,mm,false
3,SSAT target,fiducial,ILIS +1 side,ILIS +1 side,p93,p93,z,158.7776349212244,,mm,false
3,SSAT target,fiducial,ILIS +1 side,ILIS +1 side,p94,p94,x,2719.946430558167,,mm,false
3,SSAT target,fiducial,ILIS +1 side,ILIS +1 side,p94,p94,y,478.3550048784672,,mm,false
3,SSAT target,fiducial,ILIS +1 side,ILIS +1 side,p94,p94,z,170.405379419319,,mm,false
3,SSAT target,fiducial,ILIS +1 side,ILIS +1 side,p95,p95,x,2435.656991787766,,mm,false
3,SSAT target,fiducial,ILIS +1 side,ILIS +1 side,p95,p95,y,428.1407092897375,,mm,false
3,SSAT target,fiducial,ILIS +1 side,ILIS +1 side,p95,p95,z,195.6331542347504,,mm,false
3,SSAT target,fiducial,ILIS +1 side,ILIS +1 side,p96,p96,x,2228.777399487967,,mm,false
3,SSAT target,fiducial,ILIS +1 side,ILIS +1 side,p96,p96,y,391.5575888609422,,mm,false
3,SSAT target,fiducial,ILIS +1 side,ILIS +1 side,p96,p96,z,214.0715378288009,,mm,false
3,SSAT target,fiducial,ILIS +1 side,ILIS +1 side,p97,p97,x,2982.629731510206,,mm,false
3,SSAT target,fiducial,ILIS +1 side,ILIS +1 side,p97,p97,y,524.7702631778488,,mm,false
3,SSAT target,fiducial,ILIS +1 side,ILIS +1 side,p97,p97,z,456.2974350940833,,mm,false
3,SSAT target,fiducial,ILIS +1 side,ILIS +1 side,p98,p98,x,2723.620519435256,,mm,false
3,SSAT target,fiducial,ILIS +1 side,ILIS +1 side,p98,p98,y,479.0753927747799,,mm,false
3,SSAT target,fiducial,ILIS +1 side,ILIS +1 side,p98,p98,z,465.3854040179384,,mm,false
3,SSAT target,fiducial,ILIS +1 side,ILIS +1 side,p99,p99,x,2425.161493463719,,mm,false
3,SSAT target,fiducial,ILIS +1 side,ILIS +1 side,p99,p99,y,426.2395661193727,,mm,false
3,SSAT target,fiducial,ILIS +1 side,ILIS +1 side,p99,p99,z,472.7430760520245,,mm,false
3,SSAT target,fiducial,ILIS +1 side,ILIS +1 side,p100,p100,x,2223.642377113557,,mm,false
3,SSAT target,fiducial,ILIS +1 side,ILIS +1 side,p100,p100,y,390.774838144104,,mm,false
3,SSAT target,fiducial,ILIS +1 side,ILIS +1 side,p100,p100,z,466.1814897278277,,mm,false
3,SSAT target,fiducial,ILIS +1 side,ILIS +1 side,p101,p101,x,2970.27815321488,,mm,false
3,SSAT target,fiducial,ILIS +1 side,ILIS +1 side,p101,p101,y,522.4956042401539,,mm,false
3,SSAT target,fiducial,ILIS +1 side,ILIS +1 side,p101,p101,z,537.6773450248002,,mm,false
3,SSAT target,fiducial,ILIS +1 side,ILIS +1 side,p102,p102,x,2732.659207750303,,mm,false
3,SSAT target,fiducial,ILIS +1 side,ILIS +1 side,p102,p102,y,480.5599945428294,,mm,false
3,SSAT target,fiducial,ILIS +1 side,ILIS +1 side,p102,p102,z,529.4354826372012,,mm,false
3,SSAT target,fiducial,ILIS +1 side,ILIS +1 side,p103,p103,x,2442.490154420549,,mm,false
3,SSAT target,fiducial,ILIS +1 side,ILIS +1 side,p103,p103,y,429.3243210821439,,mm,false
3,SSAT target,fiducial,ILIS +1 side,ILIS +1 side,p103,p103,z,536.4632102033501,,mm,false
3,SSAT target,fiducial,ILIS +1 side,ILIS +1 side,p104,p104,x,2233.451113653261,,mm,false
3,SSAT target,fiducial,ILIS +1 side,ILIS +1 side,p104,p104,y,392.3792813690777,,mm,false
3,SSAT target,fiducial,ILIS +1 side,ILIS +1 side,p104,p104,z,527.6915754815682,,mm,false
3,SSAT target,fiducial,ILIS +1 side,ILIS +1 side,p105,p105,x,2228.215377116449,,mm,false
3,SSAT target,fiducial,ILIS +1 side,ILIS +1 side,p105,p105,y,391.4090023638815,,mm,false
3,SSAT target,fiducial,ILIS +1 side,ILIS +1 side,p105,p105,z,815.7315383713888,,mm,false
3,SSAT target,fiducial,ILIS +1 side,ILIS +1 side,p106,p106,x,2463.314723011398,,mm,false
3,SSAT target,fiducial,ILIS +1 side,ILIS +1 side,p106,p106,y,432.9732063431057,,mm,false
3,SSAT target,fiducial,ILIS +1 side,ILIS +1 side,p106,p106,z,804.3333759168116,,mm,false
3,SSAT target,fiducial,ILIS +1 side,ILIS +1 side,p107,p107,x,2742.283484161415,,mm,false
3,SSAT target,fiducial,ILIS +1 side,ILIS +1 side,p107,p107,y,482.2197940218198,,mm,false
3,SSAT target,fiducial,ILIS +1 side,ILIS +1 side,p107,p107,z,814.035561465813,,mm,false
3,SSAT target,fiducial,ILIS +1 side,ILIS +1 side,p108,p108,x,2973.252211543487,,mm,false
3,SSAT target,fiducial,ILIS +1 side,ILIS +1 side,p108,p108,y,523.0260963954867,,mm,false
3,SSAT target,fiducial,ILIS +1 side,ILIS +1 side,p108,p108,z,834.387368709763,,mm,false
3,SSAT target,fiducial,ILIS +1 side,ILIS +1 side,p109,p109,x,2998.136661765174,,mm,false
3,SSAT target,fiducial,ILIS +1 side,ILIS +1 side,p109,p109,y,527.5154141333164,,mm,false
3,SSAT target,fiducial,ILIS +1 side,ILIS +1 side,p109,p109,z,1107.287557722913,,mm,false
3,SSAT target,fiducial,ILIS +1 side,ILIS +1 side,p110,p110,x,2755.826618166847,,mm,false
3,SSAT target,fiducial,ILIS +1 side,ILIS +1 side,p110,p110,y,484.5735612840722,,mm,false
3,SSAT target,fiducial,ILIS +1 side,ILIS +1 side,p110,p110,z,1155.055670991609,,mm,false
3,SSAT target,fiducial,ILIS +1 side,ILIS +1 side,p111,p111,x,2432.447447308695,,mm,false
3,SSAT target,fiducial,ILIS +1 side,ILIS +1 side,p111,p111,y,427.4980148237987,,mm,false
3,SSAT target,fiducial,ILIS +1 side,ILIS +1 side,p111,p111,z,1174.163136845432,,mm,false
3,SSAT target,fiducial,ILIS +1 side,ILIS +1 side,p112,p112,x,2236.948232254289,,mm,false
3,SSAT target,fiducial,ILIS +1 side,ILIS +1 side,p112,p112,y,392.9736858696713,,mm,false
3,SSAT target,fiducial,ILIS +1 side,ILIS +1 side,p112,p112,z,1171.541606113532,,mm,false
3,SSAT target,fiducial,ILIS +1 side,ILIS +1 side,p113,p113,x,2976.849877711887,,mm,false
3,SSAT target,fiducial,ILIS +1 side,ILIS +1 side,p113,p113,y,523.7186096025416,,mm,false
3,SSAT target,fiducial,ILIS +1 side,ILIS +1 side,p113,p113,z,1450.737394525937,,mm,false
3,SSAT target,fiducial,ILIS +1 side,ILIS +1 side,p114,p114,x,2734.550569774672,,mm,false
3,SSAT target,fiducial,ILIS +1 side,ILIS +1 side,p114,p114,y,480.8742156575852,,mm,false
3,SSAT target,fiducial,ILIS +1 side,ILIS +1 side,p114,p114,z,1461.595501204177,,mm,false
3,SSAT target,fiducial,ILIS +1 side,ILIS +1 side,p115,p115,x,2482.371707458482,,mm,false
3,SSAT target,fiducial,ILIS +1 side,ILIS +1 side,p115,p115,y,436.3481999125731,,mm,false
3,SSAT target,fiducial,ILIS +1 side,ILIS +1 side,p115,p115,z,1451.943526132348,,mm,false
3,SSAT target,fiducial,ILIS +1 side,ILIS +1 side,p116,p116,x,2258.012624996653,,mm,false
3,SSAT target,fiducial,ILIS +1 side,ILIS +1 side,p116,p116,y,396.7431731655191,,mm,false
3,SSAT target,fiducial,ILIS +1 side,ILIS +1 side,p116,p116,z,1448.081768339422,,mm,false
3,SSAT target,fiducial,ILIS +1 side,ILIS +1 side,p117,p117,x,2973.649429192972,,mm,false
3,SSAT target,fiducial,ILIS +1 side,ILIS +1 side,p117,p117,y,523.0390322548411,,mm,false
3,SSAT target,fiducial,ILIS +1 side,ILIS +1 side,p117,p117,z,2474.537379974221,,mm,false
3,SSAT target,fiducial,ILIS +1 side,ILIS +1 side,p118,p118,x,2708.83049824222,,mm,false
3,SSAT target,fiducial,ILIS +1 side,ILIS +1 side,p118,p118,y,476.3031462470086,,mm,false
3,SSAT target,fiducial,ILIS +1 side,ILIS +1 side,p118,p118,z,2470.665304411472,,mm,false
3,SSAT target,fiducial,ILIS +1 side,ILIS +1 side,p119,p119,x,2446.791559552867,,mm,false
3,SSAT target,fiducial,ILIS +1 side,ILIS +1 side,p119,p119,y,430.0073137235482,,mm,false
3,SSAT target,fiducial,ILIS +1 side,ILIS +1 side,p119,p119,z,2466.71325411863,,mm,false
3,SSAT target,fiducial,ILIS +1 side,ILIS +1 side,p120,p120,x,2228.932247039176,,mm,false
3,SSAT target,fiducial,ILIS +1 side,ILIS +1 side,p120,p120,y,391.5231354554809,,mm,false
3,SSAT target,fiducial,ILIS +1 side,ILIS +1 side,p120,p120,z,2473.17154910214,,mm,false
3,SSAT target,fiducial,ILIS +1 side,ILIS +1 side,p121,p121,x,2198.418670197575,,mm,false
3,SSAT target,fiducial,ILIS +1 side,ILIS +1 side,p121,p121,y,386.1607534699359,,mm,false
3,SSAT target,fiducial,ILIS +1 side,ILIS +1 side,p121,p121,z,2157.501307571879,,mm,false
3,SSAT target,fiducial,ILIS +1 side,ILIS +1 side,p122,p122,x,2454.577056119359,,mm,false
3,SSAT target,fiducial,ILIS +1 side,ILIS +1 side,p122,p122,y,431.3884434520212,,mm,false
3,SSAT target,fiducial,ILIS +1 side,ILIS +1 side,p122,p122,z,2190.243313937267,,mm,false
3,SSAT target,fiducial,ILIS +1 side,ILIS +1 side,p123,p123,x,2768.546874847098,,mm,false
3,SSAT target,fiducial,ILIS +1 side,ILIS +1 side,p123,p123,y,486.8116792435109,,mm,false
3,SSAT target,fiducial,ILIS +1 side,ILIS +1 side,p123,p123,z,2140.47577368791,,mm,false
3,SSAT target,fiducial,ILIS +1 side,ILIS +1 side,p124,p124,x,2997.616058692164,,mm,false
3,SSAT target,fiducial,ILIS +1 side,ILIS +1 side,p124,p124,y,527.3563880093606,,mm,false
3,SSAT target,fiducial,ILIS +1 side,ILIS +1 side,p124,p124,z,2138.267560915571,,mm,false
3,SSAT target,fiducial,ILIS +1 side,ILIS +1 side,p125,p125,x,3008.792127844071,,mm,false
3,SSAT target,fiducial,ILIS +1 side,ILIS +1 side,p125,p125,y,529.2955764577521,,mm,false
3,SSAT target,fiducial,ILIS +1 side,ILIS +1 side,p125,p125,z,1832.557650009049,,mm,false
3,SSAT target,fiducial,ILIS +1 side,ILIS +1 side,p126,p126,x,2775.753477899341,,mm,false
3,SSAT target,fiducial,ILIS +1 side,ILIS +1 side,p126,p126,y,488.0989919321075,,mm,false
3,SSAT target,fiducial,ILIS +1 side,ILIS +1 side,p126,p126,z,1808.745828252637,,mm,false
3,SSAT target,fiducial,ILIS +1 side,ILIS +1 side,p127,p127,x,2522.584421914664,,mm,false
3,SSAT target,fiducial,ILIS +1 side,ILIS +1 side,p127,p127,y,443.3936354315366,,mm,false
3,SSAT target,fiducial,ILIS +1 side,ILIS +1 side,p127,p127,z,1808.973845761387,,mm,false
3,SSAT target,fiducial,ILIS +1 side,ILIS +1 side,p128,p128,x,2221.365765215835,,mm,false
3,SSAT target,fiducial,ILIS +1 side,ILIS +1 side,p128,p128,y,390.166506750424,,mm,false
3,SSAT target,fiducial,ILIS +1 side,ILIS +1 side,p128,p128,z,1798.271489529336,,mm,false
3,SSAT target,fiducial,ILIS +1 side,ILIS +1 side,p129,p129,x,2238.320797209255,,mm,false
3,SSAT target,fiducial,ILIS +1 side,ILIS +1 side,p129,p129,y,393.1993106867496,,mm,false
3,SSAT target,fiducial,ILIS +1 side,ILIS +1 side,p129,p129,z,1543.291618970137,,mm,false
3,SSAT target,fiducial,ILIS +1 side,ILIS +1 side,p130,p130,x,2474.440054768989,,mm,false
3,SSAT target,fiducial,ILIS +1 side,ILIS +1 side,p130,p130,y,434.9138296179809,,mm,false
3,SSAT target,fiducial,ILIS +1 side,ILIS +1 side,p130,p130,z,1536.153466563815,,mm,false
3,SSAT target,fiducial,ILIS +1 side,ILIS +1 side,p131,p131,x,2762.569001040339,,mm,false
3,SSAT target,fiducial,ILIS +1 side,ILIS +1 side,p131,p131,y,485.7598570623543,,mm,false
3,SSAT target,fiducial,ILIS +1 side,ILIS +1 side,p131,p131,z,1534.8957250611,,mm,false
3,SSAT target,fiducial,ILIS +1 side,ILIS +1 side,p132,p132,x,2967.948257087894,,mm,false
3,SSAT target,fiducial,ILIS +1 side,ILIS +1 side,p132,p132,y,522.0541250864418,,mm,false
3,SSAT target,fiducial,ILIS +1 side,ILIS +1 side,p132,p132,z,1533.58733140921,,mm,false
3,SSAT target,fiducial,ILIS +1 side,ILIS +1 side,p133,p133,x,2977.398477977823,,mm,false
3,SSAT target,fiducial,ILIS +1 side,ILIS +1 side,p133,p133,y,523.6523437188762,,mm,false
3,SSAT target,fiducial,ILIS +1 side,ILIS +1 side,p133,p133,z,2521.477412806089,,mm,false
3,SSAT target,fiducial,ILIS +1 side,ILIS +1 side,p134,p134,x,2734.559214566421,,mm,false
3,SSAT target,fiducial,ILIS +1 side,ILIS +1 side,p134,p134,y,480.8477820217904,,mm,false
3,SSAT target,fiducial,ILIS +1 side,ILIS +1 side,p134,p134,z,2530.065505942976,,mm,false
3,SSAT target,fiducial,ILIS +1 side,ILIS +1 side,p135,p135,x,2424.560473252359,,mm,false
3,SSAT target,fiducial,ILIS +1 side,ILIS +1 side,p135,p135,y,426.0508732503934,,mm,false
3,SSAT target,fiducial,ILIS +1 side,ILIS +1 side,p135,p135,z,2525.263082305241,,mm,false
3,SSAT target,fiducial,ILIS +1 side,ILIS +1 side,p136,p136,x,2224.25093479247,,mm,false
3,SSAT target,fiducial,ILIS +1 side,ILIS +1 side,p136,p136,y,390.7076161441972,,mm,false
3,SSAT target,fiducial,ILIS +1 side,ILIS +1 side,p136,p136,z,2539.691511849437,,mm,false
3,SSAT target,fiducial,ILIS +1 side,ILIS +1 side,p137,p137,x,2229.875252969741,,mm,false
3,SSAT target,fiducial,ILIS +1 side,ILIS +1 side,p137,p137,y,391.7272336613564,,mm,false
3,SSAT target,fiducial,ILIS +1 side,ILIS +1 side,p137,p137,z,2822.881554797912,,mm,false
3,SSAT target,fiducial,ILIS +1 side,ILIS +1 side,p138,p138,x,2476.334499278074,,mm,false
3,SSAT target,fiducial,ILIS +1 side,ILIS +1 side,p138,p138,y,435.2718769951699,,mm,false
3,SSAT target,fiducial,ILIS +1 side,ILIS +1 side,p138,p138,z,2814.363483064265,,mm,false
3,SSAT target,fiducial,ILIS +1 side,ILIS +1 side,p139,p139,x,2772.583573125361,,mm,false
3,SSAT target,fiducial,ILIS +1 side,ILIS +1 side,p139,p139,y,487.5375335101148,,mm,false
3,SSAT target,fiducial,ILIS +1 side,ILIS +1 side,p139,p139,z,2805.215806108551,,mm,false
3,SSAT target,fiducial,ILIS +1 side,ILIS +1 side,p140,p140,x,2996.412690453906,,mm,false
3,SSAT target,fiducial,ILIS +1 side,ILIS +1 side,p140,p140,y,527.0724340284127,,mm,false
3,SSAT target,fiducial,ILIS +1 side,ILIS +1 side,p140,p140,z,2807.407558132163,,mm,false
3,SSAT target,fiducial,ILIS +1 side,ILIS +1 side,p141,p141,x,2998.675915776712,,mm,false
3,SSAT target,fiducial,ILIS +1 side,ILIS +1 side,p141,p141,y,527.5057877315921,,mm,false
3,SSAT target,fiducial,ILIS +1 side,ILIS +1 side,p141,p141,z,3145.897574403996,,mm,false
3,SSAT target,fiducial,ILIS +1 side,ILIS +1 side,p142,p142,x,2761.476209554203,,mm,false
3,SSAT target,fiducial,ILIS +1 side,ILIS +1 side,p142,p142,y,485.5628081223628,,mm,false
3,SSAT target,fiducial,ILIS +1 side,ILIS +1 side,p142,p142,z,3175.725721001716,,mm,false
3,SSAT target,fiducial,ILIS +1 side,ILIS +1 side,p143,p143,x,2436.686804124738,,mm,false
3,SSAT target,fiducial,ILIS +1 side,ILIS +1 side,p143,p143,y,428.2480572705753,,mm,false
3,SSAT target,fiducial,ILIS +1 side,ILIS +1 side,p143,p143,z,3206.823175167166,,mm,false
3,SSAT target,fiducial,ILIS +1 side,ILIS +1 side,p144,p144,x,2241.327673859296,,mm,false
3,SSAT target,fiducial,ILIS +1 side,ILIS +1 side,p144,p144,y,393.6934414227504,,mm,false
3,SSAT target,fiducial,ILIS +1 side,ILIS +1 side,p144,p144,z,3199.991649309856,,mm,false
3,SSAT target,fiducial,ILIS +1 side,ILIS +1 side,p145,p145,x,2970.199737372644,,mm,false
3,SSAT target,fiducial,ILIS +1 side,ILIS +1 side,p145,p145,y,522.4168387541603,,mm,false
3,SSAT target,fiducial,ILIS +1 side,ILIS +1 side,p145,p145,z,3460.417356392037,,mm,false
3,SSAT target,fiducial,ILIS +1 side,ILIS +1 side,p146,p146,x,2738.070578831744,,mm,false
3,SSAT target,fiducial,ILIS +1 side,ILIS +1 side,p146,p146,y,481.4520085957611,,mm,false
3,SSAT target,fiducial,ILIS +1 side,ILIS +1 side,p146,p146,z,3461.805536923315,,mm,false
3,SSAT target,fiducial,ILIS +1 side,ILIS +1 side,p147,p147,x,2472.811779480688,,mm,false
3,SSAT target,fiducial,ILIS +1 side,ILIS +1 side,p147,p147,y,434.6556643393955,,mm,false
3,SSAT target,fiducial,ILIS +1 side,ILIS +1 side,p147,p147,z,3451.41345671405,,mm,false
3,SSAT target,fiducial,ILIS +1 side,ILIS +1 side,p148,p148,x,2263.302707429788,,mm,false
3,SSAT target,fiducial,ILIS +1 side,ILIS +1 side,p148,p148,y,397.6307282577146,,mm,false
3,SSAT target,fiducial,ILIS +1 side,ILIS +1 side,p148,p148,z,3444.291818102174,,mm,false
3,SSAT target,fiducial,ILIS +1 side,ILIS +1 side,p149,p149,x,3015.878425296193,,mm,false
3,SSAT target,fiducial,ILIS +1 side,ILIS +1 side,p149,p149,y,530.5417340067381,,mm,false
3,SSAT target,fiducial,ILIS +1 side,ILIS +1 side,p149,p149,z,3517.437710185376,,mm,false
3,SSAT target,fiducial,ILIS +1 side,ILIS +1 side,p150,p150,x,2812.849202536288,,mm,false
3,SSAT target,fiducial,ILIS +1 side,ILIS +1 side,p150,p150,y,494.6473719507632,,mm,false
3,SSAT target,fiducial,ILIS +1 side,ILIS +1 side,p150,p150,z,3516.656123271902,,mm,false
3,SSAT target,fiducial,ILIS +1 side,ILIS +1 side,p151,p151,x,2652.079830207844,,mm,false
3,SSAT target,fiducial,ILIS +1 side,ILIS +1 side,p151,p151,y,466.2538736147031,,mm,false
3,SSAT target,fiducial,ILIS +1 side,ILIS +1 side,p151,p151,z,3515.394864631347,,mm,false
3,SSAT target,fiducial,ILIS +1 side,ILIS +1 side,p152,p152,x,2842.994467983827,,mm,false
3,SSAT target,fiducial,ILIS +1 side,ILIS +1 side,p152,p152,y,499.8739391522186,,mm,false
3,SSAT target,fiducial,ILIS +1 side,ILIS +1 side,p152,p152,z,3747.986366574385,,mm,false
3,SSAT target,fiducial,ILIS +1 side,ILIS +1 side,p153,p153,x,3020.179231778765,,mm,false
3,SSAT target,fiducial,ILIS +1 side,ILIS +1 side,p153,p153,y,531.3134386174031,,mm,false
3,SSAT target,fiducial,ILIS +1 side,ILIS +1 side,p153,p153,z,3976.58774419996,,mm,false
3,SSAT target,fiducial,ILIS +1 side,ILIS +1 side,p154,p154,x,3012.432769755756,,mm,false
3,SSAT target,fiducial,ILIS +1 side,ILIS +1 side,p154,p154,y,529.8611927934999,,mm,false
3,SSAT target,fiducial,ILIS +1 side,ILIS +1 side,p154,p154,z,3801.117688896518,,mm,false
3,SSAT target,fiducial,ILIS +1 side,ILIS +1 side,p155,p155,x,2828.659850803746,,mm,false
3,SSAT target,fiducial,ILIS +1 side,ILIS +1 side,p155,p155,y,497.4497173912231,,mm,false
3,SSAT target,fiducial,ILIS +1 side,ILIS +1 side,p155,p155,z,3981.566247555505,,mm,false
3,SSAT target,fiducial,ILIS +1 side,ILIS +1 side,p156,p156,x,2618.934516000956,,mm,false
3,SSAT target,fiducial,ILIS +1 side,ILIS +1 side,p156,p156,y,460.2819131216731,,mm,false
3,SSAT target,fiducial,ILIS +1 side,ILIS +1 side,p156,p156,z,3787.614613977342,,mm,false
3,SSAT target,fiducial,ILIS +1 side,ILIS +1 side,p157,p157,x,2628.590841330999,,mm,false
3,SSAT target,fiducial,ILIS +1 side,ILIS +1 side,p157,p157,y,462.0346483879606,,mm,false
3,SSAT target,fiducial,ILIS +1 side,ILIS +1 side,p157,p157,z,3969.604686784093,,mm,false
3,SSAT target,fiducial,ILIS +1 side,ILIS +1 side,p158,p158,x,2387.725403599634,,mm,false
3,SSAT target,fiducial,ILIS +1 side,ILIS +1 side,p158,p158,y,419.5069296686701,,mm,false
3,SSAT target,fiducial,ILIS +1 side,ILIS +1 side,p158,p158,z,3786.492799821475,,mm,false
3,SSAT target,fiducial,ILIS +1 side,ILIS +1 side,p159,p159,x,2393.101552431618,,mm,false
3,SSAT target,fiducial,ILIS +1 side,ILIS +1 side,p159,p159,y,420.6102295778859,,mm,false
3,SSAT target,fiducial,ILIS +1 side,ILIS +1 side,p159,p159,z,3978.002831812091,,mm,false
3,SSAT target,fiducial,ILIS +1 side,ILIS +1 side,p160,p160,x,2574.360912897596,,mm,false
3,SSAT target,fiducial,ILIS +1 side,ILIS +1 side,p160,p160,y,452.4639506552211,,mm,false
3,SSAT target,fiducial,ILIS +1 side,ILIS +1 side,p160,p160,z,3976.184261771618,,mm,false
3,SSAT target,fiducial,ILIS +1 side,ILIS +1 side,p161,p161,x,2573.104409669737,,mm,false
3,SSAT target,fiducial,ILIS +1 side,ILIS +1 side,p161,p161,y,452.3318879924036,,mm,false
3,SSAT target,fiducial,ILIS +1 side,ILIS +1 side,p161,p161,z,3801.374245299187,,mm,false
3,SSAT target,fiducial,ILIS +1 side,ILIS +1 side,p162,p162,x,2205.35208395631,,mm,false
3,SSAT target,fiducial,ILIS +1 side,ILIS +1 side,p162,p162,y,387.5168334630866,,mm,false
3,SSAT target,fiducial,ILIS +1 side,ILIS +1 side,p162,p162,z,3986.541357494435,,mm,false
3,SSAT target,fiducial,ILIS +1 side,ILIS +1 side,p163,p163,x,2582.729940972531,,mm,false
3,SSAT target,fiducial,ILIS +1 side,ILIS +1 side,p163,p163,y,454.072910800976,,mm,false
3,SSAT target,fiducial,ILIS +1 side,ILIS +1 side,p163,p163,z,3522.784317113119,,mm,false
3,SSAT target,fiducial,ILIS +1 side,ILIS +1 side,p164,p164,x,2405.180672686462,,mm,false
3,SSAT target,fiducial,ILIS +1 side,ILIS +1 side,p164,p164,y,422.6789173088749,,mm,false
3,SSAT target,fiducial,ILIS +1 side,ILIS +1 side,p164,p164,z,3519.502929647499,,mm,false
3,SSAT target,fiducial,ILIS +1 side,ILIS +1 side,p165,p165,x,2196.581462091829,,mm,false
3,SSAT target,fiducial,ILIS +1 side,ILIS +1 side,p165,p165,y,385.8344645964817,,mm,false
3,SSAT target,fiducial,ILIS +1 side,ILIS +1 side,p165,p165,z,3519.121296813352,,mm,false
3,SSAT target,fiducial,ILIS +1 side,ILIS +1 side,p166,p166,x,2204.008058798934,,mm,false
3,SSAT target,fiducial,ILIS +1 side,ILIS +1 side,p166,p166,y,387.1562492104039,,mm,false
3,SSAT target,fiducial,ILIS +1 side,ILIS +1 side,p166,p166,z,3687.991354688584,,mm,false
3,SSAT target,fiducial,ILIS +1 side,ILIS +1 side,p167,p167,x,2986.488702944583,,mm,false
3,SSAT target,fiducial,ILIS +1 side,ILIS +1 side,p167,p167,y,525.4249758377655,,mm,false
3,SSAT target,fiducial,ILIS +1 side,ILIS +1 side,p167,p167,z,4009.297476283332,,mm,false
3,SSAT target,fiducial,ILIS +1 side,ILIS +1 side,p168,p168,x,2806.3191931133,,mm,false
3,SSAT target,fiducial,ILIS +1 side,ILIS +1 side,p168,p168,y,493.6117894573256,,mm,false
3,SSAT target,fiducial,ILIS +1 side,ILIS +1 side,p168,p168,z,4018.546065336729,,mm,false
3,SSAT target,fiducial,ILIS +1 side,ILIS +1 side,p169,p169,x,2622.089905143438,,mm,false
3,SSAT target,fiducial,ILIS +1 side,ILIS +1 side,p169,p169,y,460.9978111952544,,mm,false
3,SSAT target,fiducial,ILIS +1 side,ILIS +1 side,p169,p169,z,4017.544628349776,,mm,false
3,SSAT target,fiducial,ILIS +1 side,ILIS +1 side,p170,p170,x,2780.515333781829,,mm,false
3,SSAT target,fiducial,ILIS +1 side,ILIS +1 side,p170,p170,y,489.0148724994272,,mm,false
3,SSAT target,fiducial,ILIS +1 side,ILIS +1 side,p170,p170,z,4216.515866564298,,mm,false
3,SSAT target,fiducial,ILIS +1 side,ILIS +1 side,p171,p171,x,2989.734986301823,,mm,false
3,SSAT target,fiducial,ILIS +1 side,ILIS +1 side,p171,p171,y,525.8778146856489,,mm,false
3,SSAT target,fiducial,ILIS +1 side,ILIS +1 side,p171,p171,z,4194.767510470373,,mm,false
3,SSAT target,fiducial,ILIS +1 side,ILIS +1 side,p172,p172,x,2632.795859747098,,mm,false
3,SSAT target,fiducial,ILIS +1 side,ILIS +1 side,p172,p172,y,462.8618376755671,,mm,false
3,SSAT target,fiducial,ILIS +1 side,ILIS +1 side,p172,p172,z,4217.964714522058,,mm,false
3,SSAT target,fiducial,ILIS +1 side,ILIS +1 side,p173,p173,x,3001.720392633071,,mm,false
3,SSAT target,fiducial,ILIS +1 side,ILIS +1 side,p173,p173,y,528.0537342024578,,mm,false
3,SSAT target,fiducial,ILIS +1 side,ILIS +1 side,p173,p173,z,4422.287600812591,,mm,false
3,SSAT target,fiducial,ILIS +1 side,ILIS +1 side,p174,p174,x,2761.801021490264,,mm,false
3,SSAT target,fiducial,ILIS +1 side,ILIS +1 side,p174,p174,y,485.7295704638209,,mm,false
3,SSAT target,fiducial,ILIS +1 side,ILIS +1 side,p174,p174,z,4435.755719250777,,mm,false
3,SSAT target,fiducial,ILIS +1 side,ILIS +1 side,p175,p175,x,2615.711139829607,,mm,false
3,SSAT target,fiducial,ILIS +1 side,ILIS +1 side,p175,p175,y,459.947947258139,,mm,false
3,SSAT target,fiducial,ILIS +1 side,ILIS +1 side,p175,p175,z,4457.204574261141,,mm,false
3,SSAT target,fiducial,ILIS +1 side,ILIS +1 side,p176,p176,x,2559.940900129857,,mm,false
3,SSAT target,fiducial,ILIS +1 side,ILIS +1 side,p176,p176,y,450.0883102075283,,mm,false
3,SSAT target,fiducial,ILIS +1 side,ILIS +1 side,p176,p176,z,4479.664138394549,,mm,false
3,SSAT target,fiducial,ILIS +1 side,ILIS +1 side,p177,p177,x,2403.931492323541,,mm,false
3,SSAT target,fiducial,ILIS +1 side,ILIS +1 side,p177,p177,y,422.5849700265548,,mm,false
3,SSAT target,fiducial,ILIS +1 side,ILIS +1 side,p177,p177,z,4479.232913612952,,mm,false
3,SSAT target,fiducial,ILIS +1 side,ILIS +1 side,p178,p178,x,2266.152151042391,,mm,false
3,SSAT target,fiducial,ILIS +1 side,ILIS +1 side,p178,p178,y,398.1915602062041,,mm,false
3,SSAT target,fiducial,ILIS +1 side,ILIS +1 side,p178,p178,z,4472.171839086443,,mm,false
3,SSAT target,fiducial,ILIS +1 side,ILIS +1 side,p179,p179,x,2580.074881887465,,mm,false
3,SSAT target,fiducial,ILIS +1 side,ILIS +1 side,p179,p179,y,453.6347619007566,,mm,false
3,SSAT target,fiducial,ILIS +1 side,ILIS +1 side,p179,p179,z,4276.684296146674,,mm,false
3,SSAT target,fiducial,ILIS +1 side,ILIS +1 side,p180,p180,x,2389.84560735622,,mm,false
3,SSAT target,fiducial,ILIS +1 side,ILIS +1 side,p180,p180,y,420.0106838575088,,mm,false
3,SSAT target,fiducial,ILIS +1 side,ILIS +1 side,p180,p180,z,4276.082808775649,,mm,false
3,SSAT target,fiducial,ILIS +1 side,ILIS +1 side,p181,p181,x,2218.176016031179,,mm,false
3,SSAT target,fiducial,ILIS +1 side,ILIS +1 side,p181,p181,y,389.6078554864071,,mm,false
3,SSAT target,fiducial,ILIS +1 side,ILIS +1 side,p181,p181,z,4287.91147063281,,mm,false
3,SSAT target,fiducial,ILIS +1 side,ILIS +1 side,p182,p182,x,2577.22005766254,,mm,false
3,SSAT target,fiducial,ILIS +1 side,ILIS +1 side,p182,p182,y,452.886926516549,,mm,false
3,SSAT target,fiducial,ILIS +1 side,ILIS +1 side,p182,p182,z,4018.524289908522,,mm,false
3,SSAT target,fiducial,ILIS +1 side,ILIS +1 side,p183,p183,x,2375.38068210527,,mm,false
3,SSAT target,fiducial,ILIS +1 side,ILIS +1 side,p183,p183,y,417.2230992135052,,mm,false
3,SSAT target,fiducial,ILIS +1 side,ILIS +1 side,p183,p183,z,4025.142710924913,,mm,false
3,SSAT target,fiducial,ILIS +1 side,ILIS +1 side,p184,p184,x,2211.251704921364,,mm,false
3,SSAT target,fiducial,ILIS +1 side,ILIS +1 side,p184,p184,y,388.3682021206927,,mm,false
3,SSAT target,fiducial,ILIS +1 side,ILIS +1 side,p184,p184,z,4004.601416848643,,mm,false
3,SSAT target,fiducial,ILIS -1 side,ILIS -1 side,p1,p1,x,2582.480252244402,,mm,false
3,SSAT target,fiducial,ILIS -1 side,ILIS -1 side,p1,p1,y,-454.6617397097041,,mm,false
3,SSAT target,fiducial,ILIS -1 side,ILIS -1 side,p1,p1,z,4472.026882275874,,mm,false
3,SSAT target,fiducial,ILIS -1 side,ILIS -1 side,p2,p2,x,2584.174785866266,,mm,false
3,SSAT target,fiducial,ILIS -1 side,ILIS -1 side,p2,p2,y,-454.8273090313554,,mm,false
3,SSAT target,fiducial,ILIS -1 side,ILIS -1 side,p2,p2,z,4245.376926964597,,mm,false
3,SSAT target,fiducial,ILIS -1 side,ILIS -1 side,p3,p3,x,2578.339197107504,,mm,false
3,SSAT target,fiducial,ILIS -1 side,ILIS -1 side,p3,p3,y,-453.8127028415265,,mm,false
3,SSAT target,fiducial,ILIS -1 side,ILIS -1 side,p3,p3,z,4023.596739891635,,mm,false
3,SSAT target,fiducial,ILIS -1 side,ILIS -1 side,p4,p4,x,2395.35855285078,,mm,false
3,SSAT target,fiducial,ILIS -1 side,ILIS -1 side,p4,p4,y,-421.57672290895,,mm,false
3,SSAT target,fiducial,ILIS -1 side,ILIS -1 side,p4,p4,z,4021.600862846117,,mm,false
3,SSAT target,fiducial,ILIS -1 side,ILIS -1 side,p5,p5,x,2398.35411262377,,mm,false
3,SSAT target,fiducial,ILIS -1 side,ILIS -1 side,p5,p5,y,-422.1013253350616,,mm,false
3,SSAT target,fiducial,ILIS -1 side,ILIS -1 side,p5,p5,z,4244.310959415493,,mm,false
3,SSAT target,fiducial,ILIS -1 side,ILIS -1 side,p6,p6,x,2412.459698639899,,mm,false
3,SSAT target,fiducial,ILIS -1 side,ILIS -1 side,p6,p6,y,-424.6256362239742,,mm,false
3,SSAT target,fiducial,ILIS -1 side,ILIS -1 side,p6,p6,z,4467.831415744836,,mm,false
3,SSAT target,fiducial,ILIS -1 side,ILIS -1 side,p7,p7,x,2190.807778247029,,mm,false
3,SSAT target,fiducial,ILIS -1 side,ILIS -1 side,p7,p7,y,-385.5810265230838,,mm,false
3,SSAT target,fiducial,ILIS -1 side,ILIS -1 side,p7,p7,z,4022.134295786162,,mm,false
3,SSAT target,fiducial,ILIS -1 side,ILIS -1 side,p8,p8,x,2223.953366255812,,mm,false
3,SSAT target,fiducial,ILIS -1 side,ILIS -1 side,p8,p8,y,-391.3547027084308,,mm,false
3,SSAT target,fiducial,ILIS -1 side,ILIS -1 side,p8,p8,z,4249.005356432641,,mm,false
3,SSAT target,fiducial,ILIS -1 side,ILIS -1 side,p9,p9,x,2254.739025406737,,mm,false
3,SSAT target,fiducial,ILIS -1 side,ILIS -1 side,p9,p9,y,-396.7886988733369,,mm,false
3,SSAT target,fiducial,ILIS -1 side,ILIS -1 side,p9,p9,z,4471.95634650966,,mm,false
3,SSAT target,fiducial,ILIS -1 side,ILIS -1 side,p10,p10,x,2627.960426866331,,mm,false
3,SSAT target,fiducial,ILIS -1 side,ILIS -1 side,p10,p10,y,-462.570797979835,,mm,false
3,SSAT target,fiducial,ILIS -1 side,ILIS -1 side,p10,p10,z,4471.688335915004,,mm,false
3,SSAT target,fiducial,ILIS -1 side,ILIS -1 side,p11,p11,x,2625.144864743846,,mm,false
3,SSAT target,fiducial,ILIS -1 side,ILIS -1 side,p11,p11,y,-462.0861807176533,,mm,false
3,SSAT target,fiducial,ILIS -1 side,ILIS -1 side,p11,p11,z,4249.138245696996,,mm,false
3,SSAT target,fiducial,ILIS -1 side,ILIS -1 side,p12,p12,x,2628.399361478432,,mm,false
3,SSAT target,fiducial,ILIS -1 side,ILIS -1 side,p12,p12,y,-462.6515606410956,,mm,false
3,SSAT target,fiducial,ILIS -1 side,ILIS -1 side,p12,p12,z,4024.75834910074,,mm,false
3,SSAT target,fiducial,ILIS -1 side,ILIS -1 side,p13,p13,x,2809.300979667601,,mm,false
3,SSAT target,fiducial,ILIS -1 side,ILIS -1 side,p13,p13,y,-494.5565159652347,,mm,false
3,SSAT target,fiducial,ILIS -1 side,ILIS -1 side,p13,p13,z,4477.994162957395,,mm,false
3,SSAT target,fiducial,ILIS -1 side,ILIS -1 side,p14,p14,x,2834.625708002601,,mm,false
3,SSAT target,fiducial,ILIS -1 side,ILIS -1 side,p14,p14,y,-498.9719439231604,,mm,false
3,SSAT target,fiducial,ILIS -1 side,ILIS -1 side,p14,p14,z,4246.11497257864,,mm,false
3,SSAT target,fiducial,ILIS -1 side,ILIS -1 side,p15,p15,x,2829.810139090773,,mm,false
3,SSAT target,fiducial,ILIS -1 side,ILIS -1 side,p15,p15,y,-498.1673691032708,,mm,false
3,SSAT target,fiducial,ILIS -1 side,ILIS -1 side,p15,p15,z,4023.564820353542,,mm,false
3,SSAT target,fiducial,ILIS -1 side,ILIS -1 side,p16,p16,x,2982.962276478528,,mm,false
3,SSAT target,fiducial,ILIS -1 side,ILIS -1 side,p16,p16,y,-525.1050649239445,,mm,false
3,SSAT target,fiducial,ILIS -1 side,ILIS -1 side,p16,p16,z,4445.549737450628,,mm,false
3,SSAT target,fiducial,ILIS -1 side,ILIS -1 side,p17,p17,x,3012.226290612866,,mm,false
3,SSAT target,fiducial,ILIS -1 side,ILIS -1 side,p17,p17,y,-530.327889994898,,mm,false
3,SSAT target,fiducial,ILIS -1 side,ILIS -1 side,p17,p17,z,4250.260681497603,,mm,false
3,SSAT target,fiducial,ILIS -1 side,ILIS -1 side,p18,p18,x,3011.820889853762,,mm,false
3,SSAT target,fiducial,ILIS -1 side,ILIS -1 side,p18,p18,y,-530.213750369064,,mm,false
3,SSAT target,fiducial,ILIS -1 side,ILIS -1 side,p18,p18,z,4020.030664943788,,mm,false
3,SSAT target,fiducial,ILIS -1 side,ILIS -1 side,p19,p19,x,2624.259306499443,,mm,false
3,SSAT target,fiducial,ILIS -1 side,ILIS -1 side,p19,p19,y,-461.9059615264235,,mm,false
3,SSAT target,fiducial,ILIS -1 side,ILIS -1 side,p19,p19,z,3526.398213730011,,mm,false
3,SSAT target,fiducial,ILIS -1 side,ILIS -1 side,p20,p20,x,2812.300084848014,,mm,false
3,SSAT target,fiducial,ILIS -1 side,ILIS -1 side,p20,p20,y,-495.0922265330003,,mm,false
3,SSAT target,fiducial,ILIS -1 side,ILIS -1 side,p20,p20,z,3522.694257334923,,mm,false
3,SSAT target,fiducial,ILIS -1 side,ILIS -1 side,p21,p21,x,3010.030791350984,,mm,false
3,SSAT target,fiducial,ILIS -1 side,ILIS -1 side,p21,p21,y,-529.9979127312782,,mm,false
3,SSAT target,fiducial,ILIS -1 side,ILIS -1 side,p21,p21,z,3524.41061302754,,mm,false
3,SSAT target,fiducial,ILIS -1 side,ILIS -1 side,p22,p22,x,3008.23626780332,,mm,false
3,SSAT target,fiducial,ILIS -1 side,ILIS -1 side,p22,p22,y,-529.5723992365193,,mm,false
3,SSAT target,fiducial,ILIS -1 side,ILIS -1 side,p22,p22,z,3750.280548440606,,mm,false
3,SSAT target,fiducial,ILIS -1 side,ILIS -1 side,p23,p23,x,2798.555030355107,,mm,false
3,SSAT target,fiducial,ILIS -1 side,ILIS -1 side,p23,p23,y,-492.6752832127628,,mm,false
3,SSAT target,fiducial,ILIS -1 side,ILIS -1 side,p23,p23,z,3773.013816822339,,mm,false
3,SSAT target,fiducial,ILIS -1 side,ILIS -1 side,p24,p24,x,2629.30421510747,,mm,false
3,SSAT target,fiducial,ILIS -1 side,ILIS -1 side,p24,p24,y,-462.8082497276573,,mm,false
3,SSAT target,fiducial,ILIS -1 side,ILIS -1 side,p24,p24,z,3782.088377352194,,mm,false
3,SSAT target,fiducial,ILIS -1 side,ILIS -1 side,p25,p25,x,2619.270435142332,,mm,false
3,SSAT target,fiducial,ILIS -1 side,ILIS -1 side,p25,p25,y,-461.0855673847049,,mm,false
3,SSAT target,fiducial,ILIS -1 side,ILIS -1 side,p25,p25,z,3969.378058662074,,mm,false
3,SSAT target,fiducial,ILIS -1 side,ILIS -1 side,p26,p26,x,2816.041126358826,,mm,false
3,SSAT target,fiducial,ILIS -1 side,ILIS -1 side,p26,p26,y,-495.751238841259,,mm,false
3,SSAT target,fiducial,ILIS -1 side,ILIS -1 side,p26,p26,z,3971.604378641173,,mm,false
3,SSAT target,fiducial,ILIS -1 side,ILIS -1 side,p27,p27,x,3011.631888501783,,mm,false
3,SSAT target,fiducial,ILIS -1 side,ILIS -1 side,p27,p27,y,-530.2271935317711,,mm,false
3,SSAT target,fiducial,ILIS -1 side,ILIS -1 side,p27,p27,z,3970.080661963104,,mm,false
3,SSAT target,fiducial,ILIS -1 side,ILIS -1 side,p28,p28,x,2982.090705016733,,mm,false
3,SSAT target,fiducial,ILIS -1 side,ILIS -1 side,p28,p28,y,-524.9574725254793,,mm,false
3,SSAT target,fiducial,ILIS -1 side,ILIS -1 side,p28,p28,z,2522.7397049254,,mm,false
3,SSAT target,fiducial,ILIS -1 side,ILIS -1 side,p29,p29,x,2744.389706276485,,mm,false
3,SSAT target,fiducial,ILIS -1 side,ILIS -1 side,p29,p29,y,-483.0521394959302,,mm,false
3,SSAT target,fiducial,ILIS -1 side,ILIS -1 side,p29,p29,z,2528.212068360977,,mm,false
3,SSAT target,fiducial,ILIS -1 side,ILIS -1 side,p30,p30,x,2446.718624740953,,mm,false
3,SSAT target,fiducial,ILIS -1 side,ILIS -1 side,p30,p30,y,-430.6985576184293,,mm,false
3,SSAT target,fiducial,ILIS -1 side,ILIS -1 side,p30,p30,z,2526.732513677212,,mm,false
3,SSAT target,fiducial,ILIS -1 side,ILIS -1 side,p31,p31,x,3013.165125928876,,mm,false
3,SSAT target,fiducial,ILIS -1 side,ILIS -1 side,p31,p31,y,-530.4371937452678,,mm,false
3,SSAT target,fiducial,ILIS -1 side,ILIS -1 side,p31,p31,z,2807.690704081971,,mm,false
3,SSAT target,fiducial,ILIS -1 side,ILIS -1 side,p32,p32,x,2748.793918192318,,mm,false
3,SSAT target,fiducial,ILIS -1 side,ILIS -1 side,p32,p32,y,-483.8820466245789,,mm,false
3,SSAT target,fiducial,ILIS -1 side,ILIS -1 side,p32,p32,z,2818.682214282307,,mm,false
3,SSAT target,fiducial,ILIS -1 side,ILIS -1 side,p33,p33,x,2441.742467077839,,mm,false
3,SSAT target,fiducial,ILIS -1 side,ILIS -1 side,p33,p33,y,-429.7475208677949,,mm,false
3,SSAT target,fiducial,ILIS -1 side,ILIS -1 side,p33,p33,z,2833.802349519176,,mm,false
3,SSAT target,fiducial,ILIS -1 side,ILIS -1 side,p34,p34,x,2181.740626608199,,mm,false
3,SSAT target,fiducial,ILIS -1 side,ILIS -1 side,p34,p34,y,-383.9300474689907,,mm,false
3,SSAT target,fiducial,ILIS -1 side,ILIS -1 side,p34,p34,z,2877.233997930789,,mm,false
3,SSAT target,fiducial,ILIS -1 side,ILIS -1 side,p35,p35,x,2180.684584552341,,mm,false
3,SSAT target,fiducial,ILIS -1 side,ILIS -1 side,p35,p35,y,-383.6892738541295,,mm,false
3,SSAT target,fiducial,ILIS -1 side,ILIS -1 side,p35,p35,z,3179.273961020514,,mm,false
3,SSAT target,fiducial,ILIS -1 side,ILIS -1 side,p36,p36,x,2213.09865851857,,mm,false
3,SSAT target,fiducial,ILIS -1 side,ILIS -1 side,p36,p36,y,-389.3777562287975,,mm,false
3,SSAT target,fiducial,ILIS -1 side,ILIS -1 side,p36,p36,z,3481.805001373707,,mm,false
3,SSAT target,fiducial,ILIS -1 side,ILIS -1 side,p37,p37,x,2213.098662516311,,mm,false
3,SSAT target,fiducial,ILIS -1 side,ILIS -1 side,p37,p37,y,-389.377769999091,,mm,false
3,SSAT target,fiducial,ILIS -1 side,ILIS -1 side,p37,p37,z,3481.60500137422,,mm,false
3,SSAT target,fiducial,ILIS -1 side,ILIS -1 side,p38,p38,x,2468.049641914271,,mm,false
3,SSAT target,fiducial,ILIS -1 side,ILIS -1 side,p38,p38,y,-434.4124415901146,,mm,false
3,SSAT target,fiducial,ILIS -1 side,ILIS -1 side,p38,p38,z,3480.423198213973,,mm,false
3,SSAT target,fiducial,ILIS -1 side,ILIS -1 side,p39,p39,x,2770.010815218136,,mm,false
3,SSAT target,fiducial,ILIS -1 side,ILIS -1 side,p39,p39,y,-487.59618786747,,mm,false
3,SSAT target,fiducial,ILIS -1 side,ILIS -1 side,p39,p39,z,3478.192895799614,,mm,false
3,SSAT target,fiducial,ILIS -1 side,ILIS -1 side,p40,p40,x,2981.791606985238,,mm,false
3,SSAT target,fiducial,ILIS -1 side,ILIS -1 side,p40,p40,y,-524.8716963983966,,mm,false
3,SSAT target,fiducial,ILIS -1 side,ILIS -1 side,p40,p40,z,3478.15969549647,,mm,false
3,SSAT target,fiducial,ILIS -1 side,ILIS -1 side,p41,p41,x,3011.767112799404,,mm,false
3,SSAT target,fiducial,ILIS -1 side,ILIS -1 side,p41,p41,y,-530.1996372137186,,mm,false
3,SSAT target,fiducial,ILIS -1 side,ILIS -1 side,p41,p41,z,3208.350660811096,,mm,false
3,SSAT target,fiducial,ILIS -1 side,ILIS -1 side,p42,p42,x,2731.066110007687,,mm,false
3,SSAT target,fiducial,ILIS -1 side,ILIS -1 side,p42,p42,y,-480.7657530480694,,mm,false
3,SSAT target,fiducial,ILIS -1 side,ILIS -1 side,p42,p42,z,3206.031646360519,,mm,false
3,SSAT target,fiducial,ILIS -1 side,ILIS -1 side,p43,p43,x,2431.244806921035,,mm,false
3,SSAT target,fiducial,ILIS -1 side,ILIS -1 side,p43,p43,y,-427.8614938561601,,mm,false
3,SSAT target,fiducial,ILIS -1 side,ILIS -1 side,p43,p43,z,3215.052010808656,,mm,false
3,SSAT target,fiducial,ILIS -1 side,ILIS -1 side,p44,p44,x,3017.735050753248,,mm,false
3,SSAT target,fiducial,ILIS -1 side,ILIS -1 side,p44,p44,y,-531.2256760046172,,mm,false
3,SSAT target,fiducial,ILIS -1 side,ILIS -1 side,p44,p44,z,1811.650847157146,,mm,false
3,SSAT target,fiducial,ILIS -1 side,ILIS -1 side,p45,p45,x,2757.244073272974,,mm,false
3,SSAT target,fiducial,ILIS -1 side,ILIS -1 side,p45,p45,y,-485.3111928957376,,mm,false
3,SSAT target,fiducial,ILIS -1 side,ILIS -1 side,p45,p45,z,1811.802479001052,,mm,false
3,SSAT target,fiducial,ILIS -1 side,ILIS -1 side,p46,p46,x,2430.953125034337,,mm,false
3,SSAT target,fiducial,ILIS -1 side,ILIS -1 side,p46,p46,y,-427.7290597340581,,mm,false
3,SSAT target,fiducial,ILIS -1 side,ILIS -1 side,p46,p46,z,1798.101992218417,,mm,false
3,SSAT target,fiducial,ILIS -1 side,ILIS -1 side,p47,p47,x,3015.358997095178,,mm,false
3,SSAT target,fiducial,ILIS -1 side,ILIS -1 side,p47,p47,y,-530.8149028609748,,mm,false
3,SSAT target,fiducial,ILIS -1 side,ILIS -1 side,p47,p47,z,2114.090772157861,,mm,false
3,SSAT target,fiducial,ILIS -1 side,ILIS -1 side,p48,p48,x,2764.047898074471,,mm,false
3,SSAT target,fiducial,ILIS -1 side,ILIS -1 side,p48,p48,y,-486.5196879001364,,mm,false
3,SSAT target,fiducial,ILIS -1 side,ILIS -1 side,p48,p48,z,2122.042699004673,,mm,false
3,SSAT target,fiducial,ILIS -1 side,ILIS -1 side,p49,p49,x,2446.156727890905,,mm,false
3,SSAT target,fiducial,ILIS -1 side,ILIS -1 side,p49,p49,y,-430.506497247005,,mm,false
3,SSAT target,fiducial,ILIS -1 side,ILIS -1 side,p49,p49,z,2121.112488179525,,mm,false
3,SSAT target,fiducial,ILIS -1 side,ILIS -1 side,p50,p50,x,2979.941681671672,,mm,false
3,SSAT target,fiducial,ILIS -1 side,ILIS -1 side,p50,p50,y,-524.6409056430748,,mm,false
3,SSAT target,fiducial,ILIS -1 side,ILIS -1 side,p50,p50,z,2473.539640046669,,mm,false
3,SSAT target,fiducial,ILIS -1 side,ILIS -1 side,p51,p51,x,2749.66076207198,,mm,false
3,SSAT target,fiducial,ILIS -1 side,ILIS -1 side,p51,p51,y,-484.0255934776555,,mm,false
3,SSAT target,fiducial,ILIS -1 side,ILIS -1 side,p51,p51,z,2476.422240613183,,mm,false
3,SSAT target,fiducial,ILIS -1 side,ILIS -1 side,p52,p52,x,2442.489518766232,,mm,false
3,SSAT target,fiducial,ILIS -1 side,ILIS -1 side,p52,p52,y,-429.8317904538634,,mm,false
3,SSAT target,fiducial,ILIS -1 side,ILIS -1 side,p52,p52,z,2481.082369347352,,mm,false
3,SSAT target,fiducial,ILIS -1 side,ILIS -1 side,p53,p53,x,2574.879143312258,,mm,false
3,SSAT target,fiducial,ILIS -1 side,ILIS -1 side,p53,p53,y,-453.2170824112214,,mm,false
3,SSAT target,fiducial,ILIS -1 side,ILIS -1 side,p53,p53,z,3525.336628439758,,mm,false
3,SSAT target,fiducial,ILIS -1 side,ILIS -1 side,p54,p54,x,2579.903696145983,,mm,false
3,SSAT target,fiducial,ILIS -1 side,ILIS -1 side,p54,p54,y,-454.1381441036697,,mm,false
3,SSAT target,fiducial,ILIS -1 side,ILIS -1 side,p54,p54,z,3798.846792993436,,mm,false
3,SSAT target,fiducial,ILIS -1 side,ILIS -1 side,p55,p55,x,2580.510241147527,,mm,false
3,SSAT target,fiducial,ILIS -1 side,ILIS -1 side,p55,p55,y,-454.1662274287292,,mm,false
3,SSAT target,fiducial,ILIS -1 side,ILIS -1 side,p55,p55,z,3971.736807495397,,mm,false
3,SSAT target,fiducial,ILIS -1 side,ILIS -1 side,p56,p56,x,2407.929549615716,,mm,false
3,SSAT target,fiducial,ILIS -1 side,ILIS -1 side,p56,p56,y,-423.7997272918155,,mm,false
3,SSAT target,fiducial,ILIS -1 side,ILIS -1 side,p56,p56,z,3974.091267059058,,mm,false
3,SSAT target,fiducial,ILIS -1 side,ILIS -1 side,p57,p57,x,2398.97345243143,,mm,false
3,SSAT target,fiducial,ILIS -1 side,ILIS -1 side,p57,p57,y,-422.2034784187525,,mm,false
3,SSAT target,fiducial,ILIS -1 side,ILIS -1 side,p57,p57,z,3777.130977628014,,mm,false
3,SSAT target,fiducial,ILIS -1 side,ILIS -1 side,p58,p58,x,2381.018333291147,,mm,false
3,SSAT target,fiducial,ILIS -1 side,ILIS -1 side,p58,p58,y,-418.9809085518335,,mm,false
3,SSAT target,fiducial,ILIS -1 side,ILIS -1 side,p58,p58,z,3529.5103962134,,mm,false
3,SSAT target,fiducial,ILIS -1 side,ILIS -1 side,p59,p59,x,2184.787823507337,,mm,false
3,SSAT target,fiducial,ILIS -1 side,ILIS -1 side,p59,p59,y,-384.4258425449469,,mm,false
3,SSAT target,fiducial,ILIS -1 side,ILIS -1 side,p59,p59,z,3518.324094624148,,mm,false
3,SSAT target,fiducial,ILIS -1 side,ILIS -1 side,p60,p60,x,2186.683418728298,,mm,false
3,SSAT target,fiducial,ILIS -1 side,ILIS -1 side,p60,p60,y,-384.6806101485859,,mm,false
3,SSAT target,fiducial,ILIS -1 side,ILIS -1 side,p60,p60,z,3738.974150622841,,mm,false
3,SSAT target,fiducial,ILIS -1 side,ILIS -1 side,p61,p61,x,2187.488701480042,,mm,false
3,SSAT target,fiducial,ILIS -1 side,ILIS -1 side,p61,p61,y,-384.7343391937139,,mm,false
3,SSAT target,fiducial,ILIS -1 side,ILIS -1 side,p61,p61,z,3975.044171025431,,mm,false
3,SSAT target,fiducial,ILIS -1 side,ILIS -1 side,p62,p62,x,2216.85753917331,,mm,false
3,SSAT target,fiducial,ILIS -1 side,ILIS -1 side,p62,p62,y,-390.032668515827,,mm,false
3,SSAT target,fiducial,ILIS -1 side,ILIS -1 side,p62,p62,z,2537.86511917457,,mm,false
3,SSAT target,fiducial,ILIS -1 side,ILIS -1 side,p63,p63,x,2979.000695083605,,mm,false
3,SSAT target,fiducial,ILIS -1 side,ILIS -1 side,p63,p63,y,-524.3464443837303,,mm,false
3,SSAT target,fiducial,ILIS -1 side,ILIS -1 side,p63,p63,z,1521.949598517856,,mm,false
3,SSAT target,fiducial,ILIS -1 side,ILIS -1 side,p64,p64,x,2736.589582049501,,mm,false
3,SSAT target,fiducial,ILIS -1 side,ILIS -1 side,p64,p64,y,-481.6608746221725,,mm,false
3,SSAT target,fiducial,ILIS -1 side,ILIS -1 side,p64,p64,z,1532.311814096478,,mm,false
3,SSAT target,fiducial,ILIS -1 side,ILIS -1 side,p65,p65,x,2444.858526678749,,mm,false
3,SSAT target,fiducial,ILIS -1 side,ILIS -1 side,p65,p65,y,-430.2671866579644,,mm,false
3,SSAT target,fiducial,ILIS -1 side,ILIS -1 side,p65,p65,z,1530.542444235494,,mm,false
3,SSAT target,fiducial,ILIS -1 side,ILIS -1 side,p66,p66,x,2215.827691477099,,mm,false
3,SSAT target,fiducial,ILIS -1 side,ILIS -1 side,p66,p66,y,-389.8521240604964,,mm,false
3,SSAT target,fiducial,ILIS -1 side,ILIS -1 side,p66,p66,z,1529.415083566746,,mm,false
3,SSAT target,fiducial,ILIS -1 side,ILIS -1 side,p67,p67,x,2183.79193523593,,mm,false
3,SSAT target,fiducial,ILIS -1 side,ILIS -1 side,p67,p67,y,-384.2233862842421,,mm,false
3,SSAT target,fiducial,ILIS -1 side,ILIS -1 side,p67,p67,z,1811.434056391452,,mm,false
3,SSAT target,fiducial,ILIS -1 side,ILIS -1 side,p68,p68,x,2187.205058847075,,mm,false
3,SSAT target,fiducial,ILIS -1 side,ILIS -1 side,p68,p68,y,-384.7895847381024,,mm,false
3,SSAT target,fiducial,ILIS -1 side,ILIS -1 side,p68,p68,z,2156.0741644847,,mm,false
3,SSAT target,fiducial,ILIS -1 side,ILIS -1 side,p69,p69,x,2211.058593585482,,mm,false
3,SSAT target,fiducial,ILIS -1 side,ILIS -1 side,p69,p69,y,-389.0664944304977,,mm,false
3,SSAT target,fiducial,ILIS -1 side,ILIS -1 side,p69,p69,z,2484.084936600445,,mm,false
3,SSAT target,fiducial,ILIS -1 side,ILIS -1 side,p70,p70,x,2983.100536229346,,mm,false
3,SSAT target,fiducial,ILIS -1 side,ILIS -1 side,p70,p70,y,-525.194643997931,,mm,false
3,SSAT target,fiducial,ILIS -1 side,ILIS -1 side,p70,p70,z,530.1597363192172,,mm,false
3,SSAT target,fiducial,ILIS -1 side,ILIS -1 side,p71,p71,x,2699.909478930685,,mm,false
3,SSAT target,fiducial,ILIS -1 side,ILIS -1 side,p71,p71,y,-475.1606687738922,,mm,false
3,SSAT target,fiducial,ILIS -1 side,ILIS -1 side,p71,p71,z,529.9306307839,,mm,false
3,SSAT target,fiducial,ILIS -1 side,ILIS -1 side,p72,p72,x,2699.369482442735,,mm,false
3,SSAT target,fiducial,ILIS -1 side,ILIS -1 side,p72,p72,y,-475.0906974461353,,mm,false
3,SSAT target,fiducial,ILIS -1 side,ILIS -1 side,p72,p72,z,529.6806151717992,,mm,false
3,SSAT target,fiducial,ILIS -1 side,ILIS -1 side,p73,p73,x,2454.158512839209,,mm,false
3,SSAT target,fiducial,ILIS -1 side,ILIS -1 side,p73,p73,y,-431.8457220799786,,mm,false
3,SSAT target,fiducial,ILIS -1 side,ILIS -1 side,p73,p73,z,532.2727362490518,,mm,false
3,SSAT target,fiducial,ILIS -1 side,ILIS -1 side,p74,p74,x,3004.98295936881,,mm,false
3,SSAT target,fiducial,ILIS -1 side,ILIS -1 side,p74,p74,y,-528.9578038461826,,mm,false
3,SSAT target,fiducial,ILIS -1 side,ILIS -1 side,p74,p74,z,913.240433804097,,mm,false
3,SSAT target,fiducial,ILIS -1 side,ILIS -1 side,p75,p75,x,2698.121439317837,,mm,false
3,SSAT target,fiducial,ILIS -1 side,ILIS -1 side,p75,p75,y,-474.8430351428161,,mm,false
3,SSAT target,fiducial,ILIS -1 side,ILIS -1 side,p75,p75,z,931.8305742066622,,mm,false
3,SSAT target,fiducial,ILIS -1 side,ILIS -1 side,p76,p76,x,2465.540290380819,,mm,false
3,SSAT target,fiducial,ILIS -1 side,ILIS -1 side,p76,p76,y,-433.8470096003203,,mm,false
3,SSAT target,fiducial,ILIS -1 side,ILIS -1 side,p76,p76,z,945.783102610349,,mm,false
3,SSAT target,fiducial,ILIS -1 side,ILIS -1 side,p77,p77,x,3009.368051537934,,mm,false
3,SSAT target,fiducial,ILIS -1 side,ILIS -1 side,p77,p77,y,-529.7507463720306,,mm,false
3,SSAT target,fiducial,ILIS -1 side,ILIS -1 side,p77,p77,z,1159.630576684893,,mm,false
3,SSAT target,fiducial,ILIS -1 side,ILIS -1 side,p78,p78,x,2688.226351891534,,mm,false
3,SSAT target,fiducial,ILIS -1 side,ILIS -1 side,p78,p78,y,-473.1158462544818,,mm,false
3,SSAT target,fiducial,ILIS -1 side,ILIS -1 side,p78,p78,z,1184.53025814665,,mm,false
3,SSAT target,fiducial,ILIS -1 side,ILIS -1 side,p79,p79,x,2411.845174895313,,mm,false
3,SSAT target,fiducial,ILIS -1 side,ILIS -1 side,p79,p79,y,-424.4112170129557,,mm,false
3,SSAT target,fiducial,ILIS -1 side,ILIS -1 side,p79,p79,z,1191.701380278453,,mm,false
3,SSAT target,fiducial,ILIS -1 side,ILIS -1 side,p80,p80,x,2179.089112873369,,mm,false
3,SSAT target,fiducial,ILIS -1 side,ILIS -1 side,p80,p80,y,-383.3482755185262,,mm,false
3,SSAT target,fiducial,ILIS -1 side,ILIS -1 side,p80,p80,z,1451.393901210153,,mm,false
3,SSAT target,fiducial,ILIS -1 side,ILIS -1 side,p81,p81,x,2454.630041499488,,mm,false
3,SSAT target,fiducial,ILIS -1 side,ILIS -1 side,p81,p81,y,-431.9620736471074,,mm,false
3,SSAT target,fiducial,ILIS -1 side,ILIS -1 side,p81,p81,z,1456.552756060708,,mm,false
3,SSAT target,fiducial,ILIS -1 side,ILIS -1 side,p82,p82,x,2746.931042673015,,mm,false
3,SSAT target,fiducial,ILIS -1 side,ILIS -1 side,p82,p82,y,-483.495552599939,,mm,false
3,SSAT target,fiducial,ILIS -1 side,ILIS -1 side,p82,p82,z,1461.182146946334,,mm,false
3,SSAT target,fiducial,ILIS -1 side,ILIS -1 side,p83,p83,x,2754.411001567697,,mm,false
3,SSAT target,fiducial,ILIS -1 side,ILIS -1 side,p83,p83,y,-484.8551528852069,,mm,false
3,SSAT target,fiducial,ILIS -1 side,ILIS -1 side,p83,p83,z,1464.682390080486,,mm,false
3,SSAT target,fiducial,ILIS -1 side,ILIS -1 side,p84,p84,x,2978.43165534117,,mm,false
3,SSAT target,fiducial,ILIS -1 side,ILIS -1 side,p84,p84,y,-524.3497641040384,,mm,false
3,SSAT target,fiducial,ILIS -1 side,ILIS -1 side,p84,p84,z,1473.909587248592,,mm,false
3,SSAT target,fiducial,ILIS -1 side,ILIS -1 side,p85,p85,x,3019.188048163156,,mm,false
3,SSAT target,fiducial,ILIS -1 side,ILIS -1 side,p85,p85,y,-531.5492907256194,,mm,false
3,SSAT target,fiducial,ILIS -1 side,ILIS -1 side,p85,p85,z,161.0708942399782,,mm,false
3,SSAT target,fiducial,ILIS -1 side,ILIS -1 side,p86,p86,x,2704.276484791575,,mm,false
3,SSAT target,fiducial,ILIS -1 side,ILIS -1 side,p86,p86,y,-476.0146474108531,,mm,false
3,SSAT target,fiducial,ILIS -1 side,ILIS -1 side,p86,p86,z,180.3207759738582,,mm,false
3,SSAT target,fiducial,ILIS -1 side,ILIS -1 side,p87,p87,x,2412.865353614274,,mm,false
3,SSAT target,fiducial,ILIS -1 side,ILIS -1 side,p87,p87,y,-424.5806944631124,,mm,false
3,SSAT target,fiducial,ILIS -1 side,ILIS -1 side,p87,p87,z,182.3014097450791,,mm,false
3,SSAT target,fiducial,ILIS -1 side,ILIS -1 side,p88,p88,x,2468.269937405008,,mm,false
3,SSAT target,fiducial,ILIS -1 side,ILIS -1 side,p88,p88,y,-434.4301410398283,,mm,false
3,SSAT target,fiducial,ILIS -1 side,ILIS -1 side,p88,p88,z,463.7431960830496,,mm,false
3,SSAT target,fiducial,ILIS -1 side,ILIS -1 side,p89,p89,x,2765.391090937027,,mm,false
3,SSAT target,fiducial,ILIS -1 side,ILIS -1 side,p89,p89,y,-486.8139803883917,,mm,false
3,SSAT target,fiducial,ILIS -1 side,ILIS -1 side,p89,p89,z,461.6527418485637,,mm,false
3,SSAT target,fiducial,ILIS -1 side,ILIS -1 side,p90,p90,x,2978.131843046284,,mm,false
3,SSAT target,fiducial,ILIS -1 side,ILIS -1 side,p90,p90,y,-524.3493129424257,,mm,false
3,SSAT target,fiducial,ILIS -1 side,ILIS -1 side,p90,p90,z,463.8795786288558,,mm,false
3,SSAT target,fiducial,ILIS -1 side,ILIS -1 side,p91,p91,x,2183.267021163644,,mm,false
3,SSAT target,fiducial,ILIS -1 side,ILIS -1 side,p91,p91,y,-384.0698244491776,,mm,false
3,SSAT target,fiducial,ILIS -1 side,ILIS -1 side,p91,p91,z,556.1740321000784,,mm,false
3,SSAT target,fiducial,ILIS -1 side,ILIS -1 side,p92,p92,x,2184.578794932184,,mm,false
3,SSAT target,fiducial,ILIS -1 side,ILIS -1 side,p92,p92,y,-384.3014420258524,,mm,false
3,SSAT target,fiducial,ILIS -1 side,ILIS -1 side,p92,p92,z,967.9940753263381,,mm,false
3,SSAT target,fiducial,ILIS -1 side,ILIS -1 side,p93,p93,x,2180.374017184424,,mm,false
3,SSAT target,fiducial,ILIS -1 side,ILIS -1 side,p93,p93,y,-383.5951245385569,,mm,false
3,SSAT target,fiducial,ILIS -1 side,ILIS -1 side,p93,p93,z,1206.2839432597,,mm,false
3,SSAT target,fiducial,ILIS -1 side,ILIS -1 side,p94,p94,x,2980.120660306631,,mm,false
3,SSAT target,fiducial,ILIS -1 side,ILIS -1 side,p94,p94,y,-524.6540700069485,,mm,false
3,SSAT target,fiducial,ILIS -1 side,ILIS -1 side,p94,p94,z,-477.2603630530582,,mm,false
3,SSAT target,fiducial,ILIS -1 side,ILIS -1 side,p95,p95,x,2700.509430190682,,mm,false
3,SSAT target,fiducial,ILIS -1 side,ILIS -1 side,p95,p95,y,-475.3393709185167,,mm,false
3,SSAT target,fiducial,ILIS -1 side,ILIS -1 side,p95,p95,z,-468.079347484869,,mm,false
3,SSAT target,fiducial,ILIS -1 side,ILIS -1 side,p96,p96,x,2472.838586913169,,mm,false
3,SSAT target,fiducial,ILIS -1 side,ILIS -1 side,p96,p96,y,-435.1842326411822,,mm,false
3,SSAT target,fiducial,ILIS -1 side,ILIS -1 side,p96,p96,z,-468.5266630712235,,mm,false
3,SSAT target,fiducial,ILIS -1 side,ILIS -1 side,p97,p97,x,2212.107873034772,,mm,false
3,SSAT target,fiducial,ILIS -1 side,ILIS -1 side,p97,p97,y,-389.2306655302951,,mm,false
3,SSAT target,fiducial,ILIS -1 side,ILIS -1 side,p97,p97,z,-481.6050387443296,,mm,false
3,SSAT target,fiducial,ILIS -1 side,ILIS -1 side,p98,p98,x,2190.061766966539,,mm,false
3,SSAT target,fiducial,ILIS -1 side,ILIS -1 side,p98,p98,y,-385.3703814129084,,mm,false
3,SSAT target,fiducial,ILIS -1 side,ILIS -1 side,p98,p98,z,-180.2057444290289,,mm,false
3,SSAT target,fiducial,ILIS -1 side,ILIS -1 side,p99,p99,x,2469.092903600117,,mm,false
3,SSAT target,fiducial,ILIS -1 side,ILIS -1 side,p99,p99,y,-434.5747788469585,,mm,false
3,SSAT target,fiducial,ILIS -1 side,ILIS -1 side,p99,p99,z,-184.8267791752462,,mm,false
3,SSAT target,fiducial,ILIS -1 side,ILIS -1 side,p100,p100,x,2773.523716346996,,mm,false
3,SSAT target,fiducial,ILIS -1 side,ILIS -1 side,p100,p100,y,-488.277192758981,,mm,false
3,SSAT target,fiducial,ILIS -1 side,ILIS -1 side,p100,p100,z,-168.4669964659092,,mm,false
3,SSAT target,fiducial,ILIS -1 side,ILIS -1 side,p101,p101,x,3012.874317256149,,mm,false
3,SSAT target,fiducial,ILIS -1 side,ILIS -1 side,p101,p101,y,-530.4610999739568,,mm,false
3,SSAT target,fiducial,ILIS -1 side,ILIS -1 side,p101,p101,z,-153.7393076959214,,mm,false
3,SSAT target,fiducial,ILIS -1 side,ILIS -1 side,p102,p102,x,2176.7043194874,,mm,false
3,SSAT target,fiducial,ILIS -1 side,ILIS -1 side,p102,p102,y,-382.9951834762113,,mm,false
3,SSAT target,fiducial,ILIS -1 side,ILIS -1 side,p102,p102,z,189.8838259881926,,mm,false
3,SSAT target,fiducial,ILIS -1 side,ILIS -1 side,p103,p103,x,2172.209146664528,,mm,false
3,SSAT target,fiducial,ILIS -1 side,ILIS -1 side,p103,p103,y,-382.2075171462578,,mm,false
3,SSAT target,fiducial,ILIS -1 side,ILIS -1 side,p103,p103,z,447.8536825665246,,mm,false
3,SSAT target,fiducial,ILIS -1 side,ILIS -1 side,p104,p104,x,2975.620470266559,,mm,false
3,SSAT target,fiducial,ILIS -1 side,ILIS -1 side,p104,p104,y,-523.8724638284145,,mm,false
3,SSAT target,fiducial,ILIS -1 side,ILIS -1 side,p104,p104,z,-1469.220509370129,,mm,false
3,SSAT target,fiducial,ILIS -1 side,ILIS -1 side,p105,p105,x,2680.819356615867,,mm,false
3,SSAT target,fiducial,ILIS -1 side,ILIS -1 side,p105,p105,y,-471.8986826549803,,mm,false
3,SSAT target,fiducial,ILIS -1 side,ILIS -1 side,p105,p105,z,-1468.689980531956,,mm,false
3,SSAT target,fiducial,ILIS -1 side,ILIS -1 side,p106,p106,x,2431.368467106937,,mm,false
3,SSAT target,fiducial,ILIS -1 side,ILIS -1 side,p106,p106,y,-427.9541243110092,,mm,false
3,SSAT target,fiducial,ILIS -1 side,ILIS -1 side,p106,p106,z,-1470.847992384728,,mm,false
3,SSAT target,fiducial,ILIS -1 side,ILIS -1 side,p107,p107,x,2474.78230076848,,mm,false
3,SSAT target,fiducial,ILIS -1 side,ILIS -1 side,p107,p107,y,-435.5614052010239,,mm,false
3,SSAT target,fiducial,ILIS -1 side,ILIS -1 side,p107,p107,z,-1154.25660001237,,mm,false
3,SSAT target,fiducial,ILIS -1 side,ILIS -1 side,p108,p108,x,2774.073291022821,,mm,false
3,SSAT target,fiducial,ILIS -1 side,ILIS -1 side,p108,p108,y,-488.2946105081619,,mm,false
3,SSAT target,fiducial,ILIS -1 side,ILIS -1 side,p108,p108,z,-1147.806986798326,,mm,false
3,SSAT target,fiducial,ILIS -1 side,ILIS -1 side,p109,p109,x,3009.654144950287,,mm,false
3,SSAT target,fiducial,ILIS -1 side,ILIS -1 side,p109,p109,y,-529.9595072545264,,mm,false
3,SSAT target,fiducial,ILIS -1 side,ILIS -1 side,p109,p109,z,-1146.289409149276,,mm,false
3,SSAT target,fiducial,ILIS -1 side,ILIS -1 side,p110,p110,x,3005.207948444347,,mm,false
3,SSAT target,fiducial,ILIS -1 side,ILIS -1 side,p110,p110,y,-529.1183174225963,,mm,false
3,SSAT target,fiducial,ILIS -1 side,ILIS -1 side,p110,p110,z,-837.1595551456595,,mm,false
3,SSAT target,fiducial,ILIS -1 side,ILIS -1 side,p111,p111,x,2704.595939258567,,mm,false
3,SSAT target,fiducial,ILIS -1 side,ILIS -1 side,p111,p111,y,-476.1316486695624,,mm,false
3,SSAT target,fiducial,ILIS -1 side,ILIS -1 side,p111,p111,z,-792.8992120861635,,mm,false
3,SSAT target,fiducial,ILIS -1 side,ILIS -1 side,p112,p112,x,2406.595039774022,,mm,false
3,SSAT target,fiducial,ILIS -1 side,ILIS -1 side,p112,p112,y,-423.5787154910975,,mm,false
3,SSAT target,fiducial,ILIS -1 side,ILIS -1 side,p112,p112,z,-803.6987871121449,,mm,false
3,SSAT target,fiducial,ILIS -1 side,ILIS -1 side,p113,p113,x,2452.319827987667,,mm,false
3,SSAT target,fiducial,ILIS -1 side,ILIS -1 side,p113,p113,y,-431.5892061001356,,mm,false
3,SSAT target,fiducial,ILIS -1 side,ILIS -1 side,p113,p113,z,-534.43732090686,,mm,false
3,SSAT target,fiducial,ILIS -1 side,ILIS -1 side,p114,p114,x,2746.73073536741,,mm,false
3,SSAT target,fiducial,ILIS -1 side,ILIS -1 side,p114,p114,y,-483.5722843139711,,mm,false
3,SSAT target,fiducial,ILIS -1 side,ILIS -1 side,p114,p114,z,-524.6378568780877,,mm,false
3,SSAT target,fiducial,ILIS -1 side,ILIS -1 side,p115,p115,x,2974.611466022287,,mm,false
3,SSAT target,fiducial,ILIS -1 side,ILIS -1 side,p115,p115,y,-523.6570353209753,,mm,false
3,SSAT target,fiducial,ILIS -1 side,ILIS -1 side,p115,p115,z,-518.6305419283341,,mm,false
3,SSAT target,fiducial,ILIS -1 side,ILIS -1 side,p116,p116,x,2702.916070989556,,mm,false
3,SSAT target,fiducial,ILIS -1 side,ILIS -1 side,p116,p116,y,-475.8010581073195,,mm,false
3,SSAT target,fiducial,ILIS -1 side,ILIS -1 side,p116,p116,z,-1800.479271015715,,mm,false
3,SSAT target,fiducial,ILIS -1 side,ILIS -1 side,p117,p117,x,3010.597054927861,,mm,false
3,SSAT target,fiducial,ILIS -1 side,ILIS -1 side,p117,p117,y,-530.0639517967081,,mm,false
3,SSAT target,fiducial,ILIS -1 side,ILIS -1 side,p117,p117,z,-1792.089384770297,,mm,false
3,SSAT target,fiducial,ILIS -1 side,ILIS -1 side,p118,p118,x,2984.301461921856,,mm,false
3,SSAT target,fiducial,ILIS -1 side,ILIS -1 side,p118,p118,y,-525.5155755479566,,mm,false
3,SSAT target,fiducial,ILIS -1 side,ILIS -1 side,p118,p118,z,-1517.090222840734,,mm,false
3,SSAT target,fiducial,ILIS -1 side,ILIS -1 side,p119,p119,x,2671.710332159837,,mm,false
3,SSAT target,fiducial,ILIS -1 side,ILIS -1 side,p119,p119,y,-470.3523495363891,,mm,false
3,SSAT target,fiducial,ILIS -1 side,ILIS -1 side,p119,p119,z,-1519.140269206509,,mm,false
3,SSAT target,fiducial,ILIS -1 side,ILIS -1 side,p120,p120,x,2427.099500413596,,mm,false
3,SSAT target,fiducial,ILIS -1 side,ILIS -1 side,p120,p120,y,-427.2178282504572,,mm,false
3,SSAT target,fiducial,ILIS -1 side,ILIS -1 side,p120,p120,z,-1523.328128545778,,mm,false
3,SSAT target,fiducial,ILIS -1 side,ILIS -1 side,p121,p121,x,2215.227717871008,,mm,false
3,SSAT target,fiducial,ILIS -1 side,ILIS -1 side,p121,p121,y,-389.8289169246213,,mm,false
3,SSAT target,fiducial,ILIS -1 side,ILIS -1 side,p121,p121,z,-1473.844937742282,,mm,false
3,SSAT target,fiducial,ILIS -1 side,ILIS -1 side,p122,p122,x,2179.741574987869,,mm,false
3,SSAT target,fiducial,ILIS -1 side,ILIS -1 side,p122,p122,y,-383.4989717244123,,mm,false
3,SSAT target,fiducial,ILIS -1 side,ILIS -1 side,p122,p122,z,-1173.226082117689,,mm,false
3,SSAT target,fiducial,ILIS -1 side,ILIS -1 side,p123,p123,x,2982.590587384598,,mm,false
3,SSAT target,fiducial,ILIS -1 side,ILIS -1 side,p123,p123,y,-525.1515217050909,,mm,false
3,SSAT target,fiducial,ILIS -1 side,ILIS -1 side,p123,p123,z,-2474.360284564758,,mm,false
3,SSAT target,fiducial,ILIS -1 side,ILIS -1 side,p124,p124,x,2712.919515317646,,mm,false
3,SSAT target,fiducial,ILIS -1 side,ILIS -1 side,p124,p124,y,-477.5770289179708,,mm,false
3,SSAT target,fiducial,ILIS -1 side,ILIS -1 side,p124,p124,z,-2471.238950505512,,mm,false
3,SSAT target,fiducial,ILIS -1 side,ILIS -1 side,p125,p125,x,2434.148371786363,,mm,false
3,SSAT target,fiducial,ILIS -1 side,ILIS -1 side,p125,p125,y,-428.4525963601922,,mm,false
3,SSAT target,fiducial,ILIS -1 side,ILIS -1 side,p125,p125,z,-2466.187905055565,,mm,false
3,SSAT target,fiducial,ILIS -1 side,ILIS -1 side,p126,p126,x,2994.482936126318,,mm,false
3,SSAT target,fiducial,ILIS -1 side,ILIS -1 side,p126,p126,y,-527.2547586038759,,mm,false
3,SSAT target,fiducial,ILIS -1 side,ILIS -1 side,p126,p126,z,-2089.319901051609,,mm,false
3,SSAT target,fiducial,ILIS -1 side,ILIS -1 side,p127,p127,x,2682.75193487601,,mm,false
3,SSAT target,fiducial,ILIS -1 side,ILIS -1 side,p127,p127,y,-472.2419460407909,,mm,false
3,SSAT target,fiducial,ILIS -1 side,ILIS -1 side,p127,p127,z,-2097.639919884458,,mm,false
3,SSAT target,fiducial,ILIS -1 side,ILIS -1 side,p128,p128,x,2408.820685049386,,mm,false
3,SSAT target,fiducial,ILIS -1 side,ILIS -1 side,p128,p128,y,-423.9669825163419,,mm,false
3,SSAT target,fiducial,ILIS -1 side,ILIS -1 side,p128,p128,z,-2086.368719188135,,mm,false
3,SSAT target,fiducial,ILIS -1 side,ILIS -1 side,p129,p129,x,2186.344109831013,,mm,false
3,SSAT target,fiducial,ILIS -1 side,ILIS -1 side,p129,p129,y,-384.6219294529832,,mm,false
3,SSAT target,fiducial,ILIS -1 side,ILIS -1 side,p129,p129,z,-1799.175874433003,,mm,false
3,SSAT target,fiducial,ILIS -1 side,ILIS -1 side,p130,p130,x,2425.694967370508,,mm,false
3,SSAT target,fiducial,ILIS -1 side,ILIS -1 side,p130,p130,y,-426.7867220978812,,mm,false
3,SSAT target,fiducial,ILIS -1 side,ILIS -1 side,p130,p130,z,-1797.308187007003,,mm,false
3,SSAT target,fiducial,ILIS -1 side,ILIS -1 side,p131,p131,x,2210.85859195687,,mm,false
3,SSAT target,fiducial,ILIS -1 side,ILIS -1 side,p131,p131,y,-389.0020811253279,,mm,false
3,SSAT target,fiducial,ILIS -1 side,ILIS -1 side,p131,p131,z,-1518.455082118953,,mm,false
3,SSAT target,fiducial,ILIS -1 side,ILIS -1 side,p132,p132,x,2493.11094844745,,mm,false
3,SSAT target,fiducial,ILIS -1 side,ILIS -1 side,p132,p132,y,-438.883906594203,,mm,false
3,SSAT target,fiducial,ILIS -1 side,ILIS -1 side,p132,p132,z,-3084.346009847767,,mm,false
3,SSAT target,fiducial,ILIS -1 side,ILIS -1 side,p133,p133,x,2790.502188281327,,mm,false
3,SSAT target,fiducial,ILIS -1 side,ILIS -1 side,p133,p133,y,-491.2280404056706,,mm,false
3,SSAT target,fiducial,ILIS -1 side,ILIS -1 side,p133,p133,z,-3090.796461428568,,mm,false
3,SSAT target,fiducial,ILIS -1 side,ILIS -1 side,p134,p134,x,3011.603120332357,,mm,false
3,SSAT target,fiducial,ILIS -1 side,ILIS -1 side,p134,p134,y,-530.2637057398747,,mm,false
3,SSAT target,fiducial,ILIS -1 side,ILIS -1 side,p134,p134,z,-3095.979354258046,,mm,false
3,SSAT target,fiducial,ILIS -1 side,ILIS -1 side,p135,p135,x,3000.837191772451,,mm,false
3,SSAT target,fiducial,ILIS -1 side,ILIS -1 side,p135,p135,y,-528.3636504375353,,mm,false
3,SSAT target,fiducial,ILIS -1 side,ILIS -1 side,p135,p135,z,-2801.379699519466,,mm,false
3,SSAT target,fiducial,ILIS -1 side,ILIS -1 side,p136,p136,x,2714.116038615283,,mm,false
3,SSAT target,fiducial,ILIS -1 side,ILIS -1 side,p136,p136,y,-477.749462325048,,mm,false
3,SSAT target,fiducial,ILIS -1 side,ILIS -1 side,p136,p136,z,-2797.428915554589,,mm,false
3,SSAT target,fiducial,ILIS -1 side,ILIS -1 side,p137,p137,x,2406.514967101809,,mm,false
3,SSAT target,fiducial,ILIS -1 side,ILIS -1 side,p137,p137,y,-423.4662667456552,,mm,false
3,SSAT target,fiducial,ILIS -1 side,ILIS -1 side,p137,p137,z,-2801.458801589271,,mm,false
3,SSAT target,fiducial,ILIS -1 side,ILIS -1 side,p138,p138,x,2981.461589311015,,mm,false
3,SSAT target,fiducial,ILIS -1 side,ILIS -1 side,p138,p138,y,-524.9050151106056,,mm,false
3,SSAT target,fiducial,ILIS -1 side,ILIS -1 side,p138,p138,z,-2524.750324233811,,mm,false
3,SSAT target,fiducial,ILIS -1 side,ILIS -1 side,p139,p139,x,2699.480554968269,,mm,false
3,SSAT target,fiducial,ILIS -1 side,ILIS -1 side,p139,p139,y,-475.1710713554216,,mm,false
3,SSAT target,fiducial,ILIS -1 side,ILIS -1 side,p139,p139,z,-2525.809384926864,,mm,false
3,SSAT target,fiducial,ILIS -1 side,ILIS -1 side,p140,p140,x,2430.519613224381,,mm,false
3,SSAT target,fiducial,ILIS -1 side,ILIS -1 side,p140,p140,y,-427.7570007079851,,mm,false
3,SSAT target,fiducial,ILIS -1 side,ILIS -1 side,p140,p140,z,-2529.038025644053,,mm,false
3,SSAT target,fiducial,ILIS -1 side,ILIS -1 side,p141,p141,x,2219.167627095135,,mm,false
3,SSAT target,fiducial,ILIS -1 side,ILIS -1 side,p141,p141,y,-390.4473712425918,,mm,false
3,SSAT target,fiducial,ILIS -1 side,ILIS -1 side,p141,p141,z,-2469.284818965434,,mm,false
3,SSAT target,fiducial,ILIS -1 side,ILIS -1 side,p142,p142,x,2185.309518952915,,mm,false
3,SSAT target,fiducial,ILIS -1 side,ILIS -1 side,p142,p142,y,-384.4605965003699,,mm,false
3,SSAT target,fiducial,ILIS -1 side,ILIS -1 side,p142,p142,z,-2069.97590691711,,mm,false
3,SSAT target,fiducial,ILIS -1 side,ILIS -1 side,p143,p143,x,2996.999795789144,,mm,false
3,SSAT target,fiducial,ILIS -1 side,ILIS -1 side,p143,p143,y,-527.7071980705064,,mm,false
3,SSAT target,fiducial,ILIS -1 side,ILIS -1 side,p143,p143,z,-3432.67982304421,,mm,false
3,SSAT target,fiducial,ILIS -1 side,ILIS -1 side,p144,p144,x,2689.008454391418,,mm,false
3,SSAT target,fiducial,ILIS -1 side,ILIS -1 side,p144,p144,y,-473.3930833380111,,mm,false
3,SSAT target,fiducial,ILIS -1 side,ILIS -1 side,p144,p144,z,-3423.239718974091,,mm,false
3,SSAT target,fiducial,ILIS -1 side,ILIS -1 side,p145,p145,x,2389.107327580553,,mm,false
3,SSAT target,fiducial,ILIS -1 side,ILIS -1 side,p145,p145,y,-420.4694344907835,,mm,false
3,SSAT target,fiducial,ILIS -1 side,ILIS -1 side,p145,p145,z,-3423.059357479252,,mm,false
3,SSAT target,fiducial,ILIS -1 side,ILIS -1 side,p146,p146,x,2199.60580427189,,mm,false
3,SSAT target,fiducial,ILIS -1 side,ILIS -1 side,p146,p146,y,-386.9706570940742,,mm,false
3,SSAT target,fiducial,ILIS -1 side,ILIS -1 side,p146,p146,z,-3382.415451704563,,mm,false
3,SSAT target,fiducial,ILIS -1 side,ILIS -1 side,p147,p147,x,2191.129819945885,,mm,false
3,SSAT target,fiducial,ILIS -1 side,ILIS -1 side,p147,p147,y,-385.5603252966325,,mm,false
3,SSAT target,fiducial,ILIS -1 side,ILIS -1 side,p147,p147,z,-3084.505717466276,,mm,false
3,SSAT target,fiducial,ILIS -1 side,ILIS -1 side,p148,p148,x,2199.204239607679,,mm,false
3,SSAT target,fiducial,ILIS -1 side,ILIS -1 side,p148,p148,y,-386.9308306652069,,mm,false
3,SSAT target,fiducial,ILIS -1 side,ILIS -1 side,p148,p148,z,-2803.855460986507,,mm,false
3,SSAT target,fiducial,ILIS -1 side,ILIS -1 side,p149,p149,x,2218.038689273696,,mm,false
3,SSAT target,fiducial,ILIS -1 side,ILIS -1 side,p149,p149,y,-390.2710670712389,,mm,false
3,SSAT target,fiducial,ILIS -1 side,ILIS -1 side,p149,p149,z,-2522.614853807298,,mm,false
3,SSAT target,fiducial,ILIS -1 side,ILIS -1 side,p150,p150,x,2576.370116008782,,mm,false
3,SSAT target,fiducial,ILIS -1 side,ILIS -1 side,p150,p150,y,-453.5126507697116,,mm,false
3,SSAT target,fiducial,ILIS -1 side,ILIS -1 side,p150,p150,z,-3527.483339533319,,mm,false
3,SSAT target,fiducial,ILIS -1 side,ILIS -1 side,p151,p151,x,2371.109314386646,,mm,false
3,SSAT target,fiducial,ILIS -1 side,ILIS -1 side,p151,p151,y,-417.32689027187,,mm,false
3,SSAT target,fiducial,ILIS -1 side,ILIS -1 side,p151,p151,z,-3525.799933869032,,mm,false
3,SSAT target,fiducial,ILIS -1 side,ILIS -1 side,p152,p152,x,2226.818796904163,,mm,false
3,SSAT target,fiducial,ILIS -1 side,ILIS -1 side,p152,p152,y,-391.8000355876578,,mm,false
3,SSAT target,fiducial,ILIS -1 side,ILIS -1 side,p152,p152,z,-3527.014575613947,,mm,false
3,SSAT target,fiducial,ILIS -1 side,ILIS -1 side,p153,p153,x,2375.883299142387,,mm,false
3,SSAT target,fiducial,ILIS -1 side,ILIS -1 side,p153,p153,y,-418.1604546860961,,mm,false
3,SSAT target,fiducial,ILIS -1 side,ILIS -1 side,p153,p153,z,-3724.279781561233,,mm,false
3,SSAT target,fiducial,ILIS -1 side,ILIS -1 side,p154,p154,x,2562.73398446083,,mm,false
3,SSAT target,fiducial,ILIS -1 side,ILIS -1 side,p154,p154,y,-451.1164413109685,,mm,false
3,SSAT target,fiducial,ILIS -1 side,ILIS -1 side,p154,p154,z,-3723.573777588408,,mm,false
3,SSAT target,fiducial,ILIS -1 side,ILIS -1 side,p155,p155,x,2574.248268159318,,mm,false
3,SSAT target,fiducial,ILIS -1 side,ILIS -1 side,p155,p155,y,-453.1808025168058,,mm,false
3,SSAT target,fiducial,ILIS -1 side,ILIS -1 side,p155,p155,z,-3935.703405843687,,mm,false
3,SSAT target,fiducial,ILIS -1 side,ILIS -1 side,p156,p156,x,2372.677500655139,,mm,false
3,SSAT target,fiducial,ILIS -1 side,ILIS -1 side,p156,p156,y,-417.5950373839802,,mm,false
3,SSAT target,fiducial,ILIS -1 side,ILIS -1 side,p156,p156,z,-3935.089885112589,,mm,false
3,SSAT target,fiducial,ILIS -1 side,ILIS -1 side,p157,p157,x,2657.750465907833,,mm,false
3,SSAT target,fiducial,ILIS -1 side,ILIS -1 side,p157,p157,y,-467.9110766395202,,mm,false
3,SSAT target,fiducial,ILIS -1 side,ILIS -1 side,p157,p157,z,-3529.700721498573,,mm,false
3,SSAT target,fiducial,ILIS -1 side,ILIS -1 side,p158,p158,x,2812.121044257234,,mm,false
3,SSAT target,fiducial,ILIS -1 side,ILIS -1 side,p158,p158,y,-495.1478021016322,,mm,false
3,SSAT target,fiducial,ILIS -1 side,ILIS -1 side,p158,p158,z,-3529.715760542357,,mm,false
3,SSAT target,fiducial,ILIS -1 side,ILIS -1 side,p159,p159,x,2983.121624369474,,mm,false
3,SSAT target,fiducial,ILIS -1 side,ILIS -1 side,p159,p159,y,-525.2839687895764,,mm,false
3,SSAT target,fiducial,ILIS -1 side,ILIS -1 side,p159,p159,z,-3526.740267535496,,mm,false
3,SSAT target,fiducial,ILIS -1 side,ILIS -1 side,p160,p160,x,2962.665602284942,,mm,false
3,SSAT target,fiducial,ILIS -1 side,ILIS -1 side,p160,p160,y,-521.6883688067368,,mm,false
3,SSAT target,fiducial,ILIS -1 side,ILIS -1 side,p160,p160,z,-3729.580924508502,,mm,false
3,SSAT target,fiducial,ILIS -1 side,ILIS -1 side,p161,p161,x,2796.344861895623,,mm,false
3,SSAT target,fiducial,ILIS -1 side,ILIS -1 side,p161,p161,y,-492.391489337018,,mm,false
3,SSAT target,fiducial,ILIS -1 side,ILIS -1 side,p161,p161,z,-3723.646266162378,,mm,false
3,SSAT target,fiducial,ILIS -1 side,ILIS -1 side,p162,p162,x,2627.264220374361,,mm,false
3,SSAT target,fiducial,ILIS -1 side,ILIS -1 side,p162,p162,y,-462.5450491865582,,mm,false
3,SSAT target,fiducial,ILIS -1 side,ILIS -1 side,p162,p162,z,-3723.241700835371,,mm,false
3,SSAT target,fiducial,ILIS -1 side,ILIS -1 side,p163,p163,x,2629.6682931765,,mm,false
3,SSAT target,fiducial,ILIS -1 side,ILIS -1 side,p163,p163,y,-462.9689971360825,,mm,false
3,SSAT target,fiducial,ILIS -1 side,ILIS -1 side,p163,p163,z,-3926.561624114174,,mm,false
3,SSAT target,fiducial,ILIS -1 side,ILIS -1 side,p164,p164,x,2808.868850271401,,mm,false
3,SSAT target,fiducial,ILIS -1 side,ILIS -1 side,p164,p164,y,-494.5448052883641,,mm,false
3,SSAT target,fiducial,ILIS -1 side,ILIS -1 side,p164,p164,z,-3920.905868072087,,mm,false
3,SSAT target,fiducial,ILIS -1 side,ILIS -1 side,p165,p165,x,3006.089814631848,,mm,false
3,SSAT target,fiducial,ILIS -1 side,ILIS -1 side,p165,p165,y,-529.2914021983083,,mm,false
3,SSAT target,fiducial,ILIS -1 side,ILIS -1 side,p165,p165,z,-3932.259533555677,,mm,false
3,SSAT target,fiducial,ILIS -1 side,ILIS -1 side,p166,p166,x,2381.49932722622,,mm,false
3,SSAT target,fiducial,ILIS -1 side,ILIS -1 side,p166,p166,y,-419.2310227469521,,mm,false
3,SSAT target,fiducial,ILIS -1 side,ILIS -1 side,p166,p166,z,-4024.739596366123,,mm,false
3,SSAT target,fiducial,ILIS -1 side,ILIS -1 side,p167,p167,x,2566.189989976617,,mm,false
3,SSAT target,fiducial,ILIS -1 side,ILIS -1 side,p167,p167,y,-451.8770001282338,,mm,false
3,SSAT target,fiducial,ILIS -1 side,ILIS -1 side,p167,p167,z,-4023.233656911885,,mm,false
3,SSAT target,fiducial,ILIS -1 side,ILIS -1 side,p168,p168,x,2556.873570777452,,mm,false
3,SSAT target,fiducial,ILIS -1 side,ILIS -1 side,p168,p168,y,-450.1196614026595,,mm,false
3,SSAT target,fiducial,ILIS -1 side,ILIS -1 side,p168,p168,z,-4204.253964595606,,mm,false
3,SSAT target,fiducial,ILIS -1 side,ILIS -1 side,p169,p169,x,2399.693134182715,,mm,false
3,SSAT target,fiducial,ILIS -1 side,ILIS -1 side,p169,p169,y,-422.4235174661175,,mm,false
3,SSAT target,fiducial,ILIS -1 side,ILIS -1 side,p169,p169,z,-4211.819013368363,,mm,false
3,SSAT target,fiducial,ILIS -1 side,ILIS -1 side,p170,p170,x,2406.517636512996,,mm,false
3,SSAT target,fiducial,ILIS -1 side,ILIS -1 side,p170,p170,y,-423.638793400762,,mm,false
3,SSAT target,fiducial,ILIS -1 side,ILIS -1 side,p170,p170,z,-4435.788793857488,,mm,false
3,SSAT target,fiducial,ILIS -1 side,ILIS -1 side,p171,p171,x,2564.308102663159,,mm,false
3,SSAT target,fiducial,ILIS -1 side,ILIS -1 side,p171,p171,y,-451.4750159647464,,mm,false
3,SSAT target,fiducial,ILIS -1 side,ILIS -1 side,p171,p171,z,-4429.55372324983,,mm,false
3,SSAT target,fiducial,ILIS -1 side,ILIS -1 side,p172,p172,x,2971.351595578178,,mm,false
3,SSAT target,fiducial,ILIS -1 side,ILIS -1 side,p172,p172,y,-523.2387168029018,,mm,false
3,SSAT target,fiducial,ILIS -1 side,ILIS -1 side,p172,p172,z,-4027.790644909431,,mm,false
3,SSAT target,fiducial,ILIS -1 side,ILIS -1 side,p173,p173,x,2826.391125807449,,mm,false
3,SSAT target,fiducial,ILIS -1 side,ILIS -1 side,p173,p173,y,-497.6620443342895,,mm,false
3,SSAT target,fiducial,ILIS -1 side,ILIS -1 side,p173,p173,z,-4031.445303482123,,mm,false
3,SSAT target,fiducial,ILIS -1 side,ILIS -1 side,p174,p174,x,2664.240485409477,,mm,false
3,SSAT target,fiducial,ILIS -1 side,ILIS -1 side,p174,p174,y,-469.0553703680979,,mm,false
3,SSAT target,fiducial,ILIS -1 side,ILIS -1 side,p174,p174,z,-4029.780514270418,,mm,false
3,SSAT target,fiducial,ILIS -1 side,ILIS -1 side,p175,p175,x,2642.404073201229,,mm,false
3,SSAT target,fiducial,ILIS -1 side,ILIS -1 side,p175,p175,y,-465.1784763453909,,mm,false
3,SSAT target,fiducial,ILIS -1 side,ILIS -1 side,p175,p175,z,-4213.401218153745,,mm,false
3,SSAT target,fiducial,ILIS -1 side,ILIS -1 side,p176,p176,x,2808.894765965153,,mm,false
3,SSAT target,fiducial,ILIS -1 side,ILIS -1 side,p176,p176,y,-494.5951793900909,,mm,false
3,SSAT target,fiducial,ILIS -1 side,ILIS -1 side,p176,p176,z,-4216.825864846261,,mm,false
3,SSAT target,fiducial,ILIS -1 side,ILIS -1 side,p177,p177,x,2971.515658469704,,mm,false
3,SSAT target,fiducial,ILIS -1 side,ILIS -1 side,p177,p177,y,-523.2427088453799,,mm,false
3,SSAT target,fiducial,ILIS -1 side,ILIS -1 side,p177,p177,z,-4231.060641877581,,mm,false
3,SSAT target,fiducial,ILIS -1 side,ILIS -1 side,p178,p178,x,2964.599532467257,,mm,false
3,SSAT target,fiducial,ILIS -1 side,ILIS -1 side,p178,p178,y,-522.1062837975,,mm,false
3,SSAT target,fiducial,ILIS -1 side,ILIS -1 side,p178,p178,z,-4426.09085886774,,mm,false
3,SSAT target,fiducial,ILIS -1 side,ILIS -1 side,p179,p179,x,2807.38875652886,,mm,false
3,SSAT target,fiducial,ILIS -1 side,ILIS -1 side,p179,p179,y,-494.2989796621259,,mm,false
3,SSAT target,fiducial,ILIS -1 side,ILIS -1 side,p179,p179,z,-4416.795915857154,,mm,false
3,SSAT target,fiducial,ILIS -1 side,ILIS -1 side,p180,p180,x,2633.427999665154,,mm,false
3,SSAT target,fiducial,ILIS -1 side,ILIS -1 side,p180,p180,y,-463.6323056987708,,mm,false
3,SSAT target,fiducial,ILIS -1 side,ILIS -1 side,p180,p180,z,-4411.491504539035,,mm,false
3,SSAT target,fiducial,ILIS -1 side,ILIS -1 side,p181,p181,x,2186.282760926307,,mm,false
3,SSAT target,fiducial,ILIS -1 side,ILIS -1 side,p181,p181,y,-384.7050696576085,,mm,false
3,SSAT target,fiducial,ILIS -1 side,ILIS -1 side,p181,p181,z,-3732.875874904642,,mm,false
3,SSAT target,fiducial,ILIS -1 side,ILIS -1 side,p182,p182,x,2191.096794940388,,mm,false
3,SSAT target,fiducial,ILIS -1 side,ILIS -1 side,p182,p182,y,-385.6087977778308,,mm,false
3,SSAT target,fiducial,ILIS -1 side,ILIS -1 side,p182,p182,z,-3933.745716971579,,mm,false
3,SSAT target,fiducial,ILIS -1 side,ILIS -1 side,p183,p183,x,2234.508873991411,,mm,false
3,SSAT target,fiducial,ILIS -1 side,ILIS -1 side,p183,p183,y,-393.2844773561738,,mm,false
3,SSAT target,fiducial,ILIS -1 side,ILIS -1 side,p183,p183,z,-4029.614320984981,,mm,false
3,SSAT target,fiducial,ILIS -1 side,ILIS -1 side,p184,p184,x,2244.092932199496,,mm,false
3,SSAT target,fiducial,ILIS -1 side,ILIS -1 side,p184,p184,y,-395.0081276608806,,mm,false
3,SSAT target,fiducial,ILIS -1 side,ILIS -1 side,p184,p184,z,-4230.824011253345,,mm,false
3,SSAT target,fiducial,ILIS -1 side,ILIS -1 side,p185,p185,x,2243.387044217359,,mm,false
3,SSAT target,fiducial,ILIS -1 side,ILIS -1 side,p185,p185,y,-394.8123219993314,,mm,false
3,SSAT target,fiducial,ILIS -1 side,ILIS -1 side,p185,p185,z,-4436.764039373912,,mm,false
2,SSAT AL,fiducial,CCL,CCL,A,A,x,2714.451676854691,1.2,mm,false
2,SSAT AL,fiducial,CCL,CCL,A,A,y,0.9485640317121992,1.2,mm,false
2,SSAT AL,fiducial,CCL,CCL,A,A,z,-3699.6197825218997,1.2,mm,false
2,SSAT AL,fiducial,CCL,CCL,B,B,x,2713.524536759506,1.2,mm,false
2,SSAT AL,fiducial,CCL,CCL,B,B,y,0.6996170114120314,1.2,mm,false
2,SSAT AL,fiducial,CCL,CCL,B,B,z,3699.290260203974,1.2,mm,false
2,SSAT AL,fiducial,CCL,CCL,C,C,x,5333.555976743855,1.9,mm,false
2,SSAT AL,fiducial,CCL,CCL,C,C,y,0.46810302010132926,1.9,mm,false
2,SSAT AL,fiducial,CCL,CCL,C,C,z,6297.866897393932,1.9,mm,false
2,SSAT AL,fiducial,CCL,CCL,D,D,x,8976.824874515329,2.1,mm,false
2,SSAT AL,fiducial,CCL,CCL,D,D,y,-0.3940799446908858,2.1,mm,false
2,SSAT AL,fiducial,CCL,CCL,D,D,z,4435.498678705081,2.1,mm,false
2,SSAT AL,fiducial,CCL,CCL,E,E,x,9584.011027328046,1.9,mm,false
2,SSAT AL,fiducial,CCL,CCL,E,E,y,0.732193661432099,1.9,mm,false
2,SSAT AL,fiducial,CCL,CCL,E,E,z,-3694.894094269257,1.9,mm,false
2,SSAT AL,fiducial,CCL,CCL,F,F',x,3399.2737285240164,1.9,mm,false
2,SSAT AL,fiducial,CCL,CCL,F,F',y,1.8055546210984308,1.9,mm,false
2,SSAT AL,fiducial,CCL,CCL,F,F',z,-5598.516858541676,1.9,mm,false
2,SSAT AL,fiducial,CCL,CCL,G,G,x,10728.735700909789,1.8,mm,false
2,SSAT AL,fiducial,CCL,CCL,G,G,y,-0.9405096720372838,1.8,mm,false
2,SSAT AL,fiducial,CCL,CCL,G,G,z,-0.5140855479803189,1.8,mm,false
2,SSAT AL,fiducial,CCL,CCL,H,H,x,2714.5356495494298,1.2,mm,false
2,SSAT AL,fiducial,CCL,CCL,H,H,y,-0.588395809579902,1.2,mm,false
2,SSAT AL,fiducial,CCL,CCL,H,H,z,-0.3098006542633699,1.2,mm,false
2,SSAT AL,fiducial,Fiducial,Fiducial,GEA-01,GEA-01,x,10908.1,,mm,false
2,SSAT AL,fiducial,Fiducial,Fiducial,GEA-01,GEA-01,y,-551.0,,mm,false
2,SSAT AL,fiducial,Fiducial,Fiducial,GEA-01,GEA-01,z,-4356.3,,mm,false
2,SSAT AL,fiducial,Fiducial,Fiducial,GEA-02,GEA-02,x,10913.5,,mm,false
2,SSAT AL,fiducial,Fiducial,Fiducial,GEA-02,GEA-02,y,-551.6,,mm,false
2,SSAT AL,fiducial,Fiducial,Fiducial,GEA-02,GEA-02,z,-4151.7,,mm,false
2,SSAT AL,fiducial,Fiducial,Fiducial,GEA-03,GEA-03,x,10098.5,,mm,false
2,SSAT AL,fiducial,Fiducial,Fiducial,GEA-03,GEA-03,y,-551.0,,mm,false
2,SSAT AL,fiducial,Fiducial,Fiducial,GEA-03,GEA-03,z,-4143.5,,mm,false
2,SSAT AL,fiducial,Fiducial,Fiducial,GEA-04,GEA-04,x,10102.6,,mm,false
2,SSAT AL,fiducial,Fiducial,Fiducial,GEA-04,GEA-04,y,-550.5,,mm,false
2,SSAT AL,fiducial,Fiducial,Fiducial,GEA-04,GEA-04,z,-4358.6,,mm,false
2,SSAT AL,fiducial,Fiducial,Fiducial,N06,N06,x,9947.4,,mm,false
2,SSAT AL,fiducial,Fiducial,Fiducial,N06,N06,y,-829.2,,mm,false
2,SSAT AL,fiducial,Fiducial,Fiducial,N06,N06,z,-4682.3,,mm,false
2,SSAT AL,fiducial,Fiducial,Fiducial,N07,N07,x,11074.8,,mm,false
2,SSAT AL,fiducial,Fiducial,Fiducial,N07,N07,y,-829.6,,mm,false
2,SSAT AL,fiducial,Fiducial,Fiducial,N07,N07,z,-4678.9,,mm,false
2,SSAT AL,fiducial,Fiducial,Fiducial,TF02_GEA-05,TF02_GEA-05,x,10905.3,,mm,false
2,SSAT AL,fiducial,Fiducial,Fiducial,TF02_GEA-05,TF02_GEA-05,y,545.3,,mm,false
2,SSAT AL,fiducial,Fiducial,Fiducial,TF02_GEA-05,TF02_GEA-05,z,-4355.7,,mm,false
2,SSAT AL,fiducial,Fiducial,Fiducial,TF02_IOIS_ADDED2,TF02_IOIS_ADDED2,x,10594.9,,mm,false
2,SSAT AL,fiducial,Fiducial,Fiducial,TF02_IOIS_ADDED2,TF02_IOIS_ADDED2,y,-1799.9,,mm,false
2,SSAT AL,fiducial,Fiducial,Fiducial,TF02_IOIS_ADDED2,TF02_IOIS_ADDED2,z,-1240.4,,mm,false
2,SSAT AL,fiducial,Fiducial,Fiducial,TF02_N03,TF02_N03,x,11067.0,,mm,false
2,SSAT AL,fiducial,Fiducial,Fiducial,TF02_N03,TF02_N03,y,830.2,,mm,false
2,SSAT AL,fiducial,Fiducial,Fiducial,TF02_N03,TF02_N03,z,-4643.5,,mm,false
2,SSAT AL,fiducial,Fiducial,Fiducial,TF02_N04,TF02_N04,x,11218.3,,mm,false
2,SSAT AL,fiducial,Fiducial,Fiducial,TF02_N04,TF02_N04,y,598.6,,mm,false
2,SSAT AL,fiducial,Fiducial,Fiducial,TF02_N04,TF02_N04,z,-4546.4,,mm,false
2,SSAT AL,fiducial,Fiducial,Fiducial,TF02_N05,TF02_N05,x,11218.4,,mm,false
2,SSAT AL,fiducial,Fiducial,Fiducial,TF02_N05,TF02_N05,y,-660.0,,mm,false
2,SSAT AL,fiducial,Fiducial,Fiducial,TF02_N05,TF02_N05,z,-4570.9,,mm,false
2,SSAT AL,fiducial,Fiducial,Fiducial,TF02_N09,TF02_N09,x,11041.3,,mm,false
2,SSAT AL,fiducial,Fiducial,Fiducial,TF02_N09,TF02_N09,y,-4.0,,mm,false
2,SSAT AL,fiducial,Fiducial,Fiducial,TF02_N09,TF02_N09,z,-3776.1,,mm,false
2,SSAT AL,fiducial,Fiducial,Fiducial,TF02_NEW,TF02_NEW,x,10096.5,,mm,false
2,SSAT AL,fiducial,Fiducial,Fiducial,TF02_NEW,TF02_NEW,y,546.5,,mm,false
2,SSAT AL,fiducial,Fiducial,Fiducial,TF02_NEW,TF02_NEW,z,-4350.8,,mm,false
2,SSAT AL,fiducial,Fiducial,Fiducial,TF02_X1,TF02_X1,x,11048.6,,mm,false
2,SSAT AL,fiducial,Fiducial,Fiducial,TF02_X1,TF02_X1,y,-829.9,,mm,false
2,SSAT AL,fiducial,Fiducial,Fiducial,TF02_X1,TF02_X1,z,-4529.5,,mm,false
2,SSAT AL,fiducial,Fiducial,Fiducial,TF02_X3,TF02_X3,x,10197.0,,mm,false
2,SSAT AL,fiducial,Fiducial,Fiducial,TF02_X3,TF02_X3,y,-551.7,,mm,false
2,SSAT AL,fiducial,Fiducial,Fiducial,TF02_X3,TF02_X3,z,-4184.2,,mm,false
2,SSAT AL,fiducial,Fiducial,Fiducial,TF02_X4,TF02_X4,x,10930.1,,mm,false
2,SSAT AL,fiducial,Fiducial,Fiducial,TF02_X4,TF02_X4,y,-550.9,,mm,false
2,SSAT AL,fiducial,Fiducial,Fiducial,TF02_X4,TF02_X4,z,-4355.2,,mm,false
2,SSAT AL,fiducial,Fiducial,Fiducial,TF02_XX,TF02_XX,x,11042.2,,mm,false
2,SSAT AL,fiducial,Fiducial,Fiducial,TF02_XX,TF02_XX,y,277.3,,mm,false
2,SSAT AL,fiducial,Fiducial,Fiducial,TF02_XX,TF02_XX,z,-3994.5,,mm,false
2,SSAT AL,fiducial,Fiducial,Fiducial,TFC02-A1-AU,TFC02-A1-AU,x,2145.8,,mm,false
2,SSAT AL,fiducial,Fiducial,Fiducial,TFC02-A1-AU,TFC02-A1-AU,y,0.9,,mm,false
2,SSAT AL,fiducial,Fiducial,Fiducial,TFC02-A1-AU,TFC02-A1-AU,z,-3700.4,,mm,false
2,SSAT AL,fiducial,Fiducial,Fiducial,TFC02-A4-AU,TFC02-A4-AU,x,2707.9,,mm,false
2,SSAT AL,fiducial,Fiducial,Fiducial,TFC02-A4-AU,TFC02-A4-AU,y,-519.1,,mm,false
2,SSAT AL,fiducial,Fiducial,Fiducial,TFC02-A4-AU,TFC02-A4-AU,z,-3700.3,,mm,false
2,SSAT AL,fiducial,Fiducial,Fiducial,TFC02-B1-AU,TFC02-B1-AU,x,2144.4,,mm,false
2,SSAT AL,fiducial,Fiducial,Fiducial,TFC02-B1-AU,TFC02-B1-AU,y,0.5,,mm,false
2,SSAT AL,fiducial,Fiducial,Fiducial,TFC02-B1-AU,TFC02-B1-AU,z,3701.2,,mm,false
2,SSAT AL,fiducial,Fiducial,Fiducial,TFC02-B4-AU,TFC02-B4-AU,x,2706.1,,mm,false
2,SSAT AL,fiducial,Fiducial,Fiducial,TFC02-B4-AU,TFC02-B4-AU,y,-519.0,,mm,false
2,SSAT AL,fiducial,Fiducial,Fiducial,TFC02-B4-AU,TFC02-B4-AU,z,3700.1,,mm,false
2,SSAT AL,fiducial,Fiducial,Fiducial,TFC02-C4-AU,TFC02-C4-AU,x,5331.9,,mm,false
2,SSAT AL,fiducial,Fiducial,Fiducial,TFC02-C4-AU,TFC02-C4-AU,y,-562.4,,mm,false
2,SSAT AL,fiducial,Fiducial,Fiducial,TFC02-C4-AU,TFC02-C4-AU,z,6299.1,,mm,false
2,SSAT AL,fiducial,Fiducial,Fiducial,TFC02-G1-BU,TFC02-G1-BU,x,11235.4,,mm,false
2,SSAT AL,fiducial,Fiducial,Fiducial,TFC02-G1-BU,TFC02-G1-BU,y,-2.1,,mm,false
2,SSAT AL,fiducial,Fiducial,Fiducial,TFC02-G1-BU,TFC02-G1-BU,z,2.4,,mm,false
2,SSAT AL,fiducial,Fiducial,Fiducial,TFC02-G4-BU,TFC02-G4-BU,x,10727.9,,mm,false
2,SSAT AL,fiducial,Fiducial,Fiducial,TFC02-G4-BU,TFC02-G4-BU,y,-563.5,,mm,false
2,SSAT AL,fiducial,Fiducial,Fiducial,TFC02-G4-BU,TFC02-G4-BU,z,1.6,,mm,false
2,SSAT AL,fiducial,Fiducial,Fiducial,TFC02-H1-AU,TFC02-H1-AU,x,2145.1,,mm,false
2,SSAT AL,fiducial,Fiducial,Fiducial,TFC02-H1-AU,TFC02-H1-AU,y,0.0,,mm,false
2,SSAT AL,fiducial,Fiducial,Fiducial,TFC02-H1-AU,TFC02-H1-AU,z,-0.5,,mm,false
2,SSAT AL,fiducial,Fiducial,Fiducial,TFC02-H1-AU-BAD,TFC02-H1-AU-BAD,x,2166.7,,mm,false
2,SSAT AL,fiducial,Fiducial,Fiducial,TFC02-H1-AU-BAD,TFC02-H1-AU-BAD,y,-10.2,,mm,false
2,SSAT AL,fiducial,Fiducial,Fiducial,TFC02-H1-AU-BAD,TFC02-H1-AU-BAD,z,10.1,,mm,false
2,SSAT AL,fiducial,Fiducial,Fiducial,TFC02-H4-AU,TFC02-H4-AU,x,2707.3,,mm,false
2,SSAT AL,fiducial,Fiducial,Fiducial,TFC02-H4-AU,TFC02-H4-AU,y,-519.2,,mm,false
2,SSAT AL,fiducial,Fiducial,Fiducial,TFC02-H4-AU,TFC02-H4-AU,z,0.0,,mm,false
2,SSAT AL,fiducial,Fiducial,Fiducial,TFC02-IOIS_LL-1,TFC02-IOIS_LL-1,x,10808.0,,mm,false
2,SSAT AL,fiducial,Fiducial,Fiducial,TFC02-IOIS_LL-1,TFC02-IOIS_LL-1,y,817.6,,mm,false
2,SSAT AL,fiducial,Fiducial,Fiducial,TFC02-IOIS_LL-1,TFC02-IOIS_LL-1,z,-1641.5,,mm,false
2,SSAT AL,fiducial,Fiducial,Fiducial,TFC02-IOIS_LL-2,TFC02-IOIS_LL-2,x,10528.8,,mm,false
2,SSAT AL,fiducial,Fiducial,Fiducial,TFC02-IOIS_LL-2,TFC02-IOIS_LL-2,y,954.8,,mm,false
2,SSAT AL,fiducial,Fiducial,Fiducial,TFC02-IOIS_LL-2,TFC02-IOIS_LL-2,z,-2186.8,,mm,false
2,SSAT AL,fiducial,Fiducial,Fiducial,TFC02-IOIS_LL-4,TFC02-IOIS_LL-4,x,10976.5,,mm,false
2,SSAT AL,fiducial,Fiducial,Fiducial,TFC02-IOIS_LL-4,TFC02-IOIS_LL-4,y,545.0,,mm,false
2,SSAT AL,fiducial,Fiducial,Fiducial,TFC02-IOIS_LL-4,TFC02-IOIS_LL-4,z,-2054.9,,mm,false
2,SSAT AL,fiducial,Fiducial,Fiducial,TFC02-LEG.2,TFC02-LEG.2,x,10906.6,,mm,false
2,SSAT AL,fiducial,Fiducial,Fiducial,TFC02-LEG.2,TFC02-LEG.2,y,545.5,,mm,false
2,SSAT AL,fiducial,Fiducial,Fiducial,TFC02-LEG.2,TFC02-LEG.2,z,-4146.0,,mm,false
2,SSAT AL,fiducial,Fiducial,Fiducial,TFC02-LEG.3,TFC02-LEG.3,x,10905.3,,mm,false
2,SSAT AL,fiducial,Fiducial,Fiducial,TFC02-LEG.3,TFC02-LEG.3,y,545.3,,mm,false
2,SSAT AL,fiducial,Fiducial,Fiducial,TFC02-LEG.3,TFC02-LEG.3,z,-4355.7,,mm,false
2,SSAT AL,fiducial,Fiducial,Fiducial,TFC02-LEG.4,TFC02-LEG.4,x,10100.3,,mm,false
2,SSAT AL,fiducial,Fiducial,Fiducial,TFC02-LEG.4,TFC02-LEG.4,y,547.0,,mm,false
2,SSAT AL,fiducial,Fiducial,Fiducial,TFC02-LEG.4,TFC02-LEG.4,z,-4142.9,,mm,false
2,SSAT AL,fiducial,Fiducial,Fiducial,TFC02-LEG.5,TFC02-LEG.5,x,10096.5,,mm,false
2,SSAT AL,fiducial,Fiducial,Fiducial,TFC02-LEG.5,TFC02-LEG.5,y,546.5,,mm,false
2,SSAT AL,fiducial,Fiducial,Fiducial,TFC02-LEG.5,TFC02-LEG.5,z,-4350.8,,mm,false
2,SSAT AL,fiducial,Fiducial,Fiducial,TFC02-LEG.6,TFC02-LEG.6,x,11067.0,,mm,false
2,SSAT AL,fiducial,Fiducial,Fiducial,TFC02-LEG.6,TFC02-LEG.6,y,830.2,,mm,false
2,SSAT AL,fiducial,Fiducial,Fiducial,TFC02-LEG.6,TFC02-LEG.6,z,-4643.5,,mm,false
2,SSAT AL,fiducial,Fiducial,Fiducial,TFC02-P10-OIS,TFC02-P10-OIS,x,5993.8,,mm,false
2,SSAT AL,fiducial,Fiducial,Fiducial,TFC02-P10-OIS,TFC02-P10-OIS,y,-1094.3,,mm,false
2,SSAT AL,fiducial,Fiducial,Fiducial,TFC02-P10-OIS,TFC02-P10-OIS,z,-6117.8,,mm,false
2,SSAT AL,fiducial,Fiducial,Fiducial,TFC02-P11-OIS,TFC02-P11-OIS,x,7543.4,,mm,false
2,SSAT AL,fiducial,Fiducial,Fiducial,TFC02-P11-OIS,TFC02-P11-OIS,y,-1367.5,,mm,false
2,SSAT AL,fiducial,Fiducial,Fiducial,TFC02-P11-OIS,TFC02-P11-OIS,z,-6353.4,,mm,false
2,SSAT AL,fiducial,Fiducial,Fiducial,TFC02-P15-IIS,TFC02-P15-IIS,x,3773.0,,mm,false
2,SSAT AL,fiducial,Fiducial,Fiducial,TFC02-P15-IIS,TFC02-P15-IIS,y,-708.3,,mm,false
2,SSAT AL,fiducial,Fiducial,Fiducial,TFC02-P15-IIS,TFC02-P15-IIS,z,6150.5,,mm,false
2,SSAT AL,fiducial,Fiducial,Fiducial,TFC02-P17-IOIS,TFC02-P17-IOIS,x,9295.2,,mm,false
2,SSAT AL,fiducial,Fiducial,Fiducial,TFC02-P17-IOIS,TFC02-P17-IOIS,y,-1672.8,,mm,false
2,SSAT AL,fiducial,Fiducial,Fiducial,TFC02-P17-IOIS,TFC02-P17-IOIS,z,3881.3,,mm,false
2,SSAT AL,fiducial,Fiducial,Fiducial,TFC02-P18-IOIS,TFC02-P18-IOIS,x,10097.9,,mm,false
2,SSAT AL,fiducial,Fiducial,Fiducial,TFC02-P18-IOIS,TFC02-P18-IOIS,y,-1814.8,,mm,false
2,SSAT AL,fiducial,Fiducial,Fiducial,TFC02-P18-IOIS,TFC02-P18-IOIS,z,2378.1,,mm,false
2,SSAT AL,fiducial,Fiducial,Fiducial,TFC02-P19-IOIS,TFC02-P19-IOIS,x,9866.4,,mm,false
2,SSAT AL,fiducial,Fiducial,Fiducial,TFC02-P19-IOIS,TFC02-P19-IOIS,y,-1773.0,,mm,false
2,SSAT AL,fiducial,Fiducial,Fiducial,TFC02-P19-IOIS,TFC02-P19-IOIS,z,-2996.0,,mm,false
2,SSAT AL,fiducial,Fiducial,Fiducial,TFC02-P20-IIS,TFC02-P20-IIS,x,3775.2,,mm,false
2,SSAT AL,fiducial,Fiducial,Fiducial,TFC02-P20-IIS,TFC02-P20-IIS,y,-708.2,,mm,false
2,SSAT AL,fiducial,Fiducial,Fiducial,TFC02-P20-IIS,TFC02-P20-IIS,z,-6179.3,,mm,false
2,SSAT AL,fiducial,Fiducial,Fiducial,TFC02-P20-IOIS,TFC02-P20-IOIS,x,10482.1,,mm,false
2,SSAT AL,fiducial,Fiducial,Fiducial,TFC02-P20-IOIS,TFC02-P20-IOIS,y,-1882.3,,mm,false
2,SSAT AL,fiducial,Fiducial,Fiducial,TFC02-P20-IOIS,TFC02-P20-IOIS,z,-1244.4,,mm,false
2,SSAT AL,fiducial,Fiducial,Fiducial,TFC02-P8-OIS,TFC02-P8-OIS,x,7541.7,,mm,false
2,SSAT AL,fiducial,Fiducial,Fiducial,TFC02-P8-OIS,TFC02-P8-OIS,y,-1368.5,,mm,false
2,SSAT AL,fiducial,Fiducial,Fiducial,TFC02-P8-OIS,TFC02-P8-OIS,z,6354.9,,mm,false
2,SSAT AL,fiducial,Fiducial,Fiducial,TFC02-P9-OIS,TFC02-P9-OIS,x,5992.9,,mm,false
2,SSAT AL,fiducial,Fiducial,Fiducial,TFC02-P9-OIS,TFC02-P9-OIS,y,-1095.1,,mm,false
2,SSAT AL,fiducial,Fiducial,Fiducial,TFC02-P9-OIS,TFC02-P9-OIS,z,6118.8,,mm,false
2,SSAT AL,fiducial,Fiducial,Fiducial,TFC02_Added_8,TFC02_Added_8,x,11041.2,,mm,false
2,SSAT AL,fiducial,Fiducial,Fiducial,TFC02_Added_8,TFC02_Added_8,y,96.2,,mm,false
2,SSAT AL,fiducial,Fiducial,Fiducial,TFC02_Added_8,TFC02_Added_8,z,-3009.8,,mm,false
2,SSAT AL,fiducial,Fiducial,Fiducial,TFC02_ADDED_UPP,TFC02_ADDED_UPP,x,10654.9,,mm,false
2,SSAT AL,fiducial,Fiducial,Fiducial,TFC02_ADDED_UPP,TFC02_ADDED_UPP,y,-551.1,,mm,false
2,SSAT AL,fiducial,Fiducial,Fiducial,TFC02_ADDED_UPP,TFC02_ADDED_UPP,z,3395.7,,mm,false
2,SSAT AL,fiducial,Fiducial,Fiducial,TFC02_ADDED_UPP1,TFC02_ADDED_UPP1,x,10209.7,,mm,false
2,SSAT AL,fiducial,Fiducial,Fiducial,TFC02_ADDED_UPP1,TFC02_ADDED_UPP1,y,-1748.5,,mm,false
2,SSAT AL,fiducial,Fiducial,Fiducial,TFC02_ADDED_UPP1,TFC02_ADDED_UPP1,z,2380.5,,mm,false
2,SSAT AL,fiducial,Fiducial,Fiducial,TFC_IOIS_01,TFC_IOIS_01,x,9946.3,,mm,false
2,SSAT AL,fiducial,Fiducial,Fiducial,TFC_IOIS_01,TFC_IOIS_01,y,-1696.8,,mm,false
2,SSAT AL,fiducial,Fiducial,Fiducial,TFC_IOIS_01,TFC_IOIS_01,z,-3075.3,,mm,false
2,SSAT AL,fiducial,Fiducial,Fiducial,TFC_IOIS_02,TFC_IOIS_02,x,10341.2,,mm,false
2,SSAT AL,fiducial,Fiducial,Fiducial,TFC_IOIS_02,TFC_IOIS_02,y,-1354.0,,mm,false
2,SSAT AL,fiducial,Fiducial,Fiducial,TFC_IOIS_02,TFC_IOIS_02,z,-2155.1,,mm,false
2,SSAT AL,fiducial,Fiducial,Fiducial,TFC_IOIS_03,TFC_IOIS_03,x,10594.9,,mm,false
2,SSAT AL,fiducial,Fiducial,Fiducial,TFC_IOIS_03,TFC_IOIS_03,y,-1799.9,,mm,false
2,SSAT AL,fiducial,Fiducial,Fiducial,TFC_IOIS_03,TFC_IOIS_03,z,-1240.4,,mm,false
2,SSAT AL,fiducial,Fiducial,Fiducial,TFC_IOIS_04,TFC_IOIS_04,x,10209.7,,mm,false
2,SSAT AL,fiducial,Fiducial,Fiducial,TFC_IOIS_04,TFC_IOIS_04,y,-1748.5,,mm,false
2,SSAT AL,fiducial,Fiducial,Fiducial,TFC_IOIS_04,TFC_IOIS_04,z,2380.5,,mm,false
2,SSAT AL,fiducial,Fiducial,Fiducial,TFC_IOIS_05,TFC_IOIS_05,x,9842.9,,mm,false
2,SSAT AL,fiducial,Fiducial,Fiducial,TFC_IOIS_05,TFC_IOIS_05,y,-1231.6,,mm,false
2,SSAT AL,fiducial,Fiducial,Fiducial,TFC_IOIS_05,TFC_IOIS_05,z,3211.5,,mm,false
2,SSAT AL,fiducial,Fiducial,Fiducial,TFC_IOIS_06,TFC_IOIS_06,x,9370.8,,mm,false
2,SSAT AL,fiducial,Fiducial,Fiducial,TFC_IOIS_06,TFC_IOIS_06,y,-1590.7,,mm,false
2,SSAT AL,fiducial,Fiducial,Fiducial,TFC_IOIS_06,TFC_IOIS_06,z,3952.3,,mm,false
2,SSAT AL,fiducial,Fiducial,Fiducial,TFC_LW_XBEAM_2,TFC_LW_XBEAM_2,x,10705.2,,mm,false
2,SSAT AL,fiducial,Fiducial,Fiducial,TFC_LW_XBEAM_2,TFC_LW_XBEAM_2,y,1727.1,,mm,false
2,SSAT AL,fiducial,Fiducial,Fiducial,TFC_LW_XBEAM_2,TFC_LW_XBEAM_2,z,-1316.4,,mm,false
2,SSAT AL,fiducial,Fiducial,Fiducial,TFC_LW_XBEAM_5,TFC_LW_XBEAM_5,x,10301.9,,mm,false
2,SSAT AL,fiducial,Fiducial,Fiducial,TFC_LW_XBEAM_5,TFC_LW_XBEAM_5,y,1645.1,,mm,false
2,SSAT AL,fiducial,Fiducial,Fiducial,TFC_LW_XBEAM_5,TFC_LW_XBEAM_5,z,-2462.5,,mm,false
2,SSAT AL,fiducial,Fiducial,Fiducial,TFC_LW_XBEAM_11,TFC_LW_XBEAM_11,x,11726.2,,mm,false
2,SSAT AL,fiducial,Fiducial,Fiducial,TFC_LW_XBEAM_11,TFC_LW_XBEAM_11,y,176.8,,mm,false
2,SSAT AL,fiducial,Fiducial,Fiducial,TFC_LW_XBEAM_11,TFC_LW_XBEAM_11,z,-1661.7,,mm,false
2,SSAT AL,fiducial,Fiducial,Fiducial,TFC_XB_ADDED_3,TFC_XB_ADDED_3,x,10808.0,,mm,false
2,SSAT AL,fiducial,Fiducial,Fiducial,TFC_XB_ADDED_3,TFC_XB_ADDED_3,y,817.6,,mm,false
2,SSAT AL,fiducial,Fiducial,Fiducial,TFC_XB_ADDED_3,TFC_XB_ADDED_3,z,-1641.5,,mm,false
2,SSAT AL,fiducial,Fiducial,Fiducial,TFC_XB_ADDED_5,TFC_XB_ADDED_5,x,10705.2,,mm,false
2,SSAT AL,fiducial,Fiducial,Fiducial,TFC_XB_ADDED_5,TFC_XB_ADDED_5,y,1727.1,,mm,false
2,SSAT AL,fiducial,Fiducial,Fiducial,TFC_XB_ADDED_5,TFC_XB_ADDED_5,z,-1316.4,,mm,false
2,SSAT AL,fiducial,Fiducial,Fiducial,TFC_XB_ADDED_9,TFC_XB_ADDED_9,x,10234.7,,mm,false
2,SSAT AL,fiducial,Fiducial,Fiducial,TFC_XB_ADDED_9,TFC_XB_ADDED_9,y,906.0,,mm,false
2,SSAT AL,fiducial,Fiducial,Fiducial,TFC_XB_ADDED_9,TFC_XB_ADDED_9,z,-3047.9,,mm,false
2,SSAT AL,fiducial,Fiducial,Fiducial,TFC_XB_UPP_ADDED_1,TFC_XB_UPP_ADDED_1,x,10114.4,,mm,false
2,SSAT AL,fiducial,Fiducial,Fiducial,TFC_XB_UPP_ADDED_1,TFC_XB_UPP_ADDED_1,y,1019.6,,mm,false
2,SSAT AL,fiducial,Fiducial,Fiducial,TFC_XB_UPP_ADDED_1,TFC_XB_UPP_ADDED_1,z,2991.4,,mm,false
2,SSAT AL,fiducial,Fiducial,Fiducial,TFC_XB_UPP_ADDED_2,TFC_XB_UPP_ADDED_2,x,10080.2,,mm,false
2,SSAT AL,fiducial,Fiducial,Fiducial,TFC_XB_UPP_ADDED_2,TFC_XB_UPP_ADDED_2,y,866.4,,mm,false
2,SSAT AL,fiducial,Fiducial,Fiducial,TFC_XB_UPP_ADDED_2,TFC_XB_UPP_ADDED_2,z,3248.7,,mm,false
2,SSAT AL,fiducial,Fiducial,Fiducial,TFC_XB_UPP_ADDED_3,TFC_XB_UPP_ADDED_3,x,9935.0,,mm,false
2,SSAT AL,fiducial,Fiducial,Fiducial,TFC_XB_UPP_ADDED_3,TFC_XB_UPP_ADDED_3,y,684.1,,mm,false
2,SSAT AL,fiducial,Fiducial,Fiducial,TFC_XB_UPP_ADDED_3,TFC_XB_UPP_ADDED_3,z,3761.1,,mm,false
2,SSAT AL,fiducial,Fiducial,Fiducial,TFC_XB_UPP_ADDED_4,TFC_XB_UPP_ADDED_4,x,9826.3,,mm,false
2,SSAT AL,fiducial,Fiducial,Fiducial,TFC_XB_UPP_ADDED_4,TFC_XB_UPP_ADDED_4,y,385.2,,mm,false
2,SSAT AL,fiducial,Fiducial,Fiducial,TFC_XB_UPP_ADDED_4,TFC_XB_UPP_ADDED_4,z,4186.5,,mm,false
2,SSAT AL,fiducial,Fiducial,Fiducial,TFC_XB_UPP_ADDED_5,TFC_XB_UPP_ADDED_5,x,10676.2,,mm,false
2,SSAT AL,fiducial,Fiducial,Fiducial,TFC_XB_UPP_ADDED_5,TFC_XB_UPP_ADDED_5,y,501.3,,mm,false
2,SSAT AL,fiducial,Fiducial,Fiducial,TFC_XB_UPP_ADDED_5,TFC_XB_UPP_ADDED_5,z,4049.9,,mm,false
2,SSAT AL,fiducial,Fiducial,Fiducial,TFC_XB_UPP_ADDED_6,TFC_XB_UPP_ADDED_6,x,10963.0,,mm,false
2,SSAT AL,fiducial,Fiducial,Fiducial,TFC_XB_UPP_ADDED_6,TFC_XB_UPP_ADDED_6,y,536.9,,mm,false
2,SSAT AL,fiducial,Fiducial,Fiducial,TFC_XB_UPP_ADDED_6,TFC_XB_UPP_ADDED_6,z,4049.3,,mm,false
2,SSAT AL,fiducial,Fiducial,Fiducial,TFC_XB_UPP_ADDED_7,TFC_XB_UPP_ADDED_7,x,10892.3,,mm,false
2,SSAT AL,fiducial,Fiducial,Fiducial,TFC_XB_UPP_ADDED_7,TFC_XB_UPP_ADDED_7,y,957.5,,mm,false
2,SSAT AL,fiducial,Fiducial,Fiducial,TFC_XB_UPP_ADDED_7,TFC_XB_UPP_ADDED_7,z,4047.3,,mm,false
2,SSAT AL,fiducial,Fiducial,Fiducial,TFC_XB_UPP_ADDED_8,TFC_XB_UPP_ADDED_8,x,11174.5,,mm,false
2,SSAT AL,fiducial,Fiducial,Fiducial,TFC_XB_UPP_ADDED_8,TFC_XB_UPP_ADDED_8,y,334.7,,mm,false
2,SSAT AL,fiducial,Fiducial,Fiducial,TFC_XB_UPP_ADDED_8,TFC_XB_UPP_ADDED_8,z,3582.8,,mm,false
2,SSAT AL,fiducial,Fiducial,Fiducial,TFC_XB_UPP_ADDED_08,TFC_XB_UPP_ADDED_08,x,11174.5,,mm,false
2,SSAT AL,fiducial,Fiducial,Fiducial,TFC_XB_UPP_ADDED_08,TFC_XB_UPP_ADDED_08,y,334.7,,mm,false
2,SSAT AL,fiducial,Fiducial,Fiducial,TFC_XB_UPP_ADDED_08,TFC_XB_UPP_ADDED_08,z,3582.8,,mm,false
2,SSAT AL,fiducial,Fiducial,Fiducial,TFC_XB_UPP_ADDED_9,TFC_XB_UPP_ADDED_9,x,11173.8,,mm,false
2,SSAT AL,fiducial,Fiducial,Fiducial,TFC_XB_UPP_ADDED_9,TFC_XB_UPP_ADDED_9,y,303.1,,mm,false
2,SSAT AL,fiducial,Fiducial,Fiducial,TFC_XB_UPP_ADDED_9,TFC_XB_UPP_ADDED_9,z,3965.1,,mm,false
2,SSAT AL,fiducial,Fiducial,Fiducial,VV_UPP_01,VV_UPP_01,x,10593.3,,mm,false
2,SSAT AL,fiducial,Fiducial,Fiducial,VV_UPP_01,VV_UPP_01,y,1500.3,,mm,false
2,SSAT AL,fiducial,Fiducial,Fiducial,VV_UPP_01,VV_UPP_01,z,4429.5,,mm,false
2,SSAT AL,fiducial,Fiducial,Fiducial,VVTS_2,VVTS_2,x,9883.2,,mm,false
2,SSAT AL,fiducial,Fiducial,Fiducial,VVTS_2,VVTS_2,y,-604.2,,mm,false
2,SSAT AL,fiducial,Fiducial,Fiducial,VVTS_2,VVTS_2,z,724.9,,mm,false
2,SSAT AL,fiducial,Fiducial,Fiducial,VVTS_UPP_01,VVTS_UPP_01,x,10429.0,,mm,false
2,SSAT AL,fiducial,Fiducial,Fiducial,VVTS_UPP_01,VVTS_UPP_01,y,1717.9,,mm,false
2,SSAT AL,fiducial,Fiducial,Fiducial,VVTS_UPP_01,VVTS_UPP_01,z,4291.1,,mm,false
2,SSAT AL,fiducial,Fiducial,Fiducial,VVTS_UPP_04,VVTS_UPP_04,x,10558.9,,mm,false
2,SSAT AL,fiducial,Fiducial,Fiducial,VVTS_UPP_04,VVTS_UPP_04,y,960.9,,mm,false
2,SSAT AL,fiducial,Fiducial,Fiducial,VVTS_UPP_04,VVTS_UPP_04,z,4298.0,,mm,false
2,SSAT AL,fiducial,ILIS +1 side,ILIS +1 side,p1,p1,x,2172.1,,mm,false
2,SSAT AL,fiducial,ILIS +1 side,ILIS +1 side,p1,p1,y,381.9,,mm,false
2,SSAT AL,fiducial,ILIS +1 side,ILIS +1 side,p1,p1,z,-3773.0,,mm,false
2,SSAT AL,fiducial,ILIS +1 side,ILIS +1 side,p2,p2,x,2173.8,,mm,false
2,SSAT AL,fiducial,ILIS +1 side,ILIS +1 side,p2,p2,y,382.4,,mm,false
2,SSAT AL,fiducial,ILIS +1 side,ILIS +1 side,p2,p2,z,-454.7,,mm,false
2,SSAT AL,fiducial,ILIS +1 side,ILIS +1 side,p3,p3,x,2180.1,,mm,false
2,SSAT AL,fiducial,ILIS +1 side,ILIS +1 side,p3,p3,y,383.3,,mm,false
2,SSAT AL,fiducial,ILIS +1 side,ILIS +1 side,p3,p3,z,-3518.7,,mm,false
2,SSAT AL,fiducial,ILIS +1 side,ILIS +1 side,p4,p4,x,2176.5,,mm,false
2,SSAT AL,fiducial,ILIS +1 side,ILIS +1 side,p4,p4,y,383.2,,mm,false
2,SSAT AL,fiducial,ILIS +1 side,ILIS +1 side,p4,p4,z,4016.7,,mm,false
2,SSAT AL,fiducial,ILIS +1 side,ILIS +1 side,p5,p5,x,2181.8,,mm,false
2,SSAT AL,fiducial,ILIS +1 side,ILIS +1 side,p5,p5,y,383.6,,mm,false
2,SSAT AL,fiducial,ILIS +1 side,ILIS +1 side,p5,p5,z,-3978.7,,mm,false
2,SSAT AL,fiducial,ILIS +1 side,ILIS +1 side,p6,p6,x,2179.1,,mm,false
2,SSAT AL,fiducial,ILIS +1 side,ILIS +1 side,p6,p6,y,383.5,,mm,false
2,SSAT AL,fiducial,ILIS +1 side,ILIS +1 side,p6,p6,z,-174.7,,mm,false
2,SSAT AL,fiducial,ILIS +1 side,ILIS +1 side,p7,p7,x,2180.1,,mm,false
2,SSAT AL,fiducial,ILIS +1 side,ILIS +1 side,p7,p7,y,383.5,,mm,false
2,SSAT AL,fiducial,ILIS +1 side,ILIS +1 side,p7,p7,z,258.4,,mm,false
2,SSAT AL,fiducial,ILIS +1 side,ILIS +1 side,p8,p8,x,2181.0,,mm,false
2,SSAT AL,fiducial,ILIS +1 side,ILIS +1 side,p8,p8,y,383.8,,mm,false
2,SSAT AL,fiducial,ILIS +1 side,ILIS +1 side,p8,p8,z,512.6,,mm,false
2,SSAT AL,fiducial,ILIS +1 side,ILIS +1 side,p9,p9,x,2188.3,,mm,false
2,SSAT AL,fiducial,ILIS +1 side,ILIS +1 side,p9,p9,y,384.8,,mm,false
2,SSAT AL,fiducial,ILIS +1 side,ILIS +1 side,p9,p9,z,-2801.5,,mm,false
2,SSAT AL,fiducial,ILIS +1 side,ILIS +1 side,p10,p10,x,2186.0,,mm,false
2,SSAT AL,fiducial,ILIS +1 side,ILIS +1 side,p10,p10,y,384.6,,mm,false
2,SSAT AL,fiducial,ILIS +1 side,ILIS +1 side,p10,p10,z,3446.4,,mm,false
2,SSAT AL,fiducial,ILIS +1 side,ILIS +1 side,p11,p11,x,2186.5,,mm,false
2,SSAT AL,fiducial,ILIS +1 side,ILIS +1 side,p11,p11,y,384.8,,mm,false
2,SSAT AL,fiducial,ILIS +1 side,ILIS +1 side,p11,p11,z,2697.1,,mm,false
2,SSAT AL,fiducial,ILIS +1 side,ILIS +1 side,p12,p12,x,2187.8,,mm,false
2,SSAT AL,fiducial,ILIS +1 side,ILIS +1 side,p12,p12,y,384.9,,mm,false
2,SSAT AL,fiducial,ILIS +1 side,ILIS +1 side,p12,p12,z,487.2,,mm,false
2,SSAT AL,fiducial,ILIS +1 side,ILIS +1 side,p13,p13,x,2191.3,,mm,false
2,SSAT AL,fiducial,ILIS +1 side,ILIS +1 side,p13,p13,y,385.3,,mm,false
2,SSAT AL,fiducial,ILIS +1 side,ILIS +1 side,p13,p13,z,-4015.8,,mm,false
2,SSAT AL,fiducial,ILIS +1 side,ILIS +1 side,p14,p14,x,2189.6,,mm,false
2,SSAT AL,fiducial,ILIS +1 side,ILIS +1 side,p14,p14,y,385.1,,mm,false
2,SSAT AL,fiducial,ILIS +1 side,ILIS +1 side,p14,p14,z,-509.6,,mm,false
2,SSAT AL,fiducial,ILIS +1 side,ILIS +1 side,p15,p15,x,2189.4,,mm,false
2,SSAT AL,fiducial,ILIS +1 side,ILIS +1 side,p15,p15,y,385.2,,mm,false
2,SSAT AL,fiducial,ILIS +1 side,ILIS +1 side,p15,p15,z,1157.0,,mm,false
2,SSAT AL,fiducial,ILIS +1 side,ILIS +1 side,p16,p16,x,2191.6,,mm,false
2,SSAT AL,fiducial,ILIS +1 side,ILIS +1 side,p16,p16,y,385.5,,mm,false
2,SSAT AL,fiducial,ILIS +1 side,ILIS +1 side,p16,p16,z,-2116.5,,mm,false
2,SSAT AL,fiducial,ILIS +1 side,ILIS +1 side,p17,p17,x,2190.7,,mm,false
2,SSAT AL,fiducial,ILIS +1 side,ILIS +1 side,p17,p17,y,385.5,,mm,false
2,SSAT AL,fiducial,ILIS +1 side,ILIS +1 side,p17,p17,z,3515.2,,mm,false
2,SSAT AL,fiducial,ILIS +1 side,ILIS +1 side,p18,p18,x,2194.4,,mm,false
2,SSAT AL,fiducial,ILIS +1 side,ILIS +1 side,p18,p18,y,385.9,,mm,false
2,SSAT AL,fiducial,ILIS +1 side,ILIS +1 side,p18,p18,z,-1807.3,,mm,false
2,SSAT AL,fiducial,ILIS +1 side,ILIS +1 side,p19,p19,x,2193.1,,mm,false
2,SSAT AL,fiducial,ILIS +1 side,ILIS +1 side,p19,p19,y,385.9,,mm,false
2,SSAT AL,fiducial,ILIS +1 side,ILIS +1 side,p19,p19,z,801.8,,mm,false
2,SSAT AL,fiducial,ILIS +1 side,ILIS +1 side,p20,p20,x,2194.6,,mm,false
2,SSAT AL,fiducial,ILIS +1 side,ILIS +1 side,p20,p20,y,386.0,,mm,false
2,SSAT AL,fiducial,ILIS +1 side,ILIS +1 side,p20,p20,z,-1191.2,,mm,false
2,SSAT AL,fiducial,ILIS +1 side,ILIS +1 side,p21,p21,x,2192.0,,mm,false
2,SSAT AL,fiducial,ILIS +1 side,ILIS +1 side,p21,p21,y,385.8,,mm,false
2,SSAT AL,fiducial,ILIS +1 side,ILIS +1 side,p21,p21,z,3984.6,,mm,false
2,SSAT AL,fiducial,ILIS +1 side,ILIS +1 side,p22,p22,x,2196.3,,mm,false
2,SSAT AL,fiducial,ILIS +1 side,ILIS +1 side,p22,p22,y,386.4,,mm,false
2,SSAT AL,fiducial,ILIS +1 side,ILIS +1 side,p22,p22,z,-3137.3,,mm,false
2,SSAT AL,fiducial,ILIS +1 side,ILIS +1 side,p23,p23,x,2196.8,,mm,false
2,SSAT AL,fiducial,ILIS +1 side,ILIS +1 side,p23,p23,y,386.4,,mm,false
2,SSAT AL,fiducial,ILIS +1 side,ILIS +1 side,p23,p23,z,-824.8,,mm,false
2,SSAT AL,fiducial,ILIS +1 side,ILIS +1 side,p24,p24,x,2195.6,,mm,false
2,SSAT AL,fiducial,ILIS +1 side,ILIS +1 side,p24,p24,y,386.4,,mm,false
2,SSAT AL,fiducial,ILIS +1 side,ILIS +1 side,p24,p24,z,3752.6,,mm,false
2,SSAT AL,fiducial,ILIS +1 side,ILIS +1 side,p25,p25,x,2196.5,,mm,false
2,SSAT AL,fiducial,ILIS +1 side,ILIS +1 side,p25,p25,y,386.5,,mm,false
2,SSAT AL,fiducial,ILIS +1 side,ILIS +1 side,p25,p25,z,1928.9,,mm,false
2,SSAT AL,fiducial,ILIS +1 side,ILIS +1 side,p26,p26,x,2201.3,,mm,false
2,SSAT AL,fiducial,ILIS +1 side,ILIS +1 side,p26,p26,y,387.1,,mm,false
2,SSAT AL,fiducial,ILIS +1 side,ILIS +1 side,p26,p26,z,-3442.5,,mm,false
2,SSAT AL,fiducial,ILIS +1 side,ILIS +1 side,p27,p27,x,2202.9,,mm,false
2,SSAT AL,fiducial,ILIS +1 side,ILIS +1 side,p27,p27,y,387.3,,mm,false
2,SSAT AL,fiducial,ILIS +1 side,ILIS +1 side,p27,p27,z,-4216.9,,mm,false
2,SSAT AL,fiducial,ILIS +1 side,ILIS +1 side,p28,p28,x,2200.3,,mm,false
2,SSAT AL,fiducial,ILIS +1 side,ILIS +1 side,p28,p28,y,387.1,,mm,false
2,SSAT AL,fiducial,ILIS +1 side,ILIS +1 side,p28,p28,z,2437.7,,mm,false
2,SSAT AL,fiducial,ILIS +1 side,ILIS +1 side,p29,p29,x,2199.5,,mm,false
2,SSAT AL,fiducial,ILIS +1 side,ILIS +1 side,p29,p29,y,387.1,,mm,false
2,SSAT AL,fiducial,ILIS +1 side,ILIS +1 side,p29,p29,z,3101.6,,mm,false
2,SSAT AL,fiducial,ILIS +1 side,ILIS +1 side,p30,p30,x,2201.3,,mm,false
2,SSAT AL,fiducial,ILIS +1 side,ILIS +1 side,p30,p30,y,387.4,,mm,false
2,SSAT AL,fiducial,ILIS +1 side,ILIS +1 side,p30,p30,z,2208.7,,mm,false
2,SSAT AL,fiducial,ILIS +1 side,ILIS +1 side,p31,p31,x,2203.8,,mm,false
2,SSAT AL,fiducial,ILIS +1 side,ILIS +1 side,p31,p31,y,387.8,,mm,false
2,SSAT AL,fiducial,ILIS +1 side,ILIS +1 side,p31,p31,z,1489.5,,mm,false
2,SSAT AL,fiducial,ILIS +1 side,ILIS +1 side,p32,p32,x,2202.9,,mm,false
2,SSAT AL,fiducial,ILIS +1 side,ILIS +1 side,p32,p32,y,387.7,,mm,false
2,SSAT AL,fiducial,ILIS +1 side,ILIS +1 side,p32,p32,z,4201.7,,mm,false
2,SSAT AL,fiducial,ILIS +1 side,ILIS +1 side,p33,p33,x,2209.1,,mm,false
2,SSAT AL,fiducial,ILIS +1 side,ILIS +1 side,p33,p33,y,388.6,,mm,false
2,SSAT AL,fiducial,ILIS +1 side,ILIS +1 side,p33,p33,z,-1428.3,,mm,false
2,SSAT AL,fiducial,ILIS +1 side,ILIS +1 side,p34,p34,x,2209.9,,mm,false
2,SSAT AL,fiducial,ILIS +1 side,ILIS +1 side,p34,p34,y,388.9,,mm,false
2,SSAT AL,fiducial,ILIS +1 side,ILIS +1 side,p34,p34,z,1514.4,,mm,false
2,SSAT AL,fiducial,ILIS +1 side,ILIS +1 side,p35,p35,x,2222.0,,mm,false
2,SSAT AL,fiducial,ILIS +1 side,ILIS +1 side,p35,p35,y,390.8,,mm,false
2,SSAT AL,fiducial,ILIS +1 side,ILIS +1 side,p35,p35,z,-2474.3,,mm,false
2,SSAT AL,fiducial,ILIS +1 side,ILIS +1 side,p36,p36,x,2223.3,,mm,false
2,SSAT AL,fiducial,ILIS +1 side,ILIS +1 side,p36,p36,y,391.0,,mm,false
2,SSAT AL,fiducial,ILIS +1 side,ILIS +1 side,p36,p36,z,-2525.8,,mm,false
2,SSAT AL,fiducial,ILIS +1 side,ILIS +1 side,p37,p37,x,2222.9,,mm,false
2,SSAT AL,fiducial,ILIS +1 side,ILIS +1 side,p37,p37,y,391.0,,mm,false
2,SSAT AL,fiducial,ILIS +1 side,ILIS +1 side,p37,p37,z,-1524.3,,mm,false
2,SSAT AL,fiducial,ILIS +1 side,ILIS +1 side,p38,p38,x,2240.8,,mm,false
2,SSAT AL,fiducial,ILIS +1 side,ILIS +1 side,p38,p38,y,394.4,,mm,false
2,SSAT AL,fiducial,ILIS +1 side,ILIS +1 side,p38,p38,z,4424.5,,mm,false
2,SSAT AL,fiducial,ILIS +1 side,ILIS +1 side,p39,p39,x,2250.7,,mm,false
2,SSAT AL,fiducial,ILIS +1 side,ILIS +1 side,p39,p39,y,396.1,,mm,false
2,SSAT AL,fiducial,ILIS +1 side,ILIS +1 side,p39,p39,z,2571.0,,mm,false
2,SSAT AL,fiducial,ILIS +1 side,ILIS +1 side,p40,p40,x,2269.5,,mm,false
2,SSAT AL,fiducial,ILIS +1 side,ILIS +1 side,p40,p40,y,399.0,,mm,false
2,SSAT AL,fiducial,ILIS +1 side,ILIS +1 side,p40,p40,z,-4482.4,,mm,false
2,SSAT AL,fiducial,ILIS +1 side,ILIS +1 side,p41,p41,x,2339.6,,mm,false
2,SSAT AL,fiducial,ILIS +1 side,ILIS +1 side,p41,p41,y,411.8,,mm,false
2,SSAT AL,fiducial,ILIS +1 side,ILIS +1 side,p41,p41,z,2455.7,,mm,false
2,SSAT AL,fiducial,ILIS +1 side,ILIS +1 side,p42,p42,x,2366.5,,mm,false
2,SSAT AL,fiducial,ILIS +1 side,ILIS +1 side,p42,p42,y,416.5,,mm,false
2,SSAT AL,fiducial,ILIS +1 side,ILIS +1 side,p42,p42,z,3980.3,,mm,false
2,SSAT AL,fiducial,ILIS +1 side,ILIS +1 side,p43,p43,x,2370.0,,mm,false
2,SSAT AL,fiducial,ILIS +1 side,ILIS +1 side,p43,p43,y,417.2,,mm,false
2,SSAT AL,fiducial,ILIS +1 side,ILIS +1 side,p43,p43,z,4012.6,,mm,false
2,SSAT AL,fiducial,ILIS +1 side,ILIS +1 side,p44,p44,x,2382.5,,mm,false
2,SSAT AL,fiducial,ILIS +1 side,ILIS +1 side,p44,p44,y,418.9,,mm,false
2,SSAT AL,fiducial,ILIS +1 side,ILIS +1 side,p44,p44,z,-4209.2,,mm,false
2,SSAT AL,fiducial,ILIS +1 side,ILIS +1 side,p45,p45,x,2379.7,,mm,false
2,SSAT AL,fiducial,ILIS +1 side,ILIS +1 side,p45,p45,y,418.8,,mm,false
2,SSAT AL,fiducial,ILIS +1 side,ILIS +1 side,p45,p45,z,3766.0,,mm,false
2,SSAT AL,fiducial,ILIS +1 side,ILIS +1 side,p46,p46,x,2386.2,,mm,false
2,SSAT AL,fiducial,ILIS +1 side,ILIS +1 side,p46,p46,y,419.7,,mm,false
2,SSAT AL,fiducial,ILIS +1 side,ILIS +1 side,p46,p46,z,-3981.8,,mm,false
2,SSAT AL,fiducial,ILIS +1 side,ILIS +1 side,p47,p47,x,2387.0,,mm,false
2,SSAT AL,fiducial,ILIS +1 side,ILIS +1 side,p47,p47,y,419.8,,mm,false
2,SSAT AL,fiducial,ILIS +1 side,ILIS +1 side,p47,p47,z,-3777.2,,mm,false
2,SSAT AL,fiducial,ILIS +1 side,ILIS +1 side,p48,p48,x,2387.2,,mm,false
2,SSAT AL,fiducial,ILIS +1 side,ILIS +1 side,p48,p48,y,420.1,,mm,false
2,SSAT AL,fiducial,ILIS +1 side,ILIS +1 side,p48,p48,z,3518.9,,mm,false
2,SSAT AL,fiducial,ILIS +1 side,ILIS +1 side,p49,p49,x,2394.6,,mm,false
2,SSAT AL,fiducial,ILIS +1 side,ILIS +1 side,p49,p49,y,421.2,,mm,false
2,SSAT AL,fiducial,ILIS +1 side,ILIS +1 side,p49,p49,z,-3515.8,,mm,false
2,SSAT AL,fiducial,ILIS +1 side,ILIS +1 side,p50,p50,x,2402.9,,mm,false
2,SSAT AL,fiducial,ILIS +1 side,ILIS +1 side,p50,p50,y,422.6,,mm,false
2,SSAT AL,fiducial,ILIS +1 side,ILIS +1 side,p50,p50,z,-1802.3,,mm,false
2,SSAT AL,fiducial,ILIS +1 side,ILIS +1 side,p51,p51,x,2413.0,,mm,false
2,SSAT AL,fiducial,ILIS +1 side,ILIS +1 side,p51,p51,y,424.7,,mm,false
2,SSAT AL,fiducial,ILIS +1 side,ILIS +1 side,p51,p51,z,2800.5,,mm,false
2,SSAT AL,fiducial,ILIS +1 side,ILIS +1 side,p52,p52,x,2418.5,,mm,false
2,SSAT AL,fiducial,ILIS +1 side,ILIS +1 side,p52,p52,y,425.3,,mm,false
2,SSAT AL,fiducial,ILIS +1 side,ILIS +1 side,p52,p52,z,-4484.9,,mm,false
2,SSAT AL,fiducial,ILIS +1 side,ILIS +1 side,p53,p53,x,2418.0,,mm,false
2,SSAT AL,fiducial,ILIS +1 side,ILIS +1 side,p53,p53,y,425.3,,mm,false
2,SSAT AL,fiducial,ILIS +1 side,ILIS +1 side,p53,p53,z,-4016.8,,mm,false
2,SSAT AL,fiducial,ILIS +1 side,ILIS +1 side,p54,p54,x,2418.8,,mm,false
2,SSAT AL,fiducial,ILIS +1 side,ILIS +1 side,p54,p54,y,425.4,,mm,false
2,SSAT AL,fiducial,ILIS +1 side,ILIS +1 side,p54,p54,z,-3419.4,,mm,false
2,SSAT AL,fiducial,ILIS +1 side,ILIS +1 side,p55,p55,x,2415.8,,mm,false
2,SSAT AL,fiducial,ILIS +1 side,ILIS +1 side,p55,p55,y,425.2,,mm,false
2,SSAT AL,fiducial,ILIS +1 side,ILIS +1 side,p55,p55,z,4449.6,,mm,false
2,SSAT AL,fiducial,ILIS +1 side,ILIS +1 side,p56,p56,x,2416.3,,mm,false
2,SSAT AL,fiducial,ILIS +1 side,ILIS +1 side,p56,p56,y,425.4,,mm,false
2,SSAT AL,fiducial,ILIS +1 side,ILIS +1 side,p56,p56,z,4215.3,,mm,false
2,SSAT AL,fiducial,ILIS +1 side,ILIS +1 side,p57,p57,x,2422.5,,mm,false
2,SSAT AL,fiducial,ILIS +1 side,ILIS +1 side,p57,p57,y,426.1,,mm,false
2,SSAT AL,fiducial,ILIS +1 side,ILIS +1 side,p57,p57,z,-2474.5,,mm,false
2,SSAT AL,fiducial,ILIS +1 side,ILIS +1 side,p58,p58,x,2425.3,,mm,false
2,SSAT AL,fiducial,ILIS +1 side,ILIS +1 side,p58,p58,y,426.9,,mm,false
2,SSAT AL,fiducial,ILIS +1 side,ILIS +1 side,p58,p58,z,1472.5,,mm,false
2,SSAT AL,fiducial,ILIS +1 side,ILIS +1 side,p59,p59,x,2431.4,,mm,false
2,SSAT AL,fiducial,ILIS +1 side,ILIS +1 side,p59,p59,y,427.8,,mm,false
2,SSAT AL,fiducial,ILIS +1 side,ILIS +1 side,p59,p59,z,266.1,,mm,false
2,SSAT AL,fiducial,ILIS +1 side,ILIS +1 side,p60,p60,x,2433.6,,mm,false
2,SSAT AL,fiducial,ILIS +1 side,ILIS +1 side,p60,p60,y,428.0,,mm,false
2,SSAT AL,fiducial,ILIS +1 side,ILIS +1 side,p60,p60,z,-2519.3,,mm,false
2,SSAT AL,fiducial,ILIS +1 side,ILIS +1 side,p61,p61,x,2431.6,,mm,false
2,SSAT AL,fiducial,ILIS +1 side,ILIS +1 side,p61,p61,y,427.9,,mm,false
2,SSAT AL,fiducial,ILIS +1 side,ILIS +1 side,p61,p61,z,786.0,,mm,false
2,SSAT AL,fiducial,ILIS +1 side,ILIS +1 side,p62,p62,x,2432.1,,mm,false
2,SSAT AL,fiducial,ILIS +1 side,ILIS +1 side,p62,p62,y,428.0,,mm,false
2,SSAT AL,fiducial,ILIS +1 side,ILIS +1 side,p62,p62,z,2219.4,,mm,false
2,SSAT AL,fiducial,ILIS +1 side,ILIS +1 side,p63,p63,x,2436.4,,mm,false
2,SSAT AL,fiducial,ILIS +1 side,ILIS +1 side,p63,p63,y,428.8,,mm,false
2,SSAT AL,fiducial,ILIS +1 side,ILIS +1 side,p63,p63,z,1900.4,,mm,false
2,SSAT AL,fiducial,ILIS +1 side,ILIS +1 side,p64,p64,x,2439.3,,mm,false
2,SSAT AL,fiducial,ILIS +1 side,ILIS +1 side,p64,p64,y,429.1,,mm,false
2,SSAT AL,fiducial,ILIS +1 side,ILIS +1 side,p64,p64,z,-2093.5,,mm,false
2,SSAT AL,fiducial,ILIS +1 side,ILIS +1 side,p65,p65,x,2438.7,,mm,false
2,SSAT AL,fiducial,ILIS +1 side,ILIS +1 side,p65,p65,y,429.1,,mm,false
2,SSAT AL,fiducial,ILIS +1 side,ILIS +1 side,p65,p65,z,-473.2,,mm,false
2,SSAT AL,fiducial,ILIS +1 side,ILIS +1 side,p66,p66,x,2442.6,,mm,false
2,SSAT AL,fiducial,ILIS +1 side,ILIS +1 side,p66,p66,y,429.6,,mm,false
2,SSAT AL,fiducial,ILIS +1 side,ILIS +1 side,p66,p66,z,-2787.1,,mm,false
2,SSAT AL,fiducial,ILIS +1 side,ILIS +1 side,p67,p67,x,2448.7,,mm,false
2,SSAT AL,fiducial,ILIS +1 side,ILIS +1 side,p67,p67,y,430.8,,mm,false
2,SSAT AL,fiducial,ILIS +1 side,ILIS +1 side,p67,p67,z,-1446.8,,mm,false
2,SSAT AL,fiducial,ILIS +1 side,ILIS +1 side,p68,p68,x,2448.6,,mm,false
2,SSAT AL,fiducial,ILIS +1 side,ILIS +1 side,p68,p68,y,430.8,,mm,false
2,SSAT AL,fiducial,ILIS +1 side,ILIS +1 side,p68,p68,z,-518.8,,mm,false
2,SSAT AL,fiducial,ILIS +1 side,ILIS +1 side,p69,p69,x,2452.7,,mm,false
2,SSAT AL,fiducial,ILIS +1 side,ILIS +1 side,p69,p69,y,431.7,,mm,false
2,SSAT AL,fiducial,ILIS +1 side,ILIS +1 side,p69,p69,z,536.5,,mm,false
2,SSAT AL,fiducial,ILIS +1 side,ILIS +1 side,p70,p70,x,2453.2,,mm,false
2,SSAT AL,fiducial,ILIS +1 side,ILIS +1 side,p70,p70,y,431.7,,mm,false
2,SSAT AL,fiducial,ILIS +1 side,ILIS +1 side,p70,p70,z,485.3,,mm,false
2,SSAT AL,fiducial,ILIS +1 side,ILIS +1 side,p71,p71,x,2459.2,,mm,false
2,SSAT AL,fiducial,ILIS +1 side,ILIS +1 side,p71,p71,y,432.8,,mm,false
2,SSAT AL,fiducial,ILIS +1 side,ILIS +1 side,p71,p71,z,1522.8,,mm,false
2,SSAT AL,fiducial,ILIS +1 side,ILIS +1 side,p72,p72,x,2458.5,,mm,false
2,SSAT AL,fiducial,ILIS +1 side,ILIS +1 side,p72,p72,y,432.8,,mm,false
2,SSAT AL,fiducial,ILIS +1 side,ILIS +1 side,p72,p72,z,3473.2,,mm,false
2,SSAT AL,fiducial,ILIS +1 side,ILIS +1 side,p73,p73,x,2468.3,,mm,false
2,SSAT AL,fiducial,ILIS +1 side,ILIS +1 side,p73,p73,y,434.2,,mm,false
2,SSAT AL,fiducial,ILIS +1 side,ILIS +1 side,p73,p73,z,-820.1,,mm,false
2,SSAT AL,fiducial,ILIS +1 side,ILIS +1 side,p74,p74,x,2469.3,,mm,false
2,SSAT AL,fiducial,ILIS +1 side,ILIS +1 side,p74,p74,y,434.5,,mm,false
2,SSAT AL,fiducial,ILIS +1 side,ILIS +1 side,p74,p74,z,-1529.5,,mm,false
2,SSAT AL,fiducial,ILIS +1 side,ILIS +1 side,p75,p75,x,2480.7,,mm,false
2,SSAT AL,fiducial,ILIS +1 side,ILIS +1 side,p75,p75,y,436.4,,mm,false
2,SSAT AL,fiducial,ILIS +1 side,ILIS +1 side,p75,p75,z,-3149.1,,mm,false
2,SSAT AL,fiducial,ILIS +1 side,ILIS +1 side,p76,p76,x,2479.6,,mm,false
2,SSAT AL,fiducial,ILIS +1 side,ILIS +1 side,p76,p76,y,436.3,,mm,false
2,SSAT AL,fiducial,ILIS +1 side,ILIS +1 side,p76,p76,z,1181.4,,mm,false
2,SSAT AL,fiducial,ILIS +1 side,ILIS +1 side,p77,p77,x,2479.4,,mm,false
2,SSAT AL,fiducial,ILIS +1 side,ILIS +1 side,p77,p77,y,436.4,,mm,false
2,SSAT AL,fiducial,ILIS +1 side,ILIS +1 side,p77,p77,z,3180.0,,mm,false
2,SSAT AL,fiducial,ILIS +1 side,ILIS +1 side,p78,p78,x,2487.1,,mm,false
2,SSAT AL,fiducial,ILIS +1 side,ILIS +1 side,p78,p78,y,437.6,,mm,false
2,SSAT AL,fiducial,ILIS +1 side,ILIS +1 side,p78,p78,z,-1209.1,,mm,false
2,SSAT AL,fiducial,ILIS +1 side,ILIS +1 side,p79,p79,x,2498.5,,mm,false
2,SSAT AL,fiducial,ILIS +1 side,ILIS +1 side,p79,p79,y,439.6,,mm,false
2,SSAT AL,fiducial,ILIS +1 side,ILIS +1 side,p79,p79,z,-261.3,,mm,false
2,SSAT AL,fiducial,ILIS +1 side,ILIS +1 side,p80,p80,x,2574.0,,mm,false
2,SSAT AL,fiducial,ILIS +1 side,ILIS +1 side,p80,p80,y,452.7,,mm,false
2,SSAT AL,fiducial,ILIS +1 side,ILIS +1 side,p80,p80,z,-4198.7,,mm,false
2,SSAT AL,fiducial,ILIS +1 side,ILIS +1 side,p81,p81,x,2569.8,,mm,false
2,SSAT AL,fiducial,ILIS +1 side,ILIS +1 side,p81,p81,y,452.3,,mm,false
2,SSAT AL,fiducial,ILIS +1 side,ILIS +1 side,p81,p81,z,3519.0,,mm,false
2,SSAT AL,fiducial,ILIS +1 side,ILIS +1 side,p82,p82,x,2574.8,,mm,false
2,SSAT AL,fiducial,ILIS +1 side,ILIS +1 side,p82,p82,y,452.9,,mm,false
2,SSAT AL,fiducial,ILIS +1 side,ILIS +1 side,p82,p82,z,-3979.4,,mm,false
2,SSAT AL,fiducial,ILIS +1 side,ILIS +1 side,p83,p83,x,2575.5,,mm,false
2,SSAT AL,fiducial,ILIS +1 side,ILIS +1 side,p83,p83,y,453.0,,mm,false
2,SSAT AL,fiducial,ILIS +1 side,ILIS +1 side,p83,p83,z,-4478.2,,mm,false
2,SSAT AL,fiducial,ILIS +1 side,ILIS +1 side,p84,p84,x,2574.6,,mm,false
2,SSAT AL,fiducial,ILIS +1 side,ILIS +1 side,p84,p84,y,453.1,,mm,false
2,SSAT AL,fiducial,ILIS +1 side,ILIS +1 side,p84,p84,z,3766.6,,mm,false
2,SSAT AL,fiducial,ILIS +1 side,ILIS +1 side,p85,p85,x,2575.1,,mm,false
2,SSAT AL,fiducial,ILIS +1 side,ILIS +1 side,p85,p85,y,453.2,,mm,false
2,SSAT AL,fiducial,ILIS +1 side,ILIS +1 side,p85,p85,z,2532.5,,mm,false
2,SSAT AL,fiducial,ILIS +1 side,ILIS +1 side,p86,p86,x,2576.1,,mm,false
2,SSAT AL,fiducial,ILIS +1 side,ILIS +1 side,p86,p86,y,453.5,,mm,false
2,SSAT AL,fiducial,ILIS +1 side,ILIS +1 side,p86,p86,z,4013.7,,mm,false
2,SSAT AL,fiducial,ILIS +1 side,ILIS +1 side,p87,p87,x,2581.3,,mm,false
2,SSAT AL,fiducial,ILIS +1 side,ILIS +1 side,p87,p87,y,454.0,,mm,false
2,SSAT AL,fiducial,ILIS +1 side,ILIS +1 side,p87,p87,z,-4015.8,,mm,false
2,SSAT AL,fiducial,ILIS +1 side,ILIS +1 side,p88,p88,x,2583.8,,mm,false
2,SSAT AL,fiducial,ILIS +1 side,ILIS +1 side,p88,p88,y,454.5,,mm,false
2,SSAT AL,fiducial,ILIS +1 side,ILIS +1 side,p88,p88,z,-3747.5,,mm,false
2,SSAT AL,fiducial,ILIS +1 side,ILIS +1 side,p89,p89,x,2584.8,,mm,false
2,SSAT AL,fiducial,ILIS +1 side,ILIS +1 side,p89,p89,y,454.7,,mm,false
2,SSAT AL,fiducial,ILIS +1 side,ILIS +1 side,p89,p89,z,-3517.9,,mm,false
2,SSAT AL,fiducial,ILIS +1 side,ILIS +1 side,p90,p90,x,2581.0,,mm,false
2,SSAT AL,fiducial,ILIS +1 side,ILIS +1 side,p90,p90,y,454.4,,mm,false
2,SSAT AL,fiducial,ILIS +1 side,ILIS +1 side,p90,p90,z,4223.6,,mm,false
2,SSAT AL,fiducial,ILIS +1 side,ILIS +1 side,p91,p91,x,2582.3,,mm,false
2,SSAT AL,fiducial,ILIS +1 side,ILIS +1 side,p91,p91,y,454.5,,mm,false
2,SSAT AL,fiducial,ILIS +1 side,ILIS +1 side,p91,p91,z,3980.1,,mm,false
2,SSAT AL,fiducial,ILIS +1 side,ILIS +1 side,p92,p92,x,2589.0,,mm,false
2,SSAT AL,fiducial,ILIS +1 side,ILIS +1 side,p92,p92,y,455.8,,mm,false
2,SSAT AL,fiducial,ILIS +1 side,ILIS +1 side,p92,p92,z,4461.8,,mm,false
2,SSAT AL,fiducial,ILIS +1 side,ILIS +1 side,p93,p93,x,2616.1,,mm,false
2,SSAT AL,fiducial,ILIS +1 side,ILIS +1 side,p93,p93,y,460.2,,mm,false
2,SSAT AL,fiducial,ILIS +1 side,ILIS +1 side,p93,p93,z,-3514.2,,mm,false
2,SSAT AL,fiducial,ILIS +1 side,ILIS +1 side,p94,p94,x,2612.1,,mm,false
2,SSAT AL,fiducial,ILIS +1 side,ILIS +1 side,p94,p94,y,459.8,,mm,false
2,SSAT AL,fiducial,ILIS +1 side,ILIS +1 side,p94,p94,z,3963.5,,mm,false
2,SSAT AL,fiducial,ILIS +1 side,ILIS +1 side,p95,p95,x,2614.0,,mm,false
2,SSAT AL,fiducial,ILIS +1 side,ILIS +1 side,p95,p95,y,460.1,,mm,false
2,SSAT AL,fiducial,ILIS +1 side,ILIS +1 side,p95,p95,z,4472.1,,mm,false
2,SSAT AL,fiducial,ILIS +1 side,ILIS +1 side,p96,p96,x,2615.3,,mm,false
2,SSAT AL,fiducial,ILIS +1 side,ILIS +1 side,p96,p96,y,460.3,,mm,false
2,SSAT AL,fiducial,ILIS +1 side,ILIS +1 side,p96,p96,z,3805.1,,mm,false
2,SSAT AL,fiducial,ILIS +1 side,ILIS +1 side,p97,p97,x,2619.2,,mm,false
2,SSAT AL,fiducial,ILIS +1 side,ILIS +1 side,p97,p97,y,460.7,,mm,false
2,SSAT AL,fiducial,ILIS +1 side,ILIS +1 side,p97,p97,z,-3745.5,,mm,false
2,SSAT AL,fiducial,ILIS +1 side,ILIS +1 side,p98,p98,x,2619.9,,mm,false
2,SSAT AL,fiducial,ILIS +1 side,ILIS +1 side,p98,p98,y,460.8,,mm,false
2,SSAT AL,fiducial,ILIS +1 side,ILIS +1 side,p98,p98,z,-4249.6,,mm,false
2,SSAT AL,fiducial,ILIS +1 side,ILIS +1 side,p99,p99,x,2620.5,,mm,false
2,SSAT AL,fiducial,ILIS +1 side,ILIS +1 side,p99,p99,y,460.9,,mm,false
2,SSAT AL,fiducial,ILIS +1 side,ILIS +1 side,p99,p99,z,-4446.6,,mm,false
2,SSAT AL,fiducial,ILIS +1 side,ILIS +1 side,p100,p100,x,2616.9,,mm,false
2,SSAT AL,fiducial,ILIS +1 side,ILIS +1 side,p100,p100,y,460.6,,mm,false
2,SSAT AL,fiducial,ILIS +1 side,ILIS +1 side,p100,p100,z,4014.1,,mm,false
2,SSAT AL,fiducial,ILIS +1 side,ILIS +1 side,p101,p101,x,2624.9,,mm,false
2,SSAT AL,fiducial,ILIS +1 side,ILIS +1 side,p101,p101,y,461.7,,mm,false
2,SSAT AL,fiducial,ILIS +1 side,ILIS +1 side,p101,p101,z,-3974.9,,mm,false
2,SSAT AL,fiducial,ILIS +1 side,ILIS +1 side,p102,p102,x,2622.2,,mm,false
2,SSAT AL,fiducial,ILIS +1 side,ILIS +1 side,p102,p102,y,461.6,,mm,false
2,SSAT AL,fiducial,ILIS +1 side,ILIS +1 side,p102,p102,z,4268.4,,mm,false
2,SSAT AL,fiducial,ILIS +1 side,ILIS +1 side,p103,p103,x,2625.4,,mm,false
2,SSAT AL,fiducial,ILIS +1 side,ILIS +1 side,p103,p103,y,462.0,,mm,false
2,SSAT AL,fiducial,ILIS +1 side,ILIS +1 side,p103,p103,z,3515.9,,mm,false
2,SSAT AL,fiducial,ILIS +1 side,ILIS +1 side,p104,p104,x,2634.1,,mm,false
2,SSAT AL,fiducial,ILIS +1 side,ILIS +1 side,p104,p104,y,463.3,,mm,false
2,SSAT AL,fiducial,ILIS +1 side,ILIS +1 side,p104,p104,z,-4020.6,,mm,false
2,SSAT AL,fiducial,ILIS +1 side,ILIS +1 side,p105,p105,x,2659.5,,mm,false
2,SSAT AL,fiducial,ILIS +1 side,ILIS +1 side,p105,p105,y,468.2,,mm,false
2,SSAT AL,fiducial,ILIS +1 side,ILIS +1 side,p105,p105,z,3461.7,,mm,false
2,SSAT AL,fiducial,ILIS +1 side,ILIS +1 side,p106,p106,x,2676.3,,mm,false
2,SSAT AL,fiducial,ILIS +1 side,ILIS +1 side,p106,p106,y,471.0,,mm,false
2,SSAT AL,fiducial,ILIS +1 side,ILIS +1 side,p106,p106,z,2795.1,,mm,false
2,SSAT AL,fiducial,ILIS +1 side,ILIS +1 side,p107,p107,x,2694.4,,mm,false
2,SSAT AL,fiducial,ILIS +1 side,ILIS +1 side,p107,p107,y,474.2,,mm,false
2,SSAT AL,fiducial,ILIS +1 side,ILIS +1 side,p107,p107,z,782.3,,mm,false
2,SSAT AL,fiducial,ILIS +1 side,ILIS +1 side,p108,p108,x,2703.9,,mm,false
2,SSAT AL,fiducial,ILIS +1 side,ILIS +1 side,p108,p108,y,475.9,,mm,false
2,SSAT AL,fiducial,ILIS +1 side,ILIS +1 side,p108,p108,z,2458.2,,mm,false
2,SSAT AL,fiducial,ILIS +1 side,ILIS +1 side,p109,p109,x,2708.1,,mm,false
2,SSAT AL,fiducial,ILIS +1 side,ILIS +1 side,p109,p109,y,476.6,,mm,false
2,SSAT AL,fiducial,ILIS +1 side,ILIS +1 side,p109,p109,z,2212.4,,mm,false
2,SSAT AL,fiducial,ILIS +1 side,ILIS +1 side,p110,p110,x,2708.0,,mm,false
2,SSAT AL,fiducial,ILIS +1 side,ILIS +1 side,p110,p110,y,476.6,,mm,false
2,SSAT AL,fiducial,ILIS +1 side,ILIS +1 side,p110,p110,z,3214.9,,mm,false
2,SSAT AL,fiducial,ILIS +1 side,ILIS +1 side,p111,p111,x,2708.9,,mm,false
2,SSAT AL,fiducial,ILIS +1 side,ILIS +1 side,p111,p111,y,476.8,,mm,false
2,SSAT AL,fiducial,ILIS +1 side,ILIS +1 side,p111,p111,z,3214.9,,mm,false
2,SSAT AL,fiducial,ILIS +1 side,ILIS +1 side,p112,p112,x,2718.9,,mm,false
2,SSAT AL,fiducial,ILIS +1 side,ILIS +1 side,p112,p112,y,478.5,,mm,false
2,SSAT AL,fiducial,ILIS +1 side,ILIS +1 side,p112,p112,z,1915.3,,mm,false
2,SSAT AL,fiducial,ILIS +1 side,ILIS +1 side,p113,p113,x,2723.1,,mm,false
2,SSAT AL,fiducial,ILIS +1 side,ILIS +1 side,p113,p113,y,479.1,,mm,false
2,SSAT AL,fiducial,ILIS +1 side,ILIS +1 side,p113,p113,z,-1427.0,,mm,false
2,SSAT AL,fiducial,ILIS +1 side,ILIS +1 side,p114,p114,x,2733.1,,mm,false
2,SSAT AL,fiducial,ILIS +1 side,ILIS +1 side,p114,p114,y,480.8,,mm,false
2,SSAT AL,fiducial,ILIS +1 side,ILIS +1 side,p114,p114,z,-2515.9,,mm,false
2,SSAT AL,fiducial,ILIS +1 side,ILIS +1 side,p115,p115,x,2733.1,,mm,false
2,SSAT AL,fiducial,ILIS +1 side,ILIS +1 side,p115,p115,y,480.9,,mm,false
2,SSAT AL,fiducial,ILIS +1 side,ILIS +1 side,p115,p115,z,-826.7,,mm,false
2,SSAT AL,fiducial,ILIS +1 side,ILIS +1 side,p116,p116,x,2732.1,,mm,false
2,SSAT AL,fiducial,ILIS +1 side,ILIS +1 side,p116,p116,y,480.9,,mm,false
2,SSAT AL,fiducial,ILIS +1 side,ILIS +1 side,p116,p116,z,481.7,,mm,false
2,SSAT AL,fiducial,ILIS +1 side,ILIS +1 side,p117,p117,x,2732.6,,mm,false
2,SSAT AL,fiducial,ILIS +1 side,ILIS +1 side,p117,p117,y,480.9,,mm,false
2,SSAT AL,fiducial,ILIS +1 side,ILIS +1 side,p117,p117,z,1470.8,,mm,false
2,SSAT AL,fiducial,ILIS +1 side,ILIS +1 side,p118,p118,x,2739.0,,mm,false
2,SSAT AL,fiducial,ILIS +1 side,ILIS +1 side,p118,p118,y,481.9,,mm,false
2,SSAT AL,fiducial,ILIS +1 side,ILIS +1 side,p118,p118,z,-1815.0,,mm,false
2,SSAT AL,fiducial,ILIS +1 side,ILIS +1 side,p119,p119,x,2739.9,,mm,false
2,SSAT AL,fiducial,ILIS +1 side,ILIS +1 side,p119,p119,y,482.2,,mm,false
2,SSAT AL,fiducial,ILIS +1 side,ILIS +1 side,p119,p119,z,1178.8,,mm,false
2,SSAT AL,fiducial,ILIS +1 side,ILIS +1 side,p120,p120,x,2742.7,,mm,false
2,SSAT AL,fiducial,ILIS +1 side,ILIS +1 side,p120,p120,y,482.6,,mm,false
2,SSAT AL,fiducial,ILIS +1 side,ILIS +1 side,p120,p120,z,-2480.3,,mm,false
2,SSAT AL,fiducial,ILIS +1 side,ILIS +1 side,p121,p121,x,2743.6,,mm,false
2,SSAT AL,fiducial,ILIS +1 side,ILIS +1 side,p121,p121,y,482.6,,mm,false
2,SSAT AL,fiducial,ILIS +1 side,ILIS +1 side,p121,p121,z,-3431.8,,mm,false
2,SSAT AL,fiducial,ILIS +1 side,ILIS +1 side,p122,p122,x,2745.3,,mm,false
2,SSAT AL,fiducial,ILIS +1 side,ILIS +1 side,p122,p122,y,483.1,,mm,false
2,SSAT AL,fiducial,ILIS +1 side,ILIS +1 side,p122,p122,z,-1524.7,,mm,false
2,SSAT AL,fiducial,ILIS +1 side,ILIS +1 side,p123,p123,x,2745.3,,mm,false
2,SSAT AL,fiducial,ILIS +1 side,ILIS +1 side,p123,p123,y,483.1,,mm,false
2,SSAT AL,fiducial,ILIS +1 side,ILIS +1 side,p123,p123,z,-455.3,,mm,false
2,SSAT AL,fiducial,ILIS +1 side,ILIS +1 side,p124,p124,x,2745.9,,mm,false
2,SSAT AL,fiducial,ILIS +1 side,ILIS +1 side,p124,p124,y,483.4,,mm,false
2,SSAT AL,fiducial,ILIS +1 side,ILIS +1 side,p124,p124,z,536.6,,mm,false
2,SSAT AL,fiducial,ILIS +1 side,ILIS +1 side,p125,p125,x,2749.5,,mm,false
2,SSAT AL,fiducial,ILIS +1 side,ILIS +1 side,p125,p125,y,483.7,,mm,false
2,SSAT AL,fiducial,ILIS +1 side,ILIS +1 side,p125,p125,z,-2086.6,,mm,false
2,SSAT AL,fiducial,ILIS +1 side,ILIS +1 side,p126,p126,x,2751.5,,mm,false
2,SSAT AL,fiducial,ILIS +1 side,ILIS +1 side,p126,p126,y,484.3,,mm,false
2,SSAT AL,fiducial,ILIS +1 side,ILIS +1 side,p126,p126,z,1526.3,,mm,false
2,SSAT AL,fiducial,ILIS +1 side,ILIS +1 side,p127,p127,x,2758.1,,mm,false
2,SSAT AL,fiducial,ILIS +1 side,ILIS +1 side,p127,p127,y,485.2,,mm,false
2,SSAT AL,fiducial,ILIS +1 side,ILIS +1 side,p127,p127,z,-2799.2,,mm,false
2,SSAT AL,fiducial,ILIS +1 side,ILIS +1 side,p128,p128,x,2758.7,,mm,false
2,SSAT AL,fiducial,ILIS +1 side,ILIS +1 side,p128,p128,y,485.6,,mm,false
2,SSAT AL,fiducial,ILIS +1 side,ILIS +1 side,p128,p128,z,3978.4,,mm,false
2,SSAT AL,fiducial,ILIS +1 side,ILIS +1 side,p129,p129,x,2762.0,,mm,false
2,SSAT AL,fiducial,ILIS +1 side,ILIS +1 side,p129,p129,y,486.1,,mm,false
2,SSAT AL,fiducial,ILIS +1 side,ILIS +1 side,p129,p129,z,-513.5,,mm,false
2,SSAT AL,fiducial,ILIS +1 side,ILIS +1 side,p130,p130,x,2763.1,,mm,false
2,SSAT AL,fiducial,ILIS +1 side,ILIS +1 side,p130,p130,y,486.2,,mm,false
2,SSAT AL,fiducial,ILIS +1 side,ILIS +1 side,p130,p130,z,208.1,,mm,false
2,SSAT AL,fiducial,ILIS +1 side,ILIS +1 side,p131,p131,x,2767.6,,mm,false
2,SSAT AL,fiducial,ILIS +1 side,ILIS +1 side,p131,p131,y,486.9,,mm,false
2,SSAT AL,fiducial,ILIS +1 side,ILIS +1 side,p131,p131,z,-3151.1,,mm,false
2,SSAT AL,fiducial,ILIS +1 side,ILIS +1 side,p132,p132,x,2765.3,,mm,false
2,SSAT AL,fiducial,ILIS +1 side,ILIS +1 side,p132,p132,y,486.8,,mm,false
2,SSAT AL,fiducial,ILIS +1 side,ILIS +1 side,p132,p132,z,4469.8,,mm,false
2,SSAT AL,fiducial,ILIS +1 side,ILIS +1 side,p133,p133,x,2770.5,,mm,false
2,SSAT AL,fiducial,ILIS +1 side,ILIS +1 side,p133,p133,y,487.6,,mm,false
2,SSAT AL,fiducial,ILIS +1 side,ILIS +1 side,p133,p133,z,3520.1,,mm,false
2,SSAT AL,fiducial,ILIS +1 side,ILIS +1 side,p134,p134,x,2773.3,,mm,false
2,SSAT AL,fiducial,ILIS +1 side,ILIS +1 side,p134,p134,y,488.0,,mm,false
2,SSAT AL,fiducial,ILIS +1 side,ILIS +1 side,p134,p134,z,-257.0,,mm,false
2,SSAT AL,fiducial,ILIS +1 side,ILIS +1 side,p135,p135,x,2774.3,,mm,false
2,SSAT AL,fiducial,ILIS +1 side,ILIS +1 side,p135,p135,y,488.1,,mm,false
2,SSAT AL,fiducial,ILIS +1 side,ILIS +1 side,p135,p135,z,-1203.1,,mm,false
2,SSAT AL,fiducial,ILIS +1 side,ILIS +1 side,p136,p136,x,2775.9,,mm,false
2,SSAT AL,fiducial,ILIS +1 side,ILIS +1 side,p136,p136,y,488.5,,mm,false
2,SSAT AL,fiducial,ILIS +1 side,ILIS +1 side,p136,p136,z,4266.1,,mm,false
2,SSAT AL,fiducial,ILIS +1 side,ILIS +1 side,p137,p137,x,2782.9,,mm,false
2,SSAT AL,fiducial,ILIS +1 side,ILIS +1 side,p137,p137,y,489.5,,mm,false
2,SSAT AL,fiducial,ILIS +1 side,ILIS +1 side,p137,p137,z,-3514.7,,mm,false
2,SSAT AL,fiducial,ILIS +1 side,ILIS +1 side,p138,p138,x,2786.8,,mm,false
2,SSAT AL,fiducial,ILIS +1 side,ILIS +1 side,p138,p138,y,490.2,,mm,false
2,SSAT AL,fiducial,ILIS +1 side,ILIS +1 side,p138,p138,z,-4429.5,,mm,false
2,SSAT AL,fiducial,ILIS +1 side,ILIS +1 side,p139,p139,x,2790.7,,mm,false
2,SSAT AL,fiducial,ILIS +1 side,ILIS +1 side,p139,p139,y,491.2,,mm,false
2,SSAT AL,fiducial,ILIS +1 side,ILIS +1 side,p139,p139,z,2574.7,,mm,false
2,SSAT AL,fiducial,ILIS +1 side,ILIS +1 side,p140,p140,x,2795.9,,mm,false
2,SSAT AL,fiducial,ILIS +1 side,ILIS +1 side,p140,p140,y,491.8,,mm,false
2,SSAT AL,fiducial,ILIS +1 side,ILIS +1 side,p140,p140,z,-3979.5,,mm,false
2,SSAT AL,fiducial,ILIS +1 side,ILIS +1 side,p141,p141,x,2799.6,,mm,false
2,SSAT AL,fiducial,ILIS +1 side,ILIS +1 side,p141,p141,y,492.5,,mm,false
2,SSAT AL,fiducial,ILIS +1 side,ILIS +1 side,p141,p141,z,-3779.4,,mm,false
2,SSAT AL,fiducial,ILIS +1 side,ILIS +1 side,p142,p142,x,2797.2,,mm,false
2,SSAT AL,fiducial,ILIS +1 side,ILIS +1 side,p142,p142,y,492.3,,mm,false
2,SSAT AL,fiducial,ILIS +1 side,ILIS +1 side,p142,p142,z,3793.5,,mm,false
2,SSAT AL,fiducial,ILIS +1 side,ILIS +1 side,p143,p143,x,2798.6,,mm,false
2,SSAT AL,fiducial,ILIS +1 side,ILIS +1 side,p143,p143,y,492.6,,mm,false
2,SSAT AL,fiducial,ILIS +1 side,ILIS +1 side,p143,p143,z,4014.5,,mm,false
2,SSAT AL,fiducial,ILIS +1 side,ILIS +1 side,p144,p144,x,2804.4,,mm,false
2,SSAT AL,fiducial,ILIS +1 side,ILIS +1 side,p144,p144,y,493.3,,mm,false
2,SSAT AL,fiducial,ILIS +1 side,ILIS +1 side,p144,p144,z,-4222.4,,mm,false
2,SSAT AL,fiducial,ILIS +1 side,ILIS +1 side,p145,p145,x,2806.6,,mm,false
2,SSAT AL,fiducial,ILIS +1 side,ILIS +1 side,p145,p145,y,493.7,,mm,false
2,SSAT AL,fiducial,ILIS +1 side,ILIS +1 side,p145,p145,z,-4016.8,,mm,false
2,SSAT AL,fiducial,ILIS +1 side,ILIS +1 side,p146,p146,x,2959.5,,mm,false
2,SSAT AL,fiducial,ILIS +1 side,ILIS +1 side,p146,p146,y,520.7,,mm,false
2,SSAT AL,fiducial,ILIS +1 side,ILIS +1 side,p146,p146,z,-4470.3,,mm,false
2,SSAT AL,fiducial,ILIS +1 side,ILIS +1 side,p147,p147,x,2956.4,,mm,false
2,SSAT AL,fiducial,ILIS +1 side,ILIS +1 side,p147,p147,y,520.4,,mm,false
2,SSAT AL,fiducial,ILIS +1 side,ILIS +1 side,p147,p147,z,2447.2,,mm,false
2,SSAT AL,fiducial,ILIS +1 side,ILIS +1 side,p148,p148,x,2964.4,,mm,false
2,SSAT AL,fiducial,ILIS +1 side,ILIS +1 side,p148,p148,y,521.6,,mm,false
2,SSAT AL,fiducial,ILIS +1 side,ILIS +1 side,p148,p148,z,-2481.8,,mm,false
2,SSAT AL,fiducial,ILIS +1 side,ILIS +1 side,p149,p149,x,2973.2,,mm,false
2,SSAT AL,fiducial,ILIS +1 side,ILIS +1 side,p149,p149,y,523.4,,mm,false
2,SSAT AL,fiducial,ILIS +1 side,ILIS +1 side,p149,p149,z,2761.8,,mm,false
2,SSAT AL,fiducial,ILIS +1 side,ILIS +1 side,p150,p150,x,2974.5,,mm,false
2,SSAT AL,fiducial,ILIS +1 side,ILIS +1 side,p150,p150,y,523.6,,mm,false
2,SSAT AL,fiducial,ILIS +1 side,ILIS +1 side,p150,p150,z,3519.4,,mm,false
2,SSAT AL,fiducial,ILIS +1 side,ILIS +1 side,p151,p151,x,2976.3,,mm,false
2,SSAT AL,fiducial,ILIS +1 side,ILIS +1 side,p151,p151,y,523.9,,mm,false
2,SSAT AL,fiducial,ILIS +1 side,ILIS +1 side,p151,p151,z,4418.9,,mm,false
2,SSAT AL,fiducial,ILIS +1 side,ILIS +1 side,p152,p152,x,2977.4,,mm,false
2,SSAT AL,fiducial,ILIS +1 side,ILIS +1 side,p152,p152,y,524.1,,mm,false
2,SSAT AL,fiducial,ILIS +1 side,ILIS +1 side,p152,p152,z,535.6,,mm,false
2,SSAT AL,fiducial,ILIS +1 side,ILIS +1 side,p153,p153,x,2978.9,,mm,false
2,SSAT AL,fiducial,ILIS +1 side,ILIS +1 side,p153,p153,y,524.3,,mm,false
2,SSAT AL,fiducial,ILIS +1 side,ILIS +1 side,p153,p153,z,-227.8,,mm,false
2,SSAT AL,fiducial,ILIS +1 side,ILIS +1 side,p154,p154,x,2980.7,,mm,false
2,SSAT AL,fiducial,ILIS +1 side,ILIS +1 side,p154,p154,y,524.5,,mm,false
2,SSAT AL,fiducial,ILIS +1 side,ILIS +1 side,p154,p154,z,-2525.5,,mm,false
2,SSAT AL,fiducial,ILIS +1 side,ILIS +1 side,p155,p155,x,2981.5,,mm,false
2,SSAT AL,fiducial,ILIS +1 side,ILIS +1 side,p155,p155,y,524.7,,mm,false
2,SSAT AL,fiducial,ILIS +1 side,ILIS +1 side,p155,p155,z,-1523.1,,mm,false
2,SSAT AL,fiducial,ILIS +1 side,ILIS +1 side,p156,p156,x,2986.2,,mm,false
2,SSAT AL,fiducial,ILIS +1 side,ILIS +1 side,p156,p156,y,525.7,,mm,false
2,SSAT AL,fiducial,ILIS +1 side,ILIS +1 side,p156,p156,z,1510.4,,mm,false
2,SSAT AL,fiducial,ILIS +1 side,ILIS +1 side,p157,p157,x,2994.2,,mm,false
2,SSAT AL,fiducial,ILIS +1 side,ILIS +1 side,p157,p157,y,526.8,,mm,false
2,SSAT AL,fiducial,ILIS +1 side,ILIS +1 side,p157,p157,z,-3440.4,,mm,false
2,SSAT AL,fiducial,ILIS +1 side,ILIS +1 side,p158,p158,x,2996.7,,mm,false
2,SSAT AL,fiducial,ILIS +1 side,ILIS +1 side,p158,p158,y,527.2,,mm,false
2,SSAT AL,fiducial,ILIS +1 side,ILIS +1 side,p158,p158,z,-4206.3,,mm,false
2,SSAT AL,fiducial,ILIS +1 side,ILIS +1 side,p159,p159,x,2997.2,,mm,false
2,SSAT AL,fiducial,ILIS +1 side,ILIS +1 side,p159,p159,y,527.5,,mm,false
2,SSAT AL,fiducial,ILIS +1 side,ILIS +1 side,p159,p159,z,-2069.2,,mm,false
2,SSAT AL,fiducial,ILIS +1 side,ILIS +1 side,p160,p160,x,2996.0,,mm,false
2,SSAT AL,fiducial,ILIS +1 side,ILIS +1 side,p160,p160,y,527.4,,mm,false
2,SSAT AL,fiducial,ILIS +1 side,ILIS +1 side,p160,p160,z,3137.5,,mm,false
2,SSAT AL,fiducial,ILIS +1 side,ILIS +1 side,p161,p161,x,2997.7,,mm,false
2,SSAT AL,fiducial,ILIS +1 side,ILIS +1 side,p161,p161,y,527.6,,mm,false
2,SSAT AL,fiducial,ILIS +1 side,ILIS +1 side,p161,p161,z,3748.7,,mm,false
2,SSAT AL,fiducial,ILIS +1 side,ILIS +1 side,p162,p162,x,2998.0,,mm,false
2,SSAT AL,fiducial,ILIS +1 side,ILIS +1 side,p162,p162,y,527.7,,mm,false
2,SSAT AL,fiducial,ILIS +1 side,ILIS +1 side,p162,p162,z,2195.2,,mm,false
2,SSAT AL,fiducial,ILIS +1 side,ILIS +1 side,p163,p163,x,3001.0,,mm,false
2,SSAT AL,fiducial,ILIS +1 side,ILIS +1 side,p163,p163,y,528.1,,mm,false
2,SSAT AL,fiducial,ILIS +1 side,ILIS +1 side,p163,p163,z,-2794.6,,mm,false
2,SSAT AL,fiducial,ILIS +1 side,ILIS +1 side,p164,p164,x,3001.8,,mm,false
2,SSAT AL,fiducial,ILIS +1 side,ILIS +1 side,p164,p164,y,528.5,,mm,false
2,SSAT AL,fiducial,ILIS +1 side,ILIS +1 side,p164,p164,z,1923.4,,mm,false
2,SSAT AL,fiducial,ILIS +1 side,ILIS +1 side,p165,p165,x,3006.4,,mm,false
2,SSAT AL,fiducial,ILIS +1 side,ILIS +1 side,p165,p165,y,529.2,,mm,false
2,SSAT AL,fiducial,ILIS +1 side,ILIS +1 side,p165,p165,z,-509.9,,mm,false
2,SSAT AL,fiducial,ILIS +1 side,ILIS +1 side,p166,p166,x,3008.9,,mm,false
2,SSAT AL,fiducial,ILIS +1 side,ILIS +1 side,p166,p166,y,529.5,,mm,false
2,SSAT AL,fiducial,ILIS +1 side,ILIS +1 side,p166,p166,z,-3151.9,,mm,false
2,SSAT AL,fiducial,ILIS +1 side,ILIS +1 side,p167,p167,x,3009.5,,mm,false
2,SSAT AL,fiducial,ILIS +1 side,ILIS +1 side,p167,p167,y,529.6,,mm,false
2,SSAT AL,fiducial,ILIS +1 side,ILIS +1 side,p167,p167,z,-1808.2,,mm,false
2,SSAT AL,fiducial,ILIS +1 side,ILIS +1 side,p168,p168,x,3009.1,,mm,false
2,SSAT AL,fiducial,ILIS +1 side,ILIS +1 side,p168,p168,y,529.6,,mm,false
2,SSAT AL,fiducial,ILIS +1 side,ILIS +1 side,p168,p168,z,-1200.5,,mm,false
2,SSAT AL,fiducial,ILIS +1 side,ILIS +1 side,p169,p169,x,3008.4,,mm,false
2,SSAT AL,fiducial,ILIS +1 side,ILIS +1 side,p169,p169,y,529.6,,mm,false
2,SSAT AL,fiducial,ILIS +1 side,ILIS +1 side,p169,p169,z,2581.8,,mm,false
2,SSAT AL,fiducial,ILIS +1 side,ILIS +1 side,p170,p170,x,3012.7,,mm,false
2,SSAT AL,fiducial,ILIS +1 side,ILIS +1 side,p170,p170,y,530.1,,mm,false
2,SSAT AL,fiducial,ILIS +1 side,ILIS +1 side,p170,p170,z,-4018.2,,mm,false
2,SSAT AL,fiducial,ILIS +1 side,ILIS +1 side,p171,p171,x,3010.4,,mm,false
2,SSAT AL,fiducial,ILIS +1 side,ILIS +1 side,p171,p171,y,529.9,,mm,false
2,SSAT AL,fiducial,ILIS +1 side,ILIS +1 side,p171,p171,z,1147.7,,mm,false
2,SSAT AL,fiducial,ILIS +1 side,ILIS +1 side,p172,p172,x,3013.6,,mm,false
2,SSAT AL,fiducial,ILIS +1 side,ILIS +1 side,p172,p172,y,530.4,,mm,false
2,SSAT AL,fiducial,ILIS +1 side,ILIS +1 side,p172,p172,z,-1409.6,,mm,false
2,SSAT AL,fiducial,ILIS +1 side,ILIS +1 side,p173,p173,x,3013.3,,mm,false
2,SSAT AL,fiducial,ILIS +1 side,ILIS +1 side,p173,p173,y,530.4,,mm,false
2,SSAT AL,fiducial,ILIS +1 side,ILIS +1 side,p173,p173,z,490.1,,mm,false
2,SSAT AL,fiducial,ILIS +1 side,ILIS +1 side,p174,p174,x,3014.3,,mm,false
2,SSAT AL,fiducial,ILIS +1 side,ILIS +1 side,p174,p174,y,530.5,,mm,false
2,SSAT AL,fiducial,ILIS +1 side,ILIS +1 side,p174,p174,z,-443.3,,mm,false
2,SSAT AL,fiducial,ILIS +1 side,ILIS +1 side,p175,p175,x,3014.4,,mm,false
2,SSAT AL,fiducial,ILIS +1 side,ILIS +1 side,p175,p175,y,530.6,,mm,false
2,SSAT AL,fiducial,ILIS +1 side,ILIS +1 side,p175,p175,z,802.4,,mm,false
2,SSAT AL,fiducial,ILIS +1 side,ILIS +1 side,p176,p176,x,3017.3,,mm,false
2,SSAT AL,fiducial,ILIS +1 side,ILIS +1 side,p176,p176,y,530.9,,mm,false
2,SSAT AL,fiducial,ILIS +1 side,ILIS +1 side,p176,p176,z,-3521.6,,mm,false
2,SSAT AL,fiducial,ILIS +1 side,ILIS +1 side,p177,p177,x,3017.6,,mm,false
2,SSAT AL,fiducial,ILIS +1 side,ILIS +1 side,p177,p177,y,530.9,,mm,false
2,SSAT AL,fiducial,ILIS +1 side,ILIS +1 side,p177,p177,z,-3751.8,,mm,false
2,SSAT AL,fiducial,ILIS +1 side,ILIS +1 side,p178,p178,x,3018.5,,mm,false
2,SSAT AL,fiducial,ILIS +1 side,ILIS +1 side,p178,p178,y,531.1,,mm,false
2,SSAT AL,fiducial,ILIS +1 side,ILIS +1 side,p178,p178,z,-3976.6,,mm,false
2,SSAT AL,fiducial,ILIS +1 side,ILIS +1 side,p179,p179,x,3016.9,,mm,false
2,SSAT AL,fiducial,ILIS +1 side,ILIS +1 side,p179,p179,y,531.1,,mm,false
2,SSAT AL,fiducial,ILIS +1 side,ILIS +1 side,p179,p179,z,3424.6,,mm,false
2,SSAT AL,fiducial,ILIS +1 side,ILIS +1 side,p180,p180,x,3018.1,,mm,false
2,SSAT AL,fiducial,ILIS +1 side,ILIS +1 side,p180,p180,y,531.2,,mm,false
2,SSAT AL,fiducial,ILIS +1 side,ILIS +1 side,p180,p180,z,4016.5,,mm,false
2,SSAT AL,fiducial,ILIS +1 side,ILIS +1 side,p181,p181,x,3018.1,,mm,false
2,SSAT AL,fiducial,ILIS +1 side,ILIS +1 side,p181,p181,y,531.3,,mm,false
2,SSAT AL,fiducial,ILIS +1 side,ILIS +1 side,p181,p181,z,3971.4,,mm,false
2,SSAT AL,fiducial,ILIS +1 side,ILIS +1 side,p182,p182,x,3020.2,,mm,false
2,SSAT AL,fiducial,ILIS +1 side,ILIS +1 side,p182,p182,y,531.6,,mm,false
2,SSAT AL,fiducial,ILIS +1 side,ILIS +1 side,p182,p182,z,-808.0,,mm,false
2,SSAT AL,fiducial,ILIS +1 side,ILIS +1 side,p183,p183,x,3022.5,,mm,false
2,SSAT AL,fiducial,ILIS +1 side,ILIS +1 side,p183,p183,y,532.1,,mm,false
2,SSAT AL,fiducial,ILIS +1 side,ILIS +1 side,p183,p183,z,273.8,,mm,false
2,SSAT AL,fiducial,ILIS +1 side,ILIS +1 side,p184,p184,x,3022.5,,mm,false
2,SSAT AL,fiducial,ILIS +1 side,ILIS +1 side,p184,p184,y,532.0,,mm,false
2,SSAT AL,fiducial,ILIS +1 side,ILIS +1 side,p184,p184,z,1449.0,,mm,false
2,SSAT AL,fiducial,ILIS +1 side,ILIS +1 side,p185,p185,x,3023.6,,mm,false
2,SSAT AL,fiducial,ILIS +1 side,ILIS +1 side,p185,p185,y,532.2,,mm,false
2,SSAT AL,fiducial,ILIS +1 side,ILIS +1 side,p185,p185,z,4231.9,,mm,false
2,SSAT AL,fiducial,ILIS -1 side,ILIS -1 side,p1,p1,x,3027.3,,mm,false
2,SSAT AL,fiducial,ILIS -1 side,ILIS -1 side,p1,p1,y,-532.5,,mm,false
2,SSAT AL,fiducial,ILIS -1 side,ILIS -1 side,p1,p1,z,255.5,,mm,false
2,SSAT AL,fiducial,ILIS -1 side,ILIS -1 side,p2,p2,x,3026.4,,mm,false
2,SSAT AL,fiducial,ILIS -1 side,ILIS -1 side,p2,p2,y,-532.3,,mm,false
2,SSAT AL,fiducial,ILIS -1 side,ILIS -1 side,p2,p2,z,-444.9,,mm,false
2,SSAT AL,fiducial,ILIS -1 side,ILIS -1 side,p3,p3,x,3026.0,,mm,false
2,SSAT AL,fiducial,ILIS -1 side,ILIS -1 side,p3,p3,y,-532.3,,mm,false
2,SSAT AL,fiducial,ILIS -1 side,ILIS -1 side,p3,p3,z,549.0,,mm,false
2,SSAT AL,fiducial,ILIS -1 side,ILIS -1 side,p4,p4,x,3025.2,,mm,false
2,SSAT AL,fiducial,ILIS -1 side,ILIS -1 side,p4,p4,y,-532.0,,mm,false
2,SSAT AL,fiducial,ILIS -1 side,ILIS -1 side,p4,p4,z,-3441.1,,mm,false
2,SSAT AL,fiducial,ILIS -1 side,ILIS -1 side,p5,p5,x,3023.3,,mm,false
2,SSAT AL,fiducial,ILIS -1 side,ILIS -1 side,p5,p5,y,-531.8,,mm,false
2,SSAT AL,fiducial,ILIS -1 side,ILIS -1 side,p5,p5,z,-1447.8,,mm,false
2,SSAT AL,fiducial,ILIS -1 side,ILIS -1 side,p6,p6,x,3024.1,,mm,false
2,SSAT AL,fiducial,ILIS -1 side,ILIS -1 side,p6,p6,y,-532.0,,mm,false
2,SSAT AL,fiducial,ILIS -1 side,ILIS -1 side,p6,p6,z,2557.2,,mm,false
2,SSAT AL,fiducial,ILIS -1 side,ILIS -1 side,p7,p7,x,3022.6,,mm,false
2,SSAT AL,fiducial,ILIS -1 side,ILIS -1 side,p7,p7,y,-531.7,,mm,false
2,SSAT AL,fiducial,ILIS -1 side,ILIS -1 side,p7,p7,z,1548.8,,mm,false
2,SSAT AL,fiducial,ILIS -1 side,ILIS -1 side,p8,p8,x,3021.5,,mm,false
2,SSAT AL,fiducial,ILIS -1 side,ILIS -1 side,p8,p8,y,-531.5,,mm,false
2,SSAT AL,fiducial,ILIS -1 side,ILIS -1 side,p8,p8,z,-2051.7,,mm,false
2,SSAT AL,fiducial,ILIS -1 side,ILIS -1 side,p9,p9,x,3019.6,,mm,false
2,SSAT AL,fiducial,ILIS -1 side,ILIS -1 side,p9,p9,y,-531.2,,mm,false
2,SSAT AL,fiducial,ILIS -1 side,ILIS -1 side,p9,p9,z,-1208.3,,mm,false
2,SSAT AL,fiducial,ILIS -1 side,ILIS -1 side,p10,p10,x,3018.9,,mm,false
2,SSAT AL,fiducial,ILIS -1 side,ILIS -1 side,p10,p10,y,-530.9,,mm,false
2,SSAT AL,fiducial,ILIS -1 side,ILIS -1 side,p10,p10,z,-2791.6,,mm,false
2,SSAT AL,fiducial,ILIS -1 side,ILIS -1 side,p11,p11,x,3019.0,,mm,false
2,SSAT AL,fiducial,ILIS -1 side,ILIS -1 side,p11,p11,y,-530.9,,mm,false
2,SSAT AL,fiducial,ILIS -1 side,ILIS -1 side,p11,p11,z,-3168.9,,mm,false
2,SSAT AL,fiducial,ILIS -1 side,ILIS -1 side,p12,p12,x,3018.8,,mm,false
2,SSAT AL,fiducial,ILIS -1 side,ILIS -1 side,p12,p12,y,-531.1,,mm,false
2,SSAT AL,fiducial,ILIS -1 side,ILIS -1 side,p12,p12,z,1802.2,,mm,false
2,SSAT AL,fiducial,ILIS -1 side,ILIS -1 side,p13,p13,x,3018.6,,mm,false
2,SSAT AL,fiducial,ILIS -1 side,ILIS -1 side,p13,p13,y,-531.0,,mm,false
2,SSAT AL,fiducial,ILIS -1 side,ILIS -1 side,p13,p13,z,794.9,,mm,false
2,SSAT AL,fiducial,ILIS -1 side,ILIS -1 side,p14,p14,x,3018.1,,mm,false
2,SSAT AL,fiducial,ILIS -1 side,ILIS -1 side,p14,p14,y,-530.9,,mm,false
2,SSAT AL,fiducial,ILIS -1 side,ILIS -1 side,p14,p14,z,-793.0,,mm,false
2,SSAT AL,fiducial,ILIS -1 side,ILIS -1 side,p15,p15,x,3017.8,,mm,false
2,SSAT AL,fiducial,ILIS -1 side,ILIS -1 side,p15,p15,y,-530.8,,mm,false
2,SSAT AL,fiducial,ILIS -1 side,ILIS -1 side,p15,p15,z,-1796.7,,mm,false
2,SSAT AL,fiducial,ILIS -1 side,ILIS -1 side,p16,p16,x,3018.5,,mm,false
2,SSAT AL,fiducial,ILIS -1 side,ILIS -1 side,p16,p16,y,-530.9,,mm,false
2,SSAT AL,fiducial,ILIS -1 side,ILIS -1 side,p16,p16,z,-204.1,,mm,false
2,SSAT AL,fiducial,ILIS -1 side,ILIS -1 side,p17,p17,x,3017.5,,mm,false
2,SSAT AL,fiducial,ILIS -1 side,ILIS -1 side,p17,p17,y,-530.9,,mm,false
2,SSAT AL,fiducial,ILIS -1 side,ILIS -1 side,p17,p17,z,2854.7,,mm,false
2,SSAT AL,fiducial,ILIS -1 side,ILIS -1 side,p18,p18,x,3016.6,,mm,false
2,SSAT AL,fiducial,ILIS -1 side,ILIS -1 side,p18,p18,y,-530.9,,mm,false
2,SSAT AL,fiducial,ILIS -1 side,ILIS -1 side,p18,p18,z,4026.0,,mm,false
2,SSAT AL,fiducial,ILIS -1 side,ILIS -1 side,p19,p19,x,3014.8,,mm,false
2,SSAT AL,fiducial,ILIS -1 side,ILIS -1 side,p19,p19,y,-530.5,,mm,false
2,SSAT AL,fiducial,ILIS -1 side,ILIS -1 side,p19,p19,z,2447.3,,mm,false
2,SSAT AL,fiducial,ILIS -1 side,ILIS -1 side,p20,p20,x,3014.0,,mm,false
2,SSAT AL,fiducial,ILIS -1 side,ILIS -1 side,p20,p20,y,-529.9,,mm,false
2,SSAT AL,fiducial,ILIS -1 side,ILIS -1 side,p20,p20,z,-3967.4,,mm,false
2,SSAT AL,fiducial,ILIS -1 side,ILIS -1 side,p21,p21,x,3012.1,,mm,false
2,SSAT AL,fiducial,ILIS -1 side,ILIS -1 side,p21,p21,y,-530.0,,mm,false
2,SSAT AL,fiducial,ILIS -1 side,ILIS -1 side,p21,p21,z,3530.0,,mm,false
2,SSAT AL,fiducial,ILIS -1 side,ILIS -1 side,p22,p22,x,3012.2,,mm,false
2,SSAT AL,fiducial,ILIS -1 side,ILIS -1 side,p22,p22,y,-529.9,,mm,false
2,SSAT AL,fiducial,ILIS -1 side,ILIS -1 side,p22,p22,z,2192.9,,mm,false
2,SSAT AL,fiducial,ILIS -1 side,ILIS -1 side,p23,p23,x,3011.4,,mm,false
2,SSAT AL,fiducial,ILIS -1 side,ILIS -1 side,p23,p23,y,-529.6,,mm,false
2,SSAT AL,fiducial,ILIS -1 side,ILIS -1 side,p23,p23,z,-3524.8,,mm,false
2,SSAT AL,fiducial,ILIS -1 side,ILIS -1 side,p24,p24,x,3011.2,,mm,false
2,SSAT AL,fiducial,ILIS -1 side,ILIS -1 side,p24,p24,y,-529.9,,mm,false
2,SSAT AL,fiducial,ILIS -1 side,ILIS -1 side,p24,p24,z,3971.9,,mm,false
2,SSAT AL,fiducial,ILIS -1 side,ILIS -1 side,p25,p25,x,3010.8,,mm,false
2,SSAT AL,fiducial,ILIS -1 side,ILIS -1 side,p25,p25,y,-529.8,,mm,false
2,SSAT AL,fiducial,ILIS -1 side,ILIS -1 side,p25,p25,z,3759.8,,mm,false
2,SSAT AL,fiducial,ILIS -1 side,ILIS -1 side,p26,p26,x,3010.7,,mm,false
2,SSAT AL,fiducial,ILIS -1 side,ILIS -1 side,p26,p26,y,-529.4,,mm,false
2,SSAT AL,fiducial,ILIS -1 side,ILIS -1 side,p26,p26,z,-4233.4,,mm,false
2,SSAT AL,fiducial,ILIS -1 side,ILIS -1 side,p27,p27,x,3009.9,,mm,false
2,SSAT AL,fiducial,ILIS -1 side,ILIS -1 side,p27,p27,y,-529.2,,mm,false
2,SSAT AL,fiducial,ILIS -1 side,ILIS -1 side,p27,p27,z,-4028.0,,mm,false
2,SSAT AL,fiducial,ILIS -1 side,ILIS -1 side,p28,p28,x,3008.6,,mm,false
2,SSAT AL,fiducial,ILIS -1 side,ILIS -1 side,p28,p28,y,-529.3,,mm,false
2,SSAT AL,fiducial,ILIS -1 side,ILIS -1 side,p28,p28,z,3198.7,,mm,false
2,SSAT AL,fiducial,ILIS -1 side,ILIS -1 side,p29,p29,x,3007.8,,mm,false
2,SSAT AL,fiducial,ILIS -1 side,ILIS -1 side,p29,p29,y,-529.3,,mm,false
2,SSAT AL,fiducial,ILIS -1 side,ILIS -1 side,p29,p29,z,4248.6,,mm,false
2,SSAT AL,fiducial,ILIS -1 side,ILIS -1 side,p30,p30,x,3006.7,,mm,false
2,SSAT AL,fiducial,ILIS -1 side,ILIS -1 side,p30,p30,y,-528.7,,mm,false
2,SSAT AL,fiducial,ILIS -1 side,ILIS -1 side,p30,p30,z,-3745.1,,mm,false
2,SSAT AL,fiducial,ILIS -1 side,ILIS -1 side,p31,p31,x,3001.4,,mm,false
2,SSAT AL,fiducial,ILIS -1 side,ILIS -1 side,p31,p31,y,-528.1,,mm,false
2,SSAT AL,fiducial,ILIS -1 side,ILIS -1 side,p31,p31,z,3484.3,,mm,false
2,SSAT AL,fiducial,ILIS -1 side,ILIS -1 side,p32,p32,x,3001.3,,mm,false
2,SSAT AL,fiducial,ILIS -1 side,ILIS -1 side,p32,p32,y,-528.0,,mm,false
2,SSAT AL,fiducial,ILIS -1 side,ILIS -1 side,p32,p32,z,1205.7,,mm,false
2,SSAT AL,fiducial,ILIS -1 side,ILIS -1 side,p33,p33,x,2996.6,,mm,false
2,SSAT AL,fiducial,ILIS -1 side,ILIS -1 side,p33,p33,y,-527.1,,mm,false
2,SSAT AL,fiducial,ILIS -1 side,ILIS -1 side,p33,p33,z,1482.5,,mm,false
2,SSAT AL,fiducial,ILIS -1 side,ILIS -1 side,p34,p34,x,2987.1,,mm,false
2,SSAT AL,fiducial,ILIS -1 side,ILIS -1 side,p34,p34,y,-525.3,,mm,false
2,SSAT AL,fiducial,ILIS -1 side,ILIS -1 side,p34,p34,z,488.2,,mm,false
2,SSAT AL,fiducial,ILIS -1 side,ILIS -1 side,p35,p35,x,2983.3,,mm,false
2,SSAT AL,fiducial,ILIS -1 side,ILIS -1 side,p35,p35,y,-524.8,,mm,false
2,SSAT AL,fiducial,ILIS -1 side,ILIS -1 side,p35,p35,z,-1522.4,,mm,false
2,SSAT AL,fiducial,ILIS -1 side,ILIS -1 side,p36,p36,x,2979.7,,mm,false
2,SSAT AL,fiducial,ILIS -1 side,ILIS -1 side,p36,p36,y,-524.1,,mm,false
2,SSAT AL,fiducial,ILIS -1 side,ILIS -1 side,p36,p36,z,-2521.8,,mm,false
2,SSAT AL,fiducial,ILIS -1 side,ILIS -1 side,p37,p37,x,2979.2,,mm,false
2,SSAT AL,fiducial,ILIS -1 side,ILIS -1 side,p37,p37,y,-524.0,,mm,false
2,SSAT AL,fiducial,ILIS -1 side,ILIS -1 side,p37,p37,z,-2475.8,,mm,false
2,SSAT AL,fiducial,ILIS -1 side,ILIS -1 side,p38,p38,x,2979.5,,mm,false
2,SSAT AL,fiducial,ILIS -1 side,ILIS -1 side,p38,p38,y,-524.3,,mm,false
2,SSAT AL,fiducial,ILIS -1 side,ILIS -1 side,p38,p38,z,4445.7,,mm,false
2,SSAT AL,fiducial,ILIS -1 side,ILIS -1 side,p39,p39,x,2976.3,,mm,false
2,SSAT AL,fiducial,ILIS -1 side,ILIS -1 side,p39,p39,y,-523.5,,mm,false
2,SSAT AL,fiducial,ILIS -1 side,ILIS -1 side,p39,p39,z,-530.3,,mm,false
2,SSAT AL,fiducial,ILIS -1 side,ILIS -1 side,p40,p40,x,2974.3,,mm,false
2,SSAT AL,fiducial,ILIS -1 side,ILIS -1 side,p40,p40,y,-523.0,,mm,false
2,SSAT AL,fiducial,ILIS -1 side,ILIS -1 side,p40,p40,z,-4414.3,,mm,false
2,SSAT AL,fiducial,ILIS -1 side,ILIS -1 side,p41,p41,x,2834.7,,mm,false
2,SSAT AL,fiducial,ILIS -1 side,ILIS -1 side,p41,p41,y,-498.7,,mm,false
2,SSAT AL,fiducial,ILIS -1 side,ILIS -1 side,p41,p41,z,4245.6,,mm,false
2,SSAT AL,fiducial,ILIS -1 side,ILIS -1 side,p42,p42,x,2831.0,,mm,false
2,SSAT AL,fiducial,ILIS -1 side,ILIS -1 side,p42,p42,y,-498.0,,mm,false
2,SSAT AL,fiducial,ILIS -1 side,ILIS -1 side,p42,p42,z,4027.1,,mm,false
2,SSAT AL,fiducial,ILIS -1 side,ILIS -1 side,p43,p43,x,2827.6,,mm,false
2,SSAT AL,fiducial,ILIS -1 side,ILIS -1 side,p43,p43,y,-497.0,,mm,false
2,SSAT AL,fiducial,ILIS -1 side,ILIS -1 side,p43,p43,z,-4433.2,,mm,false
2,SSAT AL,fiducial,ILIS -1 side,ILIS -1 side,p44,p44,x,2823.2,,mm,false
2,SSAT AL,fiducial,ILIS -1 side,ILIS -1 side,p44,p44,y,-496.3,,mm,false
2,SSAT AL,fiducial,ILIS -1 side,ILIS -1 side,p44,p44,z,-4024.3,,mm,false
2,SSAT AL,fiducial,ILIS -1 side,ILIS -1 side,p45,p45,x,2822.6,,mm,false
2,SSAT AL,fiducial,ILIS -1 side,ILIS -1 side,p45,p45,y,-496.2,,mm,false
2,SSAT AL,fiducial,ILIS -1 side,ILIS -1 side,p45,p45,z,-3523.9,,mm,false
2,SSAT AL,fiducial,ILIS -1 side,ILIS -1 side,p46,p46,x,2815.5,,mm,false
2,SSAT AL,fiducial,ILIS -1 side,ILIS -1 side,p46,p46,y,-494.9,,mm,false
2,SSAT AL,fiducial,ILIS -1 side,ILIS -1 side,p46,p46,z,-4223.5,,mm,false
2,SSAT AL,fiducial,ILIS -1 side,ILIS -1 side,p47,p47,x,2815.0,,mm,false
2,SSAT AL,fiducial,ILIS -1 side,ILIS -1 side,p47,p47,y,-494.8,,mm,false
2,SSAT AL,fiducial,ILIS -1 side,ILIS -1 side,p47,p47,z,-3973.1,,mm,false
2,SSAT AL,fiducial,ILIS -1 side,ILIS -1 side,p48,p48,x,2809.6,,mm,false
2,SSAT AL,fiducial,ILIS -1 side,ILIS -1 side,p48,p48,y,-494.3,,mm,false
2,SSAT AL,fiducial,ILIS -1 side,ILIS -1 side,p48,p48,z,3976.2,,mm,false
2,SSAT AL,fiducial,ILIS -1 side,ILIS -1 side,p49,p49,x,2806.8,,mm,false
2,SSAT AL,fiducial,ILIS -1 side,ILIS -1 side,p49,p49,y,-493.7,,mm,false
2,SSAT AL,fiducial,ILIS -1 side,ILIS -1 side,p49,p49,z,3779.0,,mm,false
2,SSAT AL,fiducial,ILIS -1 side,ILIS -1 side,p50,p50,x,2804.1,,mm,false
2,SSAT AL,fiducial,ILIS -1 side,ILIS -1 side,p50,p50,y,-493.4,,mm,false
2,SSAT AL,fiducial,ILIS -1 side,ILIS -1 side,p50,p50,z,4473.0,,mm,false
2,SSAT AL,fiducial,ILIS -1 side,ILIS -1 side,p51,p51,x,2800.1,,mm,false
2,SSAT AL,fiducial,ILIS -1 side,ILIS -1 side,p51,p51,y,-492.6,,mm,false
2,SSAT AL,fiducial,ILIS -1 side,ILIS -1 side,p51,p51,z,3528.0,,mm,false
2,SSAT AL,fiducial,ILIS -1 side,ILIS -1 side,p52,p52,x,2798.0,,mm,false
2,SSAT AL,fiducial,ILIS -1 side,ILIS -1 side,p52,p52,y,-491.8,,mm,false
2,SSAT AL,fiducial,ILIS -1 side,ILIS -1 side,p52,p52,z,-3775.3,,mm,false
2,SSAT AL,fiducial,ILIS -1 side,ILIS -1 side,p53,p53,x,2780.3,,mm,false
2,SSAT AL,fiducial,ILIS -1 side,ILIS -1 side,p53,p53,y,-488.9,,mm,false
2,SSAT AL,fiducial,ILIS -1 side,ILIS -1 side,p53,p53,z,800.7,,mm,false
2,SSAT AL,fiducial,ILIS -1 side,ILIS -1 side,p54,p54,x,2774.2,,mm,false
2,SSAT AL,fiducial,ILIS -1 side,ILIS -1 side,p54,p54,y,-487.8,,mm,false
2,SSAT AL,fiducial,ILIS -1 side,ILIS -1 side,p54,p54,z,-2531.7,,mm,false
2,SSAT AL,fiducial,ILIS -1 side,ILIS -1 side,p55,p55,x,2774.0,,mm,false
2,SSAT AL,fiducial,ILIS -1 side,ILIS -1 side,p55,p55,y,-487.8,,mm,false
2,SSAT AL,fiducial,ILIS -1 side,ILIS -1 side,p55,p55,z,1569.0,,mm,false
2,SSAT AL,fiducial,ILIS -1 side,ILIS -1 side,p56,p56,x,2770.0,,mm,false
2,SSAT AL,fiducial,ILIS -1 side,ILIS -1 side,p56,p56,y,-486.9,,mm,false
2,SSAT AL,fiducial,ILIS -1 side,ILIS -1 side,p56,p56,z,-3466.9,,mm,false
2,SSAT AL,fiducial,ILIS -1 side,ILIS -1 side,p57,p57,x,2769.7,,mm,false
2,SSAT AL,fiducial,ILIS -1 side,ILIS -1 side,p57,p57,y,-487.1,,mm,false
2,SSAT AL,fiducial,ILIS -1 side,ILIS -1 side,p57,p57,z,2195.3,,mm,false
2,SSAT AL,fiducial,ILIS -1 side,ILIS -1 side,p58,p58,x,2769.2,,mm,false
2,SSAT AL,fiducial,ILIS -1 side,ILIS -1 side,p58,p58,y,-487.0,,mm,false
2,SSAT AL,fiducial,ILIS -1 side,ILIS -1 side,p58,p58,z,1804.1,,mm,false
2,SSAT AL,fiducial,ILIS -1 side,ILIS -1 side,p59,p59,x,2768.4,,mm,false
2,SSAT AL,fiducial,ILIS -1 side,ILIS -1 side,p59,p59,y,-486.8,,mm,false
2,SSAT AL,fiducial,ILIS -1 side,ILIS -1 side,p59,p59,z,-792.2,,mm,false
2,SSAT AL,fiducial,ILIS -1 side,ILIS -1 side,p60,p60,x,2767.3,,mm,false
2,SSAT AL,fiducial,ILIS -1 side,ILIS -1 side,p60,p60,y,-486.6,,mm,false
2,SSAT AL,fiducial,ILIS -1 side,ILIS -1 side,p60,p60,z,-2064.3,,mm,false
2,SSAT AL,fiducial,ILIS -1 side,ILIS -1 side,p61,p61,x,2767.1,,mm,false
2,SSAT AL,fiducial,ILIS -1 side,ILIS -1 side,p61,p61,y,-486.5,,mm,false
2,SSAT AL,fiducial,ILIS -1 side,ILIS -1 side,p61,p61,z,-2789.3,,mm,false
2,SSAT AL,fiducial,ILIS -1 side,ILIS -1 side,p62,p62,x,2766.8,,mm,false
2,SSAT AL,fiducial,ILIS -1 side,ILIS -1 side,p62,p62,y,-486.5,,mm,false
2,SSAT AL,fiducial,ILIS -1 side,ILIS -1 side,p62,p62,z,-1199.3,,mm,false
2,SSAT AL,fiducial,ILIS -1 side,ILIS -1 side,p63,p63,x,2764.0,,mm,false
2,SSAT AL,fiducial,ILIS -1 side,ILIS -1 side,p63,p63,y,-486.1,,mm,false
2,SSAT AL,fiducial,ILIS -1 side,ILIS -1 side,p63,p63,z,-1445.8,,mm,false
2,SSAT AL,fiducial,ILIS -1 side,ILIS -1 side,p64,p64,x,2751.4,,mm,false
2,SSAT AL,fiducial,ILIS -1 side,ILIS -1 side,p64,p64,y,-483.9,,mm,false
2,SSAT AL,fiducial,ILIS -1 side,ILIS -1 side,p64,p64,z,2875.4,,mm,false
2,SSAT AL,fiducial,ILIS -1 side,ILIS -1 side,p65,p65,x,2750.4,,mm,false
2,SSAT AL,fiducial,ILIS -1 side,ILIS -1 side,p65,p65,y,-483.6,,mm,false
2,SSAT AL,fiducial,ILIS -1 side,ILIS -1 side,p65,p65,z,260.6,,mm,false
2,SSAT AL,fiducial,ILIS -1 side,ILIS -1 side,p66,p66,x,2749.5,,mm,false
2,SSAT AL,fiducial,ILIS -1 side,ILIS -1 side,p66,p66,y,-483.5,,mm,false
2,SSAT AL,fiducial,ILIS -1 side,ILIS -1 side,p66,p66,z,2444.7,,mm,false
2,SSAT AL,fiducial,ILIS -1 side,ILIS -1 side,p67,p67,x,2749.4,,mm,false
2,SSAT AL,fiducial,ILIS -1 side,ILIS -1 side,p67,p67,y,-483.4,,mm,false
2,SSAT AL,fiducial,ILIS -1 side,ILIS -1 side,p67,p67,z,-443.6,,mm,false
2,SSAT AL,fiducial,ILIS -1 side,ILIS -1 side,p68,p68,x,2746.4,,mm,false
2,SSAT AL,fiducial,ILIS -1 side,ILIS -1 side,p68,p68,y,-482.8,,mm,false
2,SSAT AL,fiducial,ILIS -1 side,ILIS -1 side,p68,p68,z,-2478.3,,mm,false
2,SSAT AL,fiducial,ILIS -1 side,ILIS -1 side,p69,p69,x,2745.9,,mm,false
2,SSAT AL,fiducial,ILIS -1 side,ILIS -1 side,p69,p69,y,-482.8,,mm,false
2,SSAT AL,fiducial,ILIS -1 side,ILIS -1 side,p69,p69,z,-1791.8,,mm,false
2,SSAT AL,fiducial,ILIS -1 side,ILIS -1 side,p70,p70,x,2745.0,,mm,false
2,SSAT AL,fiducial,ILIS -1 side,ILIS -1 side,p70,p70,y,-482.6,,mm,false
2,SSAT AL,fiducial,ILIS -1 side,ILIS -1 side,p70,p70,z,-1524.2,,mm,false
2,SSAT AL,fiducial,ILIS -1 side,ILIS -1 side,p71,p71,x,2742.9,,mm,false
2,SSAT AL,fiducial,ILIS -1 side,ILIS -1 side,p71,p71,y,-482.3,,mm,false
2,SSAT AL,fiducial,ILIS -1 side,ILIS -1 side,p71,p71,z,-529.5,,mm,false
2,SSAT AL,fiducial,ILIS -1 side,ILIS -1 side,p72,p72,x,2720.8,,mm,false
2,SSAT AL,fiducial,ILIS -1 side,ILIS -1 side,p72,p72,y,-478.5,,mm,false
2,SSAT AL,fiducial,ILIS -1 side,ILIS -1 side,p72,p72,z,1478.9,,mm,false
2,SSAT AL,fiducial,ILIS -1 side,ILIS -1 side,p73,p73,x,2712.2,,mm,false
2,SSAT AL,fiducial,ILIS -1 side,ILIS -1 side,p73,p73,y,-476.8,,mm,false
2,SSAT AL,fiducial,ILIS -1 side,ILIS -1 side,p73,p73,z,486.4,,mm,false
2,SSAT AL,fiducial,ILIS -1 side,ILIS -1 side,p74,p74,x,2701.5,,mm,false
2,SSAT AL,fiducial,ILIS -1 side,ILIS -1 side,p74,p74,y,-475.0,,mm,false
2,SSAT AL,fiducial,ILIS -1 side,ILIS -1 side,p74,p74,z,552.8,,mm,false
2,SSAT AL,fiducial,ILIS -1 side,ILIS -1 side,p75,p75,x,2695.6,,mm,false
2,SSAT AL,fiducial,ILIS -1 side,ILIS -1 side,p75,p75,y,-473.8,,mm,false
2,SSAT AL,fiducial,ILIS -1 side,ILIS -1 side,p75,p75,z,-3118.2,,mm,false
2,SSAT AL,fiducial,ILIS -1 side,ILIS -1 side,p76,p76,x,2692.0,,mm,false
2,SSAT AL,fiducial,ILIS -1 side,ILIS -1 side,p76,p76,y,-473.3,,mm,false
2,SSAT AL,fiducial,ILIS -1 side,ILIS -1 side,p76,p76,z,1209.3,,mm,false
2,SSAT AL,fiducial,ILIS -1 side,ILIS -1 side,p77,p77,x,2686.2,,mm,false
2,SSAT AL,fiducial,ILIS -1 side,ILIS -1 side,p77,p77,y,-472.4,,mm,false
2,SSAT AL,fiducial,ILIS -1 side,ILIS -1 side,p77,p77,z,3206.8,,mm,false
2,SSAT AL,fiducial,ILIS -1 side,ILIS -1 side,p78,p78,x,2676.9,,mm,false
2,SSAT AL,fiducial,ILIS -1 side,ILIS -1 side,p78,p78,y,-470.7,,mm,false
2,SSAT AL,fiducial,ILIS -1 side,ILIS -1 side,p78,p78,z,3480.0,,mm,false
2,SSAT AL,fiducial,ILIS -1 side,ILIS -1 side,p79,p79,x,2674.3,,mm,false
2,SSAT AL,fiducial,ILIS -1 side,ILIS -1 side,p79,p79,y,-470.2,,mm,false
2,SSAT AL,fiducial,ILIS -1 side,ILIS -1 side,p79,p79,z,2554.2,,mm,false
2,SSAT AL,fiducial,ILIS -1 side,ILIS -1 side,p80,p80,x,2672.6,,mm,false
2,SSAT AL,fiducial,ILIS -1 side,ILIS -1 side,p80,p80,y,-469.8,,mm,false
2,SSAT AL,fiducial,ILIS -1 side,ILIS -1 side,p80,p80,z,-212.2,,mm,false
2,SSAT AL,fiducial,ILIS -1 side,ILIS -1 side,p81,p81,x,2629.2,,mm,false
2,SSAT AL,fiducial,ILIS -1 side,ILIS -1 side,p81,p81,y,-462.5,,mm,false
2,SSAT AL,fiducial,ILIS -1 side,ILIS -1 side,p81,p81,z,4025.3,,mm,false
2,SSAT AL,fiducial,ILIS -1 side,ILIS -1 side,p82,p82,x,2626.7,,mm,false
2,SSAT AL,fiducial,ILIS -1 side,ILIS -1 side,p82,p82,y,-461.6,,mm,false
2,SSAT AL,fiducial,ILIS -1 side,ILIS -1 side,p82,p82,z,-3760.6,,mm,false
2,SSAT AL,fiducial,ILIS -1 side,ILIS -1 side,p83,p83,x,2626.7,,mm,false
2,SSAT AL,fiducial,ILIS -1 side,ILIS -1 side,p83,p83,y,-462.0,,mm,false
2,SSAT AL,fiducial,ILIS -1 side,ILIS -1 side,p83,p83,z,4467.2,,mm,false
2,SSAT AL,fiducial,ILIS -1 side,ILIS -1 side,p84,p84,x,2626.7,,mm,false
2,SSAT AL,fiducial,ILIS -1 side,ILIS -1 side,p84,p84,y,-461.9,,mm,false
2,SSAT AL,fiducial,ILIS -1 side,ILIS -1 side,p84,p84,z,4248.7,,mm,false
2,SSAT AL,fiducial,ILIS -1 side,ILIS -1 side,p85,p85,x,2626.4,,mm,false
2,SSAT AL,fiducial,ILIS -1 side,ILIS -1 side,p85,p85,y,-461.4,,mm,false
2,SSAT AL,fiducial,ILIS -1 side,ILIS -1 side,p85,p85,z,-4434.6,,mm,false
2,SSAT AL,fiducial,ILIS -1 side,ILIS -1 side,p86,p86,x,2625.2,,mm,false
2,SSAT AL,fiducial,ILIS -1 side,ILIS -1 side,p86,p86,y,-461.8,,mm,false
2,SSAT AL,fiducial,ILIS -1 side,ILIS -1 side,p86,p86,z,3778.5,,mm,false
2,SSAT AL,fiducial,ILIS -1 side,ILIS -1 side,p87,p87,x,2625.4,,mm,false
2,SSAT AL,fiducial,ILIS -1 side,ILIS -1 side,p87,p87,y,-461.4,,mm,false
2,SSAT AL,fiducial,ILIS -1 side,ILIS -1 side,p87,p87,z,-3523.0,,mm,false
2,SSAT AL,fiducial,ILIS -1 side,ILIS -1 side,p88,p88,x,2624.4,,mm,false
2,SSAT AL,fiducial,ILIS -1 side,ILIS -1 side,p88,p88,y,-461.1,,mm,false
2,SSAT AL,fiducial,ILIS -1 side,ILIS -1 side,p88,p88,z,-4230.9,,mm,false
2,SSAT AL,fiducial,ILIS -1 side,ILIS -1 side,p89,p89,x,2623.0,,mm,false
2,SSAT AL,fiducial,ILIS -1 side,ILIS -1 side,p89,p89,y,-460.9,,mm,false
2,SSAT AL,fiducial,ILIS -1 side,ILIS -1 side,p89,p89,z,-4024.3,,mm,false
2,SSAT AL,fiducial,ILIS -1 side,ILIS -1 side,p90,p90,x,2621.6,,mm,false
2,SSAT AL,fiducial,ILIS -1 side,ILIS -1 side,p90,p90,y,-461.1,,mm,false
2,SSAT AL,fiducial,ILIS -1 side,ILIS -1 side,p90,p90,z,3974.3,,mm,false
2,SSAT AL,fiducial,ILIS -1 side,ILIS -1 side,p91,p91,x,2620.3,,mm,false
2,SSAT AL,fiducial,ILIS -1 side,ILIS -1 side,p91,p91,y,-460.4,,mm,false
2,SSAT AL,fiducial,ILIS -1 side,ILIS -1 side,p91,p91,z,-3964.5,,mm,false
2,SSAT AL,fiducial,ILIS -1 side,ILIS -1 side,p92,p92,x,2618.3,,mm,false
2,SSAT AL,fiducial,ILIS -1 side,ILIS -1 side,p92,p92,y,-460.4,,mm,false
2,SSAT AL,fiducial,ILIS -1 side,ILIS -1 side,p92,p92,z,3529.7,,mm,false
2,SSAT AL,fiducial,ILIS -1 side,ILIS -1 side,p93,p93,x,2577.8,,mm,false
2,SSAT AL,fiducial,ILIS -1 side,ILIS -1 side,p93,p93,y,-452.9,,mm,false
2,SSAT AL,fiducial,ILIS -1 side,ILIS -1 side,p93,p93,z,-3971.0,,mm,false
2,SSAT AL,fiducial,ILIS -1 side,ILIS -1 side,p94,p94,x,2577.1,,mm,false
2,SSAT AL,fiducial,ILIS -1 side,ILIS -1 side,p94,p94,y,-452.7,,mm,false
2,SSAT AL,fiducial,ILIS -1 side,ILIS -1 side,p94,p94,z,-4260.9,,mm,false
2,SSAT AL,fiducial,ILIS -1 side,ILIS -1 side,p95,p95,x,2576.9,,mm,false
2,SSAT AL,fiducial,ILIS -1 side,ILIS -1 side,p95,p95,y,-452.7,,mm,false
2,SSAT AL,fiducial,ILIS -1 side,ILIS -1 side,p95,p95,z,-4462.7,,mm,false
2,SSAT AL,fiducial,ILIS -1 side,ILIS -1 side,p96,p96,x,2576.3,,mm,false
2,SSAT AL,fiducial,ILIS -1 side,ILIS -1 side,p96,p96,y,-452.6,,mm,false
2,SSAT AL,fiducial,ILIS -1 side,ILIS -1 side,p96,p96,z,-4023.2,,mm,false
2,SSAT AL,fiducial,ILIS -1 side,ILIS -1 side,p97,p97,x,2573.6,,mm,false
2,SSAT AL,fiducial,ILIS -1 side,ILIS -1 side,p97,p97,y,-452.7,,mm,false
2,SSAT AL,fiducial,ILIS -1 side,ILIS -1 side,p97,p97,z,4024.6,,mm,false
2,SSAT AL,fiducial,ILIS -1 side,ILIS -1 side,p98,p98,x,2572.3,,mm,false
2,SSAT AL,fiducial,ILIS -1 side,ILIS -1 side,p98,p98,y,-452.4,,mm,false
2,SSAT AL,fiducial,ILIS -1 side,ILIS -1 side,p98,p98,z,3974.4,,mm,false
2,SSAT AL,fiducial,ILIS -1 side,ILIS -1 side,p99,p99,x,2572.6,,mm,false
2,SSAT AL,fiducial,ILIS -1 side,ILIS -1 side,p99,p99,y,-452.4,,mm,false
2,SSAT AL,fiducial,ILIS -1 side,ILIS -1 side,p99,p99,z,4472.0,,mm,false
2,SSAT AL,fiducial,ILIS -1 side,ILIS -1 side,p100,p100,x,2572.3,,mm,false
2,SSAT AL,fiducial,ILIS -1 side,ILIS -1 side,p100,p100,y,-452.2,,mm,false
2,SSAT AL,fiducial,ILIS -1 side,ILIS -1 side,p100,p100,z,3529.2,,mm,false
2,SSAT AL,fiducial,ILIS -1 side,ILIS -1 side,p101,p101,x,2571.5,,mm,false
2,SSAT AL,fiducial,ILIS -1 side,ILIS -1 side,p101,p101,y,-451.8,,mm,false
2,SSAT AL,fiducial,ILIS -1 side,ILIS -1 side,p101,p101,z,-3524.9,,mm,false
2,SSAT AL,fiducial,ILIS -1 side,ILIS -1 side,p102,p102,x,2569.3,,mm,false
2,SSAT AL,fiducial,ILIS -1 side,ILIS -1 side,p102,p102,y,-451.4,,mm,false
2,SSAT AL,fiducial,ILIS -1 side,ILIS -1 side,p102,p102,z,-3775.2,,mm,false
2,SSAT AL,fiducial,ILIS -1 side,ILIS -1 side,p103,p103,x,2563.9,,mm,false
2,SSAT AL,fiducial,ILIS -1 side,ILIS -1 side,p103,p103,y,-450.8,,mm,false
2,SSAT AL,fiducial,ILIS -1 side,ILIS -1 side,p103,p103,z,3798.9,,mm,false
2,SSAT AL,fiducial,ILIS -1 side,ILIS -1 side,p104,p104,x,2562.9,,mm,false
2,SSAT AL,fiducial,ILIS -1 side,ILIS -1 side,p104,p104,y,-450.7,,mm,false
2,SSAT AL,fiducial,ILIS -1 side,ILIS -1 side,p104,p104,z,4274.4,,mm,false
2,SSAT AL,fiducial,ILIS -1 side,ILIS -1 side,p105,p105,x,2498.9,,mm,false
2,SSAT AL,fiducial,ILIS -1 side,ILIS -1 side,p105,p105,y,-439.2,,mm,false
2,SSAT AL,fiducial,ILIS -1 side,ILIS -1 side,p105,p105,z,2188.3,,mm,false
2,SSAT AL,fiducial,ILIS -1 side,ILIS -1 side,p106,p106,x,2482.1,,mm,false
2,SSAT AL,fiducial,ILIS -1 side,ILIS -1 side,p106,p106,y,-436.2,,mm,false
2,SSAT AL,fiducial,ILIS -1 side,ILIS -1 side,p106,p106,z,2880.1,,mm,false
2,SSAT AL,fiducial,ILIS -1 side,ILIS -1 side,p107,p107,x,2471.2,,mm,false
2,SSAT AL,fiducial,ILIS -1 side,ILIS -1 side,p107,p107,y,-434.2,,mm,false
2,SSAT AL,fiducial,ILIS -1 side,ILIS -1 side,p107,p107,z,801.5,,mm,false
2,SSAT AL,fiducial,ILIS -1 side,ILIS -1 side,p108,p108,x,2457.9,,mm,false
2,SSAT AL,fiducial,ILIS -1 side,ILIS -1 side,p108,p108,y,-431.9,,mm,false
2,SSAT AL,fiducial,ILIS -1 side,ILIS -1 side,p108,p108,z,-2077.4,,mm,false
2,SSAT AL,fiducial,ILIS -1 side,ILIS -1 side,p109,p109,x,2458.0,,mm,false
2,SSAT AL,fiducial,ILIS -1 side,ILIS -1 side,p109,p109,y,-432.0,,mm,false
2,SSAT AL,fiducial,ILIS -1 side,ILIS -1 side,p109,p109,z,1481.7,,mm,false
2,SSAT AL,fiducial,ILIS -1 side,ILIS -1 side,p110,p110,x,2457.5,,mm,false
2,SSAT AL,fiducial,ILIS -1 side,ILIS -1 side,p110,p110,y,-431.8,,mm,false
2,SSAT AL,fiducial,ILIS -1 side,ILIS -1 side,p110,p110,z,486.8,,mm,false
2,SSAT AL,fiducial,ILIS -1 side,ILIS -1 side,p111,p111,x,2452.0,,mm,false
2,SSAT AL,fiducial,ILIS -1 side,ILIS -1 side,p111,p111,y,-430.9,,mm,false
2,SSAT AL,fiducial,ILIS -1 side,ILIS -1 side,p111,p111,z,-1201.5,,mm,false
2,SSAT AL,fiducial,ILIS -1 side,ILIS -1 side,p112,p112,x,2449.1,,mm,false
2,SSAT AL,fiducial,ILIS -1 side,ILIS -1 side,p112,p112,y,-430.2,,mm,false
2,SSAT AL,fiducial,ILIS -1 side,ILIS -1 side,p112,p112,z,-3117.8,,mm,false
2,SSAT AL,fiducial,ILIS -1 side,ILIS -1 side,p113,p113,x,2446.6,,mm,false
2,SSAT AL,fiducial,ILIS -1 side,ILIS -1 side,p113,p113,y,-429.9,,mm,false
2,SSAT AL,fiducial,ILIS -1 side,ILIS -1 side,p113,p113,z,-795.0,,mm,false
2,SSAT AL,fiducial,ILIS -1 side,ILIS -1 side,p114,p114,x,2446.4,,mm,false
2,SSAT AL,fiducial,ILIS -1 side,ILIS -1 side,p114,p114,y,-429.9,,mm,false
2,SSAT AL,fiducial,ILIS -1 side,ILIS -1 side,p114,p114,z,1798.9,,mm,false
2,SSAT AL,fiducial,ILIS -1 side,ILIS -1 side,p115,p115,x,2444.1,,mm,false
2,SSAT AL,fiducial,ILIS -1 side,ILIS -1 side,p115,p115,y,-429.4,,mm,false
2,SSAT AL,fiducial,ILIS -1 side,ILIS -1 side,p115,p115,z,545.2,,mm,false
2,SSAT AL,fiducial,ILIS -1 side,ILIS -1 side,p116,p116,x,2439.8,,mm,false
2,SSAT AL,fiducial,ILIS -1 side,ILIS -1 side,p116,p116,y,-428.8,,mm,false
2,SSAT AL,fiducial,ILIS -1 side,ILIS -1 side,p116,p116,z,1551.2,,mm,false
2,SSAT AL,fiducial,ILIS -1 side,ILIS -1 side,p117,p117,x,2434.7,,mm,false
2,SSAT AL,fiducial,ILIS -1 side,ILIS -1 side,p117,p117,y,-427.8,,mm,false
2,SSAT AL,fiducial,ILIS -1 side,ILIS -1 side,p117,p117,z,-2530.6,,mm,false
2,SSAT AL,fiducial,ILIS -1 side,ILIS -1 side,p118,p118,x,2435.5,,mm,false
2,SSAT AL,fiducial,ILIS -1 side,ILIS -1 side,p118,p118,y,-427.9,,mm,false
2,SSAT AL,fiducial,ILIS -1 side,ILIS -1 side,p118,p118,z,253.8,,mm,false
2,SSAT AL,fiducial,ILIS -1 side,ILIS -1 side,p119,p119,x,2433.5,,mm,false
2,SSAT AL,fiducial,ILIS -1 side,ILIS -1 side,p119,p119,y,-427.4,,mm,false
2,SSAT AL,fiducial,ILIS -1 side,ILIS -1 side,p119,p119,z,-3466.8,,mm,false
2,SSAT AL,fiducial,ILIS -1 side,ILIS -1 side,p120,p120,x,2433.4,,mm,false
2,SSAT AL,fiducial,ILIS -1 side,ILIS -1 side,p120,p120,y,-427.6,,mm,false
2,SSAT AL,fiducial,ILIS -1 side,ILIS -1 side,p120,p120,z,-529.6,,mm,false
2,SSAT AL,fiducial,ILIS -1 side,ILIS -1 side,p121,p121,x,2432.4,,mm,false
2,SSAT AL,fiducial,ILIS -1 side,ILIS -1 side,p121,p121,y,-427.4,,mm,false
2,SSAT AL,fiducial,ILIS -1 side,ILIS -1 side,p121,p121,z,-1445.9,,mm,false
2,SSAT AL,fiducial,ILIS -1 side,ILIS -1 side,p122,p122,x,2430.6,,mm,false
2,SSAT AL,fiducial,ILIS -1 side,ILIS -1 side,p122,p122,y,-427.2,,mm,false
2,SSAT AL,fiducial,ILIS -1 side,ILIS -1 side,p122,p122,z,2452.4,,mm,false
2,SSAT AL,fiducial,ILIS -1 side,ILIS -1 side,p123,p123,x,2429.0,,mm,false
2,SSAT AL,fiducial,ILIS -1 side,ILIS -1 side,p123,p123,y,-426.6,,mm,false
2,SSAT AL,fiducial,ILIS -1 side,ILIS -1 side,p123,p123,z,-4022.6,,mm,false
2,SSAT AL,fiducial,ILIS -1 side,ILIS -1 side,p124,p124,x,2428.0,,mm,false
2,SSAT AL,fiducial,ILIS -1 side,ILIS -1 side,p124,p124,y,-426.7,,mm,false
2,SSAT AL,fiducial,ILIS -1 side,ILIS -1 side,p124,p124,z,-1525.9,,mm,false
2,SSAT AL,fiducial,ILIS -1 side,ILIS -1 side,p125,p125,x,2423.9,,mm,false
2,SSAT AL,fiducial,ILIS -1 side,ILIS -1 side,p125,p125,y,-425.9,,mm,false
2,SSAT AL,fiducial,ILIS -1 side,ILIS -1 side,p125,p125,z,-1794.7,,mm,false
2,SSAT AL,fiducial,ILIS -1 side,ILIS -1 side,p126,p126,x,2421.5,,mm,false
2,SSAT AL,fiducial,ILIS -1 side,ILIS -1 side,p126,p126,y,-425.5,,mm,false
2,SSAT AL,fiducial,ILIS -1 side,ILIS -1 side,p126,p126,z,-2482.9,,mm,false
2,SSAT AL,fiducial,ILIS -1 side,ILIS -1 side,p127,p127,x,2419.1,,mm,false
2,SSAT AL,fiducial,ILIS -1 side,ILIS -1 side,p127,p127,y,-424.8,,mm,false
2,SSAT AL,fiducial,ILIS -1 side,ILIS -1 side,p127,p127,z,-4236.5,,mm,false
2,SSAT AL,fiducial,ILIS -1 side,ILIS -1 side,p128,p128,x,2416.7,,mm,false
2,SSAT AL,fiducial,ILIS -1 side,ILIS -1 side,p128,p128,y,-424.5,,mm,false
2,SSAT AL,fiducial,ILIS -1 side,ILIS -1 side,p128,p128,z,-2793.8,,mm,false
2,SSAT AL,fiducial,ILIS -1 side,ILIS -1 side,p129,p129,x,2414.3,,mm,false
2,SSAT AL,fiducial,ILIS -1 side,ILIS -1 side,p129,p129,y,-424.0,,mm,false
2,SSAT AL,fiducial,ILIS -1 side,ILIS -1 side,p129,p129,z,-4463.4,,mm,false
2,SSAT AL,fiducial,ILIS -1 side,ILIS -1 side,p130,p130,x,2413.8,,mm,false
2,SSAT AL,fiducial,ILIS -1 side,ILIS -1 side,p130,p130,y,-424.2,,mm,false
2,SSAT AL,fiducial,ILIS -1 side,ILIS -1 side,p130,p130,z,1207.5,,mm,false
2,SSAT AL,fiducial,ILIS -1 side,ILIS -1 side,p131,p131,x,2412.9,,mm,false
2,SSAT AL,fiducial,ILIS -1 side,ILIS -1 side,p131,p131,y,-424.0,,mm,false
2,SSAT AL,fiducial,ILIS -1 side,ILIS -1 side,p131,p131,z,2554.9,,mm,false
2,SSAT AL,fiducial,ILIS -1 side,ILIS -1 side,p132,p132,x,2412.3,,mm,false
2,SSAT AL,fiducial,ILIS -1 side,ILIS -1 side,p132,p132,y,-423.9,,mm,false
2,SSAT AL,fiducial,ILIS -1 side,ILIS -1 side,p132,p132,z,3479.5,,mm,false
2,SSAT AL,fiducial,ILIS -1 side,ILIS -1 side,p133,p133,x,2409.8,,mm,false
2,SSAT AL,fiducial,ILIS -1 side,ILIS -1 side,p133,p133,y,-423.6,,mm,false
2,SSAT AL,fiducial,ILIS -1 side,ILIS -1 side,p133,p133,z,4471.3,,mm,false
2,SSAT AL,fiducial,ILIS -1 side,ILIS -1 side,p134,p134,x,2402.7,,mm,false
2,SSAT AL,fiducial,ILIS -1 side,ILIS -1 side,p134,p134,y,-422.1,,mm,false
2,SSAT AL,fiducial,ILIS -1 side,ILIS -1 side,p134,p134,z,-451.6,,mm,false
2,SSAT AL,fiducial,ILIS -1 side,ILIS -1 side,p135,p135,x,2399.2,,mm,false
2,SSAT AL,fiducial,ILIS -1 side,ILIS -1 side,p135,p135,y,-421.8,,mm,false
2,SSAT AL,fiducial,ILIS -1 side,ILIS -1 side,p135,p135,z,4025.3,,mm,false
2,SSAT AL,fiducial,ILIS -1 side,ILIS -1 side,p136,p136,x,2396.7,,mm,false
2,SSAT AL,fiducial,ILIS -1 side,ILIS -1 side,p136,p136,y,-421.0,,mm,false
2,SSAT AL,fiducial,ILIS -1 side,ILIS -1 side,p136,p136,z,-3524.3,,mm,false
2,SSAT AL,fiducial,ILIS -1 side,ILIS -1 side,p137,p137,x,2397.4,,mm,false
2,SSAT AL,fiducial,ILIS -1 side,ILIS -1 side,p137,p137,y,-421.3,,mm,false
2,SSAT AL,fiducial,ILIS -1 side,ILIS -1 side,p137,p137,z,3207.3,,mm,false
2,SSAT AL,fiducial,ILIS -1 side,ILIS -1 side,p138,p138,x,2394.6,,mm,false
2,SSAT AL,fiducial,ILIS -1 side,ILIS -1 side,p138,p138,y,-420.8,,mm,false
2,SSAT AL,fiducial,ILIS -1 side,ILIS -1 side,p138,p138,z,3526.8,,mm,false
2,SSAT AL,fiducial,ILIS -1 side,ILIS -1 side,p139,p139,x,2394.3,,mm,false
2,SSAT AL,fiducial,ILIS -1 side,ILIS -1 side,p139,p139,y,-420.6,,mm,false
2,SSAT AL,fiducial,ILIS -1 side,ILIS -1 side,p139,p139,z,-206.4,,mm,false
2,SSAT AL,fiducial,ILIS -1 side,ILIS -1 side,p140,p140,x,2385.8,,mm,false
2,SSAT AL,fiducial,ILIS -1 side,ILIS -1 side,p140,p140,y,-419.3,,mm,false
2,SSAT AL,fiducial,ILIS -1 side,ILIS -1 side,p140,p140,z,4264.4,,mm,false
2,SSAT AL,fiducial,ILIS -1 side,ILIS -1 side,p141,p141,x,2385.4,,mm,false
2,SSAT AL,fiducial,ILIS -1 side,ILIS -1 side,p141,p141,y,-419.2,,mm,false
2,SSAT AL,fiducial,ILIS -1 side,ILIS -1 side,p141,p141,z,3974.1,,mm,false
2,SSAT AL,fiducial,ILIS -1 side,ILIS -1 side,p142,p142,x,2384.2,,mm,false
2,SSAT AL,fiducial,ILIS -1 side,ILIS -1 side,p142,p142,y,-418.7,,mm,false
2,SSAT AL,fiducial,ILIS -1 side,ILIS -1 side,p142,p142,z,-3774.2,,mm,false
2,SSAT AL,fiducial,ILIS -1 side,ILIS -1 side,p143,p143,x,2382.5,,mm,false
2,SSAT AL,fiducial,ILIS -1 side,ILIS -1 side,p143,p143,y,-418.4,,mm,false
2,SSAT AL,fiducial,ILIS -1 side,ILIS -1 side,p143,p143,z,-3971.7,,mm,false
2,SSAT AL,fiducial,ILIS -1 side,ILIS -1 side,p144,p144,x,2363.7,,mm,false
2,SSAT AL,fiducial,ILIS -1 side,ILIS -1 side,p144,p144,y,-415.3,,mm,false
2,SSAT AL,fiducial,ILIS -1 side,ILIS -1 side,p144,p144,z,3783.8,,mm,false
2,SSAT AL,fiducial,ILIS -1 side,ILIS -1 side,p145,p145,x,2289.6,,mm,false
2,SSAT AL,fiducial,ILIS -1 side,ILIS -1 side,p145,p145,y,-402.0,,mm,false
2,SSAT AL,fiducial,ILIS -1 side,ILIS -1 side,p145,p145,z,-4465.5,,mm,false
2,SSAT AL,fiducial,ILIS -1 side,ILIS -1 side,p146,p146,x,2251.8,,mm,false
2,SSAT AL,fiducial,ILIS -1 side,ILIS -1 side,p146,p146,y,-395.4,,mm,false
2,SSAT AL,fiducial,ILIS -1 side,ILIS -1 side,p146,p146,z,-4231.1,,mm,false
2,SSAT AL,fiducial,ILIS -1 side,ILIS -1 side,p147,p147,x,2251.4,,mm,false
2,SSAT AL,fiducial,ILIS -1 side,ILIS -1 side,p147,p147,y,-395.6,,mm,false
2,SSAT AL,fiducial,ILIS -1 side,ILIS -1 side,p147,p147,z,4471.7,,mm,false
2,SSAT AL,fiducial,ILIS -1 side,ILIS -1 side,p148,p148,x,2215.0,,mm,false
2,SSAT AL,fiducial,ILIS -1 side,ILIS -1 side,p148,p148,y,-389.2,,mm,false
2,SSAT AL,fiducial,ILIS -1 side,ILIS -1 side,p148,p148,z,4263.2,,mm,false
2,SSAT AL,fiducial,ILIS -1 side,ILIS -1 side,p149,p149,x,2211.1,,mm,false
2,SSAT AL,fiducial,ILIS -1 side,ILIS -1 side,p149,p149,y,-388.4,,mm,false
2,SSAT AL,fiducial,ILIS -1 side,ILIS -1 side,p149,p149,z,-523.2,,mm,false
2,SSAT AL,fiducial,ILIS -1 side,ILIS -1 side,p150,p150,x,2207.8,,mm,false
2,SSAT AL,fiducial,ILIS -1 side,ILIS -1 side,p150,p150,y,-387.7,,mm,false
2,SSAT AL,fiducial,ILIS -1 side,ILIS -1 side,p150,p150,z,-2484.3,,mm,false
2,SSAT AL,fiducial,ILIS -1 side,ILIS -1 side,p151,p151,x,2207.3,,mm,false
2,SSAT AL,fiducial,ILIS -1 side,ILIS -1 side,p151,p151,y,-387.6,,mm,false
2,SSAT AL,fiducial,ILIS -1 side,ILIS -1 side,p151,p151,z,-3482.2,,mm,false
2,SSAT AL,fiducial,ILIS -1 side,ILIS -1 side,p152,p152,x,2201.0,,mm,false
2,SSAT AL,fiducial,ILIS -1 side,ILIS -1 side,p152,p152,y,-386.6,,mm,false
2,SSAT AL,fiducial,ILIS -1 side,ILIS -1 side,p152,p152,z,-1515.1,,mm,false
2,SSAT AL,fiducial,ILIS -1 side,ILIS -1 side,p153,p153,x,2194.5,,mm,false
2,SSAT AL,fiducial,ILIS -1 side,ILIS -1 side,p153,p153,y,-385.6,,mm,false
2,SSAT AL,fiducial,ILIS -1 side,ILIS -1 side,p153,p153,z,4028.4,,mm,false
2,SSAT AL,fiducial,ILIS -1 side,ILIS -1 side,p154,p154,x,2189.0,,mm,false
2,SSAT AL,fiducial,ILIS -1 side,ILIS -1 side,p154,p154,y,-384.3,,mm,false
2,SSAT AL,fiducial,ILIS -1 side,ILIS -1 side,p154,p154,z,-3802.0,,mm,false
2,SSAT AL,fiducial,ILIS -1 side,ILIS -1 side,p155,p155,x,2188.3,,mm,false
2,SSAT AL,fiducial,ILIS -1 side,ILIS -1 side,p155,p155,y,-384.4,,mm,false
2,SSAT AL,fiducial,ILIS -1 side,ILIS -1 side,p155,p155,z,3976.0,,mm,false
2,SSAT AL,fiducial,ILIS -1 side,ILIS -1 side,p156,p156,x,2185.0,,mm,false
2,SSAT AL,fiducial,ILIS -1 side,ILIS -1 side,p156,p156,y,-383.6,,mm,false
2,SSAT AL,fiducial,ILIS -1 side,ILIS -1 side,p156,p156,z,-3525.2,,mm,false
2,SSAT AL,fiducial,ILIS -1 side,ILIS -1 side,p157,p157,x,2186.0,,mm,false
2,SSAT AL,fiducial,ILIS -1 side,ILIS -1 side,p157,p157,y,-384.0,,mm,false
2,SSAT AL,fiducial,ILIS -1 side,ILIS -1 side,p157,p157,z,3534.8,,mm,false
2,SSAT AL,fiducial,ILIS -1 side,ILIS -1 side,p158,p158,x,2184.3,,mm,false
2,SSAT AL,fiducial,ILIS -1 side,ILIS -1 side,p158,p158,y,-383.5,,mm,false
2,SSAT AL,fiducial,ILIS -1 side,ILIS -1 side,p158,p158,z,-4024.1,,mm,false
2,SSAT AL,fiducial,ILIS -1 side,ILIS -1 side,p159,p159,x,2183.2,,mm,false
2,SSAT AL,fiducial,ILIS -1 side,ILIS -1 side,p159,p159,y,-383.4,,mm,false
2,SSAT AL,fiducial,ILIS -1 side,ILIS -1 side,p159,p159,z,-799.5,,mm,false
2,SSAT AL,fiducial,ILIS -1 side,ILIS -1 side,p160,p160,x,2182.9,,mm,false
2,SSAT AL,fiducial,ILIS -1 side,ILIS -1 side,p160,p160,y,-383.5,,mm,false
2,SSAT AL,fiducial,ILIS -1 side,ILIS -1 side,p160,p160,z,3778.5,,mm,false
2,SSAT AL,fiducial,ILIS -1 side,ILIS -1 side,p161,p161,x,2182.5,,mm,false
2,SSAT AL,fiducial,ILIS -1 side,ILIS -1 side,p161,p161,y,-383.4,,mm,false
2,SSAT AL,fiducial,ILIS -1 side,ILIS -1 side,p161,p161,z,1560.9,,mm,false
2,SSAT AL,fiducial,ILIS -1 side,ILIS -1 side,p162,p162,x,2180.6,,mm,false
2,SSAT AL,fiducial,ILIS -1 side,ILIS -1 side,p162,p162,y,-383.0,,mm,false
2,SSAT AL,fiducial,ILIS -1 side,ILIS -1 side,p162,p162,z,-1195.4,,mm,false
2,SSAT AL,fiducial,ILIS -1 side,ILIS -1 side,p163,p163,x,2180.6,,mm,false
2,SSAT AL,fiducial,ILIS -1 side,ILIS -1 side,p163,p163,y,-382.8,,mm,false
2,SSAT AL,fiducial,ILIS -1 side,ILIS -1 side,p163,p163,z,-3971.8,,mm,false
2,SSAT AL,fiducial,ILIS -1 side,ILIS -1 side,p164,p164,x,2180.2,,mm,false
2,SSAT AL,fiducial,ILIS -1 side,ILIS -1 side,p164,p164,y,-382.9,,mm,false
2,SSAT AL,fiducial,ILIS -1 side,ILIS -1 side,p164,p164,z,-2078.6,,mm,false
2,SSAT AL,fiducial,ILIS -1 side,ILIS -1 side,p165,p165,x,2180.0,,mm,false
2,SSAT AL,fiducial,ILIS -1 side,ILIS -1 side,p165,p165,y,-382.8,,mm,false
2,SSAT AL,fiducial,ILIS -1 side,ILIS -1 side,p165,p165,z,-1798.8,,mm,false
2,SSAT AL,fiducial,ILIS -1 side,ILIS -1 side,p166,p166,x,2179.4,,mm,false
2,SSAT AL,fiducial,ILIS -1 side,ILIS -1 side,p166,p166,y,-382.7,,mm,false
2,SSAT AL,fiducial,ILIS -1 side,ILIS -1 side,p166,p166,z,-3133.7,,mm,false
2,SSAT AL,fiducial,ILIS -1 side,ILIS -1 side,p167,p167,x,2179.5,,mm,false
2,SSAT AL,fiducial,ILIS -1 side,ILIS -1 side,p167,p167,y,-382.8,,mm,false
2,SSAT AL,fiducial,ILIS -1 side,ILIS -1 side,p167,p167,z,1207.6,,mm,false
2,SSAT AL,fiducial,ILIS -1 side,ILIS -1 side,p168,p168,x,2179.5,,mm,false
2,SSAT AL,fiducial,ILIS -1 side,ILIS -1 side,p168,p168,y,-382.8,,mm,false
2,SSAT AL,fiducial,ILIS -1 side,ILIS -1 side,p168,p168,z,2872.5,,mm,false
2,SSAT AL,fiducial,ILIS -1 side,ILIS -1 side,p169,p169,x,2178.6,,mm,false
2,SSAT AL,fiducial,ILIS -1 side,ILIS -1 side,p169,p169,y,-382.7,,mm,false
2,SSAT AL,fiducial,ILIS -1 side,ILIS -1 side,p169,p169,z,1797.8,,mm,false
2,SSAT AL,fiducial,ILIS -1 side,ILIS -1 side,p170,p170,x,2178.1,,mm,false
2,SSAT AL,fiducial,ILIS -1 side,ILIS -1 side,p170,p170,y,-382.6,,mm,false
2,SSAT AL,fiducial,ILIS -1 side,ILIS -1 side,p170,p170,z,2445.5,,mm,false
2,SSAT AL,fiducial,ILIS -1 side,ILIS -1 side,p171,p171,x,2176.5,,mm,false
2,SSAT AL,fiducial,ILIS -1 side,ILIS -1 side,p171,p171,y,-382.2,,mm,false
2,SSAT AL,fiducial,ILIS -1 side,ILIS -1 side,p171,p171,z,-2796.1,,mm,false
2,SSAT AL,fiducial,ILIS -1 side,ILIS -1 side,p172,p172,x,2177.1,,mm,false
2,SSAT AL,fiducial,ILIS -1 side,ILIS -1 side,p172,p172,y,-382.4,,mm,false
2,SSAT AL,fiducial,ILIS -1 side,ILIS -1 side,p172,p172,z,2177.5,,mm,false
2,SSAT AL,fiducial,ILIS -1 side,ILIS -1 side,p173,p173,x,2177.0,,mm,false
2,SSAT AL,fiducial,ILIS -1 side,ILIS -1 side,p173,p173,y,-382.2,,mm,false
2,SSAT AL,fiducial,ILIS -1 side,ILIS -1 side,p173,p173,z,-212.5,,mm,false
2,SSAT AL,fiducial,ILIS -1 side,ILIS -1 side,p174,p174,x,2176.9,,mm,false
2,SSAT AL,fiducial,ILIS -1 side,ILIS -1 side,p174,p174,y,-382.4,,mm,false
2,SSAT AL,fiducial,ILIS -1 side,ILIS -1 side,p174,p174,z,3212.4,,mm,false
2,SSAT AL,fiducial,ILIS -1 side,ILIS -1 side,p175,p175,x,2176.7,,mm,false
2,SSAT AL,fiducial,ILIS -1 side,ILIS -1 side,p175,p175,y,-382.3,,mm,false
2,SSAT AL,fiducial,ILIS -1 side,ILIS -1 side,p175,p175,z,814.1,,mm,false
2,SSAT AL,fiducial,ILIS -1 side,ILIS -1 side,p176,p176,x,2176.8,,mm,false
2,SSAT AL,fiducial,ILIS -1 side,ILIS -1 side,p176,p176,y,-382.4,,mm,false
2,SSAT AL,fiducial,ILIS -1 side,ILIS -1 side,p176,p176,z,3483.7,,mm,false
2,SSAT AL,fiducial,ILIS -1 side,ILIS -1 side,p177,p177,x,2176.2,,mm,false
2,SSAT AL,fiducial,ILIS -1 side,ILIS -1 side,p177,p177,y,-382.2,,mm,false
2,SSAT AL,fiducial,ILIS -1 side,ILIS -1 side,p177,p177,z,1491.3,,mm,false
2,SSAT AL,fiducial,ILIS -1 side,ILIS -1 side,p178,p178,x,2175.8,,mm,false
2,SSAT AL,fiducial,ILIS -1 side,ILIS -1 side,p178,p178,y,-382.0,,mm,false
2,SSAT AL,fiducial,ILIS -1 side,ILIS -1 side,p178,p178,z,487.0,,mm,false
2,SSAT AL,fiducial,ILIS -1 side,ILIS -1 side,p179,p179,x,2174.5,,mm,false
2,SSAT AL,fiducial,ILIS -1 side,ILIS -1 side,p179,p179,y,-381.9,,mm,false
2,SSAT AL,fiducial,ILIS -1 side,ILIS -1 side,p179,p179,z,-1447.9,,mm,false
2,SSAT AL,fiducial,ILIS -1 side,ILIS -1 side,p180,p180,x,2175.6,,mm,false
2,SSAT AL,fiducial,ILIS -1 side,ILIS -1 side,p180,p180,y,-382.0,,mm,false
2,SSAT AL,fiducial,ILIS -1 side,ILIS -1 side,p180,p180,z,252.1,,mm,false
2,SSAT AL,fiducial,ILIS -1 side,ILIS -1 side,p181,p181,x,2174.2,,mm,false
2,SSAT AL,fiducial,ILIS -1 side,ILIS -1 side,p181,p181,y,-381.9,,mm,false
2,SSAT AL,fiducial,ILIS -1 side,ILIS -1 side,p181,p181,z,2553.1,,mm,false
2,SSAT AL,fiducial,ILIS -1 side,ILIS -1 side,p182,p182,x,2173.0,,mm,false
2,SSAT AL,fiducial,ILIS -1 side,ILIS -1 side,p182,p182,y,-381.6,,mm,false
2,SSAT AL,fiducial,ILIS -1 side,ILIS -1 side,p182,p182,z,-2531.2,,mm,false
2,SSAT AL,fiducial,ILIS -1 side,ILIS -1 side,p183,p183,x,2172.3,,mm,false
2,SSAT AL,fiducial,ILIS -1 side,ILIS -1 side,p183,p183,y,-381.5,,mm,false
2,SSAT AL,fiducial,ILIS -1 side,ILIS -1 side,p183,p183,z,551.6,,mm,false
2,SSAT AL,fiducial,ILIS -1 side,ILIS -1 side,p184,p184,x,2170.4,,mm,false
2,SSAT AL,fiducial,ILIS -1 side,ILIS -1 side,p184,p184,y,-381.1,,mm,false
2,SSAT AL,fiducial,ILIS -1 side,ILIS -1 side,p184,p184,z,-456.7,,mm,false
3,SSAT AL,fiducial,CCL,CCL,A,A,x,2714.233234066564,0.4,mm,false
3,SSAT AL,fiducial,CCL,CCL,A,A,y,-0.5186610323210363,0.4,mm,false
3,SSAT AL,fiducial,CCL,CCL,A,A,z,-3700.1755887445534,0.4,mm,false
3,SSAT AL,fiducial,CCL,CCL,B,B,x,2713.4388868446667,0.4,mm,false
3,SSAT AL,fiducial,CCL,CCL,B,B,y,0.4382780681497812,0.4,mm,false
3,SSAT AL,fiducial,CCL,CCL,B,B,z,3700.11941815736,0.4,mm,false
3,SSAT AL,fiducial,CCL,CCL,C,C,x,5333.597034967739,0.8,mm,false
3,SSAT AL,fiducial,CCL,CCL,C,C,y,1.8082935265192779,0.8,mm,false
3,SSAT AL,fiducial,CCL,CCL,C,C,z,6298.017977563103,0.8,mm,false
3,SSAT AL,fiducial,CCL,CCL,D,D,x,8977.330431258975,1.1,mm,false
3,SSAT AL,fiducial,CCL,CCL,D,D,y,0.6878351731365461,1.1,mm,false
3,SSAT AL,fiducial,CCL,CCL,D,D,z,4435.629339146076,1.1,mm,false
3,SSAT AL,fiducial,CCL,CCL,E,E,x,9584.320888180031,0.4,mm,false
3,SSAT AL,fiducial,CCL,CCL,E,E,y,0.2504761072526911,0.4,mm,false
3,SSAT AL,fiducial,CCL,CCL,E,E,z,-3694.8266834209194,0.4,mm,false
3,SSAT AL,fiducial,CCL,CCL,F,F',x,4284.757194110912,1.1,mm,false
3,SSAT AL,fiducial,CCL,CCL,F,F',y,0.0667531050051009,1.1,mm,false
3,SSAT AL,fiducial,CCL,CCL,F,F',z,-6134.704750794256,1.1,mm,false
3,SSAT AL,fiducial,CCL,CCL,G,G,x,10728.10609754514,0.4,mm,false
3,SSAT AL,fiducial,CCL,CCL,G,G,y,0.58659048593996,0.4,mm,false
3,SSAT AL,fiducial,CCL,CCL,G,G,z,-0.46668182288238336,0.4,mm,false
3,SSAT AL,fiducial,CCL,CCL,H,H,x,2714.81614661485,0.4,mm,false
3,SSAT AL,fiducial,CCL,CCL,H,H,y,-0.8175764982265774,0.4,mm,false
3,SSAT AL,fiducial,CCL,CCL,H,H,z,0.12442625550873748,0.4,mm,false
3,SSAT AL,fiducial,Fiducial,Fiducial,TFC03-B1-AU,TFC03-B1-AU,x,2153.5,,mm,false
3,SSAT AL,fiducial,Fiducial,Fiducial,TFC03-B1-AU,TFC03-B1-AU,y,-1.0,,mm,false
3,SSAT AL,fiducial,Fiducial,Fiducial,TFC03-B1-AU,TFC03-B1-AU,z,3699.7,,mm,false
3,SSAT AL,fiducial,Fiducial,Fiducial,TFC03-H1-AU,TFC03-H1-AU,x,2154.1,,mm,false
3,SSAT AL,fiducial,Fiducial,Fiducial,TFC03-H1-AU,TFC03-H1-AU,y,-1.0,,mm,false
3,SSAT AL,fiducial,Fiducial,Fiducial,TFC03-H1-AU,TFC03-H1-AU,z,-0.3,,mm,false
3,SSAT AL,fiducial,Fiducial,Fiducial,TFC03-A1-AU,TFC03-A1-AU,x,2154.2,,mm,false
3,SSAT AL,fiducial,Fiducial,Fiducial,TFC03-A1-AU,TFC03-A1-AU,y,-0.7,,mm,false
3,SSAT AL,fiducial,Fiducial,Fiducial,TFC03-A1-AU,TFC03-A1-AU,z,-3700.3,,mm,false
3,SSAT AL,fiducial,Fiducial,Fiducial,TFC03-P16-IOIS,TFC03-P16-IOIS,x,9865.8,,mm,false
3,SSAT AL,fiducial,Fiducial,Fiducial,TFC03-P16-IOIS,TFC03-P16-IOIS,y,1772.1,,mm,false
3,SSAT AL,fiducial,Fiducial,Fiducial,TFC03-P16-IOIS,TFC03-P16-IOIS,z,-2998.4,,mm,false
3,SSAT AL,fiducial,Fiducial,Fiducial,TFC03-P15-IOIS,TFC03-P15-IOIS,x,10481.9,,mm,false
3,SSAT AL,fiducial,Fiducial,Fiducial,TFC03-P15-IOIS,TFC03-P15-IOIS,y,1881.2,,mm,false
3,SSAT AL,fiducial,Fiducial,Fiducial,TFC03-P15-IOIS,TFC03-P15-IOIS,z,-1247.9,,mm,false
3,SSAT AL,fiducial,Fiducial,Fiducial,TFC03-P14-IOIS,TFC03-P14-IOIS,x,10099.5,,mm,false
3,SSAT AL,fiducial,Fiducial,Fiducial,TFC03-P14-IOIS,TFC03-P14-IOIS,y,1813.5,,mm,false
3,SSAT AL,fiducial,Fiducial,Fiducial,TFC03-P14-IOIS,TFC03-P14-IOIS,z,2375.1,,mm,false
3,SSAT AL,fiducial,Fiducial,Fiducial,TFC03-P13-IOIS,TFC03-P13-IOIS,x,9295.2,,mm,false
3,SSAT AL,fiducial,Fiducial,Fiducial,TFC03-P13-IOIS,TFC03-P13-IOIS,y,1671.4,,mm,false
3,SSAT AL,fiducial,Fiducial,Fiducial,TFC03-P13-IOIS,TFC03-P13-IOIS,z,3878.8,,mm,false
3,SSAT AL,fiducial,Fiducial,Fiducial,TFC03-A2-AU,TFC03-A2-AU,x,2710.8,,mm,false
3,SSAT AL,fiducial,Fiducial,Fiducial,TFC03-A2-AU,TFC03-A2-AU,y,510.8,,mm,false
3,SSAT AL,fiducial,Fiducial,Fiducial,TFC03-A2-AU,TFC03-A2-AU,z,-3700.0,,mm,false
3,SSAT AL,fiducial,Fiducial,Fiducial,TFC03-H2-AU,TFC03-H2-AU,x,2710.4,,mm,false
3,SSAT AL,fiducial,Fiducial,Fiducial,TFC03-H2-AU,TFC03-H2-AU,y,511.5,,mm,false
3,SSAT AL,fiducial,Fiducial,Fiducial,TFC03-H2-AU,TFC03-H2-AU,z,-0.3,,mm,false
3,SSAT AL,fiducial,Fiducial,Fiducial,TFC03-B2-AU,TFC03-B2-AU,x,2710.1,,mm,false
3,SSAT AL,fiducial,Fiducial,Fiducial,TFC03-B2-AU,TFC03-B2-AU,y,510.5,,mm,false
3,SSAT AL,fiducial,Fiducial,Fiducial,TFC03-B2-AU,TFC03-B2-AU,z,3699.4,,mm,false
3,SSAT AL,fiducial,Fiducial,Fiducial,TFC03-P4-OIS,TFC03-P4-OIS,x,5991.5,,mm,false
3,SSAT AL,fiducial,Fiducial,Fiducial,TFC03-P4-OIS,TFC03-P4-OIS,y,1091.9,,mm,false
3,SSAT AL,fiducial,Fiducial,Fiducial,TFC03-P4-OIS,TFC03-P4-OIS,z,-6122.6,,mm,false
3,SSAT AL,fiducial,Fiducial,Fiducial,TFC03-P1-OIS,TFC03-P1-OIS,x,5989.6,,mm,false
3,SSAT AL,fiducial,Fiducial,Fiducial,TFC03-P1-OIS,TFC03-P1-OIS,y,1087.8,,mm,false
3,SSAT AL,fiducial,Fiducial,Fiducial,TFC03-P1-OIS,TFC03-P1-OIS,z,6588.7,,mm,false
3,SSAT AL,fiducial,Fiducial,Fiducial,TFC03-P3-OIS,TFC03-P3-OIS,x,5988.7,,mm,false
3,SSAT AL,fiducial,Fiducial,Fiducial,TFC03-P3-OIS,TFC03-P3-OIS,y,1092.2,,mm,false
3,SSAT AL,fiducial,Fiducial,Fiducial,TFC03-P3-OIS,TFC03-P3-OIS,z,6116.6,,mm,false
3,SSAT AL,fiducial,Fiducial,Fiducial,TFC03-G2-BU,TFC03-G2-BU,x,10727.8,,mm,false
3,SSAT AL,fiducial,Fiducial,Fiducial,TFC03-G2-BU,TFC03-G2-BU,y,562.2,,mm,false
3,SSAT AL,fiducial,Fiducial,Fiducial,TFC03-G2-BU,TFC03-G2-BU,z,-1.7,,mm,false
3,SSAT AL,fiducial,Fiducial,Fiducial,TFC03-P4-IIS,TFC03-P4-IIS,x,3438.8,,mm,false
3,SSAT AL,fiducial,Fiducial,Fiducial,TFC03-P4-IIS,TFC03-P4-IIS,y,641.0,,mm,false
3,SSAT AL,fiducial,Fiducial,Fiducial,TFC03-P4-IIS,TFC03-P4-IIS,z,5705.3,,mm,false
3,SSAT AL,fiducial,Fiducial,Fiducial,TFC_IOIS_09,TFC_IOIS_09,x,10588.2,,mm,false
3,SSAT AL,fiducial,Fiducial,Fiducial,TFC_IOIS_09,TFC_IOIS_09,y,1791.0,,mm,false
3,SSAT AL,fiducial,Fiducial,Fiducial,TFC_IOIS_09,TFC_IOIS_09,z,-1260.7,,mm,false
3,SSAT AL,fiducial,Fiducial,Fiducial,TFC_IOIS_08,TFC_IOIS_08,x,10275.5,,mm,false
3,SSAT AL,fiducial,Fiducial,Fiducial,TFC_IOIS_08,TFC_IOIS_08,y,1370.6,,mm,false
3,SSAT AL,fiducial,Fiducial,Fiducial,TFC_IOIS_08,TFC_IOIS_08,z,-2325.4,,mm,false
3,SSAT AL,fiducial,Fiducial,Fiducial,TFC_IOIS_07,TFC_IOIS_07,x,9980.8,,mm,false
3,SSAT AL,fiducial,Fiducial,Fiducial,TFC_IOIS_07,TFC_IOIS_07,y,1696.6,,mm,false
3,SSAT AL,fiducial,Fiducial,Fiducial,TFC_IOIS_07,TFC_IOIS_07,z,-2977.3,,mm,false
3,SSAT AL,fiducial,Fiducial,Fiducial,TFC_LW_XBEAM_1,TFC_LW_XBEAM_1,x,10694.2,,mm,false
3,SSAT AL,fiducial,Fiducial,Fiducial,TFC_LW_XBEAM_1,TFC_LW_XBEAM_1,y,-1740.9,,mm,false
3,SSAT AL,fiducial,Fiducial,Fiducial,TFC_LW_XBEAM_1,TFC_LW_XBEAM_1,z,-1335.9,,mm,false
3,SSAT AL,fiducial,Fiducial,Fiducial,TFC03-LEG9,TFC03-LEG9,x,11215.7,,mm,false
3,SSAT AL,fiducial,Fiducial,Fiducial,TFC03-LEG9,TFC03-LEG9,y,677.1,,mm,false
3,SSAT AL,fiducial,Fiducial,Fiducial,TFC03-LEG9,TFC03-LEG9,z,-4591.7,,mm,false
3,SSAT AL,fiducial,Fiducial,Fiducial,TFC03-LEG11,TFC03-LEG11,x,11074.1,,mm,false
3,SSAT AL,fiducial,Fiducial,Fiducial,TFC03-LEG11,TFC03-LEG11,y,830.3,,mm,false
3,SSAT AL,fiducial,Fiducial,Fiducial,TFC03-LEG11,TFC03-LEG11,z,-4655.8,,mm,false
3,SSAT AL,fiducial,Fiducial,Fiducial,TFC03-LEG7,TFC03-LEG7,x,11215.8,,mm,false
3,SSAT AL,fiducial,Fiducial,Fiducial,TFC03-LEG7,TFC03-LEG7,y,-667.4,,mm,false
3,SSAT AL,fiducial,Fiducial,Fiducial,TFC03-LEG7,TFC03-LEG7,z,-4577.0,,mm,false
3,SSAT AL,fiducial,Fiducial,Fiducial,TFC03-LEG8,TFC03-LEG8,x,11040.2,,mm,false
3,SSAT AL,fiducial,Fiducial,Fiducial,TFC03-LEG8,TFC03-LEG8,y,1.6,,mm,false
3,SSAT AL,fiducial,Fiducial,Fiducial,TFC03-LEG8,TFC03-LEG8,z,-3767.6,,mm,false
3,SSAT AL,fiducial,Fiducial,Fiducial,TFC03_ADDED_04,TFC03_ADDED_04,x,11038.3,,mm,false
3,SSAT AL,fiducial,Fiducial,Fiducial,TFC03_ADDED_04,TFC03_ADDED_04,y,191.7,,mm,false
3,SSAT AL,fiducial,Fiducial,Fiducial,TFC03_ADDED_04,TFC03_ADDED_04,z,-2510.4,,mm,false
3,SSAT AL,fiducial,Fiducial,Fiducial,TFC03-G1-BU,TFC03-G1-BU,x,11233.9,,mm,false
3,SSAT AL,fiducial,Fiducial,Fiducial,TFC03-G1-BU,TFC03-G1-BU,y,-0.8,,mm,false
3,SSAT AL,fiducial,Fiducial,Fiducial,TFC03-G1-BU,TFC03-G1-BU,z,-0.4,,mm,false
3,SSAT AL,fiducial,Fiducial,Fiducial,TFC_LW_XBEAM_6,TFC_LW_XBEAM_6,x,10324.1,,mm,false
3,SSAT AL,fiducial,Fiducial,Fiducial,TFC_LW_XBEAM_6,TFC_LW_XBEAM_6,y,-1500.9,,mm,false
3,SSAT AL,fiducial,Fiducial,Fiducial,TFC_LW_XBEAM_6,TFC_LW_XBEAM_6,z,-2471.2,,mm,false
3,SSAT AL,fiducial,Fiducial,Fiducial,TFC03-IOIS_LR-2,TFC03-IOIS_LR-2,x,10479.6,,mm,false
3,SSAT AL,fiducial,Fiducial,Fiducial,TFC03-IOIS_LR-2,TFC03-IOIS_LR-2,y,-1021.1,,mm,false
3,SSAT AL,fiducial,Fiducial,Fiducial,TFC03-IOIS_LR-2,TFC03-IOIS_LR-2,z,-2208.8,,mm,false
3,SSAT AL,fiducial,Fiducial,Fiducial,TFC03-IOIS_LR-1,TFC03-IOIS_LR-1,x,10780.5,,mm,false
3,SSAT AL,fiducial,Fiducial,Fiducial,TFC03-IOIS_LR-1,TFC03-IOIS_LR-1,y,-857.0,,mm,false
3,SSAT AL,fiducial,Fiducial,Fiducial,TFC03-IOIS_LR-1,TFC03-IOIS_LR-1,z,-1647.6,,mm,false
3,SSAT AL,fiducial,Fiducial,Fiducial,TFC03-IOIS_LR-4,TFC03-IOIS_LR-4,x,10907.3,,mm,false
3,SSAT AL,fiducial,Fiducial,Fiducial,TFC03-IOIS_LR-4,TFC03-IOIS_LR-4,y,-547.4,,mm,false
3,SSAT AL,fiducial,Fiducial,Fiducial,TFC03-IOIS_LR-4,TFC03-IOIS_LR-4,z,-2059.3,,mm,false
3,SSAT AL,fiducial,Fiducial,Fiducial,TFC03-IOIS_LR-3,TFC03-IOIS_LR-3,x,10186.9,,mm,false
3,SSAT AL,fiducial,Fiducial,Fiducial,TFC03-IOIS_LR-3,TFC03-IOIS_LR-3,y,-973.6,,mm,false
3,SSAT AL,fiducial,Fiducial,Fiducial,TFC03-IOIS_LR-3,TFC03-IOIS_LR-3,z,-3060.3,,mm,false
3,SSAT AL,fiducial,Fiducial,Fiducial,TFC_LW_XBEAM_10,TFC_LW_XBEAM_10,x,11725.4,,mm,false
3,SSAT AL,fiducial,Fiducial,Fiducial,TFC_LW_XBEAM_10,TFC_LW_XBEAM_10,y,25.3,,mm,false
3,SSAT AL,fiducial,Fiducial,Fiducial,TFC_LW_XBEAM_10,TFC_LW_XBEAM_10,z,-1642.1,,mm,false
3,SSAT AL,fiducial,Fiducial,Fiducial,TFC03-LEG12,TFC03-LEG12,x,9955.4,,mm,false
3,SSAT AL,fiducial,Fiducial,Fiducial,TFC03-LEG12,TFC03-LEG12,y,829.1,,mm,false
3,SSAT AL,fiducial,Fiducial,Fiducial,TFC03-LEG12,TFC03-LEG12,z,-4624.0,,mm,false
3,SSAT AL,fiducial,Fiducial,Fiducial,TF03_N02,TF03_N02,x,9955.4,,mm,false
3,SSAT AL,fiducial,Fiducial,Fiducial,TF03_N02,TF03_N02,y,829.1,,mm,false
3,SSAT AL,fiducial,Fiducial,Fiducial,TF03_N02,TF03_N02,z,-4623.9,,mm,false
3,SSAT AL,fiducial,Fiducial,Fiducial,TF03_N05,TF03_N05,x,11215.8,,mm,false
3,SSAT AL,fiducial,Fiducial,Fiducial,TF03_N05,TF03_N05,y,-667.4,,mm,false
3,SSAT AL,fiducial,Fiducial,Fiducial,TF03_N05,TF03_N05,z,-4576.9,,mm,false
3,SSAT AL,fiducial,Fiducial,Fiducial,TFC03-LEG1,TFC03-LEG1,x,10103.8,,mm,false
3,SSAT AL,fiducial,Fiducial,Fiducial,TFC03-LEG1,TFC03-LEG1,y,-548.2,,mm,false
3,SSAT AL,fiducial,Fiducial,Fiducial,TFC03-LEG1,TFC03-LEG1,z,-4366.3,,mm,false
3,SSAT AL,fiducial,Fiducial,Fiducial,TFC03-LEG5,TFC03-LEG5,x,10911.7,,mm,false
3,SSAT AL,fiducial,Fiducial,Fiducial,TFC03-LEG5,TFC03-LEG5,y,-548.2,,mm,false
3,SSAT AL,fiducial,Fiducial,Fiducial,TFC03-LEG5,TFC03-LEG5,z,-4361.1,,mm,false
3,SSAT AL,fiducial,Fiducial,Fiducial,TFC03-LEG0,TFC03-LEG0,x,10102.0,,mm,false
3,SSAT AL,fiducial,Fiducial,Fiducial,TFC03-LEG0,TFC03-LEG0,y,-548.4,,mm,false
3,SSAT AL,fiducial,Fiducial,Fiducial,TFC03-LEG0,TFC03-LEG0,z,-4149.1,,mm,false
3,SSAT AL,fiducial,Fiducial,Fiducial,TFC03-LEG4,TFC03-LEG4,x,10911.2,,mm,false
3,SSAT AL,fiducial,Fiducial,Fiducial,TFC03-LEG4,TFC03-LEG4,y,-548.3,,mm,false
3,SSAT AL,fiducial,Fiducial,Fiducial,TFC03-LEG4,TFC03-LEG4,z,-4152.5,,mm,false
3,SSAT AL,fiducial,Fiducial,Fiducial,TF03_N04,TF03_N04,x,11215.8,,mm,false
3,SSAT AL,fiducial,Fiducial,Fiducial,TF03_N04,TF03_N04,y,677.1,,mm,false
3,SSAT AL,fiducial,Fiducial,Fiducial,TF03_N04,TF03_N04,z,-4591.7,,mm,false
3,SSAT AL,fiducial,Fiducial,Fiducial,TF03_N09,TF03_N09,x,11040.2,,mm,false
3,SSAT AL,fiducial,Fiducial,Fiducial,TF03_N09,TF03_N09,y,1.6,,mm,false
3,SSAT AL,fiducial,Fiducial,Fiducial,TF03_N09,TF03_N09,z,-3767.6,,mm,false
3,SSAT AL,fiducial,Fiducial,Fiducial,TFC03-LEG6,TFC03-LEG6,x,10521.1,,mm,false
3,SSAT AL,fiducial,Fiducial,Fiducial,TFC03-LEG6,TFC03-LEG6,y,-548.3,,mm,false
3,SSAT AL,fiducial,Fiducial,Fiducial,TFC03-LEG6,TFC03-LEG6,z,-3801.6,,mm,false
3,SSAT AL,fiducial,Fiducial,Fiducial,TFC03-LEG2,TFC03-LEG2,x,9955.9,,mm,false
3,SSAT AL,fiducial,Fiducial,Fiducial,TFC03-LEG2,TFC03-LEG2,y,-830.0,,mm,false
3,SSAT AL,fiducial,Fiducial,Fiducial,TFC03-LEG2,TFC03-LEG2,z,-4694.6,,mm,false
3,SSAT AL,fiducial,Fiducial,Fiducial,TFC03-LEG3,TFC03-LEG3,x,11077.2,,mm,false
3,SSAT AL,fiducial,Fiducial,Fiducial,TFC03-LEG3,TFC03-LEG3,y,-828.8,,mm,false
3,SSAT AL,fiducial,Fiducial,Fiducial,TFC03-LEG3,TFC03-LEG3,z,-4678.1,,mm,false
3,SSAT AL,fiducial,Fiducial,Fiducial,TF03_N08,TF03_N08,x,10521.1,,mm,false
3,SSAT AL,fiducial,Fiducial,Fiducial,TF03_N08,TF03_N08,y,-548.3,,mm,false
3,SSAT AL,fiducial,Fiducial,Fiducial,TF03_N08,TF03_N08,z,-3801.6,,mm,false
3,SSAT AL,fiducial,Fiducial,Fiducial,TFC03-E2-BU,TFC03-E2-BU,x,9105.5,,mm,false
3,SSAT AL,fiducial,Fiducial,Fiducial,TFC03-E2-BU,TFC03-E2-BU,y,563.0,,mm,false
3,SSAT AL,fiducial,Fiducial,Fiducial,TFC03-E2-BU,TFC03-E2-BU,z,-4313.6,,mm,false
3,SSAT AL,fiducial,Fiducial,Fiducial,TFC03-P2-OIS,TFC03-P2-OIS,x,7538.3,,mm,false
3,SSAT AL,fiducial,Fiducial,Fiducial,TFC03-P2-OIS,TFC03-P2-OIS,y,1367.8,,mm,false
3,SSAT AL,fiducial,Fiducial,Fiducial,TFC03-P2-OIS,TFC03-P2-OIS,z,6354.2,,mm,false
3,SSAT AL,fiducial,Fiducial,Fiducial,LinkCB1,LinkCB1,x,10588.3,,mm,false
3,SSAT AL,fiducial,Fiducial,Fiducial,LinkCB1,LinkCB1,y,1791.0,,mm,false
3,SSAT AL,fiducial,Fiducial,Fiducial,LinkCB1,LinkCB1,z,-1260.7,,mm,false
3,SSAT AL,fiducial,Fiducial,Fiducial,LinkCB2,LinkCB2,x,10275.5,,mm,false
3,SSAT AL,fiducial,Fiducial,Fiducial,LinkCB2,LinkCB2,y,1370.6,,mm,false
3,SSAT AL,fiducial,Fiducial,Fiducial,LinkCB2,LinkCB2,z,-2325.4,,mm,false
3,SSAT AL,fiducial,Fiducial,Fiducial,LinkCB3,LinkCB3,x,9980.8,,mm,false
3,SSAT AL,fiducial,Fiducial,Fiducial,LinkCB3,LinkCB3,y,1696.7,,mm,false
3,SSAT AL,fiducial,Fiducial,Fiducial,LinkCB3,LinkCB3,z,-2977.4,,mm,false
3,SSAT AL,fiducial,Fiducial,Fiducial,TFC03-H1-AU,TFC03-H1-AU,x,2154.0,,mm,false
3,SSAT AL,fiducial,Fiducial,Fiducial,TFC03-H1-AU,TFC03-H1-AU,y,-1.0,,mm,false
3,SSAT AL,fiducial,Fiducial,Fiducial,TFC03-H1-AU,TFC03-H1-AU,z,-0.3,,mm,false
3,SSAT AL,fiducial,Fiducial,Fiducial,TF03_X1,TF03_X1,x,10930.6,,mm,false
3,SSAT AL,fiducial,Fiducial,Fiducial,TF03_X1,TF03_X1,y,549.8,,mm,false
3,SSAT AL,fiducial,Fiducial,Fiducial,TF03_X1,TF03_X1,z,-4302.6,,mm,false
3,SSAT AL,fiducial,Fiducial,Fiducial,TF03_X2,TF03_X2,x,10065.2,,mm,false
3,SSAT AL,fiducial,Fiducial,Fiducial,TF03_X2,TF03_X2,y,548.5,,mm,false
3,SSAT AL,fiducial,Fiducial,Fiducial,TF03_X2,TF03_X2,z,-4310.4,,mm,false
3,SSAT AL,fiducial,Fiducial,Fiducial,TF03_N06,TF03_N06,x,11077.2,,mm,false
3,SSAT AL,fiducial,Fiducial,Fiducial,TF03_N06,TF03_N06,y,-828.8,,mm,false
3,SSAT AL,fiducial,Fiducial,Fiducial,TF03_N06,TF03_N06,z,-4678.2,,mm,false
3,SSAT AL,fiducial,Fiducial,Fiducial,TFC_XB_ADDED_8,TFC_XB_ADDED_8,x,10324.1,,mm,false
3,SSAT AL,fiducial,Fiducial,Fiducial,TFC_XB_ADDED_8,TFC_XB_ADDED_8,y,-1500.8,,mm,false
3,SSAT AL,fiducial,Fiducial,Fiducial,TFC_XB_ADDED_8,TFC_XB_ADDED_8,z,-2471.2,,mm,false
3,SSAT AL,fiducial,Fiducial,Fiducial,TFC_XB_ADDED_12,TFC_XB_ADDED_12,x,9886.9,,mm,false
3,SSAT AL,fiducial,Fiducial,Fiducial,TFC_XB_ADDED_12,TFC_XB_ADDED_12,y,1766.1,,mm,false
3,SSAT AL,fiducial,Fiducial,Fiducial,TFC_XB_ADDED_12,TFC_XB_ADDED_12,z,-2984.2,,mm,false
3,SSAT AL,fiducial,Fiducial,Fiducial,TFC_XB_UPP_ADDED_10,TFC_XB_UPP_ADDED_10,x,10136.3,,mm,false
3,SSAT AL,fiducial,Fiducial,Fiducial,TFC_XB_UPP_ADDED_10,TFC_XB_UPP_ADDED_10,y,-969.7,,mm,false
3,SSAT AL,fiducial,Fiducial,Fiducial,TFC_XB_UPP_ADDED_10,TFC_XB_UPP_ADDED_10,z,3014.2,,mm,false
3,SSAT AL,fiducial,Fiducial,Fiducial,TFC_XB_UPP_ADDED_11,TFC_XB_UPP_ADDED_11,x,10029.1,,mm,false
3,SSAT AL,fiducial,Fiducial,Fiducial,TFC_XB_UPP_ADDED_11,TFC_XB_UPP_ADDED_11,y,-929.7,,mm,false
3,SSAT AL,fiducial,Fiducial,Fiducial,TFC_XB_UPP_ADDED_11,TFC_XB_UPP_ADDED_11,z,3250.4,,mm,false
3,SSAT AL,fiducial,Fiducial,Fiducial,TFC_XB_UPP_ADDED_12,TFC_XB_UPP_ADDED_12,x,9866.0,,mm,false
3,SSAT AL,fiducial,Fiducial,Fiducial,TFC_XB_UPP_ADDED_12,TFC_XB_UPP_ADDED_12,y,-750.0,,mm,false
3,SSAT AL,fiducial,Fiducial,Fiducial,TFC_XB_UPP_ADDED_12,TFC_XB_UPP_ADDED_12,z,3786.4,,mm,false
3,SSAT AL,fiducial,Fiducial,Fiducial,TFC_XB_UPP_ADDED_13,TFC_XB_UPP_ADDED_13,x,11194.0,,mm,false
3,SSAT AL,fiducial,Fiducial,Fiducial,TFC_XB_UPP_ADDED_13,TFC_XB_UPP_ADDED_13,y,528.5,,mm,false
3,SSAT AL,fiducial,Fiducial,Fiducial,TFC_XB_UPP_ADDED_13,TFC_XB_UPP_ADDED_13,z,3347.5,,mm,false
3,SSAT AL,fiducial,Fiducial,Fiducial,TFC_XB_UPP_ADDED_14,TFC_XB_UPP_ADDED_14,x,11193.6,,mm,false
3,SSAT AL,fiducial,Fiducial,Fiducial,TFC_XB_UPP_ADDED_14,TFC_XB_UPP_ADDED_14,y,540.9,,mm,false
3,SSAT AL,fiducial,Fiducial,Fiducial,TFC_XB_UPP_ADDED_14,TFC_XB_UPP_ADDED_14,z,2834.3,,mm,false
3,SSAT AL,fiducial,Fiducial,Fiducial,TFC_XB_UPP_ADDED_15,TFC_XB_UPP_ADDED_15,x,11193.4,,mm,false
3,SSAT AL,fiducial,Fiducial,Fiducial,TFC_XB_UPP_ADDED_15,TFC_XB_UPP_ADDED_15,y,-397.0,,mm,false
3,SSAT AL,fiducial,Fiducial,Fiducial,TFC_XB_UPP_ADDED_15,TFC_XB_UPP_ADDED_15,z,3338.6,,mm,false
3,SSAT AL,fiducial,Fiducial,Fiducial,TFC_XB_UPP_ADDED_16,TFC_XB_UPP_ADDED_16,x,11192.9,,mm,false
3,SSAT AL,fiducial,Fiducial,Fiducial,TFC_XB_UPP_ADDED_16,TFC_XB_UPP_ADDED_16,y,-399.3,,mm,false
3,SSAT AL,fiducial,Fiducial,Fiducial,TFC_XB_UPP_ADDED_16,TFC_XB_UPP_ADDED_16,z,2754.5,,mm,false
3,SSAT AL,fiducial,Fiducial,Fiducial,VVTS_UPP_02,VVTS_UPP_02,x,10430.2,,mm,false
3,SSAT AL,fiducial,Fiducial,Fiducial,VVTS_UPP_02,VVTS_UPP_02,y,-1706.3,,mm,false
3,SSAT AL,fiducial,Fiducial,Fiducial,VVTS_UPP_02,VVTS_UPP_02,z,4291.1,,mm,false
3,SSAT AL,fiducial,Fiducial,Fiducial,VV_UPP_02,VV_UPP_02,x,10598.3,,mm,false
3,SSAT AL,fiducial,Fiducial,Fiducial,VV_UPP_02,VV_UPP_02,y,-1471.0,,mm,false
3,SSAT AL,fiducial,Fiducial,Fiducial,VV_UPP_02,VV_UPP_02,z,4431.2,,mm,false
3,SSAT AL,fiducial,Fiducial,Fiducial,VVTS_UPP_03,VVTS_UPP_03,x,10559.0,,mm,false
3,SSAT AL,fiducial,Fiducial,Fiducial,VVTS_UPP_03,VVTS_UPP_03,y,-949.0,,mm,false
3,SSAT AL,fiducial,Fiducial,Fiducial,VVTS_UPP_03,VVTS_UPP_03,z,4295.3,,mm,false
3,SSAT AL,fiducial,Fiducial,Fiducial,TFC_1,TFC_1,x,9373.4,,mm,false
3,SSAT AL,fiducial,Fiducial,Fiducial,TFC_1,TFC_1,y,1579.3,,mm,false
3,SSAT AL,fiducial,Fiducial,Fiducial,TFC_1,TFC_1,z,3950.2,,mm,false
3,SSAT AL,fiducial,Fiducial,Fiducial,Upper CB Rename,Upper CB Rename,x,10227.9,,mm,false
3,SSAT AL,fiducial,Fiducial,Fiducial,Upper CB Rename,Upper CB Rename,y,1737.3,,mm,false
3,SSAT AL,fiducial,Fiducial,Fiducial,Upper CB Rename,Upper CB Rename,z,2403.9,,mm,false
3,SSAT AL,fiducial,ILIS +1 side,ILIS +1 side,p1,p1,x,2571.6,,mm,false
3,SSAT AL,fiducial,ILIS +1 side,ILIS +1 side,p1,p1,y,451.6,,mm,false
3,SSAT AL,fiducial,ILIS +1 side,ILIS +1 side,p1,p1,z,-4404.2,,mm,false
3,SSAT AL,fiducial,ILIS +1 side,ILIS +1 side,p2,p2,x,2421.0,,mm,false
3,SSAT AL,fiducial,ILIS +1 side,ILIS +1 side,p2,p2,y,425.0,,mm,false
3,SSAT AL,fiducial,ILIS +1 side,ILIS +1 side,p2,p2,z,-4412.7,,mm,false
3,SSAT AL,fiducial,ILIS +1 side,ILIS +1 side,p3,p3,x,2269.7,,mm,false
3,SSAT AL,fiducial,ILIS +1 side,ILIS +1 side,p3,p3,y,398.2,,mm,false
3,SSAT AL,fiducial,ILIS +1 side,ILIS +1 side,p3,p3,z,-4417.0,,mm,false
3,SSAT AL,fiducial,ILIS +1 side,ILIS +1 side,p4,p4,x,2242.8,,mm,false
3,SSAT AL,fiducial,ILIS +1 side,ILIS +1 side,p4,p4,y,393.4,,mm,false
3,SSAT AL,fiducial,ILIS +1 side,ILIS +1 side,p4,p4,z,-4238.6,,mm,false
3,SSAT AL,fiducial,ILIS +1 side,ILIS +1 side,p5,p5,x,2408.0,,mm,false
3,SSAT AL,fiducial,ILIS +1 side,ILIS +1 side,p5,p5,y,422.7,,mm,false
3,SSAT AL,fiducial,ILIS +1 side,ILIS +1 side,p5,p5,z,-4233.7,,mm,false
3,SSAT AL,fiducial,ILIS +1 side,ILIS +1 side,p6,p6,x,2573.8,,mm,false
3,SSAT AL,fiducial,ILIS +1 side,ILIS +1 side,p6,p6,y,452.0,,mm,false
3,SSAT AL,fiducial,ILIS +1 side,ILIS +1 side,p6,p6,z,-4211.3,,mm,false
3,SSAT AL,fiducial,ILIS +1 side,ILIS +1 side,p7,p7,x,2568.3,,mm,false
3,SSAT AL,fiducial,ILIS +1 side,ILIS +1 side,p7,p7,y,451.0,,mm,false
3,SSAT AL,fiducial,ILIS +1 side,ILIS +1 side,p7,p7,z,-4015.1,,mm,false
3,SSAT AL,fiducial,ILIS +1 side,ILIS +1 side,p8,p8,x,2369.2,,mm,false
3,SSAT AL,fiducial,ILIS +1 side,ILIS +1 side,p8,p8,y,415.9,,mm,false
3,SSAT AL,fiducial,ILIS +1 side,ILIS +1 side,p8,p8,z,-4015.0,,mm,false
3,SSAT AL,fiducial,ILIS +1 side,ILIS +1 side,p9,p9,x,2227.3,,mm,false
3,SSAT AL,fiducial,ILIS +1 side,ILIS +1 side,p9,p9,y,390.7,,mm,false
3,SSAT AL,fiducial,ILIS +1 side,ILIS +1 side,p9,p9,z,-4046.7,,mm,false
3,SSAT AL,fiducial,ILIS +1 side,ILIS +1 side,p10,p10,x,2640.7,,mm,false
3,SSAT AL,fiducial,ILIS +1 side,ILIS +1 side,p10,p10,y,463.8,,mm,false
3,SSAT AL,fiducial,ILIS +1 side,ILIS +1 side,p10,p10,z,-4016.2,,mm,false
3,SSAT AL,fiducial,ILIS +1 side,ILIS +1 side,p11,p11,x,2790.5,,mm,false
3,SSAT AL,fiducial,ILIS +1 side,ILIS +1 side,p11,p11,y,490.2,,mm,false
3,SSAT AL,fiducial,ILIS +1 side,ILIS +1 side,p11,p11,z,-4016.0,,mm,false
3,SSAT AL,fiducial,ILIS +1 side,ILIS +1 side,p12,p12,x,3009.9,,mm,false
3,SSAT AL,fiducial,ILIS +1 side,ILIS +1 side,p12,p12,y,528.9,,mm,false
3,SSAT AL,fiducial,ILIS +1 side,ILIS +1 side,p12,p12,z,-4014.0,,mm,false
3,SSAT AL,fiducial,ILIS +1 side,ILIS +1 side,p13,p13,x,3009.0,,mm,false
3,SSAT AL,fiducial,ILIS +1 side,ILIS +1 side,p13,p13,y,528.7,,mm,false
3,SSAT AL,fiducial,ILIS +1 side,ILIS +1 side,p13,p13,z,-4192.4,,mm,false
3,SSAT AL,fiducial,ILIS +1 side,ILIS +1 side,p14,p14,x,2802.9,,mm,false
3,SSAT AL,fiducial,ILIS +1 side,ILIS +1 side,p14,p14,y,492.3,,mm,false
3,SSAT AL,fiducial,ILIS +1 side,ILIS +1 side,p14,p14,z,-4206.9,,mm,false
3,SSAT AL,fiducial,ILIS +1 side,ILIS +1 side,p15,p15,x,2651.0,,mm,false
3,SSAT AL,fiducial,ILIS +1 side,ILIS +1 side,p15,p15,y,465.6,,mm,false
3,SSAT AL,fiducial,ILIS +1 side,ILIS +1 side,p15,p15,z,-4199.0,,mm,false
3,SSAT AL,fiducial,ILIS +1 side,ILIS +1 side,p16,p16,x,2660.3,,mm,false
3,SSAT AL,fiducial,ILIS +1 side,ILIS +1 side,p16,p16,y,467.2,,mm,false
3,SSAT AL,fiducial,ILIS +1 side,ILIS +1 side,p16,p16,z,-4403.2,,mm,false
3,SSAT AL,fiducial,ILIS +1 side,ILIS +1 side,p17,p17,x,2815.6,,mm,false
3,SSAT AL,fiducial,ILIS +1 side,ILIS +1 side,p17,p17,y,494.6,,mm,false
3,SSAT AL,fiducial,ILIS +1 side,ILIS +1 side,p17,p17,z,-4414.4,,mm,false
3,SSAT AL,fiducial,ILIS +1 side,ILIS +1 side,p18,p18,x,2970.6,,mm,false
3,SSAT AL,fiducial,ILIS +1 side,ILIS +1 side,p18,p18,y,521.9,,mm,false
3,SSAT AL,fiducial,ILIS +1 side,ILIS +1 side,p18,p18,z,-4407.7,,mm,false
3,SSAT AL,fiducial,ILIS +1 side,ILIS +1 side,p19,p19,x,2582.3,,mm,false
3,SSAT AL,fiducial,ILIS +1 side,ILIS +1 side,p19,p19,y,453.5,,mm,false
3,SSAT AL,fiducial,ILIS +1 side,ILIS +1 side,p19,p19,z,-3964.8,,mm,false
3,SSAT AL,fiducial,ILIS +1 side,ILIS +1 side,p20,p20,x,2574.3,,mm,false
3,SSAT AL,fiducial,ILIS +1 side,ILIS +1 side,p20,p20,y,452.1,,mm,false
3,SSAT AL,fiducial,ILIS +1 side,ILIS +1 side,p20,p20,z,-3695.8,,mm,false
3,SSAT AL,fiducial,ILIS +1 side,ILIS +1 side,p21,p21,x,2580.8,,mm,false
3,SSAT AL,fiducial,ILIS +1 side,ILIS +1 side,p21,p21,y,453.2,,mm,false
3,SSAT AL,fiducial,ILIS +1 side,ILIS +1 side,p21,p21,z,-3516.5,,mm,false
3,SSAT AL,fiducial,ILIS +1 side,ILIS +1 side,p22,p22,x,2397.3,,mm,false
3,SSAT AL,fiducial,ILIS +1 side,ILIS +1 side,p22,p22,y,420.8,,mm,false
3,SSAT AL,fiducial,ILIS +1 side,ILIS +1 side,p22,p22,z,-3511.6,,mm,false
3,SSAT AL,fiducial,ILIS +1 side,ILIS +1 side,p23,p23,x,2214.5,,mm,false
3,SSAT AL,fiducial,ILIS +1 side,ILIS +1 side,p23,p23,y,388.6,,mm,false
3,SSAT AL,fiducial,ILIS +1 side,ILIS +1 side,p23,p23,z,-3514.3,,mm,false
3,SSAT AL,fiducial,ILIS +1 side,ILIS +1 side,p24,p24,x,2397.8,,mm,false
3,SSAT AL,fiducial,ILIS +1 side,ILIS +1 side,p24,p24,y,420.9,,mm,false
3,SSAT AL,fiducial,ILIS +1 side,ILIS +1 side,p24,p24,z,-3693.7,,mm,false
3,SSAT AL,fiducial,ILIS +1 side,ILIS +1 side,p25,p25,x,2425.1,,mm,false
3,SSAT AL,fiducial,ILIS +1 side,ILIS +1 side,p25,p25,y,425.7,,mm,false
3,SSAT AL,fiducial,ILIS +1 side,ILIS +1 side,p25,p25,z,-3950.3,,mm,false
3,SSAT AL,fiducial,ILIS +1 side,ILIS +1 side,p26,p26,x,2185.6,,mm,false
3,SSAT AL,fiducial,ILIS +1 side,ILIS +1 side,p26,p26,y,383.4,,mm,false
3,SSAT AL,fiducial,ILIS +1 side,ILIS +1 side,p26,p26,z,-3947.6,,mm,false
3,SSAT AL,fiducial,ILIS +1 side,ILIS +1 side,p27,p27,x,2185.9,,mm,false
3,SSAT AL,fiducial,ILIS +1 side,ILIS +1 side,p27,p27,y,383.5,,mm,false
3,SSAT AL,fiducial,ILIS +1 side,ILIS +1 side,p27,p27,z,-3731.8,,mm,false
3,SSAT AL,fiducial,ILIS +1 side,ILIS +1 side,p28,p28,x,2620.5,,mm,false
3,SSAT AL,fiducial,ILIS +1 side,ILIS +1 side,p28,p28,y,460.3,,mm,false
3,SSAT AL,fiducial,ILIS +1 side,ILIS +1 side,p28,p28,z,-3520.9,,mm,false
3,SSAT AL,fiducial,ILIS +1 side,ILIS +1 side,p29,p29,x,2802.6,,mm,false
3,SSAT AL,fiducial,ILIS +1 side,ILIS +1 side,p29,p29,y,492.4,,mm,false
3,SSAT AL,fiducial,ILIS +1 side,ILIS +1 side,p29,p29,z,-3513.8,,mm,false
3,SSAT AL,fiducial,ILIS +1 side,ILIS +1 side,p30,p30,x,3010.1,,mm,false
3,SSAT AL,fiducial,ILIS +1 side,ILIS +1 side,p30,p30,y,529.0,,mm,false
3,SSAT AL,fiducial,ILIS +1 side,ILIS +1 side,p30,p30,z,-3518.7,,mm,false
3,SSAT AL,fiducial,ILIS +1 side,ILIS +1 side,p31,p31,x,3024.2,,mm,false
3,SSAT AL,fiducial,ILIS +1 side,ILIS +1 side,p31,p31,y,531.5,,mm,false
3,SSAT AL,fiducial,ILIS +1 side,ILIS +1 side,p31,p31,z,-3756.4,,mm,false
3,SSAT AL,fiducial,ILIS +1 side,ILIS +1 side,p32,p32,x,2835.2,,mm,false
3,SSAT AL,fiducial,ILIS +1 side,ILIS +1 side,p32,p32,y,498.1,,mm,false
3,SSAT AL,fiducial,ILIS +1 side,ILIS +1 side,p32,p32,z,-3753.1,,mm,false
3,SSAT AL,fiducial,ILIS +1 side,ILIS +1 side,p33,p33,x,2626.6,,mm,false
3,SSAT AL,fiducial,ILIS +1 side,ILIS +1 side,p33,p33,y,461.3,,mm,false
3,SSAT AL,fiducial,ILIS +1 side,ILIS +1 side,p33,p33,z,-3784.0,,mm,false
3,SSAT AL,fiducial,ILIS +1 side,ILIS +1 side,p34,p34,x,2620.5,,mm,false
3,SSAT AL,fiducial,ILIS +1 side,ILIS +1 side,p34,p34,y,460.2,,mm,false
3,SSAT AL,fiducial,ILIS +1 side,ILIS +1 side,p34,p34,z,-3967.8,,mm,false
3,SSAT AL,fiducial,ILIS +1 side,ILIS +1 side,p35,p35,x,2807.5,,mm,false
3,SSAT AL,fiducial,ILIS +1 side,ILIS +1 side,p35,p35,y,493.1,,mm,false
3,SSAT AL,fiducial,ILIS +1 side,ILIS +1 side,p35,p35,z,-3973.8,,mm,false
3,SSAT AL,fiducial,ILIS +1 side,ILIS +1 side,p36,p36,x,3013.3,,mm,false
3,SSAT AL,fiducial,ILIS +1 side,ILIS +1 side,p36,p36,y,529.5,,mm,false
3,SSAT AL,fiducial,ILIS +1 side,ILIS +1 side,p36,p36,z,-3973.6,,mm,false
3,SSAT AL,fiducial,ILIS +1 side,ILIS +1 side,p37,p37,x,2979.6,,mm,false
3,SSAT AL,fiducial,ILIS +1 side,ILIS +1 side,p37,p37,y,523.6,,mm,false
3,SSAT AL,fiducial,ILIS +1 side,ILIS +1 side,p37,p37,z,-3468.0,,mm,false
3,SSAT AL,fiducial,ILIS +1 side,ILIS +1 side,p38,p38,x,2736.9,,mm,false
3,SSAT AL,fiducial,ILIS +1 side,ILIS +1 side,p38,p38,y,480.8,,mm,false
3,SSAT AL,fiducial,ILIS +1 side,ILIS +1 side,p38,p38,z,-3463.3,,mm,false
3,SSAT AL,fiducial,ILIS +1 side,ILIS +1 side,p39,p39,x,2476.0,,mm,false
3,SSAT AL,fiducial,ILIS +1 side,ILIS +1 side,p39,p39,y,434.7,,mm,false
3,SSAT AL,fiducial,ILIS +1 side,ILIS +1 side,p39,p39,z,-3464.4,,mm,false
3,SSAT AL,fiducial,ILIS +1 side,ILIS +1 side,p40,p40,x,2232.2,,mm,false
3,SSAT AL,fiducial,ILIS +1 side,ILIS +1 side,p40,p40,y,391.7,,mm,false
3,SSAT AL,fiducial,ILIS +1 side,ILIS +1 side,p40,p40,z,-3457.2,,mm,false
3,SSAT AL,fiducial,ILIS +1 side,ILIS +1 side,p41,p41,x,2222.3,,mm,false
3,SSAT AL,fiducial,ILIS +1 side,ILIS +1 side,p41,p41,y,389.9,,mm,false
3,SSAT AL,fiducial,ILIS +1 side,ILIS +1 side,p41,p41,z,-3217.9,,mm,false
3,SSAT AL,fiducial,ILIS +1 side,ILIS +1 side,p42,p42,x,2419.4,,mm,false
3,SSAT AL,fiducial,ILIS +1 side,ILIS +1 side,p42,p42,y,424.8,,mm,false
3,SSAT AL,fiducial,ILIS +1 side,ILIS +1 side,p42,p42,z,-3184.8,,mm,false
3,SSAT AL,fiducial,ILIS +1 side,ILIS +1 side,p43,p43,x,2683.9,,mm,false
3,SSAT AL,fiducial,ILIS +1 side,ILIS +1 side,p43,p43,y,471.4,,mm,false
3,SSAT AL,fiducial,ILIS +1 side,ILIS +1 side,p43,p43,z,-3173.1,,mm,false
3,SSAT AL,fiducial,ILIS +1 side,ILIS +1 side,p44,p44,x,3011.0,,mm,false
3,SSAT AL,fiducial,ILIS +1 side,ILIS +1 side,p44,p44,y,529.2,,mm,false
3,SSAT AL,fiducial,ILIS +1 side,ILIS +1 side,p44,p44,z,-3184.7,,mm,false
3,SSAT AL,fiducial,ILIS +1 side,ILIS +1 side,p45,p45,x,3007.3,,mm,false
3,SSAT AL,fiducial,ILIS +1 side,ILIS +1 side,p45,p45,y,528.8,,mm,false
3,SSAT AL,fiducial,ILIS +1 side,ILIS +1 side,p45,p45,z,-2875.7,,mm,false
3,SSAT AL,fiducial,ILIS +1 side,ILIS +1 side,p46,p46,x,2757.8,,mm,false
3,SSAT AL,fiducial,ILIS +1 side,ILIS +1 side,p46,p46,y,484.5,,mm,false
3,SSAT AL,fiducial,ILIS +1 side,ILIS +1 side,p46,p46,z,-2863.7,,mm,false
3,SSAT AL,fiducial,ILIS +1 side,ILIS +1 side,p47,p47,x,2446.5,,mm,false
3,SSAT AL,fiducial,ILIS +1 side,ILIS +1 side,p47,p47,y,429.6,,mm,false
3,SSAT AL,fiducial,ILIS +1 side,ILIS +1 side,p47,p47,z,-2862.4,,mm,false
3,SSAT AL,fiducial,ILIS +1 side,ILIS +1 side,p48,p48,x,2206.7,,mm,false
3,SSAT AL,fiducial,ILIS +1 side,ILIS +1 side,p48,p48,y,387.3,,mm,false
3,SSAT AL,fiducial,ILIS +1 side,ILIS +1 side,p48,p48,z,-2857.9,,mm,false
3,SSAT AL,fiducial,ILIS +1 side,ILIS +1 side,p49,p49,x,2994.0,,mm,false
3,SSAT AL,fiducial,ILIS +1 side,ILIS +1 side,p49,p49,y,526.3,,mm,false
3,SSAT AL,fiducial,ILIS +1 side,ILIS +1 side,p49,p49,z,-2561.5,,mm,false
3,SSAT AL,fiducial,ILIS +1 side,ILIS +1 side,p50,p50,x,2712.0,,mm,false
3,SSAT AL,fiducial,ILIS +1 side,ILIS +1 side,p50,p50,y,476.5,,mm,false
3,SSAT AL,fiducial,ILIS +1 side,ILIS +1 side,p50,p50,z,-2549.0,,mm,false
3,SSAT AL,fiducial,ILIS +1 side,ILIS +1 side,p51,p51,x,2428.9,,mm,false
3,SSAT AL,fiducial,ILIS +1 side,ILIS +1 side,p51,p51,y,426.5,,mm,false
3,SSAT AL,fiducial,ILIS +1 side,ILIS +1 side,p51,p51,z,-2533.9,,mm,false
3,SSAT AL,fiducial,ILIS +1 side,ILIS +1 side,p52,p52,x,2254.5,,mm,false
3,SSAT AL,fiducial,ILIS +1 side,ILIS +1 side,p52,p52,y,395.8,,mm,false
3,SSAT AL,fiducial,ILIS +1 side,ILIS +1 side,p52,p52,z,-2533.4,,mm,false
3,SSAT AL,fiducial,ILIS +1 side,ILIS +1 side,p53,p53,x,2956.0,,mm,false
3,SSAT AL,fiducial,ILIS +1 side,ILIS +1 side,p53,p53,y,519.6,,mm,false
3,SSAT AL,fiducial,ILIS +1 side,ILIS +1 side,p53,p53,z,-2410.1,,mm,false
3,SSAT AL,fiducial,ILIS +1 side,ILIS +1 side,p54,p54,x,2966.8,,mm,false
3,SSAT AL,fiducial,ILIS +1 side,ILIS +1 side,p54,p54,y,521.6,,mm,false
3,SSAT AL,fiducial,ILIS +1 side,ILIS +1 side,p54,p54,z,-2124.0,,mm,false
3,SSAT AL,fiducial,ILIS +1 side,ILIS +1 side,p55,p55,x,2976.1,,mm,false
3,SSAT AL,fiducial,ILIS +1 side,ILIS +1 side,p55,p55,y,523.3,,mm,false
3,SSAT AL,fiducial,ILIS +1 side,ILIS +1 side,p55,p55,z,-1816.8,,mm,false
3,SSAT AL,fiducial,ILIS +1 side,ILIS +1 side,p56,p56,x,2985.6,,mm,false
3,SSAT AL,fiducial,ILIS +1 side,ILIS +1 side,p56,p56,y,525.1,,mm,false
3,SSAT AL,fiducial,ILIS +1 side,ILIS +1 side,p56,p56,z,-1577.6,,mm,false
3,SSAT AL,fiducial,ILIS +1 side,ILIS +1 side,p57,p57,x,2722.3,,mm,false
3,SSAT AL,fiducial,ILIS +1 side,ILIS +1 side,p57,p57,y,478.6,,mm,false
3,SSAT AL,fiducial,ILIS +1 side,ILIS +1 side,p57,p57,z,-1556.8,,mm,false
3,SSAT AL,fiducial,ILIS +1 side,ILIS +1 side,p58,p58,x,2743.5,,mm,false
3,SSAT AL,fiducial,ILIS +1 side,ILIS +1 side,p58,p58,y,482.1,,mm,false
3,SSAT AL,fiducial,ILIS +1 side,ILIS +1 side,p58,p58,z,-1883.5,,mm,false
3,SSAT AL,fiducial,ILIS +1 side,ILIS +1 side,p59,p59,x,2734.3,,mm,false
3,SSAT AL,fiducial,ILIS +1 side,ILIS +1 side,p59,p59,y,480.5,,mm,false
3,SSAT AL,fiducial,ILIS +1 side,ILIS +1 side,p59,p59,z,-2180.1,,mm,false
3,SSAT AL,fiducial,ILIS +1 side,ILIS +1 side,p60,p60,x,2739.6,,mm,false
3,SSAT AL,fiducial,ILIS +1 side,ILIS +1 side,p60,p60,y,481.4,,mm,false
3,SSAT AL,fiducial,ILIS +1 side,ILIS +1 side,p60,p60,z,-2464.7,,mm,false
3,SSAT AL,fiducial,ILIS +1 side,ILIS +1 side,p61,p61,x,2437.5,,mm,false
3,SSAT AL,fiducial,ILIS +1 side,ILIS +1 side,p61,p61,y,428.1,,mm,false
3,SSAT AL,fiducial,ILIS +1 side,ILIS +1 side,p61,p61,z,-2464.8,,mm,false
3,SSAT AL,fiducial,ILIS +1 side,ILIS +1 side,p62,p62,x,2472.8,,mm,false
3,SSAT AL,fiducial,ILIS +1 side,ILIS +1 side,p62,p62,y,434.4,,mm,false
3,SSAT AL,fiducial,ILIS +1 side,ILIS +1 side,p62,p62,z,-2137.6,,mm,false
3,SSAT AL,fiducial,ILIS +1 side,ILIS +1 side,p63,p63,x,2473.3,,mm,false
3,SSAT AL,fiducial,ILIS +1 side,ILIS +1 side,p63,p63,y,434.4,,mm,false
3,SSAT AL,fiducial,ILIS +1 side,ILIS +1 side,p63,p63,z,-1812.5,,mm,false
3,SSAT AL,fiducial,ILIS +1 side,ILIS +1 side,p64,p64,x,2486.3,,mm,false
3,SSAT AL,fiducial,ILIS +1 side,ILIS +1 side,p64,p64,y,436.9,,mm,false
3,SSAT AL,fiducial,ILIS +1 side,ILIS +1 side,p64,p64,z,-1559.5,,mm,false
3,SSAT AL,fiducial,ILIS +1 side,ILIS +1 side,p65,p65,x,2250.7,,mm,false
3,SSAT AL,fiducial,ILIS +1 side,ILIS +1 side,p65,p65,y,395.3,,mm,false
3,SSAT AL,fiducial,ILIS +1 side,ILIS +1 side,p65,p65,z,-1557.4,,mm,false
3,SSAT AL,fiducial,ILIS +1 side,ILIS +1 side,p66,p66,x,2238.3,,mm,false
3,SSAT AL,fiducial,ILIS +1 side,ILIS +1 side,p66,p66,y,393.0,,mm,false
3,SSAT AL,fiducial,ILIS +1 side,ILIS +1 side,p66,p66,z,-1836.5,,mm,false
3,SSAT AL,fiducial,ILIS +1 side,ILIS +1 side,p67,p67,x,2251.1,,mm,false
3,SSAT AL,fiducial,ILIS +1 side,ILIS +1 side,p67,p67,y,395.1,,mm,false
3,SSAT AL,fiducial,ILIS +1 side,ILIS +1 side,p67,p67,z,-2179.1,,mm,false
3,SSAT AL,fiducial,ILIS +1 side,ILIS +1 side,p68,p68,x,2239.4,,mm,false
3,SSAT AL,fiducial,ILIS +1 side,ILIS +1 side,p68,p68,y,393.1,,mm,false
3,SSAT AL,fiducial,ILIS +1 side,ILIS +1 side,p68,p68,z,-2465.5,,mm,false
3,SSAT AL,fiducial,ILIS +1 side,ILIS +1 side,p69,p69,x,2973.2,,mm,false
3,SSAT AL,fiducial,ILIS +1 side,ILIS +1 side,p69,p69,y,522.7,,mm,false
3,SSAT AL,fiducial,ILIS +1 side,ILIS +1 side,p69,p69,z,-1462.7,,mm,false
3,SSAT AL,fiducial,ILIS +1 side,ILIS +1 side,p70,p70,x,2713.7,,mm,false
3,SSAT AL,fiducial,ILIS +1 side,ILIS +1 side,p70,p70,y,477.0,,mm,false
3,SSAT AL,fiducial,ILIS +1 side,ILIS +1 side,p70,p70,z,-1468.5,,mm,false
3,SSAT AL,fiducial,ILIS +1 side,ILIS +1 side,p71,p71,x,2481.5,,mm,false
3,SSAT AL,fiducial,ILIS +1 side,ILIS +1 side,p71,p71,y,435.9,,mm,false
3,SSAT AL,fiducial,ILIS +1 side,ILIS +1 side,p71,p71,z,-1467.6,,mm,false
3,SSAT AL,fiducial,ILIS +1 side,ILIS +1 side,p72,p72,x,2242.6,,mm,false
3,SSAT AL,fiducial,ILIS +1 side,ILIS +1 side,p72,p72,y,393.8,,mm,false
3,SSAT AL,fiducial,ILIS +1 side,ILIS +1 side,p72,p72,z,-1444.7,,mm,false
3,SSAT AL,fiducial,ILIS +1 side,ILIS +1 side,p73,p73,x,2234.8,,mm,false
3,SSAT AL,fiducial,ILIS +1 side,ILIS +1 side,p73,p73,y,392.4,,mm,false
3,SSAT AL,fiducial,ILIS +1 side,ILIS +1 side,p73,p73,z,-1154.7,,mm,false
3,SSAT AL,fiducial,ILIS +1 side,ILIS +1 side,p74,p74,x,2472.0,,mm,false
3,SSAT AL,fiducial,ILIS +1 side,ILIS +1 side,p74,p74,y,434.3,,mm,false
3,SSAT AL,fiducial,ILIS +1 side,ILIS +1 side,p74,p74,z,-1128.5,,mm,false
3,SSAT AL,fiducial,ILIS +1 side,ILIS +1 side,p75,p75,x,2753.3,,mm,false
3,SSAT AL,fiducial,ILIS +1 side,ILIS +1 side,p75,p75,y,484.0,,mm,false
3,SSAT AL,fiducial,ILIS +1 side,ILIS +1 side,p75,p75,z,-1130.3,,mm,false
3,SSAT AL,fiducial,ILIS +1 side,ILIS +1 side,p76,p76,x,3015.4,,mm,false
3,SSAT AL,fiducial,ILIS +1 side,ILIS +1 side,p76,p76,y,530.4,,mm,false
3,SSAT AL,fiducial,ILIS +1 side,ILIS +1 side,p76,p76,z,-1113.9,,mm,false
3,SSAT AL,fiducial,ILIS +1 side,ILIS +1 side,p77,p77,x,3009.0,,mm,false
3,SSAT AL,fiducial,ILIS +1 side,ILIS +1 side,p77,p77,y,529.2,,mm,false
3,SSAT AL,fiducial,ILIS +1 side,ILIS +1 side,p77,p77,z,-809.7,,mm,false
3,SSAT AL,fiducial,ILIS +1 side,ILIS +1 side,p78,p78,x,2682.8,,mm,false
3,SSAT AL,fiducial,ILIS +1 side,ILIS +1 side,p78,p78,y,471.6,,mm,false
3,SSAT AL,fiducial,ILIS +1 side,ILIS +1 side,p78,p78,z,-796.4,,mm,false
3,SSAT AL,fiducial,ILIS +1 side,ILIS +1 side,p79,p79,x,2469.5,,mm,false
3,SSAT AL,fiducial,ILIS +1 side,ILIS +1 side,p79,p79,y,433.9,,mm,false
3,SSAT AL,fiducial,ILIS +1 side,ILIS +1 side,p79,p79,z,-795.7,,mm,false
3,SSAT AL,fiducial,ILIS +1 side,ILIS +1 side,p80,p80,x,2252.5,,mm,false
3,SSAT AL,fiducial,ILIS +1 side,ILIS +1 side,p80,p80,y,395.5,,mm,false
3,SSAT AL,fiducial,ILIS +1 side,ILIS +1 side,p80,p80,z,-790.1,,mm,false
3,SSAT AL,fiducial,ILIS +1 side,ILIS +1 side,p81,p81,x,2973.9,,mm,false
3,SSAT AL,fiducial,ILIS +1 side,ILIS +1 side,p81,p81,y,523.0,,mm,false
3,SSAT AL,fiducial,ILIS +1 side,ILIS +1 side,p81,p81,z,-530.5,,mm,false
3,SSAT AL,fiducial,ILIS +1 side,ILIS +1 side,p82,p82,x,2740.2,,mm,false
3,SSAT AL,fiducial,ILIS +1 side,ILIS +1 side,p82,p82,y,481.7,,mm,false
3,SSAT AL,fiducial,ILIS +1 side,ILIS +1 side,p82,p82,z,-532.6,,mm,false
3,SSAT AL,fiducial,ILIS +1 side,ILIS +1 side,p83,p83,x,2454.6,,mm,false
3,SSAT AL,fiducial,ILIS +1 side,ILIS +1 side,p83,p83,y,431.3,,mm,false
3,SSAT AL,fiducial,ILIS +1 side,ILIS +1 side,p83,p83,z,-533.8,,mm,false
3,SSAT AL,fiducial,ILIS +1 side,ILIS +1 side,p84,p84,x,2264.0,,mm,false
3,SSAT AL,fiducial,ILIS +1 side,ILIS +1 side,p84,p84,y,397.7,,mm,false
3,SSAT AL,fiducial,ILIS +1 side,ILIS +1 side,p84,p84,z,-528.9,,mm,false
3,SSAT AL,fiducial,ILIS +1 side,ILIS +1 side,p85,p85,x,2976.0,,mm,false
3,SSAT AL,fiducial,ILIS +1 side,ILIS +1 side,p85,p85,y,523.3,,mm,false
3,SSAT AL,fiducial,ILIS +1 side,ILIS +1 side,p85,p85,z,-459.0,,mm,false
3,SSAT AL,fiducial,ILIS +1 side,ILIS +1 side,p86,p86,x,2727.4,,mm,false
3,SSAT AL,fiducial,ILIS +1 side,ILIS +1 side,p86,p86,y,479.5,,mm,false
3,SSAT AL,fiducial,ILIS +1 side,ILIS +1 side,p86,p86,z,-466.6,,mm,false
3,SSAT AL,fiducial,ILIS +1 side,ILIS +1 side,p87,p87,x,2444.8,,mm,false
3,SSAT AL,fiducial,ILIS +1 side,ILIS +1 side,p87,p87,y,429.6,,mm,false
3,SSAT AL,fiducial,ILIS +1 side,ILIS +1 side,p87,p87,z,-465.8,,mm,false
3,SSAT AL,fiducial,ILIS +1 side,ILIS +1 side,p88,p88,x,2226.7,,mm,false
3,SSAT AL,fiducial,ILIS +1 side,ILIS +1 side,p88,p88,y,391.0,,mm,false
3,SSAT AL,fiducial,ILIS +1 side,ILIS +1 side,p88,p88,z,-457.5,,mm,false
3,SSAT AL,fiducial,ILIS +1 side,ILIS +1 side,p89,p89,x,2220.7,,mm,false
3,SSAT AL,fiducial,ILIS +1 side,ILIS +1 side,p89,p89,y,390.0,,mm,false
3,SSAT AL,fiducial,ILIS +1 side,ILIS +1 side,p89,p89,z,-153.8,,mm,false
3,SSAT AL,fiducial,ILIS +1 side,ILIS +1 side,p90,p90,x,2448.1,,mm,false
3,SSAT AL,fiducial,ILIS +1 side,ILIS +1 side,p90,p90,y,430.2,,mm,false
3,SSAT AL,fiducial,ILIS +1 side,ILIS +1 side,p90,p90,z,-161.4,,mm,false
3,SSAT AL,fiducial,ILIS +1 side,ILIS +1 side,p91,p91,x,2745.4,,mm,false
3,SSAT AL,fiducial,ILIS +1 side,ILIS +1 side,p91,p91,y,482.7,,mm,false
3,SSAT AL,fiducial,ILIS +1 side,ILIS +1 side,p91,p91,z,-154.8,,mm,false
3,SSAT AL,fiducial,ILIS +1 side,ILIS +1 side,p92,p92,x,3010.0,,mm,false
3,SSAT AL,fiducial,ILIS +1 side,ILIS +1 side,p92,p92,y,529.4,,mm,false
3,SSAT AL,fiducial,ILIS +1 side,ILIS +1 side,p92,p92,z,-158.2,,mm,false
3,SSAT AL,fiducial,ILIS +1 side,ILIS +1 side,p93,p93,x,3009.6,,mm,false
3,SSAT AL,fiducial,ILIS +1 side,ILIS +1 side,p93,p93,y,529.4,,mm,false
3,SSAT AL,fiducial,ILIS +1 side,ILIS +1 side,p93,p93,z,159.2,,mm,false
3,SSAT AL,fiducial,ILIS +1 side,ILIS +1 side,p94,p94,x,2720.8,,mm,false
3,SSAT AL,fiducial,ILIS +1 side,ILIS +1 side,p94,p94,y,478.3,,mm,false
3,SSAT AL,fiducial,ILIS +1 side,ILIS +1 side,p94,p94,z,170.7,,mm,false
3,SSAT AL,fiducial,ILIS +1 side,ILIS +1 side,p95,p95,x,2436.5,,mm,false
3,SSAT AL,fiducial,ILIS +1 side,ILIS +1 side,p95,p95,y,428.1,,mm,false
3,SSAT AL,fiducial,ILIS +1 side,ILIS +1 side,p95,p95,z,195.9,,mm,false
3,SSAT AL,fiducial,ILIS +1 side,ILIS +1 side,p96,p96,x,2229.6,,mm,false
3,SSAT AL,fiducial,ILIS +1 side,ILIS +1 side,p96,p96,y,391.5,,mm,false
3,SSAT AL,fiducial,ILIS +1 side,ILIS +1 side,p96,p96,z,214.4,,mm,false
3,SSAT AL,fiducial,ILIS +1 side,ILIS +1 side,p97,p97,x,2983.5,,mm,false
3,SSAT AL,fiducial,ILIS +1 side,ILIS +1 side,p97,p97,y,524.8,,mm,false
3,SSAT AL,fiducial,ILIS +1 side,ILIS +1 side,p97,p97,z,456.7,,mm,false
3,SSAT AL,fiducial,ILIS +1 side,ILIS +1 side,p98,p98,x,2724.4,,mm,false
3,SSAT AL,fiducial,ILIS +1 side,ILIS +1 side,p98,p98,y,479.1,,mm,false
3,SSAT AL,fiducial,ILIS +1 side,ILIS +1 side,p98,p98,z,465.7,,mm,false
3,SSAT AL,fiducial,ILIS +1 side,ILIS +1 side,p99,p99,x,2426.0,,mm,false
3,SSAT AL,fiducial,ILIS +1 side,ILIS +1 side,p99,p99,y,426.2,,mm,false
3,SSAT AL,fiducial,ILIS +1 side,ILIS +1 side,p99,p99,z,473.1,,mm,false
3,SSAT AL,fiducial,ILIS +1 side,ILIS +1 side,p100,p100,x,2224.5,,mm,false
3,SSAT AL,fiducial,ILIS +1 side,ILIS +1 side,p100,p100,y,390.8,,mm,false
3,SSAT AL,fiducial,ILIS +1 side,ILIS +1 side,p100,p100,z,466.5,,mm,false
3,SSAT AL,fiducial,ILIS +1 side,ILIS +1 side,p101,p101,x,2971.1,,mm,false
3,SSAT AL,fiducial,ILIS +1 side,ILIS +1 side,p101,p101,y,522.5,,mm,false
3,SSAT AL,fiducial,ILIS +1 side,ILIS +1 side,p101,p101,z,538.1,,mm,false
3,SSAT AL,fiducial,ILIS +1 side,ILIS +1 side,p102,p102,x,2733.5,,mm,false
3,SSAT AL,fiducial,ILIS +1 side,ILIS +1 side,p102,p102,y,480.6,,mm,false
3,SSAT AL,fiducial,ILIS +1 side,ILIS +1 side,p102,p102,z,529.8,,mm,false
3,SSAT AL,fiducial,ILIS +1 side,ILIS +1 side,p103,p103,x,2443.3,,mm,false
3,SSAT AL,fiducial,ILIS +1 side,ILIS +1 side,p103,p103,y,429.3,,mm,false
3,SSAT AL,fiducial,ILIS +1 side,ILIS +1 side,p103,p103,z,536.8,,mm,false
3,SSAT AL,fiducial,ILIS +1 side,ILIS +1 side,p104,p104,x,2234.3,,mm,false
3,SSAT AL,fiducial,ILIS +1 side,ILIS +1 side,p104,p104,y,392.4,,mm,false
3,SSAT AL,fiducial,ILIS +1 side,ILIS +1 side,p104,p104,z,528.0,,mm,false
3,SSAT AL,fiducial,ILIS +1 side,ILIS +1 side,p105,p105,x,2229.0,,mm,false
3,SSAT AL,fiducial,ILIS +1 side,ILIS +1 side,p105,p105,y,391.4,,mm,false
3,SSAT AL,fiducial,ILIS +1 side,ILIS +1 side,p105,p105,z,816.0,,mm,false
3,SSAT AL,fiducial,ILIS +1 side,ILIS +1 side,p106,p106,x,2464.1,,mm,false
3,SSAT AL,fiducial,ILIS +1 side,ILIS +1 side,p106,p106,y,433.0,,mm,false
3,SSAT AL,fiducial,ILIS +1 side,ILIS +1 side,p106,p106,z,804.6,,mm,false
3,SSAT AL,fiducial,ILIS +1 side,ILIS +1 side,p107,p107,x,2743.1,,mm,false
3,SSAT AL,fiducial,ILIS +1 side,ILIS +1 side,p107,p107,y,482.2,,mm,false
3,SSAT AL,fiducial,ILIS +1 side,ILIS +1 side,p107,p107,z,814.4,,mm,false
3,SSAT AL,fiducial,ILIS +1 side,ILIS +1 side,p108,p108,x,2974.0,,mm,false
3,SSAT AL,fiducial,ILIS +1 side,ILIS +1 side,p108,p108,y,523.0,,mm,false
3,SSAT AL,fiducial,ILIS +1 side,ILIS +1 side,p108,p108,z,834.8,,mm,false
3,SSAT AL,fiducial,ILIS +1 side,ILIS +1 side,p109,p109,x,2998.9,,mm,false
3,SSAT AL,fiducial,ILIS +1 side,ILIS +1 side,p109,p109,y,527.6,,mm,false
3,SSAT AL,fiducial,ILIS +1 side,ILIS +1 side,p109,p109,z,1107.7,,mm,false
3,SSAT AL,fiducial,ILIS +1 side,ILIS +1 side,p110,p110,x,2756.6,,mm,false
3,SSAT AL,fiducial,ILIS +1 side,ILIS +1 side,p110,p110,y,484.6,,mm,false
3,SSAT AL,fiducial,ILIS +1 side,ILIS +1 side,p110,p110,z,1155.4,,mm,false
3,SSAT AL,fiducial,ILIS +1 side,ILIS +1 side,p111,p111,x,2433.2,,mm,false
3,SSAT AL,fiducial,ILIS +1 side,ILIS +1 side,p111,p111,y,427.5,,mm,false
3,SSAT AL,fiducial,ILIS +1 side,ILIS +1 side,p111,p111,z,1174.5,,mm,false
3,SSAT AL,fiducial,ILIS +1 side,ILIS +1 side,p112,p112,x,2237.7,,mm,false
3,SSAT AL,fiducial,ILIS +1 side,ILIS +1 side,p112,p112,y,393.0,,mm,false
3,SSAT AL,fiducial,ILIS +1 side,ILIS +1 side,p112,p112,z,1171.8,,mm,false
3,SSAT AL,fiducial,ILIS +1 side,ILIS +1 side,p113,p113,x,2977.5,,mm,false
3,SSAT AL,fiducial,ILIS +1 side,ILIS +1 side,p113,p113,y,523.8,,mm,false
3,SSAT AL,fiducial,ILIS +1 side,ILIS +1 side,p113,p113,z,1451.1,,mm,false
3,SSAT AL,fiducial,ILIS +1 side,ILIS +1 side,p114,p114,x,2735.2,,mm,false
3,SSAT AL,fiducial,ILIS +1 side,ILIS +1 side,p114,p114,y,480.9,,mm,false
3,SSAT AL,fiducial,ILIS +1 side,ILIS +1 side,p114,p114,z,1461.9,,mm,false
3,SSAT AL,fiducial,ILIS +1 side,ILIS +1 side,p115,p115,x,2483.1,,mm,false
3,SSAT AL,fiducial,ILIS +1 side,ILIS +1 side,p115,p115,y,436.4,,mm,false
3,SSAT AL,fiducial,ILIS +1 side,ILIS +1 side,p115,p115,z,1452.3,,mm,false
3,SSAT AL,fiducial,ILIS +1 side,ILIS +1 side,p116,p116,x,2258.7,,mm,false
3,SSAT AL,fiducial,ILIS +1 side,ILIS +1 side,p116,p116,y,396.8,,mm,false
3,SSAT AL,fiducial,ILIS +1 side,ILIS +1 side,p116,p116,z,1448.4,,mm,false
3,SSAT AL,fiducial,ILIS +1 side,ILIS +1 side,p117,p117,x,2974.2,,mm,false
3,SSAT AL,fiducial,ILIS +1 side,ILIS +1 side,p117,p117,y,523.2,,mm,false
3,SSAT AL,fiducial,ILIS +1 side,ILIS +1 side,p117,p117,z,2474.9,,mm,false
3,SSAT AL,fiducial,ILIS +1 side,ILIS +1 side,p118,p118,x,2709.4,,mm,false
3,SSAT AL,fiducial,ILIS +1 side,ILIS +1 side,p118,p118,y,476.4,,mm,false
3,SSAT AL,fiducial,ILIS +1 side,ILIS +1 side,p118,p118,z,2471.0,,mm,false
3,SSAT AL,fiducial,ILIS +1 side,ILIS +1 side,p119,p119,x,2447.3,,mm,false
3,SSAT AL,fiducial,ILIS +1 side,ILIS +1 side,p119,p119,y,430.1,,mm,false
3,SSAT AL,fiducial,ILIS +1 side,ILIS +1 side,p119,p119,z,2467.0,,mm,false
3,SSAT AL,fiducial,ILIS +1 side,ILIS +1 side,p120,p120,x,2229.5,,mm,false
3,SSAT AL,fiducial,ILIS +1 side,ILIS +1 side,p120,p120,y,391.7,,mm,false
3,SSAT AL,fiducial,ILIS +1 side,ILIS +1 side,p120,p120,z,2473.5,,mm,false
3,SSAT AL,fiducial,ILIS +1 side,ILIS +1 side,p121,p121,x,2199.0,,mm,false
3,SSAT AL,fiducial,ILIS +1 side,ILIS +1 side,p121,p121,y,386.3,,mm,false
3,SSAT AL,fiducial,ILIS +1 side,ILIS +1 side,p121,p121,z,2157.8,,mm,false
3,SSAT AL,fiducial,ILIS +1 side,ILIS +1 side,p122,p122,x,2455.2,,mm,false
3,SSAT AL,fiducial,ILIS +1 side,ILIS +1 side,p122,p122,y,431.5,,mm,false
3,SSAT AL,fiducial,ILIS +1 side,ILIS +1 side,p122,p122,z,2190.6,,mm,false
3,SSAT AL,fiducial,ILIS +1 side,ILIS +1 side,p123,p123,x,2769.1,,mm,false
3,SSAT AL,fiducial,ILIS +1 side,ILIS +1 side,p123,p123,y,486.9,,mm,false
3,SSAT AL,fiducial,ILIS +1 side,ILIS +1 side,p123,p123,z,2140.8,,mm,false
3,SSAT AL,fiducial,ILIS +1 side,ILIS +1 side,p124,p124,x,2998.2,,mm,false
3,SSAT AL,fiducial,ILIS +1 side,ILIS +1 side,p124,p124,y,527.5,,mm,false
3,SSAT AL,fiducial,ILIS +1 side,ILIS +1 side,p124,p124,z,2138.6,,mm,false
3,SSAT AL,fiducial,ILIS +1 side,ILIS +1 side,p125,p125,x,3009.4,,mm,false
3,SSAT AL,fiducial,ILIS +1 side,ILIS +1 side,p125,p125,y,529.4,,mm,false
3,SSAT AL,fiducial,ILIS +1 side,ILIS +1 side,p125,p125,z,1832.9,,mm,false
3,SSAT AL,fiducial,ILIS +1 side,ILIS +1 side,p126,p126,x,2776.4,,mm,false
3,SSAT AL,fiducial,ILIS +1 side,ILIS +1 side,p126,p126,y,488.2,,mm,false
3,SSAT AL,fiducial,ILIS +1 side,ILIS +1 side,p126,p126,z,1809.1,,mm,false
3,SSAT AL,fiducial,ILIS +1 side,ILIS +1 side,p127,p127,x,2523.2,,mm,false
3,SSAT AL,fiducial,ILIS +1 side,ILIS +1 side,p127,p127,y,443.5,,mm,false
3,SSAT AL,fiducial,ILIS +1 side,ILIS +1 side,p127,p127,z,1809.3,,mm,false
3,SSAT AL,fiducial,ILIS +1 side,ILIS +1 side,p128,p128,x,2222.0,,mm,false
3,SSAT AL,fiducial,ILIS +1 side,ILIS +1 side,p128,p128,y,390.3,,mm,false
3,SSAT AL,fiducial,ILIS +1 side,ILIS +1 side,p128,p128,z,1798.6,,mm,false
3,SSAT AL,fiducial,ILIS +1 side,ILIS +1 side,p129,p129,x,2239.0,,mm,false
3,SSAT AL,fiducial,ILIS +1 side,ILIS +1 side,p129,p129,y,393.3,,mm,false
3,SSAT AL,fiducial,ILIS +1 side,ILIS +1 side,p129,p129,z,1543.6,,mm,false
3,SSAT AL,fiducial,ILIS +1 side,ILIS +1 side,p130,p130,x,2475.1,,mm,false
3,SSAT AL,fiducial,ILIS +1 side,ILIS +1 side,p130,p130,y,435.0,,mm,false
3,SSAT AL,fiducial,ILIS +1 side,ILIS +1 side,p130,p130,z,1536.5,,mm,false
3,SSAT AL,fiducial,ILIS +1 side,ILIS +1 side,p131,p131,x,2763.2,,mm,false
3,SSAT AL,fiducial,ILIS +1 side,ILIS +1 side,p131,p131,y,485.8,,mm,false
3,SSAT AL,fiducial,ILIS +1 side,ILIS +1 side,p131,p131,z,1535.2,,mm,false
3,SSAT AL,fiducial,ILIS +1 side,ILIS +1 side,p132,p132,x,2968.6,,mm,false
3,SSAT AL,fiducial,ILIS +1 side,ILIS +1 side,p132,p132,y,522.1,,mm,false
3,SSAT AL,fiducial,ILIS +1 side,ILIS +1 side,p132,p132,z,1534.0,,mm,false
3,SSAT AL,fiducial,ILIS +1 side,ILIS +1 side,p133,p133,x,2977.9,,mm,false
3,SSAT AL,fiducial,ILIS +1 side,ILIS +1 side,p133,p133,y,523.8,,mm,false
3,SSAT AL,fiducial,ILIS +1 side,ILIS +1 side,p133,p133,z,2521.9,,mm,false
3,SSAT AL,fiducial,ILIS +1 side,ILIS +1 side,p134,p134,x,2735.1,,mm,false
3,SSAT AL,fiducial,ILIS +1 side,ILIS +1 side,p134,p134,y,481.0,,mm,false
3,SSAT AL,fiducial,ILIS +1 side,ILIS +1 side,p134,p134,z,2530.4,,mm,false
3,SSAT AL,fiducial,ILIS +1 side,ILIS +1 side,p135,p135,x,2425.1,,mm,false
3,SSAT AL,fiducial,ILIS +1 side,ILIS +1 side,p135,p135,y,426.2,,mm,false
3,SSAT AL,fiducial,ILIS +1 side,ILIS +1 side,p135,p135,z,2525.6,,mm,false
3,SSAT AL,fiducial,ILIS +1 side,ILIS +1 side,p136,p136,x,2224.8,,mm,false
3,SSAT AL,fiducial,ILIS +1 side,ILIS +1 side,p136,p136,y,390.9,,mm,false
3,SSAT AL,fiducial,ILIS +1 side,ILIS +1 side,p136,p136,z,2540.0,,mm,false
3,SSAT AL,fiducial,ILIS +1 side,ILIS +1 side,p137,p137,x,2230.4,,mm,false
3,SSAT AL,fiducial,ILIS +1 side,ILIS +1 side,p137,p137,y,391.9,,mm,false
3,SSAT AL,fiducial,ILIS +1 side,ILIS +1 side,p137,p137,z,2823.2,,mm,false
3,SSAT AL,fiducial,ILIS +1 side,ILIS +1 side,p138,p138,x,2476.8,,mm,false
3,SSAT AL,fiducial,ILIS +1 side,ILIS +1 side,p138,p138,y,435.4,,mm,false
3,SSAT AL,fiducial,ILIS +1 side,ILIS +1 side,p138,p138,z,2814.7,,mm,false
3,SSAT AL,fiducial,ILIS +1 side,ILIS +1 side,p139,p139,x,2773.1,,mm,false
3,SSAT AL,fiducial,ILIS +1 side,ILIS +1 side,p139,p139,y,487.7,,mm,false
3,SSAT AL,fiducial,ILIS +1 side,ILIS +1 side,p139,p139,z,2805.6,,mm,false
3,SSAT AL,fiducial,ILIS +1 side,ILIS +1 side,p140,p140,x,2996.9,,mm,false
3,SSAT AL,fiducial,ILIS +1 side,ILIS +1 side,p140,p140,y,527.2,,mm,false
3,SSAT AL,fiducial,ILIS +1 side,ILIS +1 side,p140,p140,z,2807.8,,mm,false
3,SSAT AL,fiducial,ILIS +1 side,ILIS +1 side,p141,p141,x,2999.1,,mm,false
3,SSAT AL,fiducial,ILIS +1 side,ILIS +1 side,p141,p141,y,527.7,,mm,false
3,SSAT AL,fiducial,ILIS +1 side,ILIS +1 side,p141,p141,z,3146.3,,mm,false
3,SSAT AL,fiducial,ILIS +1 side,ILIS +1 side,p142,p142,x,2761.9,,mm,false
3,SSAT AL,fiducial,ILIS +1 side,ILIS +1 side,p142,p142,y,485.8,,mm,false
3,SSAT AL,fiducial,ILIS +1 side,ILIS +1 side,p142,p142,z,3176.1,,mm,false
3,SSAT AL,fiducial,ILIS +1 side,ILIS +1 side,p143,p143,x,2437.1,,mm,false
3,SSAT AL,fiducial,ILIS +1 side,ILIS +1 side,p143,p143,y,428.4,,mm,false
3,SSAT AL,fiducial,ILIS +1 side,ILIS +1 side,p143,p143,z,3207.1,,mm,false
3,SSAT AL,fiducial,ILIS +1 side,ILIS +1 side,p144,p144,x,2241.8,,mm,false
3,SSAT AL,fiducial,ILIS +1 side,ILIS +1 side,p144,p144,y,393.9,,mm,false
3,SSAT AL,fiducial,ILIS +1 side,ILIS +1 side,p144,p144,z,3200.3,,mm,false
3,SSAT AL,fiducial,ILIS +1 side,ILIS +1 side,p145,p145,x,2970.6,,mm,false
3,SSAT AL,fiducial,ILIS +1 side,ILIS +1 side,p145,p145,y,522.6,,mm,false
3,SSAT AL,fiducial,ILIS +1 side,ILIS +1 side,p145,p145,z,3460.8,,mm,false
3,SSAT AL,fiducial,ILIS +1 side,ILIS +1 side,p146,p146,x,2738.5,,mm,false
3,SSAT AL,fiducial,ILIS +1 side,ILIS +1 side,p146,p146,y,481.7,,mm,false
3,SSAT AL,fiducial,ILIS +1 side,ILIS +1 side,p146,p146,z,3462.2,,mm,false
3,SSAT AL,fiducial,ILIS +1 side,ILIS +1 side,p147,p147,x,2473.2,,mm,false
3,SSAT AL,fiducial,ILIS +1 side,ILIS +1 side,p147,p147,y,434.9,,mm,false
3,SSAT AL,fiducial,ILIS +1 side,ILIS +1 side,p147,p147,z,3451.7,,mm,false
3,SSAT AL,fiducial,ILIS +1 side,ILIS +1 side,p148,p148,x,2263.7,,mm,false
3,SSAT AL,fiducial,ILIS +1 side,ILIS +1 side,p148,p148,y,397.8,,mm,false
3,SSAT AL,fiducial,ILIS +1 side,ILIS +1 side,p148,p148,z,3444.6,,mm,false
3,SSAT AL,fiducial,ILIS +1 side,ILIS +1 side,p149,p149,x,3016.3,,mm,false
3,SSAT AL,fiducial,ILIS +1 side,ILIS +1 side,p149,p149,y,530.8,,mm,false
3,SSAT AL,fiducial,ILIS +1 side,ILIS +1 side,p149,p149,z,3517.8,,mm,false
3,SSAT AL,fiducial,ILIS +1 side,ILIS +1 side,p150,p150,x,2813.2,,mm,false
3,SSAT AL,fiducial,ILIS +1 side,ILIS +1 side,p150,p150,y,494.9,,mm,false
3,SSAT AL,fiducial,ILIS +1 side,ILIS +1 side,p150,p150,z,3517.0,,mm,false
3,SSAT AL,fiducial,ILIS +1 side,ILIS +1 side,p151,p151,x,2652.5,,mm,false
3,SSAT AL,fiducial,ILIS +1 side,ILIS +1 side,p151,p151,y,466.5,,mm,false
3,SSAT AL,fiducial,ILIS +1 side,ILIS +1 side,p151,p151,z,3515.7,,mm,false
3,SSAT AL,fiducial,ILIS +1 side,ILIS +1 side,p152,p152,x,2843.4,,mm,false
3,SSAT AL,fiducial,ILIS +1 side,ILIS +1 side,p152,p152,y,500.1,,mm,false
3,SSAT AL,fiducial,ILIS +1 side,ILIS +1 side,p152,p152,z,3748.3,,mm,false
3,SSAT AL,fiducial,ILIS +1 side,ILIS +1 side,p153,p153,x,3020.5,,mm,false
3,SSAT AL,fiducial,ILIS +1 side,ILIS +1 side,p153,p153,y,531.6,,mm,false
3,SSAT AL,fiducial,ILIS +1 side,ILIS +1 side,p153,p153,z,3977.0,,mm,false
3,SSAT AL,fiducial,ILIS +1 side,ILIS +1 side,p154,p154,x,3012.8,,mm,false
3,SSAT AL,fiducial,ILIS +1 side,ILIS +1 side,p154,p154,y,530.1,,mm,false
3,SSAT AL,fiducial,ILIS +1 side,ILIS +1 side,p154,p154,z,3801.5,,mm,false
3,SSAT AL,fiducial,ILIS +1 side,ILIS +1 side,p155,p155,x,2829.0,,mm,false
3,SSAT AL,fiducial,ILIS +1 side,ILIS +1 side,p155,p155,y,497.7,,mm,false
3,SSAT AL,fiducial,ILIS +1 side,ILIS +1 side,p155,p155,z,3981.9,,mm,false
3,SSAT AL,fiducial,ILIS +1 side,ILIS +1 side,p156,p156,x,2619.3,,mm,false
3,SSAT AL,fiducial,ILIS +1 side,ILIS +1 side,p156,p156,y,460.5,,mm,false
3,SSAT AL,fiducial,ILIS +1 side,ILIS +1 side,p156,p156,z,3787.9,,mm,false
3,SSAT AL,fiducial,ILIS +1 side,ILIS +1 side,p157,p157,x,2628.9,,mm,false
3,SSAT AL,fiducial,ILIS +1 side,ILIS +1 side,p157,p157,y,462.3,,mm,false
3,SSAT AL,fiducial,ILIS +1 side,ILIS +1 side,p157,p157,z,3969.9,,mm,false
3,SSAT AL,fiducial,ILIS +1 side,ILIS +1 side,p158,p158,x,2388.1,,mm,false
3,SSAT AL,fiducial,ILIS +1 side,ILIS +1 side,p158,p158,y,419.7,,mm,false
3,SSAT AL,fiducial,ILIS +1 side,ILIS +1 side,p158,p158,z,3786.8,,mm,false
3,SSAT AL,fiducial,ILIS +1 side,ILIS +1 side,p159,p159,x,2393.4,,mm,false
3,SSAT AL,fiducial,ILIS +1 side,ILIS +1 side,p159,p159,y,420.9,,mm,false
3,SSAT AL,fiducial,ILIS +1 side,ILIS +1 side,p159,p159,z,3978.3,,mm,false
3,SSAT AL,fiducial,ILIS +1 side,ILIS +1 side,p160,p160,x,2574.7,,mm,false
3,SSAT AL,fiducial,ILIS +1 side,ILIS +1 side,p160,p160,y,452.7,,mm,false
3,SSAT AL,fiducial,ILIS +1 side,ILIS +1 side,p160,p160,z,3976.5,,mm,false
3,SSAT AL,fiducial,ILIS +1 side,ILIS +1 side,p161,p161,x,2573.5,,mm,false
3,SSAT AL,fiducial,ILIS +1 side,ILIS +1 side,p161,p161,y,452.6,,mm,false
3,SSAT AL,fiducial,ILIS +1 side,ILIS +1 side,p161,p161,z,3801.7,,mm,false
3,SSAT AL,fiducial,ILIS +1 side,ILIS +1 side,p162,p162,x,2205.7,,mm,false
3,SSAT AL,fiducial,ILIS +1 side,ILIS +1 side,p162,p162,y,387.8,,mm,false
3,SSAT AL,fiducial,ILIS +1 side,ILIS +1 side,p162,p162,z,3986.8,,mm,false
3,SSAT AL,fiducial,ILIS +1 side,ILIS +1 side,p163,p163,x,2583.1,,mm,false
3,SSAT AL,fiducial,ILIS +1 side,ILIS +1 side,p163,p163,y,454.3,,mm,false
3,SSAT AL,fiducial,ILIS +1 side,ILIS +1 side,p163,p163,z,3523.1,,mm,false
3,SSAT AL,fiducial,ILIS +1 side,ILIS +1 side,p164,p164,x,2405.6,,mm,false
3,SSAT AL,fiducial,ILIS +1 side,ILIS +1 side,p164,p164,y,422.9,,mm,false
3,SSAT AL,fiducial,ILIS +1 side,ILIS +1 side,p164,p164,z,3519.8,,mm,false
3,SSAT AL,fiducial,ILIS +1 side,ILIS +1 side,p165,p165,x,2197.0,,mm,false
3,SSAT AL,fiducial,ILIS +1 side,ILIS +1 side,p165,p165,y,386.1,,mm,false
3,SSAT AL,fiducial,ILIS +1 side,ILIS +1 side,p165,p165,z,3519.4,,mm,false
3,SSAT AL,fiducial,ILIS +1 side,ILIS +1 side,p166,p166,x,2204.4,,mm,false
3,SSAT AL,fiducial,ILIS +1 side,ILIS +1 side,p166,p166,y,387.4,,mm,false
3,SSAT AL,fiducial,ILIS +1 side,ILIS +1 side,p166,p166,z,3688.3,,mm,false
3,SSAT AL,fiducial,ILIS +1 side,ILIS +1 side,p167,p167,x,2986.8,,mm,false
3,SSAT AL,fiducial,ILIS +1 side,ILIS +1 side,p167,p167,y,525.7,,mm,false
3,SSAT AL,fiducial,ILIS +1 side,ILIS +1 side,p167,p167,z,4009.7,,mm,false
3,SSAT AL,fiducial,ILIS +1 side,ILIS +1 side,p168,p168,x,2806.6,,mm,false
3,SSAT AL,fiducial,ILIS +1 side,ILIS +1 side,p168,p168,y,493.9,,mm,false
3,SSAT AL,fiducial,ILIS +1 side,ILIS +1 side,p168,p168,z,4018.9,,mm,false
3,SSAT AL,fiducial,ILIS +1 side,ILIS +1 side,p169,p169,x,2622.4,,mm,false
3,SSAT AL,fiducial,ILIS +1 side,ILIS +1 side,p169,p169,y,461.2,,mm,false
3,SSAT AL,fiducial,ILIS +1 side,ILIS +1 side,p169,p169,z,4017.9,,mm,false
3,SSAT AL,fiducial,ILIS +1 side,ILIS +1 side,p170,p170,x,2780.8,,mm,false
3,SSAT AL,fiducial,ILIS +1 side,ILIS +1 side,p170,p170,y,489.3,,mm,false
3,SSAT AL,fiducial,ILIS +1 side,ILIS +1 side,p170,p170,z,4216.9,,mm,false
3,SSAT AL,fiducial,ILIS +1 side,ILIS +1 side,p171,p171,x,2990.0,,mm,false
3,SSAT AL,fiducial,ILIS +1 side,ILIS +1 side,p171,p171,y,526.1,,mm,false
3,SSAT AL,fiducial,ILIS +1 side,ILIS +1 side,p171,p171,z,4195.1,,mm,false
3,SSAT AL,fiducial,ILIS +1 side,ILIS +1 side,p172,p172,x,2633.1,,mm,false
3,SSAT AL,fiducial,ILIS +1 side,ILIS +1 side,p172,p172,y,463.1,,mm,false
3,SSAT AL,fiducial,ILIS +1 side,ILIS +1 side,p172,p172,z,4218.3,,mm,false
3,SSAT AL,fiducial,ILIS +1 side,ILIS +1 side,p173,p173,x,3002.0,,mm,false
3,SSAT AL,fiducial,ILIS +1 side,ILIS +1 side,p173,p173,y,528.3,,mm,false
3,SSAT AL,fiducial,ILIS +1 side,ILIS +1 side,p173,p173,z,4422.7,,mm,false
3,SSAT AL,fiducial,ILIS +1 side,ILIS +1 side,p174,p174,x,2762.1,,mm,false
3,SSAT AL,fiducial,ILIS +1 side,ILIS +1 side,p174,p174,y,486.0,,mm,false
3,SSAT AL,fiducial,ILIS +1 side,ILIS +1 side,p174,p174,z,4436.1,,mm,false
3,SSAT AL,fiducial,ILIS +1 side,ILIS +1 side,p175,p175,x,2616.0,,mm,false
3,SSAT AL,fiducial,ILIS +1 side,ILIS +1 side,p175,p175,y,460.2,,mm,false
3,SSAT AL,fiducial,ILIS +1 side,ILIS +1 side,p175,p175,z,4457.5,,mm,false
3,SSAT AL,fiducial,ILIS +1 side,ILIS +1 side,p176,p176,x,2560.2,,mm,false
3,SSAT AL,fiducial,ILIS +1 side,ILIS +1 side,p176,p176,y,450.4,,mm,false
3,SSAT AL,fiducial,ILIS +1 side,ILIS +1 side,p176,p176,z,4480.0,,mm,false
3,SSAT AL,fiducial,ILIS +1 side,ILIS +1 side,p177,p177,x,2404.2,,mm,false
3,SSAT AL,fiducial,ILIS +1 side,ILIS +1 side,p177,p177,y,422.9,,mm,false
3,SSAT AL,fiducial,ILIS +1 side,ILIS +1 side,p177,p177,z,4479.5,,mm,false
3,SSAT AL,fiducial,ILIS +1 side,ILIS +1 side,p178,p178,x,2266.4,,mm,false
3,SSAT AL,fiducial,ILIS +1 side,ILIS +1 side,p178,p178,y,398.5,,mm,false
3,SSAT AL,fiducial,ILIS +1 side,ILIS +1 side,p178,p178,z,4472.5,,mm,false
3,SSAT AL,fiducial,ILIS +1 side,ILIS +1 side,p179,p179,x,2580.4,,mm,false
3,SSAT AL,fiducial,ILIS +1 side,ILIS +1 side,p179,p179,y,453.9,,mm,false
3,SSAT AL,fiducial,ILIS +1 side,ILIS +1 side,p179,p179,z,4277.0,,mm,false
3,SSAT AL,fiducial,ILIS +1 side,ILIS +1 side,p180,p180,x,2390.1,,mm,false
3,SSAT AL,fiducial,ILIS +1 side,ILIS +1 side,p180,p180,y,420.3,,mm,false
3,SSAT AL,fiducial,ILIS +1 side,ILIS +1 side,p180,p180,z,4276.4,,mm,false
3,SSAT AL,fiducial,ILIS +1 side,ILIS +1 side,p181,p181,x,2218.5,,mm,false
3,SSAT AL,fiducial,ILIS +1 side,ILIS +1 side,p181,p181,y,389.9,,mm,false
3,SSAT AL,fiducial,ILIS +1 side,ILIS +1 side,p181,p181,z,4288.2,,mm,false
3,SSAT AL,fiducial,ILIS +1 side,ILIS +1 side,p182,p182,x,2577.5,,mm,false
3,SSAT AL,fiducial,ILIS +1 side,ILIS +1 side,p182,p182,y,453.1,,mm,false
3,SSAT AL,fiducial,ILIS +1 side,ILIS +1 side,p182,p182,z,4018.9,,mm,false
3,SSAT AL,fiducial,ILIS +1 side,ILIS +1 side,p183,p183,x,2375.7,,mm,false
3,SSAT AL,fiducial,ILIS +1 side,ILIS +1 side,p183,p183,y,417.5,,mm,false
3,SSAT AL,fiducial,ILIS +1 side,ILIS +1 side,p183,p183,z,4025.4,,mm,false
3,SSAT AL,fiducial,ILIS +1 side,ILIS +1 side,p184,p184,x,2211.6,,mm,false
3,SSAT AL,fiducial,ILIS +1 side,ILIS +1 side,p184,p184,y,388.6,,mm,false
3,SSAT AL,fiducial,ILIS +1 side,ILIS +1 side,p184,p184,z,4004.9,,mm,false
3,SSAT AL,fiducial,ILIS -1 side,ILIS -1 side,p1,p1,x,2582.7,,mm,false
3,SSAT AL,fiducial,ILIS -1 side,ILIS -1 side,p1,p1,y,-454.4,,mm,false
3,SSAT AL,fiducial,ILIS -1 side,ILIS -1 side,p1,p1,z,4472.4,,mm,false
3,SSAT AL,fiducial,ILIS -1 side,ILIS -1 side,p2,p2,x,2584.5,,mm,false
3,SSAT AL,fiducial,ILIS -1 side,ILIS -1 side,p2,p2,y,-454.6,,mm,false
3,SSAT AL,fiducial,ILIS -1 side,ILIS -1 side,p2,p2,z,4245.8,,mm,false
3,SSAT AL,fiducial,ILIS -1 side,ILIS -1 side,p3,p3,x,2578.7,,mm,false
3,SSAT AL,fiducial,ILIS -1 side,ILIS -1 side,p3,p3,y,-453.6,,mm,false
3,SSAT AL,fiducial,ILIS -1 side,ILIS -1 side,p3,p3,z,4024.0,,mm,false
3,SSAT AL,fiducial,ILIS -1 side,ILIS -1 side,p4,p4,x,2395.7,,mm,false
3,SSAT AL,fiducial,ILIS -1 side,ILIS -1 side,p4,p4,y,-421.3,,mm,false
3,SSAT AL,fiducial,ILIS -1 side,ILIS -1 side,p4,p4,z,4022.0,,mm,false
3,SSAT AL,fiducial,ILIS -1 side,ILIS -1 side,p5,p5,x,2398.6,,mm,false
3,SSAT AL,fiducial,ILIS -1 side,ILIS -1 side,p5,p5,y,-421.8,,mm,false
3,SSAT AL,fiducial,ILIS -1 side,ILIS -1 side,p5,p5,z,4244.7,,mm,false
3,SSAT AL,fiducial,ILIS -1 side,ILIS -1 side,p6,p6,x,2412.7,,mm,false
3,SSAT AL,fiducial,ILIS -1 side,ILIS -1 side,p6,p6,y,-424.3,,mm,false
3,SSAT AL,fiducial,ILIS -1 side,ILIS -1 side,p6,p6,z,4468.2,,mm,false
3,SSAT AL,fiducial,ILIS -1 side,ILIS -1 side,p7,p7,x,2191.1,,mm,false
3,SSAT AL,fiducial,ILIS -1 side,ILIS -1 side,p7,p7,y,-385.3,,mm,false
3,SSAT AL,fiducial,ILIS -1 side,ILIS -1 side,p7,p7,z,4022.5,,mm,false
3,SSAT AL,fiducial,ILIS -1 side,ILIS -1 side,p8,p8,x,2224.2,,mm,false
3,SSAT AL,fiducial,ILIS -1 side,ILIS -1 side,p8,p8,y,-391.1,,mm,false
3,SSAT AL,fiducial,ILIS -1 side,ILIS -1 side,p8,p8,z,4249.3,,mm,false
3,SSAT AL,fiducial,ILIS -1 side,ILIS -1 side,p9,p9,x,2255.0,,mm,false
3,SSAT AL,fiducial,ILIS -1 side,ILIS -1 side,p9,p9,y,-396.5,,mm,false
3,SSAT AL,fiducial,ILIS -1 side,ILIS -1 side,p9,p9,z,4472.3,,mm,false
3,SSAT AL,fiducial,ILIS -1 side,ILIS -1 side,p10,p10,x,2628.2,,mm,false
3,SSAT AL,fiducial,ILIS -1 side,ILIS -1 side,p10,p10,y,-462.3,,mm,false
3,SSAT AL,fiducial,ILIS -1 side,ILIS -1 side,p10,p10,z,4472.1,,mm,false
3,SSAT AL,fiducial,ILIS -1 side,ILIS -1 side,p11,p11,x,2625.4,,mm,false
3,SSAT AL,fiducial,ILIS -1 side,ILIS -1 side,p11,p11,y,-461.8,,mm,false
3,SSAT AL,fiducial,ILIS -1 side,ILIS -1 side,p11,p11,z,4249.5,,mm,false
3,SSAT AL,fiducial,ILIS -1 side,ILIS -1 side,p12,p12,x,2628.7,,mm,false
3,SSAT AL,fiducial,ILIS -1 side,ILIS -1 side,p12,p12,y,-462.4,,mm,false
3,SSAT AL,fiducial,ILIS -1 side,ILIS -1 side,p12,p12,z,4025.2,,mm,false
3,SSAT AL,fiducial,ILIS -1 side,ILIS -1 side,p13,p13,x,2809.6,,mm,false
3,SSAT AL,fiducial,ILIS -1 side,ILIS -1 side,p13,p13,y,-494.3,,mm,false
3,SSAT AL,fiducial,ILIS -1 side,ILIS -1 side,p13,p13,z,4478.4,,mm,false
3,SSAT AL,fiducial,ILIS -1 side,ILIS -1 side,p14,p14,x,2834.9,,mm,false
3,SSAT AL,fiducial,ILIS -1 side,ILIS -1 side,p14,p14,y,-498.7,,mm,false
3,SSAT AL,fiducial,ILIS -1 side,ILIS -1 side,p14,p14,z,4246.5,,mm,false
3,SSAT AL,fiducial,ILIS -1 side,ILIS -1 side,p15,p15,x,2830.1,,mm,false
3,SSAT AL,fiducial,ILIS -1 side,ILIS -1 side,p15,p15,y,-497.9,,mm,false
3,SSAT AL,fiducial,ILIS -1 side,ILIS -1 side,p15,p15,z,4024.0,,mm,false
3,SSAT AL,fiducial,ILIS -1 side,ILIS -1 side,p16,p16,x,2983.2,,mm,false
3,SSAT AL,fiducial,ILIS -1 side,ILIS -1 side,p16,p16,y,-524.8,,mm,false
3,SSAT AL,fiducial,ILIS -1 side,ILIS -1 side,p16,p16,z,4446.0,,mm,false
3,SSAT AL,fiducial,ILIS -1 side,ILIS -1 side,p17,p17,x,3012.5,,mm,false
3,SSAT AL,fiducial,ILIS -1 side,ILIS -1 side,p17,p17,y,-530.1,,mm,false
3,SSAT AL,fiducial,ILIS -1 side,ILIS -1 side,p17,p17,z,4250.7,,mm,false
3,SSAT AL,fiducial,ILIS -1 side,ILIS -1 side,p18,p18,x,3012.1,,mm,false
3,SSAT AL,fiducial,ILIS -1 side,ILIS -1 side,p18,p18,y,-530.0,,mm,false
3,SSAT AL,fiducial,ILIS -1 side,ILIS -1 side,p18,p18,z,4020.5,,mm,false
3,SSAT AL,fiducial,ILIS -1 side,ILIS -1 side,p19,p19,x,2624.7,,mm,false
3,SSAT AL,fiducial,ILIS -1 side,ILIS -1 side,p19,p19,y,-461.7,,mm,false
3,SSAT AL,fiducial,ILIS -1 side,ILIS -1 side,p19,p19,z,3526.8,,mm,false
3,SSAT AL,fiducial,ILIS -1 side,ILIS -1 side,p20,p20,x,2812.7,,mm,false
3,SSAT AL,fiducial,ILIS -1 side,ILIS -1 side,p20,p20,y,-494.9,,mm,false
3,SSAT AL,fiducial,ILIS -1 side,ILIS -1 side,p20,p20,z,3523.1,,mm,false
3,SSAT AL,fiducial,ILIS -1 side,ILIS -1 side,p21,p21,x,3010.4,,mm,false
3,SSAT AL,fiducial,ILIS -1 side,ILIS -1 side,p21,p21,y,-529.8,,mm,false
3,SSAT AL,fiducial,ILIS -1 side,ILIS -1 side,p21,p21,z,3524.9,,mm,false
3,SSAT AL,fiducial,ILIS -1 side,ILIS -1 side,p22,p22,x,3008.6,,mm,false
3,SSAT AL,fiducial,ILIS -1 side,ILIS -1 side,p22,p22,y,-529.3,,mm,false
3,SSAT AL,fiducial,ILIS -1 side,ILIS -1 side,p22,p22,z,3750.7,,mm,false
3,SSAT AL,fiducial,ILIS -1 side,ILIS -1 side,p23,p23,x,2798.9,,mm,false
3,SSAT AL,fiducial,ILIS -1 side,ILIS -1 side,p23,p23,y,-492.4,,mm,false
3,SSAT AL,fiducial,ILIS -1 side,ILIS -1 side,p23,p23,z,3773.4,,mm,false
3,SSAT AL,fiducial,ILIS -1 side,ILIS -1 side,p24,p24,x,2629.7,,mm,false
3,SSAT AL,fiducial,ILIS -1 side,ILIS -1 side,p24,p24,y,-462.6,,mm,false
3,SSAT AL,fiducial,ILIS -1 side,ILIS -1 side,p24,p24,z,3782.5,,mm,false
3,SSAT AL,fiducial,ILIS -1 side,ILIS -1 side,p25,p25,x,2619.6,,mm,false
3,SSAT AL,fiducial,ILIS -1 side,ILIS -1 side,p25,p25,y,-460.8,,mm,false
3,SSAT AL,fiducial,ILIS -1 side,ILIS -1 side,p25,p25,z,3969.8,,mm,false
3,SSAT AL,fiducial,ILIS -1 side,ILIS -1 side,p26,p26,x,2816.4,,mm,false
3,SSAT AL,fiducial,ILIS -1 side,ILIS -1 side,p26,p26,y,-495.5,,mm,false
3,SSAT AL,fiducial,ILIS -1 side,ILIS -1 side,p26,p26,z,3972.0,,mm,false
3,SSAT AL,fiducial,ILIS -1 side,ILIS -1 side,p27,p27,x,3012.0,,mm,false
3,SSAT AL,fiducial,ILIS -1 side,ILIS -1 side,p27,p27,y,-530.0,,mm,false
3,SSAT AL,fiducial,ILIS -1 side,ILIS -1 side,p27,p27,z,3970.5,,mm,false
3,SSAT AL,fiducial,ILIS -1 side,ILIS -1 side,p28,p28,x,2982.6,,mm,false
3,SSAT AL,fiducial,ILIS -1 side,ILIS -1 side,p28,p28,y,-524.8,,mm,false
3,SSAT AL,fiducial,ILIS -1 side,ILIS -1 side,p28,p28,z,2523.2,,mm,false
3,SSAT AL,fiducial,ILIS -1 side,ILIS -1 side,p29,p29,x,2744.9,,mm,false
3,SSAT AL,fiducial,ILIS -1 side,ILIS -1 side,p29,p29,y,-482.9,,mm,false
3,SSAT AL,fiducial,ILIS -1 side,ILIS -1 side,p29,p29,z,2528.6,,mm,false
3,SSAT AL,fiducial,ILIS -1 side,ILIS -1 side,p30,p30,x,2447.3,,mm,false
3,SSAT AL,fiducial,ILIS -1 side,ILIS -1 side,p30,p30,y,-430.6,,mm,false
3,SSAT AL,fiducial,ILIS -1 side,ILIS -1 side,p30,p30,z,2527.1,,mm,false
3,SSAT AL,fiducial,ILIS -1 side,ILIS -1 side,p31,p31,x,3013.7,,mm,false
3,SSAT AL,fiducial,ILIS -1 side,ILIS -1 side,p31,p31,y,-530.3,,mm,false
3,SSAT AL,fiducial,ILIS -1 side,ILIS -1 side,p31,p31,z,2808.1,,mm,false
3,SSAT AL,fiducial,ILIS -1 side,ILIS -1 side,p32,p32,x,2749.3,,mm,false
3,SSAT AL,fiducial,ILIS -1 side,ILIS -1 side,p32,p32,y,-483.7,,mm,false
3,SSAT AL,fiducial,ILIS -1 side,ILIS -1 side,p32,p32,z,2819.1,,mm,false
3,SSAT AL,fiducial,ILIS -1 side,ILIS -1 side,p33,p33,x,2442.2,,mm,false
3,SSAT AL,fiducial,ILIS -1 side,ILIS -1 side,p33,p33,y,-429.6,,mm,false
3,SSAT AL,fiducial,ILIS -1 side,ILIS -1 side,p33,p33,z,2834.2,,mm,false
3,SSAT AL,fiducial,ILIS -1 side,ILIS -1 side,p34,p34,x,2182.2,,mm,false
3,SSAT AL,fiducial,ILIS -1 side,ILIS -1 side,p34,p34,y,-383.8,,mm,false
3,SSAT AL,fiducial,ILIS -1 side,ILIS -1 side,p34,p34,z,2877.6,,mm,false
3,SSAT AL,fiducial,ILIS -1 side,ILIS -1 side,p35,p35,x,2181.1,,mm,false
3,SSAT AL,fiducial,ILIS -1 side,ILIS -1 side,p35,p35,y,-383.5,,mm,false
3,SSAT AL,fiducial,ILIS -1 side,ILIS -1 side,p35,p35,z,3179.6,,mm,false
3,SSAT AL,fiducial,ILIS -1 side,ILIS -1 side,p36,p36,x,2213.5,,mm,false
3,SSAT AL,fiducial,ILIS -1 side,ILIS -1 side,p36,p36,y,-389.2,,mm,false
3,SSAT AL,fiducial,ILIS -1 side,ILIS -1 side,p36,p36,z,3482.1,,mm,false
3,SSAT AL,fiducial,ILIS -1 side,ILIS -1 side,p37,p37,x,2213.5,,mm,false
3,SSAT AL,fiducial,ILIS -1 side,ILIS -1 side,p37,p37,y,-389.2,,mm,false
3,SSAT AL,fiducial,ILIS -1 side,ILIS -1 side,p37,p37,z,3481.9,,mm,false
3,SSAT AL,fiducial,ILIS -1 side,ILIS -1 side,p38,p38,x,2468.5,,mm,false
3,SSAT AL,fiducial,ILIS -1 side,ILIS -1 side,p38,p38,y,-434.2,,mm,false
3,SSAT AL,fiducial,ILIS -1 side,ILIS -1 side,p38,p38,z,3480.8,,mm,false
3,SSAT AL,fiducial,ILIS -1 side,ILIS -1 side,p39,p39,x,2770.4,,mm,false
3,SSAT AL,fiducial,ILIS -1 side,ILIS -1 side,p39,p39,y,-487.4,,mm,false
3,SSAT AL,fiducial,ILIS -1 side,ILIS -1 side,p39,p39,z,3478.6,,mm,false
3,SSAT AL,fiducial,ILIS -1 side,ILIS -1 side,p40,p40,x,2982.2,,mm,false
3,SSAT AL,fiducial,ILIS -1 side,ILIS -1 side,p40,p40,y,-524.7,,mm,false
3,SSAT AL,fiducial,ILIS -1 side,ILIS -1 side,p40,p40,z,3478.6,,mm,false
3,SSAT AL,fiducial,ILIS -1 side,ILIS -1 side,p41,p41,x,3012.2,,mm,false
3,SSAT AL,fiducial,ILIS -1 side,ILIS -1 side,p41,p41,y,-530.0,,mm,false
3,SSAT AL,fiducial,ILIS -1 side,ILIS -1 side,p41,p41,z,3208.8,,mm,false
3,SSAT AL,fiducial,ILIS -1 side,ILIS -1 side,p42,p42,x,2731.5,,mm,false
3,SSAT AL,fiducial,ILIS -1 side,ILIS -1 side,p42,p42,y,-480.6,,mm,false
3,SSAT AL,fiducial,ILIS -1 side,ILIS -1 side,p42,p42,z,3206.4,,mm,false
3,SSAT AL,fiducial,ILIS -1 side,ILIS -1 side,p43,p43,x,2431.7,,mm,false
3,SSAT AL,fiducial,ILIS -1 side,ILIS -1 side,p43,p43,y,-427.7,,mm,false
3,SSAT AL,fiducial,ILIS -1 side,ILIS -1 side,p43,p43,z,3215.4,,mm,false
3,SSAT AL,fiducial,ILIS -1 side,ILIS -1 side,p44,p44,x,3018.4,,mm,false
3,SSAT AL,fiducial,ILIS -1 side,ILIS -1 side,p44,p44,y,-531.1,,mm,false
3,SSAT AL,fiducial,ILIS -1 side,ILIS -1 side,p44,p44,z,1812.1,,mm,false
3,SSAT AL,fiducial,ILIS -1 side,ILIS -1 side,p45,p45,x,2757.9,,mm,false
3,SSAT AL,fiducial,ILIS -1 side,ILIS -1 side,p45,p45,y,-485.2,,mm,false
3,SSAT AL,fiducial,ILIS -1 side,ILIS -1 side,p45,p45,z,1812.2,,mm,false
3,SSAT AL,fiducial,ILIS -1 side,ILIS -1 side,p46,p46,x,2431.6,,mm,false
3,SSAT AL,fiducial,ILIS -1 side,ILIS -1 side,p46,p46,y,-427.6,,mm,false
3,SSAT AL,fiducial,ILIS -1 side,ILIS -1 side,p46,p46,z,1798.5,,mm,false
3,SSAT AL,fiducial,ILIS -1 side,ILIS -1 side,p47,p47,x,3015.9,,mm,false
3,SSAT AL,fiducial,ILIS -1 side,ILIS -1 side,p47,p47,y,-530.7,,mm,false
3,SSAT AL,fiducial,ILIS -1 side,ILIS -1 side,p47,p47,z,2114.5,,mm,false
3,SSAT AL,fiducial,ILIS -1 side,ILIS -1 side,p48,p48,x,2764.6,,mm,false
3,SSAT AL,fiducial,ILIS -1 side,ILIS -1 side,p48,p48,y,-486.4,,mm,false
3,SSAT AL,fiducial,ILIS -1 side,ILIS -1 side,p48,p48,z,2122.5,,mm,false
3,SSAT AL,fiducial,ILIS -1 side,ILIS -1 side,p49,p49,x,2446.7,,mm,false
3,SSAT AL,fiducial,ILIS -1 side,ILIS -1 side,p49,p49,y,-430.4,,mm,false
3,SSAT AL,fiducial,ILIS -1 side,ILIS -1 side,p49,p49,z,2121.5,,mm,false
3,SSAT AL,fiducial,ILIS -1 side,ILIS -1 side,p50,p50,x,2980.5,,mm,false
3,SSAT AL,fiducial,ILIS -1 side,ILIS -1 side,p50,p50,y,-524.5,,mm,false
3,SSAT AL,fiducial,ILIS -1 side,ILIS -1 side,p50,p50,z,2474.0,,mm,false
3,SSAT AL,fiducial,ILIS -1 side,ILIS -1 side,p51,p51,x,2750.2,,mm,false
3,SSAT AL,fiducial,ILIS -1 side,ILIS -1 side,p51,p51,y,-483.9,,mm,false
3,SSAT AL,fiducial,ILIS -1 side,ILIS -1 side,p51,p51,z,2476.8,,mm,false
3,SSAT AL,fiducial,ILIS -1 side,ILIS -1 side,p52,p52,x,2443.0,,mm,false
3,SSAT AL,fiducial,ILIS -1 side,ILIS -1 side,p52,p52,y,-429.7,,mm,false
3,SSAT AL,fiducial,ILIS -1 side,ILIS -1 side,p52,p52,z,2481.5,,mm,false
3,SSAT AL,fiducial,ILIS -1 side,ILIS -1 side,p53,p53,x,2575.3,,mm,false
3,SSAT AL,fiducial,ILIS -1 side,ILIS -1 side,p53,p53,y,-453.0,,mm,false
3,SSAT AL,fiducial,ILIS -1 side,ILIS -1 side,p53,p53,z,3525.7,,mm,false
3,SSAT AL,fiducial,ILIS -1 side,ILIS -1 side,p54,p54,x,2580.3,,mm,false
3,SSAT AL,fiducial,ILIS -1 side,ILIS -1 side,p54,p54,y,-453.9,,mm,false
3,SSAT AL,fiducial,ILIS -1 side,ILIS -1 side,p54,p54,z,3799.2,,mm,false
3,SSAT AL,fiducial,ILIS -1 side,ILIS -1 side,p55,p55,x,2580.8,,mm,false
3,SSAT AL,fiducial,ILIS -1 side,ILIS -1 side,p55,p55,y,-453.9,,mm,false
3,SSAT AL,fiducial,ILIS -1 side,ILIS -1 side,p55,p55,z,3972.1,,mm,false
3,SSAT AL,fiducial,ILIS -1 side,ILIS -1 side,p56,p56,x,2408.3,,mm,false
3,SSAT AL,fiducial,ILIS -1 side,ILIS -1 side,p56,p56,y,-423.6,,mm,false
3,SSAT AL,fiducial,ILIS -1 side,ILIS -1 side,p56,p56,z,3974.5,,mm,false
3,SSAT AL,fiducial,ILIS -1 side,ILIS -1 side,p57,p57,x,2399.3,,mm,false
3,SSAT AL,fiducial,ILIS -1 side,ILIS -1 side,p57,p57,y,-422.0,,mm,false
3,SSAT AL,fiducial,ILIS -1 side,ILIS -1 side,p57,p57,z,3777.5,,mm,false
3,SSAT AL,fiducial,ILIS -1 side,ILIS -1 side,p58,p58,x,2381.4,,mm,false
3,SSAT AL,fiducial,ILIS -1 side,ILIS -1 side,p58,p58,y,-418.8,,mm,false
3,SSAT AL,fiducial,ILIS -1 side,ILIS -1 side,p58,p58,z,3529.9,,mm,false
3,SSAT AL,fiducial,ILIS -1 side,ILIS -1 side,p59,p59,x,2185.2,,mm,false
3,SSAT AL,fiducial,ILIS -1 side,ILIS -1 side,p59,p59,y,-384.2,,mm,false
3,SSAT AL,fiducial,ILIS -1 side,ILIS -1 side,p59,p59,z,3518.7,,mm,false
3,SSAT AL,fiducial,ILIS -1 side,ILIS -1 side,p60,p60,x,2187.0,,mm,false
3,SSAT AL,fiducial,ILIS -1 side,ILIS -1 side,p60,p60,y,-384.4,,mm,false
3,SSAT AL,fiducial,ILIS -1 side,ILIS -1 side,p60,p60,z,3739.3,,mm,false
3,SSAT AL,fiducial,ILIS -1 side,ILIS -1 side,p61,p61,x,2187.8,,mm,false
3,SSAT AL,fiducial,ILIS -1 side,ILIS -1 side,p61,p61,y,-384.5,,mm,false
3,SSAT AL,fiducial,ILIS -1 side,ILIS -1 side,p61,p61,z,3975.4,,mm,false
3,SSAT AL,fiducial,ILIS -1 side,ILIS -1 side,p62,p62,x,2217.4,,mm,false
3,SSAT AL,fiducial,ILIS -1 side,ILIS -1 side,p62,p62,y,-389.9,,mm,false
3,SSAT AL,fiducial,ILIS -1 side,ILIS -1 side,p62,p62,z,2538.2,,mm,false
3,SSAT AL,fiducial,ILIS -1 side,ILIS -1 side,p63,p63,x,2979.7,,mm,false
3,SSAT AL,fiducial,ILIS -1 side,ILIS -1 side,p63,p63,y,-524.3,,mm,false
3,SSAT AL,fiducial,ILIS -1 side,ILIS -1 side,p63,p63,z,1522.4,,mm,false
3,SSAT AL,fiducial,ILIS -1 side,ILIS -1 side,p64,p64,x,2737.3,,mm,false
3,SSAT AL,fiducial,ILIS -1 side,ILIS -1 side,p64,p64,y,-481.6,,mm,false
3,SSAT AL,fiducial,ILIS -1 side,ILIS -1 side,p64,p64,z,1532.7,,mm,false
3,SSAT AL,fiducial,ILIS -1 side,ILIS -1 side,p65,p65,x,2445.5,,mm,false
3,SSAT AL,fiducial,ILIS -1 side,ILIS -1 side,p65,p65,y,-430.2,,mm,false
3,SSAT AL,fiducial,ILIS -1 side,ILIS -1 side,p65,p65,z,1530.9,,mm,false
3,SSAT AL,fiducial,ILIS -1 side,ILIS -1 side,p66,p66,x,2216.5,,mm,false
3,SSAT AL,fiducial,ILIS -1 side,ILIS -1 side,p66,p66,y,-389.8,,mm,false
3,SSAT AL,fiducial,ILIS -1 side,ILIS -1 side,p66,p66,z,1529.8,,mm,false
3,SSAT AL,fiducial,ILIS -1 side,ILIS -1 side,p67,p67,x,2184.4,,mm,false
3,SSAT AL,fiducial,ILIS -1 side,ILIS -1 side,p67,p67,y,-384.1,,mm,false
3,SSAT AL,fiducial,ILIS -1 side,ILIS -1 side,p67,p67,z,1811.8,,mm,false
3,SSAT AL,fiducial,ILIS -1 side,ILIS -1 side,p68,p68,x,2187.8,,mm,false
3,SSAT AL,fiducial,ILIS -1 side,ILIS -1 side,p68,p68,y,-384.7,,mm,false
3,SSAT AL,fiducial,ILIS -1 side,ILIS -1 side,p68,p68,z,2156.4,,mm,false
3,SSAT AL,fiducial,ILIS -1 side,ILIS -1 side,p69,p69,x,2211.6,,mm,false
3,SSAT AL,fiducial,ILIS -1 side,ILIS -1 side,p69,p69,y,-388.9,,mm,false
3,SSAT AL,fiducial,ILIS -1 side,ILIS -1 side,p69,p69,z,2484.4,,mm,false
3,SSAT AL,fiducial,ILIS -1 side,ILIS -1 side,p70,p70,x,2983.9,,mm,false
3,SSAT AL,fiducial,ILIS -1 side,ILIS -1 side,p70,p70,y,-525.2,,mm,false
3,SSAT AL,fiducial,ILIS -1 side,ILIS -1 side,p70,p70,z,530.6,,mm,false
3,SSAT AL,fiducial,ILIS -1 side,ILIS -1 side,p71,p71,x,2700.7,,mm,false
3,SSAT AL,fiducial,ILIS -1 side,ILIS -1 side,p71,p71,y,-475.2,,mm,false
3,SSAT AL,fiducial,ILIS -1 side,ILIS -1 side,p71,p71,z,530.3,,mm,false
3,SSAT AL,fiducial,ILIS -1 side,ILIS -1 side,p72,p72,x,2700.2,,mm,false
3,SSAT AL,fiducial,ILIS -1 side,ILIS -1 side,p72,p72,y,-475.1,,mm,false
3,SSAT AL,fiducial,ILIS -1 side,ILIS -1 side,p72,p72,z,530.1,,mm,false
3,SSAT AL,fiducial,ILIS -1 side,ILIS -1 side,p73,p73,x,2455.0,,mm,false
3,SSAT AL,fiducial,ILIS -1 side,ILIS -1 side,p73,p73,y,-431.8,,mm,false
3,SSAT AL,fiducial,ILIS -1 side,ILIS -1 side,p73,p73,z,532.6,,mm,false
3,SSAT AL,fiducial,ILIS -1 side,ILIS -1 side,p74,p74,x,3005.7,,mm,false
3,SSAT AL,fiducial,ILIS -1 side,ILIS -1 side,p74,p74,y,-528.9,,mm,false
3,SSAT AL,fiducial,ILIS -1 side,ILIS -1 side,p74,p74,z,913.7,,mm,false
3,SSAT AL,fiducial,ILIS -1 side,ILIS -1 side,p75,p75,x,2698.9,,mm,false
3,SSAT AL,fiducial,ILIS -1 side,ILIS -1 side,p75,p75,y,-474.8,,mm,false
3,SSAT AL,fiducial,ILIS -1 side,ILIS -1 side,p75,p75,z,932.2,,mm,false
3,SSAT AL,fiducial,ILIS -1 side,ILIS -1 side,p76,p76,x,2466.3,,mm,false
3,SSAT AL,fiducial,ILIS -1 side,ILIS -1 side,p76,p76,y,-433.8,,mm,false
3,SSAT AL,fiducial,ILIS -1 side,ILIS -1 side,p76,p76,z,946.2,,mm,false
3,SSAT AL,fiducial,ILIS -1 side,ILIS -1 side,p77,p77,x,3010.1,,mm,false
3,SSAT AL,fiducial,ILIS -1 side,ILIS -1 side,p77,p77,y,-529.7,,mm,false
3,SSAT AL,fiducial,ILIS -1 side,ILIS -1 side,p77,p77,z,1160.1,,mm,false
3,SSAT AL,fiducial,ILIS -1 side,ILIS -1 side,p78,p78,x,2688.9,,mm,false
3,SSAT AL,fiducial,ILIS -1 side,ILIS -1 side,p78,p78,y,-473.1,,mm,false
3,SSAT AL,fiducial,ILIS -1 side,ILIS -1 side,p78,p78,z,1184.9,,mm,false
3,SSAT AL,fiducial,ILIS -1 side,ILIS -1 side,p79,p79,x,2412.6,,mm,false
3,SSAT AL,fiducial,ILIS -1 side,ILIS -1 side,p79,p79,y,-424.4,,mm,false
3,SSAT AL,fiducial,ILIS -1 side,ILIS -1 side,p79,p79,z,1192.1,,mm,false
3,SSAT AL,fiducial,ILIS -1 side,ILIS -1 side,p80,p80,x,2179.8,,mm,false
3,SSAT AL,fiducial,ILIS -1 side,ILIS -1 side,p80,p80,y,-383.3,,mm,false
3,SSAT AL,fiducial,ILIS -1 side,ILIS -1 side,p80,p80,z,1451.7,,mm,false
3,SSAT AL,fiducial,ILIS -1 side,ILIS -1 side,p81,p81,x,2455.3,,mm,false
3,SSAT AL,fiducial,ILIS -1 side,ILIS -1 side,p81,p81,y,-431.9,,mm,false
3,SSAT AL,fiducial,ILIS -1 side,ILIS -1 side,p81,p81,z,1456.9,,mm,false
3,SSAT AL,fiducial,ILIS -1 side,ILIS -1 side,p82,p82,x,2747.6,,mm,false
3,SSAT AL,fiducial,ILIS -1 side,ILIS -1 side,p82,p82,y,-483.4,,mm,false
3,SSAT AL,fiducial,ILIS -1 side,ILIS -1 side,p82,p82,z,1461.6,,mm,false
3,SSAT AL,fiducial,ILIS -1 side,ILIS -1 side,p83,p83,x,2755.1,,mm,false
3,SSAT AL,fiducial,ILIS -1 side,ILIS -1 side,p83,p83,y,-484.8,,mm,false
3,SSAT AL,fiducial,ILIS -1 side,ILIS -1 side,p83,p83,z,1465.1,,mm,false
3,SSAT AL,fiducial,ILIS -1 side,ILIS -1 side,p84,p84,x,2979.1,,mm,false
3,SSAT AL,fiducial,ILIS -1 side,ILIS -1 side,p84,p84,y,-524.3,,mm,false
3,SSAT AL,fiducial,ILIS -1 side,ILIS -1 side,p84,p84,z,1474.4,,mm,false
3,SSAT AL,fiducial,ILIS -1 side,ILIS -1 side,p85,p85,x,3020.1,,mm,false
3,SSAT AL,fiducial,ILIS -1 side,ILIS -1 side,p85,p85,y,-531.6,,mm,false
3,SSAT AL,fiducial,ILIS -1 side,ILIS -1 side,p85,p85,z,161.5,,mm,false
3,SSAT AL,fiducial,ILIS -1 side,ILIS -1 side,p86,p86,x,2705.1,,mm,false
3,SSAT AL,fiducial,ILIS -1 side,ILIS -1 side,p86,p86,y,-476.0,,mm,false
3,SSAT AL,fiducial,ILIS -1 side,ILIS -1 side,p86,p86,z,180.7,,mm,false
3,SSAT AL,fiducial,ILIS -1 side,ILIS -1 side,p87,p87,x,2413.7,,mm,false
3,SSAT AL,fiducial,ILIS -1 side,ILIS -1 side,p87,p87,y,-424.6,,mm,false
3,SSAT AL,fiducial,ILIS -1 side,ILIS -1 side,p87,p87,z,182.7,,mm,false
3,SSAT AL,fiducial,ILIS -1 side,ILIS -1 side,p88,p88,x,2469.1,,mm,false
3,SSAT AL,fiducial,ILIS -1 side,ILIS -1 side,p88,p88,y,-434.4,,mm,false
3,SSAT AL,fiducial,ILIS -1 side,ILIS -1 side,p88,p88,z,464.1,,mm,false
3,SSAT AL,fiducial,ILIS -1 side,ILIS -1 side,p89,p89,x,2766.2,,mm,false
3,SSAT AL,fiducial,ILIS -1 side,ILIS -1 side,p89,p89,y,-486.8,,mm,false
3,SSAT AL,fiducial,ILIS -1 side,ILIS -1 side,p89,p89,z,462.1,,mm,false
3,SSAT AL,fiducial,ILIS -1 side,ILIS -1 side,p90,p90,x,2979.0,,mm,false
3,SSAT AL,fiducial,ILIS -1 side,ILIS -1 side,p90,p90,y,-524.4,,mm,false
3,SSAT AL,fiducial,ILIS -1 side,ILIS -1 side,p90,p90,z,464.3,,mm,false
3,SSAT AL,fiducial,ILIS -1 side,ILIS -1 side,p91,p91,x,2184.1,,mm,false
3,SSAT AL,fiducial,ILIS -1 side,ILIS -1 side,p91,p91,y,-384.1,,mm,false
3,SSAT AL,fiducial,ILIS -1 side,ILIS -1 side,p91,p91,z,556.5,,mm,false
3,SSAT AL,fiducial,ILIS -1 side,ILIS -1 side,p92,p92,x,2185.3,,mm,false
3,SSAT AL,fiducial,ILIS -1 side,ILIS -1 side,p92,p92,y,-384.3,,mm,false
3,SSAT AL,fiducial,ILIS -1 side,ILIS -1 side,p92,p92,z,968.3,,mm,false
3,SSAT AL,fiducial,ILIS -1 side,ILIS -1 side,p93,p93,x,2181.1,,mm,false
3,SSAT AL,fiducial,ILIS -1 side,ILIS -1 side,p93,p93,y,-383.5,,mm,false
3,SSAT AL,fiducial,ILIS -1 side,ILIS -1 side,p93,p93,z,1206.6,,mm,false
3,SSAT AL,fiducial,ILIS -1 side,ILIS -1 side,p94,p94,x,2981.1,,mm,false
3,SSAT AL,fiducial,ILIS -1 side,ILIS -1 side,p94,p94,y,-524.7,,mm,false
3,SSAT AL,fiducial,ILIS -1 side,ILIS -1 side,p94,p94,z,-476.8,,mm,false
3,SSAT AL,fiducial,ILIS -1 side,ILIS -1 side,p95,p95,x,2701.5,,mm,false
3,SSAT AL,fiducial,ILIS -1 side,ILIS -1 side,p95,p95,y,-475.4,,mm,false
3,SSAT AL,fiducial,ILIS -1 side,ILIS -1 side,p95,p95,z,-467.7,,mm,false
3,SSAT AL,fiducial,ILIS -1 side,ILIS -1 side,p96,p96,x,2473.8,,mm,false
3,SSAT AL,fiducial,ILIS -1 side,ILIS -1 side,p96,p96,y,-435.3,,mm,false
3,SSAT AL,fiducial,ILIS -1 side,ILIS -1 side,p96,p96,z,-468.2,,mm,false
3,SSAT AL,fiducial,ILIS -1 side,ILIS -1 side,p97,p97,x,2213.1,,mm,false
3,SSAT AL,fiducial,ILIS -1 side,ILIS -1 side,p97,p97,y,-389.3,,mm,false
3,SSAT AL,fiducial,ILIS -1 side,ILIS -1 side,p97,p97,z,-481.3,,mm,false
3,SSAT AL,fiducial,ILIS -1 side,ILIS -1 side,p98,p98,x,2191.0,,mm,false
3,SSAT AL,fiducial,ILIS -1 side,ILIS -1 side,p98,p98,y,-385.4,,mm,false
3,SSAT AL,fiducial,ILIS -1 side,ILIS -1 side,p98,p98,z,-179.9,,mm,false
3,SSAT AL,fiducial,ILIS -1 side,ILIS -1 side,p99,p99,x,2470.0,,mm,false
3,SSAT AL,fiducial,ILIS -1 side,ILIS -1 side,p99,p99,y,-434.6,,mm,false
3,SSAT AL,fiducial,ILIS -1 side,ILIS -1 side,p99,p99,z,-184.5,,mm,false
3,SSAT AL,fiducial,ILIS -1 side,ILIS -1 side,p100,p100,x,2774.4,,mm,false
3,SSAT AL,fiducial,ILIS -1 side,ILIS -1 side,p100,p100,y,-488.3,,mm,false
3,SSAT AL,fiducial,ILIS -1 side,ILIS -1 side,p100,p100,z,-168.0,,mm,false
3,SSAT AL,fiducial,ILIS -1 side,ILIS -1 side,p101,p101,x,3013.8,,mm,false
3,SSAT AL,fiducial,ILIS -1 side,ILIS -1 side,p101,p101,y,-530.5,,mm,false
3,SSAT AL,fiducial,ILIS -1 side,ILIS -1 side,p101,p101,z,-153.3,,mm,false
3,SSAT AL,fiducial,ILIS -1 side,ILIS -1 side,p102,p102,x,2177.6,,mm,false
3,SSAT AL,fiducial,ILIS -1 side,ILIS -1 side,p102,p102,y,-383.0,,mm,false
3,SSAT AL,fiducial,ILIS -1 side,ILIS -1 side,p102,p102,z,190.2,,mm,false
3,SSAT AL,fiducial,ILIS -1 side,ILIS -1 side,p103,p103,x,2173.0,,mm,false
3,SSAT AL,fiducial,ILIS -1 side,ILIS -1 side,p103,p103,y,-382.2,,mm,false
3,SSAT AL,fiducial,ILIS -1 side,ILIS -1 side,p103,p103,z,448.2,,mm,false
3,SSAT AL,fiducial,ILIS -1 side,ILIS -1 side,p104,p104,x,2976.7,,mm,false
3,SSAT AL,fiducial,ILIS -1 side,ILIS -1 side,p104,p104,y,-524.0,,mm,false
3,SSAT AL,fiducial,ILIS -1 side,ILIS -1 side,p104,p104,z,-1468.8,,mm,false
3,SSAT AL,fiducial,ILIS -1 side,ILIS -1 side,p105,p105,x,2681.9,,mm,false
3,SSAT AL,fiducial,ILIS -1 side,ILIS -1 side,p105,p105,y,-472.0,,mm,false
3,SSAT AL,fiducial,ILIS -1 side,ILIS -1 side,p105,p105,z,-1468.3,,mm,false
3,SSAT AL,fiducial,ILIS -1 side,ILIS -1 side,p106,p106,x,2432.5,,mm,false
3,SSAT AL,fiducial,ILIS -1 side,ILIS -1 side,p106,p106,y,-428.1,,mm,false
3,SSAT AL,fiducial,ILIS -1 side,ILIS -1 side,p106,p106,z,-1470.5,,mm,false
3,SSAT AL,fiducial,ILIS -1 side,ILIS -1 side,p107,p107,x,2475.8,,mm,false
3,SSAT AL,fiducial,ILIS -1 side,ILIS -1 side,p107,p107,y,-435.7,,mm,false
3,SSAT AL,fiducial,ILIS -1 side,ILIS -1 side,p107,p107,z,-1153.9,,mm,false
3,SSAT AL,fiducial,ILIS -1 side,ILIS -1 side,p108,p108,x,2775.1,,mm,false
3,SSAT AL,fiducial,ILIS -1 side,ILIS -1 side,p108,p108,y,-488.4,,mm,false
3,SSAT AL,fiducial,ILIS -1 side,ILIS -1 side,p108,p108,z,-1147.4,,mm,false
3,SSAT AL,fiducial,ILIS -1 side,ILIS -1 side,p109,p109,x,3010.7,,mm,false
3,SSAT AL,fiducial,ILIS -1 side,ILIS -1 side,p109,p109,y,-530.1,,mm,false
3,SSAT AL,fiducial,ILIS -1 side,ILIS -1 side,p109,p109,z,-1145.8,,mm,false
3,SSAT AL,fiducial,ILIS -1 side,ILIS -1 side,p110,p110,x,3006.2,,mm,false
3,SSAT AL,fiducial,ILIS -1 side,ILIS -1 side,p110,p110,y,-529.2,,mm,false
3,SSAT AL,fiducial,ILIS -1 side,ILIS -1 side,p110,p110,z,-836.7,,mm,false
3,SSAT AL,fiducial,ILIS -1 side,ILIS -1 side,p111,p111,x,2705.6,,mm,false
3,SSAT AL,fiducial,ILIS -1 side,ILIS -1 side,p111,p111,y,-476.2,,mm,false
3,SSAT AL,fiducial,ILIS -1 side,ILIS -1 side,p111,p111,z,-792.5,,mm,false
3,SSAT AL,fiducial,ILIS -1 side,ILIS -1 side,p112,p112,x,2407.6,,mm,false
3,SSAT AL,fiducial,ILIS -1 side,ILIS -1 side,p112,p112,y,-423.7,,mm,false
3,SSAT AL,fiducial,ILIS -1 side,ILIS -1 side,p112,p112,z,-803.3,,mm,false
3,SSAT AL,fiducial,ILIS -1 side,ILIS -1 side,p113,p113,x,2453.3,,mm,false
3,SSAT AL,fiducial,ILIS -1 side,ILIS -1 side,p113,p113,y,-431.7,,mm,false
3,SSAT AL,fiducial,ILIS -1 side,ILIS -1 side,p113,p113,z,-534.1,,mm,false
3,SSAT AL,fiducial,ILIS -1 side,ILIS -1 side,p114,p114,x,2747.7,,mm,false
3,SSAT AL,fiducial,ILIS -1 side,ILIS -1 side,p114,p114,y,-483.6,,mm,false
3,SSAT AL,fiducial,ILIS -1 side,ILIS -1 side,p114,p114,z,-524.2,,mm,false
3,SSAT AL,fiducial,ILIS -1 side,ILIS -1 side,p115,p115,x,2975.6,,mm,false
3,SSAT AL,fiducial,ILIS -1 side,ILIS -1 side,p115,p115,y,-523.7,,mm,false
3,SSAT AL,fiducial,ILIS -1 side,ILIS -1 side,p115,p115,z,-518.2,,mm,false
3,SSAT AL,fiducial,ILIS -1 side,ILIS -1 side,p116,p116,x,2704.1,,mm,false
3,SSAT AL,fiducial,ILIS -1 side,ILIS -1 side,p116,p116,y,-476.0,,mm,false
3,SSAT AL,fiducial,ILIS -1 side,ILIS -1 side,p116,p116,z,-1800.1,,mm,false
3,SSAT AL,fiducial,ILIS -1 side,ILIS -1 side,p117,p117,x,3011.7,,mm,false
3,SSAT AL,fiducial,ILIS -1 side,ILIS -1 side,p117,p117,y,-530.2,,mm,false
3,SSAT AL,fiducial,ILIS -1 side,ILIS -1 side,p117,p117,z,-1791.6,,mm,false
3,SSAT AL,fiducial,ILIS -1 side,ILIS -1 side,p118,p118,x,2985.4,,mm,false
3,SSAT AL,fiducial,ILIS -1 side,ILIS -1 side,p118,p118,y,-525.7,,mm,false
3,SSAT AL,fiducial,ILIS -1 side,ILIS -1 side,p118,p118,z,-1516.6,,mm,false
3,SSAT AL,fiducial,ILIS -1 side,ILIS -1 side,p119,p119,x,2672.8,,mm,false
3,SSAT AL,fiducial,ILIS -1 side,ILIS -1 side,p119,p119,y,-470.5,,mm,false
3,SSAT AL,fiducial,ILIS -1 side,ILIS -1 side,p119,p119,z,-1518.7,,mm,false
3,SSAT AL,fiducial,ILIS -1 side,ILIS -1 side,p120,p120,x,2428.2,,mm,false
3,SSAT AL,fiducial,ILIS -1 side,ILIS -1 side,p120,p120,y,-427.4,,mm,false
3,SSAT AL,fiducial,ILIS -1 side,ILIS -1 side,p120,p120,z,-1523.0,,mm,false
3,SSAT AL,fiducial,ILIS -1 side,ILIS -1 side,p121,p121,x,2216.3,,mm,false
3,SSAT AL,fiducial,ILIS -1 side,ILIS -1 side,p121,p121,y,-390.0,,mm,false
3,SSAT AL,fiducial,ILIS -1 side,ILIS -1 side,p121,p121,z,-1473.5,,mm,false
3,SSAT AL,fiducial,ILIS -1 side,ILIS -1 side,p122,p122,x,2180.8,,mm,false
3,SSAT AL,fiducial,ILIS -1 side,ILIS -1 side,p122,p122,y,-383.6,,mm,false
3,SSAT AL,fiducial,ILIS -1 side,ILIS -1 side,p122,p122,z,-1172.9,,mm,false
3,SSAT AL,fiducial,ILIS -1 side,ILIS -1 side,p123,p123,x,2983.8,,mm,false
3,SSAT AL,fiducial,ILIS -1 side,ILIS -1 side,p123,p123,y,-525.4,,mm,false
3,SSAT AL,fiducial,ILIS -1 side,ILIS -1 side,p123,p123,z,-2473.9,,mm,false
3,SSAT AL,fiducial,ILIS -1 side,ILIS -1 side,p124,p124,x,2714.1,,mm,false
3,SSAT AL,fiducial,ILIS -1 side,ILIS -1 side,p124,p124,y,-477.8,,mm,false
3,SSAT AL,fiducial,ILIS -1 side,ILIS -1 side,p124,p124,z,-2470.8,,mm,false
3,SSAT AL,fiducial,ILIS -1 side,ILIS -1 side,p125,p125,x,2435.4,,mm,false
3,SSAT AL,fiducial,ILIS -1 side,ILIS -1 side,p125,p125,y,-428.7,,mm,false
3,SSAT AL,fiducial,ILIS -1 side,ILIS -1 side,p125,p125,z,-2465.8,,mm,false
3,SSAT AL,fiducial,ILIS -1 side,ILIS -1 side,p126,p126,x,2995.7,,mm,false
3,SSAT AL,fiducial,ILIS -1 side,ILIS -1 side,p126,p126,y,-527.4,,mm,false
3,SSAT AL,fiducial,ILIS -1 side,ILIS -1 side,p126,p126,z,-2088.9,,mm,false
3,SSAT AL,fiducial,ILIS -1 side,ILIS -1 side,p127,p127,x,2683.9,,mm,false
3,SSAT AL,fiducial,ILIS -1 side,ILIS -1 side,p127,p127,y,-472.4,,mm,false
3,SSAT AL,fiducial,ILIS -1 side,ILIS -1 side,p127,p127,z,-2097.2,,mm,false
3,SSAT AL,fiducial,ILIS -1 side,ILIS -1 side,p128,p128,x,2410.0,,mm,false
3,SSAT AL,fiducial,ILIS -1 side,ILIS -1 side,p128,p128,y,-424.2,,mm,false
3,SSAT AL,fiducial,ILIS -1 side,ILIS -1 side,p128,p128,z,-2086.0,,mm,false
3,SSAT AL,fiducial,ILIS -1 side,ILIS -1 side,p129,p129,x,2187.5,,mm,false
3,SSAT AL,fiducial,ILIS -1 side,ILIS -1 side,p129,p129,y,-384.8,,mm,false
3,SSAT AL,fiducial,ILIS -1 side,ILIS -1 side,p129,p129,z,-1798.8,,mm,false
3,SSAT AL,fiducial,ILIS -1 side,ILIS -1 side,p130,p130,x,2426.8,,mm,false
3,SSAT AL,fiducial,ILIS -1 side,ILIS -1 side,p130,p130,y,-427.0,,mm,false
3,SSAT AL,fiducial,ILIS -1 side,ILIS -1 side,p130,p130,z,-1796.9,,mm,false
3,SSAT AL,fiducial,ILIS -1 side,ILIS -1 side,p131,p131,x,2212.0,,mm,false
3,SSAT AL,fiducial,ILIS -1 side,ILIS -1 side,p131,p131,y,-389.1,,mm,false
3,SSAT AL,fiducial,ILIS -1 side,ILIS -1 side,p131,p131,z,-1518.1,,mm,false
3,SSAT AL,fiducial,ILIS -1 side,ILIS -1 side,p132,p132,x,2494.4,,mm,false
3,SSAT AL,fiducial,ILIS -1 side,ILIS -1 side,p132,p132,y,-439.1,,mm,false
3,SSAT AL,fiducial,ILIS -1 side,ILIS -1 side,p132,p132,z,-3084.0,,mm,false
3,SSAT AL,fiducial,ILIS -1 side,ILIS -1 side,p133,p133,x,2791.8,,mm,false
3,SSAT AL,fiducial,ILIS -1 side,ILIS -1 side,p133,p133,y,-491.5,,mm,false
3,SSAT AL,fiducial,ILIS -1 side,ILIS -1 side,p133,p133,z,-3090.4,,mm,false
3,SSAT AL,fiducial,ILIS -1 side,ILIS -1 side,p134,p134,x,3012.9,,mm,false
3,SSAT AL,fiducial,ILIS -1 side,ILIS -1 side,p134,p134,y,-530.5,,mm,false
3,SSAT AL,fiducial,ILIS -1 side,ILIS -1 side,p134,p134,z,-3095.5,,mm,false
3,SSAT AL,fiducial,ILIS -1 side,ILIS -1 side,p135,p135,x,3002.1,,mm,false
3,SSAT AL,fiducial,ILIS -1 side,ILIS -1 side,p135,p135,y,-528.6,,mm,false
3,SSAT AL,fiducial,ILIS -1 side,ILIS -1 side,p135,p135,z,-2800.9,,mm,false
3,SSAT AL,fiducial,ILIS -1 side,ILIS -1 side,p136,p136,x,2715.4,,mm,false
3,SSAT AL,fiducial,ILIS -1 side,ILIS -1 side,p136,p136,y,-478.0,,mm,false
3,SSAT AL,fiducial,ILIS -1 side,ILIS -1 side,p136,p136,z,-2797.0,,mm,false
3,SSAT AL,fiducial,ILIS -1 side,ILIS -1 side,p137,p137,x,2407.8,,mm,false
3,SSAT AL,fiducial,ILIS -1 side,ILIS -1 side,p137,p137,y,-423.7,,mm,false
3,SSAT AL,fiducial,ILIS -1 side,ILIS -1 side,p137,p137,z,-2801.1,,mm,false
3,SSAT AL,fiducial,ILIS -1 side,ILIS -1 side,p138,p138,x,2982.7,,mm,false
3,SSAT AL,fiducial,ILIS -1 side,ILIS -1 side,p138,p138,y,-525.1,,mm,false
3,SSAT AL,fiducial,ILIS -1 side,ILIS -1 side,p138,p138,z,-2524.3,,mm,false
3,SSAT AL,fiducial,ILIS -1 side,ILIS -1 side,p139,p139,x,2700.7,,mm,false
3,SSAT AL,fiducial,ILIS -1 side,ILIS -1 side,p139,p139,y,-475.4,,mm,false
3,SSAT AL,fiducial,ILIS -1 side,ILIS -1 side,p139,p139,z,-2525.4,,mm,false
3,SSAT AL,fiducial,ILIS -1 side,ILIS -1 side,p140,p140,x,2431.8,,mm,false
3,SSAT AL,fiducial,ILIS -1 side,ILIS -1 side,p140,p140,y,-428.0,,mm,false
3,SSAT AL,fiducial,ILIS -1 side,ILIS -1 side,p140,p140,z,-2528.7,,mm,false
3,SSAT AL,fiducial,ILIS -1 side,ILIS -1 side,p141,p141,x,2220.4,,mm,false
3,SSAT AL,fiducial,ILIS -1 side,ILIS -1 side,p141,p141,y,-390.7,,mm,false
3,SSAT AL,fiducial,ILIS -1 side,ILIS -1 side,p141,p141,z,-2468.9,,mm,false
3,SSAT AL,fiducial,ILIS -1 side,ILIS -1 side,p142,p142,x,2186.5,,mm,false
3,SSAT AL,fiducial,ILIS -1 side,ILIS -1 side,p142,p142,y,-384.6,,mm,false
3,SSAT AL,fiducial,ILIS -1 side,ILIS -1 side,p142,p142,z,-2069.6,,mm,false
3,SSAT AL,fiducial,ILIS -1 side,ILIS -1 side,p143,p143,x,2998.4,,mm,false
3,SSAT AL,fiducial,ILIS -1 side,ILIS -1 side,p143,p143,y,-528.0,,mm,false
3,SSAT AL,fiducial,ILIS -1 side,ILIS -1 side,p143,p143,z,-3432.2,,mm,false
3,SSAT AL,fiducial,ILIS -1 side,ILIS -1 side,p144,p144,x,2690.4,,mm,false
3,SSAT AL,fiducial,ILIS -1 side,ILIS -1 side,p144,p144,y,-473.7,,mm,false
3,SSAT AL,fiducial,ILIS -1 side,ILIS -1 side,p144,p144,z,-3422.8,,mm,false
3,SSAT AL,fiducial,ILIS -1 side,ILIS -1 side,p145,p145,x,2390.5,,mm,false
3,SSAT AL,fiducial,ILIS -1 side,ILIS -1 side,p145,p145,y,-420.8,,mm,false
3,SSAT AL,fiducial,ILIS -1 side,ILIS -1 side,p145,p145,z,-3422.7,,mm,false
3,SSAT AL,fiducial,ILIS -1 side,ILIS -1 side,p146,p146,x,2201.0,,mm,false
3,SSAT AL,fiducial,ILIS -1 side,ILIS -1 side,p146,p146,y,-387.2,,mm,false
3,SSAT AL,fiducial,ILIS -1 side,ILIS -1 side,p146,p146,z,-3382.1,,mm,false
3,SSAT AL,fiducial,ILIS -1 side,ILIS -1 side,p147,p147,x,2192.4,,mm,false
3,SSAT AL,fiducial,ILIS -1 side,ILIS -1 side,p147,p147,y,-385.8,,mm,false
3,SSAT AL,fiducial,ILIS -1 side,ILIS -1 side,p147,p147,z,-3084.2,,mm,false
3,SSAT AL,fiducial,ILIS -1 side,ILIS -1 side,p148,p148,x,2200.5,,mm,false
3,SSAT AL,fiducial,ILIS -1 side,ILIS -1 side,p148,p148,y,-387.2,,mm,false
3,SSAT AL,fiducial,ILIS -1 side,ILIS -1 side,p148,p148,z,-2803.5,,mm,false
3,SSAT AL,fiducial,ILIS -1 side,ILIS -1 side,p149,p149,x,2219.3,,mm,false
3,SSAT AL,fiducial,ILIS -1 side,ILIS -1 side,p149,p149,y,-390.5,,mm,false
3,SSAT AL,fiducial,ILIS -1 side,ILIS -1 side,p149,p149,z,-2522.3,,mm,false
3,SSAT AL,fiducial,ILIS -1 side,ILIS -1 side,p150,p150,x,2577.7,,mm,false
3,SSAT AL,fiducial,ILIS -1 side,ILIS -1 side,p150,p150,y,-453.8,,mm,false
3,SSAT AL,fiducial,ILIS -1 side,ILIS -1 side,p150,p150,z,-3527.1,,mm,false
3,SSAT AL,fiducial,ILIS -1 side,ILIS -1 side,p151,p151,x,2372.5,,mm,false
3,SSAT AL,fiducial,ILIS -1 side,ILIS -1 side,p151,p151,y,-417.6,,mm,false
3,SSAT AL,fiducial,ILIS -1 side,ILIS -1 side,p151,p151,z,-3525.4,,mm,false
3,SSAT AL,fiducial,ILIS -1 side,ILIS -1 side,p152,p152,x,2228.2,,mm,false
3,SSAT AL,fiducial,ILIS -1 side,ILIS -1 side,p152,p152,y,-392.1,,mm,false
3,SSAT AL,fiducial,ILIS -1 side,ILIS -1 side,p152,p152,z,-3526.7,,mm,false
3,SSAT AL,fiducial,ILIS -1 side,ILIS -1 side,p153,p153,x,2377.3,,mm,false
3,SSAT AL,fiducial,ILIS -1 side,ILIS -1 side,p153,p153,y,-418.5,,mm,false
3,SSAT AL,fiducial,ILIS -1 side,ILIS -1 side,p153,p153,z,-3723.9,,mm,false
3,SSAT AL,fiducial,ILIS -1 side,ILIS -1 side,p154,p154,x,2564.1,,mm,false
3,SSAT AL,fiducial,ILIS -1 side,ILIS -1 side,p154,p154,y,-451.4,,mm,false
3,SSAT AL,fiducial,ILIS -1 side,ILIS -1 side,p154,p154,z,-3723.2,,mm,false
3,SSAT AL,fiducial,ILIS -1 side,ILIS -1 side,p155,p155,x,2575.7,,mm,false
3,SSAT AL,fiducial,ILIS -1 side,ILIS -1 side,p155,p155,y,-453.5,,mm,false
3,SSAT AL,fiducial,ILIS -1 side,ILIS -1 side,p155,p155,z,-3935.3,,mm,false
3,SSAT AL,fiducial,ILIS -1 side,ILIS -1 side,p156,p156,x,2374.1,,mm,false
3,SSAT AL,fiducial,ILIS -1 side,ILIS -1 side,p156,p156,y,-417.9,,mm,false
3,SSAT AL,fiducial,ILIS -1 side,ILIS -1 side,p156,p156,z,-3934.7,,mm,false
3,SSAT AL,fiducial,ILIS -1 side,ILIS -1 side,p157,p157,x,2659.1,,mm,false
3,SSAT AL,fiducial,ILIS -1 side,ILIS -1 side,p157,p157,y,-468.2,,mm,false
3,SSAT AL,fiducial,ILIS -1 side,ILIS -1 side,p157,p157,z,-3529.3,,mm,false
3,SSAT AL,fiducial,ILIS -1 side,ILIS -1 side,p158,p158,x,2813.5,,mm,false
3,SSAT AL,fiducial,ILIS -1 side,ILIS -1 side,p158,p158,y,-495.4,,mm,false
3,SSAT AL,fiducial,ILIS -1 side,ILIS -1 side,p158,p158,z,-3529.3,,mm,false
3,SSAT AL,fiducial,ILIS -1 side,ILIS -1 side,p159,p159,x,2984.5,,mm,false
3,SSAT AL,fiducial,ILIS -1 side,ILIS -1 side,p159,p159,y,-525.6,,mm,false
3,SSAT AL,fiducial,ILIS -1 side,ILIS -1 side,p159,p159,z,-3526.3,,mm,false
3,SSAT AL,fiducial,ILIS -1 side,ILIS -1 side,p160,p160,x,2964.1,,mm,false
3,SSAT AL,fiducial,ILIS -1 side,ILIS -1 side,p160,p160,y,-522.0,,mm,false
3,SSAT AL,fiducial,ILIS -1 side,ILIS -1 side,p160,p160,z,-3729.1,,mm,false
3,SSAT AL,fiducial,ILIS -1 side,ILIS -1 side,p161,p161,x,2797.7,,mm,false
3,SSAT AL,fiducial,ILIS -1 side,ILIS -1 side,p161,p161,y,-492.7,,mm,false
3,SSAT AL,fiducial,ILIS -1 side,ILIS -1 side,p161,p161,z,-3723.2,,mm,false
3,SSAT AL,fiducial,ILIS -1 side,ILIS -1 side,p162,p162,x,2628.7,,mm,false
3,SSAT AL,fiducial,ILIS -1 side,ILIS -1 side,p162,p162,y,-462.8,,mm,false
3,SSAT AL,fiducial,ILIS -1 side,ILIS -1 side,p162,p162,z,-3722.8,,mm,false
3,SSAT AL,fiducial,ILIS -1 side,ILIS -1 side,p163,p163,x,2631.1,,mm,false
3,SSAT AL,fiducial,ILIS -1 side,ILIS -1 side,p163,p163,y,-463.3,,mm,false
3,SSAT AL,fiducial,ILIS -1 side,ILIS -1 side,p163,p163,z,-3926.2,,mm,false
3,SSAT AL,fiducial,ILIS -1 side,ILIS -1 side,p164,p164,x,2810.3,,mm,false
3,SSAT AL,fiducial,ILIS -1 side,ILIS -1 side,p164,p164,y,-494.9,,mm,false
3,SSAT AL,fiducial,ILIS -1 side,ILIS -1 side,p164,p164,z,-3920.5,,mm,false
3,SSAT AL,fiducial,ILIS -1 side,ILIS -1 side,p165,p165,x,3007.5,,mm,false
3,SSAT AL,fiducial,ILIS -1 side,ILIS -1 side,p165,p165,y,-529.6,,mm,false
3,SSAT AL,fiducial,ILIS -1 side,ILIS -1 side,p165,p165,z,-3931.8,,mm,false
3,SSAT AL,fiducial,ILIS -1 side,ILIS -1 side,p166,p166,x,2382.9,,mm,false
3,SSAT AL,fiducial,ILIS -1 side,ILIS -1 side,p166,p166,y,-419.6,,mm,false
3,SSAT AL,fiducial,ILIS -1 side,ILIS -1 side,p166,p166,z,-4024.4,,mm,false
3,SSAT AL,fiducial,ILIS -1 side,ILIS -1 side,p167,p167,x,2567.6,,mm,false
3,SSAT AL,fiducial,ILIS -1 side,ILIS -1 side,p167,p167,y,-452.2,,mm,false
3,SSAT AL,fiducial,ILIS -1 side,ILIS -1 side,p167,p167,z,-4022.8,,mm,false
3,SSAT AL,fiducial,ILIS -1 side,ILIS -1 side,p168,p168,x,2558.3,,mm,false
3,SSAT AL,fiducial,ILIS -1 side,ILIS -1 side,p168,p168,y,-450.5,,mm,false
3,SSAT AL,fiducial,ILIS -1 side,ILIS -1 side,p168,p168,z,-4203.9,,mm,false
3,SSAT AL,fiducial,ILIS -1 side,ILIS -1 side,p169,p169,x,2401.2,,mm,false
3,SSAT AL,fiducial,ILIS -1 side,ILIS -1 side,p169,p169,y,-422.8,,mm,false
3,SSAT AL,fiducial,ILIS -1 side,ILIS -1 side,p169,p169,z,-4211.5,,mm,false
3,SSAT AL,fiducial,ILIS -1 side,ILIS -1 side,p170,p170,x,2408.0,,mm,false
3,SSAT AL,fiducial,ILIS -1 side,ILIS -1 side,p170,p170,y,-424.0,,mm,false
3,SSAT AL,fiducial,ILIS -1 side,ILIS -1 side,p170,p170,z,-4435.4,,mm,false
3,SSAT AL,fiducial,ILIS -1 side,ILIS -1 side,p171,p171,x,2565.8,,mm,false
3,SSAT AL,fiducial,ILIS -1 side,ILIS -1 side,p171,p171,y,-451.8,,mm,false
3,SSAT AL,fiducial,ILIS -1 side,ILIS -1 side,p171,p171,z,-4429.2,,mm,false
3,SSAT AL,fiducial,ILIS -1 side,ILIS -1 side,p172,p172,x,2972.8,,mm,false
3,SSAT AL,fiducial,ILIS -1 side,ILIS -1 side,p172,p172,y,-523.6,,mm,false
3,SSAT AL,fiducial,ILIS -1 side,ILIS -1 side,p172,p172,z,-4027.3,,mm,false
3,SSAT AL,fiducial,ILIS -1 side,ILIS -1 side,p173,p173,x,2827.8,,mm,false
3,SSAT AL,fiducial,ILIS -1 side,ILIS -1 side,p173,p173,y,-498.0,,mm,false
3,SSAT AL,fiducial,ILIS -1 side,ILIS -1 side,p173,p173,z,-4031.0,,mm,false
3,SSAT AL,fiducial,ILIS -1 side,ILIS -1 side,p174,p174,x,2665.7,,mm,false
3,SSAT AL,fiducial,ILIS -1 side,ILIS -1 side,p174,p174,y,-469.4,,mm,false
3,SSAT AL,fiducial,ILIS -1 side,ILIS -1 side,p174,p174,z,-4029.4,,mm,false
3,SSAT AL,fiducial,ILIS -1 side,ILIS -1 side,p175,p175,x,2643.9,,mm,false
3,SSAT AL,fiducial,ILIS -1 side,ILIS -1 side,p175,p175,y,-465.5,,mm,false
3,SSAT AL,fiducial,ILIS -1 side,ILIS -1 side,p175,p175,z,-4213.0,,mm,false
3,SSAT AL,fiducial,ILIS -1 side,ILIS -1 side,p176,p176,x,2810.4,,mm,false
3,SSAT AL,fiducial,ILIS -1 side,ILIS -1 side,p176,p176,y,-494.9,,mm,false
3,SSAT AL,fiducial,ILIS -1 side,ILIS -1 side,p176,p176,z,-4216.4,,mm,false
3,SSAT AL,fiducial,ILIS -1 side,ILIS -1 side,p177,p177,x,2973.0,,mm,false
3,SSAT AL,fiducial,ILIS -1 side,ILIS -1 side,p177,p177,y,-523.6,,mm,false
3,SSAT AL,fiducial,ILIS -1 side,ILIS -1 side,p177,p177,z,-4230.6,,mm,false
3,SSAT AL,fiducial,ILIS -1 side,ILIS -1 side,p178,p178,x,2966.1,,mm,false
3,SSAT AL,fiducial,ILIS -1 side,ILIS -1 side,p178,p178,y,-522.5,,mm,false
3,SSAT AL,fiducial,ILIS -1 side,ILIS -1 side,p178,p178,z,-4425.6,,mm,false
3,SSAT AL,fiducial,ILIS -1 side,ILIS -1 side,p179,p179,x,2808.9,,mm,false
3,SSAT AL,fiducial,ILIS -1 side,ILIS -1 side,p179,p179,y,-494.7,,mm,false
3,SSAT AL,fiducial,ILIS -1 side,ILIS -1 side,p179,p179,z,-4416.4,,mm,false
3,SSAT AL,fiducial,ILIS -1 side,ILIS -1 side,p180,p180,x,2634.9,,mm,false
3,SSAT AL,fiducial,ILIS -1 side,ILIS -1 side,p180,p180,y,-464.0,,mm,false
3,SSAT AL,fiducial,ILIS -1 side,ILIS -1 side,p180,p180,z,-4411.1,,mm,false
3,SSAT AL,fiducial,ILIS -1 side,ILIS -1 side,p181,p181,x,2187.7,,mm,false
3,SSAT AL,fiducial,ILIS -1 side,ILIS -1 side,p181,p181,y,-385.0,,mm,false
3,SSAT AL,fiducial,ILIS -1 side,ILIS -1 side,p181,p181,z,-3732.5,,mm,false
3,SSAT AL,fiducial,ILIS -1 side,ILIS -1 side,p182,p182,x,2192.5,,mm,false
3,SSAT AL,fiducial,ILIS -1 side,ILIS -1 side,p182,p182,y,-385.9,,mm,false
3,SSAT AL,fiducial,ILIS -1 side,ILIS -1 side,p182,p182,z,-3933.4,,mm,false
3,SSAT AL,fiducial,ILIS -1 side,ILIS -1 side,p183,p183,x,2236.0,,mm,false
3,SSAT AL,fiducial,ILIS -1 side,ILIS -1 side,p183,p183,y,-393.6,,mm,false
3,SSAT AL,fiducial,ILIS -1 side,ILIS -1 side,p183,p183,z,-4029.3,,mm,false
3,SSAT AL,fiducial,ILIS -1 side,ILIS -1 side,p184,p184,x,2245.6,,mm,false
3,SSAT AL,fiducial,ILIS -1 side,ILIS -1 side,p184,p184,y,-395.3,,mm,false
3,SSAT AL,fiducial,ILIS -1 side,ILIS -1 side,p184,p184,z,-4230.5,,mm,false
3,SSAT AL,fiducial,ILIS -1 side,ILIS -1 side,p185,p185,x,2244.9,,mm,false
3,SSAT AL,fiducial,ILIS -1 side,ILIS -1 side,p185,p185,y,-395.2,,mm,false
3,SSAT AL,fiducial,ILIS -1 side,ILIS -1 side,p185,p185,z,-4436.4,,mm,false
