record_type	series	part	order	r_m	z_m	psi_n	inside_limiter	boundary_fill	value
metadata	shot								21978
metadata	slice_index								46
metadata	time_s								0.24499998986721039
metadata	flux_unit								Wb
metadata	normalisation								(psi-axis_psi)/(boundary_psi-axis_psi)
metadata	axis_psi_Wb								0.33296397013155626
metadata	boundary_psi_Wb								-0.16010901066867111
metadata	axis_r_m								0.90231215953826904
metadata	axis_z_m								0.0055591333657503128
metadata	grid_rows								65
metadata	grid_columns								65
metadata	machine_physical_digest								b55c5bb005a2cb67
metadata	machine_evidence								observed
metadata	nearest_passive_structure								coil_cases
metadata	nearest_passive_distance_m								0.010382499015126334
metadata	nearest_active_structures								p2_outer_lower,p2_outer_upper
metadata	nearest_active_distance_min_m								0.021912499015126378
metadata	nearest_active_distance_max_m								0.034824266113304803
metadata	source								/work/projects/imas_gpu/mast/level1/shots/21978.zarr/efm
grid	normalised_flux	0	0	0.059999998658895493	-2	0.67566885289207912	0	0	-
grid	normalised_flux	0	1	0.09031249867985025	-2	0.67612288037633905	0	0	-
grid	normalised_flux	0	2	0.12062499870080501	-2	0.67670121343228329	0	0	-
grid	normalised_flux	0	3	0.15093749872175977	-2	0.67735327773526621	0	0	-
grid	normalised_flux	0	4	0.18124999874271452	-2	0.67802372223317742	0	0	-
grid	normalised_flux	0	5	0.21156249876366928	-2	0.67866293319464033	0	0	-
grid	normalised_flux	0	6	0.24187499878462404	-2	0.6792488838697095	0	0	-
grid	normalised_flux	0	7	0.2721874988055788	-2	0.67976210222943967	0	0	-
grid	normalised_flux	0	8	0.30249999882653356	-2	0.68022713043281779	0	0	-
grid	normalised_flux	0	9	0.33281249884748831	-2	0.68073039619143616	0	0	-
grid	normalised_flux	0	10	0.36312499886844307	-2	0.68143246104063271	0	0	-
grid	normalised_flux	0	11	0.39343749888939783	-2	0.68258230022297628	0	0	-
grid	normalised_flux	0	12	0.42374999891035259	-2	0.68452589457640001	0	0	-
grid	normalised_flux	0	13	0.45406249893130735	-2	0.68778322411749304	0	0	-
grid	normalised_flux	0	14	0.4843749989522621	-2	0.69255755021498921	0	0	-
grid	normalised_flux	0	15	0.51468749897321686	-2	0.69894590368324505	0	0	-
grid	normalised_flux	0	16	0.54499999899417162	-2	0.70737989719006078	0	0	-
grid	normalised_flux	0	17	0.57531249901512638	-2	0.71761619416283695	0	0	-
grid	normalised_flux	0	18	0.60562499903608114	-2	0.72934343202262775	0	0	-
grid	normalised_flux	0	19	0.63593749905703589	-2	0.74238935318471133	0	0	-
grid	normalised_flux	0	20	0.66624999907799065	-2	0.75653441297045643	0	0	-
grid	normalised_flux	0	21	0.69656249909894541	-2	0.77156653448987356	0	0	-
grid	normalised_flux	0	22	0.72687499911990017	-2	0.78729036846217504	0	0	-
grid	normalised_flux	0	23	0.75718749914085492	-2	0.80362783688740336	0	0	-
grid	normalised_flux	0	24	0.78749999916180968	-2	0.8204885548973907	0	0	-
grid	normalised_flux	0	25	0.81781249918276444	-2	0.83795614273650532	0	0	-
grid	normalised_flux	0	26	0.8481249992037192	-2	0.85582376906514279	0	0	-
grid	normalised_flux	0	27	0.87843749922467396	-2	0.87400945138995934	0	0	-
grid	normalised_flux	0	28	0.90874999924562871	-2	0.89237205829653099	0	0	-
grid	normalised_flux	0	29	0.93906249926658347	-2	0.91088676242873823	0	0	-
grid	normalised_flux	0	30	0.96937499928753823	-2	0.92952178192248525	0	0	-
grid	normalised_flux	0	31	0.99968749930849299	-2	0.94824025551194602	0	0	-
grid	normalised_flux	0	32	1.0299999993294477	-2	0.96700325694087197	0	0	-
grid	normalised_flux	0	33	1.0603124993504025	-2	0.98577012725990065	0	0	-
grid	normalised_flux	0	34	1.0906249993713573	-2	1.0044983324134236	0	0	-
grid	normalised_flux	0	35	1.120937499392312	-2	1.0231434395040644	0	0	-
grid	normalised_flux	0	36	1.1512499994132668	-2	1.0416590455861114	0	0	-
grid	normalised_flux	0	37	1.1815624994342215	-2	1.0599969200786519	0	0	-
grid	normalised_flux	0	38	1.2118749994551763	-2	1.0781069098234823	0	0	-
grid	normalised_flux	0	39	1.2421874994761311	-2	1.0959369390851086	0	0	-
grid	normalised_flux	0	40	1.2724999994970858	-2	1.1134331994349236	0	0	-
grid	normalised_flux	0	41	1.3028124995180406	-2	1.1305406244616487	0	0	-
grid	normalised_flux	0	42	1.3331249995389953	-2	1.1472031033910324	0	0	-
grid	normalised_flux	0	43	1.3634374995599501	-2	1.163364430506735	0	0	-
grid	normalised_flux	0	44	1.3937499995809048	-2	1.1789688273318144	0	0	-
grid	normalised_flux	0	45	1.4240624996018596	-2	1.1939612749260367	0	0	-
grid	normalised_flux	0	46	1.4543749996228144	-2	1.2082879885963158	0	0	-
grid	normalised_flux	0	47	1.4846874996437691	-2	1.221896038128363	0	0	-
grid	normalised_flux	0	48	1.5149999996647239	-2	1.2347313540028273	0	0	-
grid	normalised_flux	0	49	1.5453124996856786	-2	1.2467316067386667	0	0	-
grid	normalised_flux	0	50	1.5756249997066334	-2	1.2577929296911585	0	0	-
grid	normalised_flux	0	51	1.6059374997275881	-2	1.2678732160440929	0	0	-
grid	normalised_flux	0	52	1.6362499997485429	-2	1.2774285201191542	0	0	-
grid	normalised_flux	0	53	1.6665624997694977	-2	1.2866154014201345	0	0	-
grid	normalised_flux	0	54	1.6968749997904524	-2	1.2958574915455259	0	0	-
grid	normalised_flux	0	55	1.7271874998114072	-2	1.3045979076757497	0	0	-
grid	normalised_flux	0	56	1.7574999998323619	-2	1.3124940038137287	0	0	-
grid	normalised_flux	0	57	1.7878124998533167	-2	1.319355895782639	0	0	-
grid	normalised_flux	0	58	1.8181249998742715	-2	1.3252958051309838	0	0	-
grid	normalised_flux	0	59	1.8484374998952262	-2	1.3303568830379455	0	0	-
grid	normalised_flux	0	60	1.878749999916181	-2	1.3345656658172356	0	0	-
grid	normalised_flux	0	61	1.9090624999371357	-2	1.337946173817222	0	0	-
grid	normalised_flux	0	62	1.9393749999580905	-2	1.3405276966721802	0	0	-
grid	normalised_flux	0	63	1.9696874999790452	-2	1.3423561388818566	0	0	-
grid	normalised_flux	0	64	2	-2	1.3435770941388308	0	0	-
grid	normalised_flux	1	0	0.059999998658895493	-1.9375	0.67579310978739948	0	0	-
grid	normalised_flux	1	1	0.09031249867985025	-1.9375	0.67637269479941775	0	0	-
grid	normalised_flux	1	2	0.12062499870080501	-1.9375	0.67707135610454838	0	0	-
grid	normalised_flux	1	3	0.15093749872175977	-1.9375	0.67778513313586652	0	0	-
grid	normalised_flux	1	4	0.18124999874271452	-1.9375	0.67839808667600288	0	0	-
grid	normalised_flux	1	5	0.21156249876366928	-1.9375	0.67879673552487996	0	0	-
grid	normalised_flux	1	6	0.24187499878462404	-1.9375	0.67886624945176888	0	0	-
grid	normalised_flux	1	7	0.2721874988055788	-1.9375	0.67851395236888346	0	0	-
grid	normalised_flux	1	8	0.30249999882653356	-1.9375	0.67768953145954758	0	0	-
grid	normalised_flux	1	9	0.33281249884748831	-1.9375	0.67641915485872905	0	0	-
grid	normalised_flux	1	10	0.36312499886844307	-1.9375	0.67485205219794087	0	0	-
grid	normalised_flux	1	11	0.39343749888939783	-1.9375	0.67333358139673627	0	0	-
grid	normalised_flux	1	12	0.42374999891035259	-1.9375	0.67250300353005366	0	0	-
grid	normalised_flux	1	13	0.45406249893130735	-1.9375	0.67329996058597874	0	0	-
grid	normalised_flux	1	14	0.4843749989522621	-1.9375	0.6768476979486765	0	0	-
grid	normalised_flux	1	15	0.51468749897321686	-1.9375	0.68377386793664685	0	0	-
grid	normalised_flux	1	16	0.54499999899417162	-1.9375	0.69378622545052748	0	0	-
grid	normalised_flux	1	17	0.57531249901512638	-1.9375	0.70637798519881323	0	0	-
grid	normalised_flux	1	18	0.60562499903608114	-1.9375	0.72097732507596668	0	0	-
grid	normalised_flux	1	19	0.63593749905703589	-1.9375	0.73703966913061958	0	0	-
grid	normalised_flux	1	20	0.66624999907799065	-1.9375	0.75416559599682376	0	0	-
grid	normalised_flux	1	21	0.69656249909894541	-1.9375	0.7720604766387158	0	0	-
grid	normalised_flux	1	22	0.72687499911990017	-1.9375	0.79051587163506842	0	0	-
grid	normalised_flux	1	23	0.75718749914085492	-1.9375	0.80939133196771795	0	0	-
grid	normalised_flux	1	24	0.78749999916180968	-1.9375	0.82858433798282138	0	0	-
grid	normalised_flux	1	25	0.81781249918276444	-1.9375	0.84831126269986912	0	0	-
grid	normalised_flux	1	26	0.8481249992037192	-1.9375	0.86829228804878955	0	0	-
grid	normalised_flux	1	27	0.87843749922467396	-1.9375	0.88844921735201488	0	0	-
grid	normalised_flux	1	28	0.90874999924562871	-1.9375	0.9087441093774633	0	0	-
grid	normalised_flux	1	29	0.93906249926658347	-1.9375	0.92914486183149081	0	0	-
grid	normalised_flux	1	30	0.96937499928753823	-1.9375	0.94962560299500509	0	0	-
grid	normalised_flux	1	31	0.99968749930849299	-1.9375	0.97015963040564057	0	0	-
grid	normalised_flux	1	32	1.0299999993294477	-1.9375	0.99071656259510532	0	0	-
grid	normalised_flux	1	33	1.0603124993504025	-1.9375	1.0112612235196428	0	0	-
grid	normalised_flux	1	34	1.0906249993713573	-1.9375	1.0317535713534653	0	0	-
grid	normalised_flux	1	35	1.120937499392312	-1.9375	1.0521486272821883	0	0	-
grid	normalised_flux	1	36	1.1512499994132668	-1.9375	1.0723967128580498	0	0	-
grid	normalised_flux	1	37	1.1815624994342215	-1.9375	1.0924437822972217	0	0	-
grid	normalised_flux	1	38	1.2118749994551763	-1.9375	1.1122318497192063	0	0	-
grid	normalised_flux	1	39	1.2421874994761311	-1.9375	1.1316995350638461	0	0	-
grid	normalised_flux	1	40	1.2724999994970858	-1.9375	1.1507827524214624	0	0	-
grid	normalised_flux	1	41	1.3028124995180406	-1.9375	1.1694153271564327	0	0	-
grid	normalised_flux	1	42	1.3331249995389953	-1.9375	1.1875300877412056	0	0	-
grid	normalised_flux	1	43	1.3634374995599501	-1.9375	1.2050594354088322	0	0	-
grid	normalised_flux	1	44	1.3937499995809048	-1.9375	1.2219364834580262	0	0	-
grid	normalised_flux	1	45	1.4240624996018596	-1.9375	1.2380954844925627	0	0	-
grid	normalised_flux	1	46	1.4543749996228144	-1.9375	1.2534724475448522	0	0	-
grid	normalised_flux	1	47	1.4846874996437691	-1.9375	1.2680050431338523	0	0	-
grid	normalised_flux	1	48	1.5149999996647239	-1.9375	1.2816332678596867	0	0	-
grid	normalised_flux	1	49	1.5453124996856786	-1.9375	1.2943022451952539	0	0	-
grid	normalised_flux	1	50	1.5756249997066334	-1.9375	1.3059782232281232	0	0	-
grid	normalised_flux	1	51	1.6059374997275881	-1.9375	1.3166818993335683	0	0	-
grid	normalised_flux	1	52	1.6362499997485429	-1.9375	1.3264493515051858	0	0	-
grid	normalised_flux	1	53	1.6665624997694977	-1.9375	1.3357100028088618	0	0	-
grid	normalised_flux	1	54	1.6968749997904524	-1.9375	1.3451628168994829	0	0	-
grid	normalised_flux	1	55	1.7271874998114072	-1.9375	1.3536954522692179	0	0	-
grid	normalised_flux	1	56	1.7574999998323619	-1.9375	1.3612836037434337	0	0	-
grid	normalised_flux	1	57	1.7878124998533167	-1.9375	1.3678811294671618	0	0	-
grid	normalised_flux	1	58	1.8181249998742715	-1.9375	1.373493678494663	0	0	-
grid	normalised_flux	1	59	1.8484374998952262	-1.9375	1.3781579459431077	0	0	-
grid	normalised_flux	1	60	1.878749999916181	-1.9375	1.3819179849415202	0	0	-
grid	normalised_flux	1	61	1.9090624999371357	-1.9375	1.3848206968815751	0	0	-
grid	normalised_flux	1	62	1.9393749999580905	-1.9375	1.3869176353172796	0	0	-
grid	normalised_flux	1	63	1.9696874999790452	-1.9375	1.3882675219303169	0	0	-
grid	normalised_flux	1	64	2	-1.9375	1.3890113457219782	0	0	-
grid	normalised_flux	2	0	0.059999998658895493	-1.875	0.67611533655985312	0	0	-
grid	normalised_flux	2	1	0.09031249867985025	-1.875	0.67705262154569235	0	0	-
grid	normalised_flux	2	2	0.12062499870080501	-1.875	0.67816231654280912	0	0	-
grid	normalised_flux	2	3	0.15093749872175977	-1.875	0.67925490453323789	0	0	-
grid	normalised_flux	2	4	0.18124999874271452	-1.875	0.680105596400565	0	0	-
grid	normalised_flux	2	5	0.21156249876366928	-1.875	0.68050824579751901	0	0	-
grid	normalised_flux	2	6	0.24187499878462404	-1.875	0.68028193834942607	0	0	-
grid	normalised_flux	2	7	0.2721874988055788	-1.875	0.67910225582758099	0	0	-
grid	normalised_flux	2	8	0.30249999882653356	-1.875	0.67675393225207903	0	0	-
grid	normalised_flux	2	9	0.33281249884748831	-1.875	0.67305300879666929	0	0	-
grid	normalised_flux	2	10	0.36312499886844307	-1.875	0.66787735655757652	0	0	-
grid	normalised_flux	2	11	0.39343749888939783	-1.875	0.66123477858769186	0	0	-
grid	normalised_flux	2	12	0.42374999891035259	-1.875	0.65345265300950039	0	0	-
grid	normalised_flux	2	13	0.45406249893130735	-1.875	0.6463341370260236	0	0	-
grid	normalised_flux	2	14	0.4843749989522621	-1.875	0.64635644544986004	0	0	-
grid	normalised_flux	2	15	0.51468749897321686	-1.875	0.6566167479363032	0	0	-
grid	normalised_flux	2	16	0.54499999899417162	-1.875	0.67208401389503569	0	0	-
grid	normalised_flux	2	17	0.57531249901512638	-1.875	0.69016277696446693	0	0	-
grid	normalised_flux	2	18	0.60562499903608114	-1.875	0.70994987864739623	0	0	-
grid	normalised_flux	2	19	0.63593749905703589	-1.875	0.73074499086728317	0	0	-
grid	normalised_flux	2	20	0.66624999907799065	-1.875	0.75208575900479424	0	0	-
grid	normalised_flux	2	21	0.69656249909894541	-1.875	0.77368396261503358	0	0	-
grid	normalised_flux	2	22	0.72687499911990017	-1.875	0.795377855982631	0	0	-
grid	normalised_flux	2	23	0.75718749914085492	-1.875	0.81714254647878071	0	0	-
grid	normalised_flux	2	24	0.78749999916180968	-1.875	0.83899542630730395	0	0	-
grid	normalised_flux	2	25	0.81781249918276444	-1.875	0.86098675543625347	0	0	-
grid	normalised_flux	2	26	0.8481249992037192	-1.875	0.88309994273567938	0	0	-
grid	normalised_flux	2	27	0.87843749922467396	-1.875	0.90531031513035576	0	0	-
grid	normalised_flux	2	28	0.90874999924562871	-1.875	0.92756315037407422	0	0	-
grid	normalised_flux	2	29	0.93906249926658347	-1.875	0.94986782399806546	0	0	-
grid	normalised_flux	2	30	0.96937499928753823	-1.875	0.97222561772052296	0	0	-
grid	normalised_flux	2	31	0.99968749930849299	-1.875	0.99462613538276601	0	0	-
grid	normalised_flux	2	32	1.0299999993294477	-1.875	1.017049083113396	0	0	-
grid	normalised_flux	2	33	1.0603124993504025	-1.875	1.0394648864518732	0	0	-
grid	normalised_flux	2	34	1.0906249993713573	-1.875	1.0618350226458242	0	0	-
grid	normalised_flux	2	35	1.120937499392312	-1.875	1.084112566568052	0	0	-
grid	normalised_flux	2	36	1.1512499994132668	-1.875	1.1062427128980203	0	0	-
grid	normalised_flux	2	37	1.1815624994342215	-1.875	1.1281634169809525	0	0	-
grid	normalised_flux	2	38	1.2118749994551763	-1.875	1.1498064629263252	0	0	-
grid	normalised_flux	2	39	1.2421874994761311	-1.875	1.1710981282024857	0	0	-
grid	normalised_flux	2	40	1.2724999994970858	-1.875	1.1919606077679812	0	0	-
grid	normalised_flux	2	41	1.3028124995180406	-1.875	1.2123132008476618	0	0	-
grid	normalised_flux	2	42	1.3331249995389953	-1.875	1.2320736875929632	0	0	-
grid	normalised_flux	2	43	1.3634374995599501	-1.875	1.2511597532132319	0	0	-
grid	normalised_flux	2	44	1.3937499995809048	-1.875	1.2694905070491416	0	0	-
grid	normalised_flux	2	45	1.4240624996018596	-1.875	1.2869878117619291	0	0	-
grid	normalised_flux	2	46	1.4543749996228144	-1.875	1.3035772802253243	0	0	-
grid	normalised_flux	2	47	1.4846874996437691	-1.875	1.3191886552939021	0	0	-
grid	normalised_flux	2	48	1.5149999996647239	-1.875	1.3337552401505535	0	0	-
grid	normalised_flux	2	49	1.5453124996856786	-1.875	1.3472085815495338	0	0	-
grid	normalised_flux	2	50	1.5756249997066334	-1.875	1.3594588642752052	0	0	-
grid	normalised_flux	2	51	1.6059374997275881	-1.875	1.370506752922187	0	0	-
grid	normalised_flux	2	52	1.6362499997485429	-1.875	1.3807373800721208	0	0	-
grid	normalised_flux	2	53	1.6665624997694977	-1.875	1.3903008016957419	0	0	-
grid	normalised_flux	2	54	1.6968749997904524	-1.875	1.3993250471992724	0	0	-
grid	normalised_flux	2	55	1.7271874998114072	-1.875	1.4076534621368342	0	0	-
grid	normalised_flux	2	56	1.7574999998323619	-1.875	1.4149537017279412	0	0	-
grid	normalised_flux	2	57	1.7878124998533167	-1.875	1.4210646017775153	0	0	-
grid	normalised_flux	2	58	1.8181249998742715	-1.875	1.4260893168646154	0	0	-
grid	normalised_flux	2	59	1.8484374998952262	-1.875	1.4300969648296054	0	0	-
grid	normalised_flux	2	60	1.878749999916181	-1.875	1.433147026890875	0	0	-
grid	normalised_flux	2	61	1.9090624999371357	-1.875	1.4352978924327975	0	0	-
grid	normalised_flux	2	62	1.9393749999580905	-1.875	1.4366089002606304	0	0	-
grid	normalised_flux	2	63	1.9696874999790452	-1.875	1.4371406708978243	0	0	-
grid	normalised_flux	2	64	2	-1.875	1.4370219458162652	0	0	-
grid	normalised_flux	3	0	0.059999998658895493	-1.8125	0.67679013133392496	0	0	-
grid	normalised_flux	3	1	0.09031249867985025	-1.8125	0.67849940954031751	0	0	-
grid	normalised_flux	3	2	0.12062499870080501	-1.8125	0.68055131501497734	0	0	-
grid	normalised_flux	3	3	0.15093749872175977	-1.8125	0.68263439524358183	0	0	-
grid	normalised_flux	3	4	0.18124999874271452	-1.8125	0.68439470315359174	0	0	-
grid	normalised_flux	3	5	0.21156249876366928	-1.8125	0.68545850922739782	0	0	-
grid	normalised_flux	3	6	0.24187499878462404	-1.8125	0.6854412698210004	0	0	-
grid	normalised_flux	3	7	0.2721874988055788	-1.8125	0.68390667856710352	0	0	-
grid	normalised_flux	3	8	0.30249999882653356	-1.8125	0.68040346088478532	0	0	-
grid	normalised_flux	3	9	0.33281249884748831	-1.8125	0.67443963262034279	0	0	-
grid	normalised_flux	3	10	0.36312499886844307	-1.8125	0.66543895148354848	0	0	-
grid	normalised_flux	3	11	0.39343749888939783	-1.8125	0.6526683245493704	0	0	-
grid	normalised_flux	3	12	0.42374999891035259	-1.8125	0.63510093625716357	0	0	-
grid	normalised_flux	3	13	0.45406249893130735	-1.8125	0.61176760664239538	0	0	-
grid	normalised_flux	3	14	0.4843749989522621	-1.8125	0.60321763247376414	0	0	-
grid	normalised_flux	3	15	0.51468749897321686	-1.8125	0.62069968711360057	0	0	-
grid	normalised_flux	3	16	0.54499999899417162	-1.8125	0.64440598485493295	0	0	-
grid	normalised_flux	3	17	0.57531249901512638	-1.8125	0.67145991875247713	1	1	-
grid	normalised_flux	3	18	0.60562499903608114	-1.8125	0.69944976134644588	1	1	-
grid	normalised_flux	3	19	0.63593749905703589	-1.8125	0.72682295099663796	1	1	-
grid	normalised_flux	3	20	0.66624999907799065	-1.8125	0.75333066340357036	1	1	-
grid	normalised_flux	3	21	0.69656249909894541	-1.8125	0.77904534828152205	1	1	-
grid	normalised_flux	3	22	0.72687499911990017	-1.8125	0.80412341085339023	1	1	-
grid	normalised_flux	3	23	0.75718749914085492	-1.8125	0.82873522469682981	1	1	-
grid	normalised_flux	3	24	0.78749999916180968	-1.8125	0.85303825126547128	1	1	-
grid	normalised_flux	3	25	0.81781249918276444	-1.8125	0.87716169487388207	1	1	-
grid	normalised_flux	3	26	0.8481249992037192	-1.8125	0.90120423595520505	1	1	-
grid	normalised_flux	3	27	0.87843749922467396	-1.8125	0.92523327152445145	1	1	-
grid	normalised_flux	3	28	0.90874999924562871	-1.8125	0.94929185781871595	1	1	-
grid	normalised_flux	3	29	0.93906249926658347	-1.8125	0.97340973544719367	1	1	-
grid	normalised_flux	3	30	0.96937499928753823	-1.8125	0.99760254611895027	1	1	-
grid	normalised_flux	3	31	0.99968749930849299	-1.8125	1.0218716190232235	1	0	-
grid	normalised_flux	3	32	1.0299999993294477	-1.8125	1.0462039470939011	1	0	-
grid	normalised_flux	3	33	1.0603124993504025	-1.8125	1.0705727566620509	1	0	-
grid	normalised_flux	3	34	1.0906249993713573	-1.8125	1.094938195786062	1	0	-
grid	normalised_flux	3	35	1.120937499392312	-1.8125	1.1192480225817858	1	0	-
grid	normalised_flux	3	36	1.1512499994132668	-1.8125	1.1434385071723763	1	0	-
grid	normalised_flux	3	37	1.1815624994342215	-1.8125	1.1674356896709608	1	0	-
grid	normalised_flux	3	38	1.2118749994551763	-1.8125	1.1911561634528691	1	0	-
grid	normalised_flux	3	39	1.2421874994761311	-1.8125	1.2145088790553149	1	0	-
grid	normalised_flux	3	40	1.2724999994970858	-1.8125	1.2373967107218526	1	0	-
grid	normalised_flux	3	41	1.3028124995180406	-1.8125	1.2597183552441475	1	0	-
grid	normalised_flux	3	42	1.3331249995389953	-1.8125	1.2813704206879191	1	0	-
grid	normalised_flux	3	43	1.3634374995599501	-1.8125	1.3022498474161961	1	0	-
grid	normalised_flux	3	44	1.3937499995809048	-1.8125	1.3222563765836162	1	0	-
grid	normalised_flux	3	45	1.4240624996018596	-1.8125	1.3412948762175909	1	0	-
grid	normalised_flux	3	46	1.4543749996228144	-1.8125	1.3592780945388692	1	0	-
grid	normalised_flux	3	47	1.4846874996437691	-1.8125	1.3761290335137504	1	0	-
grid	normalised_flux	3	48	1.5149999996647239	-1.8125	1.3917841768850858	1	0	-
grid	normalised_flux	3	49	1.5453124996856786	-1.8125	1.4061980473925271	1	0	-
grid	normalised_flux	3	50	1.5756249997066334	-1.8125	1.4193517990315243	1	0	-
grid	normalised_flux	3	51	1.6059374997275881	-1.8125	1.4312676957218098	1	0	-
grid	normalised_flux	3	52	1.6362499997485429	-1.8125	1.4420137159986866	1	0	-
grid	normalised_flux	3	53	1.6665624997694977	-1.8125	1.4516471574125109	1	0	-
grid	normalised_flux	3	54	1.6968749997904524	-1.8125	1.4601973095975582	1	0	-
grid	normalised_flux	3	55	1.7271874998114072	-1.8125	1.4676623686541479	1	0	-
grid	normalised_flux	3	56	1.7574999998323619	-1.8125	1.4740070161253915	1	0	-
grid	normalised_flux	3	57	1.7878124998533167	-1.8125	1.4792157289798333	1	0	-
grid	normalised_flux	3	58	1.8181249998742715	-1.8125	1.4833136193998588	1	0	-
grid	normalised_flux	3	59	1.8484374998952262	-1.8125	1.4863473988929656	1	0	-
grid	normalised_flux	3	60	1.878749999916181	-1.8125	1.4883751720172624	1	0	-
grid	normalised_flux	3	61	1.9090624999371357	-1.8125	1.4894609297403385	0	0	-
grid	normalised_flux	3	62	1.9393749999580905	-1.8125	1.4896709416399052	0	0	-
grid	normalised_flux	3	63	1.9696874999790452	-1.8125	1.4890713823515855	0	0	-
grid	normalised_flux	3	64	2	-1.8125	1.4877159890974203	0	0	-
grid	normalised_flux	4	0	0.059999998658895493	-1.75	0.6780764534770356	0	0	-
grid	normalised_flux	4	1	0.09031249867985025	-1.75	0.68125826826912461	0	0	-
grid	normalised_flux	4	2	0.12062499870080501	-1.75	0.68510888053641139	0	0	-
grid	normalised_flux	4	3	0.15093749872175977	-1.75	0.68912090770522927	0	0	-
grid	normalised_flux	4	4	0.18124999874271452	-1.75	0.69276837357271781	0	0	-
grid	normalised_flux	4	5	0.21156249876366928	-1.75	0.69548978766106984	0	0	-
grid	normalised_flux	4	6	0.24187499878462404	-1.75	0.69672785622948041	0	0	-
grid	normalised_flux	4	7	0.2721874988055788	-1.75	0.69591066445552874	0	0	-
grid	normalised_flux	4	8	0.30249999882653356	-1.75	0.69245334385560675	0	0	-
grid	normalised_flux	4	9	0.33281249884748831	-1.75	0.68570019766468104	0	0	-
grid	normalised_flux	4	10	0.36312499886844307	-1.75	0.6748427155614426	0	0	-
grid	normalised_flux	4	11	0.39343749888939783	-1.75	0.65882120383672371	0	0	-
grid	normalised_flux	4	12	0.42374999891035259	-1.75	0.63622438302239881	0	0	-
grid	normalised_flux	4	13	0.45406249893130735	-1.75	0.60585804315905933	0	0	-
grid	normalised_flux	4	14	0.4843749989522621	-1.75	0.58756927152786942	0	0	-
grid	normalised_flux	4	15	0.51468749897321686	-1.75	0.5916305261695286	0	0	-
grid	normalised_flux	4	16	0.54499999899417162	-1.75	0.61805163952406861	0	0	-
grid	normalised_flux	4	17	0.57531249901512638	-1.75	0.66112913771269222	1	1	-
grid	normalised_flux	4	18	0.60562499903608114	-1.75	0.69887795333387481	1	1	-
grid	normalised_flux	4	19	0.63593749905703589	-1.75	0.73238194675239432	1	1	-
grid	normalised_flux	4	20	0.66624999907799065	-1.75	0.7630474639710203	1	1	-
grid	normalised_flux	4	21	0.69656249909894541	-1.75	0.79177889810497015	1	1	-
grid	normalised_flux	4	22	0.72687499911990017	-1.75	0.81919613198336438	1	1	-
grid	normalised_flux	4	23	0.75718749914085492	-1.75	0.84574227220058151	1	1	-
grid	normalised_flux	4	24	0.78749999916180968	-1.75	0.87173704810710884	1	1	-
grid	normalised_flux	4	25	0.81781249918276444	-1.75	0.89742288245794433	1	1	-
grid	normalised_flux	4	26	0.8481249992037192	-1.75	0.9229778747431876	1	1	-
grid	normalised_flux	4	27	0.87843749922467396	-1.75	0.94852667205716201	1	1	-
grid	normalised_flux	4	28	0.90874999924562871	-1.75	0.9741554580806232	1	1	-
grid	normalised_flux	4	29	0.93906249926658347	-1.75	0.9999198451418585	1	1	-
grid	normalised_flux	4	30	0.96937499928753823	-1.75	1.025850831832734	1	0	-
grid	normalised_flux	4	31	0.99968749930849299	-1.75	1.0519576512713482	1	0	-
grid	normalised_flux	4	32	1.0299999993294477	-1.75	1.0782299547700638	1	0	-
grid	normalised_flux	4	33	1.0603124993504025	-1.75	1.1046389036695259	1	0	-
grid	normalised_flux	4	34	1.0906249993713573	-1.75	1.131138427321333	1	0	-
grid	normalised_flux	4	35	1.120937499392312	-1.75	1.1576660538313097	1	0	-
grid	normalised_flux	4	36	1.1512499994132668	-1.75	1.1841438832159146	1	0	-
grid	normalised_flux	4	37	1.1815624994342215	-1.75	1.2104797741783437	1	0	-
grid	normalised_flux	4	38	1.2118749994551763	-1.75	1.2365688157109027	1	0	-
grid	normalised_flux	4	39	1.2421874994761311	-1.75	1.2622949411105082	1	0	-
grid	normalised_flux	4	40	1.2724999994970858	-1.75	1.2875333964729867	1	0	-
grid	normalised_flux	4	41	1.3028124995180406	-1.75	1.3121530193031981	1	0	-
grid	normalised_flux	4	42	1.3331249995389953	-1.75	1.3360196564302163	1	0	-
grid	normalised_flux	4	43	1.3634374995599501	-1.75	1.358999392038337	1	0	-
grid	normalised_flux	4	44	1.3937499995809048	-1.75	1.3809624402927008	1	0	-
grid	normalised_flux	4	45	1.4240624996018596	-1.75	1.40178703796492	1	0	-
grid	normalised_flux	4	46	1.4543749996228144	-1.75	1.4213633845297469	1	0	-
grid	normalised_flux	4	47	1.4846874996437691	-1.75	1.4395975822617417	1	0	-
grid	normalised_flux	4	48	1.5149999996647239	-1.75	1.4564154339188113	1	0	-
grid	normalised_flux	4	49	1.5453124996856786	-1.75	1.4717658131863451	1	0	-
grid	normalised_flux	4	50	1.5756249997066334	-1.75	1.4856229907583844	1	0	-
grid	normalised_flux	4	51	1.6059374997275881	-1.75	1.4979864444534428	1	0	-
grid	normalised_flux	4	52	1.6362499997485429	-1.75	1.5088732638474343	1	0	-
grid	normalised_flux	4	53	1.6665624997694977	-1.75	1.5183163938450375	1	0	-
grid	normalised_flux	4	54	1.6968749997904524	-1.75	1.5263544758762357	1	0	-
grid	normalised_flux	4	55	1.7271874998114072	-1.75	1.533026721023544	1	0	-
grid	normalised_flux	4	56	1.7574999998323619	-1.75	1.5383780368947804	1	0	-
grid	normalised_flux	4	57	1.7878124998533167	-1.75	1.5424590276230683	1	0	-
grid	normalised_flux	4	58	1.8181249998742715	-1.75	1.5453282724769579	1	0	-
grid	normalised_flux	4	59	1.8484374998952262	-1.75	1.5470544145863707	1	0	-
grid	normalised_flux	4	60	1.878749999916181	-1.75	1.5477135025641247	1	0	-
grid	normalised_flux	4	61	1.9090624999371357	-1.75	1.5473857624749277	0	0	-
grid	normalised_flux	4	62	1.9393749999580905	-1.75	1.5461524647464597	0	0	-
grid	normalised_flux	4	63	1.9696874999790452	-1.75	1.5440940253276059	0	0	-
grid	normalised_flux	4	64	2	-1.75	1.5413651998224773	0	0	-
grid	normalised_flux	5	0	0.059999998658895493	-1.6875	0.68047097731914208	0	0	-
grid	normalised_flux	5	1	0.09031249867985025	-1.6875	0.68634982036126124	0	0	-
grid	normalised_flux	5	2	0.12062499870080501	-1.6875	0.69343413568259293	0	0	-
grid	normalised_flux	5	3	0.15093749872175977	-1.6875	0.70075687654865382	0	0	-
grid	normalised_flux	5	4	0.18124999874271452	-1.6875	0.70750948127298163	0	0	-
grid	normalised_flux	5	5	0.21156249876366928	-1.6875	0.71326615832457219	0	0	-
grid	normalised_flux	5	6	0.24187499878462404	-1.6875	0.71697071850700911	0	0	-
grid	normalised_flux	5	7	0.2721874988055788	-1.6875	0.71811185417009149	0	0	-
grid	normalised_flux	5	8	0.30249999882653356	-1.6875	0.71620802794221616	0	0	-
grid	normalised_flux	5	9	0.33281249884748831	-1.6875	0.71071986788523567	0	0	-
grid	normalised_flux	5	10	0.36312499886844307	-1.6875	0.7010039425651633	0	0	-
grid	normalised_flux	5	11	0.39343749888939783	-1.6875	0.68611730792847614	0	0	-
grid	normalised_flux	5	12	0.42374999891035259	-1.6875	0.66454529275820207	0	0	-
grid	normalised_flux	5	13	0.45406249893130735	-1.6875	0.6342892704094516	0	0	-
grid	normalised_flux	5	14	0.4843749989522621	-1.6875	0.61460509336771119	0	0	-
grid	normalised_flux	5	15	0.51468749897321686	-1.6875	0.61578217944595881	0	0	-
grid	normalised_flux	5	16	0.54499999899417162	-1.6875	0.64058458953188468	0	0	-
grid	normalised_flux	5	17	0.57531249901512638	-1.6875	0.68405482753698432	0	0	-
grid	normalised_flux	5	18	0.60562499903608114	-1.6875	0.72196405226694882	0	0	-
grid	normalised_flux	5	19	0.63593749905703589	-1.6875	0.75548990165091467	0	0	-
grid	normalised_flux	5	20	0.66624999907799065	-1.6875	0.78614116568851788	0	0	-
grid	normalised_flux	5	21	0.69656249909894541	-1.6875	0.8148773231913663	0	0	-
grid	normalised_flux	5	22	0.72687499911990017	-1.6875	0.84245867633734117	0	0	-
grid	normalised_flux	5	23	0.75718749914085492	-1.6875	0.86931353262278999	1	1	-
grid	normalised_flux	5	24	0.78749999916180968	-1.6875	0.89579505288108174	1	1	-
grid	normalised_flux	5	25	0.81781249918276444	-1.6875	0.92215698171125804	1	1	-
grid	normalised_flux	5	26	0.8481249992037192	-1.6875	0.94857402442375727	1	1	-
grid	normalised_flux	5	27	0.87843749922467396	-1.6875	0.97517126722006198	1	1	-
grid	normalised_flux	5	28	0.90874999924562871	-1.6875	1.0020366739450854	1	0	-
grid	normalised_flux	5	29	0.93906249926658347	-1.6875	1.0292277082978387	1	0	-
grid	normalised_flux	5	30	0.96937499928753823	-1.6875	1.0567750840439234	1	0	-
grid	normalised_flux	5	31	0.99968749930849299	-1.6875	1.0846855420716164	1	0	-
grid	normalised_flux	5	32	1.0299999993294477	-1.6875	1.1129433457297635	1	0	-
grid	normalised_flux	5	33	1.0603124993504025	-1.6875	1.1415112777197076	1	0	-
grid	normalised_flux	5	34	1.0906249993713573	-1.6875	1.1703312809543844	1	0	-
grid	normalised_flux	5	35	1.120937499392312	-1.6875	1.1993249807398105	1	0	-
grid	normalised_flux	5	36	1.1512499994132668	-1.6875	1.2283942069565681	1	0	-
grid	normalised_flux	5	37	1.1815624994342215	-1.6875	1.2574218485386015	1	0	-
grid	normalised_flux	5	38	1.2118749994551763	-1.6875	1.2862730402493217	1	0	-
grid	normalised_flux	5	39	1.2421874994761311	-1.6875	1.3147970615233753	1	0	-
grid	normalised_flux	5	40	1.2724999994970858	-1.6875	1.3428298524319866	1	0	-
grid	normalised_flux	5	41	1.3028124995180406	-1.6875	1.3701975265402302	1	0	-
grid	normalised_flux	5	42	1.3331249995389953	-1.6875	1.3967204534168303	1	0	-
grid	normalised_flux	5	43	1.3634374995599501	-1.6875	1.4222184329779823	1	0	-
grid	normalised_flux	5	44	1.3937499995809048	-1.6875	1.4465161546574341	1	0	-
grid	normalised_flux	5	45	1.4240624996018596	-1.6875	1.4694492737001446	1	0	-
grid	normalised_flux	5	46	1.4543749996228144	-1.6875	1.4908703450428102	1	0	-
grid	normalised_flux	5	47	1.4846874996437691	-1.6875	1.5106542824839491	1	0	-
grid	normalised_flux	5	48	1.5149999996647239	-1.6875	1.528702868433099	1	0	-
grid	normalised_flux	5	49	1.5453124996856786	-1.6875	1.5449481243549574	1	0	-
grid	normalised_flux	5	50	1.5756249997066334	-1.6875	1.5593533076613089	1	0	-
grid	normalised_flux	5	51	1.6059374997275881	-1.6875	1.5719127218268492	1	0	-
grid	normalised_flux	5	52	1.6362499997485429	-1.6875	1.5826484883581775	1	0	-
grid	normalised_flux	5	53	1.6665624997694977	-1.6875	1.5916059895735548	1	0	-
grid	normalised_flux	5	54	1.6968749997904524	-1.6875	1.5988489316143055	1	0	-
grid	normalised_flux	5	55	1.7271874998114072	-1.6875	1.6044552619350156	1	0	-
grid	normalised_flux	5	56	1.7574999998323619	-1.6875	1.6085130867937312	1	0	-
grid	normalised_flux	5	57	1.7878124998533167	-1.6875	1.611118107815571	1	0	-
grid	normalised_flux	5	58	1.8181249998742715	-1.6875	1.6123724826876662	1	0	-
grid	normalised_flux	5	59	1.8484374998952262	-1.6875	1.6123819768965073	1	0	-
grid	normalised_flux	5	60	1.878749999916181	-1.6875	1.6112543497124419	1	0	-
grid	normalised_flux	5	61	1.9090624999371357	-1.6875	1.609097930058347	0	0	-
grid	normalised_flux	5	62	1.9393749999580905	-1.6875	1.6060200024941287	0	0	-
grid	normalised_flux	5	63	1.9696874999790452	-1.6875	1.6021244336645089	0	0	-
grid	normalised_flux	5	64	2	-1.6875	1.597350270748727	0	0	-
grid	normalised_flux	6	0	0.059999998658895493	-1.625	0.68505051266235517	0	0	-
grid	normalised_flux	6	1	0.09031249867985025	-1.625	0.69599492704246424	0	0	-
grid	normalised_flux	6	2	0.12062499870080501	-1.625	0.70887456752098565	0	0	-
grid	normalised_flux	6	3	0.15093749872175977	-1.625	0.72182130387008159	0	0	-
grid	normalised_flux	6	4	0.18124999874271452	-1.625	0.73334622013946704	0	0	-
grid	normalised_flux	6	5	0.21156249876366928	-1.625	0.74274799098980593	0	0	-
grid	normalised_flux	6	6	0.24187499878462404	-1.625	0.74942152972306864	0	0	-
grid	normalised_flux	6	7	0.2721874988055788	-1.625	0.75305619175985272	0	0	-
grid	normalised_flux	6	8	0.30249999882653356	-1.625	0.7533655190177786	1	1	-
grid	normalised_flux	6	9	0.33281249884748831	-1.625	0.75035508341065971	1	1	-
grid	normalised_flux	6	10	0.36312499886844307	-1.625	0.74405126697131363	0	0	-
grid	normalised_flux	6	11	0.39343749888939783	-1.625	0.7344492751242756	0	0	-
grid	normalised_flux	6	12	0.42374999891035259	-1.625	0.72164749457560251	0	0	-
grid	normalised_flux	6	13	0.45406249893130735	-1.625	0.70682702270677711	0	0	-
grid	normalised_flux	6	14	0.4843749989522621	-1.625	0.69783328773343944	0	0	-
grid	normalised_flux	6	15	0.51468749897321686	-1.625	0.70044099531968729	0	0	-
grid	normalised_flux	6	16	0.54499999899417162	-1.625	0.71625358827689267	0	0	-
grid	normalised_flux	6	17	0.57531249901512638	-1.625	0.74210653257109394	0	0	-
grid	normalised_flux	6	18	0.60562499903608114	-1.625	0.76925735301552445	0	0	-
grid	normalised_flux	6	19	0.63593749905703589	-1.625	0.79583385096551118	0	0	-
grid	normalised_flux	6	20	0.66624999907799065	-1.625	0.82184830361986172	0	0	-
grid	normalised_flux	6	21	0.69656249909894541	-1.625	0.84752034763235551	1	1	-
grid	normalised_flux	6	22	0.72687499911990017	-1.625	0.87307595704117347	1	1	-
grid	normalised_flux	6	23	0.75718749914085492	-1.625	0.8986927803614948	1	1	-
grid	normalised_flux	6	24	0.78749999916180968	-1.625	0.92452709227084529	1	1	-
grid	normalised_flux	6	25	0.81781249918276444	-1.625	0.95071128951151496	1	1	-
grid	normalised_flux	6	26	0.8481249992037192	-1.625	0.97735244302370994	1	1	-
grid	normalised_flux	6	27	0.87843749922467396	-1.625	1.0045334135150918	1	0	-
grid	normalised_flux	6	28	0.90874999924562871	-1.625	1.0323140382368818	1	0	-
grid	normalised_flux	6	29	0.93906249926658347	-1.625	1.0607320329337016	1	0	-
grid	normalised_flux	6	30	0.96937499928753823	-1.625	1.0898033953474482	1	0	-
grid	normalised_flux	6	31	0.99968749930849299	-1.625	1.1195224526883398	1	0	-
grid	normalised_flux	6	32	1.0299999993294477	-1.625	1.149861576808648	1	0	-
grid	normalised_flux	6	33	1.0603124993504025	-1.625	1.1807703059883821	1	0	-
grid	normalised_flux	6	34	1.0906249993713573	-1.625	1.2121747278117136	1	0	-
grid	normalised_flux	6	35	1.120937499392312	-1.625	1.2439765772171363	1	0	-
grid	normalised_flux	6	36	1.1512499994132668	-1.625	1.2760525719028477	1	0	-
grid	normalised_flux	6	37	1.1815624994342215	-1.625	1.308254174971528	1	0	-
grid	normalised_flux	6	38	1.2118749994551763	-1.625	1.3404078322855606	1	0	-
grid	normalised_flux	6	39	1.2421874994761311	-1.625	1.3723165864825349	1	0	-
grid	normalised_flux	6	40	1.2724999994970858	-1.625	1.4037625454695464	1	0	-
grid	normalised_flux	6	41	1.3028124995180406	-1.625	1.4345107275777762	1	0	-
grid	normalised_flux	6	42	1.3331249995389953	-1.625	1.4643149954430172	1	0	-
grid	normalised_flux	6	43	1.3634374995599501	-1.625	1.4929251766623044	1	0	-
grid	normalised_flux	6	44	1.3937499995809048	-1.625	1.5200959883502261	1	0	-
grid	normalised_flux	6	45	1.4240624996018596	-1.625	1.545596009166279	1	0	-
grid	normalised_flux	6	46	1.4543749996228144	-1.625	1.5692183602998138	1	0	-
grid	normalised_flux	6	47	1.4846874996437691	-1.625	1.590788917960684	1	0	-
grid	normalised_flux	6	48	1.5149999996647239	-1.625	1.6101741935725822	1	0	-
grid	normalised_flux	6	49	1.5453124996856786	-1.625	1.6272859859353739	1	0	-
grid	normalised_flux	6	50	1.5756249997066334	-1.625	1.6420827104143354	1	0	-
grid	normalised_flux	6	51	1.6059374997275881	-1.625	1.6545692090559752	1	0	-
grid	normalised_flux	6	52	1.6362499997485429	-1.625	1.6647921933677918	1	0	-
grid	normalised_flux	6	53	1.6665624997694977	-1.625	1.6728340730825269	1	0	-
grid	normalised_flux	6	54	1.6968749997904524	-1.625	1.6788049810227379	1	0	-
grid	normalised_flux	6	55	1.7271874998114072	-1.625	1.6828354625599908	1	0	-
grid	normalised_flux	6	56	1.7574999998323619	-1.625	1.6850691650740526	1	0	-
grid	normalised_flux	6	57	1.7878124998533167	-1.625	1.6856562869487905	1	0	-
grid	normalised_flux	6	58	1.8181249998742715	-1.625	1.6847488304677518	1	0	-
grid	normalised_flux	6	59	1.8484374998952262	-1.625	1.6824967091885379	1	0	-
grid	normalised_flux	6	60	1.878749999916181	-1.625	1.6790459440431269	1	0	-
grid	normalised_flux	6	61	1.9090624999371357	-1.625	1.6745379038011632	0	0	-
grid	normalised_flux	6	62	1.9393749999580905	-1.625	1.6691122482747005	0	0	-
grid	normalised_flux	6	63	1.9696874999790452	-1.625	1.6629107260017375	0	0	-
grid	normalised_flux	6	64	2	-1.625	1.6560941688800437	0	0	-
grid	normalised_flux	7	0	0.059999998658895493	-1.5625	0.69410075375473412	0	0	-
grid	normalised_flux	7	1	0.09031249867985025	-1.5625	0.71510656027044817	0	0	-
grid	normalised_flux	7	2	0.12062499870080501	-1.5625	0.73930583590503751	0	0	-
grid	normalised_flux	7	3	0.15093749872175977	-1.5625	0.7618640998471764	0	0	-
grid	normalised_flux	7	4	0.18124999874271452	-1.5625	0.77934136584542868	0	0	-
grid	normalised_flux	7	5	0.21156249876366928	-1.5625	0.79156682121498056	0	0	-
grid	normalised_flux	7	6	0.24187499878462404	-1.5625	0.79924430132663049	0	0	-
grid	normalised_flux	7	7	0.2721874988055788	-1.5625	0.80316920726156971	0	0	-
grid	normalised_flux	7	8	0.30249999882653356	-1.5625	0.80383647212668807	1	1	-
grid	normalised_flux	7	9	0.33281249884748831	-1.5625	0.80192670015052603	1	1	-
grid	normalised_flux	7	10	0.36312499886844307	-1.5625	0.798099169195014	1	1	-
grid	normalised_flux	7	11	0.39343749888939783	-1.5625	0.79306714356710617	1	1	-
grid	normalised_flux	7	12	0.42374999891035259	-1.5625	0.78778855333559317	0	0	-
grid	normalised_flux	7	13	0.45406249893130735	-1.5625	0.78364459226716632	0	0	-
grid	normalised_flux	7	14	0.4843749989522621	-1.5625	0.78247978338772639	0	0	-
grid	normalised_flux	7	15	0.51468749897321686	-1.5625	0.78590184041915412	0	0	-
grid	normalised_flux	7	16	0.54499999899417162	-1.5625	0.79453212372682069	0	0	-
grid	normalised_flux	7	17	0.57531249901512638	-1.5625	0.80778392680762501	0	0	-
grid	normalised_flux	7	18	0.60562499903608114	-1.5625	0.82438171457151721	1	1	-
grid	normalised_flux	7	19	0.63593749905703589	-1.5625	0.84322960609524422	1	1	-
grid	normalised_flux	7	20	0.66624999907799065	-1.5625	0.86364652243982365	1	1	-
grid	normalised_flux	7	21	0.69656249909894541	-1.5625	0.88525643359634032	1	1	-
grid	normalised_flux	7	22	0.72687499911990017	-1.5625	0.90788194027259683	1	1	-
grid	normalised_flux	7	23	0.75718749914085492	-1.5625	0.93145518261090077	1	1	-
grid	normalised_flux	7	24	0.78749999916180968	-1.5625	0.95596517106451873	1	1	-
grid	normalised_flux	7	25	0.81781249918276444	-1.5625	0.9814293037711519	1	1	-
grid	normalised_flux	7	26	0.8481249992037192	-1.5625	1.0078759921507578	1	0	-
grid	normalised_flux	7	27	0.87843749922467396	-1.5625	1.03533428848239	1	0	-
grid	normalised_flux	7	28	0.90874999924562871	-1.5625	1.0638270738093563	1	0	-
grid	normalised_flux	7	29	0.93906249926658347	-1.5625	1.093366571925539	1	0	-
grid	normalised_flux	7	30	0.96937499928753823	-1.5625	1.1239506941049935	1	0	-
grid	normalised_flux	7	31	0.99968749930849299	-1.5625	1.1555602383103385	1	0	-
grid	normalised_flux	7	32	1.0299999993294477	-1.5625	1.1881558035748829	1	0	-
grid	normalised_flux	7	33	1.0603124993504025	-1.5625	1.2216750129465406	1	0	-
grid	normalised_flux	7	34	1.0906249993713573	-1.5625	1.2560296177541326	1	0	-
grid	normalised_flux	7	35	1.120937499392312	-1.5625	1.2911024594605591	1	0	-
grid	normalised_flux	7	36	1.1512499994132668	-1.5625	1.3267446214001462	1	0	-
grid	normalised_flux	7	37	1.1815624994342215	-1.5625	1.3627730552264361	1	0	-
grid	normalised_flux	7	38	1.2118749994551763	-1.5625	1.3989690143677287	1	0	-
grid	normalised_flux	7	39	1.2421874994761311	-1.5625	1.4350774843745497	1	0	-
grid	normalised_flux	7	40	1.2724999994970858	-1.5625	1.4708087494641111	1	0	-
grid	normalised_flux	7	41	1.3028124995180406	-1.5625	1.5058427123853331	1	0	-
grid	normalised_flux	7	42	1.3331249995389953	-1.5625	1.5398354928939881	1	0	-
grid	normalised_flux	7	43	1.3634374995599501	-1.5625	1.5724306309191347	1	0	-
grid	normalised_flux	7	44	1.3937499995809048	-1.5625	1.6032725683396711	1	0	-
grid	normalised_flux	7	45	1.4240624996018596	-1.5625	1.6320227416683213	1	0	-
grid	normalised_flux	7	46	1.4543749996228144	-1.5625	1.6583778109326099	1	0	-
grid	normalised_flux	7	47	1.4846874996437691	-1.5625	1.6820847554669198	1	0	-
grid	normalised_flux	7	48	1.5149999996647239	-1.5625	1.7029565393570796	1	0	-
grid	normalised_flux	7	49	1.5453124996856786	-1.5625	1.7208798966916148	1	0	-
grid	normalised_flux	7	50	1.5756249997066334	-1.5625	1.7358201736082548	1	0	-
grid	normalised_flux	7	51	1.6059374997275881	-1.5625	1.7478159165948945	1	0	-
grid	normalised_flux	7	52	1.6362499997485429	-1.5625	1.7569681440336042	1	0	-
grid	normalised_flux	7	53	1.6665624997694977	-1.5625	1.7634318963547602	1	0	-
grid	normalised_flux	7	54	1.6968749997904524	-1.5625	1.7673994312873964	1	0	-
grid	normalised_flux	7	55	1.7271874998114072	-1.5625	1.7690862673722065	1	0	-
grid	normalised_flux	7	56	1.7574999998323619	-1.5625	1.7687181768954345	1	0	-
grid	normalised_flux	7	57	1.7878124998533167	-1.5625	1.766520457432881	1	0	-
grid	normalised_flux	7	58	1.8181249998742715	-1.5625	1.7627096718882125	1	0	-
grid	normalised_flux	7	59	1.8484374998952262	-1.5625	1.7574884266781001	1	0	-
grid	normalised_flux	7	60	1.878749999916181	-1.5625	1.7510422386433004	1	0	-
grid	normalised_flux	7	61	1.9090624999371357	-1.5625	1.7435382058594173	0	0	-
grid	normalised_flux	7	62	1.9393749999580905	-1.5625	1.7351253874052579	0	0	-
grid	normalised_flux	7	63	1.9696874999790452	-1.5625	1.7259380313938359	0	0	-
grid	normalised_flux	7	64	2	-1.5625	1.7161184560156804	0	0	-
grid	normalised_flux	8	0	0.059999998658895493	-1.5	0.71137690867420833	0	0	-
grid	normalised_flux	8	1	0.09031249867985025	-1.5	0.75461780516392862	0	0	-
grid	normalised_flux	8	2	0.12062499870080501	-1.5	0.80611669626407156	0	0	-
grid	normalised_flux	8	3	0.15093749872175977	-1.5	0.84636881877753223	0	0	-
grid	normalised_flux	8	4	0.18124999874271452	-1.5	0.86392339730515433	0	0	-
grid	normalised_flux	8	5	0.21156249876366928	-1.5	0.86904413444692175	0	0	-
grid	normalised_flux	8	6	0.24187499878462404	-1.5	0.8694854964804255	0	0	-
grid	normalised_flux	8	7	0.2721874988055788	-1.5	0.86764040380199392	0	0	-
grid	normalised_flux	8	8	0.30249999882653356	-1.5	0.86442751605909829	1	1	-
grid	normalised_flux	8	9	0.33281249884748831	-1.5	0.8603497770973384	1	1	-
grid	normalised_flux	8	10	0.36312499886844307	-1.5	0.85588724971900698	1	1	-
grid	normalised_flux	8	11	0.39343749888939783	-1.5	0.85156096423754635	1	1	-
grid	normalised_flux	8	12	0.42374999891035259	-1.5	0.84798088796771853	1	1	-
grid	normalised_flux	8	13	0.45406249893130735	-1.5	0.84583764152839103	1	1	-
grid	normalised_flux	8	14	0.4843749989522621	-1.5	0.84582653330404689	1	1	-
grid	normalised_flux	8	15	0.51468749897321686	-1.5	0.84851731076724468	1	1	-
grid	normalised_flux	8	16	0.54499999899417162	-1.5	0.85422391180107837	1	1	-
grid	normalised_flux	8	17	0.57531249901512638	-1.5	0.86296449407995723	1	1	-
grid	normalised_flux	8	18	0.60562499903608114	-1.5	0.874525983821963	1	1	-
grid	normalised_flux	8	19	0.63593749905703589	-1.5	0.8885850320094878	1	1	-
grid	normalised_flux	8	20	0.66624999907799065	-1.5	0.90481932212013461	1	1	-
grid	normalised_flux	8	21	0.69656249909894541	-1.5	0.92297186965609546	1	1	-
grid	normalised_flux	8	22	0.72687499911990017	-1.5	0.94286316286370586	1	1	-
grid	normalised_flux	8	23	0.75718749914085492	-1.5	0.96437950859209287	1	1	-
grid	normalised_flux	8	24	0.78749999916180968	-1.5	0.98745629875009211	1	1	-
grid	normalised_flux	8	25	0.81781249918276444	-1.5	1.0120620125643511	1	0	-
grid	normalised_flux	8	26	0.8481249992037192	-1.5	1.0381853281908269	1	0	-
grid	normalised_flux	8	27	0.87843749922467396	-1.5	1.0658254623572896	1	0	-
grid	normalised_flux	8	28	0.90874999924562871	-1.5	1.0949843851120742	1	0	-
grid	normalised_flux	8	29	0.93906249926658347	-1.5	1.1256606960593762	1	0	-
grid	normalised_flux	8	30	0.96937499928753823	-1.5	1.1578445449575236	1	0	-
grid	normalised_flux	8	31	0.99968749930849299	-1.5	1.1915126709948551	1	0	-
grid	normalised_flux	8	32	1.0299999993294477	-1.5	1.2266238693049996	1	0	-
grid	normalised_flux	8	33	1.0603124993504025	-1.5	1.2631140065072359	1	0	-
grid	normalised_flux	8	34	1.0906249993713573	-1.5	1.300890751420583	1	0	-
grid	normalised_flux	8	35	1.120937499392312	-1.5	1.339827973480586	1	0	-
grid	normalised_flux	8	36	1.1512499994132668	-1.5	1.3797596189746133	1	0	-
grid	normalised_flux	8	37	1.1815624994342215	-1.5	1.4204735872771526	1	0	-
grid	normalised_flux	8	38	1.2118749994551763	-1.5	1.4617059868534641	1	0	-
grid	normalised_flux	8	39	1.2421874994761311	-1.5	1.5031362932130696	1	0	-
grid	normalised_flux	8	40	1.2724999994970858	-1.5	1.5443853076548533	1	0	-
grid	normalised_flux	8	41	1.3028124995180406	-1.5	1.5850165339273417	1	0	-
grid	normalised_flux	8	42	1.3331249995389953	-1.5	1.6245435837116025	1	0	-
grid	normalised_flux	8	43	1.3634374995599501	-1.5	1.6624439906951056	1	0	-
grid	normalised_flux	8	44	1.3937499995809048	-1.5	1.6981818067887677	1	0	-
grid	normalised_flux	8	45	1.4240624996018596	-1.5	1.7312367493480918	1	0	-
grid	normalised_flux	8	46	1.4543749996228144	-1.5	1.7611382853829105	1	0	-
grid	normalised_flux	8	47	1.4846874996437691	-1.5	1.787502564029775	1	0	-
grid	normalised_flux	8	48	1.5149999996647239	-1.5	1.8100564369003249	1	0	-
grid	normalised_flux	8	49	1.5453124996856786	-1.5	1.8286579655723849	1	0	-
grid	normalised_flux	8	50	1.5756249997066334	-1.5	1.8432952822849029	1	0	-
grid	normalised_flux	8	51	1.6059374997275881	-1.5	1.8540817478914431	1	0	-
grid	normalised_flux	8	52	1.6362499997485429	-1.5	1.8612416156048333	1	0	-
grid	normalised_flux	8	53	1.6665624997694977	-1.5	1.8650688261307971	1	0	-
grid	normalised_flux	8	54	1.6968749997904524	-1.5	1.8659028923774938	1	0	-
grid	normalised_flux	8	55	1.7271874998114072	-1.5	1.8641011763657052	1	0	-
grid	normalised_flux	8	56	1.7574999998323619	-1.5	1.8600166727801457	1	0	-
grid	normalised_flux	8	57	1.7878124998533167	-1.5	1.8539818688144341	1	0	-
grid	normalised_flux	8	58	1.8181249998742715	-1.5	1.8462985853676299	1	0	-
grid	normalised_flux	8	59	1.8484374998952262	-1.5	1.8372326602872864	1	0	-
grid	normalised_flux	8	60	1.878749999916181	-1.5	1.8270114798751493	1	0	-
grid	normalised_flux	8	61	1.9090624999371357	-1.5	1.8158238839450698	0	0	-
grid	normalised_flux	8	62	1.9393749999580905	-1.5	1.8038187416916773	0	0	-
grid	normalised_flux	8	63	1.9696874999790452	-1.5	1.7911019135435504	0	0	-
grid	normalised_flux	8	64	2	-1.5	1.7778086919766769	0	0	-
grid	normalised_flux	9	0	0.059999998658895493	-1.4375	0.73356579745444117	0	0	-
grid	normalised_flux	9	1	0.09031249867985025	-1.4375	0.81048156383671033	0	0	-
grid	normalised_flux	9	2	0.12062499870080501	-1.4375	0.92325812005265673	0	0	-
grid	normalised_flux	9	3	0.15093749872175977	-1.4375	0.99414679651389737	0	0	-
grid	normalised_flux	9	4	0.18124999874271452	-1.4375	0.97894841952991041	0	0	-
grid	normalised_flux	9	5	0.21156249876366928	-1.4375	0.96067247101453646	0	0	-
grid	normalised_flux	9	6	0.24187499878462404	-1.4375	0.94718127145780218	0	0	-
grid	normalised_flux	9	7	0.2721874988055788	-1.4375	0.93624052495759302	0	0	-
grid	normalised_flux	9	8	0.30249999882653356	-1.4375	0.92688656931653046	1	1	-
grid	normalised_flux	9	9	0.33281249884748831	-1.4375	0.91869375541674281	1	1	-
grid	normalised_flux	9	10	0.36312499886844307	-1.4375	0.91157630308135018	1	1	-
grid	normalised_flux	9	11	0.39343749888939783	-1.4375	0.90562794388713708	1	1	-
grid	normalised_flux	9	12	0.42374999891035259	-1.4375	0.90105880841128039	1	1	-
grid	normalised_flux	9	13	0.45406249893130735	-1.4375	0.89814802639371061	1	1	-
grid	normalised_flux	9	14	0.4843749989522621	-1.4375	0.89719354984338595	1	1	-
grid	normalised_flux	9	15	0.51468749897321686	-1.4375	0.89845853449386104	1	1	-
grid	normalised_flux	9	16	0.54499999899417162	-1.4375	0.90212780885575183	1	1	-
grid	normalised_flux	9	17	0.57531249901512638	-1.4375	0.90828672586653991	1	1	-
grid	normalised_flux	9	18	0.60562499903608114	-1.4375	0.91692970767853166	1	1	-
grid	normalised_flux	9	19	0.63593749905703589	-1.4375	0.92798989132596266	1	1	-
grid	normalised_flux	9	20	0.66624999907799065	-1.4375	0.94137204989415624	1	1	-
grid	normalised_flux	9	21	0.69656249909894541	-1.4375	0.95697784711503986	1	1	-
grid	normalised_flux	9	22	0.72687499911990017	-1.4375	0.97472280826544944	1	1	-
grid	normalised_flux	9	23	0.75718749914085492	-1.4375	0.9945439630052455	1	1	-
grid	normalised_flux	9	24	0.78749999916180968	-1.4375	1.0164003912943234	1	0	-
grid	normalised_flux	9	25	0.81781249918276444	-1.4375	1.0402702801878696	1	0	-
grid	normalised_flux	9	26	0.8481249992037192	-1.4375	1.0661461292609	1	0	-
grid	normalised_flux	9	27	0.87843749922467396	-1.4375	1.0940298373551831	1	0	-
grid	normalised_flux	9	28	0.90874999924562871	-1.4375	1.1239276231775095	1	0	-
grid	normalised_flux	9	29	0.93906249926658347	-1.4375	1.1558454443439272	1	0	-
grid	normalised_flux	9	30	0.96937499928753823	-1.4375	1.1897841078621876	1	0	-
grid	normalised_flux	9	31	0.99968749930849299	-1.4375	1.2257344518207591	1	0	-
grid	normalised_flux	9	32	1.0299999993294477	-1.4375	1.2636719811608312	1	0	-
grid	normalised_flux	9	33	1.0603124993504025	-1.4375	1.303550696440569	1	0	-
grid	normalised_flux	9	34	1.0906249993713573	-1.4375	1.3452960206495244	1	0	-
grid	normalised_flux	9	35	1.120937499392312	-1.4375	1.3887959221233721	1	0	-
grid	normalised_flux	9	36	1.1512499994132668	-1.4375	1.4338908981535805	1	0	-
grid	normalised_flux	9	37	1.1815624994342215	-1.4375	1.4803620597553162	1	0	-
grid	normalised_flux	9	38	1.2118749994551763	-1.4375	1.5279179821881996	1	0	-
grid	normalised_flux	9	39	1.2421874994761311	-1.4375	1.5761814130639271	1	0	-
grid	normalised_flux	9	40	1.2724999994970858	-1.4375	1.6246760279249366	1	0	-
grid	normalised_flux	9	41	1.3028124995180406	-1.4375	1.6728188823483812	1	0	-
grid	normalised_flux	9	42	1.3331249995389953	-1.4375	1.7199198422935957	1	0	-
grid	normalised_flux	9	43	1.3634374995599501	-1.4375	1.7651962051837149	1	0	-
grid	normalised_flux	9	44	1.3937499995809048	-1.4375	1.8078062144628795	1	0	-
grid	normalised_flux	9	45	1.4240624996018596	-1.4375	1.8469003283239831	1	0	-
grid	normalised_flux	9	46	1.4543749996228144	-1.4375	1.8816951795955401	1	0	-
grid	normalised_flux	9	47	1.4846874996437691	-1.4375	1.9115411745086379	1	0	-
grid	normalised_flux	9	48	1.5149999996647239	-1.4375	1.9360050923138539	1	0	-
grid	normalised_flux	9	49	1.5453124996856786	-1.4375	1.9549054037381453	1	0	-
grid	normalised_flux	9	50	1.5756249997066334	-1.4375	1.9683329683601216	1	0	-
grid	normalised_flux	9	51	1.6059374997275881	-1.4375	1.9766016647240723	1	0	-
grid	normalised_flux	9	52	1.6362499997485429	-1.4375	1.9801694934644951	1	0	-
grid	normalised_flux	9	53	1.6665624997694977	-1.4375	1.9796107592741927	1	0	-
grid	normalised_flux	9	54	1.6968749997904524	-1.4375	1.9755342308240598	1	0	-
grid	normalised_flux	9	55	1.7271874998114072	-1.4375	1.9685330113404051	1	0	-
grid	normalised_flux	9	56	1.7574999998323619	-1.4375	1.9591514987581811	1	0	-
grid	normalised_flux	9	57	1.7878124998533167	-1.4375	1.9478667770716562	1	0	-
grid	normalised_flux	9	58	1.8181249998742715	-1.4375	1.9350819703882274	1	0	-
grid	normalised_flux	9	59	1.8484374998952262	-1.4375	1.9211282367122733	1	0	-
grid	normalised_flux	9	60	1.878749999916181	-1.4375	1.9062701796441979	1	0	-
grid	normalised_flux	9	61	1.9090624999371357	-1.4375	1.8907142982262966	0	0	-
grid	normalised_flux	9	62	1.9393749999580905	-1.4375	1.8746166772519184	0	0	-
grid	normalised_flux	9	63	1.9696874999790452	-1.4375	1.8580923865322181	0	0	-
grid	normalised_flux	9	64	2	-1.4375	1.8412587744884721	0	0	-
grid	normalised_flux	10	0	0.059999998658895493	-1.375	0.74842672652069098	0	0	-
grid	normalised_flux	10	1	0.09031249867985025	-1.375	0.84343342302354196	0	0	-
grid	normalised_flux	10	2	0.12062499870080501	-1.375	0.97770123652101226	0	0	-
grid	normalised_flux	10	3	0.15093749872175977	-1.375	1.0634662464023477	0	0	-
grid	normalised_flux	10	4	0.18124999874271452	-1.375	1.0508645118008981	0	0	-
grid	normalised_flux	10	5	0.21156249876366928	-1.375	1.0292944051149482	0	0	-
grid	normalised_flux	10	6	0.24187499878462404	-1.375	1.0106532618564985	0	0	-
grid	normalised_flux	10	7	0.2721874988055788	-1.375	0.99474201220167247	0	0	-
grid	normalised_flux	10	8	0.30249999882653356	-1.375	0.98130599773382732	1	1	-
grid	normalised_flux	10	9	0.33281249884748831	-1.375	0.96986549981574111	1	1	-
grid	normalised_flux	10	10	0.36312499886844307	-1.375	0.96019194536956287	1	1	-
grid	normalised_flux	10	11	0.39343749888939783	-1.375	0.95221253754900259	1	1	-
grid	normalised_flux	10	12	0.42374999891035259	-1.375	0.9459591294247226	1	1	-
grid	normalised_flux	10	13	0.45406249893130735	-1.375	0.94152974870300798	1	1	-
grid	normalised_flux	10	14	0.4843749989522621	-1.375	0.93905581896974266	1	1	-
grid	normalised_flux	10	15	0.51468749897321686	-1.375	0.93867431792298239	1	1	-
grid	normalised_flux	10	16	0.54499999899417162	-1.375	0.94050627298992995	1	1	-
grid	normalised_flux	10	17	0.57531249901512638	-1.375	0.94464396788052185	1	1	-
grid	normalised_flux	10	18	0.60562499903608114	-1.375	0.9511468126065814	1	1	-
grid	normalised_flux	10	19	0.63593749905703589	-1.375	0.96004488007461308	1	1	-
grid	normalised_flux	10	20	0.66624999907799065	-1.375	0.97134733219614866	1	1	-
grid	normalised_flux	10	21	0.69656249909894541	-1.375	0.98505283978195035	1	1	-
grid	normalised_flux	10	22	0.72687499911990017	-1.375	1.0011578187681804	1	0	-
grid	normalised_flux	10	23	0.75718749914085492	-1.375	1.0196622454193172	1	0	-
grid	normalised_flux	10	24	0.78749999916180968	-1.375	1.0405728843591597	1	0	-
grid	normalised_flux	10	25	0.81781249918276444	-1.375	1.0639042617272347	1	0	-
grid	normalised_flux	10	26	0.8481249992037192	-1.375	1.0896783566170103	1	0	-
grid	normalised_flux	10	27	0.87843749922467396	-1.375	1.1179229633248682	1	0	-
grid	normalised_flux	10	28	0.90874999924562871	-1.375	1.1486699111859489	1	0	-
grid	normalised_flux	10	29	0.93906249926658347	-1.375	1.1819523824601517	1	0	-
grid	normalised_flux	10	30	0.96937499928753823	-1.375	1.2178019453918743	1	0	-
grid	normalised_flux	10	31	0.99968749930849299	-1.375	1.2562449938816944	1	0	-
grid	normalised_flux	10	32	1.0299999993294477	-1.375	1.2972979529109079	1	0	-
grid	normalised_flux	10	33	1.0603124993504025	-1.375	1.3409613921320447	1	0	-
grid	normalised_flux	10	34	1.0906249993713573	-1.375	1.3872116709650906	1	0	-
grid	normalised_flux	10	35	1.120937499392312	-1.375	1.4359903525546283	1	0	-
grid	normalised_flux	10	36	1.1512499994132668	-1.375	1.4871906745222383	1	0	-
grid	normalised_flux	10	37	1.1815624994342215	-1.375	1.5406391776723933	1	0	-
grid	normalised_flux	10	38	1.2118749994551763	-1.375	1.5960720654124405	1	0	-
grid	normalised_flux	10	39	1.2421874994761311	-1.375	1.653106151473551	1	0	-
grid	normalised_flux	10	40	1.2724999994970858	-1.375	1.7112043484615798	1	0	-
grid	normalised_flux	10	41	1.3028124995180406	-1.375	1.7696387353846741	1	0	-
grid	normalised_flux	10	42	1.3331249995389953	-1.375	1.827459511590364	1	0	-
grid	normalised_flux	10	43	1.3634374995599501	-1.375	1.8834832239465971	1	0	-
grid	normalised_flux	10	44	1.3937499995809048	-1.375	1.9363206798157344	1	0	-
grid	normalised_flux	10	45	1.4240624996018596	-1.375	1.9844735031584624	1	0	-
grid	normalised_flux	10	46	1.4543749996228144	-1.375	2.0264871811803133	1	0	-
grid	normalised_flux	10	47	1.4846874996437691	-1.375	2.0611837673903644	1	0	-
grid	normalised_flux	10	48	1.5149999996647239	-1.375	2.0878072379385926	1	0	-
grid	normalised_flux	10	49	1.5453124996856786	-1.375	2.1061581194972456	1	0	-
grid	normalised_flux	10	50	1.5756249997066334	-1.375	2.1165404166334172	1	0	-
grid	normalised_flux	10	51	1.6059374997275881	-1.375	2.1197093936604223	1	0	-
grid	normalised_flux	10	52	1.6362499997485429	-1.375	2.1167650496145991	1	0	-
grid	normalised_flux	10	53	1.6665624997694977	-1.375	2.1088429868154397	1	0	-
grid	normalised_flux	10	54	1.6968749997904524	-1.375	2.0970348493955013	1	0	-
grid	normalised_flux	10	55	1.7271874998114072	-1.375	2.0823032551891902	1	0	-
grid	normalised_flux	10	56	1.7574999998323619	-1.375	2.0654466671600491	1	0	-
grid	normalised_flux	10	57	1.7878124998533167	-1.375	2.0470981591536064	1	0	-
grid	normalised_flux	10	58	1.8181249998742715	-1.375	2.0277420307628509	1	0	-
grid	normalised_flux	10	59	1.8484374998952262	-1.375	2.0077383023870383	1	0	-
grid	normalised_flux	10	60	1.878749999916181	-1.375	1.9873471153484188	1	0	-
grid	normalised_flux	10	61	1.9090624999371357	-1.375	1.9667517078776253	0	0	-
grid	normalised_flux	10	62	1.9393749999580905	-1.375	1.9460774035313615	0	0	-
grid	normalised_flux	10	63	1.9696874999790452	-1.375	1.925406896868634	0	0	-
grid	normalised_flux	10	64	2	-1.375	1.9049801065468599	0	0	-
grid	normalised_flux	11	0	0.059999998658895493	-1.3125	0.75598311393245243	0	0	-
grid	normalised_flux	11	1	0.09031249867985025	-1.3125	0.85928161926390156	0	0	-
grid	normalised_flux	11	2	0.12062499870080501	-1.3125	1.0026716466323828	0	0	-
grid	normalised_flux	11	3	0.15093749872175977	-1.3125	1.0965102943570268	0	0	-
grid	normalised_flux	11	4	0.18124999874271452	-1.3125	1.0895849336020131	0	0	-
grid	normalised_flux	11	5	0.21156249876366928	-1.3125	1.0707356535502432	0	0	-
grid	normalised_flux	11	6	0.24187499878462404	-1.3125	1.0530801041115951	0	0	-
grid	normalised_flux	11	7	0.2721874988055788	-1.3125	1.0369875625389471	0	0	-
grid	normalised_flux	11	8	0.30249999882653356	-1.3125	1.0226055213666458	1	0	-
grid	normalised_flux	11	9	0.33281249884748831	-1.3125	1.0098547988929563	1	0	-
grid	normalised_flux	11	10	0.36312499886844307	-1.3125	0.99874166129571362	1	1	-
grid	normalised_flux	11	11	0.39343749888939783	-1.3125	0.98929186161639948	1	1	-
grid	normalised_flux	11	12	0.42374999891035259	-1.3125	0.98156075109255791	1	1	-
grid	normalised_flux	11	13	0.45406249893130735	-1.3125	0.97563194996855751	1	1	-
grid	normalised_flux	11	14	0.4843749989522621	-1.3125	0.97160927741807646	1	1	-
grid	normalised_flux	11	15	0.51468749897321686	-1.3125	0.96960630791437719	1	1	-
grid	normalised_flux	11	16	0.54499999899417162	-1.3125	0.96973680581489907	1	1	-
grid	normalised_flux	11	17	0.57531249901512638	-1.3125	0.97210758096910521	1	1	-
grid	normalised_flux	11	18	0.60562499903608114	-1.3125	0.97681390776271682	1	1	-
grid	normalised_flux	11	19	0.63593749905703589	-1.3125	0.98393874184548336	1	1	-
grid	normalised_flux	11	20	0.66624999907799065	-1.3125	0.99355371702311179	1	1	-
grid	normalised_flux	11	21	0.69656249909894541	-1.3125	1.0057217324291745	1	0	-
grid	normalised_flux	11	22	0.72687499911990017	-1.3125	1.0205001568205947	1	0	-
grid	normalised_flux	11	23	0.75718749914085492	-1.3125	1.0379441040796948	1	0	-
grid	normalised_flux	11	24	0.78749999916180968	-1.3125	1.0581089729150635	1	0	-
grid	normalised_flux	11	25	0.81781249918276444	-1.3125	1.0810523457033223	1	0	-
grid	normalised_flux	11	26	0.8481249992037192	-1.3125	1.1068351990007534	1	0	-
grid	normalised_flux	11	27	0.87843749922467396	-1.3125	1.1355225206668751	1	0	-
grid	normalised_flux	11	28	0.90874999924562871	-1.3125	1.1671836184262274	1	0	-
grid	normalised_flux	11	29	0.93906249926658347	-1.3125	1.2018924521656837	1	0	-
grid	normalised_flux	11	30	0.96937499928753823	-1.3125	1.2397266845135639	1	0	-
grid	normalised_flux	11	31	0.99968749930849299	-1.3125	1.2807670637160626	1	0	-
grid	normalised_flux	11	32	1.0299999993294477	-1.3125	1.3250953349113026	1	0	-
grid	normalised_flux	11	33	1.0603124993504025	-1.3125	1.3727894930249134	1	0	-
grid	normalised_flux	11	34	1.0906249993713573	-1.3125	1.423919130607701	1	0	-
grid	normalised_flux	11	35	1.120937499392312	-1.3125	1.4785344245533911	1	0	-
grid	normalised_flux	11	36	1.1512499994132668	-1.3125	1.5366517049011905	1	0	-
grid	normalised_flux	11	37	1.1815624994342215	-1.3125	1.5982330422867788	1	0	-
grid	normalised_flux	11	38	1.2118749994551763	-1.3125	1.6631583349683152	1	0	-
grid	normalised_flux	11	39	1.2421874994761311	-1.3125	1.7311793093846031	1	0	-
grid	normalised_flux	11	40	1.2724999994970858	-1.3125	1.8018534404615552	1	0	-
grid	normalised_flux	11	41	1.3028124995180406	-1.3125	1.8744500538867557	1	0	-
grid	normalised_flux	11	42	1.3331249995389953	-1.3125	1.947829939541353	1	0	-
grid	normalised_flux	11	43	1.3634374995599501	-1.3125	2.0203174645069684	1	0	-
grid	normalised_flux	11	44	1.3937499995809048	-1.3125	2.0896212014797864	1	0	-
grid	normalised_flux	11	45	1.4240624996018596	-1.3125	2.1528860519770907	1	0	-
grid	normalised_flux	11	46	1.4543749996228144	-1.3125	2.207053741446964	1	0	-
grid	normalised_flux	11	47	1.4846874996437691	-1.3125	2.249370379672937	1	0	-
grid	normalised_flux	11	48	1.5149999996647239	-1.3125	2.2781951774830786	1	0	-
grid	normalised_flux	11	49	1.5453124996856786	-1.3125	2.2933297059126088	1	0	-
grid	normalised_flux	11	50	1.5756249997066334	-1.3125	2.2961371434669426	1	0	-
grid	normalised_flux	11	51	1.6059374997275881	-1.3125	2.2888831881439358	1	0	-
grid	normalised_flux	11	52	1.6362499997485429	-1.3125	2.2738912627312002	1	0	-
grid	normalised_flux	11	53	1.6665624997694977	-1.3125	2.2534877332210868	1	0	-
grid	normalised_flux	11	54	1.6968749997904524	-1.3125	2.2295690678296189	1	0	-
grid	normalised_flux	11	55	1.7271874998114072	-1.3125	2.2035612017826516	1	0	-
grid	normalised_flux	11	56	1.7574999998323619	-1.3125	2.1764752683217701	1	0	-
grid	normalised_flux	11	57	1.7878124998533167	-1.3125	2.1489936162363881	1	0	-
grid	normalised_flux	11	58	1.8181249998742715	-1.3125	2.121555827395853	1	0	-
grid	normalised_flux	11	59	1.8484374998952262	-1.3125	2.0944304929682804	1	0	-
grid	normalised_flux	11	60	1.878749999916181	-1.3125	2.067769425353041	1	0	-
grid	normalised_flux	11	61	1.9090624999371357	-1.3125	2.0416473439737146	0	0	-
grid	normalised_flux	11	62	1.9393749999580905	-1.3125	2.0160894084837309	0	0	-
grid	normalised_flux	11	63	1.9696874999790452	-1.3125	1.9910902071840493	0	0	-
grid	normalised_flux	11	64	2	-1.3125	1.9662483249248666	0	0	-
grid	normalised_flux	12	0	0.059999998658895493	-1.25	0.75980726850994518	0	0	-
grid	normalised_flux	12	1	0.09031249867985025	-1.25	0.86734849248341117	0	0	-
grid	normalised_flux	12	2	0.12062499870080501	-1.25	1.0156672722231301	0	0	-
grid	normalised_flux	12	3	0.15093749872175977	-1.25	1.1143524762059698	0	0	-
grid	normalised_flux	12	4	0.18124999874271452	-1.25	1.1115402440761712	0	0	-
grid	normalised_flux	12	5	0.21156249876366928	-1.25	1.0957011504085383	0	0	-
grid	normalised_flux	12	6	0.24187499878462404	-1.25	1.0801294136618722	0	0	-
grid	normalised_flux	12	7	0.2721874988055788	-1.25	1.0652521545564155	0	0	-
grid	normalised_flux	12	8	0.30249999882653356	-1.25	1.0513136116146076	1	0	-
grid	normalised_flux	12	9	0.33281249884748831	-1.25	1.0384062109595165	1	0	-
grid	normalised_flux	12	10	0.36312499886844307	-1.25	1.0267028421341404	1	0	-
grid	normalised_flux	12	11	0.39343749888939783	-1.25	1.0163525167462417	1	0	-
grid	normalised_flux	12	12	0.42374999891035259	-1.25	1.0074930432371492	1	0	-
grid	normalised_flux	12	13	0.45406249893130735	-1.25	1.0002611382141764	1	0	-
grid	normalised_flux	12	14	0.4843749989522621	-1.25	0.99479636654728798	1	1	-
grid	normalised_flux	12	15	0.51468749897321686	-1.25	0.99124135498880084	1	1	-
grid	normalised_flux	12	16	0.54499999899417162	-1.25	0.98973991706713638	1	1	-
grid	normalised_flux	12	17	0.57531249901512638	-1.25	0.99043408614655837	1	1	-
grid	normalised_flux	12	18	0.60562499903608114	-1.25	0.99346162319735232	1	1	-
grid	normalised_flux	12	19	0.63593749905703589	-1.25	0.99895316853317273	1	1	-
grid	normalised_flux	12	20	0.66624999907799065	-1.25	1.0070305803244959	1	0	-
grid	normalised_flux	12	21	0.69656249909894541	-1.25	1.0178079077550264	1	0	-
grid	normalised_flux	12	22	0.72687499911990017	-1.25	1.0313922692360147	1	0	-
grid	normalised_flux	12	23	0.75718749914085492	-1.25	1.0478858224545917	1	0	-
grid	normalised_flux	12	24	0.78749999916180968	-1.25	1.067387307182706	1	0	-
grid	normalised_flux	12	25	0.81781249918276444	-1.25	1.0899946561845537	1	0	-
grid	normalised_flux	12	26	0.8481249992037192	-1.25	1.1158073212977464	1	0	-
grid	normalised_flux	12	27	0.87843749922467396	-1.25	1.1449282434816441	1	0	-
grid	normalised_flux	12	28	0.90874999924562871	-1.25	1.1774663687826996	1	0	-
grid	normalised_flux	12	29	0.93906249926658347	-1.25	1.2135388557380127	1	0	-
grid	normalised_flux	12	30	0.96937499928753823	-1.25	1.2532744932905138	1	0	-
grid	normalised_flux	12	31	0.99968749930849299	-1.25	1.2968169288199698	1	0	-
grid	normalised_flux	12	32	1.0299999993294477	-1.25	1.3443283234133883	1	0	-
grid	normalised_flux	12	33	1.0603124993504025	-1.25	1.3959930546064643	1	0	-
grid	normalised_flux	12	34	1.0906249993713573	-1.25	1.4520107856111277	1	0	-
grid	normalised_flux	12	35	1.120937499392312	-1.25	1.5125922403926084	1	0	-
grid	normalised_flux	12	36	1.1512499994132668	-1.25	1.5779525577232469	1	0	-
grid	normalised_flux	12	37	1.1815624994342215	-1.25	1.6483050250046603	1	0	-
grid	normalised_flux	12	38	1.2118749994551763	-1.25	1.7238400011241142	1	0	-
grid	normalised_flux	12	39	1.2421874994761311	-1.25	1.8047002789825797	1	0	-
grid	normalised_flux	12	40	1.2724999994970858	-1.25	1.8909121575385464	1	0	-
grid	normalised_flux	12	41	1.3028124995180406	-1.25	1.9822495796795065	1	0	-
grid	normalised_flux	12	42	1.3331249995389953	-1.25	2.0779844345294314	1	0	-
grid	normalised_flux	12	43	1.3634374995599501	-1.25	2.1764419436487374	1	0	-
grid	normalised_flux	12	44	1.3937499995809048	-1.25	2.2742972351012485	1	0	-
grid	normalised_flux	12	45	1.4240624996018596	-1.25	2.3658950833907215	1	0	-
grid	normalised_flux	12	46	1.4543749996228144	-1.25	2.4434152985788642	1	0	-
grid	normalised_flux	12	47	1.4846874996437691	-1.25	2.4995463904370911	1	0	-
grid	normalised_flux	12	48	1.5149999996647239	-1.25	2.5299804566458111	1	0	-
grid	normalised_flux	12	49	1.5453124996856786	-1.25	2.5351413186876934	1	0	-
grid	normalised_flux	12	50	1.5756249997066334	-1.25	2.5193949834404381	1	0	-
grid	normalised_flux	12	51	1.6059374997275881	-1.25	2.4893302419556398	1	0	-
grid	normalised_flux	12	52	1.6362499997485429	-1.25	2.4515746216569645	1	0	-
grid	normalised_flux	12	53	1.6665624997694977	-1.25	2.4103268414623304	1	0	-
grid	normalised_flux	12	54	1.6968749997904524	-1.25	2.3682200252517474	1	0	-
grid	normalised_flux	12	55	1.7271874998114072	-1.25	2.3267574860531259	1	0	-
grid	normalised_flux	12	56	1.7574999998323619	-1.25	2.2867063559408325	1	0	-
grid	normalised_flux	12	57	1.7878124998533167	-1.25	2.2483912419151473	1	0	-
grid	normalised_flux	12	58	1.8181249998742715	-1.25	2.2118855342104116	1	0	-
grid	normalised_flux	12	59	1.8484374998952262	-1.25	2.1771293243688383	1	0	-
grid	normalised_flux	12	60	1.878749999916181	-1.25	2.1439988079071379	1	0	-
grid	normalised_flux	12	61	1.9090624999371357	-1.25	2.1123448308044162	0	0	-
grid	normalised_flux	12	62	1.9393749999580905	-1.25	2.0820148211245955	0	0	-
grid	normalised_flux	12	63	1.9696874999790452	-1.25	2.0528635174724061	0	0	-
grid	normalised_flux	12	64	2	-1.25	2.0249234849841731	0	0	-
grid	normalised_flux	13	0	0.059999998658895493	-1.1875	0.76182954092699462	0	0	-
grid	normalised_flux	13	1	0.09031249867985025	-1.1875	0.87165740356269239	0	0	-
grid	normalised_flux	13	2	0.12062499870080501	-1.1875	1.0227210658882429	0	0	-
grid	normalised_flux	13	3	0.15093749872175977	-1.1875	1.1242260736324314	0	0	-
grid	normalised_flux	13	4	0.18124999874271452	-1.1875	1.1238139300266363	0	0	-
grid	normalised_flux	13	5	0.21156249876366928	-1.1875	1.1102851096673689	0	0	-
grid	normalised_flux	13	6	0.24187499878462404	-1.1875	1.0968532251803698	0	0	-
grid	normalised_flux	13	7	0.2721874988055788	-1.1875	1.0832346845475531	1	0	-
grid	normalised_flux	13	8	0.30249999882653356	-1.1875	1.0698815307873693	1	0	-
grid	normalised_flux	13	9	0.33281249884748831	-1.1875	1.0570610021431752	1	0	-
grid	normalised_flux	13	10	0.36312499886844307	-1.1875	1.045013064743431	1	0	-
grid	normalised_flux	13	11	0.39343749888939783	-1.1875	1.0339542340207599	1	0	-
grid	normalised_flux	13	12	0.42374999891035259	-1.1875	1.0240846716330556	1	0	-
grid	normalised_flux	13	13	0.45406249893130735	-1.1875	1.0155963979541307	1	0	-
grid	normalised_flux	13	14	0.4843749989522621	-1.1875	1.0086789885990217	1	0	-
grid	normalised_flux	13	15	0.51468749897321686	-1.1875	1.0035227312484272	1	0	-
grid	normalised_flux	13	16	0.54499999899417162	-1.1875	1.0003194801275055	1	0	-
grid	normalised_flux	13	17	0.57531249901512638	-1.1875	0.99926365289780106	1	1	-
grid	normalised_flux	13	18	0.60562499903608114	-1.1875	1.0005481244119228	1	0	-
grid	normalised_flux	13	19	0.63593749905703589	-1.1875	1.0043577943870521	1	0	-
grid	normalised_flux	13	20	0.66624999907799065	-1.1875	1.0108651013912671	1	0	-
grid	normalised_flux	13	21	0.69656249909894541	-1.1875	1.0202306874381601	1	0	-
grid	normalised_flux	13	22	0.72687499911990017	-1.1875	1.0326042287301123	1	0	-
grid	normalised_flux	13	23	0.75718749914085492	-1.1875	1.0481258123185746	1	0	-
grid	normalised_flux	13	24	0.78749999916180968	-1.1875	1.0669305645308795	1	0	-
grid	normalised_flux	13	25	0.81781249918276444	-1.1875	1.0891501463081317	1	0	-
grid	normalised_flux	13	26	0.8481249992037192	-1.1875	1.1149150555508534	1	0	-
grid	normalised_flux	13	27	0.87843749922467396	-1.1875	1.1443581637117761	1	0	-
grid	normalised_flux	13	28	0.90874999924562871	-1.1875	1.1776189407187772	1	0	-
grid	normalised_flux	13	29	0.93906249926658347	-1.1875	1.2148479647240771	1	0	-
grid	normalised_flux	13	30	0.96937499928753823	-1.1875	1.2562119540349272	1	0	-
grid	normalised_flux	13	31	0.99968749930849299	-1.1875	1.3019018846621673	1	0	-
grid	normalised_flux	13	32	1.0299999993294477	-1.1875	1.3521477063439307	1	0	-
grid	normalised_flux	13	33	1.0603124993504025	-1.1875	1.4072392772761382	0	0	-
grid	normalised_flux	13	34	1.0906249993713573	-1.1875	1.4675648631293492	0	0	-
grid	normalised_flux	13	35	1.120937499392312	-1.1875	1.5335340915440163	0	0	-
grid	normalised_flux	13	36	1.1512499994132668	-1.1875	1.605596655721901	0	0	-
grid	normalised_flux	13	37	1.1815624994342215	-1.1875	1.684223800718835	0	0	-
grid	normalised_flux	13	38	1.2118749994551763	-1.1875	1.7700093892978335	0	0	-
grid	normalised_flux	13	39	1.2421874994761311	-1.1875	1.8637337504835521	0	0	-
grid	normalised_flux	13	40	1.2724999994970858	-1.1875	1.9663708951610062	0	0	-
grid	normalised_flux	13	41	1.3028124995180406	-1.1875	2.0790869970021562	0	0	-
grid	normalised_flux	13	42	1.3331249995389953	-1.1875	2.2031914023482879	0	0	-
grid	normalised_flux	13	43	1.3634374995599501	-1.1875	2.3399305109360706	0	0	-
grid	normalised_flux	13	44	1.3937499995809048	-1.1875	2.4896989970270309	0	0	-
grid	normalised_flux	13	45	1.4240624996018596	-1.1875	2.6483848238299705	0	0	-
grid	normalised_flux	13	46	1.4543749996228144	-1.1875	2.7884568744314455	0	0	-
grid	normalised_flux	13	47	1.4846874996437691	-1.1875	2.8771124674010404	0	0	-
grid	normalised_flux	13	48	1.5149999996647239	-1.1875	2.9052738098973618	0	0	-
grid	normalised_flux	13	49	1.5453124996856786	-1.1875	2.8702623957221376	0	0	-
grid	normalised_flux	13	50	1.5756249997066334	-1.1875	2.7956382939989055	0	0	-
grid	normalised_flux	13	51	1.6059374997275881	-1.1875	2.7157359818125135	0	0	-
grid	normalised_flux	13	52	1.6362499997485429	-1.1875	2.6378130222853291	0	0	-
grid	normalised_flux	13	53	1.6665624997694977	-1.1875	2.5653917668974251	0	0	-
grid	normalised_flux	13	54	1.6968749997904524	-1.1875	2.4995841773882792	0	0	-
grid	normalised_flux	13	55	1.7271874998114072	-1.1875	2.4401126430913753	0	0	-
grid	normalised_flux	13	56	1.7574999998323619	-1.1875	2.3862472492310047	0	0	-
grid	normalised_flux	13	57	1.7878124998533167	-1.1875	2.337178139793016	0	0	-
grid	normalised_flux	13	58	1.8181249998742715	-1.1875	2.292153563321365	0	0	-
grid	normalised_flux	13	59	1.8484374998952262	-1.1875	2.2505218373211937	0	0	-
grid	normalised_flux	13	60	1.878749999916181	-1.1875	2.2117364751316049	0	0	-
grid	normalised_flux	13	61	1.9090624999371357	-1.1875	2.1753467866589089	0	0	-
grid	normalised_flux	13	62	1.9393749999580905	-1.1875	2.140984966252597	0	0	-
grid	normalised_flux	13	63	1.9696874999790452	-1.1875	2.1083512817395551	0	0	-
grid	normalised_flux	13	64	2	-1.1875	2.07711476499958	0	0	-
grid	normalised_flux	14	0	0.059999998658895493	-1.125	0.76292071628299074	0	0	-
grid	normalised_flux	14	1	0.09031249867985025	-1.125	0.87400983115831299	0	0	-
grid	normalised_flux	14	2	0.12062499870080501	-1.125	1.0266599757812227	0	0	-
grid	normalised_flux	14	3	0.15093749872175977	-1.125	1.1299132471414244	0	0	-
grid	normalised_flux	14	4	0.18124999874271452	-1.125	1.1313970020991222	0	0	-
grid	normalised_flux	14	5	0.21156249876366928	-1.125	1.1193266346309907	0	0	-
grid	normalised_flux	14	6	0.24187499878462404	-1.125	1.1066978177988218	1	0	-
grid	normalised_flux	14	7	0.2721874988055788	-1.125	1.0936776496782199	1	0	-
grid	normalised_flux	14	8	0.30249999882653356	-1.125	1.0805440732330103	1	0	-
grid	normalised_flux	14	9	0.33281249884748831	-1.125	1.0675634484922318	1	0	-
grid	normalised_flux	14	10	0.36312499886844307	-1.125	1.0549878704361397	1	0	-
grid	normalised_flux	14	11	0.39343749888939783	-1.125	1.0430580172588575	1	0	-
grid	normalised_flux	14	12	0.42374999891035259	-1.125	1.0320074464978781	1	0	-
grid	normalised_flux	14	13	0.45406249893130735	-1.125	1.0220674133450505	1	0	-
grid	normalised_flux	14	14	0.4843749989522621	-1.125	1.0134709768919028	1	0	-
grid	normalised_flux	14	15	0.51468749897321686	-1.125	1.0064566316645251	1	0	-
grid	normalised_flux	14	16	0.54499999899417162	-1.125	1.0012727936372472	1	0	-
grid	normalised_flux	14	17	0.57531249901512638	-1.125	0.99817623368817787	1	1	-
grid	normalised_flux	14	18	0.60562499903608114	-1.125	0.99744940453034214	1	1	-
grid	normalised_flux	14	19	0.63593749905703589	-1.125	0.9993548685092426	1	1	-
grid	normalised_flux	14	20	0.66624999907799065	-1.125	1.0041000978235808	1	0	-
grid	normalised_flux	14	21	0.69656249909894541	-1.125	1.0118913066893871	1	0	-
grid	normalised_flux	14	22	0.72687499911990017	-1.125	1.022917145036335	1	0	-
grid	normalised_flux	14	23	0.75718749914085492	-1.125	1.0373456366253917	1	0	-
grid	normalised_flux	14	24	0.78749999916180968	-1.125	1.0553363316361326	1	0	-
grid	normalised_flux	14	25	0.81781249918276444	-1.125	1.0770408051127076	1	0	-
grid	normalised_flux	14	26	0.8481249992037192	-1.125	1.1026080923984001	1	0	-
grid	normalised_flux	14	27	0.87843749922467396	-1.125	1.1321886292322987	1	0	-
grid	normalised_flux	14	28	0.90874999924562871	-1.125	1.1659373136316473	1	0	-
grid	normalised_flux	14	29	0.93906249926658347	-1.125	1.2040178257568674	1	0	-
grid	normalised_flux	14	30	0.96937499928753823	-1.125	1.2466086567341734	1	0	-
grid	normalised_flux	14	31	0.99968749930849299	-1.125	1.2939079981731243	1	0	-
grid	normalised_flux	14	32	1.0299999993294477	-1.125	1.3461353561821279	1	0	-
grid	normalised_flux	14	33	1.0603124993504025	-1.125	1.403837882016701	0	0	-
grid	normalised_flux	14	34	1.0906249993713573	-1.125	1.4674641770445884	0	0	-
grid	normalised_flux	14	35	1.120937499392312	-1.125	1.5373991839632559	0	0	-
grid	normalised_flux	14	36	1.1512499994132668	-1.125	1.6142444558448794	0	0	-
grid	normalised_flux	14	37	1.1815624994342215	-1.125	1.6989897639611511	0	0	-
grid	normalised_flux	14	38	1.2118749994551763	-1.125	1.7922677074471576	0	0	-
grid	normalised_flux	14	39	1.2421874994761311	-1.125	1.8953525040714727	0	0	-
grid	normalised_flux	14	40	1.2724999994970858	-1.125	2.0101187853697851	0	0	-
grid	normalised_flux	14	41	1.3028124995180406	-1.125	2.1391899911290859	0	0	-
grid	normalised_flux	14	42	1.3331249995389953	-1.125	2.2863750080522758	0	0	-
grid	normalised_flux	14	43	1.3634374995599501	-1.125	2.4574162184727588	0	0	-
grid	normalised_flux	14	44	1.3937499995809048	-1.125	2.6612747314052716	0	0	-
grid	normalised_flux	14	45	1.4240624996018596	-1.125	2.9126508101669497	0	0	-
grid	normalised_flux	14	46	1.4543749996228144	-1.125	3.1321164732451057	0	0	-
grid	normalised_flux	14	47	1.4846874996437691	-1.125	3.257957654214553	0	0	-
grid	normalised_flux	14	48	1.5149999996647239	-1.125	3.2938244966063661	0	0	-
grid	normalised_flux	14	49	1.5453124996856786	-1.125	3.2355431563297912	0	0	-
grid	normalised_flux	14	50	1.5756249997066334	-1.125	3.0893114529163435	0	0	-
grid	normalised_flux	14	51	1.6059374997275881	-1.125	2.9186695689197197	0	0	-
grid	normalised_flux	14	52	1.6362499997485429	-1.125	2.78915298982368	0	0	-
grid	normalised_flux	14	53	1.6665624997694977	-1.125	2.6850087344347786	0	0	-
grid	normalised_flux	14	54	1.6968749997904524	-1.125	2.598713401783098	0	0	-
grid	normalised_flux	14	55	1.7271874998114072	-1.125	2.5254181095292756	0	0	-
grid	normalised_flux	14	56	1.7574999998323619	-1.125	2.4618270380161889	0	0	-
grid	normalised_flux	14	57	1.7878124998533167	-1.125	2.4056296765802503	0	0	-
grid	normalised_flux	14	58	1.8181249998742715	-1.125	2.355166817284378	0	0	-
grid	normalised_flux	14	59	1.8484374998952262	-1.125	2.3092216823234875	0	0	-
grid	normalised_flux	14	60	1.878749999916181	-1.125	2.2668889039424847	0	0	-
grid	normalised_flux	14	61	1.9090624999371357	-1.125	2.2274867030044851	0	0	-
grid	normalised_flux	14	62	1.9393749999580905	-1.125	2.1904992591431487	0	0	-
grid	normalised_flux	14	63	1.9696874999790452	-1.125	2.1555361704909259	0	0	-
grid	normalised_flux	14	64	2	-1.125	2.1222291566868683	0	0	-
grid	normalised_flux	15	0	0.059999998658895493	-1.0625	0.76347119644548211	0	0	-
grid	normalised_flux	15	1	0.09031249867985025	-1.0625	0.87519831622105038	0	0	-
grid	normalised_flux	15	2	0.12062499870080501	-1.0625	1.0285977675412274	0	0	-
grid	normalised_flux	15	3	0.15093749872175977	-1.0625	1.1327072503902476	0	0	-
grid	normalised_flux	15	4	0.18124999874271452	-1.0625	1.135077432156401	0	0	-
grid	normalised_flux	15	5	0.21156249876366928	-1.0625	1.1236585098279064	1	0	-
grid	normalised_flux	15	6	0.24187499878462404	-1.0625	1.1113364508833958	1	0	-
grid	normalised_flux	15	7	0.2721874988055788	-1.0625	1.0983469015863065	1	0	-
grid	normalised_flux	15	8	0.30249999882653356	-1.0625	1.0849355720614486	1	0	-
grid	normalised_flux	15	9	0.33281249884748831	-1.0625	1.0713492642676476	1	0	-
grid	normalised_flux	15	10	0.36312499886844307	-1.0625	1.0578336883297137	1	0	-
grid	normalised_flux	15	11	0.39343749888939783	-1.0625	1.0446344594303676	1	0	-
grid	normalised_flux	15	12	0.42374999891035259	-1.0625	1.0319999223373715	1	0	-
grid	normalised_flux	15	13	0.45406249893130735	-1.0625	1.0201844269055815	1	0	-
grid	normalised_flux	15	14	0.4843749989522621	-1.0625	1.0094526004709223	1	0	-
grid	normalised_flux	15	15	0.51468749897321686	-1.0625	1.0000839762772	1	0	-
grid	normalised_flux	15	16	0.54499999899417162	-1.0625	0.99236589655499319	1	1	-
grid	normalised_flux	15	17	0.57531249901512638	-1.0625	0.98669476825894198	1	1	-
grid	normalised_flux	15	18	0.60562499903608114	-1.0625	0.98344860331405815	1	1	-
grid	normalised_flux	15	19	0.63593749905703589	-1.0625	0.98297707343196139	1	1	-
grid	normalised_flux	15	20	0.66624999907799065	-1.0625	0.98558980849848477	1	1	-
grid	normalised_flux	15	21	0.69656249909894541	-1.0625	0.99155008292479363	1	1	-
grid	normalised_flux	15	22	0.72687499911990017	-1.0625	1.0010520295461678	1	0	-
grid	normalised_flux	15	23	0.75718749914085492	-1.0625	1.0142058286562092	1	0	-
grid	normalised_flux	15	24	0.78749999916180968	-1.0625	1.0312173384381162	1	0	-
grid	normalised_flux	15	25	0.81781249918276444	-1.0625	1.0522509748534961	1	0	-
grid	normalised_flux	15	26	0.8481249992037192	-1.0625	1.0774558444521991	1	0	-
grid	normalised_flux	15	27	0.87843749922467396	-1.0625	1.1069787039673877	1	0	-
grid	normalised_flux	15	28	0.90874999924562871	-1.0625	1.1409691583948769	1	0	-
grid	normalised_flux	15	29	0.93906249926658347	-1.0625	1.1795873750378165	1	0	-
grid	normalised_flux	15	30	0.96937499928753823	-1.0625	1.223005531373542	1	0	-
grid	normalised_flux	15	31	0.99968749930849299	-1.0625	1.2714119450344172	1	0	-
grid	normalised_flux	15	32	1.0299999993294477	-1.0625	1.3250094123212897	1	0	-
grid	normalised_flux	15	33	1.0603124993504025	-1.0625	1.3842943854144649	0	0	-
grid	normalised_flux	15	34	1.0906249993713573	-1.0625	1.4497666394673407	0	0	-
grid	normalised_flux	15	35	1.120937499392312	-1.0625	1.5217785520410578	0	0	-
grid	normalised_flux	15	36	1.1512499994132668	-1.0625	1.6009143018056136	0	0	-
grid	normalised_flux	15	37	1.1815624994342215	-1.0625	1.6881404466920822	0	0	-
grid	normalised_flux	15	38	1.2118749994551763	-1.0625	1.7839970172993507	0	0	-
grid	normalised_flux	15	39	1.2421874994761311	-1.0625	1.8897515854498022	0	0	-
grid	normalised_flux	15	40	1.2724999994970858	-1.0625	2.0072179248004542	0	0	-
grid	normalised_flux	15	41	1.3028124995180406	-1.0625	2.1389279509650696	0	0	-
grid	normalised_flux	15	42	1.3331249995389953	-1.0625	2.2885571570123302	0	0	-
grid	normalised_flux	15	43	1.3634374995599501	-1.0625	2.4616838653468638	0	0	-
grid	normalised_flux	15	44	1.3937499995809048	-1.0625	2.6673284288465773	0	0	-
grid	normalised_flux	15	45	1.4240624996018596	-1.0625	2.9218100633202018	0	0	-
grid	normalised_flux	15	46	1.4543749996228144	-1.0625	3.146856612239374	0	0	-
grid	normalised_flux	15	47	1.4846874996437691	-1.0625	3.2804194332593433	0	0	-
grid	normalised_flux	15	48	1.5149999996647239	-1.0625	3.3287001435951615	0	0	-
grid	normalised_flux	15	49	1.5453124996856786	-1.0625	3.288851619899539	0	0	-
grid	normalised_flux	15	50	1.5756249997066334	-1.0625	3.1482911871952743	0	0	-
grid	normalised_flux	15	51	1.6059374997275881	-1.0625	2.966945342266941	0	0	-
grid	normalised_flux	15	52	1.6362499997485429	-1.0625	2.8320837134774992	0	0	-
grid	normalised_flux	15	53	1.6665624997694977	-1.0625	2.7261414448182579	0	0	-
grid	normalised_flux	15	54	1.6968749997904524	-1.0625	2.6394667235812839	0	0	-
grid	normalised_flux	15	55	1.7271874998114072	-1.0625	2.5662730193620624	0	0	-
grid	normalised_flux	15	56	1.7574999998323619	-1.0625	2.502859489554305	0	0	-
grid	normalised_flux	15	57	1.7878124998533167	-1.0625	2.4467388413258035	0	0	-
grid	normalised_flux	15	58	1.8181249998742715	-1.0625	2.3961783815630442	0	0	-
grid	normalised_flux	15	59	1.8484374998952262	-1.0625	2.3499385463597231	0	0	-
grid	normalised_flux	15	60	1.878749999916181	-1.0625	2.3071143477291014	0	0	-
grid	normalised_flux	15	61	1.9090624999371357	-1.0625	2.2670373933687604	0	0	-
grid	normalised_flux	15	62	1.9393749999580905	-1.0625	2.2292110412142185	0	0	-
grid	normalised_flux	15	63	1.9696874999790452	-1.0625	2.1932746062715993	0	0	-
grid	normalised_flux	15	64	2	-1.0625	2.1590456098469755	0	0	-
grid	normalised_flux	16	0	0.059999998658895493	-1	0.76366898455116583	0	0	-
grid	normalised_flux	16	1	0.09031249867985025	-1	0.87561290458562213	0	0	-
grid	normalised_flux	16	2	0.12062499870080501	-1	1.0293198258591203	0	0	-
grid	normalised_flux	16	3	0.15093749872175977	-1	1.1336570035716738	0	0	-
grid	normalised_flux	16	4	0.18124999874271452	-1	1.1360783116524371	0	0	-
grid	normalised_flux	16	5	0.21156249876366928	-1	1.1246187066390583	1	0	-
grid	normalised_flux	16	6	0.24187499878462404	-1	1.1120322339783206	1	0	-
grid	normalised_flux	16	7	0.2721874988055788	-1	1.0985117685228336	1	0	-
grid	normalised_flux	16	8	0.30249999882653356	-1	1.0842761043153408	1	0	-
grid	normalised_flux	16	9	0.33281249884748831	-1	1.0695495420397159	1	0	-
grid	normalised_flux	16	10	0.36312499886844307	-1	1.0545626248221438	1	0	-
grid	normalised_flux	16	11	0.39343749888939783	-1	1.0395538709242369	1	0	-
grid	normalised_flux	16	12	0.42374999891035259	-1	1.0247721710307667	1	0	-
grid	normalised_flux	16	13	0.45406249893130735	-1	1.0104801824293241	1	0	-
grid	normalised_flux	16	14	0.4843749989522621	-1	0.99695717727297162	1	1	-
grid	normalised_flux	16	15	0.51468749897321686	-1	0.98452880692496203	1	1	-
grid	normalised_flux	16	16	0.54499999899417162	-1	0.97365563545617995	1	1	-
grid	normalised_flux	16	17	0.57531249901512638	-1	0.96480076663837555	1	1	-
grid	normalised_flux	16	18	0.60562499903608114	-1	0.9584156501019464	1	1	-
grid	normalised_flux	16	19	0.63593749905703589	-1	0.95493037350739762	1	1	-
grid	normalised_flux	16	20	0.66624999907799065	-1	0.95474312397352779	1	1	-
grid	normalised_flux	16	21	0.69656249909894541	-1	0.95820848646503209	1	1	-
grid	normalised_flux	16	22	0.72687499911990017	-1	0.96562405695803755	1	1	-
grid	normalised_flux	16	23	0.75718749914085492	-1	0.97721760152264325	1	1	-
grid	normalised_flux	16	24	0.78749999916180968	-1	0.9931417870370155	1	1	-
grid	normalised_flux	16	25	0.81781249918276444	-1	1.0134121365326094	1	0	-
grid	normalised_flux	16	26	0.8481249992037192	-1	1.0381293123586637	1	0	-
grid	normalised_flux	16	27	0.87843749922467396	-1	1.0674522713067018	1	0	-
grid	normalised_flux	16	28	0.90874999924562871	-1	1.1015069540570013	1	0	-
grid	normalised_flux	16	29	0.93906249926658347	-1	1.1404221020814487	1	0	-
grid	normalised_flux	16	30	0.96937499928753823	-1	1.1843384670261143	1	0	-
grid	normalised_flux	16	31	0.99968749930849299	-1	1.2334211531827459	1	0	-
grid	normalised_flux	16	32	1.0299999993294477	-1	1.2878665957322677	1	0	-
grid	normalised_flux	16	33	1.0603124993504025	-1	1.3479310908423465	1	0	-
grid	normalised_flux	16	34	1.0906249993713573	-1	1.4139403848183232	1	0	-
grid	normalised_flux	16	35	1.120937499392312	-1	1.4862483742947523	1	0	-
grid	normalised_flux	16	36	1.1512499994132668	-1	1.56523933737448	1	0	-
grid	normalised_flux	16	37	1.1815624994342215	-1	1.6513388994398557	1	0	-
grid	normalised_flux	16	38	1.2118749994551763	-1	1.7450490193123125	1	0	-
grid	normalised_flux	16	39	1.2421874994761311	-1	1.8470362853945883	1	0	-
grid	normalised_flux	16	40	1.2724999994970858	-1	1.958126314087512	1	0	-
grid	normalised_flux	16	41	1.3028124995180406	-1	2.0792807738046042	1	0	-
grid	normalised_flux	16	42	1.3331249995389953	-1	2.2115121269766882	1	0	-
grid	normalised_flux	16	43	1.3634374995599501	-1	2.3555874107360419	1	0	-
grid	normalised_flux	16	44	1.3937499995809048	-1	2.5109880513957603	1	0	-
grid	normalised_flux	16	45	1.4240624996018596	-1	2.6719445131851534	0	0	-
grid	normalised_flux	16	46	1.4543749996228144	-1	2.8143553671925621	0	0	-
grid	normalised_flux	16	47	1.4846874996437691	-1	2.914305081115435	0	0	-
grid	normalised_flux	16	48	1.5149999996647239	-1	2.9640959403095293	0	0	-
grid	normalised_flux	16	49	1.5453124996856786	-1	2.9615526316451573	0	0	-
grid	normalised_flux	16	50	1.5756249997066334	-1	2.9103431477660151	0	0	-
grid	normalised_flux	16	51	1.6059374997275881	-1	2.8330811750583527	0	0	-
grid	normalised_flux	16	52	1.6362499997485429	-1	2.7557037527711814	0	0	-
grid	normalised_flux	16	53	1.6665624997694977	-1	2.6846796651563438	0	0	-
grid	normalised_flux	16	54	1.6968749997904524	-1	2.6206231875258625	0	0	-
grid	normalised_flux	16	55	1.7271874998114072	-1	2.5627290210858304	0	0	-
grid	normalised_flux	16	56	1.7574999998323619	-1	2.5099507141377742	0	0	-
grid	normalised_flux	16	57	1.7878124998533167	-1	2.4613263134419054	0	0	-
grid	normalised_flux	16	58	1.8181249998742715	-1	2.4160545077720306	0	0	-
grid	normalised_flux	16	59	1.8484374998952262	-1	2.37349804583073	0	0	-
grid	normalised_flux	16	60	1.878749999916181	-1	2.3331594310747259	0	0	-
grid	normalised_flux	16	61	1.9090624999371357	-1	2.2946526289725373	0	0	-
grid	normalised_flux	16	62	1.9393749999580905	-1	2.2576744894358654	0	0	-
grid	normalised_flux	16	63	1.9696874999790452	-1	2.2219741754671256	0	0	-
grid	normalised_flux	16	64	2	-1	2.1872356248539968	0	0	-
grid	normalised_flux	17	0	0.059999998658895493	-0.9375	0.76361958499578908	0	0	-
grid	normalised_flux	17	1	0.09031249867985025	-0.9375	0.8754798907197574	0	0	-
grid	normalised_flux	17	2	0.12062499870080501	-0.9375	1.028936497177158	0	0	-
grid	normalised_flux	17	3	0.15093749872175977	-0.9375	1.1329987226016716	0	0	-
grid	normalised_flux	17	4	0.18124999874271452	-0.9375	1.1351379577377636	0	0	-
grid	normalised_flux	17	5	0.21156249876366928	-0.9375	1.1230936518729013	1	0	-
grid	normalised_flux	17	6	0.24187499878462404	-0.9375	1.1097010259394604	1	0	-
grid	normalised_flux	17	7	0.2721874988055788	-0.9375	1.0951090440741587	1	0	-
grid	normalised_flux	17	8	0.30249999882653356	-0.9375	1.0795015616312058	1	0	-
grid	normalised_flux	17	9	0.33281249884748831	-0.9375	1.0630744678745168	1	0	-
grid	normalised_flux	17	10	0.36312499886844307	-0.9375	1.0460357334487576	1	0	-
grid	normalised_flux	17	11	0.39343749888939783	-0.9375	1.0286067395685821	1	0	-
grid	normalised_flux	17	12	0.42374999891035259	-0.9375	1.0110244379511439	1	0	-
grid	normalised_flux	17	13	0.45406249893130735	-0.9375	0.99354275121190017	1	1	-
grid	normalised_flux	17	14	0.4843749989522621	-0.9375	0.9765057020082103	1	1	-
grid	normalised_flux	17	15	0.51468749897321686	-0.9375	0.96041047832156445	1	1	-
grid	normalised_flux	17	16	0.54499999899417162	-0.9375	0.94577408729440826	1	1	-
grid	normalised_flux	17	17	0.57531249901512638	-0.9375	0.93311780846316628	1	1	-
grid	normalised_flux	17	18	0.60562499903608114	-0.9375	0.92295812678879796	1	1	-
grid	normalised_flux	17	19	0.63593749905703589	-0.9375	0.91579655011781602	1	1	-
grid	normalised_flux	17	20	0.66624999907799065	-0.9375	0.91210883325525127	1	1	-
grid	normalised_flux	17	21	0.69656249909894541	-0.9375	0.9123341308310523	1	1	-
grid	normalised_flux	17	22	0.72687499911990017	-0.9375	0.91686315327455492	1	1	-
grid	normalised_flux	17	23	0.75718749914085492	-0.9375	0.9260252784259817	1	1	-
grid	normalised_flux	17	24	0.78749999916180968	-0.9375	0.94007226896827811	1	1	-
grid	normalised_flux	17	25	0.81781249918276444	-0.9375	0.95915987739748365	1	1	-
grid	normalised_flux	17	26	0.8481249992037192	-0.9375	0.98334395339710623	1	1	-
grid	normalised_flux	17	27	0.87843749922467396	-0.9375	1.012517212407241	1	0	-
grid	normalised_flux	17	28	0.90874999924562871	-0.9375	1.0465898154767281	1	0	-
grid	normalised_flux	17	29	0.93906249926658347	-0.9375	1.0857033212593898	1	0	-
grid	normalised_flux	17	30	0.96937499928753823	-0.9375	1.1299428690730087	1	0	-
grid	normalised_flux	17	31	0.99968749930849299	-0.9375	1.1793965889111533	1	0	-
grid	normalised_flux	17	32	1.0299999993294477	-0.9375	1.2341678252370598	1	0	-
grid	normalised_flux	17	33	1.0603124993504025	-0.9375	1.2943787685185137	1	0	-
grid	normalised_flux	17	34	1.0906249993713573	-0.9375	1.3601610559610979	1	0	-
grid	normalised_flux	17	35	1.120937499392312	-0.9375	1.4316508345195951	1	0	-
grid	normalised_flux	17	36	1.1512499994132668	-0.9375	1.5089777950867753	1	0	-
grid	normalised_flux	17	37	1.1815624994342215	-0.9375	1.5922515008326659	1	0	-
grid	normalised_flux	17	38	1.2118749994551763	-0.9375	1.6815503264512504	1	0	-
grid	normalised_flux	17	39	1.2421874994761311	-0.9375	1.7768798735257452	1	0	-
grid	normalised_flux	17	40	1.2724999994970858	-0.9375	1.8780998176494779	1	0	-
grid	normalised_flux	17	41	1.3028124995180406	-0.9375	1.9847852929768062	1	0	-
grid	normalised_flux	17	42	1.3331249995389953	-0.9375	2.0959804225616012	1	0	-
grid	normalised_flux	17	43	1.3634374995599501	-0.9375	2.2097807630524131	1	0	-
grid	normalised_flux	17	44	1.3937499995809048	-0.9375	2.3226833311552038	1	0	-
grid	normalised_flux	17	45	1.4240624996018596	-0.9375	2.4287885204381596	0	0	-
grid	normalised_flux	17	46	1.4543749996228144	-0.9375	2.5238145376560026	0	0	-
grid	normalised_flux	17	47	1.4846874996437691	-0.9375	2.601220442569697	0	0	-
grid	normalised_flux	17	48	1.5149999996647239	-0.9375	2.6533284583735668	0	0	-
grid	normalised_flux	17	49	1.5453124996856786	-0.9375	2.6792871444187369	0	0	-
grid	normalised_flux	17	50	1.5756249997066334	-0.9375	2.6818574166362179	0	0	-
grid	normalised_flux	17	51	1.6059374997275881	-0.9375	2.6666281360024526	0	0	-
grid	normalised_flux	17	52	1.6362499997485429	-0.9375	2.6398876968013014	0	0	-
grid	normalised_flux	17	53	1.6665624997694977	-0.9375	2.6068924728155878	0	0	-
grid	normalised_flux	17	54	1.6968749997904524	-0.9375	2.5708746725032001	0	0	-
grid	normalised_flux	17	55	1.7271874998114072	-0.9375	2.5336214857363992	0	0	-
grid	normalised_flux	17	56	1.7574999998323619	-0.9375	2.496056888919608	0	0	-
grid	normalised_flux	17	57	1.7878124998533167	-0.9375	2.4586339456987272	0	0	-
grid	normalised_flux	17	58	1.8181249998742715	-0.9375	2.421571022877103	0	0	-
grid	normalised_flux	17	59	1.8484374998952262	-0.9375	2.3849716073311051	0	0	-
grid	normalised_flux	17	60	1.878749999916181	-0.9375	2.3488858284834144	0	0	-
grid	normalised_flux	17	61	1.9090624999371357	-0.9375	2.3133379915086647	0	0	-
grid	normalised_flux	17	62	1.9393749999580905	-0.9375	2.2783377804998728	0	0	-
grid	normalised_flux	17	63	1.9696874999790452	-0.9375	2.2438831067310949	0	0	-
grid	normalised_flux	17	64	2	-0.9375	2.2099695079241752	0	0	-
grid	normalised_flux	18	0	0.059999998658895493	-0.875	0.76338910714228925	0	0	-
grid	normalised_flux	18	1	0.09031249867985025	-0.875	0.87494090448384421	0	0	-
grid	normalised_flux	18	2	0.12062499870080501	-0.875	1.0280457030326355	0	0	-
grid	normalised_flux	18	3	0.15093749872175977	-0.875	1.1314857729517871	0	0	-
grid	normalised_flux	18	4	0.18124999874271452	-0.875	1.1326642890952414	0	0	-
grid	normalised_flux	18	5	0.21156249876366928	-0.875	1.1196323956267205	1	0	-
grid	normalised_flux	18	6	0.24187499878462404	-0.875	1.1049911388175333	1	0	-
grid	normalised_flux	18	7	0.2721874988055788	-0.875	1.0888517907952979	1	0	-
grid	normalised_flux	18	8	0.30249999882653356	-0.875	1.0713656417778987	1	0	-
grid	normalised_flux	18	9	0.33281249884748831	-0.875	1.0526989353621443	1	0	-
grid	normalised_flux	18	10	0.36312499886844307	-0.875	1.0330321801936277	1	0	-
grid	normalised_flux	18	11	0.39343749888939783	-0.875	1.0125606484126892	1	0	-
grid	normalised_flux	18	12	0.42374999891035259	-0.875	0.9914964643803631	1	1	-
grid	normalised_flux	18	13	0.45406249893130735	-0.875	0.97016672732674936	1	1	-
grid	normalised_flux	18	14	0.4843749989522621	-0.875	0.94908308016629861	1	1	-
grid	normalised_flux	18	15	0.51468749897321686	-0.875	0.92879143990737822	1	1	-
grid	normalised_flux	18	16	0.54499999899417162	-0.875	0.90985635594320624	1	1	-
grid	normalised_flux	18	17	0.57531249901512638	-0.875	0.89285237032180576	1	1	-
grid	normalised_flux	18	18	0.60562499903608114	-0.875	0.87835338423210341	1	1	-
grid	normalised_flux	18	19	0.63593749905703589	-0.875	0.86692239239061941	1	1	-
grid	normalised_flux	18	20	0.66624999907799065	-0.875	0.85910099194069844	1	1	-
grid	normalised_flux	18	21	0.69656249909894541	-0.875	0.85539904563263303	1	1	-
grid	normalised_flux	18	22	0.72687499911990017	-0.875	0.85628385842558585	1	1	-
grid	normalised_flux	18	23	0.75718749914085492	-0.875	0.86216872509817366	1	1	-
grid	normalised_flux	18	24	0.78749999916180968	-0.875	0.87340032668623213	1	1	-
grid	normalised_flux	18	25	0.81781249918276444	-0.875	0.89024369402956205	1	1	-
grid	normalised_flux	18	26	0.8481249992037192	-0.875	0.9128622699333645	1	1	-
grid	normalised_flux	18	27	0.87843749922467396	-0.875	0.94129260710167773	1	1	-
grid	normalised_flux	18	28	0.90874999924562871	-0.875	0.97543183578170789	1	1	-
grid	normalised_flux	18	29	0.93906249926658347	-0.875	1.0149784199006593	1	0	-
grid	normalised_flux	18	30	0.96937499928753823	-0.875	1.0596365673820856	1	0	-
grid	normalised_flux	18	31	0.99968749930849299	-0.875	1.1094934825341922	1	0	-
grid	normalised_flux	18	32	1.0299999993294477	-0.875	1.1645517762644113	1	0	-
grid	normalised_flux	18	33	1.0603124993504025	-0.875	1.2247978955896219	1	0	-
grid	normalised_flux	18	34	1.0906249993713573	-0.875	1.2902130419763183	1	0	-
grid	normalised_flux	18	35	1.120937499392312	-0.875	1.3607578144578096	1	0	-
grid	normalised_flux	18	36	1.1512499994132668	-0.875	1.4363483791700287	1	0	-
grid	normalised_flux	18	37	1.1815624994342215	-0.875	1.5168398544860588	1	0	-
grid	normalised_flux	18	38	1.2118749994551763	-0.875	1.6019908501461135	1	0	-
grid	normalised_flux	18	39	1.2421874994761311	-0.875	1.6914145246109595	1	0	-
grid	normalised_flux	18	40	1.2724999994970858	-0.875	1.7845083753875359	1	0	-
grid	normalised_flux	18	41	1.3028124995180406	-0.875	1.880355072017609	1	0	-
grid	normalised_flux	18	42	1.3331249995389953	-0.875	1.9775984617103066	1	0	-
grid	normalised_flux	18	43	1.3634374995599501	-0.875	2.0743071375610693	1	0	-
grid	normalised_flux	18	44	1.3937499995809048	-0.875	2.1678799711736834	1	0	-
grid	normalised_flux	18	45	1.4240624996018596	-0.875	2.2551124771800755	0	0	-
grid	normalised_flux	18	46	1.4543749996228144	-0.875	2.3355081084578546	0	0	-
grid	normalised_flux	18	47	1.4846874996437691	-0.875	2.4064604198538526	0	0	-
grid	normalised_flux	18	48	1.5149999996647239	-0.875	2.4628089290945425	0	0	-
grid	normalised_flux	18	49	1.5453124996856786	-0.875	2.5037555529847348	0	0	-
grid	normalised_flux	18	50	1.5756249997066334	-0.875	2.5297890533955729	0	0	-
grid	normalised_flux	18	51	1.6059374997275881	-0.875	2.5424611638200578	0	0	-
grid	normalised_flux	18	52	1.6362499997485429	-0.875	2.5439490962296456	0	0	-
grid	normalised_flux	18	53	1.6665624997694977	-0.875	2.5364638619792683	0	0	-
grid	normalised_flux	18	54	1.6968749997904524	-0.875	2.5220138660071862	0	0	-
grid	normalised_flux	18	55	1.7271874998114072	-0.875	2.5022321122340805	0	0	-
grid	normalised_flux	18	56	1.7574999998323619	-0.875	2.4784003188535095	0	0	-
grid	normalised_flux	18	57	1.7878124998533167	-0.875	2.4515305685279412	0	0	-
grid	normalised_flux	18	58	1.8181249998742715	-0.875	2.4224144883905527	0	0	-
grid	normalised_flux	18	59	1.8484374998952262	-0.875	2.3916828736767508	0	0	-
grid	normalised_flux	18	60	1.878749999916181	-0.875	2.3598408162968854	0	0	-
grid	normalised_flux	18	61	1.9090624999371357	-0.875	2.3272912504741763	0	0	-
grid	normalised_flux	18	62	1.9393749999580905	-0.875	2.2943520423206256	0	0	-
grid	normalised_flux	18	63	1.9696874999790452	-0.875	2.2612704210344576	0	0	-
grid	normalised_flux	18	64	2	-0.875	2.2283960583272924	0	0	-
grid	normalised_flux	19	0	0.059999998658895493	-0.8125	0.76302854082602367	0	0	-
grid	normalised_flux	19	1	0.09031249867985025	-0.8125	0.87410892696309272	0	0	-
grid	normalised_flux	19	2	0.12062499870080501	-0.8125	1.0263721113691586	0	0	-
grid	normalised_flux	19	3	0.15093749872175977	-0.8125	1.1288436770444226	0	0	-
grid	normalised_flux	19	4	0.18124999874271452	-0.8125	1.1290163292321991	0	0	-
grid	normalised_flux	19	5	0.21156249876366928	-0.8125	1.1146982078209209	1	0	-
grid	normalised_flux	19	6	0.24187499878462404	-0.8125	1.0984434576902213	1	0	-
grid	normalised_flux	19	7	0.2721874988055788	-0.8125	1.080345929094495	1	0	-
grid	normalised_flux	19	8	0.30249999882653356	-0.8125	1.0605319187468518	1	0	-
grid	normalised_flux	19	9	0.33281249884748831	-0.8125	1.0391378346928168	1	0	-
grid	normalised_flux	19	10	0.36312499886844307	-0.8125	1.0163112644088268	1	0	-
grid	normalised_flux	19	11	0.39343749888939783	-0.8125	0.99221370438726919	1	1	-
grid	normalised_flux	19	12	0.42374999891035259	-0.8125	0.9671124403425454	1	1	-
grid	normalised_flux	19	13	0.45406249893130735	-0.8125	0.94151434434916326	1	1	-
grid	normalised_flux	19	14	0.4843749989522621	-0.8125	0.91597418676523423	1	1	-
grid	normalised_flux	19	15	0.51468749897321686	-0.8125	0.89107885211027538	1	1	-
grid	normalised_flux	19	16	0.54499999899417162	-0.8125	0.86743833143457072	1	1	-
grid	normalised_flux	19	17	0.57531249901512638	-0.8125	0.84567466156587134	1	1	-
grid	normalised_flux	19	18	0.60562499903608114	-0.8125	0.82641112544683892	1	1	-
grid	normalised_flux	19	19	0.63593749905703589	-0.8125	0.81026172543099317	1	1	-
grid	normalised_flux	19	20	0.66624999907799065	-0.8125	0.79782097700820676	1	1	-
grid	normalised_flux	19	21	0.69656249909894541	-0.8125	0.78965420097616612	1	1	-
grid	normalised_flux	19	22	0.72687499911990017	-0.8125	0.78628811230585705	1	1	-
grid	normalised_flux	19	23	0.75718749914085492	-0.8125	0.78820125472615787	1	1	-
grid	normalised_flux	19	24	0.78749999916180968	-0.8125	0.79581360456515737	1	1	-
grid	normalised_flux	19	25	0.81781249918276444	-0.8125	0.80947439442731717	1	1	-
grid	normalised_flux	19	26	0.8481249992037192	-0.8125	0.82944758705394361	1	1	-
grid	normalised_flux	19	27	0.87843749922467396	-0.8125	0.85589283943446226	1	1	-
grid	normalised_flux	19	28	0.90874999924562871	-0.8125	0.88883888341837847	1	1	-
grid	normalised_flux	19	29	0.93906249926658347	-0.8125	0.92814740025063758	1	1	-
grid	normalised_flux	19	30	0.96937499928753823	-0.8125	0.9734915280563603	1	1	-
grid	normalised_flux	19	31	0.99968749930849299	-0.8125	1.0242781161381946	1	0	-
grid	normalised_flux	19	32	1.0299999993294477	-0.8125	1.0800625269605861	1	0	-
grid	normalised_flux	19	33	1.0603124993504025	-0.8125	1.1408196720766728	1	0	-
grid	normalised_flux	19	34	1.0906249993713573	-0.8125	1.2064232785088662	1	0	-
grid	normalised_flux	19	35	1.120937499392312	-0.8125	1.2767028302663794	1	0	-
grid	normalised_flux	19	36	1.1512499994132668	-0.8125	1.3514569551796913	1	0	-
grid	normalised_flux	19	37	1.1815624994342215	-0.8125	1.4304110807291153	1	0	-
grid	normalised_flux	19	38	1.2118749994551763	-0.8125	1.5131917047388397	1	0	-
grid	normalised_flux	19	39	1.2421874994761311	-0.8125	1.5992968683874318	1	0	-
grid	normalised_flux	19	40	1.2724999994970858	-0.8125	1.6880533847970087	1	0	-
grid	normalised_flux	19	41	1.3028124995180406	-0.8125	1.7785742100355399	1	0	-
grid	normalised_flux	19	42	1.3331249995389953	-0.8125	1.869718709852848	1	0	-
grid	normalised_flux	19	43	1.3634374995599501	-0.8125	1.9600740510312775	1	0	-
grid	normalised_flux	19	44	1.3937499995809048	-0.8125	2.0479887159429082	1	0	-
grid	normalised_flux	19	45	1.4240624996018596	-0.8125	2.1317961861098489	1	0	-
grid	normalised_flux	19	46	1.4543749996228144	-0.8125	2.2104092796776982	1	0	-
grid	normalised_flux	19	47	1.4846874996437691	-0.8125	2.282112108282591	1	0	-
grid	normalised_flux	19	48	1.5149999996647239	-0.8125	2.3445431773594638	1	0	-
grid	normalised_flux	19	49	1.5453124996856786	-0.8125	2.3963853553157812	1	0	-
grid	normalised_flux	19	50	1.5756249997066334	-0.8125	2.4370760153356157	0	0	-
grid	normalised_flux	19	51	1.6059374997275881	-0.8125	2.4665657875329927	0	0	-
grid	normalised_flux	19	52	1.6362499997485429	-0.8125	2.4852703283709792	0	0	-
grid	normalised_flux	19	53	1.6665624997694977	-0.8125	2.4939956961801903	0	0	-
grid	normalised_flux	19	54	1.6968749997904524	-0.8125	2.4937691643572397	0	0	-
grid	normalised_flux	19	55	1.7271874998114072	-0.8125	2.4857995355717861	0	0	-
grid	normalised_flux	19	56	1.7574999998323619	-0.8125	2.471349539599704	0	0	-
grid	normalised_flux	19	57	1.7878124998533167	-0.8125	2.4516165860600423	0	0	-
grid	normalised_flux	19	58	1.8181249998742715	-0.8125	2.4277356126776741	0	0	-
grid	normalised_flux	19	59	1.8484374998952262	-0.8125	2.4007149044315312	0	0	-
grid	normalised_flux	19	60	1.878749999916181	-0.8125	2.3714133074533859	0	0	-
grid	normalised_flux	19	61	1.9090624999371357	-0.8125	2.3405387099544357	0	0	-
grid	normalised_flux	19	62	1.9393749999580905	-0.8125	2.3086552578240229	0	0	-
grid	normalised_flux	19	63	1.9696874999790452	-0.8125	2.2762008239739027	0	0	-
grid	normalised_flux	19	64	2	-0.8125	2.2434989710413813	0	0	-
grid	normalised_flux	20	0	0.059999998658895493	-0.75	0.76258090074692364	0	0	-
grid	normalised_flux	20	1	0.09031249867985025	-0.75	0.87308465611002428	0	0	-
grid	normalised_flux	20	2	0.12062499870080501	-0.75	1.0246837087398892	0	0	-
grid	normalised_flux	20	3	0.15093749872175977	-0.75	1.1260907837198815	0	0	-
grid	normalised_flux	20	4	0.18124999874271452	-0.75	1.1247114650594363	0	0	-
grid	normalised_flux	20	5	0.21156249876366928	-0.75	1.1087676502682848	1	0	-
grid	normalised_flux	20	6	0.24187499878462404	-0.75	1.0905572355294373	1	0	-
grid	normalised_flux	20	7	0.2721874988055788	-0.75	1.0701458020904635	1	0	-
grid	normalised_flux	20	8	0.30249999882653356	-0.75	1.0476236636129652	1	0	-
grid	normalised_flux	20	9	0.33281249884748831	-0.75	1.0230908415870841	1	0	-
grid	normalised_flux	20	10	0.36312499886844307	-0.75	0.9966581809010413	1	1	-
grid	normalised_flux	20	11	0.39343749888939783	-0.75	0.96848520799888982	1	1	-
grid	normalised_flux	20	12	0.42374999891035259	-0.75	0.93905515437512377	1	1	-
grid	normalised_flux	20	13	0.45406249893130735	-0.75	0.90891464910377273	1	1	-
grid	normalised_flux	20	14	0.4843749989522621	-0.75	0.8786557035771283	1	1	-
grid	normalised_flux	20	15	0.51468749897321686	-0.75	0.84890622916466196	1	1	-
grid	normalised_flux	20	16	0.54499999899417162	-0.75	0.82031818131973588	1	1	-
grid	normalised_flux	20	17	0.57531249901512638	-0.75	0.79355588170272751	1	1	-
grid	normalised_flux	20	18	0.60562499903608114	-0.75	0.7692844174446023	1	1	-
grid	normalised_flux	20	19	0.63593749905703589	-0.75	0.74815874654226844	1	1	-
grid	normalised_flux	20	20	0.66624999907799065	-0.75	0.73081358652616069	1	1	-
grid	normalised_flux	20	21	0.69656249909894541	-0.75	0.71785440386266186	1	1	-
grid	normalised_flux	20	22	0.72687499911990017	-0.75	0.70984934981046954	1	1	-
grid	normalised_flux	20	23	0.75718749914085492	-0.75	0.70732181933441518	1	1	-
grid	normalised_flux	20	24	0.78749999916180968	-0.75	0.71074307825891214	1	1	-
grid	normalised_flux	20	25	0.81781249918276444	-0.75	0.72052389352947366	1	1	-
grid	normalised_flux	20	26	0.8481249992037192	-0.75	0.73700389376492992	1	1	-
grid	normalised_flux	20	27	0.87843749922467396	-0.75	0.76043723893595938	1	1	-
grid	normalised_flux	20	28	0.90874999924562871	-0.75	0.79097332635255801	1	1	-
grid	normalised_flux	20	29	0.93906249926658347	-0.75	0.82863062225092221	1	1	-
grid	normalised_flux	20	30	0.96937499928753823	-0.75	0.87325863748703869	1	1	-
grid	normalised_flux	20	31	0.99968749930849299	-0.75	0.92448655199909358	1	1	-
grid	normalised_flux	20	32	1.0299999993294477	-0.75	0.98169995992969161	1	1	-
grid	normalised_flux	20	33	1.0603124993504025	-0.75	1.0438967831389308	1	0	-
grid	normalised_flux	20	34	1.0906249993713573	-0.75	1.1106680111099334	1	0	-
grid	normalised_flux	20	35	1.120937499392312	-0.75	1.1818384994251021	1	0	-
grid	normalised_flux	20	36	1.1512499994132668	-0.75	1.2571545865597227	1	0	-
grid	normalised_flux	20	37	1.1815624994342215	-0.75	1.3363156858618841	1	0	-
grid	normalised_flux	20	38	1.2118749994551763	-0.75	1.418958548901323	1	0	-
grid	normalised_flux	20	39	1.2421874994761311	-0.75	1.5046270738853098	1	0	-
grid	normalised_flux	20	40	1.2724999994970858	-0.75	1.5927628589208511	1	0	-
grid	normalised_flux	20	41	1.3028124995180406	-0.75	1.6826844096973279	1	0	-
grid	normalised_flux	20	42	1.3331249995389953	-0.75	1.7735754141385762	1	0	-
grid	normalised_flux	20	43	1.3634374995599501	-0.75	1.8644822739085893	1	0	-
grid	normalised_flux	20	44	1.3937499995809048	-0.75	1.9543256873463035	1	0	-
grid	normalised_flux	20	45	1.4240624996018596	-0.75	2.041921441782959	1	0	-
grid	normalised_flux	20	46	1.4543749996228144	-0.75	2.1259595262826521	1	0	-
grid	normalised_flux	20	47	1.4846874996437691	-0.75	2.2049596038028674	1	0	-
grid	normalised_flux	20	48	1.5149999996647239	-0.75	2.2772998735893561	1	0	-
grid	normalised_flux	20	49	1.5453124996856786	-0.75	2.3413369830338016	1	0	-
grid	normalised_flux	20	50	1.5756249997066334	-0.75	2.3955244204580644	0	0	-
grid	normalised_flux	20	51	1.6059374997275881	-0.75	2.4387135764765402	0	0	-
grid	normalised_flux	20	52	1.6362499997485429	-0.75	2.4701811822597102	0	0	-
grid	normalised_flux	20	53	1.6665624997694977	-0.75	2.4897569117009621	0	0	-
grid	normalised_flux	20	54	1.6968749997904524	-0.75	2.4980189621187234	0	0	-
grid	normalised_flux	20	55	1.7271874998114072	-0.75	2.4960251782620784	0	0	-
grid	normalised_flux	20	56	1.7574999998323619	-0.75	2.4852424153969861	0	0	-
grid	normalised_flux	20	57	1.7878124998533167	-0.75	2.4674371660204351	0	0	-
grid	normalised_flux	20	58	1.8181249998742715	-0.75	2.4442502193043567	0	0	-
grid	normalised_flux	20	59	1.8484374998952262	-0.75	2.4171351386223323	0	0	-
grid	normalised_flux	20	60	1.878749999916181	-0.75	2.387297118844661	0	0	-
grid	normalised_flux	20	61	1.9090624999371357	-0.75	2.3556863403921668	0	0	-
grid	normalised_flux	20	62	1.9393749999580905	-0.75	2.3230237934842477	0	0	-
grid	normalised_flux	20	63	1.9696874999790452	-0.75	2.2898396347425951	0	0	-
grid	normalised_flux	20	64	2	-0.75	2.2566314556525744	0	0	-
grid	normalised_flux	21	0	0.059999998658895493	-0.6875	0.76207607586119708	0	0	-
grid	normalised_flux	21	1	0.09031249867985025	-0.6875	0.87193274748684724	0	0	-
grid	normalised_flux	21	2	0.12062499870080501	-0.6875	1.0224037694287709	0	0	-
grid	normalised_flux	21	3	0.15093749872175977	-0.6875	1.1225824836688927	0	0	-
grid	normalised_flux	21	4	0.18124999874271452	-0.6875	1.1199316056183499	0	0	-
grid	normalised_flux	21	5	0.21156249876366928	-0.6875	1.102132527477546	1	0	-
grid	normalised_flux	21	6	0.24187499878462404	-0.6875	1.0817313715196424	1	0	-
grid	normalised_flux	21	7	0.2721874988055788	-0.6875	1.0587458919151733	1	0	-
grid	normalised_flux	21	8	0.30249999882653356	-0.6875	1.0332310126622839	1	0	-
grid	normalised_flux	21	9	0.33281249884748831	-0.6875	1.0052483986473979	1	0	-
grid	normalised_flux	21	10	0.36312499886844307	-0.6875	0.9748647704231469	1	1	-
grid	normalised_flux	21	11	0.39343749888939783	-0.6875	0.9424621749532992	1	1	-
grid	normalised_flux	21	12	0.42374999891035259	-0.6875	0.90856770697719436	1	1	-
grid	normalised_flux	21	13	0.45406249893130735	-0.6875	0.87376560450363494	1	1	-
grid	normalised_flux	21	14	0.4843749989522621	-0.6875	0.83868815810592057	1	1	-
grid	normalised_flux	21	15	0.51468749897321686	-0.6875	0.80400359393781473	1	1	-
grid	normalised_flux	21	16	0.54499999899417162	-0.6875	0.77040344643578618	1	1	-
grid	normalised_flux	21	17	0.57531249901512638	-0.6875	0.73858980640975869	1	1	-
grid	normalised_flux	21	18	0.60562499903608114	-0.6875	0.70926285989400761	1	1	-
grid	normalised_flux	21	19	0.63593749905703589	-0.6875	0.68310944836724052	1	1	-
grid	normalised_flux	21	20	0.66624999907799065	-0.6875	0.6607929403602758	1	1	-
grid	normalised_flux	21	21	0.69656249909894541	-0.6875	0.64294479941181482	1	1	-
grid	normalised_flux	21	22	0.72687499911990017	-0.6875	0.63015782686199351	1	1	-
grid	normalised_flux	21	23	0.75718749914085492	-0.6875	0.62298084287022659	1	1	-
grid	normalised_flux	21	24	0.78749999916180968	-0.6875	0.62191431092005389	1	1	-
grid	normalised_flux	21	25	0.81781249918276444	-0.6875	0.6274058977930379	1	1	-
grid	normalised_flux	21	26	0.8481249992037192	-0.6875	0.63984491648965103	1	1	-
grid	normalised_flux	21	27	0.87843749922467396	-0.6875	0.65955389715198898	1	1	-
grid	normalised_flux	21	28	0.90874999924562871	-0.6875	0.68677540717338748	1	1	-
grid	normalised_flux	21	29	0.93906249926658347	-0.6875	0.7216521141015918	1	1	-
grid	normalised_flux	21	30	0.96937499928753823	-0.6875	0.76419879107390565	1	1	-
grid	normalised_flux	21	31	0.99968749930849299	-0.6875	0.81426427025873105	1	1	-
grid	normalised_flux	21	32	1.0299999993294477	-0.6875	0.87147577934756082	1	1	-
grid	normalised_flux	21	33	1.0603124993504025	-0.6875	0.93516869998599117	1	1	-
grid	normalised_flux	21	34	1.0906249993713573	-0.6875	1.0043790851503787	1	0	-
grid	normalised_flux	21	35	1.120937499392312	-0.6875	1.0776870759085257	1	0	-
grid	normalised_flux	21	36	1.1512499994132668	-0.6875	1.1550175968040215	1	0	-
grid	normalised_flux	21	37	1.1815624994342215	-0.6875	1.2361039317749949	1	0	-
grid	normalised_flux	21	38	1.2118749994551763	-0.6875	1.3206338162926605	1	0	-
grid	normalised_flux	21	39	1.2421874994761311	-0.6875	1.4082842573722414	1	0	-
grid	normalised_flux	21	40	1.2724999994970858	-0.6875	1.4986816104247931	1	0	-
grid	normalised_flux	21	41	1.3028124995180406	-0.6875	1.5914043325777685	1	0	-
grid	normalised_flux	21	42	1.3331249995389953	-0.6875	1.685971209856052	1	0	-
grid	normalised_flux	21	43	1.3634374995599501	-0.6875	1.781830248957619	1	0	-
grid	normalised_flux	21	44	1.3937499995809048	-0.6875	1.8783378374651261	1	0	-
grid	normalised_flux	21	45	1.4240624996018596	-0.6875	1.9747157350798625	1	0	-
grid	normalised_flux	21	46	1.4543749996228144	-0.6875	2.0699782530399387	1	0	-
grid	normalised_flux	21	47	1.4846874996437691	-0.6875	2.1628163298303344	1	0	-
grid	normalised_flux	21	48	1.5149999996647239	-0.6875	2.2514500861195947	1	0	-
grid	normalised_flux	21	49	1.5453124996856786	-0.6875	2.3335105269176726	1	0	-
grid	normalised_flux	21	50	1.5756249997066334	-0.6875	2.4061416043209665	0	0	-
grid	normalised_flux	21	51	1.6059374997275881	-0.6875	2.4658706215616424	0	0	-
grid	normalised_flux	21	52	1.6362499997485429	-0.6875	2.5098677347525022	0	0	-
grid	normalised_flux	21	53	1.6665624997694977	-0.6875	2.5368523650050485	0	0	-
grid	normalised_flux	21	54	1.6968749997904524	-0.6875	2.5471138958047606	0	0	-
grid	normalised_flux	21	55	1.7271874998114072	-0.6875	2.5429765094759564	0	0	-
grid	normalised_flux	21	56	1.7574999998323619	-0.6875	2.5276900737049672	0	0	-
grid	normalised_flux	21	57	1.7878124998533167	-0.6875	2.5041592467446612	0	0	-
grid	normalised_flux	21	58	1.8181249998742715	-0.6875	2.4750953847558987	0	0	-
grid	normalised_flux	21	59	1.8484374998952262	-0.6875	2.4425841755369082	0	0	-
grid	normalised_flux	21	60	1.878749999916181	-0.6875	2.4081236153586487	0	0	-
grid	normalised_flux	21	61	1.9090624999371357	-0.6875	2.3727409776177351	0	0	-
grid	normalised_flux	21	62	1.9393749999580905	-0.6875	2.3371149083621336	0	0	-
grid	normalised_flux	21	63	1.9696874999790452	-0.6875	2.3016775839782948	0	0	-
grid	normalised_flux	21	64	2	-0.6875	2.2667669983009637	0	0	-
grid	normalised_flux	22	0	0.059999998658895493	-0.625	0.76153721423677512	0	0	-
grid	normalised_flux	22	1	0.09031249867985025	-0.625	0.87070385269772954	0	0	-
grid	normalised_flux	22	2	0.12062499870080501	-0.625	1.0204051672611387	0	0	-
grid	normalised_flux	22	3	0.15093749872175977	-0.625	1.1193155264066466	0	0	-
grid	normalised_flux	22	4	0.18124999874271452	-0.625	1.1148189266863364	0	0	-
grid	normalised_flux	22	5	0.21156249876366928	-0.625	1.0950613356747319	1	0	-
grid	normalised_flux	22	6	0.24187499878462404	-0.625	1.0723303483382498	1	0	-
grid	normalised_flux	22	7	0.2721874988055788	-0.625	1.0466125541069029	1	0	-
grid	normalised_flux	22	8	0.30249999882653356	-0.625	1.0179267277786737	1	0	-
grid	normalised_flux	22	9	0.33281249884748831	-0.625	0.98629192897781115	1	1	-
grid	normalised_flux	22	10	0.36312499886844307	-0.625	0.95190131738318906	1	1	-
grid	normalised_flux	22	11	0.39343749888939783	-0.625	0.91524614709577135	1	1	-
grid	normalised_flux	22	12	0.42374999891035259	-0.625	0.87688930602222892	1	1	-
grid	normalised_flux	22	13	0.45406249893130735	-0.625	0.83745459928670951	1	1	-
grid	normalised_flux	22	14	0.4843749989522621	-0.625	0.79761432368501761	1	1	-
grid	normalised_flux	22	15	0.51468749897321686	-0.625	0.75807599359387756	1	1	-
grid	normalised_flux	22	16	0.54499999899417162	-0.625	0.71956826283938646	1	1	-
grid	normalised_flux	22	17	0.57531249901512638	-0.625	0.68282689106957151	1	1	-
grid	normalised_flux	22	18	0.60562499903608114	-0.625	0.64858124417619301	1	1	-
grid	normalised_flux	22	19	0.63593749905703589	-0.625	0.6175421684098904	1	1	-
grid	normalised_flux	22	20	0.66624999907799065	-0.625	0.59039172773381354	1	1	-
grid	normalised_flux	22	21	0.69656249909894541	-0.625	0.56777515748162888	1	1	-
grid	normalised_flux	22	22	0.72687499911990017	-0.625	0.55029529837758695	1	1	-
grid	normalised_flux	22	23	0.75718749914085492	-0.625	0.53850922312544325	1	1	-
grid	normalised_flux	22	24	0.78749999916180968	-0.625	0.53292666393011923	1	1	-
grid	normalised_flux	22	25	0.81781249918276444	-0.625	0.53400947844845448	1	1	-
grid	normalised_flux	22	26	0.8481249992037192	-0.625	0.54217080717817256	1	1	-
grid	normalised_flux	22	27	0.87843749922467396	-0.625	0.55777261683134283	1	1	-
grid	normalised_flux	22	28	0.90874999924562871	-0.625	0.58111970711505034	1	1	-
grid	normalised_flux	22	29	0.93906249926658347	-0.625	0.61244786077198454	1	1	-
grid	normalised_flux	22	30	0.96937499928753823	-0.625	0.65190386865512118	1	1	-
grid	normalised_flux	22	31	0.99968749930849299	-0.625	0.69951465723081552	1	1	-
grid	normalised_flux	22	32	1.0299999993294477	-0.625	0.75514486429998506	1	1	-
grid	normalised_flux	22	33	1.0603124993504025	-0.625	0.8184399538524485	1	1	-
grid	normalised_flux	22	34	1.0906249993713573	-0.625	0.88874325299982593	1	1	-
grid	normalised_flux	22	35	1.120937499392312	-0.625	0.96500541430994691	1	1	-
grid	normalised_flux	22	36	1.1512499994132668	-0.625	1.0457697531880723	1	0	-
grid	normalised_flux	22	37	1.1815624994342215	-0.625	1.1301857784062099	1	0	-
grid	normalised_flux	22	38	1.2118749994551763	-0.625	1.2181267897473746	1	0	-
grid	normalised_flux	22	39	1.2421874994761311	-0.625	1.3094092404191446	1	0	-
grid	normalised_flux	22	40	1.2724999994970858	-0.625	1.403891191999344	1	0	-
grid	normalised_flux	22	41	1.3028124995180406	-0.625	1.5014389185564454	1	0	-
grid	normalised_flux	22	42	1.3331249995389953	-0.625	1.6019420499126698	1	0	-
grid	normalised_flux	22	43	1.3634374995599501	-0.625	1.7053152806015794	1	0	-
grid	normalised_flux	22	44	1.3937499995809048	-0.625	1.8114911067983139	1	0	-
grid	normalised_flux	22	45	1.4240624996018596	-0.625	1.9203896822065187	1	0	-
grid	normalised_flux	22	46	1.4543749996228144	-0.625	2.0318352690205441	1	0	-
grid	normalised_flux	22	47	1.4846874996437691	-0.625	2.1453624611229949	1	0	-
grid	normalised_flux	22	48	1.5149999996647239	-0.625	2.2597815392039857	1	0	-
grid	normalised_flux	22	49	1.5453124996856786	-0.625	2.3722341767497932	1	0	-
grid	normalised_flux	22	50	1.5756249997066334	-0.625	2.4764365366968022	0	0	-
grid	normalised_flux	22	51	1.6059374997275881	-0.625	2.5637709155640609	0	0	-
grid	normalised_flux	22	52	1.6362499997485429	-0.625	2.6253528226021796	0	0	-
grid	normalised_flux	22	53	1.6665624997694977	-0.625	2.6562390030359153	0	0	-
grid	normalised_flux	22	54	1.6968749997904524	-0.625	2.6581255023326555	0	0	-
grid	normalised_flux	22	55	1.7271874998114072	-0.625	2.6373525531565325	0	0	-
grid	normalised_flux	22	56	1.7574999998323619	-0.625	2.6024769061677371	0	0	-
grid	normalised_flux	22	57	1.7878124998533167	-0.625	2.5610785478208822	0	0	-
grid	normalised_flux	22	58	1.8181249998742715	-0.625	2.5171782755602021	0	0	-
grid	normalised_flux	22	59	1.8484374998952262	-0.625	2.4730305842171214	0	0	-
grid	normalised_flux	22	60	1.878749999916181	-0.625	2.429785602250659	0	0	-
grid	normalised_flux	22	61	1.9090624999371357	-0.625	2.3879575360116529	0	0	-
grid	normalised_flux	22	62	1.9393749999580905	-0.625	2.3477199396377193	0	0	-
grid	normalised_flux	22	63	1.9696874999790452	-0.625	2.3090724333605039	0	0	-
grid	normalised_flux	22	64	2	-0.625	2.2718015873652586	0	0	-
grid	normalised_flux	23	0	0.059999998658895493	-0.5625	0.76098687055353564	0	0	-
grid	normalised_flux	23	1	0.09031249867985025	-0.5625	0.86944865895012191	0	0	-
grid	normalised_flux	23	2	0.12062499870080501	-0.5625	1.0178850482018609	0	0	-
grid	normalised_flux	23	3	0.15093749872175977	-0.5625	1.1154741695095096	0	0	-
grid	normalised_flux	23	4	0.18124999874271452	-0.5625	1.1095869530202338	0	0	-
grid	normalised_flux	23	5	0.21156249876366928	-0.5625	1.0878297392135461	1	0	-
grid	normalised_flux	23	6	0.24187499878462404	-0.5625	1.0627180790101414	1	0	-
grid	normalised_flux	23	7	0.2721874988055788	-0.5625	1.03421485005345	1	0	-
grid	normalised_flux	23	8	0.30249999882653356	-0.5625	1.0023109853740289	1	0	-
grid	normalised_flux	23	9	0.33281249884748831	-0.5625	0.96699480709500329	1	1	-
grid	normalised_flux	23	10	0.36312499886844307	-0.5625	0.92867110081031645	1	1	-
grid	normalised_flux	23	11	0.39343749888939783	-0.5625	0.88786598810290185	1	1	-
grid	normalised_flux	23	12	0.42374999891035259	-0.5625	0.84518038118583905	1	1	-
grid	normalised_flux	23	13	0.45406249893130735	-0.5625	0.80127759295981626	1	1	-
grid	normalised_flux	23	14	0.4843749989522621	-0.5625	0.75686951107150546	1	1	-
grid	normalised_flux	23	15	0.51468749897321686	-0.5625	0.71270156146031005	1	1	-
grid	normalised_flux	23	16	0.54499999899417162	-0.5625	0.66953707184144406	1	1	-
grid	normalised_flux	23	17	0.57531249901512638	-0.5625	0.62814172864763118	1	1	-
grid	normalised_flux	23	18	0.60562499903608114	-0.5625	0.58926896633177894	1	1	-
grid	normalised_flux	23	19	0.63593749905703589	-0.5625	0.55364705079254573	1	1	-
grid	normalised_flux	23	20	0.66624999907799065	-0.5625	0.52196851929220867	1	1	-
grid	normalised_flux	23	21	0.69656249909894541	-0.5625	0.49488244341819432	1	1	-
grid	normalised_flux	23	22	0.72687499911990017	-0.5625	0.47298983032567082	1	1	-
grid	normalised_flux	23	23	0.75718749914085492	-0.5625	0.45684191377995642	1	1	-
grid	normalised_flux	23	24	0.78749999916180968	-0.5625	0.44694111544516468	1	1	-
grid	normalised_flux	23	25	0.81781249918276444	-0.5625	0.44374394061790118	1	1	-
grid	normalised_flux	23	26	0.8481249992037192	-0.5625	0.44766445548125122	1	1	-
grid	normalised_flux	23	27	0.87843749922467396	-0.5625	0.45907742019369802	1	1	-
grid	normalised_flux	23	28	0.90874999924562871	-0.5625	0.47831875173180305	1	1	-
grid	normalised_flux	23	29	0.93906249926658347	-0.5625	0.50568178554547527	1	1	-
grid	normalised_flux	23	30	0.96937499928753823	-0.5625	0.54140645215989214	1	1	-
grid	normalised_flux	23	31	0.99968749930849299	-0.5625	0.585659113849473	1	1	-
grid	normalised_flux	23	32	1.0299999993294477	-0.5625	0.63849950995641069	1	1	-
grid	normalised_flux	23	33	1.0603124993504025	-0.5625	0.69983275179721816	1	1	-
grid	normalised_flux	23	34	1.0906249993713573	-0.5625	0.76934683593385245	1	1	-
grid	normalised_flux	23	35	1.120937499392312	-0.5625	0.84643067354813262	1	1	-
grid	normalised_flux	23	36	1.1512499994132668	-0.5625	0.93006209734763601	1	1	-
grid	normalised_flux	23	37	1.1815624994342215	-0.5625	1.0187661819888878	1	0	-
grid	normalised_flux	23	38	1.2118749994551763	-0.5625	1.1109172815630581	1	0	-
grid	normalised_flux	23	39	1.2421874994761311	-0.5625	1.2065908512949128	1	0	-
grid	normalised_flux	23	40	1.2724999994970858	-0.5625	1.3058200971798732	1	0	-
grid	normalised_flux	23	41	1.3028124995180406	-0.5625	1.4087411661727223	1	0	-
grid	normalised_flux	23	42	1.3331249995389953	-0.5625	1.5155944991123627	1	0	-
grid	normalised_flux	23	43	1.3634374995599501	-0.5625	1.6267728239475086	1	0	-
grid	normalised_flux	23	44	1.3937499995809048	-0.5625	1.7428744657193311	1	0	-
grid	normalised_flux	23	45	1.4240624996018596	-0.5625	1.8647763095564007	1	0	-
grid	normalised_flux	23	46	1.4543749996228144	-0.5625	1.9937289326472754	1	0	-
grid	normalised_flux	23	47	1.4846874996437691	-0.5625	2.1314837316968864	1	0	-
grid	normalised_flux	23	48	1.5149999996647239	-0.5625	2.2804821425087392	1	0	-
grid	normalised_flux	23	49	1.5453124996856786	-0.5625	2.4443275021643234	1	0	-
grid	normalised_flux	23	50	1.5756249997066334	-0.5625	2.6315221595071709	0	0	-
grid	normalised_flux	23	51	1.6059374997275881	-0.5625	2.7906883932774735	0	0	-
grid	normalised_flux	23	52	1.6362499997485429	-0.5625	2.8851605183515225	0	0	-
grid	normalised_flux	23	53	1.6665624997694977	-0.5625	2.9147642210549938	0	0	-
grid	normalised_flux	23	54	1.6968749997904524	-0.5625	2.8680042930913539	0	0	-
grid	normalised_flux	23	55	1.7271874998114072	-0.5625	2.7793471810483439	0	0	-
grid	normalised_flux	23	56	1.7574999998323619	-0.5625	2.69726917596391	0	0	-
grid	normalised_flux	23	57	1.7878124998533167	-0.5625	2.6221663762309064	0	0	-
grid	normalised_flux	23	58	1.8181249998742715	-0.5625	2.5551425785692063	0	0	-
grid	normalised_flux	23	59	1.8484374998952262	-0.5625	2.4954653997088032	0	0	-
grid	normalised_flux	23	60	1.878749999916181	-0.5625	2.441919011265496	0	0	-
grid	normalised_flux	23	61	1.9090624999371357	-0.5625	2.3933549937378573	0	0	-
grid	normalised_flux	23	62	1.9393749999580905	-0.5625	2.3488146219171058	0	0	-
grid	normalised_flux	23	63	1.9696874999790452	-0.5625	2.3075334221073507	0	0	-
grid	normalised_flux	23	64	2	-0.5625	2.2689326273376342	0	0	-
grid	normalised_flux	24	0	0.059999998658895493	-0.5	0.76044834716030352	0	0	-
grid	normalised_flux	24	1	0.09031249867985025	-0.5	0.86822101027591447	0	0	-
grid	normalised_flux	24	2	0.12062499870080501	-0.5	1.0159356260360259	0	0	-
grid	normalised_flux	24	3	0.15093749872175977	-0.5	1.1122346979818587	0	0	-
grid	normalised_flux	24	4	0.18124999874271452	-0.5	1.1044390031023752	0	0	-
grid	normalised_flux	24	5	0.21156249876366928	-0.5	1.0807137822160462	1	0	-
grid	normalised_flux	24	6	0.24187499878462404	-0.5	1.0532414107198067	1	0	-
grid	normalised_flux	24	7	0.2721874988055788	-0.5	1.0219716879844094	1	0	-
grid	normalised_flux	24	8	0.30249999882653356	-0.5	0.98686459591958842	1	1	-
grid	normalised_flux	24	9	0.33281249884748831	-0.5	0.94803876466481429	1	1	-
grid	normalised_flux	24	10	0.36312499886844307	-0.5	0.90597514710445848	1	1	-
grid	normalised_flux	24	11	0.39343749888939783	-0.5	0.86124019147350739	1	1	-
grid	normalised_flux	24	12	0.42374999891035259	-0.5	0.81447549266992481	1	1	-
grid	normalised_flux	24	13	0.45406249893130735	-0.5	0.7663849691388368	1	1	-
grid	normalised_flux	24	14	0.4843749989522621	-0.5	0.71771973741107076	1	1	-
grid	normalised_flux	24	15	0.51468749897321686	-0.5	0.6692617008439592	1	1	-
grid	normalised_flux	24	16	0.54499999899417162	-0.5	0.62180636769941033	1	1	-
grid	normalised_flux	24	17	0.57531249901512638	-0.5	0.57614594626002469	1	1	-
grid	normalised_flux	24	18	0.60562499903608114	-0.5	0.53305355403128141	1	1	-
grid	normalised_flux	24	19	0.63593749905703589	-0.5	0.49326946041040709	1	1	-
grid	normalised_flux	24	20	0.66624999907799065	-0.5	0.45749027330171982	1	1	-
grid	normalised_flux	24	21	0.69656249909894541	-0.5	0.42636123100582646	1	1	-
grid	normalised_flux	24	22	0.72687499911990017	-0.5	0.40047256475086035	1	1	-
grid	normalised_flux	24	23	0.75718749914085492	-0.5	0.38035901211427819	1	1	-
grid	normalised_flux	24	24	0.78749999916180968	-0.5	0.36650304505386611	1	1	-
grid	normalised_flux	24	25	0.81781249918276444	-0.5	0.35934049522647793	1	1	-
grid	normalised_flux	24	26	0.8481249992037192	-0.5	0.3592677458512325	1	1	-
grid	normalised_flux	24	27	0.87843749922467396	-0.5	0.36664951696076326	1	1	-
grid	normalised_flux	24	28	0.90874999924562871	-0.5	0.3818250366369651	1	1	-
grid	normalised_flux	24	29	0.93906249926658347	-0.5	0.40511122157095641	1	1	-
grid	normalised_flux	24	30	0.96937499928753823	-0.5	0.43680037471743455	1	1	-
grid	normalised_flux	24	31	0.99968749930849299	-0.5	0.47714957551629628	1	1	-
grid	normalised_flux	24	32	1.0299999993294477	-0.5	0.52635923484841762	1	1	-
grid	normalised_flux	24	33	1.0603124993504025	-0.5	0.58453735527324735	1	1	-
grid	normalised_flux	24	34	1.0906249993713573	-0.5	0.651645927319078	1	1	-
grid	normalised_flux	24	35	1.120937499392312	-0.5	0.72742821274414304	1	1	-
grid	normalised_flux	24	36	1.1512499994132668	-0.5	0.8113197719320141	1	1	-
grid	normalised_flux	24	37	1.1815624994342215	-0.5	0.90232448139189658	1	1	-
grid	normalised_flux	24	38	1.2118749994551763	-0.5	0.99890754885969091	1	1	-
grid	normalised_flux	24	39	1.2421874994761311	-0.5	1.0988676589412447	1	0	-
grid	normalised_flux	24	40	1.2724999994970858	-0.5	1.2024585918388826	1	0	-
grid	normalised_flux	24	41	1.3028124995180406	-0.5	1.3099310421370554	1	0	-
grid	normalised_flux	24	42	1.3331249995389953	-0.5	1.4217165690986384	1	0	-
grid	normalised_flux	24	43	1.3634374995599501	-0.5	1.5384732638094574	1	0	-
grid	normalised_flux	24	44	1.3937499995809048	-0.5	1.6611870523866235	1	0	-
grid	normalised_flux	24	45	1.4240624996018596	-0.5	1.7913231286095501	1	0	-
grid	normalised_flux	24	46	1.4543749996228144	-0.5	1.9310748446047237	1	0	-
grid	normalised_flux	24	47	1.4846874996437691	-0.5	2.08377912995355	1	0	-
grid	normalised_flux	24	48	1.5149999996647239	-0.5	2.2546127020266762	1	0	-
grid	normalised_flux	24	49	1.5453124996856786	-0.5	2.4516389923929074	1	0	-
grid	normalised_flux	24	50	1.5756249997066334	-0.5	2.6866162938757654	0	0	-
grid	normalised_flux	24	51	1.6059374997275881	-0.5	2.8866896556274808	0	0	-
grid	normalised_flux	24	52	1.6362499997485429	-0.5	3.0056118369618381	0	0	-
grid	normalised_flux	24	53	1.6665624997694977	-0.5	3.04723691701582	0	0	-
grid	normalised_flux	24	54	1.6968749997904524	-0.5	3.0099560071592033	0	0	-
grid	normalised_flux	24	55	1.7271874998114072	-0.5	2.8903194815516366	0	0	-
grid	normalised_flux	24	56	1.7574999998323619	-0.5	2.747597217494238	0	0	-
grid	normalised_flux	24	57	1.7878124998533167	-0.5	2.6410298501248941	0	0	-
grid	normalised_flux	24	58	1.8181249998742715	-0.5	2.5571095887569197	0	0	-
grid	normalised_flux	24	59	1.8484374998952262	-0.5	2.4882471426110393	0	0	-
grid	normalised_flux	24	60	1.878749999916181	-0.5	2.4298353519049871	0	0	-
grid	normalised_flux	24	61	1.9090624999371357	-0.5	2.3789279737511708	0	0	-
grid	normalised_flux	24	62	1.9393749999580905	-0.5	2.3335562890042869	0	0	-
grid	normalised_flux	24	63	1.9696874999790452	-0.5	2.2923537012437363	0	0	-
grid	normalised_flux	24	64	2	-0.5	2.254359776303148	0	0	-
grid	normalised_flux	25	0	0.059999998658895493	-0.4375	0.75994215748205607	0	0	-
grid	normalised_flux	25	1	0.09031249867985025	-0.4375	0.86707147520494798	0	0	-
grid	normalised_flux	25	2	0.12062499870080501	-0.4375	1.0136213176889024	0	0	-
grid	normalised_flux	25	3	0.15093749872175977	-0.4375	1.1087381707498332	0	0	-
grid	normalised_flux	25	4	0.18124999874271452	-0.4375	1.0997001586434827	0	0	-
grid	normalised_flux	25	5	0.21156249876366928	-0.4375	1.0740196529173591	1	0	-
grid	normalised_flux	25	6	0.24187499878462404	-0.4375	1.0442497066170791	1	0	-
grid	normalised_flux	25	7	0.2721874988055788	-0.4375	1.0103202287458726	1	0	-
grid	normalised_flux	25	8	0.30249999882653356	-0.4375	0.97216233881859671	1	1	-
grid	normalised_flux	25	9	0.33281249884748831	-0.4375	0.9300597712664701	1	1	-
grid	normalised_flux	25	10	0.36312499886844307	-0.4375	0.88452737329942699	1	1	-
grid	normalised_flux	25	11	0.39343749888939783	-0.4375	0.83616850188932379	1	1	-
grid	normalised_flux	25	12	0.42374999891035259	-0.4375	0.78566332215754187	1	1	-
grid	normalised_flux	25	13	0.45406249893130735	-0.4375	0.73375434057426581	1	1	-
grid	normalised_flux	25	14	0.4843749989522621	-0.4375	0.68122981902067903	1	1	-
grid	normalised_flux	25	15	0.51468749897321686	-0.4375	0.62890562972405128	1	1	-
grid	normalised_flux	25	16	0.54499999899417162	-0.4375	0.57760656501755259	1	1	-
grid	normalised_flux	25	17	0.57531249901512638	-0.4375	0.5281479556618548	1	1	-
grid	normalised_flux	25	18	0.60562499903608114	-0.4375	0.48131874370919658	1	1	-
grid	normalised_flux	25	19	0.63593749905703589	-0.4375	0.4378669304031293	1	1	-
grid	normalised_flux	25	20	0.66624999907799065	-0.4375	0.39848829883857823	1	1	-
grid	normalised_flux	25	21	0.69656249909894541	-0.4375	0.3638190084789456	1	1	-
grid	normalised_flux	25	22	0.72687499911990017	-0.4375	0.33443222471197298	1	1	-
grid	normalised_flux	25	23	0.75718749914085492	-0.4375	0.31083913947719094	1	1	-
grid	normalised_flux	25	24	0.78749999916180968	-0.4375	0.29349357595720732	1	1	-
grid	normalised_flux	25	25	0.81781249918276444	-0.4375	0.28280003491970013	1	1	-
grid	normalised_flux	25	26	0.8481249992037192	-0.4375	0.27912373484326702	1	1	-
grid	normalised_flux	25	27	0.87843749922467396	-0.4375	0.28280193376146834	1	1	-
grid	normalised_flux	25	28	0.90874999924562871	-0.4375	0.29415465771881794	1	1	-
grid	normalised_flux	25	29	0.93906249926658347	-0.4375	0.31349350664948278	1	1	-
grid	normalised_flux	25	30	0.96937499928753823	-0.4375	0.34112585556469588	1	1	-
grid	normalised_flux	25	31	0.99968749930849299	-0.4375	0.37735281329785475	1	1	-
grid	normalised_flux	25	32	1.0299999993294477	-0.4375	0.42245721233033795	1	1	-
grid	normalised_flux	25	33	1.0603124993504025	-0.4375	0.47667895945180055	1	1	-
grid	normalised_flux	25	34	1.0906249993713573	-0.4375	0.54017373595171592	1	1	-
grid	normalised_flux	25	35	1.120937499392312	-0.4375	0.61295122592310169	1	1	-
grid	normalised_flux	25	36	1.1512499994132668	-0.4375	0.69478888362725111	1	1	-
grid	normalised_flux	25	37	1.1815624994342215	-0.4375	0.78512457327684981	1	1	-
grid	normalised_flux	25	38	1.2118749994551763	-0.4375	0.88291986132948452	1	1	-
grid	normalised_flux	25	39	1.2421874994761311	-0.4375	0.98648886260469926	1	1	-
grid	normalised_flux	25	40	1.2724999994970858	-0.4375	1.0935146341124169	1	0	-
grid	normalised_flux	25	41	1.3028124995180406	-0.4375	1.2039738200988888	1	0	-
grid	normalised_flux	25	42	1.3331249995389953	-0.4375	1.3182462126532835	1	0	-
grid	normalised_flux	25	43	1.3634374995599501	-0.4375	1.4369033631478392	1	0	-
grid	normalised_flux	25	44	1.3937499995809048	-0.4375	1.5607617735428967	1	0	-
grid	normalised_flux	25	45	1.4240624996018596	-0.4375	1.6909837723558354	1	0	-
grid	normalised_flux	25	46	1.4543749996228144	-0.4375	1.8292173643573062	1	0	-
grid	normalised_flux	25	47	1.4846874996437691	-0.4375	1.9778188222975102	1	0	-
grid	normalised_flux	25	48	1.5149999996647239	-0.4375	2.1402428988895719	1	0	-
grid	normalised_flux	25	49	1.5453124996856786	-0.4375	2.3219803799326035	1	0	-
grid	normalised_flux	25	50	1.5756249997066334	-0.4375	2.5348462386769097	0	0	-
grid	normalised_flux	25	51	1.6059374997275881	-0.4375	2.7165914100291033	0	0	-
grid	normalised_flux	25	52	1.6362499997485429	-0.4375	2.8302989920995363	0	0	-
grid	normalised_flux	25	53	1.6665624997694977	-0.4375	2.8803517015734705	0	0	-
grid	normalised_flux	25	54	1.6968749997904524	-0.4375	2.8648206949827331	0	0	-
grid	normalised_flux	25	55	1.7271874998114072	-0.4375	2.7735690055476088	0	0	-
grid	normalised_flux	25	56	1.7574999998323619	-0.4375	2.6554526926596904	0	0	-
grid	normalised_flux	25	57	1.7878124998533167	-0.4375	2.5665563265538824	0	0	-
grid	normalised_flux	25	58	1.8181249998742715	-0.4375	2.4949451170643071	0	0	-
grid	normalised_flux	25	59	1.8484374998952262	-0.4375	2.4351923643015279	0	0	-
grid	normalised_flux	25	60	1.878749999916181	-0.4375	2.3839211680649184	0	0	-
grid	normalised_flux	25	61	1.9090624999371357	-0.4375	2.3388648809357377	0	0	-
grid	normalised_flux	25	62	1.9393749999580905	-0.4375	2.2984421474894012	0	0	-
grid	normalised_flux	25	63	1.9696874999790452	-0.4375	2.2615189794219197	0	0	-
grid	normalised_flux	25	64	2	-0.4375	2.2273112500251004	0	0	-
grid	normalised_flux	26	0	0.059999998658895493	-0.375	0.75947657334824625	0	0	-
grid	normalised_flux	26	1	0.09031249867985025	-0.375	0.86601633630538466	0	0	-
grid	normalised_flux	26	2	0.12062499870080501	-0.375	1.0119936067896507	0	0	-
grid	normalised_flux	26	3	0.15093749872175977	-0.375	1.1060648863664253	0	0	-
grid	normalised_flux	26	4	0.18124999874271452	-0.375	1.095426482946763	0	0	-
grid	normalised_flux	26	5	0.21156249876366928	-0.375	1.0678744313028243	1	0	-
grid	normalised_flux	26	6	0.24187499878462404	-0.375	1.0359621879841008	1	0	-
grid	normalised_flux	26	7	0.2721874988055788	-0.375	0.9995786232761068	1	1	-
grid	normalised_flux	26	8	0.30249999882653356	-0.375	0.95863582080497323	1	1	-
grid	normalised_flux	26	9	0.33281249884748831	-0.375	0.91356588575058351	1	1	-
grid	normalised_flux	26	10	0.36312499886844307	-0.375	0.8649111154541842	1	1	-
grid	normalised_flux	26	11	0.39343749888939783	-0.375	0.81330757443708956	1	1	-
grid	normalised_flux	26	12	0.42374999891035259	-0.375	0.75947072847592845	1	1	-
grid	normalised_flux	26	13	0.45406249893130735	-0.375	0.70417874962978522	1	1	-
grid	normalised_flux	26	14	0.4843749989522621	-0.375	0.64825405890482501	1	1	-
grid	normalised_flux	26	15	0.51468749897321686	-0.375	0.59254345962229282	1	1	-
grid	normalised_flux	26	16	0.54499999899417162	-0.375	0.53789779607607191	1	1	-
grid	normalised_flux	26	17	0.57531249901512638	-0.375	0.48515223228075632	1	1	-
grid	normalised_flux	26	18	0.60562499903608114	-0.375	0.43510819814015095	1	1	-
grid	normalised_flux	26	19	0.63593749905703589	-0.375	0.38851812157267962	1	1	-
grid	normalised_flux	26	20	0.66624999907799065	-0.375	0.34607369129570464	1	1	-
grid	normalised_flux	26	21	0.69656249909894541	-0.375	0.30839860562352434	1	1	-
grid	normalised_flux	26	22	0.72687499911990017	-0.375	0.2760455461883054	1	1	-
grid	normalised_flux	26	23	0.75718749914085492	-0.375	0.2494982666660274	1	1	-
grid	normalised_flux	26	24	0.78749999916180968	-0.375	0.22917724183074362	1	1	-
grid	normalised_flux	26	25	0.81781249918276444	-0.375	0.21544961273834207	1	1	-
grid	normalised_flux	26	26	0.8481249992037192	-0.375	0.20864122063625154	1	1	-
grid	normalised_flux	26	27	0.87843749922467396	-0.375	0.20905070586357119	1	1	-
grid	normalised_flux	26	28	0.90874999924562871	-0.375	0.21696336939597796	1	1	-
grid	normalised_flux	26	29	0.93906249926658347	-0.375	0.2326639900276628	1	1	-
grid	normalised_flux	26	30	0.96937499928753823	-0.375	0.256446223638083	1	1	-
grid	normalised_flux	26	31	0.99968749930849299	-0.375	0.28861649581758742	1	1	-
grid	normalised_flux	26	32	1.0299999993294477	-0.375	0.32949013297731317	1	1	-
grid	normalised_flux	26	33	1.0603124993504025	-0.375	0.37937567316907628	1	1	-
grid	normalised_flux	26	34	1.0906249993713573	-0.375	0.43854455582364565	1	1	-
grid	normalised_flux	26	35	1.120937499392312	-0.375	0.50718107540238944	1	1	-
grid	normalised_flux	26	36	1.1512499994132668	-0.375	0.58530914544382651	1	1	-
grid	normalised_flux	26	37	1.1815624994342215	-0.375	0.67269107323747246	1	1	-
grid	normalised_flux	26	38	1.2118749994551763	-0.375	0.76869968098983577	1	1	-
grid	normalised_flux	26	39	1.2421874994761311	-0.375	0.87217119454189329	1	1	-
grid	normalised_flux	26	40	1.2724999994970858	-0.375	0.98121048599288518	1	1	-
grid	normalised_flux	26	41	1.3028124995180406	-0.375	1.0931820045056668	1	0	-
grid	normalised_flux	26	42	1.3331249995389953	-0.375	1.2077728328245942	1	0	-
grid	normalised_flux	26	43	1.3634374995599501	-0.375	1.3252044233708875	1	0	-
grid	normalised_flux	26	44	1.3937499995809048	-0.375	1.4457759861361765	1	0	-
grid	normalised_flux	26	45	1.4240624996018596	-0.375	1.5698221919821123	1	0	-
grid	normalised_flux	26	46	1.4543749996228144	-0.375	1.6976519349933417	1	0	-
grid	normalised_flux	26	47	1.4846874996437691	-0.375	1.8293764872974845	1	0	-
grid	normalised_flux	26	48	1.5149999996647239	-0.375	1.9644954091465214	1	0	-
grid	normalised_flux	26	49	1.5453124996856786	-0.375	2.1009048788033384	1	0	-
grid	normalised_flux	26	50	1.5756249997066334	-0.375	2.2329317267169837	1	0	-
grid	normalised_flux	26	51	1.6059374997275881	-0.375	2.3477413965497003	1	0	-
grid	normalised_flux	26	52	1.6362499997485429	-0.375	2.4337329145184636	1	0	-
grid	normalised_flux	26	53	1.6665624997694977	-0.375	2.4857562419794705	1	0	-
grid	normalised_flux	26	54	1.6968749997904524	-0.375	2.5030736789057624	1	0	-
grid	normalised_flux	26	55	1.7271874998114072	-0.375	2.4898110286913568	1	0	-
grid	normalised_flux	26	56	1.7574999998323619	-0.375	2.4578275075997582	1	0	-
grid	normalised_flux	26	57	1.7878124998533167	-0.375	2.4197255385625569	1	0	-
grid	normalised_flux	26	58	1.8181249998742715	-0.375	2.3811608217864371	1	0	-
grid	normalised_flux	26	59	1.8484374998952262	-0.375	2.3442659464613018	1	0	-
grid	normalised_flux	26	60	1.878749999916181	-0.375	2.309594994615122	1	0	-
grid	normalised_flux	26	61	1.9090624999371357	-0.375	2.2770891021530826	0	0	-
grid	normalised_flux	26	62	1.9393749999580905	-0.375	2.246476829644414	0	0	-
grid	normalised_flux	26	63	1.9696874999790452	-0.375	2.2174364183514892	0	0	-
grid	normalised_flux	26	64	2	-0.375	2.1896857953296371	0	0	-
grid	normalised_flux	27	0	0.059999998658895493	-0.3125	0.75905485839316311	0	0	-
grid	normalised_flux	27	1	0.09031249867985025	-0.3125	0.86505645992378144	0	0	-
grid	normalised_flux	27	2	0.12062499870080501	-0.3125	1.0100651193543102	0	0	-
grid	normalised_flux	27	3	0.15093749872175977	-0.3125	1.1031068231888266	0	0	-
grid	normalised_flux	27	4	0.18124999874271452	-0.3125	1.0914104800779929	0	0	-
grid	normalised_flux	27	5	0.21156249876366928	-0.3125	1.0622905310505015	1	0	-
grid	normalised_flux	27	6	0.24187499878462404	-0.3125	1.0285020896516304	1	0	-
grid	normalised_flux	27	7	0.2721874988055788	-0.3125	0.98992859073233241	1	1	-
grid	normalised_flux	27	8	0.30249999882653356	-0.3125	0.94658513008466505	1	1	-
grid	normalised_flux	27	9	0.33281249884748831	-0.3125	0.89894485160622783	1	1	-
grid	normalised_flux	27	10	0.36312499886844307	-0.3125	0.84758505066560819	1	1	-
grid	normalised_flux	27	11	0.39343749888939783	-0.3125	0.79317661179504495	1	1	-
grid	normalised_flux	27	12	0.42374999891035259	-0.3125	0.73646956562522947	1	1	-
grid	normalised_flux	27	13	0.45406249893130735	-0.3125	0.67827562621665327	1	1	-
grid	normalised_flux	27	14	0.4843749989522621	-0.3125	0.61944848093370608	1	1	-
grid	normalised_flux	27	15	0.51468749897321686	-0.3125	0.56086262577631185	1	1	-
grid	normalised_flux	27	16	0.54499999899417162	-0.3125	0.50339168743089702	1	1	-
grid	normalised_flux	27	17	0.57531249901512638	-0.3125	0.44788756938901869	1	1	-
grid	normalised_flux	27	18	0.60562499903608114	-0.3125	0.39516140938302219	1	1	-
grid	normalised_flux	27	19	0.63593749905703589	-0.3125	0.34596759351190454	1	1	-
grid	normalised_flux	27	20	0.66624999907799065	-0.3125	0.30099193595130763	1	1	-
grid	normalised_flux	27	21	0.69656249909894541	-0.3125	0.26084413105748921	1	1	-
grid	normalised_flux	27	22	0.72687499911990017	-0.3125	0.22605545102167893	1	1	-
grid	normalised_flux	27	23	0.75718749914085492	-0.3125	0.19708107195124458	1	1	-
grid	normalised_flux	27	24	0.78749999916180968	-0.3125	0.17430712331975648	1	1	-
grid	normalised_flux	27	25	0.81781249918276444	-0.3125	0.15806167751372119	1	1	-
grid	normalised_flux	27	26	0.8481249992037192	-0.3125	0.14862823160913596	1	1	-
grid	normalised_flux	27	27	0.87843749922467396	-0.3125	0.14626165764234211	1	1	-
grid	normalised_flux	27	28	0.90874999924562871	-0.3125	0.15120434276505446	1	1	-
grid	normalised_flux	27	29	0.93906249926658347	-0.3125	0.16370166480477319	1	1	-
grid	normalised_flux	27	30	0.96937499928753823	-0.3125	0.18401466703358621	1	1	-
grid	normalised_flux	27	31	0.99968749930849299	-0.3125	0.21242884031134737	1	1	-
grid	normalised_flux	27	32	1.0299999993294477	-0.3125	0.2492552623907377	1	1	-
grid	normalised_flux	27	33	1.0603124993504025	-0.3125	0.29482257531079414	1	1	-
grid	normalised_flux	27	34	1.0906249993713573	-0.3125	0.34945538607179627	1	1	-
grid	normalised_flux	27	35	1.120937499392312	-0.3125	0.41343500808170791	1	1	-
grid	normalised_flux	27	36	1.1512499994132668	-0.3125	0.48693810483154115	1	1	-
grid	normalised_flux	27	37	1.1815624994342215	-0.3125	0.56994846495969964	1	1	-
grid	normalised_flux	27	38	1.2118749994551763	-0.3125	0.66213864803795286	1	1	-
grid	normalised_flux	27	39	1.2421874994761311	-0.3125	0.76272065550106571	1	1	-
grid	normalised_flux	27	40	1.2724999994970858	-0.3125	0.87028188258578387	1	1	-
grid	normalised_flux	27	41	1.3028124995180406	-0.3125	0.98257394932456532	1	1	-
grid	normalised_flux	27	42	1.3331249995389953	-0.3125	1.0964990437195501	1	0	-
grid	normalised_flux	27	43	1.3634374995599501	-0.3125	1.2114578201021169	1	0	-
grid	normalised_flux	27	44	1.3937499995809048	-0.3125	1.3272741608982623	1	0	-
grid	normalised_flux	27	45	1.4240624996018596	-0.3125	1.443667797062995	1	0	-
grid	normalised_flux	27	46	1.4543749996228144	-0.3125	1.5601261362609802	1	0	-
grid	normalised_flux	27	47	1.4846874996437691	-0.3125	1.675742813845196	1	0	-
grid	normalised_flux	27	48	1.5149999996647239	-0.3125	1.7889801477517264	1	0	-
grid	normalised_flux	27	49	1.5453124996856786	-0.3125	1.8973867332577816	1	0	-
grid	normalised_flux	27	50	1.5756249997066334	-0.3125	1.997400722974509	1	0	-
grid	normalised_flux	27	51	1.6059374997275881	-0.3125	2.0852205407398166	1	0	-
grid	normalised_flux	27	52	1.6362499997485429	-0.3125	2.1572418051092423	1	0	-
grid	normalised_flux	27	53	1.6665624997694977	-0.3125	2.2110901093936985	1	0	-
grid	normalised_flux	27	54	1.6968749997904524	-0.3125	2.2464678101460147	1	0	-
grid	normalised_flux	27	55	1.7271874998114072	-0.3125	2.2652263730323074	1	0	-
grid	normalised_flux	27	56	1.7574999998323619	-0.3125	2.2705257555811826	1	0	-
grid	normalised_flux	27	57	1.7878124998533167	-0.3125	2.2660268297797064	1	0	-
grid	normalised_flux	27	58	1.8181249998742715	-0.3125	2.2552028620482436	1	0	-
grid	normalised_flux	27	59	1.8484374998952262	-0.3125	2.2404990858738372	1	0	-
grid	normalised_flux	27	60	1.878749999916181	-0.3125	2.223484988920021	1	0	-
grid	normalised_flux	27	61	1.9090624999371357	-0.3125	2.2051081881712316	0	0	-
grid	normalised_flux	27	62	1.9393749999580905	-0.3125	2.1859165944196932	0	0	-
grid	normalised_flux	27	63	1.9696874999790452	-0.3125	2.1662146869429422	0	0	-
grid	normalised_flux	27	64	2	-0.3125	2.1463780566427348	0	0	-
grid	normalised_flux	28	0	0.059999998658895493	-0.25	0.75868940255934436	0	0	-
grid	normalised_flux	28	1	0.09031249867985025	-0.25	0.86422342617229631	0	0	-
grid	normalised_flux	28	2	0.12062499870080501	-0.25	1.0087620154553378	0	0	-
grid	normalised_flux	28	3	0.15093749872175977	-0.25	1.1009473653879029	0	0	-
grid	normalised_flux	28	4	0.18124999874271452	-0.25	1.0879402992755016	0	0	-
grid	normalised_flux	28	5	0.21156249876366928	-0.25	1.0574803850832117	1	0	-
grid	normalised_flux	28	6	0.24187499878462404	-0.25	1.0221070516669624	1	0	-
grid	normalised_flux	28	7	0.2721874988055788	-0.25	0.98168586102956235	1	1	-
grid	normalised_flux	28	8	0.30249999882653356	-0.25	0.93633155068485763	1	1	-
grid	normalised_flux	28	9	0.33281249884748831	-0.25	0.88654339734028287	1	1	-
grid	normalised_flux	28	10	0.36312499886844307	-0.25	0.83292810467631084	1	1	-
grid	normalised_flux	28	11	0.39343749888939783	-0.25	0.77618709297436617	1	1	-
grid	normalised_flux	28	12	0.42374999891035259	-0.25	0.71710091377962415	1	1	-
grid	normalised_flux	28	13	0.45406249893130735	-0.25	0.65651071690865903	1	1	-
grid	normalised_flux	28	14	0.4843749989522621	-0.25	0.59529739730980646	1	1	-
grid	normalised_flux	28	15	0.51468749897321686	-0.25	0.53435920949887994	1	1	-
grid	normalised_flux	28	16	0.54499999899417162	-0.25	0.47458901112735519	1	1	-
grid	normalised_flux	28	17	0.57531249901512638	-0.25	0.41685232987647608	1	1	-
grid	normalised_flux	28	18	0.60562499903608114	-0.25	0.36196761401939564	1	1	-
grid	normalised_flux	28	19	0.63593749905703589	-0.25	0.31068977183659724	1	1	-
grid	normalised_flux	28	20	0.66624999907799065	-0.25	0.26369790035096768	1	1	-
grid	normalised_flux	28	21	0.69656249909894541	-0.25	0.22158795105146703	1	1	-
grid	normalised_flux	28	22	0.72687499911990017	-0.25	0.18487066490270596	1	1	-
grid	normalised_flux	28	23	0.75718749914085492	-0.25	0.15397437313655385	1	1	-
grid	normalised_flux	28	24	0.78749999916180968	-0.25	0.12925287744547678	1	1	-
grid	normalised_flux	28	25	0.81781249918276444	-0.25	0.11099698544627976	1	1	-
grid	normalised_flux	28	26	0.8481249992037192	-0.25	0.099449606472164151	1	1	-
grid	normalised_flux	28	27	0.87843749922467396	-0.25	0.094822224025067028	1	1	-
grid	normalised_flux	28	28	0.90874999924562871	-0.25	0.097312887301414935	1	1	-
grid	normalised_flux	28	29	0.93906249926658347	-0.25	0.10712315835490614	1	1	-
grid	normalised_flux	28	30	0.96937499928753823	-0.25	0.12447330283065569	1	1	-
grid	normalised_flux	28	31	0.99968749930849299	-0.25	0.14961354060267248	1	1	-
grid	normalised_flux	28	32	1.0299999993294477	-0.25	0.18282936253081053	1	1	-
grid	normalised_flux	28	33	1.0603124993504025	-0.25	0.22443877714020474	1	1	-
grid	normalised_flux	28	34	1.0906249993713573	-0.25	0.27477716735816948	1	1	-
grid	normalised_flux	28	35	1.120937499392312	-0.25	0.33416717013664965	1	1	-
grid	normalised_flux	28	36	1.1512499994132668	-0.25	0.40286795364148714	1	1	-
grid	normalised_flux	28	37	1.1815624994342215	-0.25	0.48099928731721331	1	1	-
grid	normalised_flux	28	38	1.2118749994551763	-0.25	0.5684363697886109	1	1	-
grid	normalised_flux	28	39	1.2421874994761311	-0.25	0.66467350611472154	1	1	-
grid	normalised_flux	28	40	1.2724999994970858	-0.25	0.76865738428944841	1	1	-
grid	normalised_flux	28	41	1.3028124995180406	-0.25	0.87861300337286508	1	1	-
grid	normalised_flux	28	42	1.3331249995389953	-0.25	0.99183792360133571	1	1	-
grid	normalised_flux	28	43	1.3634374995599501	-0.25	1.104729336008738	1	0	-
grid	normalised_flux	28	44	1.3937499995809048	-0.25	1.2166619757363151	1	0	-
grid	normalised_flux	28	45	1.4240624996018596	-0.25	1.3271110503903711	1	0	-
grid	normalised_flux	28	46	1.4543749996228144	-0.25	1.4353864259302413	1	0	-
grid	normalised_flux	28	47	1.4846874996437691	-0.25	1.5405566729975633	1	0	-
grid	normalised_flux	28	48	1.5149999996647239	-0.25	1.6413993172619481	1	0	-
grid	normalised_flux	28	49	1.5453124996856786	-0.25	1.7364006495368038	1	0	-
grid	normalised_flux	28	50	1.5756249997066334	-0.25	1.823860257018677	1	0	-
grid	normalised_flux	28	51	1.6059374997275881	-0.25	1.9019782275954593	1	0	-
grid	normalised_flux	28	52	1.6362499997485429	-0.25	1.9692595082009314	1	0	-
grid	normalised_flux	28	53	1.6665624997694977	-0.25	2.0247999653271491	1	0	-
grid	normalised_flux	28	54	1.6968749997904524	-0.25	2.0684152214384173	1	0	-
grid	normalised_flux	28	55	1.7271874998114072	-0.25	2.1006665741614254	1	0	-
grid	normalised_flux	28	56	1.7574999998323619	-0.25	2.1227922582132384	1	0	-
grid	normalised_flux	28	57	1.7878124998533167	-0.25	2.1363892944630298	1	0	-
grid	normalised_flux	28	58	1.8181249998742715	-0.25	2.1430525201119388	1	0	-
grid	normalised_flux	28	59	1.8484374998952262	-0.25	2.1442525881094623	1	0	-
grid	normalised_flux	28	60	1.878749999916181	-0.25	2.1412111183071936	1	0	-
grid	normalised_flux	28	61	1.9090624999371357	-0.25	2.13488113938861	0	0	-
grid	normalised_flux	28	62	1.9393749999580905	-0.25	2.1259791792949536	0	0	-
grid	normalised_flux	28	63	1.9696874999790452	-0.25	2.1150339705165888	0	0	-
grid	normalised_flux	28	64	2	-0.25	2.1022165037547458	0	0	-
grid	normalised_flux	29	0	0.059999998658895493	-0.1875	0.75839574667988707	0	0	-
grid	normalised_flux	29	1	0.09031249867985025	-0.1875	0.8635537758872065	0	0	-
grid	normalised_flux	29	2	0.12062499870080501	-0.1875	1.0074042249134401	0	0	-
grid	normalised_flux	29	3	0.15093749872175977	-0.1875	1.0988616775896749	0	0	-
grid	normalised_flux	29	4	0.18124999874271452	-0.1875	1.0851472929186066	0	0	-
grid	normalised_flux	29	5	0.21156249876366928	-0.1875	1.0536194938513841	1	0	-
grid	normalised_flux	29	6	0.24187499878462404	-0.1875	1.0169794668270682	1	0	-
grid	normalised_flux	29	7	0.2721874988055788	-0.1875	0.97508446641573154	1	1	-
grid	normalised_flux	29	8	0.30249999882653356	-0.1875	0.92812971728667093	1	1	-
grid	normalised_flux	29	9	0.33281249884748831	-0.1875	0.87663630909213386	1	1	-
grid	normalised_flux	29	10	0.36312499886844307	-0.1875	0.8212347166379792	1	1	-
grid	normalised_flux	29	11	0.39343749888939783	-0.1875	0.762651324041003	1	1	-
grid	normalised_flux	29	12	0.42374999891035259	-0.1875	0.70169171195443836	1	1	-
grid	normalised_flux	29	13	0.45406249893130735	-0.1875	0.63922116180348765	1	1	-
grid	normalised_flux	29	14	0.4843749989522621	-0.1875	0.57614272416289913	1	1	-
grid	normalised_flux	29	15	0.51468749897321686	-0.1875	0.51337383926769653	1	1	-
grid	normalised_flux	29	16	0.54499999899417162	-0.1875	0.45182265786293996	1	1	-
grid	normalised_flux	29	17	0.57531249901512638	-0.1875	0.39236531740825381	1	1	-
grid	normalised_flux	29	18	0.60562499903608114	-0.1875	0.33582557106598082	1	1	-
grid	normalised_flux	29	19	0.63593749905703589	-0.1875	0.28295787614168455	1	1	-
grid	normalised_flux	29	20	0.66624999907799065	-0.1875	0.23443494480280599	1	1	-
grid	normalised_flux	29	21	0.69656249909894541	-0.1875	0.19084057595098863	1	1	-
grid	normalised_flux	29	22	0.72687499911990017	-0.1875	0.1526675427606112	1	1	-
grid	normalised_flux	29	23	0.75718749914085492	-0.1875	0.12032110553605896	1	1	-
grid	normalised_flux	29	24	0.78749999916180968	-0.1875	0.094127058053716642	1	1	-
grid	normalised_flux	29	25	0.81781249918276444	-0.1875	0.074344212446594504	1	1	-
grid	normalised_flux	29	26	0.8481249992037192	-0.1875	0.061179827293695289	1	1	-
grid	normalised_flux	29	27	0.87843749922467396	-0.1875	0.054807124435326045	1	1	-
grid	normalised_flux	29	28	0.90874999924562871	-0.1875	0.055383945093471248	1	1	-
grid	normalised_flux	29	29	0.93906249926658347	-0.1875	0.063070741397546648	1	1	-
grid	normalised_flux	29	30	0.96937499928753823	-0.1875	0.078047238720915513	1	1	-
grid	normalised_flux	29	31	0.99968749930849299	-0.1875	0.10052520539178024	1	1	-
grid	normalised_flux	29	32	1.0299999993294477	-0.1875	0.13075690253905056	1	1	-
grid	normalised_flux	29	33	1.0603124993504025	-0.1875	0.16903508409234394	1	1	-
grid	normalised_flux	29	34	1.0906249993713573	-0.1875	0.21568369245732105	1	1	-
grid	normalised_flux	29	35	1.120937499392312	-0.1875	0.27103383816731769	1	1	-
grid	normalised_flux	29	36	1.1512499994132668	-0.1875	0.33538221524862033	1	1	-
grid	normalised_flux	29	37	1.1815624994342215	-0.1875	0.40892604215438216	1	1	-
grid	normalised_flux	29	38	1.2118749994551763	-0.1875	0.49167080179020906	1	1	-
grid	normalised_flux	29	39	1.2421874994761311	-0.1875	0.58330719656757768	1	1	-
grid	normalised_flux	29	40	1.2724999994970858	-0.1875	0.68305854383141551	1	1	-
grid	normalised_flux	29	41	1.3028124995180406	-0.1875	0.78950415687319242	1	1	-
grid	normalised_flux	29	42	1.3331249995389953	-0.1875	0.90040900102266863	1	1	-
grid	normalised_flux	29	43	1.3634374995599501	-0.1875	1.0125429654487226	1	0	-
grid	normalised_flux	29	44	1.3937499995809048	-0.1875	1.1223211555705395	1	0	-
grid	normalised_flux	29	45	1.4240624996018596	-0.1875	1.2292734181663045	1	0	-
grid	normalised_flux	29	46	1.4543749996228144	-0.1875	1.3328027336485633	1	0	-
grid	normalised_flux	29	47	1.4846874996437691	-0.1875	1.4322029702347532	1	0	-
grid	normalised_flux	29	48	1.5149999996647239	-0.1875	1.5266558220648547	1	0	-
grid	normalised_flux	29	49	1.5453124996856786	-0.1875	1.615254734607668	1	0	-
grid	normalised_flux	29	50	1.5756249997066334	-0.1875	1.6970588317670343	1	0	-
grid	normalised_flux	29	51	1.6059374997275881	-0.1875	1.7712073685694121	1	0	-
grid	normalised_flux	29	52	1.6362499997485429	-0.1875	1.8369980583868211	1	0	-
grid	normalised_flux	29	53	1.6665624997694977	-0.1875	1.893986097535052	1	0	-
grid	normalised_flux	29	54	1.6968749997904524	-0.1875	1.9420621127282542	1	0	-
grid	normalised_flux	29	55	1.7271874998114072	-0.1875	1.981462984477016	1	0	-
grid	normalised_flux	29	56	1.7574999998323619	-0.1875	2.012710514499247	1	0	-
grid	normalised_flux	29	57	1.7878124998533167	-0.1875	2.0365380354858398	1	0	-
grid	normalised_flux	29	58	1.8181249998742715	-0.1875	2.0538054379315387	1	0	-
grid	normalised_flux	29	59	1.8484374998952262	-0.1875	2.0653860941076427	1	0	-
grid	normalised_flux	29	60	1.878749999916181	-0.1875	2.0721036266311228	1	0	-
grid	normalised_flux	29	61	1.9090624999371357	-0.1875	2.0746937417450821	0	0	-
grid	normalised_flux	29	62	1.9393749999580905	-0.1875	2.073789228468784	0	0	-
grid	normalised_flux	29	63	1.9696874999790452	-0.1875	2.0699216675552456	0	0	-
grid	normalised_flux	29	64	2	-0.1875	2.0637311585645386	0	0	-
grid	normalised_flux	30	0	0.059999998658895493	-0.125	0.75818769889477433	0	0	-
grid	normalised_flux	30	1	0.09031249867985025	-0.125	0.86307870941231657	0	0	-
grid	normalised_flux	30	2	0.12062499870080501	-0.125	1.0066876257656308	0	0	-
grid	normalised_flux	30	3	0.15093749872175977	-0.125	1.097659995576648	0	0	-
grid	normalised_flux	30	4	0.18124999874271452	-0.125	1.0831467207026397	0	0	-
grid	normalised_flux	30	5	0.21156249876366928	-0.125	1.0508385688752395	1	0	-
grid	normalised_flux	30	6	0.24187499878462404	-0.125	1.0132709813826635	1	0	-
grid	normalised_flux	30	7	0.2721874988055788	-0.125	0.97029525517893667	1	1	-
grid	normalised_flux	30	8	0.30249999882653356	-0.125	0.92216721172128435	1	1	-
grid	normalised_flux	30	9	0.33281249884748831	-0.125	0.86942524385756725	1	1	-
grid	normalised_flux	30	10	0.36312499886844307	-0.125	0.81271839943968971	1	1	-
grid	normalised_flux	30	11	0.39343749888939783	-0.125	0.75279208067153303	1	1	-
grid	normalised_flux	30	12	0.42374999891035259	-0.125	0.69047074091334193	1	1	-
grid	normalised_flux	30	13	0.45406249893130735	-0.125	0.62663770058711721	1	1	-
grid	normalised_flux	30	14	0.4843749989522621	-0.125	0.56221247678606601	1	1	-
grid	normalised_flux	30	15	0.51468749897321686	-0.125	0.49812665018250479	1	1	-
grid	normalised_flux	30	16	0.54499999899417162	-0.125	0.43529955391934466	1	1	-
grid	normalised_flux	30	17	0.57531249901512638	-0.125	0.37461492082328274	1	1	-
grid	normalised_flux	30	18	0.60562499903608114	-0.125	0.3169000525172162	1	1	-
grid	normalised_flux	30	19	0.63593749905703589	-0.125	0.2629085992989571	1	1	-
grid	normalised_flux	30	20	0.66624999907799065	-0.125	0.21330814646317223	1	1	-
grid	normalised_flux	30	21	0.69656249909894541	-0.125	0.16867269014087649	1	1	-
grid	normalised_flux	30	22	0.72687499911990017	-0.125	0.12948116569706269	1	1	-
grid	normalised_flux	30	23	0.75718749914085492	-0.125	0.096120889381406213	1	1	-
grid	normalised_flux	30	24	0.78749999916180968	-0.125	0.068896103116222462	1	1	-
grid	normalised_flux	30	25	0.81781249918276444	-0.125	0.048040791678401862	1	1	-
grid	normalised_flux	30	26	0.8481249992037192	-0.125	0.033734538028175283	1	1	-
grid	normalised_flux	30	27	0.87843749922467396	-0.125	0.026120609776955885	1	1	-
grid	normalised_flux	30	28	0.90874999924562871	-0.125	0.025324852662933356	1	1	-
grid	normalised_flux	30	29	0.93906249926658347	-0.125	0.031474536555623565	1	1	-
grid	normalised_flux	30	30	0.96937499928753823	-0.125	0.044715587444915203	1	1	-
grid	normalised_flux	30	31	0.99968749930849299	-0.125	0.06522673381224342	1	1	-
grid	normalised_flux	30	32	1.0299999993294477	-0.125	0.093229000839430504	1	1	-
grid	normalised_flux	30	33	1.0603124993504025	-0.125	0.12898879602655972	1	1	-
grid	normalised_flux	30	34	1.0906249993713573	-0.125	0.17281145312996293	1	1	-
grid	normalised_flux	30	35	1.120937499392312	-0.125	0.22502233868662719	1	1	-
grid	normalised_flux	30	36	1.1512499994132668	-0.125	0.28593160476387119	1	1	-
grid	normalised_flux	30	37	1.1815624994342215	-0.125	0.35577817312718307	1	1	-
grid	normalised_flux	30	38	1.2118749994551763	-0.125	0.43464784768896475	1	1	-
grid	normalised_flux	30	39	1.2421874994761311	-0.125	0.52236268324001078	1	1	-
grid	normalised_flux	30	40	1.2724999994970858	-0.125	0.61834056610074695	1	1	-
grid	normalised_flux	30	41	1.3028124995180406	-0.125	0.7214306023415662	1	1	-
grid	normalised_flux	30	42	1.3331249995389953	-0.125	0.82973663824211308	1	1	-
grid	normalised_flux	30	43	1.3634374995599501	-0.125	0.94046822494799898	1	1	-
grid	normalised_flux	30	44	1.3937499995809048	-0.125	1.0498259165602404	1	0	-
grid	normalised_flux	30	45	1.4240624996018596	-0.125	1.1553203671239662	1	0	-
grid	normalised_flux	30	46	1.4543749996228144	-0.125	1.2565876873498165	1	0	-
grid	normalised_flux	30	47	1.4846874996437691	-0.125	1.3531781128294627	1	0	-
grid	normalised_flux	30	48	1.5149999996647239	-0.125	1.4445780543356421	1	0	-
grid	normalised_flux	30	49	1.5453124996856786	-0.125	1.5302426392229598	1	0	-
grid	normalised_flux	30	50	1.5756249997066334	-0.125	1.6096363466417298	1	0	-
grid	normalised_flux	30	51	1.6059374997275881	-0.125	1.6822744497595663	1	0	-
grid	normalised_flux	30	52	1.6362499997485429	-0.125	1.7477767055123805	1	0	-
grid	normalised_flux	30	53	1.6665624997694977	-0.125	1.8059085119997069	1	0	-
grid	normalised_flux	30	54	1.6968749997904524	-0.125	1.8566054984856024	1	0	-
grid	normalised_flux	30	55	1.7271874998114072	-0.125	1.8999800764027466	1	0	-
grid	normalised_flux	30	56	1.7574999998323619	-0.125	1.9363124198540425	1	0	-
grid	normalised_flux	30	57	1.7878124998533167	-0.125	1.9660166662291421	1	0	-
grid	normalised_flux	30	58	1.8181249998742715	-0.125	1.9895972428437758	1	0	-
grid	normalised_flux	30	59	1.8484374998952262	-0.125	2.007610130567683	1	0	-
grid	normalised_flux	30	60	1.878749999916181	-0.125	2.020625266757599	1	0	-
grid	normalised_flux	30	61	1.9090624999371357	-0.125	2.0291964486152296	0	0	-
grid	normalised_flux	30	62	1.9393749999580905	-0.125	2.0338422498274782	0	0	-
grid	normalised_flux	30	63	1.9696874999790452	-0.125	2.0350355769367248	0	0	-
grid	normalised_flux	30	64	2	-0.125	2.0331159428511292	0	0	-
grid	normalised_flux	31	0	0.059999998658895493	-0.0625	0.75807707949401382	0	0	-
grid	normalised_flux	31	1	0.09031249867985025	-0.0625	0.86282587863087623	0	0	-
grid	normalised_flux	31	2	0.12062499870080501	-0.0625	1.0061266604362504	0	0	-
grid	normalised_flux	31	3	0.15093749872175977	-0.0625	1.0967985860084888	0	0	-
grid	normalised_flux	31	4	0.18124999874271452	-0.0625	1.0820340943685434	0	0	-
grid	normalised_flux	31	5	0.21156249876366928	-0.0625	1.0492482414232995	1	0	-
grid	normalised_flux	31	6	0.24187499878462404	-0.0625	1.0110983741024946	1	0	-
grid	normalised_flux	31	7	0.2721874988055788	-0.0625	0.96744022790278672	1	1	-
grid	normalised_flux	31	8	0.30249999882653356	-0.0625	0.91857168362656749	1	1	-
grid	normalised_flux	31	9	0.33281249884748831	-0.0625	0.86504416492333214	1	1	-
grid	normalised_flux	31	10	0.36312499886844307	-0.0625	0.80751897904215109	1	1	-
grid	normalised_flux	31	11	0.39343749888939783	-0.0625	0.7467535027578065	1	1	-
grid	normalised_flux	31	12	0.42374999891035259	-0.0625	0.68358398450155855	1	1	-
grid	normalised_flux	31	13	0.45406249893130735	-0.0625	0.61890495527919076	1	1	-
grid	normalised_flux	31	14	0.4843749989522621	-0.0625	0.5536461844459889	1	1	-
grid	normalised_flux	31	15	0.51468749897321686	-0.0625	0.48874808080502152	1	1	-
grid	normalised_flux	31	16	0.54499999899417162	-0.0625	0.42513688156919149	1	1	-
grid	normalised_flux	31	17	0.57531249901512638	-0.0625	0.3637009954630499	1	1	-
grid	normalised_flux	31	18	0.60562499903608114	-0.0625	0.3052697653643951	1	1	-
grid	normalised_flux	31	19	0.63593749905703589	-0.0625	0.25059622444746432	1	1	-
grid	normalised_flux	31	20	0.66624999907799065	-0.0625	0.20034442141413109	1	1	-
grid	normalised_flux	31	21	0.69656249909894541	-0.0625	0.15508206248205297	1	1	-
grid	normalised_flux	31	22	0.72687499911990017	-0.0625	0.11527892110469107	1	1	-
grid	normalised_flux	31	23	0.75718749914085492	-0.0625	0.081310825539023066	1	1	-
grid	normalised_flux	31	24	0.78749999916180968	-0.0625	0.05346806122036752	1	1	-
grid	normalised_flux	31	25	0.81781249918276444	-0.0625	0.031968567712673715	1	1	-
grid	normalised_flux	31	26	0.8481249992037192	-0.0625	0.016974078863550825	1	1	-
grid	normalised_flux	31	27	0.87843749922467396	-0.0625	0.0086082092721107978	1	1	-
grid	normalised_flux	31	28	0.90874999924562871	-0.0625	0.0069760123591813567	1	1	-
grid	normalised_flux	31	29	0.93906249926658347	-0.0625	0.012182778900810874	1	1	-
grid	normalised_flux	31	30	0.96937499928753823	-0.0625	0.02435174372775779	1	1	-
grid	normalised_flux	31	31	0.99968749930849299	-0.0625	0.043639039104415134	1	1	-
grid	normalised_flux	31	32	1.0299999993294477	-0.0625	0.070243806061226405	1	1	-
grid	normalised_flux	31	33	1.0603124993504025	-0.0625	0.10441279908597353	1	1	-
grid	normalised_flux	31	34	1.0906249993713573	-0.0625	0.14643601878771015	1	1	-
grid	normalised_flux	31	35	1.120937499392312	-0.0625	0.19663076162590798	1	1	-
grid	normalised_flux	31	36	1.1512499994132668	-0.0625	0.25531071626067925	1	1	-
grid	normalised_flux	31	37	1.1815624994342215	-0.0625	0.32273540689069735	1	1	-
grid	normalised_flux	31	38	1.2118749994551763	-0.0625	0.39903592480453681	1	1	-
grid	normalised_flux	31	39	1.2421874994761311	-0.0625	0.48411306738756832	1	1	-
grid	normalised_flux	31	40	1.2724999994970858	-0.0625	0.57750694703128669	1	1	-
grid	normalised_flux	31	41	1.3028124995180406	-0.0625	0.67824175729551628	1	1	-
grid	normalised_flux	31	42	1.3331249995389953	-0.0625	0.78465915529169472	1	1	-
grid	normalised_flux	31	43	1.3634374995599501	-0.0625	0.89426389808574436	1	1	-
grid	normalised_flux	31	44	1.3937499995809048	-0.0625	1.0036305379898187	1	0	-
grid	normalised_flux	31	45	1.4240624996018596	-0.0625	1.1086222464598825	1	0	-
grid	normalised_flux	31	46	1.4543749996228144	-0.0625	1.2089798790656161	1	0	-
grid	normalised_flux	31	47	1.4846874996437691	-0.0625	1.3043855696950168	1	0	-
grid	normalised_flux	31	48	1.5149999996647239	-0.0625	1.3944909283546587	1	0	-
grid	normalised_flux	31	49	1.5453124996856786	-0.0625	1.4789357447611076	1	0	-
grid	normalised_flux	31	50	1.5756249997066334	-0.0625	1.5573733853495717	1	0	-
grid	normalised_flux	31	51	1.6059374997275881	-0.0625	1.6294995607266924	1	0	-
grid	normalised_flux	31	52	1.6362499997485429	-0.0625	1.6950784347448546	1	0	-
grid	normalised_flux	31	53	1.6665624997694977	-0.0625	1.7539659802559382	1	0	-
grid	normalised_flux	31	54	1.6968749997904524	-0.0625	1.8061248850191971	1	0	-
grid	normalised_flux	31	55	1.7271874998114072	-0.0625	1.8516310077632723	1	0	-
grid	normalised_flux	31	56	1.7574999998323619	-0.0625	1.8906675867187979	1	0	-
grid	normalised_flux	31	57	1.7878124998533167	-0.0625	1.9235127072627327	1	0	-
grid	normalised_flux	31	58	1.8181249998742715	-0.0625	1.9505205983269398	1	0	-
grid	normalised_flux	31	59	1.8484374998952262	-0.0625	1.9720978968760874	1	0	-
grid	normalised_flux	31	60	1.878749999916181	-0.0625	1.9886816213431331	1	0	-
grid	normalised_flux	31	61	1.9090624999371357	-0.0625	2.0007187590803208	0	0	-
grid	normalised_flux	31	62	1.9393749999580905	-0.0625	2.0086499363199679	0	0	-
grid	normalised_flux	31	63	1.9696874999790452	-0.0625	2.0128970757029765	0	0	-
grid	normalised_flux	31	64	2	-0.0625	2.0139452363590413	0	0	-
grid	normalised_flux	32	0	0.059999998658895493	0	0.75806931204440564	0	0	-
grid	normalised_flux	32	1	0.09031249867985025	0	0.86281266981282589	0	0	-
grid	normalised_flux	32	2	0.12062499870080501	0	1.0062025191648913	0	0	-
grid	normalised_flux	32	3	0.15093749872175977	0	1.0969138457038206	0	0	-
grid	normalised_flux	32	4	0.18124999874271452	0	1.0820236032677737	0	0	-
grid	normalised_flux	32	5	0.21156249876366928	0	1.0489666906601147	1	0	-
grid	normalised_flux	32	6	0.24187499878462404	0	1.0105354624603018	1	0	-
grid	normalised_flux	32	7	0.2721874988055788	0	0.96658050355669689	1	1	-
grid	normalised_flux	32	8	0.30249999882653356	0	0.91740441812059004	1	1	-
grid	normalised_flux	32	9	0.33281249884748831	0	0.86355886715669761	1	1	-
grid	normalised_flux	32	10	0.36312499886844307	0	0.80570724664003512	1	1	-
grid	normalised_flux	32	11	0.39343749888939783	0	0.74461015544251019	1	1	-
grid	normalised_flux	32	12	0.42374999891035259	0	0.6811076674939841	1	1	-
grid	normalised_flux	32	13	0.45406249893130735	0	0.61609828319544502	1	1	-
grid	normalised_flux	32	14	0.4843749989522621	0	0.55051558775822418	1	1	-
grid	normalised_flux	32	15	0.51468749897321686	0	0.48530335634998556	1	1	-
grid	normalised_flux	32	16	0.54499999899417162	0	0.42139053796703257	1	1	-
grid	normalised_flux	32	17	0.57531249901512638	0	0.35966735710135728	1	1	-
grid	normalised_flux	32	18	0.60562499903608114	0	0.30096402297731456	1	1	-
grid	normalised_flux	32	19	0.63593749905703589	0	0.24603330767839868	1	1	-
grid	normalised_flux	32	20	0.66624999907799065	0	0.19553783577515682	1	1	-
grid	normalised_flux	32	21	0.69656249909894541	0	0.1500428212554259	1	1	-
grid	normalised_flux	32	22	0.72687499911990017	0	0.11001452471539569	1	1	-
grid	normalised_flux	32	23	0.75718749914085492	0	0.075824027307623276	1	1	-
grid	normalised_flux	32	24	0.78749999916180968	0	0.047756155297343721	1	1	-
grid	normalised_flux	32	25	0.81781249918276444	0	0.026022487128582461	1	1	-
grid	normalised_flux	32	26	0.8481249992037192	0	0.01077754105022943	1	1	-
grid	normalised_flux	32	27	0.87843749922467396	0	0.0021372888232796621	1	1	-
grid	normalised_flux	32	28	0.90874999924562871	0	0.00019833402269205233	1	1	-
grid	normalised_flux	32	29	0.93906249926658347	0	0.0050571852813369213	1	1	-
grid	normalised_flux	32	30	0.96937499928753823	0	0.016827962989485204	1	1	-
grid	normalised_flux	32	31	0.99968749930849299	0	0.035657495086865609	1	1	-
grid	normalised_flux	32	32	1.0299999993294477	0	0.061735950576566646	1	1	-
grid	normalised_flux	32	33	1.0603124993504025	0	0.095301823984678596	1	1	-
grid	normalised_flux	32	34	1.0906249993713573	0	0.13663832756093353	1	1	-
grid	normalised_flux	32	35	1.120937499392312	0	0.18605881766813401	1	1	-
grid	normalised_flux	32	36	1.1512499994132668	0	0.24387726779265767	1	1	-
grid	normalised_flux	32	37	1.1815624994342215	0	0.31036032278980874	1	1	-
grid	normalised_flux	32	38	1.2118749994551763	0	0.38565566507811144	1	1	-
grid	normalised_flux	32	39	1.2421874994761311	0	0.46969393946198118	1	1	-
grid	normalised_flux	32	40	1.2724999994970858	0	0.56206189863384504	1	1	-
grid	normalised_flux	32	41	1.3028124995180406	0	0.66185034451872982	1	1	-
grid	normalised_flux	32	42	1.3331249995389953	0	0.76748811313185317	1	1	-
grid	normalised_flux	32	43	1.3634374995599501	0	0.87658356876202126	1	1	-
grid	normalised_flux	32	44	1.3937499995809048	0	0.98581332591012794	1	1	-
grid	normalised_flux	32	45	1.4240624996018596	0	1.0908976978584815	1	0	-
grid	normalised_flux	32	46	1.4543749996228144	0	1.191106128972276	1	0	-
grid	normalised_flux	32	47	1.4846874996437691	0	1.2862221038188888	1	0	-
grid	normalised_flux	32	48	1.5149999996647239	0	1.3759788826009269	1	0	-
grid	normalised_flux	32	49	1.5453124996856786	0	1.4600901674507856	1	0	-
grid	normalised_flux	32	50	1.5756249997066334	0	1.5382773982810638	1	0	-
grid	normalised_flux	32	51	1.6059374997275881	0	1.6102965739245445	1	0	-
grid	normalised_flux	32	52	1.6362499997485429	0	1.6759595666330398	1	0	-
grid	normalised_flux	32	53	1.6665624997694977	0	1.7351525408425434	1	0	-
grid	normalised_flux	32	54	1.6968749997904524	0	1.7878491026524777	1	0	-
grid	normalised_flux	32	55	1.7271874998114072	0	1.8341152368142886	1	0	-
grid	normalised_flux	32	56	1.7574999998323619	0	1.8741070281213243	1	0	-
grid	normalised_flux	32	57	1.7878124998533167	0	1.90806211662088	1	0	-
grid	normalised_flux	32	58	1.8181249998742715	0	1.9362871652585252	1	0	-
grid	normalised_flux	32	59	1.8484374998952262	0	1.9591400107654833	1	0	-
grid	normalised_flux	32	60	1.878749999916181	0	1.9770125740827185	1	0	-
grid	normalised_flux	32	61	1.9090624999371357	0	1.990313391016665	0	0	-
grid	normalised_flux	32	62	1.9393749999580905	0	1.9994533709259699	0	0	-
grid	normalised_flux	32	63	1.9696874999790452	0	2.0048336441341719	0	0	-
grid	normalised_flux	32	64	2	0	2.0068359727787741	0	0	-
grid	normalised_flux	33	0	0.059999998658895493	0.0625	0.75815316964399515	0	0	-
grid	normalised_flux	33	1	0.09031249867985025	0.0625	0.86300795382092776	0	0	-
grid	normalised_flux	33	2	0.12062499870080501	0.0625	1.0065121727862461	0	0	-
grid	normalised_flux	33	3	0.15093749872175977	0.0625	1.0974573891599775	0	0	-
grid	normalised_flux	33	4	0.18124999874271452	0.0625	1.0828792213685399	0	0	-
grid	normalised_flux	33	5	0.21156249876366928	0.0625	1.049855111252427	1	0	-
grid	normalised_flux	33	6	0.24187499878462404	0.0625	1.0115066725537092	1	0	-
grid	normalised_flux	33	7	0.2721874988055788	0.0625	0.96767736950411687	1	1	-
grid	normalised_flux	33	8	0.30249999882653356	0.0625	0.91864951240354298	1	1	-
grid	normalised_flux	33	9	0.33281249884748831	0.0625	0.86496806883947008	1	1	-
grid	normalised_flux	33	10	0.36312499886844307	0.0625	0.80729145032727256	1	1	-
grid	normalised_flux	33	11	0.39343749888939783	0.0625	0.74637637498099374	1	1	-
grid	normalised_flux	33	12	0.42374999891035259	0.0625	0.68305962453940627	1	1	-
grid	normalised_flux	33	13	0.45406249893130735	0.0625	0.61823693087736509	1	1	-
grid	normalised_flux	33	14	0.4843749989522621	0.0625	0.55283955646284322	1	1	-
grid	normalised_flux	33	15	0.51468749897321686	0.0625	0.48780942398017835	1	1	-
grid	normalised_flux	33	16	0.54499999899417162	0.0625	0.42407409983151106	1	1	-
grid	normalised_flux	33	17	0.57531249901512638	0.0625	0.36252300150108191	1	1	-
grid	normalised_flux	33	18	0.60562499903608114	0.0625	0.30398607712250281	1	1	-
grid	normalised_flux	33	19	0.63593749905703589	0.0625	0.24921643107657732	1	1	-
grid	normalised_flux	33	20	0.66624999907799065	0.0625	0.19887761361921472	1	1	-
grid	normalised_flux	33	21	0.69656249909894541	0.0625	0.15353635781166655	1	1	-
grid	normalised_flux	33	22	0.72687499911990017	0.0625	0.11366106044711174	1	1	-
grid	normalised_flux	33	23	0.75718749914085492	0.0625	0.079625413585538832	1	1	-
grid	normalised_flux	33	24	0.78749999916180968	0.0625	0.051717376581100261	1	1	-
grid	normalised_flux	33	25	0.81781249918276444	0.0625	0.030152135677181349	1	1	-
grid	normalised_flux	33	26	0.8481249992037192	0.0625	0.015088291632473728	1	1	-
grid	normalised_flux	33	27	0.87843749922467396	0.0625	0.0066461835440390828	1	1	-
grid	normalised_flux	33	28	0.90874999924562871	0.0625	0.0049271620912571647	1	1	-
grid	normalised_flux	33	29	0.93906249926658347	0.0625	0.010032815308728151	1	1	-
grid	normalised_flux	33	30	0.96937499928753823	0.0625	0.022082342988453171	1	1	-
grid	normalised_flux	33	31	0.99968749930849299	0.0625	0.041227842356067718	1	1	-
grid	normalised_flux	33	32	1.0299999993294477	0.0625	0.067664609287434438	1	1	-
grid	normalised_flux	33	33	1.0603124993504025	0.0625	0.10163574299993174	1	1	-
grid	normalised_flux	33	34	1.0906249993713573	0.0625	0.14342825342682786	1	1	-
grid	normalised_flux	33	35	1.120937499392312	0.0625	0.19335772807000345	1	1	-
grid	normalised_flux	33	36	1.1512499994132668	0.0625	0.25173790306061489	1	1	-
grid	normalised_flux	33	37	1.1815624994342215	0.0625	0.31883155436386357	1	1	-
grid	normalised_flux	33	38	1.2118749994551763	0.0625	0.39477729742883061	1	1	-
grid	normalised_flux	33	39	1.2421874994761311	0.0625	0.47948953009505174	1	1	-
grid	normalised_flux	33	40	1.2724999994970858	0.0625	0.57252959617854293	1	1	-
grid	normalised_flux	33	41	1.3028124995180406	0.0625	0.67295240652797106	1	1	-
grid	normalised_flux	33	42	1.3331249995389953	0.0625	0.77913935281681068	1	1	-
grid	normalised_flux	33	43	1.3634374995599501	0.0625	0.88864762258127317	1	1	-
grid	normalised_flux	33	44	1.3937499995809048	0.0625	0.99809982904252847	1	1	-
grid	normalised_flux	33	45	1.4240624996018596	0.0625	1.1031886632690373	1	0	-
grid	normalised_flux	33	46	1.4543749996228144	0.0625	1.2035581161647781	1	0	-
grid	normalised_flux	33	47	1.4846874996437691	0.0625	1.2989188042442721	1	0	-
grid	normalised_flux	33	48	1.5149999996647239	0.0625	1.388949680835555	1	0	-
grid	normalised_flux	33	49	1.5453124996856786	0.0625	1.4733177365635226	1	0	-
grid	normalised_flux	33	50	1.5756249997066334	0.0625	1.5517033488875374	1	0	-
grid	normalised_flux	33	51	1.6059374997275881	0.0625	1.623823068202646	1	0	-
grid	normalised_flux	33	52	1.6362499997485429	0.0625	1.6894587175896785	1	0	-
grid	normalised_flux	33	53	1.6665624997694977	0.0625	1.7484791820245384	1	0	-
grid	normalised_flux	33	54	1.6968749997904524	0.0625	1.8008515166025467	1	0	-
grid	normalised_flux	33	55	1.7271874998114072	0.0625	1.8466468329479238	1	0	-
grid	normalised_flux	33	56	1.7574999998323619	0.0625	1.8860399194454356	1	0	-
grid	normalised_flux	33	57	1.7878124998533167	0.0625	1.9192952847533973	1	0	-
grid	normalised_flux	33	58	1.8181249998742715	0.0625	1.9467480744439019	1	0	-
grid	normalised_flux	33	59	1.8484374998952262	0.0625	1.9687866966006413	1	0	-
grid	normalised_flux	33	60	1.878749999916181	0.0625	1.9858314598490145	1	0	-
grid	normalised_flux	33	61	1.9090624999371357	0.0625	1.9983154899963556	0	0	-
grid	normalised_flux	33	62	1.9393749999580905	0.0625	2.0066689696452582	0	0	-
grid	normalised_flux	33	63	1.9696874999790452	0.0625	2.0113066058379037	0	0	-
grid	normalised_flux	33	64	2	0.0625	2.0127190592872042	0	0	-
grid	normalised_flux	34	0	0.059999998658895493	0.125	0.7583144347150429	0	0	-
grid	normalised_flux	34	1	0.09031249867985025	0.125	0.86337318416728648	0	0	-
grid	normalised_flux	34	2	0.12062499870080501	0.125	1.0071964678884733	0	0	-
grid	normalised_flux	34	3	0.15093749872175977	0.125	1.098504268097849	0	0	-
grid	normalised_flux	34	4	0.18124999874271452	0.125	1.084308574509578	0	0	-
grid	normalised_flux	34	5	0.21156249876366928	0.125	1.0517344424214923	1	0	-
grid	normalised_flux	34	6	0.24187499878462404	0.125	1.0139001863380899	1	0	-
grid	normalised_flux	34	7	0.2721874988055788	0.125	0.97065475339670748	1	1	-
grid	normalised_flux	34	8	0.30249999882653356	0.125	0.92225059461043202	1	1	-
grid	normalised_flux	34	9	0.33281249884748831	0.125	0.86922663687637114	1	1	-
grid	normalised_flux	34	10	0.36312499886844307	0.125	0.81223324536790609	1	1	-
grid	normalised_flux	34	11	0.39343749888939783	0.125	0.75201814837008407	1	1	-
grid	normalised_flux	34	12	0.42374999891035259	0.125	0.68940895755105991	1	1	-
grid	normalised_flux	34	13	0.45406249893130735	0.125	0.62529257591320164	1	1	-
grid	normalised_flux	34	14	0.4843749989522621	0.125	0.56059224257627638	1	1	-
grid	normalised_flux	34	15	0.51468749897321686	0.125	0.49624305848722217	1	1	-
grid	normalised_flux	34	16	0.54499999899417162	0.125	0.43316732076227293	1	1	-
grid	normalised_flux	34	17	0.57531249901512638	0.125	0.37225105270600856	1	1	-
grid	normalised_flux	34	18	0.60562499903608114	0.125	0.31432284952728096	1	1	-
grid	normalised_flux	34	19	0.63593749905703589	0.125	0.26013676502777788	1	1	-
grid	normalised_flux	34	20	0.66624999907799065	0.125	0.21035948255232625	1	1	-
grid	normalised_flux	34	21	0.69656249909894541	0.125	0.16556328927434957	1	1	-
grid	normalised_flux	34	22	0.72687499911990017	0.125	0.12622417735409977	1	1	-
grid	normalised_flux	34	23	0.75718749914085492	0.125	0.09272571282876009	1	1	-
grid	normalised_flux	34	24	0.78749999916180968	0.125	0.065367485458313668	1	1	-
grid	normalised_flux	34	25	0.81781249918276444	0.125	0.04437806832061171	1	1	-
grid	normalised_flux	34	26	0.8481249992037192	0.125	0.029931063024314763	1	1	-
grid	normalised_flux	34	27	0.87843749922467396	0.125	0.022163138705691598	1	1	-
grid	normalised_flux	34	28	0.90874999924562871	0.125	0.021193162859433554	1	1	-
grid	normalised_flux	34	29	0.93906249926658347	0.125	0.027141047343204733	1	1	-
grid	normalised_flux	34	30	0.96937499928753823	0.125	0.040145217721909196	1	1	-
grid	normalised_flux	34	31	0.99968749930849299	0.125	0.060376664696776598	1	1	-
grid	normalised_flux	34	32	1.0299999993294477	0.125	0.088049245321954059	1	1	-
grid	normalised_flux	34	33	1.0603124993504025	0.125	0.12342267368029197	1	1	-
grid	normalised_flux	34	34	1.0906249993713573	0.125	0.16679715665534783	1	1	-
grid	normalised_flux	34	35	1.120937499392312	0.125	0.21849544987667735	1	1	-
grid	normalised_flux	34	36	1.1512499994132668	0.125	0.27882917701396975	1	1	-
grid	normalised_flux	34	37	1.1815624994342215	0.125	0.34804483146426385	1	1	-
grid	normalised_flux	34	38	1.2118749994551763	0.125	0.42624471332782321	1	1	-
grid	normalised_flux	34	39	1.2421874994761311	0.125	0.51327919387331111	1	1	-
grid	normalised_flux	34	40	1.2724999994970858	0.125	0.60860993365779159	1	1	-
grid	normalised_flux	34	41	1.3028124995180406	0.125	0.71114632104391862	1	1	-
grid	normalised_flux	34	42	1.3331249995389953	0.125	0.81907344306961438	1	1	-
grid	normalised_flux	34	43	1.3634374995599501	0.125	0.92968007411938969	1	1	-
grid	normalised_flux	34	44	1.3937499995809048	0.125	1.0392854459047749	1	0	-
grid	normalised_flux	34	45	1.4240624996018596	0.125	1.1448270352153973	1	0	-
grid	normalised_flux	34	46	1.4543749996228144	0.125	1.2459897292598177	1	0	-
grid	normalised_flux	34	47	1.4846874996437691	0.125	1.3423686237664829	1	0	-
grid	normalised_flux	34	48	1.5149999996647239	0.125	1.4335010184675179	1	0	-
grid	normalised_flux	34	49	1.5453124996856786	0.125	1.5188971545998518	1	0	-
grid	normalised_flux	34	50	1.5756249997066334	0.125	1.5980745839412198	1	0	-
grid	normalised_flux	34	51	1.6059374997275881	0.125	1.6706125231557822	1	0	-
grid	normalised_flux	34	52	1.6362499997485429	0.125	1.7361786749340971	1	0	-
grid	normalised_flux	34	53	1.6665624997694977	0.125	1.7945635970291289	1	0	-
grid	normalised_flux	34	54	1.6968749997904524	0.125	1.8457121280875106	1	0	-
grid	normalised_flux	34	55	1.7271874998114072	0.125	1.889728704406495	1	0	-
grid	normalised_flux	34	56	1.7574999998323619	0.125	1.9268581816320953	1	0	-
grid	normalised_flux	34	57	1.7878124998533167	0.125	1.9574674159939345	1	0	-
grid	normalised_flux	34	58	1.8181249998742715	0.125	1.9820196299413737	1	0	-
grid	normalised_flux	34	59	1.8484374998952262	0.125	2.001027605693924	1	0	-
grid	normalised_flux	34	60	1.878749999916181	0.125	2.0150233037729559	1	0	-
grid	normalised_flux	34	61	1.9090624999371357	0.125	2.0245308045065022	0	0	-
grid	normalised_flux	34	62	1.9393749999580905	0.125	2.0300484589166361	0	0	-
grid	normalised_flux	34	63	1.9696874999790452	0.125	2.0320367361321532	0	0	-
grid	normalised_flux	34	64	2	0.125	2.0308167302960629	0	0	-
grid	normalised_flux	35	0	0.059999998658895493	0.1875	0.75855150510980696	0	0	-
grid	normalised_flux	35	1	0.09031249867985025	0.1875	0.86390945268591879	0	0	-
grid	normalised_flux	35	2	0.12062499870080501	0.1875	1.0081459362436342	0	0	-
grid	normalised_flux	35	3	0.15093749872175977	0.1875	1.0999873584609279	0	0	-
grid	normalised_flux	35	4	0.18124999874271452	0.1875	1.0864464804564322	0	0	-
grid	normalised_flux	35	5	0.21156249876366928	0.1875	1.0546441563405675	1	0	-
grid	normalised_flux	35	6	0.24187499878462404	0.1875	1.0176979410811235	1	0	-
grid	normalised_flux	35	7	0.2721874988055788	0.1875	0.97546682194128753	1	1	-
grid	normalised_flux	35	8	0.30249999882653356	0.1875	0.928147471457204	1	1	-
grid	normalised_flux	35	9	0.33281249884748831	0.1875	0.87626617736046086	1	1	-
grid	normalised_flux	35	10	0.36312499886844307	0.1875	0.82045922965983242	1	1	-
grid	normalised_flux	35	11	0.39343749888939783	0.1875	0.76145939139368013	1	1	-
grid	normalised_flux	35	12	0.42374999891035259	0.1875	0.7000789618514619	1	1	-
grid	normalised_flux	35	13	0.45406249893130735	0.1875	0.63719001823505228	1	1	-
grid	normalised_flux	35	14	0.4843749989522621	0.1875	0.57370215470594932	1	1	-
grid	normalised_flux	35	15	0.51468749897321686	0.1875	0.51053876169787404	1	1	-
grid	normalised_flux	35	16	0.54499999899417162	0.1875	0.44861297441552822	1	1	-
grid	normalised_flux	35	17	0.57531249901512638	0.1875	0.38880472800207244	1	1	-
grid	normalised_flux	35	18	0.60562499903608114	0.1875	0.33194011356877673	1	1	-
grid	normalised_flux	35	19	0.63593749905703589	0.1875	0.27877437169343411	1	1	-
grid	normalised_flux	35	20	0.66624999907799065	0.1875	0.22997945500677819	1	1	-
grid	normalised_flux	35	21	0.69656249909894541	0.1875	0.18613657523854321	1	1	-
grid	normalised_flux	35	22	0.72687499911990017	0.1875	0.14773463667300515	1	1	-
grid	normalised_flux	35	23	0.75718749914085492	0.1875	0.11517344044446566	1	1	-
grid	normalised_flux	35	24	0.78749999916180968	0.1875	0.088772276796253338	1	1	-
grid	normalised_flux	35	25	0.81781249918276444	0.1875	0.068782172610128464	1	1	-
grid	normalised_flux	35	26	0.8481249992037192	0.1875	0.055401794206092633	1	1	-
grid	normalised_flux	35	27	0.87843749922467396	0.1875	0.048795011628744396	1	1	-
grid	normalised_flux	35	28	0.90874999924562871	0.1875	0.04910979212287335	1	1	-
grid	normalised_flux	35	29	0.93906249926658347	0.1875	0.056496334072346721	1	1	-
grid	normalised_flux	35	30	0.96937499928753823	0.1875	0.07112387174975851	1	1	-
grid	normalised_flux	35	31	0.99968749930849299	0.1875	0.093194062150895013	1	1	-
grid	normalised_flux	35	32	1.0299999993294477	0.1875	0.12294938736955961	1	1	-
grid	normalised_flux	35	33	1.0603124993504025	0.1875	0.16067476861307597	1	1	-
grid	normalised_flux	35	34	1.0906249993713573	0.1875	0.20668845176179998	1	1	-
grid	normalised_flux	35	35	1.120937499392312	0.1875	0.261320313101918	1	1	-
grid	normalised_flux	35	36	1.1512499994132668	0.1875	0.32487219726801292	1	1	-
grid	normalised_flux	35	37	1.1815624994342215	0.1875	0.39755606247246383	1	1	-
grid	normalised_flux	35	38	1.2118749994551763	0.1875	0.47940539953695793	1	1	-
grid	normalised_flux	35	39	1.2421874994761311	0.1875	0.57015685097600233	1	1	-
grid	normalised_flux	35	40	1.2724999994970858	0.1875	0.66910097649777434	1	1	-
grid	normalised_flux	35	41	1.3028124995180406	0.1875	0.77491447735353491	1	1	-
grid	normalised_flux	35	42	1.3331249995389953	0.1875	0.88547584476265973	1	1	-
grid	normalised_flux	35	43	1.3634374995599501	0.1875	0.99775279197386169	1	1	-
grid	normalised_flux	35	44	1.3937499995809048	0.1875	1.1076139614809504	1	0	-
grid	normalised_flux	35	45	1.4240624996018596	0.1875	1.214379757815075	1	0	-
grid	normalised_flux	35	46	1.4543749996228144	0.1875	1.3174857739961501	1	0	-
grid	normalised_flux	35	47	1.4846874996437691	0.1875	1.4162806598266271	1	0	-
grid	normalised_flux	35	48	1.5149999996647239	0.1875	1.5100242467852489	1	0	-
grid	normalised_flux	35	49	1.5453124996856786	0.1875	1.5979142267538924	1	0	-
grid	normalised_flux	35	50	1.5756249997066334	0.1875	1.6791467725410201	1	0	-
grid	normalised_flux	35	51	1.6059374997275881	0.1875	1.7529452578634244	1	0	-
grid	normalised_flux	35	52	1.6362499997485429	0.1875	1.8186986354400874	1	0	-
grid	normalised_flux	35	53	1.6665624997694977	0.1875	1.8760390996205023	1	0	-
grid	normalised_flux	35	54	1.6968749997904524	0.1875	1.9248681954589864	1	0	-
grid	normalised_flux	35	55	1.7271874998114072	0.1875	1.9653707752016771	1	0	-
grid	normalised_flux	35	56	1.7574999998323619	0.1875	1.9980112006029962	1	0	-
grid	normalised_flux	35	57	1.7878124998533167	0.1875	2.023444097362542	1	0	-
grid	normalised_flux	35	58	1.8181249998742715	0.1875	2.0424080199860692	1	0	-
grid	normalised_flux	35	59	1.8484374998952262	0.1875	2.0556825379615256	1	0	-
grid	normalised_flux	35	60	1.878749999916181	0.1875	2.0640225358338737	1	0	-
grid	normalised_flux	35	61	1.9090624999371357	0.1875	2.0681183375279542	0	0	-
grid	normalised_flux	35	62	1.9393749999580905	0.1875	2.0685776673516898	0	0	-
grid	normalised_flux	35	63	1.9696874999790452	0.1875	2.0659229916176107	0	0	-
grid	normalised_flux	35	64	2	0.1875	2.0608071321256354	0	0	-
grid	normalised_flux	36	0	0.059999998658895493	0.25	0.75886589990170172	0	0	-
grid	normalised_flux	36	1	0.09031249867985025	0.25	0.86462189811736001	0	0	-
grid	normalised_flux	36	2	0.12062499870080501	0.25	1.0093986733647045	0	0	-
grid	normalised_flux	36	3	0.15093749872175977	0.25	1.1019584986294872	0	0	-
grid	normalised_flux	36	4	0.18124999874271452	0.25	1.0893287798474782	0	0	-
grid	normalised_flux	36	5	0.21156249876366928	0.25	1.0585829950269809	1	0	-
grid	normalised_flux	36	6	0.24187499878462404	0.25	1.0228692467527314	1	0	-
grid	normalised_flux	36	7	0.2721874988055788	0.25	0.98205444995229874	1	1	-
grid	normalised_flux	36	8	0.30249999882653356	0.25	0.93625694993888819	1	1	-
grid	normalised_flux	36	9	0.33281249884748831	0.25	0.88598452073684741	1	1	-
grid	normalised_flux	36	10	0.36312499886844307	0.25	0.83185315848355268	1	1	-
grid	normalised_flux	36	11	0.39343749888939783	0.25	0.77457424644583106	1	1	-
grid	normalised_flux	36	12	0.42374999891035259	0.25	0.71493852464172059	1	1	-
grid	normalised_flux	36	13	0.45406249893130735	0.25	0.65379717114588398	1	1	-
grid	normalised_flux	36	14	0.4843749989522621	0.25	0.59204052171057342	1	1	-
grid	normalised_flux	36	15	0.51468749897321686	0.25	0.53057531630075438	1	1	-
grid	normalised_flux	36	16	0.54499999899417162	0.25	0.47030152135677183	1	1	-
grid	normalised_flux	36	17	0.57531249901512638	0.25	0.4120901771348785	1	1	-
grid	normalised_flux	36	18	0.60562499903608114	0.25	0.35676326850102064	1	1	-
grid	normalised_flux	36	19	0.63593749905703589	0.25	0.30507719907357411	1	1	-
grid	normalised_flux	36	20	0.66624999907799065	0.25	0.25771042501632885	1	1	-
grid	normalised_flux	36	21	0.69656249909894541	0.25	0.2152561682332032	1	1	-
grid	normalised_flux	36	22	0.72687499911990017	0.25	0.17822035137782094	1	1	-
grid	normalised_flux	36	23	0.75718749914085492	0.25	0.14702480214899522	1	1	-
grid	normalised_flux	36	24	0.78749999916180968	0.25	0.12201515721958862	1	1	-
grid	normalised_flux	36	25	0.81781249918276444	0.25	0.10347277746860938	1	1	-
grid	normalised_flux	36	26	0.8481249992037192	0.25	0.091629796302224009	1	1	-
grid	normalised_flux	36	27	0.87843749922467396	0.25	0.086686399113848567	1	1	-
grid	normalised_flux	36	28	0.90874999924562871	0.25	0.088828672396769837	1	1	-
grid	normalised_flux	36	29	0.93906249926658347	0.25	0.098245978146325033	1	1	-
grid	normalised_flux	36	30	0.96937499928753823	0.25	0.11514661930448941	1	1	-
grid	normalised_flux	36	31	0.99968749930849299	0.25	0.13976956510779515	1	1	-
grid	normalised_flux	36	32	1.0299999993294477	0.25	0.17239071726516658	1	1	-
grid	normalised_flux	36	33	1.0603124993504025	0.25	0.21332091617406362	1	1	-
grid	normalised_flux	36	34	1.0906249993713573	0.25	0.26289283891228082	1	1	-
grid	normalised_flux	36	35	1.120937499392312	0.25	0.32143282517321115	1	1	-
grid	normalised_flux	36	36	1.1512499994132668	0.25	0.3892129077756763	1	1	-
grid	normalised_flux	36	37	1.1815624994342215	0.25	0.46637872788329987	1	1	-
grid	normalised_flux	36	38	1.2118749994551763	0.25	0.55284840981258765	1	1	-
grid	normalised_flux	36	39	1.2421874994761311	0.25	0.64817892114266784	1	1	-
grid	normalised_flux	36	40	1.2724999994970858	0.25	0.75140733251040692	1	1	-
grid	normalised_flux	36	41	1.3028124995180406	0.25	0.86085911766614498	1	1	-
grid	normalised_flux	36	42	1.3331249995389953	0.25	0.9740002989726364	1	1	-
grid	normalised_flux	36	43	1.3634374995599501	0.25	1.0871931999817901	1	0	-
grid	normalised_flux	36	44	1.3937499995809048	0.25	1.1989658622903934	1	0	-
grid	normalised_flux	36	45	1.4240624996018596	0.25	1.3088326096451761	1	0	-
grid	normalised_flux	36	46	1.4543749996228144	0.25	1.4161222014810679	1	0	-
grid	normalised_flux	36	47	1.4846874996437691	0.25	1.5199521510862823	1	0	-
grid	normalised_flux	36	48	1.5149999996647239	0.25	1.6191992935549087	1	0	-
grid	normalised_flux	36	49	1.5453124996856786	0.25	1.7125059095516155	1	0	-
grid	normalised_flux	36	50	1.5756249997066334	0.25	1.7983335574757806	1	0	-
grid	normalised_flux	36	51	1.6059374997275881	0.25	1.8752790882027666	1	0	-
grid	normalised_flux	36	52	1.6362499997485429	0.25	1.942130945742353	1	0	-
grid	normalised_flux	36	53	1.6665624997694977	0.25	1.9980912367835271	1	0	-
grid	normalised_flux	36	54	1.6968749997904524	0.25	2.0430056804326209	1	0	-
grid	normalised_flux	36	55	1.7271874998114072	0.25	2.0773713934645568	1	0	-
grid	normalised_flux	36	56	1.7574999998323619	0.25	2.1021291570334073	1	0	-
grid	normalised_flux	36	57	1.7878124998533167	0.25	2.1185348650846816	1	0	-
grid	normalised_flux	36	58	1.8181249998742715	0.25	2.1280188201803014	1	0	-
grid	normalised_flux	36	59	1.8484374998952262	0.25	2.1318972044919193	1	0	-
grid	normalised_flux	36	60	1.878749999916181	0.25	2.1312954615355659	1	0	-
grid	normalised_flux	36	61	1.9090624999371357	0.25	2.127125035359994	0	0	-
grid	normalised_flux	36	62	1.9393749999580905	0.25	2.1200976118599377	0	0	-
grid	normalised_flux	36	63	1.9696874999790452	0.25	2.1107580636807919	0	0	-
grid	normalised_flux	36	64	2	0.25	2.0993065287449277	0	0	-
grid	normalised_flux	37	0	0.059999998658895493	0.3125	0.75925644418238325	0	0	-
grid	normalised_flux	37	1	0.09031249867985025	0.3125	0.8655078739508959	0	0	-
grid	normalised_flux	37	2	0.12062499870080501	0.3125	1.0110260757021692	0	0	-
grid	normalised_flux	37	3	0.15093749872175977	0.3125	1.1044950664055824	0	0	-
grid	normalised_flux	37	4	0.18124999874271452	0.3125	1.0929147425267878	0	0	-
grid	normalised_flux	37	5	0.21156249876366928	0.3125	1.0635035586430932	1	0	-
grid	normalised_flux	37	6	0.24187499878462404	0.3125	1.0293389329544131	1	0	-
grid	normalised_flux	37	7	0.2721874988055788	0.3125	0.99031144470385257	1	1	-
grid	normalised_flux	37	8	0.30249999882653356	0.3125	0.94644480567799261	1	1	-
grid	normalised_flux	37	9	0.33281249884748831	0.3125	0.8982229594369896	1	1	-
grid	normalised_flux	37	10	0.36312499886844307	0.3125	0.84623622028330436	1	1	-
grid	normalised_flux	37	11	0.39343749888939783	0.3125	0.7911687409060314	1	1	-
grid	normalised_flux	37	12	0.42374999891035259	0.3125	0.73378368361346547	1	1	-
grid	normalised_flux	37	13	0.45406249893130735	0.3125	0.67490548577218934	1	1	-
grid	normalised_flux	37	14	0.4843749989522621	0.3125	0.61539978238323922	1	1	-
grid	normalised_flux	37	15	0.51468749897321686	0.3125	0.55615181296902283	1	1	-
grid	normalised_flux	37	16	0.54499999899417162	0.3125	0.49804434725961289	1	1	-
grid	normalised_flux	37	17	0.57531249901512638	0.3125	0.44193640940319734	1	1	-
grid	normalised_flux	37	18	0.60562499903608114	0.3125	0.38864396731086931	1	1	-
grid	normalised_flux	37	19	0.63593749905703589	0.3125	0.33892388744368573	1	1	-
grid	normalised_flux	37	20	0.66624999907799065	0.3125	0.29346172288654521	1	1	-
grid	normalised_flux	37	21	0.69656249909894541	0.3125	0.25286448588170796	1	1	-
grid	normalised_flux	37	22	0.72687499911990017	0.3125	0.2176583929541957	1	1	-
grid	normalised_flux	37	23	0.75718749914085492	0.3125	0.18829142834817902	1	1	-
grid	normalised_flux	37	24	0.78749999916180968	0.3125	0.16514065456778493	1	1	-
grid	normalised_flux	37	25	0.81781249918276444	0.3125	0.14852341554352946	1	1	-
grid	normalised_flux	37	26	0.8481249992037192	0.3125	0.13871157794557953	1	1	-
grid	normalised_flux	37	27	0.87843749922467396	0.3125	0.13594748145460586	1	1	-
grid	normalised_flux	37	28	0.90874999924562871	0.3125	0.14046079098247644	1	1	-
grid	normalised_flux	37	29	0.93906249926658347	0.3125	0.15248435200102084	1	1	-
grid	normalised_flux	37	30	0.96937499928753823	0.3125	0.17226781473171765	1	1	-
grid	normalised_flux	37	31	0.99968749930849299	0.3125	0.20008684352827019	1	1	-
grid	normalised_flux	37	32	1.0299999993294477	0.3125	0.23624582272612629	1	1	-
grid	normalised_flux	37	33	1.0603124993504025	0.3125	0.2810712106962896	1	1	-
grid	normalised_flux	37	34	1.0906249993713573	0.3125	0.33489221913032763	1	1	-
grid	normalised_flux	37	35	1.120937499392312	0.3125	0.39800409418767857	1	1	-
grid	normalised_flux	37	36	1.1512499994132668	0.3125	0.47061046291246345	1	1	-
grid	normalised_flux	37	37	1.1815624994342215	0.3125	0.5527383837998795	1	1	-
grid	normalised_flux	37	38	1.2118749994551763	0.3125	0.64412354697660956	1	1	-
grid	normalised_flux	37	39	1.2421874994761311	0.3125	0.74406809545648467	1	1	-
grid	normalised_flux	37	40	1.2724999994970858	0.3125	0.85125786162029216	1	1	-
grid	normalised_flux	37	41	1.3028124995180406	0.3125	0.96361268507951381	1	1	-
grid	normalised_flux	37	42	1.3331249995389953	0.3125	1.0780182813839498	1	0	-
grid	normalised_flux	37	43	1.3634374995599501	0.3125	1.1930259529420488	1	0	-
grid	normalised_flux	37	44	1.3937499995809048	0.3125	1.3083811600147786	1	0	-
grid	normalised_flux	37	45	1.4240624996018596	0.3125	1.4237111124919912	1	0	-
grid	normalised_flux	37	46	1.4543749996228144	0.3125	1.5384179125719131	1	0	-
grid	normalised_flux	37	47	1.4846874996437691	0.3125	1.651536094157487	1	0	-
grid	normalised_flux	37	48	1.5149999996647239	0.3125	1.7615619169814034	1	0	-
grid	normalised_flux	37	49	1.5453124996856786	0.3125	1.8663154157516424	1	0	-
grid	normalised_flux	37	50	1.5756249997066334	0.3125	1.9630258955020852	1	0	-
grid	normalised_flux	37	51	1.6059374997275881	0.3125	2.0481825876874451	1	0	-
grid	normalised_flux	37	52	1.6362499997485429	0.3125	2.1187917783759231	1	0	-
grid	normalised_flux	37	53	1.6665624997694977	0.3125	2.1731216289328037	1	0	-
grid	normalised_flux	37	54	1.6968749997904524	0.3125	2.2108823761042538	1	0	-
grid	normalised_flux	37	55	1.7271874998114072	0.3125	2.2333253566155387	1	0	-
grid	normalised_flux	37	56	1.7574999998323619	0.3125	2.2431768325354007	1	0	-
grid	normalised_flux	37	57	1.7878124998533167	0.3125	2.2436571445606752	1	0	-
grid	normalised_flux	37	58	1.8181249998742715	0.3125	2.2374719523269193	1	0	-
grid	normalised_flux	37	59	1.8484374998952262	0.3125	2.226793056106549	1	0	-
grid	normalised_flux	37	60	1.878749999916181	0.3125	2.2131519667277351	1	0	-
grid	normalised_flux	37	61	1.9090624999371357	0.3125	2.1975551652697281	0	0	-
grid	normalised_flux	37	62	1.9393749999580905	0.3125	2.1806382890144453	0	0	-
grid	normalised_flux	37	63	1.9696874999790452	0.3125	2.1627931639607616	0	0	-
grid	normalised_flux	37	64	2	0.3125	2.144449498000828	0	0	-
grid	normalised_flux	38	0	0.059999998658895493	0.375	0.75971893676443913	0	0	-
grid	normalised_flux	38	1	0.09031249867985025	0.375	0.86655879979528583	0	0	-
grid	normalised_flux	38	2	0.12062499870080501	0.375	1.0128318267527152	0	0	-
grid	normalised_flux	38	3	0.15093749872175977	0.375	1.1073633618385876	0	0	-
grid	normalised_flux	38	4	0.18124999874271452	0.375	1.0971898423548336	0	0	-
grid	normalised_flux	38	5	0.21156249876366928	0.375	1.0693273538173105	1	0	-
grid	normalised_flux	38	6	0.24187499878462404	0.375	1.0369830053187032	1	0	-
grid	normalised_flux	38	7	0.2721874988055788	0.375	1.0000672664696397	1	0	-
grid	normalised_flux	38	8	0.30249999882653356	0.375	0.95850325791402835	1	1	-
grid	normalised_flux	38	9	0.33281249884748831	0.375	0.91274361605837195	1	1	-
grid	normalised_flux	38	10	0.36312499886844307	0.375	0.86334527119329341	1	1	-
grid	normalised_flux	38	11	0.39343749888939783	0.375	0.8109589207894834	1	1	-
grid	normalised_flux	38	12	0.42374999891035259	0.375	0.75631458049861977	1	1	-
grid	normalised_flux	38	13	0.45406249893130735	0.375	0.70020472599879435	1	1	-
grid	normalised_flux	38	14	0.4843749989522621	0.375	0.6434653935850384	1	1	-
grid	normalised_flux	38	15	0.51468749897321686	0.375	0.5869558150913583	1	1	-
grid	normalised_flux	38	16	0.54499999899417162	0.375	0.53153762557337303	1	1	-
grid	normalised_flux	38	17	0.57531249901512638	0.375	0.4780546347096028	1	1	-
grid	normalised_flux	38	18	0.60562499903608114	0.375	0.42731447330900191	1	1	-
grid	normalised_flux	38	19	0.63593749905703589	0.375	0.3800729516018938	1	1	-
grid	normalised_flux	38	20	0.66624999907799065	0.375	0.33702243476802063	1	1	-
grid	normalised_flux	38	21	0.69656249909894541	0.375	0.29878436624708116	1	1	-
grid	normalised_flux	38	22	0.72687499911990017	0.375	0.26590668056682137	1	1	-
grid	normalised_flux	38	23	0.75718749914085492	0.375	0.23886574965584681	1	1	-
grid	normalised_flux	38	24	0.78749999916180968	0.375	0.21807300505428956	1	1	-
grid	normalised_flux	38	25	0.81781249918276444	0.375	0.20388471694891447	1	1	-
grid	normalised_flux	38	26	0.8481249992037192	0.375	0.19661514365236421	1	1	-
grid	normalised_flux	38	27	0.87843749922467396	0.375	0.19655072544537694	1	1	-
grid	normalised_flux	38	28	0.90874999924562871	0.375	0.20396494301362234	1	1	-
grid	normalised_flux	38	29	0.93906249926658347	0.375	0.21913198910843351	1	1	-
grid	normalised_flux	38	30	0.96937499928753823	0.375	0.24233697482131067	1	1	-
grid	normalised_flux	38	31	0.99968749930849299	0.375	0.2738814362250494	1	1	-
grid	normalised_flux	38	32	1.0299999993294477	0.375	0.31408072346630911	1	1	-
grid	normalised_flux	38	33	1.0603124993504025	0.375	0.36325080381532376	1	1	-
grid	normalised_flux	38	34	1.0906249993713573	0.375	0.42168023001429877	1	1	-
grid	normalised_flux	38	35	1.120937499392312	0.375	0.48958372546393808	1	1	-
grid	normalised_flux	38	36	1.1512499994132668	0.375	0.56703140489653381	1	1	-
grid	normalised_flux	38	37	1.1815624994342215	0.375	0.65385284726338688	1	1	-
grid	normalised_flux	38	38	1.2118749994551763	0.375	0.74951245457436444	1	1	-
grid	normalised_flux	38	39	1.2421874994761311	0.375	0.85294635919164974	1	1	-
grid	normalised_flux	38	40	1.2724999994970858	0.375	0.9624313918799734	1	1	-
grid	normalised_flux	38	41	1.3028124995180406	0.375	1.0753123843931727	1	0	-
grid	normalised_flux	38	42	1.3331249995389953	0.375	1.1904774224628141	1	0	-
grid	normalised_flux	38	43	1.3634374995599501	0.375	1.3080417895197509	1	0	-
grid	normalised_flux	38	44	1.3937499995809048	0.375	1.4281722038712352	1	0	-
grid	normalised_flux	38	45	1.4240624996018596	0.375	1.5510202405614153	1	0	-
grid	normalised_flux	38	46	1.4543749996228144	0.375	1.6766283387038117	1	0	-
grid	normalised_flux	38	47	1.4846874996437691	0.375	1.8047227802575334	1	0	-
grid	normalised_flux	38	48	1.5149999996647239	0.375	1.9342682217484504	1	0	-
grid	normalised_flux	38	49	1.5453124996856786	0.375	2.0625214064739965	1	0	-
grid	normalised_flux	38	50	1.5756249997066334	0.375	2.1833452778392397	1	0	-
grid	normalised_flux	38	51	1.6059374997275881	0.375	2.2885713983255922	1	0	-
grid	normalised_flux	38	52	1.6362499997485429	0.375	2.369901829405872	1	0	-
grid	normalised_flux	38	53	1.6665624997694977	0.375	2.4223653083887555	1	0	-
grid	normalised_flux	38	54	1.6968749997904524	0.375	2.4454867450638305	1	0	-
grid	normalised_flux	38	55	1.7271874998114072	0.375	2.4434261219769433	1	0	-
grid	normalised_flux	38	56	1.7574999998323619	0.375	2.4239588164006571	1	0	-
grid	normalised_flux	38	57	1.7878124998533167	0.375	2.3954839751284007	1	0	-
grid	normalised_flux	38	58	1.8181249998742715	0.375	2.364036876836328	1	0	-
grid	normalised_flux	38	59	1.8484374998952262	0.375	2.3323801464130431	1	0	-
grid	normalised_flux	38	60	1.878749999916181	0.375	2.3016061875278093	1	0	-
grid	normalised_flux	38	61	1.9090624999371357	0.375	2.2720433099223549	0	0	-
grid	normalised_flux	38	62	1.9393749999580905	0.375	2.2436872412027014	0	0	-
grid	normalised_flux	38	63	1.9696874999790452	0.375	2.2164006001669176	0	0	-
grid	normalised_flux	38	64	2	0.375	2.1900467651497788	0	0	-
grid	normalised_flux	39	0	0.059999998658895493	0.4375	0.76024249491098539	0	0	-
grid	normalised_flux	39	1	0.09031249867985025	0.4375	0.86775337301944278	0	0	-
grid	normalised_flux	39	2	0.12062499870080501	0.4375	1.0150806250588345	0	0	-
grid	normalised_flux	39	3	0.15093749872175977	0.4375	1.110900381871321	0	0	-
grid	normalised_flux	39	4	0.18124999874271452	0.4375	1.1021694124788937	0	0	-
grid	normalised_flux	39	5	0.21156249876366928	0.4375	1.0759508224666972	1	0	-
grid	normalised_flux	39	6	0.24187499878462404	0.4375	1.0455966737608979	1	0	-
grid	normalised_flux	39	7	0.2721874988055788	0.4375	1.0110110273811559	1	0	-
grid	normalised_flux	39	8	0.30249999882653356	0.4375	0.97211572225318654	1	1	-
grid	normalised_flux	39	9	0.33281249884748831	0.4375	0.92920840182416042	1	1	-
grid	normalised_flux	39	10	0.36312499886844307	0.4375	0.88281499779283379	1	1	-
grid	normalised_flux	39	11	0.39343749888939783	0.4375	0.8335519216682199	1	1	-
grid	normalised_flux	39	12	0.42374999891035259	0.4375	0.78211352054615624	1	1	-
grid	normalised_flux	39	13	0.45406249893130735	0.4375	0.72925696944948737	1	1	-
grid	normalised_flux	39	14	0.4843749989522621	0.4375	0.67578503563034165	1	1	-
grid	normalised_flux	39	15	0.51468749897321686	0.4375	0.62252721550567613	1	1	-
grid	normalised_flux	39	16	0.54499999899417162	0.4375	0.5703204124588136	1	1	-
grid	normalised_flux	39	17	0.57531249901512638	0.4375	0.51998998550851439	1	1	-
grid	normalised_flux	39	18	0.60562499903608114	0.4375	0.47233242756998617	1	1	-
grid	normalised_flux	39	19	0.63593749905703589	0.4375	0.42810042765239592	1	1	-
grid	normalised_flux	39	20	0.66624999907799065	0.4375	0.3879915490148263	1	1	-
grid	normalised_flux	39	21	0.69656249909894541	0.4375	0.35264071687353049	1	1	-
grid	normalised_flux	39	22	0.72687499911990017	0.4375	0.32261715651958067	1	1	-
grid	normalised_flux	39	23	0.75718749914085492	0.4375	0.29842567503706185	1	1	-
grid	normalised_flux	39	24	0.78749999916180968	0.4375	0.28051181191136798	1	1	-
grid	normalised_flux	39	25	0.81781249918276444	0.4375	0.2692703363461148	1	1	-
grid	normalised_flux	39	26	0.8481249992037192	0.4375	0.26505633175196208	1	1	-
grid	normalised_flux	39	27	0.87843749922467396	0.4375	0.2681968736234881	1	1	-
grid	normalised_flux	39	28	0.90874999924562871	0.4375	0.27900337201068309	1	1	-
grid	normalised_flux	39	29	0.93906249926658347	0.4375	0.29778099452122436	1	1	-
grid	normalised_flux	39	30	0.96937499928753823	0.4375	0.32483483755622294	1	1	-
grid	normalised_flux	39	31	0.99968749930849299	0.4375	0.36046919050903814	1	1	-
grid	normalised_flux	39	32	1.0299999993294477	0.4375	0.4049780178209148	1	1	-
grid	normalised_flux	39	33	1.0603124993504025	0.4375	0.45862269506125025	1	1	-
grid	normalised_flux	39	34	1.0906249993713573	0.4375	0.52159317761343416	1	1	-
grid	normalised_flux	39	35	1.120937499392312	0.4375	0.59394893482809519	1	1	-
grid	normalised_flux	39	36	1.1512499994132668	0.4375	0.67553819605164012	1	1	-
grid	normalised_flux	39	37	1.1815624994342215	0.4375	0.76588607813363596	1	1	-
grid	normalised_flux	39	38	1.2118749994551763	0.4375	0.86405797771547788	1	1	-
grid	normalised_flux	39	39	1.2421874994761311	0.4375	0.96854815460350696	1	1	-
grid	normalised_flux	39	40	1.2724999994970858	0.4375	1.077011895246786	1	0	-
grid	normalised_flux	39	41	1.3028124995180406	0.4375	1.1887201393484019	1	0	-
grid	normalised_flux	39	42	1.3331249995389953	0.4375	1.3039933639277883	1	0	-
grid	normalised_flux	39	43	1.3634374995599501	0.4375	1.4233355215902344	1	0	-
grid	normalised_flux	39	44	1.3937499995809048	0.4375	1.5474549752573799	1	0	-
grid	normalised_flux	39	45	1.4240624996018596	0.4375	1.6773381257567772	1	0	-
grid	normalised_flux	39	46	1.4543749996228144	0.4375	1.8143392745085762	1	0	-
grid	normalised_flux	39	47	1.4846874996437691	0.4375	1.9603012474488468	1	0	-
grid	normalised_flux	39	48	1.5149999996647239	0.4375	2.1177360223527857	1	0	-
grid	normalised_flux	39	49	1.5453124996856786	0.4375	2.2902640258777955	1	0	-
grid	normalised_flux	39	50	1.5756249997066334	0.4375	2.4858170049160537	0	0	-
grid	normalised_flux	39	51	1.6059374997275881	0.4375	2.6529338790541281	0	0	-
grid	normalised_flux	39	52	1.6362499997485429	0.4375	2.7608454365112052	0	0	-
grid	normalised_flux	39	53	1.6665624997694977	0.4375	2.8116290101817323	0	0	-
grid	normalised_flux	39	54	1.6968749997904524	0.4375	2.8033018294913199	0	0	-
grid	normalised_flux	39	55	1.7271874998114072	0.4375	2.7293700454767857	0	0	-
grid	normalised_flux	39	56	1.7574999998323619	0.4375	2.630272721623673	0	0	-
grid	normalised_flux	39	57	1.7878124998533167	0.4375	2.5518175167488524	0	0	-
grid	normalised_flux	39	58	1.8181249998742715	0.4375	2.4864988789950262	0	0	-
grid	normalised_flux	39	59	1.8484374998952262	0.4375	2.4308162935624567	0	0	-
grid	normalised_flux	39	60	1.878749999916181	0.4375	2.3823272802846631	0	0	-
grid	normalised_flux	39	61	1.9090624999371357	0.4375	2.3392575614134086	0	0	-
grid	normalised_flux	39	62	1.9393749999580905	0.4375	2.300302252885563	0	0	-
grid	normalised_flux	39	63	1.9696874999790452	0.4375	2.2644914263259124	0	0	-
grid	normalised_flux	39	64	2	0.4375	2.2311399796244786	0	0	-
grid	normalised_flux	40	0	0.059999998658895493	0.5	0.76080332969499431	0	0	-
grid	normalised_flux	40	1	0.09031249867985025	0.5	0.86903231415691451	0	0	-
grid	normalised_flux	40	2	0.12062499870080501	0.5	1.0172528525706497	0	0	-
grid	normalised_flux	40	3	0.15093749872175977	0.5	1.1144050741229499	0	0	-
grid	normalised_flux	40	4	0.18124999874271452	0.5	1.107452464988562	0	0	-
grid	normalised_flux	40	5	0.21156249876366928	0.5	1.083073615294563	1	0	-
grid	normalised_flux	40	6	0.24187499878462404	0.5	1.0549046536956468	1	0	-
grid	normalised_flux	40	7	0.2721874988055788	0.5	1.0228780288959096	1	0	-
grid	normalised_flux	40	8	0.30249999882653356	0.5	0.98693857954198316	1	1	-
grid	normalised_flux	40	9	0.33281249884748831	0.5	0.9472111070090854	1	1	-
grid	normalised_flux	40	10	0.36312499886844307	0.5	0.90418520391163304	1	1	-
grid	normalised_flux	40	11	0.39343749888939783	0.5	0.85843937612984045	1	1	-
grid	normalised_flux	40	12	0.42374999891035259	0.5	0.8106292818585179	1	1	-
grid	normalised_flux	40	13	0.45406249893130735	0.5	0.76147376918619392	1	1	-
grid	normalised_flux	40	14	0.4843749989522621	0.5	0.71173918691500537	1	1	-
grid	normalised_flux	40	15	0.51468749897321686	0.5	0.66222206059650313	1	1	-
grid	normalised_flux	40	16	0.54499999899417162	0.5	0.6137312523198506	1	1	-
grid	normalised_flux	40	17	0.57531249901512638	0.5	0.56707039049158781	1	1	-
grid	normalised_flux	40	18	0.60562499903608114	0.5	0.5230216169368711	1	1	-
grid	normalised_flux	40	19	0.63593749905703589	0.5	0.48233147909852297	1	1	-
grid	normalised_flux	40	20	0.66624999907799065	0.5	0.44569984258127032	1	1	-
grid	normalised_flux	40	21	0.69656249909894541	0.5	0.41377240852840097	1	1	-
grid	normalised_flux	40	22	0.72687499911990017	0.5	0.38713707021912114	1	1	-
grid	normalised_flux	40	23	0.75718749914085492	0.5	0.3663240317461659	1	1	-
grid	normalised_flux	40	24	0.78749999916180968	0.5	0.35180947515396405	1	1	-
grid	normalised_flux	40	25	0.81781249918276444	0.5	0.34402201650065017	1	1	-
grid	normalised_flux	40	26	0.8481249992037192	0.5	0.34335089461319007	1	1	-
grid	normalised_flux	40	27	0.87843749922467396	0.5	0.35015477696608094	1	1	-
grid	normalised_flux	40	28	0.90874999924562871	0.5	0.36476937878394661	1	1	-
grid	normalised_flux	40	29	0.93906249926658347	0.5	0.38751228135252408	1	1	-
grid	normalised_flux	40	30	0.96937499928753823	0.5	0.41868229115956718	1	1	-
grid	normalised_flux	40	31	0.99968749930849299	0.5	0.45855141728837517	1	1	-
grid	normalised_flux	40	32	1.0299999993294477	0.5	0.50734553883504063	1	1	-
grid	normalised_flux	40	33	1.0603124993504025	0.5	0.56521084288019552	1	1	-
grid	normalised_flux	40	34	1.0906249993713573	0.5	0.63216395319013241	1	1	-
grid	normalised_flux	40	35	1.120937499392312	0.5	0.70802109155108928	1	1	-
grid	normalised_flux	40	36	1.1512499994132668	0.5	0.79229740058530851	1	1	-
grid	normalised_flux	40	37	1.1815624994342215	0.5	0.88410127320663534	1	1	-
grid	normalised_flux	40	38	1.2118749994551763	0.5	0.9820130077307071	1	1	-
grid	normalised_flux	40	39	1.2421874994761311	0.5	1.0838339115385636	1	0	-
grid	normalised_flux	40	40	1.2724999994970858	0.5	1.1892128413162144	1	0	-
grid	normalised_flux	40	41	1.3028124995180406	0.5	1.2984100570635182	1	0	-
grid	normalised_flux	40	42	1.3331249995389953	0.5	1.4118664223680142	1	0	-
grid	normalised_flux	40	43	1.3634374995599501	0.5	1.530245677369789	1	0	-
grid	normalised_flux	40	44	1.3937499995809048	0.5	1.6545407264294516	1	0	-
grid	normalised_flux	40	45	1.4240624996018596	0.5	1.7862259727089917	1	0	-
grid	normalised_flux	40	46	1.4543749996228144	0.5	1.9275073956326543	1	0	-
grid	normalised_flux	40	47	1.4846874996437691	0.5	2.0817382548210528	1	0	-
grid	normalised_flux	40	48	1.5149999996647239	0.5	2.2541172942093444	1	0	-
grid	normalised_flux	40	49	1.5453124996856786	0.5	2.4527424093444283	1	0	-
grid	normalised_flux	40	50	1.5756249997066334	0.5	2.6891793504945269	0	0	-
grid	normalised_flux	40	51	1.6059374997275881	0.5	2.8907641902937571	0	0	-
grid	normalised_flux	40	52	1.6362499997485429	0.5	3.0117139548682337	0	0	-
grid	normalised_flux	40	53	1.6665624997694977	0.5	3.0562041972663039	0	0	-
grid	normalised_flux	40	54	1.6968749997904524	0.5	3.023315118535435	0	0	-
grid	normalised_flux	40	55	1.7271874998114072	0.5	2.904654977365094	0	0	-
grid	normalised_flux	40	56	1.7574999998323619	0.5	2.758766204774989	0	0	-
grid	normalised_flux	40	57	1.7878124998533167	0.5	2.6503761391923173	0	0	-
grid	normalised_flux	40	58	1.8181249998742715	0.5	2.5656010192602841	0	0	-
grid	normalised_flux	40	59	1.8484374998952262	0.5	2.4963635518651777	0	0	-
grid	normalised_flux	40	60	1.878749999916181	0.5	2.4378127659416906	0	0	-
grid	normalised_flux	40	61	1.9090624999371357	0.5	2.3868845005284238	0	0	-
grid	normalised_flux	40	62	1.9393749999580905	0.5	2.3415504128485507	0	0	-
grid	normalised_flux	40	63	1.9696874999790452	0.5	2.3004102969821756	0	0	-
grid	normalised_flux	40	64	2	0.5	2.2624815972563259	0	0	-
grid	normalised_flux	41	0	0.059999998658895493	0.5625	0.76137747417302226	0	0	-
grid	normalised_flux	41	1	0.09031249867985025	0.5625	0.87033808830212356	0	0	-
grid	normalised_flux	41	2	0.12062499870080501	0.5625	1.019737392082295	0	0	-
grid	normalised_flux	41	3	0.15093749872175977	0.5625	1.1182475228541033	0	0	-
grid	normalised_flux	41	4	0.18124999874271452	0.5625	1.1127692219396166	0	0	-
grid	normalised_flux	41	5	0.21156249876366928	0.5625	1.0903998690178949	1	0	-
grid	normalised_flux	41	6	0.24187499878462404	0.5625	1.0645850202366689	1	0	-
grid	normalised_flux	41	7	0.2721874988055788	0.5625	1.0352949349867435	1	0	-
grid	normalised_flux	41	8	0.30249999882653356	0.5625	1.0025150871285917	1	0	-
grid	normalised_flux	41	9	0.33281249884748831	0.5625	0.96623398866951626	1	1	-
grid	normalised_flux	41	10	0.36312499886844307	0.5625	0.92687555603427463	1	1	-
grid	normalised_flux	41	11	0.39343749888939783	0.5625	0.88497870425221403	1	1	-
grid	normalised_flux	41	12	0.42374999891035259	0.5625	0.84115880046937463	1	1	-
grid	normalised_flux	41	13	0.45406249893130735	0.5625	0.79609497731192658	1	1	-
grid	normalised_flux	41	14	0.4843749989522621	0.5625	0.75051519137500489	1	1	-
grid	normalised_flux	41	15	0.51468749897321686	0.5625	0.7051806052491677	1	1	-
grid	normalised_flux	41	16	0.54499999899417162	0.5625	0.66086916995644951	1	1	-
grid	normalised_flux	41	17	0.57531249901512638	0.5625	0.61835950111350457	1	1	-
grid	normalised_flux	41	18	0.60562499903608114	0.5625	0.57841572676768283	1	1	-
grid	normalised_flux	41	19	0.63593749905703589	0.5625	0.5417742459426379	1	1	-
grid	normalised_flux	41	20	0.66624999907799065	0.5625	0.50913294232700113	1	1	-
grid	normalised_flux	41	21	0.69656249909894541	0.5625	0.48114356368831596	1	1	-
grid	normalised_flux	41	22	0.72687499911990017	0.5625	0.4584073189336883	1	1	-
grid	normalised_flux	41	23	0.75718749914085492	0.5625	0.44147370913532302	1	1	-
grid	normalised_flux	41	24	0.78749999916180968	0.5625	0.43084218901707072	1	1	-
grid	normalised_flux	41	25	0.81781249918276444	0.5625	0.4269658934313984	1	1	-
grid	normalised_flux	41	26	0.8481249992037192	0.5625	0.43025649127365906	1	1	-
grid	normalised_flux	41	27	0.87843749922467396	0.5625	0.44108848161159253	1	1	-
grid	normalised_flux	41	28	0.90874999924562871	0.5625	0.4598014722954476	1	1	-
grid	normalised_flux	41	29	0.93906249926658347	0.5625	0.48669841166158484	1	1	-
grid	normalised_flux	41	30	0.96937499928753823	0.5625	0.52203690133138714	1	1	-
grid	normalised_flux	41	31	0.99968749930849299	0.5625	0.56601116908222282	1	1	-
grid	normalised_flux	41	32	1.0299999993294477	0.5625	0.61872223923004244	1	1	-
grid	normalised_flux	41	33	1.0603124993504025	0.5625	0.68013384426794032	1	1	-
grid	normalised_flux	41	34	1.0906249993713573	0.5625	0.75000689516917096	1	1	-
grid	normalised_flux	41	35	1.120937499392312	0.5625	0.82781637516518147	1	1	-
grid	normalised_flux	41	36	1.1512499994132668	0.5625	0.9126775601003595	1	1	-
grid	normalised_flux	41	37	1.1815624994342215	0.5625	1.0032021355513832	1	0	-
grid	normalised_flux	41	38	1.2118749994551763	0.5625	1.0972984086329323	1	0	-
grid	normalised_flux	41	39	1.2421874994761311	0.5625	1.1949675186500677	1	0	-
grid	normalised_flux	41	40	1.2724999994970858	0.5625	1.296266881830757	1	0	-
grid	normalised_flux	41	41	1.3028124995180406	0.5625	1.4013542919259396	1	0	-
grid	normalised_flux	41	42	1.3331249995389953	0.5625	1.5105150024402489	1	0	-
grid	normalised_flux	41	43	1.3634374995599501	0.5625	1.6242159385644934	1	0	-
grid	normalised_flux	41	44	1.3937499995809048	0.5625	1.7431736282399166	1	0	-
grid	normalised_flux	41	45	1.4240624996018596	0.5625	1.868455695250707	1	0	-
grid	normalised_flux	41	46	1.4543749996228144	0.5625	2.001628209345216	1	0	-
grid	normalised_flux	41	47	1.4846874996437691	0.5625	2.1449860157424427	1	0	-
grid	normalised_flux	41	48	1.5149999996647239	0.5625	2.3019527261505117	1	0	-
grid	normalised_flux	41	49	1.5453124996856786	0.5625	2.4780389692650147	1	0	-
grid	normalised_flux	41	50	1.5756249997066334	0.5625	2.6849170203773727	0	0	-
grid	normalised_flux	41	51	1.6059374997275881	0.5625	2.8594399470640894	0	0	-
grid	normalised_flux	41	52	1.6362499997485429	0.5625	2.961152735568767	0	0	-
grid	normalised_flux	41	53	1.6665624997694977	0.5625	2.9918748560737281	0	0	-
grid	normalised_flux	41	54	1.6968749997904524	0.5625	2.938681842083489	0	0	-
grid	normalised_flux	41	55	1.7271874998114072	0.5625	2.835217941700146	0	0	-
grid	normalised_flux	41	56	1.7574999998323619	0.5625	2.737408032565896	0	0	-
grid	normalised_flux	41	57	1.7878124998533167	0.5625	2.6522273200321682	0	0	-
grid	normalised_flux	41	58	1.8181249998742715	0.5625	2.5789502566593212	0	0	-
grid	normalised_flux	41	59	1.8484374998952262	0.5625	2.5152602554901091	0	0	-
grid	normalised_flux	41	60	1.878749999916181	0.5625	2.4590533998453297	0	0	-
grid	normalised_flux	41	61	1.9090624999371357	0.5625	2.4086737098189057	0	0	-
grid	normalised_flux	41	62	1.9393749999580905	0.5625	2.3628620634343225	0	0	-
grid	normalised_flux	41	63	1.9696874999790452	0.5625	2.3206696094599915	0	0	-
grid	normalised_flux	41	64	2	0.5625	2.2814118154384664	0	0	-
grid	normalised_flux	42	0	0.059999998658895493	0.625	0.76194979101584859	0	0	-
grid	normalised_flux	42	1	0.09031249867985025	0.625	0.87163985114409726	0	0	-
grid	normalised_flux	42	2	0.12062499870080501	0.625	1.0218852432129106	0	0	-
grid	normalised_flux	42	3	0.15093749872175977	0.625	1.1217234476529436	0	0	-
grid	normalised_flux	42	4	0.18124999874271452	0.625	1.1181187339111729	0	0	-
grid	normalised_flux	42	5	0.21156249876366928	0.625	1.0977739735537864	1	0	-
grid	normalised_flux	42	6	0.24187499878462404	0.625	1.0743531844739493	1	0	-
grid	normalised_flux	42	7	0.2721874988055788	0.625	1.0478506226753133	1	0	-
grid	normalised_flux	42	8	0.30249999882653356	0.625	1.0182808380329271	1	0	-
grid	normalised_flux	42	9	0.33281249884748831	0.625	0.98565472515143626	1	1	-
grid	normalised_flux	42	10	0.36312499886844307	0.625	0.95018989129747999	1	1	-
grid	normalised_flux	42	11	0.39343749888939783	0.625	0.91239278130616863	1	1	-
grid	normalised_flux	42	12	0.42374999891035259	0.625	0.87284258938785753	1	1	-
grid	normalised_flux	42	13	0.45406249893130735	0.625	0.83217959311903422	1	1	-
grid	normalised_flux	42	14	0.4843749989522621	0.625	0.79109314326813351	1	1	-
grid	normalised_flux	42	15	0.51468749897321686	0.625	0.75030756489540973	1	1	-
grid	normalised_flux	42	16	0.54499999899417162	0.625	0.71056747099863371	1	1	-
grid	normalised_flux	42	17	0.57531249901512638	0.625	0.67262310768253342	1	1	-
grid	normalised_flux	42	18	0.60562499903608114	0.625	0.63721640916869038	1	1	-
grid	normalised_flux	42	19	0.63593749905703589	0.625	0.60506852255346943	1	1	-
grid	normalised_flux	42	20	0.66624999907799065	0.625	0.57686939310596064	1	1	-
grid	normalised_flux	42	21	0.69656249909894541	0.625	0.55326983400752505	1	1	-
grid	normalised_flux	42	22	0.72687499911990017	0.625	0.534876240376848	1	1	-
grid	normalised_flux	42	23	0.75718749914085492	0.625	0.52224777957751056	1	1	-
grid	normalised_flux	42	24	0.78749999916180968	0.625	0.51589566728456571	1	1	-
grid	normalised_flux	42	25	0.81781249918276444	0.625	0.51628363626109897	1	1	-
grid	normalised_flux	42	26	0.8481249992037192	0.625	0.52382847040747682	1	1	-
grid	normalised_flux	42	27	0.87843749922467396	0.625	0.53889917401807208	1	1	-
grid	normalised_flux	42	28	0.90874999924562871	0.625	0.56181264004848119	1	1	-
grid	normalised_flux	42	29	0.93906249926658347	0.625	0.59282377020444776	1	1	-
grid	normalised_flux	42	30	0.96937499928753823	0.625	0.63210777714319544	1	1	-
grid	normalised_flux	42	31	0.99968749930849299	0.625	0.67973268204979309	1	1	-
grid	normalised_flux	42	32	1.0299999993294477	0.625	0.73561641008488154	1	1	-
grid	normalised_flux	42	33	1.0603124993504025	0.625	0.79946602670635492	1	1	-
grid	normalised_flux	42	34	1.0906249993713573	0.625	0.87071324009672135	1	1	-
grid	normalised_flux	42	35	1.120937499392312	0.625	0.94843054319264519	1	1	-
grid	normalised_flux	42	36	1.1512499994132668	0.625	1.0311802398170693	1	0	-
grid	normalised_flux	42	37	1.1815624994342215	0.625	1.1176613029292055	1	0	-
grid	normalised_flux	42	38	1.2118749994551763	0.625	1.2076715770873032	1	0	-
grid	normalised_flux	42	39	1.2421874994761311	0.625	1.3011093555791509	1	0	-
grid	normalised_flux	42	40	1.2724999994970858	0.625	1.3978633188060861	1	0	-
grid	normalised_flux	42	41	1.3028124995180406	0.625	1.4978476391201849	1	0	-
grid	normalised_flux	42	42	1.3331249995389953	0.625	1.6010168392610979	1	0	-
grid	normalised_flux	42	43	1.3634374995599501	0.625	1.7073763783989089	1	0	-
grid	normalised_flux	42	44	1.3937499995809048	0.625	1.8169894879645001	1	0	-
grid	normalised_flux	42	45	1.4240624996018596	0.625	1.9299669653750475	1	0	-
grid	normalised_flux	42	46	1.4543749996228144	0.625	2.0464140064645115	1	0	-
grid	normalised_flux	42	47	1.4846874996437691	0.625	2.1662716521959893	1	0	-
grid	normalised_flux	42	48	1.5149999996647239	0.625	2.2889131898438739	1	0	-
grid	normalised_flux	42	49	1.5453124996856786	0.625	2.4121430836136457	1	0	-
grid	normalised_flux	42	50	1.5756249997066334	0.625	2.530111666611996	0	0	-
grid	normalised_flux	42	51	1.6059374997275881	0.625	2.6293489351034274	0	0	-
grid	normalised_flux	42	52	1.6362499997485429	0.625	2.696977134099956	0	0	-
grid	normalised_flux	42	53	1.6665624997694977	0.625	2.7274256315061143	0	0	-
grid	normalised_flux	42	54	1.6968749997904524	0.625	2.721580047122607	0	0	-
grid	normalised_flux	42	55	1.7271874998114072	0.625	2.6900157902934345	0	0	-
grid	normalised_flux	42	56	1.7574999998323619	0.625	2.6461441905434544	0	0	-
grid	normalised_flux	42	57	1.7878124998533167	0.625	2.5973187025043303	0	0	-
grid	normalised_flux	42	58	1.8181249998742715	0.625	2.5476732945896825	0	0	-
grid	normalised_flux	42	59	1.8484374998952262	0.625	2.4991928260998462	0	0	-
grid	normalised_flux	42	60	1.878749999916181	0.625	2.4527008247097042	0	0	-
grid	normalised_flux	42	61	1.9090624999371357	0.625	2.4084314176092794	0	0	-
grid	normalised_flux	42	62	1.9393749999580905	0.625	2.3663432100480253	0	0	-
grid	normalised_flux	42	63	1.9696874999790452	0.625	2.3262782183908239	0	0	-
grid	normalised_flux	42	64	2	0.625	2.2879096519693625	0	0	-
grid	normalised_flux	43	0	0.059999998658895493	0.6875	0.76250602110856947	0	0	-
grid	normalised_flux	43	1	0.09031249867985025	0.6875	0.87290623619037644	0	0	-
grid	normalised_flux	43	2	0.12062499870080501	0.6875	1.0243541884865344	0	0	-
grid	normalised_flux	43	3	0.15093749872175977	0.6875	1.1255263530042741	0	0	-
grid	normalised_flux	43	4	0.18124999874271452	0.6875	1.1233508499904084	0	0	-
grid	normalised_flux	43	5	0.21156249876366928	0.6875	1.1049871037787757	1	0	-
grid	normalised_flux	43	6	0.24187499878462404	0.6875	1.0839188372366477	1	0	-
grid	normalised_flux	43	7	0.2721874988055788	0.6875	1.0601672699207847	1	0	-
grid	normalised_flux	43	8	0.30249999882653356	0.6875	1.0337828635511768	1	0	-
grid	normalised_flux	43	9	0.33281249884748831	0.6875	1.0048218713152086	1	0	-
grid	normalised_flux	43	10	0.36312499886844307	0.6875	0.97335167836012992	1	1	-
grid	normalised_flux	43	11	0.39343749888939783	0.6875	0.93978948395794393	1	1	-
grid	normalised_flux	43	12	0.42374999891035259	0.6875	0.90467569847588991	1	1	-
grid	normalised_flux	43	13	0.45406249893130735	0.6875	0.86861220728345379	1	1	-
grid	normalised_flux	43	14	0.4843749989522621	0.6875	0.83224890084357461	1	1	-
grid	normalised_flux	43	15	0.51468749897321686	0.6875	0.79627179508383228	1	1	-
grid	normalised_flux	43	16	0.54499999899417162	0.6875	0.76138956742153374	1	1	-
grid	normalised_flux	43	17	0.57531249901512638	0.6875	0.72832035981342558	1	1	-
grid	normalised_flux	43	18	0.60562499903608114	0.6875	0.697778879982899	1	1	-
grid	normalised_flux	43	19	0.63593749905703589	0.6875	0.67046466531691462	1	1	-
grid	normalised_flux	43	20	0.66624999907799065	0.6875	0.64705189921441597	1	1	-
grid	normalised_flux	43	21	0.69656249909894541	0.6875	0.62818107324245709	1	1	-
grid	normalised_flux	43	22	0.72687499911990017	0.6875	0.61445260450596106	1	1	-
grid	normalised_flux	43	23	0.75718749914085492	0.6875	0.60642214157735741	1	1	-
grid	normalised_flux	43	24	0.78749999916180968	0.6875	0.6045970460762975	1	1	-
grid	normalised_flux	43	25	0.81781249918276444	0.6875	0.60943315870476777	1	1	-
grid	normalised_flux	43	26	0.8481249992037192	0.6875	0.62133046454736618	1	1	-
grid	normalised_flux	43	27	0.87843749922467396	0.6875	0.64062620383601165	1	1	-
grid	normalised_flux	43	28	0.90874999924562871	0.6875	0.66758354194681513	1	1	-
grid	normalised_flux	43	29	0.93906249926658347	0.6875	0.70237416755370263	1	1	-
grid	normalised_flux	43	30	0.96937499928753823	0.6875	0.74505098342676668	1	1	-
grid	normalised_flux	43	31	0.99968749930849299	0.6875	0.79550721457809181	1	1	-
grid	normalised_flux	43	32	1.0299999993294477	0.6875	0.85342969749599262	1	1	-
grid	normalised_flux	43	33	1.0603124993504025	0.6875	0.91824712409733211	1	1	-
grid	normalised_flux	43	34	1.0906249993713573	0.6875	0.98903107943505464	1	1	-
grid	normalised_flux	43	35	1.120937499392312	0.6875	1.0642694802058326	1	0	-
grid	normalised_flux	43	36	1.1512499994132668	0.6875	1.143575176308645	1	0	-
grid	normalised_flux	43	37	1.1815624994342215	0.6875	1.2266547254837334	1	0	-
grid	normalised_flux	43	38	1.2118749994551763	0.6875	1.3132503599610603	1	0	-
grid	normalised_flux	43	39	1.2421874994761311	0.6875	1.403058644826062	1	0	-
grid	normalised_flux	43	40	1.2724999994970858	0.6875	1.4957441022093356	1	0	-
grid	normalised_flux	43	41	1.3028124995180406	0.6875	1.5909268688151459	1	0	-
grid	normalised_flux	43	42	1.3331249995389953	0.6875	1.6881742460755569	1	0	-
grid	normalised_flux	43	43	1.3634374995599501	0.6875	1.7869903514627943	1	0	-
grid	normalised_flux	43	44	1.3937499995809048	0.6875	1.8867958483533693	1	0	-
grid	normalised_flux	43	45	1.4240624996018596	0.6875	1.9868894944822744	1	0	-
grid	normalised_flux	43	46	1.4543749996228144	0.6875	2.0863704793146587	1	0	-
grid	normalised_flux	43	47	1.4846874996437691	0.6875	2.1840064545429385	1	0	-
grid	normalised_flux	43	48	1.5149999996647239	0.6875	2.2780126987891514	1	0	-
grid	normalised_flux	43	49	1.5453124996856786	0.6875	2.3657680508764272	1	0	-
grid	normalised_flux	43	50	1.5756249997066334	0.6875	2.4436030940297422	0	0	-
grid	normalised_flux	43	51	1.6059374997275881	0.6875	2.5076798892671435	0	0	-
grid	normalised_flux	43	52	1.6362499997485429	0.6875	2.554524885342	0	0	-
grid	normalised_flux	43	53	1.6665624997694977	0.6875	2.5822259485937011	0	0	-
grid	normalised_flux	43	54	1.6968749997904524	0.6875	2.5914575476183228	0	0	-
grid	normalised_flux	43	55	1.7271874998114072	0.6875	2.5847631809644147	0	0	-
grid	normalised_flux	43	56	1.7574999998323619	0.6875	2.5657941314681136	0	0	-
grid	normalised_flux	43	57	1.7878124998533167	0.6875	2.5384899261459735	0	0	-
grid	normalised_flux	43	58	1.8181249998742715	0.6875	2.5059342840296064	0	0	-
grid	normalised_flux	43	59	1.8484374998952262	0.6875	2.4703761933093076	0	0	-
grid	normalised_flux	43	60	1.878749999916181	0.6875	2.4333451710293899	0	0	-
grid	normalised_flux	43	61	1.9090624999371357	0.6875	2.3958320328245182	0	0	-
grid	normalised_flux	43	62	1.9393749999580905	0.6875	2.358454092153544	0	0	-
grid	normalised_flux	43	63	1.9696874999790452	0.6875	2.321578015361915	0	0	-
grid	normalised_flux	43	64	2	0.6875	2.2854616651617552	0	0	-
grid	normalised_flux	44	0	0.059999998658895493	0.75	0.76302953178407151	0	0	-
grid	normalised_flux	44	1	0.09031249867985025	0.75	0.87409907672141995	0	0	-
grid	normalised_flux	44	2	0.12062499870080501	0.75	1.02625485788997	0	0	-
grid	normalised_flux	44	3	0.15093749872175977	0.75	1.128662337655556	0	0	-
grid	normalised_flux	44	4	0.18124999874271452	0.75	1.1282843732015893	0	0	-
grid	normalised_flux	44	5	0.21156249876366928	0.75	1.1117927425603025	1	0	-
grid	normalised_flux	44	6	0.24187499878462404	0.75	1.0929474500762457	1	0	-
grid	normalised_flux	44	7	0.2721874988055788	0.75	1.0718021142938494	1	0	-
grid	normalised_flux	44	8	0.30249999882653356	0.75	1.0484438208437097	1	0	-
grid	normalised_flux	44	9	0.33281249884748831	0.75	1.0229680814667679	1	0	-
grid	normalised_flux	44	10	0.36312499886844307	0.75	0.99547759976716399	1	1	-
grid	normalised_flux	44	11	0.39343749888939783	0.75	0.96615760775938908	1	1	-
grid	normalised_flux	44	12	0.42374999891035259	0.75	0.93551782578060327	1	1	-
grid	normalised_flux	44	13	0.45406249893130735	0.75	0.90412047714285837	1	1	-
grid	normalised_flux	44	14	0.4843749989522621	0.75	0.87257617002001331	1	1	-
grid	normalised_flux	44	15	0.51468749897321686	0.75	0.84153110400132014	1	1	-
grid	normalised_flux	44	16	0.54499999899417162	0.75	0.81165539221454941	1	1	-
grid	normalised_flux	44	17	0.57531249901512638	0.75	0.78363077819330229	1	1	-
grid	normalised_flux	44	18	0.60562499903608114	0.75	0.75813880371924236	1	1	-
grid	normalised_flux	44	19	0.63593749905703589	0.75	0.73584961158954276	1	1	-
grid	normalised_flux	44	20	0.66624999907799065	0.75	0.71741187582163479	1	1	-
grid	normalised_flux	44	21	0.69656249909894541	0.75	0.70344390973323978	1	1	-
grid	normalised_flux	44	22	0.72687499911990017	0.75	0.69452603942242352	1	1	-
grid	normalised_flux	44	23	0.75718749914085492	0.75	0.69119380354051385	1	1	-
grid	normalised_flux	44	24	0.78749999916180968	0.75	0.69393136223430629	1	1	-
grid	normalised_flux	44	25	0.81781249918276444	0.75	0.70316421034077903	1	1	-
grid	normalised_flux	44	26	0.8481249992037192	0.75	0.71924995465328501	1	1	-
grid	normalised_flux	44	27	0.87843749922467396	0.75	0.7424656628882722	1	1	-
grid	normalised_flux	44	28	0.90874999924562871	0.75	0.77298928322188631	1	1	-
grid	normalised_flux	44	29	0.93906249926658347	0.75	0.81087181142336562	1	1	-
grid	normalised_flux	44	30	0.96937499928753823	0.75	0.8560034944385061	1	1	-
grid	normalised_flux	44	31	0.99968749930849299	0.75	0.90807835171799856	1	1	-
grid	normalised_flux	44	32	1.0299999993294477	0.75	0.96652465387318864	1	1	-
grid	normalised_flux	44	33	1.0603124993504025	0.75	1.0303745137837637	1	0	-
grid	normalised_flux	44	34	1.0906249993713573	0.75	1.0988657126284322	1	0	-
grid	normalised_flux	44	35	1.120937499392312	0.75	1.1717841322623044	1	0	-
grid	normalised_flux	44	36	1.1512499994132668	0.75	1.2488947198099942	1	0	-
grid	normalised_flux	44	37	1.1815624994342215	0.75	1.3299126490062672	1	0	-
grid	normalised_flux	44	38	1.2118749994551763	0.75	1.4144800356488554	1	0	-
grid	normalised_flux	44	39	1.2421874994761311	0.75	1.5021647508223528	1	0	-
grid	normalised_flux	44	40	1.2724999994970858	0.75	1.5924360682525383	1	0	-
grid	normalised_flux	44	41	1.3028124995180406	0.75	1.6846463879543554	1	0	-
grid	normalised_flux	44	42	1.3331249995389953	0.75	1.7780133871192925	1	0	-
grid	normalised_flux	44	43	1.3634374995599501	0.75	1.8716044496128805	1	0	-
grid	normalised_flux	44	44	1.3937499995809048	0.75	1.9643242285611151	1	0	-
grid	normalised_flux	44	45	1.4240624996018596	0.75	2.0549127475086841	1	0	-
grid	normalised_flux	44	46	1.4543749996228144	0.75	2.1419811935863011	1	0	-
grid	normalised_flux	44	47	1.4846874996437691	0.75	2.2240356530328085	1	0	-
grid	normalised_flux	44	48	1.5149999996647239	0.75	2.2994950552498867	1	0	-
grid	normalised_flux	44	49	1.5453124996856786	0.75	2.366698103574508	1	0	-
grid	normalised_flux	44	50	1.5756249997066334	0.75	2.4240066672132166	0	0	-
grid	normalised_flux	44	51	1.6059374997275881	0.75	2.4698819247970363	0	0	-
grid	normalised_flux	44	52	1.6362499997485429	0.75	2.5032690697237134	0	0	-
grid	normalised_flux	44	53	1.6665624997694977	0.75	2.5238697939514578	0	0	-
grid	normalised_flux	44	54	1.6968749997904524	0.75	2.5321525417444937	0	0	-
grid	normalised_flux	44	55	1.7271874998114072	0.75	2.5293931448868965	0	0	-
grid	normalised_flux	44	56	1.7574999998323619	0.75	2.5173721473047386	0	0	-
grid	normalised_flux	44	57	1.7878124998533167	0.75	2.4979817448200663	0	0	-
grid	normalised_flux	44	58	1.8181249998742715	0.75	2.4730674217474253	0	0	-
grid	normalised_flux	44	59	1.8484374998952262	0.75	2.4442287623923757	0	0	-
grid	normalised_flux	44	60	1.878749999916181	0.75	2.4127602071883221	0	0	-
grid	normalised_flux	44	61	1.9090624999371357	0.75	2.37965788852688	0	0	-
grid	normalised_flux	44	62	1.9393749999580905	0.75	2.3456585570141248	0	0	-
grid	normalised_flux	44	63	1.9696874999790452	0.75	2.311291229966685	0	0	-
grid	normalised_flux	44	64	2	0.75	2.2770528342753091	0	0	-
grid	normalised_flux	45	0	0.059999998658895493	0.8125	0.76350111507109286	0	0	-
grid	normalised_flux	45	1	0.09031249867985025	0.8125	0.87517728654846727	0	0	-
grid	normalised_flux	45	2	0.12062499870080501	0.8125	1.0284450531920171	0	0	-
grid	normalised_flux	45	3	0.15093749872175977	0.8125	1.1319926212907729	0	0	-
grid	normalised_flux	45	4	0.18124999874271452	0.8125	1.132769389987113	0	0	-
grid	normalised_flux	45	5	0.21156249876366928	0.8125	1.1179460342523522	1	0	-
grid	normalised_flux	45	6	0.24187499878462404	0.8125	1.1010928166673495	1	0	-
grid	normalised_flux	45	7	0.2721874988055788	0.8125	1.0822992676214773	1	0	-
grid	normalised_flux	45	8	0.30249999882653356	0.8125	1.0616932741078258	1	0	-
grid	normalised_flux	45	9	0.33281249884748831	0.8125	1.0394096776274617	1	0	-
grid	normalised_flux	45	10	0.36312499886844307	0.8125	1.0155927901547712	1	0	-
grid	normalised_flux	45	11	0.39343749888939783	0.8125	0.99039812683057238	1	1	-
grid	normalised_flux	45	12	0.42374999891035259	0.8125	0.96412992957718069	1	1	-
grid	normalised_flux	45	13	0.45406249893130735	0.8125	0.93731935190821491	1	1	-
grid	normalised_flux	45	14	0.4843749989522621	0.8125	0.91053756542756015	1	1	-
grid	normalised_flux	45	15	0.51468749897321686	0.8125	0.88439044307241521	1	1	-
grid	normalised_flux	45	16	0.54499999899417162	0.8125	0.85950662014567636	1	1	-
grid	normalised_flux	45	17	0.57531249901512638	0.8125	0.83652663531457383	1	1	-
grid	normalised_flux	45	18	0.60562499903608114	0.8125	0.81609190546065591	1	1	-
grid	normalised_flux	45	19	0.63593749905703589	0.8125	0.79883398535603733	1	1	-
grid	normalised_flux	45	20	0.66624999907799065	0.8125	0.78536443259546085	1	1	-
grid	normalised_flux	45	21	0.69656249909894541	0.8125	0.77626530151969531	1	1	-
grid	normalised_flux	45	22	0.72687499911990017	0.8125	0.77208007031221182	1	1	-
grid	normalised_flux	45	23	0.75718749914085492	0.8125	0.77330468677347053	1	1	-
grid	normalised_flux	45	24	0.78749999916180968	0.8125	0.78037812158312325	1	1	-
grid	normalised_flux	45	25	0.81781249918276444	0.8125	0.79367123634014769	1	1	-
grid	normalised_flux	45	26	0.8481249992037192	0.8125	0.8134723582992891	1	1	-
grid	normalised_flux	45	27	0.87843749922467396	0.8125	0.83996796558994902	1	1	-
grid	normalised_flux	45	28	0.90874999924562871	0.8125	0.87321898729736569	1	1	-
grid	normalised_flux	45	29	0.93906249926658347	0.8125	0.91313560820590167	1	1	-
grid	normalised_flux	45	30	0.96937499928753823	0.8125	0.95943174406765031	1	1	-
grid	normalised_flux	45	31	0.99968749930849299	0.8125	1.0115487556343976	1	0	-
grid	normalised_flux	45	32	1.0299999993294477	0.8125	1.0687505806302093	1	0	-
grid	normalised_flux	45	33	1.0603124993504025	0.8125	1.1309965838412459	1	0	-
grid	normalised_flux	45	34	1.0906249993713573	0.8125	1.1981256722789941	1	0	-
grid	normalised_flux	45	35	1.120937499392312	0.8125	1.2699832564879983	1	0	-
grid	normalised_flux	45	36	1.1512499994132668	0.8125	1.346357188371702	1	0	-
grid	normalised_flux	45	37	1.1815624994342215	0.8125	1.4269693350821033	1	0	-
grid	normalised_flux	45	38	1.2118749994551763	0.8125	1.511451985910784	1	0	-
grid	normalised_flux	45	39	1.2421874994761311	0.8125	1.5993149073842301	1	0	-
grid	normalised_flux	45	40	1.2724999994970858	0.8125	1.6899102621621647	1	0	-
grid	normalised_flux	45	41	1.3028124995180406	0.8125	1.7823941100206961	1	0	-
grid	normalised_flux	45	42	1.3331249995389953	0.8125	1.875691991345269	1	0	-
grid	normalised_flux	45	43	1.3634374995599501	0.8125	1.9684786095237454	1	0	-
grid	normalised_flux	45	44	1.3937499995809048	0.8125	2.0591784955410208	1	0	-
grid	normalised_flux	45	45	1.4240624996018596	0.8125	2.1459310692904925	1	0	-
grid	normalised_flux	45	46	1.4543749996228144	0.8125	2.2264312318076125	1	0	-
grid	normalised_flux	45	47	1.4846874996437691	0.8125	2.298871665497376	1	0	-
grid	normalised_flux	45	48	1.5149999996647239	0.8125	2.3622126595495865	1	0	-
grid	normalised_flux	45	49	1.5453124996856786	0.8125	2.4154533344682076	1	0	-
grid	normalised_flux	45	50	1.5756249997066334	0.8125	2.4578628260566471	0	0	-
grid	normalised_flux	45	51	1.6059374997275881	0.8125	2.4891846007920164	0	0	-
grid	normalised_flux	45	52	1.6362499997485429	0.8125	2.5096381647827228	0	0	-
grid	normalised_flux	45	53	1.6665624997694977	0.8125	2.5197948795168283	0	0	-
grid	normalised_flux	45	54	1.6968749997904524	0.8125	2.5205817595455846	0	0	-
grid	normalised_flux	45	55	1.7271874998114072	0.8125	2.5131468446020651	0	0	-
grid	normalised_flux	45	56	1.7574999998323619	0.8125	2.498759890176689	0	0	-
grid	normalised_flux	45	57	1.7878124998533167	0.8125	2.4787274892901765	0	0	-
grid	normalised_flux	45	58	1.8181249998742715	0.8125	2.4542787622191065	0	0	-
grid	normalised_flux	45	59	1.8484374998952262	0.8125	2.4265127585789315	0	0	-
grid	normalised_flux	45	60	1.878749999916181	0.8125	2.3963659871297454	0	0	-
grid	normalised_flux	45	61	1.9090624999371357	0.8125	2.3646046305250299	0	0	-
grid	normalised_flux	45	62	1.9393749999580905	0.8125	2.3318342294046754	0	0	-
grid	normalised_flux	45	63	1.9696874999790452	0.8125	2.2985200000018988	0	0	-
grid	normalised_flux	45	64	2	0.8125	2.264997942367589	0	0	-
grid	normalised_flux	46	0	0.059999998658895493	0.875	0.76389127364954013	0	0	-
grid	normalised_flux	46	1	0.09031249867985025	0.875	0.87607914144628996	0	0	-
grid	normalised_flux	46	2	0.12062499870080501	0.875	1.0298261282810977	0	0	-
grid	normalised_flux	46	3	0.15093749872175977	0.875	1.1344288827504609	0	0	-
grid	normalised_flux	46	4	0.18124999874271452	0.875	1.1367565304610059	0	0	-
grid	normalised_flux	46	5	0.21156249876366928	0.875	1.1231901605057715	1	0	-
grid	normalised_flux	46	6	0.24187499878462404	0.875	1.1079582689645753	1	0	-
grid	normalised_flux	46	7	0.2721874988055788	0.875	1.0911526173658668	1	0	-
grid	normalised_flux	46	8	0.30249999882653356	0.875	1.0729219324911432	1	0	-
grid	normalised_flux	46	9	0.33281249884748831	0.875	1.0534302980047019	1	0	-
grid	normalised_flux	46	10	0.36312499886844307	0.875	1.0328554692315715	1	0	-
grid	normalised_flux	46	11	0.39343749888939783	0.875	1.0113893003969101	1	0	-
grid	normalised_flux	46	12	0.42374999891035259	0.875	0.98924204075550537	1	1	-
grid	normalised_flux	46	13	0.45406249893130735	0.875	0.96678223175904954	1	1	-
grid	normalised_flux	46	14	0.4843749989522621	0.875	0.94454553667036101	1	1	-
grid	normalised_flux	46	15	0.51468749897321686	0.875	0.92309425000805823	1	1	-
grid	normalised_flux	46	16	0.54499999899417162	0.875	0.90301224188035079	1	1	-
grid	normalised_flux	46	17	0.57531249901512638	0.875	0.88489304275294467	1	1	-
grid	normalised_flux	46	18	0.60562499903608114	0.875	0.86932994573632405	1	1	-
grid	normalised_flux	46	19	0.63593749905703589	0.875	0.85690536120408978	1	1	-
grid	normalised_flux	46	20	0.66624999907799065	0.875	0.84818064612173671	1	1	-
grid	normalised_flux	46	21	0.69656249909894541	0.875	0.84368579096230123	1	1	-
grid	normalised_flux	46	22	0.72687499911990017	0.875	0.84390915409305078	1	1	-
grid	normalised_flux	46	23	0.75718749914085492	0.875	0.84928644849322865	1	1	-
grid	normalised_flux	46	24	0.78749999916180968	0.875	0.86018790083659646	1	1	-
grid	normalised_flux	46	25	0.81781249918276444	0.875	0.87690352359996848	1	1	-
grid	normalised_flux	46	26	0.8481249992037192	0.875	0.89962625097475857	1	1	-
grid	normalised_flux	46	27	0.87843749922467396	0.875	0.92843194168960752	1	1	-
grid	normalised_flux	46	28	0.90874999924562871	0.875	0.9632503623346127	1	1	-
grid	normalised_flux	46	29	0.93906249926658347	0.875	1.0038133964520997	1	0	-
grid	normalised_flux	46	30	0.96937499928753823	0.875	1.0495949699301792	1	0	-
grid	normalised_flux	46	31	0.99968749930849299	0.875	1.1006776823857694	1	0	-
grid	normalised_flux	46	32	1.0299999993294477	0.875	1.157016032822999	1	0	-
grid	normalised_flux	46	33	1.0603124993504025	0.875	1.2186052029308811	1	0	-
grid	normalised_flux	46	34	1.0906249993713573	0.875	1.2854167575539368	1	0	-
grid	normalised_flux	46	35	1.120937499392312	0.875	1.3573913578869081	1	0	-
grid	normalised_flux	46	36	1.1512499994132668	0.875	1.4344306439262009	1	0	-
grid	normalised_flux	46	37	1.1815624994342215	0.875	1.5163712203376587	1	0	-
grid	normalised_flux	46	38	1.2118749994551763	0.875	1.6029557465906414	1	0	-
grid	normalised_flux	46	39	1.2421874994761311	0.875	1.6937844690218917	1	0	-
grid	normalised_flux	46	40	1.2724999994970858	0.875	1.7882529862965812	1	0	-
grid	normalised_flux	46	41	1.3028124995180406	0.875	1.8854697922045236	1	0	-
grid	normalised_flux	46	42	1.3331249995389953	0.875	1.9841608588613224	1	0	-
grid	normalised_flux	46	43	1.3634374995599501	0.875	2.0825836191762699	1	0	-
grid	normalised_flux	46	44	1.3937499995809048	0.875	2.1784921231058991	1	0	-
grid	normalised_flux	46	45	1.4240624996018596	0.875	2.2691876417871084	0	0	-
grid	normalised_flux	46	46	1.4543749996228144	0.875	2.3500796303031031	0	0	-
grid	normalised_flux	46	47	1.4846874996437691	0.875	2.4182028573486103	0	0	-
grid	normalised_flux	46	48	1.5149999996647239	0.875	2.4734866860098514	0	0	-
grid	normalised_flux	46	49	1.5453124996856786	0.875	2.5149313760958512	0	0	-
grid	normalised_flux	46	50	1.5756249997066334	0.875	2.5426478199658753	0	0	-
grid	normalised_flux	46	51	1.6059374997275881	0.875	2.5576957612107734	0	0	-
grid	normalised_flux	46	52	1.6362499997485429	0.875	2.5616506688456506	0	0	-
grid	normalised_flux	46	53	1.6665624997694977	0.875	2.5564535389259953	0	0	-
grid	normalised_flux	46	54	1.6968749997904524	0.875	2.5438968780810192	0	0	-
grid	normalised_flux	46	55	1.7271874998114072	0.875	2.5255320400353698	0	0	-
grid	normalised_flux	46	56	1.7574999998323619	0.875	2.5026487181180315	0	0	-
grid	normalised_flux	46	57	1.7878124998533167	0.875	2.4763007695103738	0	0	-
grid	normalised_flux	46	58	1.8181249998742715	0.875	2.4473534964061807	0	0	-
grid	normalised_flux	46	59	1.8484374998952262	0.875	2.4165155465533577	0	0	-
grid	normalised_flux	46	60	1.878749999916181	0.875	2.3843637880810937	0	0	-
grid	normalised_flux	46	61	1.9090624999371357	0.875	2.3513630574542521	0	0	-
grid	normalised_flux	46	62	1.9393749999580905	0.875	2.3178815400916939	0	0	-
grid	normalised_flux	46	63	1.9696874999790452	0.875	2.2842046319111846	0	0	-
grid	normalised_flux	46	64	2	0.875	2.2507033665942369	0	0	-
grid	normalised_flux	47	0	0.059999998658895493	0.9375	0.76414968227867464	0	0	-
grid	normalised_flux	47	1	0.09031249867985025	0.9375	0.87668394628499435	0	0	-
grid	normalised_flux	47	2	0.12062499870080501	0.9375	1.031223960648783	0	0	-
grid	normalised_flux	47	3	0.15093749872175977	0.9375	1.1365451419011574	0	0	-
grid	normalised_flux	47	4	0.18124999874271452	0.9375	1.1395048190942592	0	0	-
grid	normalised_flux	47	5	0.21156249876366928	0.9375	1.1269419870135362	1	0	-
grid	normalised_flux	47	6	0.24187499878462404	0.9375	1.1129786167156084	1	0	-
grid	normalised_flux	47	7	0.2721874988055788	0.9375	1.0977569314489164	1	0	-
grid	normalised_flux	47	8	0.30249999882653356	0.9375	1.0814595523205199	1	0	-
grid	normalised_flux	47	9	0.33281249884748831	0.9375	1.0642817752062819	1	0	-
grid	normalised_flux	47	10	0.36312499886844307	0.9375	1.0464311197759482	1	0	-
grid	normalised_flux	47	11	0.39343749888939783	0.9375	1.0281277804680673	1	0	-
grid	normalised_flux	47	12	0.42374999891035259	0.9375	1.0096060743568398	1	0	-
grid	normalised_flux	47	13	0.45406249893130735	0.9375	0.99112108709830538	1	1	-
grid	normalised_flux	47	14	0.4843749989522621	0.9375	0.97306004000005131	1	1	-
grid	normalised_flux	47	15	0.51468749897321686	0.9375	0.95594411765641341	1	1	-
grid	normalised_flux	47	16	0.54499999899417162	0.9375	0.94030658604247808	1	1	-
grid	normalised_flux	47	17	0.57531249901512638	0.9375	0.92668795046757324	1	1	-
grid	normalised_flux	47	18	0.60562499903608114	0.9375	0.9156245862601804	1	1	-
grid	normalised_flux	47	19	0.63593749905703589	0.9375	0.9076386036999976	1	1	-
grid	normalised_flux	47	20	0.66624999907799065	0.9375	0.90322745185925801	1	1	-
grid	normalised_flux	47	21	0.69656249909894541	0.9375	0.9028528103783855	1	1	-
grid	normalised_flux	47	22	0.72687499911990017	0.9375	0.90692888785359815	1	1	-
grid	normalised_flux	47	23	0.75718749914085492	0.9375	0.91580955718392842	1	1	-
grid	normalised_flux	47	24	0.78749999916180968	0.9375	0.92977560959585392	1	1	-
grid	normalised_flux	47	25	0.81781249918276444	0.9375	0.94901747518320612	1	1	-
grid	normalised_flux	47	26	0.8481249992037192	0.9375	0.97361514265547233	1	1	-
grid	normalised_flux	47	27	0.87843749922467396	0.9375	1.0034933941431081	1	0	-
grid	normalised_flux	47	28	0.90874999924562871	0.9375	1.0383940346366778	1	0	-
grid	normalised_flux	47	29	0.93906249926658347	0.9375	1.0784600469213295	1	0	-
grid	normalised_flux	47	30	0.96937499928753823	0.9375	1.1237345584407243	1	0	-
grid	normalised_flux	47	31	0.99968749930849299	0.9375	1.174312535018796	1	0	-
grid	normalised_flux	47	32	1.0299999993294477	0.9375	1.2302920993039179	1	0	-
grid	normalised_flux	47	33	1.0603124993504025	0.9375	1.2917791117246691	1	0	-
grid	normalised_flux	47	34	1.0906249993713573	0.9375	1.3588863634820829	1	0	-
grid	normalised_flux	47	35	1.120937499392312	0.9375	1.4317253165879542	1	0	-
grid	normalised_flux	47	36	1.1512499994132668	0.9375	1.5103975590768839	1	0	-
grid	normalised_flux	47	37	1.1815624994342215	0.9375	1.5949837442529773	1	0	-
grid	normalised_flux	47	38	1.2118749994551763	0.9375	1.6855095064801062	1	0	-
grid	normalised_flux	47	39	1.2421874994761311	0.9375	1.7819163614318085	1	0	-
grid	normalised_flux	47	40	1.2724999994970858	0.9375	1.8839813850844935	1	0	-
grid	normalised_flux	47	41	1.3028124995180406	0.9375	1.9911799274575983	1	0	-
grid	normalised_flux	47	42	1.3331249995389953	0.9375	2.1024550932229245	1	0	-
grid	normalised_flux	47	43	1.3634374995599501	0.9375	2.2158651267882759	1	0	-
grid	normalised_flux	47	44	1.3937499995809048	0.9375	2.3281694647919844	1	0	-
grid	normalised_flux	47	45	1.4240624996018596	0.9375	2.4347786066802297	0	0	-
grid	normalised_flux	47	46	1.4543749996228144	0.9375	2.5273283443481187	0	0	-
grid	normalised_flux	47	47	1.4846874996437691	0.9375	2.5996795324747755	0	0	-
grid	normalised_flux	47	48	1.5149999996647239	0.9375	2.6503351242101232	0	0	-
grid	normalised_flux	47	49	1.5453124996856786	0.9375	2.6780534669219151	0	0	-
grid	normalised_flux	47	50	1.5756249997066334	0.9375	2.6845066806712579	0	0	-
grid	normalised_flux	47	51	1.6059374997275881	0.9375	2.6739673493208533	0	0	-
grid	normalised_flux	47	52	1.6362499997485429	0.9375	2.6520281315306806	0	0	-
grid	normalised_flux	47	53	1.6665624997694977	0.9375	2.6230421220544158	0	0	-
grid	normalised_flux	47	54	1.6968749997904524	0.9375	2.5900985465647981	0	0	-
grid	normalised_flux	47	55	1.7271874998114072	0.9375	2.5550755494547879	0	0	-
grid	normalised_flux	47	56	1.7574999998323619	0.9375	2.5190397101456017	0	0	-
grid	normalised_flux	47	57	1.7878124998533167	0.9375	2.4825878346049954	0	0	-
grid	normalised_flux	47	58	1.8181249998742715	0.9375	2.4460603851620135	0	0	-
grid	normalised_flux	47	59	1.8484374998952262	0.9375	2.4096628164959792	0	0	-
grid	normalised_flux	47	60	1.878749999916181	0.9375	2.3735276677623141	0	0	-
grid	normalised_flux	47	61	1.9090624999371357	0.9375	2.3377466530184248	0	0	-
grid	normalised_flux	47	62	1.9393749999580905	0.9375	2.3023828138110165	0	0	-
grid	normalised_flux	47	63	1.9696874999790452	0.9375	2.2674777347748138	0	0	-
grid	normalised_flux	47	64	2	0.9375	2.2330843935951497	0	0	-
grid	normalised_flux	48	0	0.059999998658895493	1	0.76421827793755215	0	0	-
grid	normalised_flux	48	1	0.09031249867985025	1	0.87686141678375795	0	0	-
grid	normalised_flux	48	2	0.12062499870080501	1	1.0313600601325212	0	0	-
grid	normalised_flux	48	3	0.15093749872175977	1	1.1369699602757555	0	0	-
grid	normalised_flux	48	4	0.18124999874271452	1	1.1406250882664728	0	0	-
grid	normalised_flux	48	5	0.21156249876366928	1	1.1286733034667678	1	0	-
grid	normalised_flux	48	6	0.24187499878462404	1	1.1155563893580742	1	0	-
grid	normalised_flux	48	7	0.2721874988055788	1	1.1014525522403413	1	0	-
grid	normalised_flux	48	8	0.30249999882653356	1	1.0865872321025025	1	0	-
grid	normalised_flux	48	9	0.33281249884748831	1	1.0711900226498594	1	0	-
grid	normalised_flux	48	10	0.36312499886844307	1	1.0554949798658686	1	0	-
grid	normalised_flux	48	11	0.39343749888939783	1	1.039742544589433	1	0	-
grid	normalised_flux	48	12	0.42374999891035259	1	1.0241821296868101	1	0	-
grid	normalised_flux	48	13	0.45406249893130735	1	1.0090751581984414	1	0	-
grid	normalised_flux	48	14	0.4843749989522621	1	0.99470294353229094	1	1	-
grid	normalised_flux	48	15	0.51468749897321686	1	0.98143215203380429	1	1	-
grid	normalised_flux	48	16	0.54499999899417162	1	0.96974615761060756	1	1	-
grid	normalised_flux	48	17	0.57531249901512638	1	0.96012467889992315	1	1	-
grid	normalised_flux	48	18	0.60562499903608114	1	0.95303848624714005	1	1	-
grid	normalised_flux	48	19	0.63593749905703589	1	0.94893836468803705	1	1	-
grid	normalised_flux	48	20	0.66624999907799065	1	0.94824436175726989	1	1	-
grid	normalised_flux	48	21	0.69656249909894541	1	0.95133465552850394	1	1	-
grid	normalised_flux	48	22	0.72687499911990017	1	0.95853335455605471	1	1	-
grid	normalised_flux	48	23	0.75718749914085492	1	0.97009720598250981	1	1	-
grid	normalised_flux	48	24	0.78749999916180968	1	0.98619928923504352	1	1	-
grid	normalised_flux	48	25	0.81781249918276444	1	1.0068851290450491	1	0	-
grid	normalised_flux	48	26	0.8481249992037192	1	1.0321462280956142	1	0	-
grid	normalised_flux	48	27	0.87843749922467396	1	1.0621449610934441	1	0	-
grid	normalised_flux	48	28	0.90874999924562871	1	1.0969797829842225	1	0	-
grid	normalised_flux	48	29	0.93906249926658347	1	1.1367850130875294	1	0	-
grid	normalised_flux	48	30	0.96937499928753823	1	1.181701070752126	1	0	-
grid	normalised_flux	48	31	0.99968749930849299	1	1.2318837084740513	1	0	-
grid	normalised_flux	48	32	1.0299999993294477	1	1.2875236174378806	1	0	-
grid	normalised_flux	48	33	1.0603124993504025	1	1.3488599567643225	1	0	-
grid	normalised_flux	48	34	1.0906249993713573	1	1.4162036143218812	1	0	-
grid	normalised_flux	48	35	1.120937499392312	1	1.4898945302581148	1	0	-
grid	normalised_flux	48	36	1.1512499994132668	1	1.570288262694125	1	0	-
grid	normalised_flux	48	37	1.1815624994342215	1	1.6577470156972027	1	0	-
grid	normalised_flux	48	38	1.2118749994551763	1	1.7527279354230501	1	0	-
grid	normalised_flux	48	39	1.2421874994761311	1	1.8557953576451856	1	0	-
grid	normalised_flux	48	40	1.2724999994970858	1	1.9676144466350223	1	0	-
grid	normalised_flux	48	41	1.3028124995180406	1	2.0888924260091382	1	0	-
grid	normalised_flux	48	42	1.3331249995389953	1	2.2202203102678966	1	0	-
grid	normalised_flux	48	43	1.3634374995599501	1	2.361632373505214	1	0	-
grid	normalised_flux	48	44	1.3937499995809048	1	2.5112358502465146	1	0	-
grid	normalised_flux	48	45	1.4240624996018596	1	2.660618301805993	0	0	-
grid	normalised_flux	48	46	1.4543749996228144	1	2.7905909826947632	0	0	-
grid	normalised_flux	48	47	1.4846874996437691	1	2.8835656811503831	0	0	-
grid	normalised_flux	48	48	1.5149999996647239	1	2.9326689697402002	0	0	-
grid	normalised_flux	48	49	1.5453124996856786	1	2.9363111381358493	0	0	-
grid	normalised_flux	48	50	1.5756249997066334	1	2.898580202780161	0	0	-
grid	normalised_flux	48	51	1.6059374997275881	1	2.8357199954636672	0	0	-
grid	normalised_flux	48	52	1.6362499997485429	1	2.7670994617590599	0	0	-
grid	normalised_flux	48	53	1.6665624997694977	1	2.7015569505607586	0	0	-
grid	normalised_flux	48	54	1.6968749997904524	1	2.6410264322097112	0	0	-
grid	normalised_flux	48	55	1.7271874998114072	1	2.5854135342700353	0	0	-
grid	normalised_flux	48	56	1.7574999998323619	1	2.5340825245177263	0	0	-
grid	normalised_flux	48	57	1.7878124998533167	1	2.4863230462472883	0	0	-
grid	normalised_flux	48	58	1.8181249998742715	1	2.4414987975821858	0	0	-
grid	normalised_flux	48	59	1.8484374998952262	1	2.3990847487735025	0	0	-
grid	normalised_flux	48	60	1.878749999916181	1	2.3586641040531111	0	0	-
grid	normalised_flux	48	61	1.9090624999371357	1	2.3199098828685214	0	0	-
grid	normalised_flux	48	62	1.9393749999580905	1	2.2825632730867231	0	0	-
grid	normalised_flux	48	63	1.9696874999790452	1	2.2464059079043701	0	0	-
grid	normalised_flux	48	64	2	1	2.2111388146850537	0	0	-
grid	normalised_flux	49	0	0.059999998658895493	1.0625	0.76402648305119947	0	0	-
grid	normalised_flux	49	1	0.09031249867985025	1.0625	0.87646519971329395	0	0	-
grid	normalised_flux	49	2	0.12062499870080501	1.0625	1.0309702279175026	0	0	-
grid	normalised_flux	49	3	0.15093749872175977	1.0625	1.1364111786144087	0	0	-
grid	normalised_flux	49	4	0.18124999874271452	1.0625	1.1397559883891524	0	0	-
grid	normalised_flux	49	5	0.21156249876366928	1.0625	1.1278643968735	1	0	-
grid	normalised_flux	49	6	0.24187499878462404	1.0625	1.1150310273118482	1	0	-
grid	normalised_flux	49	7	0.2721874988055788	1.0625	1.1014859718554622	1	0	-
grid	normalised_flux	49	8	0.30249999882653356	1.0625	1.087492742270729	1	0	-
grid	normalised_flux	49	9	0.33281249884748831	1.0625	1.0733112425246754	1	0	-
grid	normalised_flux	49	10	0.36312499886844307	1.0625	1.0591941372500868	1	0	-
grid	normalised_flux	49	11	0.39343749888939783	1.0625	1.0453894863884612	1	0	-
grid	normalised_flux	49	12	0.42374999891035259	1.0625	1.0321455160299511	1	0	-
grid	normalised_flux	49	13	0.45406249893130735	1.0625	1.019716148790013	1	0	-
grid	normalised_flux	49	14	0.4843749989522621	1.0625	1.0083654898230865	1	0	-
grid	normalised_flux	49	15	0.51468749897321686	1.0625	0.99837508989235602	1	1	-
grid	normalised_flux	49	16	0.54499999899417162	1.0625	0.9900641442990622	1	1	-
grid	normalised_flux	49	17	0.57531249901512638	1.0625	0.98385032702565001	1	1	-
grid	normalised_flux	49	18	0.60562499903608114	1.0625	0.98013040105959159	1	1	-
grid	normalised_flux	49	19	0.63593749905703589	1.0625	0.97927407089316243	1	1	-
grid	normalised_flux	49	20	0.66624999907799065	1.0625	0.98161368130684756	1	1	-
grid	normalised_flux	49	21	0.69656249909894541	1.0625	0.98743341770678494	1	1	-
grid	normalised_flux	49	22	0.72687499911990017	1.0625	0.99695081615304815	1	1	-
grid	normalised_flux	49	23	0.75718749914085492	1.0625	1.0102807803081373	1	0	-
grid	normalised_flux	49	24	0.78749999916180968	1.0625	1.0275922833539033	1	0	-
grid	normalised_flux	49	25	0.81781249918276444	1.0625	1.0490514264740223	1	0	-
grid	normalised_flux	49	26	0.8481249992037192	1.0625	1.0747954721928152	1	0	-
grid	normalised_flux	49	27	0.87843749922467396	1.0625	1.1049750936045917	1	0	-
grid	normalised_flux	49	28	0.90874999924562871	1.0625	1.1397403704156086	1	0	-
grid	normalised_flux	49	29	0.93906249926658347	1.0625	1.1792458683457998	1	0	-
grid	normalised_flux	49	30	0.96937499928753823	1.0625	1.2236592076522563	1	0	-
grid	normalised_flux	49	31	0.99968749930849299	1.0625	1.2731665222993094	1	0	-
grid	normalised_flux	49	32	1.0299999993294477	1.0625	1.3279651494177227	1	0	-
grid	normalised_flux	49	33	1.0603124993504025	1.0625	1.3886642849177895	0	0	-
grid	normalised_flux	49	34	1.0906249993713573	1.0625	1.455668429567188	0	0	-
grid	normalised_flux	49	35	1.120937499392312	1.0625	1.5291966622349282	0	0	-
grid	normalised_flux	49	36	1.1512499994132668	1.0625	1.6098070525166941	0	0	-
grid	normalised_flux	49	37	1.1815624994342215	1.0625	1.6986855695098799	0	0	-
grid	normalised_flux	49	38	1.2118749994551763	1.0625	1.796249863461409	0	0	-
grid	normalised_flux	49	39	1.2421874994761311	1.0625	1.9036730388156964	0	0	-
grid	normalised_flux	49	40	1.2724999994970858	1.0625	2.0226738321992581	0	0	-
grid	normalised_flux	49	41	1.3028124995180406	1.0625	2.1556190549341094	0	0	-
grid	normalised_flux	49	42	1.3331249995389953	1.0625	2.3058926329354201	0	0	-
grid	normalised_flux	49	43	1.3634374995599501	1.0625	2.4785529857316755	0	0	-
grid	normalised_flux	49	44	1.3937499995809048	1.0625	2.681728295395978	0	0	-
grid	normalised_flux	49	45	1.4240624996018596	1.0625	2.928766660022303	0	0	-
grid	normalised_flux	49	46	1.4543749996228144	1.0625	3.1361285360172069	0	0	-
grid	normalised_flux	49	47	1.4846874996437691	1.0625	3.2615971642317265	0	0	-
grid	normalised_flux	49	48	1.5149999996647239	1.0625	3.3101682074739078	0	0	-
grid	normalised_flux	49	49	1.5453124996856786	1.0625	3.279535902184584	0	0	-
grid	normalised_flux	49	50	1.5756249997066334	1.0625	3.1587000681162016	0	0	-
grid	normalised_flux	49	51	1.6059374997275881	1.0625	2.9860526274439696	0	0	-
grid	normalised_flux	49	52	1.6362499997485429	1.0625	2.8550446980231587	0	0	-
grid	normalised_flux	49	53	1.6665624997694977	1.0625	2.7513757227288465	0	0	-
grid	normalised_flux	49	54	1.6968749997904524	1.0625	2.666037596212532	0	0	-
grid	normalised_flux	49	55	1.7271874998114072	1.0625	2.5935929850708788	0	0	-
grid	normalised_flux	49	56	1.7574999998323619	1.0625	2.5305379565889643	0	0	-
grid	normalised_flux	49	57	1.7878124998533167	1.0625	2.474503895545094	0	0	-
grid	normalised_flux	49	58	1.8181249998742715	1.0625	2.4238327333072465	0	0	-
grid	normalised_flux	49	59	1.8484374998952262	1.0625	2.3773354151601529	0	0	-
grid	normalised_flux	49	60	1.878749999916181	1.0625	2.3341434108790247	0	0	-
grid	normalised_flux	49	61	1.9090624999371357	1.0625	2.2936149119461975	0	0	-
grid	normalised_flux	49	62	1.9393749999580905	1.0625	2.2552726444832261	0	0	-
grid	normalised_flux	49	63	1.9696874999790452	1.0625	2.2187697850411432	0	0	-
grid	normalised_flux	49	64	2	1.0625	2.1839245195206392	0	0	-
grid	normalised_flux	50	0	0.059999998658895493	1.125	0.76345258779615344	0	0	-
grid	normalised_flux	50	1	0.09031249867985025	1.125	0.87523971097159792	0	0	-
grid	normalised_flux	50	2	0.12062499870080501	1.125	1.028781931457224	0	0	-
grid	normalised_flux	50	3	0.15093749872175977	1.125	1.1333960552416744	0	0	-
grid	normalised_flux	50	4	0.18124999874271452	1.125	1.1361951378922277	0	0	-
grid	normalised_flux	50	5	0.21156249876366928	1.125	1.1236575604070225	0	0	-
grid	normalised_flux	50	6	0.24187499878462404	1.125	1.1104618443649474	1	0	-
grid	normalised_flux	50	7	0.2721874988055788	1.125	1.0968427340796003	1	0	-
grid	normalised_flux	50	8	0.30249999882653356	1.125	1.0831389829224343	1	0	-
grid	normalised_flux	50	9	0.33281249884748831	1.125	1.0696332334906509	1	0	-
grid	normalised_flux	50	10	0.36312499886844307	1.125	1.0565749223860297	1	0	-
grid	normalised_flux	50	11	0.39343749888939783	1.125	1.0441966102541347	1	0	-
grid	normalised_flux	50	12	0.42374999891035259	1.125	1.0327237608194224	1	0	-
grid	normalised_flux	50	13	0.45406249893130735	1.125	1.0223815767156048	1	0	-
grid	normalised_flux	50	14	0.4843749989522621	1.125	1.0134006010688674	1	0	-
grid	normalised_flux	50	15	0.51468749897321686	1.125	1.0060206338590165	1	0	-
grid	normalised_flux	50	16	0.54499999899417162	1.125	1.0004942685122713	1	0	-
grid	normalised_flux	50	17	0.57531249901512638	1.125	0.99709045222957959	1	1	-
grid	normalised_flux	50	18	0.60562499903608114	1.125	0.99612142580420571	1	1	-
grid	normalised_flux	50	19	0.63593749905703589	1.125	0.99786750575218519	1	1	-
grid	normalised_flux	50	20	0.66624999907799065	1.125	1.002555722342432	1	0	-
grid	normalised_flux	50	21	0.69656249909894541	1.125	1.0103822734006496	1	0	-
grid	normalised_flux	50	22	0.72687499911990017	1.125	1.0215463948993693	1	0	-
grid	normalised_flux	50	23	0.75718749914085492	1.125	1.036216158070602	1	0	-
grid	normalised_flux	50	24	0.78749999916180968	1.125	1.0545532730264353	1	0	-
grid	normalised_flux	50	25	0.81781249918276444	1.125	1.0767144416837922	1	0	-
grid	normalised_flux	50	26	0.8481249992037192	1.125	1.1028505270211593	1	0	-
grid	normalised_flux	50	27	0.87843749922467396	1.125	1.133111371389572	1	0	-
grid	normalised_flux	50	28	0.90874999924562871	1.125	1.1676513980958318	1	0	-
grid	normalised_flux	50	29	0.93906249926658347	1.125	1.206635189250201	1	0	-
grid	normalised_flux	50	30	0.96937499928753823	1.125	1.2502413309209814	1	0	-
grid	normalised_flux	50	31	0.99968749930849299	1.125	1.2986658310496992	1	0	-
grid	normalised_flux	50	32	1.0299999993294477	1.125	1.3521215497985732	1	0	-
grid	normalised_flux	50	33	1.0603124993504025	1.125	1.4113433864029543	0	0	-
grid	normalised_flux	50	34	1.0906249993713573	1.125	1.4766595081914373	0	0	-
grid	normalised_flux	50	35	1.120937499392312	1.125	1.5483095489951733	0	0	-
grid	normalised_flux	50	36	1.1512499994132668	1.125	1.6268942548785874	0	0	-
grid	normalised_flux	50	37	1.1815624994342215	1.125	1.7137394921063485	0	0	-
grid	normalised_flux	50	38	1.2118749994551763	1.125	1.8093786453311542	0	0	-
grid	normalised_flux	50	39	1.2421874994761311	1.125	1.9150658995409218	0	0	-
grid	normalised_flux	50	40	1.2724999994970858	1.125	2.0327567769306674	0	0	-
grid	normalised_flux	50	41	1.3028124995180406	1.125	2.1652017498016778	0	0	-
grid	normalised_flux	50	42	1.3331249995389953	1.125	2.3164266475288735	0	0	-
grid	normalised_flux	50	43	1.3634374995599501	1.125	2.492552956204686	0	0	-
grid	normalised_flux	50	44	1.3937499995809048	1.125	2.7031734345580563	0	0	-
grid	normalised_flux	50	45	1.4240624996018596	1.125	2.9624257190901906	0	0	-
grid	normalised_flux	50	46	1.4543749996228144	1.125	3.1746537568845477	0	0	-
grid	normalised_flux	50	47	1.4846874996437691	1.125	3.2965939573253351	0	0	-
grid	normalised_flux	50	48	1.5149999996647239	1.125	3.3330701380405747	0	0	-
grid	normalised_flux	50	49	1.5453124996856786	1.125	3.2817425462034486	0	0	-
grid	normalised_flux	50	50	1.5756249997066334	1.125	3.1442610854263751	0	0	-
grid	normalised_flux	50	51	1.6059374997275881	1.125	2.9647352803328939	0	0	-
grid	normalised_flux	50	52	1.6362499997485429	1.125	2.8296419928477277	0	0	-
grid	normalised_flux	50	53	1.6665624997694977	1.125	2.7222081839795389	0	0	-
grid	normalised_flux	50	54	1.6968749997904524	1.125	2.6337635523303939	0	0	-
grid	normalised_flux	50	55	1.7271874998114072	1.125	2.5589320970860707	0	0	-
grid	normalised_flux	50	56	1.7574999998323619	1.125	2.4941479832900022	0	0	-
grid	normalised_flux	50	57	1.7878124998533167	1.125	2.4369556287675098	0	0	-
grid	normalised_flux	50	58	1.8181249998742715	1.125	2.3856134158487681	0	0	-
grid	normalised_flux	50	59	1.8484374998952262	1.125	2.3388582349895488	0	0	-
grid	normalised_flux	50	60	1.878749999916181	1.125	2.2957569953449419	0	0	-
grid	normalised_flux	50	61	1.9090624999371357	1.125	2.2556122523334747	0	0	-
grid	normalised_flux	50	62	1.9393749999580905	1.125	2.217899925627115	0	0	-
grid	normalised_flux	50	63	1.9696874999790452	1.125	2.1822263853273078	0	0	-
grid	normalised_flux	50	64	2	1.125	2.1482452826955276	0	0	-
grid	normalised_flux	51	0	0.059999998658895493	1.1875	0.76225907080273014	0	0	-
grid	normalised_flux	51	1	0.09031249867985025	1.1875	0.87268067752383249	0	0	-
grid	normalised_flux	51	2	0.12062499870080501	1.1875	1.0247400331338394	0	0	-
grid	normalised_flux	51	3	0.15093749872175977	1.1875	1.1276709523683612	0	0	-
grid	normalised_flux	51	4	0.18124999874271452	1.1875	1.1289399957931161	0	0	-
grid	normalised_flux	51	5	0.21156249876366928	1.1875	1.1149902496848754	0	0	-
grid	normalised_flux	51	6	0.24187499878462404	1.1875	1.100295208182603	0	0	-
grid	normalised_flux	51	7	0.2721874988055788	1.1875	1.0859403441831095	1	0	-
grid	normalised_flux	51	8	0.30249999882653356	1.1875	1.0720668128363411	1	0	-
grid	normalised_flux	51	9	0.33281249884748831	1.1875	1.0588623383866103	1	0	-
grid	normalised_flux	51	10	0.36312499886844307	1.1875	1.0465211723468066	1	0	-
grid	normalised_flux	51	11	0.39343749888939783	1.1875	1.0352295436233498	1	0	-
grid	normalised_flux	51	12	0.42374999891035259	1.1875	1.0251671775896034	1	0	-
grid	normalised_flux	51	13	0.45406249893130735	1.1875	1.0165133011729668	1	0	-
grid	normalised_flux	51	14	0.4843749989522621	1.1875	1.0094507253646761	1	0	-
grid	normalised_flux	51	15	0.51468749897321686	1.1875	1.0041683611851489	1	0	-
grid	normalised_flux	51	16	0.54499999899417162	1.1875	1.0008618842786012	1	0	-
grid	normalised_flux	51	17	0.57531249901512638	1.1875	0.99973190727784755	1	1	-
grid	normalised_flux	51	18	0.60562499903608114	1.1875	1.0009841459529534	1	0	-
grid	normalised_flux	51	19	0.63593749905703589	1.1875	1.0048156763439398	1	0	-
grid	normalised_flux	51	20	0.66624999907799065	1.1875	1.0114077191620621	1	0	-
grid	normalised_flux	51	21	0.69656249909894541	1.1875	1.0209274911605355	1	0	-
grid	normalised_flux	51	22	0.72687499911990017	1.1875	1.0335332845362648	1	0	-
grid	normalised_flux	51	23	0.75718749914085492	1.1875	1.0493733513603041	1	0	-
grid	normalised_flux	51	24	0.78749999916180968	1.1875	1.0685880160393264	1	0	-
grid	normalised_flux	51	25	0.81781249918276444	1.1875	1.0913132593794594	1	0	-
grid	normalised_flux	51	26	0.8481249992037192	1.1875	1.1176838516752032	1	0	-
grid	normalised_flux	51	27	0.87843749922467396	1.1875	1.1478374114837107	1	0	-
grid	normalised_flux	51	28	0.90874999924562871	1.1875	1.1819177760689257	1	0	-
grid	normalised_flux	51	29	0.93906249926658347	1.1875	1.2200794636797381	1	0	-
grid	normalised_flux	51	30	0.96937499928753823	1.1875	1.262493654901554	1	0	-
grid	normalised_flux	51	31	0.99968749930849299	1.1875	1.3093564526179877	1	0	-
grid	normalised_flux	51	32	1.0299999993294477	1.1875	1.3609051645790244	1	0	-
grid	normalised_flux	51	33	1.0603124993504025	1.1875	1.4174694771866743	0	0	-
grid	normalised_flux	51	34	1.0906249993713573	1.1875	1.4794726422710756	0	0	-
grid	normalised_flux	51	35	1.120937499392312	1.1875	1.5473368672993955	0	0	-
grid	normalised_flux	51	36	1.1512499994132668	1.1875	1.621549869779805	0	0	-
grid	normalised_flux	51	37	1.1815624994342215	1.1875	1.7026439900020285	0	0	-
grid	normalised_flux	51	38	1.2118749994551763	1.1875	1.7912444216182564	0	0	-
grid	normalised_flux	51	39	1.2421874994761311	1.1875	1.8882281446991482	0	0	-
grid	normalised_flux	51	40	1.2724999994970858	1.1875	1.9947387366996223	0	0	-
grid	normalised_flux	51	41	1.3028124995180406	1.1875	2.1122125764752591	0	0	-
grid	normalised_flux	51	42	1.3331249995389953	1.1875	2.2424086560980614	0	0	-
grid	normalised_flux	51	43	1.3634374995599501	1.1875	2.387360730043897	0	0	-
grid	normalised_flux	51	44	1.3937499995809048	1.1875	2.5489462781111061	0	0	-
grid	normalised_flux	51	45	1.4240624996018596	1.1875	2.7251998091853906	0	0	-
grid	normalised_flux	51	46	1.4543749996228144	1.1875	2.8819074226341845	0	0	-
grid	normalised_flux	51	47	1.4846874996437691	1.1875	2.9760466807462622	0	0	-
grid	normalised_flux	51	48	1.5149999996647239	1.1875	3.0017940257026274	0	0	-
grid	normalised_flux	51	49	1.5453124996856786	1.1875	2.9535408485724481	0	0	-
grid	normalised_flux	51	50	1.5756249997066334	1.1875	2.8641990141878133	0	0	-
grid	normalised_flux	51	51	1.6059374997275881	1.1875	2.7734645692503559	0	0	-
grid	normalised_flux	51	52	1.6362499997485429	1.1875	2.688098909528402	0	0	-
grid	normalised_flux	51	53	1.6665624997694977	1.1875	2.6104157737165452	0	0	-
grid	normalised_flux	51	54	1.6968749997904524	1.1875	2.5407928414424874	0	0	-
grid	normalised_flux	51	55	1.7271874998114072	1.1875	2.4784705759989345	0	0	-
grid	normalised_flux	51	56	1.7574999998323619	1.1875	2.422401006613998	0	0	-
grid	normalised_flux	51	57	1.7878124998533167	1.1875	2.3715657844473754	0	0	-
grid	normalised_flux	51	58	1.8181249998742715	1.1875	2.3250753021306476	0	0	-
grid	normalised_flux	51	59	1.8484374998952262	1.1875	2.2821873024166131	0	0	-
grid	normalised_flux	51	60	1.878749999916181	1.1875	2.2422945357077904	0	0	-
grid	normalised_flux	51	61	1.9090624999371357	1.1875	2.2049053918703843	0	0	-
grid	normalised_flux	51	62	1.9393749999580905	1.1875	2.1696247219324247	0	0	-
grid	normalised_flux	51	63	1.9696874999790452	1.1875	2.1361343749556441	0	0	-
grid	normalised_flux	51	64	2	1.1875	2.1040626526639112	0	0	-
grid	normalised_flux	52	0	0.059999998658895493	1.25	0.75999342027591787	0	0	-
grid	normalised_flux	52	1	0.09031249867985025	1.25	0.86782043773714457	0	0	-
grid	normalised_flux	52	2	0.12062499870080501	1.25	1.016558090103175	0	0	-
grid	normalised_flux	52	3	0.15093749872175977	1.25	1.1160709280062213	0	0	-
grid	normalised_flux	52	4	0.18124999874271452	1.25	1.1141086174518844	0	0	-
grid	normalised_flux	52	5	0.21156249876366928	1.25	1.0976631761366098	0	0	-
grid	normalised_flux	52	6	0.24187499878462404	1.25	1.0816291188904232	0	0	-
grid	normalised_flux	52	7	0.2721874988055788	1.25	1.0664610759036837	0	0	-
grid	normalised_flux	52	8	0.30249999882653356	1.25	1.0523881899067731	1	0	-
grid	normalised_flux	52	9	0.33281249884748831	1.25	1.0394620381892208	1	0	-
grid	normalised_flux	52	10	0.36312499886844307	1.25	1.0278083715471282	1	0	-
grid	normalised_flux	52	11	0.39343749888939783	1.25	1.0175434465677557	1	0	-
grid	normalised_flux	52	12	0.42374999891035259	1.25	1.0087850863828218	1	0	-
grid	normalised_flux	52	13	0.45406249893130735	1.25	1.0016589231108175	1	0	-
grid	normalised_flux	52	14	0.4843749989522621	1.25	0.99629970331072082	1	1	-
grid	normalised_flux	52	15	0.51468749897321686	1.25	0.99284988758619375	1	1	-
grid	normalised_flux	52	16	0.54499999899417162	1.25	0.9914568497939733	1	1	-
grid	normalised_flux	52	17	0.57531249901512638	1.25	0.99226953033525522	1	1	-
grid	normalised_flux	52	18	0.60562499903608114	1.25	0.99543454353006922	1	1	-
grid	normalised_flux	52	19	0.63593749905703589	1.25	1.0010925935534416	1	0	-
grid	normalised_flux	52	20	0.66624999907799065	1.25	1.0093764569160162	1	0	-
grid	normalised_flux	52	21	0.69656249909894541	1.25	1.0204103890760012	1	0	-
grid	normalised_flux	52	22	0.72687499911990017	1.25	1.0343111450666218	1	0	-
grid	normalised_flux	52	23	0.75718749914085492	1.25	1.0511894748340092	1	0	-
grid	normalised_flux	52	24	0.78749999916180968	1.25	1.071152567995981	1	0	-
grid	normalised_flux	52	25	0.81781249918276444	1.25	1.0943061663035054	1	0	-
grid	normalised_flux	52	26	0.8481249992037192	1.25	1.1207567473087361	1	0	-
grid	normalised_flux	52	27	0.87843749922467396	1.25	1.1506140878013991	1	0	-
grid	normalised_flux	52	28	0.90874999924562871	1.25	1.1839939221872684	1	0	-
grid	normalised_flux	52	29	0.93906249926658347	1.25	1.221021051841561	1	0	-
grid	normalised_flux	52	30	0.96937499928753823	1.25	1.261833000379341	1	0	-
grid	normalised_flux	52	31	0.99968749930849299	1.25	1.3065846183468086	1	0	-
grid	normalised_flux	52	32	1.0299999993294477	1.25	1.3554531151519837	1	0	-
grid	normalised_flux	52	33	1.0603124993504025	1.25	1.4086394831960338	1	0	-
grid	normalised_flux	52	34	1.0906249993713573	1.25	1.4663733873908269	1	0	-
grid	normalised_flux	52	35	1.120937499392312	1.25	1.5288989238456692	1	0	-
grid	normalised_flux	52	36	1.1512499994132668	1.25	1.596466739673968	1	0	-
grid	normalised_flux	52	37	1.1815624994342215	1.25	1.6693246337264773	1	0	-
grid	normalised_flux	52	38	1.2118749994551763	1.25	1.7477234430007815	1	0	-
grid	normalised_flux	52	39	1.2421874994761311	1.25	1.8318889397831226	1	0	-
grid	normalised_flux	52	40	1.2724999994970858	1.25	1.9219599294067595	1	0	-
grid	normalised_flux	52	41	1.3028124995180406	1.25	2.0178593188959013	1	0	-
grid	normalised_flux	52	42	1.3331249995389953	1.25	2.1190396721687663	1	0	-
grid	normalised_flux	52	43	1.3634374995599501	1.25	2.2240009042284496	1	0	-
grid	normalised_flux	52	44	1.3937499995809048	1.25	2.3294460561127677	1	0	-
grid	normalised_flux	52	45	1.4240624996018596	1.25	2.4291386668602222	1	0	-
grid	normalised_flux	52	46	1.4543749996228144	1.25	2.5137977675602157	1	0	-
grid	normalised_flux	52	47	1.4846874996437691	1.25	2.573477414914918	1	0	-
grid	normalised_flux	52	48	1.5149999996647239	1.25	2.6030913713639379	1	0	-
grid	normalised_flux	52	49	1.5453124996856786	1.25	2.6031789079694532	1	0	-
grid	normalised_flux	52	50	1.5756249997066334	1.25	2.5808944807458158	1	0	-
grid	normalised_flux	52	51	1.6059374997275881	1.25	2.5453453145818279	1	0	-
grid	normalised_flux	52	52	1.6362499997485429	1.25	2.5026086525567215	1	0	-
grid	normalised_flux	52	53	1.6665624997694977	1.25	2.4571414560688956	1	0	-
grid	normalised_flux	52	54	1.6968749997904524	1.25	2.4115536831287865	1	0	-
grid	normalised_flux	52	55	1.7271874998114072	1.25	2.3672339567215035	1	0	-
grid	normalised_flux	52	56	1.7574999998323619	1.25	2.3248235157121795	1	0	-
grid	normalised_flux	52	57	1.7878124998533167	1.25	2.2845352202630345	1	0	-
grid	normalised_flux	52	58	1.8181249998742715	1.25	2.2463530251611248	1	0	-
grid	normalised_flux	52	59	1.8484374998952262	1.25	2.2101473344557703	1	0	-
grid	normalised_flux	52	60	1.878749999916181	1.25	2.1757412710362591	1	0	-
grid	normalised_flux	52	61	1.9090624999371357	1.25	2.1429465647412709	0	0	-
grid	normalised_flux	52	62	1.9393749999580905	1.25	2.1115812115873207	0	0	-
grid	normalised_flux	52	63	1.9696874999790452	1.25	2.0814785882092464	0	0	-
grid	normalised_flux	52	64	2	1.25	2.0526810387784789	0	0	-
grid	normalised_flux	53	0	0.059999998658895493	1.3125	0.75576448603836244	0	0	-
grid	normalised_flux	53	1	0.09031249867985025	1.3125	0.85884795940732017	0	0	-
grid	normalised_flux	53	2	0.12062499870080501	1.3125	1.0021084264284026	0	0	-
grid	normalised_flux	53	3	0.15093749872175977	1.3125	1.0957581156615852	0	0	-
grid	normalised_flux	53	4	0.18124999874271452	1.3125	1.0883748492141621	0	0	-
grid	normalised_flux	53	5	0.21156249876366928	1.3125	1.0691062099578776	0	0	-
grid	normalised_flux	53	6	0.24187499878462404	1.3125	1.0514891832716029	0	0	-
grid	normalised_flux	53	7	0.2721874988055788	1.3125	1.0358704027201289	0	0	-
grid	normalised_flux	53	8	0.30249999882653356	1.3125	1.0220951364348667	1	0	-
grid	normalised_flux	53	9	0.33281249884748831	1.3125	1.0099277144168566	1	0	-
grid	normalised_flux	53	10	0.36312499886844307	1.3125	0.99934808014992116	1	1	-
grid	normalised_flux	53	11	0.39343749888939783	1.3125	0.9903815357006226	1	1	-
grid	normalised_flux	53	12	0.42374999891035259	1.3125	0.98308677901512109	1	1	-
grid	normalised_flux	53	13	0.45406249893130735	1.3125	0.97755077704640192	1	1	-
grid	normalised_flux	53	14	0.4843749989522621	1.3125	0.97388128906481231	1	1	-
grid	normalised_flux	53	15	0.51468749897321686	1.3125	0.97219682653221218	1	1	-
grid	normalised_flux	53	16	0.54499999899417162	1.3125	0.97261813204953906	1	1	-
grid	normalised_flux	53	17	0.57531249901512638	1.3125	0.97526146220405308	1	1	-
grid	normalised_flux	53	18	0.60562499903608114	1.3125	0.98023360310969532	1	1	-
grid	normalised_flux	53	19	0.63593749905703589	1.3125	0.98763063615993807	1	1	-
grid	normalised_flux	53	20	0.66624999907799065	1.3125	0.99753732090421143	1	1	-
grid	normalised_flux	53	21	0.69656249909894541	1.3125	1.0100296347487665	1	0	-
grid	normalised_flux	53	22	0.72687499911990017	1.3125	1.0251773838641078	1	0	-
grid	normalised_flux	53	23	0.75718749914085492	1.3125	1.0430471701252566	1	0	-
grid	normalised_flux	53	24	0.78749999916180968	1.3125	1.0637045510442609	1	0	-
grid	normalised_flux	53	25	0.81781249918276444	1.3125	1.0872162709092743	1	0	-
grid	normalised_flux	53	26	0.8481249992037192	1.3125	1.1136515662382707	1	0	-
grid	normalised_flux	53	27	0.87843749922467396	1.3125	1.1430834237617165	1	0	-
grid	normalised_flux	53	28	0.90874999924562871	1.3125	1.1755891263395795	1	0	-
grid	normalised_flux	53	29	0.93906249926658347	1.3125	1.2112507988783352	1	0	-
grid	normalised_flux	53	30	0.96937499928753823	1.3125	1.2501555507441016	1	0	-
grid	normalised_flux	53	31	0.99968749930849299	1.3125	1.2923949061101074	1	0	-
grid	normalised_flux	53	32	1.0299999993294477	1.3125	1.3380633798253663	1	0	-
grid	normalised_flux	53	33	1.0603124993504025	1.3125	1.3872554867388927	1	0	-
grid	normalised_flux	53	34	1.0906249993713573	1.3125	1.4400575292090523	1	0	-
grid	normalised_flux	53	35	1.120937499392312	1.3125	1.4965397169102255	1	0	-
grid	normalised_flux	53	36	1.1512499994132668	1.3125	1.556742305287899	1	0	-
grid	normalised_flux	53	37	1.1815624994342215	1.3125	1.6206568444962048	1	0	-
grid	normalised_flux	53	38	1.2118749994551763	1.3125	1.6881938041457698	1	0	-
grid	normalised_flux	53	39	1.2421874994761311	1.3125	1.7591380454642533	1	0	-
grid	normalised_flux	53	40	1.2724999994970858	1.3125	1.8330773299037719	1	0	-
grid	normalised_flux	53	41	1.3028124995180406	1.3125	1.9092967435385857	1	0	-
grid	normalised_flux	53	42	1.3331249995389953	1.3125	1.9866332457856515	1	0	-
grid	normalised_flux	53	43	1.3634374995599501	1.3125	2.0633038242245973	1	0	-
grid	normalised_flux	53	44	1.3937499995809048	1.3125	2.1367633662913716	1	0	-
grid	normalised_flux	53	45	1.4240624996018596	1.3125	2.2037526050328897	1	0	-
grid	normalised_flux	53	46	1.4543749996228144	1.3125	2.2607189973849628	1	0	-
grid	normalised_flux	53	47	1.4846874996437691	1.3125	2.3047189588384747	1	0	-
grid	normalised_flux	53	48	1.5149999996647239	1.3125	2.3339092836890014	1	0	-
grid	normalised_flux	53	49	1.5453124996856786	1.3125	2.3482937696200792	1	0	-
grid	normalised_flux	53	50	1.5756249997066334	1.3125	2.349298067031298	1	0	-
grid	normalised_flux	53	51	1.6059374997275881	1.3125	2.339404721650447	1	0	-
grid	normalised_flux	53	52	1.6362499997485429	1.3125	2.321644474823803	1	0	-
grid	normalised_flux	53	53	1.6665624997694977	1.3125	2.2985539892695499	1	0	-
grid	normalised_flux	53	54	1.6968749997904524	1.3125	2.2721454676094859	1	0	-
grid	normalised_flux	53	55	1.7271874998114072	1.3125	2.2438907970402564	1	0	-
grid	normalised_flux	53	56	1.7574999998323619	1.3125	2.2148031995293911	1	0	-
grid	normalised_flux	53	57	1.7878124998533167	1.3125	2.1855455607381806	1	0	-
grid	normalised_flux	53	58	1.8181249998742715	1.3125	2.1565292647357124	1	0	-
grid	normalised_flux	53	59	1.8484374998952262	1.3125	2.1279930908743419	1	0	-
grid	normalised_flux	53	60	1.878749999916181	1.3125	2.1000614132898892	1	0	-
grid	normalised_flux	53	61	1.9090624999371357	1.3125	2.0727855956521837	0	0	-
grid	normalised_flux	53	62	1.9393749999580905	1.3125	2.0461710496602667	0	0	-
grid	normalised_flux	53	63	1.9696874999790452	1.3125	2.02019660322842	0	0	-
grid	normalised_flux	53	64	2	1.3125	1.9944512520559114	0	0	-
grid	normalised_flux	54	0	0.059999998658895493	1.375	0.74764741218960529	0	0	-
grid	normalised_flux	54	1	0.09031249867985025	1.375	0.84171109046542658	0	0	-
grid	normalised_flux	54	2	0.12062499870080501	1.375	0.97458067995909703	0	0	-
grid	normalised_flux	54	3	0.15093749872175977	1.375	1.059173890849733	0	0	-
grid	normalised_flux	54	4	0.18124999874271452	1.375	1.0457708212865668	0	0	-
grid	normalised_flux	54	5	0.21156249876366928	1.375	1.0227869319620784	0	0	-
grid	normalised_flux	54	6	0.24187499878462404	1.375	1.0054406563764318	0	0	-
grid	normalised_flux	54	7	0.2721874988055788	1.375	0.99169026491833345	0	0	-
grid	normalised_flux	54	8	0.30249999882653356	1.375	0.97969774996269965	1	1	-
grid	normalised_flux	54	9	0.33281249884748831	1.375	0.96940090070609863	1	1	-
grid	normalised_flux	54	10	0.36312499886844307	1.375	0.96069107966386513	1	1	-
grid	normalised_flux	54	11	0.39343749888939783	1.375	0.95354694860162881	1	1	-
grid	normalised_flux	54	12	0.42374999891035259	1.375	0.94802597121840082	1	1	-
grid	normalised_flux	54	13	0.45406249893130735	1.375	0.9442401554429849	1	1	-
grid	normalised_flux	54	14	0.4843749989522621	1.375	0.94232859143490399	1	1	-
grid	normalised_flux	54	15	0.51468749897321686	1.375	0.94243573358167654	1	1	-
grid	normalised_flux	54	16	0.54499999899417162	1.375	0.94469253075874449	1	1	-
grid	normalised_flux	54	17	0.57531249901512638	1.375	0.94920313443709525	1	1	-
grid	normalised_flux	54	18	0.60562499903608114	1.375	0.95604368817163521	1	1	-
grid	normalised_flux	54	19	0.63593749905703589	1.375	0.96526194783283525	1	1	-
grid	normalised_flux	54	20	0.66624999907799065	1.375	0.97688703690631584	1	1	-
grid	normalised_flux	54	21	0.69656249909894541	1.375	0.99093616364560155	1	1	-
grid	normalised_flux	54	22	0.72687499911990017	1.375	1.0074219316129289	1	0	-
grid	normalised_flux	54	23	0.75718749914085492	1.375	1.0263578700558968	1	0	-
grid	normalised_flux	54	24	0.78749999916180968	1.375	1.0477619467647368	1	0	-
grid	normalised_flux	54	25	0.81781249918276444	1.375	1.0716580396746849	1	0	-
grid	normalised_flux	54	26	0.8481249992037192	1.375	1.0980760792791124	1	0	-
grid	normalised_flux	54	27	0.87843749922467396	1.375	1.1270510754731213	1	0	-
grid	normalised_flux	54	28	0.90874999924562871	1.375	1.1586216934222173	1	0	-
grid	normalised_flux	54	29	0.93906249926658347	1.375	1.1928279986877104	1	0	-
grid	normalised_flux	54	30	0.96937499928753823	1.375	1.2297090124679373	1	0	-
grid	normalised_flux	54	31	0.99968749930849299	1.375	1.2692991512699476	1	0	-
grid	normalised_flux	54	32	1.0299999993294477	1.375	1.3116238595734355	1	0	-
grid	normalised_flux	54	33	1.0603124993504025	1.375	1.3566933436529054	1	0	-
grid	normalised_flux	54	34	1.0906249993713573	1.375	1.4044947388553775	1	0	-
grid	normalised_flux	54	35	1.120937499392312	1.375	1.4549810963181316	1	0	-
grid	normalised_flux	54	36	1.1512499994132668	1.375	1.5080565720029169	1	0	-
grid	normalised_flux	54	37	1.1815624994342215	1.375	1.5635568686257366	1	0	-
grid	normalised_flux	54	38	1.2118749994551763	1.375	1.6212250728953486	1	0	-
grid	normalised_flux	54	39	1.2421874994761311	1.375	1.6806785681954541	1	0	-
grid	normalised_flux	54	40	1.2724999994970858	1.375	1.7413692538496524	1	0	-
grid	normalised_flux	54	41	1.3028124995180406	1.375	1.8025396818765951	1	0	-
grid	normalised_flux	54	42	1.3331249995389953	1.375	1.8631829914286757	1	0	-
grid	normalised_flux	54	43	1.3634374995599501	1.375	1.922022781069288	1	0	-
grid	normalised_flux	54	44	1.3937499995809048	1.375	1.97754206610979	1	0	-
grid	normalised_flux	54	45	1.4240624996018596	1.375	2.0280817335551875	1	0	-
grid	normalised_flux	54	46	1.4543749996228144	1.375	2.0720184635778178	1	0	-
grid	normalised_flux	54	47	1.4846874996437691	1.375	2.107972557748881	1	0	-
grid	normalised_flux	54	48	1.5149999996647239	1.375	2.135114981752368	1	0	-
grid	normalised_flux	54	49	1.5453124996856786	1.375	2.1532417999823696	1	0	-
grid	normalised_flux	54	50	1.5756249997066334	1.375	2.1628356980163703	1	0	-
grid	normalised_flux	54	51	1.6059374997275881	1.375	2.1648603380517497	1	0	-
grid	normalised_flux	54	52	1.6362499997485429	1.375	2.1604840774285012	1	0	-
grid	normalised_flux	54	53	1.6665624997694977	1.375	2.1509870203246799	1	0	-
grid	normalised_flux	54	54	1.6968749997904524	1.375	2.1375650572859199	1	0	-
grid	normalised_flux	54	55	1.7271874998114072	1.375	2.1212487846819292	1	0	-
grid	normalised_flux	54	56	1.7574999998323619	1.375	2.1028762563271188	1	0	-
grid	normalised_flux	54	57	1.7878124998533167	1.375	2.0830997243688758	1	0	-
grid	normalised_flux	54	58	1.8181249998742715	1.375	2.0624097545780242	1	0	-
grid	normalised_flux	54	59	1.8484374998952262	1.375	2.0411644685120529	1	0	-
grid	normalised_flux	54	60	1.878749999916181	1.375	2.0196183109679047	1	0	-
grid	normalised_flux	54	61	1.9090624999371357	1.375	1.9979470197512299	0	0	-
grid	normalised_flux	54	62	1.9393749999580905	1.375	1.9762678483412168	0	0	-
grid	normalised_flux	54	63	1.9696874999790452	1.375	1.9546562756981531	0	0	-
grid	normalised_flux	54	64	2	1.375	1.9333104459605535	0	0	-
grid	normalised_flux	55	0	0.059999998658895493	1.4375	0.73201072318670468	0	0	-
grid	normalised_flux	55	1	0.09031249867985025	1.4375	0.80688316374381919	0	0	-
grid	normalised_flux	55	2	0.12062499870080501	1.4375	0.917886154277191	0	0	-
grid	normalised_flux	55	3	0.15093749872175977	1.4375	0.98759640953706562	0	0	-
grid	normalised_flux	55	4	0.18124999874271452	1.4375	0.97191207147354353	0	0	-
grid	normalised_flux	55	5	0.21156249876366928	1.4375	0.95491235824612153	0	0	-
grid	normalised_flux	55	6	0.24187499878462404	1.4375	0.94301511767620882	0	0	-
grid	normalised_flux	55	7	0.2721874988055788	1.4375	0.93363315411906489	0	0	-
grid	normalised_flux	55	8	0.30249999882653356	1.4375	0.92567622383793613	1	1	-
grid	normalised_flux	55	9	0.33281249884748831	1.4375	0.91874863194384482	1	1	-
grid	normalised_flux	55	10	0.36312499886844307	1.4375	0.91277701193797067	1	1	-
grid	normalised_flux	55	11	0.39343749888939783	1.4375	0.9078709032548189	1	1	-
grid	normalised_flux	55	12	0.42374999891035259	1.4375	0.90424663144283546	1	1	-
grid	normalised_flux	55	13	0.45406249893130735	1.4375	0.90217558846174495	1	1	-
grid	normalised_flux	55	14	0.4843749989522621	1.4375	0.90194533016182454	1	1	-
grid	normalised_flux	55	15	0.51468749897321686	1.4375	0.90381008772031834	1	1	-
grid	normalised_flux	55	16	0.54499999899417162	1.4375	0.90795673090274309	1	1	-
grid	normalised_flux	55	17	0.57531249901512638	1.4375	0.91449323259914461	1	1	-
grid	normalised_flux	55	18	0.60562499903608114	1.4375	0.92344392171967837	1	1	-
grid	normalised_flux	55	19	0.63593749905703589	1.4375	0.93477988839842341	1	1	-
grid	normalised_flux	55	20	0.66624999907799065	1.4375	0.94843619224690567	1	1	-
grid	normalised_flux	55	21	0.69656249909894541	1.4375	0.96433953797287164	1	1	-
grid	normalised_flux	55	22	0.72687499911990017	1.4375	0.9824250563944138	1	1	-
grid	normalised_flux	55	23	0.75718749914085492	1.4375	1.0026435912452571	1	0	-
grid	normalised_flux	55	24	0.78749999916180968	1.4375	1.0249638828427921	1	0	-
grid	normalised_flux	55	25	0.81781249918276444	1.4375	1.0493707641883949	1	0	-
grid	normalised_flux	55	26	0.8481249992037192	1.4375	1.0758617193167226	1	0	-
grid	normalised_flux	55	27	0.87843749922467396	1.4375	1.1044428482569557	1	0	-
grid	normalised_flux	55	28	0.90874999924562871	1.4375	1.1351243335480765	1	0	-
grid	normalised_flux	55	29	0.93906249926658347	1.4375	1.1679161915804122	1	0	-
grid	normalised_flux	55	30	0.96937499928753823	1.4375	1.2028236441688254	1	0	-
grid	normalised_flux	55	31	0.99968749930849299	1.4375	1.2398422765062052	1	0	-
grid	normalised_flux	55	32	1.0299999993294477	1.4375	1.2789525305223386	1	0	-
grid	normalised_flux	55	33	1.0603124993504025	1.4375	1.3201133437639876	1	0	-
grid	normalised_flux	55	34	1.0906249993713573	1.4375	1.36325460149886	1	0	-
grid	normalised_flux	55	35	1.120937499392312	1.4375	1.4082676899778133	1	0	-
grid	normalised_flux	55	36	1.1512499994132668	1.4375	1.454994862920951	1	0	-
grid	normalised_flux	55	37	1.1815624994342215	1.4375	1.5032161395094239	1	0	-
grid	normalised_flux	55	38	1.2118749994551763	1.4375	1.5526341611223258	1	0	-
grid	normalised_flux	55	39	1.2421874994761311	1.4375	1.6028591904867269	1	0	-
grid	normalised_flux	55	40	1.2724999994970858	1.4375	1.6533930664647309	1	0	-
grid	normalised_flux	55	41	1.3028124995180406	1.4375	1.7036188553658396	1	0	-
grid	normalised_flux	55	42	1.3331249995389953	1.4375	1.7527982875105628	1	0	-
grid	normalised_flux	55	43	1.3634374995599501	1.4375	1.8000847642965341	1	0	-
grid	normalised_flux	55	44	1.3937499995809048	1.4375	1.8445583918291319	1	0	-
grid	normalised_flux	55	45	1.4240624996018596	1.4375	1.8852858893792701	1	0	-
grid	normalised_flux	55	46	1.4543749996228144	1.4375	1.9214042333632861	1	0	-
grid	normalised_flux	55	47	1.4846874996437691	1.4375	1.9522191122886252	1	0	-
grid	normalised_flux	55	48	1.5149999996647239	1.4375	1.9772655947483351	1	0	-
grid	normalised_flux	55	49	1.5453124996856786	1.4375	1.9963696518943581	1	0	-
grid	normalised_flux	55	50	1.5756249997066334	1.4375	2.0096340110663546	1	0	-
grid	normalised_flux	55	51	1.6059374997275881	1.4375	2.0174125214278362	1	0	-
grid	normalised_flux	55	52	1.6362499997485429	1.4375	2.0202543280181744	1	0	-
grid	normalised_flux	55	53	1.6665624997694977	1.4375	2.018799435455354	1	0	-
grid	normalised_flux	55	54	1.6968749997904524	1.4375	2.0137165208680576	1	0	-
grid	normalised_flux	55	55	1.7271874998114072	1.4375	2.0056483421948323	1	0	-
grid	normalised_flux	55	56	1.7574999998323619	1.4375	1.9951765146692886	1	0	-
grid	normalised_flux	55	57	1.7878124998533167	1.4375	1.9828047060704499	1	0	-
grid	normalised_flux	55	58	1.8181249998742715	1.4375	1.9689534149078924	1	0	-
grid	normalised_flux	55	59	1.8484374998952262	1.4375	1.9539645276419857	1	0	-
grid	normalised_flux	55	60	1.878749999916181	1.4375	1.9381086292247036	1	0	-
grid	normalised_flux	55	61	1.9090624999371357	1.4375	1.9215950669609934	0	0	-
grid	normalised_flux	55	62	1.9393749999580905	1.4375	1.9045817295438845	0	0	-
grid	normalised_flux	55	63	1.9696874999790452	1.4375	1.8871849210316807	0	0	-
grid	normalised_flux	55	64	2	1.4375	1.8695405035528991	0	0	-
grid	normalised_flux	56	0	0.059999998658895493	1.5	0.7097696993321726	0	0	-
grid	normalised_flux	56	1	0.09031249867985025	1.5	0.75063623660384937	0	0	-
grid	normalised_flux	56	2	0.12062499870080501	1.5	0.79924879920806913	0	0	-
grid	normalised_flux	56	3	0.15093749872175977	1.5	0.83819063782712122	0	0	-
grid	normalised_flux	56	4	0.18124999874271452	1.5	0.8571169515158763	0	0	-
grid	normalised_flux	56	5	0.21156249876366928	1.5	0.86475383201696909	0	0	-
grid	normalised_flux	56	6	0.24187499878462404	1.5	0.86713451675165332	0	0	-
grid	normalised_flux	56	7	0.2721874988055788	1.5	0.86676483599490028	0	0	-
grid	normalised_flux	56	8	0.30249999882653356	1.5	0.86478500862525132	1	1	-
grid	normalised_flux	56	9	0.33281249884748831	1.5	0.86188078947954316	1	1	-
grid	normalised_flux	56	10	0.36312499886844307	1.5	0.85858678558986068	1	1	-
grid	normalised_flux	56	11	0.39343749888939783	1.5	0.85542508350037993	1	1	-
grid	normalised_flux	56	12	0.42374999891035259	1.5	0.85296817213646237	1	1	-
grid	normalised_flux	56	13	0.45406249893130735	1.5	0.85185039519406947	1	1	-
grid	normalised_flux	56	14	0.4843749989522621	1.5	0.8526949762770577	1	1	-
grid	normalised_flux	56	15	0.51468749897321686	1.5	0.85602720622508688	1	1	-
grid	normalised_flux	56	16	0.54499999899417162	1.5	0.86216336087017842	1	1	-
grid	normalised_flux	56	17	0.57531249901512638	1.5	0.87115133849593596	1	1	-
grid	normalised_flux	56	18	0.60562499903608114	1.5	0.88285033998524509	1	1	-
grid	normalised_flux	56	19	0.63593749905703589	1.5	0.89700174308927227	1	1	-
grid	normalised_flux	56	20	0.66624999907799065	1.5	0.91334934658243849	1	1	-
grid	normalised_flux	56	21	0.69656249909894541	1.5	0.93167561440467062	1	1	-
grid	normalised_flux	56	22	0.72687499911990017	1.5	0.95181798196508582	1	1	-
grid	normalised_flux	56	23	0.75718749914085492	1.5	0.97366850010915962	1	1	-
grid	normalised_flux	56	24	0.78749999916180968	1.5	0.99716258448125039	1	1	-
grid	normalised_flux	56	25	0.81781249918276444	1.5	1.0222669816148919	1	0	-
grid	normalised_flux	56	26	0.8481249992037192	1.5	1.0489687081794936	1	0	-
grid	normalised_flux	56	27	0.87843749922467396	1.5	1.077265817862243	1	0	-
grid	normalised_flux	56	28	0.90874999924562871	1.5	1.1071600908272983	1	0	-
grid	normalised_flux	56	29	0.93906249926658347	1.5	1.138650815008996	1	0	-
grid	normalised_flux	56	30	0.96937499928753823	1.5	1.1717294930904234	1	0	-
grid	normalised_flux	56	31	0.99968749930849299	1.5	1.2063747156306437	1	0	-
grid	normalised_flux	56	32	1.0299999993294477	1.5	1.2425470341919218	1	0	-
grid	normalised_flux	56	33	1.0603124993504025	1.5	1.2801839294090382	1	0	-
grid	normalised_flux	56	34	1.0906249993713573	1.5	1.319193687224588	1	0	-
grid	normalised_flux	56	35	1.120937499392312	1.5	1.3594494175374083	1	0	-
grid	normalised_flux	56	36	1.1512499994132668	1.5	1.4007820759590826	1	0	-
grid	normalised_flux	56	37	1.1815624994342215	1.5	1.442973627983573	1	0	-
grid	normalised_flux	56	38	1.2118749994551763	1.5	1.4857503080989447	1	0	-
grid	normalised_flux	56	39	1.2421874994761311	1.5	1.5287767333778832	1	0	-
grid	normalised_flux	56	40	1.2724999994970858	1.5	1.5716529602729548	1	0	-
grid	normalised_flux	56	41	1.3028124995180406	1.5	1.6139151966822678	1	0	-
grid	normalised_flux	56	42	1.3331249995389953	1.5	1.6550427801929726	1	0	-
grid	normalised_flux	56	43	1.3634374995599501	1.5	1.694473558699584	1	0	-
grid	normalised_flux	56	44	1.3937499995809048	1.5	1.7316280056944366	1	0	-
grid	normalised_flux	56	45	1.4240624996018596	1.5	1.7659419752881882	1	0	-
grid	normalised_flux	56	46	1.4543749996228144	1.5	1.7969054385818919	1	0	-
grid	normalised_flux	56	47	1.4846874996437691	1.5	1.8240985616605903	1	0	-
grid	normalised_flux	56	48	1.5149999996647239	1.5	1.8472290178340645	1	0	-
grid	normalised_flux	56	49	1.5453124996856786	1.5	1.8661488873285685	1	0	-
grid	normalised_flux	56	50	1.5756249997066334	1.5	1.880861967827639	1	0	-
grid	normalised_flux	56	51	1.6059374997275881	1.5	1.8915081090275065	1	0	-
grid	normalised_flux	56	52	1.6362499997485429	1.5	1.8983348249526608	1	0	-
grid	normalised_flux	56	53	1.6665624997694977	1.5	1.9016709000552707	1	0	-
grid	normalised_flux	56	54	1.6968749997904524	1.5	1.9018901213374131	1	0	-
grid	normalised_flux	56	55	1.7271874998114072	1.5	1.8993815614773997	1	0	-
grid	normalised_flux	56	56	1.7574999998323619	1.5	1.8945255584814069	1	0	-
grid	normalised_flux	56	57	1.7878124998533167	1.5	1.8876774805863605	1	0	-
grid	normalised_flux	56	58	1.8181249998742715	1.5	1.8791570927460304	1	0	-
grid	normalised_flux	56	59	1.8484374998952262	1.5	1.8692440943528779	1	0	-
grid	normalised_flux	56	60	1.878749999916181	1.5	1.8581760305121087	1	0	-
grid	normalised_flux	56	61	1.9090624999371357	1.5	1.8461490515783814	0	0	-
grid	normalised_flux	56	62	1.9393749999580905	1.5	1.8333174384453652	0	0	-
grid	normalised_flux	56	63	1.9696874999790452	1.5	1.8197907542830871	0	0	-
grid	normalised_flux	56	64	2	1.5	1.8057051460463287	0	0	-
grid	normalised_flux	57	0	0.059999998658895493	1.5625	0.69343986632771071	0	0	-
grid	normalised_flux	57	1	0.09031249867985025	1.5625	0.71376396342963677	0	0	-
grid	normalised_flux	57	2	0.12062499870080501	1.5625	0.73719173075297195	0	0	-
grid	normalised_flux	57	3	0.15093749872175977	1.5625	0.75975938209410254	0	0	-
grid	normalised_flux	57	4	0.18124999874271452	1.5625	0.77863691928493606	0	0	-
grid	normalised_flux	57	5	0.21156249876366928	1.5625	0.79256846024772387	0	0	-
grid	normalised_flux	57	6	0.24187499878462404	1.5625	0.80099458246202204	0	0	-
grid	normalised_flux	57	7	0.2721874988055788	1.5625	0.80514407390709908	0	0	-
grid	normalised_flux	57	8	0.30249999882653356	1.5625	0.80634778530726559	1	1	-
grid	normalised_flux	57	9	0.33281249884748831	1.5625	0.80531367608028548	1	1	-
grid	normalised_flux	57	10	0.36312499886844307	1.5625	0.80265059797138194	1	1	-
grid	normalised_flux	57	11	0.39343749888939783	1.5625	0.79904944455792659	1	1	-
grid	normalised_flux	57	12	0.42374999891035259	1.5625	0.79540325299128101	0	0	-
grid	normalised_flux	57	13	0.45406249893130735	1.5625	0.79288311019648128	0	0	-
grid	normalised_flux	57	14	0.4843749989522621	1.5625	0.79302123906735922	0	0	-
grid	normalised_flux	57	15	0.51468749897321686	1.5625	0.79713047506694967	0	0	-
grid	normalised_flux	57	16	0.54499999899417162	1.5625	0.80575640290631023	0	0	-
grid	normalised_flux	57	17	0.57531249901512638	1.5625	0.81857852183048541	0	0	-
grid	normalised_flux	57	18	0.60562499903608114	1.5625	0.83464320976794593	1	1	-
grid	normalised_flux	57	19	0.63593749905703589	1.5625	0.85311750417377297	1	1	-
grid	normalised_flux	57	20	0.66624999907799065	1.5625	0.87336871097079094	1	1	-
grid	normalised_flux	57	21	0.69656249909894541	1.5625	0.89499269729191466	1	1	-
grid	normalised_flux	57	22	0.72687499911990017	1.5625	0.91778245378112333	1	1	-
grid	normalised_flux	57	23	0.75718749914085492	1.5625	0.94164322823418212	1	1	-
grid	normalised_flux	57	24	0.78749999916180968	1.5625	0.96654402205922452	1	1	-
grid	normalised_flux	57	25	0.81781249918276444	1.5625	0.99248690024667374	1	1	-
grid	normalised_flux	57	26	0.8481249992037192	1.5625	1.0194893321407974	1	0	-
grid	normalised_flux	57	27	0.87843749922467396	1.5625	1.0475732493640186	1	0	-
grid	normalised_flux	57	28	0.90874999924562871	1.5625	1.0767574979208869	1	0	-
grid	normalised_flux	57	29	0.93906249926658347	1.5625	1.107052568912172	1	0	-
grid	normalised_flux	57	30	0.96937499928753823	1.5625	1.1384562311987962	1	0	-
grid	normalised_flux	57	31	0.99968749930849299	1.5625	1.1709497811893423	1	0	-
grid	normalised_flux	57	32	1.0299999993294477	1.5625	1.2044943875696503	1	0	-
grid	normalised_flux	57	33	1.0603124993504025	1.5625	1.2390278632718097	1	0	-
grid	normalised_flux	57	34	1.0906249993713573	1.5625	1.2744611051458468	1	0	-
grid	normalised_flux	57	35	1.120937499392312	1.5625	1.3106744386893188	1	0	-
grid	normalised_flux	57	36	1.1512499994132668	1.5625	1.3475148172557054	1	0	-
grid	normalised_flux	57	37	1.1815624994342215	1.5625	1.3847922617260957	1	0	-
grid	normalised_flux	57	38	1.2118749994551763	1.5625	1.4222783414357703	1	0	-
grid	normalised_flux	57	39	1.2421874994761311	1.5625	1.459704939927055	1	0	-
grid	normalised_flux	57	40	1.2724999994970858	1.5625	1.496765868964822	1	0	-
grid	normalised_flux	57	41	1.3028124995180406	1.5625	1.533120523806895	1	0	-
grid	normalised_flux	57	42	1.3331249995389953	1.5625	1.5684018583394734	1	0	-
grid	normalised_flux	57	43	1.3634374995599501	1.5625	1.6022272559462585	1	0	-
grid	normalised_flux	57	44	1.3937499995809048	1.5625	1.6342136253005095	1	0	-
grid	normalised_flux	57	45	1.4240624996018596	1.5625	1.6639959140722831	1	0	-
grid	normalised_flux	57	46	1.4543749996228144	1.5625	1.6912461922882052	1	0	-
grid	normalised_flux	57	47	1.4846874996437691	1.5625	1.7156930205175074	1	0	-
grid	normalised_flux	57	48	1.5149999996647239	1.5625	1.7371356911852871	1	0	-
grid	normalised_flux	57	49	1.5453124996856786	1.5625	1.7554547671443219	1	0	-
grid	normalised_flux	57	50	1.5756249997066334	1.5625	1.7706145501693697	1	0	-
grid	normalised_flux	57	51	1.6059374997275881	1.5625	1.7826595680998951	1	0	-
grid	normalised_flux	57	52	1.6362499997485429	1.5625	1.7917051755733182	1	0	-
grid	normalised_flux	57	53	1.6665624997694977	1.5625	1.7979224582329576	1	0	-
grid	normalised_flux	57	54	1.6968749997904524	1.5625	1.8015223773992637	1	0	-
grid	normalised_flux	57	55	1.7271874998114072	1.5625	1.8027400096831436	1	0	-
grid	normalised_flux	57	56	1.7574999998323619	1.5625	1.8018203056726996	1	0	-
grid	normalised_flux	57	57	1.7878124998533167	1.5625	1.7990062221721772	1	0	-
grid	normalised_flux	57	58	1.8181249998742715	1.5625	1.7945304622402736	1	0	-
grid	normalised_flux	57	59	1.8484374998952262	1.5625	1.7886091140702134	1	0	-
grid	normalised_flux	57	60	1.878749999916181	1.5625	1.7814387077850093	1	0	-
grid	normalised_flux	57	61	1.9090624999371357	1.5625	1.7731946963640455	0	0	-
grid	normalised_flux	57	62	1.9393749999580905	1.5625	1.7640313607009916	0	0	-
grid	normalised_flux	57	63	1.9696874999790452	1.5625	1.7540843730401876	0	0	-
grid	normalised_flux	57	64	2	1.5625	1.7434930134253337	0	0	-
grid	normalised_flux	58	0	0.059999998658895493	1.625	0.6849029771073738	0	0	-
grid	normalised_flux	58	1	0.09031249867985025	1.625	0.69577194071312809	0	0	-
grid	normalised_flux	58	2	0.12062499870080501	1.625	0.70881594374833168	0	0	-
grid	normalised_flux	58	3	0.15093749872175977	1.625	0.72226257096149704	0	0	-
grid	normalised_flux	58	4	0.18124999874271452	1.625	0.73471435343512104	0	0	-
grid	normalised_flux	58	5	0.21156249876366928	1.625	0.74531529033314381	0	0	-
grid	normalised_flux	58	6	0.24187499878462404	1.625	0.7525314053000377	0	0	-
grid	normalised_flux	58	7	0.2721874988055788	1.625	0.75631563672935331	0	0	-
grid	normalised_flux	58	8	0.30249999882653356	1.625	0.7570422225980874	1	1	-
grid	normalised_flux	58	9	0.33281249884748831	1.625	0.75484798632340233	1	1	-
grid	normalised_flux	58	10	0.36312499886844307	1.625	0.74977694543103779	0	0	-
grid	normalised_flux	58	11	0.39343749888939783	1.625	0.7418963189195894	0	0	-
grid	normalised_flux	58	12	0.42374999891035259	1.625	0.73159156573412809	0	0	-
grid	normalised_flux	58	13	0.45406249893130735	1.625	0.72039414626483822	0	0	-
grid	normalised_flux	58	14	0.4843749989522621	1.625	0.71392630846694016	0	0	-
grid	normalised_flux	58	15	0.51468749897321686	1.625	0.71712086051901136	0	0	-
grid	normalised_flux	58	16	0.54499999899417162	1.625	0.73150636114365919	0	0	-
grid	normalised_flux	58	17	0.57531249901512638	1.625	0.7546464539391069	0	0	-
grid	normalised_flux	58	18	0.60562499903608114	1.625	0.780374834213312	0	0	-
grid	normalised_flux	58	19	0.63593749905703589	1.625	0.80625852787639751	0	0	-
grid	normalised_flux	58	20	0.66624999907799065	1.625	0.83200311951219896	0	0	-
grid	normalised_flux	58	21	0.69656249909894541	1.625	0.85768456279144556	1	1	-
grid	normalised_flux	58	22	0.72687499911990017	1.625	0.88344690859777986	1	1	-
grid	normalised_flux	58	23	0.75718749914085492	1.625	0.90941034174737023	1	1	-
grid	normalised_flux	58	24	0.78749999916180968	1.625	0.93568819935825798	1	1	-
grid	normalised_flux	58	25	0.81781249918276444	1.625	0.96238631812350006	1	1	-
grid	normalised_flux	58	26	0.8481249992037192	1.625	0.98959626968736947	1	1	-
grid	normalised_flux	58	27	0.87843749922467396	1.625	1.0173926547958358	1	0	-
grid	normalised_flux	58	28	0.90874999924562871	1.625	1.0458321301401587	1	0	-
grid	normalised_flux	58	29	0.93906249926658347	1.625	1.0749518892834735	1	0	-
grid	normalised_flux	58	30	0.96937499928753823	1.625	1.1047692116858712	1	0	-
grid	normalised_flux	58	31	0.99968749930849299	1.625	1.1352804658124696	1	0	-
grid	normalised_flux	58	32	1.0299999993294477	1.625	1.1664596850020885	1	0	-
grid	normalised_flux	58	33	1.0603124993504025	1.625	1.198257356955621	1	0	-
grid	normalised_flux	58	34	1.0906249993713573	1.625	1.2305991420178415	1	0	-
grid	normalised_flux	58	35	1.120937499392312	1.625	1.2633846864012974	1	0	-
grid	normalised_flux	58	36	1.1512499994132668	1.625	1.2964868626496069	1	0	-
grid	normalised_flux	58	37	1.1815624994342215	1.625	1.3297511525138792	1	0	-
grid	normalised_flux	58	38	1.2118749994551763	1.625	1.3629961691342036	1	0	-
grid	normalised_flux	58	39	1.2421874994761311	1.625	1.3960146064605337	1	0	-
grid	normalised_flux	58	40	1.2724999994970858	1.625	1.4285760875153386	1	0	-
grid	normalised_flux	58	41	1.3028124995180406	1.625	1.4604311994323604	1	0	-
grid	normalised_flux	58	42	1.3331249995389953	1.625	1.4913175222792292	1	0	-
grid	normalised_flux	58	43	1.3634374995599501	1.625	1.5209676516639334	1	0	-
grid	normalised_flux	58	44	1.3937499995809048	1.625	1.5491179808779987	1	0	-
grid	normalised_flux	58	45	1.4240624996018596	1.625	1.575519761649786	1	0	-
grid	normalised_flux	58	46	1.4543749996228144	1.625	1.5999491205348202	1	0	-
grid	normalised_flux	58	47	1.4846874996437691	1.625	1.6222171227771625	1	0	-
grid	normalised_flux	58	48	1.5149999996647239	1.625	1.6421779373290122	1	0	-
grid	normalised_flux	58	49	1.5453124996856786	1.625	1.6597342485497477	1	0	-
grid	normalised_flux	58	50	1.5756249997066334	1.625	1.6748397247002238	1	0	-
grid	normalised_flux	58	51	1.6059374997275881	1.625	1.6874974039272701	1	0	-
grid	normalised_flux	58	52	1.6362499997485429	1.625	1.6977561814064182	1	0	-
grid	normalised_flux	58	53	1.6665624997694977	1.625	1.705704163395714	1	0	-
grid	normalised_flux	58	54	1.6968749997904524	1.625	1.7114614516369984	1	0	-
grid	normalised_flux	58	55	1.7271874998114072	1.625	1.7151712187995967	1	0	-
grid	normalised_flux	58	56	1.7574999998323619	1.625	1.7169913535765373	1	0	-
grid	normalised_flux	58	57	1.7878124998533167	1.625	1.7170877197962751	1	0	-
grid	normalised_flux	58	58	1.8181249998742715	1.625	1.7156272256502383	1	0	-
grid	normalised_flux	58	59	1.8484374998952262	1.625	1.7127736462409366	1	0	-
grid	normalised_flux	58	60	1.878749999916181	1.625	1.7086851550876643	1	0	-
grid	normalised_flux	58	61	1.9090624999371357	1.625	1.7035131848214375	0	0	-
grid	normalised_flux	58	62	1.9393749999580905	1.625	1.6974048007372065	0	0	-
grid	normalised_flux	58	63	1.9696874999790452	1.625	1.6905077327245395	0	0	-
grid	normalised_flux	58	64	2	1.625	1.6830009466200926	0	0	-
grid	normalised_flux	59	0	0.059999998658895493	1.6875	0.68053210963978827	0	0	-
grid	normalised_flux	59	1	0.09031249867985025	1.6875	0.68653055004390362	0	0	-
grid	normalised_flux	59	2	0.12062499870080501	1.6875	0.69383113009140596	0	0	-
grid	normalised_flux	59	3	0.15093749872175977	1.6875	0.70151910427076569	0	0	-
grid	normalised_flux	59	4	0.18124999874271452	1.6875	0.7087876124357616	0	0	-
grid	normalised_flux	59	5	0.21156249876366928	1.6875	0.71510504416397391	0	0	-
grid	normalised_flux	59	6	0.24187499878462404	1.6875	0.71933684446582324	0	0	-
grid	normalised_flux	59	7	0.2721874988055788	1.6875	0.72099301425607676	0	0	-
grid	normalised_flux	59	8	0.30249999882653356	1.6875	0.71968048735482937	0	0	-
grid	normalised_flux	59	9	0.33281249884748831	1.6875	0.71492623260821153	0	0	-
grid	normalised_flux	59	10	0.36312499886844307	1.6875	0.70620065414624211	0	0	-
grid	normalised_flux	59	11	0.39343749888939783	1.6875	0.69267378603366747	0	0	-
grid	normalised_flux	59	12	0.42374999891035259	1.6875	0.6729762282767755	0	0	-
grid	normalised_flux	59	13	0.45406249893130735	1.6875	0.64505978871207881	0	0	-
grid	normalised_flux	59	14	0.4843749989522621	1.6875	0.62615987782472293	0	0	-
grid	normalised_flux	59	15	0.51468749897321686	1.6875	0.62736734240432201	0	0	-
grid	normalised_flux	59	16	0.54499999899417162	1.6875	0.65080474041575054	0	0	-
grid	normalised_flux	59	17	0.57531249901512638	1.6875	0.69307831647074813	0	0	-
grid	normalised_flux	59	18	0.60562499903608114	1.6875	0.7307964257436802	0	0	-
grid	normalised_flux	59	19	0.63593749905703589	1.6875	0.76446990414124572	0	0	-
grid	normalised_flux	59	20	0.66624999907799065	1.6875	0.7954746494417666	0	0	-
grid	normalised_flux	59	21	0.69656249909894541	1.6875	0.82468065160464243	0	0	-
grid	normalised_flux	59	22	0.72687499911990017	1.6875	0.85281881636362977	0	0	-
grid	normalised_flux	59	23	0.75718749914085492	1.6875	0.88025417231314962	1	1	-
grid	normalised_flux	59	24	0.78749999916180968	1.6875	0.90733564349587592	1	1	-
grid	normalised_flux	59	25	0.81781249918276444	1.6875	0.93431123051450116	1	1	-
grid	normalised_flux	59	26	0.8481249992037192	1.6875	0.96134717696583405	1	1	-
grid	normalised_flux	59	27	0.87843749922467396	1.6875	0.98856648032541217	1	1	-
grid	normalised_flux	59	28	0.90874999924562871	1.6875	1.016060213791544	1	0	-
grid	normalised_flux	59	29	0.93906249926658347	1.6875	1.0438937687276237	1	0	-
grid	normalised_flux	59	30	0.96937499928753823	1.6875	1.0721063087451206	1	0	-
grid	normalised_flux	59	31	0.99968749930849299	1.6875	1.1007116716534207	1	0	-
grid	normalised_flux	59	32	1.0299999993294477	1.6875	1.1296992951451885	1	0	-
grid	normalised_flux	59	33	1.0603124993504025	1.6875	1.1590351662172504	1	0	-
grid	normalised_flux	59	34	1.0906249993713573	1.6875	1.1886621772034267	1	0	-
grid	normalised_flux	59	35	1.120937499392312	1.6875	1.2185009565178053	1	0	-
grid	normalised_flux	59	36	1.1512499994132668	1.6875	1.2484505807204043	1	0	-
grid	normalised_flux	59	37	1.1815624994342215	1.6875	1.2783893815249245	1	0	-
grid	normalised_flux	59	38	1.2118749994551763	1.6875	1.3081763699300748	1	0	-
grid	normalised_flux	59	39	1.2421874994761311	1.6875	1.3376532300034278	1	0	-
grid	normalised_flux	59	40	1.2724999994970858	1.6875	1.3666468823178097	1	0	-
grid	normalised_flux	59	41	1.3028124995180406	1.6875	1.3949733291058786	1	0	-
grid	normalised_flux	59	42	1.3331249995389953	1.6875	1.4224417367699269	1	0	-
grid	normalised_flux	59	43	1.3634374995599501	1.6875	1.4488599899940533	1	0	-
grid	normalised_flux	59	44	1.3937499995809048	1.6875	1.474040530682601	1	0	-
grid	normalised_flux	59	45	1.4240624996018596	1.6875	1.4978064342538144	1	0	-
grid	normalised_flux	59	46	1.4543749996228144	1.6875	1.5199978182308083	1	0	-
grid	normalised_flux	59	47	1.4846874996437691	1.6875	1.5404768267012092	1	0	-
grid	normalised_flux	59	48	1.5149999996647239	1.6875	1.5591329470741055	1	0	-
grid	normalised_flux	59	49	1.5453124996856786	1.6875	1.5758856684585245	1	0	-
grid	normalised_flux	59	50	1.5756249997066334	1.6875	1.5906859057947569	1	0	-
grid	normalised_flux	59	51	1.6059374997275881	1.6875	1.6035170442173314	1	0	-
grid	normalised_flux	59	52	1.6362499997485429	1.6875	1.6143935149236857	1	0	-
grid	normalised_flux	59	53	1.6665624997694977	1.6875	1.6233578519694289	1	0	-
grid	normalised_flux	59	54	1.6968749997904524	1.6875	1.6304772743531561	1	0	-
grid	normalised_flux	59	55	1.7271874998114072	1.6875	1.6358400782170901	1	0	-
grid	normalised_flux	59	56	1.7574999998323619	1.6875	1.6395492757271577	1	0	-
grid	normalised_flux	59	57	1.7878124998533167	1.6875	1.641718702447365	1	0	-
grid	normalised_flux	59	58	1.8181249998742715	1.6875	1.6424686500037289	1	0	-
grid	normalised_flux	59	59	1.8484374998952262	1.6875	1.6419213088640354	1	0	-
grid	normalised_flux	59	60	1.878749999916181	1.6875	1.6401987745539821	1	0	-
grid	normalised_flux	59	61	1.9090624999371357	1.6875	1.6374210538733216	0	0	-
grid	normalised_flux	59	62	1.9393749999580905	1.6875	1.6337049255907998	0	0	-
grid	normalised_flux	59	63	1.9696874999790452	1.6875	1.6291627061970078	0	0	-
grid	normalised_flux	59	64	2	1.6875	1.6237343922920695	0	0	-
grid	normalised_flux	60	0	0.059999998658895493	1.75	0.67819753004418648	0	0	-
grid	normalised_flux	60	1	0.09031249867985025	1.75	0.68154662667674248	0	0	-
grid	normalised_flux	60	2	0.12062499870080501	1.75	0.68565746630754509	0	0	-
grid	normalised_flux	60	3	0.15093749872175977	1.75	0.69002638078670242	0	0	-
grid	normalised_flux	60	4	0.18124999874271452	1.75	0.69409846327685121	0	0	-
grid	normalised_flux	60	5	0.21156249876366928	1.75	0.69711561306978487	0	0	-
grid	normalised_flux	60	6	0.24187499878462404	1.75	0.69867803941549278	0	0	-
grid	normalised_flux	60	7	0.2721874988055788	1.75	0.69820475458823061	0	0	-
grid	normalised_flux	60	8	0.30249999882653356	1.75	0.69511726605901525	0	0	-
grid	normalised_flux	60	9	0.33281249884748831	1.75	0.68877080282033076	0	0	-
grid	normalised_flux	60	10	0.36312499886844307	1.75	0.67837089745000023	0	0	-
grid	normalised_flux	60	11	0.39343749888939783	1.75	0.66285906192920518	0	0	-
grid	normalised_flux	60	12	0.42374999891035259	1.75	0.6407961383065075	0	0	-
grid	normalised_flux	60	13	0.45406249893130735	1.75	0.61063155928186374	0	0	-
grid	normalised_flux	60	14	0.4843749989522621	1.75	0.59098635596741644	0	0	-
grid	normalised_flux	60	15	0.51468749897321686	1.75	0.59333079062596883	0	0	-
grid	normalised_flux	60	16	0.54499999899417162	1.75	0.61928223733689713	0	0	-
grid	normalised_flux	60	17	0.57531249901512638	1.75	0.66434343994435829	1	1	-
grid	normalised_flux	60	18	0.60562499903608114	1.75	0.70399051803868828	1	1	-
grid	normalised_flux	60	19	0.63593749905703589	1.75	0.73901145015827552	1	1	-
grid	normalised_flux	60	20	0.66624999907799065	1.75	0.77097523516324562	1	1	-
grid	normalised_flux	60	21	0.69656249909894541	1.75	0.80086809586473562	1	1	-
grid	normalised_flux	60	22	0.72687499911990017	1.75	0.82935193289986886	1	1	-
grid	normalised_flux	60	23	0.75718749914085492	1.75	0.85686534311382423	1	1	-
grid	normalised_flux	60	24	0.78749999916180968	1.75	0.88371967721778666	1	1	-
grid	normalised_flux	60	25	0.81781249918276444	1.75	0.91016244923624545	1	1	-
grid	normalised_flux	60	26	0.8481249992037192	1.75	0.93638248711529048	1	1	-
grid	normalised_flux	60	27	0.87843749922467396	1.75	0.9625266187946504	1	1	-
grid	normalised_flux	60	28	0.90874999924562871	1.75	0.98871280981917664	1	1	-
grid	normalised_flux	60	29	0.93906249926658347	1.75	1.0150223780875938	1	0	-
grid	normalised_flux	60	30	0.96937499928753823	1.75	1.0415070670380864	1	0	-
grid	normalised_flux	60	31	0.99968749930849299	1.75	1.0681906833993238	1	0	-
grid	normalised_flux	60	32	1.0299999993294477	1.75	1.0950716368913245	1	0	-
grid	normalised_flux	60	33	1.0603124993504025	1.75	1.1221257647525882	1	0	-
grid	normalised_flux	60	34	1.0906249993713573	1.75	1.1493083967305171	1	0	-
grid	normalised_flux	60	35	1.120937499392312	1.75	1.1765563963363177	1	0	-
grid	normalised_flux	60	36	1.1512499994132668	1.75	1.2037893950921492	1	0	-
grid	normalised_flux	60	37	1.1815624994342215	1.75	1.2309116439018484	1	0	-
grid	normalised_flux	60	38	1.2118749994551763	1.75	1.2578133897112114	1	0	-
grid	normalised_flux	60	39	1.2421874994761311	1.75	1.284373011704983	1	0	-
grid	normalised_flux	60	40	1.2724999994970858	1.75	1.3104593473880222	1	0	-
grid	normalised_flux	60	41	1.3028124995180406	1.75	1.3359344459058671	1	0	-
grid	normalised_flux	60	42	1.3331249995389953	1.75	1.3606568910178281	1	0	-
grid	normalised_flux	60	43	1.3634374995599501	1.75	1.3844852664832163	1	0	-
grid	normalised_flux	60	44	1.3937499995809048	1.75	1.4072820486869675	1	0	-
grid	normalised_flux	60	45	1.4240624996018596	1.75	1.4289174992652671	1	0	-
grid	normalised_flux	60	46	1.4543749996228144	1.75	1.4492732729049096	1	0	-
grid	normalised_flux	60	47	1.4846874996437691	1.75	1.4682455504322167	1	0	-
grid	normalised_flux	60	48	1.5149999996647239	1.75	1.4857475547783807	1	0	-
grid	normalised_flux	60	49	1.5453124996856786	1.75	1.5017111175239217	1	0	-
grid	normalised_flux	60	50	1.5756249997066334	1.75	1.5160877232616614	1	0	-
grid	normalised_flux	60	51	1.6059374997275881	1.75	1.5288486994808994	1	0	-
grid	normalised_flux	60	52	1.6362499997485429	1.75	1.539984646914883	1	0	-
grid	normalised_flux	60	53	1.6665624997694977	1.75	1.5495093321664317	1	0	-
grid	normalised_flux	60	54	1.6968749997904524	1.75	1.5574586433449655	1	0	-
grid	normalised_flux	60	55	1.7271874998114072	1.75	1.5638873620354974	1	0	-
grid	normalised_flux	60	56	1.7574999998323619	1.75	1.5688681189356632	1	0	-
grid	normalised_flux	60	57	1.7878124998533167	1.75	1.5724834187202916	1	0	-
grid	normalised_flux	60	58	1.8181249998742715	1.75	1.5748211777632526	1	0	-
grid	normalised_flux	60	59	1.8484374998952262	1.75	1.575972445527333	1	0	-
grid	normalised_flux	60	60	1.878749999916181	1.75	1.5760291259541146	1	0	-
grid	normalised_flux	60	61	1.9090624999371357	1.75	1.5750826482747387	0	0	-
grid	normalised_flux	60	62	1.9393749999580905	1.75	1.5732222580523114	0	0	-
grid	normalised_flux	60	63	1.9696874999790452	1.75	1.5705334031664042	0	0	-
grid	normalised_flux	60	64	2	1.75	1.567164762927469	0	0	-
grid	normalised_flux	61	0	0.059999998658895493	1.8125	0.67692462459037828	0	0	-
grid	normalised_flux	61	1	0.09031249867985025	1.8125	0.67881220033013256	0	0	-
grid	normalised_flux	61	2	0.12062499870080501	1.8125	0.68112767097610394	0	0	-
grid	normalised_flux	61	3	0.15093749872175977	1.8125	0.68357413648509102	0	0	-
grid	normalised_flux	61	4	0.18124999874271452	1.8125	0.68575405208086238	0	0	-
grid	normalised_flux	61	5	0.21156249876366928	1.8125	0.68699437404040253	0	0	-
grid	normalised_flux	61	6	0.24187499878462404	1.8125	0.68709869611045526	0	0	-
grid	normalised_flux	61	7	0.2721874988055788	1.8125	0.68566254496753998	0	0	-
grid	normalised_flux	61	8	0.30249999882653356	1.8125	0.68223611244095961	0	0	-
grid	normalised_flux	61	9	0.33281249884748831	1.8125	0.67629588090144599	0	0	-
grid	normalised_flux	61	10	0.36312499886844307	1.8125	0.66721183254465732	0	0	-
grid	normalised_flux	61	11	0.39343749888939783	1.8125	0.65417248018831575	0	0	-
grid	normalised_flux	61	12	0.42374999891035259	1.8125	0.63605096536403438	0	0	-
grid	normalised_flux	61	13	0.45406249893130735	1.8125	0.61153927685364584	0	0	-
grid	normalised_flux	61	14	0.4843749989522621	1.8125	0.60064334301916689	0	0	-
grid	normalised_flux	61	15	0.51468749897321686	1.8125	0.61685859130720688	0	0	-
grid	normalised_flux	61	16	0.54499999899417162	1.8125	0.64185804776375066	0	0	-
grid	normalised_flux	61	17	0.57531249901512638	1.8125	0.67195106975226715	1	1	-
grid	normalised_flux	61	18	0.60562499903608114	1.8125	0.70258056275308889	1	1	-
grid	normalised_flux	61	19	0.63593749905703589	1.8125	0.73213162006853583	1	1	-
grid	normalised_flux	61	20	0.66624999907799065	1.8125	0.76053317791629937	1	1	-
grid	normalised_flux	61	21	0.69656249909894541	1.8125	0.78796025610248588	1	1	-
grid	normalised_flux	61	22	0.72687499911990017	1.8125	0.8145915712407692	1	1	-
grid	normalised_flux	61	23	0.75718749914085492	1.8125	0.84057058676062002	1	1	-
grid	normalised_flux	61	24	0.78749999916180968	1.8125	0.86599943661364731	1	1	-
grid	normalised_flux	61	25	0.81781249918276444	1.8125	0.89096850566801888	1	1	-
grid	normalised_flux	61	26	0.8481249992037192	1.8125	0.91561252861495201	1	1	-
grid	normalised_flux	61	27	0.87843749922467396	1.8125	0.94008036278131513	1	1	-
grid	normalised_flux	61	28	0.90874999924562871	1.8125	0.96449984768915464	1	1	-
grid	normalised_flux	61	29	0.93906249926658347	1.8125	0.98897261884411525	1	1	-
grid	normalised_flux	61	30	0.96937499928753823	1.8125	1.0135490430240992	1	0	-
grid	normalised_flux	61	31	0.99968749930849299	1.8125	1.0382440736080314	1	0	-
grid	normalised_flux	61	32	1.0299999993294477	1.8125	1.0630492370145213	1	0	-
grid	normalised_flux	61	33	1.0603124993504025	1.8125	1.0879381156074681	1	0	-
grid	normalised_flux	61	34	1.0906249993713573	1.8125	1.112869195958714	1	0	-
grid	normalised_flux	61	35	1.120937499392312	1.8125	1.1377874591280244	1	0	-
grid	normalised_flux	61	36	1.1512499994132668	1.8125	1.1626256861168036	1	0	-
grid	normalised_flux	61	37	1.1815624994342215	1.8125	1.1873058819994216	1	0	-
grid	normalised_flux	61	38	1.2118749994551763	1.8125	1.2117405576414069	1	0	-
grid	normalised_flux	61	39	1.2421874994761311	1.8125	1.2358342962439059	1	0	-
grid	normalised_flux	61	40	1.2724999994970858	1.8125	1.2594855572433621	1	0	-
grid	normalised_flux	61	41	1.3028124995180406	1.8125	1.2825887650374619	1	0	-
grid	normalised_flux	61	42	1.3331249995389953	1.8125	1.3050367300083885	1	0	-
grid	normalised_flux	61	43	1.3634374995599501	1.8125	1.3267228321908557	1	0	-
grid	normalised_flux	61	44	1.3937499995809048	1.8125	1.3475438695347595	1	0	-
grid	normalised_flux	61	45	1.4240624996018596	1.8125	1.3674024789284343	1	0	-
grid	normalised_flux	61	46	1.4543749996228144	1.8125	1.3862094622798169	1	0	-
grid	normalised_flux	61	47	1.4846874996437691	1.8125	1.4038856853582162	1	0	-
grid	normalised_flux	61	48	1.5149999996647239	1.8125	1.4203634544545951	1	0	-
grid	normalised_flux	61	49	1.5453124996856786	1.8125	1.4355858517869502	1	0	-
grid	normalised_flux	61	50	1.5756249997066334	1.8125	1.4495040296507939	1	0	-
grid	normalised_flux	61	51	1.6059374997275881	1.8125	1.4620742197433687	1	0	-
grid	normalised_flux	61	52	1.6362499997485429	1.8125	1.4732642841677468	1	0	-
grid	normalised_flux	61	53	1.6665624997694977	1.8125	1.4830561364560861	1	0	-
grid	normalised_flux	61	54	1.6968749997904524	1.8125	1.4914604101222886	1	0	-
grid	normalised_flux	61	55	1.7271874998114072	1.8125	1.4985243863263835	1	0	-
grid	normalised_flux	61	56	1.7574999998323619	1.8125	1.5043109167308988	1	0	-
grid	normalised_flux	61	57	1.7878124998533167	1.8125	1.5088910180179673	1	0	-
grid	normalised_flux	61	58	1.8181249998742715	1.8125	1.512335042275101	1	0	-
grid	normalised_flux	61	59	1.8484374998952262	1.8125	1.5147101135588077	1	0	-
grid	normalised_flux	61	60	1.878749999916181	1.8125	1.5160829761572407	1	0	-
grid	normalised_flux	61	61	1.9090624999371357	1.8125	1.5165214187215259	0	0	-
grid	normalised_flux	61	62	1.9393749999580905	1.8125	1.5160933248448776	0	0	-
grid	normalised_flux	61	63	1.9696874999790452	1.8125	1.5148655337575376	0	0	-
grid	normalised_flux	61	64	2	1.8125	1.5128975741489403	0	0	-
grid	normalised_flux	62	0	0.059999998658895493	1.875	0.67623751247108832	0	0	-
grid	normalised_flux	62	1	0.09031249867985025	1.875	0.67733399744483547	0	0	-
grid	normalised_flux	62	2	0.12062499870080501	1.875	0.67867765107268185	0	0	-
grid	normalised_flux	62	3	0.15093749872175977	1.875	0.68009429272903099	0	0	-
grid	normalised_flux	62	4	0.18124999874271452	1.875	0.68135830830264299	0	0	-
grid	normalised_flux	62	5	0.21156249876366928	1.875	0.68197970501303251	0	0	-
grid	normalised_flux	62	6	0.24187499878462404	1.875	0.68166549417143396	0	0	-
grid	normalised_flux	62	7	0.2721874988055788	1.875	0.68042568771776457	0	0	-
grid	normalised_flux	62	8	0.30249999882653356	1.875	0.67798986443806653	0	0	-
grid	normalised_flux	62	9	0.33281249884748831	1.875	0.67411240089781632	0	0	-
grid	normalised_flux	62	10	0.36312499886844307	1.875	0.6685932955611773	0	0	-
grid	normalised_flux	62	11	0.39343749888939783	1.875	0.66131534288358962	0	0	-
grid	normalised_flux	62	12	0.42374999891035259	1.875	0.65236006093952881	0	0	-
grid	normalised_flux	62	13	0.45406249893130735	1.875	0.6429216216744813	0	0	-
grid	normalised_flux	62	14	0.4843749989522621	1.875	0.64170989656866484	0	0	-
grid	normalised_flux	62	15	0.51468749897321686	1.875	0.65393093713110551	0	0	-
grid	normalised_flux	62	16	0.54499999899417162	1.875	0.67152027150956928	0	0	-
grid	normalised_flux	62	17	0.57531249901512638	1.875	0.69154999213642154	0	0	-
grid	normalised_flux	62	18	0.60562499903608114	1.875	0.71336887082953226	0	0	-
grid	normalised_flux	62	19	0.63593749905703589	1.875	0.73618594393774117	0	0	-
grid	normalised_flux	62	20	0.66624999907799065	1.875	0.75954973216124799	0	0	-
grid	normalised_flux	62	21	0.69656249909894541	1.875	0.78324597790896988	0	0	-
grid	normalised_flux	62	22	0.72687499911990017	1.875	0.80724535594334856	0	0	-
grid	normalised_flux	62	23	0.75718749914085492	1.875	0.83111513802704551	0	0	-
grid	normalised_flux	62	24	0.78749999916180968	1.875	0.85452157898377112	0	0	-
grid	normalised_flux	62	25	0.81781249918276444	1.875	0.8772500622226711	0	0	-
grid	normalised_flux	62	26	0.8481249992037192	1.875	0.89940691101500547	0	0	-
grid	normalised_flux	62	27	0.87843749922467396	1.875	0.92127159926577484	0	0	-
grid	normalised_flux	62	28	0.90874999924562871	1.875	0.94341631920631452	0	0	-
grid	normalised_flux	62	29	0.93906249926658347	1.875	0.96578526862416048	0	0	-
grid	normalised_flux	62	30	0.96937499928753823	1.875	0.98832181456357515	0	0	-
grid	normalised_flux	62	31	0.99968749930849299	1.875	1.0109904012124484	0	0	-
grid	normalised_flux	62	32	1.0299999993294477	1.875	1.0337561848243333	0	0	-
grid	normalised_flux	62	33	1.0603124993504025	1.875	1.0565794321352291	0	0	-
grid	normalised_flux	62	34	1.0906249993713573	1.875	1.0794138351415135	0	0	-
grid	normalised_flux	62	35	1.120937499392312	1.875	1.1022060126539766	0	0	-
grid	normalised_flux	62	36	1.1512499994132668	1.875	1.1248956527109548	0	0	-
grid	normalised_flux	62	37	1.1815624994342215	1.875	1.1474160584953397	0	0	-
grid	normalised_flux	62	38	1.2118749994551763	1.875	1.1696946467805398	0	0	-
grid	normalised_flux	62	39	1.2421874994761311	1.875	1.1916542771197209	0	0	-
grid	normalised_flux	62	40	1.2724999994970858	1.875	1.2132141063246005	0	0	-
grid	normalised_flux	62	41	1.3028124995180406	1.875	1.2342912499519949	0	0	-
grid	normalised_flux	62	42	1.3331249995389953	1.875	1.2548021589641021	0	0	-
grid	normalised_flux	62	43	1.3634374995599501	1.875	1.2746646135123574	0	0	-
grid	normalised_flux	62	44	1.3937499995809048	1.875	1.2937992894818928	0	0	-
grid	normalised_flux	62	45	1.4240624996018596	1.875	1.3121317997464381	0	0	-
grid	normalised_flux	62	46	1.4543749996228144	1.875	1.3295943556548673	0	0	-
grid	normalised_flux	62	47	1.4846874996437691	1.875	1.3461277133440108	0	0	-
grid	normalised_flux	62	48	1.5149999996647239	1.875	1.3616829776383372	0	0	-
grid	normalised_flux	62	49	1.5453124996856786	1.875	1.3762248300809576	0	0	-
grid	normalised_flux	62	50	1.5756249997066334	1.875	1.3897395515400959	0	0	-
grid	normalised_flux	62	51	1.6059374997275881	1.875	1.4021924881534824	0	0	-
grid	normalised_flux	62	52	1.6362499997485429	1.875	1.4134115573858701	0	0	-
grid	normalised_flux	62	53	1.6665624997694977	1.875	1.4233065167822245	0	0	-
grid	normalised_flux	62	54	1.6968749997904524	1.875	1.4318279489855272	0	0	-
grid	normalised_flux	62	55	1.7271874998114072	1.875	1.4390810498297379	0	0	-
grid	normalised_flux	62	56	1.7574999998323619	1.875	1.4452390411551643	0	0	-
grid	normalised_flux	62	57	1.7878124998533167	1.875	1.450406691556368	0	0	-
grid	normalised_flux	62	58	1.8181249998742715	1.875	1.4545950617866497	0	0	-
grid	normalised_flux	62	59	1.8484374998952262	1.875	1.4578350080247426	0	0	-
grid	normalised_flux	62	60	1.878749999916181	1.875	1.4601670230713546	0	0	-
grid	normalised_flux	62	61	1.9090624999371357	1.875	1.4616379133760726	0	0	-
grid	normalised_flux	62	62	1.9393749999580905	1.875	1.4622991375508159	0	0	-
grid	normalised_flux	62	63	1.9696874999790452	1.875	1.4622055246516419	0	0	-
grid	normalised_flux	62	64	2	1.875	1.4614739483893857	0	0	-
grid	normalised_flux	63	0	0.059999998658895493	1.9375	0.67588974817754799	0	0	-
grid	normalised_flux	63	1	0.09031249867985025	1.9375	0.67659034184160027	0	0	-
grid	normalised_flux	63	2	0.12062499870080501	1.9375	0.6774545796455651	0	0	-
grid	normalised_flux	63	3	0.15093749872175977	1.9375	0.67836957957222233	0	0	-
grid	normalised_flux	63	4	0.18124999874271452	1.9375	0.67919524715276991	0	0	-
grid	normalised_flux	63	5	0.21156249876366928	1.9375	0.67974144750393217	0	0	-
grid	normalised_flux	63	6	0.24187499878462404	1.9375	0.67986554942298238	0	0	-
grid	normalised_flux	63	7	0.2721874988055788	1.9375	0.67951249020731697	0	0	-
grid	normalised_flux	63	8	0.30249999882653356	1.9375	0.67862860643753409	0	0	-
grid	normalised_flux	63	9	0.33281249884748831	1.9375	0.677224858547266	0	0	-
grid	normalised_flux	63	10	0.36312499886844307	1.9375	0.67542659098928359	0	0	-
grid	normalised_flux	63	11	0.39343749888939783	1.9375	0.67355690799703383	0	0	-
grid	normalised_flux	63	12	0.42374999891035259	1.9375	0.6722681023394893	0	0	-
grid	normalised_flux	63	13	0.45406249893130735	1.9375	0.67270629957490158	0	0	-
grid	normalised_flux	63	14	0.4843749989522621	1.9375	0.67632002066915975	0	0	-
grid	normalised_flux	63	15	0.51468749897321686	1.9375	0.68389401937473704	0	0	-
grid	normalised_flux	63	16	0.54499999899417162	1.9375	0.6950916910339493	0	0	-
grid	normalised_flux	63	17	0.57531249901512638	1.9375	0.70912831212002692	0	0	-
grid	normalised_flux	63	18	0.60562499903608114	1.9375	0.72529900586613938	0	0	-
grid	normalised_flux	63	19	0.63593749905703589	1.9375	0.74307231909770077	0	0	-
grid	normalised_flux	63	20	0.66624999907799065	1.9375	0.76205583539472388	0	0	-
grid	normalised_flux	63	21	0.69656249909894541	1.9375	0.78197001557952195	0	0	-
grid	normalised_flux	63	22	0.72687499911990017	1.9375	0.80259464147802428	0	0	-
grid	normalised_flux	63	23	0.75718749914085492	1.9375	0.82369149745652515	0	0	-
grid	normalised_flux	63	24	0.78749999916180968	1.9375	0.8451238075689067	0	0	-
grid	normalised_flux	63	25	0.81781249918276444	1.9375	0.86498151501274145	0	0	-
grid	normalised_flux	63	26	0.8481249992037192	1.9375	0.88469997801615941	0	0	-
grid	normalised_flux	63	27	0.87843749922467396	1.9375	0.90455756678238364	0	0	-
grid	normalised_flux	63	28	0.90874999924562871	1.9375	0.92465016095294894	0	0	-
grid	normalised_flux	63	29	0.93906249926658347	1.9375	0.94499026914800344	0	0	-
grid	normalised_flux	63	30	0.96937499928753823	1.9375	0.96553860907846689	0	0	-
grid	normalised_flux	63	31	0.99968749930849299	1.9375	0.98624597700701999	0	0	-
grid	normalised_flux	63	32	1.0299999993294477	1.9375	1.0070630030476884	0	0	-
grid	normalised_flux	63	33	1.0603124993504025	1.9375	1.0279401749013659	0	0	-
grid	normalised_flux	63	34	1.0906249993713573	1.9375	1.0488266273441853	0	0	-
grid	normalised_flux	63	35	1.120937499392312	1.9375	1.0696691453355927	0	0	-
grid	normalised_flux	63	36	1.1512499994132668	1.9375	1.0904116418368579	0	0	-
grid	normalised_flux	63	37	1.1815624994342215	1.9375	1.1109949916624231	0	0	-
grid	normalised_flux	63	38	1.2118749994551763	1.9375	1.1313572213640775	0	0	-
grid	normalised_flux	63	39	1.2421874994761311	1.9375	1.1514340076769225	0	0	-
grid	normalised_flux	63	40	1.2724999994970858	1.9375	1.1711591759653344	0	0	-
grid	normalised_flux	63	41	1.3028124995180406	1.9375	1.1904657445859392	0	0	-
grid	normalised_flux	63	42	1.3331249995389953	1.9375	1.209286826837451	0	0	-
grid	normalised_flux	63	43	1.3634374995599501	1.9375	1.2275570076209539	0	0	-
grid	normalised_flux	63	44	1.3937499995809048	1.9375	1.2452134827449637	0	0	-
grid	normalised_flux	63	45	1.4240624996018596	1.9375	1.262197767883019	0	0	-
grid	normalised_flux	63	46	1.4543749996228144	1.9375	1.2784567904076969	0	0	-
grid	normalised_flux	63	47	1.4846874996437691	1.9375	1.2939445983482072	0	0	-
grid	normalised_flux	63	48	1.5149999996647239	1.9375	1.3086237370506706	0	0	-
grid	normalised_flux	63	49	1.5453124996856786	1.9375	1.3224653441202103	0	0	-
grid	normalised_flux	63	50	1.5756249997066334	1.9375	1.3354454466795025	0	0	-
grid	normalised_flux	63	51	1.6059374997275881	1.9375	1.3475303402871608	0	0	-
grid	normalised_flux	63	52	1.6362499997485429	1.9375	1.3586844216600313	0	0	-
grid	normalised_flux	63	53	1.6665624997694977	1.9375	1.368644748684257	0	0	-
grid	normalised_flux	63	54	1.6968749997904524	1.9375	1.3769900158425115	0	0	-
grid	normalised_flux	63	55	1.7271874998114072	1.9375	1.3843895648580973	0	0	-
grid	normalised_flux	63	56	1.7574999998323619	1.9375	1.3908638557510671	0	0	-
grid	normalised_flux	63	57	1.7878124998533167	1.9375	1.3964484918045752	0	0	-
grid	normalised_flux	63	58	1.8181249998742715	1.9375	1.4011617493706408	0	0	-
grid	normalised_flux	63	59	1.8484374998952262	1.9375	1.4050201483726474	0	0	-
grid	normalised_flux	63	60	1.878749999916181	1.9375	1.4080460951434606	0	0	-
grid	normalised_flux	63	61	1.9090624999371357	1.9375	1.4102698762092831	0	0	-
grid	normalised_flux	63	62	1.9393749999580905	1.9375	1.4117310824209834	0	0	-
grid	normalised_flux	63	63	1.9696874999790452	1.9375	1.4124796533170654	0	0	-
grid	normalised_flux	63	64	2	1.9375	1.412653254925726	0	0	-
grid	normalised_flux	64	0	0.059999998658895493	2	0.67574368584748246	0	0	-
grid	normalised_flux	64	1	0.09031249867985025	2	0.67628912879442593	0	0	-
grid	normalised_flux	64	2	0.12062499870080501	2	0.67698943758585439	0	0	-
grid	normalised_flux	64	3	0.15093749872175977	2	0.6777847819243128	0	0	-
grid	normalised_flux	64	4	0.18124999874271452	2	0.67860795764590709	0	0	-
grid	normalised_flux	64	5	0.21156249876366928	2	0.67940283469127416	0	0	-
grid	normalised_flux	64	6	0.24187499878462404	2	0.68010196375308063	0	0	-
grid	normalised_flux	64	7	0.2721874988055788	2	0.68067182359850165	0	0	-
grid	normalised_flux	64	8	0.30249999882653356	2	0.68117000290890695	0	0	-
grid	normalised_flux	64	9	0.33281249884748831	2	0.68169081700657752	0	0	-
grid	normalised_flux	64	10	0.36312499886844307	2	0.68241161882526913	0	0	-
grid	normalised_flux	64	11	0.39343749888939783	2	0.68361655557176426	0	0	-
grid	normalised_flux	64	12	0.42374999891035259	2	0.68570316534667897	0	0	-
grid	normalised_flux	64	13	0.45406249893130735	2	0.68909033190235036	0	0	-
grid	normalised_flux	64	14	0.4843749989522621	2	0.69416590924637678	0	0	-
grid	normalised_flux	64	15	0.51468749897321686	2	0.70123041208236825	0	0	-
grid	normalised_flux	64	16	0.54499999899417162	2	0.71035097040071205	0	0	-
grid	normalised_flux	64	17	0.57531249901512638	2	0.72148621466985341	0	0	-
grid	normalised_flux	64	18	0.60562499903608114	2	0.73441896486255021	0	0	-
grid	normalised_flux	64	19	0.63593749905703589	2	0.74886086108771455	0	0	-
grid	normalised_flux	64	20	0.66624999907799065	2	0.76458025651738282	0	0	-
grid	normalised_flux	64	21	0.69656249909894541	2	0.78140230936186439	0	0	-
grid	normalised_flux	64	22	0.72687499911990017	2	0.79924125131204027	0	0	-
grid	normalised_flux	64	23	0.75718749914085492	2	0.81766898849126246	0	0	-
grid	normalised_flux	64	24	0.78749999916180968	2	0.83651054263058788	0	0	-
grid	normalised_flux	64	25	0.81781249918276444	2	0.85417088664470053	0	0	-
grid	normalised_flux	64	26	0.8481249992037192	2	0.87179363359180206	0	0	-
grid	normalised_flux	64	27	0.87843749922467396	2	0.88949782898299978	0	0	-
grid	normalised_flux	64	28	0.90874999924562871	2	0.90764669751303473	0	0	-
grid	normalised_flux	64	29	0.93906249926658347	2	0.92611946097768605	0	0	-
grid	normalised_flux	64	30	0.96937499928753823	2	0.94483083764603826	0	0	-
grid	normalised_flux	64	31	0.99968749930849299	2	0.96371792838451809	0	0	-
grid	normalised_flux	64	32	1.0299999993294477	2	0.98272519207140518	0	0	-
grid	normalised_flux	64	33	1.0603124993504025	2	1.0018001257318077	0	0	-
grid	normalised_flux	64	34	1.0906249993713573	2	1.0208913419603729	0	0	-
grid	normalised_flux	64	35	1.120937499392312	2	1.0399475720293583	0	0	-
grid	normalised_flux	64	36	1.1512499994132668	2	1.0589171674426678	0	0	-
grid	normalised_flux	64	37	1.1815624994342215	2	1.0777476964319765	0	0	-
grid	normalised_flux	64	38	1.2118749994551763	2	1.0963857303370306	0	0	-
grid	normalised_flux	64	39	1.2421874994761311	2	1.1147770097543028	0	0	-
grid	normalised_flux	64	40	1.2724999994970858	2	1.1328662783883372	0	0	-
grid	normalised_flux	64	41	1.3028124995180406	2	1.150597947646369	0	0	-
grid	normalised_flux	64	42	1.3331249995389953	2	1.167916856175031	0	0	-
grid	normalised_flux	64	43	1.3634374995599501	2	1.184768934454973	0	0	-
grid	normalised_flux	64	44	1.3937499995809048	2	1.2011023915769659	0	0	-
grid	normalised_flux	64	45	1.4240624996018596	2	1.2168688070759199	0	0	-
grid	normalised_flux	64	46	1.4543749996228144	2	1.2320241278228121	0	0	-
grid	normalised_flux	64	47	1.4846874996437691	2	1.2465300446849688	0	0	-
grid	normalised_flux	64	48	1.5149999996647239	2	1.2603555590705227	0	0	-
grid	normalised_flux	64	49	1.5453124996856786	2	1.2734800210752446	0	0	-
grid	normalised_flux	64	50	1.5756249997066334	2	1.2859025762203393	0	0	-
grid	normalised_flux	64	51	1.6059374997275881	2	1.2976081761847931	0	0	-
grid	normalised_flux	64	52	1.6362499997485429	2	1.3084333306923608	0	0	-
grid	normalised_flux	64	53	1.6665624997694977	2	1.3182078085785209	0	0	-
grid	normalised_flux	64	54	1.6968749997904524	2	1.3265768587299227	0	0	-
grid	normalised_flux	64	55	1.7271874998114072	2	1.3340356516086775	0	0	-
grid	normalised_flux	64	56	1.7574999998323619	2	1.3406784647085777	0	0	-
grid	normalised_flux	64	57	1.7878124998533167	2	1.3465695263524347	0	0	-
grid	normalised_flux	64	58	1.8181249998742715	2	1.3516784076009118	0	0	-
grid	normalised_flux	64	59	1.8484374998952262	2	1.3559979877973782	0	0	-
grid	normalised_flux	64	60	1.878749999916181	2	1.3595306404940444	0	0	-
grid	normalised_flux	64	61	1.9090624999371357	2	1.3622860972549726	0	0	-
grid	normalised_flux	64	62	1.9393749999580905	2	1.3642851029264806	0	0	-
grid	normalised_flux	64	63	1.9696874999790452	2	1.3655677705409226	0	0	-
grid	normalised_flux	64	64	2	2	1.3662710065897881	0	0	-
limiter	limiter	0	0	1.8999999761581421	0.4050000011920929				-
limiter	limiter	0	1	1.5551042556762695	0.4050000011920929				-
limiter	limiter	0	2	1.5551042556762695	0.82250022888183594				-
limiter	limiter	0	3	1.4079306125640869	0.82250022888183594				-
limiter	limiter	0	4	1.4079306125640869	1.0330003499984741				-
limiter	limiter	0	5	1.039931058883667	1.0330003499984741				-
limiter	limiter	0	6	1.039931058883667	1.1950000524520874				-
limiter	limiter	0	7	1.8999999761581421	1.1950000524520874				-
limiter	limiter	0	8	1.8999999761581421	1.8250000476837158				-
limiter	limiter	0	9	0.56493067741394043	1.8250000476837158				-
limiter	limiter	0	10	0.56493067741394043	1.7280815839767456				-
limiter	limiter	0	11	0.78350001573562622	1.7280815839767456				-
limiter	limiter	0	12	0.78350001573562622	1.7155816555023193				-
limiter	limiter	0	13	0.58259028196334839	1.5470000505447388				-
limiter	limiter	0	14	0.41650000214576721	1.5470000505447388				-
limiter	limiter	0	15	0.2800000011920929	1.6835000514984131				-
limiter	limiter	0	16	0.2800000011920929	1.2290885448455811				-
limiter	limiter	0	17	0.19524440169334412	1.0835000276565552				-
limiter	limiter	0	18	0.19524440169334412	-1.0835000276565552				-
limiter	limiter	0	19	0.2800000011920929	-1.2290885448455811				-
limiter	limiter	0	20	0.2800000011920929	-1.6835000514984131				-
limiter	limiter	0	21	0.41650000214576721	-1.5470000505447388				-
limiter	limiter	0	22	0.58259028196334839	-1.5470000505447388				-
limiter	limiter	0	23	0.78350001573562622	-1.7155816555023193				-
limiter	limiter	0	24	0.78350001573562622	-1.7280815839767456				-
limiter	limiter	0	25	0.56493067741394043	-1.7280815839767456				-
limiter	limiter	0	26	0.56493067741394043	-1.8250000476837158				-
limiter	limiter	0	27	1.8999999761581421	-1.8250000476837158				-
limiter	limiter	0	28	1.8999999761581421	-1.1950000524520874				-
limiter	limiter	0	29	1.039931058883667	-1.1950000524520874				-
limiter	limiter	0	30	1.039931058883667	-1.0330003499984741				-
limiter	limiter	0	31	1.4079306125640869	-1.0330003499984741				-
limiter	limiter	0	32	1.4079306125640869	-0.82250022888183594				-
limiter	limiter	0	33	1.5551042556762695	-0.82250022888183594				-
limiter	limiter	0	34	1.5551042556762695	-0.4050000011920929				-
limiter	limiter	0	35	1.8999999761581421	-0.4050000011920929				-
limiter	limiter	0	36	1.8999999761581421	0.4050000011920929				-
structure	p2_outer_lower	0	0	0.502	-1.7866299999999999				-
structure	p2_outer_lower	0	1	0.502	-1.6356299999999999				-
structure	p2_outer_lower	0	2	0.55200000000000005	-1.6356299999999999				-
structure	p2_outer_lower	0	3	0.55200000000000005	-1.7866299999999999				-
structure	p2_outer_lower	0	4	0.502	-1.7866299999999999				-
structure	p2_outer_upper	0	0	0.50339999999999996	1.64025				-
structure	p2_outer_upper	0	1	0.50339999999999996	1.79125				-
structure	p2_outer_upper	0	2	0.5534	1.79125				-
structure	p2_outer_upper	0	3	0.5534	1.64025				-
structure	p2_outer_upper	0	4	0.50339999999999996	1.64025				-
structure	coil_cases	0	0	0.43511	1.623				-
structure	coil_cases	0	1	0.43511	1.915				-
structure	coil_cases	0	2	0.56493000000000004	1.915				-
structure	coil_cases	0	3	0.56493000000000004	1.623				-
structure	coil_cases	0	4	0.43511	1.623				-
structure	coil_cases	1	0	0.43511	-1.915				-
structure	coil_cases	1	1	0.43511	-1.623				-
structure	coil_cases	1	2	0.56493000000000004	-1.623				-
structure	coil_cases	1	3	0.56493000000000004	-1.915				-
structure	coil_cases	1	4	0.43511	-1.915				-
marker	lobe_lower_outer			0.57531249901512638	-1.8125	0.67145991875247713			-
marker	lobe_lower_inner			0.57531249901512638	-1.75	0.66112913771269222			-
marker	lobe_upper_inner			0.57531249901512638	1.75	0.66434343994435829			-
marker	lobe_upper_outer			0.57531249901512638	1.8125	0.67195106975226715			-
