revision=f5af729a9de6a2287ebd2b528cea278d5bdb3157 tree=/home/ITER/mcintos/Code/.reckon-worktrees/nova-a0f1e0938fc2/s19-codex-20260916/fsri-attribute-the-reduced-newton-abort host=98dci4-clu-3141.iter.org command=env JAX_ENABLE_COMPILATION_CACHE=true /home/ITER/mcintos/Code/nova/.venv/bin/python -m pytest -p no:cacheprovider -vv --tb=short tests/test_reduced_newton.py::test_diverted_normalised_certificate_rung_retains_finite_fallback tests/test_reduced_newton.py::test_threshold_one_reproduces_the_refusal_only_policy
============================= test session starts ==============================
platform linux -- Python 3.14.2, pytest-9.1.1, pluggy-1.6.0 -- /home/ITER/mcintos/Code/nova/.venv/bin/python
rootdir: /home/ITER/mcintos/Code/.reckon-worktrees/nova-a0f1e0938fc2/s19-codex-20260916/fsri-attribute-the-reduced-newton-abort
configfile: pyproject.toml
plugins: anyio-4.14.2, zarr-3.2.1, asyncio-1.4.0, typeguard-2.13.3, jaxtyping-0.3.11, cov-7.1.0
asyncio: mode=Mode.AUTO, debug=False, asyncio_default_fixture_loop_scope=function, asyncio_default_test_loop_scope=function
collecting ... 23:08:42 INFO     Parsing data dictionary version 4.1.1 [90m@dd_zip.py:89[0m
collected 2 items

tests/test_reduced_newton.py::test_diverted_normalised_certificate_rung_retains_finite_fallback FAILED [ 50%]
tests/test_reduced_newton.py::test_threshold_one_reproduces_the_refusal_only_policy PASSED [100%]

=================================== FAILURES ===================================
______ test_diverted_normalised_certificate_rung_retains_finite_fallback _______
tests/test_reduced_newton.py:149: in test_diverted_normalised_certificate_rung_retains_finite_fallback
    assert row["solver"]["terminal_fixed_point_residual"] == 2.248351582217136
E   assert 2.340823366528062 == 2.248351582217136
----------------------------- Captured stdout call -----------------------------
SOLOVEV_COMPILATION_CACHE directory=/home/ITER/mcintos/.cache/nova/jax-compilation/runtime-ea5c55820be3d80549fe version=runtime-ea5c55820be3d80549fe
SOLOVEV_STAGE_BEGIN case=diverted-single-null requested_cells=-300 stage=case_and_machine
SOLOVEV_STAGE_END case=diverted-single-null requested_cells=-300 stage=case_and_machine elapsed_seconds=0.946774
SOLOVEV_STAGE_BEGIN case=diverted-single-null requested_cells=-300 stage=operator_and_seed
SOLOVEV_STAGE_HEARTBEAT case=diverted-single-null requested_cells=-300 stage=operator_and_seed elapsed_seconds=30.000
SOLOVEV_STAGE_END case=diverted-single-null requested_cells=-300 stage=operator_and_seed elapsed_seconds=52.468003
SOLOVEV_STAGE_BEGIN case=diverted-single-null requested_cells=-300 stage=production_solve
SOLOVEV_STAGE_HEARTBEAT case=diverted-single-null requested_cells=-300 stage=production_solve elapsed_seconds=30.000
SOLOVEV_STAGE_HEARTBEAT case=diverted-single-null requested_cells=-300 stage=production_solve elapsed_seconds=60.001
SOLOVEV_STAGE_HEARTBEAT case=diverted-single-null requested_cells=-300 stage=production_solve elapsed_seconds=90.001
SOLOVEV_STAGE_HEARTBEAT case=diverted-single-null requested_cells=-300 stage=production_solve elapsed_seconds=120.001
SOLOVEV_STAGE_HEARTBEAT case=diverted-single-null requested_cells=-300 stage=production_solve elapsed_seconds=150.002
SOLOVEV_STAGE_HEARTBEAT case=diverted-single-null requested_cells=-300 stage=production_solve elapsed_seconds=180.002
SOLOVEV_STAGE_HEARTBEAT case=diverted-single-null requested_cells=-300 stage=production_solve elapsed_seconds=210.002
SOLOVEV_STAGE_HEARTBEAT case=diverted-single-null requested_cells=-300 stage=production_solve elapsed_seconds=240.003
SOLOVEV_STAGE_END case=diverted-single-null requested_cells=-300 stage=production_solve elapsed_seconds=241.632476
SOLOVEV_STAGE_BEGIN case=diverted-single-null requested_cells=-300 stage=accuracy_scoring
SOLOVEV_STAGE_END case=diverted-single-null requested_cells=-300 stage=accuracy_scoring elapsed_seconds=1.374372
SOLOVEV_STAGE_BEGIN case=diverted-single-null requested_cells=-300 stage=figure_render
SOLOVEV_STAGE_END case=diverted-single-null requested_cells=-300 stage=figure_render elapsed_seconds=0.630679
------------------------------ Captured log call -------------------------------
WARNING  jax._src.dispatch:dispatch.py:204 Finished tracing convert_element_type for jit in 0.000400066 sec
WARNING  jax._src.interpreters.pxla:pxla.py:732 Compiling jit(convert_element_type) with global shapes and types (ShapedArray(float64[2]),). Argument mapping: (UnspecifiedValue,).
WARNING  jax._src.dispatch:dispatch.py:204 Finished jaxpr to MLIR module conversion jit(convert_element_type) in 0.003445625 sec
WARNING  jax._src.compiler:compiler.py:124 Persistent compilation cache hit for 'jit_convert_element_type' with key 'jit_convert_element_type-a233518ebee9f4f6e23e28d52ded95aa3ed573ac87a7f0ce9dd407c578a15cca'
WARNING  jax._src.dispatch:dispatch.py:204 Finished XLA compilation of jit(convert_element_type) in 0.002315760 sec
WARNING  jax._src.dispatch:dispatch.py:204 Finished tracing subtract for jit in 0.000443697 sec
WARNING  jax._src.interpreters.pxla:pxla.py:732 Compiling jit(subtract) with global shapes and types (ShapedArray(float64[], weak_type=True), ShapedArray(float64[2])). Argument mapping: (UnspecifiedValue, UnspecifiedValue).
WARNING  jax._src.dispatch:dispatch.py:204 Finished jaxpr to MLIR module conversion jit(subtract) in 0.003489256 sec
WARNING  jax._src.compiler:compiler.py:124 Persistent compilation cache hit for 'jit_subtract' with key 'jit_subtract-3456d71560dffa6394064d07a59b288652ab6a204007cc381690a6419d1d34dc'
WARNING  jax._src.dispatch:dispatch.py:204 Finished XLA compilation of jit(subtract) in 0.001711130 sec
WARNING  jax._src.dispatch:dispatch.py:204 Finished tracing multiply for jit in 0.000272274 sec
WARNING  jax._src.interpreters.pxla:pxla.py:732 Compiling jit(multiply) with global shapes and types (ShapedArray(float64[], weak_type=True), ShapedArray(float64[2])). Argument mapping: (UnspecifiedValue, UnspecifiedValue).
WARNING  jax._src.dispatch:dispatch.py:204 Finished jaxpr to MLIR module conversion jit(multiply) in 0.002874851 sec
WARNING  jax._src.compiler:compiler.py:124 Persistent compilation cache hit for 'jit_multiply' with key 'jit_multiply-bb82cf710fb19086fca5e0c99639082a9114e17d7bf055b0f7e86f0f64b36689'
WARNING  jax._src.dispatch:dispatch.py:204 Finished XLA compilation of jit(multiply) in 0.001494408 sec
WARNING  jax._src.dispatch:dispatch.py:204 Finished tracing dynamic_slice for jit in 0.000226021 sec
WARNING  jax._src.interpreters.pxla:pxla.py:732 Compiling jit(dynamic_slice) with global shapes and types (ShapedArray(float64[2]), ShapedArray(int64[], weak_type=True)). Argument mapping: (UnspecifiedValue, UnspecifiedValue).
WARNING  jax._src.dispatch:dispatch.py:204 Finished jaxpr to MLIR module conversion jit(dynamic_slice) in 0.003051281 sec
WARNING  jax._src.compiler:compiler.py:124 Persistent compilation cache hit for 'jit_dynamic_slice' with key 'jit_dynamic_slice-fc91ef2b5e951f7d2019a11ff238d0e0bab938e7cdd5170aa5ac70a172367cd0'
WARNING  jax._src.dispatch:dispatch.py:204 Finished XLA compilation of jit(dynamic_slice) in 0.001491070 sec
WARNING  jax._src.dispatch:dispatch.py:204 Finished tracing squeeze for jit in 0.000180244 sec
WARNING  jax._src.interpreters.pxla:pxla.py:732 Compiling jit(squeeze) with global shapes and types (ShapedArray(float64[1]),). Argument mapping: (UnspecifiedValue,).
WARNING  jax._src.dispatch:dispatch.py:204 Finished jaxpr to MLIR module conversion jit(squeeze) in 0.003053427 sec
WARNING  jax._src.compiler:compiler.py:124 Persistent compilation cache hit for 'jit_squeeze' with key 'jit_squeeze-bf6639af5567c12d7c26588ab3c4af7bb515f26de674d9388b6498bfa159c43b'
WARNING  jax._src.dispatch:dispatch.py:204 Finished XLA compilation of jit(squeeze) in 0.001223326 sec
WARNING  jax._src.dispatch:dispatch.py:204 Finished tracing stage for jit in 0.000109911 sec
WARNING  jax._src.interpreters.pxla:pxla.py:732 Compiling jit(stage) with global shapes and types (ShapedArray(int64[198,7]),). Argument mapping: (UnspecifiedValue,).
WARNING  jax._src.dispatch:dispatch.py:204 Finished jaxpr to MLIR module conversion jit(stage) in 0.003213406 sec
WARNING  jax._src.dispatch:dispatch.py:204 Finished XLA compilation of jit(stage) in 0.006559372 sec
WARNING  jax._src.dispatch:dispatch.py:204 Finished tracing stage for jit in 0.000129700 sec
WARNING  jax._src.interpreters.pxla:pxla.py:732 Compiling jit(stage) with global shapes and types (ShapedArray(float64[340,1]),). Argument mapping: (UnspecifiedValue,).
WARNING  jax._src.dispatch:dispatch.py:204 Finished jaxpr to MLIR module conversion jit(stage) in 0.003089428 sec
WARNING  jax._src.dispatch:dispatch.py:204 Finished XLA compilation of jit(stage) in 0.007198572 sec
WARNING  jax._src.dispatch:dispatch.py:204 Finished tracing stage for jit in 0.000137091 sec
WARNING  jax._src.interpreters.pxla:pxla.py:732 Compiling jit(stage) with global shapes and types (ShapedArray(float64[340,340]),). Argument mapping: (UnspecifiedValue,).
WARNING  jax._src.dispatch:dispatch.py:204 Finished jaxpr to MLIR module conversion jit(stage) in 0.003217220 sec
WARNING  jax._src.dispatch:dispatch.py:204 Finished XLA compilation of jit(stage) in 0.007117748 sec
WARNING  jax._src.dispatch:dispatch.py:204 Finished tracing stage for jit in 0.000136137 sec
WARNING  jax._src.interpreters.pxla:pxla.py:732 Compiling jit(stage) with global shapes and types (ShapedArray(float64[121,1]),). Argument mapping: (UnspecifiedValue,).
WARNING  jax._src.dispatch:dispatch.py:204 Finished jaxpr to MLIR module conversion jit(stage) in 0.003169537 sec
WARNING  jax._src.compiler:compiler.py:124 Persistent compilation cache hit for 'jit_stage' with key 'jit_stage-64597834cf458eeb98317568fdb2eb8fd0334f765c6f3dcbaf27e2b70d08ac5d'
WARNING  jax._src.dispatch:dispatch.py:204 Finished XLA compilation of jit(stage) in 0.001471758 sec
WARNING  jax._src.dispatch:dispatch.py:204 Finished tracing stage for jit in 0.000126362 sec
WARNING  jax._src.interpreters.pxla:pxla.py:732 Compiling jit(stage) with global shapes and types (ShapedArray(float64[121,340]),). Argument mapping: (UnspecifiedValue,).
WARNING  jax._src.dispatch:dispatch.py:204 Finished jaxpr to MLIR module conversion jit(stage) in 0.002681255 sec
WARNING  jax._src.dispatch:dispatch.py:204 Finished XLA compilation of jit(stage) in 0.006184578 sec
WARNING  jax._src.dispatch:dispatch.py:204 Finished tracing stage for jit in 0.000118017 sec
WARNING  jax._src.interpreters.pxla:pxla.py:732 Compiling jit(stage) with global shapes and types (ShapedArray(float64[1086,1]),). Argument mapping: (UnspecifiedValue,).
WARNING  jax._src.dispatch:dispatch.py:204 Finished jaxpr to MLIR module conversion jit(stage) in 0.002726078 sec
WARNING  jax._src.dispatch:dispatch.py:204 Finished XLA compilation of jit(stage) in 0.005666018 sec
WARNING  jax._src.dispatch:dispatch.py:204 Finished tracing stage for jit in 0.000111341 sec
WARNING  jax._src.interpreters.pxla:pxla.py:732 Compiling jit(stage) with global shapes and types (ShapedArray(float64[1086,340]),). Argument mapping: (UnspecifiedValue,).
WARNING  jax._src.dispatch:dispatch.py:204 Finished jaxpr to MLIR module conversion jit(stage) in 0.002395391 sec
WARNING  jax._src.dispatch:dispatch.py:204 Finished XLA compilation of jit(stage) in 0.005728245 sec
WARNING  jax._src.dispatch:dispatch.py:204 Finished tracing convert_element_type for jit in 0.000243425 sec
WARNING  jax._src.interpreters.pxla:pxla.py:732 Compiling jit(convert_element_type) with global shapes and types (ShapedArray(float64[]),). Argument mapping: (UnspecifiedValue,).
WARNING  jax._src.dispatch:dispatch.py:204 Finished jaxpr to MLIR module conversion jit(convert_element_type) in 0.003249645 sec
WARNING  jax._src.compiler:compiler.py:124 Persistent compilation cache hit for 'jit_convert_element_type' with key 'jit_convert_element_type-01a606cd53621775ee8dc154cd916b752858d34a591ebaea748f59c695bd7f80'
WARNING  jax._src.dispatch:dispatch.py:204 Finished XLA compilation of jit(convert_element_type) in 0.003110886 sec
WARNING  jax._src.dispatch:dispatch.py:204 Finished tracing broadcast_in_dim for jit in 0.000303268 sec
WARNING  jax._src.interpreters.pxla:pxla.py:732 Compiling jit(broadcast_in_dim) with global shapes and types (ShapedArray(float64[]),). Argument mapping: (UnspecifiedValue,).
WARNING  jax._src.dispatch:dispatch.py:204 Finished jaxpr to MLIR module conversion jit(broadcast_in_dim) in 0.003421068 sec
WARNING  jax._src.compiler:compiler.py:124 Persistent compilation cache hit for 'jit_broadcast_in_dim' with key 'jit_broadcast_in_dim-3431b036f88a59792d3b75f140dc336bbd9c8b6287463da8b7552db73146dc6c'
WARNING  jax._src.dispatch:dispatch.py:204 Finished XLA compilation of jit(broadcast_in_dim) in 0.003046751 sec
WARNING  jax._src.dispatch:dispatch.py:204 Finished tracing stage for jit in 0.000144005 sec
WARNING  jax._src.interpreters.pxla:pxla.py:732 Compiling jit(stage) with global shapes and types (ShapedArray(float64[340]),). Argument mapping: (UnspecifiedValue,).
WARNING  jax._src.dispatch:dispatch.py:204 Finished jaxpr to MLIR module conversion jit(stage) in 0.003257990 sec
WARNING  jax._src.dispatch:dispatch.py:204 Finished XLA compilation of jit(stage) in 0.006597519 sec
WARNING  jax._src.dispatch:dispatch.py:204 Finished tracing stage for jit in 0.000150919 sec
WARNING  jax._src.interpreters.pxla:pxla.py:732 Compiling jit(stage) with global shapes and types (ShapedArray(float64[1547,2]),). Argument mapping: (UnspecifiedValue,).
WARNING  jax._src.dispatch:dispatch.py:204 Finished jaxpr to MLIR module conversion jit(stage) in 0.002817869 sec
WARNING  jax._src.dispatch:dispatch.py:204 Finished XLA compilation of jit(stage) in 0.005810261 sec
WARNING  jax._src.dispatch:dispatch.py:204 Finished tracing broadcast_in_dim for jit in 0.000249624 sec
WARNING  jax._src.interpreters.pxla:pxla.py:732 Compiling jit(broadcast_in_dim) with global shapes and types (ShapedArray(float64[]),). Argument mapping: (UnspecifiedValue,).
WARNING  jax._src.dispatch:dispatch.py:204 Finished jaxpr to MLIR module conversion jit(broadcast_in_dim) in 0.002811432 sec
WARNING  jax._src.compiler:compiler.py:124 Persistent compilation cache hit for 'jit_broadcast_in_dim' with key 'jit_broadcast_in_dim-11253aa25cb8962bef2ab314b19df0f1753e951ec7b91ecfac98c10ae1f86272'
WARNING  jax._src.dispatch:dispatch.py:204 Finished XLA compilation of jit(broadcast_in_dim) in 0.001531363 sec
WARNING  jax._src.dispatch:dispatch.py:204 Finished tracing stage for jit in 0.000101566 sec
WARNING  jax._src.interpreters.pxla:pxla.py:732 Compiling jit(stage) with global shapes and types (ShapedArray(float64[], weak_type=True),). Argument mapping: (UnspecifiedValue,).
WARNING  jax._src.dispatch:dispatch.py:204 Finished jaxpr to MLIR module conversion jit(stage) in 0.002389669 sec
WARNING  jax._src.compiler:compiler.py:124 Persistent compilation cache hit for 'jit_stage' with key 'jit_stage-317e6f5318f406f2b79207aff284e9899193b1423b281c010bfbb35419b3b7b8'
WARNING  jax._src.dispatch:dispatch.py:204 Finished XLA compilation of jit(stage) in 0.001153946 sec
WARNING  jax._src.dispatch:dispatch.py:204 Finished tracing stage for jit in 0.000133753 sec
WARNING  jax._src.interpreters.pxla:pxla.py:732 Compiling jit(stage) with global shapes and types (ShapedArray(int64[340,7]),). Argument mapping: (UnspecifiedValue,).
WARNING  jax._src.dispatch:dispatch.py:204 Finished jaxpr to MLIR module conversion jit(stage) in 0.002572298 sec
WARNING  jax._src.dispatch:dispatch.py:204 Finished XLA compilation of jit(stage) in 0.005376816 sec
WARNING  jax._src.dispatch:dispatch.py:204 Finished tracing dynamic_slice for jit in 0.000272751 sec
WARNING  jax._src.interpreters.pxla:pxla.py:732 Compiling jit(dynamic_slice) with global shapes and types (ShapedArray(int64[340,7]), ShapedArray(int64[], weak_type=True), ShapedArray(int64[], weak_type=True)). Argument mapping: (UnspecifiedValue, UnspecifiedValue, UnspecifiedValue).
WARNING  jax._src.dispatch:dispatch.py:204 Finished jaxpr to MLIR module conversion jit(dynamic_slice) in 0.002795219 sec
WARNING  jax._src.dispatch:dispatch.py:204 Finished XLA compilation of jit(dynamic_slice) in 0.029309273 sec
WARNING  jax._src.dispatch:dispatch.py:204 Finished tracing squeeze for jit in 0.000264406 sec
WARNING  jax._src.interpreters.pxla:pxla.py:732 Compiling jit(squeeze) with global shapes and types (ShapedArray(int64[340,1]),). Argument mapping: (UnspecifiedValue,).
WARNING  jax._src.dispatch:dispatch.py:204 Finished jaxpr to MLIR module conversion jit(squeeze) in 0.003215551 sec
WARNING  jax._src.dispatch:dispatch.py:204 Finished XLA compilation of jit(squeeze) in 0.006470680 sec
WARNING  jax._src.dispatch:dispatch.py:204 Finished tracing stage for jit in 0.000128746 sec
WARNING  jax._src.interpreters.pxla:pxla.py:732 Compiling jit(stage) with global shapes and types (ShapedArray(float64[340,13,2]),). Argument mapping: (UnspecifiedValue,).
WARNING  jax._src.dispatch:dispatch.py:204 Finished jaxpr to MLIR module conversion jit(stage) in 0.002587795 sec
WARNING  jax._src.dispatch:dispatch.py:204 Finished XLA compilation of jit(stage) in 0.005222797 sec
WARNING  jax._src.dispatch:dispatch.py:204 Finished tracing stage for jit in 0.000114202 sec
WARNING  jax._src.interpreters.pxla:pxla.py:732 Compiling jit(stage) with global shapes and types (ShapedArray(bool[340,13]),). Argument mapping: (UnspecifiedValue,).
WARNING  jax._src.dispatch:dispatch.py:204 Finished jaxpr to MLIR module conversion jit(stage) in 0.002561092 sec
WARNING  jax._src.dispatch:dispatch.py:204 Finished XLA compilation of jit(stage) in 0.005431175 sec
WARNING  jax._src.dispatch:dispatch.py:204 Finished tracing stage for jit in 0.000118971 sec
WARNING  jax._src.interpreters.pxla:pxla.py:732 Compiling jit(stage) with global shapes and types (ShapedArray(bool[340]),). Argument mapping: (UnspecifiedValue,).
WARNING  jax._src.dispatch:dispatch.py:204 Finished jaxpr to MLIR module conversion jit(stage) in 0.002597570 sec
WARNING  jax._src.dispatch:dispatch.py:204 Finished XLA compilation of jit(stage) in 0.005393267 sec
WARNING  jax._src.dispatch:dispatch.py:204 Finished tracing stage for jit in 0.000114679 sec
WARNING  jax._src.interpreters.pxla:pxla.py:732 Compiling jit(stage) with global shapes and types (ShapedArray(float64[121,2]),). Argument mapping: (UnspecifiedValue,).
WARNING  jax._src.dispatch:dispatch.py:204 Finished jaxpr to MLIR module conversion jit(stage) in 0.002398729 sec
WARNING  jax._src.dispatch:dispatch.py:204 Finished XLA compilation of jit(stage) in 0.005106449 sec
WARNING  jax._src.dispatch:dispatch.py:204 Finished tracing stage for jit in 0.000107527 sec
WARNING  jax._src.interpreters.pxla:pxla.py:732 Compiling jit(stage) with global shapes and types (ShapedArray(bool[1]),). Argument mapping: (UnspecifiedValue,).
WARNING  jax._src.dispatch:dispatch.py:204 Finished jaxpr to MLIR module conversion jit(stage) in 0.002437830 sec
WARNING  jax._src.dispatch:dispatch.py:204 Finished XLA compilation of jit(stage) in 0.005215168 sec
WARNING  jax._src.dispatch:dispatch.py:204 Finished tracing broadcast_in_dim for jit in 0.000238180 sec
WARNING  jax._src.interpreters.pxla:pxla.py:732 Compiling jit(broadcast_in_dim) with global shapes and types (ShapedArray(float64[]),). Argument mapping: (UnspecifiedValue,).
WARNING  jax._src.dispatch:dispatch.py:204 Finished jaxpr to MLIR module conversion jit(broadcast_in_dim) in 0.003109932 sec
WARNING  jax._src.dispatch:dispatch.py:204 Finished XLA compilation of jit(broadcast_in_dim) in 0.020409822 sec
WARNING  jax._src.dispatch:dispatch.py:204 Finished tracing dynamic_slice for jit in 0.000242710 sec
WARNING  jax._src.interpreters.pxla:pxla.py:732 Compiling jit(dynamic_slice) with global shapes and types (ShapedArray(float64[340,3]), ShapedArray(int64[], weak_type=True), ShapedArray(int64[], weak_type=True)). Argument mapping: (UnspecifiedValue, UnspecifiedValue, UnspecifiedValue).
WARNING  jax._src.dispatch:dispatch.py:204 Finished jaxpr to MLIR module conversion jit(dynamic_slice) in 0.002952099 sec
WARNING  jax._src.dispatch:dispatch.py:204 Finished XLA compilation of jit(dynamic_slice) in 0.022568703 sec
WARNING  jax._src.dispatch:dispatch.py:204 Finished tracing squeeze for jit in 0.000243664 sec
WARNING  jax._src.interpreters.pxla:pxla.py:732 Compiling jit(squeeze) with global shapes and types (ShapedArray(float64[340,1]),). Argument mapping: (UnspecifiedValue,).
WARNING  jax._src.dispatch:dispatch.py:204 Finished jaxpr to MLIR module conversion jit(squeeze) in 0.003061533 sec
WARNING  jax._src.dispatch:dispatch.py:204 Finished XLA compilation of jit(squeeze) in 0.005594969 sec
WARNING  jax._src.dispatch:dispatch.py:204 Finished tracing multiply for jit in 0.000295401 sec
WARNING  jax._src.interpreters.pxla:pxla.py:732 Compiling jit(multiply) with global shapes and types (ShapedArray(float64[340]), ShapedArray(float64[340])). Argument mapping: (UnspecifiedValue, UnspecifiedValue).
WARNING  jax._src.dispatch:dispatch.py:204 Finished jaxpr to MLIR module conversion jit(multiply) in 0.002625704 sec
WARNING  jax._src.dispatch:dispatch.py:204 Finished XLA compilation of jit(multiply) in 0.029342413 sec
WARNING  jax._src.dispatch:dispatch.py:204 Finished tracing integer_pow for jit in 0.000246525 sec
WARNING  jax._src.interpreters.pxla:pxla.py:732 Compiling jit(integer_pow) with global shapes and types (ShapedArray(float64[340]),). Argument mapping: (UnspecifiedValue,).
WARNING  jax._src.dispatch:dispatch.py:204 Finished jaxpr to MLIR module conversion jit(integer_pow) in 0.002864122 sec
WARNING  jax._src.dispatch:dispatch.py:204 Finished XLA compilation of jit(integer_pow) in 0.025446177 sec
WARNING  jax._src.dispatch:dispatch.py:204 Finished tracing subtract for jit in 0.000319481 sec
WARNING  jax._src.interpreters.pxla:pxla.py:732 Compiling jit(subtract) with global shapes and types (ShapedArray(float64[340]), ShapedArray(float64[340])). Argument mapping: (UnspecifiedValue, UnspecifiedValue).
WARNING  jax._src.dispatch:dispatch.py:204 Finished jaxpr to MLIR module conversion jit(subtract) in 0.003056526 sec
WARNING  jax._src.dispatch:dispatch.py:204 Finished XLA compilation of jit(subtract) in 0.029387474 sec
WARNING  jax._src.dispatch:dispatch.py:204 Finished tracing true_divide for jit in 0.000331163 sec
WARNING  jax._src.interpreters.pxla:pxla.py:732 Compiling jit(true_divide) with global shapes and types (ShapedArray(float64[340]), ShapedArray(float64[340])). Argument mapping: (UnspecifiedValue, UnspecifiedValue).
WARNING  jax._src.dispatch:dispatch.py:204 Finished jaxpr to MLIR module conversion jit(true_divide) in 0.003061533 sec
WARNING  jax._src.dispatch:dispatch.py:204 Finished XLA compilation of jit(true_divide) in 0.029787540 sec
WARNING  jax._src.dispatch:dispatch.py:204 Finished tracing external for jit in 0.000963688 sec
WARNING  jax._src.interpreters.pxla:pxla.py:732 Compiling jit(external) with global shapes and types (ShapedArray(float64[340,1]), ShapedArray(float64[1])). Argument mapping: (UnspecifiedValue, UnspecifiedValue).
WARNING  jax._src.dispatch:dispatch.py:204 Finished jaxpr to MLIR module conversion jit(external) in 0.002995253 sec
WARNING  jax._src.dispatch:dispatch.py:204 Finished XLA compilation of jit(external) in 0.024277687 sec
WARNING  jax._src.dispatch:dispatch.py:204 Finished tracing external for jit in 0.000936270 sec
WARNING  jax._src.interpreters.pxla:pxla.py:732 Compiling jit(external) with global shapes and types (ShapedArray(float64[121,1]), ShapedArray(float64[1])). Argument mapping: (UnspecifiedValue, UnspecifiedValue).
WARNING  jax._src.dispatch:dispatch.py:204 Finished jaxpr to MLIR module conversion jit(external) in 0.003107071 sec
WARNING  jax._src.compiler:compiler.py:124 Persistent compilation cache hit for 'jit_external' with key 'jit_external-7ef6273a79fd2d984c3932a7e47a28b72c8c9949f527729ca3451182c69b2edd'
WARNING  jax._src.dispatch:dispatch.py:204 Finished XLA compilation of jit(external) in 0.001874685 sec
WARNING  jax._src.dispatch:dispatch.py:204 Finished tracing concatenate for jit in 0.000250340 sec
WARNING  jax._src.interpreters.pxla:pxla.py:732 Compiling jit(concatenate) with global shapes and types (ShapedArray(float64[340]), ShapedArray(float64[121])). Argument mapping: (UnspecifiedValue, UnspecifiedValue).
WARNING  jax._src.dispatch:dispatch.py:204 Finished jaxpr to MLIR module conversion jit(concatenate) in 0.003178358 sec
WARNING  jax._src.dispatch:dispatch.py:204 Finished XLA compilation of jit(concatenate) in 0.009907722 sec
WARNING  jax._src.dispatch:dispatch.py:204 Finished tracing external for jit in 0.000830650 sec
WARNING  jax._src.interpreters.pxla:pxla.py:732 Compiling jit(external) with global shapes and types (ShapedArray(float64[1086,1]), ShapedArray(float64[1])). Argument mapping: (UnspecifiedValue, UnspecifiedValue).
WARNING  jax._src.dispatch:dispatch.py:204 Finished jaxpr to MLIR module conversion jit(external) in 0.002806187 sec
WARNING  jax._src.dispatch:dispatch.py:204 Finished XLA compilation of jit(external) in 0.020221472 sec
WARNING  jax._src.dispatch:dispatch.py:204 Finished tracing concatenate for jit in 0.000267029 sec
WARNING  jax._src.interpreters.pxla:pxla.py:732 Compiling jit(concatenate) with global shapes and types (ShapedArray(float64[461]), ShapedArray(float64[1086])). Argument mapping: (UnspecifiedValue, UnspecifiedValue).
WARNING  jax._src.dispatch:dispatch.py:204 Finished jaxpr to MLIR module conversion jit(concatenate) in 0.003014326 sec
WARNING  jax._src.dispatch:dispatch.py:204 Finished XLA compilation of jit(concatenate) in 0.009546280 sec
WARNING  jax._src.dispatch:dispatch.py:204 Finished tracing matmul for jit in 0.000472784 sec
WARNING  jax._src.interpreters.pxla:pxla.py:732 Compiling jit(matmul) with global shapes and types (ShapedArray(float64[1547,2]), ShapedArray(float64[2])). Argument mapping: (UnspecifiedValue, UnspecifiedValue).
WARNING  jax._src.dispatch:dispatch.py:204 Finished jaxpr to MLIR module conversion jit(matmul) in 0.002961874 sec
WARNING  jax._src.dispatch:dispatch.py:204 Finished XLA compilation of jit(matmul) in 0.022262573 sec
WARNING  jax._src.dispatch:dispatch.py:204 Finished tracing add for jit in 0.000315428 sec
WARNING  jax._src.interpreters.pxla:pxla.py:732 Compiling jit(add) with global shapes and types (ShapedArray(float64[1547]), ShapedArray(float64[1547])). Argument mapping: (UnspecifiedValue, UnspecifiedValue).
WARNING  jax._src.dispatch:dispatch.py:204 Finished jaxpr to MLIR module conversion jit(add) in 0.002793550 sec
WARNING  jax._src.dispatch:dispatch.py:204 Finished XLA compilation of jit(add) in 0.028708696 sec
WARNING  jax._src.dispatch:dispatch.py:204 Finished tracing internal for jit in 0.001477957 sec
WARNING  jax._src.interpreters.pxla:pxla.py:732 Compiling jit(internal) with global shapes and types (ShapedArray(float64[340,340]), ShapedArray(float64[340,340]), ShapedArray(float64[340,340]), ShapedArray(float64[340]), ShapedArray(float64[340]), ShapedArray(float64[340])). Argument mapping: (UnspecifiedValue, UnspecifiedValue, UnspecifiedValue, UnspecifiedValue, UnspecifiedValue, UnspecifiedValue).
WARNING  jax._src.dispatch:dispatch.py:204 Finished jaxpr to MLIR module conversion jit(internal) in 0.003475428 sec
WARNING  jax._src.dispatch:dispatch.py:204 Finished XLA compilation of jit(internal) in 0.039916515 sec
WARNING  jax._src.dispatch:dispatch.py:204 Finished tracing internal for jit in 0.001492739 sec
WARNING  jax._src.interpreters.pxla:pxla.py:732 Compiling jit(internal) with global shapes and types (ShapedArray(float64[121,340]), ShapedArray(float64[121,340]), ShapedArray(float64[121,340]), ShapedArray(float64[340]), ShapedArray(float64[340]), ShapedArray(float64[340])). Argument mapping: (UnspecifiedValue, UnspecifiedValue, UnspecifiedValue, UnspecifiedValue, UnspecifiedValue, UnspecifiedValue).
WARNING  jax._src.dispatch:dispatch.py:204 Finished jaxpr to MLIR module conversion jit(internal) in 0.003319263 sec
WARNING  jax._src.dispatch:dispatch.py:204 Finished XLA compilation of jit(internal) in 0.038500547 sec
WARNING  jax._src.dispatch:dispatch.py:204 Finished tracing internal for jit in 0.001440287 sec
WARNING  jax._src.interpreters.pxla:pxla.py:732 Compiling jit(internal) with global shapes and types (ShapedArray(float64[1086,340]), ShapedArray(float64[1086,340]), ShapedArray(float64[1086,340]), ShapedArray(float64[340]), ShapedArray(float64[340]), ShapedArray(float64[340])). Argument mapping: (UnspecifiedValue, UnspecifiedValue, UnspecifiedValue, UnspecifiedValue, UnspecifiedValue, UnspecifiedValue).
WARNING  jax._src.dispatch:dispatch.py:204 Finished jaxpr to MLIR module conversion jit(internal) in 0.003402710 sec
WARNING  jax._src.dispatch:dispatch.py:204 Finished XLA compilation of jit(internal) in 0.041567802 sec
WARNING  jax._src.dispatch:dispatch.py:204 Finished tracing convert_element_type for jit in 0.000267029 sec
WARNING  jax._src.interpreters.pxla:pxla.py:732 Compiling jit(convert_element_type) with global shapes and types (ShapedArray(int8[2]),). Argument mapping: (UnspecifiedValue,).
WARNING  jax._src.dispatch:dispatch.py:204 Finished jaxpr to MLIR module conversion jit(convert_element_type) in 0.002907515 sec
WARNING  jax._src.compiler:compiler.py:124 Persistent compilation cache hit for 'jit_convert_element_type' with key 'jit_convert_element_type-174ac07c4d0eccf81b0fd19713eef6e0d340dfd9861b69b3f85c900ae1beea7b'
WARNING  jax._src.dispatch:dispatch.py:204 Finished XLA compilation of jit(convert_element_type) in 0.001509428 sec
WARNING  jax._src.dispatch:dispatch.py:204 Finished tracing stage for jit in 0.000156403 sec
WARNING  jax._src.interpreters.pxla:pxla.py:732 Compiling jit(stage) with global shapes and types (ShapedArray(float64[1547]),). Argument mapping: (UnspecifiedValue,).
WARNING  jax._src.dispatch:dispatch.py:204 Finished jaxpr to MLIR module conversion jit(stage) in 0.002518415 sec
WARNING  jax._src.dispatch:dispatch.py:204 Finished XLA compilation of jit(stage) in 0.005496979 sec
WARNING  jax._src.dispatch:dispatch.py:204 Finished tracing stack for jit in 0.000272274 sec
WARNING  jax._src.interpreters.pxla:pxla.py:732 Compiling jit(stack) with global shapes and types (ShapedArray(float64[1547]), ShapedArray(float64[1547])). Argument mapping: (UnspecifiedValue, UnspecifiedValue).
WARNING  jax._src.dispatch:dispatch.py:204 Finished jaxpr to MLIR module conversion jit(stack) in 0.002977371 sec
WARNING  jax._src.dispatch:dispatch.py:204 Finished XLA compilation of jit(stack) in 0.025269032 sec
WARNING  jax._src.dispatch:dispatch.py:204 Finished tracing iota for jit in 0.000147343 sec
WARNING  jax._src.interpreters.pxla:pxla.py:732 Compiling jit(iota) with global shapes and types (). Argument mapping: ().
WARNING  jax._src.dispatch:dispatch.py:204 Finished jaxpr to MLIR module conversion jit(iota) in 0.004178524 sec
WARNING  jax._src.dispatch:dispatch.py:204 Finished XLA compilation of jit(iota) in 0.022977114 sec
WARNING  jax._src.dispatch:dispatch.py:204 Finished tracing convert_element_type for jit in 0.000196695 sec
WARNING  jax._src.interpreters.pxla:pxla.py:732 Compiling jit(convert_element_type) with global shapes and types (ShapedArray(float64[], weak_type=True),). Argument mapping: (UnspecifiedValue,).
WARNING  jax._src.dispatch:dispatch.py:204 Finished jaxpr to MLIR module conversion jit(convert_element_type) in 0.002753258 sec
WARNING  jax._src.compiler:compiler.py:124 Persistent compilation cache hit for 'jit_convert_element_type' with key 'jit_convert_element_type-01a606cd53621775ee8dc154cd916b752858d34a591ebaea748f59c695bd7f80'
WARNING  jax._src.dispatch:dispatch.py:204 Finished XLA compilation of jit(convert_element_type) in 0.001659155 sec
WARNING  jax._src.dispatch:dispatch.py:204 Finished tracing convert_element_type for jit in 0.000158310 sec
WARNING  jax._src.interpreters.pxla:pxla.py:732 Compiling jit(convert_element_type) with global shapes and types (ShapedArray(float64[]),). Argument mapping: (UnspecifiedValue,).
WARNING  jax._src.dispatch:dispatch.py:204 Finished jaxpr to MLIR module conversion jit(convert_element_type) in 0.002586842 sec
WARNING  jax._src.compiler:compiler.py:124 Persistent compilation cache hit for 'jit_convert_element_type' with key 'jit_convert_element_type-01a606cd53621775ee8dc154cd916b752858d34a591ebaea748f59c695bd7f80'
WARNING  jax._src.dispatch:dispatch.py:204 Finished XLA compilation of jit(convert_element_type) in 0.001209736 sec
WARNING  jax._src.dispatch:dispatch.py:204 Finished tracing stage for jit in 0.000103474 sec
WARNING  jax._src.interpreters.pxla:pxla.py:732 Compiling jit(stage) with global shapes and types (ShapedArray(float64[]),). Argument mapping: (UnspecifiedValue,).
WARNING  jax._src.dispatch:dispatch.py:204 Finished jaxpr to MLIR module conversion jit(stage) in 0.004094124 sec
WARNING  jax._src.compiler:compiler.py:124 Persistent compilation cache hit for 'jit_stage' with key 'jit_stage-317e6f5318f406f2b79207aff284e9899193b1423b281c010bfbb35419b3b7b8'
WARNING  jax._src.dispatch:dispatch.py:204 Finished XLA compilation of jit(stage) in 0.002037048 sec
WARNING  jax._src.dispatch:dispatch.py:204 Finished tracing stage for jit in 0.000125170 sec
WARNING  jax._src.interpreters.pxla:pxla.py:732 Compiling jit(stage) with global shapes and types (ShapedArray(bool[]),). Argument mapping: (UnspecifiedValue,).
WARNING  jax._src.dispatch:dispatch.py:204 Finished jaxpr to MLIR module conversion jit(stage) in 0.002646208 sec
WARNING  jax._src.compiler:compiler.py:124 Persistent compilation cache hit for 'jit_stage' with key 'jit_stage-33c5c2d14821dbc3b9dd19dbcac4df271433bbc698868215074ebf2cd8b2c537'
WARNING  jax._src.dispatch:dispatch.py:204 Finished XLA compilation of jit(stage) in 0.001443386 sec
WARNING  jax._src.interpreters.pxla:pxla.py:732 Compiling jit(gammasgn) with global shapes and types (ShapedArray(float64[], weak_type=True),). Argument mapping: (UnspecifiedValue,).
WARNING  jax._src.dispatch:dispatch.py:204 Finished tracing iota for jit in 0.000142574 sec
WARNING  jax._src.interpreters.pxla:pxla.py:732 Compiling jit(iota) with global shapes and types (). Argument mapping: ().
WARNING  jax._src.dispatch:dispatch.py:204 Finished jaxpr to MLIR module conversion jit(iota) in 0.003160954 sec
WARNING  jax._src.dispatch:dispatch.py:204 Finished XLA compilation of jit(iota) in 0.020276785 sec
WARNING  jax._src.dispatch:dispatch.py:204 Finished jaxpr to MLIR module conversion jit(gammasgn) in 0.035580158 sec
WARNING  jax._src.dispatch:dispatch.py:204 Finished XLA compilation of jit(gammasgn) in 0.032021284 sec
WARNING  jax._src.dispatch:dispatch.py:204 Finished tracing lgamma for jit in 0.000208616 sec
WARNING  jax._src.interpreters.pxla:pxla.py:732 Compiling jit(lgamma) with global shapes and types (ShapedArray(float64[], weak_type=True),). Argument mapping: (UnspecifiedValue,).
WARNING  jax._src.dispatch:dispatch.py:204 Finished jaxpr to MLIR module conversion jit(lgamma) in 0.002820253 sec
WARNING  jax._src.dispatch:dispatch.py:204 Finished XLA compilation of jit(lgamma) in 0.032803535 sec
WARNING  jax._src.dispatch:dispatch.py:204 Finished tracing exp for jit in 0.000230551 sec
WARNING  jax._src.interpreters.pxla:pxla.py:732 Compiling jit(exp) with global shapes and types (ShapedArray(float64[], weak_type=True),). Argument mapping: (UnspecifiedValue,).
WARNING  jax._src.dispatch:dispatch.py:204 Finished jaxpr to MLIR module conversion jit(exp) in 0.003026724 sec
WARNING  jax._src.dispatch:dispatch.py:204 Finished XLA compilation of jit(exp) in 0.022616863 sec
WARNING  jax._src.interpreters.pxla:pxla.py:732 Compiling jit(multiply) with global shapes and types (ShapedArray(float64[]), ShapedArray(float64[], weak_type=True)). Argument mapping: (UnspecifiedValue, UnspecifiedValue).
WARNING  jax._src.dispatch:dispatch.py:204 Finished jaxpr to MLIR module conversion jit(multiply) in 0.003189564 sec
WARNING  jax._src.dispatch:dispatch.py:204 Finished XLA compilation of jit(multiply) in 0.019782543 sec
WARNING  jax._src.dispatch:dispatch.py:204 Finished tracing scan for jit in 0.000194311 sec
WARNING  jax._src.interpreters.pxla:pxla.py:732 Compiling jit(scan) with global shapes and types (ShapedArray(int64[5]),). Argument mapping: (UnspecifiedValue,).
WARNING  jax._src.dispatch:dispatch.py:204 Finished tracing empty2 for jit in 0.000109911 sec
WARNING  jax._src.interpreters.pxla:pxla.py:732 Compiling jit(empty2) with global shapes and types (). Argument mapping: ().
WARNING  jax._src.dispatch:dispatch.py:204 Finished jaxpr to MLIR module conversion jit(empty2) in 0.002638817 sec
WARNING  jax._src.dispatch:dispatch.py:204 Finished XLA compilation of jit(empty2) in 0.005986214 sec
WARNING  jax._src.dispatch:dispatch.py:204 Finished tracing broadcast_in_dim for jit in 0.000256777 sec
WARNING  jax._src.interpreters.pxla:pxla.py:732 Compiling jit(broadcast_in_dim) with global shapes and types (ShapedArray(float64[]),). Argument mapping: (UnspecifiedValue,).
WARNING  jax._src.dispatch:dispatch.py:204 Finished jaxpr to MLIR module conversion jit(broadcast_in_dim) in 0.002583027 sec
WARNING  jax._src.dispatch:dispatch.py:204 Finished XLA compilation of jit(broadcast_in_dim) in 0.017751932 sec
WARNING  jax._src.dispatch:dispatch.py:204 Finished jaxpr to MLIR module conversion jit(scan) in 0.048188925 sec
WARNING  jax._src.dispatch:dispatch.py:204 Finished XLA compilation of jit(scan) in 0.068460464 sec
WARNING  jax._src.interpreters.pxla:pxla.py:732 Compiling jit(table) with global shapes and types (). Argument mapping: ().
WARNING  jax._src.dispatch:dispatch.py:204 Finished jaxpr to MLIR module conversion jit(table) in 0.003071070 sec
WARNING  jax._src.dispatch:dispatch.py:204 Finished XLA compilation of jit(table) in 0.006178379 sec
WARNING  jax._src.dispatch:dispatch.py:204 Finished tracing iota for jit in 0.000143051 sec
WARNING  jax._src.interpreters.pxla:pxla.py:732 Compiling jit(iota) with global shapes and types (). Argument mapping: ().
WARNING  jax._src.dispatch:dispatch.py:204 Finished jaxpr to MLIR module conversion jit(iota) in 0.003423929 sec
WARNING  jax._src.dispatch:dispatch.py:204 Finished XLA compilation of jit(iota) in 0.019319534 sec
WARNING  jax._src.dispatch:dispatch.py:204 Finished tracing scan for jit in 0.000185490 sec
WARNING  jax._src.interpreters.pxla:pxla.py:732 Compiling jit(scan) with global shapes and types (ShapedArray(int64[4]),). Argument mapping: (UnspecifiedValue,).
WARNING  jax._src.dispatch:dispatch.py:204 Finished tracing broadcast_in_dim for jit in 0.000122309 sec
WARNING  jax._src.interpreters.pxla:pxla.py:732 Compiling jit(broadcast_in_dim) with global shapes and types (ShapedArray(float64[]),). Argument mapping: (UnspecifiedValue,).
WARNING  jax._src.dispatch:dispatch.py:204 Finished jaxpr to MLIR module conversion jit(broadcast_in_dim) in 0.003110647 sec
WARNING  jax._src.dispatch:dispatch.py:204 Finished XLA compilation of jit(broadcast_in_dim) in 0.018302679 sec
WARNING  jax._src.dispatch:dispatch.py:204 Finished jaxpr to MLIR module conversion jit(scan) in 0.037981510 sec
WARNING  jax._src.dispatch:dispatch.py:204 Finished XLA compilation of jit(scan) in 0.066139698 sec
WARNING  jax._src.interpreters.pxla:pxla.py:732 Compiling jit(table) with global shapes and types (). Argument mapping: ().
WARNING  jax._src.dispatch:dispatch.py:204 Finished jaxpr to MLIR module conversion jit(table) in 0.003067255 sec
WARNING  jax._src.dispatch:dispatch.py:204 Finished XLA compilation of jit(table) in 0.006798983 sec
WARNING  jax._src.dispatch:dispatch.py:204 Finished tracing iota for jit in 0.000135899 sec
WARNING  jax._src.interpreters.pxla:pxla.py:732 Compiling jit(iota) with global shapes and types (). Argument mapping: ().
WARNING  jax._src.dispatch:dispatch.py:204 Finished jaxpr to MLIR module conversion jit(iota) in 0.002849340 sec
WARNING  jax._src.dispatch:dispatch.py:204 Finished XLA compilation of jit(iota) in 0.018963814 sec
WARNING  jax._src.dispatch:dispatch.py:204 Finished tracing scan for jit in 0.000201225 sec
WARNING  jax._src.interpreters.pxla:pxla.py:732 Compiling jit(scan) with global shapes and types (ShapedArray(int64[3]),). Argument mapping: (UnspecifiedValue,).
WARNING  jax._src.dispatch:dispatch.py:204 Finished tracing broadcast_in_dim for jit in 0.000122309 sec
WARNING  jax._src.interpreters.pxla:pxla.py:732 Compiling jit(broadcast_in_dim) with global shapes and types (ShapedArray(float64[]),). Argument mapping: (UnspecifiedValue,).
WARNING  jax._src.dispatch:dispatch.py:204 Finished jaxpr to MLIR module conversion jit(broadcast_in_dim) in 0.002784014 sec
WARNING  jax._src.dispatch:dispatch.py:204 Finished XLA compilation of jit(broadcast_in_dim) in 0.018120527 sec
WARNING  jax._src.dispatch:dispatch.py:204 Finished jaxpr to MLIR module conversion jit(scan) in 0.037882090 sec
WARNING  jax._src.dispatch:dispatch.py:204 Finished XLA compilation of jit(scan) in 0.067467928 sec
WARNING  jax._src.interpreters.pxla:pxla.py:732 Compiling jit(table) with global shapes and types (). Argument mapping: ().
WARNING  jax._src.dispatch:dispatch.py:204 Finished jaxpr to MLIR module conversion jit(table) in 0.003406048 sec
WARNING  jax._src.dispatch:dispatch.py:204 Finished XLA compilation of jit(table) in 0.006232262 sec
WARNING  jax._src.dispatch:dispatch.py:204 Finished tracing iota for jit in 0.000172853 sec
WARNING  jax._src.interpreters.pxla:pxla.py:732 Compiling jit(iota) with global shapes and types (). Argument mapping: ().
WARNING  jax._src.dispatch:dispatch.py:204 Finished jaxpr to MLIR module conversion jit(iota) in 0.003023386 sec
WARNING  jax._src.dispatch:dispatch.py:204 Finished XLA compilation of jit(iota) in 0.020378113 sec
WARNING  jax._src.dispatch:dispatch.py:204 Finished tracing scan for jit in 0.000181198 sec
WARNING  jax._src.interpreters.pxla:pxla.py:732 Compiling jit(scan) with global shapes and types (ShapedArray(int64[2]),). Argument mapping: (UnspecifiedValue,).
WARNING  jax._src.dispatch:dispatch.py:204 Finished tracing broadcast_in_dim for jit in 0.000114202 sec
WARNING  jax._src.interpreters.pxla:pxla.py:732 Compiling jit(broadcast_in_dim) with global shapes and types (ShapedArray(float64[]),). Argument mapping: (UnspecifiedValue,).
WARNING  jax._src.dispatch:dispatch.py:204 Finished jaxpr to MLIR module conversion jit(broadcast_in_dim) in 0.002685547 sec
WARNING  jax._src.compiler:compiler.py:124 Persistent compilation cache hit for 'jit_broadcast_in_dim' with key 'jit_broadcast_in_dim-11253aa25cb8962bef2ab314b19df0f1753e951ec7b91ecfac98c10ae1f86272'
WARNING  jax._src.dispatch:dispatch.py:204 Finished XLA compilation of jit(broadcast_in_dim) in 0.001698732 sec
WARNING  jax._src.dispatch:dispatch.py:204 Finished jaxpr to MLIR module conversion jit(scan) in 0.020648718 sec
WARNING  jax._src.dispatch:dispatch.py:204 Finished XLA compilation of jit(scan) in 0.064507484 sec
WARNING  jax._src.interpreters.pxla:pxla.py:732 Compiling jit(table) with global shapes and types (). Argument mapping: ().
WARNING  jax._src.dispatch:dispatch.py:204 Finished jaxpr to MLIR module conversion jit(table) in 0.003588438 sec
WARNING  jax._src.dispatch:dispatch.py:204 Finished XLA compilation of jit(table) in 0.017673969 sec
WARNING  jax._src.interpreters.pxla:pxla.py:732 Compiling jit(read_qualification) with global shapes and types (ShapedArray(float64[340,2]), ShapedArray(float64[340,6,7]), ShapedArray(int64[340,7]), ShapedArray(float64[340,2]), ShapedArray(float64[340,2]), ShapedArray(float64[340,13,2]), ShapedArray(float64[340,13,2]), ShapedArray(bool[340,13]), ShapedArray(float64[340]), ShapedArray(bool[340]), ShapedArray(float64[121,2]), ShapedArray(int32[2]), ShapedArray(bool[1]), ShapedArray(bool[1]), ShapedArray(float64[121,2]), ShapedArray(int32[198,7]), ShapedArray(float64[198,7,2,2]), ShapedArray(float64[340,2]), ShapedArray(int32[198,7,3,7]), ShapedArray(float64[198,7,3,7]), ShapedArray(float64[2,2]), ShapedArray(float64[2,2]), ShapedArray(int32[2,2]), ShapedArray(bool[2,2]), ShapedArray(int32[2]), ShapedArray(float64[2,1547]), ShapedArray(int64[], weak_type=True), ShapedArray(bool[340]), ShapedArray(int8[2])). Argument mapping: (UnspecifiedValue, UnspecifiedValue, UnspecifiedValue, UnspecifiedValue, UnspecifiedValue, UnspecifiedValue, UnspecifiedValue, UnspecifiedValue, UnspecifiedValue, UnspecifiedValue, UnspecifiedValue, UnspecifiedValue, UnspecifiedValue, UnspecifiedValue, UnspecifiedValue, UnspecifiedValue, UnspecifiedValue, UnspecifiedValue, UnspecifiedValue, UnspecifiedValue, UnspecifiedValue, UnspecifiedValue, UnspecifiedValue, UnspecifiedValue, UnspecifiedValue, UnspecifiedValue, UnspecifiedValue, UnspecifiedValue, UnspecifiedValue).
WARNING  jax._src.dispatch:dispatch.py:204 Finished jaxpr to MLIR module conversion jit(read_qualification) in 0.470221519 sec
WARNING  jax._src.dispatch:dispatch.py:204 Finished XLA compilation of jit(read_qualification) in 4.715720892 sec
WARNING  jax._src.interpreters.pxla:pxla.py:732 Compiling jit(split_flux_map) with global shapes and types (ShapedArray(float64[2,1547]),). Argument mapping: (UnspecifiedValue,).
WARNING  jax._src.dispatch:dispatch.py:204 Finished jaxpr to MLIR module conversion jit(split_flux_map) in 0.005531549 sec
WARNING  jax._src.dispatch:dispatch.py:204 Finished XLA compilation of jit(split_flux_map) in 0.038280964 sec
WARNING  jax._src.dispatch:dispatch.py:204 Finished tracing dynamic_slice for jit in 0.000305176 sec
WARNING  jax._src.interpreters.pxla:pxla.py:732 Compiling jit(dynamic_slice) with global shapes and types (ShapedArray(float64[2,1547]), ShapedArray(int64[], weak_type=True), ShapedArray(int64[], weak_type=True)). Argument mapping: (UnspecifiedValue, UnspecifiedValue, UnspecifiedValue).
WARNING  jax._src.dispatch:dispatch.py:204 Finished jaxpr to MLIR module conversion jit(dynamic_slice) in 0.004030466 sec
WARNING  jax._src.dispatch:dispatch.py:204 Finished XLA compilation of jit(dynamic_slice) in 0.030183554 sec
WARNING  jax._src.dispatch:dispatch.py:204 Finished tracing dynamic_slice for jit in 0.000297785 sec
WARNING  jax._src.interpreters.pxla:pxla.py:732 Compiling jit(dynamic_slice) with global shapes and types (ShapedArray(float64[2,1547]), ShapedArray(int64[], weak_type=True), ShapedArray(int64[], weak_type=True)). Argument mapping: (UnspecifiedValue, UnspecifiedValue, UnspecifiedValue).
WARNING  jax._src.dispatch:dispatch.py:204 Finished jaxpr to MLIR module conversion jit(dynamic_slice) in 0.003576517 sec
WARNING  jax._src.dispatch:dispatch.py:204 Finished XLA compilation of jit(dynamic_slice) in 0.026615620 sec
WARNING  jax._src.dispatch:dispatch.py:204 Finished tracing concatenate for jit in 0.000282288 sec
WARNING  jax._src.interpreters.pxla:pxla.py:732 Compiling jit(concatenate) with global shapes and types (ShapedArray(float64[2,340]), ShapedArray(float64[2,1086])). Argument mapping: (UnspecifiedValue, UnspecifiedValue).
WARNING  jax._src.dispatch:dispatch.py:204 Finished jaxpr to MLIR module conversion jit(concatenate) in 0.003300190 sec
WARNING  jax._src.dispatch:dispatch.py:204 Finished XLA compilation of jit(concatenate) in 0.011327505 sec
WARNING  jax._src.interpreters.pxla:pxla.py:732 Compiling jit(__call__) with global shapes and types (ShapedArray(float64[340,6,7]), ShapedArray(int64[340,7]), ShapedArray(float64[340,2]), ShapedArray(float64[340,2]), ShapedArray(float64[340,13,2]), ShapedArray(float64[340,13,2]), ShapedArray(bool[340,13]), ShapedArray(float64[340]), ShapedArray(bool[340]), ShapedArray(float64[121,2]), ShapedArray(int32[2]), ShapedArray(bool[1]), ShapedArray(bool[1]), ShapedArray(float64[2,1426])). Argument mapping: (UnspecifiedValue, UnspecifiedValue, UnspecifiedValue, UnspecifiedValue, UnspecifiedValue, UnspecifiedValue, UnspecifiedValue, UnspecifiedValue, UnspecifiedValue, UnspecifiedValue, UnspecifiedValue, UnspecifiedValue, UnspecifiedValue, UnspecifiedValue).
WARNING  jax._src.dispatch:dispatch.py:204 Finished jaxpr to MLIR module conversion jit(__call__) in 0.087252855 sec
WARNING  jax._src.dispatch:dispatch.py:204 Finished XLA compilation of jit(__call__) in 0.513309717 sec
WARNING  jax._src.dispatch:dispatch.py:204 Finished tracing unstack for jit in 0.000394583 sec
WARNING  jax._src.interpreters.pxla:pxla.py:732 Compiling jit(unstack) with global shapes and types (ShapedArray(float64[2,2,30,4]),). Argument mapping: (UnspecifiedValue,).
WARNING  jax._src.dispatch:dispatch.py:204 Finished jaxpr to MLIR module conversion jit(unstack) in 0.005128145 sec
WARNING  jax._src.compiler:compiler.py:124 Persistent compilation cache hit for 'jit_unstack' with key 'jit_unstack-6720d9193b16a2a208e650af714cd1a4ca7767505691e2f9a328677567a68842'
WARNING  jax._src.dispatch:dispatch.py:204 Finished XLA compilation of jit(unstack) in 0.003111839 sec
WARNING  jax._src.dispatch:dispatch.py:204 Finished tracing dynamic_slice for jit in 0.000385046 sec
WARNING  jax._src.interpreters.pxla:pxla.py:732 Compiling jit(dynamic_slice) with global shapes and types (ShapedArray(float64[2,30,4]), ShapedArray(int64[], weak_type=True), ShapedArray(int64[], weak_type=True), ShapedArray(int64[], weak_type=True)). Argument mapping: (UnspecifiedValue, UnspecifiedValue, UnspecifiedValue, UnspecifiedValue).
WARNING  jax._src.dispatch:dispatch.py:204 Finished jaxpr to MLIR module conversion jit(dynamic_slice) in 0.004652977 sec
WARNING  jax._src.compiler:compiler.py:124 Persistent compilation cache hit for 'jit_dynamic_slice' with key 'jit_dynamic_slice-7e4aee641ab074aefd80dc730d7b1adad72791257b1669ea2cb83c8819220c38'
WARNING  jax._src.dispatch:dispatch.py:204 Finished XLA compilation of jit(dynamic_slice) in 0.002348661 sec
WARNING  jax._src.interpreters.pxla:pxla.py:732 Compiling jit(subtract) with global shapes and types (ShapedArray(float64[2,30,2]), ShapedArray(float64[2])). Argument mapping: (UnspecifiedValue, UnspecifiedValue).
WARNING  jax._src.dispatch:dispatch.py:204 Finished jaxpr to MLIR module conversion jit(subtract) in 0.004583359 sec
WARNING  jax._src.compiler:compiler.py:124 Persistent compilation cache hit for 'jit_subtract' with key 'jit_subtract-1b33dde53816c8103c3b194960272075e61d5a5a65e0258c0a78e8f9cd7b646d'
WARNING  jax._src.dispatch:dispatch.py:204 Finished XLA compilation of jit(subtract) in 0.001969576 sec
WARNING  jax._src.dispatch:dispatch.py:204 Finished tracing integer_pow for jit in 0.000271082 sec
WARNING  jax._src.interpreters.pxla:pxla.py:732 Compiling jit(integer_pow) with global shapes and types (ShapedArray(float64[2,30,2]),). Argument mapping: (UnspecifiedValue,).
WARNING  jax._src.dispatch:dispatch.py:204 Finished jaxpr to MLIR module conversion jit(integer_pow) in 0.003408432 sec
WARNING  jax._src.compiler:compiler.py:124 Persistent compilation cache hit for 'jit_integer_pow' with key 'jit_integer_pow-c9a953f74112e9bfb655c728b9f602a549a5ec8ab493208d1786aedb15b36793'
WARNING  jax._src.dispatch:dispatch.py:204 Finished XLA compilation of jit(integer_pow) in 0.001865625 sec
WARNING  jax._src.interpreters.pxla:pxla.py:732 Compiling jit(_reduce_sum) with global shapes and types (ShapedArray(float64[2,30,2]),). Argument mapping: (UnspecifiedValue,).
WARNING  jax._src.dispatch:dispatch.py:204 Finished jaxpr to MLIR module conversion jit(_reduce_sum) in 0.003297567 sec
WARNING  jax._src.compiler:compiler.py:124 Persistent compilation cache hit for 'jit__reduce_sum' with key 'jit__reduce_sum-e3f44f5a0e543c346111787fe27b7c328cedc638ff8937cb37e48882858ca0d0'
WARNING  jax._src.dispatch:dispatch.py:204 Finished XLA compilation of jit(_reduce_sum) in 0.052333355 sec
WARNING  jax._src.dispatch:dispatch.py:204 Finished tracing dynamic_slice for jit in 0.000301361 sec
WARNING  jax._src.interpreters.pxla:pxla.py:732 Compiling jit(dynamic_slice) with global shapes and types (ShapedArray(float64[2,30,4]), ShapedArray(int64[], weak_type=True), ShapedArray(int64[], weak_type=True), ShapedArray(int64[], weak_type=True)). Argument mapping: (UnspecifiedValue, UnspecifiedValue, UnspecifiedValue, UnspecifiedValue).
WARNING  jax._src.dispatch:dispatch.py:204 Finished jaxpr to MLIR module conversion jit(dynamic_slice) in 0.003446102 sec
WARNING  jax._src.compiler:compiler.py:124 Persistent compilation cache hit for 'jit_dynamic_slice' with key 'jit_dynamic_slice-943fc519bbc222083a7bbf5f680af68483997e165d2299f7fc80f5c4e821ef4b'
WARNING  jax._src.dispatch:dispatch.py:204 Finished XLA compilation of jit(dynamic_slice) in 0.001666546 sec
WARNING  jax._src.dispatch:dispatch.py:204 Finished tracing squeeze for jit in 0.000204802 sec
WARNING  jax._src.interpreters.pxla:pxla.py:732 Compiling jit(squeeze) with global shapes and types (ShapedArray(float64[2,30,1]),). Argument mapping: (UnspecifiedValue,).
WARNING  jax._src.dispatch:dispatch.py:204 Finished jaxpr to MLIR module conversion jit(squeeze) in 0.002998590 sec
WARNING  jax._src.compiler:compiler.py:124 Persistent compilation cache hit for 'jit_squeeze' with key 'jit_squeeze-d0092be85855aa35c4ab6e401f56a9194a1a7cfff2e25b899936cc92172a9504'
WARNING  jax._src.dispatch:dispatch.py:204 Finished XLA compilation of jit(squeeze) in 0.001284361 sec
WARNING  jax._src.interpreters.pxla:pxla.py:732 Compiling jit(isfinite) with global shapes and types (ShapedArray(float64[2,30]),). Argument mapping: (UnspecifiedValue,).
WARNING  jax._src.dispatch:dispatch.py:204 Finished jaxpr to MLIR module conversion jit(isfinite) in 0.002925396 sec
WARNING  jax._src.compiler:compiler.py:124 Persistent compilation cache hit for 'jit_isfinite' with key 'jit_isfinite-b7ca7ffda3363a68e6797c2033f9cdf92106c73dc82ebb29bcfd59731088b04f'
WARNING  jax._src.dispatch:dispatch.py:204 Finished XLA compilation of jit(isfinite) in 0.001613617 sec
WARNING  jax._src.interpreters.pxla:pxla.py:732 Compiling jit(_where) with global shapes and types (ShapedArray(bool[2,30]), ShapedArray(float64[2,30]), ShapedArray(float64[], weak_type=True)). Argument mapping: (UnspecifiedValue, UnspecifiedValue, UnspecifiedValue).
WARNING  jax._src.dispatch:dispatch.py:204 Finished jaxpr to MLIR module conversion jit(_where) in 0.003350496 sec
WARNING  jax._src.compiler:compiler.py:124 Persistent compilation cache hit for 'jit__where' with key 'jit__where-d38fa63105c5226de9869d12b1a0ebe85934a4db68570c192a24e365b23a167d'
WARNING  jax._src.dispatch:dispatch.py:204 Finished XLA compilation of jit(_where) in 0.001600266 sec
WARNING  jax._src.interpreters.pxla:pxla.py:732 Compiling jit(_argmin) with global shapes and types (ShapedArray(float64[2,30]),). Argument mapping: (UnspecifiedValue,).
WARNING  jax._src.dispatch:dispatch.py:204 Finished jaxpr to MLIR module conversion jit(_argmin) in 0.005318642 sec
WARNING  jax._src.compiler:compiler.py:124 Persistent compilation cache hit for 'jit__argmin' with key 'jit__argmin-120b22f654751470cf6401852bb8d6cc7c112efd78506f0e2034e333da31e260'
WARNING  jax._src.dispatch:dispatch.py:204 Finished XLA compilation of jit(_argmin) in 0.002272367 sec
WARNING  jax._src.dispatch:dispatch.py:204 Finished tracing convert_element_type for jit in 0.000189781 sec
WARNING  jax._src.interpreters.pxla:pxla.py:732 Compiling jit(convert_element_type) with global shapes and types (ShapedArray(int64[2]),). Argument mapping: (UnspecifiedValue,).
WARNING  jax._src.dispatch:dispatch.py:204 Finished jaxpr to MLIR module conversion jit(convert_element_type) in 0.002763748 sec
WARNING  jax._src.compiler:compiler.py:124 Persistent compilation cache hit for 'jit_convert_element_type' with key 'jit_convert_element_type-35da06bcbcec38e36378e34ef30db4bb538afc6c9705a7c2057fab05fc4c90d3'
WARNING  jax._src.dispatch:dispatch.py:204 Finished XLA compilation of jit(convert_element_type) in 0.001270056 sec
WARNING  jax._src.dispatch:dispatch.py:204 Finished tracing convert_element_type for jit in 0.000184298 sec
WARNING  jax._src.interpreters.pxla:pxla.py:732 Compiling jit(convert_element_type) with global shapes and types (ShapedArray(int32[]),). Argument mapping: (UnspecifiedValue,).
WARNING  jax._src.dispatch:dispatch.py:204 Finished jaxpr to MLIR module conversion jit(convert_element_type) in 0.002588272 sec
WARNING  jax._src.compiler:compiler.py:124 Persistent compilation cache hit for 'jit_convert_element_type' with key 'jit_convert_element_type-a09fd6c701cf5aa53ed5c5bfe68a2077ec7cdf8e451ac5c96acfab0d345de822'
WARNING  jax._src.dispatch:dispatch.py:204 Finished XLA compilation of jit(convert_element_type) in 0.001083374 sec
WARNING  jax._src.interpreters.pxla:pxla.py:732 Compiling jit(less) with global shapes and types (ShapedArray(int32[2]), ShapedArray(int64[], weak_type=True)). Argument mapping: (UnspecifiedValue, UnspecifiedValue).
WARNING  jax._src.dispatch:dispatch.py:204 Finished jaxpr to MLIR module conversion jit(less) in 0.002962589 sec
WARNING  jax._src.compiler:compiler.py:124 Persistent compilation cache hit for 'jit_less' with key 'jit_less-10df911cd7c3e4e18923e71d4777b8d4897e8916ff66a17f6f32e8374c0231a7'
WARNING  jax._src.dispatch:dispatch.py:204 Finished XLA compilation of jit(less) in 0.001256227 sec
WARNING  jax._src.interpreters.pxla:pxla.py:732 Compiling jit(add) with global shapes and types (ShapedArray(int32[2]), ShapedArray(int32[])). Argument mapping: (UnspecifiedValue, UnspecifiedValue).
WARNING  jax._src.dispatch:dispatch.py:204 Finished jaxpr to MLIR module conversion jit(add) in 0.002732038 sec
WARNING  jax._src.compiler:compiler.py:124 Persistent compilation cache hit for 'jit_add' with key 'jit_add-69b7411bd77795f10fb9cae20cbe69fb48388d10a6e566d5e1ad5d7ac89a3579'
WARNING  jax._src.dispatch:dispatch.py:204 Finished XLA compilation of jit(add) in 0.002454281 sec
WARNING  jax._src.dispatch:dispatch.py:204 Finished tracing select_n for jit in 0.000226021 sec
WARNING  jax._src.interpreters.pxla:pxla.py:732 Compiling jit(select_n) with global shapes and types (ShapedArray(bool[2]), ShapedArray(int32[2]), ShapedArray(int32[2])). Argument mapping: (UnspecifiedValue, UnspecifiedValue, UnspecifiedValue).
WARNING  jax._src.dispatch:dispatch.py:204 Finished jaxpr to MLIR module conversion jit(select_n) in 0.002695799 sec
WARNING  jax._src.compiler:compiler.py:124 Persistent compilation cache hit for 'jit_select_n' with key 'jit_select_n-2b47a56e7865eaff43854d3bb28f7ccca55819e4009f8d5add1ef55cd28bb96d'
WARNING  jax._src.dispatch:dispatch.py:204 Finished XLA compilation of jit(select_n) in 0.002034187 sec
WARNING  jax._src.interpreters.pxla:pxla.py:732 Compiling jit(less) with global shapes and types (ShapedArray(int32[]), ShapedArray(int64[], weak_type=True)). Argument mapping: (UnspecifiedValue, UnspecifiedValue).
WARNING  jax._src.dispatch:dispatch.py:204 Finished jaxpr to MLIR module conversion jit(less) in 0.002889633 sec
WARNING  jax._src.compiler:compiler.py:124 Persistent compilation cache hit for 'jit_less' with key 'jit_less-7355b83b5ccb882ed30dce609f6d80b5c3f9750aa714c1ab2c0d60ddbdc9eda2'
WARNING  jax._src.dispatch:dispatch.py:204 Finished XLA compilation of jit(less) in 0.001878738 sec
WARNING  jax._src.interpreters.pxla:pxla.py:732 Compiling jit(add) with global shapes and types (ShapedArray(int32[]), ShapedArray(int32[])). Argument mapping: (UnspecifiedValue, UnspecifiedValue).
WARNING  jax._src.dispatch:dispatch.py:204 Finished jaxpr to MLIR module conversion jit(add) in 0.002660275 sec
WARNING  jax._src.compiler:compiler.py:124 Persistent compilation cache hit for 'jit_add' with key 'jit_add-80f9e17a8cafcebf4aba89a7a541b7fd0cf583b1a50df1285931caf9a1346103'
WARNING  jax._src.dispatch:dispatch.py:204 Finished XLA compilation of jit(add) in 0.002355576 sec
WARNING  jax._src.dispatch:dispatch.py:204 Finished tracing select_n for jit in 0.000217915 sec
WARNING  jax._src.interpreters.pxla:pxla.py:732 Compiling jit(select_n) with global shapes and types (ShapedArray(bool[]), ShapedArray(int32[]), ShapedArray(int32[])). Argument mapping: (UnspecifiedValue, UnspecifiedValue, UnspecifiedValue).
WARNING  jax._src.dispatch:dispatch.py:204 Finished jaxpr to MLIR module conversion jit(select_n) in 0.002658844 sec
WARNING  jax._src.compiler:compiler.py:124 Persistent compilation cache hit for 'jit_select_n' with key 'jit_select_n-c664c8d385df6d9f80549988c2efd9e3a94273ce14d495fd504961d628c5387d'
WARNING  jax._src.dispatch:dispatch.py:204 Finished XLA compilation of jit(select_n) in 0.002192259 sec
WARNING  jax._src.dispatch:dispatch.py:204 Finished tracing broadcast_in_dim for jit in 0.000219584 sec
WARNING  jax._src.interpreters.pxla:pxla.py:732 Compiling jit(broadcast_in_dim) with global shapes and types (ShapedArray(int32[2]),). Argument mapping: (UnspecifiedValue,).
WARNING  jax._src.dispatch:dispatch.py:204 Finished jaxpr to MLIR module conversion jit(broadcast_in_dim) in 0.002660990 sec
WARNING  jax._src.compiler:compiler.py:124 Persistent compilation cache hit for 'jit_broadcast_in_dim' with key 'jit_broadcast_in_dim-8b590b387f4a49af85020431f189cd5c0adb510c25b3057c6cdd96ef80803a34'
WARNING  jax._src.dispatch:dispatch.py:204 Finished XLA compilation of jit(broadcast_in_dim) in 0.002175331 sec
WARNING  jax._src.dispatch:dispatch.py:204 Finished tracing broadcast_in_dim for jit in 0.000219345 sec
WARNING  jax._src.interpreters.pxla:pxla.py:732 Compiling jit(broadcast_in_dim) with global shapes and types (ShapedArray(int32[]),). Argument mapping: (UnspecifiedValue,).
WARNING  jax._src.dispatch:dispatch.py:204 Finished jaxpr to MLIR module conversion jit(broadcast_in_dim) in 0.002613306 sec
WARNING  jax._src.compiler:compiler.py:124 Persistent compilation cache hit for 'jit_broadcast_in_dim' with key 'jit_broadcast_in_dim-c2245509d398c5286eeceef75782bff496982fcaa94b4cc4106ab7f1ec037f23'
WARNING  jax._src.dispatch:dispatch.py:204 Finished XLA compilation of jit(broadcast_in_dim) in 0.002399683 sec
WARNING  jax._src.dispatch:dispatch.py:204 Finished tracing concatenate for jit in 0.000233650 sec
WARNING  jax._src.interpreters.pxla:pxla.py:732 Compiling jit(concatenate) with global shapes and types (ShapedArray(int32[2,1]), ShapedArray(int32[2,1])). Argument mapping: (UnspecifiedValue, UnspecifiedValue).
WARNING  jax._src.dispatch:dispatch.py:204 Finished jaxpr to MLIR module conversion jit(concatenate) in 0.002623558 sec
WARNING  jax._src.compiler:compiler.py:124 Persistent compilation cache hit for 'jit_concatenate' with key 'jit_concatenate-02bd4be7fd7d79bb56bad63245bdf35fcbf80c0b4709a14f728361b5125ab5ba'
WARNING  jax._src.dispatch:dispatch.py:204 Finished XLA compilation of jit(concatenate) in 0.002497673 sec
WARNING  jax._src.dispatch:dispatch.py:204 Finished tracing gather for jit in 0.000250340 sec
WARNING  jax._src.interpreters.pxla:pxla.py:732 Compiling jit(gather) with global shapes and types (ShapedArray(float64[2,30,4]), ShapedArray(int32[2,2])). Argument mapping: (UnspecifiedValue, UnspecifiedValue).
WARNING  jax._src.dispatch:dispatch.py:204 Finished jaxpr to MLIR module conversion jit(gather) in 0.003332853 sec
WARNING  jax._src.compiler:compiler.py:124 Persistent compilation cache hit for 'jit_gather' with key 'jit_gather-00c0911f1f30daa7fc7854881e7f20cd71bad5cbbd67eed42448893d23b6e9ed'
WARNING  jax._src.dispatch:dispatch.py:204 Finished XLA compilation of jit(gather) in 0.002119780 sec
WARNING  jax._src.dispatch:dispatch.py:204 Finished tracing squeeze for jit in 0.000232220 sec
WARNING  jax._src.interpreters.pxla:pxla.py:732 Compiling jit(squeeze) with global shapes and types (ShapedArray(float64[2,1,2]),). Argument mapping: (UnspecifiedValue,).
WARNING  jax._src.dispatch:dispatch.py:204 Finished jaxpr to MLIR module conversion jit(squeeze) in 0.003140688 sec
WARNING  jax._src.compiler:compiler.py:124 Persistent compilation cache hit for 'jit_squeeze' with key 'jit_squeeze-682d07db481eb8191155d918d6615b33f9e3f84e964550af1862efae215cf1ab'
WARNING  jax._src.dispatch:dispatch.py:204 Finished XLA compilation of jit(squeeze) in 0.001850367 sec
WARNING  jax._src.interpreters.pxla:pxla.py:732 Compiling jit(axis_cell_seed) with global shapes and types (ShapedArray(float64[340,2]), ShapedArray(float64[2,2]), ShapedArray(bool[340])). Argument mapping: (UnspecifiedValue, UnspecifiedValue, UnspecifiedValue).
WARNING  jax._src.dispatch:dispatch.py:204 Finished jaxpr to MLIR module conversion jit(axis_cell_seed) in 0.007859468 sec
WARNING  jax._src.dispatch:dispatch.py:204 Finished XLA compilation of jit(axis_cell_seed) in 0.044569016 sec
WARNING  jax._src.interpreters.pxla:pxla.py:732 Compiling jit(read_qualification) with global shapes and types (ShapedArray(float64[340,2]), ShapedArray(float64[340,6,7]), ShapedArray(int64[340,7]), ShapedArray(float64[340,2]), ShapedArray(float64[340,2]), ShapedArray(float64[340,13,2]), ShapedArray(float64[340,13,2]), ShapedArray(bool[340,13]), ShapedArray(float64[340]), ShapedArray(bool[340]), ShapedArray(float64[121,2]), ShapedArray(int32[2]), ShapedArray(bool[1]), ShapedArray(bool[1]), ShapedArray(float64[121,2]), ShapedArray(int32[198,7]), ShapedArray(float64[198,7,2,2]), ShapedArray(float64[340,2]), ShapedArray(int32[198,7,3,7]), ShapedArray(float64[198,7,3,7]), ShapedArray(float64[2,2]), ShapedArray(float64[2,2]), ShapedArray(int32[2,2]), ShapedArray(bool[2,2]), ShapedArray(int32[2]), ShapedArray(float64[2,1547]), ShapedArray(int64[], weak_type=True), ShapedArray(bool[2,340]), ShapedArray(int8[2])). Argument mapping: (UnspecifiedValue, UnspecifiedValue, UnspecifiedValue, UnspecifiedValue, UnspecifiedValue, UnspecifiedValue, UnspecifiedValue, UnspecifiedValue, UnspecifiedValue, UnspecifiedValue, UnspecifiedValue, UnspecifiedValue, UnspecifiedValue, UnspecifiedValue, UnspecifiedValue, UnspecifiedValue, UnspecifiedValue, UnspecifiedValue, UnspecifiedValue, UnspecifiedValue, UnspecifiedValue, UnspecifiedValue, UnspecifiedValue, UnspecifiedValue, UnspecifiedValue, UnspecifiedValue, UnspecifiedValue, UnspecifiedValue, UnspecifiedValue).
WARNING  jax._src.dispatch:dispatch.py:204 Finished jaxpr to MLIR module conversion jit(read_qualification) in 0.447614431 sec
WARNING  jax._src.dispatch:dispatch.py:204 Finished XLA compilation of jit(read_qualification) in 4.734971285 sec
WARNING  jax._src.dispatch:dispatch.py:204 Finished tracing broadcast_in_dim for jit in 0.000582457 sec
WARNING  jax._src.interpreters.pxla:pxla.py:732 Compiling jit(broadcast_in_dim) with global shapes and types (ShapedArray(float64[], weak_type=True),). Argument mapping: (UnspecifiedValue,).
WARNING  jax._src.dispatch:dispatch.py:204 Finished jaxpr to MLIR module conversion jit(broadcast_in_dim) in 0.006474018 sec
WARNING  jax._src.compiler:compiler.py:124 Persistent compilation cache hit for 'jit_broadcast_in_dim' with key 'jit_broadcast_in_dim-11253aa25cb8962bef2ab314b19df0f1753e951ec7b91ecfac98c10ae1f86272'
WARNING  jax._src.dispatch:dispatch.py:204 Finished XLA compilation of jit(broadcast_in_dim) in 0.053445816 sec
WARNING  jax._src.interpreters.pxla:pxla.py:732 Compiling jit(isfinite) with global shapes and types (ShapedArray(float64[2,2]),). Argument mapping: (UnspecifiedValue,).
WARNING  jax._src.dispatch:dispatch.py:204 Finished jaxpr to MLIR module conversion jit(isfinite) in 0.004276514 sec
WARNING  jax._src.compiler:compiler.py:124 Persistent compilation cache hit for 'jit_isfinite' with key 'jit_isfinite-ca01d0f0fd174d32107aa59ba509baab7dd25711bf117b7c9fa540fc707053df'
WARNING  jax._src.dispatch:dispatch.py:204 Finished XLA compilation of jit(isfinite) in 0.002220154 sec
WARNING  jax._src.interpreters.pxla:pxla.py:732 Compiling jit(_reduce_all) with global shapes and types (ShapedArray(bool[2,2]),). Argument mapping: (UnspecifiedValue,).
WARNING  jax._src.dispatch:dispatch.py:204 Finished jaxpr to MLIR module conversion jit(_reduce_all) in 0.004434347 sec
WARNING  jax._src.compiler:compiler.py:124 Persistent compilation cache hit for 'jit__reduce_all' with key 'jit__reduce_all-27977d6dff26755ca5d4a69e66ec73be62fc10c4568a5f263e3dbcecbca2a4a8'
WARNING  jax._src.dispatch:dispatch.py:204 Finished XLA compilation of jit(_reduce_all) in 0.053053141 sec
WARNING  jax._src.interpreters.pxla:pxla.py:732 Compiling jit(isfinite) with global shapes and types (ShapedArray(float64[2]),). Argument mapping: (UnspecifiedValue,).
WARNING  jax._src.dispatch:dispatch.py:204 Finished jaxpr to MLIR module conversion jit(isfinite) in 0.004614115 sec
WARNING  jax._src.compiler:compiler.py:124 Persistent compilation cache hit for 'jit_isfinite' with key 'jit_isfinite-edf9589a091769f64b142cd76d0ed5dd3b25677c1049da0b06bd3d4e8434f287'
WARNING  jax._src.dispatch:dispatch.py:204 Finished XLA compilation of jit(isfinite) in 0.002497435 sec
WARNING  jax._src.interpreters.pxla:pxla.py:732 Compiling jit(bitwise_and) with global shapes and types (ShapedArray(bool[2]), ShapedArray(bool[2])). Argument mapping: (UnspecifiedValue, UnspecifiedValue).
WARNING  jax._src.dispatch:dispatch.py:204 Finished jaxpr to MLIR module conversion jit(bitwise_and) in 0.004342794 sec
WARNING  jax._src.compiler:compiler.py:124 Persistent compilation cache hit for 'jit_bitwise_and' with key 'jit_bitwise_and-56895e09e779e12fd493ffda83e28ff0691fd3136d02ae0bf2398a5b63b7b85a'
WARNING  jax._src.dispatch:dispatch.py:204 Finished XLA compilation of jit(bitwise_and) in 0.002150774 sec
WARNING  jax._src.interpreters.pxla:pxla.py:732 Compiling jit(saddle_qualified_domains) with global shapes and types (ShapedArray(int8[2,340]), ShapedArray(float64[2,340]), ShapedArray(bool[2])). Argument mapping: (UnspecifiedValue, UnspecifiedValue, UnspecifiedValue).
WARNING  jax._src.dispatch:dispatch.py:204 Finished jaxpr to MLIR module conversion jit(saddle_qualified_domains) in 0.005997181 sec
WARNING  jax._src.dispatch:dispatch.py:204 Finished XLA compilation of jit(saddle_qualified_domains) in 0.037950039 sec
WARNING  jax._src.interpreters.pxla:pxla.py:732 Compiling jit(equal) with global shapes and types (ShapedArray(int8[2,340]), ShapedArray(int64[], weak_type=True)). Argument mapping: (UnspecifiedValue, UnspecifiedValue).
WARNING  jax._src.dispatch:dispatch.py:204 Finished jaxpr to MLIR module conversion jit(equal) in 0.004666567 sec
WARNING  jax._src.dispatch:dispatch.py:204 Finished XLA compilation of jit(equal) in 0.030718327 sec
WARNING  jax._src.interpreters.pxla:pxla.py:732 Compiling jit(bitwise_or) with global shapes and types (ShapedArray(bool[2,340]), ShapedArray(bool[2,340])). Argument mapping: (UnspecifiedValue, UnspecifiedValue).
WARNING  jax._src.dispatch:dispatch.py:204 Finished jaxpr to MLIR module conversion jit(bitwise_or) in 0.004348516 sec
WARNING  jax._src.dispatch:dispatch.py:204 Finished XLA compilation of jit(bitwise_or) in 0.098243713 sec
WARNING  jax._src.interpreters.pxla:pxla.py:732 Compiling jit(equal) with global shapes and types (ShapedArray(float64[2,2]), ShapedArray(float64[2,2])). Argument mapping: (UnspecifiedValue, UnspecifiedValue).
WARNING  jax._src.dispatch:dispatch.py:204 Finished jaxpr to MLIR module conversion jit(equal) in 0.004329681 sec
WARNING  jax._src.compiler:compiler.py:124 Persistent compilation cache hit for 'jit_equal' with key 'jit_equal-9679a17e282fae2c6b4ed99f817a3672be5bd8308cfdefc847cb034d0049dbca'
WARNING  jax._src.dispatch:dispatch.py:204 Finished XLA compilation of jit(equal) in 0.002482891 sec
WARNING  jax._src.interpreters.pxla:pxla.py:732 Compiling jit(invert) with global shapes and types (ShapedArray(bool[2]),). Argument mapping: (UnspecifiedValue,).
WARNING  jax._src.dispatch:dispatch.py:204 Finished jaxpr to MLIR module conversion jit(invert) in 0.004204512 sec
WARNING  jax._src.compiler:compiler.py:124 Persistent compilation cache hit for 'jit_invert' with key 'jit_invert-ab2a43317f68a49b56a9f1e56bd42b9fad15c2dc6f784aa160b5a682df09fa0a'
WARNING  jax._src.dispatch:dispatch.py:204 Finished XLA compilation of jit(invert) in 0.002170801 sec
WARNING  jax._src.interpreters.pxla:pxla.py:732 Compiling jit(bitwise_or) with global shapes and types (ShapedArray(bool[2]), ShapedArray(bool[2])). Argument mapping: (UnspecifiedValue, UnspecifiedValue).
WARNING  jax._src.dispatch:dispatch.py:204 Finished jaxpr to MLIR module conversion jit(bitwise_or) in 0.004355907 sec
WARNING  jax._src.compiler:compiler.py:124 Persistent compilation cache hit for 'jit_bitwise_or' with key 'jit_bitwise_or-ae0ff1a630e86bb8e07ea84ef431690c1b83c736d312b080141752c0defa7bb4'
WARNING  jax._src.dispatch:dispatch.py:204 Finished XLA compilation of jit(bitwise_or) in 0.001801968 sec
WARNING  jax._src.dispatch:dispatch.py:204 Finished tracing stage for jit in 0.000109673 sec
WARNING  jax._src.interpreters.pxla:pxla.py:732 Compiling jit(stage) with global shapes and types (ShapedArray(float64[2]),). Argument mapping: (UnspecifiedValue,).
WARNING  jax._src.dispatch:dispatch.py:204 Finished jaxpr to MLIR module conversion jit(stage) in 0.003128052 sec
WARNING  jax._src.compiler:compiler.py:124 Persistent compilation cache hit for 'jit_stage' with key 'jit_stage-fa2ceefdf442909552603900faa79fc83f3a2846b63d1e1d9fd20cce51a19c1b'
WARNING  jax._src.dispatch:dispatch.py:204 Finished XLA compilation of jit(stage) in 0.001164436 sec
WARNING  jax._src.dispatch:dispatch.py:204 Finished tracing stack for jit in 0.000211477 sec
WARNING  jax._src.interpreters.pxla:pxla.py:732 Compiling jit(stack) with global shapes and types (ShapedArray(float64[2]), ShapedArray(float64[2])). Argument mapping: (UnspecifiedValue, UnspecifiedValue).
WARNING  jax._src.dispatch:dispatch.py:204 Finished jaxpr to MLIR module conversion jit(stack) in 0.003229618 sec
WARNING  jax._src.compiler:compiler.py:124 Persistent compilation cache hit for 'jit_stack' with key 'jit_stack-0707250a6ba8700672715ca864d85a55a8505a5b8bf64a689ef7b3de952e7109'
WARNING  jax._src.dispatch:dispatch.py:204 Finished XLA compilation of jit(stack) in 0.001380920 sec
WARNING  jax._src.dispatch:dispatch.py:204 Finished tracing dynamic_slice for jit in 0.000234365 sec
WARNING  jax._src.interpreters.pxla:pxla.py:732 Compiling jit(dynamic_slice) with global shapes and types (ShapedArray(float64[2,2]), ShapedArray(int64[], weak_type=True), ShapedArray(int64[], weak_type=True)). Argument mapping: (UnspecifiedValue, UnspecifiedValue, UnspecifiedValue).
WARNING  jax._src.dispatch:dispatch.py:204 Finished jaxpr to MLIR module conversion jit(dynamic_slice) in 0.003080845 sec
WARNING  jax._src.compiler:compiler.py:124 Persistent compilation cache hit for 'jit_dynamic_slice' with key 'jit_dynamic_slice-928fce3ec82690adc41559fcf397e3eee09cbbb709d576be16024d93ee79e494'
WARNING  jax._src.dispatch:dispatch.py:204 Finished XLA compilation of jit(dynamic_slice) in 0.001446247 sec
WARNING  jax._src.dispatch:dispatch.py:204 Finished tracing squeeze for jit in 0.000188828 sec
WARNING  jax._src.interpreters.pxla:pxla.py:732 Compiling jit(squeeze) with global shapes and types (ShapedArray(float64[1,2]),). Argument mapping: (UnspecifiedValue,).
WARNING  jax._src.dispatch:dispatch.py:204 Finished jaxpr to MLIR module conversion jit(squeeze) in 0.002949476 sec
WARNING  jax._src.compiler:compiler.py:124 Persistent compilation cache hit for 'jit_squeeze' with key 'jit_squeeze-8b4aa26949c62254f71f7dbbd17ade43213aacdc5e5996d0bc465e03b43d6469'
WARNING  jax._src.dispatch:dispatch.py:204 Finished XLA compilation of jit(squeeze) in 0.001120567 sec
WARNING  jax._src.dispatch:dispatch.py:204 Finished tracing broadcast_in_dim for jit in 0.000232935 sec
WARNING  jax._src.interpreters.pxla:pxla.py:732 Compiling jit(broadcast_in_dim) with global shapes and types (ShapedArray(float64[2]),). Argument mapping: (UnspecifiedValue,).
WARNING  jax._src.dispatch:dispatch.py:204 Finished jaxpr to MLIR module conversion jit(broadcast_in_dim) in 0.004056454 sec
WARNING  jax._src.compiler:compiler.py:124 Persistent compilation cache hit for 'jit_broadcast_in_dim' with key 'jit_broadcast_in_dim-21a82ec7e9c0220524a54f6ae8b6819e836fb0d0562ff9e6e181ae7f991cb890'
WARNING  jax._src.dispatch:dispatch.py:204 Finished XLA compilation of jit(broadcast_in_dim) in 0.001991987 sec
WARNING  jax._src.dispatch:dispatch.py:204 Finished tracing stage for jit in 0.000136614 sec
WARNING  jax._src.interpreters.pxla:pxla.py:732 Compiling jit(stage) with global shapes and types (ShapedArray(float64[]),). Argument mapping: (UnspecifiedValue,).
WARNING  jax._src.dispatch:dispatch.py:204 Finished jaxpr to MLIR module conversion jit(stage) in 0.003986359 sec
WARNING  jax._src.compiler:compiler.py:124 Persistent compilation cache hit for 'jit_stage' with key 'jit_stage-317e6f5318f406f2b79207aff284e9899193b1423b281c010bfbb35419b3b7b8'
WARNING  jax._src.dispatch:dispatch.py:204 Finished XLA compilation of jit(stage) in 0.001597881 sec
WARNING  jax._src.dispatch:dispatch.py:204 Finished tracing broadcast_in_dim for jit in 0.000299215 sec
WARNING  jax._src.interpreters.pxla:pxla.py:732 Compiling jit(broadcast_in_dim) with global shapes and types (ShapedArray(int32[]),). Argument mapping: (UnspecifiedValue,).
WARNING  jax._src.dispatch:dispatch.py:204 Finished jaxpr to MLIR module conversion jit(broadcast_in_dim) in 0.004216433 sec
WARNING  jax._src.compiler:compiler.py:124 Persistent compilation cache hit for 'jit_broadcast_in_dim' with key 'jit_broadcast_in_dim-633f3c0c00b767154c566d4ee0deff59f2d7140cf2a7536ad51679d4f4dd8574'
WARNING  jax._src.dispatch:dispatch.py:204 Finished XLA compilation of jit(broadcast_in_dim) in 0.001873732 sec
WARNING  jax._src.dispatch:dispatch.py:204 Finished tracing convert_element_type for jit in 0.000258207 sec
WARNING  jax._src.interpreters.pxla:pxla.py:732 Compiling jit(convert_element_type) with global shapes and types (ShapedArray(bool[]),). Argument mapping: (UnspecifiedValue,).
WARNING  jax._src.dispatch:dispatch.py:204 Finished jaxpr to MLIR module conversion jit(convert_element_type) in 0.003741026 sec
WARNING  jax._src.compiler:compiler.py:124 Persistent compilation cache hit for 'jit_convert_element_type' with key 'jit_convert_element_type-c0644735a076689b941ad22538c5e3518e5d44412c64df64862f5656e728daaf'
WARNING  jax._src.dispatch:dispatch.py:204 Finished XLA compilation of jit(convert_element_type) in 0.001704931 sec
WARNING  jax._src.dispatch:dispatch.py:204 Finished tracing broadcast_in_dim for jit in 0.000297785 sec
WARNING  jax._src.interpreters.pxla:pxla.py:732 Compiling jit(broadcast_in_dim) with global shapes and types (ShapedArray(bool[]),). Argument mapping: (UnspecifiedValue,).
WARNING  jax._src.dispatch:dispatch.py:204 Finished jaxpr to MLIR module conversion jit(broadcast_in_dim) in 0.004139662 sec
WARNING  jax._src.compiler:compiler.py:124 Persistent compilation cache hit for 'jit_broadcast_in_dim' with key 'jit_broadcast_in_dim-c8e07e6815986590055104f6007c8c5d06f4301aa0193a97b1eafcd658b43e53'
WARNING  jax._src.dispatch:dispatch.py:204 Finished XLA compilation of jit(broadcast_in_dim) in 0.052368641 sec
WARNING  jax._src.dispatch:dispatch.py:204 Finished tracing dynamic_slice for jit in 0.000357866 sec
WARNING  jax._src.interpreters.pxla:pxla.py:732 Compiling jit(dynamic_slice) with global shapes and types (ShapedArray(float64[2,1547]), ShapedArray(int64[], weak_type=True), ShapedArray(int64[], weak_type=True)). Argument mapping: (UnspecifiedValue, UnspecifiedValue, UnspecifiedValue).
WARNING  jax._src.dispatch:dispatch.py:204 Finished jaxpr to MLIR module conversion jit(dynamic_slice) in 0.004547834 sec
WARNING  jax._src.dispatch:dispatch.py:204 Finished XLA compilation of jit(dynamic_slice) in 0.081372976 sec
WARNING  jax._src.dispatch:dispatch.py:204 Finished tracing squeeze for jit in 0.000324488 sec
WARNING  jax._src.interpreters.pxla:pxla.py:732 Compiling jit(squeeze) with global shapes and types (ShapedArray(float64[1,1547]),). Argument mapping: (UnspecifiedValue,).
WARNING  jax._src.dispatch:dispatch.py:204 Finished jaxpr to MLIR module conversion jit(squeeze) in 0.004591942 sec
WARNING  jax._src.dispatch:dispatch.py:204 Finished XLA compilation of jit(squeeze) in 0.008387566 sec
WARNING  jax._src.dispatch:dispatch.py:204 Finished tracing dynamic_slice for jit in 0.000316143 sec
WARNING  jax._src.interpreters.pxla:pxla.py:732 Compiling jit(dynamic_slice) with global shapes and types (ShapedArray(int8[2]), ShapedArray(int64[], weak_type=True)). Argument mapping: (UnspecifiedValue, UnspecifiedValue).
WARNING  jax._src.dispatch:dispatch.py:204 Finished jaxpr to MLIR module conversion jit(dynamic_slice) in 0.004389763 sec
WARNING  jax._src.compiler:compiler.py:124 Persistent compilation cache hit for 'jit_dynamic_slice' with key 'jit_dynamic_slice-5e74bb9a1d4492514d030c4ba641a719d02488ba84cc8a55a6da09e30dbe86a5'
WARNING  jax._src.dispatch:dispatch.py:204 Finished XLA compilation of jit(dynamic_slice) in 0.052598238 sec
WARNING  jax._src.dispatch:dispatch.py:204 Finished tracing squeeze for jit in 0.000285387 sec
WARNING  jax._src.interpreters.pxla:pxla.py:732 Compiling jit(squeeze) with global shapes and types (ShapedArray(int8[1]),). Argument mapping: (UnspecifiedValue,).
WARNING  jax._src.dispatch:dispatch.py:204 Finished jaxpr to MLIR module conversion jit(squeeze) in 0.004355431 sec
WARNING  jax._src.compiler:compiler.py:124 Persistent compilation cache hit for 'jit_squeeze' with key 'jit_squeeze-a901e151611f5d52006cb011251d6d4594b8cf2f1d3f84370b35384d81e5a51c'
WARNING  jax._src.dispatch:dispatch.py:204 Finished XLA compilation of jit(squeeze) in 0.001834154 sec
WARNING  jax._src.dispatch:dispatch.py:204 Finished tracing dynamic_slice for jit in 0.000304699 sec
WARNING  jax._src.interpreters.pxla:pxla.py:732 Compiling jit(dynamic_slice) with global shapes and types (ShapedArray(float64[2], weak_type=True), ShapedArray(int64[], weak_type=True)). Argument mapping: (UnspecifiedValue, UnspecifiedValue).
WARNING  jax._src.dispatch:dispatch.py:204 Finished jaxpr to MLIR module conversion jit(dynamic_slice) in 0.004379034 sec
WARNING  jax._src.compiler:compiler.py:124 Persistent compilation cache hit for 'jit_dynamic_slice' with key 'jit_dynamic_slice-fc91ef2b5e951f7d2019a11ff238d0e0bab938e7cdd5170aa5ac70a172367cd0'
WARNING  jax._src.dispatch:dispatch.py:204 Finished XLA compilation of jit(dynamic_slice) in 0.003194571 sec
WARNING  jax._src.dispatch:dispatch.py:204 Finished tracing squeeze for jit in 0.000285625 sec
WARNING  jax._src.interpreters.pxla:pxla.py:732 Compiling jit(squeeze) with global shapes and types (ShapedArray(float64[1], weak_type=True),). Argument mapping: (UnspecifiedValue,).
WARNING  jax._src.dispatch:dispatch.py:204 Finished jaxpr to MLIR module conversion jit(squeeze) in 0.004336596 sec
WARNING  jax._src.compiler:compiler.py:124 Persistent compilation cache hit for 'jit_squeeze' with key 'jit_squeeze-bf6639af5567c12d7c26588ab3c4af7bb515f26de674d9388b6498bfa159c43b'
WARNING  jax._src.dispatch:dispatch.py:204 Finished XLA compilation of jit(squeeze) in 0.005234241 sec
WARNING  jax._src.dispatch:dispatch.py:204 Finished tracing dynamic_slice for jit in 0.000316381 sec
WARNING  jax._src.interpreters.pxla:pxla.py:732 Compiling jit(dynamic_slice) with global shapes and types (ShapedArray(int32[2]), ShapedArray(int64[], weak_type=True)). Argument mapping: (UnspecifiedValue, UnspecifiedValue).
WARNING  jax._src.dispatch:dispatch.py:204 Finished jaxpr to MLIR module conversion jit(dynamic_slice) in 0.004464149 sec
WARNING  jax._src.compiler:compiler.py:124 Persistent compilation cache hit for 'jit_dynamic_slice' with key 'jit_dynamic_slice-6baf4534409500768d3b8a693012702203f131d5e097351f6a0a9e2f38eb3f70'
WARNING  jax._src.dispatch:dispatch.py:204 Finished XLA compilation of jit(dynamic_slice) in 0.007603168 sec
WARNING  jax._src.dispatch:dispatch.py:204 Finished tracing squeeze for jit in 0.000301123 sec
WARNING  jax._src.interpreters.pxla:pxla.py:732 Compiling jit(squeeze) with global shapes and types (ShapedArray(int32[1]),). Argument mapping: (UnspecifiedValue,).
WARNING  jax._src.dispatch:dispatch.py:204 Finished jaxpr to MLIR module conversion jit(squeeze) in 0.004398584 sec
WARNING  jax._src.compiler:compiler.py:124 Persistent compilation cache hit for 'jit_squeeze' with key 'jit_squeeze-17e5b3141516703ef177a183f97b8d3403f44b428fa9d7cefe1a7733c3743a4b'
WARNING  jax._src.dispatch:dispatch.py:204 Finished XLA compilation of jit(squeeze) in 0.004936457 sec
WARNING  jax._src.dispatch:dispatch.py:204 Finished tracing dynamic_slice for jit in 0.000341892 sec
WARNING  jax._src.interpreters.pxla:pxla.py:732 Compiling jit(dynamic_slice) with global shapes and types (ShapedArray(bool[2]), ShapedArray(int64[], weak_type=True)). Argument mapping: (UnspecifiedValue, UnspecifiedValue).
WARNING  jax._src.dispatch:dispatch.py:204 Finished jaxpr to MLIR module conversion jit(dynamic_slice) in 0.004459381 sec
WARNING  jax._src.compiler:compiler.py:124 Persistent compilation cache hit for 'jit_dynamic_slice' with key 'jit_dynamic_slice-41200f5d79205944774fe5b5e54ddf6e882bc9fcc1a5417ef79d55f978a009cd'
WARNING  jax._src.dispatch:dispatch.py:204 Finished XLA compilation of jit(dynamic_slice) in 0.005592108 sec
WARNING  jax._src.dispatch:dispatch.py:204 Finished tracing squeeze for jit in 0.000300646 sec
WARNING  jax._src.interpreters.pxla:pxla.py:732 Compiling jit(squeeze) with global shapes and types (ShapedArray(bool[1]),). Argument mapping: (UnspecifiedValue,).
WARNING  jax._src.dispatch:dispatch.py:204 Finished jaxpr to MLIR module conversion jit(squeeze) in 0.004308939 sec
WARNING  jax._src.compiler:compiler.py:124 Persistent compilation cache hit for 'jit_squeeze' with key 'jit_squeeze-05404c6a8c834cab7bd302f990faf1a624077558e001f8146672c7225ab512e3'
WARNING  jax._src.dispatch:dispatch.py:204 Finished XLA compilation of jit(squeeze) in 0.002639532 sec
WARNING  jax._src.dispatch:dispatch.py:204 Finished tracing read_qualification for jit in 0.030497074 sec
WARNING  jax._src.interpreters.pxla:pxla.py:732 Compiling jit(read_qualification) with global shapes and types (ShapedArray(float64[340,2]), ShapedArray(float64[340,6,7]), ShapedArray(int64[340,7]), ShapedArray(float64[340,2]), ShapedArray(float64[340,2]), ShapedArray(float64[340,13,2]), ShapedArray(float64[340,13,2]), ShapedArray(bool[340,13]), ShapedArray(float64[340]), ShapedArray(bool[340]), ShapedArray(float64[121,2]), ShapedArray(int32[2]), ShapedArray(bool[1]), ShapedArray(bool[1]), ShapedArray(float64[121,2]), ShapedArray(int32[198,7]), ShapedArray(float64[198,7,2,2]), ShapedArray(float64[340,2]), ShapedArray(int32[198,7,3,7]), ShapedArray(float64[198,7,3,7]), ShapedArray(float64[2,2]), ShapedArray(float64[2,2]), ShapedArray(int32[2,2]), ShapedArray(bool[2,2]), ShapedArray(int32[2]), ShapedArray(float64[1547]), ShapedArray(int64[], weak_type=True), ShapedArray(bool[340])). Argument mapping: (UnspecifiedValue, UnspecifiedValue, UnspecifiedValue, UnspecifiedValue, UnspecifiedValue, UnspecifiedValue, UnspecifiedValue, UnspecifiedValue, UnspecifiedValue, UnspecifiedValue, UnspecifiedValue, UnspecifiedValue, UnspecifiedValue, UnspecifiedValue, UnspecifiedValue, UnspecifiedValue, UnspecifiedValue, UnspecifiedValue, UnspecifiedValue, UnspecifiedValue, UnspecifiedValue, UnspecifiedValue, UnspecifiedValue, UnspecifiedValue, UnspecifiedValue, UnspecifiedValue, UnspecifiedValue, UnspecifiedValue).
WARNING  jax._src.dispatch:dispatch.py:204 Finished jaxpr to MLIR module conversion jit(read_qualification) in 0.535430670 sec
WARNING  jax._src.dispatch:dispatch.py:204 Finished XLA compilation of jit(read_qualification) in 3.838213682 sec
WARNING  jax._src.interpreters.pxla:pxla.py:732 Compiling jit(split_flux_map) with global shapes and types (ShapedArray(float64[1547]),). Argument mapping: (UnspecifiedValue,).
WARNING  jax._src.dispatch:dispatch.py:204 Finished jaxpr to MLIR module conversion jit(split_flux_map) in 0.007031202 sec
WARNING  jax._src.dispatch:dispatch.py:204 Finished XLA compilation of jit(split_flux_map) in 0.037987947 sec
WARNING  jax._src.dispatch:dispatch.py:204 Finished tracing dynamic_slice for jit in 0.000386000 sec
WARNING  jax._src.interpreters.pxla:pxla.py:732 Compiling jit(dynamic_slice) with global shapes and types (ShapedArray(float64[1547]), ShapedArray(int64[], weak_type=True)). Argument mapping: (UnspecifiedValue, UnspecifiedValue).
WARNING  jax._src.dispatch:dispatch.py:204 Finished jaxpr to MLIR module conversion jit(dynamic_slice) in 0.004019976 sec
WARNING  jax._src.dispatch:dispatch.py:204 Finished XLA compilation of jit(dynamic_slice) in 0.028021812 sec
WARNING  jax._src.dispatch:dispatch.py:204 Finished tracing dynamic_slice for jit in 0.000252724 sec
WARNING  jax._src.interpreters.pxla:pxla.py:732 Compiling jit(dynamic_slice) with global shapes and types (ShapedArray(float64[1547]), ShapedArray(int64[], weak_type=True)). Argument mapping: (UnspecifiedValue, UnspecifiedValue).
WARNING  jax._src.dispatch:dispatch.py:204 Finished jaxpr to MLIR module conversion jit(dynamic_slice) in 0.003703356 sec
WARNING  jax._src.dispatch:dispatch.py:204 Finished XLA compilation of jit(dynamic_slice) in 0.025278330 sec
WARNING  jax._src.dispatch:dispatch.py:204 Finished tracing concatenate for jit in 0.000178576 sec
WARNING  jax._src.interpreters.pxla:pxla.py:732 Compiling jit(concatenate) with global shapes and types (ShapedArray(float64[340]), ShapedArray(float64[1086])). Argument mapping: (UnspecifiedValue, UnspecifiedValue).
WARNING  jax._src.dispatch:dispatch.py:204 Finished jaxpr to MLIR module conversion jit(concatenate) in 0.003706932 sec
WARNING  jax._src.dispatch:dispatch.py:204 Finished XLA compilation of jit(concatenate) in 0.010604858 sec
WARNING  jax._src.interpreters.pxla:pxla.py:732 Compiling jit(__call__) with global shapes and types (ShapedArray(float64[340,6,7]), ShapedArray(int64[340,7]), ShapedArray(float64[340,2]), ShapedArray(float64[340,2]), ShapedArray(float64[340,13,2]), ShapedArray(float64[340,13,2]), ShapedArray(bool[340,13]), ShapedArray(float64[340]), ShapedArray(bool[340]), ShapedArray(float64[121,2]), ShapedArray(int32[2]), ShapedArray(bool[1]), ShapedArray(bool[1]), ShapedArray(float64[1426])). Argument mapping: (UnspecifiedValue, UnspecifiedValue, UnspecifiedValue, UnspecifiedValue, UnspecifiedValue, UnspecifiedValue, UnspecifiedValue, UnspecifiedValue, UnspecifiedValue, UnspecifiedValue, UnspecifiedValue, UnspecifiedValue, UnspecifiedValue, UnspecifiedValue).
WARNING  jax._src.dispatch:dispatch.py:204 Finished jaxpr to MLIR module conversion jit(__call__) in 0.073586464 sec
WARNING  jax._src.dispatch:dispatch.py:204 Finished XLA compilation of jit(__call__) in 0.498998642 sec
WARNING  jax._src.dispatch:dispatch.py:204 Finished tracing unstack for jit in 0.000230551 sec
WARNING  jax._src.interpreters.pxla:pxla.py:732 Compiling jit(unstack) with global shapes and types (ShapedArray(float64[2,30,4]),). Argument mapping: (UnspecifiedValue,).
WARNING  jax._src.dispatch:dispatch.py:204 Finished jaxpr to MLIR module conversion jit(unstack) in 0.005149126 sec
WARNING  jax._src.dispatch:dispatch.py:204 Finished XLA compilation of jit(unstack) in 0.026568890 sec
WARNING  jax._src.dispatch:dispatch.py:204 Finished tracing dynamic_slice for jit in 0.000264406 sec
WARNING  jax._src.interpreters.pxla:pxla.py:732 Compiling jit(dynamic_slice) with global shapes and types (ShapedArray(float64[30,4]), ShapedArray(int64[], weak_type=True), ShapedArray(int64[], weak_type=True)). Argument mapping: (UnspecifiedValue, UnspecifiedValue, UnspecifiedValue).
WARNING  jax._src.dispatch:dispatch.py:204 Finished jaxpr to MLIR module conversion jit(dynamic_slice) in 0.003489733 sec
WARNING  jax._src.dispatch:dispatch.py:204 Finished XLA compilation of jit(dynamic_slice) in 0.024439335 sec
WARNING  jax._src.interpreters.pxla:pxla.py:732 Compiling jit(subtract) with global shapes and types (ShapedArray(float64[30,2]), ShapedArray(float64[2])). Argument mapping: (UnspecifiedValue, UnspecifiedValue).
WARNING  jax._src.dispatch:dispatch.py:204 Finished jaxpr to MLIR module conversion jit(subtract) in 0.003838301 sec
WARNING  jax._src.dispatch:dispatch.py:204 Finished XLA compilation of jit(subtract) in 0.025370836 sec
WARNING  jax._src.dispatch:dispatch.py:204 Finished tracing integer_pow for jit in 0.000308752 sec
WARNING  jax._src.interpreters.pxla:pxla.py:732 Compiling jit(integer_pow) with global shapes and types (ShapedArray(float64[30,2]),). Argument mapping: (UnspecifiedValue,).
WARNING  jax._src.dispatch:dispatch.py:204 Finished jaxpr to MLIR module conversion jit(integer_pow) in 0.004304171 sec
WARNING  jax._src.dispatch:dispatch.py:204 Finished XLA compilation of jit(integer_pow) in 0.038632631 sec
WARNING  jax._src.interpreters.pxla:pxla.py:732 Compiling jit(_reduce_sum) with global shapes and types (ShapedArray(float64[30,2]),). Argument mapping: (UnspecifiedValue,).
WARNING  jax._src.dispatch:dispatch.py:204 Finished jaxpr to MLIR module conversion jit(_reduce_sum) in 0.004937410 sec
WARNING  jax._src.dispatch:dispatch.py:204 Finished XLA compilation of jit(_reduce_sum) in 0.027226448 sec
WARNING  jax._src.dispatch:dispatch.py:204 Finished tracing dynamic_slice for jit in 0.000302315 sec
WARNING  jax._src.interpreters.pxla:pxla.py:732 Compiling jit(dynamic_slice) with global shapes and types (ShapedArray(float64[30,4]), ShapedArray(int64[], weak_type=True), ShapedArray(int64[], weak_type=True)). Argument mapping: (UnspecifiedValue, UnspecifiedValue, UnspecifiedValue).
WARNING  jax._src.dispatch:dispatch.py:204 Finished jaxpr to MLIR module conversion jit(dynamic_slice) in 0.004570723 sec
WARNING  jax._src.dispatch:dispatch.py:204 Finished XLA compilation of jit(dynamic_slice) in 0.026939869 sec
WARNING  jax._src.dispatch:dispatch.py:204 Finished tracing squeeze for jit in 0.000276327 sec
WARNING  jax._src.interpreters.pxla:pxla.py:732 Compiling jit(squeeze) with global shapes and types (ShapedArray(float64[30,1]),). Argument mapping: (UnspecifiedValue,).
WARNING  jax._src.dispatch:dispatch.py:204 Finished jaxpr to MLIR module conversion jit(squeeze) in 0.003909349 sec
WARNING  jax._src.dispatch:dispatch.py:204 Finished XLA compilation of jit(squeeze) in 0.007807732 sec
WARNING  jax._src.interpreters.pxla:pxla.py:732 Compiling jit(isfinite) with global shapes and types (ShapedArray(float64[30]),). Argument mapping: (UnspecifiedValue,).
WARNING  jax._src.dispatch:dispatch.py:204 Finished jaxpr to MLIR module conversion jit(isfinite) in 0.003574133 sec
WARNING  jax._src.dispatch:dispatch.py:204 Finished XLA compilation of jit(isfinite) in 0.030044079 sec
WARNING  jax._src.interpreters.pxla:pxla.py:732 Compiling jit(_where) with global shapes and types (ShapedArray(bool[30]), ShapedArray(float64[30]), ShapedArray(float64[], weak_type=True)). Argument mapping: (UnspecifiedValue, UnspecifiedValue, UnspecifiedValue).
WARNING  jax._src.dispatch:dispatch.py:204 Finished jaxpr to MLIR module conversion jit(_where) in 0.004729509 sec
WARNING  jax._src.dispatch:dispatch.py:204 Finished XLA compilation of jit(_where) in 0.030823946 sec
WARNING  jax._src.interpreters.pxla:pxla.py:732 Compiling jit(_argmin) with global shapes and types (ShapedArray(float64[30]),). Argument mapping: (UnspecifiedValue,).
WARNING  jax._src.dispatch:dispatch.py:204 Finished jaxpr to MLIR module conversion jit(_argmin) in 0.007872105 sec
WARNING  jax._src.dispatch:dispatch.py:204 Finished XLA compilation of jit(_argmin) in 0.037174940 sec
WARNING  jax._src.dispatch:dispatch.py:204 Finished tracing convert_element_type for jit in 0.000194550 sec
WARNING  jax._src.interpreters.pxla:pxla.py:732 Compiling jit(convert_element_type) with global shapes and types (ShapedArray(int64[]),). Argument mapping: (UnspecifiedValue,).
WARNING  jax._src.dispatch:dispatch.py:204 Finished jaxpr to MLIR module conversion jit(convert_element_type) in 0.004053354 sec
WARNING  jax._src.compiler:compiler.py:124 Persistent compilation cache hit for 'jit_convert_element_type' with key 'jit_convert_element_type-11463b2f9efcb1ee1084b8ce76d0383e7a4410490ab6bba839bb4a6bee2b06a3'
WARNING  jax._src.dispatch:dispatch.py:204 Finished XLA compilation of jit(convert_element_type) in 0.001916885 sec
WARNING  jax._src.interpreters.pxla:pxla.py:732 Compiling jit(less) with global shapes and types (ShapedArray(int32[]), ShapedArray(int64[], weak_type=True)). Argument mapping: (UnspecifiedValue, UnspecifiedValue).
WARNING  jax._src.dispatch:dispatch.py:204 Finished jaxpr to MLIR module conversion jit(less) in 0.004290342 sec
WARNING  jax._src.dispatch:dispatch.py:204 Finished XLA compilation of jit(less) in 0.025161982 sec
WARNING  jax._src.interpreters.pxla:pxla.py:732 Compiling jit(add) with global shapes and types (ShapedArray(int32[]), ShapedArray(int32[])). Argument mapping: (UnspecifiedValue, UnspecifiedValue).
WARNING  jax._src.dispatch:dispatch.py:204 Finished jaxpr to MLIR module conversion jit(add) in 0.003445148 sec
WARNING  jax._src.dispatch:dispatch.py:204 Finished XLA compilation of jit(add) in 0.022677422 sec
WARNING  jax._src.dispatch:dispatch.py:204 Finished tracing dynamic_slice for jit in 0.000262976 sec
WARNING  jax._src.interpreters.pxla:pxla.py:732 Compiling jit(dynamic_slice) with global shapes and types (ShapedArray(float64[30,4]), ShapedArray(int32[]), ShapedArray(int32[])). Argument mapping: (UnspecifiedValue, UnspecifiedValue, UnspecifiedValue).
WARNING  jax._src.dispatch:dispatch.py:204 Finished jaxpr to MLIR module conversion jit(dynamic_slice) in 0.003504038 sec
WARNING  jax._src.dispatch:dispatch.py:204 Finished XLA compilation of jit(dynamic_slice) in 0.024640322 sec
WARNING  jax._src.interpreters.pxla:pxla.py:732 Compiling jit(axis_cell_seed) with global shapes and types (ShapedArray(float64[340,2]), ShapedArray(float64[2]), ShapedArray(bool[340])). Argument mapping: (UnspecifiedValue, UnspecifiedValue, UnspecifiedValue).
WARNING  jax._src.dispatch:dispatch.py:204 Finished jaxpr to MLIR module conversion jit(axis_cell_seed) in 0.009331226 sec
WARNING  jax._src.dispatch:dispatch.py:204 Finished XLA compilation of jit(axis_cell_seed) in 0.047680855 sec
WARNING  jax._src.interpreters.pxla:pxla.py:732 Compiling jit(isfinite) with global shapes and types (ShapedArray(float64[2]),). Argument mapping: (UnspecifiedValue,).
WARNING  jax._src.dispatch:dispatch.py:204 Finished jaxpr to MLIR module conversion jit(isfinite) in 0.004268885 sec
WARNING  jax._src.dispatch:dispatch.py:204 Finished XLA compilation of jit(isfinite) in 0.026818037 sec
WARNING  jax._src.interpreters.pxla:pxla.py:732 Compiling jit(_reduce_all) with global shapes and types (ShapedArray(bool[2]),). Argument mapping: (UnspecifiedValue,).
WARNING  jax._src.dispatch:dispatch.py:204 Finished jaxpr to MLIR module conversion jit(_reduce_all) in 0.004339933 sec
WARNING  jax._src.dispatch:dispatch.py:204 Finished XLA compilation of jit(_reduce_all) in 0.023265839 sec
WARNING  jax._src.interpreters.pxla:pxla.py:732 Compiling jit(isfinite) with global shapes and types (ShapedArray(float64[]),). Argument mapping: (UnspecifiedValue,).
WARNING  jax._src.dispatch:dispatch.py:204 Finished jaxpr to MLIR module conversion jit(isfinite) in 0.004095316 sec
WARNING  jax._src.compiler:compiler.py:124 Persistent compilation cache hit for 'jit_isfinite' with key 'jit_isfinite-af3a71e74f81228141c9e4480ea86d85cae8359520965a5b92927c5d426f8c2a'
WARNING  jax._src.dispatch:dispatch.py:204 Finished XLA compilation of jit(isfinite) in 0.001754045 sec
WARNING  jax._src.interpreters.pxla:pxla.py:732 Compiling jit(bitwise_and) with global shapes and types (ShapedArray(bool[]), ShapedArray(bool[])). Argument mapping: (UnspecifiedValue, UnspecifiedValue).
WARNING  jax._src.dispatch:dispatch.py:204 Finished jaxpr to MLIR module conversion jit(bitwise_and) in 0.003149509 sec
WARNING  jax._src.compiler:compiler.py:124 Persistent compilation cache hit for 'jit_bitwise_and' with key 'jit_bitwise_and-3a9efb55ba7b1e486f2a3eee3a4ff47dbd03489488ba0f3eda365fa22bbd6bc4'
WARNING  jax._src.dispatch:dispatch.py:204 Finished XLA compilation of jit(bitwise_and) in 0.001587391 sec
WARNING  jax._src.interpreters.pxla:pxla.py:732 Compiling jit(saddle_qualified_domains) with global shapes and types (ShapedArray(int8[340]), ShapedArray(float64[340]), ShapedArray(bool[])). Argument mapping: (UnspecifiedValue, UnspecifiedValue, UnspecifiedValue).
WARNING  jax._src.dispatch:dispatch.py:204 Finished jaxpr to MLIR module conversion jit(saddle_qualified_domains) in 0.005427837 sec
WARNING  jax._src.dispatch:dispatch.py:204 Finished XLA compilation of jit(saddle_qualified_domains) in 0.031811714 sec
WARNING  jax._src.interpreters.pxla:pxla.py:732 Compiling jit(equal) with global shapes and types (ShapedArray(int8[340]), ShapedArray(int64[], weak_type=True)). Argument mapping: (UnspecifiedValue, UnspecifiedValue).
WARNING  jax._src.dispatch:dispatch.py:204 Finished jaxpr to MLIR module conversion jit(equal) in 0.003510952 sec
WARNING  jax._src.dispatch:dispatch.py:204 Finished XLA compilation of jit(equal) in 0.026409388 sec
WARNING  jax._src.interpreters.pxla:pxla.py:732 Compiling jit(bitwise_or) with global shapes and types (ShapedArray(bool[340]), ShapedArray(bool[340])). Argument mapping: (UnspecifiedValue, UnspecifiedValue).
WARNING  jax._src.dispatch:dispatch.py:204 Finished jaxpr to MLIR module conversion jit(bitwise_or) in 0.003393173 sec
WARNING  jax._src.dispatch:dispatch.py:204 Finished XLA compilation of jit(bitwise_or) in 0.037616491 sec
WARNING  jax._src.interpreters.pxla:pxla.py:732 Compiling jit(equal) with global shapes and types (ShapedArray(float64[2]), ShapedArray(float64[2])). Argument mapping: (UnspecifiedValue, UnspecifiedValue).
WARNING  jax._src.dispatch:dispatch.py:204 Finished jaxpr to MLIR module conversion jit(equal) in 0.004450560 sec
WARNING  jax._src.dispatch:dispatch.py:204 Finished XLA compilation of jit(equal) in 0.026852369 sec
WARNING  jax._src.interpreters.pxla:pxla.py:732 Compiling jit(invert) with global shapes and types (ShapedArray(bool[]),). Argument mapping: (UnspecifiedValue,).
WARNING  jax._src.dispatch:dispatch.py:204 Finished jaxpr to MLIR module conversion jit(invert) in 0.003574371 sec
WARNING  jax._src.dispatch:dispatch.py:204 Finished XLA compilation of jit(invert) in 0.021645784 sec
WARNING  jax._src.interpreters.pxla:pxla.py:732 Compiling jit(bitwise_or) with global shapes and types (ShapedArray(bool[]), ShapedArray(bool[])). Argument mapping: (UnspecifiedValue, UnspecifiedValue).
WARNING  jax._src.dispatch:dispatch.py:204 Finished jaxpr to MLIR module conversion jit(bitwise_or) in 0.003332376 sec
WARNING  jax._src.dispatch:dispatch.py:204 Finished XLA compilation of jit(bitwise_or) in 0.021244287 sec
WARNING  jax._src.dispatch:dispatch.py:204 Finished tracing subtract for jit in 0.000347137 sec
WARNING  jax._src.interpreters.pxla:pxla.py:732 Compiling jit(subtract) with global shapes and types (ShapedArray(float64[1086]), ShapedArray(float64[])). Argument mapping: (UnspecifiedValue, UnspecifiedValue).
WARNING  jax._src.dispatch:dispatch.py:204 Finished jaxpr to MLIR module conversion jit(subtract) in 0.003734589 sec
WARNING  jax._src.dispatch:dispatch.py:204 Finished XLA compilation of jit(subtract) in 0.025132418 sec
WARNING  jax._src.interpreters.pxla:pxla.py:732 Compiling jit(subtract) with global shapes and types (ShapedArray(float64[]), ShapedArray(float64[])). Argument mapping: (UnspecifiedValue, UnspecifiedValue).
WARNING  jax._src.dispatch:dispatch.py:204 Finished jaxpr to MLIR module conversion jit(subtract) in 0.004335642 sec
WARNING  jax._src.compiler:compiler.py:124 Persistent compilation cache hit for 'jit_subtract' with key 'jit_subtract-ada377d607fb5124e1c965791ab65ed82cddd392f8f3273adfe6d3b7695262ca'
WARNING  jax._src.dispatch:dispatch.py:204 Finished XLA compilation of jit(subtract) in 0.002228975 sec
WARNING  jax._src.dispatch:dispatch.py:204 Finished tracing true_divide for jit in 0.000501871 sec
WARNING  jax._src.interpreters.pxla:pxla.py:732 Compiling jit(true_divide) with global shapes and types (ShapedArray(float64[1086]), ShapedArray(float64[])). Argument mapping: (UnspecifiedValue, UnspecifiedValue).
WARNING  jax._src.dispatch:dispatch.py:204 Finished jaxpr to MLIR module conversion jit(true_divide) in 0.004506111 sec
WARNING  jax._src.dispatch:dispatch.py:204 Finished XLA compilation of jit(true_divide) in 0.033407450 sec
WARNING  jax._src.dispatch:dispatch.py:204 Finished tracing broadcast_in_dim for jit in 0.000387430 sec
WARNING  jax._src.interpreters.pxla:pxla.py:732 Compiling jit(broadcast_in_dim) with global shapes and types (ShapedArray(float64[]),). Argument mapping: (UnspecifiedValue,).
WARNING  jax._src.dispatch:dispatch.py:204 Finished jaxpr to MLIR module conversion jit(broadcast_in_dim) in 0.004572392 sec
WARNING  jax._src.dispatch:dispatch.py:204 Finished XLA compilation of jit(broadcast_in_dim) in 0.025728941 sec
WARNING  jax._src.dispatch:dispatch.py:204 Finished tracing stage for jit in 0.000154257 sec
WARNING  jax._src.interpreters.pxla:pxla.py:732 Compiling jit(stage) with global shapes and types (ShapedArray(float64[937,2]),). Argument mapping: (UnspecifiedValue,).
WARNING  jax._src.dispatch:dispatch.py:204 Finished jaxpr to MLIR module conversion jit(stage) in 0.004149437 sec
WARNING  jax._src.dispatch:dispatch.py:204 Finished XLA compilation of jit(stage) in 0.007855177 sec
WARNING  jax._src.dispatch:dispatch.py:204 Finished tracing stage for jit in 0.000155926 sec
WARNING  jax._src.interpreters.pxla:pxla.py:732 Compiling jit(stage) with global shapes and types (ShapedArray(int64[340,13]),). Argument mapping: (UnspecifiedValue,).
WARNING  jax._src.dispatch:dispatch.py:204 Finished jaxpr to MLIR module conversion jit(stage) in 0.004112005 sec
WARNING  jax._src.dispatch:dispatch.py:204 Finished XLA compilation of jit(stage) in 0.008105040 sec
WARNING  jax._src.dispatch:dispatch.py:204 Finished tracing stage for jit in 0.000151396 sec
WARNING  jax._src.interpreters.pxla:pxla.py:732 Compiling jit(stage) with global shapes and types (ShapedArray(int64[340]),). Argument mapping: (UnspecifiedValue,).
WARNING  jax._src.dispatch:dispatch.py:204 Finished jaxpr to MLIR module conversion jit(stage) in 0.003795147 sec
WARNING  jax._src.dispatch:dispatch.py:204 Finished XLA compilation of jit(stage) in 0.008165598 sec
WARNING  jax._src.dispatch:dispatch.py:204 Finished tracing stage for jit in 0.000149250 sec
WARNING  jax._src.interpreters.pxla:pxla.py:732 Compiling jit(stage) with global shapes and types (ShapedArray(float64[340,2]),). Argument mapping: (UnspecifiedValue,).
WARNING  jax._src.dispatch:dispatch.py:204 Finished jaxpr to MLIR module conversion jit(stage) in 0.004001856 sec
WARNING  jax._src.dispatch:dispatch.py:204 Finished XLA compilation of jit(stage) in 0.007979870 sec
WARNING  jax._src.dispatch:dispatch.py:204 Finished tracing iota for jit in 0.000200272 sec
WARNING  jax._src.interpreters.pxla:pxla.py:732 Compiling jit(iota) with global shapes and types (). Argument mapping: ().
WARNING  jax._src.dispatch:dispatch.py:204 Finished jaxpr to MLIR module conversion jit(iota) in 0.004367113 sec
WARNING  jax._src.dispatch:dispatch.py:204 Finished XLA compilation of jit(iota) in 0.035187006 sec
WARNING  jax._src.dispatch:dispatch.py:204 Finished tracing convert_element_type for jit in 0.000331879 sec
WARNING  jax._src.interpreters.pxla:pxla.py:732 Compiling jit(convert_element_type) with global shapes and types (ShapedArray(int64[340]),). Argument mapping: (UnspecifiedValue,).
WARNING  jax._src.dispatch:dispatch.py:204 Finished jaxpr to MLIR module conversion jit(convert_element_type) in 0.004376173 sec
WARNING  jax._src.dispatch:dispatch.py:204 Finished XLA compilation of jit(convert_element_type) in 0.038559437 sec
WARNING  jax._src.interpreters.pxla:pxla.py:732 Compiling jit(less) with global shapes and types (ShapedArray(int32[340]), ShapedArray(int64[], weak_type=True)). Argument mapping: (UnspecifiedValue, UnspecifiedValue).
WARNING  jax._src.dispatch:dispatch.py:204 Finished jaxpr to MLIR module conversion jit(less) in 0.005254745 sec
WARNING  jax._src.dispatch:dispatch.py:204 Finished XLA compilation of jit(less) in 0.034025669 sec
WARNING  jax._src.interpreters.pxla:pxla.py:732 Compiling jit(add) with global shapes and types (ShapedArray(int32[340]), ShapedArray(int32[])). Argument mapping: (UnspecifiedValue, UnspecifiedValue).
WARNING  jax._src.dispatch:dispatch.py:204 Finished jaxpr to MLIR module conversion jit(add) in 0.004606247 sec
WARNING  jax._src.dispatch:dispatch.py:204 Finished XLA compilation of jit(add) in 0.030122280 sec
WARNING  jax._src.dispatch:dispatch.py:204 Finished tracing select_n for jit in 0.000382900 sec
WARNING  jax._src.interpreters.pxla:pxla.py:732 Compiling jit(select_n) with global shapes and types (ShapedArray(bool[340]), ShapedArray(int32[340]), ShapedArray(int32[340])). Argument mapping: (UnspecifiedValue, UnspecifiedValue, UnspecifiedValue).
WARNING  jax._src.dispatch:dispatch.py:204 Finished jaxpr to MLIR module conversion jit(select_n) in 0.004497528 sec
WARNING  jax._src.dispatch:dispatch.py:204 Finished XLA compilation of jit(select_n) in 0.046586037 sec
WARNING  jax._src.interpreters.pxla:pxla.py:732 Compiling jit(less) with global shapes and types (ShapedArray(int32[]), ShapedArray(int64[], weak_type=True)). Argument mapping: (UnspecifiedValue, UnspecifiedValue).
WARNING  jax._src.dispatch:dispatch.py:204 Finished jaxpr to MLIR module conversion jit(less) in 0.004866123 sec
WARNING  jax._src.compiler:compiler.py:124 Persistent compilation cache hit for 'jit_less' with key 'jit_less-7355b83b5ccb882ed30dce609f6d80b5c3f9750aa714c1ab2c0d60ddbdc9eda2'
WARNING  jax._src.dispatch:dispatch.py:204 Finished XLA compilation of jit(less) in 0.002256393 sec
WARNING  jax._src.interpreters.pxla:pxla.py:732 Compiling jit(add) with global shapes and types (ShapedArray(int32[]), ShapedArray(int32[])). Argument mapping: (UnspecifiedValue, UnspecifiedValue).
WARNING  jax._src.dispatch:dispatch.py:204 Finished jaxpr to MLIR module conversion jit(add) in 0.004359722 sec
WARNING  jax._src.compiler:compiler.py:124 Persistent compilation cache hit for 'jit_add' with key 'jit_add-80f9e17a8cafcebf4aba89a7a541b7fd0cf583b1a50df1285931caf9a1346103'
WARNING  jax._src.dispatch:dispatch.py:204 Finished XLA compilation of jit(add) in 0.002899647 sec
WARNING  jax._src.dispatch:dispatch.py:204 Finished tracing broadcast_in_dim for jit in 0.000404835 sec
WARNING  jax._src.interpreters.pxla:pxla.py:732 Compiling jit(broadcast_in_dim) with global shapes and types (ShapedArray(int32[340]),). Argument mapping: (UnspecifiedValue,).
WARNING  jax._src.dispatch:dispatch.py:204 Finished jaxpr to MLIR module conversion jit(broadcast_in_dim) in 0.004931688 sec
WARNING  jax._src.dispatch:dispatch.py:204 Finished XLA compilation of jit(broadcast_in_dim) in 0.008697748 sec
WARNING  jax._src.dispatch:dispatch.py:204 Finished tracing broadcast_in_dim for jit in 0.000365973 sec
WARNING  jax._src.interpreters.pxla:pxla.py:732 Compiling jit(broadcast_in_dim) with global shapes and types (ShapedArray(int32[]),). Argument mapping: (UnspecifiedValue,).
WARNING  jax._src.dispatch:dispatch.py:204 Finished jaxpr to MLIR module conversion jit(broadcast_in_dim) in 0.004345894 sec
WARNING  jax._src.dispatch:dispatch.py:204 Finished XLA compilation of jit(broadcast_in_dim) in 0.026551962 sec
WARNING  jax._src.dispatch:dispatch.py:204 Finished tracing concatenate for jit in 0.000360489 sec
WARNING  jax._src.interpreters.pxla:pxla.py:732 Compiling jit(concatenate) with global shapes and types (ShapedArray(int32[340,1]), ShapedArray(int32[340,1])). Argument mapping: (UnspecifiedValue, UnspecifiedValue).
WARNING  jax._src.dispatch:dispatch.py:204 Finished jaxpr to MLIR module conversion jit(concatenate) in 0.004548788 sec
WARNING  jax._src.dispatch:dispatch.py:204 Finished XLA compilation of jit(concatenate) in 0.021674871 sec
WARNING  jax._src.dispatch:dispatch.py:204 Finished tracing gather for jit in 0.000467062 sec
WARNING  jax._src.interpreters.pxla:pxla.py:732 Compiling jit(gather) with global shapes and types (ShapedArray(int64[340,13]), ShapedArray(int32[340,2])). Argument mapping: (UnspecifiedValue, UnspecifiedValue).
WARNING  jax._src.dispatch:dispatch.py:204 Finished jaxpr to MLIR module conversion jit(gather) in 0.004637718 sec
WARNING  jax._src.dispatch:dispatch.py:204 Finished XLA compilation of jit(gather) in 0.031933784 sec
WARNING  jax._src.dispatch:dispatch.py:204 Finished tracing squeeze for jit in 0.000329018 sec
WARNING  jax._src.interpreters.pxla:pxla.py:732 Compiling jit(squeeze) with global shapes and types (ShapedArray(int64[340,1,13]),). Argument mapping: (UnspecifiedValue,).
WARNING  jax._src.dispatch:dispatch.py:204 Finished jaxpr to MLIR module conversion jit(squeeze) in 0.004443645 sec
WARNING  jax._src.dispatch:dispatch.py:204 Finished XLA compilation of jit(squeeze) in 0.009670258 sec
WARNING  jax._src.interpreters.pxla:pxla.py:732 Compiling jit(less) with global shapes and types (ShapedArray(int64[340,13]), ShapedArray(int64[], weak_type=True)). Argument mapping: (UnspecifiedValue, UnspecifiedValue).
WARNING  jax._src.dispatch:dispatch.py:204 Finished jaxpr to MLIR module conversion jit(less) in 0.004911900 sec
WARNING  jax._src.dispatch:dispatch.py:204 Finished XLA compilation of jit(less) in 0.032677174 sec
WARNING  jax._src.dispatch:dispatch.py:204 Finished tracing add for jit in 0.000356674 sec
WARNING  jax._src.interpreters.pxla:pxla.py:732 Compiling jit(add) with global shapes and types (ShapedArray(int64[340,13]), ShapedArray(int64[])). Argument mapping: (UnspecifiedValue, UnspecifiedValue).
WARNING  jax._src.dispatch:dispatch.py:204 Finished jaxpr to MLIR module conversion jit(add) in 0.004562378 sec
WARNING  jax._src.dispatch:dispatch.py:204 Finished XLA compilation of jit(add) in 0.031329632 sec
WARNING  jax._src.dispatch:dispatch.py:204 Finished tracing select_n for jit in 0.000491858 sec
WARNING  jax._src.interpreters.pxla:pxla.py:732 Compiling jit(select_n) with global shapes and types (ShapedArray(bool[340,13]), ShapedArray(int64[340,13]), ShapedArray(int64[340,13])). Argument mapping: (UnspecifiedValue, UnspecifiedValue, UnspecifiedValue).
WARNING  jax._src.dispatch:dispatch.py:204 Finished jaxpr to MLIR module conversion jit(select_n) in 0.004375935 sec
WARNING  jax._src.dispatch:dispatch.py:204 Finished XLA compilation of jit(select_n) in 0.041714668 sec
WARNING  jax._src.interpreters.pxla:pxla.py:732 Compiling jit(_broadcast_arrays) with global shapes and types (ShapedArray(int64[340,13]),). Argument mapping: (UnspecifiedValue,).
WARNING  jax._src.dispatch:dispatch.py:204 Finished jaxpr to MLIR module conversion jit(_broadcast_arrays) in 0.004199028 sec
WARNING  jax._src.dispatch:dispatch.py:204 Finished XLA compilation of jit(_broadcast_arrays) in 0.007774353 sec
WARNING  jax._src.dispatch:dispatch.py:204 Finished tracing convert_element_type for jit in 0.000501156 sec
WARNING  jax._src.interpreters.pxla:pxla.py:732 Compiling jit(convert_element_type) with global shapes and types (ShapedArray(int64[340,13]),). Argument mapping: (UnspecifiedValue,).
WARNING  jax._src.dispatch:dispatch.py:204 Finished jaxpr to MLIR module conversion jit(convert_element_type) in 0.004471779 sec
WARNING  jax._src.dispatch:dispatch.py:204 Finished XLA compilation of jit(convert_element_type) in 0.032596350 sec
WARNING  jax._src.dispatch:dispatch.py:204 Finished tracing broadcast_in_dim for jit in 0.000383615 sec
WARNING  jax._src.interpreters.pxla:pxla.py:732 Compiling jit(broadcast_in_dim) with global shapes and types (ShapedArray(int32[340,13]),). Argument mapping: (UnspecifiedValue,).
WARNING  jax._src.dispatch:dispatch.py:204 Finished jaxpr to MLIR module conversion jit(broadcast_in_dim) in 0.003263950 sec
WARNING  jax._src.dispatch:dispatch.py:204 Finished XLA compilation of jit(broadcast_in_dim) in 0.026432514 sec
WARNING  jax._src.dispatch:dispatch.py:204 Finished tracing gather for jit in 0.000360250 sec
WARNING  jax._src.interpreters.pxla:pxla.py:732 Compiling jit(gather) with global shapes and types (ShapedArray(float64[937,2]), ShapedArray(int32[340,13,1])). Argument mapping: (UnspecifiedValue, UnspecifiedValue).
WARNING  jax._src.dispatch:dispatch.py:204 Finished jaxpr to MLIR module conversion jit(gather) in 0.003292561 sec
WARNING  jax._src.dispatch:dispatch.py:204 Finished XLA compilation of jit(gather) in 0.024555445 sec
WARNING  jax._src.dispatch:dispatch.py:204 Finished tracing broadcast_in_dim for jit in 0.000319242 sec
WARNING  jax._src.interpreters.pxla:pxla.py:732 Compiling jit(broadcast_in_dim) with global shapes and types (ShapedArray(float64[340,13,2]),). Argument mapping: (UnspecifiedValue,).
WARNING  jax._src.dispatch:dispatch.py:204 Finished jaxpr to MLIR module conversion jit(broadcast_in_dim) in 0.003094196 sec
WARNING  jax._src.dispatch:dispatch.py:204 Finished XLA compilation of jit(broadcast_in_dim) in 0.005781651 sec
WARNING  jax._src.dispatch:dispatch.py:204 Finished tracing iota for jit in 0.000249147 sec
WARNING  jax._src.interpreters.pxla:pxla.py:732 Compiling jit(iota) with global shapes and types (). Argument mapping: ().
WARNING  jax._src.dispatch:dispatch.py:204 Finished jaxpr to MLIR module conversion jit(iota) in 0.003056765 sec
WARNING  jax._src.dispatch:dispatch.py:204 Finished XLA compilation of jit(iota) in 0.025486946 sec
WARNING  jax._src.dispatch:dispatch.py:204 Finished tracing broadcast_in_dim for jit in 0.000349283 sec
WARNING  jax._src.interpreters.pxla:pxla.py:732 Compiling jit(broadcast_in_dim) with global shapes and types (ShapedArray(int64[13]),). Argument mapping: (UnspecifiedValue,).
WARNING  jax._src.dispatch:dispatch.py:204 Finished jaxpr to MLIR module conversion jit(broadcast_in_dim) in 0.003373384 sec
WARNING  jax._src.dispatch:dispatch.py:204 Finished XLA compilation of jit(broadcast_in_dim) in 0.006165266 sec
WARNING  jax._src.dispatch:dispatch.py:204 Finished tracing convert_element_type for jit in 0.000212669 sec
WARNING  jax._src.interpreters.pxla:pxla.py:732 Compiling jit(convert_element_type) with global shapes and types (ShapedArray(int64[]),). Argument mapping: (UnspecifiedValue,).
WARNING  jax._src.dispatch:dispatch.py:204 Finished jaxpr to MLIR module conversion jit(convert_element_type) in 0.002709150 sec
WARNING  jax._src.compiler:compiler.py:124 Persistent compilation cache hit for 'jit_convert_element_type' with key 'jit_convert_element_type-bb9da753524b1c630c56edbdee61de0fcbada5ba7351588b0fc0388f9a67ea06'
WARNING  jax._src.dispatch:dispatch.py:204 Finished XLA compilation of jit(convert_element_type) in 0.001371384 sec
WARNING  jax._src.interpreters.pxla:pxla.py:732 Compiling jit(less) with global shapes and types (ShapedArray(int64[340]), ShapedArray(int64[], weak_type=True)). Argument mapping: (UnspecifiedValue, UnspecifiedValue).
WARNING  jax._src.dispatch:dispatch.py:204 Finished jaxpr to MLIR module conversion jit(less) in 0.003725529 sec
WARNING  jax._src.dispatch:dispatch.py:204 Finished XLA compilation of jit(less) in 0.022467136 sec
WARNING  jax._src.interpreters.pxla:pxla.py:732 Compiling jit(add) with global shapes and types (ShapedArray(int64[340]), ShapedArray(int64[])). Argument mapping: (UnspecifiedValue, UnspecifiedValue).
WARNING  jax._src.dispatch:dispatch.py:204 Finished jaxpr to MLIR module conversion jit(add) in 0.003280401 sec
WARNING  jax._src.dispatch:dispatch.py:204 Finished XLA compilation of jit(add) in 0.025565386 sec
WARNING  jax._src.dispatch:dispatch.py:204 Finished tracing select_n for jit in 0.000283241 sec
WARNING  jax._src.interpreters.pxla:pxla.py:732 Compiling jit(select_n) with global shapes and types (ShapedArray(bool[340]), ShapedArray(int64[340]), ShapedArray(int64[340])). Argument mapping: (UnspecifiedValue, UnspecifiedValue, UnspecifiedValue).
WARNING  jax._src.dispatch:dispatch.py:204 Finished jaxpr to MLIR module conversion jit(select_n) in 0.003402472 sec
WARNING  jax._src.dispatch:dispatch.py:204 Finished XLA compilation of jit(select_n) in 0.035189390 sec
WARNING  jax._src.dispatch:dispatch.py:204 Finished tracing broadcast_in_dim for jit in 0.000320196 sec
WARNING  jax._src.interpreters.pxla:pxla.py:732 Compiling jit(broadcast_in_dim) with global shapes and types (ShapedArray(int64[340]),). Argument mapping: (UnspecifiedValue,).
WARNING  jax._src.dispatch:dispatch.py:204 Finished jaxpr to MLIR module conversion jit(broadcast_in_dim) in 0.003317595 sec
WARNING  jax._src.dispatch:dispatch.py:204 Finished XLA compilation of jit(broadcast_in_dim) in 0.006082296 sec
WARNING  jax._src.dispatch:dispatch.py:204 Finished tracing gather for jit in 0.000315666 sec
WARNING  jax._src.interpreters.pxla:pxla.py:732 Compiling jit(gather) with global shapes and types (ShapedArray(int64[340]), ShapedArray(int64[340,1])). Argument mapping: (UnspecifiedValue, UnspecifiedValue).
WARNING  jax._src.dispatch:dispatch.py:204 Finished jaxpr to MLIR module conversion jit(gather) in 0.002951145 sec
WARNING  jax._src.dispatch:dispatch.py:204 Finished XLA compilation of jit(gather) in 0.021931887 sec
WARNING  jax._src.dispatch:dispatch.py:204 Finished tracing gather for jit in 0.000348806 sec
WARNING  jax._src.interpreters.pxla:pxla.py:732 Compiling jit(gather) with global shapes and types (ShapedArray(float64[340,2]), ShapedArray(int32[340,2])). Argument mapping: (UnspecifiedValue, UnspecifiedValue).
WARNING  jax._src.dispatch:dispatch.py:204 Finished jaxpr to MLIR module conversion jit(gather) in 0.003341198 sec
WARNING  jax._src.dispatch:dispatch.py:204 Finished XLA compilation of jit(gather) in 0.024495363 sec
WARNING  jax._src.dispatch:dispatch.py:204 Finished tracing squeeze for jit in 0.000254393 sec
WARNING  jax._src.interpreters.pxla:pxla.py:732 Compiling jit(squeeze) with global shapes and types (ShapedArray(float64[340,1,2]),). Argument mapping: (UnspecifiedValue,).
WARNING  jax._src.dispatch:dispatch.py:204 Finished jaxpr to MLIR module conversion jit(squeeze) in 0.003261805 sec
WARNING  jax._src.dispatch:dispatch.py:204 Finished XLA compilation of jit(squeeze) in 0.006690502 sec
WARNING  jax._src.dispatch:dispatch.py:204 Finished tracing broadcast_in_dim for jit in 0.000313759 sec
WARNING  jax._src.interpreters.pxla:pxla.py:732 Compiling jit(broadcast_in_dim) with global shapes and types (ShapedArray(float64[340,2]),). Argument mapping: (UnspecifiedValue,).
WARNING  jax._src.dispatch:dispatch.py:204 Finished jaxpr to MLIR module conversion jit(broadcast_in_dim) in 0.003100395 sec
WARNING  jax._src.dispatch:dispatch.py:204 Finished XLA compilation of jit(broadcast_in_dim) in 0.028497696 sec
WARNING  jax._src.dispatch:dispatch.py:204 Finished tracing gather for jit in 0.000345469 sec
WARNING  jax._src.interpreters.pxla:pxla.py:732 Compiling jit(gather) with global shapes and types (ShapedArray(float64[937]), ShapedArray(int32[340,13,1])). Argument mapping: (UnspecifiedValue, UnspecifiedValue).
WARNING  jax._src.dispatch:dispatch.py:204 Finished jaxpr to MLIR module conversion jit(gather) in 0.003715515 sec
WARNING  jax._src.dispatch:dispatch.py:204 Finished XLA compilation of jit(gather) in 0.029663801 sec
WARNING  jax._src.dispatch:dispatch.py:204 Finished tracing broadcast_in_dim for jit in 0.000287533 sec
WARNING  jax._src.interpreters.pxla:pxla.py:732 Compiling jit(broadcast_in_dim) with global shapes and types (ShapedArray(float64[340,13]),). Argument mapping: (UnspecifiedValue,).
WARNING  jax._src.dispatch:dispatch.py:204 Finished jaxpr to MLIR module conversion jit(broadcast_in_dim) in 0.003278255 sec
WARNING  jax._src.dispatch:dispatch.py:204 Finished XLA compilation of jit(broadcast_in_dim) in 0.006215572 sec
WARNING  jax._src.dispatch:dispatch.py:204 Finished tracing broadcast_in_dim for jit in 0.000290632 sec
WARNING  jax._src.interpreters.pxla:pxla.py:732 Compiling jit(broadcast_in_dim) with global shapes and types (ShapedArray(int64[340,1]),). Argument mapping: (UnspecifiedValue,).
WARNING  jax._src.dispatch:dispatch.py:204 Finished jaxpr to MLIR module conversion jit(broadcast_in_dim) in 0.003671885 sec
WARNING  jax._src.dispatch:dispatch.py:204 Finished XLA compilation of jit(broadcast_in_dim) in 0.007128000 sec
WARNING  jax._src.interpreters.pxla:pxla.py:732 Compiling jit(less) with global shapes and types (ShapedArray(int64[1,13]), ShapedArray(int64[340,1,1])). Argument mapping: (UnspecifiedValue, UnspecifiedValue).
WARNING  jax._src.dispatch:dispatch.py:204 Finished jaxpr to MLIR module conversion jit(less) in 0.003674030 sec
WARNING  jax._src.dispatch:dispatch.py:204 Finished XLA compilation of jit(less) in 0.025444746 sec
WARNING  jax._src.interpreters.pxla:pxla.py:732 Compiling jit(add) with global shapes and types (ShapedArray(int64[1,13]), ShapedArray(int64[], weak_type=True)). Argument mapping: (UnspecifiedValue, UnspecifiedValue).
WARNING  jax._src.dispatch:dispatch.py:204 Finished jaxpr to MLIR module conversion jit(add) in 0.003957748 sec
WARNING  jax._src.dispatch:dispatch.py:204 Finished XLA compilation of jit(add) in 0.020298481 sec
WARNING  jax._src.interpreters.pxla:pxla.py:732 Compiling jit(_where) with global shapes and types (ShapedArray(bool[340,1,13]), ShapedArray(int64[1,13]), ShapedArray(int64[], weak_type=True)). Argument mapping: (UnspecifiedValue, UnspecifiedValue, UnspecifiedValue).
WARNING  jax._src.dispatch:dispatch.py:204 Finished jaxpr to MLIR module conversion jit(_where) in 0.004506588 sec
WARNING  jax._src.dispatch:dispatch.py:204 Finished XLA compilation of jit(_where) in 0.027064323 sec
WARNING  jax._src.interpreters.pxla:pxla.py:732 Compiling jit(take_along_axis) with global shapes and types (ShapedArray(int64[1,13]), ShapedArray(int64[340,1,13])). Argument mapping: (UnspecifiedValue, UnspecifiedValue).
WARNING  jax._src.dispatch:dispatch.py:204 Finished jaxpr to MLIR module conversion jit(take_along_axis) in 0.006975651 sec
WARNING  jax._src.dispatch:dispatch.py:204 Finished XLA compilation of jit(take_along_axis) in 0.037230015 sec
WARNING  jax._src.interpreters.pxla:pxla.py:732 Compiling jit(less) with global shapes and types (ShapedArray(int64[1,13]), ShapedArray(int64[], weak_type=True)). Argument mapping: (UnspecifiedValue, UnspecifiedValue).
WARNING  jax._src.dispatch:dispatch.py:204 Finished jaxpr to MLIR module conversion jit(less) in 0.003731966 sec
WARNING  jax._src.dispatch:dispatch.py:204 Finished XLA compilation of jit(less) in 0.020329714 sec
WARNING  jax._src.dispatch:dispatch.py:204 Finished tracing add for jit in 0.000160456 sec
WARNING  jax._src.interpreters.pxla:pxla.py:732 Compiling jit(add) with global shapes and types (ShapedArray(int64[1,13]), ShapedArray(int64[])). Argument mapping: (UnspecifiedValue, UnspecifiedValue).
WARNING  jax._src.dispatch:dispatch.py:204 Finished jaxpr to MLIR module conversion jit(add) in 0.003463030 sec
WARNING  jax._src.dispatch:dispatch.py:204 Finished XLA compilation of jit(add) in 0.020132303 sec
WARNING  jax._src.dispatch:dispatch.py:204 Finished tracing select_n for jit in 0.000163794 sec
WARNING  jax._src.interpreters.pxla:pxla.py:732 Compiling jit(select_n) with global shapes and types (ShapedArray(bool[1,13]), ShapedArray(int64[1,13]), ShapedArray(int64[1,13])). Argument mapping: (UnspecifiedValue, UnspecifiedValue, UnspecifiedValue).
WARNING  jax._src.dispatch:dispatch.py:204 Finished jaxpr to MLIR module conversion jit(select_n) in 0.003487587 sec
WARNING  jax._src.dispatch:dispatch.py:204 Finished XLA compilation of jit(select_n) in 0.027059555 sec
WARNING  jax._src.interpreters.pxla:pxla.py:732 Compiling jit(_broadcast_arrays) with global shapes and types (ShapedArray(int64[1,13]),). Argument mapping: (UnspecifiedValue,).
WARNING  jax._src.dispatch:dispatch.py:204 Finished jaxpr to MLIR module conversion jit(_broadcast_arrays) in 0.003161192 sec
WARNING  jax._src.dispatch:dispatch.py:204 Finished XLA compilation of jit(_broadcast_arrays) in 0.005672455 sec
WARNING  jax._src.dispatch:dispatch.py:204 Finished tracing convert_element_type for jit in 0.000160456 sec
WARNING  jax._src.interpreters.pxla:pxla.py:732 Compiling jit(convert_element_type) with global shapes and types (ShapedArray(int64[1,13]),). Argument mapping: (UnspecifiedValue,).
WARNING  jax._src.dispatch:dispatch.py:204 Finished jaxpr to MLIR module conversion jit(convert_element_type) in 0.002995014 sec
WARNING  jax._src.dispatch:dispatch.py:204 Finished XLA compilation of jit(convert_element_type) in 0.023568392 sec
WARNING  jax._src.dispatch:dispatch.py:204 Finished tracing broadcast_in_dim for jit in 0.000337601 sec
WARNING  jax._src.interpreters.pxla:pxla.py:732 Compiling jit(broadcast_in_dim) with global shapes and types (ShapedArray(int32[1,13]),). Argument mapping: (UnspecifiedValue,).
WARNING  jax._src.dispatch:dispatch.py:204 Finished jaxpr to MLIR module conversion jit(broadcast_in_dim) in 0.003661394 sec
WARNING  jax._src.dispatch:dispatch.py:204 Finished XLA compilation of jit(broadcast_in_dim) in 0.006279707 sec
WARNING  jax._src.dispatch:dispatch.py:204 Finished tracing gather for jit in 0.000316381 sec
WARNING  jax._src.interpreters.pxla:pxla.py:732 Compiling jit(gather) with global shapes and types (ShapedArray(float64[340,13,2]), ShapedArray(int32[1,13,1])). Argument mapping: (UnspecifiedValue, UnspecifiedValue).
WARNING  jax._src.dispatch:dispatch.py:204 Finished jaxpr to MLIR module conversion jit(gather) in 0.003140211 sec
WARNING  jax._src.dispatch:dispatch.py:204 Finished XLA compilation of jit(gather) in 0.023085356 sec
WARNING  jax._src.dispatch:dispatch.py:204 Finished tracing broadcast_in_dim for jit in 0.000289440 sec
WARNING  jax._src.interpreters.pxla:pxla.py:732 Compiling jit(broadcast_in_dim) with global shapes and types (ShapedArray(float64[340,1,13,2]),). Argument mapping: (UnspecifiedValue,).
WARNING  jax._src.dispatch:dispatch.py:204 Finished jaxpr to MLIR module conversion jit(broadcast_in_dim) in 0.002995253 sec
WARNING  jax._src.dispatch:dispatch.py:204 Finished XLA compilation of jit(broadcast_in_dim) in 0.005957127 sec
WARNING  jax._src.interpreters.pxla:pxla.py:732 Compiling jit(less) with global shapes and types (ShapedArray(int64[340,1,13]), ShapedArray(int64[], weak_type=True)). Argument mapping: (UnspecifiedValue, UnspecifiedValue).
WARNING  jax._src.dispatch:dispatch.py:204 Finished jaxpr to MLIR module conversion jit(less) in 0.003433704 sec
WARNING  jax._src.dispatch:dispatch.py:204 Finished XLA compilation of jit(less) in 0.024859190 sec
WARNING  jax._src.dispatch:dispatch.py:204 Finished tracing add for jit in 0.000254154 sec
WARNING  jax._src.interpreters.pxla:pxla.py:732 Compiling jit(add) with global shapes and types (ShapedArray(int64[340,1,13]), ShapedArray(int64[])). Argument mapping: (UnspecifiedValue, UnspecifiedValue).
WARNING  jax._src.dispatch:dispatch.py:204 Finished jaxpr to MLIR module conversion jit(add) in 0.003458977 sec
WARNING  jax._src.dispatch:dispatch.py:204 Finished XLA compilation of jit(add) in 0.024223566 sec
WARNING  jax._src.dispatch:dispatch.py:204 Finished tracing select_n for jit in 0.000229359 sec
WARNING  jax._src.interpreters.pxla:pxla.py:732 Compiling jit(select_n) with global shapes and types (ShapedArray(bool[340,1,13]), ShapedArray(int64[340,1,13]), ShapedArray(int64[340,1,13])). Argument mapping: (UnspecifiedValue, UnspecifiedValue, UnspecifiedValue).
WARNING  jax._src.dispatch:dispatch.py:204 Finished jaxpr to MLIR module conversion jit(select_n) in 0.003298521 sec
WARNING  jax._src.dispatch:dispatch.py:204 Finished XLA compilation of jit(select_n) in 0.033033371 sec
WARNING  jax._src.interpreters.pxla:pxla.py:732 Compiling jit(_broadcast_arrays) with global shapes and types (ShapedArray(int64[340,1,13]),). Argument mapping: (UnspecifiedValue,).
WARNING  jax._src.dispatch:dispatch.py:204 Finished jaxpr to MLIR module conversion jit(_broadcast_arrays) in 0.003098726 sec
WARNING  jax._src.dispatch:dispatch.py:204 Finished XLA compilation of jit(_broadcast_arrays) in 0.005735636 sec
WARNING  jax._src.dispatch:dispatch.py:204 Finished tracing convert_element_type for jit in 0.000228643 sec
WARNING  jax._src.interpreters.pxla:pxla.py:732 Compiling jit(convert_element_type) with global shapes and types (ShapedArray(int64[340,1,13]),). Argument mapping: (UnspecifiedValue,).
WARNING  jax._src.dispatch:dispatch.py:204 Finished jaxpr to MLIR module conversion jit(convert_element_type) in 0.003134251 sec
WARNING  jax._src.dispatch:dispatch.py:204 Finished XLA compilation of jit(convert_element_type) in 0.029121637 sec
WARNING  jax._src.dispatch:dispatch.py:204 Finished tracing broadcast_in_dim for jit in 0.000312567 sec
WARNING  jax._src.interpreters.pxla:pxla.py:732 Compiling jit(broadcast_in_dim) with global shapes and types (ShapedArray(int32[340,1,13]),). Argument mapping: (UnspecifiedValue,).
WARNING  jax._src.dispatch:dispatch.py:204 Finished jaxpr to MLIR module conversion jit(broadcast_in_dim) in 0.003394842 sec
WARNING  jax._src.dispatch:dispatch.py:204 Finished XLA compilation of jit(broadcast_in_dim) in 0.027046919 sec
WARNING  jax._src.dispatch:dispatch.py:204 Finished tracing gather for jit in 0.000308275 sec
WARNING  jax._src.interpreters.pxla:pxla.py:732 Compiling jit(gather) with global shapes and types (ShapedArray(float64[340,13,2]), ShapedArray(int32[340,1,13,1])). Argument mapping: (UnspecifiedValue, UnspecifiedValue).
WARNING  jax._src.dispatch:dispatch.py:204 Finished jaxpr to MLIR module conversion jit(gather) in 0.003491163 sec
WARNING  jax._src.dispatch:dispatch.py:204 Finished XLA compilation of jit(gather) in 0.024453163 sec
WARNING  jax._src.dispatch:dispatch.py:204 Finished tracing broadcast_in_dim for jit in 0.000340223 sec
WARNING  jax._src.interpreters.pxla:pxla.py:732 Compiling jit(broadcast_in_dim) with global shapes and types (ShapedArray(float64[]),). Argument mapping: (UnspecifiedValue,).
WARNING  jax._src.dispatch:dispatch.py:204 Finished jaxpr to MLIR module conversion jit(broadcast_in_dim) in 0.003279448 sec
WARNING  jax._src.dispatch:dispatch.py:204 Finished XLA compilation of jit(broadcast_in_dim) in 0.018342018 sec
WARNING  jax._src.dispatch:dispatch.py:204 Finished tracing broadcast_in_dim for jit in 0.000405550 sec
WARNING  jax._src.interpreters.pxla:pxla.py:732 Compiling jit(broadcast_in_dim) with global shapes and types (ShapedArray(float64[]),). Argument mapping: (UnspecifiedValue,).
WARNING  jax._src.dispatch:dispatch.py:204 Finished jaxpr to MLIR module conversion jit(broadcast_in_dim) in 0.003245354 sec
WARNING  jax._src.dispatch:dispatch.py:204 Finished XLA compilation of jit(broadcast_in_dim) in 0.018229246 sec
WARNING  jax._src.dispatch:dispatch.py:204 Finished tracing gather for jit in 0.000288963 sec
WARNING  jax._src.interpreters.pxla:pxla.py:732 Compiling jit(gather) with global shapes and types (ShapedArray(float64[340,13]), ShapedArray(int32[1,13,1])). Argument mapping: (UnspecifiedValue, UnspecifiedValue).
WARNING  jax._src.dispatch:dispatch.py:204 Finished jaxpr to MLIR module conversion jit(gather) in 0.003435612 sec
WARNING  jax._src.dispatch:dispatch.py:204 Finished XLA compilation of jit(gather) in 0.028694153 sec
WARNING  jax._src.dispatch:dispatch.py:204 Finished tracing broadcast_in_dim for jit in 0.000287294 sec
WARNING  jax._src.interpreters.pxla:pxla.py:732 Compiling jit(broadcast_in_dim) with global shapes and types (ShapedArray(float64[340,1,13]),). Argument mapping: (UnspecifiedValue,).
WARNING  jax._src.dispatch:dispatch.py:204 Finished jaxpr to MLIR module conversion jit(broadcast_in_dim) in 0.003288507 sec
WARNING  jax._src.dispatch:dispatch.py:204 Finished XLA compilation of jit(broadcast_in_dim) in 0.008083344 sec
WARNING  jax._src.dispatch:dispatch.py:204 Finished tracing gather for jit in 0.000300407 sec
WARNING  jax._src.interpreters.pxla:pxla.py:732 Compiling jit(gather) with global shapes and types (ShapedArray(float64[340,13]), ShapedArray(int32[340,1,13,1])). Argument mapping: (UnspecifiedValue, UnspecifiedValue).
WARNING  jax._src.dispatch:dispatch.py:204 Finished jaxpr to MLIR module conversion jit(gather) in 0.003254175 sec
WARNING  jax._src.dispatch:dispatch.py:204 Finished XLA compilation of jit(gather) in 0.030296326 sec
WARNING  jax._src.dispatch:dispatch.py:204 Finished tracing broadcast_in_dim for jit in 0.000376940 sec
WARNING  jax._src.interpreters.pxla:pxla.py:732 Compiling jit(broadcast_in_dim) with global shapes and types (ShapedArray(bool[]),). Argument mapping: (UnspecifiedValue,).
WARNING  jax._src.dispatch:dispatch.py:204 Finished jaxpr to MLIR module conversion jit(broadcast_in_dim) in 0.003479719 sec
WARNING  jax._src.dispatch:dispatch.py:204 Finished XLA compilation of jit(broadcast_in_dim) in 0.006178856 sec
WARNING  jax._src.interpreters.pxla:pxla.py:732 Compiling jit(greater) with global shapes and types (ShapedArray(float64[340,1,13]), ShapedArray(float64[], weak_type=True)). Argument mapping: (UnspecifiedValue, UnspecifiedValue).
WARNING  jax._src.dispatch:dispatch.py:204 Finished jaxpr to MLIR module conversion jit(greater) in 0.003319263 sec
WARNING  jax._src.dispatch:dispatch.py:204 Finished XLA compilation of jit(greater) in 0.024284124 sec
WARNING  jax._src.dispatch:dispatch.py:204 Finished tracing broadcast_in_dim for jit in 0.000417233 sec
WARNING  jax._src.interpreters.pxla:pxla.py:732 Compiling jit(broadcast_in_dim) with global shapes and types (ShapedArray(bool[1]),). Argument mapping: (UnspecifiedValue,).
WARNING  jax._src.dispatch:dispatch.py:204 Finished jaxpr to MLIR module conversion jit(broadcast_in_dim) in 0.004333735 sec
WARNING  jax._src.dispatch:dispatch.py:204 Finished XLA compilation of jit(broadcast_in_dim) in 0.005946875 sec
WARNING  jax._src.interpreters.pxla:pxla.py:732 Compiling jit(bitwise_and) with global shapes and types (ShapedArray(bool[340,1,13]), ShapedArray(bool[1,1])). Argument mapping: (UnspecifiedValue, UnspecifiedValue).
WARNING  jax._src.dispatch:dispatch.py:204 Finished jaxpr to MLIR module conversion jit(bitwise_and) in 0.003108263 sec
WARNING  jax._src.dispatch:dispatch.py:204 Finished XLA compilation of jit(bitwise_and) in 0.024581671 sec
WARNING  jax._src.interpreters.pxla:pxla.py:732 Compiling jit(not_equal) with global shapes and types (ShapedArray(bool[340,1,13]), ShapedArray(bool[340,1,13])). Argument mapping: (UnspecifiedValue, UnspecifiedValue).
WARNING  jax._src.dispatch:dispatch.py:204 Finished jaxpr to MLIR module conversion jit(not_equal) in 0.003473282 sec
WARNING  jax._src.dispatch:dispatch.py:204 Finished XLA compilation of jit(not_equal) in 0.030730963 sec
WARNING  jax._src.interpreters.pxla:pxla.py:732 Compiling jit(bitwise_and) with global shapes and types (ShapedArray(bool[340,1,13]), ShapedArray(bool[340,1,13])). Argument mapping: (UnspecifiedValue, UnspecifiedValue).
WARNING  jax._src.dispatch:dispatch.py:204 Finished jaxpr to MLIR module conversion jit(bitwise_and) in 0.003432274 sec
WARNING  jax._src.dispatch:dispatch.py:204 Finished XLA compilation of jit(bitwise_and) in 0.030850649 sec
WARNING  jax._src.interpreters.pxla:pxla.py:732 Compiling jit(subtract) with global shapes and types (ShapedArray(float64[340,1,13]), ShapedArray(float64[340,1,13])). Argument mapping: (UnspecifiedValue, UnspecifiedValue).
WARNING  jax._src.dispatch:dispatch.py:204 Finished jaxpr to MLIR module conversion jit(subtract) in 0.003492355 sec
WARNING  jax._src.dispatch:dispatch.py:204 Finished XLA compilation of jit(subtract) in 0.035280943 sec
WARNING  jax._src.interpreters.pxla:pxla.py:732 Compiling jit(true_divide) with global shapes and types (ShapedArray(float64[340,1,13]), ShapedArray(float64[340,1,13])). Argument mapping: (UnspecifiedValue, UnspecifiedValue).
WARNING  jax._src.dispatch:dispatch.py:204 Finished jaxpr to MLIR module conversion jit(true_divide) in 0.003570080 sec
WARNING  jax._src.dispatch:dispatch.py:204 Finished XLA compilation of jit(true_divide) in 0.034694433 sec
WARNING  jax._src.interpreters.pxla:pxla.py:732 Compiling jit(add) with global shapes and types (ShapedArray(float64[340,1,13,2]), ShapedArray(float64[340,1,13,2])). Argument mapping: (UnspecifiedValue, UnspecifiedValue).
WARNING  jax._src.dispatch:dispatch.py:204 Finished jaxpr to MLIR module conversion jit(add) in 0.003401995 sec
WARNING  jax._src.dispatch:dispatch.py:204 Finished XLA compilation of jit(add) in 0.032737494 sec
WARNING  jax._src.interpreters.pxla:pxla.py:732 Compiling jit(multiply) with global shapes and types (ShapedArray(float64[], weak_type=True), ShapedArray(float64[340,1,13,2])). Argument mapping: (UnspecifiedValue, UnspecifiedValue).
WARNING  jax._src.dispatch:dispatch.py:204 Finished jaxpr to MLIR module conversion jit(multiply) in 0.003687143 sec
WARNING  jax._src.dispatch:dispatch.py:204 Finished XLA compilation of jit(multiply) in 0.022932291 sec
WARNING  jax._src.dispatch:dispatch.py:204 Finished tracing broadcast_in_dim for jit in 0.000294924 sec
WARNING  jax._src.interpreters.pxla:pxla.py:732 Compiling jit(broadcast_in_dim) with global shapes and types (ShapedArray(float64[340,1,2]),). Argument mapping: (UnspecifiedValue,).
WARNING  jax._src.dispatch:dispatch.py:204 Finished jaxpr to MLIR module conversion jit(broadcast_in_dim) in 0.003517389 sec
WARNING  jax._src.dispatch:dispatch.py:204 Finished XLA compilation of jit(broadcast_in_dim) in 0.028023958 sec
WARNING  jax._src.interpreters.pxla:pxla.py:732 Compiling jit(subtract) with global shapes and types (ShapedArray(float64[340,1,13,2]), ShapedArray(float64[340,1,1,2])). Argument mapping: (UnspecifiedValue, UnspecifiedValue).
WARNING  jax._src.dispatch:dispatch.py:204 Finished jaxpr to MLIR module conversion jit(subtract) in 0.004219770 sec
WARNING  jax._src.dispatch:dispatch.py:204 Finished XLA compilation of jit(subtract) in 0.022917032 sec
WARNING  jax._src.dispatch:dispatch.py:204 Finished tracing broadcast_in_dim for jit in 0.000306368 sec
WARNING  jax._src.interpreters.pxla:pxla.py:732 Compiling jit(broadcast_in_dim) with global shapes and types (ShapedArray(float64[1,2]),). Argument mapping: (UnspecifiedValue,).
WARNING  jax._src.dispatch:dispatch.py:204 Finished jaxpr to MLIR module conversion jit(broadcast_in_dim) in 0.003284693 sec
WARNING  jax._src.dispatch:dispatch.py:204 Finished XLA compilation of jit(broadcast_in_dim) in 0.006139040 sec
WARNING  jax._src.interpreters.pxla:pxla.py:732 Compiling jit(true_divide) with global shapes and types (ShapedArray(float64[340,1,13,2]), ShapedArray(float64[1,1,2])). Argument mapping: (UnspecifiedValue, UnspecifiedValue).
WARNING  jax._src.dispatch:dispatch.py:204 Finished jaxpr to MLIR module conversion jit(true_divide) in 0.003336906 sec
WARNING  jax._src.dispatch:dispatch.py:204 Finished XLA compilation of jit(true_divide) in 0.029989958 sec
WARNING  jax._src.dispatch:dispatch.py:204 Finished tracing dynamic_slice for jit in 0.000272751 sec
WARNING  jax._src.interpreters.pxla:pxla.py:732 Compiling jit(dynamic_slice) with global shapes and types (ShapedArray(float64[340,1,13,2]), ShapedArray(int64[], weak_type=True), ShapedArray(int64[], weak_type=True), ShapedArray(int64[], weak_type=True), ShapedArray(int64[], weak_type=True)). Argument mapping: (UnspecifiedValue, UnspecifiedValue, UnspecifiedValue, UnspecifiedValue, UnspecifiedValue).
WARNING  jax._src.dispatch:dispatch.py:204 Finished jaxpr to MLIR module conversion jit(dynamic_slice) in 0.003571033 sec
WARNING  jax._src.dispatch:dispatch.py:204 Finished XLA compilation of jit(dynamic_slice) in 0.024408579 sec
WARNING  jax._src.dispatch:dispatch.py:204 Finished tracing squeeze for jit in 0.000260830 sec
WARNING  jax._src.interpreters.pxla:pxla.py:732 Compiling jit(squeeze) with global shapes and types (ShapedArray(float64[340,1,13,1]),). Argument mapping: (UnspecifiedValue,).
WARNING  jax._src.dispatch:dispatch.py:204 Finished jaxpr to MLIR module conversion jit(squeeze) in 0.003392696 sec
WARNING  jax._src.dispatch:dispatch.py:204 Finished XLA compilation of jit(squeeze) in 0.030774117 sec
WARNING  jax._src.dispatch:dispatch.py:204 Finished tracing broadcast_in_dim for jit in 0.000270128 sec
WARNING  jax._src.interpreters.pxla:pxla.py:732 Compiling jit(broadcast_in_dim) with global shapes and types (ShapedArray(float64[]),). Argument mapping: (UnspecifiedValue,).
WARNING  jax._src.dispatch:dispatch.py:204 Finished jaxpr to MLIR module conversion jit(broadcast_in_dim) in 0.003386021 sec
WARNING  jax._src.dispatch:dispatch.py:204 Finished XLA compilation of jit(broadcast_in_dim) in 0.020325661 sec
WARNING  jax._src.interpreters.pxla:pxla.py:732 Compiling jit(multiply) with global shapes and types (ShapedArray(float64[340,1,13]), ShapedArray(float64[340,1,13])). Argument mapping: (UnspecifiedValue, UnspecifiedValue).
WARNING  jax._src.dispatch:dispatch.py:204 Finished jaxpr to MLIR module conversion jit(multiply) in 0.003508806 sec
WARNING  jax._src.dispatch:dispatch.py:204 Finished XLA compilation of jit(multiply) in 0.036440849 sec
WARNING  jax._src.dispatch:dispatch.py:204 Finished tracing broadcast_in_dim for jit in 0.000291586 sec
WARNING  jax._src.interpreters.pxla:pxla.py:732 Compiling jit(broadcast_in_dim) with global shapes and types (ShapedArray(float64[1,13]),). Argument mapping: (UnspecifiedValue,).
WARNING  jax._src.dispatch:dispatch.py:204 Finished jaxpr to MLIR module conversion jit(broadcast_in_dim) in 0.003484964 sec
WARNING  jax._src.dispatch:dispatch.py:204 Finished XLA compilation of jit(broadcast_in_dim) in 0.022739410 sec
WARNING  jax._src.dispatch:dispatch.py:204 Finished tracing stack for jit in 0.000401020 sec
WARNING  jax._src.interpreters.pxla:pxla.py:732 Compiling jit(stack) with global shapes and types (ShapedArray(float64[340,1,13]), ShapedArray(float64[340,1,13]), ShapedArray(float64[340,1,13]), ShapedArray(float64[340,1,13]), ShapedArray(float64[340,1,13]), ShapedArray(float64[340,1,13])). Argument mapping: (UnspecifiedValue, UnspecifiedValue, UnspecifiedValue, UnspecifiedValue, UnspecifiedValue, UnspecifiedValue).
WARNING  jax._src.dispatch:dispatch.py:204 Finished jaxpr to MLIR module conversion jit(stack) in 0.003607750 sec
WARNING  jax._src.dispatch:dispatch.py:204 Finished XLA compilation of jit(stack) in 0.052679062 sec
WARNING  jax._src.dispatch:dispatch.py:204 Finished tracing broadcast_in_dim for jit in 0.000314474 sec
WARNING  jax._src.interpreters.pxla:pxla.py:732 Compiling jit(broadcast_in_dim) with global shapes and types (ShapedArray(float64[1,6]),). Argument mapping: (UnspecifiedValue,).
WARNING  jax._src.dispatch:dispatch.py:204 Finished jaxpr to MLIR module conversion jit(broadcast_in_dim) in 0.004886866 sec
WARNING  jax._src.dispatch:dispatch.py:204 Finished XLA compilation of jit(broadcast_in_dim) in 0.006112337 sec
WARNING  jax._src.interpreters.pxla:pxla.py:732 Compiling jit(_einsum) with global shapes and types (ShapedArray(float64[340,1,13,6]), ShapedArray(float64[1,1,6])). Argument mapping: (UnspecifiedValue, UnspecifiedValue).
WARNING  jax._src.dispatch:dispatch.py:204 Finished jaxpr to MLIR module conversion jit(_einsum) in 0.003396034 sec
WARNING  jax._src.dispatch:dispatch.py:204 Finished XLA compilation of jit(_einsum) in 0.055354595 sec
WARNING  jax._src.interpreters.pxla:pxla.py:732 Compiling jit(add) with global shapes and types (ShapedArray(float64[340,1,13]), ShapedArray(float64[340,1,13])). Argument mapping: (UnspecifiedValue, UnspecifiedValue).
WARNING  jax._src.dispatch:dispatch.py:204 Finished jaxpr to MLIR module conversion jit(add) in 0.003662348 sec
WARNING  jax._src.dispatch:dispatch.py:204 Finished XLA compilation of jit(add) in 0.036977291 sec
WARNING  jax._src.interpreters.pxla:pxla.py:732 Compiling jit(multiply) with global shapes and types (ShapedArray(float64[], weak_type=True), ShapedArray(float64[1,340,13])). Argument mapping: (UnspecifiedValue, UnspecifiedValue).
WARNING  jax._src.dispatch:dispatch.py:204 Finished jaxpr to MLIR module conversion jit(multiply) in 0.003809690 sec
WARNING  jax._src.dispatch:dispatch.py:204 Finished XLA compilation of jit(multiply) in 0.026453972 sec
WARNING  jax._src.interpreters.pxla:pxla.py:732 Compiling jit(subtract) with global shapes and types (ShapedArray(float64[340,1,13]), ShapedArray(float64[1,340,13])). Argument mapping: (UnspecifiedValue, UnspecifiedValue).
WARNING  jax._src.dispatch:dispatch.py:204 Finished jaxpr to MLIR module conversion jit(subtract) in 0.004097462 sec
WARNING  jax._src.dispatch:dispatch.py:204 Finished XLA compilation of jit(subtract) in 0.035979748 sec
WARNING  jax._src.interpreters.pxla:pxla.py:732 Compiling jit(multiply) with global shapes and types (ShapedArray(float64[], weak_type=True), ShapedArray(float64[340,1,13])). Argument mapping: (UnspecifiedValue, UnspecifiedValue).
WARNING  jax._src.dispatch:dispatch.py:204 Finished jaxpr to MLIR module conversion jit(multiply) in 0.004026175 sec
WARNING  jax._src.dispatch:dispatch.py:204 Finished XLA compilation of jit(multiply) in 0.025782108 sec
WARNING  jax._src.interpreters.pxla:pxla.py:732 Compiling jit(abs) with global shapes and types (ShapedArray(float64[340,1,13]),). Argument mapping: (UnspecifiedValue,).
WARNING  jax._src.dispatch:dispatch.py:204 Finished jaxpr to MLIR module conversion jit(abs) in 0.003505468 sec
WARNING  jax._src.dispatch:dispatch.py:204 Finished XLA compilation of jit(abs) in 0.032433271 sec
WARNING  jax._src.interpreters.pxla:pxla.py:732 Compiling jit(greater) with global shapes and types (ShapedArray(float64[340,1,13]), ShapedArray(float64[])). Argument mapping: (UnspecifiedValue, UnspecifiedValue).
WARNING  jax._src.dispatch:dispatch.py:204 Finished jaxpr to MLIR module conversion jit(greater) in 0.003791571 sec
WARNING  jax._src.dispatch:dispatch.py:204 Finished XLA compilation of jit(greater) in 0.025171518 sec
WARNING  jax._src.interpreters.pxla:pxla.py:732 Compiling jit(_where) with global shapes and types (ShapedArray(bool[340,1,13]), ShapedArray(float64[340,1,13]), ShapedArray(float64[], weak_type=True)). Argument mapping: (UnspecifiedValue, UnspecifiedValue, UnspecifiedValue).
WARNING  jax._src.dispatch:dispatch.py:204 Finished jaxpr to MLIR module conversion jit(_where) in 0.004131556 sec
WARNING  jax._src.dispatch:dispatch.py:204 Finished XLA compilation of jit(_where) in 0.027662754 sec
WARNING  jax._src.interpreters.pxla:pxla.py:732 Compiling jit(maximum) with global shapes and types (ShapedArray(float64[340,1,13]), ShapedArray(float64[], weak_type=True)). Argument mapping: (UnspecifiedValue, UnspecifiedValue).
WARNING  jax._src.dispatch:dispatch.py:204 Finished jaxpr to MLIR module conversion jit(maximum) in 0.006905556 sec
WARNING  jax._src.dispatch:dispatch.py:204 Finished XLA compilation of jit(maximum) in 0.026019335 sec
WARNING  jax._src.interpreters.pxla:pxla.py:732 Compiling jit(sqrt) with global shapes and types (ShapedArray(float64[340,1,13]),). Argument mapping: (UnspecifiedValue,).
WARNING  jax._src.dispatch:dispatch.py:204 Finished jaxpr to MLIR module conversion jit(sqrt) in 0.003703117 sec
WARNING  jax._src.dispatch:dispatch.py:204 Finished XLA compilation of jit(sqrt) in 0.032275915 sec
WARNING  jax._src.interpreters.pxla:pxla.py:732 Compiling jit(negative) with global shapes and types (ShapedArray(float64[340,1,13]),). Argument mapping: (UnspecifiedValue,).
WARNING  jax._src.dispatch:dispatch.py:204 Finished jaxpr to MLIR module conversion jit(negative) in 0.003580093 sec
WARNING  jax._src.dispatch:dispatch.py:204 Finished XLA compilation of jit(negative) in 0.033080816 sec
WARNING  jax._src.interpreters.pxla:pxla.py:732 Compiling jit(greater_equal) with global shapes and types (ShapedArray(float64[340,1,13]), ShapedArray(float64[], weak_type=True)). Argument mapping: (UnspecifiedValue, UnspecifiedValue).
WARNING  jax._src.dispatch:dispatch.py:204 Finished jaxpr to MLIR module conversion jit(greater_equal) in 0.003917456 sec
WARNING  jax._src.dispatch:dispatch.py:204 Finished XLA compilation of jit(greater_equal) in 0.025327682 sec
WARNING  jax._src.interpreters.pxla:pxla.py:732 Compiling jit(less_equal) with global shapes and types (ShapedArray(float64[340,1,13]), ShapedArray(float64[], weak_type=True)). Argument mapping: (UnspecifiedValue, UnspecifiedValue).
WARNING  jax._src.dispatch:dispatch.py:204 Finished jaxpr to MLIR module conversion jit(less_equal) in 0.003894567 sec
WARNING  jax._src.dispatch:dispatch.py:204 Finished XLA compilation of jit(less_equal) in 0.025079966 sec
WARNING  jax._src.interpreters.pxla:pxla.py:732 Compiling jit(less_equal) with global shapes and types (ShapedArray(float64[340,1,13]), ShapedArray(float64[340,1,13])). Argument mapping: (UnspecifiedValue, UnspecifiedValue).
WARNING  jax._src.dispatch:dispatch.py:204 Finished jaxpr to MLIR module conversion jit(less_equal) in 0.003692389 sec
WARNING  jax._src.dispatch:dispatch.py:204 Finished XLA compilation of jit(less_equal) in 0.030698538 sec
WARNING  jax._src.interpreters.pxla:pxla.py:732 Compiling jit(_where) with global shapes and types (ShapedArray(bool[340,1,13]), ShapedArray(float64[340,1,13]), ShapedArray(float64[340,1,13])). Argument mapping: (UnspecifiedValue, UnspecifiedValue, UnspecifiedValue).
WARNING  jax._src.dispatch:dispatch.py:204 Finished jaxpr to MLIR module conversion jit(_where) in 0.003529310 sec
WARNING  jax._src.dispatch:dispatch.py:204 Finished XLA compilation of jit(_where) in 0.033627510 sec
WARNING  jax._src.interpreters.pxla:pxla.py:732 Compiling jit(_where) with global shapes and types (ShapedArray(bool[]), ShapedArray(float64[340,1,13]), ShapedArray(float64[340,1,13])). Argument mapping: (UnspecifiedValue, UnspecifiedValue, UnspecifiedValue).
WARNING  jax._src.dispatch:dispatch.py:204 Finished jaxpr to MLIR module conversion jit(_where) in 0.003486633 sec
WARNING  jax._src.dispatch:dispatch.py:204 Finished XLA compilation of jit(_where) in 0.028897047 sec
WARNING  jax._src.dispatch:dispatch.py:204 Finished tracing broadcast_in_dim for jit in 0.000284195 sec
WARNING  jax._src.interpreters.pxla:pxla.py:732 Compiling jit(broadcast_in_dim) with global shapes and types (ShapedArray(float64[340,1,13]),). Argument mapping: (UnspecifiedValue,).
WARNING  jax._src.dispatch:dispatch.py:204 Finished jaxpr to MLIR module conversion jit(broadcast_in_dim) in 0.003792048 sec
WARNING  jax._src.dispatch:dispatch.py:204 Finished XLA compilation of jit(broadcast_in_dim) in 0.031448841 sec
WARNING  jax._src.interpreters.pxla:pxla.py:732 Compiling jit(subtract) with global shapes and types (ShapedArray(float64[340,1,13,2]), ShapedArray(float64[340,1,13,2])). Argument mapping: (UnspecifiedValue, UnspecifiedValue).
WARNING  jax._src.dispatch:dispatch.py:204 Finished jaxpr to MLIR module conversion jit(subtract) in 0.006976366 sec
WARNING  jax._src.dispatch:dispatch.py:204 Finished XLA compilation of jit(subtract) in 0.033965826 sec
WARNING  jax._src.interpreters.pxla:pxla.py:732 Compiling jit(multiply) with global shapes and types (ShapedArray(float64[340,1,13,1]), ShapedArray(float64[340,1,13,2])). Argument mapping: (UnspecifiedValue, UnspecifiedValue).
WARNING  jax._src.dispatch:dispatch.py:204 Finished jaxpr to MLIR module conversion jit(multiply) in 0.003877640 sec
WARNING  jax._src.dispatch:dispatch.py:204 Finished XLA compilation of jit(multiply) in 0.024453163 sec
WARNING  jax._src.interpreters.pxla:pxla.py:732 Compiling jit(_roll_static) with global shapes and types (ShapedArray(float64[340,1,13,2]),). Argument mapping: (UnspecifiedValue,).
WARNING  jax._src.dispatch:dispatch.py:204 Finished jaxpr to MLIR module conversion jit(_roll_static) in 0.003921032 sec
WARNING  jax._src.dispatch:dispatch.py:204 Finished XLA compilation of jit(_roll_static) in 0.025966644 sec
WARNING  jax._src.interpreters.pxla:pxla.py:732 Compiling jit(_roll_static) with global shapes and types (ShapedArray(bool[340,1,13]),). Argument mapping: (UnspecifiedValue,).
WARNING  jax._src.dispatch:dispatch.py:204 Finished jaxpr to MLIR module conversion jit(_roll_static) in 0.004167318 sec
WARNING  jax._src.dispatch:dispatch.py:204 Finished XLA compilation of jit(_roll_static) in 0.028230190 sec
WARNING  jax._src.interpreters.pxla:pxla.py:732 Compiling jit(equal) with global shapes and types (ShapedArray(float64[340,1,13,2]), ShapedArray(float64[340,1,13,2])). Argument mapping: (UnspecifiedValue, UnspecifiedValue).
WARNING  jax._src.dispatch:dispatch.py:204 Finished jaxpr to MLIR module conversion jit(equal) in 0.003765583 sec
WARNING  jax._src.dispatch:dispatch.py:204 Finished XLA compilation of jit(equal) in 0.033638000 sec
WARNING  jax._src.interpreters.pxla:pxla.py:732 Compiling jit(_reduce_all) with global shapes and types (ShapedArray(bool[340,1,13,2]),). Argument mapping: (UnspecifiedValue,).
WARNING  jax._src.dispatch:dispatch.py:204 Finished jaxpr to MLIR module conversion jit(_reduce_all) in 0.003852129 sec
WARNING  jax._src.dispatch:dispatch.py:204 Finished XLA compilation of jit(_reduce_all) in 0.023792982 sec
WARNING  jax._src.interpreters.pxla:pxla.py:732 Compiling jit(invert) with global shapes and types (ShapedArray(bool[340,1,13]),). Argument mapping: (UnspecifiedValue,).
WARNING  jax._src.dispatch:dispatch.py:204 Finished jaxpr to MLIR module conversion jit(invert) in 0.003479958 sec
WARNING  jax._src.dispatch:dispatch.py:204 Finished XLA compilation of jit(invert) in 0.029664278 sec
WARNING  jax._src.interpreters.pxla:pxla.py:732 Compiling jit(cumsum) with global shapes and types (ShapedArray(bool[340,1,13]),). Argument mapping: (UnspecifiedValue,).
WARNING  jax._src.dispatch:dispatch.py:204 Finished jaxpr to MLIR module conversion jit(cumsum) in 0.005144835 sec
WARNING  jax._src.dispatch:dispatch.py:204 Finished XLA compilation of jit(cumsum) in 0.035720348 sec
WARNING  jax._src.interpreters.pxla:pxla.py:732 Compiling jit(subtract) with global shapes and types (ShapedArray(int64[340,1,13]), ShapedArray(int64[], weak_type=True)). Argument mapping: (UnspecifiedValue, UnspecifiedValue).
WARNING  jax._src.dispatch:dispatch.py:204 Finished jaxpr to MLIR module conversion jit(subtract) in 0.004129648 sec
WARNING  jax._src.dispatch:dispatch.py:204 Finished XLA compilation of jit(subtract) in 0.024588823 sec
WARNING  jax._src.interpreters.pxla:pxla.py:732 Compiling jit(_where) with global shapes and types (ShapedArray(bool[340,1,13]), ShapedArray(int64[340,1,13]), ShapedArray(int64[], weak_type=True)). Argument mapping: (UnspecifiedValue, UnspecifiedValue, UnspecifiedValue).
WARNING  jax._src.dispatch:dispatch.py:204 Finished jaxpr to MLIR module conversion jit(_where) in 0.007896423 sec
WARNING  jax._src.dispatch:dispatch.py:204 Finished XLA compilation of jit(_where) in 0.027646542 sec
WARNING  jax._src.dispatch:dispatch.py:204 Finished tracing iota for jit in 0.000242233 sec
WARNING  jax._src.interpreters.pxla:pxla.py:732 Compiling jit(iota) with global shapes and types (). Argument mapping: ().
WARNING  jax._src.dispatch:dispatch.py:204 Finished jaxpr to MLIR module conversion jit(iota) in 0.003547907 sec
WARNING  jax._src.dispatch:dispatch.py:204 Finished XLA compilation of jit(iota) in 0.006144047 sec
WARNING  jax._src.dispatch:dispatch.py:204 Finished tracing broadcast_in_dim for jit in 0.000374556 sec
WARNING  jax._src.interpreters.pxla:pxla.py:732 Compiling jit(broadcast_in_dim) with global shapes and types (ShapedArray(int64[1]),). Argument mapping: (UnspecifiedValue,).
WARNING  jax._src.dispatch:dispatch.py:204 Finished jaxpr to MLIR module conversion jit(broadcast_in_dim) in 0.003557205 sec
WARNING  jax._src.dispatch:dispatch.py:204 Finished XLA compilation of jit(broadcast_in_dim) in 0.006305218 sec
WARNING  jax._src.dispatch:dispatch.py:204 Finished tracing broadcast_in_dim for jit in 0.000481606 sec
WARNING  jax._src.interpreters.pxla:pxla.py:732 Compiling jit(broadcast_in_dim) with global shapes and types (ShapedArray(int64[1,1]),). Argument mapping: (UnspecifiedValue,).
WARNING  jax._src.dispatch:dispatch.py:204 Finished jaxpr to MLIR module conversion jit(broadcast_in_dim) in 0.004214048 sec
WARNING  jax._src.dispatch:dispatch.py:204 Finished XLA compilation of jit(broadcast_in_dim) in 0.019813538 sec
WARNING  jax._src.dispatch:dispatch.py:204 Finished tracing broadcast_in_dim for jit in 0.000425577 sec
WARNING  jax._src.interpreters.pxla:pxla.py:732 Compiling jit(broadcast_in_dim) with global shapes and types (ShapedArray(float64[]),). Argument mapping: (UnspecifiedValue,).
WARNING  jax._src.dispatch:dispatch.py:204 Finished jaxpr to MLIR module conversion jit(broadcast_in_dim) in 0.004837036 sec
WARNING  jax._src.dispatch:dispatch.py:204 Finished XLA compilation of jit(broadcast_in_dim) in 0.021182775 sec
WARNING  jax._src.dispatch:dispatch.py:204 Finished tracing broadcast_in_dim for jit in 0.000319719 sec
WARNING  jax._src.interpreters.pxla:pxla.py:732 Compiling jit(broadcast_in_dim) with global shapes and types (ShapedArray(bool[340,1,13]),). Argument mapping: (UnspecifiedValue,).
WARNING  jax._src.dispatch:dispatch.py:204 Finished jaxpr to MLIR module conversion jit(broadcast_in_dim) in 0.003868580 sec
WARNING  jax._src.dispatch:dispatch.py:204 Finished XLA compilation of jit(broadcast_in_dim) in 0.035895824 sec
WARNING  jax._src.interpreters.pxla:pxla.py:732 Compiling jit(_where) with global shapes and types (ShapedArray(bool[340,1,13,1]), ShapedArray(float64[340,1,13,2]), ShapedArray(float64[], weak_type=True)). Argument mapping: (UnspecifiedValue, UnspecifiedValue, UnspecifiedValue).
WARNING  jax._src.dispatch:dispatch.py:204 Finished jaxpr to MLIR module conversion jit(_where) in 0.004413843 sec
WARNING  jax._src.dispatch:dispatch.py:204 Finished XLA compilation of jit(_where) in 0.024989843 sec
WARNING  jax._src.interpreters.pxla:pxla.py:732 Compiling jit(_broadcast_arrays) with global shapes and types (ShapedArray(int64[1,13]), ShapedArray(int64[340,1,13])). Argument mapping: (UnspecifiedValue, UnspecifiedValue).
WARNING  jax._src.dispatch:dispatch.py:204 Finished jaxpr to MLIR module conversion jit(_broadcast_arrays) in 0.003408909 sec
WARNING  jax._src.dispatch:dispatch.py:204 Finished XLA compilation of jit(_broadcast_arrays) in 0.005882025 sec
WARNING  jax._src.dispatch:dispatch.py:204 Finished tracing broadcast_in_dim for jit in 0.000263214 sec
WARNING  jax._src.interpreters.pxla:pxla.py:732 Compiling jit(broadcast_in_dim) with global shapes and types (ShapedArray(int32[1,13,1]),). Argument mapping: (UnspecifiedValue,).
WARNING  jax._src.dispatch:dispatch.py:204 Finished jaxpr to MLIR module conversion jit(broadcast_in_dim) in 0.003333569 sec
WARNING  jax._src.dispatch:dispatch.py:204 Finished XLA compilation of jit(broadcast_in_dim) in 0.023800373 sec
WARNING  jax._src.dispatch:dispatch.py:204 Finished tracing concatenate for jit in 0.000259876 sec
WARNING  jax._src.interpreters.pxla:pxla.py:732 Compiling jit(concatenate) with global shapes and types (ShapedArray(int32[340,1,13,1]), ShapedArray(int32[340,1,13,1])). Argument mapping: (UnspecifiedValue, UnspecifiedValue).
WARNING  jax._src.dispatch:dispatch.py:204 Finished jaxpr to MLIR module conversion jit(concatenate) in 0.007164478 sec
WARNING  jax._src.dispatch:dispatch.py:204 Finished XLA compilation of jit(concatenate) in 0.040501595 sec
WARNING  jax._src.interpreters.pxla:pxla.py:732 Compiling jit(_squeeze) with global shapes and types (ShapedArray(float64[340,1,13,2]),). Argument mapping: (UnspecifiedValue,).
WARNING  jax._src.dispatch:dispatch.py:204 Finished jaxpr to MLIR module conversion jit(_squeeze) in 0.004255295 sec
WARNING  jax._src.dispatch:dispatch.py:204 Finished XLA compilation of jit(_squeeze) in 0.006150484 sec
WARNING  jax._src.dispatch:dispatch.py:204 Finished tracing broadcast_in_dim for jit in 0.000167131 sec
WARNING  jax._src.interpreters.pxla:pxla.py:732 Compiling jit(broadcast_in_dim) with global shapes and types (ShapedArray(float64[1,13,2]),). Argument mapping: (UnspecifiedValue,).
WARNING  jax._src.dispatch:dispatch.py:204 Finished jaxpr to MLIR module conversion jit(broadcast_in_dim) in 0.003451586 sec
WARNING  jax._src.dispatch:dispatch.py:204 Finished XLA compilation of jit(broadcast_in_dim) in 0.022721291 sec
WARNING  jax._src.dispatch:dispatch.py:204 Finished tracing scatter-add for jit in 0.000332832 sec
WARNING  jax._src.interpreters.pxla:pxla.py:732 Compiling jit(scatter-add) with global shapes and types (ShapedArray(float64[340,1,13,2]), ShapedArray(int32[340,1,13,2]), ShapedArray(float64[340,1,13,2])). Argument mapping: (UnspecifiedValue, UnspecifiedValue, UnspecifiedValue).
WARNING  jax._src.dispatch:dispatch.py:204 Finished jaxpr to MLIR module conversion jit(scatter-add) in 0.004001379 sec
WARNING  jax._src.dispatch:dispatch.py:204 Finished XLA compilation of jit(scatter-add) in 0.039813280 sec
WARNING  jax._src.interpreters.pxla:pxla.py:732 Compiling jit(_reduce_sum) with global shapes and types (ShapedArray(bool[340,1,13]),). Argument mapping: (UnspecifiedValue,).
WARNING  jax._src.dispatch:dispatch.py:204 Finished jaxpr to MLIR module conversion jit(_reduce_sum) in 0.004299641 sec
WARNING  jax._src.dispatch:dispatch.py:204 Finished XLA compilation of jit(_reduce_sum) in 0.024614573 sec
WARNING  jax._src.dispatch:dispatch.py:204 Finished tracing broadcast_in_dim for jit in 0.000463724 sec
WARNING  jax._src.interpreters.pxla:pxla.py:732 Compiling jit(broadcast_in_dim) with global shapes and types (ShapedArray(int32[]),). Argument mapping: (UnspecifiedValue,).
WARNING  jax._src.dispatch:dispatch.py:204 Finished jaxpr to MLIR module conversion jit(broadcast_in_dim) in 0.003772020 sec
WARNING  jax._src.dispatch:dispatch.py:204 Finished XLA compilation of jit(broadcast_in_dim) in 0.019698381 sec
WARNING  jax._src.dispatch:dispatch.py:204 Finished tracing convert_element_type for jit in 0.000300407 sec
WARNING  jax._src.interpreters.pxla:pxla.py:732 Compiling jit(convert_element_type) with global shapes and types (ShapedArray(bool[340,1,13]),). Argument mapping: (UnspecifiedValue,).
WARNING  jax._src.dispatch:dispatch.py:204 Finished jaxpr to MLIR module conversion jit(convert_element_type) in 0.003781796 sec
WARNING  jax._src.dispatch:dispatch.py:204 Finished XLA compilation of jit(convert_element_type) in 0.029525518 sec
WARNING  jax._src.interpreters.pxla:pxla.py:732 Compiling jit(_squeeze) with global shapes and types (ShapedArray(int32[340,1,13]),). Argument mapping: (UnspecifiedValue,).
WARNING  jax._src.dispatch:dispatch.py:204 Finished jaxpr to MLIR module conversion jit(_squeeze) in 0.003395319 sec
WARNING  jax._src.dispatch:dispatch.py:204 Finished XLA compilation of jit(_squeeze) in 0.005994320 sec
WARNING  jax._src.dispatch:dispatch.py:204 Finished tracing broadcast_in_dim for jit in 0.000220060 sec
WARNING  jax._src.interpreters.pxla:pxla.py:732 Compiling jit(broadcast_in_dim) with global shapes and types (ShapedArray(int32[1,13]),). Argument mapping: (UnspecifiedValue,).
WARNING  jax._src.dispatch:dispatch.py:204 Finished jaxpr to MLIR module conversion jit(broadcast_in_dim) in 0.003546715 sec
WARNING  jax._src.dispatch:dispatch.py:204 Finished XLA compilation of jit(broadcast_in_dim) in 0.024421692 sec
WARNING  jax._src.dispatch:dispatch.py:204 Finished tracing scatter-add for jit in 0.000330448 sec
WARNING  jax._src.interpreters.pxla:pxla.py:732 Compiling jit(scatter-add) with global shapes and types (ShapedArray(int32[340,1,13]), ShapedArray(int32[340,1,13,2]), ShapedArray(int32[340,1,13])). Argument mapping: (UnspecifiedValue, UnspecifiedValue, UnspecifiedValue).
WARNING  jax._src.dispatch:dispatch.py:204 Finished jaxpr to MLIR module conversion jit(scatter-add) in 0.006453991 sec
WARNING  jax._src.dispatch:dispatch.py:204 Finished XLA compilation of jit(scatter-add) in 0.037760019 sec
WARNING  jax._src.interpreters.pxla:pxla.py:732 Compiling jit(greater) with global shapes and types (ShapedArray(int32[340,1,13]), ShapedArray(int64[], weak_type=True)). Argument mapping: (UnspecifiedValue, UnspecifiedValue).
WARNING  jax._src.dispatch:dispatch.py:204 Finished jaxpr to MLIR module conversion jit(greater) in 0.004296541 sec
WARNING  jax._src.dispatch:dispatch.py:204 Finished XLA compilation of jit(greater) in 0.025356531 sec
WARNING  jax._src.interpreters.pxla:pxla.py:732 Compiling jit(equal) with global shapes and types (ShapedArray(int64[340,1]), ShapedArray(int64[], weak_type=True)). Argument mapping: (UnspecifiedValue, UnspecifiedValue).
WARNING  jax._src.dispatch:dispatch.py:204 Finished jaxpr to MLIR module conversion jit(equal) in 0.004321337 sec
WARNING  jax._src.dispatch:dispatch.py:204 Finished XLA compilation of jit(equal) in 0.024615526 sec
WARNING  jax._src.dispatch:dispatch.py:204 Finished tracing stage for jit in 0.000137806 sec
WARNING  jax._src.interpreters.pxla:pxla.py:732 Compiling jit(stage) with global shapes and types (ShapedArray(bool[]),). Argument mapping: (UnspecifiedValue,).
WARNING  jax._src.dispatch:dispatch.py:204 Finished jaxpr to MLIR module conversion jit(stage) in 0.003558397 sec
WARNING  jax._src.compiler:compiler.py:124 Persistent compilation cache hit for 'jit_stage' with key 'jit_stage-33c5c2d14821dbc3b9dd19dbcac4df271433bbc698868215074ebf2cd8b2c537'
WARNING  jax._src.dispatch:dispatch.py:204 Finished XLA compilation of jit(stage) in 0.002478361 sec
WARNING  jax._src.interpreters.pxla:pxla.py:732 Compiling jit(bitwise_and) with global shapes and types (ShapedArray(bool[340,1]), ShapedArray(bool[])). Argument mapping: (UnspecifiedValue, UnspecifiedValue).
WARNING  jax._src.dispatch:dispatch.py:204 Finished jaxpr to MLIR module conversion jit(bitwise_and) in 0.003414869 sec
WARNING  jax._src.dispatch:dispatch.py:204 Finished XLA compilation of jit(bitwise_and) in 0.024372816 sec
WARNING  jax._src.dispatch:dispatch.py:204 Finished tracing dynamic_slice for jit in 0.000316143 sec
WARNING  jax._src.interpreters.pxla:pxla.py:732 Compiling jit(dynamic_slice) with global shapes and types (ShapedArray(float64[340,1,13,2]), ShapedArray(int64[], weak_type=True), ShapedArray(int64[], weak_type=True), ShapedArray(int64[], weak_type=True), ShapedArray(int64[], weak_type=True)). Argument mapping: (UnspecifiedValue, UnspecifiedValue, UnspecifiedValue, UnspecifiedValue, UnspecifiedValue).
WARNING  jax._src.dispatch:dispatch.py:204 Finished jaxpr to MLIR module conversion jit(dynamic_slice) in 0.003906012 sec
WARNING  jax._src.dispatch:dispatch.py:204 Finished XLA compilation of jit(dynamic_slice) in 0.025784492 sec
WARNING  jax._src.dispatch:dispatch.py:204 Finished tracing squeeze for jit in 0.000412703 sec
WARNING  jax._src.interpreters.pxla:pxla.py:732 Compiling jit(squeeze) with global shapes and types (ShapedArray(float64[340,1,1,2]),). Argument mapping: (UnspecifiedValue,).
WARNING  jax._src.dispatch:dispatch.py:204 Finished jaxpr to MLIR module conversion jit(squeeze) in 0.004229784 sec
WARNING  jax._src.dispatch:dispatch.py:204 Finished XLA compilation of jit(squeeze) in 0.034134150 sec
WARNING  jax._src.interpreters.pxla:pxla.py:732 Compiling jit(subtract) with global shapes and types (ShapedArray(float64[340,1,2]), ShapedArray(float64[340,1,2])). Argument mapping: (UnspecifiedValue, UnspecifiedValue).
WARNING  jax._src.dispatch:dispatch.py:204 Finished jaxpr to MLIR module conversion jit(subtract) in 0.003614902 sec
WARNING  jax._src.dispatch:dispatch.py:204 Finished XLA compilation of jit(subtract) in 0.030234337 sec
WARNING  jax._src.dispatch:dispatch.py:204 Finished tracing dynamic_slice for jit in 0.000287056 sec
WARNING  jax._src.interpreters.pxla:pxla.py:732 Compiling jit(dynamic_slice) with global shapes and types (ShapedArray(float64[340,1,2]), ShapedArray(int64[], weak_type=True), ShapedArray(int64[], weak_type=True), ShapedArray(int64[], weak_type=True)). Argument mapping: (UnspecifiedValue, UnspecifiedValue, UnspecifiedValue, UnspecifiedValue).
WARNING  jax._src.dispatch:dispatch.py:204 Finished jaxpr to MLIR module conversion jit(dynamic_slice) in 0.003667116 sec
WARNING  jax._src.dispatch:dispatch.py:204 Finished XLA compilation of jit(dynamic_slice) in 0.024678469 sec
WARNING  jax._src.dispatch:dispatch.py:204 Finished tracing squeeze for jit in 0.000250340 sec
WARNING  jax._src.interpreters.pxla:pxla.py:732 Compiling jit(squeeze) with global shapes and types (ShapedArray(float64[340,1,1]),). Argument mapping: (UnspecifiedValue,).
WARNING  jax._src.dispatch:dispatch.py:204 Finished jaxpr to MLIR module conversion jit(squeeze) in 0.003489017 sec
WARNING  jax._src.dispatch:dispatch.py:204 Finished XLA compilation of jit(squeeze) in 0.005855322 sec
WARNING  jax._src.interpreters.pxla:pxla.py:732 Compiling jit(multiply) with global shapes and types (ShapedArray(float64[340,1]), ShapedArray(float64[340,1])). Argument mapping: (UnspecifiedValue, UnspecifiedValue).
WARNING  jax._src.dispatch:dispatch.py:204 Finished jaxpr to MLIR module conversion jit(multiply) in 0.005063772 sec
WARNING  jax._src.dispatch:dispatch.py:204 Finished XLA compilation of jit(multiply) in 0.028938770 sec
WARNING  jax._src.interpreters.pxla:pxla.py:732 Compiling jit(subtract) with global shapes and types (ShapedArray(float64[340,1]), ShapedArray(float64[340,1])). Argument mapping: (UnspecifiedValue, UnspecifiedValue).
WARNING  jax._src.dispatch:dispatch.py:204 Finished jaxpr to MLIR module conversion jit(subtract) in 0.003837824 sec
WARNING  jax._src.dispatch:dispatch.py:204 Finished XLA compilation of jit(subtract) in 0.028442144 sec
WARNING  jax._src.interpreters.pxla:pxla.py:732 Compiling jit(_where) with global shapes and types (ShapedArray(bool[340,1]), ShapedArray(float64[340,1]), ShapedArray(float64[], weak_type=True)). Argument mapping: (UnspecifiedValue, UnspecifiedValue, UnspecifiedValue).
WARNING  jax._src.dispatch:dispatch.py:204 Finished jaxpr to MLIR module conversion jit(_where) in 0.004393339 sec
WARNING  jax._src.dispatch:dispatch.py:204 Finished XLA compilation of jit(_where) in 0.025820732 sec
WARNING  jax._src.interpreters.pxla:pxla.py:732 Compiling jit(true_divide) with global shapes and types (ShapedArray(float64[340,1]), ShapedArray(float64[340,1])). Argument mapping: (UnspecifiedValue, UnspecifiedValue).
WARNING  jax._src.dispatch:dispatch.py:204 Finished jaxpr to MLIR module conversion jit(true_divide) in 0.003931046 sec
WARNING  jax._src.dispatch:dispatch.py:204 Finished XLA compilation of jit(true_divide) in 0.029319763 sec
WARNING  jax._src.dispatch:dispatch.py:204 Finished tracing broadcast_in_dim for jit in 0.000309706 sec
WARNING  jax._src.interpreters.pxla:pxla.py:732 Compiling jit(broadcast_in_dim) with global shapes and types (ShapedArray(float64[340,1]),). Argument mapping: (UnspecifiedValue,).
WARNING  jax._src.dispatch:dispatch.py:204 Finished jaxpr to MLIR module conversion jit(broadcast_in_dim) in 0.003641844 sec
WARNING  jax._src.dispatch:dispatch.py:204 Finished XLA compilation of jit(broadcast_in_dim) in 0.006216288 sec
WARNING  jax._src.interpreters.pxla:pxla.py:732 Compiling jit(multiply) with global shapes and types (ShapedArray(float64[340,1,2]), ShapedArray(float64[340,1,1])). Argument mapping: (UnspecifiedValue, UnspecifiedValue).
WARNING  jax._src.dispatch:dispatch.py:204 Finished jaxpr to MLIR module conversion jit(multiply) in 0.003753424 sec
WARNING  jax._src.dispatch:dispatch.py:204 Finished XLA compilation of jit(multiply) in 0.022842169 sec
WARNING  jax._src.interpreters.pxla:pxla.py:732 Compiling jit(add) with global shapes and types (ShapedArray(float64[340,1,2]), ShapedArray(float64[340,1,2])). Argument mapping: (UnspecifiedValue, UnspecifiedValue).
WARNING  jax._src.dispatch:dispatch.py:204 Finished jaxpr to MLIR module conversion jit(add) in 0.004320860 sec
WARNING  jax._src.dispatch:dispatch.py:204 Finished XLA compilation of jit(add) in 0.031629086 sec
WARNING  jax._src.dispatch:dispatch.py:204 Finished tracing broadcast_in_dim for jit in 0.000306368 sec
WARNING  jax._src.interpreters.pxla:pxla.py:732 Compiling jit(broadcast_in_dim) with global shapes and types (ShapedArray(bool[340,1]),). Argument mapping: (UnspecifiedValue,).
WARNING  jax._src.dispatch:dispatch.py:204 Finished jaxpr to MLIR module conversion jit(broadcast_in_dim) in 0.003935575 sec
WARNING  jax._src.dispatch:dispatch.py:204 Finished XLA compilation of jit(broadcast_in_dim) in 0.006528854 sec
WARNING  jax._src.interpreters.pxla:pxla.py:732 Compiling jit(_where) with global shapes and types (ShapedArray(bool[340,1,1]), ShapedArray(float64[340,1,2]), ShapedArray(float64[], weak_type=True)). Argument mapping: (UnspecifiedValue, UnspecifiedValue, UnspecifiedValue).
WARNING  jax._src.dispatch:dispatch.py:204 Finished jaxpr to MLIR module conversion jit(_where) in 0.005124807 sec
WARNING  jax._src.dispatch:dispatch.py:204 Finished XLA compilation of jit(_where) in 0.022893190 sec
WARNING  jax._src.dispatch:dispatch.py:204 Finished tracing broadcast_in_dim for jit in 0.000400066 sec
WARNING  jax._src.interpreters.pxla:pxla.py:732 Compiling jit(broadcast_in_dim) with global shapes and types (ShapedArray(float64[340,1,1,2]),). Argument mapping: (UnspecifiedValue,).
WARNING  jax._src.dispatch:dispatch.py:204 Finished jaxpr to MLIR module conversion jit(broadcast_in_dim) in 0.003680944 sec
WARNING  jax._src.dispatch:dispatch.py:204 Finished XLA compilation of jit(broadcast_in_dim) in 0.022608519 sec
WARNING  jax._src.dispatch:dispatch.py:204 Finished tracing stack for jit in 0.000389576 sec
WARNING  jax._src.interpreters.pxla:pxla.py:732 Compiling jit(stack) with global shapes and types (ShapedArray(float64[340,1,13,2]), ShapedArray(float64[340,1,13,2]), ShapedArray(float64[340,1,13,2])). Argument mapping: (UnspecifiedValue, UnspecifiedValue, UnspecifiedValue).
WARNING  jax._src.dispatch:dispatch.py:204 Finished jaxpr to MLIR module conversion jit(stack) in 0.003934383 sec
WARNING  jax._src.dispatch:dispatch.py:204 Finished XLA compilation of jit(stack) in 0.031861305 sec
WARNING  jax._src.dispatch:dispatch.py:204 Finished tracing reshape for jit in 0.000357628 sec
WARNING  jax._src.interpreters.pxla:pxla.py:732 Compiling jit(reshape) with global shapes and types (ShapedArray(float64[340,1,13,3,2]),). Argument mapping: (UnspecifiedValue,).
WARNING  jax._src.dispatch:dispatch.py:204 Finished jaxpr to MLIR module conversion jit(reshape) in 0.003839731 sec
WARNING  jax._src.dispatch:dispatch.py:204 Finished XLA compilation of jit(reshape) in 0.032946825 sec
WARNING  jax._src.interpreters.pxla:pxla.py:732 Compiling jit(bitwise_and) with global shapes and types (ShapedArray(bool[340,1,1]), ShapedArray(bool[340,1,13])). Argument mapping: (UnspecifiedValue, UnspecifiedValue).
WARNING  jax._src.dispatch:dispatch.py:204 Finished jaxpr to MLIR module conversion jit(bitwise_and) in 0.003901482 sec
WARNING  jax._src.dispatch:dispatch.py:204 Finished XLA compilation of jit(bitwise_and) in 0.028899193 sec
WARNING  jax._src.dispatch:dispatch.py:204 Finished tracing stack for jit in 0.000376940 sec
WARNING  jax._src.interpreters.pxla:pxla.py:732 Compiling jit(stack) with global shapes and types (ShapedArray(bool[340,1,13]), ShapedArray(bool[340,1,13]), ShapedArray(bool[340,1,13])). Argument mapping: (UnspecifiedValue, UnspecifiedValue, UnspecifiedValue).
WARNING  jax._src.dispatch:dispatch.py:204 Finished jaxpr to MLIR module conversion jit(stack) in 0.003961086 sec
WARNING  jax._src.dispatch:dispatch.py:204 Finished XLA compilation of jit(stack) in 0.037705183 sec
WARNING  jax._src.dispatch:dispatch.py:204 Finished tracing reshape for jit in 0.000372171 sec
WARNING  jax._src.interpreters.pxla:pxla.py:732 Compiling jit(reshape) with global shapes and types (ShapedArray(bool[340,1,13,3]),). Argument mapping: (UnspecifiedValue,).
WARNING  jax._src.dispatch:dispatch.py:204 Finished jaxpr to MLIR module conversion jit(reshape) in 0.003474951 sec
WARNING  jax._src.dispatch:dispatch.py:204 Finished XLA compilation of jit(reshape) in 0.032358170 sec
WARNING  jax._src.dispatch:dispatch.py:204 Finished tracing broadcast_in_dim for jit in 0.000413895 sec
WARNING  jax._src.interpreters.pxla:pxla.py:732 Compiling jit(broadcast_in_dim) with global shapes and types (ShapedArray(bool[]),). Argument mapping: (UnspecifiedValue,).
WARNING  jax._src.dispatch:dispatch.py:204 Finished jaxpr to MLIR module conversion jit(broadcast_in_dim) in 0.003816366 sec
WARNING  jax._src.dispatch:dispatch.py:204 Finished XLA compilation of jit(broadcast_in_dim) in 0.019186020 sec
WARNING  jax._src.dispatch:dispatch.py:204 Finished tracing broadcast_in_dim for jit in 0.000407457 sec
WARNING  jax._src.interpreters.pxla:pxla.py:732 Compiling jit(broadcast_in_dim) with global shapes and types (ShapedArray(bool[1,13]),). Argument mapping: (UnspecifiedValue,).
WARNING  jax._src.dispatch:dispatch.py:204 Finished jaxpr to MLIR module conversion jit(broadcast_in_dim) in 0.003849745 sec
WARNING  jax._src.dispatch:dispatch.py:204 Finished XLA compilation of jit(broadcast_in_dim) in 0.023679256 sec
WARNING  jax._src.interpreters.pxla:pxla.py:732 Compiling jit(cumsum) with global shapes and types (ShapedArray(bool[340,1,39]),). Argument mapping: (UnspecifiedValue,).
WARNING  jax._src.dispatch:dispatch.py:204 Finished jaxpr to MLIR module conversion jit(cumsum) in 0.005969048 sec
WARNING  jax._src.dispatch:dispatch.py:204 Finished XLA compilation of jit(cumsum) in 0.058151722 sec
WARNING  jax._src.interpreters.pxla:pxla.py:732 Compiling jit(subtract) with global shapes and types (ShapedArray(int64[340,1,39]), ShapedArray(int64[], weak_type=True)). Argument mapping: (UnspecifiedValue, UnspecifiedValue).
WARNING  jax._src.dispatch:dispatch.py:204 Finished jaxpr to MLIR module conversion jit(subtract) in 0.004637480 sec
WARNING  jax._src.dispatch:dispatch.py:204 Finished XLA compilation of jit(subtract) in 0.087794781 sec
WARNING  jax._src.interpreters.pxla:pxla.py:732 Compiling jit(_where) with global shapes and types (ShapedArray(bool[340,1,39]), ShapedArray(int64[340,1,39]), ShapedArray(int64[], weak_type=True)). Argument mapping: (UnspecifiedValue, UnspecifiedValue, UnspecifiedValue).
WARNING  jax._src.dispatch:dispatch.py:204 Finished jaxpr to MLIR module conversion jit(_where) in 0.004638195 sec
WARNING  jax._src.dispatch:dispatch.py:204 Finished XLA compilation of jit(_where) in 0.047567129 sec
WARNING  jax._src.dispatch:dispatch.py:204 Finished tracing broadcast_in_dim for jit in 0.000415325 sec
WARNING  jax._src.interpreters.pxla:pxla.py:732 Compiling jit(broadcast_in_dim) with global shapes and types (ShapedArray(int64[1,1]),). Argument mapping: (UnspecifiedValue,).
WARNING  jax._src.dispatch:dispatch.py:204 Finished jaxpr to MLIR module conversion jit(broadcast_in_dim) in 0.003985882 sec
WARNING  jax._src.dispatch:dispatch.py:204 Finished XLA compilation of jit(broadcast_in_dim) in 0.022835970 sec
WARNING  jax._src.dispatch:dispatch.py:204 Finished tracing broadcast_in_dim for jit in 0.000544548 sec
WARNING  jax._src.interpreters.pxla:pxla.py:732 Compiling jit(broadcast_in_dim) with global shapes and types (ShapedArray(float64[]),). Argument mapping: (UnspecifiedValue,).
WARNING  jax._src.dispatch:dispatch.py:204 Finished jaxpr to MLIR module conversion jit(broadcast_in_dim) in 0.004467726 sec
WARNING  jax._src.dispatch:dispatch.py:204 Finished XLA compilation of jit(broadcast_in_dim) in 0.024983168 sec
WARNING  jax._src.dispatch:dispatch.py:204 Finished tracing broadcast_in_dim for jit in 0.000416517 sec
WARNING  jax._src.interpreters.pxla:pxla.py:732 Compiling jit(broadcast_in_dim) with global shapes and types (ShapedArray(bool[340,1,39]),). Argument mapping: (UnspecifiedValue,).
WARNING  jax._src.dispatch:dispatch.py:204 Finished jaxpr to MLIR module conversion jit(broadcast_in_dim) in 0.006142378 sec
WARNING  jax._src.dispatch:dispatch.py:204 Finished XLA compilation of jit(broadcast_in_dim) in 0.090843916 sec
WARNING  jax._src.interpreters.pxla:pxla.py:732 Compiling jit(_where) with global shapes and types (ShapedArray(bool[340,1,39,1]), ShapedArray(float64[340,1,39,2]), ShapedArray(float64[], weak_type=True)). Argument mapping: (UnspecifiedValue, UnspecifiedValue, UnspecifiedValue).
WARNING  jax._src.dispatch:dispatch.py:204 Finished jaxpr to MLIR module conversion jit(_where) in 0.004551649 sec
WARNING  jax._src.dispatch:dispatch.py:204 Finished XLA compilation of jit(_where) in 0.025866508 sec
WARNING  jax._src.interpreters.pxla:pxla.py:732 Compiling jit(less) with global shapes and types (ShapedArray(int64[1,39]), ShapedArray(int64[], weak_type=True)). Argument mapping: (UnspecifiedValue, UnspecifiedValue).
WARNING  jax._src.dispatch:dispatch.py:204 Finished jaxpr to MLIR module conversion jit(less) in 0.004214048 sec
WARNING  jax._src.dispatch:dispatch.py:204 Finished XLA compilation of jit(less) in 0.024187803 sec
WARNING  jax._src.dispatch:dispatch.py:204 Finished tracing add for jit in 0.000238180 sec
WARNING  jax._src.interpreters.pxla:pxla.py:732 Compiling jit(add) with global shapes and types (ShapedArray(int64[1,39]), ShapedArray(int64[])). Argument mapping: (UnspecifiedValue, UnspecifiedValue).
WARNING  jax._src.dispatch:dispatch.py:204 Finished jaxpr to MLIR module conversion jit(add) in 0.004804850 sec
WARNING  jax._src.dispatch:dispatch.py:204 Finished XLA compilation of jit(add) in 0.022541761 sec
WARNING  jax._src.dispatch:dispatch.py:204 Finished tracing select_n for jit in 0.000162601 sec
WARNING  jax._src.interpreters.pxla:pxla.py:732 Compiling jit(select_n) with global shapes and types (ShapedArray(bool[1,39]), ShapedArray(int64[1,39]), ShapedArray(int64[1,39])). Argument mapping: (UnspecifiedValue, UnspecifiedValue, UnspecifiedValue).
WARNING  jax._src.dispatch:dispatch.py:204 Finished jaxpr to MLIR module conversion jit(select_n) in 0.003838539 sec
WARNING  jax._src.dispatch:dispatch.py:204 Finished XLA compilation of jit(select_n) in 0.038213730 sec
WARNING  jax._src.interpreters.pxla:pxla.py:732 Compiling jit(less) with global shapes and types (ShapedArray(int64[340,1,39]), ShapedArray(int64[], weak_type=True)). Argument mapping: (UnspecifiedValue, UnspecifiedValue).
WARNING  jax._src.dispatch:dispatch.py:204 Finished jaxpr to MLIR module conversion jit(less) in 0.004199982 sec
WARNING  jax._src.dispatch:dispatch.py:204 Finished XLA compilation of jit(less) in 0.035602570 sec
WARNING  jax._src.dispatch:dispatch.py:204 Finished tracing add for jit in 0.000251532 sec
WARNING  jax._src.interpreters.pxla:pxla.py:732 Compiling jit(add) with global shapes and types (ShapedArray(int64[340,1,39]), ShapedArray(int64[])). Argument mapping: (UnspecifiedValue, UnspecifiedValue).
WARNING  jax._src.dispatch:dispatch.py:204 Finished jaxpr to MLIR module conversion jit(add) in 0.003986835 sec
WARNING  jax._src.dispatch:dispatch.py:204 Finished XLA compilation of jit(add) in 0.035256863 sec
WARNING  jax._src.dispatch:dispatch.py:204 Finished tracing select_n for jit in 0.000238180 sec
WARNING  jax._src.interpreters.pxla:pxla.py:732 Compiling jit(select_n) with global shapes and types (ShapedArray(bool[340,1,39]), ShapedArray(int64[340,1,39]), ShapedArray(int64[340,1,39])). Argument mapping: (UnspecifiedValue, UnspecifiedValue, UnspecifiedValue).
WARNING  jax._src.dispatch:dispatch.py:204 Finished jaxpr to MLIR module conversion jit(select_n) in 0.003802061 sec
WARNING  jax._src.dispatch:dispatch.py:204 Finished XLA compilation of jit(select_n) in 0.040600538 sec
WARNING  jax._src.interpreters.pxla:pxla.py:732 Compiling jit(_broadcast_arrays) with global shapes and types (ShapedArray(int64[1,39]), ShapedArray(int64[340,1,39])). Argument mapping: (UnspecifiedValue, UnspecifiedValue).
WARNING  jax._src.dispatch:dispatch.py:204 Finished jaxpr to MLIR module conversion jit(_broadcast_arrays) in 0.003508091 sec
WARNING  jax._src.dispatch:dispatch.py:204 Finished XLA compilation of jit(_broadcast_arrays) in 0.006264687 sec
WARNING  jax._src.dispatch:dispatch.py:204 Finished tracing convert_element_type for jit in 0.000241518 sec
WARNING  jax._src.interpreters.pxla:pxla.py:732 Compiling jit(convert_element_type) with global shapes and types (ShapedArray(int64[1,39]),). Argument mapping: (UnspecifiedValue,).
WARNING  jax._src.dispatch:dispatch.py:204 Finished jaxpr to MLIR module conversion jit(convert_element_type) in 0.003502846 sec
WARNING  jax._src.dispatch:dispatch.py:204 Finished XLA compilation of jit(convert_element_type) in 0.030364037 sec
WARNING  jax._src.dispatch:dispatch.py:204 Finished tracing convert_element_type for jit in 0.000273943 sec
WARNING  jax._src.interpreters.pxla:pxla.py:732 Compiling jit(convert_element_type) with global shapes and types (ShapedArray(int64[340,1,39]),). Argument mapping: (UnspecifiedValue,).
WARNING  jax._src.dispatch:dispatch.py:204 Finished jaxpr to MLIR module conversion jit(convert_element_type) in 0.003820181 sec
WARNING  jax._src.dispatch:dispatch.py:204 Finished XLA compilation of jit(convert_element_type) in 0.035518169 sec
WARNING  jax._src.dispatch:dispatch.py:204 Finished tracing broadcast_in_dim for jit in 0.000312567 sec
WARNING  jax._src.interpreters.pxla:pxla.py:732 Compiling jit(broadcast_in_dim) with global shapes and types (ShapedArray(int32[1,39]),). Argument mapping: (UnspecifiedValue,).
WARNING  jax._src.dispatch:dispatch.py:204 Finished jaxpr to MLIR module conversion jit(broadcast_in_dim) in 0.003937483 sec
WARNING  jax._src.dispatch:dispatch.py:204 Finished XLA compilation of jit(broadcast_in_dim) in 0.006389618 sec
WARNING  jax._src.dispatch:dispatch.py:204 Finished tracing broadcast_in_dim for jit in 0.000271559 sec
WARNING  jax._src.interpreters.pxla:pxla.py:732 Compiling jit(broadcast_in_dim) with global shapes and types (ShapedArray(int32[340,1,39]),). Argument mapping: (UnspecifiedValue,).
WARNING  jax._src.dispatch:dispatch.py:204 Finished jaxpr to MLIR module conversion jit(broadcast_in_dim) in 0.003639936 sec
WARNING  jax._src.dispatch:dispatch.py:204 Finished XLA compilation of jit(broadcast_in_dim) in 0.034976244 sec
WARNING  jax._src.dispatch:dispatch.py:204 Finished tracing broadcast_in_dim for jit in 0.000290632 sec
WARNING  jax._src.interpreters.pxla:pxla.py:732 Compiling jit(broadcast_in_dim) with global shapes and types (ShapedArray(int32[1,39,1]),). Argument mapping: (UnspecifiedValue,).
WARNING  jax._src.dispatch:dispatch.py:204 Finished jaxpr to MLIR module conversion jit(broadcast_in_dim) in 0.004756927 sec
WARNING  jax._src.dispatch:dispatch.py:204 Finished XLA compilation of jit(broadcast_in_dim) in 0.032843113 sec
WARNING  jax._src.dispatch:dispatch.py:204 Finished tracing concatenate for jit in 0.000266314 sec
WARNING  jax._src.interpreters.pxla:pxla.py:732 Compiling jit(concatenate) with global shapes and types (ShapedArray(int32[340,1,39,1]), ShapedArray(int32[340,1,39,1])). Argument mapping: (UnspecifiedValue, UnspecifiedValue).
WARNING  jax._src.dispatch:dispatch.py:204 Finished jaxpr to MLIR module conversion jit(concatenate) in 0.003713846 sec
WARNING  jax._src.dispatch:dispatch.py:204 Finished XLA compilation of jit(concatenate) in 0.015186071 sec
WARNING  jax._src.interpreters.pxla:pxla.py:732 Compiling jit(_squeeze) with global shapes and types (ShapedArray(float64[340,1,39,2]),). Argument mapping: (UnspecifiedValue,).
WARNING  jax._src.dispatch:dispatch.py:204 Finished jaxpr to MLIR module conversion jit(_squeeze) in 0.003728867 sec
WARNING  jax._src.dispatch:dispatch.py:204 Finished XLA compilation of jit(_squeeze) in 0.006386518 sec
WARNING  jax._src.dispatch:dispatch.py:204 Finished tracing broadcast_in_dim for jit in 0.000290632 sec
WARNING  jax._src.interpreters.pxla:pxla.py:732 Compiling jit(broadcast_in_dim) with global shapes and types (ShapedArray(float64[1,26,2]),). Argument mapping: (UnspecifiedValue,).
WARNING  jax._src.dispatch:dispatch.py:204 Finished jaxpr to MLIR module conversion jit(broadcast_in_dim) in 0.003628731 sec
WARNING  jax._src.dispatch:dispatch.py:204 Finished XLA compilation of jit(broadcast_in_dim) in 0.023388863 sec
WARNING  jax._src.dispatch:dispatch.py:204 Finished tracing scatter-add for jit in 0.000344038 sec
WARNING  jax._src.interpreters.pxla:pxla.py:732 Compiling jit(scatter-add) with global shapes and types (ShapedArray(float64[340,1,26,2]), ShapedArray(int32[340,1,39,2]), ShapedArray(float64[340,1,39,2])). Argument mapping: (UnspecifiedValue, UnspecifiedValue, UnspecifiedValue).
WARNING  jax._src.dispatch:dispatch.py:204 Finished jaxpr to MLIR module conversion jit(scatter-add) in 0.004096270 sec
WARNING  jax._src.dispatch:dispatch.py:204 Finished XLA compilation of jit(scatter-add) in 0.044260740 sec
WARNING  jax._src.interpreters.pxla:pxla.py:732 Compiling jit(_reduce_sum) with global shapes and types (ShapedArray(bool[340,1,39]),). Argument mapping: (UnspecifiedValue,).
WARNING  jax._src.dispatch:dispatch.py:204 Finished jaxpr to MLIR module conversion jit(_reduce_sum) in 0.004425526 sec
WARNING  jax._src.dispatch:dispatch.py:204 Finished XLA compilation of jit(_reduce_sum) in 0.040807247 sec
WARNING  jax._src.dispatch:dispatch.py:204 Finished tracing broadcast_in_dim for jit in 0.000438929 sec
WARNING  jax._src.interpreters.pxla:pxla.py:732 Compiling jit(broadcast_in_dim) with global shapes and types (ShapedArray(int32[]),). Argument mapping: (UnspecifiedValue,).
WARNING  jax._src.dispatch:dispatch.py:204 Finished jaxpr to MLIR module conversion jit(broadcast_in_dim) in 0.003971338 sec
WARNING  jax._src.dispatch:dispatch.py:204 Finished XLA compilation of jit(broadcast_in_dim) in 0.019796610 sec
WARNING  jax._src.interpreters.pxla:pxla.py:732 Compiling jit(bitwise_and) with global shapes and types (ShapedArray(bool[340,1,39]), ShapedArray(bool[340,1,39])). Argument mapping: (UnspecifiedValue, UnspecifiedValue).
WARNING  jax._src.dispatch:dispatch.py:204 Finished jaxpr to MLIR module conversion jit(bitwise_and) in 0.003752232 sec
WARNING  jax._src.dispatch:dispatch.py:204 Finished XLA compilation of jit(bitwise_and) in 0.035491943 sec
WARNING  jax._src.dispatch:dispatch.py:204 Finished tracing convert_element_type for jit in 0.000248194 sec
WARNING  jax._src.interpreters.pxla:pxla.py:732 Compiling jit(convert_element_type) with global shapes and types (ShapedArray(bool[340,1,39]),). Argument mapping: (UnspecifiedValue,).
WARNING  jax._src.dispatch:dispatch.py:204 Finished jaxpr to MLIR module conversion jit(convert_element_type) in 0.003722191 sec
WARNING  jax._src.dispatch:dispatch.py:204 Finished XLA compilation of jit(convert_element_type) in 0.031975269 sec
WARNING  jax._src.interpreters.pxla:pxla.py:732 Compiling jit(_squeeze) with global shapes and types (ShapedArray(int32[340,1,39]),). Argument mapping: (UnspecifiedValue,).
WARNING  jax._src.dispatch:dispatch.py:204 Finished jaxpr to MLIR module conversion jit(_squeeze) in 0.003653765 sec
WARNING  jax._src.dispatch:dispatch.py:204 Finished XLA compilation of jit(_squeeze) in 0.006409883 sec
WARNING  jax._src.dispatch:dispatch.py:204 Finished tracing broadcast_in_dim for jit in 0.000293255 sec
WARNING  jax._src.interpreters.pxla:pxla.py:732 Compiling jit(broadcast_in_dim) with global shapes and types (ShapedArray(int32[1,26]),). Argument mapping: (UnspecifiedValue,).
WARNING  jax._src.dispatch:dispatch.py:204 Finished jaxpr to MLIR module conversion jit(broadcast_in_dim) in 0.004566193 sec
WARNING  jax._src.dispatch:dispatch.py:204 Finished XLA compilation of jit(broadcast_in_dim) in 0.028373957 sec
WARNING  jax._src.dispatch:dispatch.py:204 Finished tracing scatter-add for jit in 0.000313520 sec
WARNING  jax._src.interpreters.pxla:pxla.py:732 Compiling jit(scatter-add) with global shapes and types (ShapedArray(int32[340,1,26]), ShapedArray(int32[340,1,39,2]), ShapedArray(int32[340,1,39])). Argument mapping: (UnspecifiedValue, UnspecifiedValue, UnspecifiedValue).
WARNING  jax._src.dispatch:dispatch.py:204 Finished jaxpr to MLIR module conversion jit(scatter-add) in 0.004016876 sec
WARNING  jax._src.dispatch:dispatch.py:204 Finished XLA compilation of jit(scatter-add) in 0.043609381 sec
WARNING  jax._src.interpreters.pxla:pxla.py:732 Compiling jit(greater) with global shapes and types (ShapedArray(int32[340,1,26]), ShapedArray(int64[], weak_type=True)). Argument mapping: (UnspecifiedValue, UnspecifiedValue).
WARNING  jax._src.dispatch:dispatch.py:204 Finished jaxpr to MLIR module conversion jit(greater) in 0.004262924 sec
WARNING  jax._src.dispatch:dispatch.py:204 Finished XLA compilation of jit(greater) in 0.030705214 sec
WARNING  jax._src.dispatch:dispatch.py:204 Finished tracing iota for jit in 0.000260830 sec
WARNING  jax._src.interpreters.pxla:pxla.py:732 Compiling jit(iota) with global shapes and types (). Argument mapping: ().
WARNING  jax._src.dispatch:dispatch.py:204 Finished jaxpr to MLIR module conversion jit(iota) in 0.003803730 sec
WARNING  jax._src.dispatch:dispatch.py:204 Finished XLA compilation of jit(iota) in 0.027791023 sec
WARNING  jax._src.dispatch:dispatch.py:204 Finished tracing broadcast_in_dim for jit in 0.000451088 sec
WARNING  jax._src.interpreters.pxla:pxla.py:732 Compiling jit(broadcast_in_dim) with global shapes and types (ShapedArray(int64[26]),). Argument mapping: (UnspecifiedValue,).
WARNING  jax._src.dispatch:dispatch.py:204 Finished jaxpr to MLIR module conversion jit(broadcast_in_dim) in 0.003866434 sec
WARNING  jax._src.dispatch:dispatch.py:204 Finished XLA compilation of jit(broadcast_in_dim) in 0.006032228 sec
WARNING  jax._src.interpreters.pxla:pxla.py:732 Compiling jit(less) with global shapes and types (ShapedArray(int64[1,26]), ShapedArray(int64[340,1,1])). Argument mapping: (UnspecifiedValue, UnspecifiedValue).
WARNING  jax._src.dispatch:dispatch.py:204 Finished jaxpr to MLIR module conversion jit(less) in 0.003969193 sec
WARNING  jax._src.dispatch:dispatch.py:204 Finished XLA compilation of jit(less) in 0.028880596 sec
WARNING  jax._src.interpreters.pxla:pxla.py:732 Compiling jit(_roll_static) with global shapes and types (ShapedArray(float64[340,1,26,2]),). Argument mapping: (UnspecifiedValue,).
WARNING  jax._src.dispatch:dispatch.py:204 Finished jaxpr to MLIR module conversion jit(_roll_static) in 0.004105330 sec
WARNING  jax._src.dispatch:dispatch.py:204 Finished XLA compilation of jit(_roll_static) in 0.029517412 sec
WARNING  jax._src.interpreters.pxla:pxla.py:732 Compiling jit(not_equal) with global shapes and types (ShapedArray(float64[340,1,26,2]), ShapedArray(float64[340,1,26,2])). Argument mapping: (UnspecifiedValue, UnspecifiedValue).
WARNING  jax._src.dispatch:dispatch.py:204 Finished jaxpr to MLIR module conversion jit(not_equal) in 0.004079819 sec
WARNING  jax._src.dispatch:dispatch.py:204 Finished XLA compilation of jit(not_equal) in 0.034254551 sec
WARNING  jax._src.interpreters.pxla:pxla.py:732 Compiling jit(_reduce_any) with global shapes and types (ShapedArray(bool[340,1,26,2]),). Argument mapping: (UnspecifiedValue,).
WARNING  jax._src.dispatch:dispatch.py:204 Finished jaxpr to MLIR module conversion jit(_reduce_any) in 0.004145861 sec
WARNING  jax._src.dispatch:dispatch.py:204 Finished XLA compilation of jit(_reduce_any) in 0.027463913 sec
WARNING  jax._src.interpreters.pxla:pxla.py:732 Compiling jit(equal) with global shapes and types (ShapedArray(int64[1,26]), ShapedArray(int64[], weak_type=True)). Argument mapping: (UnspecifiedValue, UnspecifiedValue).
WARNING  jax._src.dispatch:dispatch.py:204 Finished jaxpr to MLIR module conversion jit(equal) in 0.005091667 sec
WARNING  jax._src.dispatch:dispatch.py:204 Finished XLA compilation of jit(equal) in 0.022973299 sec
WARNING  jax._src.interpreters.pxla:pxla.py:732 Compiling jit(bitwise_or) with global shapes and types (ShapedArray(bool[1,26]), ShapedArray(bool[340,1,26])). Argument mapping: (UnspecifiedValue, UnspecifiedValue).
WARNING  jax._src.dispatch:dispatch.py:204 Finished jaxpr to MLIR module conversion jit(bitwise_or) in 0.004111767 sec
WARNING  jax._src.dispatch:dispatch.py:204 Finished XLA compilation of jit(bitwise_or) in 0.047251701 sec
WARNING  jax._src.interpreters.pxla:pxla.py:732 Compiling jit(bitwise_and) with global shapes and types (ShapedArray(bool[340,1,26]), ShapedArray(bool[340,1,26])). Argument mapping: (UnspecifiedValue, UnspecifiedValue).
WARNING  jax._src.dispatch:dispatch.py:204 Finished jaxpr to MLIR module conversion jit(bitwise_and) in 0.003849506 sec
WARNING  jax._src.dispatch:dispatch.py:204 Finished XLA compilation of jit(bitwise_and) in 0.034565926 sec
WARNING  jax._src.interpreters.pxla:pxla.py:732 Compiling jit(cumsum) with global shapes and types (ShapedArray(bool[340,1,26]),). Argument mapping: (UnspecifiedValue,).
WARNING  jax._src.dispatch:dispatch.py:204 Finished jaxpr to MLIR module conversion jit(cumsum) in 0.005608320 sec
WARNING  jax._src.dispatch:dispatch.py:204 Finished XLA compilation of jit(cumsum) in 0.050481081 sec
WARNING  jax._src.interpreters.pxla:pxla.py:732 Compiling jit(subtract) with global shapes and types (ShapedArray(int64[340,1,26]), ShapedArray(int64[], weak_type=True)). Argument mapping: (UnspecifiedValue, UnspecifiedValue).
WARNING  jax._src.dispatch:dispatch.py:204 Finished jaxpr to MLIR module conversion jit(subtract) in 0.004163265 sec
WARNING  jax._src.dispatch:dispatch.py:204 Finished XLA compilation of jit(subtract) in 0.029103518 sec
WARNING  jax._src.interpreters.pxla:pxla.py:732 Compiling jit(_where) with global shapes and types (ShapedArray(bool[340,1,26]), ShapedArray(int64[340,1,26]), ShapedArray(int64[], weak_type=True)). Argument mapping: (UnspecifiedValue, UnspecifiedValue, UnspecifiedValue).
WARNING  jax._src.dispatch:dispatch.py:204 Finished jaxpr to MLIR module conversion jit(_where) in 0.004297495 sec
WARNING  jax._src.dispatch:dispatch.py:204 Finished XLA compilation of jit(_where) in 0.034200907 sec
WARNING  jax._src.dispatch:dispatch.py:204 Finished tracing broadcast_in_dim for jit in 0.000412464 sec
WARNING  jax._src.interpreters.pxla:pxla.py:732 Compiling jit(broadcast_in_dim) with global shapes and types (ShapedArray(int64[1,1]),). Argument mapping: (UnspecifiedValue,).
WARNING  jax._src.dispatch:dispatch.py:204 Finished jaxpr to MLIR module conversion jit(broadcast_in_dim) in 0.003827572 sec
WARNING  jax._src.dispatch:dispatch.py:204 Finished XLA compilation of jit(broadcast_in_dim) in 0.020017147 sec
WARNING  jax._src.dispatch:dispatch.py:204 Finished tracing broadcast_in_dim for jit in 0.000315905 sec
WARNING  jax._src.interpreters.pxla:pxla.py:732 Compiling jit(broadcast_in_dim) with global shapes and types (ShapedArray(bool[340,1,26]),). Argument mapping: (UnspecifiedValue,).
WARNING  jax._src.dispatch:dispatch.py:204 Finished jaxpr to MLIR module conversion jit(broadcast_in_dim) in 0.004011631 sec
WARNING  jax._src.dispatch:dispatch.py:204 Finished XLA compilation of jit(broadcast_in_dim) in 0.040343046 sec
WARNING  jax._src.interpreters.pxla:pxla.py:732 Compiling jit(_where) with global shapes and types (ShapedArray(bool[340,1,26,1]), ShapedArray(float64[340,1,26,2]), ShapedArray(float64[], weak_type=True)). Argument mapping: (UnspecifiedValue, UnspecifiedValue, UnspecifiedValue).
WARNING  jax._src.dispatch:dispatch.py:204 Finished jaxpr to MLIR module conversion jit(_where) in 0.005603552 sec
WARNING  jax._src.dispatch:dispatch.py:204 Finished XLA compilation of jit(_where) in 0.025502443 sec
WARNING  jax._src.interpreters.pxla:pxla.py:732 Compiling jit(less) with global shapes and types (ShapedArray(int64[1,26]), ShapedArray(int64[], weak_type=True)). Argument mapping: (UnspecifiedValue, UnspecifiedValue).
WARNING  jax._src.dispatch:dispatch.py:204 Finished jaxpr to MLIR module conversion jit(less) in 0.004031420 sec
WARNING  jax._src.dispatch:dispatch.py:204 Finished XLA compilation of jit(less) in 0.022152185 sec
WARNING  jax._src.dispatch:dispatch.py:204 Finished tracing add for jit in 0.000248909 sec
WARNING  jax._src.interpreters.pxla:pxla.py:732 Compiling jit(add) with global shapes and types (ShapedArray(int64[1,26]), ShapedArray(int64[])). Argument mapping: (UnspecifiedValue, UnspecifiedValue).
WARNING  jax._src.dispatch:dispatch.py:204 Finished jaxpr to MLIR module conversion jit(add) in 0.003780842 sec
WARNING  jax._src.dispatch:dispatch.py:204 Finished XLA compilation of jit(add) in 0.021368742 sec
WARNING  jax._src.dispatch:dispatch.py:204 Finished tracing select_n for jit in 0.000176668 sec
WARNING  jax._src.interpreters.pxla:pxla.py:732 Compiling jit(select_n) with global shapes and types (ShapedArray(bool[1,26]), ShapedArray(int64[1,26]), ShapedArray(int64[1,26])). Argument mapping: (UnspecifiedValue, UnspecifiedValue, UnspecifiedValue).
WARNING  jax._src.dispatch:dispatch.py:204 Finished jaxpr to MLIR module conversion jit(select_n) in 0.003870249 sec
WARNING  jax._src.dispatch:dispatch.py:204 Finished XLA compilation of jit(select_n) in 0.027962446 sec
WARNING  jax._src.interpreters.pxla:pxla.py:732 Compiling jit(less) with global shapes and types (ShapedArray(int64[340,1,26]), ShapedArray(int64[], weak_type=True)). Argument mapping: (UnspecifiedValue, UnspecifiedValue).
WARNING  jax._src.dispatch:dispatch.py:204 Finished jaxpr to MLIR module conversion jit(less) in 0.004100561 sec
WARNING  jax._src.dispatch:dispatch.py:204 Finished XLA compilation of jit(less) in 0.029643059 sec
WARNING  jax._src.dispatch:dispatch.py:204 Finished tracing add for jit in 0.000264645 sec
WARNING  jax._src.interpreters.pxla:pxla.py:732 Compiling jit(add) with global shapes and types (ShapedArray(int64[340,1,26]), ShapedArray(int64[])). Argument mapping: (UnspecifiedValue, UnspecifiedValue).
WARNING  jax._src.dispatch:dispatch.py:204 Finished jaxpr to MLIR module conversion jit(add) in 0.003797293 sec
WARNING  jax._src.dispatch:dispatch.py:204 Finished XLA compilation of jit(add) in 0.030927896 sec
WARNING  jax._src.dispatch:dispatch.py:204 Finished tracing select_n for jit in 0.000274181 sec
WARNING  jax._src.interpreters.pxla:pxla.py:732 Compiling jit(select_n) with global shapes and types (ShapedArray(bool[340,1,26]), ShapedArray(int64[340,1,26]), ShapedArray(int64[340,1,26])). Argument mapping: (UnspecifiedValue, UnspecifiedValue, UnspecifiedValue).
WARNING  jax._src.dispatch:dispatch.py:204 Finished jaxpr to MLIR module conversion jit(select_n) in 0.003869295 sec
WARNING  jax._src.dispatch:dispatch.py:204 Finished XLA compilation of jit(select_n) in 0.035568953 sec
WARNING  jax._src.interpreters.pxla:pxla.py:732 Compiling jit(_broadcast_arrays) with global shapes and types (ShapedArray(int64[1,26]), ShapedArray(int64[340,1,26])). Argument mapping: (UnspecifiedValue, UnspecifiedValue).
WARNING  jax._src.dispatch:dispatch.py:204 Finished jaxpr to MLIR module conversion jit(_broadcast_arrays) in 0.003877878 sec
WARNING  jax._src.dispatch:dispatch.py:204 Finished XLA compilation of jit(_broadcast_arrays) in 0.006616116 sec
WARNING  jax._src.dispatch:dispatch.py:204 Finished tracing convert_element_type for jit in 0.000282764 sec
WARNING  jax._src.interpreters.pxla:pxla.py:732 Compiling jit(convert_element_type) with global shapes and types (ShapedArray(int64[1,26]),). Argument mapping: (UnspecifiedValue,).
WARNING  jax._src.dispatch:dispatch.py:204 Finished jaxpr to MLIR module conversion jit(convert_element_type) in 0.003500223 sec
WARNING  jax._src.dispatch:dispatch.py:204 Finished XLA compilation of jit(convert_element_type) in 0.031252384 sec
WARNING  jax._src.dispatch:dispatch.py:204 Finished tracing convert_element_type for jit in 0.000319004 sec
WARNING  jax._src.interpreters.pxla:pxla.py:732 Compiling jit(convert_element_type) with global shapes and types (ShapedArray(int64[340,1,26]),). Argument mapping: (UnspecifiedValue,).
WARNING  jax._src.dispatch:dispatch.py:204 Finished jaxpr to MLIR module conversion jit(convert_element_type) in 0.004024029 sec
WARNING  jax._src.dispatch:dispatch.py:204 Finished XLA compilation of jit(convert_element_type) in 0.036049604 sec
WARNING  jax._src.dispatch:dispatch.py:204 Finished tracing broadcast_in_dim for jit in 0.000388861 sec
WARNING  jax._src.interpreters.pxla:pxla.py:732 Compiling jit(broadcast_in_dim) with global shapes and types (ShapedArray(int32[1,26]),). Argument mapping: (UnspecifiedValue,).
WARNING  jax._src.dispatch:dispatch.py:204 Finished jaxpr to MLIR module conversion jit(broadcast_in_dim) in 0.004836321 sec
WARNING  jax._src.dispatch:dispatch.py:204 Finished XLA compilation of jit(broadcast_in_dim) in 0.006518126 sec
WARNING  jax._src.dispatch:dispatch.py:204 Finished tracing broadcast_in_dim for jit in 0.000345945 sec
WARNING  jax._src.interpreters.pxla:pxla.py:732 Compiling jit(broadcast_in_dim) with global shapes and types (ShapedArray(int32[340,1,26]),). Argument mapping: (UnspecifiedValue,).
WARNING  jax._src.dispatch:dispatch.py:204 Finished jaxpr to MLIR module conversion jit(broadcast_in_dim) in 0.003658533 sec
WARNING  jax._src.dispatch:dispatch.py:204 Finished XLA compilation of jit(broadcast_in_dim) in 0.032835722 sec
WARNING  jax._src.dispatch:dispatch.py:204 Finished tracing broadcast_in_dim for jit in 0.000325918 sec
WARNING  jax._src.interpreters.pxla:pxla.py:732 Compiling jit(broadcast_in_dim) with global shapes and types (ShapedArray(int32[1,26,1]),). Argument mapping: (UnspecifiedValue,).
WARNING  jax._src.dispatch:dispatch.py:204 Finished jaxpr to MLIR module conversion jit(broadcast_in_dim) in 0.004136324 sec
WARNING  jax._src.dispatch:dispatch.py:204 Finished XLA compilation of jit(broadcast_in_dim) in 0.030409575 sec
WARNING  jax._src.dispatch:dispatch.py:204 Finished tracing concatenate for jit in 0.000312090 sec
WARNING  jax._src.interpreters.pxla:pxla.py:732 Compiling jit(concatenate) with global shapes and types (ShapedArray(int32[340,1,26,1]), ShapedArray(int32[340,1,26,1])). Argument mapping: (UnspecifiedValue, UnspecifiedValue).
WARNING  jax._src.dispatch:dispatch.py:204 Finished jaxpr to MLIR module conversion jit(concatenate) in 0.004189491 sec
WARNING  jax._src.dispatch:dispatch.py:204 Finished XLA compilation of jit(concatenate) in 0.015428543 sec
WARNING  jax._src.interpreters.pxla:pxla.py:732 Compiling jit(_squeeze) with global shapes and types (ShapedArray(float64[340,1,26,2]),). Argument mapping: (UnspecifiedValue,).
WARNING  jax._src.dispatch:dispatch.py:204 Finished jaxpr to MLIR module conversion jit(_squeeze) in 0.003968239 sec
WARNING  jax._src.dispatch:dispatch.py:204 Finished XLA compilation of jit(_squeeze) in 0.009184361 sec
WARNING  jax._src.dispatch:dispatch.py:204 Finished tracing scatter-add for jit in 0.000349522 sec
WARNING  jax._src.interpreters.pxla:pxla.py:732 Compiling jit(scatter-add) with global shapes and types (ShapedArray(float64[340,1,26,2]), ShapedArray(int32[340,1,26,2]), ShapedArray(float64[340,1,26,2])). Argument mapping: (UnspecifiedValue, UnspecifiedValue, UnspecifiedValue).
WARNING  jax._src.dispatch:dispatch.py:204 Finished jaxpr to MLIR module conversion jit(scatter-add) in 0.004304647 sec
WARNING  jax._src.dispatch:dispatch.py:204 Finished XLA compilation of jit(scatter-add) in 0.044454336 sec
WARNING  jax._src.interpreters.pxla:pxla.py:732 Compiling jit(_reduce_sum) with global shapes and types (ShapedArray(bool[340,1,26]),). Argument mapping: (UnspecifiedValue,).
WARNING  jax._src.dispatch:dispatch.py:204 Finished jaxpr to MLIR module conversion jit(_reduce_sum) in 0.004545689 sec
WARNING  jax._src.dispatch:dispatch.py:204 Finished XLA compilation of jit(_reduce_sum) in 0.026888847 sec
WARNING  jax._src.dispatch:dispatch.py:204 Finished tracing convert_element_type for jit in 0.000273466 sec
WARNING  jax._src.interpreters.pxla:pxla.py:732 Compiling jit(convert_element_type) with global shapes and types (ShapedArray(bool[340,1,26]),). Argument mapping: (UnspecifiedValue,).
WARNING  jax._src.dispatch:dispatch.py:204 Finished jaxpr to MLIR module conversion jit(convert_element_type) in 0.003894329 sec
WARNING  jax._src.dispatch:dispatch.py:204 Finished XLA compilation of jit(convert_element_type) in 0.030509472 sec
WARNING  jax._src.interpreters.pxla:pxla.py:732 Compiling jit(_squeeze) with global shapes and types (ShapedArray(int32[340,1,26]),). Argument mapping: (UnspecifiedValue,).
WARNING  jax._src.dispatch:dispatch.py:204 Finished jaxpr to MLIR module conversion jit(_squeeze) in 0.003789663 sec
WARNING  jax._src.dispatch:dispatch.py:204 Finished XLA compilation of jit(_squeeze) in 0.006175756 sec
WARNING  jax._src.dispatch:dispatch.py:204 Finished tracing scatter-add for jit in 0.000346422 sec
WARNING  jax._src.interpreters.pxla:pxla.py:732 Compiling jit(scatter-add) with global shapes and types (ShapedArray(int32[340,1,26]), ShapedArray(int32[340,1,26,2]), ShapedArray(int32[340,1,26])). Argument mapping: (UnspecifiedValue, UnspecifiedValue, UnspecifiedValue).
WARNING  jax._src.dispatch:dispatch.py:204 Finished jaxpr to MLIR module conversion jit(scatter-add) in 0.004052639 sec
WARNING  jax._src.dispatch:dispatch.py:204 Finished XLA compilation of jit(scatter-add) in 0.043785572 sec
WARNING  jax._src.interpreters.pxla:pxla.py:732 Compiling jit(subtract) with global shapes and types (ShapedArray(int64[340,1]), ShapedArray(int64[], weak_type=True)). Argument mapping: (UnspecifiedValue, UnspecifiedValue).
WARNING  jax._src.dispatch:dispatch.py:204 Finished jaxpr to MLIR module conversion jit(subtract) in 0.005465746 sec
WARNING  jax._src.dispatch:dispatch.py:204 Finished XLA compilation of jit(subtract) in 0.084272146 sec
WARNING  jax._src.interpreters.pxla:pxla.py:732 Compiling jit(maximum) with global shapes and types (ShapedArray(int64[340,1]), ShapedArray(int64[], weak_type=True)). Argument mapping: (UnspecifiedValue, UnspecifiedValue).
WARNING  jax._src.dispatch:dispatch.py:204 Finished jaxpr to MLIR module conversion jit(maximum) in 0.004287243 sec
WARNING  jax._src.dispatch:dispatch.py:204 Finished XLA compilation of jit(maximum) in 0.028336287 sec
WARNING  jax._src.dispatch:dispatch.py:204 Finished tracing broadcast_in_dim for jit in 0.000359774 sec
WARNING  jax._src.interpreters.pxla:pxla.py:732 Compiling jit(broadcast_in_dim) with global shapes and types (ShapedArray(int64[340,1]),). Argument mapping: (UnspecifiedValue,).
WARNING  jax._src.dispatch:dispatch.py:204 Finished jaxpr to MLIR module conversion jit(broadcast_in_dim) in 0.004239082 sec
WARNING  jax._src.dispatch:dispatch.py:204 Finished XLA compilation of jit(broadcast_in_dim) in 0.020443678 sec
WARNING  jax._src.interpreters.pxla:pxla.py:732 Compiling jit(take_along_axis) with global shapes and types (ShapedArray(float64[340,1,26,2]), ShapedArray(int64[340,1,1,1])). Argument mapping: (UnspecifiedValue, UnspecifiedValue).
WARNING  jax._src.dispatch:dispatch.py:204 Finished jaxpr to MLIR module conversion jit(take_along_axis) in 0.009023190 sec
WARNING  jax._src.dispatch:dispatch.py:204 Finished XLA compilation of jit(take_along_axis) in 0.030211210 sec
WARNING  jax._src.interpreters.pxla:pxla.py:732 Compiling jit(greater) with global shapes and types (ShapedArray(int64[340,1]), ShapedArray(int64[], weak_type=True)). Argument mapping: (UnspecifiedValue, UnspecifiedValue).
WARNING  jax._src.dispatch:dispatch.py:204 Finished jaxpr to MLIR module conversion jit(greater) in 0.004306793 sec
WARNING  jax._src.dispatch:dispatch.py:204 Finished XLA compilation of jit(greater) in 0.026831150 sec
WARNING  jax._src.dispatch:dispatch.py:204 Finished tracing dynamic_slice for jit in 0.000335455 sec
WARNING  jax._src.interpreters.pxla:pxla.py:732 Compiling jit(dynamic_slice) with global shapes and types (ShapedArray(float64[340,1,26,2]), ShapedArray(int64[], weak_type=True), ShapedArray(int64[], weak_type=True), ShapedArray(int64[], weak_type=True), ShapedArray(int64[], weak_type=True)). Argument mapping: (UnspecifiedValue, UnspecifiedValue, UnspecifiedValue, UnspecifiedValue, UnspecifiedValue).
WARNING  jax._src.dispatch:dispatch.py:204 Finished jaxpr to MLIR module conversion jit(dynamic_slice) in 0.004369736 sec
WARNING  jax._src.dispatch:dispatch.py:204 Finished XLA compilation of jit(dynamic_slice) in 0.024872780 sec
WARNING  jax._src.interpreters.pxla:pxla.py:732 Compiling jit(equal) with global shapes and types (ShapedArray(float64[340,1,2]), ShapedArray(float64[340,1,2])). Argument mapping: (UnspecifiedValue, UnspecifiedValue).
WARNING  jax._src.dispatch:dispatch.py:204 Finished jaxpr to MLIR module conversion jit(equal) in 0.004213572 sec
WARNING  jax._src.dispatch:dispatch.py:204 Finished XLA compilation of jit(equal) in 0.031443357 sec
WARNING  jax._src.interpreters.pxla:pxla.py:732 Compiling jit(_reduce_all) with global shapes and types (ShapedArray(bool[340,1,2]),). Argument mapping: (UnspecifiedValue,).
WARNING  jax._src.dispatch:dispatch.py:204 Finished jaxpr to MLIR module conversion jit(_reduce_all) in 0.004078865 sec
WARNING  jax._src.dispatch:dispatch.py:204 Finished XLA compilation of jit(_reduce_all) in 0.024553299 sec
WARNING  jax._src.interpreters.pxla:pxla.py:732 Compiling jit(bitwise_and) with global shapes and types (ShapedArray(bool[340,1]), ShapedArray(bool[340,1])). Argument mapping: (UnspecifiedValue, UnspecifiedValue).
WARNING  jax._src.dispatch:dispatch.py:204 Finished jaxpr to MLIR module conversion jit(bitwise_and) in 0.004775047 sec
WARNING  jax._src.dispatch:dispatch.py:204 Finished XLA compilation of jit(bitwise_and) in 0.031687737 sec
WARNING  jax._src.dispatch:dispatch.py:204 Finished tracing convert_element_type for jit in 0.000236273 sec
WARNING  jax._src.interpreters.pxla:pxla.py:732 Compiling jit(convert_element_type) with global shapes and types (ShapedArray(bool[340,1]),). Argument mapping: (UnspecifiedValue,).
WARNING  jax._src.dispatch:dispatch.py:204 Finished jaxpr to MLIR module conversion jit(convert_element_type) in 0.004419088 sec
WARNING  jax._src.dispatch:dispatch.py:204 Finished XLA compilation of jit(convert_element_type) in 0.027844906 sec
WARNING  jax._src.interpreters.pxla:pxla.py:732 Compiling jit(subtract) with global shapes and types (ShapedArray(int64[340,1]), ShapedArray(int64[340,1])). Argument mapping: (UnspecifiedValue, UnspecifiedValue).
WARNING  jax._src.dispatch:dispatch.py:204 Finished jaxpr to MLIR module conversion jit(subtract) in 0.003597260 sec
WARNING  jax._src.dispatch:dispatch.py:204 Finished XLA compilation of jit(subtract) in 0.029359341 sec
WARNING  jax._src.dispatch:dispatch.py:204 Finished tracing broadcast_in_dim for jit in 0.000424385 sec
WARNING  jax._src.interpreters.pxla:pxla.py:732 Compiling jit(broadcast_in_dim) with global shapes and types (ShapedArray(int64[26]),). Argument mapping: (UnspecifiedValue,).
WARNING  jax._src.dispatch:dispatch.py:204 Finished jaxpr to MLIR module conversion jit(broadcast_in_dim) in 0.004504204 sec
WARNING  jax._src.dispatch:dispatch.py:204 Finished XLA compilation of jit(broadcast_in_dim) in 0.006835699 sec
WARNING  jax._src.interpreters.pxla:pxla.py:732 Compiling jit(less) with global shapes and types (ShapedArray(int64[1,26,1]), ShapedArray(int64[340,1,1,1])). Argument mapping: (UnspecifiedValue, UnspecifiedValue).
WARNING  jax._src.dispatch:dispatch.py:204 Finished jaxpr to MLIR module conversion jit(less) in 0.003984451 sec
WARNING  jax._src.dispatch:dispatch.py:204 Finished XLA compilation of jit(less) in 0.031146765 sec
WARNING  jax._src.interpreters.pxla:pxla.py:732 Compiling jit(_argmax) with global shapes and types (ShapedArray(bool[340,1,26]),). Argument mapping: (UnspecifiedValue,).
WARNING  jax._src.dispatch:dispatch.py:204 Finished jaxpr to MLIR module conversion jit(_argmax) in 0.006835699 sec
WARNING  jax._src.dispatch:dispatch.py:204 Finished XLA compilation of jit(_argmax) in 0.038898230 sec
WARNING  jax._src.interpreters.pxla:pxla.py:732 Compiling jit(greater_equal) with global shapes and types (ShapedArray(int64[340,1]), ShapedArray(int64[], weak_type=True)). Argument mapping: (UnspecifiedValue, UnspecifiedValue).
WARNING  jax._src.dispatch:dispatch.py:204 Finished jaxpr to MLIR module conversion jit(greater_equal) in 0.004204750 sec
WARNING  jax._src.dispatch:dispatch.py:204 Finished XLA compilation of jit(greater_equal) in 0.023983479 sec
WARNING  jax._src.interpreters.pxla:pxla.py:732 Compiling jit(remainder) with global shapes and types (ShapedArray(int64[340,1]), ShapedArray(int64[], weak_type=True)). Argument mapping: (UnspecifiedValue, UnspecifiedValue).
WARNING  jax._src.dispatch:dispatch.py:204 Finished jaxpr to MLIR module conversion jit(remainder) in 0.006373167 sec
WARNING  jax._src.dispatch:dispatch.py:204 Finished XLA compilation of jit(remainder) in 0.030729294 sec
WARNING  jax._src.interpreters.pxla:pxla.py:732 Compiling jit(bitwise_or) with global shapes and types (ShapedArray(bool[340,1]), ShapedArray(bool[340,1])). Argument mapping: (UnspecifiedValue, UnspecifiedValue).
WARNING  jax._src.dispatch:dispatch.py:204 Finished jaxpr to MLIR module conversion jit(bitwise_or) in 0.004757643 sec
WARNING  jax._src.dispatch:dispatch.py:204 Finished XLA compilation of jit(bitwise_or) in 0.030408621 sec
WARNING  jax._src.interpreters.pxla:pxla.py:732 Compiling jit(_where) with global shapes and types (ShapedArray(bool[340,1]), ShapedArray(int64[340,1]), ShapedArray(int64[], weak_type=True)). Argument mapping: (UnspecifiedValue, UnspecifiedValue, UnspecifiedValue).
WARNING  jax._src.dispatch:dispatch.py:204 Finished jaxpr to MLIR module conversion jit(_where) in 0.004576206 sec
WARNING  jax._src.dispatch:dispatch.py:204 Finished XLA compilation of jit(_where) in 0.026335955 sec
WARNING  jax._src.interpreters.pxla:pxla.py:732 Compiling jit(_where) with global shapes and types (ShapedArray(bool[340,1]), ShapedArray(int64[340,1]), ShapedArray(int64[340,1])). Argument mapping: (UnspecifiedValue, UnspecifiedValue, UnspecifiedValue).
WARNING  jax._src.dispatch:dispatch.py:204 Finished jaxpr to MLIR module conversion jit(_where) in 0.003792286 sec
WARNING  jax._src.dispatch:dispatch.py:204 Finished XLA compilation of jit(_where) in 0.031822920 sec
WARNING  jax._src.interpreters.pxla:pxla.py:732 Compiling jit(add) with global shapes and types (ShapedArray(int64[1,26]), ShapedArray(int64[340,1,1])). Argument mapping: (UnspecifiedValue, UnspecifiedValue).
WARNING  jax._src.dispatch:dispatch.py:204 Finished jaxpr to MLIR module conversion jit(add) in 0.004095078 sec
WARNING  jax._src.dispatch:dispatch.py:204 Finished XLA compilation of jit(add) in 0.028365374 sec
WARNING  jax._src.interpreters.pxla:pxla.py:732 Compiling jit(remainder) with global shapes and types (ShapedArray(int64[340,1,26]), ShapedArray(int64[340,1,1])). Argument mapping: (UnspecifiedValue, UnspecifiedValue).
WARNING  jax._src.dispatch:dispatch.py:204 Finished jaxpr to MLIR module conversion jit(remainder) in 0.006412506 sec
WARNING  jax._src.dispatch:dispatch.py:204 Finished XLA compilation of jit(remainder) in 0.032601595 sec
WARNING  jax._src.dispatch:dispatch.py:204 Finished tracing broadcast_in_dim for jit in 0.000273943 sec
WARNING  jax._src.interpreters.pxla:pxla.py:732 Compiling jit(broadcast_in_dim) with global shapes and types (ShapedArray(int64[340,1,26]),). Argument mapping: (UnspecifiedValue,).
WARNING  jax._src.dispatch:dispatch.py:204 Finished jaxpr to MLIR module conversion jit(broadcast_in_dim) in 0.003879786 sec
WARNING  jax._src.dispatch:dispatch.py:204 Finished XLA compilation of jit(broadcast_in_dim) in 0.032644272 sec
WARNING  jax._src.interpreters.pxla:pxla.py:732 Compiling jit(take_along_axis) with global shapes and types (ShapedArray(float64[340,1,26,2]), ShapedArray(int64[340,1,26,1])). Argument mapping: (UnspecifiedValue, UnspecifiedValue).
WARNING  jax._src.dispatch:dispatch.py:204 Finished jaxpr to MLIR module conversion jit(take_along_axis) in 0.007636309 sec
WARNING  jax._src.dispatch:dispatch.py:204 Finished XLA compilation of jit(take_along_axis) in 0.031079054 sec
WARNING  jax._src.interpreters.pxla:pxla.py:732 Compiling jit(take_along_axis) with global shapes and types (ShapedArray(bool[340,1,26]), ShapedArray(int64[340,1,26])). Argument mapping: (UnspecifiedValue, UnspecifiedValue).
WARNING  jax._src.dispatch:dispatch.py:204 Finished jaxpr to MLIR module conversion jit(take_along_axis) in 0.007428646 sec
WARNING  jax._src.dispatch:dispatch.py:204 Finished XLA compilation of jit(take_along_axis) in 0.034501314 sec
WARNING  jax._src.dispatch:dispatch.py:204 Finished tracing iota for jit in 0.000234365 sec
WARNING  jax._src.interpreters.pxla:pxla.py:732 Compiling jit(iota) with global shapes and types (). Argument mapping: ().
WARNING  jax._src.dispatch:dispatch.py:204 Finished jaxpr to MLIR module conversion jit(iota) in 0.003846645 sec
WARNING  jax._src.dispatch:dispatch.py:204 Finished XLA compilation of jit(iota) in 0.020911217 sec
WARNING  jax._src.interpreters.pxla:pxla.py:732 Compiling jit(less) with global shapes and types (ShapedArray(int64[1,26]), ShapedArray(int64[340,1,1])). Argument mapping: (UnspecifiedValue, UnspecifiedValue).
WARNING  jax._src.dispatch:dispatch.py:204 Finished jaxpr to MLIR module conversion jit(less) in 0.004200220 sec
WARNING  jax._src.dispatch:dispatch.py:204 Finished XLA compilation of jit(less) in 0.030406237 sec
WARNING  jax._src.interpreters.pxla:pxla.py:732 Compiling jit(equal) with global shapes and types (ShapedArray(int64[340,1,26]), ShapedArray(int64[2])). Argument mapping: (UnspecifiedValue, UnspecifiedValue).
WARNING  jax._src.dispatch:dispatch.py:204 Finished jaxpr to MLIR module conversion jit(equal) in 0.004889727 sec
WARNING  jax._src.dispatch:dispatch.py:204 Finished XLA compilation of jit(equal) in 0.031386614 sec
WARNING  jax._src.interpreters.pxla:pxla.py:732 Compiling jit(equal) with global shapes and types (ShapedArray(int64[2]), ShapedArray(int64[], weak_type=True)). Argument mapping: (UnspecifiedValue, UnspecifiedValue).
WARNING  jax._src.dispatch:dispatch.py:204 Finished jaxpr to MLIR module conversion jit(equal) in 0.004916906 sec
WARNING  jax._src.dispatch:dispatch.py:204 Finished XLA compilation of jit(equal) in 0.022008657 sec
WARNING  jax._src.interpreters.pxla:pxla.py:732 Compiling jit(_where) with global shapes and types (ShapedArray(bool[340,1,1]), ShapedArray(bool[340,2,1,26]), ShapedArray(bool[2])). Argument mapping: (UnspecifiedValue, UnspecifiedValue, UnspecifiedValue).
WARNING  jax._src.dispatch:dispatch.py:204 Finished jaxpr to MLIR module conversion jit(_where) in 0.004819155 sec
WARNING  jax._src.dispatch:dispatch.py:204 Finished XLA compilation of jit(_where) in 0.029167652 sec
WARNING  jax._src.interpreters.pxla:pxla.py:732 Compiling jit(bitwise_and) with global shapes and types (ShapedArray(bool[340,1,26]), ShapedArray(bool[340,2,1,26])). Argument mapping: (UnspecifiedValue, UnspecifiedValue).
WARNING  jax._src.dispatch:dispatch.py:204 Finished jaxpr to MLIR module conversion jit(bitwise_and) in 0.005108833 sec
WARNING  jax._src.dispatch:dispatch.py:204 Finished XLA compilation of jit(bitwise_and) in 0.028460741 sec
WARNING  jax._src.interpreters.pxla:pxla.py:732 Compiling jit(cumsum) with global shapes and types (ShapedArray(bool[340,2,1,26]),). Argument mapping: (UnspecifiedValue,).
WARNING  jax._src.dispatch:dispatch.py:204 Finished jaxpr to MLIR module conversion jit(cumsum) in 0.005183697 sec
WARNING  jax._src.dispatch:dispatch.py:204 Finished XLA compilation of jit(cumsum) in 0.051527023 sec
WARNING  jax._src.interpreters.pxla:pxla.py:732 Compiling jit(subtract) with global shapes and types (ShapedArray(int64[340,2,1,26]), ShapedArray(int64[], weak_type=True)). Argument mapping: (UnspecifiedValue, UnspecifiedValue).
WARNING  jax._src.dispatch:dispatch.py:204 Finished jaxpr to MLIR module conversion jit(subtract) in 0.004241228 sec
WARNING  jax._src.dispatch:dispatch.py:204 Finished XLA compilation of jit(subtract) in 0.027679443 sec
WARNING  jax._src.interpreters.pxla:pxla.py:732 Compiling jit(_where) with global shapes and types (ShapedArray(bool[340,2,1,26]), ShapedArray(int64[340,2,1,26]), ShapedArray(int64[], weak_type=True)). Argument mapping: (UnspecifiedValue, UnspecifiedValue, UnspecifiedValue).
WARNING  jax._src.dispatch:dispatch.py:204 Finished jaxpr to MLIR module conversion jit(_where) in 0.004626513 sec
WARNING  jax._src.dispatch:dispatch.py:204 Finished XLA compilation of jit(_where) in 0.031055689 sec
WARNING  jax._src.dispatch:dispatch.py:204 Finished tracing broadcast_in_dim for jit in 0.000308514 sec
WARNING  jax._src.interpreters.pxla:pxla.py:732 Compiling jit(broadcast_in_dim) with global shapes and types (ShapedArray(bool[340,2,1,26]),). Argument mapping: (UnspecifiedValue,).
WARNING  jax._src.dispatch:dispatch.py:204 Finished jaxpr to MLIR module conversion jit(broadcast_in_dim) in 0.003857851 sec
WARNING  jax._src.dispatch:dispatch.py:204 Finished XLA compilation of jit(broadcast_in_dim) in 0.044810295 sec
WARNING  jax._src.interpreters.pxla:pxla.py:732 Compiling jit(_where) with global shapes and types (ShapedArray(bool[340,2,1,26,1]), ShapedArray(float64[340,1,26,2]), ShapedArray(float64[], weak_type=True)). Argument mapping: (UnspecifiedValue, UnspecifiedValue, UnspecifiedValue).
WARNING  jax._src.dispatch:dispatch.py:204 Finished jaxpr to MLIR module conversion jit(_where) in 0.004592896 sec
WARNING  jax._src.dispatch:dispatch.py:204 Finished XLA compilation of jit(_where) in 0.026025295 sec
WARNING  jax._src.interpreters.pxla:pxla.py:732 Compiling jit(less) with global shapes and types (ShapedArray(int64[1,26]), ShapedArray(int64[], weak_type=True)). Argument mapping: (UnspecifiedValue, UnspecifiedValue).
WARNING  jax._src.dispatch:dispatch.py:204 Finished jaxpr to MLIR module conversion jit(less) in 0.004197121 sec
WARNING  jax._src.dispatch:dispatch.py:204 Finished XLA compilation of jit(less) in 0.023159266 sec
WARNING  jax._src.interpreters.pxla:pxla.py:732 Compiling jit(less) with global shapes and types (ShapedArray(int64[340,2,1,26]), ShapedArray(int64[], weak_type=True)). Argument mapping: (UnspecifiedValue, UnspecifiedValue).
WARNING  jax._src.dispatch:dispatch.py:204 Finished jaxpr to MLIR module conversion jit(less) in 0.004305601 sec
WARNING  jax._src.dispatch:dispatch.py:204 Finished XLA compilation of jit(less) in 0.026963711 sec
WARNING  jax._src.dispatch:dispatch.py:204 Finished tracing add for jit in 0.000265837 sec
WARNING  jax._src.interpreters.pxla:pxla.py:732 Compiling jit(add) with global shapes and types (ShapedArray(int64[340,2,1,26]), ShapedArray(int64[])). Argument mapping: (UnspecifiedValue, UnspecifiedValue).
WARNING  jax._src.dispatch:dispatch.py:204 Finished jaxpr to MLIR module conversion jit(add) in 0.004006147 sec
WARNING  jax._src.dispatch:dispatch.py:204 Finished XLA compilation of jit(add) in 0.028792858 sec
WARNING  jax._src.dispatch:dispatch.py:204 Finished tracing select_n for jit in 0.000229836 sec
WARNING  jax._src.interpreters.pxla:pxla.py:732 Compiling jit(select_n) with global shapes and types (ShapedArray(bool[340,2,1,26]), ShapedArray(int64[340,2,1,26]), ShapedArray(int64[340,2,1,26])). Argument mapping: (UnspecifiedValue, UnspecifiedValue, UnspecifiedValue).
WARNING  jax._src.dispatch:dispatch.py:204 Finished jaxpr to MLIR module conversion jit(select_n) in 0.003946066 sec
WARNING  jax._src.dispatch:dispatch.py:204 Finished XLA compilation of jit(select_n) in 0.040141582 sec
WARNING  jax._src.interpreters.pxla:pxla.py:732 Compiling jit(_broadcast_arrays) with global shapes and types (ShapedArray(int64[1,26]), ShapedArray(int64[340,2,1,26])). Argument mapping: (UnspecifiedValue, UnspecifiedValue).
WARNING  jax._src.dispatch:dispatch.py:204 Finished jaxpr to MLIR module conversion jit(_broadcast_arrays) in 0.004595041 sec
WARNING  jax._src.dispatch:dispatch.py:204 Finished XLA compilation of jit(_broadcast_arrays) in 0.006263733 sec
WARNING  jax._src.dispatch:dispatch.py:204 Finished tracing convert_element_type for jit in 0.000249147 sec
WARNING  jax._src.interpreters.pxla:pxla.py:732 Compiling jit(convert_element_type) with global shapes and types (ShapedArray(int64[340,2,1,26]),). Argument mapping: (UnspecifiedValue,).
WARNING  jax._src.dispatch:dispatch.py:204 Finished jaxpr to MLIR module conversion jit(convert_element_type) in 0.003651857 sec
WARNING  jax._src.dispatch:dispatch.py:204 Finished XLA compilation of jit(convert_element_type) in 0.037182808 sec
WARNING  jax._src.dispatch:dispatch.py:204 Finished tracing broadcast_in_dim for jit in 0.000280857 sec
WARNING  jax._src.interpreters.pxla:pxla.py:732 Compiling jit(broadcast_in_dim) with global shapes and types (ShapedArray(int32[340,2,1,26]),). Argument mapping: (UnspecifiedValue,).
WARNING  jax._src.dispatch:dispatch.py:204 Finished jaxpr to MLIR module conversion jit(broadcast_in_dim) in 0.003965139 sec
WARNING  jax._src.dispatch:dispatch.py:204 Finished XLA compilation of jit(broadcast_in_dim) in 0.034992218 sec
WARNING  jax._src.dispatch:dispatch.py:204 Finished tracing broadcast_in_dim for jit in 0.000321627 sec
WARNING  jax._src.interpreters.pxla:pxla.py:732 Compiling jit(broadcast_in_dim) with global shapes and types (ShapedArray(int32[1,26,1]),). Argument mapping: (UnspecifiedValue,).
WARNING  jax._src.dispatch:dispatch.py:204 Finished jaxpr to MLIR module conversion jit(broadcast_in_dim) in 0.004406452 sec
WARNING  jax._src.dispatch:dispatch.py:204 Finished XLA compilation of jit(broadcast_in_dim) in 0.026197433 sec
WARNING  jax._src.dispatch:dispatch.py:204 Finished tracing broadcast_in_dim for jit in 0.000302076 sec
WARNING  jax._src.interpreters.pxla:pxla.py:732 Compiling jit(broadcast_in_dim) with global shapes and types (ShapedArray(int32[2,1,26,1]),). Argument mapping: (UnspecifiedValue,).
WARNING  jax._src.dispatch:dispatch.py:204 Finished jaxpr to MLIR module conversion jit(broadcast_in_dim) in 0.003873825 sec
WARNING  jax._src.dispatch:dispatch.py:204 Finished XLA compilation of jit(broadcast_in_dim) in 0.026033163 sec
WARNING  jax._src.dispatch:dispatch.py:204 Finished tracing concatenate for jit in 0.000281572 sec
WARNING  jax._src.interpreters.pxla:pxla.py:732 Compiling jit(concatenate) with global shapes and types (ShapedArray(int32[340,2,1,26,1]), ShapedArray(int32[340,2,1,26,1])). Argument mapping: (UnspecifiedValue, UnspecifiedValue).
WARNING  jax._src.dispatch:dispatch.py:204 Finished jaxpr to MLIR module conversion jit(concatenate) in 0.003984451 sec
WARNING  jax._src.dispatch:dispatch.py:204 Finished XLA compilation of jit(concatenate) in 0.018061399 sec
WARNING  jax._src.interpreters.pxla:pxla.py:732 Compiling jit(_squeeze) with global shapes and types (ShapedArray(float64[340,2,1,26,2]),). Argument mapping: (UnspecifiedValue,).
WARNING  jax._src.dispatch:dispatch.py:204 Finished jaxpr to MLIR module conversion jit(_squeeze) in 0.003672361 sec
WARNING  jax._src.dispatch:dispatch.py:204 Finished XLA compilation of jit(_squeeze) in 0.006507397 sec
WARNING  jax._src.dispatch:dispatch.py:204 Finished tracing broadcast_in_dim for jit in 0.000167608 sec
WARNING  jax._src.interpreters.pxla:pxla.py:732 Compiling jit(broadcast_in_dim) with global shapes and types (ShapedArray(float64[1,26,2]),). Argument mapping: (UnspecifiedValue,).
WARNING  jax._src.dispatch:dispatch.py:204 Finished jaxpr to MLIR module conversion jit(broadcast_in_dim) in 0.003693342 sec
WARNING  jax._src.dispatch:dispatch.py:204 Finished XLA compilation of jit(broadcast_in_dim) in 0.023509502 sec
WARNING  jax._src.dispatch:dispatch.py:204 Finished tracing broadcast_in_dim for jit in 0.000171185 sec
WARNING  jax._src.interpreters.pxla:pxla.py:732 Compiling jit(broadcast_in_dim) with global shapes and types (ShapedArray(float64[2,1,26,2]),). Argument mapping: (UnspecifiedValue,).
WARNING  jax._src.dispatch:dispatch.py:204 Finished jaxpr to MLIR module conversion jit(broadcast_in_dim) in 0.003917694 sec
WARNING  jax._src.dispatch:dispatch.py:204 Finished XLA compilation of jit(broadcast_in_dim) in 0.024151802 sec
WARNING  jax._src.dispatch:dispatch.py:204 Finished tracing scatter-add for jit in 0.000340223 sec
WARNING  jax._src.interpreters.pxla:pxla.py:732 Compiling jit(scatter-add) with global shapes and types (ShapedArray(float64[340,2,1,26,2]), ShapedArray(int32[340,2,1,26,2]), ShapedArray(float64[340,2,1,26,2])). Argument mapping: (UnspecifiedValue, UnspecifiedValue, UnspecifiedValue).
WARNING  jax._src.dispatch:dispatch.py:204 Finished jaxpr to MLIR module conversion jit(scatter-add) in 0.004338026 sec
WARNING  jax._src.dispatch:dispatch.py:204 Finished XLA compilation of jit(scatter-add) in 0.051565647 sec
WARNING  jax._src.interpreters.pxla:pxla.py:732 Compiling jit(_reduce_sum) with global shapes and types (ShapedArray(bool[340,2,1,26]),). Argument mapping: (UnspecifiedValue,).
WARNING  jax._src.dispatch:dispatch.py:204 Finished jaxpr to MLIR module conversion jit(_reduce_sum) in 0.005618572 sec
WARNING  jax._src.dispatch:dispatch.py:204 Finished XLA compilation of jit(_reduce_sum) in 0.027284861 sec
WARNING  jax._src.interpreters.pxla:pxla.py:732 Compiling jit(_moveaxis) with global shapes and types (ShapedArray(float64[340,2,1,26,2]),). Argument mapping: (UnspecifiedValue,).
WARNING  jax._src.dispatch:dispatch.py:204 Finished jaxpr to MLIR module conversion jit(_moveaxis) in 0.004408836 sec
WARNING  jax._src.dispatch:dispatch.py:204 Finished XLA compilation of jit(_moveaxis) in 0.044021368 sec
WARNING  jax._src.interpreters.pxla:pxla.py:732 Compiling jit(_moveaxis) with global shapes and types (ShapedArray(int64[340,2,1]),). Argument mapping: (UnspecifiedValue,).
WARNING  jax._src.dispatch:dispatch.py:204 Finished jaxpr to MLIR module conversion jit(_moveaxis) in 0.006399155 sec
WARNING  jax._src.dispatch:dispatch.py:204 Finished XLA compilation of jit(_moveaxis) in 0.028172970 sec
WARNING  jax._src.dispatch:dispatch.py:204 Finished tracing broadcast_in_dim for jit in 0.000292301 sec
WARNING  jax._src.interpreters.pxla:pxla.py:732 Compiling jit(broadcast_in_dim) with global shapes and types (ShapedArray(int64[340,1,13]),). Argument mapping: (UnspecifiedValue,).
WARNING  jax._src.dispatch:dispatch.py:204 Finished jaxpr to MLIR module conversion jit(broadcast_in_dim) in 0.003869772 sec
WARNING  jax._src.dispatch:dispatch.py:204 Finished XLA compilation of jit(broadcast_in_dim) in 0.033174276 sec
WARNING  jax._src.interpreters.pxla:pxla.py:732 Compiling jit(take_along_axis) with global shapes and types (ShapedArray(float64[340,1,13,2]), ShapedArray(int64[340,1,13,1])). Argument mapping: (UnspecifiedValue, UnspecifiedValue).
WARNING  jax._src.dispatch:dispatch.py:204 Finished jaxpr to MLIR module conversion jit(take_along_axis) in 0.007721901 sec
WARNING  jax._src.dispatch:dispatch.py:204 Finished XLA compilation of jit(take_along_axis) in 0.030007124 sec
WARNING  jax._src.interpreters.pxla:pxla.py:732 Compiling jit(_reduce_sum) with global shapes and types (ShapedArray(float64[340,1,13]),). Argument mapping: (UnspecifiedValue,).
WARNING  jax._src.dispatch:dispatch.py:204 Finished jaxpr to MLIR module conversion jit(_reduce_sum) in 0.003983259 sec
WARNING  jax._src.dispatch:dispatch.py:204 Finished XLA compilation of jit(_reduce_sum) in 0.006522179 sec
WARNING  jax._src.interpreters.pxla:pxla.py:732 Compiling jit(less) with global shapes and types (ShapedArray(float64[340,1]), ShapedArray(float64[], weak_type=True)). Argument mapping: (UnspecifiedValue, UnspecifiedValue).
WARNING  jax._src.dispatch:dispatch.py:204 Finished jaxpr to MLIR module conversion jit(less) in 0.004141092 sec
WARNING  jax._src.dispatch:dispatch.py:204 Finished XLA compilation of jit(less) in 0.024329662 sec
WARNING  jax._src.interpreters.pxla:pxla.py:732 Compiling jit(_where) with global shapes and types (ShapedArray(bool[340,1]), ShapedArray(float64[], weak_type=True), ShapedArray(float64[], weak_type=True)). Argument mapping: (UnspecifiedValue, UnspecifiedValue, UnspecifiedValue).
WARNING  jax._src.dispatch:dispatch.py:204 Finished jaxpr to MLIR module conversion jit(_where) in 0.004235029 sec
WARNING  jax._src.dispatch:dispatch.py:204 Finished XLA compilation of jit(_where) in 0.024019241 sec
WARNING  jax._src.interpreters.pxla:pxla.py:732 Compiling jit(multiply) with global shapes and types (ShapedArray(float64[], weak_type=True), ShapedArray(float64[340,1], weak_type=True)). Argument mapping: (UnspecifiedValue, UnspecifiedValue).
WARNING  jax._src.dispatch:dispatch.py:204 Finished jaxpr to MLIR module conversion jit(multiply) in 0.005015373 sec
WARNING  jax._src.dispatch:dispatch.py:204 Finished XLA compilation of jit(multiply) in 0.026654959 sec
WARNING  jax._src.interpreters.pxla:pxla.py:732 Compiling jit(multiply) with global shapes and types (ShapedArray(float64[340,1], weak_type=True), ShapedArray(float64[340,1])). Argument mapping: (UnspecifiedValue, UnspecifiedValue).
WARNING  jax._src.dispatch:dispatch.py:204 Finished jaxpr to MLIR module conversion jit(multiply) in 0.004324436 sec
WARNING  jax._src.dispatch:dispatch.py:204 Finished XLA compilation of jit(multiply) in 0.031964302 sec
WARNING  jax._src.dispatch:dispatch.py:204 Finished tracing broadcast_in_dim for jit in 0.000306606 sec
WARNING  jax._src.interpreters.pxla:pxla.py:732 Compiling jit(broadcast_in_dim) with global shapes and types (ShapedArray(float64[340,1], weak_type=True),). Argument mapping: (UnspecifiedValue,).
WARNING  jax._src.dispatch:dispatch.py:204 Finished jaxpr to MLIR module conversion jit(broadcast_in_dim) in 0.004081964 sec
WARNING  jax._src.dispatch:dispatch.py:204 Finished XLA compilation of jit(broadcast_in_dim) in 0.006698847 sec
WARNING  jax._src.interpreters.pxla:pxla.py:732 Compiling jit(true_divide) with global shapes and types (ShapedArray(float64[340,1]), ShapedArray(float64[], weak_type=True)). Argument mapping: (UnspecifiedValue, UnspecifiedValue).
WARNING  jax._src.dispatch:dispatch.py:204 Finished jaxpr to MLIR module conversion jit(true_divide) in 0.004106045 sec
WARNING  jax._src.dispatch:dispatch.py:204 Finished XLA compilation of jit(true_divide) in 0.034075260 sec
WARNING  jax._src.dispatch:dispatch.py:204 Finished tracing stack for jit in 0.000369549 sec
WARNING  jax._src.interpreters.pxla:pxla.py:732 Compiling jit(stack) with global shapes and types (ShapedArray(float64[340,1]), ShapedArray(float64[340,1])). Argument mapping: (UnspecifiedValue, UnspecifiedValue).
WARNING  jax._src.dispatch:dispatch.py:204 Finished jaxpr to MLIR module conversion jit(stack) in 0.004101753 sec
WARNING  jax._src.dispatch:dispatch.py:204 Finished XLA compilation of jit(stack) in 0.028191090 sec
WARNING  jax._src.interpreters.pxla:pxla.py:732 Compiling jit(multiply) with global shapes and types (ShapedArray(float64[340,1,1], weak_type=True), ShapedArray(float64[340,1,2])). Argument mapping: (UnspecifiedValue, UnspecifiedValue).
WARNING  jax._src.dispatch:dispatch.py:204 Finished jaxpr to MLIR module conversion jit(multiply) in 0.004117966 sec
WARNING  jax._src.dispatch:dispatch.py:204 Finished XLA compilation of jit(multiply) in 0.023255110 sec
WARNING  jax._src.dispatch:dispatch.py:204 Finished tracing integer_pow for jit in 0.000365019 sec
WARNING  jax._src.interpreters.pxla:pxla.py:732 Compiling jit(integer_pow) with global shapes and types (ShapedArray(float64[340,1,13]),). Argument mapping: (UnspecifiedValue,).
WARNING  jax._src.dispatch:dispatch.py:204 Finished jaxpr to MLIR module conversion jit(integer_pow) in 0.003848076 sec
WARNING  jax._src.dispatch:dispatch.py:204 Finished XLA compilation of jit(integer_pow) in 0.033862829 sec
WARNING  jax._src.dispatch:dispatch.py:204 Finished tracing stack for jit in 0.000413656 sec
WARNING  jax._src.interpreters.pxla:pxla.py:732 Compiling jit(stack) with global shapes and types (ShapedArray(float64[340,1,2]), ShapedArray(float64[340,1,2])). Argument mapping: (UnspecifiedValue, UnspecifiedValue).
WARNING  jax._src.dispatch:dispatch.py:204 Finished jaxpr to MLIR module conversion jit(stack) in 0.004184008 sec
WARNING  jax._src.dispatch:dispatch.py:204 Finished XLA compilation of jit(stack) in 0.028283119 sec
WARNING  jax._src.interpreters.pxla:pxla.py:732 Compiling jit(greater) with global shapes and types (ShapedArray(float64[340,1]), ShapedArray(float64[], weak_type=True)). Argument mapping: (UnspecifiedValue, UnspecifiedValue).
WARNING  jax._src.dispatch:dispatch.py:204 Finished jaxpr to MLIR module conversion jit(greater) in 0.004162073 sec
WARNING  jax._src.dispatch:dispatch.py:204 Finished XLA compilation of jit(greater) in 0.023685694 sec
WARNING  jax._src.dispatch:dispatch.py:204 Finished tracing broadcast_in_dim for jit in 0.000324249 sec
WARNING  jax._src.interpreters.pxla:pxla.py:732 Compiling jit(broadcast_in_dim) with global shapes and types (ShapedArray(bool[340,1]),). Argument mapping: (UnspecifiedValue,).
WARNING  jax._src.dispatch:dispatch.py:204 Finished jaxpr to MLIR module conversion jit(broadcast_in_dim) in 0.003980875 sec
WARNING  jax._src.dispatch:dispatch.py:204 Finished XLA compilation of jit(broadcast_in_dim) in 0.006638527 sec
WARNING  jax._src.interpreters.pxla:pxla.py:732 Compiling jit(_where) with global shapes and types (ShapedArray(bool[340,1,1,1]), ShapedArray(float64[340,1,2,2]), ShapedArray(float64[], weak_type=True)). Argument mapping: (UnspecifiedValue, UnspecifiedValue, UnspecifiedValue).
WARNING  jax._src.dispatch:dispatch.py:204 Finished jaxpr to MLIR module conversion jit(_where) in 0.004389048 sec
WARNING  jax._src.dispatch:dispatch.py:204 Finished XLA compilation of jit(_where) in 0.024543524 sec
WARNING  jax._src.dispatch:dispatch.py:204 Finished tracing reshape for jit in 0.000378609 sec
WARNING  jax._src.interpreters.pxla:pxla.py:732 Compiling jit(reshape) with global shapes and types (ShapedArray(float64[340,1,2,26,2]),). Argument mapping: (UnspecifiedValue,).
WARNING  jax._src.dispatch:dispatch.py:204 Finished jaxpr to MLIR module conversion jit(reshape) in 0.003989935 sec
WARNING  jax._src.dispatch:dispatch.py:204 Finished XLA compilation of jit(reshape) in 0.006407499 sec
WARNING  jax._src.dispatch:dispatch.py:204 Finished tracing reshape for jit in 0.000330448 sec
WARNING  jax._src.interpreters.pxla:pxla.py:732 Compiling jit(reshape) with global shapes and types (ShapedArray(int64[340,1,2]),). Argument mapping: (UnspecifiedValue,).
WARNING  jax._src.dispatch:dispatch.py:204 Finished jaxpr to MLIR module conversion jit(reshape) in 0.003787518 sec
WARNING  jax._src.dispatch:dispatch.py:204 Finished XLA compilation of jit(reshape) in 0.006508350 sec
WARNING  jax._src.dispatch:dispatch.py:204 Finished tracing broadcast_in_dim for jit in 0.000401974 sec
WARNING  jax._src.interpreters.pxla:pxla.py:732 Compiling jit(broadcast_in_dim) with global shapes and types (ShapedArray(float64[340,1,1,2]),). Argument mapping: (UnspecifiedValue,).
WARNING  jax._src.dispatch:dispatch.py:204 Finished jaxpr to MLIR module conversion jit(broadcast_in_dim) in 0.003725767 sec
WARNING  jax._src.dispatch:dispatch.py:204 Finished XLA compilation of jit(broadcast_in_dim) in 0.021979570 sec
WARNING  jax._src.dispatch:dispatch.py:204 Finished tracing reshape for jit in 0.000343561 sec
WARNING  jax._src.interpreters.pxla:pxla.py:732 Compiling jit(reshape) with global shapes and types (ShapedArray(float64[340,1,2,2]),). Argument mapping: (UnspecifiedValue,).
WARNING  jax._src.dispatch:dispatch.py:204 Finished jaxpr to MLIR module conversion jit(reshape) in 0.003742695 sec
WARNING  jax._src.dispatch:dispatch.py:204 Finished XLA compilation of jit(reshape) in 0.006607771 sec
WARNING  jax._src.dispatch:dispatch.py:204 Finished tracing broadcast_in_dim for jit in 0.000272989 sec
WARNING  jax._src.interpreters.pxla:pxla.py:732 Compiling jit(broadcast_in_dim) with global shapes and types (ShapedArray(int64[340,2]),). Argument mapping: (UnspecifiedValue,).
WARNING  jax._src.dispatch:dispatch.py:204 Finished jaxpr to MLIR module conversion jit(broadcast_in_dim) in 0.004388094 sec
WARNING  jax._src.dispatch:dispatch.py:204 Finished XLA compilation of jit(broadcast_in_dim) in 0.028248549 sec
WARNING  jax._src.interpreters.pxla:pxla.py:732 Compiling jit(less) with global shapes and types (ShapedArray(int64[1,26]), ShapedArray(int64[340,2,1])). Argument mapping: (UnspecifiedValue, UnspecifiedValue).
WARNING  jax._src.dispatch:dispatch.py:204 Finished jaxpr to MLIR module conversion jit(less) in 0.004388809 sec
WARNING  jax._src.dispatch:dispatch.py:204 Finished XLA compilation of jit(less) in 0.029481411 sec
WARNING  jax._src.interpreters.pxla:pxla.py:732 Compiling jit(add) with global shapes and types (ShapedArray(int64[1,26]), ShapedArray(int64[], weak_type=True)). Argument mapping: (UnspecifiedValue, UnspecifiedValue).
WARNING  jax._src.dispatch:dispatch.py:204 Finished jaxpr to MLIR module conversion jit(add) in 0.004220486 sec
WARNING  jax._src.dispatch:dispatch.py:204 Finished XLA compilation of jit(add) in 0.022193909 sec
WARNING  jax._src.interpreters.pxla:pxla.py:732 Compiling jit(_where) with global shapes and types (ShapedArray(bool[340,2,26]), ShapedArray(int64[1,26]), ShapedArray(int64[], weak_type=True)). Argument mapping: (UnspecifiedValue, UnspecifiedValue, UnspecifiedValue).
WARNING  jax._src.dispatch:dispatch.py:204 Finished jaxpr to MLIR module conversion jit(_where) in 0.005412817 sec
WARNING  jax._src.dispatch:dispatch.py:204 Finished XLA compilation of jit(_where) in 0.029828548 sec
WARNING  jax._src.dispatch:dispatch.py:204 Finished tracing broadcast_in_dim for jit in 0.000348091 sec
WARNING  jax._src.interpreters.pxla:pxla.py:732 Compiling jit(broadcast_in_dim) with global shapes and types (ShapedArray(int64[340,2,26]),). Argument mapping: (UnspecifiedValue,).
WARNING  jax._src.dispatch:dispatch.py:204 Finished jaxpr to MLIR module conversion jit(broadcast_in_dim) in 0.003944397 sec
WARNING  jax._src.dispatch:dispatch.py:204 Finished XLA compilation of jit(broadcast_in_dim) in 0.035153627 sec
WARNING  jax._src.interpreters.pxla:pxla.py:732 Compiling jit(take_along_axis) with global shapes and types (ShapedArray(float64[340,2,26,2]), ShapedArray(int64[340,2,26,1])). Argument mapping: (UnspecifiedValue, UnspecifiedValue).
WARNING  jax._src.dispatch:dispatch.py:204 Finished jaxpr to MLIR module conversion jit(take_along_axis) in 0.007384300 sec
WARNING  jax._src.dispatch:dispatch.py:204 Finished XLA compilation of jit(take_along_axis) in 0.035868645 sec
WARNING  jax._src.dispatch:dispatch.py:204 Finished tracing broadcast_in_dim for jit in 0.000313520 sec
WARNING  jax._src.interpreters.pxla:pxla.py:732 Compiling jit(broadcast_in_dim) with global shapes and types (ShapedArray(float64[340,2,2]),). Argument mapping: (UnspecifiedValue,).
WARNING  jax._src.dispatch:dispatch.py:204 Finished jaxpr to MLIR module conversion jit(broadcast_in_dim) in 0.003911495 sec
WARNING  jax._src.dispatch:dispatch.py:204 Finished XLA compilation of jit(broadcast_in_dim) in 0.030659914 sec
WARNING  jax._src.interpreters.pxla:pxla.py:732 Compiling jit(subtract) with global shapes and types (ShapedArray(float64[340,2,26,2]), ShapedArray(float64[340,2,1,2])). Argument mapping: (UnspecifiedValue, UnspecifiedValue).
WARNING  jax._src.dispatch:dispatch.py:204 Finished jaxpr to MLIR module conversion jit(subtract) in 0.003981113 sec
WARNING  jax._src.dispatch:dispatch.py:204 Finished XLA compilation of jit(subtract) in 0.030425310 sec
WARNING  jax._src.dispatch:dispatch.py:204 Finished tracing dynamic_slice for jit in 0.000429869 sec
WARNING  jax._src.interpreters.pxla:pxla.py:732 Compiling jit(dynamic_slice) with global shapes and types (ShapedArray(float64[340,2,26,2]), ShapedArray(int64[], weak_type=True), ShapedArray(int64[], weak_type=True), ShapedArray(int64[], weak_type=True), ShapedArray(int64[], weak_type=True)). Argument mapping: (UnspecifiedValue, UnspecifiedValue, UnspecifiedValue, UnspecifiedValue, UnspecifiedValue).
WARNING  jax._src.dispatch:dispatch.py:204 Finished jaxpr to MLIR module conversion jit(dynamic_slice) in 0.004269600 sec
WARNING  jax._src.dispatch:dispatch.py:204 Finished XLA compilation of jit(dynamic_slice) in 0.032945395 sec
WARNING  jax._src.dispatch:dispatch.py:204 Finished tracing squeeze for jit in 0.000253439 sec
WARNING  jax._src.interpreters.pxla:pxla.py:732 Compiling jit(squeeze) with global shapes and types (ShapedArray(float64[340,2,26,1]),). Argument mapping: (UnspecifiedValue,).
WARNING  jax._src.dispatch:dispatch.py:204 Finished jaxpr to MLIR module conversion jit(squeeze) in 0.003917456 sec
WARNING  jax._src.dispatch:dispatch.py:204 Finished XLA compilation of jit(squeeze) in 0.007947206 sec
WARNING  jax._src.interpreters.pxla:pxla.py:732 Compiling jit(multiply) with global shapes and types (ShapedArray(float64[340,2,26]), ShapedArray(float64[340,2,26])). Argument mapping: (UnspecifiedValue, UnspecifiedValue).
WARNING  jax._src.dispatch:dispatch.py:204 Finished jaxpr to MLIR module conversion jit(multiply) in 0.004044771 sec
WARNING  jax._src.dispatch:dispatch.py:204 Finished XLA compilation of jit(multiply) in 0.039002657 sec
WARNING  jax._src.interpreters.pxla:pxla.py:732 Compiling jit(subtract) with global shapes and types (ShapedArray(float64[340,2,26]), ShapedArray(float64[340,2,26])). Argument mapping: (UnspecifiedValue, UnspecifiedValue).
WARNING  jax._src.dispatch:dispatch.py:204 Finished jaxpr to MLIR module conversion jit(subtract) in 0.005804539 sec
WARNING  jax._src.dispatch:dispatch.py:204 Finished XLA compilation of jit(subtract) in 0.038647890 sec
WARNING  jax._src.interpreters.pxla:pxla.py:732 Compiling jit(_where) with global shapes and types (ShapedArray(bool[340,2,26]), ShapedArray(float64[340,2,26]), ShapedArray(float64[], weak_type=True)). Argument mapping: (UnspecifiedValue, UnspecifiedValue, UnspecifiedValue).
WARNING  jax._src.dispatch:dispatch.py:204 Finished jaxpr to MLIR module conversion jit(_where) in 0.004422903 sec
WARNING  jax._src.dispatch:dispatch.py:204 Finished XLA compilation of jit(_where) in 0.029195309 sec
WARNING  jax._src.interpreters.pxla:pxla.py:732 Compiling jit(_reduce_sum) with global shapes and types (ShapedArray(float64[340,2,26]),). Argument mapping: (UnspecifiedValue,).
WARNING  jax._src.dispatch:dispatch.py:204 Finished jaxpr to MLIR module conversion jit(_reduce_sum) in 0.004143238 sec
WARNING  jax._src.dispatch:dispatch.py:204 Finished XLA compilation of jit(_reduce_sum) in 0.006783247 sec
WARNING  jax._src.interpreters.pxla:pxla.py:732 Compiling jit(less) with global shapes and types (ShapedArray(float64[340,2]), ShapedArray(float64[], weak_type=True)). Argument mapping: (UnspecifiedValue, UnspecifiedValue).
WARNING  jax._src.dispatch:dispatch.py:204 Finished jaxpr to MLIR module conversion jit(less) in 0.004150629 sec
WARNING  jax._src.dispatch:dispatch.py:204 Finished XLA compilation of jit(less) in 0.023100853 sec
WARNING  jax._src.interpreters.pxla:pxla.py:732 Compiling jit(_where) with global shapes and types (ShapedArray(bool[340,2]), ShapedArray(float64[], weak_type=True), ShapedArray(float64[], weak_type=True)). Argument mapping: (UnspecifiedValue, UnspecifiedValue, UnspecifiedValue).
WARNING  jax._src.dispatch:dispatch.py:204 Finished jaxpr to MLIR module conversion jit(_where) in 0.004405737 sec
WARNING  jax._src.dispatch:dispatch.py:204 Finished XLA compilation of jit(_where) in 0.023316383 sec
WARNING  jax._src.interpreters.pxla:pxla.py:732 Compiling jit(multiply) with global shapes and types (ShapedArray(float64[], weak_type=True), ShapedArray(float64[340,2], weak_type=True)). Argument mapping: (UnspecifiedValue, UnspecifiedValue).
WARNING  jax._src.dispatch:dispatch.py:204 Finished jaxpr to MLIR module conversion jit(multiply) in 0.004021883 sec
WARNING  jax._src.dispatch:dispatch.py:204 Finished XLA compilation of jit(multiply) in 0.022823572 sec
WARNING  jax._src.interpreters.pxla:pxla.py:732 Compiling jit(multiply) with global shapes and types (ShapedArray(float64[340,2], weak_type=True), ShapedArray(float64[340,2])). Argument mapping: (UnspecifiedValue, UnspecifiedValue).
WARNING  jax._src.dispatch:dispatch.py:204 Finished jaxpr to MLIR module conversion jit(multiply) in 0.003937721 sec
WARNING  jax._src.dispatch:dispatch.py:204 Finished XLA compilation of jit(multiply) in 0.028581381 sec
WARNING  jax._src.dispatch:dispatch.py:204 Finished tracing broadcast_in_dim for jit in 0.000294209 sec
WARNING  jax._src.interpreters.pxla:pxla.py:732 Compiling jit(broadcast_in_dim) with global shapes and types (ShapedArray(float64[340,2], weak_type=True),). Argument mapping: (UnspecifiedValue,).
WARNING  jax._src.dispatch:dispatch.py:204 Finished jaxpr to MLIR module conversion jit(broadcast_in_dim) in 0.003949881 sec
WARNING  jax._src.dispatch:dispatch.py:204 Finished XLA compilation of jit(broadcast_in_dim) in 0.027091980 sec
WARNING  jax._src.interpreters.pxla:pxla.py:732 Compiling jit(add) with global shapes and types (ShapedArray(float64[340,2,26]), ShapedArray(float64[340,2,26])). Argument mapping: (UnspecifiedValue, UnspecifiedValue).
WARNING  jax._src.dispatch:dispatch.py:204 Finished jaxpr to MLIR module conversion jit(add) in 0.006818056 sec
WARNING  jax._src.dispatch:dispatch.py:204 Finished XLA compilation of jit(add) in 0.039096355 sec
WARNING  jax._src.interpreters.pxla:pxla.py:732 Compiling jit(true_divide) with global shapes and types (ShapedArray(float64[340,2]), ShapedArray(float64[], weak_type=True)). Argument mapping: (UnspecifiedValue, UnspecifiedValue).
WARNING  jax._src.dispatch:dispatch.py:204 Finished jaxpr to MLIR module conversion jit(true_divide) in 0.004214764 sec
WARNING  jax._src.dispatch:dispatch.py:204 Finished XLA compilation of jit(true_divide) in 0.026971579 sec
WARNING  jax._src.dispatch:dispatch.py:204 Finished tracing stack for jit in 0.000382900 sec
WARNING  jax._src.interpreters.pxla:pxla.py:732 Compiling jit(stack) with global shapes and types (ShapedArray(float64[340,2]), ShapedArray(float64[340,2])). Argument mapping: (UnspecifiedValue, UnspecifiedValue).
WARNING  jax._src.dispatch:dispatch.py:204 Finished jaxpr to MLIR module conversion jit(stack) in 0.004023314 sec
WARNING  jax._src.dispatch:dispatch.py:204 Finished XLA compilation of jit(stack) in 0.025767326 sec
WARNING  jax._src.interpreters.pxla:pxla.py:732 Compiling jit(multiply) with global shapes and types (ShapedArray(float64[340,2,1], weak_type=True), ShapedArray(float64[340,2,2])). Argument mapping: (UnspecifiedValue, UnspecifiedValue).
WARNING  jax._src.dispatch:dispatch.py:204 Finished jaxpr to MLIR module conversion jit(multiply) in 0.005179405 sec
WARNING  jax._src.dispatch:dispatch.py:204 Finished XLA compilation of jit(multiply) in 0.022395372 sec
WARNING  jax._src.dispatch:dispatch.py:204 Finished tracing integer_pow for jit in 0.000380993 sec
WARNING  jax._src.interpreters.pxla:pxla.py:732 Compiling jit(integer_pow) with global shapes and types (ShapedArray(float64[340,2,26]),). Argument mapping: (UnspecifiedValue,).
WARNING  jax._src.dispatch:dispatch.py:204 Finished jaxpr to MLIR module conversion jit(integer_pow) in 0.003809452 sec
WARNING  jax._src.dispatch:dispatch.py:204 Finished XLA compilation of jit(integer_pow) in 0.034605026 sec
WARNING  jax._src.interpreters.pxla:pxla.py:732 Compiling jit(multiply) with global shapes and types (ShapedArray(float64[], weak_type=True), ShapedArray(float64[340,2,26])). Argument mapping: (UnspecifiedValue, UnspecifiedValue).
WARNING  jax._src.dispatch:dispatch.py:204 Finished jaxpr to MLIR module conversion jit(multiply) in 0.004314899 sec
WARNING  jax._src.dispatch:dispatch.py:204 Finished XLA compilation of jit(multiply) in 0.028340578 sec
WARNING  jax._src.dispatch:dispatch.py:204 Finished tracing stack for jit in 0.000440359 sec
WARNING  jax._src.interpreters.pxla:pxla.py:732 Compiling jit(stack) with global shapes and types (ShapedArray(float64[340,2,2]), ShapedArray(float64[340,2,2])). Argument mapping: (UnspecifiedValue, UnspecifiedValue).
WARNING  jax._src.dispatch:dispatch.py:204 Finished jaxpr to MLIR module conversion jit(stack) in 0.004196644 sec
WARNING  jax._src.dispatch:dispatch.py:204 Finished XLA compilation of jit(stack) in 0.027518749 sec
WARNING  jax._src.interpreters.pxla:pxla.py:732 Compiling jit(greater) with global shapes and types (ShapedArray(float64[340,2]), ShapedArray(float64[], weak_type=True)). Argument mapping: (UnspecifiedValue, UnspecifiedValue).
WARNING  jax._src.dispatch:dispatch.py:204 Finished jaxpr to MLIR module conversion jit(greater) in 0.004304409 sec
WARNING  jax._src.dispatch:dispatch.py:204 Finished XLA compilation of jit(greater) in 0.023074150 sec
WARNING  jax._src.interpreters.pxla:pxla.py:732 Compiling jit(_where) with global shapes and types (ShapedArray(bool[340,2]), ShapedArray(float64[340,2]), ShapedArray(float64[], weak_type=True)). Argument mapping: (UnspecifiedValue, UnspecifiedValue, UnspecifiedValue).
WARNING  jax._src.dispatch:dispatch.py:204 Finished jaxpr to MLIR module conversion jit(_where) in 0.004422188 sec
WARNING  jax._src.dispatch:dispatch.py:204 Finished XLA compilation of jit(_where) in 0.023287535 sec
WARNING  jax._src.dispatch:dispatch.py:204 Finished tracing broadcast_in_dim for jit in 0.000296593 sec
WARNING  jax._src.interpreters.pxla:pxla.py:732 Compiling jit(broadcast_in_dim) with global shapes and types (ShapedArray(bool[340,2]),). Argument mapping: (UnspecifiedValue,).
WARNING  jax._src.dispatch:dispatch.py:204 Finished jaxpr to MLIR module conversion jit(broadcast_in_dim) in 0.004149199 sec
WARNING  jax._src.dispatch:dispatch.py:204 Finished XLA compilation of jit(broadcast_in_dim) in 0.030638456 sec
WARNING  jax._src.interpreters.pxla:pxla.py:732 Compiling jit(_where) with global shapes and types (ShapedArray(bool[340,2,1]), ShapedArray(float64[340,2,2]), ShapedArray(float64[], weak_type=True)). Argument mapping: (UnspecifiedValue, UnspecifiedValue, UnspecifiedValue).
WARNING  jax._src.dispatch:dispatch.py:204 Finished jaxpr to MLIR module conversion jit(_where) in 0.023654461 sec
WARNING  jax._src.dispatch:dispatch.py:204 Finished XLA compilation of jit(_where) in 0.023813009 sec
WARNING  jax._src.dispatch:dispatch.py:204 Finished tracing broadcast_in_dim for jit in 0.000324726 sec
WARNING  jax._src.interpreters.pxla:pxla.py:732 Compiling jit(broadcast_in_dim) with global shapes and types (ShapedArray(bool[340,2]),). Argument mapping: (UnspecifiedValue,).
WARNING  jax._src.dispatch:dispatch.py:204 Finished jaxpr to MLIR module conversion jit(broadcast_in_dim) in 0.004081011 sec
WARNING  jax._src.dispatch:dispatch.py:204 Finished XLA compilation of jit(broadcast_in_dim) in 0.030428886 sec
WARNING  jax._src.interpreters.pxla:pxla.py:732 Compiling jit(_where) with global shapes and types (ShapedArray(bool[340,2,1,1]), ShapedArray(float64[340,2,2,2]), ShapedArray(float64[], weak_type=True)). Argument mapping: (UnspecifiedValue, UnspecifiedValue, UnspecifiedValue).
WARNING  jax._src.dispatch:dispatch.py:204 Finished jaxpr to MLIR module conversion jit(_where) in 0.004549980 sec
WARNING  jax._src.dispatch:dispatch.py:204 Finished XLA compilation of jit(_where) in 0.025009155 sec
WARNING  jax._src.dispatch:dispatch.py:204 Finished tracing reshape for jit in 0.000342369 sec
WARNING  jax._src.interpreters.pxla:pxla.py:732 Compiling jit(reshape) with global shapes and types (ShapedArray(float64[340,2]),). Argument mapping: (UnspecifiedValue,).
WARNING  jax._src.dispatch:dispatch.py:204 Finished jaxpr to MLIR module conversion jit(reshape) in 0.004939318 sec
WARNING  jax._src.dispatch:dispatch.py:204 Finished XLA compilation of jit(reshape) in 0.027313709 sec
WARNING  jax._src.dispatch:dispatch.py:204 Finished tracing reshape for jit in 0.000315905 sec
WARNING  jax._src.interpreters.pxla:pxla.py:732 Compiling jit(reshape) with global shapes and types (ShapedArray(float64[340,2,2]),). Argument mapping: (UnspecifiedValue,).
WARNING  jax._src.dispatch:dispatch.py:204 Finished jaxpr to MLIR module conversion jit(reshape) in 0.003863811 sec
WARNING  jax._src.dispatch:dispatch.py:204 Finished XLA compilation of jit(reshape) in 0.029884815 sec
WARNING  jax._src.dispatch:dispatch.py:204 Finished tracing reshape for jit in 0.000359058 sec
WARNING  jax._src.interpreters.pxla:pxla.py:732 Compiling jit(reshape) with global shapes and types (ShapedArray(float64[340,2,2,2]),). Argument mapping: (UnspecifiedValue,).
WARNING  jax._src.dispatch:dispatch.py:204 Finished jaxpr to MLIR module conversion jit(reshape) in 0.003924608 sec
WARNING  jax._src.dispatch:dispatch.py:204 Finished XLA compilation of jit(reshape) in 0.032506227 sec
WARNING  jax._src.interpreters.pxla:pxla.py:732 Compiling jit(_reduce_sum) with global shapes and types (ShapedArray(float64[340,1,2]),). Argument mapping: (UnspecifiedValue,).
WARNING  jax._src.dispatch:dispatch.py:204 Finished jaxpr to MLIR module conversion jit(_reduce_sum) in 0.004206657 sec
WARNING  jax._src.dispatch:dispatch.py:204 Finished XLA compilation of jit(_reduce_sum) in 0.022924423 sec
WARNING  jax._src.interpreters.pxla:pxla.py:732 Compiling jit(_reduce_sum) with global shapes and types (ShapedArray(float64[340,1,2,2]),). Argument mapping: (UnspecifiedValue,).
WARNING  jax._src.dispatch:dispatch.py:204 Finished jaxpr to MLIR module conversion jit(_reduce_sum) in 0.004175425 sec
WARNING  jax._src.dispatch:dispatch.py:204 Finished XLA compilation of jit(_reduce_sum) in 0.023710251 sec
WARNING  jax._src.interpreters.pxla:pxla.py:732 Compiling jit(_reduce_sum) with global shapes and types (ShapedArray(float64[340,1,2,2,2]),). Argument mapping: (UnspecifiedValue,).
WARNING  jax._src.dispatch:dispatch.py:204 Finished jaxpr to MLIR module conversion jit(_reduce_sum) in 0.004350901 sec
WARNING  jax._src.dispatch:dispatch.py:204 Finished XLA compilation of jit(_reduce_sum) in 0.024581909 sec
WARNING  jax._src.interpreters.pxla:pxla.py:732 Compiling jit(invert) with global shapes and types (ShapedArray(bool[1]),). Argument mapping: (UnspecifiedValue,).
WARNING  jax._src.dispatch:dispatch.py:204 Finished jaxpr to MLIR module conversion jit(invert) in 0.004067898 sec
WARNING  jax._src.dispatch:dispatch.py:204 Finished XLA compilation of jit(invert) in 0.022619724 sec
WARNING  jax._src.interpreters.pxla:pxla.py:732 Compiling jit(bitwise_and) with global shapes and types (ShapedArray(bool[340,1]), ShapedArray(bool[1])). Argument mapping: (UnspecifiedValue, UnspecifiedValue).
WARNING  jax._src.dispatch:dispatch.py:204 Finished jaxpr to MLIR module conversion jit(bitwise_and) in 0.218993187 sec
WARNING  jax._src.dispatch:dispatch.py:204 Finished XLA compilation of jit(bitwise_and) in 0.024217367 sec
WARNING  jax._src.interpreters.pxla:pxla.py:732 Compiling jit(_where) with global shapes and types (ShapedArray(bool[340,1,1,1]), ShapedArray(float64[340,1,26,2]), ShapedArray(float64[], weak_type=True)). Argument mapping: (UnspecifiedValue, UnspecifiedValue, UnspecifiedValue).
WARNING  jax._src.dispatch:dispatch.py:204 Finished jaxpr to MLIR module conversion jit(_where) in 0.004775524 sec
WARNING  jax._src.dispatch:dispatch.py:204 Finished XLA compilation of jit(_where) in 0.027813435 sec
WARNING  jax._src.dispatch:dispatch.py:204 Finished tracing broadcast_in_dim for jit in 0.000299215 sec
WARNING  jax._src.interpreters.pxla:pxla.py:732 Compiling jit(broadcast_in_dim) with global shapes and types (ShapedArray(bool[340,1]),). Argument mapping: (UnspecifiedValue,).
WARNING  jax._src.dispatch:dispatch.py:204 Finished jaxpr to MLIR module conversion jit(broadcast_in_dim) in 0.004220486 sec
WARNING  jax._src.dispatch:dispatch.py:204 Finished XLA compilation of jit(broadcast_in_dim) in 0.006444693 sec
WARNING  jax._src.interpreters.pxla:pxla.py:732 Compiling jit(_where) with global shapes and types (ShapedArray(bool[340,1,1,1,1]), ShapedArray(float64[340,1,2,2,2]), ShapedArray(float64[], weak_type=True)). Argument mapping: (UnspecifiedValue, UnspecifiedValue, UnspecifiedValue).
WARNING  jax._src.dispatch:dispatch.py:204 Finished jaxpr to MLIR module conversion jit(_where) in 0.004492283 sec
WARNING  jax._src.dispatch:dispatch.py:204 Finished XLA compilation of jit(_where) in 0.026129723 sec
WARNING  jax._src.interpreters.pxla:pxla.py:732 Compiling jit(_where) with global shapes and types (ShapedArray(bool[]), ShapedArray(bool[340,1]), ShapedArray(bool[340,1])). Argument mapping: (UnspecifiedValue, UnspecifiedValue, UnspecifiedValue).
WARNING  jax._src.dispatch:dispatch.py:204 Finished jaxpr to MLIR module conversion jit(_where) in 0.003893137 sec
WARNING  jax._src.dispatch:dispatch.py:204 Finished XLA compilation of jit(_where) in 0.027749062 sec
WARNING  jax._src.dispatch:dispatch.py:204 Finished tracing dynamic_slice for jit in 0.000306129 sec
WARNING  jax._src.interpreters.pxla:pxla.py:732 Compiling jit(dynamic_slice) with global shapes and types (ShapedArray(float64[340,1,1,2]), ShapedArray(int64[], weak_type=True), ShapedArray(int64[], weak_type=True), ShapedArray(int64[], weak_type=True), ShapedArray(int64[], weak_type=True)). Argument mapping: (UnspecifiedValue, UnspecifiedValue, UnspecifiedValue, UnspecifiedValue, UnspecifiedValue).
WARNING  jax._src.dispatch:dispatch.py:204 Finished jaxpr to MLIR module conversion jit(dynamic_slice) in 0.004072189 sec
WARNING  jax._src.dispatch:dispatch.py:204 Finished XLA compilation of jit(dynamic_slice) in 0.025130749 sec
WARNING  jax._src.dispatch:dispatch.py:204 Finished tracing squeeze for jit in 0.000255823 sec
WARNING  jax._src.interpreters.pxla:pxla.py:732 Compiling jit(squeeze) with global shapes and types (ShapedArray(float64[340,1,1,1]),). Argument mapping: (UnspecifiedValue,).
WARNING  jax._src.dispatch:dispatch.py:204 Finished jaxpr to MLIR module conversion jit(squeeze) in 0.003942966 sec
WARNING  jax._src.dispatch:dispatch.py:204 Finished XLA compilation of jit(squeeze) in 0.006394625 sec
WARNING  jax._src.interpreters.pxla:pxla.py:732 Compiling jit(multiply) with global shapes and types (ShapedArray(float64[340,1,13]), ShapedArray(float64[340,1,1])). Argument mapping: (UnspecifiedValue, UnspecifiedValue).
WARNING  jax._src.dispatch:dispatch.py:204 Finished jaxpr to MLIR module conversion jit(multiply) in 0.003993988 sec
WARNING  jax._src.dispatch:dispatch.py:204 Finished XLA compilation of jit(multiply) in 0.026303768 sec
WARNING  jax._src.interpreters.pxla:pxla.py:732 Compiling jit(multiply) with global shapes and types (ShapedArray(float64[340,1,1]), ShapedArray(float64[340,1,13])). Argument mapping: (UnspecifiedValue, UnspecifiedValue).
WARNING  jax._src.dispatch:dispatch.py:204 Finished jaxpr to MLIR module conversion jit(multiply) in 0.004223108 sec
WARNING  jax._src.dispatch:dispatch.py:204 Finished XLA compilation of jit(multiply) in 0.025848866 sec
WARNING  jax._src.interpreters.pxla:pxla.py:732 Compiling jit(_where) with global shapes and types (ShapedArray(bool[340,1,1]), ShapedArray(float64[340,1,13]), ShapedArray(float64[340,1,13])). Argument mapping: (UnspecifiedValue, UnspecifiedValue, UnspecifiedValue).
WARNING  jax._src.dispatch:dispatch.py:204 Finished jaxpr to MLIR module conversion jit(_where) in 0.004732132 sec
WARNING  jax._src.dispatch:dispatch.py:204 Finished XLA compilation of jit(_where) in 0.027607679 sec
WARNING  jax._src.interpreters.pxla:pxla.py:732 Compiling jit(_reduce_sum) with global shapes and types (ShapedArray(float64[340,1]),). Argument mapping: (UnspecifiedValue,).
WARNING  jax._src.dispatch:dispatch.py:204 Finished jaxpr to MLIR module conversion jit(_reduce_sum) in 0.004825830 sec
WARNING  jax._src.dispatch:dispatch.py:204 Finished XLA compilation of jit(_reduce_sum) in 0.006841898 sec
WARNING  jax._src.interpreters.pxla:pxla.py:732 Compiling jit(multiply) with global shapes and types (ShapedArray(float64[], weak_type=True), ShapedArray(float64[340])). Argument mapping: (UnspecifiedValue, UnspecifiedValue).
WARNING  jax._src.dispatch:dispatch.py:204 Finished jaxpr to MLIR module conversion jit(multiply) in 0.004443169 sec
WARNING  jax._src.dispatch:dispatch.py:204 Finished XLA compilation of jit(multiply) in 0.030043364 sec
WARNING  jax._src.interpreters.pxla:pxla.py:732 Compiling jit(_reduce_sum) with global shapes and types (ShapedArray(bool[1]),). Argument mapping: (UnspecifiedValue,).
WARNING  jax._src.dispatch:dispatch.py:204 Finished jaxpr to MLIR module conversion jit(_reduce_sum) in 0.005076408 sec
WARNING  jax._src.dispatch:dispatch.py:204 Finished XLA compilation of jit(_reduce_sum) in 0.024808407 sec
WARNING  jax._src.dispatch:dispatch.py:204 Finished tracing squeeze for jit in 0.000327826 sec
WARNING  jax._src.interpreters.pxla:pxla.py:732 Compiling jit(squeeze) with global shapes and types (ShapedArray(float64[340,1,26,2]),). Argument mapping: (UnspecifiedValue,).
WARNING  jax._src.dispatch:dispatch.py:204 Finished jaxpr to MLIR module conversion jit(squeeze) in 0.004559040 sec
WARNING  jax._src.dispatch:dispatch.py:204 Finished XLA compilation of jit(squeeze) in 0.006974220 sec
WARNING  jax._src.dispatch:dispatch.py:204 Finished tracing squeeze for jit in 0.000280857 sec
WARNING  jax._src.interpreters.pxla:pxla.py:732 Compiling jit(squeeze) with global shapes and types (ShapedArray(bool[340,1]),). Argument mapping: (UnspecifiedValue,).
WARNING  jax._src.dispatch:dispatch.py:204 Finished jaxpr to MLIR module conversion jit(squeeze) in 0.003813267 sec
WARNING  jax._src.dispatch:dispatch.py:204 Finished XLA compilation of jit(squeeze) in 0.006585121 sec
WARNING  jax._src.dispatch:dispatch.py:204 Finished tracing squeeze for jit in 0.000265121 sec
WARNING  jax._src.interpreters.pxla:pxla.py:732 Compiling jit(squeeze) with global shapes and types (ShapedArray(float64[340,1,2,2]),). Argument mapping: (UnspecifiedValue,).
WARNING  jax._src.dispatch:dispatch.py:204 Finished jaxpr to MLIR module conversion jit(squeeze) in 0.004209757 sec
WARNING  jax._src.dispatch:dispatch.py:204 Finished XLA compilation of jit(squeeze) in 0.007004023 sec
WARNING  jax._src.dispatch:dispatch.py:204 Finished tracing squeeze for jit in 0.000277042 sec
WARNING  jax._src.interpreters.pxla:pxla.py:732 Compiling jit(squeeze) with global shapes and types (ShapedArray(float64[340,1,2,26,2]),). Argument mapping: (UnspecifiedValue,).
WARNING  jax._src.dispatch:dispatch.py:204 Finished jaxpr to MLIR module conversion jit(squeeze) in 0.004343033 sec
WARNING  jax._src.dispatch:dispatch.py:204 Finished XLA compilation of jit(squeeze) in 0.006868839 sec
WARNING  jax._src.dispatch:dispatch.py:204 Finished tracing squeeze for jit in 0.000263214 sec
WARNING  jax._src.interpreters.pxla:pxla.py:732 Compiling jit(squeeze) with global shapes and types (ShapedArray(int64[340,1,2]),). Argument mapping: (UnspecifiedValue,).
WARNING  jax._src.dispatch:dispatch.py:204 Finished jaxpr to MLIR module conversion jit(squeeze) in 0.004162788 sec
WARNING  jax._src.dispatch:dispatch.py:204 Finished XLA compilation of jit(squeeze) in 0.006695747 sec
WARNING  jax._src.dispatch:dispatch.py:204 Finished tracing squeeze for jit in 0.000269651 sec
WARNING  jax._src.interpreters.pxla:pxla.py:732 Compiling jit(squeeze) with global shapes and types (ShapedArray(float64[340,1,2,2,2]),). Argument mapping: (UnspecifiedValue,).
WARNING  jax._src.dispatch:dispatch.py:204 Finished jaxpr to MLIR module conversion jit(squeeze) in 0.003998280 sec
WARNING  jax._src.dispatch:dispatch.py:204 Finished XLA compilation of jit(squeeze) in 0.006607771 sec
WARNING  jax._src.dispatch:dispatch.py:204 Finished tracing broadcast_in_dim for jit in 0.000178337 sec
WARNING  jax._src.interpreters.pxla:pxla.py:732 Compiling jit(broadcast_in_dim) with global shapes and types (ShapedArray(int32[]),). Argument mapping: (UnspecifiedValue,).
WARNING  jax._src.dispatch:dispatch.py:204 Finished jaxpr to MLIR module conversion jit(broadcast_in_dim) in 0.004382133 sec
WARNING  jax._src.dispatch:dispatch.py:204 Finished XLA compilation of jit(broadcast_in_dim) in 0.023078203 sec
WARNING  jax._src.dispatch:dispatch.py:204 Finished tracing _reduce_sum for jit in 0.000513077 sec
WARNING  jax._src.interpreters.pxla:pxla.py:732 Compiling jit(_reduce_sum) with global shapes and types (ShapedArray(float64[340]),). Argument mapping: (UnspecifiedValue,).
WARNING  jax._src.dispatch:dispatch.py:204 Finished jaxpr to MLIR module conversion jit(_reduce_sum) in 0.004969597 sec
WARNING  jax._src.dispatch:dispatch.py:204 Finished XLA compilation of jit(_reduce_sum) in 0.039555311 sec
WARNING  jax._src.interpreters.pxla:pxla.py:732 Compiling jit(abs) with global shapes and types (ShapedArray(float64[]),). Argument mapping: (UnspecifiedValue,).
WARNING  jax._src.dispatch:dispatch.py:204 Finished jaxpr to MLIR module conversion jit(abs) in 0.005330324 sec
WARNING  jax._src.compiler:compiler.py:124 Persistent compilation cache hit for 'jit_abs' with key 'jit_abs-609c4a41d0d973b3b44e1a1183a440b5139dd5c477d66712d92b1c59439fcc18'
WARNING  jax._src.dispatch:dispatch.py:204 Finished XLA compilation of jit(abs) in 0.001870632 sec
WARNING  jax._src.dispatch:dispatch.py:204 Finished tracing dynamic_slice for jit in 0.000333071 sec
WARNING  jax._src.interpreters.pxla:pxla.py:732 Compiling jit(dynamic_slice) with global shapes and types (ShapedArray(int32[340]), ShapedArray(int64[], weak_type=True)). Argument mapping: (UnspecifiedValue, UnspecifiedValue).
WARNING  jax._src.dispatch:dispatch.py:204 Finished jaxpr to MLIR module conversion jit(dynamic_slice) in 0.004045010 sec
WARNING  jax._src.dispatch:dispatch.py:204 Finished XLA compilation of jit(dynamic_slice) in 0.021319628 sec
WARNING  jax._src.dispatch:dispatch.py:204 Finished tracing _reduce_sum for jit in 0.000666142 sec
WARNING  jax._src.interpreters.pxla:pxla.py:732 Compiling jit(_reduce_sum) with global shapes and types (ShapedArray(int32[340]),). Argument mapping: (UnspecifiedValue,).
WARNING  jax._src.dispatch:dispatch.py:204 Finished jaxpr to MLIR module conversion jit(_reduce_sum) in 0.004872561 sec
WARNING  jax._src.dispatch:dispatch.py:204 Finished XLA compilation of jit(_reduce_sum) in 0.038010836 sec
WARNING  jax._src.interpreters.pxla:pxla.py:732 Compiling jit(invert) with global shapes and types (ShapedArray(bool[340]),). Argument mapping: (UnspecifiedValue,).
WARNING  jax._src.dispatch:dispatch.py:204 Finished jaxpr to MLIR module conversion jit(invert) in 0.004915714 sec
WARNING  jax._src.dispatch:dispatch.py:204 Finished XLA compilation of jit(invert) in 0.033366919 sec
WARNING  jax._src.interpreters.pxla:pxla.py:732 Compiling jit(_where) with global shapes and types (ShapedArray(bool[340]), ShapedArray(float64[340]), ShapedArray(float64[], weak_type=True)). Argument mapping: (UnspecifiedValue, UnspecifiedValue, UnspecifiedValue).
WARNING  jax._src.dispatch:dispatch.py:204 Finished jaxpr to MLIR module conversion jit(_where) in 0.005239248 sec
WARNING  jax._src.dispatch:dispatch.py:204 Finished XLA compilation of jit(_where) in 0.025708437 sec
WARNING  jax._src.dispatch:dispatch.py:204 Finished tracing _where for jit in 0.001213312 sec
WARNING  jax._src.interpreters.pxla:pxla.py:732 Compiling jit(_where) with global shapes and types (ShapedArray(bool[340]), ShapedArray(int64[340]), ShapedArray(int64[], weak_type=True)). Argument mapping: (UnspecifiedValue, UnspecifiedValue, UnspecifiedValue).
WARNING  jax._src.dispatch:dispatch.py:204 Finished jaxpr to MLIR module conversion jit(_where) in 0.004917622 sec
WARNING  jax._src.dispatch:dispatch.py:204 Finished XLA compilation of jit(_where) in 0.025275469 sec
WARNING  jax._src.interpreters.pxla:pxla.py:732 Compiling jit(bitwise_and) with global shapes and types (ShapedArray(bool[340]), ShapedArray(bool[340])). Argument mapping: (UnspecifiedValue, UnspecifiedValue).
WARNING  jax._src.dispatch:dispatch.py:204 Finished jaxpr to MLIR module conversion jit(bitwise_and) in 0.004673004 sec
WARNING  jax._src.dispatch:dispatch.py:204 Finished XLA compilation of jit(bitwise_and) in 0.036017656 sec
WARNING  jax._src.dispatch:dispatch.py:204 Finished tracing broadcast_in_dim for jit in 0.000283003 sec
WARNING  jax._src.interpreters.pxla:pxla.py:732 Compiling jit(broadcast_in_dim) with global shapes and types (ShapedArray(bool[340]),). Argument mapping: (UnspecifiedValue,).
WARNING  jax._src.dispatch:dispatch.py:204 Finished jaxpr to MLIR module conversion jit(broadcast_in_dim) in 0.004863262 sec
WARNING  jax._src.dispatch:dispatch.py:204 Finished XLA compilation of jit(broadcast_in_dim) in 0.006366491 sec
WARNING  jax._src.dispatch:dispatch.py:204 Finished tracing _where for jit in 0.001027584 sec
WARNING  jax._src.interpreters.pxla:pxla.py:732 Compiling jit(_where) with global shapes and types (ShapedArray(bool[340,1]), ShapedArray(float64[340,2]), ShapedArray(float64[], weak_type=True)). Argument mapping: (UnspecifiedValue, UnspecifiedValue, UnspecifiedValue).
WARNING  jax._src.dispatch:dispatch.py:204 Finished jaxpr to MLIR module conversion jit(_where) in 0.004743814 sec
WARNING  jax._src.dispatch:dispatch.py:204 Finished XLA compilation of jit(_where) in 0.024430752 sec
WARNING  jax._src.dispatch:dispatch.py:204 Finished tracing broadcast_in_dim for jit in 0.000294685 sec
WARNING  jax._src.interpreters.pxla:pxla.py:732 Compiling jit(broadcast_in_dim) with global shapes and types (ShapedArray(bool[340]),). Argument mapping: (UnspecifiedValue,).
WARNING  jax._src.dispatch:dispatch.py:204 Finished jaxpr to MLIR module conversion jit(broadcast_in_dim) in 0.004873037 sec
WARNING  jax._src.dispatch:dispatch.py:204 Finished XLA compilation of jit(broadcast_in_dim) in 0.006653547 sec
WARNING  jax._src.dispatch:dispatch.py:204 Finished tracing _where for jit in 0.001038074 sec
WARNING  jax._src.interpreters.pxla:pxla.py:732 Compiling jit(_where) with global shapes and types (ShapedArray(bool[340,1,1]), ShapedArray(float64[340,2,2]), ShapedArray(float64[], weak_type=True)). Argument mapping: (UnspecifiedValue, UnspecifiedValue, UnspecifiedValue).
WARNING  jax._src.dispatch:dispatch.py:204 Finished jaxpr to MLIR module conversion jit(_where) in 0.004819632 sec
WARNING  jax._src.dispatch:dispatch.py:204 Finished XLA compilation of jit(_where) in 0.025606394 sec
WARNING  jax._src.dispatch:dispatch.py:204 Finished tracing _where for jit in 0.000951052 sec
WARNING  jax._src.interpreters.pxla:pxla.py:732 Compiling jit(_where) with global shapes and types (ShapedArray(bool[340,1]), ShapedArray(int64[340,2]), ShapedArray(int64[], weak_type=True)). Argument mapping: (UnspecifiedValue, UnspecifiedValue, UnspecifiedValue).
WARNING  jax._src.dispatch:dispatch.py:204 Finished jaxpr to MLIR module conversion jit(_where) in 0.005100965 sec
WARNING  jax._src.dispatch:dispatch.py:204 Finished XLA compilation of jit(_where) in 0.024998903 sec
WARNING  jax._src.dispatch:dispatch.py:204 Finished tracing broadcast_in_dim for jit in 0.000292063 sec
WARNING  jax._src.interpreters.pxla:pxla.py:732 Compiling jit(broadcast_in_dim) with global shapes and types (ShapedArray(bool[340]),). Argument mapping: (UnspecifiedValue,).
WARNING  jax._src.dispatch:dispatch.py:204 Finished jaxpr to MLIR module conversion jit(broadcast_in_dim) in 0.004497766 sec
WARNING  jax._src.dispatch:dispatch.py:204 Finished XLA compilation of jit(broadcast_in_dim) in 0.006661415 sec
WARNING  jax._src.dispatch:dispatch.py:204 Finished tracing _where for jit in 0.001038074 sec
WARNING  jax._src.interpreters.pxla:pxla.py:732 Compiling jit(_where) with global shapes and types (ShapedArray(bool[340,1,1,1]), ShapedArray(float64[340,2,2,2]), ShapedArray(float64[], weak_type=True)). Argument mapping: (UnspecifiedValue, UnspecifiedValue, UnspecifiedValue).
WARNING  jax._src.dispatch:dispatch.py:204 Finished jaxpr to MLIR module conversion jit(_where) in 0.004667521 sec
WARNING  jax._src.dispatch:dispatch.py:204 Finished XLA compilation of jit(_where) in 0.026127577 sec
WARNING  jax._src.dispatch:dispatch.py:204 Finished tracing broadcast_in_dim for jit in 0.000267267 sec
WARNING  jax._src.interpreters.pxla:pxla.py:732 Compiling jit(broadcast_in_dim) with global shapes and types (ShapedArray(float64[]),). Argument mapping: (UnspecifiedValue,).
WARNING  jax._src.dispatch:dispatch.py:204 Finished jaxpr to MLIR module conversion jit(broadcast_in_dim) in 0.004472494 sec
WARNING  jax._src.dispatch:dispatch.py:204 Finished XLA compilation of jit(broadcast_in_dim) in 0.023124695 sec
WARNING  jax._src.dispatch:dispatch.py:204 Finished tracing broadcast_in_dim for jit in 0.000188828 sec
WARNING  jax._src.interpreters.pxla:pxla.py:732 Compiling jit(broadcast_in_dim) with global shapes and types (ShapedArray(float64[]),). Argument mapping: (UnspecifiedValue,).
WARNING  jax._src.dispatch:dispatch.py:204 Finished jaxpr to MLIR module conversion jit(broadcast_in_dim) in 0.004679441 sec
WARNING  jax._src.dispatch:dispatch.py:204 Finished XLA compilation of jit(broadcast_in_dim) in 0.024730206 sec
WARNING  jax._src.dispatch:dispatch.py:204 Finished tracing broadcast_in_dim for jit in 0.000321865 sec
WARNING  jax._src.interpreters.pxla:pxla.py:732 Compiling jit(broadcast_in_dim) with global shapes and types (ShapedArray(bool[]),). Argument mapping: (UnspecifiedValue,).
WARNING  jax._src.dispatch:dispatch.py:204 Finished jaxpr to MLIR module conversion jit(broadcast_in_dim) in 0.005222082 sec
WARNING  jax._src.dispatch:dispatch.py:204 Finished XLA compilation of jit(broadcast_in_dim) in 0.026977301 sec
WARNING  jax._src.dispatch:dispatch.py:204 Finished tracing convert_element_type for jit in 0.000298262 sec
WARNING  jax._src.interpreters.pxla:pxla.py:732 Compiling jit(convert_element_type) with global shapes and types (ShapedArray(int32[340]),). Argument mapping: (UnspecifiedValue,).
WARNING  jax._src.dispatch:dispatch.py:204 Finished jaxpr to MLIR module conversion jit(convert_element_type) in 0.005144119 sec
WARNING  jax._src.dispatch:dispatch.py:204 Finished XLA compilation of jit(convert_element_type) in 0.008005142 sec
WARNING  jax._src.dispatch:dispatch.py:204 Finished tracing add for jit in 0.000254631 sec
WARNING  jax._src.interpreters.pxla:pxla.py:732 Compiling jit(add) with global shapes and types (ShapedArray(int64[340,7]), ShapedArray(int64[])). Argument mapping: (UnspecifiedValue, UnspecifiedValue).
WARNING  jax._src.dispatch:dispatch.py:204 Finished jaxpr to MLIR module conversion jit(add) in 0.005170822 sec
WARNING  jax._src.dispatch:dispatch.py:204 Finished XLA compilation of jit(add) in 0.028114080 sec
WARNING  jax._src.dispatch:dispatch.py:204 Finished tracing select_n for jit in 0.000292540 sec
WARNING  jax._src.interpreters.pxla:pxla.py:732 Compiling jit(select_n) with global shapes and types (ShapedArray(bool[340,7]), ShapedArray(int64[340,7]), ShapedArray(int64[340,7])). Argument mapping: (UnspecifiedValue, UnspecifiedValue, UnspecifiedValue).
WARNING  jax._src.dispatch:dispatch.py:204 Finished jaxpr to MLIR module conversion jit(select_n) in 0.005680084 sec
WARNING  jax._src.dispatch:dispatch.py:204 Finished XLA compilation of jit(select_n) in 0.039557457 sec
WARNING  jax._src.interpreters.pxla:pxla.py:732 Compiling jit(_broadcast_arrays) with global shapes and types (ShapedArray(int64[340,7]),). Argument mapping: (UnspecifiedValue,).
WARNING  jax._src.dispatch:dispatch.py:204 Finished jaxpr to MLIR module conversion jit(_broadcast_arrays) in 0.004838467 sec
WARNING  jax._src.dispatch:dispatch.py:204 Finished XLA compilation of jit(_broadcast_arrays) in 0.007824659 sec
WARNING  jax._src.dispatch:dispatch.py:204 Finished tracing convert_element_type for jit in 0.000288963 sec
WARNING  jax._src.interpreters.pxla:pxla.py:732 Compiling jit(convert_element_type) with global shapes and types (ShapedArray(int64[340,7]),). Argument mapping: (UnspecifiedValue,).
WARNING  jax._src.dispatch:dispatch.py:204 Finished jaxpr to MLIR module conversion jit(convert_element_type) in 0.005955458 sec
WARNING  jax._src.dispatch:dispatch.py:204 Finished XLA compilation of jit(convert_element_type) in 0.034205198 sec
WARNING  jax._src.dispatch:dispatch.py:204 Finished tracing broadcast_in_dim for jit in 0.000363111 sec
WARNING  jax._src.interpreters.pxla:pxla.py:732 Compiling jit(broadcast_in_dim) with global shapes and types (ShapedArray(int32[340,7]),). Argument mapping: (UnspecifiedValue,).
WARNING  jax._src.dispatch:dispatch.py:204 Finished jaxpr to MLIR module conversion jit(broadcast_in_dim) in 0.006087542 sec
WARNING  jax._src.dispatch:dispatch.py:204 Finished XLA compilation of jit(broadcast_in_dim) in 0.034019947 sec
WARNING  jax._src.dispatch:dispatch.py:204 Finished tracing gather for jit in 0.000360012 sec
WARNING  jax._src.interpreters.pxla:pxla.py:732 Compiling jit(gather) with global shapes and types (ShapedArray(float64[1426]), ShapedArray(int32[340,7,1])). Argument mapping: (UnspecifiedValue, UnspecifiedValue).
WARNING  jax._src.dispatch:dispatch.py:204 Finished jaxpr to MLIR module conversion jit(gather) in 0.005905628 sec
WARNING  jax._src.dispatch:dispatch.py:204 Finished XLA compilation of jit(gather) in 0.033708572 sec
WARNING  jax._src.dispatch:dispatch.py:204 Finished tracing broadcast_in_dim for jit in 0.000360012 sec
WARNING  jax._src.interpreters.pxla:pxla.py:732 Compiling jit(broadcast_in_dim) with global shapes and types (ShapedArray(float64[340,7]),). Argument mapping: (UnspecifiedValue,).
WARNING  jax._src.dispatch:dispatch.py:204 Finished jaxpr to MLIR module conversion jit(broadcast_in_dim) in 0.004941940 sec
WARNING  jax._src.dispatch:dispatch.py:204 Finished XLA compilation of jit(broadcast_in_dim) in 0.008159161 sec
WARNING  jax._src.dispatch:dispatch.py:204 Finished tracing _einsum for jit in 0.000684261 sec
WARNING  jax._src.interpreters.pxla:pxla.py:732 Compiling jit(_einsum) with global shapes and types (ShapedArray(float64[340,6,7]), ShapedArray(float64[340,7])). Argument mapping: (UnspecifiedValue, UnspecifiedValue).
WARNING  jax._src.dispatch:dispatch.py:204 Finished jaxpr to MLIR module conversion jit(_einsum) in 0.006557941 sec
WARNING  jax._src.dispatch:dispatch.py:204 Finished XLA compilation of jit(_einsum) in 0.030276775 sec
WARNING  jax._src.dispatch:dispatch.py:204 Finished tracing add for jit in 0.000256300 sec
WARNING  jax._src.interpreters.pxla:pxla.py:732 Compiling jit(add) with global shapes and types (ShapedArray(int64[340]), ShapedArray(int64[])). Argument mapping: (UnspecifiedValue, UnspecifiedValue).
WARNING  jax._src.dispatch:dispatch.py:204 Finished jaxpr to MLIR module conversion jit(add) in 0.007032394 sec
WARNING  jax._src.dispatch:dispatch.py:204 Finished XLA compilation of jit(add) in 0.033824444 sec
WARNING  jax._src.interpreters.pxla:pxla.py:732 Compiling jit(_broadcast_arrays) with global shapes and types (ShapedArray(int64[340]),). Argument mapping: (UnspecifiedValue,).
WARNING  jax._src.dispatch:dispatch.py:204 Finished jaxpr to MLIR module conversion jit(_broadcast_arrays) in 0.005056143 sec
WARNING  jax._src.dispatch:dispatch.py:204 Finished XLA compilation of jit(_broadcast_arrays) in 0.007516861 sec
WARNING  jax._src.dispatch:dispatch.py:204 Finished tracing _squeeze for jit in 0.000151873 sec
WARNING  jax._src.interpreters.pxla:pxla.py:732 Compiling jit(_squeeze) with global shapes and types (ShapedArray(float64[340,6]),). Argument mapping: (UnspecifiedValue,).
WARNING  jax._src.dispatch:dispatch.py:204 Finished jaxpr to MLIR module conversion jit(_squeeze) in 0.004816532 sec
WARNING  jax._src.dispatch:dispatch.py:204 Finished XLA compilation of jit(_squeeze) in 0.007559299 sec
WARNING  jax._src.dispatch:dispatch.py:204 Finished tracing scatter for jit in 0.000355005 sec
WARNING  jax._src.interpreters.pxla:pxla.py:732 Compiling jit(scatter) with global shapes and types (ShapedArray(float64[340,6]), ShapedArray(int32[340,1]), ShapedArray(float64[340,6])). Argument mapping: (UnspecifiedValue, UnspecifiedValue, UnspecifiedValue).
WARNING  jax._src.dispatch:dispatch.py:204 Finished jaxpr to MLIR module conversion jit(scatter) in 0.005760670 sec
WARNING  jax._src.dispatch:dispatch.py:204 Finished XLA compilation of jit(scatter) in 0.026046515 sec
WARNING  jax._src.dispatch:dispatch.py:204 Finished tracing add for jit in 0.000336647 sec
WARNING  jax._src.interpreters.pxla:pxla.py:732 Compiling jit(add) with global shapes and types (ShapedArray(float64[340,6]), ShapedArray(float64[340,6])). Argument mapping: (UnspecifiedValue, UnspecifiedValue).
WARNING  jax._src.dispatch:dispatch.py:204 Finished jaxpr to MLIR module conversion jit(add) in 0.004622936 sec
WARNING  jax._src.dispatch:dispatch.py:204 Finished XLA compilation of jit(add) in 0.032865286 sec
WARNING  jax._src.interpreters.pxla:pxla.py:732 Compiling jit(less) with global shapes and types (ShapedArray(int32[340]), ShapedArray(int64[], weak_type=True)). Argument mapping: (UnspecifiedValue, UnspecifiedValue).
WARNING  jax._src.dispatch:dispatch.py:204 Finished jaxpr to MLIR module conversion jit(less) in 0.005544186 sec
WARNING  jax._src.dispatch:dispatch.py:204 Finished XLA compilation of jit(less) in 0.030998230 sec
WARNING  jax._src.dispatch:dispatch.py:204 Finished tracing add for jit in 0.000253439 sec
WARNING  jax._src.interpreters.pxla:pxla.py:732 Compiling jit(add) with global shapes and types (ShapedArray(int32[340]), ShapedArray(int32[])). Argument mapping: (UnspecifiedValue, UnspecifiedValue).
WARNING  jax._src.dispatch:dispatch.py:204 Finished jaxpr to MLIR module conversion jit(add) in 0.005464554 sec
WARNING  jax._src.dispatch:dispatch.py:204 Finished XLA compilation of jit(add) in 0.026332617 sec
WARNING  jax._src.interpreters.pxla:pxla.py:732 Compiling jit(_broadcast_arrays) with global shapes and types (ShapedArray(int32[340]),). Argument mapping: (UnspecifiedValue,).
WARNING  jax._src.dispatch:dispatch.py:204 Finished jaxpr to MLIR module conversion jit(_broadcast_arrays) in 0.005284309 sec
WARNING  jax._src.dispatch:dispatch.py:204 Finished XLA compilation of jit(_broadcast_arrays) in 0.006887674 sec
WARNING  jax._src.dispatch:dispatch.py:204 Finished tracing _squeeze for jit in 0.000154495 sec
WARNING  jax._src.interpreters.pxla:pxla.py:732 Compiling jit(_squeeze) with global shapes and types (ShapedArray(float64[340,2]),). Argument mapping: (UnspecifiedValue,).
WARNING  jax._src.dispatch:dispatch.py:204 Finished jaxpr to MLIR module conversion jit(_squeeze) in 0.004595757 sec
WARNING  jax._src.dispatch:dispatch.py:204 Finished XLA compilation of jit(_squeeze) in 0.008375883 sec
WARNING  jax._src.dispatch:dispatch.py:204 Finished tracing scatter for jit in 0.000336647 sec
WARNING  jax._src.interpreters.pxla:pxla.py:732 Compiling jit(scatter) with global shapes and types (ShapedArray(float64[340,2]), ShapedArray(int32[340,1]), ShapedArray(float64[340,2])). Argument mapping: (UnspecifiedValue, UnspecifiedValue, UnspecifiedValue).
WARNING  jax._src.dispatch:dispatch.py:204 Finished jaxpr to MLIR module conversion jit(scatter) in 0.005423546 sec
WARNING  jax._src.dispatch:dispatch.py:204 Finished XLA compilation of jit(scatter) in 0.024801016 sec
WARNING  jax._src.dispatch:dispatch.py:204 Finished tracing _squeeze for jit in 0.000146866 sec
WARNING  jax._src.interpreters.pxla:pxla.py:732 Compiling jit(_squeeze) with global shapes and types (ShapedArray(bool[340]),). Argument mapping: (UnspecifiedValue,).
WARNING  jax._src.dispatch:dispatch.py:204 Finished jaxpr to MLIR module conversion jit(_squeeze) in 0.004805803 sec
WARNING  jax._src.dispatch:dispatch.py:204 Finished XLA compilation of jit(_squeeze) in 0.006955385 sec
WARNING  jax._src.dispatch:dispatch.py:204 Finished tracing scatter for jit in 0.000308990 sec
WARNING  jax._src.interpreters.pxla:pxla.py:732 Compiling jit(scatter) with global shapes and types (ShapedArray(bool[340]), ShapedArray(int32[340,1]), ShapedArray(bool[340])). Argument mapping: (UnspecifiedValue, UnspecifiedValue, UnspecifiedValue).
WARNING  jax._src.dispatch:dispatch.py:204 Finished jaxpr to MLIR module conversion jit(scatter) in 0.004628420 sec
WARNING  jax._src.dispatch:dispatch.py:204 Finished XLA compilation of jit(scatter) in 0.029039621 sec
WARNING  jax._src.dispatch:dispatch.py:204 Finished tracing greater_equal for jit in 0.000435352 sec
WARNING  jax._src.interpreters.pxla:pxla.py:732 Compiling jit(greater_equal) with global shapes and types (ShapedArray(int64[340]), ShapedArray(int64[], weak_type=True)). Argument mapping: (UnspecifiedValue, UnspecifiedValue).
WARNING  jax._src.dispatch:dispatch.py:204 Finished jaxpr to MLIR module conversion jit(greater_equal) in 0.008061886 sec
WARNING  jax._src.dispatch:dispatch.py:204 Finished XLA compilation of jit(greater_equal) in 0.028382778 sec
WARNING  jax._src.dispatch:dispatch.py:204 Finished tracing negative for jit in 0.000319242 sec
WARNING  jax._src.interpreters.pxla:pxla.py:732 Compiling jit(negative) with global shapes and types (ShapedArray(float64[340,6]),). Argument mapping: (UnspecifiedValue,).
WARNING  jax._src.dispatch:dispatch.py:204 Finished jaxpr to MLIR module conversion jit(negative) in 0.005165339 sec
WARNING  jax._src.dispatch:dispatch.py:204 Finished XLA compilation of jit(negative) in 0.035790443 sec
WARNING  jax._src.dispatch:dispatch.py:204 Finished tracing broadcast_in_dim for jit in 0.000172853 sec
WARNING  jax._src.interpreters.pxla:pxla.py:732 Compiling jit(broadcast_in_dim) with global shapes and types (ShapedArray(int32[]),). Argument mapping: (UnspecifiedValue,).
WARNING  jax._src.dispatch:dispatch.py:204 Finished jaxpr to MLIR module conversion jit(broadcast_in_dim) in 0.004705906 sec
WARNING  jax._src.compiler:compiler.py:124 Persistent compilation cache hit for 'jit_broadcast_in_dim' with key 'jit_broadcast_in_dim-67d0165dc8e5d707635324c0bec2d488b4f484362729a084cde90d38d8a246f2'
WARNING  jax._src.dispatch:dispatch.py:204 Finished XLA compilation of jit(broadcast_in_dim) in 0.001581430 sec
WARNING  jax._src.dispatch:dispatch.py:204 Finished tracing convert_element_type for jit in 0.000178099 sec
WARNING  jax._src.interpreters.pxla:pxla.py:732 Compiling jit(convert_element_type) with global shapes and types (ShapedArray(float64[], weak_type=True),). Argument mapping: (UnspecifiedValue,).
WARNING  jax._src.dispatch:dispatch.py:204 Finished jaxpr to MLIR module conversion jit(convert_element_type) in 0.004890203 sec
WARNING  jax._src.compiler:compiler.py:124 Persistent compilation cache hit for 'jit_convert_element_type' with key 'jit_convert_element_type-9105cab9fdacdac4977012848dc6bbb518ae93fdc48edcf9ac0dd2465d8703e7'
WARNING  jax._src.dispatch:dispatch.py:204 Finished XLA compilation of jit(convert_element_type) in 0.001701832 sec
WARNING  jax._src.dispatch:dispatch.py:204 Finished tracing _squeeze for jit in 0.000140429 sec
WARNING  jax._src.interpreters.pxla:pxla.py:732 Compiling jit(_squeeze) with global shapes and types (ShapedArray(float64[340]),). Argument mapping: (UnspecifiedValue,).
WARNING  jax._src.dispatch:dispatch.py:204 Finished jaxpr to MLIR module conversion jit(_squeeze) in 0.005123138 sec
WARNING  jax._src.dispatch:dispatch.py:204 Finished XLA compilation of jit(_squeeze) in 0.007902384 sec
WARNING  jax._src.dispatch:dispatch.py:204 Finished tracing scatter-add for jit in 0.000332594 sec
WARNING  jax._src.interpreters.pxla:pxla.py:732 Compiling jit(scatter-add) with global shapes and types (ShapedArray(float64[340,6]), ShapedArray(int32[1]), ShapedArray(float64[340])). Argument mapping: (UnspecifiedValue, UnspecifiedValue, UnspecifiedValue).
WARNING  jax._src.dispatch:dispatch.py:204 Finished jaxpr to MLIR module conversion jit(scatter-add) in 0.004696846 sec
WARNING  jax._src.dispatch:dispatch.py:204 Finished XLA compilation of jit(scatter-add) in 0.036639929 sec
WARNING  jax._src.dispatch:dispatch.py:204 Finished tracing multiply for jit in 0.000468016 sec
WARNING  jax._src.interpreters.pxla:pxla.py:732 Compiling jit(multiply) with global shapes and types (ShapedArray(float64[], weak_type=True), ShapedArray(float64[340,6])). Argument mapping: (UnspecifiedValue, UnspecifiedValue).
WARNING  jax._src.dispatch:dispatch.py:204 Finished jaxpr to MLIR module conversion jit(multiply) in 0.005767345 sec
WARNING  jax._src.dispatch:dispatch.py:204 Finished XLA compilation of jit(multiply) in 0.026643276 sec
WARNING  jax._src.dispatch:dispatch.py:204 Finished tracing iota for jit in 0.000295639 sec
WARNING  jax._src.interpreters.pxla:pxla.py:732 Compiling jit(iota) with global shapes and types (). Argument mapping: ().
WARNING  jax._src.dispatch:dispatch.py:204 Finished jaxpr to MLIR module conversion jit(iota) in 0.005121946 sec
WARNING  jax._src.dispatch:dispatch.py:204 Finished XLA compilation of jit(iota) in 0.031010389 sec
WARNING  jax._src.dispatch:dispatch.py:204 Finished tracing reshape for jit in 0.000269175 sec
WARNING  jax._src.interpreters.pxla:pxla.py:732 Compiling jit(reshape) with global shapes and types (ShapedArray(int64[8840]),). Argument mapping: (UnspecifiedValue,).
WARNING  jax._src.dispatch:dispatch.py:204 Finished jaxpr to MLIR module conversion jit(reshape) in 0.005566359 sec
WARNING  jax._src.dispatch:dispatch.py:204 Finished XLA compilation of jit(reshape) in 0.008488894 sec
WARNING  jax._src.dispatch:dispatch.py:204 Finished tracing reshape for jit in 0.000343561 sec
WARNING  jax._src.interpreters.pxla:pxla.py:732 Compiling jit(reshape) with global shapes and types (ShapedArray(float64[340,26,2]),). Argument mapping: (UnspecifiedValue,).
WARNING  jax._src.dispatch:dispatch.py:204 Finished jaxpr to MLIR module conversion jit(reshape) in 0.005830526 sec
WARNING  jax._src.dispatch:dispatch.py:204 Finished XLA compilation of jit(reshape) in 0.008702278 sec
WARNING  jax._src.dispatch:dispatch.py:204 Finished tracing broadcast_in_dim for jit in 0.000334024 sec
WARNING  jax._src.interpreters.pxla:pxla.py:732 Compiling jit(broadcast_in_dim) with global shapes and types (ShapedArray(float64[]),). Argument mapping: (UnspecifiedValue,).
WARNING  jax._src.dispatch:dispatch.py:204 Finished jaxpr to MLIR module conversion jit(broadcast_in_dim) in 0.004896164 sec
WARNING  jax._src.dispatch:dispatch.py:204 Finished XLA compilation of jit(broadcast_in_dim) in 0.025560141 sec
WARNING  jax._src.dispatch:dispatch.py:204 Finished tracing gather for jit in 0.000301600 sec
WARNING  jax._src.interpreters.pxla:pxla.py:732 Compiling jit(gather) with global shapes and types (ShapedArray(int64[340,26]), ShapedArray(int32[340,2])). Argument mapping: (UnspecifiedValue, UnspecifiedValue).
WARNING  jax._src.dispatch:dispatch.py:204 Finished jaxpr to MLIR module conversion jit(gather) in 0.004987717 sec
WARNING  jax._src.dispatch:dispatch.py:204 Finished XLA compilation of jit(gather) in 0.030839443 sec
WARNING  jax._src.dispatch:dispatch.py:204 Finished tracing squeeze for jit in 0.000357389 sec
WARNING  jax._src.interpreters.pxla:pxla.py:732 Compiling jit(squeeze) with global shapes and types (ShapedArray(int64[340,1,26]),). Argument mapping: (UnspecifiedValue,).
WARNING  jax._src.dispatch:dispatch.py:204 Finished jaxpr to MLIR module conversion jit(squeeze) in 0.004985332 sec
WARNING  jax._src.dispatch:dispatch.py:204 Finished XLA compilation of jit(squeeze) in 0.006970167 sec
WARNING  jax._src.interpreters.pxla:pxla.py:732 Compiling jit(less) with global shapes and types (ShapedArray(int64[340,26]), ShapedArray(int64[], weak_type=True)). Argument mapping: (UnspecifiedValue, UnspecifiedValue).
WARNING  jax._src.dispatch:dispatch.py:204 Finished jaxpr to MLIR module conversion jit(less) in 0.004814863 sec
WARNING  jax._src.dispatch:dispatch.py:204 Finished XLA compilation of jit(less) in 0.037743568 sec
WARNING  jax._src.dispatch:dispatch.py:204 Finished tracing add for jit in 0.000325441 sec
WARNING  jax._src.interpreters.pxla:pxla.py:732 Compiling jit(add) with global shapes and types (ShapedArray(int64[340,26]), ShapedArray(int64[])). Argument mapping: (UnspecifiedValue, UnspecifiedValue).
WARNING  jax._src.dispatch:dispatch.py:204 Finished jaxpr to MLIR module conversion jit(add) in 0.006329536 sec
WARNING  jax._src.dispatch:dispatch.py:204 Finished XLA compilation of jit(add) in 0.101579428 sec
WARNING  jax._src.dispatch:dispatch.py:204 Finished tracing select_n for jit in 0.000329733 sec
WARNING  jax._src.interpreters.pxla:pxla.py:732 Compiling jit(select_n) with global shapes and types (ShapedArray(bool[340,26]), ShapedArray(int64[340,26]), ShapedArray(int64[340,26])). Argument mapping: (UnspecifiedValue, UnspecifiedValue, UnspecifiedValue).
WARNING  jax._src.dispatch:dispatch.py:204 Finished jaxpr to MLIR module conversion jit(select_n) in 0.006965160 sec
WARNING  jax._src.dispatch:dispatch.py:204 Finished XLA compilation of jit(select_n) in 0.046579123 sec
WARNING  jax._src.interpreters.pxla:pxla.py:732 Compiling jit(_broadcast_arrays) with global shapes and types (ShapedArray(int64[340,26]),). Argument mapping: (UnspecifiedValue,).
WARNING  jax._src.dispatch:dispatch.py:204 Finished jaxpr to MLIR module conversion jit(_broadcast_arrays) in 0.006049156 sec
WARNING  jax._src.dispatch:dispatch.py:204 Finished XLA compilation of jit(_broadcast_arrays) in 0.009910583 sec
WARNING  jax._src.dispatch:dispatch.py:204 Finished tracing convert_element_type for jit in 0.000303030 sec
WARNING  jax._src.interpreters.pxla:pxla.py:732 Compiling jit(convert_element_type) with global shapes and types (ShapedArray(int64[340,26]),). Argument mapping: (UnspecifiedValue,).
WARNING  jax._src.dispatch:dispatch.py:204 Finished jaxpr to MLIR module conversion jit(convert_element_type) in 0.008059978 sec
WARNING  jax._src.dispatch:dispatch.py:204 Finished XLA compilation of jit(convert_element_type) in 0.047136307 sec
WARNING  jax._src.dispatch:dispatch.py:204 Finished tracing broadcast_in_dim for jit in 0.000343561 sec
WARNING  jax._src.interpreters.pxla:pxla.py:732 Compiling jit(broadcast_in_dim) with global shapes and types (ShapedArray(int32[340,26]),). Argument mapping: (UnspecifiedValue,).
WARNING  jax._src.dispatch:dispatch.py:204 Finished jaxpr to MLIR module conversion jit(broadcast_in_dim) in 0.006438255 sec
WARNING  jax._src.dispatch:dispatch.py:204 Finished XLA compilation of jit(broadcast_in_dim) in 0.041451216 sec
WARNING  jax._src.dispatch:dispatch.py:204 Finished tracing gather for jit in 0.000368595 sec
WARNING  jax._src.interpreters.pxla:pxla.py:732 Compiling jit(gather) with global shapes and types (ShapedArray(float64[8840,2]), ShapedArray(int32[340,26,1])). Argument mapping: (UnspecifiedValue, UnspecifiedValue).
WARNING  jax._src.dispatch:dispatch.py:204 Finished jaxpr to MLIR module conversion jit(gather) in 0.006427765 sec
WARNING  jax._src.dispatch:dispatch.py:204 Finished XLA compilation of jit(gather) in 0.037775993 sec
WARNING  jax._src.dispatch:dispatch.py:204 Finished tracing broadcast_in_dim for jit in 0.000469446 sec
WARNING  jax._src.interpreters.pxla:pxla.py:732 Compiling jit(broadcast_in_dim) with global shapes and types (ShapedArray(float64[340,26,2]),). Argument mapping: (UnspecifiedValue,).
WARNING  jax._src.dispatch:dispatch.py:204 Finished jaxpr to MLIR module conversion jit(broadcast_in_dim) in 0.005851746 sec
WARNING  jax._src.dispatch:dispatch.py:204 Finished XLA compilation of jit(broadcast_in_dim) in 0.009132147 sec
WARNING  jax._src.dispatch:dispatch.py:204 Finished tracing gather for jit in 0.000356436 sec
WARNING  jax._src.interpreters.pxla:pxla.py:732 Compiling jit(gather) with global shapes and types (ShapedArray(float64[8840]), ShapedArray(int32[340,26,1])). Argument mapping: (UnspecifiedValue, UnspecifiedValue).
WARNING  jax._src.dispatch:dispatch.py:204 Finished jaxpr to MLIR module conversion jit(gather) in 0.006624222 sec
WARNING  jax._src.dispatch:dispatch.py:204 Finished XLA compilation of jit(gather) in 0.050791740 sec
WARNING  jax._src.dispatch:dispatch.py:204 Finished tracing broadcast_in_dim for jit in 0.000472307 sec
WARNING  jax._src.interpreters.pxla:pxla.py:732 Compiling jit(broadcast_in_dim) with global shapes and types (ShapedArray(float64[340,26]),). Argument mapping: (UnspecifiedValue,).
WARNING  jax._src.dispatch:dispatch.py:204 Finished jaxpr to MLIR module conversion jit(broadcast_in_dim) in 0.005780935 sec
WARNING  jax._src.dispatch:dispatch.py:204 Finished XLA compilation of jit(broadcast_in_dim) in 0.009027004 sec
WARNING  jax._src.dispatch:dispatch.py:204 Finished tracing gather for jit in 0.000412226 sec
WARNING  jax._src.interpreters.pxla:pxla.py:732 Compiling jit(gather) with global shapes and types (ShapedArray(float64[340,6]), ShapedArray(int32[340,2])). Argument mapping: (UnspecifiedValue, UnspecifiedValue).
WARNING  jax._src.dispatch:dispatch.py:204 Finished jaxpr to MLIR module conversion jit(gather) in 0.006471634 sec
WARNING  jax._src.dispatch:dispatch.py:204 Finished XLA compilation of jit(gather) in 0.037135839 sec
WARNING  jax._src.dispatch:dispatch.py:204 Finished tracing squeeze for jit in 0.000491142 sec
WARNING  jax._src.interpreters.pxla:pxla.py:732 Compiling jit(squeeze) with global shapes and types (ShapedArray(float64[340,1,6]),). Argument mapping: (UnspecifiedValue,).
WARNING  jax._src.dispatch:dispatch.py:204 Finished jaxpr to MLIR module conversion jit(squeeze) in 0.006493330 sec
WARNING  jax._src.dispatch:dispatch.py:204 Finished XLA compilation of jit(squeeze) in 0.009348154 sec
WARNING  jax._src.dispatch:dispatch.py:204 Finished tracing broadcast_in_dim for jit in 0.000370741 sec
WARNING  jax._src.interpreters.pxla:pxla.py:732 Compiling jit(broadcast_in_dim) with global shapes and types (ShapedArray(float64[340,6]),). Argument mapping: (UnspecifiedValue,).
WARNING  jax._src.dispatch:dispatch.py:204 Finished jaxpr to MLIR module conversion jit(broadcast_in_dim) in 0.006422758 sec
WARNING  jax._src.dispatch:dispatch.py:204 Finished XLA compilation of jit(broadcast_in_dim) in 0.039831400 sec
WARNING  jax._src.dispatch:dispatch.py:204 Finished tracing gather for jit in 0.000374794 sec
WARNING  jax._src.interpreters.pxla:pxla.py:732 Compiling jit(gather) with global shapes and types (ShapedArray(bool[340]), ShapedArray(int64[340,1])). Argument mapping: (UnspecifiedValue, UnspecifiedValue).
WARNING  jax._src.dispatch:dispatch.py:204 Finished jaxpr to MLIR module conversion jit(gather) in 0.006457329 sec
WARNING  jax._src.dispatch:dispatch.py:204 Finished XLA compilation of jit(gather) in 0.033531427 sec
WARNING  jax._src.interpreters.pxla:pxla.py:732 Compiling jit(_where) with global shapes and types (ShapedArray(bool[340,1,26]), ShapedArray(int64[1,26]), ShapedArray(int64[], weak_type=True)). Argument mapping: (UnspecifiedValue, UnspecifiedValue, UnspecifiedValue).
WARNING  jax._src.dispatch:dispatch.py:204 Finished jaxpr to MLIR module conversion jit(_where) in 0.006919384 sec
WARNING  jax._src.dispatch:dispatch.py:204 Finished XLA compilation of jit(_where) in 0.045470715 sec
WARNING  jax._src.interpreters.pxla:pxla.py:732 Compiling jit(take_along_axis) with global shapes and types (ShapedArray(int64[1,26]), ShapedArray(int64[340,1,26])). Argument mapping: (UnspecifiedValue, UnspecifiedValue).
WARNING  jax._src.dispatch:dispatch.py:204 Finished jaxpr to MLIR module conversion jit(take_along_axis) in 0.011315107 sec
WARNING  jax._src.dispatch:dispatch.py:204 Finished XLA compilation of jit(take_along_axis) in 0.045733452 sec
WARNING  jax._src.interpreters.pxla:pxla.py:732 Compiling jit(_broadcast_arrays) with global shapes and types (ShapedArray(int64[1,26]),). Argument mapping: (UnspecifiedValue,).
WARNING  jax._src.dispatch:dispatch.py:204 Finished jaxpr to MLIR module conversion jit(_broadcast_arrays) in 0.006178379 sec
WARNING  jax._src.dispatch:dispatch.py:204 Finished XLA compilation of jit(_broadcast_arrays) in 0.009004116 sec
WARNING  jax._src.dispatch:dispatch.py:204 Finished tracing gather for jit in 0.000374079 sec
WARNING  jax._src.interpreters.pxla:pxla.py:732 Compiling jit(gather) with global shapes and types (ShapedArray(float64[340,26,2]), ShapedArray(int32[1,26,1])). Argument mapping: (UnspecifiedValue, UnspecifiedValue).
WARNING  jax._src.dispatch:dispatch.py:204 Finished jaxpr to MLIR module conversion jit(gather) in 0.006633043 sec
WARNING  jax._src.dispatch:dispatch.py:204 Finished XLA compilation of jit(gather) in 0.037812471 sec
WARNING  jax._src.dispatch:dispatch.py:204 Finished tracing broadcast_in_dim for jit in 0.000368595 sec
WARNING  jax._src.interpreters.pxla:pxla.py:732 Compiling jit(broadcast_in_dim) with global shapes and types (ShapedArray(float64[340,1,26,2]),). Argument mapping: (UnspecifiedValue,).
WARNING  jax._src.dispatch:dispatch.py:204 Finished jaxpr to MLIR module conversion jit(broadcast_in_dim) in 0.006070137 sec
WARNING  jax._src.dispatch:dispatch.py:204 Finished XLA compilation of jit(broadcast_in_dim) in 0.008967876 sec
WARNING  jax._src.interpreters.pxla:pxla.py:732 Compiling jit(_broadcast_arrays) with global shapes and types (ShapedArray(int64[340,1,26]),). Argument mapping: (UnspecifiedValue,).
WARNING  jax._src.dispatch:dispatch.py:204 Finished jaxpr to MLIR module conversion jit(_broadcast_arrays) in 0.006055117 sec
WARNING  jax._src.dispatch:dispatch.py:204 Finished XLA compilation of jit(_broadcast_arrays) in 0.009135723 sec
WARNING  jax._src.dispatch:dispatch.py:204 Finished tracing gather for jit in 0.000359535 sec
WARNING  jax._src.interpreters.pxla:pxla.py:732 Compiling jit(gather) with global shapes and types (ShapedArray(float64[340,26,2]), ShapedArray(int32[340,1,26,1])). Argument mapping: (UnspecifiedValue, UnspecifiedValue).
WARNING  jax._src.dispatch:dispatch.py:204 Finished jaxpr to MLIR module conversion jit(gather) in 0.006756067 sec
WARNING  jax._src.dispatch:dispatch.py:204 Finished XLA compilation of jit(gather) in 0.039402246 sec
WARNING  jax._src.interpreters.pxla:pxla.py:732 Compiling jit(subtract) with global shapes and types (ShapedArray(float64[340,1,26,2]), ShapedArray(float64[340,1,1,2])). Argument mapping: (UnspecifiedValue, UnspecifiedValue).
WARNING  jax._src.dispatch:dispatch.py:204 Finished jaxpr to MLIR module conversion jit(subtract) in 0.006501436 sec
WARNING  jax._src.dispatch:dispatch.py:204 Finished XLA compilation of jit(subtract) in 0.034712076 sec
WARNING  jax._src.interpreters.pxla:pxla.py:732 Compiling jit(true_divide) with global shapes and types (ShapedArray(float64[340,1,26,2]), ShapedArray(float64[340,1,1,2])). Argument mapping: (UnspecifiedValue, UnspecifiedValue).
WARNING  jax._src.dispatch:dispatch.py:204 Finished jaxpr to MLIR module conversion jit(true_divide) in 0.006620884 sec
WARNING  jax._src.dispatch:dispatch.py:204 Finished XLA compilation of jit(true_divide) in 0.047493935 sec
WARNING  jax._src.dispatch:dispatch.py:204 Finished tracing dynamic_slice for jit in 0.000442266 sec
WARNING  jax._src.interpreters.pxla:pxla.py:732 Compiling jit(dynamic_slice) with global shapes and types (ShapedArray(float64[340,1,26,2]), ShapedArray(int64[], weak_type=True), ShapedArray(int64[], weak_type=True), ShapedArray(int64[], weak_type=True), ShapedArray(int64[], weak_type=True)). Argument mapping: (UnspecifiedValue, UnspecifiedValue, UnspecifiedValue, UnspecifiedValue, UnspecifiedValue).
WARNING  jax._src.dispatch:dispatch.py:204 Finished jaxpr to MLIR module conversion jit(dynamic_slice) in 0.005106449 sec
WARNING  jax._src.dispatch:dispatch.py:204 Finished XLA compilation of jit(dynamic_slice) in 0.031634569 sec
WARNING  jax._src.dispatch:dispatch.py:204 Finished tracing squeeze for jit in 0.000250101 sec
WARNING  jax._src.interpreters.pxla:pxla.py:732 Compiling jit(squeeze) with global shapes and types (ShapedArray(float64[340,1,26,1]),). Argument mapping: (UnspecifiedValue,).
WARNING  jax._src.dispatch:dispatch.py:204 Finished jaxpr to MLIR module conversion jit(squeeze) in 0.004753590 sec
WARNING  jax._src.dispatch:dispatch.py:204 Finished XLA compilation of jit(squeeze) in 0.036381483 sec
WARNING  jax._src.dispatch:dispatch.py:204 Finished tracing broadcast_in_dim for jit in 0.000288248 sec
WARNING  jax._src.interpreters.pxla:pxla.py:732 Compiling jit(broadcast_in_dim) with global shapes and types (ShapedArray(float64[]),). Argument mapping: (UnspecifiedValue,).
WARNING  jax._src.dispatch:dispatch.py:204 Finished jaxpr to MLIR module conversion jit(broadcast_in_dim) in 0.004892826 sec
WARNING  jax._src.dispatch:dispatch.py:204 Finished XLA compilation of jit(broadcast_in_dim) in 0.021850586 sec
WARNING  jax._src.interpreters.pxla:pxla.py:732 Compiling jit(multiply) with global shapes and types (ShapedArray(float64[340,1,26]), ShapedArray(float64[340,1,26])). Argument mapping: (UnspecifiedValue, UnspecifiedValue).
WARNING  jax._src.dispatch:dispatch.py:204 Finished jaxpr to MLIR module conversion jit(multiply) in 0.004958153 sec
WARNING  jax._src.dispatch:dispatch.py:204 Finished XLA compilation of jit(multiply) in 0.037814856 sec
WARNING  jax._src.dispatch:dispatch.py:204 Finished tracing broadcast_in_dim for jit in 0.000271082 sec
WARNING  jax._src.interpreters.pxla:pxla.py:732 Compiling jit(broadcast_in_dim) with global shapes and types (ShapedArray(float64[1,26]),). Argument mapping: (UnspecifiedValue,).
WARNING  jax._src.dispatch:dispatch.py:204 Finished jaxpr to MLIR module conversion jit(broadcast_in_dim) in 0.004945993 sec
WARNING  jax._src.dispatch:dispatch.py:204 Finished XLA compilation of jit(broadcast_in_dim) in 0.028930664 sec
WARNING  jax._src.dispatch:dispatch.py:204 Finished tracing stack for jit in 0.000324965 sec
WARNING  jax._src.interpreters.pxla:pxla.py:732 Compiling jit(stack) with global shapes and types (ShapedArray(float64[340,1,26]), ShapedArray(float64[340,1,26]), ShapedArray(float64[340,1,26]), ShapedArray(float64[340,1,26]), ShapedArray(float64[340,1,26]), ShapedArray(float64[340,1,26])). Argument mapping: (UnspecifiedValue, UnspecifiedValue, UnspecifiedValue, UnspecifiedValue, UnspecifiedValue, UnspecifiedValue).
WARNING  jax._src.dispatch:dispatch.py:204 Finished jaxpr to MLIR module conversion jit(stack) in 0.004943132 sec
WARNING  jax._src.dispatch:dispatch.py:204 Finished XLA compilation of jit(stack) in 0.143921614 sec
WARNING  jax._src.dispatch:dispatch.py:204 Finished tracing broadcast_in_dim for jit in 0.000298023 sec
WARNING  jax._src.interpreters.pxla:pxla.py:732 Compiling jit(broadcast_in_dim) with global shapes and types (ShapedArray(float64[340,1,6]),). Argument mapping: (UnspecifiedValue,).
WARNING  jax._src.dispatch:dispatch.py:204 Finished jaxpr to MLIR module conversion jit(broadcast_in_dim) in 0.004983187 sec
WARNING  jax._src.dispatch:dispatch.py:204 Finished XLA compilation of jit(broadcast_in_dim) in 0.029769659 sec
WARNING  jax._src.interpreters.pxla:pxla.py:732 Compiling jit(_einsum) with global shapes and types (ShapedArray(float64[340,1,26,6]), ShapedArray(float64[340,1,1,6])). Argument mapping: (UnspecifiedValue, UnspecifiedValue).
WARNING  jax._src.dispatch:dispatch.py:204 Finished jaxpr to MLIR module conversion jit(_einsum) in 0.005244970 sec
WARNING  jax._src.dispatch:dispatch.py:204 Finished XLA compilation of jit(_einsum) in 0.063406467 sec
WARNING  jax._src.interpreters.pxla:pxla.py:732 Compiling jit(greater) with global shapes and types (ShapedArray(float64[340,1,26]), ShapedArray(float64[], weak_type=True)). Argument mapping: (UnspecifiedValue, UnspecifiedValue).
WARNING  jax._src.dispatch:dispatch.py:204 Finished jaxpr to MLIR module conversion jit(greater) in 0.005317450 sec
WARNING  jax._src.dispatch:dispatch.py:204 Finished XLA compilation of jit(greater) in 0.032766342 sec
WARNING  jax._src.interpreters.pxla:pxla.py:732 Compiling jit(bitwise_and) with global shapes and types (ShapedArray(bool[340,1,26]), ShapedArray(bool[340,1,1])). Argument mapping: (UnspecifiedValue, UnspecifiedValue).
WARNING  jax._src.dispatch:dispatch.py:204 Finished jaxpr to MLIR module conversion jit(bitwise_and) in 0.006132603 sec
WARNING  jax._src.dispatch:dispatch.py:204 Finished XLA compilation of jit(bitwise_and) in 0.034368992 sec
WARNING  jax._src.interpreters.pxla:pxla.py:732 Compiling jit(not_equal) with global shapes and types (ShapedArray(bool[340,1,26]), ShapedArray(bool[340,1,26])). Argument mapping: (UnspecifiedValue, UnspecifiedValue).
WARNING  jax._src.dispatch:dispatch.py:204 Finished jaxpr to MLIR module conversion jit(not_equal) in 0.004849434 sec
WARNING  jax._src.dispatch:dispatch.py:204 Finished XLA compilation of jit(not_equal) in 0.034690380 sec
WARNING  jax._src.interpreters.pxla:pxla.py:732 Compiling jit(subtract) with global shapes and types (ShapedArray(float64[340,1,26]), ShapedArray(float64[340,1,26])). Argument mapping: (UnspecifiedValue, UnspecifiedValue).
WARNING  jax._src.dispatch:dispatch.py:204 Finished jaxpr to MLIR module conversion jit(subtract) in 0.005190372 sec
WARNING  jax._src.dispatch:dispatch.py:204 Finished XLA compilation of jit(subtract) in 0.039145231 sec
WARNING  jax._src.interpreters.pxla:pxla.py:732 Compiling jit(true_divide) with global shapes and types (ShapedArray(float64[340,1,26]), ShapedArray(float64[340,1,26])). Argument mapping: (UnspecifiedValue, UnspecifiedValue).
WARNING  jax._src.dispatch:dispatch.py:204 Finished jaxpr to MLIR module conversion jit(true_divide) in 0.004827261 sec
WARNING  jax._src.dispatch:dispatch.py:204 Finished XLA compilation of jit(true_divide) in 0.036803961 sec
WARNING  jax._src.interpreters.pxla:pxla.py:732 Compiling jit(add) with global shapes and types (ShapedArray(float64[340,1,26,2]), ShapedArray(float64[340,1,26,2])). Argument mapping: (UnspecifiedValue, UnspecifiedValue).
WARNING  jax._src.dispatch:dispatch.py:204 Finished jaxpr to MLIR module conversion jit(add) in 0.004915714 sec
WARNING  jax._src.dispatch:dispatch.py:204 Finished XLA compilation of jit(add) in 0.035446882 sec
WARNING  jax._src.interpreters.pxla:pxla.py:732 Compiling jit(multiply) with global shapes and types (ShapedArray(float64[], weak_type=True), ShapedArray(float64[340,1,26,2])). Argument mapping: (UnspecifiedValue, UnspecifiedValue).
WARNING  jax._src.dispatch:dispatch.py:204 Finished jaxpr to MLIR module conversion jit(multiply) in 0.005013704 sec
WARNING  jax._src.dispatch:dispatch.py:204 Finished XLA compilation of jit(multiply) in 0.025314331 sec
WARNING  jax._src.interpreters.pxla:pxla.py:732 Compiling jit(add) with global shapes and types (ShapedArray(float64[340,1,26]), ShapedArray(float64[340,1,26])). Argument mapping: (UnspecifiedValue, UnspecifiedValue).
WARNING  jax._src.dispatch:dispatch.py:204 Finished jaxpr to MLIR module conversion jit(add) in 0.004702091 sec
WARNING  jax._src.dispatch:dispatch.py:204 Finished XLA compilation of jit(add) in 0.037176132 sec
WARNING  jax._src.interpreters.pxla:pxla.py:732 Compiling jit(multiply) with global shapes and types (ShapedArray(float64[], weak_type=True), ShapedArray(float64[340,1,26])). Argument mapping: (UnspecifiedValue, UnspecifiedValue).
WARNING  jax._src.dispatch:dispatch.py:204 Finished jaxpr to MLIR module conversion jit(multiply) in 0.005187035 sec
WARNING  jax._src.dispatch:dispatch.py:204 Finished XLA compilation of jit(multiply) in 0.030811787 sec
WARNING  jax._src.interpreters.pxla:pxla.py:732 Compiling jit(abs) with global shapes and types (ShapedArray(float64[340,1,26]),). Argument mapping: (UnspecifiedValue,).
WARNING  jax._src.dispatch:dispatch.py:204 Finished jaxpr to MLIR module conversion jit(abs) in 0.004900932 sec
WARNING  jax._src.dispatch:dispatch.py:204 Finished XLA compilation of jit(abs) in 0.034013510 sec
WARNING  jax._src.interpreters.pxla:pxla.py:732 Compiling jit(greater) with global shapes and types (ShapedArray(float64[340,1,26]), ShapedArray(float64[])). Argument mapping: (UnspecifiedValue, UnspecifiedValue).
WARNING  jax._src.dispatch:dispatch.py:204 Finished jaxpr to MLIR module conversion jit(greater) in 0.005015373 sec
WARNING  jax._src.dispatch:dispatch.py:204 Finished XLA compilation of jit(greater) in 0.031273365 sec
WARNING  jax._src.interpreters.pxla:pxla.py:732 Compiling jit(_where) with global shapes and types (ShapedArray(bool[340,1,26]), ShapedArray(float64[340,1,26]), ShapedArray(float64[], weak_type=True)). Argument mapping: (UnspecifiedValue, UnspecifiedValue, UnspecifiedValue).
WARNING  jax._src.dispatch:dispatch.py:204 Finished jaxpr to MLIR module conversion jit(_where) in 0.005714178 sec
WARNING  jax._src.dispatch:dispatch.py:204 Finished XLA compilation of jit(_where) in 0.035867929 sec
WARNING  jax._src.interpreters.pxla:pxla.py:732 Compiling jit(maximum) with global shapes and types (ShapedArray(float64[340,1,26]), ShapedArray(float64[], weak_type=True)). Argument mapping: (UnspecifiedValue, UnspecifiedValue).
WARNING  jax._src.dispatch:dispatch.py:204 Finished jaxpr to MLIR module conversion jit(maximum) in 0.004964828 sec
WARNING  jax._src.dispatch:dispatch.py:204 Finished XLA compilation of jit(maximum) in 0.032413244 sec
WARNING  jax._src.interpreters.pxla:pxla.py:732 Compiling jit(sqrt) with global shapes and types (ShapedArray(float64[340,1,26]),). Argument mapping: (UnspecifiedValue,).
WARNING  jax._src.dispatch:dispatch.py:204 Finished jaxpr to MLIR module conversion jit(sqrt) in 0.004567146 sec
WARNING  jax._src.dispatch:dispatch.py:204 Finished XLA compilation of jit(sqrt) in 0.034080267 sec
WARNING  jax._src.interpreters.pxla:pxla.py:732 Compiling jit(negative) with global shapes and types (ShapedArray(float64[340,1,26]),). Argument mapping: (UnspecifiedValue,).
WARNING  jax._src.dispatch:dispatch.py:204 Finished jaxpr to MLIR module conversion jit(negative) in 0.005655289 sec
WARNING  jax._src.dispatch:dispatch.py:204 Finished XLA compilation of jit(negative) in 0.033503771 sec
WARNING  jax._src.interpreters.pxla:pxla.py:732 Compiling jit(greater_equal) with global shapes and types (ShapedArray(float64[340,1,26]), ShapedArray(float64[], weak_type=True)). Argument mapping: (UnspecifiedValue, UnspecifiedValue).
WARNING  jax._src.dispatch:dispatch.py:204 Finished jaxpr to MLIR module conversion jit(greater_equal) in 0.005240917 sec
WARNING  jax._src.dispatch:dispatch.py:204 Finished XLA compilation of jit(greater_equal) in 0.030784607 sec
WARNING  jax._src.interpreters.pxla:pxla.py:732 Compiling jit(less_equal) with global shapes and types (ShapedArray(float64[340,1,26]), ShapedArray(float64[], weak_type=True)). Argument mapping: (UnspecifiedValue, UnspecifiedValue).
WARNING  jax._src.dispatch:dispatch.py:204 Finished jaxpr to MLIR module conversion jit(less_equal) in 0.005500793 sec
WARNING  jax._src.dispatch:dispatch.py:204 Finished XLA compilation of jit(less_equal) in 0.031171799 sec
WARNING  jax._src.interpreters.pxla:pxla.py:732 Compiling jit(less_equal) with global shapes and types (ShapedArray(float64[340,1,26]), ShapedArray(float64[340,1,26])). Argument mapping: (UnspecifiedValue, UnspecifiedValue).
WARNING  jax._src.dispatch:dispatch.py:204 Finished jaxpr to MLIR module conversion jit(less_equal) in 0.005111933 sec
WARNING  jax._src.dispatch:dispatch.py:204 Finished XLA compilation of jit(less_equal) in 0.034514189 sec
WARNING  jax._src.interpreters.pxla:pxla.py:732 Compiling jit(_where) with global shapes and types (ShapedArray(bool[340,1,26]), ShapedArray(float64[340,1,26]), ShapedArray(float64[340,1,26])). Argument mapping: (UnspecifiedValue, UnspecifiedValue, UnspecifiedValue).
WARNING  jax._src.dispatch:dispatch.py:204 Finished jaxpr to MLIR module conversion jit(_where) in 0.004892826 sec
WARNING  jax._src.dispatch:dispatch.py:204 Finished XLA compilation of jit(_where) in 0.036206961 sec
WARNING  jax._src.interpreters.pxla:pxla.py:732 Compiling jit(_where) with global shapes and types (ShapedArray(bool[]), ShapedArray(float64[340,1,26]), ShapedArray(float64[340,1,26])). Argument mapping: (UnspecifiedValue, UnspecifiedValue, UnspecifiedValue).
WARNING  jax._src.dispatch:dispatch.py:204 Finished jaxpr to MLIR module conversion jit(_where) in 0.005166769 sec
WARNING  jax._src.dispatch:dispatch.py:204 Finished XLA compilation of jit(_where) in 0.040354490 sec
WARNING  jax._src.dispatch:dispatch.py:204 Finished tracing broadcast_in_dim for jit in 0.000307560 sec
WARNING  jax._src.interpreters.pxla:pxla.py:732 Compiling jit(broadcast_in_dim) with global shapes and types (ShapedArray(float64[340,1,26]),). Argument mapping: (UnspecifiedValue,).
WARNING  jax._src.dispatch:dispatch.py:204 Finished jaxpr to MLIR module conversion jit(broadcast_in_dim) in 0.005838156 sec
WARNING  jax._src.dispatch:dispatch.py:204 Finished XLA compilation of jit(broadcast_in_dim) in 0.033891678 sec
WARNING  jax._src.interpreters.pxla:pxla.py:732 Compiling jit(subtract) with global shapes and types (ShapedArray(float64[340,1,26,2]), ShapedArray(float64[340,1,26,2])). Argument mapping: (UnspecifiedValue, UnspecifiedValue).
WARNING  jax._src.dispatch:dispatch.py:204 Finished jaxpr to MLIR module conversion jit(subtract) in 0.004812956 sec
WARNING  jax._src.dispatch:dispatch.py:204 Finished XLA compilation of jit(subtract) in 0.038150549 sec
WARNING  jax._src.interpreters.pxla:pxla.py:732 Compiling jit(multiply) with global shapes and types (ShapedArray(float64[340,1,26,1]), ShapedArray(float64[340,1,26,2])). Argument mapping: (UnspecifiedValue, UnspecifiedValue).
WARNING  jax._src.dispatch:dispatch.py:204 Finished jaxpr to MLIR module conversion jit(multiply) in 0.004850626 sec
WARNING  jax._src.dispatch:dispatch.py:204 Finished XLA compilation of jit(multiply) in 0.029440165 sec
WARNING  jax._src.interpreters.pxla:pxla.py:732 Compiling jit(_roll_static) with global shapes and types (ShapedArray(bool[340,1,26]),). Argument mapping: (UnspecifiedValue,).
WARNING  jax._src.dispatch:dispatch.py:204 Finished jaxpr to MLIR module conversion jit(_roll_static) in 0.005227089 sec
WARNING  jax._src.dispatch:dispatch.py:204 Finished XLA compilation of jit(_roll_static) in 0.035180330 sec
WARNING  jax._src.interpreters.pxla:pxla.py:732 Compiling jit(equal) with global shapes and types (ShapedArray(float64[340,1,26,2]), ShapedArray(float64[340,1,26,2])). Argument mapping: (UnspecifiedValue, UnspecifiedValue).
WARNING  jax._src.dispatch:dispatch.py:204 Finished jaxpr to MLIR module conversion jit(equal) in 0.005185604 sec
WARNING  jax._src.dispatch:dispatch.py:204 Finished XLA compilation of jit(equal) in 0.038750887 sec
WARNING  jax._src.interpreters.pxla:pxla.py:732 Compiling jit(_reduce_all) with global shapes and types (ShapedArray(bool[340,1,26,2]),). Argument mapping: (UnspecifiedValue,).
WARNING  jax._src.dispatch:dispatch.py:204 Finished jaxpr to MLIR module conversion jit(_reduce_all) in 0.005336523 sec
WARNING  jax._src.dispatch:dispatch.py:204 Finished XLA compilation of jit(_reduce_all) in 0.030702591 sec
WARNING  jax._src.interpreters.pxla:pxla.py:732 Compiling jit(invert) with global shapes and types (ShapedArray(bool[340,1,26]),). Argument mapping: (UnspecifiedValue,).
WARNING  jax._src.dispatch:dispatch.py:204 Finished jaxpr to MLIR module conversion jit(invert) in 0.004906178 sec
WARNING  jax._src.dispatch:dispatch.py:204 Finished XLA compilation of jit(invert) in 0.037295580 sec
WARNING  jax._src.dispatch:dispatch.py:204 Finished tracing broadcast_in_dim for jit in 0.000270367 sec
WARNING  jax._src.interpreters.pxla:pxla.py:732 Compiling jit(broadcast_in_dim) with global shapes and types (ShapedArray(float64[340,1,1,2]),). Argument mapping: (UnspecifiedValue,).
WARNING  jax._src.dispatch:dispatch.py:204 Finished jaxpr to MLIR module conversion jit(broadcast_in_dim) in 0.004876852 sec
WARNING  jax._src.dispatch:dispatch.py:204 Finished XLA compilation of jit(broadcast_in_dim) in 0.025994539 sec
WARNING  jax._src.dispatch:dispatch.py:204 Finished tracing stack for jit in 0.000306368 sec
WARNING  jax._src.interpreters.pxla:pxla.py:732 Compiling jit(stack) with global shapes and types (ShapedArray(float64[340,1,26,2]), ShapedArray(float64[340,1,26,2]), ShapedArray(float64[340,1,26,2])). Argument mapping: (UnspecifiedValue, UnspecifiedValue, UnspecifiedValue).
WARNING  jax._src.dispatch:dispatch.py:204 Finished jaxpr to MLIR module conversion jit(stack) in 0.005073309 sec
WARNING  jax._src.dispatch:dispatch.py:204 Finished XLA compilation of jit(stack) in 0.049048662 sec
WARNING  jax._src.dispatch:dispatch.py:204 Finished tracing reshape for jit in 0.000314951 sec
WARNING  jax._src.interpreters.pxla:pxla.py:732 Compiling jit(reshape) with global shapes and types (ShapedArray(float64[340,1,26,3,2]),). Argument mapping: (UnspecifiedValue,).
WARNING  jax._src.dispatch:dispatch.py:204 Finished jaxpr to MLIR module conversion jit(reshape) in 0.004992247 sec
WARNING  jax._src.dispatch:dispatch.py:204 Finished XLA compilation of jit(reshape) in 0.032829762 sec
WARNING  jax._src.interpreters.pxla:pxla.py:732 Compiling jit(bitwise_and) with global shapes and types (ShapedArray(bool[340,1,1]), ShapedArray(bool[340,1,26])). Argument mapping: (UnspecifiedValue, UnspecifiedValue).
WARNING  jax._src.dispatch:dispatch.py:204 Finished jaxpr to MLIR module conversion jit(bitwise_and) in 0.005311966 sec
WARNING  jax._src.dispatch:dispatch.py:204 Finished XLA compilation of jit(bitwise_and) in 0.033747435 sec
WARNING  jax._src.dispatch:dispatch.py:204 Finished tracing stack for jit in 0.000304937 sec
WARNING  jax._src.interpreters.pxla:pxla.py:732 Compiling jit(stack) with global shapes and types (ShapedArray(bool[340,1,26]), ShapedArray(bool[340,1,26]), ShapedArray(bool[340,1,26])). Argument mapping: (UnspecifiedValue, UnspecifiedValue, UnspecifiedValue).
WARNING  jax._src.dispatch:dispatch.py:204 Finished jaxpr to MLIR module conversion jit(stack) in 0.006441593 sec
WARNING  jax._src.dispatch:dispatch.py:204 Finished XLA compilation of jit(stack) in 0.055132389 sec
WARNING  jax._src.dispatch:dispatch.py:204 Finished tracing reshape for jit in 0.000287294 sec
WARNING  jax._src.interpreters.pxla:pxla.py:732 Compiling jit(reshape) with global shapes and types (ShapedArray(bool[340,1,26,3]),). Argument mapping: (UnspecifiedValue,).
WARNING  jax._src.dispatch:dispatch.py:204 Finished jaxpr to MLIR module conversion jit(reshape) in 0.004917622 sec
WARNING  jax._src.dispatch:dispatch.py:204 Finished XLA compilation of jit(reshape) in 0.036964655 sec
WARNING  jax._src.dispatch:dispatch.py:204 Finished tracing broadcast_in_dim for jit in 0.000179768 sec
WARNING  jax._src.interpreters.pxla:pxla.py:732 Compiling jit(broadcast_in_dim) with global shapes and types (ShapedArray(bool[]),). Argument mapping: (UnspecifiedValue,).
WARNING  jax._src.dispatch:dispatch.py:204 Finished jaxpr to MLIR module conversion jit(broadcast_in_dim) in 0.004854679 sec
WARNING  jax._src.dispatch:dispatch.py:204 Finished XLA compilation of jit(broadcast_in_dim) in 0.022113085 sec
WARNING  jax._src.dispatch:dispatch.py:204 Finished tracing broadcast_in_dim for jit in 0.000277042 sec
WARNING  jax._src.interpreters.pxla:pxla.py:732 Compiling jit(broadcast_in_dim) with global shapes and types (ShapedArray(bool[1,26]),). Argument mapping: (UnspecifiedValue,).
WARNING  jax._src.dispatch:dispatch.py:204 Finished jaxpr to MLIR module conversion jit(broadcast_in_dim) in 0.004939318 sec
WARNING  jax._src.dispatch:dispatch.py:204 Finished XLA compilation of jit(broadcast_in_dim) in 0.029908657 sec
WARNING  jax._src.interpreters.pxla:pxla.py:732 Compiling jit(cumsum) with global shapes and types (ShapedArray(bool[340,1,78]),). Argument mapping: (UnspecifiedValue,).
WARNING  jax._src.dispatch:dispatch.py:204 Finished jaxpr to MLIR module conversion jit(cumsum) in 0.006506920 sec
WARNING  jax._src.dispatch:dispatch.py:204 Finished XLA compilation of jit(cumsum) in 0.055783033 sec
WARNING  jax._src.interpreters.pxla:pxla.py:732 Compiling jit(subtract) with global shapes and types (ShapedArray(int64[340,1,78]), ShapedArray(int64[], weak_type=True)). Argument mapping: (UnspecifiedValue, UnspecifiedValue).
WARNING  jax._src.dispatch:dispatch.py:204 Finished jaxpr to MLIR module conversion jit(subtract) in 0.005795240 sec
WARNING  jax._src.dispatch:dispatch.py:204 Finished XLA compilation of jit(subtract) in 0.027187824 sec
WARNING  jax._src.interpreters.pxla:pxla.py:732 Compiling jit(_where) with global shapes and types (ShapedArray(bool[340,1,78]), ShapedArray(int64[340,1,78]), ShapedArray(int64[], weak_type=True)). Argument mapping: (UnspecifiedValue, UnspecifiedValue, UnspecifiedValue).
WARNING  jax._src.dispatch:dispatch.py:204 Finished jaxpr to MLIR module conversion jit(_where) in 0.005237103 sec
WARNING  jax._src.dispatch:dispatch.py:204 Finished XLA compilation of jit(_where) in 0.029741526 sec
WARNING  jax._src.dispatch:dispatch.py:204 Finished tracing broadcast_in_dim for jit in 0.000268221 sec
WARNING  jax._src.interpreters.pxla:pxla.py:732 Compiling jit(broadcast_in_dim) with global shapes and types (ShapedArray(int64[1,1]),). Argument mapping: (UnspecifiedValue,).
WARNING  jax._src.dispatch:dispatch.py:204 Finished jaxpr to MLIR module conversion jit(broadcast_in_dim) in 0.004702330 sec
WARNING  jax._src.dispatch:dispatch.py:204 Finished XLA compilation of jit(broadcast_in_dim) in 0.024362326 sec
WARNING  jax._src.dispatch:dispatch.py:204 Finished tracing broadcast_in_dim for jit in 0.000288248 sec
WARNING  jax._src.interpreters.pxla:pxla.py:732 Compiling jit(broadcast_in_dim) with global shapes and types (ShapedArray(float64[]),). Argument mapping: (UnspecifiedValue,).
WARNING  jax._src.dispatch:dispatch.py:204 Finished jaxpr to MLIR module conversion jit(broadcast_in_dim) in 0.004866600 sec
WARNING  jax._src.dispatch:dispatch.py:204 Finished XLA compilation of jit(broadcast_in_dim) in 0.021963596 sec
WARNING  jax._src.dispatch:dispatch.py:204 Finished tracing broadcast_in_dim for jit in 0.000316858 sec
WARNING  jax._src.interpreters.pxla:pxla.py:732 Compiling jit(broadcast_in_dim) with global shapes and types (ShapedArray(bool[340,1,78]),). Argument mapping: (UnspecifiedValue,).
WARNING  jax._src.dispatch:dispatch.py:204 Finished jaxpr to MLIR module conversion jit(broadcast_in_dim) in 0.004970312 sec
WARNING  jax._src.dispatch:dispatch.py:204 Finished XLA compilation of jit(broadcast_in_dim) in 0.043672562 sec
WARNING  jax._src.interpreters.pxla:pxla.py:732 Compiling jit(_where) with global shapes and types (ShapedArray(bool[340,1,78,1]), ShapedArray(float64[340,1,78,2]), ShapedArray(float64[], weak_type=True)). Argument mapping: (UnspecifiedValue, UnspecifiedValue, UnspecifiedValue).
WARNING  jax._src.dispatch:dispatch.py:204 Finished jaxpr to MLIR module conversion jit(_where) in 0.005701303 sec
WARNING  jax._src.dispatch:dispatch.py:204 Finished XLA compilation of jit(_where) in 0.035093069 sec
WARNING  jax._src.interpreters.pxla:pxla.py:732 Compiling jit(less) with global shapes and types (ShapedArray(int64[1,78]), ShapedArray(int64[], weak_type=True)). Argument mapping: (UnspecifiedValue, UnspecifiedValue).
WARNING  jax._src.dispatch:dispatch.py:204 Finished jaxpr to MLIR module conversion jit(less) in 0.005566359 sec
WARNING  jax._src.dispatch:dispatch.py:204 Finished XLA compilation of jit(less) in 0.025350571 sec
WARNING  jax._src.dispatch:dispatch.py:204 Finished tracing add for jit in 0.000257015 sec
WARNING  jax._src.interpreters.pxla:pxla.py:732 Compiling jit(add) with global shapes and types (ShapedArray(int64[1,78]), ShapedArray(int64[])). Argument mapping: (UnspecifiedValue, UnspecifiedValue).
WARNING  jax._src.dispatch:dispatch.py:204 Finished jaxpr to MLIR module conversion jit(add) in 0.005015850 sec
WARNING  jax._src.dispatch:dispatch.py:204 Finished XLA compilation of jit(add) in 0.023705006 sec
WARNING  jax._src.dispatch:dispatch.py:204 Finished tracing select_n for jit in 0.000190020 sec
WARNING  jax._src.interpreters.pxla:pxla.py:732 Compiling jit(select_n) with global shapes and types (ShapedArray(bool[1,78]), ShapedArray(int64[1,78]), ShapedArray(int64[1,78])). Argument mapping: (UnspecifiedValue, UnspecifiedValue, UnspecifiedValue).
WARNING  jax._src.dispatch:dispatch.py:204 Finished jaxpr to MLIR module conversion jit(select_n) in 0.005189419 sec
WARNING  jax._src.dispatch:dispatch.py:204 Finished XLA compilation of jit(select_n) in 0.039172888 sec
WARNING  jax._src.interpreters.pxla:pxla.py:732 Compiling jit(less) with global shapes and types (ShapedArray(int64[340,1,78]), ShapedArray(int64[], weak_type=True)). Argument mapping: (UnspecifiedValue, UnspecifiedValue).
WARNING  jax._src.dispatch:dispatch.py:204 Finished jaxpr to MLIR module conversion jit(less) in 0.005854845 sec
WARNING  jax._src.dispatch:dispatch.py:204 Finished XLA compilation of jit(less) in 0.029314995 sec
WARNING  jax._src.dispatch:dispatch.py:204 Finished tracing add for jit in 0.000248432 sec
WARNING  jax._src.interpreters.pxla:pxla.py:732 Compiling jit(add) with global shapes and types (ShapedArray(int64[340,1,78]), ShapedArray(int64[])). Argument mapping: (UnspecifiedValue, UnspecifiedValue).
WARNING  jax._src.dispatch:dispatch.py:204 Finished jaxpr to MLIR module conversion jit(add) in 0.005074501 sec
WARNING  jax._src.dispatch:dispatch.py:204 Finished XLA compilation of jit(add) in 0.029234886 sec
WARNING  jax._src.dispatch:dispatch.py:204 Finished tracing select_n for jit in 0.000262976 sec
WARNING  jax._src.interpreters.pxla:pxla.py:732 Compiling jit(select_n) with global shapes and types (ShapedArray(bool[340,1,78]), ShapedArray(int64[340,1,78]), ShapedArray(int64[340,1,78])). Argument mapping: (UnspecifiedValue, UnspecifiedValue, UnspecifiedValue).
WARNING  jax._src.dispatch:dispatch.py:204 Finished jaxpr to MLIR module conversion jit(select_n) in 0.004820347 sec
WARNING  jax._src.dispatch:dispatch.py:204 Finished XLA compilation of jit(select_n) in 0.049374819 sec
WARNING  jax._src.interpreters.pxla:pxla.py:732 Compiling jit(_broadcast_arrays) with global shapes and types (ShapedArray(int64[1,78]), ShapedArray(int64[340,1,78])). Argument mapping: (UnspecifiedValue, UnspecifiedValue).
WARNING  jax._src.dispatch:dispatch.py:204 Finished jaxpr to MLIR module conversion jit(_broadcast_arrays) in 0.004848003 sec
WARNING  jax._src.dispatch:dispatch.py:204 Finished XLA compilation of jit(_broadcast_arrays) in 0.006831884 sec
WARNING  jax._src.dispatch:dispatch.py:204 Finished tracing convert_element_type for jit in 0.000246525 sec
WARNING  jax._src.interpreters.pxla:pxla.py:732 Compiling jit(convert_element_type) with global shapes and types (ShapedArray(int64[1,78]),). Argument mapping: (UnspecifiedValue,).
WARNING  jax._src.dispatch:dispatch.py:204 Finished jaxpr to MLIR module conversion jit(convert_element_type) in 0.004517794 sec
WARNING  jax._src.dispatch:dispatch.py:204 Finished XLA compilation of jit(convert_element_type) in 0.033539534 sec
WARNING  jax._src.dispatch:dispatch.py:204 Finished tracing convert_element_type for jit in 0.000267982 sec
WARNING  jax._src.interpreters.pxla:pxla.py:732 Compiling jit(convert_element_type) with global shapes and types (ShapedArray(int64[340,1,78]),). Argument mapping: (UnspecifiedValue,).
WARNING  jax._src.dispatch:dispatch.py:204 Finished jaxpr to MLIR module conversion jit(convert_element_type) in 0.005002022 sec
WARNING  jax._src.dispatch:dispatch.py:204 Finished XLA compilation of jit(convert_element_type) in 0.038244486 sec
WARNING  jax._src.dispatch:dispatch.py:204 Finished tracing broadcast_in_dim for jit in 0.000350952 sec
WARNING  jax._src.interpreters.pxla:pxla.py:732 Compiling jit(broadcast_in_dim) with global shapes and types (ShapedArray(int32[1,78]),). Argument mapping: (UnspecifiedValue,).
WARNING  jax._src.dispatch:dispatch.py:204 Finished jaxpr to MLIR module conversion jit(broadcast_in_dim) in 0.005007029 sec
WARNING  jax._src.dispatch:dispatch.py:204 Finished XLA compilation of jit(broadcast_in_dim) in 0.007218361 sec
WARNING  jax._src.dispatch:dispatch.py:204 Finished tracing broadcast_in_dim for jit in 0.000280857 sec
WARNING  jax._src.interpreters.pxla:pxla.py:732 Compiling jit(broadcast_in_dim) with global shapes and types (ShapedArray(int32[340,1,78]),). Argument mapping: (UnspecifiedValue,).
WARNING  jax._src.dispatch:dispatch.py:204 Finished jaxpr to MLIR module conversion jit(broadcast_in_dim) in 0.004547358 sec
WARNING  jax._src.dispatch:dispatch.py:204 Finished XLA compilation of jit(broadcast_in_dim) in 0.034403086 sec
WARNING  jax._src.dispatch:dispatch.py:204 Finished tracing broadcast_in_dim for jit in 0.000290632 sec
WARNING  jax._src.interpreters.pxla:pxla.py:732 Compiling jit(broadcast_in_dim) with global shapes and types (ShapedArray(int32[1,78,1]),). Argument mapping: (UnspecifiedValue,).
WARNING  jax._src.dispatch:dispatch.py:204 Finished jaxpr to MLIR module conversion jit(broadcast_in_dim) in 0.004589319 sec
WARNING  jax._src.dispatch:dispatch.py:204 Finished XLA compilation of jit(broadcast_in_dim) in 0.025237799 sec
WARNING  jax._src.dispatch:dispatch.py:204 Finished tracing concatenate for jit in 0.000329256 sec
WARNING  jax._src.interpreters.pxla:pxla.py:732 Compiling jit(concatenate) with global shapes and types (ShapedArray(int32[340,1,78,1]), ShapedArray(int32[340,1,78,1])). Argument mapping: (UnspecifiedValue, UnspecifiedValue).
WARNING  jax._src.dispatch:dispatch.py:204 Finished jaxpr to MLIR module conversion jit(concatenate) in 0.004924297 sec
WARNING  jax._src.dispatch:dispatch.py:204 Finished XLA compilation of jit(concatenate) in 0.017695189 sec
WARNING  jax._src.interpreters.pxla:pxla.py:732 Compiling jit(_squeeze) with global shapes and types (ShapedArray(float64[340,1,78,2]),). Argument mapping: (UnspecifiedValue,).
WARNING  jax._src.dispatch:dispatch.py:204 Finished jaxpr to MLIR module conversion jit(_squeeze) in 0.005016088 sec
WARNING  jax._src.dispatch:dispatch.py:204 Finished XLA compilation of jit(_squeeze) in 0.006876230 sec
WARNING  jax._src.dispatch:dispatch.py:204 Finished tracing broadcast_in_dim for jit in 0.000367165 sec
WARNING  jax._src.interpreters.pxla:pxla.py:732 Compiling jit(broadcast_in_dim) with global shapes and types (ShapedArray(float64[1,28,2]),). Argument mapping: (UnspecifiedValue,).
WARNING  jax._src.dispatch:dispatch.py:204 Finished jaxpr to MLIR module conversion jit(broadcast_in_dim) in 0.005677223 sec
WARNING  jax._src.dispatch:dispatch.py:204 Finished XLA compilation of jit(broadcast_in_dim) in 0.025516987 sec
WARNING  jax._src.dispatch:dispatch.py:204 Finished tracing scatter-add for jit in 0.000338554 sec
WARNING  jax._src.interpreters.pxla:pxla.py:732 Compiling jit(scatter-add) with global shapes and types (ShapedArray(float64[340,1,28,2]), ShapedArray(int32[340,1,78,2]), ShapedArray(float64[340,1,78,2])). Argument mapping: (UnspecifiedValue, UnspecifiedValue, UnspecifiedValue).
WARNING  jax._src.dispatch:dispatch.py:204 Finished jaxpr to MLIR module conversion jit(scatter-add) in 0.005894184 sec
WARNING  jax._src.dispatch:dispatch.py:204 Finished XLA compilation of jit(scatter-add) in 0.049719810 sec
WARNING  jax._src.interpreters.pxla:pxla.py:732 Compiling jit(_reduce_sum) with global shapes and types (ShapedArray(bool[340,1,78]),). Argument mapping: (UnspecifiedValue,).
WARNING  jax._src.dispatch:dispatch.py:204 Finished jaxpr to MLIR module conversion jit(_reduce_sum) in 0.006115198 sec
WARNING  jax._src.dispatch:dispatch.py:204 Finished XLA compilation of jit(_reduce_sum) in 0.045432329 sec
WARNING  jax._src.dispatch:dispatch.py:204 Finished tracing broadcast_in_dim for jit in 0.000299931 sec
WARNING  jax._src.interpreters.pxla:pxla.py:732 Compiling jit(broadcast_in_dim) with global shapes and types (ShapedArray(int32[]),). Argument mapping: (UnspecifiedValue,).
WARNING  jax._src.dispatch:dispatch.py:204 Finished jaxpr to MLIR module conversion jit(broadcast_in_dim) in 0.005088568 sec
WARNING  jax._src.dispatch:dispatch.py:204 Finished XLA compilation of jit(broadcast_in_dim) in 0.021316767 sec
WARNING  jax._src.interpreters.pxla:pxla.py:732 Compiling jit(bitwise_and) with global shapes and types (ShapedArray(bool[340,1,78]), ShapedArray(bool[340,1,78])). Argument mapping: (UnspecifiedValue, UnspecifiedValue).
WARNING  jax._src.dispatch:dispatch.py:204 Finished jaxpr to MLIR module conversion jit(bitwise_and) in 0.004721642 sec
WARNING  jax._src.dispatch:dispatch.py:204 Finished XLA compilation of jit(bitwise_and) in 0.041789293 sec
WARNING  jax._src.dispatch:dispatch.py:204 Finished tracing convert_element_type for jit in 0.000252485 sec
WARNING  jax._src.interpreters.pxla:pxla.py:732 Compiling jit(convert_element_type) with global shapes and types (ShapedArray(bool[340,1,78]),). Argument mapping: (UnspecifiedValue,).
WARNING  jax._src.dispatch:dispatch.py:204 Finished jaxpr to MLIR module conversion jit(convert_element_type) in 0.004925013 sec
WARNING  jax._src.dispatch:dispatch.py:204 Finished XLA compilation of jit(convert_element_type) in 0.038564682 sec
WARNING  jax._src.interpreters.pxla:pxla.py:732 Compiling jit(_squeeze) with global shapes and types (ShapedArray(int32[340,1,78]),). Argument mapping: (UnspecifiedValue,).
WARNING  jax._src.dispatch:dispatch.py:204 Finished jaxpr to MLIR module conversion jit(_squeeze) in 0.004804611 sec
WARNING  jax._src.dispatch:dispatch.py:204 Finished XLA compilation of jit(_squeeze) in 0.006454468 sec
WARNING  jax._src.dispatch:dispatch.py:204 Finished tracing broadcast_in_dim for jit in 0.000296116 sec
WARNING  jax._src.interpreters.pxla:pxla.py:732 Compiling jit(broadcast_in_dim) with global shapes and types (ShapedArray(int32[1,28]),). Argument mapping: (UnspecifiedValue,).
WARNING  jax._src.dispatch:dispatch.py:204 Finished jaxpr to MLIR module conversion jit(broadcast_in_dim) in 0.004570246 sec
WARNING  jax._src.dispatch:dispatch.py:204 Finished XLA compilation of jit(broadcast_in_dim) in 0.029678822 sec
WARNING  jax._src.dispatch:dispatch.py:204 Finished tracing scatter-add for jit in 0.000323534 sec
WARNING  jax._src.interpreters.pxla:pxla.py:732 Compiling jit(scatter-add) with global shapes and types (ShapedArray(int32[340,1,28]), ShapedArray(int32[340,1,78,2]), ShapedArray(int32[340,1,78])). Argument mapping: (UnspecifiedValue, UnspecifiedValue, UnspecifiedValue).
WARNING  jax._src.dispatch:dispatch.py:204 Finished jaxpr to MLIR module conversion jit(scatter-add) in 0.005150080 sec
WARNING  jax._src.dispatch:dispatch.py:204 Finished XLA compilation of jit(scatter-add) in 0.046700954 sec
WARNING  jax._src.interpreters.pxla:pxla.py:732 Compiling jit(greater) with global shapes and types (ShapedArray(int32[340,1,28]), ShapedArray(int64[], weak_type=True)). Argument mapping: (UnspecifiedValue, UnspecifiedValue).
WARNING  jax._src.dispatch:dispatch.py:204 Finished jaxpr to MLIR module conversion jit(greater) in 0.005220413 sec
WARNING  jax._src.dispatch:dispatch.py:204 Finished XLA compilation of jit(greater) in 0.033125162 sec
WARNING  jax._src.dispatch:dispatch.py:204 Finished tracing iota for jit in 0.000249147 sec
WARNING  jax._src.interpreters.pxla:pxla.py:732 Compiling jit(iota) with global shapes and types (). Argument mapping: ().
WARNING  jax._src.dispatch:dispatch.py:204 Finished jaxpr to MLIR module conversion jit(iota) in 0.004519463 sec
WARNING  jax._src.dispatch:dispatch.py:204 Finished XLA compilation of jit(iota) in 0.026831865 sec
WARNING  jax._src.dispatch:dispatch.py:204 Finished tracing broadcast_in_dim for jit in 0.000300407 sec
WARNING  jax._src.interpreters.pxla:pxla.py:732 Compiling jit(broadcast_in_dim) with global shapes and types (ShapedArray(int64[28]),). Argument mapping: (UnspecifiedValue,).
WARNING  jax._src.dispatch:dispatch.py:204 Finished jaxpr to MLIR module conversion jit(broadcast_in_dim) in 0.005846977 sec
WARNING  jax._src.dispatch:dispatch.py:204 Finished XLA compilation of jit(broadcast_in_dim) in 0.006753683 sec
WARNING  jax._src.interpreters.pxla:pxla.py:732 Compiling jit(less) with global shapes and types (ShapedArray(int64[1,28]), ShapedArray(int64[340,1,1])). Argument mapping: (UnspecifiedValue, UnspecifiedValue).
WARNING  jax._src.dispatch:dispatch.py:204 Finished jaxpr to MLIR module conversion jit(less) in 0.005033255 sec
WARNING  jax._src.dispatch:dispatch.py:204 Finished XLA compilation of jit(less) in 0.031147957 sec
WARNING  jax._src.interpreters.pxla:pxla.py:732 Compiling jit(_roll_static) with global shapes and types (ShapedArray(float64[340,1,28,2]),). Argument mapping: (UnspecifiedValue,).
WARNING  jax._src.dispatch:dispatch.py:204 Finished jaxpr to MLIR module conversion jit(_roll_static) in 0.005206823 sec
WARNING  jax._src.dispatch:dispatch.py:204 Finished XLA compilation of jit(_roll_static) in 0.028016090 sec
WARNING  jax._src.interpreters.pxla:pxla.py:732 Compiling jit(not_equal) with global shapes and types (ShapedArray(float64[340,1,28,2]), ShapedArray(float64[340,1,28,2])). Argument mapping: (UnspecifiedValue, UnspecifiedValue).
WARNING  jax._src.dispatch:dispatch.py:204 Finished jaxpr to MLIR module conversion jit(not_equal) in 0.004822731 sec
WARNING  jax._src.dispatch:dispatch.py:204 Finished XLA compilation of jit(not_equal) in 0.036351204 sec
WARNING  jax._src.interpreters.pxla:pxla.py:732 Compiling jit(_reduce_any) with global shapes and types (ShapedArray(bool[340,1,28,2]),). Argument mapping: (UnspecifiedValue,).
WARNING  jax._src.dispatch:dispatch.py:204 Finished jaxpr to MLIR module conversion jit(_reduce_any) in 0.005235434 sec
WARNING  jax._src.dispatch:dispatch.py:204 Finished XLA compilation of jit(_reduce_any) in 0.026709318 sec
WARNING  jax._src.interpreters.pxla:pxla.py:732 Compiling jit(equal) with global shapes and types (ShapedArray(int64[1,28]), ShapedArray(int64[], weak_type=True)). Argument mapping: (UnspecifiedValue, UnspecifiedValue).
WARNING  jax._src.dispatch:dispatch.py:204 Finished jaxpr to MLIR module conversion jit(equal) in 0.005430698 sec
WARNING  jax._src.dispatch:dispatch.py:204 Finished XLA compilation of jit(equal) in 0.024130583 sec
WARNING  jax._src.interpreters.pxla:pxla.py:732 Compiling jit(bitwise_or) with global shapes and types (ShapedArray(bool[1,28]), ShapedArray(bool[340,1,28])). Argument mapping: (UnspecifiedValue, UnspecifiedValue).
WARNING  jax._src.dispatch:dispatch.py:204 Finished jaxpr to MLIR module conversion jit(bitwise_or) in 0.006256104 sec
WARNING  jax._src.dispatch:dispatch.py:204 Finished XLA compilation of jit(bitwise_or) in 0.037071466 sec
WARNING  jax._src.interpreters.pxla:pxla.py:732 Compiling jit(bitwise_and) with global shapes and types (ShapedArray(bool[340,1,28]), ShapedArray(bool[340,1,28])). Argument mapping: (UnspecifiedValue, UnspecifiedValue).
WARNING  jax._src.dispatch:dispatch.py:204 Finished jaxpr to MLIR module conversion jit(bitwise_and) in 0.005030394 sec
WARNING  jax._src.dispatch:dispatch.py:204 Finished XLA compilation of jit(bitwise_and) in 0.034261703 sec
WARNING  jax._src.interpreters.pxla:pxla.py:732 Compiling jit(cumsum) with global shapes and types (ShapedArray(bool[340,1,28]),). Argument mapping: (UnspecifiedValue,).
WARNING  jax._src.dispatch:dispatch.py:204 Finished jaxpr to MLIR module conversion jit(cumsum) in 0.006666183 sec
WARNING  jax._src.dispatch:dispatch.py:204 Finished XLA compilation of jit(cumsum) in 0.055910587 sec
WARNING  jax._src.interpreters.pxla:pxla.py:732 Compiling jit(subtract) with global shapes and types (ShapedArray(int64[340,1,28]), ShapedArray(int64[], weak_type=True)). Argument mapping: (UnspecifiedValue, UnspecifiedValue).
WARNING  jax._src.dispatch:dispatch.py:204 Finished jaxpr to MLIR module conversion jit(subtract) in 0.005686760 sec
WARNING  jax._src.dispatch:dispatch.py:204 Finished XLA compilation of jit(subtract) in 0.032649040 sec
WARNING  jax._src.interpreters.pxla:pxla.py:732 Compiling jit(_where) with global shapes and types (ShapedArray(bool[340,1,28]), ShapedArray(int64[340,1,28]), ShapedArray(int64[], weak_type=True)). Argument mapping: (UnspecifiedValue, UnspecifiedValue, UnspecifiedValue).
WARNING  jax._src.dispatch:dispatch.py:204 Finished jaxpr to MLIR module conversion jit(_where) in 0.005705595 sec
WARNING  jax._src.dispatch:dispatch.py:204 Finished XLA compilation of jit(_where) in 0.038861036 sec
WARNING  jax._src.dispatch:dispatch.py:204 Finished tracing broadcast_in_dim for jit in 0.000271559 sec
WARNING  jax._src.interpreters.pxla:pxla.py:732 Compiling jit(broadcast_in_dim) with global shapes and types (ShapedArray(int64[1,1]),). Argument mapping: (UnspecifiedValue,).
WARNING  jax._src.dispatch:dispatch.py:204 Finished jaxpr to MLIR module conversion jit(broadcast_in_dim) in 0.004845619 sec
WARNING  jax._src.dispatch:dispatch.py:204 Finished XLA compilation of jit(broadcast_in_dim) in 0.022322655 sec
WARNING  jax._src.dispatch:dispatch.py:204 Finished tracing broadcast_in_dim for jit in 0.000314474 sec
WARNING  jax._src.interpreters.pxla:pxla.py:732 Compiling jit(broadcast_in_dim) with global shapes and types (ShapedArray(bool[340,1,28]),). Argument mapping: (UnspecifiedValue,).
WARNING  jax._src.dispatch:dispatch.py:204 Finished jaxpr to MLIR module conversion jit(broadcast_in_dim) in 0.005088806 sec
WARNING  jax._src.dispatch:dispatch.py:204 Finished XLA compilation of jit(broadcast_in_dim) in 0.041923285 sec
WARNING  jax._src.interpreters.pxla:pxla.py:732 Compiling jit(_where) with global shapes and types (ShapedArray(bool[340,1,28,1]), ShapedArray(float64[340,1,28,2]), ShapedArray(float64[], weak_type=True)). Argument mapping: (UnspecifiedValue, UnspecifiedValue, UnspecifiedValue).
WARNING  jax._src.dispatch:dispatch.py:204 Finished jaxpr to MLIR module conversion jit(_where) in 0.006596327 sec
WARNING  jax._src.dispatch:dispatch.py:204 Finished XLA compilation of jit(_where) in 0.028122902 sec
WARNING  jax._src.interpreters.pxla:pxla.py:732 Compiling jit(less) with global shapes and types (ShapedArray(int64[1,28]), ShapedArray(int64[], weak_type=True)). Argument mapping: (UnspecifiedValue, UnspecifiedValue).
WARNING  jax._src.dispatch:dispatch.py:204 Finished jaxpr to MLIR module conversion jit(less) in 0.005849838 sec
WARNING  jax._src.dispatch:dispatch.py:204 Finished XLA compilation of jit(less) in 0.024989367 sec
WARNING  jax._src.dispatch:dispatch.py:204 Finished tracing add for jit in 0.000258207 sec
WARNING  jax._src.interpreters.pxla:pxla.py:732 Compiling jit(add) with global shapes and types (ShapedArray(int64[1,28]), ShapedArray(int64[])). Argument mapping: (UnspecifiedValue, UnspecifiedValue).
WARNING  jax._src.dispatch:dispatch.py:204 Finished jaxpr to MLIR module conversion jit(add) in 0.005058765 sec
WARNING  jax._src.dispatch:dispatch.py:204 Finished XLA compilation of jit(add) in 0.024655581 sec
WARNING  jax._src.dispatch:dispatch.py:204 Finished tracing select_n for jit in 0.000168562 sec
WARNING  jax._src.interpreters.pxla:pxla.py:732 Compiling jit(select_n) with global shapes and types (ShapedArray(bool[1,28]), ShapedArray(int64[1,28]), ShapedArray(int64[1,28])). Argument mapping: (UnspecifiedValue, UnspecifiedValue, UnspecifiedValue).
WARNING  jax._src.dispatch:dispatch.py:204 Finished jaxpr to MLIR module conversion jit(select_n) in 0.004942894 sec
WARNING  jax._src.dispatch:dispatch.py:204 Finished XLA compilation of jit(select_n) in 0.032029152 sec
WARNING  jax._src.interpreters.pxla:pxla.py:732 Compiling jit(less) with global shapes and types (ShapedArray(int64[340,1,28]), ShapedArray(int64[], weak_type=True)). Argument mapping: (UnspecifiedValue, UnspecifiedValue).
WARNING  jax._src.dispatch:dispatch.py:204 Finished jaxpr to MLIR module conversion jit(less) in 0.005429745 sec
WARNING  jax._src.dispatch:dispatch.py:204 Finished XLA compilation of jit(less) in 0.032642365 sec
WARNING  jax._src.dispatch:dispatch.py:204 Finished tracing add for jit in 0.000263453 sec
WARNING  jax._src.interpreters.pxla:pxla.py:732 Compiling jit(add) with global shapes and types (ShapedArray(int64[340,1,28]), ShapedArray(int64[])). Argument mapping: (UnspecifiedValue, UnspecifiedValue).
WARNING  jax._src.dispatch:dispatch.py:204 Finished jaxpr to MLIR module conversion jit(add) in 0.005169153 sec
WARNING  jax._src.dispatch:dispatch.py:204 Finished XLA compilation of jit(add) in 0.033150434 sec
WARNING  jax._src.dispatch:dispatch.py:204 Finished tracing select_n for jit in 0.000251293 sec
WARNING  jax._src.interpreters.pxla:pxla.py:732 Compiling jit(select_n) with global shapes and types (ShapedArray(bool[340,1,28]), ShapedArray(int64[340,1,28]), ShapedArray(int64[340,1,28])). Argument mapping: (UnspecifiedValue, UnspecifiedValue, UnspecifiedValue).
WARNING  jax._src.dispatch:dispatch.py:204 Finished jaxpr to MLIR module conversion jit(select_n) in 0.005120277 sec
WARNING  jax._src.dispatch:dispatch.py:204 Finished XLA compilation of jit(select_n) in 0.035568237 sec
WARNING  jax._src.interpreters.pxla:pxla.py:732 Compiling jit(_broadcast_arrays) with global shapes and types (ShapedArray(int64[1,28]), ShapedArray(int64[340,1,28])). Argument mapping: (UnspecifiedValue, UnspecifiedValue).
WARNING  jax._src.dispatch:dispatch.py:204 Finished jaxpr to MLIR module conversion jit(_broadcast_arrays) in 0.004604340 sec
WARNING  jax._src.dispatch:dispatch.py:204 Finished XLA compilation of jit(_broadcast_arrays) in 0.006484509 sec
WARNING  jax._src.dispatch:dispatch.py:204 Finished tracing convert_element_type for jit in 0.000224352 sec
WARNING  jax._src.interpreters.pxla:pxla.py:732 Compiling jit(convert_element_type) with global shapes and types (ShapedArray(int64[1,28]),). Argument mapping: (UnspecifiedValue,).
WARNING  jax._src.dispatch:dispatch.py:204 Finished jaxpr to MLIR module conversion jit(convert_element_type) in 0.004474878 sec
WARNING  jax._src.dispatch:dispatch.py:204 Finished XLA compilation of jit(convert_element_type) in 0.083771944 sec
WARNING  jax._src.dispatch:dispatch.py:204 Finished tracing convert_element_type for jit in 0.000260353 sec
WARNING  jax._src.interpreters.pxla:pxla.py:732 Compiling jit(convert_element_type) with global shapes and types (ShapedArray(int64[340,1,28]),). Argument mapping: (UnspecifiedValue,).
WARNING  jax._src.dispatch:dispatch.py:204 Finished jaxpr to MLIR module conversion jit(convert_element_type) in 0.005027533 sec
WARNING  jax._src.dispatch:dispatch.py:204 Finished XLA compilation of jit(convert_element_type) in 0.036488056 sec
WARNING  jax._src.dispatch:dispatch.py:204 Finished tracing broadcast_in_dim for jit in 0.000334501 sec
WARNING  jax._src.interpreters.pxla:pxla.py:732 Compiling jit(broadcast_in_dim) with global shapes and types (ShapedArray(int32[1,28]),). Argument mapping: (UnspecifiedValue,).
WARNING  jax._src.dispatch:dispatch.py:204 Finished jaxpr to MLIR module conversion jit(broadcast_in_dim) in 0.004892826 sec
WARNING  jax._src.dispatch:dispatch.py:204 Finished XLA compilation of jit(broadcast_in_dim) in 0.007033348 sec
WARNING  jax._src.dispatch:dispatch.py:204 Finished tracing broadcast_in_dim for jit in 0.000301361 sec
WARNING  jax._src.interpreters.pxla:pxla.py:732 Compiling jit(broadcast_in_dim) with global shapes and types (ShapedArray(int32[340,1,28]),). Argument mapping: (UnspecifiedValue,).
WARNING  jax._src.dispatch:dispatch.py:204 Finished jaxpr to MLIR module conversion jit(broadcast_in_dim) in 0.004836082 sec
WARNING  jax._src.dispatch:dispatch.py:204 Finished XLA compilation of jit(broadcast_in_dim) in 0.033782482 sec
WARNING  jax._src.dispatch:dispatch.py:204 Finished tracing broadcast_in_dim for jit in 0.000297308 sec
WARNING  jax._src.interpreters.pxla:pxla.py:732 Compiling jit(broadcast_in_dim) with global shapes and types (ShapedArray(int32[1,28,1]),). Argument mapping: (UnspecifiedValue,).
WARNING  jax._src.dispatch:dispatch.py:204 Finished jaxpr to MLIR module conversion jit(broadcast_in_dim) in 0.004924059 sec
WARNING  jax._src.dispatch:dispatch.py:204 Finished XLA compilation of jit(broadcast_in_dim) in 0.029453278 sec
WARNING  jax._src.dispatch:dispatch.py:204 Finished tracing concatenate for jit in 0.000267029 sec
WARNING  jax._src.interpreters.pxla:pxla.py:732 Compiling jit(concatenate) with global shapes and types (ShapedArray(int32[340,1,28,1]), ShapedArray(int32[340,1,28,1])). Argument mapping: (UnspecifiedValue, UnspecifiedValue).
WARNING  jax._src.dispatch:dispatch.py:204 Finished jaxpr to MLIR module conversion jit(concatenate) in 0.004826307 sec
WARNING  jax._src.dispatch:dispatch.py:204 Finished XLA compilation of jit(concatenate) in 0.015149832 sec
WARNING  jax._src.interpreters.pxla:pxla.py:732 Compiling jit(_squeeze) with global shapes and types (ShapedArray(float64[340,1,28,2]),). Argument mapping: (UnspecifiedValue,).
WARNING  jax._src.dispatch:dispatch.py:204 Finished jaxpr to MLIR module conversion jit(_squeeze) in 0.004644156 sec
WARNING  jax._src.dispatch:dispatch.py:204 Finished XLA compilation of jit(_squeeze) in 0.006872654 sec
WARNING  jax._src.dispatch:dispatch.py:204 Finished tracing scatter-add for jit in 0.000362158 sec
WARNING  jax._src.interpreters.pxla:pxla.py:732 Compiling jit(scatter-add) with global shapes and types (ShapedArray(float64[340,1,28,2]), ShapedArray(int32[340,1,28,2]), ShapedArray(float64[340,1,28,2])). Argument mapping: (UnspecifiedValue, UnspecifiedValue, UnspecifiedValue).
WARNING  jax._src.dispatch:dispatch.py:204 Finished jaxpr to MLIR module conversion jit(scatter-add) in 0.005164385 sec
WARNING  jax._src.dispatch:dispatch.py:204 Finished XLA compilation of jit(scatter-add) in 0.045132875 sec
WARNING  jax._src.interpreters.pxla:pxla.py:732 Compiling jit(_reduce_sum) with global shapes and types (ShapedArray(bool[340,1,28]),). Argument mapping: (UnspecifiedValue,).
WARNING  jax._src.dispatch:dispatch.py:204 Finished jaxpr to MLIR module conversion jit(_reduce_sum) in 0.005766392 sec
WARNING  jax._src.dispatch:dispatch.py:204 Finished XLA compilation of jit(_reduce_sum) in 0.029078484 sec
WARNING  jax._src.dispatch:dispatch.py:204 Finished tracing convert_element_type for jit in 0.000234365 sec
WARNING  jax._src.interpreters.pxla:pxla.py:732 Compiling jit(convert_element_type) with global shapes and types (ShapedArray(bool[340,1,28]),). Argument mapping: (UnspecifiedValue,).
WARNING  jax._src.dispatch:dispatch.py:204 Finished jaxpr to MLIR module conversion jit(convert_element_type) in 0.004790306 sec
WARNING  jax._src.dispatch:dispatch.py:204 Finished XLA compilation of jit(convert_element_type) in 0.031833649 sec
WARNING  jax._src.interpreters.pxla:pxla.py:732 Compiling jit(_squeeze) with global shapes and types (ShapedArray(int32[340,1,28]),). Argument mapping: (UnspecifiedValue,).
WARNING  jax._src.dispatch:dispatch.py:204 Finished jaxpr to MLIR module conversion jit(_squeeze) in 0.004626036 sec
WARNING  jax._src.dispatch:dispatch.py:204 Finished XLA compilation of jit(_squeeze) in 0.006591082 sec
WARNING  jax._src.dispatch:dispatch.py:204 Finished tracing scatter-add for jit in 0.000274181 sec
WARNING  jax._src.interpreters.pxla:pxla.py:732 Compiling jit(scatter-add) with global shapes and types (ShapedArray(int32[340,1,28]), ShapedArray(int32[340,1,28,2]), ShapedArray(int32[340,1,28])). Argument mapping: (UnspecifiedValue, UnspecifiedValue, UnspecifiedValue).
WARNING  jax._src.dispatch:dispatch.py:204 Finished jaxpr to MLIR module conversion jit(scatter-add) in 0.005038023 sec
WARNING  jax._src.dispatch:dispatch.py:204 Finished XLA compilation of jit(scatter-add) in 0.045127153 sec
WARNING  jax._src.interpreters.pxla:pxla.py:732 Compiling jit(take_along_axis) with global shapes and types (ShapedArray(float64[340,1,28,2]), ShapedArray(int64[340,1,1,1])). Argument mapping: (UnspecifiedValue, UnspecifiedValue).
WARNING  jax._src.dispatch:dispatch.py:204 Finished jaxpr to MLIR module conversion jit(take_along_axis) in 0.009053707 sec
WARNING  jax._src.dispatch:dispatch.py:204 Finished XLA compilation of jit(take_along_axis) in 0.033460140 sec
WARNING  jax._src.dispatch:dispatch.py:204 Finished tracing dynamic_slice for jit in 0.000272274 sec
WARNING  jax._src.interpreters.pxla:pxla.py:732 Compiling jit(dynamic_slice) with global shapes and types (ShapedArray(float64[340,1,28,2]), ShapedArray(int64[], weak_type=True), ShapedArray(int64[], weak_type=True), ShapedArray(int64[], weak_type=True), ShapedArray(int64[], weak_type=True)). Argument mapping: (UnspecifiedValue, UnspecifiedValue, UnspecifiedValue, UnspecifiedValue, UnspecifiedValue).
WARNING  jax._src.dispatch:dispatch.py:204 Finished jaxpr to MLIR module conversion jit(dynamic_slice) in 0.004917860 sec
WARNING  jax._src.dispatch:dispatch.py:204 Finished XLA compilation of jit(dynamic_slice) in 0.024198055 sec
WARNING  jax._src.dispatch:dispatch.py:204 Finished tracing broadcast_in_dim for jit in 0.000271320 sec
WARNING  jax._src.interpreters.pxla:pxla.py:732 Compiling jit(broadcast_in_dim) with global shapes and types (ShapedArray(int64[28]),). Argument mapping: (UnspecifiedValue,).
WARNING  jax._src.dispatch:dispatch.py:204 Finished jaxpr to MLIR module conversion jit(broadcast_in_dim) in 0.006414413 sec
WARNING  jax._src.dispatch:dispatch.py:204 Finished XLA compilation of jit(broadcast_in_dim) in 0.008359909 sec
WARNING  jax._src.interpreters.pxla:pxla.py:732 Compiling jit(less) with global shapes and types (ShapedArray(int64[1,28,1]), ShapedArray(int64[340,1,1,1])). Argument mapping: (UnspecifiedValue, UnspecifiedValue).
WARNING  jax._src.dispatch:dispatch.py:204 Finished jaxpr to MLIR module conversion jit(less) in 0.005260468 sec
WARNING  jax._src.dispatch:dispatch.py:204 Finished XLA compilation of jit(less) in 0.032541275 sec
WARNING  jax._src.interpreters.pxla:pxla.py:732 Compiling jit(_argmax) with global shapes and types (ShapedArray(bool[340,1,28]),). Argument mapping: (UnspecifiedValue,).
WARNING  jax._src.dispatch:dispatch.py:204 Finished jaxpr to MLIR module conversion jit(_argmax) in 0.008276224 sec
WARNING  jax._src.dispatch:dispatch.py:204 Finished XLA compilation of jit(_argmax) in 0.040358067 sec
WARNING  jax._src.interpreters.pxla:pxla.py:732 Compiling jit(add) with global shapes and types (ShapedArray(int64[1,28]), ShapedArray(int64[340,1,1])). Argument mapping: (UnspecifiedValue, UnspecifiedValue).
WARNING  jax._src.dispatch:dispatch.py:204 Finished jaxpr to MLIR module conversion jit(add) in 0.004940987 sec
WARNING  jax._src.dispatch:dispatch.py:204 Finished XLA compilation of jit(add) in 0.030520201 sec
WARNING  jax._src.interpreters.pxla:pxla.py:732 Compiling jit(remainder) with global shapes and types (ShapedArray(int64[340,1,28]), ShapedArray(int64[340,1,1])). Argument mapping: (UnspecifiedValue, UnspecifiedValue).
WARNING  jax._src.dispatch:dispatch.py:204 Finished jaxpr to MLIR module conversion jit(remainder) in 0.008043766 sec
WARNING  jax._src.dispatch:dispatch.py:204 Finished XLA compilation of jit(remainder) in 0.040082932 sec
WARNING  jax._src.dispatch:dispatch.py:204 Finished tracing broadcast_in_dim for jit in 0.000293255 sec
WARNING  jax._src.interpreters.pxla:pxla.py:732 Compiling jit(broadcast_in_dim) with global shapes and types (ShapedArray(int64[340,1,28]),). Argument mapping: (UnspecifiedValue,).
WARNING  jax._src.dispatch:dispatch.py:204 Finished jaxpr to MLIR module conversion jit(broadcast_in_dim) in 0.005383968 sec
WARNING  jax._src.dispatch:dispatch.py:204 Finished XLA compilation of jit(broadcast_in_dim) in 0.031302929 sec
WARNING  jax._src.interpreters.pxla:pxla.py:732 Compiling jit(take_along_axis) with global shapes and types (ShapedArray(float64[340,1,28,2]), ShapedArray(int64[340,1,28,1])). Argument mapping: (UnspecifiedValue, UnspecifiedValue).
WARNING  jax._src.dispatch:dispatch.py:204 Finished jaxpr to MLIR module conversion jit(take_along_axis) in 0.008900881 sec
WARNING  jax._src.dispatch:dispatch.py:204 Finished XLA compilation of jit(take_along_axis) in 0.031579971 sec
WARNING  jax._src.interpreters.pxla:pxla.py:732 Compiling jit(take_along_axis) with global shapes and types (ShapedArray(bool[340,1,28]), ShapedArray(int64[340,1,28])). Argument mapping: (UnspecifiedValue, UnspecifiedValue).
WARNING  jax._src.dispatch:dispatch.py:204 Finished jaxpr to MLIR module conversion jit(take_along_axis) in 0.008177280 sec
WARNING  jax._src.dispatch:dispatch.py:204 Finished XLA compilation of jit(take_along_axis) in 0.035657883 sec
WARNING  jax._src.interpreters.pxla:pxla.py:732 Compiling jit(_linspace) with global shapes and types (ShapedArray(float64[], weak_type=True), ShapedArray(float64[], weak_type=True)). Argument mapping: (UnspecifiedValue, UnspecifiedValue).
WARNING  jax._src.dispatch:dispatch.py:204 Finished jaxpr to MLIR module conversion jit(_linspace) in 0.006147861 sec
WARNING  jax._src.dispatch:dispatch.py:204 Finished XLA compilation of jit(_linspace) in 0.026242971 sec
WARNING  jax._src.dispatch:dispatch.py:204 Finished tracing broadcast_in_dim for jit in 0.000287533 sec
WARNING  jax._src.interpreters.pxla:pxla.py:732 Compiling jit(broadcast_in_dim) with global shapes and types (ShapedArray(float64[513]),). Argument mapping: (UnspecifiedValue,).
WARNING  jax._src.dispatch:dispatch.py:204 Finished jaxpr to MLIR module conversion jit(broadcast_in_dim) in 0.004669666 sec
WARNING  jax._src.dispatch:dispatch.py:204 Finished XLA compilation of jit(broadcast_in_dim) in 0.058691025 sec
WARNING  jax._src.interpreters.pxla:pxla.py:732 Compiling jit(multiply) with global shapes and types (ShapedArray(float64[1,513,1]), ShapedArray(float64[340,1,1,2])). Argument mapping: (UnspecifiedValue, UnspecifiedValue).
WARNING  jax._src.dispatch:dispatch.py:204 Finished jaxpr to MLIR module conversion jit(multiply) in 0.006250620 sec
WARNING  jax._src.dispatch:dispatch.py:204 Finished XLA compilation of jit(multiply) in 0.032823563 sec
WARNING  jax._src.interpreters.pxla:pxla.py:732 Compiling jit(add) with global shapes and types (ShapedArray(float64[340,1,1,2]), ShapedArray(float64[340,1,513,2])). Argument mapping: (UnspecifiedValue, UnspecifiedValue).
WARNING  jax._src.dispatch:dispatch.py:204 Finished jaxpr to MLIR module conversion jit(add) in 0.006326199 sec
WARNING  jax._src.dispatch:dispatch.py:204 Finished XLA compilation of jit(add) in 0.029237986 sec
WARNING  jax._src.interpreters.pxla:pxla.py:732 Compiling jit(negative) with global shapes and types (ShapedArray(float64[340,1]),). Argument mapping: (UnspecifiedValue,).
WARNING  jax._src.dispatch:dispatch.py:204 Finished jaxpr to MLIR module conversion jit(negative) in 0.004546881 sec
WARNING  jax._src.dispatch:dispatch.py:204 Finished XLA compilation of jit(negative) in 0.029259443 sec
WARNING  jax._src.interpreters.pxla:pxla.py:732 Compiling jit(subtract) with global shapes and types (ShapedArray(float64[340,1,513,2]), ShapedArray(float64[340,1,1,2])). Argument mapping: (UnspecifiedValue, UnspecifiedValue).
WARNING  jax._src.dispatch:dispatch.py:204 Finished jaxpr to MLIR module conversion jit(subtract) in 0.004819870 sec
WARNING  jax._src.dispatch:dispatch.py:204 Finished XLA compilation of jit(subtract) in 0.030544519 sec
WARNING  jax._src.interpreters.pxla:pxla.py:732 Compiling jit(true_divide) with global shapes and types (ShapedArray(float64[340,1,513,2]), ShapedArray(float64[340,1,1,2])). Argument mapping: (UnspecifiedValue, UnspecifiedValue).
WARNING  jax._src.dispatch:dispatch.py:204 Finished jaxpr to MLIR module conversion jit(true_divide) in 0.004785299 sec
WARNING  jax._src.dispatch:dispatch.py:204 Finished XLA compilation of jit(true_divide) in 0.034805059 sec
WARNING  jax._src.dispatch:dispatch.py:204 Finished tracing dynamic_slice for jit in 0.000344276 sec
WARNING  jax._src.interpreters.pxla:pxla.py:732 Compiling jit(dynamic_slice) with global shapes and types (ShapedArray(float64[340,1,513,2]), ShapedArray(int64[], weak_type=True), ShapedArray(int64[], weak_type=True), ShapedArray(int64[], weak_type=True), ShapedArray(int64[], weak_type=True)). Argument mapping: (UnspecifiedValue, UnspecifiedValue, UnspecifiedValue, UnspecifiedValue, UnspecifiedValue).
WARNING  jax._src.dispatch:dispatch.py:204 Finished jaxpr to MLIR module conversion jit(dynamic_slice) in 0.005017281 sec
WARNING  jax._src.dispatch:dispatch.py:204 Finished XLA compilation of jit(dynamic_slice) in 0.031107903 sec
WARNING  jax._src.dispatch:dispatch.py:204 Finished tracing squeeze for jit in 0.000333786 sec
WARNING  jax._src.interpreters.pxla:pxla.py:732 Compiling jit(squeeze) with global shapes and types (ShapedArray(float64[340,1,513,1]),). Argument mapping: (UnspecifiedValue,).
WARNING  jax._src.dispatch:dispatch.py:204 Finished jaxpr to MLIR module conversion jit(squeeze) in 0.005121946 sec
WARNING  jax._src.dispatch:dispatch.py:204 Finished XLA compilation of jit(squeeze) in 0.036347628 sec
WARNING  jax._src.dispatch:dispatch.py:204 Finished tracing broadcast_in_dim for jit in 0.000283241 sec
WARNING  jax._src.interpreters.pxla:pxla.py:732 Compiling jit(broadcast_in_dim) with global shapes and types (ShapedArray(float64[]),). Argument mapping: (UnspecifiedValue,).
WARNING  jax._src.dispatch:dispatch.py:204 Finished jaxpr to MLIR module conversion jit(broadcast_in_dim) in 0.005033255 sec
WARNING  jax._src.dispatch:dispatch.py:204 Finished XLA compilation of jit(broadcast_in_dim) in 0.025207758 sec
WARNING  jax._src.interpreters.pxla:pxla.py:732 Compiling jit(multiply) with global shapes and types (ShapedArray(float64[340,1,513]), ShapedArray(float64[340,1,513])). Argument mapping: (UnspecifiedValue, UnspecifiedValue).
WARNING  jax._src.dispatch:dispatch.py:204 Finished jaxpr to MLIR module conversion jit(multiply) in 0.004638433 sec
WARNING  jax._src.dispatch:dispatch.py:204 Finished XLA compilation of jit(multiply) in 0.042287827 sec
WARNING  jax._src.dispatch:dispatch.py:204 Finished tracing broadcast_in_dim for jit in 0.000278711 sec
WARNING  jax._src.interpreters.pxla:pxla.py:732 Compiling jit(broadcast_in_dim) with global shapes and types (ShapedArray(float64[1,513]),). Argument mapping: (UnspecifiedValue,).
WARNING  jax._src.dispatch:dispatch.py:204 Finished jaxpr to MLIR module conversion jit(broadcast_in_dim) in 0.005388737 sec
WARNING  jax._src.dispatch:dispatch.py:204 Finished XLA compilation of jit(broadcast_in_dim) in 0.027882814 sec
WARNING  jax._src.dispatch:dispatch.py:204 Finished tracing stack for jit in 0.000367880 sec
WARNING  jax._src.interpreters.pxla:pxla.py:732 Compiling jit(stack) with global shapes and types (ShapedArray(float64[340,1,513]), ShapedArray(float64[340,1,513]), ShapedArray(float64[340,1,513]), ShapedArray(float64[340,1,513]), ShapedArray(float64[340,1,513]), ShapedArray(float64[340,1,513])). Argument mapping: (UnspecifiedValue, UnspecifiedValue, UnspecifiedValue, UnspecifiedValue, UnspecifiedValue, UnspecifiedValue).
WARNING  jax._src.dispatch:dispatch.py:204 Finished jaxpr to MLIR module conversion jit(stack) in 0.006219387 sec
WARNING  jax._src.dispatch:dispatch.py:204 Finished XLA compilation of jit(stack) in 0.061393261 sec
WARNING  jax._src.interpreters.pxla:pxla.py:732 Compiling jit(_einsum) with global shapes and types (ShapedArray(float64[340,1,513,6]), ShapedArray(float64[340,1,1,6])). Argument mapping: (UnspecifiedValue, UnspecifiedValue).
WARNING  jax._src.dispatch:dispatch.py:204 Finished jaxpr to MLIR module conversion jit(_einsum) in 0.005158424 sec
WARNING  jax._src.dispatch:dispatch.py:204 Finished XLA compilation of jit(_einsum) in 0.066011429 sec
WARNING  jax._src.interpreters.pxla:pxla.py:732 Compiling jit(add) with global shapes and types (ShapedArray(float64[340,1,513,2]), ShapedArray(float64[340,1,1,2])). Argument mapping: (UnspecifiedValue, UnspecifiedValue).
WARNING  jax._src.dispatch:dispatch.py:204 Finished jaxpr to MLIR module conversion jit(add) in 0.005269766 sec
WARNING  jax._src.dispatch:dispatch.py:204 Finished XLA compilation of jit(add) in 0.030242443 sec
WARNING  jax._src.interpreters.pxla:pxla.py:732 Compiling jit(add) with global shapes and types (ShapedArray(float64[340,1,513]), ShapedArray(float64[340,1,513])). Argument mapping: (UnspecifiedValue, UnspecifiedValue).
WARNING  jax._src.dispatch:dispatch.py:204 Finished jaxpr to MLIR module conversion jit(add) in 0.005122423 sec
WARNING  jax._src.dispatch:dispatch.py:204 Finished XLA compilation of jit(add) in 0.040738106 sec
WARNING  jax._src.interpreters.pxla:pxla.py:732 Compiling jit(multiply) with global shapes and types (ShapedArray(float64[], weak_type=True), ShapedArray(float64[340,1,513])). Argument mapping: (UnspecifiedValue, UnspecifiedValue).
WARNING  jax._src.dispatch:dispatch.py:204 Finished jaxpr to MLIR module conversion jit(multiply) in 0.005205393 sec
WARNING  jax._src.dispatch:dispatch.py:204 Finished XLA compilation of jit(multiply) in 0.031620264 sec
WARNING  jax._src.interpreters.pxla:pxla.py:732 Compiling jit(subtract) with global shapes and types (ShapedArray(float64[340,1,513]), ShapedArray(float64[340,1,513])). Argument mapping: (UnspecifiedValue, UnspecifiedValue).
WARNING  jax._src.dispatch:dispatch.py:204 Finished jaxpr to MLIR module conversion jit(subtract) in 0.005194664 sec
WARNING  jax._src.dispatch:dispatch.py:204 Finished XLA compilation of jit(subtract) in 0.041236162 sec
WARNING  jax._src.interpreters.pxla:pxla.py:732 Compiling jit(abs) with global shapes and types (ShapedArray(float64[340,1,513]),). Argument mapping: (UnspecifiedValue,).
WARNING  jax._src.dispatch:dispatch.py:204 Finished jaxpr to MLIR module conversion jit(abs) in 0.004698038 sec
WARNING  jax._src.dispatch:dispatch.py:204 Finished XLA compilation of jit(abs) in 0.037776709 sec
WARNING  jax._src.interpreters.pxla:pxla.py:732 Compiling jit(greater) with global shapes and types (ShapedArray(float64[340,1,513]), ShapedArray(float64[])). Argument mapping: (UnspecifiedValue, UnspecifiedValue).
WARNING  jax._src.dispatch:dispatch.py:204 Finished jaxpr to MLIR module conversion jit(greater) in 0.005115747 sec
WARNING  jax._src.dispatch:dispatch.py:204 Finished XLA compilation of jit(greater) in 0.030942440 sec
WARNING  jax._src.interpreters.pxla:pxla.py:732 Compiling jit(_where) with global shapes and types (ShapedArray(bool[340,1,513]), ShapedArray(float64[340,1,513]), ShapedArray(float64[], weak_type=True)). Argument mapping: (UnspecifiedValue, UnspecifiedValue, UnspecifiedValue).
WARNING  jax._src.dispatch:dispatch.py:204 Finished jaxpr to MLIR module conversion jit(_where) in 0.005489588 sec
WARNING  jax._src.dispatch:dispatch.py:204 Finished XLA compilation of jit(_where) in 0.031111956 sec
WARNING  jax._src.interpreters.pxla:pxla.py:732 Compiling jit(maximum) with global shapes and types (ShapedArray(float64[340,1,513]), ShapedArray(float64[], weak_type=True)). Argument mapping: (UnspecifiedValue, UnspecifiedValue).
WARNING  jax._src.dispatch:dispatch.py:204 Finished jaxpr to MLIR module conversion jit(maximum) in 0.004989624 sec
WARNING  jax._src.dispatch:dispatch.py:204 Finished XLA compilation of jit(maximum) in 0.027397156 sec
WARNING  jax._src.interpreters.pxla:pxla.py:732 Compiling jit(sqrt) with global shapes and types (ShapedArray(float64[340,1,513]),). Argument mapping: (UnspecifiedValue,).
WARNING  jax._src.dispatch:dispatch.py:204 Finished jaxpr to MLIR module conversion jit(sqrt) in 0.004858017 sec
WARNING  jax._src.dispatch:dispatch.py:204 Finished XLA compilation of jit(sqrt) in 0.037452459 sec
WARNING  jax._src.interpreters.pxla:pxla.py:732 Compiling jit(negative) with global shapes and types (ShapedArray(float64[340,1,513]),). Argument mapping: (UnspecifiedValue,).
WARNING  jax._src.dispatch:dispatch.py:204 Finished jaxpr to MLIR module conversion jit(negative) in 0.004763365 sec
WARNING  jax._src.dispatch:dispatch.py:204 Finished XLA compilation of jit(negative) in 0.039759636 sec
WARNING  jax._src.interpreters.pxla:pxla.py:732 Compiling jit(true_divide) with global shapes and types (ShapedArray(float64[340,1,513]), ShapedArray(float64[340,1,513])). Argument mapping: (UnspecifiedValue, UnspecifiedValue).
WARNING  jax._src.dispatch:dispatch.py:204 Finished jaxpr to MLIR module conversion jit(true_divide) in 0.004780293 sec
WARNING  jax._src.dispatch:dispatch.py:204 Finished XLA compilation of jit(true_divide) in 0.041239977 sec
WARNING  jax._src.interpreters.pxla:pxla.py:732 Compiling jit(less_equal) with global shapes and types (ShapedArray(float64[340,1,513]), ShapedArray(float64[340,1,513])). Argument mapping: (UnspecifiedValue, UnspecifiedValue).
WARNING  jax._src.dispatch:dispatch.py:204 Finished jaxpr to MLIR module conversion jit(less_equal) in 0.005188704 sec
WARNING  jax._src.dispatch:dispatch.py:204 Finished XLA compilation of jit(less_equal) in 0.045633793 sec
WARNING  jax._src.interpreters.pxla:pxla.py:732 Compiling jit(_where) with global shapes and types (ShapedArray(bool[340,1,513]), ShapedArray(float64[340,1,513]), ShapedArray(float64[340,1,513])). Argument mapping: (UnspecifiedValue, UnspecifiedValue, UnspecifiedValue).
WARNING  jax._src.dispatch:dispatch.py:204 Finished jaxpr to MLIR module conversion jit(_where) in 0.004683971 sec
WARNING  jax._src.dispatch:dispatch.py:204 Finished XLA compilation of jit(_where) in 0.048983335 sec
WARNING  jax._src.interpreters.pxla:pxla.py:732 Compiling jit(_squeeze) with global shapes and types (ShapedArray(float64[1]),). Argument mapping: (UnspecifiedValue,).
WARNING  jax._src.dispatch:dispatch.py:204 Finished jaxpr to MLIR module conversion jit(_squeeze) in 0.004720211 sec
WARNING  jax._src.dispatch:dispatch.py:204 Finished XLA compilation of jit(_squeeze) in 0.006274700 sec
WARNING  jax._src.dispatch:dispatch.py:204 Finished tracing broadcast_in_dim for jit in 0.000171185 sec
WARNING  jax._src.interpreters.pxla:pxla.py:732 Compiling jit(broadcast_in_dim) with global shapes and types (ShapedArray(float64[1]),). Argument mapping: (UnspecifiedValue,).
WARNING  jax._src.dispatch:dispatch.py:204 Finished jaxpr to MLIR module conversion jit(broadcast_in_dim) in 0.004247427 sec
WARNING  jax._src.dispatch:dispatch.py:204 Finished XLA compilation of jit(broadcast_in_dim) in 0.024947405 sec
WARNING  jax._src.dispatch:dispatch.py:204 Finished tracing scatter for jit in 0.000307322 sec
WARNING  jax._src.interpreters.pxla:pxla.py:732 Compiling jit(scatter) with global shapes and types (ShapedArray(float64[340,1,513]), ShapedArray(int32[1]), ShapedArray(float64[340,1])). Argument mapping: (UnspecifiedValue, UnspecifiedValue, UnspecifiedValue).
WARNING  jax._src.dispatch:dispatch.py:204 Finished jaxpr to MLIR module conversion jit(scatter) in 0.004985571 sec
WARNING  jax._src.dispatch:dispatch.py:204 Finished XLA compilation of jit(scatter) in 0.036794662 sec
WARNING  jax._src.dispatch:dispatch.py:204 Finished tracing broadcast_in_dim for jit in 0.000278711 sec
WARNING  jax._src.interpreters.pxla:pxla.py:732 Compiling jit(broadcast_in_dim) with global shapes and types (ShapedArray(float64[340,1,513]),). Argument mapping: (UnspecifiedValue,).
WARNING  jax._src.dispatch:dispatch.py:204 Finished jaxpr to MLIR module conversion jit(broadcast_in_dim) in 0.004925728 sec
WARNING  jax._src.dispatch:dispatch.py:204 Finished XLA compilation of jit(broadcast_in_dim) in 0.036375523 sec
WARNING  jax._src.interpreters.pxla:pxla.py:732 Compiling jit(multiply) with global shapes and types (ShapedArray(float64[340,1,513,1]), ShapedArray(float64[340,1,1,2])). Argument mapping: (UnspecifiedValue, UnspecifiedValue).
WARNING  jax._src.dispatch:dispatch.py:204 Finished jaxpr to MLIR module conversion jit(multiply) in 0.004928827 sec
WARNING  jax._src.dispatch:dispatch.py:204 Finished XLA compilation of jit(multiply) in 0.029314756 sec
WARNING  jax._src.interpreters.pxla:pxla.py:732 Compiling jit(add) with global shapes and types (ShapedArray(float64[340,1,513,2]), ShapedArray(float64[340,1,513,2])). Argument mapping: (UnspecifiedValue, UnspecifiedValue).
WARNING  jax._src.dispatch:dispatch.py:204 Finished jaxpr to MLIR module conversion jit(add) in 0.004676342 sec
WARNING  jax._src.dispatch:dispatch.py:204 Finished XLA compilation of jit(add) in 0.037564516 sec
WARNING  jax._src.dispatch:dispatch.py:204 Finished tracing dynamic_slice for jit in 0.000308752 sec
WARNING  jax._src.interpreters.pxla:pxla.py:732 Compiling jit(dynamic_slice) with global shapes and types (ShapedArray(float64[340,1,513,2]), ShapedArray(int64[], weak_type=True), ShapedArray(int64[], weak_type=True), ShapedArray(int64[], weak_type=True), ShapedArray(int64[], weak_type=True)). Argument mapping: (UnspecifiedValue, UnspecifiedValue, UnspecifiedValue, UnspecifiedValue, UnspecifiedValue).
WARNING  jax._src.dispatch:dispatch.py:204 Finished jaxpr to MLIR module conversion jit(dynamic_slice) in 0.004907608 sec
WARNING  jax._src.dispatch:dispatch.py:204 Finished XLA compilation of jit(dynamic_slice) in 0.029972792 sec
WARNING  jax._src.dispatch:dispatch.py:204 Finished tracing dynamic_slice for jit in 0.000294447 sec
WARNING  jax._src.interpreters.pxla:pxla.py:732 Compiling jit(dynamic_slice) with global shapes and types (ShapedArray(float64[340,1,28,2]), ShapedArray(int64[], weak_type=True), ShapedArray(int64[], weak_type=True), ShapedArray(int64[], weak_type=True), ShapedArray(int64[], weak_type=True)). Argument mapping: (UnspecifiedValue, UnspecifiedValue, UnspecifiedValue, UnspecifiedValue, UnspecifiedValue).
WARNING  jax._src.dispatch:dispatch.py:204 Finished jaxpr to MLIR module conversion jit(dynamic_slice) in 0.004906416 sec
WARNING  jax._src.dispatch:dispatch.py:204 Finished XLA compilation of jit(dynamic_slice) in 0.027232409 sec
WARNING  jax._src.dispatch:dispatch.py:204 Finished tracing concatenate for jit in 0.000263929 sec
WARNING  jax._src.interpreters.pxla:pxla.py:732 Compiling jit(concatenate) with global shapes and types (ShapedArray(float64[340,1,1,2]), ShapedArray(float64[340,1,511,2]), ShapedArray(float64[340,1,27,2])). Argument mapping: (UnspecifiedValue, UnspecifiedValue, UnspecifiedValue).
WARNING  jax._src.dispatch:dispatch.py:204 Finished jaxpr to MLIR module conversion jit(concatenate) in 0.004914284 sec
WARNING  jax._src.dispatch:dispatch.py:204 Finished XLA compilation of jit(concatenate) in 0.016681194 sec
WARNING  jax._src.interpreters.pxla:pxla.py:732 Compiling jit(add) with global shapes and types (ShapedArray(int64[340,1]), ShapedArray(int64[], weak_type=True)). Argument mapping: (UnspecifiedValue, UnspecifiedValue).
WARNING  jax._src.dispatch:dispatch.py:204 Finished jaxpr to MLIR module conversion jit(add) in 0.005168200 sec
WARNING  jax._src.dispatch:dispatch.py:204 Finished XLA compilation of jit(add) in 0.030582905 sec
WARNING  jax._src.interpreters.pxla:pxla.py:732 Compiling jit(_pad) with global shapes and types (ShapedArray(float64[340,1,28,2]), ShapedArray(int64[], weak_type=True)). Argument mapping: (UnspecifiedValue, UnspecifiedValue).
WARNING  jax._src.dispatch:dispatch.py:204 Finished jaxpr to MLIR module conversion jit(_pad) in 0.005818129 sec
WARNING  jax._src.dispatch:dispatch.py:204 Finished XLA compilation of jit(_pad) in 0.030506849 sec
WARNING  jax._src.interpreters.pxla:pxla.py:732 Compiling jit(_pad) with global shapes and types (ShapedArray(bool[340,1,28]), ShapedArray(int64[], weak_type=True)). Argument mapping: (UnspecifiedValue, UnspecifiedValue).
WARNING  jax._src.dispatch:dispatch.py:204 Finished jaxpr to MLIR module conversion jit(_pad) in 0.005640507 sec
WARNING  jax._src.dispatch:dispatch.py:204 Finished XLA compilation of jit(_pad) in 0.026409864 sec
WARNING  jax._src.interpreters.pxla:pxla.py:732 Compiling jit(_where) with global shapes and types (ShapedArray(bool[340,1,1,1]), ShapedArray(float64[340,1,539,2]), ShapedArray(float64[340,1,539,2])). Argument mapping: (UnspecifiedValue, UnspecifiedValue, UnspecifiedValue).
WARNING  jax._src.dispatch:dispatch.py:204 Finished jaxpr to MLIR module conversion jit(_where) in 0.005438805 sec
WARNING  jax._src.dispatch:dispatch.py:204 Finished XLA compilation of jit(_where) in 0.084877491 sec
WARNING  jax._src.dispatch:dispatch.py:204 Finished tracing iota for jit in 0.000288248 sec
WARNING  jax._src.interpreters.pxla:pxla.py:732 Compiling jit(iota) with global shapes and types (). Argument mapping: ().
WARNING  jax._src.dispatch:dispatch.py:204 Finished jaxpr to MLIR module conversion jit(iota) in 0.005135536 sec
WARNING  jax._src.dispatch:dispatch.py:204 Finished XLA compilation of jit(iota) in 0.031574726 sec
WARNING  jax._src.interpreters.pxla:pxla.py:732 Compiling jit(cumsum) with global shapes and types (ShapedArray(bool[340,1,539]),). Argument mapping: (UnspecifiedValue,).
WARNING  jax._src.dispatch:dispatch.py:204 Finished jaxpr to MLIR module conversion jit(cumsum) in 0.008330822 sec
WARNING  jax._src.dispatch:dispatch.py:204 Finished XLA compilation of jit(cumsum) in 0.070834637 sec
WARNING  jax._src.interpreters.pxla:pxla.py:732 Compiling jit(subtract) with global shapes and types (ShapedArray(int64[340,1,539]), ShapedArray(int64[], weak_type=True)). Argument mapping: (UnspecifiedValue, UnspecifiedValue).
WARNING  jax._src.dispatch:dispatch.py:204 Finished jaxpr to MLIR module conversion jit(subtract) in 0.005567789 sec
WARNING  jax._src.dispatch:dispatch.py:204 Finished XLA compilation of jit(subtract) in 0.030928612 sec
WARNING  jax._src.dispatch:dispatch.py:204 Finished tracing broadcast_in_dim for jit in 0.000302553 sec
WARNING  jax._src.interpreters.pxla:pxla.py:732 Compiling jit(broadcast_in_dim) with global shapes and types (ShapedArray(int64[539]),). Argument mapping: (UnspecifiedValue,).
WARNING  jax._src.dispatch:dispatch.py:204 Finished jaxpr to MLIR module conversion jit(broadcast_in_dim) in 0.005712748 sec
WARNING  jax._src.dispatch:dispatch.py:204 Finished XLA compilation of jit(broadcast_in_dim) in 0.007143974 sec
WARNING  jax._src.interpreters.pxla:pxla.py:732 Compiling jit(less) with global shapes and types (ShapedArray(int64[1,539]), ShapedArray(int64[340,1,1])). Argument mapping: (UnspecifiedValue, UnspecifiedValue).
WARNING  jax._src.dispatch:dispatch.py:204 Finished jaxpr to MLIR module conversion jit(less) in 0.005071163 sec
WARNING  jax._src.dispatch:dispatch.py:204 Finished XLA compilation of jit(less) in 0.028997660 sec
WARNING  jax._src.interpreters.pxla:pxla.py:732 Compiling jit(equal) with global shapes and types (ShapedArray(int64[340,1,539]), ShapedArray(int64[2])). Argument mapping: (UnspecifiedValue, UnspecifiedValue).
WARNING  jax._src.dispatch:dispatch.py:204 Finished jaxpr to MLIR module conversion jit(equal) in 0.005727291 sec
WARNING  jax._src.dispatch:dispatch.py:204 Finished XLA compilation of jit(equal) in 0.033978701 sec
WARNING  jax._src.interpreters.pxla:pxla.py:732 Compiling jit(_where) with global shapes and types (ShapedArray(bool[340,1,1]), ShapedArray(bool[340,2,1,539]), ShapedArray(bool[2])). Argument mapping: (UnspecifiedValue, UnspecifiedValue, UnspecifiedValue).
WARNING  jax._src.dispatch:dispatch.py:204 Finished jaxpr to MLIR module conversion jit(_where) in 0.005722761 sec
WARNING  jax._src.dispatch:dispatch.py:204 Finished XLA compilation of jit(_where) in 0.030969620 sec
WARNING  jax._src.interpreters.pxla:pxla.py:732 Compiling jit(bitwise_and) with global shapes and types (ShapedArray(bool[340,1,539]), ShapedArray(bool[340,2,1,539])). Argument mapping: (UnspecifiedValue, UnspecifiedValue).
WARNING  jax._src.dispatch:dispatch.py:204 Finished jaxpr to MLIR module conversion jit(bitwise_and) in 0.005343914 sec
WARNING  jax._src.dispatch:dispatch.py:204 Finished XLA compilation of jit(bitwise_and) in 0.039827347 sec
WARNING  jax._src.interpreters.pxla:pxla.py:732 Compiling jit(cumsum) with global shapes and types (ShapedArray(bool[340,2,1,539]),). Argument mapping: (UnspecifiedValue,).
WARNING  jax._src.dispatch:dispatch.py:204 Finished jaxpr to MLIR module conversion jit(cumsum) in 0.006838083 sec
WARNING  jax._src.dispatch:dispatch.py:204 Finished XLA compilation of jit(cumsum) in 0.085015535 sec
WARNING  jax._src.interpreters.pxla:pxla.py:732 Compiling jit(subtract) with global shapes and types (ShapedArray(int64[340,2,1,539]), ShapedArray(int64[], weak_type=True)). Argument mapping: (UnspecifiedValue, UnspecifiedValue).
WARNING  jax._src.dispatch:dispatch.py:204 Finished jaxpr to MLIR module conversion jit(subtract) in 0.006455421 sec
WARNING  jax._src.dispatch:dispatch.py:204 Finished XLA compilation of jit(subtract) in 0.037614584 sec
WARNING  jax._src.interpreters.pxla:pxla.py:732 Compiling jit(_where) with global shapes and types (ShapedArray(bool[340,2,1,539]), ShapedArray(int64[340,2,1,539]), ShapedArray(int64[], weak_type=True)). Argument mapping: (UnspecifiedValue, UnspecifiedValue, UnspecifiedValue).
WARNING  jax._src.dispatch:dispatch.py:204 Finished jaxpr to MLIR module conversion jit(_where) in 0.005704641 sec
WARNING  jax._src.dispatch:dispatch.py:204 Finished XLA compilation of jit(_where) in 0.037465334 sec
WARNING  jax._src.dispatch:dispatch.py:204 Finished tracing broadcast_in_dim for jit in 0.000271320 sec
WARNING  jax._src.interpreters.pxla:pxla.py:732 Compiling jit(broadcast_in_dim) with global shapes and types (ShapedArray(int64[1,1]),). Argument mapping: (UnspecifiedValue,).
WARNING  jax._src.dispatch:dispatch.py:204 Finished jaxpr to MLIR module conversion jit(broadcast_in_dim) in 0.005020618 sec
WARNING  jax._src.dispatch:dispatch.py:204 Finished XLA compilation of jit(broadcast_in_dim) in 0.026430845 sec
WARNING  jax._src.dispatch:dispatch.py:204 Finished tracing broadcast_in_dim for jit in 0.000272989 sec
WARNING  jax._src.interpreters.pxla:pxla.py:732 Compiling jit(broadcast_in_dim) with global shapes and types (ShapedArray(float64[]),). Argument mapping: (UnspecifiedValue,).
WARNING  jax._src.dispatch:dispatch.py:204 Finished jaxpr to MLIR module conversion jit(broadcast_in_dim) in 0.004976749 sec
WARNING  jax._src.dispatch:dispatch.py:204 Finished XLA compilation of jit(broadcast_in_dim) in 0.023928165 sec
WARNING  jax._src.dispatch:dispatch.py:204 Finished tracing broadcast_in_dim for jit in 0.000322104 sec
WARNING  jax._src.interpreters.pxla:pxla.py:732 Compiling jit(broadcast_in_dim) with global shapes and types (ShapedArray(bool[340,2,1,539]),). Argument mapping: (UnspecifiedValue,).
WARNING  jax._src.dispatch:dispatch.py:204 Finished jaxpr to MLIR module conversion jit(broadcast_in_dim) in 0.005084276 sec
WARNING  jax._src.dispatch:dispatch.py:204 Finished XLA compilation of jit(broadcast_in_dim) in 0.058237553 sec
WARNING  jax._src.interpreters.pxla:pxla.py:732 Compiling jit(_where) with global shapes and types (ShapedArray(bool[340,2,1,539,1]), ShapedArray(float64[340,1,539,2]), ShapedArray(float64[], weak_type=True)). Argument mapping: (UnspecifiedValue, UnspecifiedValue, UnspecifiedValue).
WARNING  jax._src.dispatch:dispatch.py:204 Finished jaxpr to MLIR module conversion jit(_where) in 0.006021738 sec
WARNING  jax._src.dispatch:dispatch.py:204 Finished XLA compilation of jit(_where) in 0.031314611 sec
WARNING  jax._src.interpreters.pxla:pxla.py:732 Compiling jit(less) with global shapes and types (ShapedArray(int64[1,539]), ShapedArray(int64[], weak_type=True)). Argument mapping: (UnspecifiedValue, UnspecifiedValue).
WARNING  jax._src.dispatch:dispatch.py:204 Finished jaxpr to MLIR module conversion jit(less) in 0.007013321 sec
WARNING  jax._src.dispatch:dispatch.py:204 Finished XLA compilation of jit(less) in 0.026779890 sec
WARNING  jax._src.dispatch:dispatch.py:204 Finished tracing add for jit in 0.000255108 sec
WARNING  jax._src.interpreters.pxla:pxla.py:732 Compiling jit(add) with global shapes and types (ShapedArray(int64[1,539]), ShapedArray(int64[])). Argument mapping: (UnspecifiedValue, UnspecifiedValue).
WARNING  jax._src.dispatch:dispatch.py:204 Finished jaxpr to MLIR module conversion jit(add) in 0.005210161 sec
WARNING  jax._src.dispatch:dispatch.py:204 Finished XLA compilation of jit(add) in 0.025840521 sec
WARNING  jax._src.dispatch:dispatch.py:204 Finished tracing select_n for jit in 0.000172138 sec
WARNING  jax._src.interpreters.pxla:pxla.py:732 Compiling jit(select_n) with global shapes and types (ShapedArray(bool[1,539]), ShapedArray(int64[1,539]), ShapedArray(int64[1,539])). Argument mapping: (UnspecifiedValue, UnspecifiedValue, UnspecifiedValue).
WARNING  jax._src.dispatch:dispatch.py:204 Finished jaxpr to MLIR module conversion jit(select_n) in 0.005235195 sec
WARNING  jax._src.dispatch:dispatch.py:204 Finished XLA compilation of jit(select_n) in 0.041101217 sec
WARNING  jax._src.interpreters.pxla:pxla.py:732 Compiling jit(less) with global shapes and types (ShapedArray(int64[340,2,1,539]), ShapedArray(int64[], weak_type=True)). Argument mapping: (UnspecifiedValue, UnspecifiedValue).
WARNING  jax._src.dispatch:dispatch.py:204 Finished jaxpr to MLIR module conversion jit(less) in 0.006785393 sec
WARNING  jax._src.dispatch:dispatch.py:204 Finished XLA compilation of jit(less) in 0.035114288 sec
WARNING  jax._src.dispatch:dispatch.py:204 Finished tracing add for jit in 0.000253916 sec
WARNING  jax._src.interpreters.pxla:pxla.py:732 Compiling jit(add) with global shapes and types (ShapedArray(int64[340,2,1,539]), ShapedArray(int64[])). Argument mapping: (UnspecifiedValue, UnspecifiedValue).
WARNING  jax._src.dispatch:dispatch.py:204 Finished jaxpr to MLIR module conversion jit(add) in 0.005367517 sec
WARNING  jax._src.dispatch:dispatch.py:204 Finished XLA compilation of jit(add) in 0.038558483 sec
WARNING  jax._src.dispatch:dispatch.py:204 Finished tracing select_n for jit in 0.000267029 sec
WARNING  jax._src.interpreters.pxla:pxla.py:732 Compiling jit(select_n) with global shapes and types (ShapedArray(bool[340,2,1,539]), ShapedArray(int64[340,2,1,539]), ShapedArray(int64[340,2,1,539])). Argument mapping: (UnspecifiedValue, UnspecifiedValue, UnspecifiedValue).
WARNING  jax._src.dispatch:dispatch.py:204 Finished jaxpr to MLIR module conversion jit(select_n) in 0.004974365 sec
WARNING  jax._src.dispatch:dispatch.py:204 Finished XLA compilation of jit(select_n) in 0.057919264 sec
WARNING  jax._src.interpreters.pxla:pxla.py:732 Compiling jit(_broadcast_arrays) with global shapes and types (ShapedArray(int64[1,539]), ShapedArray(int64[340,2,1,539])). Argument mapping: (UnspecifiedValue, UnspecifiedValue).
WARNING  jax._src.dispatch:dispatch.py:204 Finished jaxpr to MLIR module conversion jit(_broadcast_arrays) in 0.004861832 sec
WARNING  jax._src.dispatch:dispatch.py:204 Finished XLA compilation of jit(_broadcast_arrays) in 0.006890774 sec
WARNING  jax._src.dispatch:dispatch.py:204 Finished tracing convert_element_type for jit in 0.000242472 sec
WARNING  jax._src.interpreters.pxla:pxla.py:732 Compiling jit(convert_element_type) with global shapes and types (ShapedArray(int64[1,539]),). Argument mapping: (UnspecifiedValue,).
WARNING  jax._src.dispatch:dispatch.py:204 Finished jaxpr to MLIR module conversion jit(convert_element_type) in 0.004580259 sec
WARNING  jax._src.dispatch:dispatch.py:204 Finished XLA compilation of jit(convert_element_type) in 0.034106255 sec
WARNING  jax._src.dispatch:dispatch.py:204 Finished tracing convert_element_type for jit in 0.000279665 sec
WARNING  jax._src.interpreters.pxla:pxla.py:732 Compiling jit(convert_element_type) with global shapes and types (ShapedArray(int64[340,2,1,539]),). Argument mapping: (UnspecifiedValue,).
WARNING  jax._src.dispatch:dispatch.py:204 Finished jaxpr to MLIR module conversion jit(convert_element_type) in 0.005017757 sec
WARNING  jax._src.dispatch:dispatch.py:204 Finished XLA compilation of jit(convert_element_type) in 0.046203136 sec
WARNING  jax._src.dispatch:dispatch.py:204 Finished tracing broadcast_in_dim for jit in 0.000341654 sec
WARNING  jax._src.interpreters.pxla:pxla.py:732 Compiling jit(broadcast_in_dim) with global shapes and types (ShapedArray(int32[1,539]),). Argument mapping: (UnspecifiedValue,).
WARNING  jax._src.dispatch:dispatch.py:204 Finished jaxpr to MLIR module conversion jit(broadcast_in_dim) in 0.005243540 sec
WARNING  jax._src.dispatch:dispatch.py:204 Finished XLA compilation of jit(broadcast_in_dim) in 0.006803036 sec
WARNING  jax._src.dispatch:dispatch.py:204 Finished tracing broadcast_in_dim for jit in 0.000290155 sec
WARNING  jax._src.interpreters.pxla:pxla.py:732 Compiling jit(broadcast_in_dim) with global shapes and types (ShapedArray(int32[340,2,1,539]),). Argument mapping: (UnspecifiedValue,).
WARNING  jax._src.dispatch:dispatch.py:204 Finished jaxpr to MLIR module conversion jit(broadcast_in_dim) in 0.004952431 sec
WARNING  jax._src.dispatch:dispatch.py:204 Finished XLA compilation of jit(broadcast_in_dim) in 0.043469906 sec
WARNING  jax._src.dispatch:dispatch.py:204 Finished tracing broadcast_in_dim for jit in 0.000318766 sec
WARNING  jax._src.interpreters.pxla:pxla.py:732 Compiling jit(broadcast_in_dim) with global shapes and types (ShapedArray(int32[1,539,1]),). Argument mapping: (UnspecifiedValue,).
WARNING  jax._src.dispatch:dispatch.py:204 Finished jaxpr to MLIR module conversion jit(broadcast_in_dim) in 0.005364656 sec
WARNING  jax._src.dispatch:dispatch.py:204 Finished XLA compilation of jit(broadcast_in_dim) in 0.030290842 sec
WARNING  jax._src.dispatch:dispatch.py:204 Finished tracing broadcast_in_dim for jit in 0.000291824 sec
WARNING  jax._src.interpreters.pxla:pxla.py:732 Compiling jit(broadcast_in_dim) with global shapes and types (ShapedArray(int32[2,1,539,1]),). Argument mapping: (UnspecifiedValue,).
WARNING  jax._src.dispatch:dispatch.py:204 Finished jaxpr to MLIR module conversion jit(broadcast_in_dim) in 0.005088806 sec
WARNING  jax._src.dispatch:dispatch.py:204 Finished XLA compilation of jit(broadcast_in_dim) in 0.032608271 sec
WARNING  jax._src.dispatch:dispatch.py:204 Finished tracing concatenate for jit in 0.000262022 sec
WARNING  jax._src.interpreters.pxla:pxla.py:732 Compiling jit(concatenate) with global shapes and types (ShapedArray(int32[340,2,1,539,1]), ShapedArray(int32[340,2,1,539,1])). Argument mapping: (UnspecifiedValue, UnspecifiedValue).
WARNING  jax._src.dispatch:dispatch.py:204 Finished jaxpr to MLIR module conversion jit(concatenate) in 0.005303383 sec
WARNING  jax._src.dispatch:dispatch.py:204 Finished XLA compilation of jit(concatenate) in 0.021761417 sec
WARNING  jax._src.interpreters.pxla:pxla.py:732 Compiling jit(_squeeze) with global shapes and types (ShapedArray(float64[340,2,1,539,2]),). Argument mapping: (UnspecifiedValue,).
WARNING  jax._src.dispatch:dispatch.py:204 Finished jaxpr to MLIR module conversion jit(_squeeze) in 0.004762888 sec
WARNING  jax._src.dispatch:dispatch.py:204 Finished XLA compilation of jit(_squeeze) in 0.006819725 sec
WARNING  jax._src.dispatch:dispatch.py:204 Finished tracing broadcast_in_dim for jit in 0.000200748 sec
WARNING  jax._src.interpreters.pxla:pxla.py:732 Compiling jit(broadcast_in_dim) with global shapes and types (ShapedArray(float64[1,539,2]),). Argument mapping: (UnspecifiedValue,).
WARNING  jax._src.dispatch:dispatch.py:204 Finished jaxpr to MLIR module conversion jit(broadcast_in_dim) in 0.004974842 sec
WARNING  jax._src.dispatch:dispatch.py:204 Finished XLA compilation of jit(broadcast_in_dim) in 0.025857925 sec
WARNING  jax._src.dispatch:dispatch.py:204 Finished tracing broadcast_in_dim for jit in 0.000174284 sec
WARNING  jax._src.interpreters.pxla:pxla.py:732 Compiling jit(broadcast_in_dim) with global shapes and types (ShapedArray(float64[2,1,539,2]),). Argument mapping: (UnspecifiedValue,).
WARNING  jax._src.dispatch:dispatch.py:204 Finished jaxpr to MLIR module conversion jit(broadcast_in_dim) in 0.004970551 sec
WARNING  jax._src.dispatch:dispatch.py:204 Finished XLA compilation of jit(broadcast_in_dim) in 0.030265808 sec
WARNING  jax._src.dispatch:dispatch.py:204 Finished tracing scatter-add for jit in 0.000358582 sec
WARNING  jax._src.interpreters.pxla:pxla.py:732 Compiling jit(scatter-add) with global shapes and types (ShapedArray(float64[340,2,1,539,2]), ShapedArray(int32[340,2,1,539,2]), ShapedArray(float64[340,2,1,539,2])). Argument mapping: (UnspecifiedValue, UnspecifiedValue, UnspecifiedValue).
WARNING  jax._src.dispatch:dispatch.py:204 Finished jaxpr to MLIR module conversion jit(scatter-add) in 0.005844355 sec
WARNING  jax._src.dispatch:dispatch.py:204 Finished XLA compilation of jit(scatter-add) in 0.056802750 sec
WARNING  jax._src.interpreters.pxla:pxla.py:732 Compiling jit(_reduce_sum) with global shapes and types (ShapedArray(bool[340,2,1,539]),). Argument mapping: (UnspecifiedValue,).
WARNING  jax._src.dispatch:dispatch.py:204 Finished jaxpr to MLIR module conversion jit(_reduce_sum) in 0.007388115 sec
WARNING  jax._src.dispatch:dispatch.py:204 Finished XLA compilation of jit(_reduce_sum) in 0.076581001 sec
WARNING  jax._src.interpreters.pxla:pxla.py:732 Compiling jit(_moveaxis) with global shapes and types (ShapedArray(float64[340,2,1,539,2]),). Argument mapping: (UnspecifiedValue,).
WARNING  jax._src.dispatch:dispatch.py:204 Finished jaxpr to MLIR module conversion jit(_moveaxis) in 0.004962683 sec
WARNING  jax._src.dispatch:dispatch.py:204 Finished XLA compilation of jit(_moveaxis) in 0.042176485 sec
WARNING  jax._src.interpreters.pxla:pxla.py:732 Compiling jit(_reduce_sum) with global shapes and types (ShapedArray(float64[340,1,26]),). Argument mapping: (UnspecifiedValue,).
WARNING  jax._src.dispatch:dispatch.py:204 Finished jaxpr to MLIR module conversion jit(_reduce_sum) in 0.005167723 sec
WARNING  jax._src.dispatch:dispatch.py:204 Finished XLA compilation of jit(_reduce_sum) in 0.008426428 sec
WARNING  jax._src.dispatch:dispatch.py:204 Finished tracing integer_pow for jit in 0.000247717 sec
WARNING  jax._src.interpreters.pxla:pxla.py:732 Compiling jit(integer_pow) with global shapes and types (ShapedArray(float64[340,1,26]),). Argument mapping: (UnspecifiedValue,).
WARNING  jax._src.dispatch:dispatch.py:204 Finished jaxpr to MLIR module conversion jit(integer_pow) in 0.004696846 sec
WARNING  jax._src.dispatch:dispatch.py:204 Finished XLA compilation of jit(integer_pow) in 0.035597086 sec
WARNING  jax._src.dispatch:dispatch.py:204 Finished tracing reshape for jit in 0.000248671 sec
WARNING  jax._src.interpreters.pxla:pxla.py:732 Compiling jit(reshape) with global shapes and types (ShapedArray(float64[340,1,2,539,2]),). Argument mapping: (UnspecifiedValue,).
WARNING  jax._src.dispatch:dispatch.py:204 Finished jaxpr to MLIR module conversion jit(reshape) in 0.005964518 sec
WARNING  jax._src.dispatch:dispatch.py:204 Finished XLA compilation of jit(reshape) in 0.007416725 sec
WARNING  jax._src.interpreters.pxla:pxla.py:732 Compiling jit(less) with global shapes and types (ShapedArray(int64[1,539]), ShapedArray(int64[340,2,1])). Argument mapping: (UnspecifiedValue, UnspecifiedValue).
WARNING  jax._src.dispatch:dispatch.py:204 Finished jaxpr to MLIR module conversion jit(less) in 0.005183697 sec
WARNING  jax._src.dispatch:dispatch.py:204 Finished XLA compilation of jit(less) in 0.031234980 sec
WARNING  jax._src.interpreters.pxla:pxla.py:732 Compiling jit(add) with global shapes and types (ShapedArray(int64[1,539]), ShapedArray(int64[], weak_type=True)). Argument mapping: (UnspecifiedValue, UnspecifiedValue).
WARNING  jax._src.dispatch:dispatch.py:204 Finished jaxpr to MLIR module conversion jit(add) in 0.004865170 sec
WARNING  jax._src.dispatch:dispatch.py:204 Finished XLA compilation of jit(add) in 0.024927855 sec
WARNING  jax._src.interpreters.pxla:pxla.py:732 Compiling jit(_where) with global shapes and types (ShapedArray(bool[340,2,539]), ShapedArray(int64[1,539]), ShapedArray(int64[], weak_type=True)). Argument mapping: (UnspecifiedValue, UnspecifiedValue, UnspecifiedValue).
WARNING  jax._src.dispatch:dispatch.py:204 Finished jaxpr to MLIR module conversion jit(_where) in 0.005850792 sec
WARNING  jax._src.dispatch:dispatch.py:204 Finished XLA compilation of jit(_where) in 0.036573887 sec
WARNING  jax._src.dispatch:dispatch.py:204 Finished tracing broadcast_in_dim for jit in 0.000365257 sec
WARNING  jax._src.interpreters.pxla:pxla.py:732 Compiling jit(broadcast_in_dim) with global shapes and types (ShapedArray(int64[340,2,539]),). Argument mapping: (UnspecifiedValue,).
WARNING  jax._src.dispatch:dispatch.py:204 Finished jaxpr to MLIR module conversion jit(broadcast_in_dim) in 0.005688429 sec
WARNING  jax._src.dispatch:dispatch.py:204 Finished XLA compilation of jit(broadcast_in_dim) in 0.048609734 sec
WARNING  jax._src.interpreters.pxla:pxla.py:732 Compiling jit(take_along_axis) with global shapes and types (ShapedArray(float64[340,2,539,2]), ShapedArray(int64[340,2,539,1])). Argument mapping: (UnspecifiedValue, UnspecifiedValue).
WARNING  jax._src.dispatch:dispatch.py:204 Finished jaxpr to MLIR module conversion jit(take_along_axis) in 0.010747433 sec
WARNING  jax._src.dispatch:dispatch.py:204 Finished XLA compilation of jit(take_along_axis) in 0.041873217 sec
WARNING  jax._src.interpreters.pxla:pxla.py:732 Compiling jit(subtract) with global shapes and types (ShapedArray(float64[340,2,539,2]), ShapedArray(float64[340,2,1,2])). Argument mapping: (UnspecifiedValue, UnspecifiedValue).
WARNING  jax._src.dispatch:dispatch.py:204 Finished jaxpr to MLIR module conversion jit(subtract) in 0.006163836 sec
WARNING  jax._src.dispatch:dispatch.py:204 Finished XLA compilation of jit(subtract) in 0.036389589 sec
WARNING  jax._src.dispatch:dispatch.py:204 Finished tracing dynamic_slice for jit in 0.000315905 sec
WARNING  jax._src.interpreters.pxla:pxla.py:732 Compiling jit(dynamic_slice) with global shapes and types (ShapedArray(float64[340,2,539,2]), ShapedArray(int64[], weak_type=True), ShapedArray(int64[], weak_type=True), ShapedArray(int64[], weak_type=True), ShapedArray(int64[], weak_type=True)). Argument mapping: (UnspecifiedValue, UnspecifiedValue, UnspecifiedValue, UnspecifiedValue, UnspecifiedValue).
WARNING  jax._src.dispatch:dispatch.py:204 Finished jaxpr to MLIR module conversion jit(dynamic_slice) in 0.006350756 sec
WARNING  jax._src.dispatch:dispatch.py:204 Finished XLA compilation of jit(dynamic_slice) in 0.055731535 sec
WARNING  jax._src.dispatch:dispatch.py:204 Finished tracing squeeze for jit in 0.000290394 sec
WARNING  jax._src.interpreters.pxla:pxla.py:732 Compiling jit(squeeze) with global shapes and types (ShapedArray(float64[340,2,539,1]),). Argument mapping: (UnspecifiedValue,).
WARNING  jax._src.dispatch:dispatch.py:204 Finished jaxpr to MLIR module conversion jit(squeeze) in 0.005764008 sec
WARNING  jax._src.dispatch:dispatch.py:204 Finished XLA compilation of jit(squeeze) in 0.007802010 sec
WARNING  jax._src.interpreters.pxla:pxla.py:732 Compiling jit(multiply) with global shapes and types (ShapedArray(float64[340,2,539]), ShapedArray(float64[340,2,539])). Argument mapping: (UnspecifiedValue, UnspecifiedValue).
WARNING  jax._src.dispatch:dispatch.py:204 Finished jaxpr to MLIR module conversion jit(multiply) in 0.005985260 sec
WARNING  jax._src.dispatch:dispatch.py:204 Finished XLA compilation of jit(multiply) in 0.053274393 sec
WARNING  jax._src.interpreters.pxla:pxla.py:732 Compiling jit(subtract) with global shapes and types (ShapedArray(float64[340,2,539]), ShapedArray(float64[340,2,539])). Argument mapping: (UnspecifiedValue, UnspecifiedValue).
WARNING  jax._src.dispatch:dispatch.py:204 Finished jaxpr to MLIR module conversion jit(subtract) in 0.005251408 sec
WARNING  jax._src.dispatch:dispatch.py:204 Finished XLA compilation of jit(subtract) in 0.048128128 sec
WARNING  jax._src.interpreters.pxla:pxla.py:732 Compiling jit(_where) with global shapes and types (ShapedArray(bool[340,2,539]), ShapedArray(float64[340,2,539]), ShapedArray(float64[], weak_type=True)). Argument mapping: (UnspecifiedValue, UnspecifiedValue, UnspecifiedValue).
WARNING  jax._src.dispatch:dispatch.py:204 Finished jaxpr to MLIR module conversion jit(_where) in 0.005197525 sec
WARNING  jax._src.dispatch:dispatch.py:204 Finished XLA compilation of jit(_where) in 0.042937040 sec
WARNING  jax._src.interpreters.pxla:pxla.py:732 Compiling jit(_reduce_sum) with global shapes and types (ShapedArray(float64[340,2,539]),). Argument mapping: (UnspecifiedValue,).
WARNING  jax._src.dispatch:dispatch.py:204 Finished jaxpr to MLIR module conversion jit(_reduce_sum) in 0.005545616 sec
WARNING  jax._src.dispatch:dispatch.py:204 Finished XLA compilation of jit(_reduce_sum) in 0.009104252 sec
WARNING  jax._src.interpreters.pxla:pxla.py:732 Compiling jit(add) with global shapes and types (ShapedArray(float64[340,2,539]), ShapedArray(float64[340,2,539])). Argument mapping: (UnspecifiedValue, UnspecifiedValue).
WARNING  jax._src.dispatch:dispatch.py:204 Finished jaxpr to MLIR module conversion jit(add) in 0.006289005 sec
WARNING  jax._src.dispatch:dispatch.py:204 Finished XLA compilation of jit(add) in 0.066143990 sec
WARNING  jax._src.dispatch:dispatch.py:204 Finished tracing integer_pow for jit in 0.000285387 sec
WARNING  jax._src.interpreters.pxla:pxla.py:732 Compiling jit(integer_pow) with global shapes and types (ShapedArray(float64[340,2,539]),). Argument mapping: (UnspecifiedValue,).
WARNING  jax._src.dispatch:dispatch.py:204 Finished jaxpr to MLIR module conversion jit(integer_pow) in 0.006346941 sec
WARNING  jax._src.dispatch:dispatch.py:204 Finished XLA compilation of jit(integer_pow) in 0.051910639 sec
WARNING  jax._src.interpreters.pxla:pxla.py:732 Compiling jit(multiply) with global shapes and types (ShapedArray(float64[], weak_type=True), ShapedArray(float64[340,2,539])). Argument mapping: (UnspecifiedValue, UnspecifiedValue).
WARNING  jax._src.dispatch:dispatch.py:204 Finished jaxpr to MLIR module conversion jit(multiply) in 0.006299019 sec
WARNING  jax._src.dispatch:dispatch.py:204 Finished XLA compilation of jit(multiply) in 0.045378447 sec
WARNING  jax._src.interpreters.pxla:pxla.py:732 Compiling jit(_where) with global shapes and types (ShapedArray(bool[340,1,1,1]), ShapedArray(float64[340,1,539,2]), ShapedArray(float64[], weak_type=True)). Argument mapping: (UnspecifiedValue, UnspecifiedValue, UnspecifiedValue).
WARNING  jax._src.dispatch:dispatch.py:204 Finished jaxpr to MLIR module conversion jit(_where) in 0.006912470 sec
WARNING  jax._src.dispatch:dispatch.py:204 Finished XLA compilation of jit(_where) in 0.031600714 sec
WARNING  jax._src.interpreters.pxla:pxla.py:732 Compiling jit(multiply) with global shapes and types (ShapedArray(float64[340,1,26]), ShapedArray(float64[340,1,1])). Argument mapping: (UnspecifiedValue, UnspecifiedValue).
WARNING  jax._src.dispatch:dispatch.py:204 Finished jaxpr to MLIR module conversion jit(multiply) in 0.005105257 sec
WARNING  jax._src.dispatch:dispatch.py:204 Finished XLA compilation of jit(multiply) in 0.041533232 sec
WARNING  jax._src.interpreters.pxla:pxla.py:732 Compiling jit(multiply) with global shapes and types (ShapedArray(float64[340,1,1]), ShapedArray(float64[340,1,26])). Argument mapping: (UnspecifiedValue, UnspecifiedValue).
WARNING  jax._src.dispatch:dispatch.py:204 Finished jaxpr to MLIR module conversion jit(multiply) in 0.006684303 sec
WARNING  jax._src.dispatch:dispatch.py:204 Finished XLA compilation of jit(multiply) in 0.042386770 sec
WARNING  jax._src.interpreters.pxla:pxla.py:732 Compiling jit(_where) with global shapes and types (ShapedArray(bool[340,1,1]), ShapedArray(float64[340,1,26]), ShapedArray(float64[340,1,26])). Argument mapping: (UnspecifiedValue, UnspecifiedValue, UnspecifiedValue).
WARNING  jax._src.dispatch:dispatch.py:204 Finished jaxpr to MLIR module conversion jit(_where) in 0.007099867 sec
WARNING  jax._src.dispatch:dispatch.py:204 Finished XLA compilation of jit(_where) in 0.046689749 sec
WARNING  jax._src.dispatch:dispatch.py:204 Finished tracing squeeze for jit in 0.000350714 sec
WARNING  jax._src.interpreters.pxla:pxla.py:732 Compiling jit(squeeze) with global shapes and types (ShapedArray(float64[340,1,539,2]),). Argument mapping: (UnspecifiedValue,).
WARNING  jax._src.dispatch:dispatch.py:204 Finished jaxpr to MLIR module conversion jit(squeeze) in 0.006876707 sec
WARNING  jax._src.dispatch:dispatch.py:204 Finished XLA compilation of jit(squeeze) in 0.011978388 sec
WARNING  jax._src.dispatch:dispatch.py:204 Finished tracing squeeze for jit in 0.000330687 sec
WARNING  jax._src.interpreters.pxla:pxla.py:732 Compiling jit(squeeze) with global shapes and types (ShapedArray(float64[340,1,2,539,2]),). Argument mapping: (UnspecifiedValue,).
WARNING  jax._src.dispatch:dispatch.py:204 Finished jaxpr to MLIR module conversion jit(squeeze) in 0.006575584 sec
WARNING  jax._src.dispatch:dispatch.py:204 Finished XLA compilation of jit(squeeze) in 0.010010958 sec
WARNING  jax._src.dispatch:dispatch.py:204 Finished tracing dynamic_slice for jit in 0.000407219 sec
WARNING  jax._src.interpreters.pxla:pxla.py:732 Compiling jit(dynamic_slice) with global shapes and types (ShapedArray(float64[340,539,2]), ShapedArray(int64[], weak_type=True), ShapedArray(int64[], weak_type=True), ShapedArray(int64[], weak_type=True)). Argument mapping: (UnspecifiedValue, UnspecifiedValue, UnspecifiedValue, UnspecifiedValue).
WARNING  jax._src.dispatch:dispatch.py:204 Finished jaxpr to MLIR module conversion jit(dynamic_slice) in 0.007385969 sec
WARNING  jax._src.dispatch:dispatch.py:204 Finished XLA compilation of jit(dynamic_slice) in 0.041023970 sec
WARNING  jax._src.dispatch:dispatch.py:204 Finished tracing minimum for jit in 0.000486374 sec
WARNING  jax._src.interpreters.pxla:pxla.py:732 Compiling jit(minimum) with global shapes and types (ShapedArray(int64[340]), ShapedArray(int64[], weak_type=True)). Argument mapping: (UnspecifiedValue, UnspecifiedValue).
WARNING  jax._src.dispatch:dispatch.py:204 Finished jaxpr to MLIR module conversion jit(minimum) in 0.006951809 sec
WARNING  jax._src.dispatch:dispatch.py:204 Finished XLA compilation of jit(minimum) in 0.037147522 sec
WARNING  jax._src.dispatch:dispatch.py:204 Finished tracing iota for jit in 0.000290632 sec
WARNING  jax._src.interpreters.pxla:pxla.py:732 Compiling jit(iota) with global shapes and types (). Argument mapping: ().
WARNING  jax._src.dispatch:dispatch.py:204 Finished jaxpr to MLIR module conversion jit(iota) in 0.006486177 sec
WARNING  jax._src.dispatch:dispatch.py:204 Finished XLA compilation of jit(iota) in 0.033931732 sec
WARNING  jax._src.dispatch:dispatch.py:204 Finished tracing add for jit in 0.000275612 sec
WARNING  jax._src.interpreters.pxla:pxla.py:732 Compiling jit(add) with global shapes and types (ShapedArray(int64[]), ShapedArray(int64[22])). Argument mapping: (UnspecifiedValue, UnspecifiedValue).
WARNING  jax._src.dispatch:dispatch.py:204 Finished jaxpr to MLIR module conversion jit(add) in 0.005195856 sec
WARNING  jax._src.dispatch:dispatch.py:204 Finished XLA compilation of jit(add) in 0.022955656 sec
WARNING  jax._src.dispatch:dispatch.py:204 Finished tracing dynamic_slice for jit in 0.000280380 sec
WARNING  jax._src.interpreters.pxla:pxla.py:732 Compiling jit(dynamic_slice) with global shapes and types (ShapedArray(float64[340,24,2]), ShapedArray(int64[], weak_type=True), ShapedArray(int64[], weak_type=True), ShapedArray(int64[], weak_type=True)). Argument mapping: (UnspecifiedValue, UnspecifiedValue, UnspecifiedValue, UnspecifiedValue).
WARNING  jax._src.dispatch:dispatch.py:204 Finished jaxpr to MLIR module conversion jit(dynamic_slice) in 0.005097389 sec
WARNING  jax._src.dispatch:dispatch.py:204 Finished XLA compilation of jit(dynamic_slice) in 0.024592161 sec
WARNING  jax._src.dispatch:dispatch.py:204 Finished tracing broadcast_in_dim for jit in 0.000293016 sec
WARNING  jax._src.interpreters.pxla:pxla.py:732 Compiling jit(broadcast_in_dim) with global shapes and types (ShapedArray(float64[340,1,2]),). Argument mapping: (UnspecifiedValue,).
WARNING  jax._src.dispatch:dispatch.py:204 Finished jaxpr to MLIR module conversion jit(broadcast_in_dim) in 0.005010843 sec
WARNING  jax._src.dispatch:dispatch.py:204 Finished XLA compilation of jit(broadcast_in_dim) in 0.024273157 sec
WARNING  jax._src.dispatch:dispatch.py:204 Finished tracing less for jit in 0.000360250 sec
WARNING  jax._src.interpreters.pxla:pxla.py:732 Compiling jit(less) with global shapes and types (ShapedArray(int64[22]), ShapedArray(int64[], weak_type=True)). Argument mapping: (UnspecifiedValue, UnspecifiedValue).
WARNING  jax._src.dispatch:dispatch.py:204 Finished jaxpr to MLIR module conversion jit(less) in 0.005039215 sec
WARNING  jax._src.dispatch:dispatch.py:204 Finished XLA compilation of jit(less) in 0.022814751 sec
WARNING  jax._src.dispatch:dispatch.py:204 Finished tracing add for jit in 0.000282764 sec
WARNING  jax._src.interpreters.pxla:pxla.py:732 Compiling jit(add) with global shapes and types (ShapedArray(int64[22]), ShapedArray(int64[])). Argument mapping: (UnspecifiedValue, UnspecifiedValue).
WARNING  jax._src.dispatch:dispatch.py:204 Finished jaxpr to MLIR module conversion jit(add) in 0.004895210 sec
WARNING  jax._src.dispatch:dispatch.py:204 Finished XLA compilation of jit(add) in 0.022977829 sec
WARNING  jax._src.dispatch:dispatch.py:204 Finished tracing select_n for jit in 0.000276566 sec
WARNING  jax._src.interpreters.pxla:pxla.py:732 Compiling jit(select_n) with global shapes and types (ShapedArray(bool[22]), ShapedArray(int64[22]), ShapedArray(int64[22])). Argument mapping: (UnspecifiedValue, UnspecifiedValue, UnspecifiedValue).
WARNING  jax._src.dispatch:dispatch.py:204 Finished jaxpr to MLIR module conversion jit(select_n) in 0.004684687 sec
WARNING  jax._src.dispatch:dispatch.py:204 Finished XLA compilation of jit(select_n) in 0.033956289 sec
WARNING  jax._src.dispatch:dispatch.py:204 Finished tracing _broadcast_arrays for jit in 0.000129700 sec
WARNING  jax._src.interpreters.pxla:pxla.py:732 Compiling jit(_broadcast_arrays) with global shapes and types (ShapedArray(int64[22]),). Argument mapping: (UnspecifiedValue,).
WARNING  jax._src.dispatch:dispatch.py:204 Finished jaxpr to MLIR module conversion jit(_broadcast_arrays) in 0.004774570 sec
WARNING  jax._src.dispatch:dispatch.py:204 Finished XLA compilation of jit(_broadcast_arrays) in 0.006415367 sec
WARNING  jax._src.dispatch:dispatch.py:204 Finished tracing convert_element_type for jit in 0.000283718 sec
WARNING  jax._src.interpreters.pxla:pxla.py:732 Compiling jit(convert_element_type) with global shapes and types (ShapedArray(int64[22]),). Argument mapping: (UnspecifiedValue,).
WARNING  jax._src.dispatch:dispatch.py:204 Finished jaxpr to MLIR module conversion jit(convert_element_type) in 0.004232645 sec
WARNING  jax._src.dispatch:dispatch.py:204 Finished XLA compilation of jit(convert_element_type) in 0.029206991 sec
WARNING  jax._src.dispatch:dispatch.py:204 Finished tracing broadcast_in_dim for jit in 0.000386715 sec
WARNING  jax._src.interpreters.pxla:pxla.py:732 Compiling jit(broadcast_in_dim) with global shapes and types (ShapedArray(int32[22]),). Argument mapping: (UnspecifiedValue,).
WARNING  jax._src.dispatch:dispatch.py:204 Finished jaxpr to MLIR module conversion jit(broadcast_in_dim) in 0.004897118 sec
WARNING  jax._src.dispatch:dispatch.py:204 Finished XLA compilation of jit(broadcast_in_dim) in 0.007022619 sec
WARNING  jax._src.dispatch:dispatch.py:204 Finished tracing gather for jit in 0.000267506 sec
WARNING  jax._src.interpreters.pxla:pxla.py:732 Compiling jit(gather) with global shapes and types (ShapedArray(float64[340,24,2]), ShapedArray(int32[22,1])). Argument mapping: (UnspecifiedValue, UnspecifiedValue).
WARNING  jax._src.dispatch:dispatch.py:204 Finished jaxpr to MLIR module conversion jit(gather) in 0.004560232 sec
WARNING  jax._src.dispatch:dispatch.py:204 Finished XLA compilation of jit(gather) in 0.028221369 sec
WARNING  jax._src.dispatch:dispatch.py:204 Finished tracing broadcast_in_dim for jit in 0.000291109 sec
WARNING  jax._src.interpreters.pxla:pxla.py:732 Compiling jit(broadcast_in_dim) with global shapes and types (ShapedArray(float64[340,22,2]),). Argument mapping: (UnspecifiedValue,).
WARNING  jax._src.dispatch:dispatch.py:204 Finished jaxpr to MLIR module conversion jit(broadcast_in_dim) in 0.004523993 sec
WARNING  jax._src.dispatch:dispatch.py:204 Finished XLA compilation of jit(broadcast_in_dim) in 0.006696701 sec
WARNING  jax._src.dispatch:dispatch.py:204 Finished tracing add for jit in 0.000269651 sec
WARNING  jax._src.interpreters.pxla:pxla.py:732 Compiling jit(add) with global shapes and types (ShapedArray(int64[22]), ShapedArray(int64[], weak_type=True)). Argument mapping: (UnspecifiedValue, UnspecifiedValue).
WARNING  jax._src.dispatch:dispatch.py:204 Finished jaxpr to MLIR module conversion jit(add) in 0.004466057 sec
WARNING  jax._src.dispatch:dispatch.py:204 Finished XLA compilation of jit(add) in 0.022373199 sec
WARNING  jax._src.dispatch:dispatch.py:204 Finished tracing broadcast_in_dim for jit in 0.000304461 sec
WARNING  jax._src.interpreters.pxla:pxla.py:732 Compiling jit(broadcast_in_dim) with global shapes and types (ShapedArray(float64[8]),). Argument mapping: (UnspecifiedValue,).
WARNING  jax._src.dispatch:dispatch.py:204 Finished jaxpr to MLIR module conversion jit(broadcast_in_dim) in 0.005388975 sec
WARNING  jax._src.dispatch:dispatch.py:204 Finished XLA compilation of jit(broadcast_in_dim) in 0.023866892 sec
WARNING  jax._src.dispatch:dispatch.py:204 Finished tracing broadcast_in_dim for jit in 0.000281811 sec
WARNING  jax._src.interpreters.pxla:pxla.py:732 Compiling jit(broadcast_in_dim) with global shapes and types (ShapedArray(float64[8]),). Argument mapping: (UnspecifiedValue,).
WARNING  jax._src.dispatch:dispatch.py:204 Finished jaxpr to MLIR module conversion jit(broadcast_in_dim) in 0.005581379 sec
WARNING  jax._src.dispatch:dispatch.py:204 Finished XLA compilation of jit(broadcast_in_dim) in 0.024787426 sec
WARNING  jax._src.dispatch:dispatch.py:204 Finished tracing reshape for jit in 0.000274181 sec
WARNING  jax._src.interpreters.pxla:pxla.py:732 Compiling jit(reshape) with global shapes and types (ShapedArray(float64[8,8]),). Argument mapping: (UnspecifiedValue,).
WARNING  jax._src.dispatch:dispatch.py:204 Finished jaxpr to MLIR module conversion jit(reshape) in 0.005264282 sec
WARNING  jax._src.dispatch:dispatch.py:204 Finished XLA compilation of jit(reshape) in 0.007337093 sec
WARNING  jax._src.dispatch:dispatch.py:204 Finished tracing multiply for jit in 0.000303507 sec
WARNING  jax._src.interpreters.pxla:pxla.py:732 Compiling jit(multiply) with global shapes and types (ShapedArray(float64[8,8]), ShapedArray(float64[8,8])). Argument mapping: (UnspecifiedValue, UnspecifiedValue).
WARNING  jax._src.dispatch:dispatch.py:204 Finished jaxpr to MLIR module conversion jit(multiply) in 0.004528522 sec
WARNING  jax._src.dispatch:dispatch.py:204 Finished XLA compilation of jit(multiply) in 0.032470465 sec
WARNING  jax._src.dispatch:dispatch.py:204 Finished tracing subtract for jit in 0.000401020 sec
WARNING  jax._src.interpreters.pxla:pxla.py:732 Compiling jit(subtract) with global shapes and types (ShapedArray(float64[340,22,2]), ShapedArray(float64[340,22,2])). Argument mapping: (UnspecifiedValue, UnspecifiedValue).
WARNING  jax._src.dispatch:dispatch.py:204 Finished jaxpr to MLIR module conversion jit(subtract) in 0.005298376 sec
WARNING  jax._src.dispatch:dispatch.py:204 Finished XLA compilation of jit(subtract) in 0.035004616 sec
WARNING  jax._src.dispatch:dispatch.py:204 Finished tracing broadcast_in_dim for jit in 0.000332832 sec
WARNING  jax._src.interpreters.pxla:pxla.py:732 Compiling jit(broadcast_in_dim) with global shapes and types (ShapedArray(float64[340,22,2]),). Argument mapping: (UnspecifiedValue,).
WARNING  jax._src.dispatch:dispatch.py:204 Finished jaxpr to MLIR module conversion jit(broadcast_in_dim) in 0.005078793 sec
WARNING  jax._src.dispatch:dispatch.py:204 Finished XLA compilation of jit(broadcast_in_dim) in 0.033890247 sec
WARNING  jax._src.dispatch:dispatch.py:204 Finished tracing broadcast_in_dim for jit in 0.000321627 sec
WARNING  jax._src.interpreters.pxla:pxla.py:732 Compiling jit(broadcast_in_dim) with global shapes and types (ShapedArray(float64[64]),). Argument mapping: (UnspecifiedValue,).
WARNING  jax._src.dispatch:dispatch.py:204 Finished jaxpr to MLIR module conversion jit(broadcast_in_dim) in 0.004868031 sec
WARNING  jax._src.dispatch:dispatch.py:204 Finished XLA compilation of jit(broadcast_in_dim) in 0.007296562 sec
WARNING  jax._src.dispatch:dispatch.py:204 Finished tracing multiply for jit in 0.000364065 sec
WARNING  jax._src.interpreters.pxla:pxla.py:732 Compiling jit(multiply) with global shapes and types (ShapedArray(float64[1,1,64,1]), ShapedArray(float64[340,22,1,2])). Argument mapping: (UnspecifiedValue, UnspecifiedValue).
WARNING  jax._src.dispatch:dispatch.py:204 Finished jaxpr to MLIR module conversion jit(multiply) in 0.004482508 sec
WARNING  jax._src.dispatch:dispatch.py:204 Finished XLA compilation of jit(multiply) in 0.030127287 sec
WARNING  jax._src.dispatch:dispatch.py:204 Finished tracing add for jit in 0.000396490 sec
WARNING  jax._src.interpreters.pxla:pxla.py:732 Compiling jit(add) with global shapes and types (ShapedArray(float64[340,22,1,2]), ShapedArray(float64[340,22,64,2])). Argument mapping: (UnspecifiedValue, UnspecifiedValue).
WARNING  jax._src.dispatch:dispatch.py:204 Finished jaxpr to MLIR module conversion jit(add) in 0.005122900 sec
WARNING  jax._src.dispatch:dispatch.py:204 Finished XLA compilation of jit(add) in 0.028367758 sec
WARNING  jax._src.dispatch:dispatch.py:204 Finished tracing subtract for jit in 0.000416756 sec
WARNING  jax._src.interpreters.pxla:pxla.py:732 Compiling jit(subtract) with global shapes and types (ShapedArray(float64[], weak_type=True), ShapedArray(float64[64])). Argument mapping: (UnspecifiedValue, UnspecifiedValue).
WARNING  jax._src.dispatch:dispatch.py:204 Finished jaxpr to MLIR module conversion jit(subtract) in 0.005232573 sec
WARNING  jax._src.dispatch:dispatch.py:204 Finished XLA compilation of jit(subtract) in 0.022387266 sec
WARNING  jax._src.dispatch:dispatch.py:204 Finished tracing multiply for jit in 0.000357628 sec
WARNING  jax._src.interpreters.pxla:pxla.py:732 Compiling jit(multiply) with global shapes and types (ShapedArray(float64[1,1,64,1]), ShapedArray(float64[1,1,64,1])). Argument mapping: (UnspecifiedValue, UnspecifiedValue).
WARNING  jax._src.dispatch:dispatch.py:204 Finished jaxpr to MLIR module conversion jit(multiply) in 0.004498243 sec
WARNING  jax._src.dispatch:dispatch.py:204 Finished XLA compilation of jit(multiply) in 0.031444311 sec
WARNING  jax._src.dispatch:dispatch.py:204 Finished tracing add for jit in 0.000355244 sec
WARNING  jax._src.interpreters.pxla:pxla.py:732 Compiling jit(add) with global shapes and types (ShapedArray(float64[340,22,64,2]), ShapedArray(float64[340,22,64,2])). Argument mapping: (UnspecifiedValue, UnspecifiedValue).
WARNING  jax._src.dispatch:dispatch.py:204 Finished jaxpr to MLIR module conversion jit(add) in 0.004982710 sec
WARNING  jax._src.dispatch:dispatch.py:204 Finished XLA compilation of jit(add) in 0.046474934 sec
WARNING  jax._src.dispatch:dispatch.py:204 Finished tracing dynamic_slice for jit in 0.000345707 sec
WARNING  jax._src.interpreters.pxla:pxla.py:732 Compiling jit(dynamic_slice) with global shapes and types (ShapedArray(float64[340,22,2]), ShapedArray(int64[], weak_type=True), ShapedArray(int64[], weak_type=True), ShapedArray(int64[], weak_type=True)). Argument mapping: (UnspecifiedValue, UnspecifiedValue, UnspecifiedValue, UnspecifiedValue).
WARNING  jax._src.dispatch:dispatch.py:204 Finished jaxpr to MLIR module conversion jit(dynamic_slice) in 0.005250692 sec
WARNING  jax._src.dispatch:dispatch.py:204 Finished XLA compilation of jit(dynamic_slice) in 0.029062271 sec
WARNING  jax._src.dispatch:dispatch.py:204 Finished tracing squeeze for jit in 0.000266314 sec
WARNING  jax._src.interpreters.pxla:pxla.py:732 Compiling jit(squeeze) with global shapes and types (ShapedArray(float64[340,22,1]),). Argument mapping: (UnspecifiedValue,).
WARNING  jax._src.dispatch:dispatch.py:204 Finished jaxpr to MLIR module conversion jit(squeeze) in 0.004694462 sec
WARNING  jax._src.dispatch:dispatch.py:204 Finished XLA compilation of jit(squeeze) in 0.006530046 sec
WARNING  jax._src.dispatch:dispatch.py:204 Finished tracing multiply for jit in 0.000309229 sec
WARNING  jax._src.interpreters.pxla:pxla.py:732 Compiling jit(multiply) with global shapes and types (ShapedArray(float64[340,22]), ShapedArray(float64[340,22])). Argument mapping: (UnspecifiedValue, UnspecifiedValue).
WARNING  jax._src.dispatch:dispatch.py:204 Finished jaxpr to MLIR module conversion jit(multiply) in 0.004090071 sec
WARNING  jax._src.dispatch:dispatch.py:204 Finished XLA compilation of jit(multiply) in 0.036928415 sec
WARNING  jax._src.dispatch:dispatch.py:204 Finished tracing subtract for jit in 0.000326157 sec
WARNING  jax._src.interpreters.pxla:pxla.py:732 Compiling jit(subtract) with global shapes and types (ShapedArray(float64[340,22]), ShapedArray(float64[340,22])). Argument mapping: (UnspecifiedValue, UnspecifiedValue).
WARNING  jax._src.dispatch:dispatch.py:204 Finished jaxpr to MLIR module conversion jit(subtract) in 0.004707813 sec
WARNING  jax._src.dispatch:dispatch.py:204 Finished XLA compilation of jit(subtract) in 0.036356449 sec
WARNING  jax._src.dispatch:dispatch.py:204 Finished tracing abs for jit in 0.000585318 sec
WARNING  jax._src.interpreters.pxla:pxla.py:732 Compiling jit(abs) with global shapes and types (ShapedArray(float64[340,22]),). Argument mapping: (UnspecifiedValue,).
WARNING  jax._src.dispatch:dispatch.py:204 Finished jaxpr to MLIR module conversion jit(abs) in 0.004648685 sec
WARNING  jax._src.dispatch:dispatch.py:204 Finished XLA compilation of jit(abs) in 0.035081625 sec
WARNING  jax._src.dispatch:dispatch.py:204 Finished tracing broadcast_in_dim for jit in 0.000318050 sec
WARNING  jax._src.interpreters.pxla:pxla.py:732 Compiling jit(broadcast_in_dim) with global shapes and types (ShapedArray(int64[22]),). Argument mapping: (UnspecifiedValue,).
WARNING  jax._src.dispatch:dispatch.py:204 Finished jaxpr to MLIR module conversion jit(broadcast_in_dim) in 0.004798651 sec
WARNING  jax._src.dispatch:dispatch.py:204 Finished XLA compilation of jit(broadcast_in_dim) in 0.006640673 sec
WARNING  jax._src.dispatch:dispatch.py:204 Finished tracing add for jit in 0.000312328 sec
WARNING  jax._src.interpreters.pxla:pxla.py:732 Compiling jit(add) with global shapes and types (ShapedArray(int64[1,22]), ShapedArray(int64[], weak_type=True)). Argument mapping: (UnspecifiedValue, UnspecifiedValue).
WARNING  jax._src.dispatch:dispatch.py:204 Finished jaxpr to MLIR module conversion jit(add) in 0.004672050 sec
WARNING  jax._src.dispatch:dispatch.py:204 Finished XLA compilation of jit(add) in 0.023343325 sec
WARNING  jax._src.dispatch:dispatch.py:204 Finished tracing less for jit in 0.000312090 sec
WARNING  jax._src.interpreters.pxla:pxla.py:732 Compiling jit(less) with global shapes and types (ShapedArray(int64[1,22]), ShapedArray(int64[340,1])). Argument mapping: (UnspecifiedValue, UnspecifiedValue).
WARNING  jax._src.dispatch:dispatch.py:204 Finished jaxpr to MLIR module conversion jit(less) in 0.005178452 sec
WARNING  jax._src.dispatch:dispatch.py:204 Finished XLA compilation of jit(less) in 0.028225899 sec
WARNING  jax._src.dispatch:dispatch.py:204 Finished tracing bitwise_and for jit in 0.000311613 sec
WARNING  jax._src.interpreters.pxla:pxla.py:732 Compiling jit(bitwise_and) with global shapes and types (ShapedArray(bool[340,22]), ShapedArray(bool[340,1])). Argument mapping: (UnspecifiedValue, UnspecifiedValue).
WARNING  jax._src.dispatch:dispatch.py:204 Finished jaxpr to MLIR module conversion jit(bitwise_and) in 0.005317211 sec
WARNING  jax._src.dispatch:dispatch.py:204 Finished XLA compilation of jit(bitwise_and) in 0.031129360 sec
WARNING  jax._src.dispatch:dispatch.py:204 Finished tracing broadcast_in_dim for jit in 0.000280857 sec
WARNING  jax._src.interpreters.pxla:pxla.py:732 Compiling jit(broadcast_in_dim) with global shapes and types (ShapedArray(float64[340,22]),). Argument mapping: (UnspecifiedValue,).
WARNING  jax._src.dispatch:dispatch.py:204 Finished jaxpr to MLIR module conversion jit(broadcast_in_dim) in 0.004863977 sec
WARNING  jax._src.dispatch:dispatch.py:204 Finished XLA compilation of jit(broadcast_in_dim) in 0.033355713 sec
WARNING  jax._src.dispatch:dispatch.py:204 Finished tracing broadcast_in_dim for jit in 0.000314236 sec
WARNING  jax._src.interpreters.pxla:pxla.py:732 Compiling jit(broadcast_in_dim) with global shapes and types (ShapedArray(float64[64]),). Argument mapping: (UnspecifiedValue,).
WARNING  jax._src.dispatch:dispatch.py:204 Finished jaxpr to MLIR module conversion jit(broadcast_in_dim) in 0.004833221 sec
WARNING  jax._src.dispatch:dispatch.py:204 Finished XLA compilation of jit(broadcast_in_dim) in 0.006685019 sec
WARNING  jax._src.dispatch:dispatch.py:204 Finished tracing multiply for jit in 0.000324249 sec
WARNING  jax._src.interpreters.pxla:pxla.py:732 Compiling jit(multiply) with global shapes and types (ShapedArray(float64[340,22,1]), ShapedArray(float64[1,1,64])). Argument mapping: (UnspecifiedValue, UnspecifiedValue).
WARNING  jax._src.dispatch:dispatch.py:204 Finished jaxpr to MLIR module conversion jit(multiply) in 0.004582167 sec
WARNING  jax._src.dispatch:dispatch.py:204 Finished XLA compilation of jit(multiply) in 0.029227018 sec
WARNING  jax._src.dispatch:dispatch.py:204 Finished tracing multiply for jit in 0.000379801 sec
WARNING  jax._src.interpreters.pxla:pxla.py:732 Compiling jit(multiply) with global shapes and types (ShapedArray(float64[340,22,64]), ShapedArray(float64[1,1,64])). Argument mapping: (UnspecifiedValue, UnspecifiedValue).
WARNING  jax._src.dispatch:dispatch.py:204 Finished jaxpr to MLIR module conversion jit(multiply) in 0.004988670 sec
WARNING  jax._src.dispatch:dispatch.py:204 Finished XLA compilation of jit(multiply) in 0.032668352 sec
WARNING  jax._src.dispatch:dispatch.py:204 Finished tracing broadcast_in_dim for jit in 0.000309706 sec
WARNING  jax._src.interpreters.pxla:pxla.py:732 Compiling jit(broadcast_in_dim) with global shapes and types (ShapedArray(bool[340,22]),). Argument mapping: (UnspecifiedValue,).
WARNING  jax._src.dispatch:dispatch.py:204 Finished jaxpr to MLIR module conversion jit(broadcast_in_dim) in 0.004934788 sec
WARNING  jax._src.dispatch:dispatch.py:204 Finished XLA compilation of jit(broadcast_in_dim) in 0.038833618 sec
WARNING  jax._src.dispatch:dispatch.py:204 Finished tracing _where for jit in 0.001110554 sec
WARNING  jax._src.interpreters.pxla:pxla.py:732 Compiling jit(_where) with global shapes and types (ShapedArray(bool[340,22,1]), ShapedArray(float64[340,22,64]), ShapedArray(float64[], weak_type=True)). Argument mapping: (UnspecifiedValue, UnspecifiedValue, UnspecifiedValue).
WARNING  jax._src.dispatch:dispatch.py:204 Finished jaxpr to MLIR module conversion jit(_where) in 0.005699635 sec
WARNING  jax._src.dispatch:dispatch.py:204 Finished XLA compilation of jit(_where) in 0.034741402 sec
WARNING  jax._src.dispatch:dispatch.py:204 Finished tracing reshape for jit in 0.000284910 sec
WARNING  jax._src.interpreters.pxla:pxla.py:732 Compiling jit(reshape) with global shapes and types (ShapedArray(float64[340,22,64,2]),). Argument mapping: (UnspecifiedValue,).
WARNING  jax._src.dispatch:dispatch.py:204 Finished jaxpr to MLIR module conversion jit(reshape) in 0.005078554 sec
WARNING  jax._src.dispatch:dispatch.py:204 Finished XLA compilation of jit(reshape) in 0.007319450 sec
WARNING  jax._src.dispatch:dispatch.py:204 Finished tracing reshape for jit in 0.000276804 sec
WARNING  jax._src.interpreters.pxla:pxla.py:732 Compiling jit(reshape) with global shapes and types (ShapedArray(float64[340,22,64]),). Argument mapping: (UnspecifiedValue,).
WARNING  jax._src.dispatch:dispatch.py:204 Finished jaxpr to MLIR module conversion jit(reshape) in 0.004865170 sec
WARNING  jax._src.dispatch:dispatch.py:204 Finished XLA compilation of jit(reshape) in 0.006814480 sec
WARNING  jax._src.dispatch:dispatch.py:204 Finished tracing greater for jit in 0.000353813 sec
WARNING  jax._src.interpreters.pxla:pxla.py:732 Compiling jit(greater) with global shapes and types (ShapedArray(float64[340,1408]), ShapedArray(float64[], weak_type=True)). Argument mapping: (UnspecifiedValue, UnspecifiedValue).
WARNING  jax._src.dispatch:dispatch.py:204 Finished jaxpr to MLIR module conversion jit(greater) in 0.005057335 sec
WARNING  jax._src.dispatch:dispatch.py:204 Finished XLA compilation of jit(greater) in 0.028205395 sec
WARNING  jax._src.dispatch:dispatch.py:204 Finished tracing broadcast_in_dim for jit in 0.000324011 sec
WARNING  jax._src.interpreters.pxla:pxla.py:732 Compiling jit(broadcast_in_dim) with global shapes and types (ShapedArray(bool[340,1408]),). Argument mapping: (UnspecifiedValue,).
WARNING  jax._src.dispatch:dispatch.py:204 Finished jaxpr to MLIR module conversion jit(broadcast_in_dim) in 0.004953384 sec
WARNING  jax._src.dispatch:dispatch.py:204 Finished XLA compilation of jit(broadcast_in_dim) in 0.046969175 sec
WARNING  jax._src.dispatch:dispatch.py:204 Finished tracing _where for jit in 0.001075745 sec
WARNING  jax._src.interpreters.pxla:pxla.py:732 Compiling jit(_where) with global shapes and types (ShapedArray(bool[340,1408,1]), ShapedArray(float64[340,1408,2]), ShapedArray(float64[340,1,2])). Argument mapping: (UnspecifiedValue, UnspecifiedValue, UnspecifiedValue).
WARNING  jax._src.dispatch:dispatch.py:204 Finished jaxpr to MLIR module conversion jit(_where) in 0.005679369 sec
WARNING  jax._src.dispatch:dispatch.py:204 Finished XLA compilation of jit(_where) in 0.030872822 sec
WARNING  jax._src.dispatch:dispatch.py:204 Finished tracing iota for jit in 0.000282288 sec
WARNING  jax._src.interpreters.pxla:pxla.py:732 Compiling jit(iota) with global shapes and types (). Argument mapping: ().
WARNING  jax._src.dispatch:dispatch.py:204 Finished jaxpr to MLIR module conversion jit(iota) in 0.005118608 sec
WARNING  jax._src.dispatch:dispatch.py:204 Finished XLA compilation of jit(iota) in 0.029745579 sec
WARNING  jax._src.dispatch:dispatch.py:204 Finished tracing gather for jit in 0.000259638 sec
WARNING  jax._src.interpreters.pxla:pxla.py:732 Compiling jit(gather) with global shapes and types (ShapedArray(float64[340,6]), ShapedArray(int32[340,1])). Argument mapping: (UnspecifiedValue, UnspecifiedValue).
WARNING  jax._src.dispatch:dispatch.py:204 Finished jaxpr to MLIR module conversion jit(gather) in 0.004949093 sec
WARNING  jax._src.dispatch:dispatch.py:204 Finished XLA compilation of jit(gather) in 0.027268171 sec
WARNING  jax._src.dispatch:dispatch.py:204 Finished tracing broadcast_in_dim for jit in 0.000397921 sec
WARNING  jax._src.interpreters.pxla:pxla.py:732 Compiling jit(broadcast_in_dim) with global shapes and types (ShapedArray(float64[340,6]),). Argument mapping: (UnspecifiedValue,).
WARNING  jax._src.dispatch:dispatch.py:204 Finished jaxpr to MLIR module conversion jit(broadcast_in_dim) in 0.004890442 sec
WARNING  jax._src.dispatch:dispatch.py:204 Finished XLA compilation of jit(broadcast_in_dim) in 0.006990433 sec
WARNING  jax._src.dispatch:dispatch.py:204 Finished tracing gather for jit in 0.000251055 sec
WARNING  jax._src.interpreters.pxla:pxla.py:732 Compiling jit(gather) with global shapes and types (ShapedArray(float64[340,2]), ShapedArray(int32[340,1])). Argument mapping: (UnspecifiedValue, UnspecifiedValue).
WARNING  jax._src.dispatch:dispatch.py:204 Finished jaxpr to MLIR module conversion jit(gather) in 0.005397081 sec
WARNING  jax._src.dispatch:dispatch.py:204 Finished XLA compilation of jit(gather) in 0.028137207 sec
WARNING  jax._src.dispatch:dispatch.py:204 Finished tracing broadcast_in_dim for jit in 0.000377893 sec
WARNING  jax._src.interpreters.pxla:pxla.py:732 Compiling jit(broadcast_in_dim) with global shapes and types (ShapedArray(float64[340,2]),). Argument mapping: (UnspecifiedValue,).
WARNING  jax._src.dispatch:dispatch.py:204 Finished jaxpr to MLIR module conversion jit(broadcast_in_dim) in 0.005653143 sec
WARNING  jax._src.dispatch:dispatch.py:204 Finished XLA compilation of jit(broadcast_in_dim) in 0.006822586 sec
WARNING  jax._src.dispatch:dispatch.py:204 Finished tracing subtract for jit in 0.000375986 sec
WARNING  jax._src.interpreters.pxla:pxla.py:732 Compiling jit(subtract) with global shapes and types (ShapedArray(float64[340,1408,2]), ShapedArray(float64[340,1,2])). Argument mapping: (UnspecifiedValue, UnspecifiedValue).
WARNING  jax._src.dispatch:dispatch.py:204 Finished jaxpr to MLIR module conversion jit(subtract) in 0.005476475 sec
WARNING  jax._src.dispatch:dispatch.py:204 Finished XLA compilation of jit(subtract) in 0.028710127 sec
WARNING  jax._src.dispatch:dispatch.py:204 Finished tracing true_divide for jit in 0.000385284 sec
WARNING  jax._src.interpreters.pxla:pxla.py:732 Compiling jit(true_divide) with global shapes and types (ShapedArray(float64[340,1408,2]), ShapedArray(float64[340,1,2])). Argument mapping: (UnspecifiedValue, UnspecifiedValue).
WARNING  jax._src.dispatch:dispatch.py:204 Finished jaxpr to MLIR module conversion jit(true_divide) in 0.006600857 sec
WARNING  jax._src.dispatch:dispatch.py:204 Finished XLA compilation of jit(true_divide) in 0.035485029 sec
WARNING  jax._src.dispatch:dispatch.py:204 Finished tracing dynamic_slice for jit in 0.000370741 sec
WARNING  jax._src.interpreters.pxla:pxla.py:732 Compiling jit(dynamic_slice) with global shapes and types (ShapedArray(float64[340,1408,2]), ShapedArray(int64[], weak_type=True), ShapedArray(int64[], weak_type=True), ShapedArray(int64[], weak_type=True)). Argument mapping: (UnspecifiedValue, UnspecifiedValue, UnspecifiedValue, UnspecifiedValue).
WARNING  jax._src.dispatch:dispatch.py:204 Finished jaxpr to MLIR module conversion jit(dynamic_slice) in 0.005047560 sec
WARNING  jax._src.dispatch:dispatch.py:204 Finished XLA compilation of jit(dynamic_slice) in 0.031924486 sec
WARNING  jax._src.dispatch:dispatch.py:204 Finished tracing squeeze for jit in 0.000247717 sec
WARNING  jax._src.interpreters.pxla:pxla.py:732 Compiling jit(squeeze) with global shapes and types (ShapedArray(float64[340,1408,1]),). Argument mapping: (UnspecifiedValue,).
WARNING  jax._src.dispatch:dispatch.py:204 Finished jaxpr to MLIR module conversion jit(squeeze) in 0.004995346 sec
WARNING  jax._src.dispatch:dispatch.py:204 Finished XLA compilation of jit(squeeze) in 0.006762266 sec
WARNING  jax._src.dispatch:dispatch.py:204 Finished tracing broadcast_in_dim for jit in 0.000288725 sec
WARNING  jax._src.interpreters.pxla:pxla.py:732 Compiling jit(broadcast_in_dim) with global shapes and types (ShapedArray(float64[]),). Argument mapping: (UnspecifiedValue,).
WARNING  jax._src.dispatch:dispatch.py:204 Finished jaxpr to MLIR module conversion jit(broadcast_in_dim) in 0.004936934 sec
WARNING  jax._src.dispatch:dispatch.py:204 Finished XLA compilation of jit(broadcast_in_dim) in 0.027129173 sec
WARNING  jax._src.dispatch:dispatch.py:204 Finished tracing integer_pow for jit in 0.000277996 sec
WARNING  jax._src.interpreters.pxla:pxla.py:732 Compiling jit(integer_pow) with global shapes and types (ShapedArray(float64[340,1408]),). Argument mapping: (UnspecifiedValue,).
WARNING  jax._src.dispatch:dispatch.py:204 Finished jaxpr to MLIR module conversion jit(integer_pow) in 0.005249739 sec
WARNING  jax._src.dispatch:dispatch.py:204 Finished XLA compilation of jit(integer_pow) in 0.031975269 sec
WARNING  jax._src.dispatch:dispatch.py:204 Finished tracing multiply for jit in 0.000359535 sec
WARNING  jax._src.interpreters.pxla:pxla.py:732 Compiling jit(multiply) with global shapes and types (ShapedArray(float64[340,1408]), ShapedArray(float64[340,1408])). Argument mapping: (UnspecifiedValue, UnspecifiedValue).
WARNING  jax._src.dispatch:dispatch.py:204 Finished jaxpr to MLIR module conversion jit(multiply) in 0.005094290 sec
WARNING  jax._src.dispatch:dispatch.py:204 Finished XLA compilation of jit(multiply) in 0.033457041 sec
WARNING  jax._src.dispatch:dispatch.py:204 Finished tracing stack for jit in 0.000334263 sec
WARNING  jax._src.interpreters.pxla:pxla.py:732 Compiling jit(stack) with global shapes and types (ShapedArray(float64[340,1408]), ShapedArray(float64[340,1408]), ShapedArray(float64[340,1408]), ShapedArray(float64[340,1408]), ShapedArray(float64[340,1408]), ShapedArray(float64[340,1408])). Argument mapping: (UnspecifiedValue, UnspecifiedValue, UnspecifiedValue, UnspecifiedValue, UnspecifiedValue, UnspecifiedValue).
WARNING  jax._src.dispatch:dispatch.py:204 Finished jaxpr to MLIR module conversion jit(stack) in 0.005674601 sec
WARNING  jax._src.dispatch:dispatch.py:204 Finished XLA compilation of jit(stack) in 0.059037924 sec
WARNING  jax._src.dispatch:dispatch.py:204 Finished tracing _einsum for jit in 0.000570536 sec
WARNING  jax._src.interpreters.pxla:pxla.py:732 Compiling jit(_einsum) with global shapes and types (ShapedArray(float64[340,1408,6]), ShapedArray(float64[340,6])). Argument mapping: (UnspecifiedValue, UnspecifiedValue).
WARNING  jax._src.dispatch:dispatch.py:204 Finished jaxpr to MLIR module conversion jit(_einsum) in 0.008930206 sec
WARNING  jax._src.dispatch:dispatch.py:204 Finished XLA compilation of jit(_einsum) in 0.032441616 sec
WARNING  jax._src.dispatch:dispatch.py:204 Finished tracing dynamic_slice for jit in 0.000283718 sec
WARNING  jax._src.interpreters.pxla:pxla.py:732 Compiling jit(dynamic_slice) with global shapes and types (ShapedArray(float64[340,6]), ShapedArray(int64[], weak_type=True), ShapedArray(int64[], weak_type=True)). Argument mapping: (UnspecifiedValue, UnspecifiedValue, UnspecifiedValue).
WARNING  jax._src.dispatch:dispatch.py:204 Finished jaxpr to MLIR module conversion jit(dynamic_slice) in 0.005639076 sec
WARNING  jax._src.dispatch:dispatch.py:204 Finished XLA compilation of jit(dynamic_slice) in 0.028120995 sec
WARNING  jax._src.dispatch:dispatch.py:204 Finished tracing broadcast_in_dim for jit in 0.000351667 sec
WARNING  jax._src.interpreters.pxla:pxla.py:732 Compiling jit(broadcast_in_dim) with global shapes and types (ShapedArray(float64[340]),). Argument mapping: (UnspecifiedValue,).
WARNING  jax._src.dispatch:dispatch.py:204 Finished jaxpr to MLIR module conversion jit(broadcast_in_dim) in 0.005239487 sec
WARNING  jax._src.dispatch:dispatch.py:204 Finished XLA compilation of jit(broadcast_in_dim) in 0.006923676 sec
WARNING  jax._src.dispatch:dispatch.py:204 Finished tracing multiply for jit in 0.000353813 sec
WARNING  jax._src.interpreters.pxla:pxla.py:732 Compiling jit(multiply) with global shapes and types (ShapedArray(float64[], weak_type=True), ShapedArray(float64[340,1])). Argument mapping: (UnspecifiedValue, UnspecifiedValue).
WARNING  jax._src.dispatch:dispatch.py:204 Finished jaxpr to MLIR module conversion jit(multiply) in 0.004687548 sec
WARNING  jax._src.dispatch:dispatch.py:204 Finished XLA compilation of jit(multiply) in 0.027922869 sec
WARNING  jax._src.dispatch:dispatch.py:204 Finished tracing multiply for jit in 0.000358105 sec
WARNING  jax._src.interpreters.pxla:pxla.py:732 Compiling jit(multiply) with global shapes and types (ShapedArray(float64[340,1]), ShapedArray(float64[340,1408])). Argument mapping: (UnspecifiedValue, UnspecifiedValue).
WARNING  jax._src.dispatch:dispatch.py:204 Finished jaxpr to MLIR module conversion jit(multiply) in 0.004967690 sec
WARNING  jax._src.dispatch:dispatch.py:204 Finished XLA compilation of jit(multiply) in 0.027658701 sec
WARNING  jax._src.dispatch:dispatch.py:204 Finished tracing add for jit in 0.000433207 sec
WARNING  jax._src.interpreters.pxla:pxla.py:732 Compiling jit(add) with global shapes and types (ShapedArray(float64[340,1]), ShapedArray(float64[340,1408])). Argument mapping: (UnspecifiedValue, UnspecifiedValue).
WARNING  jax._src.dispatch:dispatch.py:204 Finished jaxpr to MLIR module conversion jit(add) in 0.005363703 sec
WARNING  jax._src.dispatch:dispatch.py:204 Finished XLA compilation of jit(add) in 0.028045654 sec
WARNING  jax._src.dispatch:dispatch.py:204 Finished tracing add for jit in 0.000436783 sec
WARNING  jax._src.interpreters.pxla:pxla.py:732 Compiling jit(add) with global shapes and types (ShapedArray(float64[340,1408]), ShapedArray(float64[340,1408])). Argument mapping: (UnspecifiedValue, UnspecifiedValue).
WARNING  jax._src.dispatch:dispatch.py:204 Finished jaxpr to MLIR module conversion jit(add) in 0.005217314 sec
WARNING  jax._src.dispatch:dispatch.py:204 Finished XLA compilation of jit(add) in 0.033539772 sec
WARNING  jax._src.dispatch:dispatch.py:204 Finished tracing dynamic_slice for jit in 0.000312805 sec
WARNING  jax._src.interpreters.pxla:pxla.py:732 Compiling jit(dynamic_slice) with global shapes and types (ShapedArray(float64[340,2]), ShapedArray(int64[], weak_type=True), ShapedArray(int64[], weak_type=True)). Argument mapping: (UnspecifiedValue, UnspecifiedValue, UnspecifiedValue).
WARNING  jax._src.dispatch:dispatch.py:204 Finished jaxpr to MLIR module conversion jit(dynamic_slice) in 0.005051136 sec
WARNING  jax._src.dispatch:dispatch.py:204 Finished XLA compilation of jit(dynamic_slice) in 0.028164625 sec
WARNING  jax._src.dispatch:dispatch.py:204 Finished tracing true_divide for jit in 0.000338316 sec
WARNING  jax._src.interpreters.pxla:pxla.py:732 Compiling jit(true_divide) with global shapes and types (ShapedArray(float64[340,1408]), ShapedArray(float64[340,1])). Argument mapping: (UnspecifiedValue, UnspecifiedValue).
WARNING  jax._src.dispatch:dispatch.py:204 Finished jaxpr to MLIR module conversion jit(true_divide) in 0.005120516 sec
WARNING  jax._src.dispatch:dispatch.py:204 Finished XLA compilation of jit(true_divide) in 0.037383556 sec
WARNING  jax._src.dispatch:dispatch.py:204 Finished tracing gather for jit in 0.000330448 sec
WARNING  jax._src.interpreters.pxla:pxla.py:732 Compiling jit(gather) with global shapes and types (ShapedArray(bool[340]), ShapedArray(int32[340,1])). Argument mapping: (UnspecifiedValue, UnspecifiedValue).
WARNING  jax._src.dispatch:dispatch.py:204 Finished jaxpr to MLIR module conversion jit(gather) in 0.005850315 sec
WARNING  jax._src.dispatch:dispatch.py:204 Finished XLA compilation of jit(gather) in 0.025449276 sec
WARNING  jax._src.dispatch:dispatch.py:204 Finished tracing _where for jit in 0.001078606 sec
WARNING  jax._src.interpreters.pxla:pxla.py:732 Compiling jit(_where) with global shapes and types (ShapedArray(bool[340,1]), ShapedArray(float64[340,1408]), ShapedArray(float64[], weak_type=True)). Argument mapping: (UnspecifiedValue, UnspecifiedValue, UnspecifiedValue).
WARNING  jax._src.dispatch:dispatch.py:204 Finished jaxpr to MLIR module conversion jit(_where) in 0.006158352 sec
WARNING  jax._src.dispatch:dispatch.py:204 Finished XLA compilation of jit(_where) in 0.034029007 sec
WARNING  jax._src.dispatch:dispatch.py:204 Finished tracing subtract for jit in 0.000421524 sec
WARNING  jax._src.interpreters.pxla:pxla.py:732 Compiling jit(subtract) with global shapes and types (ShapedArray(float64[340,1408]), ShapedArray(float64[], weak_type=True)). Argument mapping: (UnspecifiedValue, UnspecifiedValue).
WARNING  jax._src.dispatch:dispatch.py:204 Finished jaxpr to MLIR module conversion jit(subtract) in 0.005769968 sec
WARNING  jax._src.dispatch:dispatch.py:204 Finished XLA compilation of jit(subtract) in 0.028821707 sec
WARNING  jax._src.dispatch:dispatch.py:204 Finished tracing subtract for jit in 0.000393391 sec
WARNING  jax._src.interpreters.pxla:pxla.py:732 Compiling jit(subtract) with global shapes and types (ShapedArray(float64[], weak_type=True), ShapedArray(float64[340,1408])). Argument mapping: (UnspecifiedValue, UnspecifiedValue).
WARNING  jax._src.dispatch:dispatch.py:204 Finished jaxpr to MLIR module conversion jit(subtract) in 0.005523920 sec
WARNING  jax._src.dispatch:dispatch.py:204 Finished XLA compilation of jit(subtract) in 0.031355143 sec
WARNING  jax._src.dispatch:dispatch.py:204 Finished tracing multiply for jit in 0.000458241 sec
WARNING  jax._src.interpreters.pxla:pxla.py:732 Compiling jit(multiply) with global shapes and types (ShapedArray(float64[], weak_type=True), ShapedArray(float64[340,1408])). Argument mapping: (UnspecifiedValue, UnspecifiedValue).
WARNING  jax._src.dispatch:dispatch.py:204 Finished jaxpr to MLIR module conversion jit(multiply) in 0.005369902 sec
WARNING  jax._src.dispatch:dispatch.py:204 Finished XLA compilation of jit(multiply) in 0.029549837 sec
WARNING  jax._src.dispatch:dispatch.py:204 Finished tracing clip for jit in 0.001762390 sec
WARNING  jax._src.interpreters.pxla:pxla.py:732 Compiling jit(clip) with global shapes and types (ShapedArray(float64[340,1408]), ShapedArray(float64[], weak_type=True), ShapedArray(float64[], weak_type=True)). Argument mapping: (UnspecifiedValue, UnspecifiedValue, UnspecifiedValue).
WARNING  jax._src.dispatch:dispatch.py:204 Finished jaxpr to MLIR module conversion jit(clip) in 0.005502462 sec
WARNING  jax._src.dispatch:dispatch.py:204 Finished XLA compilation of jit(clip) in 0.028237343 sec
WARNING  jax._src.dispatch:dispatch.py:204 Finished tracing add for jit in 0.000404596 sec
WARNING  jax._src.interpreters.pxla:pxla.py:732 Compiling jit(add) with global shapes and types (ShapedArray(float64[], weak_type=True), ShapedArray(float64[340,1408])). Argument mapping: (UnspecifiedValue, UnspecifiedValue).
WARNING  jax._src.dispatch:dispatch.py:204 Finished jaxpr to MLIR module conversion jit(add) in 0.005402088 sec
WARNING  jax._src.dispatch:dispatch.py:204 Finished XLA compilation of jit(add) in 0.027476788 sec
WARNING  jax._src.dispatch:dispatch.py:204 Finished tracing _where for jit in 0.000925064 sec
WARNING  jax._src.interpreters.pxla:pxla.py:732 Compiling jit(_where) with global shapes and types (ShapedArray(bool[340,1408]), ShapedArray(float64[340,1408]), ShapedArray(float64[], weak_type=True)). Argument mapping: (UnspecifiedValue, UnspecifiedValue, UnspecifiedValue).
WARNING  jax._src.dispatch:dispatch.py:204 Finished jaxpr to MLIR module conversion jit(_where) in 0.005924940 sec
WARNING  jax._src.dispatch:dispatch.py:204 Finished XLA compilation of jit(_where) in 0.030361176 sec
WARNING  jax._src.dispatch:dispatch.py:204 Finished tracing true_divide for jit in 0.000391722 sec
WARNING  jax._src.interpreters.pxla:pxla.py:732 Compiling jit(true_divide) with global shapes and types (ShapedArray(float64[340,1408]), ShapedArray(float64[340,1408])). Argument mapping: (UnspecifiedValue, UnspecifiedValue).
WARNING  jax._src.dispatch:dispatch.py:204 Finished jaxpr to MLIR module conversion jit(true_divide) in 0.005513906 sec
WARNING  jax._src.dispatch:dispatch.py:204 Finished XLA compilation of jit(true_divide) in 0.035989523 sec
WARNING  jax._src.dispatch:dispatch.py:204 Finished tracing subtract for jit in 0.000373125 sec
WARNING  jax._src.interpreters.pxla:pxla.py:732 Compiling jit(subtract) with global shapes and types (ShapedArray(float64[340,1408]), ShapedArray(float64[340,1408])). Argument mapping: (UnspecifiedValue, UnspecifiedValue).
WARNING  jax._src.dispatch:dispatch.py:204 Finished jaxpr to MLIR module conversion jit(subtract) in 0.005859852 sec
WARNING  jax._src.dispatch:dispatch.py:204 Finished XLA compilation of jit(subtract) in 0.034619093 sec
WARNING  jax._src.dispatch:dispatch.py:204 Finished tracing exp for jit in 0.000392914 sec
WARNING  jax._src.interpreters.pxla:pxla.py:732 Compiling jit(exp) with global shapes and types (ShapedArray(float64[340,1408]),). Argument mapping: (UnspecifiedValue,).
WARNING  jax._src.dispatch:dispatch.py:204 Finished jaxpr to MLIR module conversion jit(exp) in 0.006683111 sec
WARNING  jax._src.dispatch:dispatch.py:204 Finished XLA compilation of jit(exp) in 0.037456274 sec
WARNING  jax._src.dispatch:dispatch.py:204 Finished tracing broadcast_in_dim for jit in 0.000321150 sec
WARNING  jax._src.interpreters.pxla:pxla.py:732 Compiling jit(broadcast_in_dim) with global shapes and types (ShapedArray(float64[340,1408]),). Argument mapping: (UnspecifiedValue,).
WARNING  jax._src.dispatch:dispatch.py:204 Finished jaxpr to MLIR module conversion jit(broadcast_in_dim) in 0.005986452 sec
WARNING  jax._src.dispatch:dispatch.py:204 Finished XLA compilation of jit(broadcast_in_dim) in 0.032301188 sec
WARNING  jax._src.dispatch:dispatch.py:204 Finished tracing multiply for jit in 0.000388384 sec
WARNING  jax._src.interpreters.pxla:pxla.py:732 Compiling jit(multiply) with global shapes and types (ShapedArray(float64[340,1408,1]), ShapedArray(float64[340,1408,2])). Argument mapping: (UnspecifiedValue, UnspecifiedValue).
WARNING  jax._src.dispatch:dispatch.py:204 Finished jaxpr to MLIR module conversion jit(multiply) in 0.005508900 sec
WARNING  jax._src.dispatch:dispatch.py:204 Finished XLA compilation of jit(multiply) in 0.028987885 sec
WARNING  jax._src.dispatch:dispatch.py:204 Finished tracing _reduce_sum for jit in 0.000627279 sec
WARNING  jax._src.interpreters.pxla:pxla.py:732 Compiling jit(_reduce_sum) with global shapes and types (ShapedArray(float64[340,1408,2]),). Argument mapping: (UnspecifiedValue,).
WARNING  jax._src.dispatch:dispatch.py:204 Finished jaxpr to MLIR module conversion jit(_reduce_sum) in 0.005394697 sec
WARNING  jax._src.dispatch:dispatch.py:204 Finished XLA compilation of jit(_reduce_sum) in 0.007709980 sec
WARNING  jax._src.dispatch:dispatch.py:204 Finished tracing _reduce_sum for jit in 0.000622511 sec
WARNING  jax._src.interpreters.pxla:pxla.py:732 Compiling jit(_reduce_sum) with global shapes and types (ShapedArray(float64[340,1408]),). Argument mapping: (UnspecifiedValue,).
WARNING  jax._src.dispatch:dispatch.py:204 Finished jaxpr to MLIR module conversion jit(_reduce_sum) in 0.005652905 sec
WARNING  jax._src.dispatch:dispatch.py:204 Finished XLA compilation of jit(_reduce_sum) in 0.007821798 sec
WARNING  jax._src.interpreters.pxla:pxla.py:732 Compiling jit(_reduce_sum) with global shapes and types (ShapedArray(bool[340]),). Argument mapping: (UnspecifiedValue,).
WARNING  jax._src.dispatch:dispatch.py:204 Finished jaxpr to MLIR module conversion jit(_reduce_sum) in 0.005336285 sec
WARNING  jax._src.dispatch:dispatch.py:204 Finished XLA compilation of jit(_reduce_sum) in 0.047115803 sec
WARNING  jax._src.interpreters.pxla:pxla.py:732 Compiling jit(cumsum) with global shapes and types (ShapedArray(bool[340]),). Argument mapping: (UnspecifiedValue,).
WARNING  jax._src.dispatch:dispatch.py:204 Finished jaxpr to MLIR module conversion jit(cumsum) in 0.007396221 sec
WARNING  jax._src.dispatch:dispatch.py:204 Finished XLA compilation of jit(cumsum) in 0.066827059 sec
WARNING  jax._src.dispatch:dispatch.py:204 Finished tracing broadcast_in_dim for jit in 0.000199080 sec
WARNING  jax._src.interpreters.pxla:pxla.py:732 Compiling jit(broadcast_in_dim) with global shapes and types (ShapedArray(int64[]),). Argument mapping: (UnspecifiedValue,).
WARNING  jax._src.dispatch:dispatch.py:204 Finished jaxpr to MLIR module conversion jit(broadcast_in_dim) in 0.005847931 sec
WARNING  jax._src.dispatch:dispatch.py:204 Finished XLA compilation of jit(broadcast_in_dim) in 0.026473761 sec
WARNING  jax._src.interpreters.pxla:pxla.py:732 Compiling jit(clip) with global shapes and types (ShapedArray(int64[340]), ShapedArray(int64[], weak_type=True)). Argument mapping: (UnspecifiedValue, UnspecifiedValue).
WARNING  jax._src.dispatch:dispatch.py:204 Finished jaxpr to MLIR module conversion jit(clip) in 0.005668163 sec
WARNING  jax._src.dispatch:dispatch.py:204 Finished XLA compilation of jit(clip) in 0.032112837 sec
WARNING  jax._src.dispatch:dispatch.py:204 Finished tracing stage for jit in 0.000140190 sec
WARNING  jax._src.interpreters.pxla:pxla.py:732 Compiling jit(stage) with global shapes and types (ShapedArray(int64[]),). Argument mapping: (UnspecifiedValue,).
WARNING  jax._src.dispatch:dispatch.py:204 Finished jaxpr to MLIR module conversion jit(stage) in 0.004906178 sec
WARNING  jax._src.dispatch:dispatch.py:204 Finished XLA compilation of jit(stage) in 0.006850004 sec
WARNING  jax._src.interpreters.pxla:pxla.py:732 Compiling jit(less) with global shapes and types (ShapedArray(int64[340]), ShapedArray(int64[], weak_type=True)). Argument mapping: (UnspecifiedValue, UnspecifiedValue).
WARNING  jax._src.dispatch:dispatch.py:204 Finished jaxpr to MLIR module conversion jit(less) in 0.005131006 sec
WARNING  jax._src.dispatch:dispatch.py:204 Finished XLA compilation of jit(less) in 0.025545835 sec
WARNING  jax._src.interpreters.pxla:pxla.py:732 Compiling jit(_squeeze) with global shapes and types (ShapedArray(int64[340]),). Argument mapping: (UnspecifiedValue,).
WARNING  jax._src.dispatch:dispatch.py:204 Finished jaxpr to MLIR module conversion jit(_squeeze) in 0.004749775 sec
WARNING  jax._src.dispatch:dispatch.py:204 Finished XLA compilation of jit(_squeeze) in 0.006373882 sec
WARNING  jax._src.dispatch:dispatch.py:204 Finished tracing scatter-add for jit in 0.000345469 sec
WARNING  jax._src.interpreters.pxla:pxla.py:732 Compiling jit(scatter-add) with global shapes and types (ShapedArray(int64[340]), ShapedArray(int32[340,1]), ShapedArray(int64[340])). Argument mapping: (UnspecifiedValue, UnspecifiedValue, UnspecifiedValue).
WARNING  jax._src.dispatch:dispatch.py:204 Finished jaxpr to MLIR module conversion jit(scatter-add) in 0.004847288 sec
WARNING  jax._src.dispatch:dispatch.py:204 Finished XLA compilation of jit(scatter-add) in 0.021972895 sec
WARNING  jax._src.dispatch:dispatch.py:204 Finished tracing cumsum for jit in 0.000346899 sec
WARNING  jax._src.interpreters.pxla:pxla.py:732 Compiling jit(cumsum) with global shapes and types (ShapedArray(int64[340]),). Argument mapping: (UnspecifiedValue,).
WARNING  jax._src.dispatch:dispatch.py:204 Finished jaxpr to MLIR module conversion jit(cumsum) in 0.005864859 sec
WARNING  jax._src.dispatch:dispatch.py:204 Finished XLA compilation of jit(cumsum) in 0.061625957 sec
WARNING  jax._src.dispatch:dispatch.py:204 Finished tracing floor_divide for jit in 0.003792763 sec
WARNING  jax._src.interpreters.pxla:pxla.py:732 Compiling jit(floor_divide) with global shapes and types (ShapedArray(int64[340]), ShapedArray(int64[])). Argument mapping: (UnspecifiedValue, UnspecifiedValue).
WARNING  jax._src.dispatch:dispatch.py:204 Finished jaxpr to MLIR module conversion jit(floor_divide) in 0.008984327 sec
WARNING  jax._src.dispatch:dispatch.py:204 Finished XLA compilation of jit(floor_divide) in 0.036378384 sec
WARNING  jax._src.interpreters.pxla:pxla.py:732 Compiling jit(remainder) with global shapes and types (ShapedArray(int64[340]), ShapedArray(int64[], weak_type=True)). Argument mapping: (UnspecifiedValue, UnspecifiedValue).
WARNING  jax._src.dispatch:dispatch.py:204 Finished jaxpr to MLIR module conversion jit(remainder) in 0.009867907 sec
WARNING  jax._src.dispatch:dispatch.py:204 Finished XLA compilation of jit(remainder) in 0.032675982 sec
WARNING  jax._src.interpreters.pxla:pxla.py:732 Compiling jit(_reduce_sum) with global shapes and types (ShapedArray(bool[340]),). Argument mapping: (UnspecifiedValue,).
WARNING  jax._src.dispatch:dispatch.py:204 Finished jaxpr to MLIR module conversion jit(_reduce_sum) in 0.005987883 sec
WARNING  jax._src.dispatch:dispatch.py:204 Finished XLA compilation of jit(_reduce_sum) in 0.047602654 sec
WARNING  jax._src.dispatch:dispatch.py:204 Finished tracing greater_equal for jit in 0.000302076 sec
WARNING  jax._src.interpreters.pxla:pxla.py:732 Compiling jit(greater_equal) with global shapes and types (ShapedArray(int64[340]), ShapedArray(int64[])). Argument mapping: (UnspecifiedValue, UnspecifiedValue).
WARNING  jax._src.dispatch:dispatch.py:204 Finished jaxpr to MLIR module conversion jit(greater_equal) in 0.005928993 sec
WARNING  jax._src.dispatch:dispatch.py:204 Finished XLA compilation of jit(greater_equal) in 0.025535822 sec
WARNING  jax._src.dispatch:dispatch.py:204 Finished tracing _where for jit in 0.000775337 sec
WARNING  jax._src.interpreters.pxla:pxla.py:732 Compiling jit(_where) with global shapes and types (ShapedArray(bool[340]), ShapedArray(int64[], weak_type=True), ShapedArray(int64[340])). Argument mapping: (UnspecifiedValue, UnspecifiedValue, UnspecifiedValue).
WARNING  jax._src.dispatch:dispatch.py:204 Finished jaxpr to MLIR module conversion jit(_where) in 0.005750656 sec
WARNING  jax._src.dispatch:dispatch.py:204 Finished XLA compilation of jit(_where) in 0.028902292 sec
WARNING  jax._src.dispatch:dispatch.py:204 Finished tracing less for jit in 0.000321865 sec
WARNING  jax._src.interpreters.pxla:pxla.py:732 Compiling jit(less) with global shapes and types (ShapedArray(int32[340]), ShapedArray(int32[])). Argument mapping: (UnspecifiedValue, UnspecifiedValue).
WARNING  jax._src.dispatch:dispatch.py:204 Finished jaxpr to MLIR module conversion jit(less) in 0.005486488 sec
WARNING  jax._src.dispatch:dispatch.py:204 Finished XLA compilation of jit(less) in 0.028023005 sec
WARNING  jax._src.dispatch:dispatch.py:204 Finished tracing gather for jit in 0.000318527 sec
WARNING  jax._src.interpreters.pxla:pxla.py:732 Compiling jit(gather) with global shapes and types (ShapedArray(float64[340,539,2]), ShapedArray(int32[340,1])). Argument mapping: (UnspecifiedValue, UnspecifiedValue).
WARNING  jax._src.dispatch:dispatch.py:204 Finished jaxpr to MLIR module conversion jit(gather) in 0.005795240 sec
WARNING  jax._src.dispatch:dispatch.py:204 Finished XLA compilation of jit(gather) in 0.031201839 sec
WARNING  jax._src.dispatch:dispatch.py:204 Finished tracing broadcast_in_dim for jit in 0.000323534 sec
WARNING  jax._src.interpreters.pxla:pxla.py:732 Compiling jit(broadcast_in_dim) with global shapes and types (ShapedArray(float64[340,539,2]),). Argument mapping: (UnspecifiedValue,).
WARNING  jax._src.dispatch:dispatch.py:204 Finished jaxpr to MLIR module conversion jit(broadcast_in_dim) in 0.005175114 sec
WARNING  jax._src.dispatch:dispatch.py:204 Finished XLA compilation of jit(broadcast_in_dim) in 0.006595373 sec
WARNING  jax._src.dispatch:dispatch.py:204 Finished tracing gather for jit in 0.000284910 sec
WARNING  jax._src.interpreters.pxla:pxla.py:732 Compiling jit(gather) with global shapes and types (ShapedArray(int64[340]), ShapedArray(int32[340,1])). Argument mapping: (UnspecifiedValue, UnspecifiedValue).
WARNING  jax._src.dispatch:dispatch.py:204 Finished jaxpr to MLIR module conversion jit(gather) in 0.005134106 sec
WARNING  jax._src.dispatch:dispatch.py:204 Finished XLA compilation of jit(gather) in 0.025105000 sec
WARNING  jax._src.dispatch:dispatch.py:204 Finished tracing broadcast_in_dim for jit in 0.000292540 sec
WARNING  jax._src.interpreters.pxla:pxla.py:732 Compiling jit(broadcast_in_dim) with global shapes and types (ShapedArray(int64[340]),). Argument mapping: (UnspecifiedValue,).
WARNING  jax._src.dispatch:dispatch.py:204 Finished jaxpr to MLIR module conversion jit(broadcast_in_dim) in 0.004792929 sec
WARNING  jax._src.dispatch:dispatch.py:204 Finished XLA compilation of jit(broadcast_in_dim) in 0.006918192 sec
WARNING  jax._src.dispatch:dispatch.py:204 Finished tracing scan for jit in 0.000407934 sec
WARNING  jax._src.interpreters.pxla:pxla.py:732 Compiling jit(scan) with global shapes and types (ShapedArray(float64[340,2]), ShapedArray(float64[340,2]), ShapedArray(float64[25,2]), ShapedArray(float64[340,6]), ShapedArray(bool[340]), ShapedArray(float64[15,25]), ShapedArray(float64[5,6]), ShapedArray(int64[21]), ShapedArray(int64[21]), ShapedArray(int64[15]), ShapedArray(int64[15]), ShapedArray(int64[15]), ShapedArray(int64[340]), ShapedArray(float64[340,539,2]), ShapedArray(int64[340]), ShapedArray(float64[340,2]), ShapedArray(bool[340])). Argument mapping: (UnspecifiedValue, UnspecifiedValue, UnspecifiedValue, UnspecifiedValue, UnspecifiedValue, UnspecifiedValue, UnspecifiedValue, UnspecifiedValue, UnspecifiedValue, UnspecifiedValue, UnspecifiedValue, UnspecifiedValue, UnspecifiedValue, UnspecifiedValue, UnspecifiedValue, UnspecifiedValue, UnspecifiedValue).
WARNING  jax._src.dispatch:dispatch.py:204 Finished jaxpr to MLIR module conversion jit(scan) in 0.053661585 sec
WARNING  jax._src.dispatch:dispatch.py:204 Finished XLA compilation of jit(scan) in 0.231158972 sec
WARNING  jax._src.interpreters.pxla:pxla.py:732 Compiling jit(greater) with global shapes and types (ShapedArray(int32[]), ShapedArray(int64[], weak_type=True)). Argument mapping: (UnspecifiedValue, UnspecifiedValue).
WARNING  jax._src.dispatch:dispatch.py:204 Finished jaxpr to MLIR module conversion jit(greater) in 0.008964539 sec
WARNING  jax._src.dispatch:dispatch.py:204 Finished XLA compilation of jit(greater) in 0.027886629 sec
WARNING  jax._src.dispatch:dispatch.py:204 Finished tracing scatter-add for jit in 0.000269890 sec
WARNING  jax._src.interpreters.pxla:pxla.py:732 Compiling jit(scatter-add) with global shapes and types (ShapedArray(float64[340]), ShapedArray(int32[340,1]), ShapedArray(float64[340])). Argument mapping: (UnspecifiedValue, UnspecifiedValue, UnspecifiedValue).
WARNING  jax._src.dispatch:dispatch.py:204 Finished jaxpr to MLIR module conversion jit(scatter-add) in 0.005411148 sec
WARNING  jax._src.dispatch:dispatch.py:204 Finished XLA compilation of jit(scatter-add) in 0.023094177 sec
WARNING  jax._src.dispatch:dispatch.py:204 Finished tracing _where for jit in 0.000857592 sec
WARNING  jax._src.interpreters.pxla:pxla.py:732 Compiling jit(_where) with global shapes and types (ShapedArray(bool[]), ShapedArray(float64[], weak_type=True), ShapedArray(float64[340])). Argument mapping: (UnspecifiedValue, UnspecifiedValue, UnspecifiedValue).
WARNING  jax._src.dispatch:dispatch.py:204 Finished jaxpr to MLIR module conversion jit(_where) in 0.005197763 sec
WARNING  jax._src.dispatch:dispatch.py:204 Finished XLA compilation of jit(_where) in 0.031018019 sec
WARNING  jax._src.dispatch:dispatch.py:204 Finished tracing stack for jit in 0.000270367 sec
WARNING  jax._src.interpreters.pxla:pxla.py:732 Compiling jit(stack) with global shapes and types (ShapedArray(float64[340]), ShapedArray(float64[340]), ShapedArray(float64[340])). Argument mapping: (UnspecifiedValue, UnspecifiedValue, UnspecifiedValue).
WARNING  jax._src.dispatch:dispatch.py:204 Finished jaxpr to MLIR module conversion jit(stack) in 0.005266428 sec
WARNING  jax._src.dispatch:dispatch.py:204 Finished XLA compilation of jit(stack) in 0.055332661 sec
WARNING  jax._src.dispatch:dispatch.py:204 Finished tracing unstack for jit in 0.000263691 sec
WARNING  jax._src.interpreters.pxla:pxla.py:732 Compiling jit(unstack) with global shapes and types (ShapedArray(float64[3,340]),). Argument mapping: (UnspecifiedValue,).
WARNING  jax._src.dispatch:dispatch.py:204 Finished jaxpr to MLIR module conversion jit(unstack) in 0.007530451 sec
WARNING  jax._src.dispatch:dispatch.py:204 Finished XLA compilation of jit(unstack) in 0.040101528 sec
WARNING  jax._src.dispatch:dispatch.py:204 Finished tracing isfinite for jit in 0.000249863 sec
WARNING  jax._src.interpreters.pxla:pxla.py:732 Compiling jit(isfinite) with global shapes and types (ShapedArray(float64[], weak_type=True),). Argument mapping: (UnspecifiedValue,).
WARNING  jax._src.dispatch:dispatch.py:204 Finished jaxpr to MLIR module conversion jit(isfinite) in 0.005105734 sec
WARNING  jax._src.compiler:compiler.py:124 Persistent compilation cache hit for 'jit_isfinite' with key 'jit_isfinite-af3a71e74f81228141c9e4480ea86d85cae8359520965a5b92927c5d426f8c2a'
WARNING  jax._src.dispatch:dispatch.py:204 Finished XLA compilation of jit(isfinite) in 0.001736403 sec
WARNING  jax._src.dispatch:dispatch.py:204 Finished tracing bitwise_and for jit in 0.000372648 sec
WARNING  jax._src.interpreters.pxla:pxla.py:732 Compiling jit(bitwise_and) with global shapes and types (ShapedArray(bool[], weak_type=True), ShapedArray(bool[])). Argument mapping: (UnspecifiedValue, UnspecifiedValue).
WARNING  jax._src.dispatch:dispatch.py:204 Finished jaxpr to MLIR module conversion jit(bitwise_and) in 0.005268097 sec
WARNING  jax._src.dispatch:dispatch.py:204 Finished XLA compilation of jit(bitwise_and) in 0.024084806 sec
WARNING  jax._src.interpreters.pxla:pxla.py:732 Compiling jit(multiply) with global shapes and types (ShapedArray(float64[], weak_type=True), ShapedArray(float64[])). Argument mapping: (UnspecifiedValue, UnspecifiedValue).
WARNING  jax._src.dispatch:dispatch.py:204 Finished jaxpr to MLIR module conversion jit(multiply) in 0.005046844 sec
WARNING  jax._src.compiler:compiler.py:124 Persistent compilation cache hit for 'jit_multiply' with key 'jit_multiply-fd765f2a6a76500058615f8e5d40daf94c9ff45e56d85b8aa655781944f76cd4'
WARNING  jax._src.dispatch:dispatch.py:204 Finished XLA compilation of jit(multiply) in 0.001582384 sec
WARNING  jax._src.interpreters.pxla:pxla.py:732 Compiling jit(greater) with global shapes and types (ShapedArray(float64[]), ShapedArray(float64[], weak_type=True)). Argument mapping: (UnspecifiedValue, UnspecifiedValue).
WARNING  jax._src.dispatch:dispatch.py:204 Finished jaxpr to MLIR module conversion jit(greater) in 0.004468203 sec
WARNING  jax._src.dispatch:dispatch.py:204 Finished XLA compilation of jit(greater) in 0.023186684 sec
WARNING  jax._src.dispatch:dispatch.py:204 Finished tracing abs for jit in 0.000607491 sec
WARNING  jax._src.interpreters.pxla:pxla.py:732 Compiling jit(abs) with global shapes and types (ShapedArray(float64[], weak_type=True),). Argument mapping: (UnspecifiedValue,).
WARNING  jax._src.dispatch:dispatch.py:204 Finished jaxpr to MLIR module conversion jit(abs) in 0.004930496 sec
WARNING  jax._src.compiler:compiler.py:124 Persistent compilation cache hit for 'jit_abs' with key 'jit_abs-609c4a41d0d973b3b44e1a1183a440b5139dd5c477d66712d92b1c59439fcc18'
WARNING  jax._src.dispatch:dispatch.py:204 Finished XLA compilation of jit(abs) in 0.001615763 sec
WARNING  jax._src.dispatch:dispatch.py:204 Finished tracing greater_equal for jit in 0.000318289 sec
WARNING  jax._src.interpreters.pxla:pxla.py:732 Compiling jit(greater_equal) with global shapes and types (ShapedArray(float64[], weak_type=True), ShapedArray(float64[])). Argument mapping: (UnspecifiedValue, UnspecifiedValue).
WARNING  jax._src.dispatch:dispatch.py:204 Finished jaxpr to MLIR module conversion jit(greater_equal) in 0.004406214 sec
WARNING  jax._src.dispatch:dispatch.py:204 Finished XLA compilation of jit(greater_equal) in 0.022293329 sec
WARNING  jax._src.dispatch:dispatch.py:204 Finished tracing less_equal for jit in 0.000390291 sec
WARNING  jax._src.interpreters.pxla:pxla.py:732 Compiling jit(less_equal) with global shapes and types (ShapedArray(float64[], weak_type=True), ShapedArray(float64[])). Argument mapping: (UnspecifiedValue, UnspecifiedValue).
WARNING  jax._src.dispatch:dispatch.py:204 Finished jaxpr to MLIR module conversion jit(less_equal) in 0.005428314 sec
WARNING  jax._src.dispatch:dispatch.py:204 Finished XLA compilation of jit(less_equal) in 0.022504568 sec
WARNING  jax._src.interpreters.pxla:pxla.py:732 Compiling jit(_where) with global shapes and types (ShapedArray(bool[]), ShapedArray(float64[]), ShapedArray(float64[])). Argument mapping: (UnspecifiedValue, UnspecifiedValue, UnspecifiedValue).
WARNING  jax._src.dispatch:dispatch.py:204 Finished jaxpr to MLIR module conversion jit(_where) in 0.004603148 sec
WARNING  jax._src.dispatch:dispatch.py:204 Finished XLA compilation of jit(_where) in 0.022875309 sec
WARNING  jax._src.dispatch:dispatch.py:204 Finished tracing true_divide for jit in 0.000360966 sec
WARNING  jax._src.interpreters.pxla:pxla.py:732 Compiling jit(true_divide) with global shapes and types (ShapedArray(float64[], weak_type=True), ShapedArray(float64[])). Argument mapping: (UnspecifiedValue, UnspecifiedValue).
WARNING  jax._src.dispatch:dispatch.py:204 Finished jaxpr to MLIR module conversion jit(true_divide) in 0.004863024 sec
WARNING  jax._src.dispatch:dispatch.py:204 Finished XLA compilation of jit(true_divide) in 0.023648977 sec
WARNING  jax._src.interpreters.pxla:pxla.py:732 Compiling jit(_where) with global shapes and types (ShapedArray(bool[]), ShapedArray(float64[]), ShapedArray(float64[], weak_type=True)). Argument mapping: (UnspecifiedValue, UnspecifiedValue, UnspecifiedValue).
WARNING  jax._src.dispatch:dispatch.py:204 Finished jaxpr to MLIR module conversion jit(_where) in 0.004967690 sec
WARNING  jax._src.compiler:compiler.py:124 Persistent compilation cache hit for 'jit__where' with key 'jit__where-f1b1498c991682597c9d5f6f7ca2b516162a361a6ba4b31f6f6affc5cbc85242'
WARNING  jax._src.dispatch:dispatch.py:204 Finished XLA compilation of jit(_where) in 0.001688480 sec
WARNING  jax._src.dispatch:dispatch.py:204 Finished tracing solve for jit in 17.622562408 sec
WARNING  jax._src.interpreters.pxla:pxla.py:732 Compiling jit(solve) with global shapes and types (ShapedArray(float64[1547]), ShapedArray(float64[1547]), ShapedArray(float64[340,1]), ShapedArray(float64[340,340]), ShapedArray(float64[340,2]), ShapedArray(int64[198,7]), ShapedArray(float64[198,7,2]), ShapedArray(float64[198,2]), ShapedArray(float64[198,2]), ShapedArray(float64[340,340]), ShapedArray(float64[340,340]), ShapedArray(float64[121,1]), ShapedArray(float64[121,340]), ShapedArray(float64[121,2]), ShapedArray(float64[121,340]), ShapedArray(float64[121,340]), ShapedArray(float64[1086,1]), ShapedArray(float64[1086,340]), ShapedArray(float64[1086,2]), ShapedArray(float64[1086,340]), ShapedArray(float64[1086,340]), ShapedArray(bool[340]), ShapedArray(float64[937,2]), ShapedArray(int64[340,13]), ShapedArray(int64[340]), ShapedArray(float64[340,2]), ShapedArray(float64[340,3]), ShapedArray(float64[2]), ShapedArray(float64[340,2]), ShapedArray(int64[198,7]), ShapedArray(float64[198,7,2]), ShapedArray(float64[198,2]), ShapedArray(float64[198,2]), ShapedArray(float64[121,2]), ShapedArray(float64[0]), ShapedArray(float64[0]), ShapedArray(int32[198,7]), ShapedArray(float64[198,7,2,2]), ShapedArray(float64[340,2]), ShapedArray(int32[198,7,3,7]), ShapedArray(float64[198,7,3,7]), ShapedArray(float64[2,2]), ShapedArray(float64[2,2]), ShapedArray(int32[2,2]), ShapedArray(bool[2,2]), ShapedArray(int32[2]), ShapedArray(bool[1]), ShapedArray(bool[1]), ShapedArray(float64[340,2]), ShapedArray(int64[198,7]), ShapedArray(float64[198,7,2]), ShapedArray(float64[198,2]), ShapedArray(float64[198,2]), ShapedArray(float64[340,6,7]), ShapedArray(float64[0]), ShapedArray(float64[0]), ShapedArray(float64[1426,2]), ShapedArray(int64[340,7]), ShapedArray(float64[340,7,2]), ShapedArray(float64[340,2]), ShapedArray(float64[340,2]), ShapedArray(float64[340,13,2]), ShapedArray(float64[340,13,2]), ShapedArray(bool[340,13]), ShapedArray(float64[340]), ShapedArray(bool[340]), ShapedArray(float64[121,2]), ShapedArray(int32[2]), ShapedArray(bool[1]), ShapedArray(bool[1]), ShapedArray(float64[121,2]), ShapedArray(float64[0]), ShapedArray(float64[0]), ShapedArray(int32[198,7]), ShapedArray(float64[198,7,2,2]), ShapedArray(float64[340,2]), ShapedArray(int32[198,7,3,7]), ShapedArray(float64[198,7,3,7]), ShapedArray(float64[2,2]), ShapedArray(float64[2,2]), ShapedArray(int32[2,2]), ShapedArray(bool[2,2]), ShapedArray(int32[2]), ShapedArray(bool[1]), ShapedArray(bool[1]), ShapedArray(int32[121]), ShapedArray(float64[]), ShapedArray(float64[]), ShapedArray(int64[340]), ShapedArray(int64[340,7]), ShapedArray(float64[340,6,7]), ShapedArray(float64[340,2]), ShapedArray(float64[340,2]), ShapedArray(float64[], weak_type=True)). Argument mapping: (UnspecifiedValue, UnspecifiedValue, UnspecifiedValue, UnspecifiedValue, UnspecifiedValue, UnspecifiedValue, UnspecifiedValue, UnspecifiedValue, UnspecifiedValue, UnspecifiedValue, UnspecifiedValue, UnspecifiedValue, UnspecifiedValue, UnspecifiedValue, UnspecifiedValue, UnspecifiedValue, UnspecifiedValue, UnspecifiedValue, UnspecifiedValue, UnspecifiedValue, UnspecifiedValue, UnspecifiedValue, UnspecifiedValue, UnspecifiedValue, UnspecifiedValue, UnspecifiedValue, UnspecifiedValue, UnspecifiedValue, UnspecifiedValue, UnspecifiedValue, UnspecifiedValue, UnspecifiedValue, UnspecifiedValue, UnspecifiedValue, UnspecifiedValue, UnspecifiedValue, UnspecifiedValue, UnspecifiedValue, UnspecifiedValue, UnspecifiedValue, UnspecifiedValue, UnspecifiedValue, UnspecifiedValue, UnspecifiedValue, UnspecifiedValue, UnspecifiedValue, UnspecifiedValue, UnspecifiedValue, UnspecifiedValue, UnspecifiedValue, UnspecifiedValue, UnspecifiedValue, UnspecifiedValue, UnspecifiedValue, UnspecifiedValue, UnspecifiedValue, UnspecifiedValue, UnspecifiedValue, UnspecifiedValue, UnspecifiedValue, UnspecifiedValue, UnspecifiedValue, UnspecifiedValue, UnspecifiedValue, UnspecifiedValue, UnspecifiedValue, UnspecifiedValue, UnspecifiedValue, UnspecifiedValue, UnspecifiedValue, UnspecifiedValue, UnspecifiedValue, UnspecifiedValue, UnspecifiedValue, UnspecifiedValue, UnspecifiedValue, UnspecifiedValue, UnspecifiedValue, UnspecifiedValue, UnspecifiedValue, UnspecifiedValue, UnspecifiedValue, UnspecifiedValue, UnspecifiedValue, UnspecifiedValue, UnspecifiedValue, UnspecifiedValue, UnspecifiedValue, UnspecifiedValue, UnspecifiedValue, UnspecifiedValue, UnspecifiedValue, UnspecifiedValue, UnspecifiedValue).
WARNING  jax._src.dispatch:dispatch.py:204 Finished jaxpr to MLIR module conversion jit(solve) in 4.029849052 sec
WARNING  jax._src.dispatch:dispatch.py:204 Finished XLA compilation of jit(solve) in 201.346534491 sec
WARNING  jax._src.dispatch:dispatch.py:204 Finished tracing scan for jit in 0.000391722 sec
WARNING  jax._src.interpreters.pxla:pxla.py:732 Compiling jit(scan) with global shapes and types (ShapedArray(float64[340,2]), ShapedArray(float64[340,2]), ShapedArray(float64[25,2]), ShapedArray(float64[340,6]), ShapedArray(bool[340]), ShapedArray(float64[15,25]), ShapedArray(float64[5,6]), ShapedArray(int64[21]), ShapedArray(int64[21]), ShapedArray(int64[15]), ShapedArray(int64[15]), ShapedArray(int64[15]), ShapedArray(int64[340]), ShapedArray(float64[340,539,2]), ShapedArray(int64[340]), ShapedArray(float64[340,2]), ShapedArray(bool[340])). Argument mapping: (UnspecifiedValue, UnspecifiedValue, UnspecifiedValue, UnspecifiedValue, UnspecifiedValue, UnspecifiedValue, UnspecifiedValue, UnspecifiedValue, UnspecifiedValue, UnspecifiedValue, UnspecifiedValue, UnspecifiedValue, UnspecifiedValue, UnspecifiedValue, UnspecifiedValue, UnspecifiedValue, UnspecifiedValue).
WARNING  jax._src.dispatch:dispatch.py:204 Finished jaxpr to MLIR module conversion jit(scan) in 0.066530943 sec
WARNING  jax._src.dispatch:dispatch.py:204 Finished XLA compilation of jit(scan) in 0.314489365 sec
WARNING  jax._src.interpreters.pxla:pxla.py:732 Compiling jit(multiply) with global shapes and types (ShapedArray(float64[]), ShapedArray(float64[340])). Argument mapping: (UnspecifiedValue, UnspecifiedValue).
WARNING  jax._src.dispatch:dispatch.py:204 Finished jaxpr to MLIR module conversion jit(multiply) in 0.007198572 sec
WARNING  jax._src.dispatch:dispatch.py:204 Finished XLA compilation of jit(multiply) in 0.038612843 sec
WARNING  jax._src.dispatch:dispatch.py:204 Finished tracing scan for jit in 0.000339270 sec
WARNING  jax._src.interpreters.pxla:pxla.py:732 Compiling jit(scan) with global shapes and types (ShapedArray(float64[340,2]), ShapedArray(float64[340,2]), ShapedArray(float64[25,2]), ShapedArray(float64[340,6]), ShapedArray(bool[340]), ShapedArray(float64[15,25]), ShapedArray(float64[5,6]), ShapedArray(int64[21]), ShapedArray(int64[21]), ShapedArray(int64[15]), ShapedArray(int64[15]), ShapedArray(int64[15]), ShapedArray(int64[340]), ShapedArray(float64[340,539,2]), ShapedArray(int64[340]), ShapedArray(float64[340,2]), ShapedArray(bool[340])). Argument mapping: (UnspecifiedValue, UnspecifiedValue, UnspecifiedValue, UnspecifiedValue, UnspecifiedValue, UnspecifiedValue, UnspecifiedValue, UnspecifiedValue, UnspecifiedValue, UnspecifiedValue, UnspecifiedValue, UnspecifiedValue, UnspecifiedValue, UnspecifiedValue, UnspecifiedValue, UnspecifiedValue, UnspecifiedValue).
WARNING  jax._src.dispatch:dispatch.py:204 Finished jaxpr to MLIR module conversion jit(scan) in 0.057155132 sec
WARNING  jax._src.dispatch:dispatch.py:204 Finished XLA compilation of jit(scan) in 0.278410912 sec
WARNING  jax._src.dispatch:dispatch.py:204 Finished tracing dynamic_slice for jit in 0.000329971 sec
WARNING  jax._src.interpreters.pxla:pxla.py:732 Compiling jit(dynamic_slice) with global shapes and types (ShapedArray(float64[340,26,2]), ShapedArray(int64[], weak_type=True), ShapedArray(int64[], weak_type=True), ShapedArray(int64[], weak_type=True)). Argument mapping: (UnspecifiedValue, UnspecifiedValue, UnspecifiedValue, UnspecifiedValue).
WARNING  jax._src.dispatch:dispatch.py:204 Finished jaxpr to MLIR module conversion jit(dynamic_slice) in 0.007508516 sec
WARNING  jax._src.dispatch:dispatch.py:204 Finished XLA compilation of jit(dynamic_slice) in 0.038545609 sec
WARNING  jax._src.dispatch:dispatch.py:204 Finished tracing integer_pow for jit in 0.000290632 sec
WARNING  jax._src.interpreters.pxla:pxla.py:732 Compiling jit(integer_pow) with global shapes and types (ShapedArray(float64[]),). Argument mapping: (UnspecifiedValue,).
WARNING  jax._src.dispatch:dispatch.py:204 Finished jaxpr to MLIR module conversion jit(integer_pow) in 0.008361816 sec
WARNING  jax._src.compiler:compiler.py:124 Persistent compilation cache hit for 'jit_integer_pow' with key 'jit_integer_pow-f12eb96adabf7234d08df6797f1a84ec1327a1eb79759fc301ebbe715521c805'
WARNING  jax._src.dispatch:dispatch.py:204 Finished XLA compilation of jit(integer_pow) in 0.002344847 sec
WARNING  jax._src.dispatch:dispatch.py:204 Finished tracing multiply for jit in 0.000268459 sec
WARNING  jax._src.interpreters.pxla:pxla.py:732 Compiling jit(multiply) with global shapes and types (ShapedArray(float64[]), ShapedArray(float64[340,1408])). Argument mapping: (UnspecifiedValue, UnspecifiedValue).
WARNING  jax._src.dispatch:dispatch.py:204 Finished jaxpr to MLIR module conversion jit(multiply) in 0.006653547 sec
WARNING  jax._src.dispatch:dispatch.py:204 Finished XLA compilation of jit(multiply) in 0.037443161 sec
WARNING  jax._src.dispatch:dispatch.py:204 Finished tracing gather for jit in 0.000410557 sec
WARNING  jax._src.interpreters.pxla:pxla.py:732 Compiling jit(gather) with global shapes and types (ShapedArray(float64[340,26,2]), ShapedArray(int32[340,1])). Argument mapping: (UnspecifiedValue, UnspecifiedValue).
WARNING  jax._src.dispatch:dispatch.py:204 Finished jaxpr to MLIR module conversion jit(gather) in 0.007190466 sec
WARNING  jax._src.dispatch:dispatch.py:204 Finished XLA compilation of jit(gather) in 0.033715487 sec
WARNING  jax._src.dispatch:dispatch.py:204 Finished tracing scan for jit in 0.000314713 sec
WARNING  jax._src.interpreters.pxla:pxla.py:732 Compiling jit(scan) with global shapes and types (ShapedArray(float64[8]), ShapedArray(float64[8]), ShapedArray(float64[8]), ShapedArray(float64[8]), ShapedArray(float64[340,6]), ShapedArray(float64[340,2]), ShapedArray(float64[340,2]), ShapedArray(bool[340]), ShapedArray(float64[]), ShapedArray(int64[340]), ShapedArray(float64[340,26,2]), ShapedArray(int64[340]), ShapedArray(float64[340,2]), ShapedArray(bool[340])). Argument mapping: (UnspecifiedValue, UnspecifiedValue, UnspecifiedValue, UnspecifiedValue, UnspecifiedValue, UnspecifiedValue, UnspecifiedValue, UnspecifiedValue, UnspecifiedValue, UnspecifiedValue, UnspecifiedValue, UnspecifiedValue, UnspecifiedValue, UnspecifiedValue).
WARNING  jax._src.dispatch:dispatch.py:204 Finished jaxpr to MLIR module conversion jit(scan) in 0.042415142 sec
WARNING  jax._src.dispatch:dispatch.py:204 Finished XLA compilation of jit(scan) in 0.192181110 sec
WARNING  jax._src.dispatch:dispatch.py:204 Finished tracing dynamic_slice for jit in 0.000255108 sec
WARNING  jax._src.interpreters.pxla:pxla.py:732 Compiling jit(dynamic_slice) with global shapes and types (ShapedArray(float64[340,2,2]), ShapedArray(int64[], weak_type=True), ShapedArray(int64[], weak_type=True), ShapedArray(int64[], weak_type=True)). Argument mapping: (UnspecifiedValue, UnspecifiedValue, UnspecifiedValue, UnspecifiedValue).
WARNING  jax._src.dispatch:dispatch.py:204 Finished jaxpr to MLIR module conversion jit(dynamic_slice) in 0.007004261 sec
WARNING  jax._src.dispatch:dispatch.py:204 Finished XLA compilation of jit(dynamic_slice) in 0.034791708 sec
WARNING  jax._src.dispatch:dispatch.py:204 Finished tracing squeeze for jit in 0.000233889 sec
WARNING  jax._src.interpreters.pxla:pxla.py:732 Compiling jit(squeeze) with global shapes and types (ShapedArray(float64[340,1,1]),). Argument mapping: (UnspecifiedValue,).
WARNING  jax._src.dispatch:dispatch.py:204 Finished jaxpr to MLIR module conversion jit(squeeze) in 0.006381512 sec
WARNING  jax._src.dispatch:dispatch.py:204 Finished XLA compilation of jit(squeeze) in 0.009953499 sec
WARNING  jax._src.dispatch:dispatch.py:204 Finished tracing add for jit in 0.000012875 sec
WARNING  jax._src.interpreters.pxla:pxla.py:732 Compiling jit(add) with global shapes and types (ShapedArray(float64[340]), ShapedArray(float64[340])). Argument mapping: (UnspecifiedValue, UnspecifiedValue).
WARNING  jax._src.dispatch:dispatch.py:204 Finished jaxpr to MLIR module conversion jit(add) in 0.005690813 sec
WARNING  jax._src.dispatch:dispatch.py:204 Finished XLA compilation of jit(add) in 0.039429665 sec
WARNING  jax._src.dispatch:dispatch.py:204 Finished tracing multiply for jit in 0.000011683 sec
WARNING  jax._src.interpreters.pxla:pxla.py:732 Compiling jit(multiply) with global shapes and types (ShapedArray(float64[], weak_type=True), ShapedArray(float64[340])). Argument mapping: (UnspecifiedValue, UnspecifiedValue).
WARNING  jax._src.dispatch:dispatch.py:204 Finished jaxpr to MLIR module conversion jit(multiply) in 0.006623745 sec
WARNING  jax._src.dispatch:dispatch.py:204 Finished XLA compilation of jit(multiply) in 0.034098148 sec
WARNING  jax._src.dispatch:dispatch.py:204 Finished tracing optimization_barrier for jit in 0.000159264 sec
WARNING  jax._src.interpreters.pxla:pxla.py:732 Compiling jit(optimization_barrier) with global shapes and types (ShapedArray(float64[340]),). Argument mapping: (UnspecifiedValue,).
WARNING  jax._src.dispatch:dispatch.py:204 Finished jaxpr to MLIR module conversion jit(optimization_barrier) in 0.005929708 sec
WARNING  jax._src.dispatch:dispatch.py:204 Finished XLA compilation of jit(optimization_barrier) in 0.009567022 sec
WARNING  jax._src.dispatch:dispatch.py:204 Finished tracing _moveaxis for jit in 0.000130415 sec
WARNING  jax._src.interpreters.pxla:pxla.py:732 Compiling jit(_moveaxis) with global shapes and types (ShapedArray(float64[340]),). Argument mapping: (UnspecifiedValue,).
WARNING  jax._src.dispatch:dispatch.py:204 Finished jaxpr to MLIR module conversion jit(_moveaxis) in 0.005215168 sec
WARNING  jax._src.dispatch:dispatch.py:204 Finished XLA compilation of jit(_moveaxis) in 0.008878469 sec
WARNING  jax._src.dispatch:dispatch.py:204 Finished tracing reshape for jit in 0.000257730 sec
WARNING  jax._src.interpreters.pxla:pxla.py:732 Compiling jit(reshape) with global shapes and types (ShapedArray(float64[340]),). Argument mapping: (UnspecifiedValue,).
WARNING  jax._src.dispatch:dispatch.py:204 Finished jaxpr to MLIR module conversion jit(reshape) in 0.005184650 sec
WARNING  jax._src.dispatch:dispatch.py:204 Finished XLA compilation of jit(reshape) in 0.009142876 sec
WARNING  jax._src.dispatch:dispatch.py:204 Finished tracing dynamic_slice for jit in 0.000269651 sec
WARNING  jax._src.interpreters.pxla:pxla.py:732 Compiling jit(dynamic_slice) with global shapes and types (ShapedArray(float64[170,2]), ShapedArray(int64[], weak_type=True), ShapedArray(int64[], weak_type=True)). Argument mapping: (UnspecifiedValue, UnspecifiedValue, UnspecifiedValue).
WARNING  jax._src.dispatch:dispatch.py:204 Finished jaxpr to MLIR module conversion jit(dynamic_slice) in 0.005684376 sec
WARNING  jax._src.dispatch:dispatch.py:204 Finished XLA compilation of jit(dynamic_slice) in 0.037660122 sec
WARNING  jax._src.dispatch:dispatch.py:204 Finished tracing squeeze for jit in 0.000281811 sec
WARNING  jax._src.interpreters.pxla:pxla.py:732 Compiling jit(squeeze) with global shapes and types (ShapedArray(float64[170,1]),). Argument mapping: (UnspecifiedValue,).
WARNING  jax._src.dispatch:dispatch.py:204 Finished jaxpr to MLIR module conversion jit(squeeze) in 0.006084919 sec
WARNING  jax._src.dispatch:dispatch.py:204 Finished XLA compilation of jit(squeeze) in 0.009118795 sec
WARNING  jax._src.dispatch:dispatch.py:204 Finished tracing add for jit in 0.000301361 sec
WARNING  jax._src.interpreters.pxla:pxla.py:732 Compiling jit(add) with global shapes and types (ShapedArray(float64[170]), ShapedArray(float64[170])). Argument mapping: (UnspecifiedValue, UnspecifiedValue).
WARNING  jax._src.dispatch:dispatch.py:204 Finished jaxpr to MLIR module conversion jit(add) in 0.005252123 sec
WARNING  jax._src.dispatch:dispatch.py:204 Finished XLA compilation of jit(add) in 0.037107706 sec
WARNING  jax._src.dispatch:dispatch.py:204 Finished tracing reshape for jit in 0.000280619 sec
WARNING  jax._src.interpreters.pxla:pxla.py:732 Compiling jit(reshape) with global shapes and types (ShapedArray(float64[170]),). Argument mapping: (UnspecifiedValue,).
WARNING  jax._src.dispatch:dispatch.py:204 Finished jaxpr to MLIR module conversion jit(reshape) in 0.005666971 sec
WARNING  jax._src.dispatch:dispatch.py:204 Finished XLA compilation of jit(reshape) in 0.008251429 sec
WARNING  jax._src.dispatch:dispatch.py:204 Finished tracing dynamic_slice for jit in 0.000272751 sec
WARNING  jax._src.interpreters.pxla:pxla.py:732 Compiling jit(dynamic_slice) with global shapes and types (ShapedArray(float64[85,2]), ShapedArray(int64[], weak_type=True), ShapedArray(int64[], weak_type=True)). Argument mapping: (UnspecifiedValue, UnspecifiedValue, UnspecifiedValue).
WARNING  jax._src.dispatch:dispatch.py:204 Finished jaxpr to MLIR module conversion jit(dynamic_slice) in 0.005707026 sec
WARNING  jax._src.dispatch:dispatch.py:204 Finished XLA compilation of jit(dynamic_slice) in 0.032284737 sec
WARNING  jax._src.dispatch:dispatch.py:204 Finished tracing squeeze for jit in 0.000253439 sec
WARNING  jax._src.interpreters.pxla:pxla.py:732 Compiling jit(squeeze) with global shapes and types (ShapedArray(float64[85,1]),). Argument mapping: (UnspecifiedValue,).
WARNING  jax._src.dispatch:dispatch.py:204 Finished jaxpr to MLIR module conversion jit(squeeze) in 0.005839586 sec
WARNING  jax._src.dispatch:dispatch.py:204 Finished XLA compilation of jit(squeeze) in 0.008210897 sec
WARNING  jax._src.dispatch:dispatch.py:204 Finished tracing add for jit in 0.000338078 sec
WARNING  jax._src.interpreters.pxla:pxla.py:732 Compiling jit(add) with global shapes and types (ShapedArray(float64[85]), ShapedArray(float64[85])). Argument mapping: (UnspecifiedValue, UnspecifiedValue).
WARNING  jax._src.dispatch:dispatch.py:204 Finished jaxpr to MLIR module conversion jit(add) in 0.005132437 sec
WARNING  jax._src.dispatch:dispatch.py:204 Finished XLA compilation of jit(add) in 0.036190510 sec
WARNING  jax._src.dispatch:dispatch.py:204 Finished tracing dynamic_slice for jit in 0.000286102 sec
WARNING  jax._src.interpreters.pxla:pxla.py:732 Compiling jit(dynamic_slice) with global shapes and types (ShapedArray(float64[85]), ShapedArray(int64[], weak_type=True)). Argument mapping: (UnspecifiedValue, UnspecifiedValue).
WARNING  jax._src.dispatch:dispatch.py:204 Finished jaxpr to MLIR module conversion jit(dynamic_slice) in 0.006111860 sec
WARNING  jax._src.dispatch:dispatch.py:204 Finished XLA compilation of jit(dynamic_slice) in 0.027452230 sec
WARNING  jax._src.dispatch:dispatch.py:204 Finished tracing reshape for jit in 0.000255823 sec
WARNING  jax._src.interpreters.pxla:pxla.py:732 Compiling jit(reshape) with global shapes and types (ShapedArray(float64[84]),). Argument mapping: (UnspecifiedValue,).
WARNING  jax._src.dispatch:dispatch.py:204 Finished jaxpr to MLIR module conversion jit(reshape) in 0.005782366 sec
WARNING  jax._src.dispatch:dispatch.py:204 Finished XLA compilation of jit(reshape) in 0.008329630 sec
WARNING  jax._src.dispatch:dispatch.py:204 Finished tracing dynamic_slice for jit in 0.000273466 sec
WARNING  jax._src.interpreters.pxla:pxla.py:732 Compiling jit(dynamic_slice) with global shapes and types (ShapedArray(float64[42,2]), ShapedArray(int64[], weak_type=True), ShapedArray(int64[], weak_type=True)). Argument mapping: (UnspecifiedValue, UnspecifiedValue, UnspecifiedValue).
WARNING  jax._src.dispatch:dispatch.py:204 Finished jaxpr to MLIR module conversion jit(dynamic_slice) in 0.005664349 sec
WARNING  jax._src.dispatch:dispatch.py:204 Finished XLA compilation of jit(dynamic_slice) in 0.029675007 sec
WARNING  jax._src.dispatch:dispatch.py:204 Finished tracing squeeze for jit in 0.000252962 sec
WARNING  jax._src.interpreters.pxla:pxla.py:732 Compiling jit(squeeze) with global shapes and types (ShapedArray(float64[42,1]),). Argument mapping: (UnspecifiedValue,).
WARNING  jax._src.dispatch:dispatch.py:204 Finished jaxpr to MLIR module conversion jit(squeeze) in 0.006013155 sec
WARNING  jax._src.dispatch:dispatch.py:204 Finished XLA compilation of jit(squeeze) in 0.008648634 sec
WARNING  jax._src.dispatch:dispatch.py:204 Finished tracing add for jit in 0.000302315 sec
WARNING  jax._src.interpreters.pxla:pxla.py:732 Compiling jit(add) with global shapes and types (ShapedArray(float64[42]), ShapedArray(float64[42])). Argument mapping: (UnspecifiedValue, UnspecifiedValue).
WARNING  jax._src.dispatch:dispatch.py:204 Finished jaxpr to MLIR module conversion jit(add) in 0.005212784 sec
WARNING  jax._src.dispatch:dispatch.py:204 Finished XLA compilation of jit(add) in 0.035756111 sec
WARNING  jax._src.dispatch:dispatch.py:204 Finished tracing dynamic_slice for jit in 0.000264406 sec
WARNING  jax._src.interpreters.pxla:pxla.py:732 Compiling jit(dynamic_slice) with global shapes and types (ShapedArray(float64[85]), ShapedArray(int64[], weak_type=True)). Argument mapping: (UnspecifiedValue, UnspecifiedValue).
WARNING  jax._src.dispatch:dispatch.py:204 Finished jaxpr to MLIR module conversion jit(dynamic_slice) in 0.006990671 sec
WARNING  jax._src.dispatch:dispatch.py:204 Finished XLA compilation of jit(dynamic_slice) in 0.026258469 sec
WARNING  jax._src.dispatch:dispatch.py:204 Finished tracing concatenate for jit in 0.000267029 sec
WARNING  jax._src.interpreters.pxla:pxla.py:732 Compiling jit(concatenate) with global shapes and types (ShapedArray(float64[42]), ShapedArray(float64[1])). Argument mapping: (UnspecifiedValue, UnspecifiedValue).
WARNING  jax._src.dispatch:dispatch.py:204 Finished jaxpr to MLIR module conversion jit(concatenate) in 0.006015539 sec
WARNING  jax._src.dispatch:dispatch.py:204 Finished XLA compilation of jit(concatenate) in 0.013424397 sec
WARNING  jax._src.dispatch:dispatch.py:204 Finished tracing dynamic_slice for jit in 0.000236034 sec
WARNING  jax._src.interpreters.pxla:pxla.py:732 Compiling jit(dynamic_slice) with global shapes and types (ShapedArray(float64[43]), ShapedArray(int64[], weak_type=True)). Argument mapping: (UnspecifiedValue, UnspecifiedValue).
WARNING  jax._src.dispatch:dispatch.py:204 Finished jaxpr to MLIR module conversion jit(dynamic_slice) in 0.005954027 sec
WARNING  jax._src.dispatch:dispatch.py:204 Finished XLA compilation of jit(dynamic_slice) in 0.029411316 sec
WARNING  jax._src.dispatch:dispatch.py:204 Finished tracing reshape for jit in 0.000231504 sec
WARNING  jax._src.interpreters.pxla:pxla.py:732 Compiling jit(reshape) with global shapes and types (ShapedArray(float64[42]),). Argument mapping: (UnspecifiedValue,).
WARNING  jax._src.dispatch:dispatch.py:204 Finished jaxpr to MLIR module conversion jit(reshape) in 0.005825758 sec
WARNING  jax._src.dispatch:dispatch.py:204 Finished XLA compilation of jit(reshape) in 0.008690834 sec
WARNING  jax._src.dispatch:dispatch.py:204 Finished tracing dynamic_slice for jit in 0.000249863 sec
WARNING  jax._src.interpreters.pxla:pxla.py:732 Compiling jit(dynamic_slice) with global shapes and types (ShapedArray(float64[21,2]), ShapedArray(int64[], weak_type=True), ShapedArray(int64[], weak_type=True)). Argument mapping: (UnspecifiedValue, UnspecifiedValue, UnspecifiedValue).
WARNING  jax._src.dispatch:dispatch.py:204 Finished jaxpr to MLIR module conversion jit(dynamic_slice) in 0.005916357 sec
WARNING  jax._src.dispatch:dispatch.py:204 Finished XLA compilation of jit(dynamic_slice) in 0.030549049 sec
WARNING  jax._src.dispatch:dispatch.py:204 Finished tracing squeeze for jit in 0.000238657 sec
WARNING  jax._src.interpreters.pxla:pxla.py:732 Compiling jit(squeeze) with global shapes and types (ShapedArray(float64[21,1]),). Argument mapping: (UnspecifiedValue,).
WARNING  jax._src.dispatch:dispatch.py:204 Finished jaxpr to MLIR module conversion jit(squeeze) in 0.006382227 sec
WARNING  jax._src.dispatch:dispatch.py:204 Finished XLA compilation of jit(squeeze) in 0.011367083 sec
WARNING  jax._src.dispatch:dispatch.py:204 Finished tracing add for jit in 0.000316381 sec
WARNING  jax._src.interpreters.pxla:pxla.py:732 Compiling jit(add) with global shapes and types (ShapedArray(float64[21]), ShapedArray(float64[21])). Argument mapping: (UnspecifiedValue, UnspecifiedValue).
WARNING  jax._src.dispatch:dispatch.py:204 Finished jaxpr to MLIR module conversion jit(add) in 0.005509853 sec
WARNING  jax._src.dispatch:dispatch.py:204 Finished XLA compilation of jit(add) in 0.037187099 sec
WARNING  jax._src.dispatch:dispatch.py:204 Finished tracing dynamic_slice for jit in 0.000259638 sec
WARNING  jax._src.interpreters.pxla:pxla.py:732 Compiling jit(dynamic_slice) with global shapes and types (ShapedArray(float64[43]), ShapedArray(int64[], weak_type=True)). Argument mapping: (UnspecifiedValue, UnspecifiedValue).
WARNING  jax._src.dispatch:dispatch.py:204 Finished jaxpr to MLIR module conversion jit(dynamic_slice) in 0.006105423 sec
WARNING  jax._src.dispatch:dispatch.py:204 Finished XLA compilation of jit(dynamic_slice) in 0.024893045 sec
WARNING  jax._src.dispatch:dispatch.py:204 Finished tracing concatenate for jit in 0.000248671 sec
WARNING  jax._src.interpreters.pxla:pxla.py:732 Compiling jit(concatenate) with global shapes and types (ShapedArray(float64[21]), ShapedArray(float64[1])). Argument mapping: (UnspecifiedValue, UnspecifiedValue).
WARNING  jax._src.dispatch:dispatch.py:204 Finished jaxpr to MLIR module conversion jit(concatenate) in 0.006000280 sec
WARNING  jax._src.dispatch:dispatch.py:204 Finished XLA compilation of jit(concatenate) in 0.013474226 sec
WARNING  jax._src.dispatch:dispatch.py:204 Finished tracing reshape for jit in 0.000243425 sec
WARNING  jax._src.interpreters.pxla:pxla.py:732 Compiling jit(reshape) with global shapes and types (ShapedArray(float64[22]),). Argument mapping: (UnspecifiedValue,).
WARNING  jax._src.dispatch:dispatch.py:204 Finished jaxpr to MLIR module conversion jit(reshape) in 0.006239414 sec
WARNING  jax._src.dispatch:dispatch.py:204 Finished XLA compilation of jit(reshape) in 0.008834600 sec
WARNING  jax._src.dispatch:dispatch.py:204 Finished tracing dynamic_slice for jit in 0.000276804 sec
WARNING  jax._src.interpreters.pxla:pxla.py:732 Compiling jit(dynamic_slice) with global shapes and types (ShapedArray(float64[11,2]), ShapedArray(int64[], weak_type=True), ShapedArray(int64[], weak_type=True)). Argument mapping: (UnspecifiedValue, UnspecifiedValue, UnspecifiedValue).
WARNING  jax._src.dispatch:dispatch.py:204 Finished jaxpr to MLIR module conversion jit(dynamic_slice) in 0.006366730 sec
WARNING  jax._src.dispatch:dispatch.py:204 Finished XLA compilation of jit(dynamic_slice) in 0.029151917 sec
WARNING  jax._src.dispatch:dispatch.py:204 Finished tracing squeeze for jit in 0.000253677 sec
WARNING  jax._src.interpreters.pxla:pxla.py:732 Compiling jit(squeeze) with global shapes and types (ShapedArray(float64[11,1]),). Argument mapping: (UnspecifiedValue,).
WARNING  jax._src.dispatch:dispatch.py:204 Finished jaxpr to MLIR module conversion jit(squeeze) in 0.006582499 sec
WARNING  jax._src.dispatch:dispatch.py:204 Finished XLA compilation of jit(squeeze) in 0.008058071 sec
WARNING  jax._src.dispatch:dispatch.py:204 Finished tracing add for jit in 0.000303030 sec
WARNING  jax._src.interpreters.pxla:pxla.py:732 Compiling jit(add) with global shapes and types (ShapedArray(float64[11]), ShapedArray(float64[11])). Argument mapping: (UnspecifiedValue, UnspecifiedValue).
WARNING  jax._src.dispatch:dispatch.py:204 Finished jaxpr to MLIR module conversion jit(add) in 0.005242586 sec
WARNING  jax._src.dispatch:dispatch.py:204 Finished XLA compilation of jit(add) in 0.033976793 sec
WARNING  jax._src.dispatch:dispatch.py:204 Finished tracing dynamic_slice for jit in 0.000265837 sec
WARNING  jax._src.interpreters.pxla:pxla.py:732 Compiling jit(dynamic_slice) with global shapes and types (ShapedArray(float64[11]), ShapedArray(int64[], weak_type=True)). Argument mapping: (UnspecifiedValue, UnspecifiedValue).
WARNING  jax._src.dispatch:dispatch.py:204 Finished jaxpr to MLIR module conversion jit(dynamic_slice) in 0.006049633 sec
WARNING  jax._src.dispatch:dispatch.py:204 Finished XLA compilation of jit(dynamic_slice) in 0.025455475 sec
WARNING  jax._src.dispatch:dispatch.py:204 Finished tracing reshape for jit in 0.000228643 sec
WARNING  jax._src.interpreters.pxla:pxla.py:732 Compiling jit(reshape) with global shapes and types (ShapedArray(float64[10]),). Argument mapping: (UnspecifiedValue,).
WARNING  jax._src.dispatch:dispatch.py:204 Finished jaxpr to MLIR module conversion jit(reshape) in 0.005415916 sec
WARNING  jax._src.dispatch:dispatch.py:204 Finished XLA compilation of jit(reshape) in 0.008413792 sec
WARNING  jax._src.dispatch:dispatch.py:204 Finished tracing dynamic_slice for jit in 0.000247955 sec
WARNING  jax._src.interpreters.pxla:pxla.py:732 Compiling jit(dynamic_slice) with global shapes and types (ShapedArray(float64[5,2]), ShapedArray(int64[], weak_type=True), ShapedArray(int64[], weak_type=True)). Argument mapping: (UnspecifiedValue, UnspecifiedValue, UnspecifiedValue).
WARNING  jax._src.dispatch:dispatch.py:204 Finished jaxpr to MLIR module conversion jit(dynamic_slice) in 0.006049395 sec
WARNING  jax._src.dispatch:dispatch.py:204 Finished XLA compilation of jit(dynamic_slice) in 0.025729656 sec
WARNING  jax._src.dispatch:dispatch.py:204 Finished tracing squeeze for jit in 0.000229836 sec
WARNING  jax._src.interpreters.pxla:pxla.py:732 Compiling jit(squeeze) with global shapes and types (ShapedArray(float64[5,1]),). Argument mapping: (UnspecifiedValue,).
WARNING  jax._src.dispatch:dispatch.py:204 Finished jaxpr to MLIR module conversion jit(squeeze) in 0.006802320 sec
WARNING  jax._src.dispatch:dispatch.py:204 Finished XLA compilation of jit(squeeze) in 0.008150578 sec
WARNING  jax._src.dispatch:dispatch.py:204 Finished tracing add for jit in 0.000288248 sec
WARNING  jax._src.interpreters.pxla:pxla.py:732 Compiling jit(add) with global shapes and types (ShapedArray(float64[5]), ShapedArray(float64[5])). Argument mapping: (UnspecifiedValue, UnspecifiedValue).
WARNING  jax._src.dispatch:dispatch.py:204 Finished jaxpr to MLIR module conversion jit(add) in 0.005088806 sec
WARNING  jax._src.dispatch:dispatch.py:204 Finished XLA compilation of jit(add) in 0.027810812 sec
WARNING  jax._src.dispatch:dispatch.py:204 Finished tracing dynamic_slice for jit in 0.000246286 sec
WARNING  jax._src.interpreters.pxla:pxla.py:732 Compiling jit(dynamic_slice) with global shapes and types (ShapedArray(float64[11]), ShapedArray(int64[], weak_type=True)). Argument mapping: (UnspecifiedValue, UnspecifiedValue).
WARNING  jax._src.dispatch:dispatch.py:204 Finished jaxpr to MLIR module conversion jit(dynamic_slice) in 0.006085157 sec
WARNING  jax._src.dispatch:dispatch.py:204 Finished XLA compilation of jit(dynamic_slice) in 0.024177313 sec
WARNING  jax._src.dispatch:dispatch.py:204 Finished tracing concatenate for jit in 0.000241995 sec
WARNING  jax._src.interpreters.pxla:pxla.py:732 Compiling jit(concatenate) with global shapes and types (ShapedArray(float64[5]), ShapedArray(float64[1])). Argument mapping: (UnspecifiedValue, UnspecifiedValue).
WARNING  jax._src.dispatch:dispatch.py:204 Finished jaxpr to MLIR module conversion jit(concatenate) in 0.005592108 sec
WARNING  jax._src.dispatch:dispatch.py:204 Finished XLA compilation of jit(concatenate) in 0.012131453 sec
WARNING  jax._src.dispatch:dispatch.py:204 Finished tracing reshape for jit in 0.000234127 sec
WARNING  jax._src.interpreters.pxla:pxla.py:732 Compiling jit(reshape) with global shapes and types (ShapedArray(float64[6]),). Argument mapping: (UnspecifiedValue,).
WARNING  jax._src.dispatch:dispatch.py:204 Finished jaxpr to MLIR module conversion jit(reshape) in 0.005345583 sec
WARNING  jax._src.dispatch:dispatch.py:204 Finished XLA compilation of jit(reshape) in 0.008657455 sec
WARNING  jax._src.dispatch:dispatch.py:204 Finished tracing dynamic_slice for jit in 0.000250340 sec
WARNING  jax._src.interpreters.pxla:pxla.py:732 Compiling jit(dynamic_slice) with global shapes and types (ShapedArray(float64[3,2]), ShapedArray(int64[], weak_type=True), ShapedArray(int64[], weak_type=True)). Argument mapping: (UnspecifiedValue, UnspecifiedValue, UnspecifiedValue).
WARNING  jax._src.dispatch:dispatch.py:204 Finished jaxpr to MLIR module conversion jit(dynamic_slice) in 0.005799294 sec
WARNING  jax._src.dispatch:dispatch.py:204 Finished XLA compilation of jit(dynamic_slice) in 0.025540352 sec
WARNING  jax._src.dispatch:dispatch.py:204 Finished tracing squeeze for jit in 0.000228167 sec
WARNING  jax._src.interpreters.pxla:pxla.py:732 Compiling jit(squeeze) with global shapes and types (ShapedArray(float64[3,1]),). Argument mapping: (UnspecifiedValue,).
WARNING  jax._src.dispatch:dispatch.py:204 Finished jaxpr to MLIR module conversion jit(squeeze) in 0.005929232 sec
WARNING  jax._src.dispatch:dispatch.py:204 Finished XLA compilation of jit(squeeze) in 0.008510590 sec
WARNING  jax._src.dispatch:dispatch.py:204 Finished tracing add for jit in 0.000298738 sec
WARNING  jax._src.interpreters.pxla:pxla.py:732 Compiling jit(add) with global shapes and types (ShapedArray(float64[3]), ShapedArray(float64[3])). Argument mapping: (UnspecifiedValue, UnspecifiedValue).
WARNING  jax._src.dispatch:dispatch.py:204 Finished jaxpr to MLIR module conversion jit(add) in 0.005126476 sec
WARNING  jax._src.dispatch:dispatch.py:204 Finished XLA compilation of jit(add) in 0.027966022 sec
WARNING  jax._src.dispatch:dispatch.py:204 Finished tracing dynamic_slice for jit in 0.000266552 sec
WARNING  jax._src.interpreters.pxla:pxla.py:732 Compiling jit(dynamic_slice) with global shapes and types (ShapedArray(float64[3]), ShapedArray(int64[], weak_type=True)). Argument mapping: (UnspecifiedValue, UnspecifiedValue).
WARNING  jax._src.dispatch:dispatch.py:204 Finished jaxpr to MLIR module conversion jit(dynamic_slice) in 0.006401539 sec
WARNING  jax._src.dispatch:dispatch.py:204 Finished XLA compilation of jit(dynamic_slice) in 0.024786711 sec
WARNING  jax._src.dispatch:dispatch.py:204 Finished tracing reshape for jit in 0.000225544 sec
WARNING  jax._src.interpreters.pxla:pxla.py:732 Compiling jit(reshape) with global shapes and types (ShapedArray(float64[2]),). Argument mapping: (UnspecifiedValue,).
WARNING  jax._src.dispatch:dispatch.py:204 Finished jaxpr to MLIR module conversion jit(reshape) in 0.005582809 sec
WARNING  jax._src.dispatch:dispatch.py:204 Finished XLA compilation of jit(reshape) in 0.008221149 sec
WARNING  jax._src.dispatch:dispatch.py:204 Finished tracing dynamic_slice for jit in 0.000241041 sec
WARNING  jax._src.interpreters.pxla:pxla.py:732 Compiling jit(dynamic_slice) with global shapes and types (ShapedArray(float64[1,2]), ShapedArray(int64[], weak_type=True), ShapedArray(int64[], weak_type=True)). Argument mapping: (UnspecifiedValue, UnspecifiedValue, UnspecifiedValue).
WARNING  jax._src.dispatch:dispatch.py:204 Finished jaxpr to MLIR module conversion jit(dynamic_slice) in 0.005736113 sec
WARNING  jax._src.dispatch:dispatch.py:204 Finished XLA compilation of jit(dynamic_slice) in 0.024797678 sec
WARNING  jax._src.dispatch:dispatch.py:204 Finished tracing squeeze for jit in 0.000152826 sec
WARNING  jax._src.interpreters.pxla:pxla.py:732 Compiling jit(squeeze) with global shapes and types (ShapedArray(float64[1,1]),). Argument mapping: (UnspecifiedValue,).
WARNING  jax._src.dispatch:dispatch.py:204 Finished jaxpr to MLIR module conversion jit(squeeze) in 0.005654335 sec
WARNING  jax._src.dispatch:dispatch.py:204 Finished XLA compilation of jit(squeeze) in 0.008023500 sec
WARNING  jax._src.dispatch:dispatch.py:204 Finished tracing add for jit in 0.000286341 sec
WARNING  jax._src.interpreters.pxla:pxla.py:732 Compiling jit(add) with global shapes and types (ShapedArray(float64[1]), ShapedArray(float64[1])). Argument mapping: (UnspecifiedValue, UnspecifiedValue).
WARNING  jax._src.dispatch:dispatch.py:204 Finished jaxpr to MLIR module conversion jit(add) in 0.005097151 sec
WARNING  jax._src.dispatch:dispatch.py:204 Finished XLA compilation of jit(add) in 0.028605938 sec
WARNING  jax._src.dispatch:dispatch.py:204 Finished tracing dynamic_slice for jit in 0.000450611 sec
WARNING  jax._src.interpreters.pxla:pxla.py:732 Compiling jit(dynamic_slice) with global shapes and types (ShapedArray(float64[3]), ShapedArray(int64[], weak_type=True)). Argument mapping: (UnspecifiedValue, UnspecifiedValue).
WARNING  jax._src.dispatch:dispatch.py:204 Finished jaxpr to MLIR module conversion jit(dynamic_slice) in 0.006615400 sec
WARNING  jax._src.dispatch:dispatch.py:204 Finished XLA compilation of jit(dynamic_slice) in 0.024477959 sec
WARNING  jax._src.dispatch:dispatch.py:204 Finished tracing concatenate for jit in 0.000243187 sec
WARNING  jax._src.interpreters.pxla:pxla.py:732 Compiling jit(concatenate) with global shapes and types (ShapedArray(float64[1]), ShapedArray(float64[1])). Argument mapping: (UnspecifiedValue, UnspecifiedValue).
WARNING  jax._src.dispatch:dispatch.py:204 Finished jaxpr to MLIR module conversion jit(concatenate) in 0.005625725 sec
WARNING  jax._src.dispatch:dispatch.py:204 Finished XLA compilation of jit(concatenate) in 0.012326717 sec
WARNING  jax._src.interpreters.pxla:pxla.py:732 Compiling jit(abs) with global shapes and types (ShapedArray(float64[340]),). Argument mapping: (UnspecifiedValue,).
WARNING  jax._src.dispatch:dispatch.py:204 Finished jaxpr to MLIR module conversion jit(abs) in 0.005713463 sec
WARNING  jax._src.dispatch:dispatch.py:204 Finished XLA compilation of jit(abs) in 0.034034729 sec
WARNING  jax._src.dispatch:dispatch.py:204 Finished tracing greater for jit in 0.000011444 sec
WARNING  jax._src.interpreters.pxla:pxla.py:732 Compiling jit(greater) with global shapes and types (ShapedArray(float64[340]), ShapedArray(float64[], weak_type=True)). Argument mapping: (UnspecifiedValue, UnspecifiedValue).
WARNING  jax._src.dispatch:dispatch.py:204 Finished jaxpr to MLIR module conversion jit(greater) in 0.006539345 sec
WARNING  jax._src.dispatch:dispatch.py:204 Finished XLA compilation of jit(greater) in 0.029478312 sec
WARNING  jax._src.dispatch:dispatch.py:204 Finished tracing maximum for jit in 0.000378132 sec
WARNING  jax._src.interpreters.pxla:pxla.py:732 Compiling jit(maximum) with global shapes and types (ShapedArray(float64[340]), ShapedArray(float64[340])). Argument mapping: (UnspecifiedValue, UnspecifiedValue).
WARNING  jax._src.dispatch:dispatch.py:204 Finished jaxpr to MLIR module conversion jit(maximum) in 0.005800724 sec
WARNING  jax._src.dispatch:dispatch.py:204 Finished XLA compilation of jit(maximum) in 0.037643194 sec
WARNING  jax._src.dispatch:dispatch.py:204 Finished tracing less_equal for jit in 0.000015736 sec
WARNING  jax._src.interpreters.pxla:pxla.py:732 Compiling jit(less_equal) with global shapes and types (ShapedArray(float64[340]), ShapedArray(float64[340])). Argument mapping: (UnspecifiedValue, UnspecifiedValue).
WARNING  jax._src.dispatch:dispatch.py:204 Finished jaxpr to MLIR module conversion jit(less_equal) in 0.006037951 sec
WARNING  jax._src.dispatch:dispatch.py:204 Finished XLA compilation of jit(less_equal) in 0.038625240 sec
WARNING  jax._src.dispatch:dispatch.py:204 Finished tracing _where for jit in 0.000738621 sec
WARNING  jax._src.interpreters.pxla:pxla.py:732 Compiling jit(_where) with global shapes and types (ShapedArray(bool[340]), ShapedArray(float64[340]), ShapedArray(float64[340])). Argument mapping: (UnspecifiedValue, UnspecifiedValue, UnspecifiedValue).
WARNING  jax._src.dispatch:dispatch.py:204 Finished jaxpr to MLIR module conversion jit(_where) in 0.005671501 sec
WARNING  jax._src.dispatch:dispatch.py:204 Finished XLA compilation of jit(_where) in 0.039885998 sec
WARNING  jax._src.interpreters.pxla:pxla.py:732 Compiling jit(true_divide) with global shapes and types (ShapedArray(float64[]), ShapedArray(float64[])). Argument mapping: (UnspecifiedValue, UnspecifiedValue).
WARNING  jax._src.dispatch:dispatch.py:204 Finished jaxpr to MLIR module conversion jit(true_divide) in 0.005636692 sec
WARNING  jax._src.compiler:compiler.py:124 Persistent compilation cache hit for 'jit_true_divide' with key 'jit_true_divide-cb08e10409e7ba1241d43c9abccaa40135e66bd5622692dd682adf6ba89e7e0d'
WARNING  jax._src.dispatch:dispatch.py:204 Finished XLA compilation of jit(true_divide) in 0.002016783 sec
WARNING  jax._src.interpreters.pxla:pxla.py:732 Compiling jit(multiply) with global shapes and types (ShapedArray(float64[]), ShapedArray(float64[])). Argument mapping: (UnspecifiedValue, UnspecifiedValue).
WARNING  jax._src.dispatch:dispatch.py:204 Finished jaxpr to MLIR module conversion jit(multiply) in 0.004945993 sec
WARNING  jax._src.compiler:compiler.py:124 Persistent compilation cache hit for 'jit_multiply' with key 'jit_multiply-4618fdfde6a7ff7cb6f33504287aeda700cc3e81ea596369b21d3b0f6b0eca1c'
WARNING  jax._src.dispatch:dispatch.py:204 Finished XLA compilation of jit(multiply) in 0.001929045 sec
WARNING  jax._src.dispatch:dispatch.py:204 Finished tracing add for jit in 0.000316620 sec
WARNING  jax._src.interpreters.pxla:pxla.py:732 Compiling jit(add) with global shapes and types (ShapedArray(int64[257,7]), ShapedArray(int64[])). Argument mapping: (UnspecifiedValue, UnspecifiedValue).
WARNING  jax._src.dispatch:dispatch.py:204 Finished jaxpr to MLIR module conversion jit(add) in 0.005377054 sec
WARNING  jax._src.dispatch:dispatch.py:204 Finished XLA compilation of jit(add) in 0.028794289 sec
WARNING  jax._src.dispatch:dispatch.py:204 Finished tracing select_n for jit in 0.000319004 sec
WARNING  jax._src.interpreters.pxla:pxla.py:732 Compiling jit(select_n) with global shapes and types (ShapedArray(bool[257,7]), ShapedArray(int64[257,7]), ShapedArray(int64[257,7])). Argument mapping: (UnspecifiedValue, UnspecifiedValue, UnspecifiedValue).
WARNING  jax._src.dispatch:dispatch.py:204 Finished jaxpr to MLIR module conversion jit(select_n) in 0.005721331 sec
WARNING  jax._src.dispatch:dispatch.py:204 Finished XLA compilation of jit(select_n) in 0.037500620 sec
WARNING  jax._src.dispatch:dispatch.py:204 Finished tracing _broadcast_arrays for jit in 0.000124454 sec
WARNING  jax._src.interpreters.pxla:pxla.py:732 Compiling jit(_broadcast_arrays) with global shapes and types (ShapedArray(int64[257,7]),). Argument mapping: (UnspecifiedValue,).
WARNING  jax._src.dispatch:dispatch.py:204 Finished jaxpr to MLIR module conversion jit(_broadcast_arrays) in 0.005634069 sec
WARNING  jax._src.dispatch:dispatch.py:204 Finished XLA compilation of jit(_broadcast_arrays) in 0.007710934 sec
WARNING  jax._src.dispatch:dispatch.py:204 Finished tracing convert_element_type for jit in 0.000308275 sec
WARNING  jax._src.interpreters.pxla:pxla.py:732 Compiling jit(convert_element_type) with global shapes and types (ShapedArray(int64[257,7]),). Argument mapping: (UnspecifiedValue,).
WARNING  jax._src.dispatch:dispatch.py:204 Finished jaxpr to MLIR module conversion jit(convert_element_type) in 0.005084038 sec
WARNING  jax._src.dispatch:dispatch.py:204 Finished XLA compilation of jit(convert_element_type) in 0.033533812 sec
WARNING  jax._src.dispatch:dispatch.py:204 Finished tracing broadcast_in_dim for jit in 0.000401497 sec
WARNING  jax._src.interpreters.pxla:pxla.py:732 Compiling jit(broadcast_in_dim) with global shapes and types (ShapedArray(int32[257,7]),). Argument mapping: (UnspecifiedValue,).
WARNING  jax._src.dispatch:dispatch.py:204 Finished jaxpr to MLIR module conversion jit(broadcast_in_dim) in 0.006191015 sec
WARNING  jax._src.dispatch:dispatch.py:204 Finished XLA compilation of jit(broadcast_in_dim) in 0.032523632 sec
WARNING  jax._src.dispatch:dispatch.py:204 Finished tracing gather for jit in 0.000284433 sec
WARNING  jax._src.interpreters.pxla:pxla.py:732 Compiling jit(gather) with global shapes and types (ShapedArray(bool[340]), ShapedArray(int32[257,7,1])). Argument mapping: (UnspecifiedValue, UnspecifiedValue).
WARNING  jax._src.dispatch:dispatch.py:204 Finished jaxpr to MLIR module conversion jit(gather) in 0.006398916 sec
WARNING  jax._src.dispatch:dispatch.py:204 Finished XLA compilation of jit(gather) in 0.030910969 sec
WARNING  jax._src.dispatch:dispatch.py:204 Finished tracing broadcast_in_dim for jit in 0.000281334 sec
WARNING  jax._src.interpreters.pxla:pxla.py:732 Compiling jit(broadcast_in_dim) with global shapes and types (ShapedArray(bool[257,7]),). Argument mapping: (UnspecifiedValue,).
WARNING  jax._src.dispatch:dispatch.py:204 Finished jaxpr to MLIR module conversion jit(broadcast_in_dim) in 0.005906820 sec
WARNING  jax._src.dispatch:dispatch.py:204 Finished XLA compilation of jit(broadcast_in_dim) in 0.008138895 sec
WARNING  jax._src.dispatch:dispatch.py:204 Finished tracing _reduce_all for jit in 0.000560760 sec
WARNING  jax._src.interpreters.pxla:pxla.py:732 Compiling jit(_reduce_all) with global shapes and types (ShapedArray(bool[257,7]),). Argument mapping: (UnspecifiedValue,).
WARNING  jax._src.dispatch:dispatch.py:204 Finished jaxpr to MLIR module conversion jit(_reduce_all) in 0.005844116 sec
WARNING  jax._src.dispatch:dispatch.py:204 Finished XLA compilation of jit(_reduce_all) in 0.035185099 sec
WARNING  jax._src.dispatch:dispatch.py:204 Finished tracing add for jit in 0.000276804 sec
WARNING  jax._src.interpreters.pxla:pxla.py:732 Compiling jit(add) with global shapes and types (ShapedArray(int64[257]), ShapedArray(int64[])). Argument mapping: (UnspecifiedValue, UnspecifiedValue).
WARNING  jax._src.dispatch:dispatch.py:204 Finished jaxpr to MLIR module conversion jit(add) in 0.006147385 sec
WARNING  jax._src.dispatch:dispatch.py:204 Finished XLA compilation of jit(add) in 0.030545235 sec
WARNING  jax._src.dispatch:dispatch.py:204 Finished tracing select_n for jit in 0.000266790 sec
WARNING  jax._src.interpreters.pxla:pxla.py:732 Compiling jit(select_n) with global shapes and types (ShapedArray(bool[257]), ShapedArray(int64[257]), ShapedArray(int64[257])). Argument mapping: (UnspecifiedValue, UnspecifiedValue, UnspecifiedValue).
WARNING  jax._src.dispatch:dispatch.py:204 Finished jaxpr to MLIR module conversion jit(select_n) in 0.005854845 sec
WARNING  jax._src.dispatch:dispatch.py:204 Finished XLA compilation of jit(select_n) in 0.041400433 sec
WARNING  jax._src.dispatch:dispatch.py:204 Finished tracing _broadcast_arrays for jit in 0.000121832 sec
WARNING  jax._src.interpreters.pxla:pxla.py:732 Compiling jit(_broadcast_arrays) with global shapes and types (ShapedArray(int64[257]),). Argument mapping: (UnspecifiedValue,).
WARNING  jax._src.dispatch:dispatch.py:204 Finished jaxpr to MLIR module conversion jit(_broadcast_arrays) in 0.005673647 sec
WARNING  jax._src.dispatch:dispatch.py:204 Finished XLA compilation of jit(_broadcast_arrays) in 0.007822990 sec
WARNING  jax._src.dispatch:dispatch.py:204 Finished tracing convert_element_type for jit in 0.000300884 sec
WARNING  jax._src.interpreters.pxla:pxla.py:732 Compiling jit(convert_element_type) with global shapes and types (ShapedArray(int64[257]),). Argument mapping: (UnspecifiedValue,).
WARNING  jax._src.dispatch:dispatch.py:204 Finished jaxpr to MLIR module conversion jit(convert_element_type) in 0.005265951 sec
WARNING  jax._src.dispatch:dispatch.py:204 Finished XLA compilation of jit(convert_element_type) in 0.034629822 sec
WARNING  jax._src.dispatch:dispatch.py:204 Finished tracing broadcast_in_dim for jit in 0.000390291 sec
WARNING  jax._src.interpreters.pxla:pxla.py:732 Compiling jit(broadcast_in_dim) with global shapes and types (ShapedArray(int32[257]),). Argument mapping: (UnspecifiedValue,).
WARNING  jax._src.dispatch:dispatch.py:204 Finished jaxpr to MLIR module conversion jit(broadcast_in_dim) in 0.006008148 sec
WARNING  jax._src.dispatch:dispatch.py:204 Finished XLA compilation of jit(broadcast_in_dim) in 0.008568764 sec
WARNING  jax._src.dispatch:dispatch.py:204 Finished tracing _squeeze for jit in 0.000121832 sec
WARNING  jax._src.interpreters.pxla:pxla.py:732 Compiling jit(_squeeze) with global shapes and types (ShapedArray(bool[257]),). Argument mapping: (UnspecifiedValue,).
WARNING  jax._src.dispatch:dispatch.py:204 Finished jaxpr to MLIR module conversion jit(_squeeze) in 0.006641388 sec
WARNING  jax._src.dispatch:dispatch.py:204 Finished XLA compilation of jit(_squeeze) in 0.008332491 sec
WARNING  jax._src.dispatch:dispatch.py:204 Finished tracing scatter for jit in 0.000274181 sec
WARNING  jax._src.interpreters.pxla:pxla.py:732 Compiling jit(scatter) with global shapes and types (ShapedArray(bool[340]), ShapedArray(int32[257,1]), ShapedArray(bool[257])). Argument mapping: (UnspecifiedValue, UnspecifiedValue, UnspecifiedValue).
WARNING  jax._src.dispatch:dispatch.py:204 Finished jaxpr to MLIR module conversion jit(scatter) in 0.005694628 sec
WARNING  jax._src.dispatch:dispatch.py:204 Finished XLA compilation of jit(scatter) in 0.028275013 sec
WARNING  jax._src.dispatch:dispatch.py:204 Finished tracing gather for jit in 0.000265837 sec
WARNING  jax._src.interpreters.pxla:pxla.py:732 Compiling jit(gather) with global shapes and types (ShapedArray(float64[340]), ShapedArray(int32[257,7,1])). Argument mapping: (UnspecifiedValue, UnspecifiedValue).
WARNING  jax._src.dispatch:dispatch.py:204 Finished jaxpr to MLIR module conversion jit(gather) in 0.006193876 sec
WARNING  jax._src.dispatch:dispatch.py:204 Finished XLA compilation of jit(gather) in 0.029334307 sec
WARNING  jax._src.dispatch:dispatch.py:204 Finished tracing broadcast_in_dim for jit in 0.000279665 sec
WARNING  jax._src.interpreters.pxla:pxla.py:732 Compiling jit(broadcast_in_dim) with global shapes and types (ShapedArray(float64[257,7]),). Argument mapping: (UnspecifiedValue,).
WARNING  jax._src.dispatch:dispatch.py:204 Finished jaxpr to MLIR module conversion jit(broadcast_in_dim) in 0.005758524 sec
WARNING  jax._src.dispatch:dispatch.py:204 Finished XLA compilation of jit(broadcast_in_dim) in 0.007655859 sec
WARNING  jax._src.dispatch:dispatch.py:204 Finished tracing multiply for jit in 0.000310898 sec
WARNING  jax._src.interpreters.pxla:pxla.py:732 Compiling jit(multiply) with global shapes and types (ShapedArray(float64[257,7]), ShapedArray(float64[257,7])). Argument mapping: (UnspecifiedValue, UnspecifiedValue).
WARNING  jax._src.dispatch:dispatch.py:204 Finished jaxpr to MLIR module conversion jit(multiply) in 0.005264521 sec
WARNING  jax._src.dispatch:dispatch.py:204 Finished XLA compilation of jit(multiply) in 0.034199953 sec
WARNING  jax._src.dispatch:dispatch.py:204 Finished tracing _reduce_sum for jit in 0.000563383 sec
WARNING  jax._src.interpreters.pxla:pxla.py:732 Compiling jit(_reduce_sum) with global shapes and types (ShapedArray(float64[257,7]),). Argument mapping: (UnspecifiedValue,).
WARNING  jax._src.dispatch:dispatch.py:204 Finished jaxpr to MLIR module conversion jit(_reduce_sum) in 0.006226301 sec
WARNING  jax._src.dispatch:dispatch.py:204 Finished XLA compilation of jit(_reduce_sum) in 0.032360792 sec
WARNING  jax._src.dispatch:dispatch.py:204 Finished tracing _squeeze for jit in 0.000123978 sec
WARNING  jax._src.interpreters.pxla:pxla.py:732 Compiling jit(_squeeze) with global shapes and types (ShapedArray(float64[257]),). Argument mapping: (UnspecifiedValue,).
WARNING  jax._src.dispatch:dispatch.py:204 Finished jaxpr to MLIR module conversion jit(_squeeze) in 0.005308867 sec
WARNING  jax._src.dispatch:dispatch.py:204 Finished XLA compilation of jit(_squeeze) in 0.008025646 sec
WARNING  jax._src.dispatch:dispatch.py:204 Finished tracing scatter for jit in 0.000285625 sec
WARNING  jax._src.interpreters.pxla:pxla.py:732 Compiling jit(scatter) with global shapes and types (ShapedArray(float64[340]), ShapedArray(int32[257,1]), ShapedArray(float64[257])). Argument mapping: (UnspecifiedValue, UnspecifiedValue, UnspecifiedValue).
WARNING  jax._src.dispatch:dispatch.py:204 Finished jaxpr to MLIR module conversion jit(scatter) in 0.005598068 sec
WARNING  jax._src.dispatch:dispatch.py:204 Finished XLA compilation of jit(scatter) in 0.038148642 sec
WARNING  jax._src.dispatch:dispatch.py:204 Finished tracing _where for jit in 0.000549555 sec
WARNING  jax._src.interpreters.pxla:pxla.py:732 Compiling jit(_where) with global shapes and types (ShapedArray(bool[340]), ShapedArray(float64[], weak_type=True), ShapedArray(float64[340])). Argument mapping: (UnspecifiedValue, UnspecifiedValue, UnspecifiedValue).
WARNING  jax._src.dispatch:dispatch.py:204 Finished jaxpr to MLIR module conversion jit(_where) in 0.007776976 sec
WARNING  jax._src.dispatch:dispatch.py:204 Finished XLA compilation of jit(_where) in 0.030872822 sec
WARNING  jax._src.dispatch:dispatch.py:204 Finished tracing subtract for jit in 0.000475645 sec
WARNING  jax._src.interpreters.pxla:pxla.py:732 Compiling jit(subtract) with global shapes and types (ShapedArray(float64[340]), ShapedArray(float64[], weak_type=True)). Argument mapping: (UnspecifiedValue, UnspecifiedValue).
WARNING  jax._src.dispatch:dispatch.py:204 Finished jaxpr to MLIR module conversion jit(subtract) in 0.007178068 sec
WARNING  jax._src.dispatch:dispatch.py:204 Finished XLA compilation of jit(subtract) in 0.032210827 sec
WARNING  jax._src.dispatch:dispatch.py:204 Finished tracing subtract for jit in 0.000356913 sec
WARNING  jax._src.interpreters.pxla:pxla.py:732 Compiling jit(subtract) with global shapes and types (ShapedArray(float64[], weak_type=True), ShapedArray(float64[340])). Argument mapping: (UnspecifiedValue, UnspecifiedValue).
WARNING  jax._src.dispatch:dispatch.py:204 Finished jaxpr to MLIR module conversion jit(subtract) in 0.006884336 sec
WARNING  jax._src.dispatch:dispatch.py:204 Finished XLA compilation of jit(subtract) in 0.033424377 sec
WARNING  jax._src.dispatch:dispatch.py:204 Finished tracing clip for jit in 0.001429558 sec
WARNING  jax._src.interpreters.pxla:pxla.py:732 Compiling jit(clip) with global shapes and types (ShapedArray(float64[340]), ShapedArray(float64[], weak_type=True), ShapedArray(float64[], weak_type=True)). Argument mapping: (UnspecifiedValue, UnspecifiedValue, UnspecifiedValue).
WARNING  jax._src.dispatch:dispatch.py:204 Finished jaxpr to MLIR module conversion jit(clip) in 0.006966352 sec
WARNING  jax._src.dispatch:dispatch.py:204 Finished XLA compilation of jit(clip) in 0.028913498 sec
WARNING  jax._src.dispatch:dispatch.py:204 Finished tracing add for jit in 0.000517368 sec
WARNING  jax._src.interpreters.pxla:pxla.py:732 Compiling jit(add) with global shapes and types (ShapedArray(float64[], weak_type=True), ShapedArray(float64[340])). Argument mapping: (UnspecifiedValue, UnspecifiedValue).
WARNING  jax._src.dispatch:dispatch.py:204 Finished jaxpr to MLIR module conversion jit(add) in 0.006951571 sec
WARNING  jax._src.dispatch:dispatch.py:204 Finished XLA compilation of jit(add) in 0.032555342 sec
WARNING  jax._src.dispatch:dispatch.py:204 Finished tracing exp for jit in 0.000303268 sec
WARNING  jax._src.interpreters.pxla:pxla.py:732 Compiling jit(exp) with global shapes and types (ShapedArray(float64[340]),). Argument mapping: (UnspecifiedValue,).
WARNING  jax._src.dispatch:dispatch.py:204 Finished jaxpr to MLIR module conversion jit(exp) in 0.006435633 sec
WARNING  jax._src.dispatch:dispatch.py:204 Finished XLA compilation of jit(exp) in 0.039500475 sec
WARNING  jax._src.dispatch:dispatch.py:204 Finished tracing negative for jit in 0.000277281 sec
WARNING  jax._src.interpreters.pxla:pxla.py:732 Compiling jit(negative) with global shapes and types (ShapedArray(float64[340]),). Argument mapping: (UnspecifiedValue,).
WARNING  jax._src.dispatch:dispatch.py:204 Finished jaxpr to MLIR module conversion jit(negative) in 0.006657839 sec
WARNING  jax._src.dispatch:dispatch.py:204 Finished XLA compilation of jit(negative) in 0.037188530 sec
WARNING  jax._src.dispatch:dispatch.py:204 Finished tracing _linspace for jit in 0.003657103 sec
WARNING  jax._src.interpreters.pxla:pxla.py:732 Compiling jit(_linspace) with global shapes and types (ShapedArray(float64[], weak_type=True), ShapedArray(float64[], weak_type=True)). Argument mapping: (UnspecifiedValue, UnspecifiedValue).
WARNING  jax._src.dispatch:dispatch.py:204 Finished jaxpr to MLIR module conversion jit(_linspace) in 0.008829355 sec
WARNING  jax._src.dispatch:dispatch.py:204 Finished XLA compilation of jit(_linspace) in 0.031508684 sec
WARNING  jax._src.dispatch:dispatch.py:204 Finished tracing broadcast_in_dim for jit in 0.000354767 sec
WARNING  jax._src.interpreters.pxla:pxla.py:732 Compiling jit(broadcast_in_dim) with global shapes and types (ShapedArray(float64[]),). Argument mapping: (UnspecifiedValue,).
WARNING  jax._src.dispatch:dispatch.py:204 Finished jaxpr to MLIR module conversion jit(broadcast_in_dim) in 0.006875992 sec
WARNING  jax._src.dispatch:dispatch.py:204 Finished XLA compilation of jit(broadcast_in_dim) in 0.027467728 sec
WARNING  jax._src.dispatch:dispatch.py:204 Finished tracing dynamic_slice for jit in 0.000262976 sec
WARNING  jax._src.interpreters.pxla:pxla.py:732 Compiling jit(dynamic_slice) with global shapes and types (ShapedArray(float64[257]), ShapedArray(int64[], weak_type=True)). Argument mapping: (UnspecifiedValue, UnspecifiedValue).
WARNING  jax._src.dispatch:dispatch.py:204 Finished jaxpr to MLIR module conversion jit(dynamic_slice) in 0.006788731 sec
WARNING  jax._src.dispatch:dispatch.py:204 Finished XLA compilation of jit(dynamic_slice) in 0.026924133 sec
WARNING  jax._src.dispatch:dispatch.py:204 Finished tracing dynamic_slice for jit in 0.000256538 sec
WARNING  jax._src.interpreters.pxla:pxla.py:732 Compiling jit(dynamic_slice) with global shapes and types (ShapedArray(float64[257]), ShapedArray(int64[], weak_type=True)). Argument mapping: (UnspecifiedValue, UnspecifiedValue).
WARNING  jax._src.dispatch:dispatch.py:204 Finished jaxpr to MLIR module conversion jit(dynamic_slice) in 0.006789923 sec
WARNING  jax._src.dispatch:dispatch.py:204 Finished XLA compilation of jit(dynamic_slice) in 0.031762838 sec
WARNING  jax._src.interpreters.pxla:pxla.py:732 Compiling jit(add) with global shapes and types (ShapedArray(float64[256]), ShapedArray(float64[256])). Argument mapping: (UnspecifiedValue, UnspecifiedValue).
WARNING  jax._src.dispatch:dispatch.py:204 Finished jaxpr to MLIR module conversion jit(add) in 0.007976532 sec
WARNING  jax._src.dispatch:dispatch.py:204 Finished XLA compilation of jit(add) in 0.035290480 sec
WARNING  jax._src.dispatch:dispatch.py:204 Finished tracing multiply for jit in 0.000351667 sec
WARNING  jax._src.interpreters.pxla:pxla.py:732 Compiling jit(multiply) with global shapes and types (ShapedArray(float64[]), ShapedArray(float64[256])). Argument mapping: (UnspecifiedValue, UnspecifiedValue).
WARNING  jax._src.dispatch:dispatch.py:204 Finished jaxpr to MLIR module conversion jit(multiply) in 0.007224321 sec
WARNING  jax._src.dispatch:dispatch.py:204 Finished XLA compilation of jit(multiply) in 0.032061338 sec
WARNING  jax._src.dispatch:dispatch.py:204 Finished tracing rev for jit in 0.000282526 sec
WARNING  jax._src.interpreters.pxla:pxla.py:732 Compiling jit(rev) with global shapes and types (ShapedArray(float64[256]),). Argument mapping: (UnspecifiedValue,).
WARNING  jax._src.dispatch:dispatch.py:204 Finished jaxpr to MLIR module conversion jit(rev) in 0.006631374 sec
WARNING  jax._src.dispatch:dispatch.py:204 Finished XLA compilation of jit(rev) in 0.030515432 sec
WARNING  jax._src.dispatch:dispatch.py:204 Finished tracing cumsum for jit in 0.000415564 sec
WARNING  jax._src.interpreters.pxla:pxla.py:732 Compiling jit(cumsum) with global shapes and types (ShapedArray(float64[256]),). Argument mapping: (UnspecifiedValue,).
WARNING  jax._src.dispatch:dispatch.py:204 Finished jaxpr to MLIR module conversion jit(cumsum) in 0.008446932 sec
WARNING  jax._src.dispatch:dispatch.py:204 Finished XLA compilation of jit(cumsum) in 0.052725315 sec
WARNING  jax._src.dispatch:dispatch.py:204 Finished tracing concatenate for jit in 0.000172615 sec
WARNING  jax._src.interpreters.pxla:pxla.py:732 Compiling jit(concatenate) with global shapes and types (ShapedArray(float64[256]), ShapedArray(float64[1])). Argument mapping: (UnspecifiedValue, UnspecifiedValue).
WARNING  jax._src.dispatch:dispatch.py:204 Finished jaxpr to MLIR module conversion jit(concatenate) in 0.008485317 sec
WARNING  jax._src.dispatch:dispatch.py:204 Finished XLA compilation of jit(concatenate) in 0.013542891 sec
WARNING  jax._src.dispatch:dispatch.py:204 Finished tracing _interp for jit in 0.020124197 sec
WARNING  jax._src.interpreters.pxla:pxla.py:732 Compiling jit(_interp) with global shapes and types (ShapedArray(float64[340]), ShapedArray(float64[257]), ShapedArray(float64[257])). Argument mapping: (UnspecifiedValue, UnspecifiedValue, UnspecifiedValue).
WARNING  jax._src.dispatch:dispatch.py:204 Finished jaxpr to MLIR module conversion jit(_interp) in 0.019824028 sec
WARNING  jax._src.dispatch:dispatch.py:204 Finished XLA compilation of jit(_interp) in 0.087650299 sec
WARNING  jax._src.dispatch:dispatch.py:204 Finished tracing integer_pow for jit in 0.000245571 sec
WARNING  jax._src.interpreters.pxla:pxla.py:732 Compiling jit(integer_pow) with global shapes and types (ShapedArray(float64[], weak_type=True),). Argument mapping: (UnspecifiedValue,).
WARNING  jax._src.dispatch:dispatch.py:204 Finished jaxpr to MLIR module conversion jit(integer_pow) in 0.006901979 sec
WARNING  jax._src.compiler:compiler.py:124 Persistent compilation cache hit for 'jit_integer_pow' with key 'jit_integer_pow-f12eb96adabf7234d08df6797f1a84ec1327a1eb79759fc301ebbe715521c805'
WARNING  jax._src.dispatch:dispatch.py:204 Finished XLA compilation of jit(integer_pow) in 0.002205610 sec
WARNING  jax._src.dispatch:dispatch.py:204 Finished tracing maximum for jit in 0.000347853 sec
WARNING  jax._src.interpreters.pxla:pxla.py:732 Compiling jit(maximum) with global shapes and types (ShapedArray(float64[340]), ShapedArray(float64[], weak_type=True)). Argument mapping: (UnspecifiedValue, UnspecifiedValue).
WARNING  jax._src.dispatch:dispatch.py:204 Finished jaxpr to MLIR module conversion jit(maximum) in 0.005917788 sec
WARNING  jax._src.dispatch:dispatch.py:204 Finished XLA compilation of jit(maximum) in 0.030694723 sec
WARNING  jax._src.dispatch:dispatch.py:204 Finished tracing sqrt for jit in 0.000011921 sec
WARNING  jax._src.interpreters.pxla:pxla.py:732 Compiling jit(sqrt) with global shapes and types (ShapedArray(float64[340]),). Argument mapping: (UnspecifiedValue,).
WARNING  jax._src.dispatch:dispatch.py:204 Finished jaxpr to MLIR module conversion jit(sqrt) in 0.006825209 sec
WARNING  jax._src.dispatch:dispatch.py:204 Finished XLA compilation of jit(sqrt) in 0.034403086 sec
WARNING  jax._src.dispatch:dispatch.py:204 Finished tracing hypot for jit in 0.002835035 sec
WARNING  jax._src.interpreters.pxla:pxla.py:732 Compiling jit(hypot) with global shapes and types (ShapedArray(float64[340]), ShapedArray(float64[340])). Argument mapping: (UnspecifiedValue, UnspecifiedValue).
WARNING  jax._src.dispatch:dispatch.py:204 Finished jaxpr to MLIR module conversion jit(hypot) in 0.010821819 sec
WARNING  jax._src.dispatch:dispatch.py:204 Finished XLA compilation of jit(hypot) in 0.034467697 sec
WARNING  jax._src.dispatch:dispatch.py:204 Finished tracing _reduce_max for jit in 0.000013828 sec
WARNING  jax._src.interpreters.pxla:pxla.py:732 Compiling jit(_reduce_max) with global shapes and types (ShapedArray(float64[340]),). Argument mapping: (UnspecifiedValue,).
WARNING  jax._src.dispatch:dispatch.py:204 Finished jaxpr to MLIR module conversion jit(_reduce_max) in 0.007166862 sec
WARNING  jax._src.dispatch:dispatch.py:204 Finished XLA compilation of jit(_reduce_max) in 0.055848598 sec
WARNING  jax._src.interpreters.pxla:pxla.py:732 Compiling jit(maximum) with global shapes and types (ShapedArray(float64[]), ShapedArray(float64[])). Argument mapping: (UnspecifiedValue, UnspecifiedValue).
WARNING  jax._src.dispatch:dispatch.py:204 Finished jaxpr to MLIR module conversion jit(maximum) in 0.009286642 sec
WARNING  jax._src.compiler:compiler.py:124 Persistent compilation cache hit for 'jit_maximum' with key 'jit_maximum-cf3644296a794e41a1a550407435fc43df84f67e4326d41082e29d4dfabe2c30'
WARNING  jax._src.dispatch:dispatch.py:204 Finished XLA compilation of jit(maximum) in 0.003052235 sec
WARNING  jax._src.dispatch:dispatch.py:204 Finished tracing convert_element_type for jit in 0.000287056 sec
WARNING  jax._src.interpreters.pxla:pxla.py:732 Compiling jit(convert_element_type) with global shapes and types (ShapedArray(int8[]),). Argument mapping: (UnspecifiedValue,).
WARNING  jax._src.dispatch:dispatch.py:204 Finished jaxpr to MLIR module conversion jit(convert_element_type) in 0.007940292 sec
WARNING  jax._src.dispatch:dispatch.py:204 Finished XLA compilation of jit(convert_element_type) in 0.012149572 sec
WARNING  jax._src.dispatch:dispatch.py:204 Finished tracing not_equal for jit in 0.000283957 sec
WARNING  jax._src.interpreters.pxla:pxla.py:732 Compiling jit(not_equal) with global shapes and types (ShapedArray(float64[]), ShapedArray(float64[])). Argument mapping: (UnspecifiedValue, UnspecifiedValue).
WARNING  jax._src.dispatch:dispatch.py:204 Finished jaxpr to MLIR module conversion jit(not_equal) in 0.009520054 sec
WARNING  jax._src.dispatch:dispatch.py:204 Finished XLA compilation of jit(not_equal) in 0.036904335 sec
WARNING  jax._src.interpreters.pxla:pxla.py:732 Compiling jit(subtract) with global shapes and types (ShapedArray(float64[], weak_type=True), ShapedArray(float64[])). Argument mapping: (UnspecifiedValue, UnspecifiedValue).
WARNING  jax._src.dispatch:dispatch.py:204 Finished jaxpr to MLIR module conversion jit(subtract) in 0.009559631 sec
WARNING  jax._src.dispatch:dispatch.py:204 Finished XLA compilation of jit(subtract) in 0.039855003 sec
WARNING  jax._src.dispatch:dispatch.py:204 Finished tracing clip for jit in 0.000632763 sec
WARNING  jax._src.interpreters.pxla:pxla.py:732 Compiling jit(clip) with global shapes and types (ShapedArray(float64[]), ShapedArray(float64[], weak_type=True), ShapedArray(float64[], weak_type=True)). Argument mapping: (UnspecifiedValue, UnspecifiedValue, UnspecifiedValue).
WARNING  jax._src.dispatch:dispatch.py:204 Finished jaxpr to MLIR module conversion jit(clip) in 0.009391546 sec
WARNING  jax._src.dispatch:dispatch.py:204 Finished XLA compilation of jit(clip) in 0.043403864 sec
WARNING  jax._src.dispatch:dispatch.py:204 Finished tracing add for jit in 0.000452042 sec
WARNING  jax._src.interpreters.pxla:pxla.py:732 Compiling jit(add) with global shapes and types (ShapedArray(float64[], weak_type=True), ShapedArray(float64[])). Argument mapping: (UnspecifiedValue, UnspecifiedValue).
WARNING  jax._src.dispatch:dispatch.py:204 Finished jaxpr to MLIR module conversion jit(add) in 0.009863615 sec
WARNING  jax._src.dispatch:dispatch.py:204 Finished XLA compilation of jit(add) in 0.037973642 sec
WARNING  jax._src.interpreters.pxla:pxla.py:732 Compiling jit(sqrt) with global shapes and types (ShapedArray(float64[]),). Argument mapping: (UnspecifiedValue,).
WARNING  jax._src.dispatch:dispatch.py:204 Finished jaxpr to MLIR module conversion jit(sqrt) in 0.009176970 sec
WARNING  jax._src.compiler:compiler.py:124 Persistent compilation cache hit for 'jit_sqrt' with key 'jit_sqrt-6b76aba98f1c2deaad1529accaeeb6aee7654c40bc3a58d2f4550dad441a630a'
WARNING  jax._src.dispatch:dispatch.py:204 Finished XLA compilation of jit(sqrt) in 0.003186941 sec
WARNING  jax._src.dispatch:dispatch.py:204 Finished tracing _reduce_min for jit in 0.000015974 sec
WARNING  jax._src.interpreters.pxla:pxla.py:732 Compiling jit(_reduce_min) with global shapes and types (ShapedArray(float64[340]),). Argument mapping: (UnspecifiedValue,).
WARNING  jax._src.dispatch:dispatch.py:204 Finished jaxpr to MLIR module conversion jit(_reduce_min) in 0.009265661 sec
WARNING  jax._src.dispatch:dispatch.py:204 Finished XLA compilation of jit(_reduce_min) in 0.067879677 sec
WARNING  jax._src.interpreters.pxla:pxla.py:732 Compiling jit(isfinite) with global shapes and types (ShapedArray(float64[1547]),). Argument mapping: (UnspecifiedValue,).
WARNING  jax._src.dispatch:dispatch.py:204 Finished jaxpr to MLIR module conversion jit(isfinite) in 0.009550571 sec
WARNING  jax._src.dispatch:dispatch.py:204 Finished XLA compilation of jit(isfinite) in 0.053689718 sec
WARNING  jax._src.interpreters.pxla:pxla.py:732 Compiling jit(_reduce_all) with global shapes and types (ShapedArray(bool[1547]),). Argument mapping: (UnspecifiedValue,).
WARNING  jax._src.dispatch:dispatch.py:204 Finished jaxpr to MLIR module conversion jit(_reduce_all) in 0.009751320 sec
WARNING  jax._src.dispatch:dispatch.py:204 Finished XLA compilation of jit(_reduce_all) in 0.073987722 sec
WARNING  jax._src.dispatch:dispatch.py:204 Finished tracing isfinite for jit in 0.000014067 sec
WARNING  jax._src.interpreters.pxla:pxla.py:732 Compiling jit(isfinite) with global shapes and types (ShapedArray(float64[340]),). Argument mapping: (UnspecifiedValue,).
WARNING  jax._src.dispatch:dispatch.py:204 Finished jaxpr to MLIR module conversion jit(isfinite) in 0.008965254 sec
WARNING  jax._src.dispatch:dispatch.py:204 Finished XLA compilation of jit(isfinite) in 0.053860426 sec
WARNING  jax._src.dispatch:dispatch.py:204 Finished tracing _reduce_all for jit in 0.000023603 sec
WARNING  jax._src.interpreters.pxla:pxla.py:732 Compiling jit(_reduce_all) with global shapes and types (ShapedArray(bool[340]),). Argument mapping: (UnspecifiedValue,).
WARNING  jax._src.dispatch:dispatch.py:204 Finished jaxpr to MLIR module conversion jit(_reduce_all) in 0.009927750 sec
WARNING  jax._src.dispatch:dispatch.py:204 Finished XLA compilation of jit(_reduce_all) in 0.062110662 sec
WARNING  jax._src.dispatch:dispatch.py:204 Finished tracing stack for jit in 0.000383377 sec
WARNING  jax._src.interpreters.pxla:pxla.py:732 Compiling jit(stack) with global shapes and types (ShapedArray(float64[]), ShapedArray(float64[]), ShapedArray(float64[])). Argument mapping: (UnspecifiedValue, UnspecifiedValue, UnspecifiedValue).
WARNING  jax._src.dispatch:dispatch.py:204 Finished jaxpr to MLIR module conversion jit(stack) in 0.009649038 sec
WARNING  jax._src.dispatch:dispatch.py:204 Finished XLA compilation of jit(stack) in 0.034968853 sec
WARNING  jax._src.dispatch:dispatch.py:204 Finished tracing isfinite for jit in 0.000014544 sec
WARNING  jax._src.interpreters.pxla:pxla.py:732 Compiling jit(isfinite) with global shapes and types (ShapedArray(float64[3]),). Argument mapping: (UnspecifiedValue,).
WARNING  jax._src.dispatch:dispatch.py:204 Finished jaxpr to MLIR module conversion jit(isfinite) in 0.009183168 sec
WARNING  jax._src.dispatch:dispatch.py:204 Finished XLA compilation of jit(isfinite) in 0.041545391 sec
WARNING  jax._src.dispatch:dispatch.py:204 Finished tracing _reduce_all for jit in 0.000021219 sec
WARNING  jax._src.interpreters.pxla:pxla.py:732 Compiling jit(_reduce_all) with global shapes and types (ShapedArray(bool[3]),). Argument mapping: (UnspecifiedValue,).
WARNING  jax._src.dispatch:dispatch.py:204 Finished jaxpr to MLIR module conversion jit(_reduce_all) in 0.008952379 sec
WARNING  jax._src.dispatch:dispatch.py:204 Finished XLA compilation of jit(_reduce_all) in 0.035140514 sec
WARNING  jax._src.dispatch:dispatch.py:204 Finished tracing stack for jit in 0.000502825 sec
WARNING  jax._src.interpreters.pxla:pxla.py:732 Compiling jit(stack) with global shapes and types (ShapedArray(float64[]), ShapedArray(float64[]), ShapedArray(float64[]), ShapedArray(float64[]), ShapedArray(float64[]), ShapedArray(float64[]), ShapedArray(float64[]), ShapedArray(float64[])). Argument mapping: (UnspecifiedValue, UnspecifiedValue, UnspecifiedValue, UnspecifiedValue, UnspecifiedValue, UnspecifiedValue, UnspecifiedValue, UnspecifiedValue).
WARNING  jax._src.dispatch:dispatch.py:204 Finished jaxpr to MLIR module conversion jit(stack) in 0.010071754 sec
WARNING  jax._src.dispatch:dispatch.py:204 Finished XLA compilation of jit(stack) in 0.039053440 sec
WARNING  jax._src.dispatch:dispatch.py:204 Finished tracing isfinite for jit in 0.000357866 sec
WARNING  jax._src.interpreters.pxla:pxla.py:732 Compiling jit(isfinite) with global shapes and types (ShapedArray(float64[8]),). Argument mapping: (UnspecifiedValue,).
WARNING  jax._src.dispatch:dispatch.py:204 Finished jaxpr to MLIR module conversion jit(isfinite) in 0.009114981 sec
WARNING  jax._src.dispatch:dispatch.py:204 Finished XLA compilation of jit(isfinite) in 0.039532661 sec
WARNING  jax._src.dispatch:dispatch.py:204 Finished tracing _reduce_all for jit in 0.000746965 sec
WARNING  jax._src.interpreters.pxla:pxla.py:732 Compiling jit(_reduce_all) with global shapes and types (ShapedArray(bool[8]),). Argument mapping: (UnspecifiedValue,).
WARNING  jax._src.dispatch:dispatch.py:204 Finished jaxpr to MLIR module conversion jit(_reduce_all) in 0.009813547 sec
WARNING  jax._src.dispatch:dispatch.py:204 Finished XLA compilation of jit(_reduce_all) in 0.038072109 sec
WARNING  jax._src.dispatch:dispatch.py:204 Finished tracing broadcast_in_dim for jit in 0.000415325 sec
WARNING  jax._src.interpreters.pxla:pxla.py:732 Compiling jit(broadcast_in_dim) with global shapes and types (ShapedArray(int8[]),). Argument mapping: (UnspecifiedValue,).
WARNING  jax._src.dispatch:dispatch.py:204 Finished jaxpr to MLIR module conversion jit(broadcast_in_dim) in 0.009191513 sec
WARNING  jax._src.dispatch:dispatch.py:204 Finished XLA compilation of jit(broadcast_in_dim) in 0.045922995 sec
WARNING  jax._src.dispatch:dispatch.py:204 Finished tracing _where for jit in 0.000836611 sec
WARNING  jax._src.interpreters.pxla:pxla.py:732 Compiling jit(_where) with global shapes and types (ShapedArray(bool[340]), ShapedArray(int64[], weak_type=True), ShapedArray(int8[340])). Argument mapping: (UnspecifiedValue, UnspecifiedValue, UnspecifiedValue).
WARNING  jax._src.dispatch:dispatch.py:204 Finished jaxpr to MLIR module conversion jit(_where) in 0.009664536 sec
WARNING  jax._src.dispatch:dispatch.py:204 Finished XLA compilation of jit(_where) in 0.043119669 sec
WARNING  jax._src.dispatch:dispatch.py:204 Finished tracing less for jit in 0.000406981 sec
WARNING  jax._src.interpreters.pxla:pxla.py:732 Compiling jit(less) with global shapes and types (ShapedArray(int64[1,13]), ShapedArray(int64[340,1])). Argument mapping: (UnspecifiedValue, UnspecifiedValue).
WARNING  jax._src.dispatch:dispatch.py:204 Finished jaxpr to MLIR module conversion jit(less) in 0.009657621 sec
WARNING  jax._src.dispatch:dispatch.py:204 Finished XLA compilation of jit(less) in 0.041010618 sec
WARNING  jax._src.interpreters.pxla:pxla.py:732 Compiling jit(add) with global shapes and types (ShapedArray(int64[1,13]), ShapedArray(int64[], weak_type=True)). Argument mapping: (UnspecifiedValue, UnspecifiedValue).
WARNING  jax._src.dispatch:dispatch.py:204 Finished jaxpr to MLIR module conversion jit(add) in 0.009577036 sec
WARNING  jax._src.dispatch:dispatch.py:204 Finished XLA compilation of jit(add) in 0.037636757 sec
WARNING  jax._src.dispatch:dispatch.py:204 Finished tracing _where for jit in 0.001523733 sec
WARNING  jax._src.interpreters.pxla:pxla.py:732 Compiling jit(_where) with global shapes and types (ShapedArray(bool[340,13]), ShapedArray(int64[1,13]), ShapedArray(int64[], weak_type=True)). Argument mapping: (UnspecifiedValue, UnspecifiedValue, UnspecifiedValue).
WARNING  jax._src.dispatch:dispatch.py:204 Finished jaxpr to MLIR module conversion jit(_where) in 0.010125399 sec
WARNING  jax._src.dispatch:dispatch.py:204 Finished XLA compilation of jit(_where) in 0.049019814 sec
WARNING  jax._src.dispatch:dispatch.py:204 Finished tracing take_along_axis for jit in 0.001996279 sec
WARNING  jax._src.interpreters.pxla:pxla.py:732 Compiling jit(take_along_axis) with global shapes and types (ShapedArray(int64[340,13]), ShapedArray(int64[340,13])). Argument mapping: (UnspecifiedValue, UnspecifiedValue).
WARNING  jax._src.dispatch:dispatch.py:204 Finished jaxpr to MLIR module conversion jit(take_along_axis) in 0.015639067 sec
WARNING  jax._src.dispatch:dispatch.py:204 Finished XLA compilation of jit(take_along_axis) in 0.060258389 sec
WARNING  jax._src.dispatch:dispatch.py:204 Finished tracing dynamic_slice for jit in 0.000338316 sec
WARNING  jax._src.interpreters.pxla:pxla.py:732 Compiling jit(dynamic_slice) with global shapes and types (ShapedArray(float64[1547]), ShapedArray(int64[], weak_type=True)). Argument mapping: (UnspecifiedValue, UnspecifiedValue).
WARNING  jax._src.dispatch:dispatch.py:204 Finished jaxpr to MLIR module conversion jit(dynamic_slice) in 0.009755850 sec
WARNING  jax._src.dispatch:dispatch.py:204 Finished XLA compilation of jit(dynamic_slice) in 0.047429085 sec
WARNING  jax._src.dispatch:dispatch.py:204 Finished tracing split_flux_map for jit in 0.000925064 sec
WARNING  jax._src.interpreters.pxla:pxla.py:732 Compiling jit(split_flux_map) with global shapes and types (ShapedArray(float64[461]),). Argument mapping: (UnspecifiedValue,).
WARNING  jax._src.dispatch:dispatch.py:204 Finished jaxpr to MLIR module conversion jit(split_flux_map) in 0.011463404 sec
WARNING  jax._src.dispatch:dispatch.py:204 Finished XLA compilation of jit(split_flux_map) in 0.047779799 sec
WARNING  jax._src.dispatch:dispatch.py:204 Finished tracing add for jit in 0.000634432 sec
WARNING  jax._src.interpreters.pxla:pxla.py:732 Compiling jit(add) with global shapes and types (ShapedArray(int64[937,7]), ShapedArray(int64[])). Argument mapping: (UnspecifiedValue, UnspecifiedValue).
WARNING  jax._src.dispatch:dispatch.py:204 Finished jaxpr to MLIR module conversion jit(add) in 0.009414196 sec
WARNING  jax._src.dispatch:dispatch.py:204 Finished XLA compilation of jit(add) in 0.039590597 sec
WARNING  jax._src.dispatch:dispatch.py:204 Finished tracing select_n for jit in 0.000426769 sec
WARNING  jax._src.interpreters.pxla:pxla.py:732 Compiling jit(select_n) with global shapes and types (ShapedArray(bool[937,7]), ShapedArray(int64[937,7]), ShapedArray(int64[937,7])). Argument mapping: (UnspecifiedValue, UnspecifiedValue, UnspecifiedValue).
WARNING  jax._src.dispatch:dispatch.py:204 Finished jaxpr to MLIR module conversion jit(select_n) in 0.009385586 sec
WARNING  jax._src.dispatch:dispatch.py:204 Finished XLA compilation of jit(select_n) in 0.052048683 sec
WARNING  jax._src.dispatch:dispatch.py:204 Finished tracing _broadcast_arrays for jit in 0.000178337 sec
WARNING  jax._src.interpreters.pxla:pxla.py:732 Compiling jit(_broadcast_arrays) with global shapes and types (ShapedArray(int64[937,7]),). Argument mapping: (UnspecifiedValue,).
WARNING  jax._src.dispatch:dispatch.py:204 Finished jaxpr to MLIR module conversion jit(_broadcast_arrays) in 0.008867741 sec
WARNING  jax._src.dispatch:dispatch.py:204 Finished XLA compilation of jit(_broadcast_arrays) in 0.011753798 sec
WARNING  jax._src.dispatch:dispatch.py:204 Finished tracing convert_element_type for jit in 0.000388622 sec
WARNING  jax._src.interpreters.pxla:pxla.py:732 Compiling jit(convert_element_type) with global shapes and types (ShapedArray(int64[937,7]),). Argument mapping: (UnspecifiedValue,).
WARNING  jax._src.dispatch:dispatch.py:204 Finished jaxpr to MLIR module conversion jit(convert_element_type) in 0.008883238 sec
WARNING  jax._src.dispatch:dispatch.py:204 Finished XLA compilation of jit(convert_element_type) in 0.054378986 sec
WARNING  jax._src.dispatch:dispatch.py:204 Finished tracing broadcast_in_dim for jit in 0.000527859 sec
WARNING  jax._src.interpreters.pxla:pxla.py:732 Compiling jit(broadcast_in_dim) with global shapes and types (ShapedArray(int32[937,7]),). Argument mapping: (UnspecifiedValue,).
WARNING  jax._src.dispatch:dispatch.py:204 Finished jaxpr to MLIR module conversion jit(broadcast_in_dim) in 0.009480000 sec
WARNING  jax._src.dispatch:dispatch.py:204 Finished XLA compilation of jit(broadcast_in_dim) in 0.044193506 sec
WARNING  jax._src.dispatch:dispatch.py:204 Finished tracing gather for jit in 0.000400305 sec
WARNING  jax._src.interpreters.pxla:pxla.py:732 Compiling jit(gather) with global shapes and types (ShapedArray(float64[340]), ShapedArray(int32[937,7,1])). Argument mapping: (UnspecifiedValue, UnspecifiedValue).
WARNING  jax._src.dispatch:dispatch.py:204 Finished jaxpr to MLIR module conversion jit(gather) in 0.009680510 sec
WARNING  jax._src.dispatch:dispatch.py:204 Finished XLA compilation of jit(gather) in 0.043653727 sec
WARNING  jax._src.dispatch:dispatch.py:204 Finished tracing broadcast_in_dim for jit in 0.000481844 sec
WARNING  jax._src.interpreters.pxla:pxla.py:732 Compiling jit(broadcast_in_dim) with global shapes and types (ShapedArray(float64[937,7]),). Argument mapping: (UnspecifiedValue,).
WARNING  jax._src.dispatch:dispatch.py:204 Finished jaxpr to MLIR module conversion jit(broadcast_in_dim) in 0.009058952 sec
WARNING  jax._src.dispatch:dispatch.py:204 Finished XLA compilation of jit(broadcast_in_dim) in 0.012232780 sec
WARNING  jax._src.dispatch:dispatch.py:204 Finished tracing multiply for jit in 0.000507593 sec
WARNING  jax._src.interpreters.pxla:pxla.py:732 Compiling jit(multiply) with global shapes and types (ShapedArray(float64[937,7]), ShapedArray(float64[937,7])). Argument mapping: (UnspecifiedValue, UnspecifiedValue).
WARNING  jax._src.dispatch:dispatch.py:204 Finished jaxpr to MLIR module conversion jit(multiply) in 0.009274006 sec
WARNING  jax._src.dispatch:dispatch.py:204 Finished XLA compilation of jit(multiply) in 0.049540281 sec
WARNING  jax._src.dispatch:dispatch.py:204 Finished tracing _reduce_sum for jit in 0.000714302 sec
WARNING  jax._src.interpreters.pxla:pxla.py:732 Compiling jit(_reduce_sum) with global shapes and types (ShapedArray(float64[937,7]),). Argument mapping: (UnspecifiedValue,).
WARNING  jax._src.dispatch:dispatch.py:204 Finished jaxpr to MLIR module conversion jit(_reduce_sum) in 0.009654760 sec
WARNING  jax._src.dispatch:dispatch.py:204 Finished XLA compilation of jit(_reduce_sum) in 0.012852907 sec
WARNING  jax._src.dispatch:dispatch.py:204 Finished tracing subtract for jit in 0.000418186 sec
WARNING  jax._src.interpreters.pxla:pxla.py:732 Compiling jit(subtract) with global shapes and types (ShapedArray(float64[937]), ShapedArray(float64[])). Argument mapping: (UnspecifiedValue, UnspecifiedValue).
WARNING  jax._src.dispatch:dispatch.py:204 Finished jaxpr to MLIR module conversion jit(subtract) in 0.009472847 sec
WARNING  jax._src.dispatch:dispatch.py:204 Finished XLA compilation of jit(subtract) in 0.044437408 sec
WARNING  jax._src.dispatch:dispatch.py:204 Finished tracing true_divide for jit in 0.000592947 sec
WARNING  jax._src.interpreters.pxla:pxla.py:732 Compiling jit(true_divide) with global shapes and types (ShapedArray(float64[937]), ShapedArray(float64[])). Argument mapping: (UnspecifiedValue, UnspecifiedValue).
WARNING  jax._src.dispatch:dispatch.py:204 Finished jaxpr to MLIR module conversion jit(true_divide) in 0.009572268 sec
WARNING  jax._src.dispatch:dispatch.py:204 Finished XLA compilation of jit(true_divide) in 0.052572966 sec
WARNING  jax._src.dispatch:dispatch.py:204 Finished tracing less for jit in 0.000495911 sec
WARNING  jax._src.interpreters.pxla:pxla.py:732 Compiling jit(less) with global shapes and types (ShapedArray(int64[340,13]), ShapedArray(int64[], weak_type=True)). Argument mapping: (UnspecifiedValue, UnspecifiedValue).
WARNING  jax._src.dispatch:dispatch.py:204 Finished jaxpr to MLIR module conversion jit(less) in 0.010467291 sec
WARNING  jax._src.dispatch:dispatch.py:204 Finished XLA compilation of jit(less) in 0.042109489 sec
WARNING  jax._src.dispatch:dispatch.py:204 Finished tracing _broadcast_arrays for jit in 0.000160694 sec
WARNING  jax._src.interpreters.pxla:pxla.py:732 Compiling jit(_broadcast_arrays) with global shapes and types (ShapedArray(int64[340,13]),). Argument mapping: (UnspecifiedValue,).
WARNING  jax._src.dispatch:dispatch.py:204 Finished jaxpr to MLIR module conversion jit(_broadcast_arrays) in 0.010367632 sec
WARNING  jax._src.dispatch:dispatch.py:204 Finished XLA compilation of jit(_broadcast_arrays) in 0.011829138 sec
WARNING  jax._src.dispatch:dispatch.py:204 Finished tracing subtract for jit in 0.000429869 sec
WARNING  jax._src.interpreters.pxla:pxla.py:732 Compiling jit(subtract) with global shapes and types (ShapedArray(float64[340,13]), ShapedArray(float64[], weak_type=True)). Argument mapping: (UnspecifiedValue, UnspecifiedValue).
WARNING  jax._src.dispatch:dispatch.py:204 Finished jaxpr to MLIR module conversion jit(subtract) in 0.009610653 sec
WARNING  jax._src.dispatch:dispatch.py:204 Finished XLA compilation of jit(subtract) in 0.041568518 sec
WARNING  jax._src.dispatch:dispatch.py:204 Finished tracing less_equal for jit in 0.000431061 sec
WARNING  jax._src.interpreters.pxla:pxla.py:732 Compiling jit(less_equal) with global shapes and types (ShapedArray(float64[340,13]), ShapedArray(float64[], weak_type=True)). Argument mapping: (UnspecifiedValue, UnspecifiedValue).
WARNING  jax._src.dispatch:dispatch.py:204 Finished jaxpr to MLIR module conversion jit(less_equal) in 0.010169268 sec
WARNING  jax._src.dispatch:dispatch.py:204 Finished XLA compilation of jit(less_equal) in 0.042436361 sec
WARNING  jax._src.dispatch:dispatch.py:204 Finished tracing not_equal for jit in 0.000015974 sec
WARNING  jax._src.interpreters.pxla:pxla.py:732 Compiling jit(not_equal) with global shapes and types (ShapedArray(bool[340,13]), ShapedArray(bool[340,13])). Argument mapping: (UnspecifiedValue, UnspecifiedValue).
WARNING  jax._src.dispatch:dispatch.py:204 Finished jaxpr to MLIR module conversion jit(not_equal) in 0.011647701 sec
WARNING  jax._src.dispatch:dispatch.py:204 Finished XLA compilation of jit(not_equal) in 0.050927877 sec
WARNING  jax._src.dispatch:dispatch.py:204 Finished tracing bitwise_and for jit in 0.000014305 sec
WARNING  jax._src.interpreters.pxla:pxla.py:732 Compiling jit(bitwise_and) with global shapes and types (ShapedArray(bool[340,13]), ShapedArray(bool[340,13])). Argument mapping: (UnspecifiedValue, UnspecifiedValue).
WARNING  jax._src.dispatch:dispatch.py:204 Finished jaxpr to MLIR module conversion jit(bitwise_and) in 0.009036541 sec
WARNING  jax._src.dispatch:dispatch.py:204 Finished XLA compilation of jit(bitwise_and) in 0.049383163 sec
WARNING  jax._src.dispatch:dispatch.py:204 Finished tracing bitwise_and for jit in 0.000414610 sec
WARNING  jax._src.interpreters.pxla:pxla.py:732 Compiling jit(bitwise_and) with global shapes and types (ShapedArray(bool[340,13]), ShapedArray(bool[340,1])). Argument mapping: (UnspecifiedValue, UnspecifiedValue).
WARNING  jax._src.dispatch:dispatch.py:204 Finished jaxpr to MLIR module conversion jit(bitwise_and) in 0.009680748 sec
WARNING  jax._src.dispatch:dispatch.py:204 Finished XLA compilation of jit(bitwise_and) in 0.044153690 sec
WARNING  jax._src.dispatch:dispatch.py:204 Finished tracing subtract for jit in 0.000014305 sec
WARNING  jax._src.interpreters.pxla:pxla.py:732 Compiling jit(subtract) with global shapes and types (ShapedArray(float64[340,13]), ShapedArray(float64[340,13])). Argument mapping: (UnspecifiedValue, UnspecifiedValue).
WARNING  jax._src.dispatch:dispatch.py:204 Finished jaxpr to MLIR module conversion jit(subtract) in 0.011142969 sec
WARNING  jax._src.dispatch:dispatch.py:204 Finished XLA compilation of jit(subtract) in 0.055733204 sec
WARNING  jax._src.dispatch:dispatch.py:204 Finished tracing true_divide for jit in 0.000015736 sec
WARNING  jax._src.interpreters.pxla:pxla.py:732 Compiling jit(true_divide) with global shapes and types (ShapedArray(float64[340,13]), ShapedArray(float64[340,13])). Argument mapping: (UnspecifiedValue, UnspecifiedValue).
WARNING  jax._src.dispatch:dispatch.py:204 Finished jaxpr to MLIR module conversion jit(true_divide) in 0.009468317 sec
WARNING  jax._src.dispatch:dispatch.py:204 Finished XLA compilation of jit(true_divide) in 0.057600260 sec
WARNING  jax._src.dispatch:dispatch.py:204 Finished tracing _where for jit in 0.000015497 sec
WARNING  jax._src.interpreters.pxla:pxla.py:732 Compiling jit(_where) with global shapes and types (ShapedArray(bool[340,13]), ShapedArray(float64[340,13]), ShapedArray(float64[], weak_type=True)). Argument mapping: (UnspecifiedValue, UnspecifiedValue, UnspecifiedValue).
WARNING  jax._src.dispatch:dispatch.py:204 Finished jaxpr to MLIR module conversion jit(_where) in 0.010145664 sec
WARNING  jax._src.dispatch:dispatch.py:204 Finished XLA compilation of jit(_where) in 0.058092594 sec
WARNING  jax._src.dispatch:dispatch.py:204 Finished tracing broadcast_in_dim for jit in 0.000370026 sec
WARNING  jax._src.interpreters.pxla:pxla.py:732 Compiling jit(broadcast_in_dim) with global shapes and types (ShapedArray(float64[340,13]),). Argument mapping: (UnspecifiedValue,).
WARNING  jax._src.dispatch:dispatch.py:204 Finished jaxpr to MLIR module conversion jit(broadcast_in_dim) in 0.009966850 sec
WARNING  jax._src.dispatch:dispatch.py:204 Finished XLA compilation of jit(broadcast_in_dim) in 0.052634716 sec
WARNING  jax._src.dispatch:dispatch.py:204 Finished tracing subtract for jit in 0.000016928 sec
WARNING  jax._src.interpreters.pxla:pxla.py:732 Compiling jit(subtract) with global shapes and types (ShapedArray(float64[340,13,2]), ShapedArray(float64[340,13,2])). Argument mapping: (UnspecifiedValue, UnspecifiedValue).
WARNING  jax._src.dispatch:dispatch.py:204 Finished jaxpr to MLIR module conversion jit(subtract) in 0.009158611 sec
WARNING  jax._src.dispatch:dispatch.py:204 Finished XLA compilation of jit(subtract) in 0.055351019 sec
WARNING  jax._src.dispatch:dispatch.py:204 Finished tracing multiply for jit in 0.000018835 sec
WARNING  jax._src.interpreters.pxla:pxla.py:732 Compiling jit(multiply) with global shapes and types (ShapedArray(float64[340,13,1]), ShapedArray(float64[340,13,2])). Argument mapping: (UnspecifiedValue, UnspecifiedValue).
WARNING  jax._src.dispatch:dispatch.py:204 Finished jaxpr to MLIR module conversion jit(multiply) in 0.010705471 sec
WARNING  jax._src.dispatch:dispatch.py:204 Finished XLA compilation of jit(multiply) in 0.043286562 sec
WARNING  jax._src.dispatch:dispatch.py:204 Finished tracing add for jit in 0.000016212 sec
WARNING  jax._src.interpreters.pxla:pxla.py:732 Compiling jit(add) with global shapes and types (ShapedArray(float64[340,13,2]), ShapedArray(float64[340,13,2])). Argument mapping: (UnspecifiedValue, UnspecifiedValue).
WARNING  jax._src.dispatch:dispatch.py:204 Finished jaxpr to MLIR module conversion jit(add) in 0.009364843 sec
WARNING  jax._src.dispatch:dispatch.py:204 Finished XLA compilation of jit(add) in 0.053560257 sec
WARNING  jax._src.dispatch:dispatch.py:204 Finished tracing reshape for jit in 0.000372171 sec
WARNING  jax._src.interpreters.pxla:pxla.py:732 Compiling jit(reshape) with global shapes and types (ShapedArray(float64[340,13,2]),). Argument mapping: (UnspecifiedValue,).
WARNING  jax._src.dispatch:dispatch.py:204 Finished jaxpr to MLIR module conversion jit(reshape) in 0.010078192 sec
WARNING  jax._src.dispatch:dispatch.py:204 Finished XLA compilation of jit(reshape) in 0.012497902 sec
WARNING  jax._src.dispatch:dispatch.py:204 Finished tracing reshape for jit in 0.000352621 sec
WARNING  jax._src.interpreters.pxla:pxla.py:732 Compiling jit(reshape) with global shapes and types (ShapedArray(bool[340,13]),). Argument mapping: (UnspecifiedValue,).
WARNING  jax._src.dispatch:dispatch.py:204 Finished jaxpr to MLIR module conversion jit(reshape) in 0.009664297 sec
WARNING  jax._src.dispatch:dispatch.py:204 Finished XLA compilation of jit(reshape) in 0.065094233 sec
WARNING  jax._src.dispatch:dispatch.py:204 Finished tracing cumsum for jit in 0.000585318 sec
WARNING  jax._src.interpreters.pxla:pxla.py:732 Compiling jit(cumsum) with global shapes and types (ShapedArray(bool[4420]),). Argument mapping: (UnspecifiedValue,).
WARNING  jax._src.dispatch:dispatch.py:204 Finished jaxpr to MLIR module conversion jit(cumsum) in 0.015522480 sec
WARNING  jax._src.dispatch:dispatch.py:204 Finished XLA compilation of jit(cumsum) in 0.126635551 sec
WARNING  jax._src.dispatch:dispatch.py:204 Finished tracing broadcast_in_dim for jit in 0.000498295 sec
WARNING  jax._src.interpreters.pxla:pxla.py:732 Compiling jit(broadcast_in_dim) with global shapes and types (ShapedArray(int64[]),). Argument mapping: (UnspecifiedValue,).
WARNING  jax._src.dispatch:dispatch.py:204 Finished jaxpr to MLIR module conversion jit(broadcast_in_dim) in 0.010250568 sec
WARNING  jax._src.dispatch:dispatch.py:204 Finished XLA compilation of jit(broadcast_in_dim) in 0.039903641 sec
WARNING  jax._src.dispatch:dispatch.py:204 Finished tracing clip for jit in 0.001095533 sec
WARNING  jax._src.interpreters.pxla:pxla.py:732 Compiling jit(clip) with global shapes and types (ShapedArray(int64[4420]), ShapedArray(int64[], weak_type=True)). Argument mapping: (UnspecifiedValue, UnspecifiedValue).
WARNING  jax._src.dispatch:dispatch.py:204 Finished jaxpr to MLIR module conversion jit(clip) in 0.010413885 sec
WARNING  jax._src.dispatch:dispatch.py:204 Finished XLA compilation of jit(clip) in 0.039499044 sec
WARNING  jax._src.dispatch:dispatch.py:204 Finished tracing less for jit in 0.000542879 sec
WARNING  jax._src.interpreters.pxla:pxla.py:732 Compiling jit(less) with global shapes and types (ShapedArray(int64[4420]), ShapedArray(int64[], weak_type=True)). Argument mapping: (UnspecifiedValue, UnspecifiedValue).
WARNING  jax._src.dispatch:dispatch.py:204 Finished jaxpr to MLIR module conversion jit(less) in 0.011941195 sec
WARNING  jax._src.dispatch:dispatch.py:204 Finished XLA compilation of jit(less) in 0.041493416 sec
WARNING  jax._src.dispatch:dispatch.py:204 Finished tracing add for jit in 0.000449896 sec
WARNING  jax._src.interpreters.pxla:pxla.py:732 Compiling jit(add) with global shapes and types (ShapedArray(int64[4420]), ShapedArray(int64[])). Argument mapping: (UnspecifiedValue, UnspecifiedValue).
WARNING  jax._src.dispatch:dispatch.py:204 Finished jaxpr to MLIR module conversion jit(add) in 0.009307146 sec
WARNING  jax._src.dispatch:dispatch.py:204 Finished XLA compilation of jit(add) in 0.041522503 sec
WARNING  jax._src.dispatch:dispatch.py:204 Finished tracing select_n for jit in 0.000418901 sec
WARNING  jax._src.interpreters.pxla:pxla.py:732 Compiling jit(select_n) with global shapes and types (ShapedArray(bool[4420]), ShapedArray(int64[4420]), ShapedArray(int64[4420])). Argument mapping: (UnspecifiedValue, UnspecifiedValue, UnspecifiedValue).
WARNING  jax._src.dispatch:dispatch.py:204 Finished jaxpr to MLIR module conversion jit(select_n) in 0.009416580 sec
WARNING  jax._src.dispatch:dispatch.py:204 Finished XLA compilation of jit(select_n) in 0.061331034 sec
WARNING  jax._src.dispatch:dispatch.py:204 Finished tracing _broadcast_arrays for jit in 0.000150442 sec
WARNING  jax._src.interpreters.pxla:pxla.py:732 Compiling jit(_broadcast_arrays) with global shapes and types (ShapedArray(int64[4420]),). Argument mapping: (UnspecifiedValue,).
WARNING  jax._src.dispatch:dispatch.py:204 Finished jaxpr to MLIR module conversion jit(_broadcast_arrays) in 0.009768009 sec
WARNING  jax._src.dispatch:dispatch.py:204 Finished XLA compilation of jit(_broadcast_arrays) in 0.012176991 sec
WARNING  jax._src.dispatch:dispatch.py:204 Finished tracing convert_element_type for jit in 0.000396252 sec
WARNING  jax._src.interpreters.pxla:pxla.py:732 Compiling jit(convert_element_type) with global shapes and types (ShapedArray(int64[4420]),). Argument mapping: (UnspecifiedValue,).
WARNING  jax._src.dispatch:dispatch.py:204 Finished jaxpr to MLIR module conversion jit(convert_element_type) in 0.009236813 sec
WARNING  jax._src.dispatch:dispatch.py:204 Finished XLA compilation of jit(convert_element_type) in 0.052711964 sec
WARNING  jax._src.dispatch:dispatch.py:204 Finished tracing broadcast_in_dim for jit in 0.000499010 sec
WARNING  jax._src.interpreters.pxla:pxla.py:732 Compiling jit(broadcast_in_dim) with global shapes and types (ShapedArray(int32[4420]),). Argument mapping: (UnspecifiedValue,).
WARNING  jax._src.dispatch:dispatch.py:204 Finished jaxpr to MLIR module conversion jit(broadcast_in_dim) in 0.009543180 sec
WARNING  jax._src.dispatch:dispatch.py:204 Finished XLA compilation of jit(broadcast_in_dim) in 0.013420105 sec
WARNING  jax._src.dispatch:dispatch.py:204 Finished tracing broadcast_in_dim for jit in 0.000453711 sec
WARNING  jax._src.interpreters.pxla:pxla.py:732 Compiling jit(broadcast_in_dim) with global shapes and types (ShapedArray(int64[]),). Argument mapping: (UnspecifiedValue,).
WARNING  jax._src.dispatch:dispatch.py:204 Finished jaxpr to MLIR module conversion jit(broadcast_in_dim) in 0.010130405 sec
WARNING  jax._src.dispatch:dispatch.py:204 Finished XLA compilation of jit(broadcast_in_dim) in 0.042235613 sec
WARNING  jax._src.dispatch:dispatch.py:204 Finished tracing _squeeze for jit in 0.000161648 sec
WARNING  jax._src.interpreters.pxla:pxla.py:732 Compiling jit(_squeeze) with global shapes and types (ShapedArray(int64[4420]),). Argument mapping: (UnspecifiedValue,).
WARNING  jax._src.dispatch:dispatch.py:204 Finished jaxpr to MLIR module conversion jit(_squeeze) in 0.010460615 sec
WARNING  jax._src.dispatch:dispatch.py:204 Finished XLA compilation of jit(_squeeze) in 0.012734175 sec
WARNING  jax._src.dispatch:dispatch.py:204 Finished tracing scatter-add for jit in 0.000611544 sec
WARNING  jax._src.interpreters.pxla:pxla.py:732 Compiling jit(scatter-add) with global shapes and types (ShapedArray(int64[2255]), ShapedArray(int32[4420,1]), ShapedArray(int64[4420])). Argument mapping: (UnspecifiedValue, UnspecifiedValue, UnspecifiedValue).
WARNING  jax._src.dispatch:dispatch.py:204 Finished jaxpr to MLIR module conversion jit(scatter-add) in 0.010870457 sec
WARNING  jax._src.dispatch:dispatch.py:204 Finished XLA compilation of jit(scatter-add) in 0.040051460 sec
WARNING  jax._src.dispatch:dispatch.py:204 Finished tracing cumsum for jit in 0.000448227 sec
WARNING  jax._src.interpreters.pxla:pxla.py:732 Compiling jit(cumsum) with global shapes and types (ShapedArray(int64[2255]),). Argument mapping: (UnspecifiedValue,).
WARNING  jax._src.dispatch:dispatch.py:204 Finished jaxpr to MLIR module conversion jit(cumsum) in 0.011906385 sec
WARNING  jax._src.dispatch:dispatch.py:204 Finished XLA compilation of jit(cumsum) in 0.087953091 sec
WARNING  jax._src.dispatch:dispatch.py:204 Finished tracing floor_divide for jit in 0.005005360 sec
WARNING  jax._src.interpreters.pxla:pxla.py:732 Compiling jit(floor_divide) with global shapes and types (ShapedArray(int64[2255]), ShapedArray(int64[])). Argument mapping: (UnspecifiedValue, UnspecifiedValue).
WARNING  jax._src.dispatch:dispatch.py:204 Finished jaxpr to MLIR module conversion jit(floor_divide) in 0.013997555 sec
WARNING  jax._src.dispatch:dispatch.py:204 Finished XLA compilation of jit(floor_divide) in 0.067714691 sec
WARNING  jax._src.dispatch:dispatch.py:204 Finished tracing remainder for jit in 0.001499653 sec
WARNING  jax._src.interpreters.pxla:pxla.py:732 Compiling jit(remainder) with global shapes and types (ShapedArray(int64[2255]), ShapedArray(int64[], weak_type=True)). Argument mapping: (UnspecifiedValue, UnspecifiedValue).
WARNING  jax._src.dispatch:dispatch.py:204 Finished jaxpr to MLIR module conversion jit(remainder) in 0.016241074 sec
WARNING  jax._src.dispatch:dispatch.py:204 Finished XLA compilation of jit(remainder) in 0.049127102 sec
WARNING  jax._src.dispatch:dispatch.py:204 Finished tracing iota for jit in 0.000299454 sec
WARNING  jax._src.interpreters.pxla:pxla.py:732 Compiling jit(iota) with global shapes and types (). Argument mapping: ().
WARNING  jax._src.dispatch:dispatch.py:204 Finished jaxpr to MLIR module conversion jit(iota) in 0.009034395 sec
WARNING  jax._src.dispatch:dispatch.py:204 Finished XLA compilation of jit(iota) in 0.045682430 sec
WARNING  jax._src.dispatch:dispatch.py:204 Finished tracing _reduce_sum for jit in 0.000942469 sec
WARNING  jax._src.interpreters.pxla:pxla.py:732 Compiling jit(_reduce_sum) with global shapes and types (ShapedArray(bool[4420]),). Argument mapping: (UnspecifiedValue,).
WARNING  jax._src.dispatch:dispatch.py:204 Finished jaxpr to MLIR module conversion jit(_reduce_sum) in 0.010202169 sec
WARNING  jax._src.dispatch:dispatch.py:204 Finished XLA compilation of jit(_reduce_sum) in 0.094518423 sec
WARNING  jax._src.dispatch:dispatch.py:204 Finished tracing greater_equal for jit in 0.000500917 sec
WARNING  jax._src.interpreters.pxla:pxla.py:732 Compiling jit(greater_equal) with global shapes and types (ShapedArray(int64[2255]), ShapedArray(int64[])). Argument mapping: (UnspecifiedValue, UnspecifiedValue).
WARNING  jax._src.dispatch:dispatch.py:204 Finished jaxpr to MLIR module conversion jit(greater_equal) in 0.010060310 sec
WARNING  jax._src.dispatch:dispatch.py:204 Finished XLA compilation of jit(greater_equal) in 0.040433645 sec
WARNING  jax._src.dispatch:dispatch.py:204 Finished tracing _where for jit in 0.001100063 sec
WARNING  jax._src.interpreters.pxla:pxla.py:732 Compiling jit(_where) with global shapes and types (ShapedArray(bool[2255]), ShapedArray(int64[], weak_type=True), ShapedArray(int64[2255])). Argument mapping: (UnspecifiedValue, UnspecifiedValue, UnspecifiedValue).
WARNING  jax._src.dispatch:dispatch.py:204 Finished jaxpr to MLIR module conversion jit(_where) in 0.010113001 sec
WARNING  jax._src.dispatch:dispatch.py:204 Finished XLA compilation of jit(_where) in 0.037416458 sec
WARNING  jax._src.dispatch:dispatch.py:204 Finished tracing less for jit in 0.000311136 sec
WARNING  jax._src.interpreters.pxla:pxla.py:732 Compiling jit(less) with global shapes and types (ShapedArray(int64[2255]), ShapedArray(int64[], weak_type=True)). Argument mapping: (UnspecifiedValue, UnspecifiedValue).
WARNING  jax._src.dispatch:dispatch.py:204 Finished jaxpr to MLIR module conversion jit(less) in 0.007770777 sec
WARNING  jax._src.dispatch:dispatch.py:204 Finished XLA compilation of jit(less) in 0.031651020 sec
WARNING  jax._src.dispatch:dispatch.py:204 Finished tracing add for jit in 0.000167370 sec
WARNING  jax._src.interpreters.pxla:pxla.py:732 Compiling jit(add) with global shapes and types (ShapedArray(int64[2255]), ShapedArray(int64[])). Argument mapping: (UnspecifiedValue, UnspecifiedValue).
WARNING  jax._src.dispatch:dispatch.py:204 Finished jaxpr to MLIR module conversion jit(add) in 0.007001638 sec
WARNING  jax._src.dispatch:dispatch.py:204 Finished XLA compilation of jit(add) in 0.029368401 sec
WARNING  jax._src.dispatch:dispatch.py:204 Finished tracing select_n for jit in 0.000166655 sec
WARNING  jax._src.interpreters.pxla:pxla.py:732 Compiling jit(select_n) with global shapes and types (ShapedArray(bool[2255]), ShapedArray(int64[2255]), ShapedArray(int64[2255])). Argument mapping: (UnspecifiedValue, UnspecifiedValue, UnspecifiedValue).
WARNING  jax._src.dispatch:dispatch.py:204 Finished jaxpr to MLIR module conversion jit(select_n) in 0.008123398 sec
WARNING  jax._src.dispatch:dispatch.py:204 Finished XLA compilation of jit(select_n) in 0.043681145 sec
WARNING  jax._src.dispatch:dispatch.py:204 Finished tracing _broadcast_arrays for jit in 0.000124931 sec
WARNING  jax._src.interpreters.pxla:pxla.py:732 Compiling jit(_broadcast_arrays) with global shapes and types (ShapedArray(int64[2255]),). Argument mapping: (UnspecifiedValue,).
WARNING  jax._src.dispatch:dispatch.py:204 Finished jaxpr to MLIR module conversion jit(_broadcast_arrays) in 0.006441832 sec
WARNING  jax._src.dispatch:dispatch.py:204 Finished XLA compilation of jit(_broadcast_arrays) in 0.008122921 sec
WARNING  jax._src.dispatch:dispatch.py:204 Finished tracing convert_element_type for jit in 0.000301361 sec
WARNING  jax._src.interpreters.pxla:pxla.py:732 Compiling jit(convert_element_type) with global shapes and types (ShapedArray(int64[2255]),). Argument mapping: (UnspecifiedValue,).
WARNING  jax._src.dispatch:dispatch.py:204 Finished jaxpr to MLIR module conversion jit(convert_element_type) in 0.005812883 sec
WARNING  jax._src.dispatch:dispatch.py:204 Finished XLA compilation of jit(convert_element_type) in 0.037617683 sec
WARNING  jax._src.dispatch:dispatch.py:204 Finished tracing broadcast_in_dim for jit in 0.000410795 sec
WARNING  jax._src.interpreters.pxla:pxla.py:732 Compiling jit(broadcast_in_dim) with global shapes and types (ShapedArray(int32[2255]),). Argument mapping: (UnspecifiedValue,).
WARNING  jax._src.dispatch:dispatch.py:204 Finished jaxpr to MLIR module conversion jit(broadcast_in_dim) in 0.006942272 sec
WARNING  jax._src.dispatch:dispatch.py:204 Finished XLA compilation of jit(broadcast_in_dim) in 0.008438826 sec
WARNING  jax._src.dispatch:dispatch.py:204 Finished tracing gather for jit in 0.000320673 sec
WARNING  jax._src.interpreters.pxla:pxla.py:732 Compiling jit(gather) with global shapes and types (ShapedArray(float64[4420,2]), ShapedArray(int32[2255,1])). Argument mapping: (UnspecifiedValue, UnspecifiedValue).
WARNING  jax._src.dispatch:dispatch.py:204 Finished jaxpr to MLIR module conversion jit(gather) in 0.006503820 sec
WARNING  jax._src.dispatch:dispatch.py:204 Finished XLA compilation of jit(gather) in 0.033028603 sec
WARNING  jax._src.dispatch:dispatch.py:204 Finished tracing broadcast_in_dim for jit in 0.000304699 sec
WARNING  jax._src.interpreters.pxla:pxla.py:732 Compiling jit(broadcast_in_dim) with global shapes and types (ShapedArray(float64[2255,2]),). Argument mapping: (UnspecifiedValue,).
WARNING  jax._src.dispatch:dispatch.py:204 Finished jaxpr to MLIR module conversion jit(broadcast_in_dim) in 0.006504059 sec
WARNING  jax._src.dispatch:dispatch.py:204 Finished XLA compilation of jit(broadcast_in_dim) in 0.008340120 sec
WARNING  jax._src.dispatch:dispatch.py:204 Finished tracing minimum for jit in 0.000340462 sec
WARNING  jax._src.interpreters.pxla:pxla.py:732 Compiling jit(minimum) with global shapes and types (ShapedArray(int64[]), ShapedArray(int64[], weak_type=True)). Argument mapping: (UnspecifiedValue, UnspecifiedValue).
WARNING  jax._src.dispatch:dispatch.py:204 Finished jaxpr to MLIR module conversion jit(minimum) in 0.006254435 sec
WARNING  jax._src.dispatch:dispatch.py:204 Finished XLA compilation of jit(minimum) in 0.029103041 sec
WARNING  jax._src.dispatch:dispatch.py:204 Finished tracing less for jit in 0.000284433 sec
WARNING  jax._src.interpreters.pxla:pxla.py:732 Compiling jit(less) with global shapes and types (ShapedArray(int64[2255]), ShapedArray(int32[])). Argument mapping: (UnspecifiedValue, UnspecifiedValue).
WARNING  jax._src.dispatch:dispatch.py:204 Finished jaxpr to MLIR module conversion jit(less) in 0.008245230 sec
WARNING  jax._src.dispatch:dispatch.py:204 Finished XLA compilation of jit(less) in 0.034910679 sec
WARNING  jax._src.dispatch:dispatch.py:204 Finished tracing dynamic_slice for jit in 0.000283480 sec
WARNING  jax._src.interpreters.pxla:pxla.py:732 Compiling jit(dynamic_slice) with global shapes and types (ShapedArray(float64[2255,2]), ShapedArray(int64[], weak_type=True), ShapedArray(int64[], weak_type=True)). Argument mapping: (UnspecifiedValue, UnspecifiedValue, UnspecifiedValue).
WARNING  jax._src.dispatch:dispatch.py:204 Finished jaxpr to MLIR module conversion jit(dynamic_slice) in 0.008005381 sec
WARNING  jax._src.dispatch:dispatch.py:204 Finished XLA compilation of jit(dynamic_slice) in 0.035444260 sec
WARNING  jax._src.dispatch:dispatch.py:204 Finished tracing squeeze for jit in 0.000460148 sec
WARNING  jax._src.interpreters.pxla:pxla.py:732 Compiling jit(squeeze) with global shapes and types (ShapedArray(float64[2255,1]),). Argument mapping: (UnspecifiedValue,).
WARNING  jax._src.dispatch:dispatch.py:204 Finished jaxpr to MLIR module conversion jit(squeeze) in 0.008746386 sec
WARNING  jax._src.dispatch:dispatch.py:204 Finished XLA compilation of jit(squeeze) in 0.010780334 sec
WARNING  jax._src.dispatch:dispatch.py:204 Finished tracing subtract for jit in 0.000381947 sec
WARNING  jax._src.interpreters.pxla:pxla.py:732 Compiling jit(subtract) with global shapes and types (ShapedArray(float64[2255]), ShapedArray(float64[])). Argument mapping: (UnspecifiedValue, UnspecifiedValue).
WARNING  jax._src.dispatch:dispatch.py:204 Finished jaxpr to MLIR module conversion jit(subtract) in 0.006503820 sec
WARNING  jax._src.dispatch:dispatch.py:204 Finished XLA compilation of jit(subtract) in 0.031061649 sec
WARNING  jax._src.dispatch:dispatch.py:204 Finished tracing arctan2 for jit in 0.000349522 sec
WARNING  jax._src.interpreters.pxla:pxla.py:732 Compiling jit(arctan2) with global shapes and types (ShapedArray(float64[2255]), ShapedArray(float64[2255])). Argument mapping: (UnspecifiedValue, UnspecifiedValue).
WARNING  jax._src.dispatch:dispatch.py:204 Finished jaxpr to MLIR module conversion jit(arctan2) in 0.006671667 sec
WARNING  jax._src.dispatch:dispatch.py:204 Finished XLA compilation of jit(arctan2) in 0.039607286 sec
WARNING  jax._src.dispatch:dispatch.py:204 Finished tracing _where for jit in 0.001117706 sec
WARNING  jax._src.interpreters.pxla:pxla.py:732 Compiling jit(_where) with global shapes and types (ShapedArray(bool[2255]), ShapedArray(float64[2255]), ShapedArray(float64[], weak_type=True)). Argument mapping: (UnspecifiedValue, UnspecifiedValue, UnspecifiedValue).
WARNING  jax._src.dispatch:dispatch.py:204 Finished jaxpr to MLIR module conversion jit(_where) in 0.007422924 sec
WARNING  jax._src.dispatch:dispatch.py:204 Finished XLA compilation of jit(_where) in 0.033455849 sec
WARNING  jax._src.dispatch:dispatch.py:204 Finished tracing argsort for jit in 0.000316858 sec
WARNING  jax._src.interpreters.pxla:pxla.py:732 Compiling jit(argsort) with global shapes and types (ShapedArray(float64[2255]),). Argument mapping: (UnspecifiedValue,).
WARNING  jax._src.dispatch:dispatch.py:204 Finished jaxpr to MLIR module conversion jit(argsort) in 0.010165453 sec
WARNING  jax._src.dispatch:dispatch.py:204 Finished XLA compilation of jit(argsort) in 0.044485569 sec
WARNING  jax._src.dispatch:dispatch.py:204 Finished tracing gather for jit in 0.000308990 sec
WARNING  jax._src.interpreters.pxla:pxla.py:732 Compiling jit(gather) with global shapes and types (ShapedArray(float64[2255,2]), ShapedArray(int32[2255,1])). Argument mapping: (UnspecifiedValue, UnspecifiedValue).
WARNING  jax._src.dispatch:dispatch.py:204 Finished jaxpr to MLIR module conversion jit(gather) in 0.008749247 sec
WARNING  jax._src.dispatch:dispatch.py:204 Finished XLA compilation of jit(gather) in 0.036600828 sec
WARNING  jax._src.dispatch:dispatch.py:204 Finished tracing broadcast_in_dim for jit in 0.000398874 sec
WARNING  jax._src.interpreters.pxla:pxla.py:732 Compiling jit(broadcast_in_dim) with global shapes and types (ShapedArray(bool[2255]),). Argument mapping: (UnspecifiedValue,).
WARNING  jax._src.dispatch:dispatch.py:204 Finished jaxpr to MLIR module conversion jit(broadcast_in_dim) in 0.008647919 sec
WARNING  jax._src.dispatch:dispatch.py:204 Finished XLA compilation of jit(broadcast_in_dim) in 0.011409044 sec
WARNING  jax._src.dispatch:dispatch.py:204 Finished tracing _where for jit in 0.001502752 sec
WARNING  jax._src.interpreters.pxla:pxla.py:732 Compiling jit(_where) with global shapes and types (ShapedArray(bool[2255,1]), ShapedArray(float64[2255,2]), ShapedArray(float64[], weak_type=True)). Argument mapping: (UnspecifiedValue, UnspecifiedValue, UnspecifiedValue).
WARNING  jax._src.dispatch:dispatch.py:204 Finished jaxpr to MLIR module conversion jit(_where) in 0.010057926 sec
WARNING  jax._src.dispatch:dispatch.py:204 Finished XLA compilation of jit(_where) in 0.031050444 sec
WARNING  jax._src.dispatch:dispatch.py:204 Finished tracing subtract for jit in 0.000301838 sec
WARNING  jax._src.interpreters.pxla:pxla.py:732 Compiling jit(subtract) with global shapes and types (ShapedArray(float64[121]), ShapedArray(float64[])). Argument mapping: (UnspecifiedValue, UnspecifiedValue).
WARNING  jax._src.dispatch:dispatch.py:204 Finished jaxpr to MLIR module conversion jit(subtract) in 0.006840944 sec
WARNING  jax._src.dispatch:dispatch.py:204 Finished XLA compilation of jit(subtract) in 0.028579473 sec
WARNING  jax._src.dispatch:dispatch.py:204 Finished tracing true_divide for jit in 0.000345469 sec
WARNING  jax._src.interpreters.pxla:pxla.py:732 Compiling jit(true_divide) with global shapes and types (ShapedArray(float64[121]), ShapedArray(float64[])). Argument mapping: (UnspecifiedValue, UnspecifiedValue).
WARNING  jax._src.dispatch:dispatch.py:204 Finished jaxpr to MLIR module conversion jit(true_divide) in 0.006836891 sec
WARNING  jax._src.dispatch:dispatch.py:204 Finished XLA compilation of jit(true_divide) in 0.035414457 sec
WARNING  jax._src.dispatch:dispatch.py:204 Finished tracing subtract for jit in 0.000274181 sec
WARNING  jax._src.interpreters.pxla:pxla.py:732 Compiling jit(subtract) with global shapes and types (ShapedArray(float64[121]), ShapedArray(float64[], weak_type=True)). Argument mapping: (UnspecifiedValue, UnspecifiedValue).
WARNING  jax._src.dispatch:dispatch.py:204 Finished jaxpr to MLIR module conversion jit(subtract) in 0.007800341 sec
WARNING  jax._src.dispatch:dispatch.py:204 Finished XLA compilation of jit(subtract) in 0.031028509 sec
WARNING  jax._src.dispatch:dispatch.py:204 Finished tracing ravel for jit in 0.000012875 sec
WARNING  jax._src.interpreters.pxla:pxla.py:732 Compiling jit(ravel) with global shapes and types (ShapedArray(float64[121]),). Argument mapping: (UnspecifiedValue,).
WARNING  jax._src.dispatch:dispatch.py:204 Finished jaxpr to MLIR module conversion jit(ravel) in 0.006179571 sec
WARNING  jax._src.dispatch:dispatch.py:204 Finished XLA compilation of jit(ravel) in 0.007828236 sec
WARNING  jax._src.dispatch:dispatch.py:204 Finished tracing _roll_static for jit in 0.000498772 sec
WARNING  jax._src.interpreters.pxla:pxla.py:732 Compiling jit(_roll_static) with global shapes and types (ShapedArray(float64[121]),). Argument mapping: (UnspecifiedValue,).
WARNING  jax._src.dispatch:dispatch.py:204 Finished jaxpr to MLIR module conversion jit(_roll_static) in 0.006274939 sec
WARNING  jax._src.dispatch:dispatch.py:204 Finished XLA compilation of jit(_roll_static) in 0.029390812 sec
WARNING  jax._src.dispatch:dispatch.py:204 Finished tracing less for jit in 0.000395536 sec
WARNING  jax._src.interpreters.pxla:pxla.py:732 Compiling jit(less) with global shapes and types (ShapedArray(float64[121]), ShapedArray(float64[], weak_type=True)). Argument mapping: (UnspecifiedValue, UnspecifiedValue).
WARNING  jax._src.dispatch:dispatch.py:204 Finished jaxpr to MLIR module conversion jit(less) in 0.007414341 sec
WARNING  jax._src.dispatch:dispatch.py:204 Finished XLA compilation of jit(less) in 0.031236410 sec
WARNING  jax._src.dispatch:dispatch.py:204 Finished tracing not_equal for jit in 0.000423193 sec
WARNING  jax._src.interpreters.pxla:pxla.py:732 Compiling jit(not_equal) with global shapes and types (ShapedArray(bool[121]), ShapedArray(bool[121])). Argument mapping: (UnspecifiedValue, UnspecifiedValue).
WARNING  jax._src.dispatch:dispatch.py:204 Finished jaxpr to MLIR module conversion jit(not_equal) in 0.006834745 sec
WARNING  jax._src.dispatch:dispatch.py:204 Finished XLA compilation of jit(not_equal) in 0.040104866 sec
WARNING  jax._src.dispatch:dispatch.py:204 Finished tracing equal for jit in 0.000012636 sec
WARNING  jax._src.interpreters.pxla:pxla.py:732 Compiling jit(equal) with global shapes and types (ShapedArray(float64[121]), ShapedArray(float64[], weak_type=True)). Argument mapping: (UnspecifiedValue, UnspecifiedValue).
WARNING  jax._src.dispatch:dispatch.py:204 Finished jaxpr to MLIR module conversion jit(equal) in 0.008271456 sec
WARNING  jax._src.dispatch:dispatch.py:204 Finished XLA compilation of jit(equal) in 0.039182425 sec
WARNING  jax._src.interpreters.pxla:pxla.py:732 Compiling jit(bitwise_or) with global shapes and types (ShapedArray(bool[121]), ShapedArray(bool[121])). Argument mapping: (UnspecifiedValue, UnspecifiedValue).
WARNING  jax._src.dispatch:dispatch.py:204 Finished jaxpr to MLIR module conversion jit(bitwise_or) in 0.008388758 sec
WARNING  jax._src.dispatch:dispatch.py:204 Finished XLA compilation of jit(bitwise_or) in 0.041448593 sec
WARNING  jax._src.interpreters.pxla:pxla.py:732 Compiling jit(isfinite) with global shapes and types (ShapedArray(float64[121]),). Argument mapping: (UnspecifiedValue,).
WARNING  jax._src.dispatch:dispatch.py:204 Finished jaxpr to MLIR module conversion jit(isfinite) in 0.006738186 sec
WARNING  jax._src.dispatch:dispatch.py:204 Finished XLA compilation of jit(isfinite) in 0.040274620 sec
WARNING  jax._src.dispatch:dispatch.py:204 Finished tracing isfinite for jit in 0.000279188 sec
WARNING  jax._src.interpreters.pxla:pxla.py:732 Compiling jit(isfinite) with global shapes and types (ShapedArray(float64[121,2]),). Argument mapping: (UnspecifiedValue,).
WARNING  jax._src.dispatch:dispatch.py:204 Finished jaxpr to MLIR module conversion jit(isfinite) in 0.006716728 sec
WARNING  jax._src.dispatch:dispatch.py:204 Finished XLA compilation of jit(isfinite) in 0.033721447 sec
WARNING  jax._src.dispatch:dispatch.py:204 Finished tracing _reduce_all for jit in 0.000563383 sec
WARNING  jax._src.interpreters.pxla:pxla.py:732 Compiling jit(_reduce_all) with global shapes and types (ShapedArray(bool[121,2]),). Argument mapping: (UnspecifiedValue,).
WARNING  jax._src.dispatch:dispatch.py:204 Finished jaxpr to MLIR module conversion jit(_reduce_all) in 0.007359982 sec
WARNING  jax._src.dispatch:dispatch.py:204 Finished XLA compilation of jit(_reduce_all) in 0.030043602 sec
WARNING  jax._src.interpreters.pxla:pxla.py:732 Compiling jit(bitwise_and) with global shapes and types (ShapedArray(bool[121]), ShapedArray(bool[121])). Argument mapping: (UnspecifiedValue, UnspecifiedValue).
WARNING  jax._src.dispatch:dispatch.py:204 Finished jaxpr to MLIR module conversion jit(bitwise_and) in 0.006792307 sec
WARNING  jax._src.dispatch:dispatch.py:204 Finished XLA compilation of jit(bitwise_and) in 0.042377949 sec
WARNING  jax._src.dispatch:dispatch.py:204 Finished tracing subtract for jit in 0.000012398 sec
WARNING  jax._src.interpreters.pxla:pxla.py:732 Compiling jit(subtract) with global shapes and types (ShapedArray(float64[121]), ShapedArray(float64[121])). Argument mapping: (UnspecifiedValue, UnspecifiedValue).
WARNING  jax._src.dispatch:dispatch.py:204 Finished jaxpr to MLIR module conversion jit(subtract) in 0.007545471 sec
WARNING  jax._src.dispatch:dispatch.py:204 Finished XLA compilation of jit(subtract) in 0.039703369 sec
WARNING  jax._src.dispatch:dispatch.py:204 Finished tracing _where for jit in 0.000016212 sec
WARNING  jax._src.interpreters.pxla:pxla.py:732 Compiling jit(_where) with global shapes and types (ShapedArray(bool[121]), ShapedArray(float64[], weak_type=True), ShapedArray(float64[121])). Argument mapping: (UnspecifiedValue, UnspecifiedValue, UnspecifiedValue).
WARNING  jax._src.dispatch:dispatch.py:204 Finished jaxpr to MLIR module conversion jit(_where) in 0.010496616 sec
WARNING  jax._src.dispatch:dispatch.py:204 Finished XLA compilation of jit(_where) in 0.041777372 sec
WARNING  jax._src.dispatch:dispatch.py:204 Finished tracing true_divide for jit in 0.000361204 sec
WARNING  jax._src.interpreters.pxla:pxla.py:732 Compiling jit(true_divide) with global shapes and types (ShapedArray(float64[121]), ShapedArray(float64[121])). Argument mapping: (UnspecifiedValue, UnspecifiedValue).
WARNING  jax._src.dispatch:dispatch.py:204 Finished jaxpr to MLIR module conversion jit(true_divide) in 0.007232666 sec
WARNING  jax._src.dispatch:dispatch.py:204 Finished XLA compilation of jit(true_divide) in 0.041522980 sec
WARNING  jax._src.interpreters.pxla:pxla.py:732 Compiling jit(_where) with global shapes and types (ShapedArray(bool[121]), ShapedArray(float64[121]), ShapedArray(float64[], weak_type=True)). Argument mapping: (UnspecifiedValue, UnspecifiedValue, UnspecifiedValue).
WARNING  jax._src.dispatch:dispatch.py:204 Finished jaxpr to MLIR module conversion jit(_where) in 0.007706881 sec
WARNING  jax._src.dispatch:dispatch.py:204 Finished XLA compilation of jit(_where) in 0.032197237 sec
WARNING  jax._src.dispatch:dispatch.py:204 Finished tracing _roll_static for jit in 0.000549793 sec
WARNING  jax._src.interpreters.pxla:pxla.py:732 Compiling jit(_roll_static) with global shapes and types (ShapedArray(float64[121,2]),). Argument mapping: (UnspecifiedValue,).
WARNING  jax._src.dispatch:dispatch.py:204 Finished jaxpr to MLIR module conversion jit(_roll_static) in 0.007414579 sec
WARNING  jax._src.dispatch:dispatch.py:204 Finished XLA compilation of jit(_roll_static) in 0.029640436 sec
WARNING  jax._src.dispatch:dispatch.py:204 Finished tracing broadcast_in_dim for jit in 0.000301361 sec
WARNING  jax._src.interpreters.pxla:pxla.py:732 Compiling jit(broadcast_in_dim) with global shapes and types (ShapedArray(float64[121]),). Argument mapping: (UnspecifiedValue,).
WARNING  jax._src.dispatch:dispatch.py:204 Finished jaxpr to MLIR module conversion jit(broadcast_in_dim) in 0.008655071 sec
WARNING  jax._src.dispatch:dispatch.py:204 Finished XLA compilation of jit(broadcast_in_dim) in 0.008986712 sec
WARNING  jax._src.dispatch:dispatch.py:204 Finished tracing subtract for jit in 0.000010729 sec
WARNING  jax._src.interpreters.pxla:pxla.py:732 Compiling jit(subtract) with global shapes and types (ShapedArray(float64[121,2]), ShapedArray(float64[121,2])). Argument mapping: (UnspecifiedValue, UnspecifiedValue).
WARNING  jax._src.dispatch:dispatch.py:204 Finished jaxpr to MLIR module conversion jit(subtract) in 0.006093740 sec
WARNING  jax._src.dispatch:dispatch.py:204 Finished XLA compilation of jit(subtract) in 0.039769888 sec
WARNING  jax._src.dispatch:dispatch.py:204 Finished tracing multiply for jit in 0.000350237 sec
WARNING  jax._src.interpreters.pxla:pxla.py:732 Compiling jit(multiply) with global shapes and types (ShapedArray(float64[121,1]), ShapedArray(float64[121,2])). Argument mapping: (UnspecifiedValue, UnspecifiedValue).
WARNING  jax._src.dispatch:dispatch.py:204 Finished jaxpr to MLIR module conversion jit(multiply) in 0.007808924 sec
WARNING  jax._src.dispatch:dispatch.py:204 Finished XLA compilation of jit(multiply) in 0.034887314 sec
WARNING  jax._src.dispatch:dispatch.py:204 Finished tracing add for jit in 0.000346899 sec
WARNING  jax._src.interpreters.pxla:pxla.py:732 Compiling jit(add) with global shapes and types (ShapedArray(float64[121,2]), ShapedArray(float64[121,2])). Argument mapping: (UnspecifiedValue, UnspecifiedValue).
WARNING  jax._src.dispatch:dispatch.py:204 Finished jaxpr to MLIR module conversion jit(add) in 0.007187366 sec
WARNING  jax._src.dispatch:dispatch.py:204 Finished XLA compilation of jit(add) in 0.046263695 sec
WARNING  jax._src.dispatch:dispatch.py:204 Finished tracing dynamic_slice for jit in 0.000274420 sec
WARNING  jax._src.interpreters.pxla:pxla.py:732 Compiling jit(dynamic_slice) with global shapes and types (ShapedArray(float64[121,2]), ShapedArray(int64[], weak_type=True), ShapedArray(int64[], weak_type=True)). Argument mapping: (UnspecifiedValue, UnspecifiedValue, UnspecifiedValue).
WARNING  jax._src.dispatch:dispatch.py:204 Finished jaxpr to MLIR module conversion jit(dynamic_slice) in 0.008107424 sec
WARNING  jax._src.dispatch:dispatch.py:204 Finished XLA compilation of jit(dynamic_slice) in 0.035547256 sec
WARNING  jax._src.dispatch:dispatch.py:204 Finished tracing squeeze for jit in 0.000174284 sec
WARNING  jax._src.interpreters.pxla:pxla.py:732 Compiling jit(squeeze) with global shapes and types (ShapedArray(float64[121,1]),). Argument mapping: (UnspecifiedValue,).
WARNING  jax._src.dispatch:dispatch.py:204 Finished jaxpr to MLIR module conversion jit(squeeze) in 0.007103205 sec
WARNING  jax._src.dispatch:dispatch.py:204 Finished XLA compilation of jit(squeeze) in 0.008602142 sec
WARNING  jax._src.dispatch:dispatch.py:204 Finished tracing multiply for jit in 0.000330448 sec
WARNING  jax._src.interpreters.pxla:pxla.py:732 Compiling jit(multiply) with global shapes and types (ShapedArray(float64[121]), ShapedArray(float64[])). Argument mapping: (UnspecifiedValue, UnspecifiedValue).
WARNING  jax._src.dispatch:dispatch.py:204 Finished jaxpr to MLIR module conversion jit(multiply) in 0.006095171 sec
WARNING  jax._src.dispatch:dispatch.py:204 Finished XLA compilation of jit(multiply) in 0.033129454 sec
WARNING  jax._src.dispatch:dispatch.py:204 Finished tracing greater_equal for jit in 0.000386477 sec
WARNING  jax._src.interpreters.pxla:pxla.py:732 Compiling jit(greater_equal) with global shapes and types (ShapedArray(float64[121]), ShapedArray(float64[], weak_type=True)). Argument mapping: (UnspecifiedValue, UnspecifiedValue).
WARNING  jax._src.dispatch:dispatch.py:204 Finished jaxpr to MLIR module conversion jit(greater_equal) in 0.007964134 sec
WARNING  jax._src.dispatch:dispatch.py:204 Finished XLA compilation of jit(greater_equal) in 0.032870770 sec
WARNING  jax._src.interpreters.pxla:pxla.py:732 Compiling jit(less) with global shapes and types (ShapedArray(float64[121]), ShapedArray(float64[])). Argument mapping: (UnspecifiedValue, UnspecifiedValue).
WARNING  jax._src.dispatch:dispatch.py:204 Finished jaxpr to MLIR module conversion jit(less) in 0.007709742 sec
WARNING  jax._src.dispatch:dispatch.py:204 Finished XLA compilation of jit(less) in 0.032397747 sec
WARNING  jax._src.interpreters.pxla:pxla.py:732 Compiling jit(subtract) with global shapes and types (ShapedArray(float64[121,2]), ShapedArray(float64[2])). Argument mapping: (UnspecifiedValue, UnspecifiedValue).
WARNING  jax._src.dispatch:dispatch.py:204 Finished jaxpr to MLIR module conversion jit(subtract) in 0.007351637 sec
WARNING  jax._src.dispatch:dispatch.py:204 Finished XLA compilation of jit(subtract) in 0.030456305 sec
WARNING  jax._src.dispatch:dispatch.py:204 Finished tracing norm for jit in 0.002964258 sec
WARNING  jax._src.interpreters.pxla:pxla.py:732 Compiling jit(norm) with global shapes and types (ShapedArray(float64[121,2]),). Argument mapping: (UnspecifiedValue,).
WARNING  jax._src.dispatch:dispatch.py:204 Finished jaxpr to MLIR module conversion jit(norm) in 0.008299351 sec
WARNING  jax._src.dispatch:dispatch.py:204 Finished XLA compilation of jit(norm) in 0.032721519 sec
WARNING  jax._src.interpreters.pxla:pxla.py:732 Compiling jit(_argmin) with global shapes and types (ShapedArray(float64[121]),). Argument mapping: (UnspecifiedValue,).
WARNING  jax._src.dispatch:dispatch.py:204 Finished jaxpr to MLIR module conversion jit(_argmin) in 0.014446259 sec
WARNING  jax._src.dispatch:dispatch.py:204 Finished XLA compilation of jit(_argmin) in 0.035503626 sec
WARNING  jax._src.interpreters.pxla:pxla.py:732 Compiling jit(_reduce_any) with global shapes and types (ShapedArray(bool[121]),). Argument mapping: (UnspecifiedValue,).
WARNING  jax._src.dispatch:dispatch.py:204 Finished jaxpr to MLIR module conversion jit(_reduce_any) in 0.007372379 sec
WARNING  jax._src.dispatch:dispatch.py:204 Finished XLA compilation of jit(_reduce_any) in 0.044946671 sec
WARNING  jax._src.dispatch:dispatch.py:204 Finished tracing dynamic_slice for jit in 0.000278473 sec
WARNING  jax._src.interpreters.pxla:pxla.py:732 Compiling jit(dynamic_slice) with global shapes and types (ShapedArray(float64[121,2]), ShapedArray(int32[]), ShapedArray(int32[])). Argument mapping: (UnspecifiedValue, UnspecifiedValue, UnspecifiedValue).
WARNING  jax._src.dispatch:dispatch.py:204 Finished jaxpr to MLIR module conversion jit(dynamic_slice) in 0.007935047 sec
WARNING  jax._src.dispatch:dispatch.py:204 Finished XLA compilation of jit(dynamic_slice) in 0.026817799 sec
WARNING  jax._src.dispatch:dispatch.py:204 Finished tracing _where for jit in 0.000854254 sec
WARNING  jax._src.interpreters.pxla:pxla.py:732 Compiling jit(_where) with global shapes and types (ShapedArray(bool[]), ShapedArray(float64[2]), ShapedArray(float64[], weak_type=True)). Argument mapping: (UnspecifiedValue, UnspecifiedValue, UnspecifiedValue).
WARNING  jax._src.dispatch:dispatch.py:204 Finished jaxpr to MLIR module conversion jit(_where) in 0.008746147 sec
WARNING  jax._src.dispatch:dispatch.py:204 Finished XLA compilation of jit(_where) in 0.032573462 sec
WARNING  jax._src.dispatch:dispatch.py:204 Finished tracing _where for jit in 0.000015974 sec
WARNING  jax._src.interpreters.pxla:pxla.py:732 Compiling jit(_where) with global shapes and types (ShapedArray(bool[]), ShapedArray(int64[]), ShapedArray(int64[], weak_type=True)). Argument mapping: (UnspecifiedValue, UnspecifiedValue, UnspecifiedValue).
WARNING  jax._src.dispatch:dispatch.py:204 Finished jaxpr to MLIR module conversion jit(_where) in 0.006911755 sec
WARNING  jax._src.dispatch:dispatch.py:204 Finished XLA compilation of jit(_where) in 0.027370691 sec
WARNING  jax._src.interpreters.pxla:pxla.py:732 Compiling jit(less) with global shapes and types (ShapedArray(int64[]), ShapedArray(int64[], weak_type=True)). Argument mapping: (UnspecifiedValue, UnspecifiedValue).
WARNING  jax._src.dispatch:dispatch.py:204 Finished jaxpr to MLIR module conversion jit(less) in 0.008119822 sec
WARNING  jax._src.dispatch:dispatch.py:204 Finished XLA compilation of jit(less) in 0.027654171 sec
WARNING  jax._src.interpreters.pxla:pxla.py:732 Compiling jit(add) with global shapes and types (ShapedArray(int64[]), ShapedArray(int64[])). Argument mapping: (UnspecifiedValue, UnspecifiedValue).
WARNING  jax._src.dispatch:dispatch.py:204 Finished jaxpr to MLIR module conversion jit(add) in 0.007064104 sec
WARNING  jax._src.dispatch:dispatch.py:204 Finished XLA compilation of jit(add) in 0.028063536 sec
WARNING  jax._src.dispatch:dispatch.py:204 Finished tracing select_n for jit in 0.000172615 sec
WARNING  jax._src.interpreters.pxla:pxla.py:732 Compiling jit(select_n) with global shapes and types (ShapedArray(bool[]), ShapedArray(int64[]), ShapedArray(int64[])). Argument mapping: (UnspecifiedValue, UnspecifiedValue, UnspecifiedValue).
WARNING  jax._src.dispatch:dispatch.py:204 Finished jaxpr to MLIR module conversion jit(select_n) in 0.006782055 sec
WARNING  jax._src.dispatch:dispatch.py:204 Finished XLA compilation of jit(select_n) in 0.028347731 sec
WARNING  jax._src.dispatch:dispatch.py:204 Finished tracing dynamic_slice for jit in 0.000278473 sec
WARNING  jax._src.interpreters.pxla:pxla.py:732 Compiling jit(dynamic_slice) with global shapes and types (ShapedArray(float64[121]), ShapedArray(int64[])). Argument mapping: (UnspecifiedValue, UnspecifiedValue).
WARNING  jax._src.dispatch:dispatch.py:204 Finished jaxpr to MLIR module conversion jit(dynamic_slice) in 0.007132292 sec
WARNING  jax._src.dispatch:dispatch.py:204 Finished XLA compilation of jit(dynamic_slice) in 0.025428295 sec
WARNING  jax._src.dispatch:dispatch.py:204 Finished tracing greater_equal for jit in 0.000241756 sec
WARNING  jax._src.interpreters.pxla:pxla.py:732 Compiling jit(greater_equal) with global shapes and types (ShapedArray(float64[121]), ShapedArray(float64[])). Argument mapping: (UnspecifiedValue, UnspecifiedValue).
WARNING  jax._src.dispatch:dispatch.py:204 Finished jaxpr to MLIR module conversion jit(greater_equal) in 0.007738113 sec
WARNING  jax._src.dispatch:dispatch.py:204 Finished XLA compilation of jit(greater_equal) in 0.034704685 sec
WARNING  jax._src.dispatch:dispatch.py:204 Finished tracing stack for jit in 0.000259399 sec
WARNING  jax._src.interpreters.pxla:pxla.py:732 Compiling jit(stack) with global shapes and types (ShapedArray(int32[]), ShapedArray(int32[])). Argument mapping: (UnspecifiedValue, UnspecifiedValue).
WARNING  jax._src.dispatch:dispatch.py:204 Finished jaxpr to MLIR module conversion jit(stack) in 0.007067680 sec
WARNING  jax._src.dispatch:dispatch.py:204 Finished XLA compilation of jit(stack) in 0.024529457 sec
WARNING  jax._src.dispatch:dispatch.py:204 Finished tracing stack for jit in 0.000182390 sec
WARNING  jax._src.interpreters.pxla:pxla.py:732 Compiling jit(stack) with global shapes and types (ShapedArray(float64[]), ShapedArray(float64[])). Argument mapping: (UnspecifiedValue, UnspecifiedValue).
WARNING  jax._src.dispatch:dispatch.py:204 Finished jaxpr to MLIR module conversion jit(stack) in 0.006921768 sec
WARNING  jax._src.compiler:compiler.py:124 Persistent compilation cache hit for 'jit_stack' with key 'jit_stack-eae5afed5d8d0c17f94b49a9bbf1123a67699e9988c9ab0078e077f47b4e97ce'
WARNING  jax._src.dispatch:dispatch.py:204 Finished XLA compilation of jit(stack) in 0.002555370 sec
WARNING  jax._src.interpreters.pxla:pxla.py:732 Compiling jit(subtract) with global shapes and types (ShapedArray(float64[30]), ShapedArray(float64[])). Argument mapping: (UnspecifiedValue, UnspecifiedValue).
WARNING  jax._src.dispatch:dispatch.py:204 Finished jaxpr to MLIR module conversion jit(subtract) in 0.007286310 sec
WARNING  jax._src.dispatch:dispatch.py:204 Finished XLA compilation of jit(subtract) in 0.030080795 sec
WARNING  jax._src.dispatch:dispatch.py:204 Finished tracing multiply for jit in 0.000014782 sec
WARNING  jax._src.interpreters.pxla:pxla.py:732 Compiling jit(multiply) with global shapes and types (ShapedArray(int64[], weak_type=True), ShapedArray(float64[30])). Argument mapping: (UnspecifiedValue, UnspecifiedValue).
WARNING  jax._src.dispatch:dispatch.py:204 Finished jaxpr to MLIR module conversion jit(multiply) in 0.007696867 sec
WARNING  jax._src.dispatch:dispatch.py:204 Finished XLA compilation of jit(multiply) in 0.032022953 sec
WARNING  jax._src.dispatch:dispatch.py:204 Finished tracing isfinite for jit in 0.000271559 sec
WARNING  jax._src.interpreters.pxla:pxla.py:732 Compiling jit(isfinite) with global shapes and types (ShapedArray(float64[30,4]),). Argument mapping: (UnspecifiedValue,).
WARNING  jax._src.dispatch:dispatch.py:204 Finished jaxpr to MLIR module conversion jit(isfinite) in 0.006959915 sec
WARNING  jax._src.dispatch:dispatch.py:204 Finished XLA compilation of jit(isfinite) in 0.034244537 sec
WARNING  jax._src.dispatch:dispatch.py:204 Finished tracing _reduce_all for jit in 0.000528812 sec
WARNING  jax._src.interpreters.pxla:pxla.py:732 Compiling jit(_reduce_all) with global shapes and types (ShapedArray(bool[30,4]),). Argument mapping: (UnspecifiedValue,).
WARNING  jax._src.dispatch:dispatch.py:204 Finished jaxpr to MLIR module conversion jit(_reduce_all) in 0.006915092 sec
WARNING  jax._src.dispatch:dispatch.py:204 Finished XLA compilation of jit(_reduce_all) in 0.028965712 sec
WARNING  jax._src.dispatch:dispatch.py:204 Finished tracing norm for jit in 0.002668619 sec
WARNING  jax._src.interpreters.pxla:pxla.py:732 Compiling jit(norm) with global shapes and types (ShapedArray(float64[30,2]),). Argument mapping: (UnspecifiedValue,).
WARNING  jax._src.dispatch:dispatch.py:204 Finished jaxpr to MLIR module conversion jit(norm) in 0.007639885 sec
WARNING  jax._src.dispatch:dispatch.py:204 Finished XLA compilation of jit(norm) in 0.032391548 sec
WARNING  jax._src.interpreters.pxla:pxla.py:732 Compiling jit(greater) with global shapes and types (ShapedArray(float64[30]), ShapedArray(float64[])). Argument mapping: (UnspecifiedValue, UnspecifiedValue).
WARNING  jax._src.dispatch:dispatch.py:204 Finished jaxpr to MLIR module conversion jit(greater) in 0.007487059 sec
WARNING  jax._src.dispatch:dispatch.py:204 Finished XLA compilation of jit(greater) in 0.029283762 sec
WARNING  jax._src.dispatch:dispatch.py:204 Finished tracing _roll_static for jit in 0.000012875 sec
WARNING  jax._src.interpreters.pxla:pxla.py:732 Compiling jit(_roll_static) with global shapes and types (ShapedArray(float64[121]),). Argument mapping: (UnspecifiedValue,).
WARNING  jax._src.dispatch:dispatch.py:204 Finished jaxpr to MLIR module conversion jit(_roll_static) in 0.007472515 sec
WARNING  jax._src.dispatch:dispatch.py:204 Finished XLA compilation of jit(_roll_static) in 0.029018402 sec
WARNING  jax._src.dispatch:dispatch.py:204 Finished tracing broadcast_in_dim for jit in 0.000294209 sec
WARNING  jax._src.interpreters.pxla:pxla.py:732 Compiling jit(broadcast_in_dim) with global shapes and types (ShapedArray(float64[30]),). Argument mapping: (UnspecifiedValue,).
WARNING  jax._src.dispatch:dispatch.py:204 Finished jaxpr to MLIR module conversion jit(broadcast_in_dim) in 0.006766558 sec
WARNING  jax._src.dispatch:dispatch.py:204 Finished XLA compilation of jit(broadcast_in_dim) in 0.008661509 sec
WARNING  jax._src.dispatch:dispatch.py:204 Finished tracing greater for jit in 0.000012159 sec
WARNING  jax._src.interpreters.pxla:pxla.py:732 Compiling jit(greater) with global shapes and types (ShapedArray(float64[121]), ShapedArray(float64[30,1])). Argument mapping: (UnspecifiedValue, UnspecifiedValue).
WARNING  jax._src.dispatch:dispatch.py:204 Finished jaxpr to MLIR module conversion jit(greater) in 0.007371426 sec
WARNING  jax._src.dispatch:dispatch.py:204 Finished XLA compilation of jit(greater) in 0.038906097 sec
WARNING  jax._src.dispatch:dispatch.py:204 Finished tracing not_equal for jit in 0.000012875 sec
WARNING  jax._src.interpreters.pxla:pxla.py:732 Compiling jit(not_equal) with global shapes and types (ShapedArray(bool[30,121]), ShapedArray(bool[30,121])). Argument mapping: (UnspecifiedValue, UnspecifiedValue).
WARNING  jax._src.dispatch:dispatch.py:204 Finished jaxpr to MLIR module conversion jit(not_equal) in 0.009207010 sec
WARNING  jax._src.dispatch:dispatch.py:204 Finished XLA compilation of jit(not_equal) in 0.052671432 sec
WARNING  jax._src.dispatch:dispatch.py:204 Finished tracing subtract for jit in 0.000011921 sec
WARNING  jax._src.interpreters.pxla:pxla.py:732 Compiling jit(subtract) with global shapes and types (ShapedArray(float64[30,1]), ShapedArray(float64[121])). Argument mapping: (UnspecifiedValue, UnspecifiedValue).
WARNING  jax._src.dispatch:dispatch.py:204 Finished jaxpr to MLIR module conversion jit(subtract) in 0.008641005 sec
WARNING  jax._src.dispatch:dispatch.py:204 Finished XLA compilation of jit(subtract) in 0.037217140 sec
WARNING  jax._src.dispatch:dispatch.py:204 Finished tracing multiply for jit in 0.000015736 sec
WARNING  jax._src.interpreters.pxla:pxla.py:732 Compiling jit(multiply) with global shapes and types (ShapedArray(float64[121]), ShapedArray(float64[30,121])). Argument mapping: (UnspecifiedValue, UnspecifiedValue).
WARNING  jax._src.dispatch:dispatch.py:204 Finished jaxpr to MLIR module conversion jit(multiply) in 0.008472681 sec
WARNING  jax._src.dispatch:dispatch.py:204 Finished XLA compilation of jit(multiply) in 0.036084652 sec
WARNING  jax._src.dispatch:dispatch.py:204 Finished tracing true_divide for jit in 0.000013828 sec
WARNING  jax._src.interpreters.pxla:pxla.py:732 Compiling jit(true_divide) with global shapes and types (ShapedArray(float64[30,121]), ShapedArray(float64[121])). Argument mapping: (UnspecifiedValue, UnspecifiedValue).
WARNING  jax._src.dispatch:dispatch.py:204 Finished jaxpr to MLIR module conversion jit(true_divide) in 0.008328438 sec
WARNING  jax._src.dispatch:dispatch.py:204 Finished XLA compilation of jit(true_divide) in 0.049041271 sec
WARNING  jax._src.dispatch:dispatch.py:204 Finished tracing add for jit in 0.000011444 sec
WARNING  jax._src.interpreters.pxla:pxla.py:732 Compiling jit(add) with global shapes and types (ShapedArray(float64[30,121]), ShapedArray(float64[121])). Argument mapping: (UnspecifiedValue, UnspecifiedValue).
WARNING  jax._src.dispatch:dispatch.py:204 Finished jaxpr to MLIR module conversion jit(add) in 0.008321762 sec
WARNING  jax._src.dispatch:dispatch.py:204 Finished XLA compilation of jit(add) in 0.037513494 sec
WARNING  jax._src.dispatch:dispatch.py:204 Finished tracing less for jit in 0.000015259 sec
WARNING  jax._src.interpreters.pxla:pxla.py:732 Compiling jit(less) with global shapes and types (ShapedArray(float64[30,1]), ShapedArray(float64[30,121])). Argument mapping: (UnspecifiedValue, UnspecifiedValue).
WARNING  jax._src.dispatch:dispatch.py:204 Finished jaxpr to MLIR module conversion jit(less) in 0.008271933 sec
WARNING  jax._src.dispatch:dispatch.py:204 Finished XLA compilation of jit(less) in 0.040365458 sec
WARNING  jax._src.dispatch:dispatch.py:204 Finished tracing bitwise_and for jit in 0.000012159 sec
WARNING  jax._src.interpreters.pxla:pxla.py:732 Compiling jit(bitwise_and) with global shapes and types (ShapedArray(bool[30,121]), ShapedArray(bool[30,121])). Argument mapping: (UnspecifiedValue, UnspecifiedValue).
WARNING  jax._src.dispatch:dispatch.py:204 Finished jaxpr to MLIR module conversion jit(bitwise_and) in 0.008267403 sec
WARNING  jax._src.dispatch:dispatch.py:204 Finished XLA compilation of jit(bitwise_and) in 0.050899982 sec
WARNING  jax._src.dispatch:dispatch.py:204 Finished tracing _reduce_sum for jit in 0.000013113 sec
WARNING  jax._src.interpreters.pxla:pxla.py:732 Compiling jit(_reduce_sum) with global shapes and types (ShapedArray(bool[30,121]),). Argument mapping: (UnspecifiedValue,).
WARNING  jax._src.dispatch:dispatch.py:204 Finished jaxpr to MLIR module conversion jit(_reduce_sum) in 0.007731199 sec
WARNING  jax._src.dispatch:dispatch.py:204 Finished XLA compilation of jit(_reduce_sum) in 0.067645073 sec
WARNING  jax._src.dispatch:dispatch.py:204 Finished tracing remainder for jit in 0.000015736 sec
WARNING  jax._src.interpreters.pxla:pxla.py:732 Compiling jit(remainder) with global shapes and types (ShapedArray(int64[30]), ShapedArray(int64[], weak_type=True)). Argument mapping: (UnspecifiedValue, UnspecifiedValue).
WARNING  jax._src.dispatch:dispatch.py:204 Finished jaxpr to MLIR module conversion jit(remainder) in 0.017325878 sec
WARNING  jax._src.dispatch:dispatch.py:204 Finished XLA compilation of jit(remainder) in 0.054462910 sec
WARNING  jax._src.dispatch:dispatch.py:204 Finished tracing equal for jit in 0.000017643 sec
WARNING  jax._src.interpreters.pxla:pxla.py:732 Compiling jit(equal) with global shapes and types (ShapedArray(int64[30]), ShapedArray(int64[], weak_type=True)). Argument mapping: (UnspecifiedValue, UnspecifiedValue).
WARNING  jax._src.dispatch:dispatch.py:204 Finished jaxpr to MLIR module conversion jit(equal) in 0.010685444 sec
WARNING  jax._src.dispatch:dispatch.py:204 Finished XLA compilation of jit(equal) in 0.040423870 sec
WARNING  jax._src.dispatch:dispatch.py:204 Finished tracing integer_pow for jit in 0.000325441 sec
WARNING  jax._src.interpreters.pxla:pxla.py:732 Compiling jit(integer_pow) with global shapes and types (ShapedArray(float64[121]),). Argument mapping: (UnspecifiedValue,).
WARNING  jax._src.dispatch:dispatch.py:204 Finished jaxpr to MLIR module conversion jit(integer_pow) in 0.010070801 sec
WARNING  jax._src.dispatch:dispatch.py:204 Finished XLA compilation of jit(integer_pow) in 0.056380272 sec
WARNING  jax._src.dispatch:dispatch.py:204 Finished tracing add for jit in 0.000017405 sec
WARNING  jax._src.interpreters.pxla:pxla.py:732 Compiling jit(add) with global shapes and types (ShapedArray(float64[121]), ShapedArray(float64[121])). Argument mapping: (UnspecifiedValue, UnspecifiedValue).
WARNING  jax._src.dispatch:dispatch.py:204 Finished jaxpr to MLIR module conversion jit(add) in 0.009894609 sec
WARNING  jax._src.dispatch:dispatch.py:204 Finished XLA compilation of jit(add) in 0.052246809 sec
WARNING  jax._src.dispatch:dispatch.py:204 Finished tracing multiply for jit in 0.000015497 sec
WARNING  jax._src.interpreters.pxla:pxla.py:732 Compiling jit(multiply) with global shapes and types (ShapedArray(float64[30,121]), ShapedArray(float64[121])). Argument mapping: (UnspecifiedValue, UnspecifiedValue).
WARNING  jax._src.dispatch:dispatch.py:204 Finished jaxpr to MLIR module conversion jit(multiply) in 0.010774851 sec
WARNING  jax._src.dispatch:dispatch.py:204 Finished XLA compilation of jit(multiply) in 0.045362949 sec
WARNING  jax._src.dispatch:dispatch.py:204 Finished tracing add for jit in 0.000019073 sec
WARNING  jax._src.interpreters.pxla:pxla.py:732 Compiling jit(add) with global shapes and types (ShapedArray(float64[30,121]), ShapedArray(float64[30,121])). Argument mapping: (UnspecifiedValue, UnspecifiedValue).
WARNING  jax._src.dispatch:dispatch.py:204 Finished jaxpr to MLIR module conversion jit(add) in 0.009400606 sec
WARNING  jax._src.dispatch:dispatch.py:204 Finished XLA compilation of jit(add) in 0.055238247 sec
WARNING  jax._src.dispatch:dispatch.py:204 Finished tracing clip for jit in 0.000013113 sec
WARNING  jax._src.interpreters.pxla:pxla.py:732 Compiling jit(clip) with global shapes and types (ShapedArray(float64[30,121]), ShapedArray(float64[], weak_type=True), ShapedArray(float64[], weak_type=True)). Argument mapping: (UnspecifiedValue, UnspecifiedValue, UnspecifiedValue).
WARNING  jax._src.dispatch:dispatch.py:204 Finished jaxpr to MLIR module conversion jit(clip) in 0.009591818 sec
WARNING  jax._src.dispatch:dispatch.py:204 Finished XLA compilation of jit(clip) in 0.042182446 sec
WARNING  jax._src.dispatch:dispatch.py:204 Finished tracing add for jit in 0.000014305 sec
WARNING  jax._src.interpreters.pxla:pxla.py:732 Compiling jit(add) with global shapes and types (ShapedArray(float64[121]), ShapedArray(float64[30,121])). Argument mapping: (UnspecifiedValue, UnspecifiedValue).
WARNING  jax._src.dispatch:dispatch.py:204 Finished jaxpr to MLIR module conversion jit(add) in 0.008515120 sec
WARNING  jax._src.dispatch:dispatch.py:204 Finished XLA compilation of jit(add) in 0.037374020 sec
WARNING  jax._src.dispatch:dispatch.py:204 Finished tracing abs for jit in 0.000013590 sec
WARNING  jax._src.interpreters.pxla:pxla.py:732 Compiling jit(abs) with global shapes and types (ShapedArray(float64[121]),). Argument mapping: (UnspecifiedValue,).
WARNING  jax._src.dispatch:dispatch.py:204 Finished jaxpr to MLIR module conversion jit(abs) in 0.008902311 sec
WARNING  jax._src.dispatch:dispatch.py:204 Finished XLA compilation of jit(abs) in 0.042670488 sec
WARNING  jax._src.interpreters.pxla:pxla.py:732 Compiling jit(_reduce_max) with global shapes and types (ShapedArray(float64[121]),). Argument mapping: (UnspecifiedValue,).
WARNING  jax._src.dispatch:dispatch.py:204 Finished jaxpr to MLIR module conversion jit(_reduce_max) in 0.009133577 sec
WARNING  jax._src.dispatch:dispatch.py:204 Finished XLA compilation of jit(_reduce_max) in 0.062426805 sec
WARNING  jax._src.interpreters.pxla:pxla.py:732 Compiling jit(maximum) with global shapes and types (ShapedArray(float64[], weak_type=True), ShapedArray(float64[])). Argument mapping: (UnspecifiedValue, UnspecifiedValue).
WARNING  jax._src.dispatch:dispatch.py:204 Finished jaxpr to MLIR module conversion jit(maximum) in 0.009442329 sec
WARNING  jax._src.dispatch:dispatch.py:204 Finished XLA compilation of jit(maximum) in 0.033437252 sec
WARNING  jax._src.dispatch:dispatch.py:204 Finished tracing subtract for jit in 0.000014067 sec
WARNING  jax._src.interpreters.pxla:pxla.py:732 Compiling jit(subtract) with global shapes and types (ShapedArray(float64[30,1]), ShapedArray(float64[30,121])). Argument mapping: (UnspecifiedValue, UnspecifiedValue).
WARNING  jax._src.dispatch:dispatch.py:204 Finished jaxpr to MLIR module conversion jit(subtract) in 0.008757830 sec
WARNING  jax._src.dispatch:dispatch.py:204 Finished XLA compilation of jit(subtract) in 0.053297997 sec
WARNING  jax._src.dispatch:dispatch.py:204 Finished tracing integer_pow for jit in 0.000529528 sec
WARNING  jax._src.interpreters.pxla:pxla.py:732 Compiling jit(integer_pow) with global shapes and types (ShapedArray(float64[30,121]),). Argument mapping: (UnspecifiedValue,).
WARNING  jax._src.dispatch:dispatch.py:204 Finished jaxpr to MLIR module conversion jit(integer_pow) in 0.010085583 sec
WARNING  jax._src.dispatch:dispatch.py:204 Finished XLA compilation of jit(integer_pow) in 1.253061056 sec
WARNING  jax._src.dispatch:dispatch.py:204 Finished tracing less_equal for jit in 0.000014782 sec
WARNING  jax._src.interpreters.pxla:pxla.py:732 Compiling jit(less_equal) with global shapes and types (ShapedArray(float64[30,121]), ShapedArray(float64[])). Argument mapping: (UnspecifiedValue, UnspecifiedValue).
WARNING  jax._src.dispatch:dispatch.py:204 Finished jaxpr to MLIR module conversion jit(less_equal) in 0.007479906 sec
WARNING  jax._src.dispatch:dispatch.py:204 Finished XLA compilation of jit(less_equal) in 0.035367012 sec
WARNING  jax._src.dispatch:dispatch.py:204 Finished tracing _reduce_any for jit in 0.000012636 sec
WARNING  jax._src.interpreters.pxla:pxla.py:732 Compiling jit(_reduce_any) with global shapes and types (ShapedArray(bool[30,121]),). Argument mapping: (UnspecifiedValue,).
WARNING  jax._src.dispatch:dispatch.py:204 Finished jaxpr to MLIR module conversion jit(_reduce_any) in 0.008214712 sec
WARNING  jax._src.dispatch:dispatch.py:204 Finished XLA compilation of jit(_reduce_any) in 0.047828197 sec
WARNING  jax._src.dispatch:dispatch.py:204 Finished tracing bitwise_or for jit in 0.000010967 sec
WARNING  jax._src.interpreters.pxla:pxla.py:732 Compiling jit(bitwise_or) with global shapes and types (ShapedArray(bool[30]), ShapedArray(bool[30])). Argument mapping: (UnspecifiedValue, UnspecifiedValue).
WARNING  jax._src.dispatch:dispatch.py:204 Finished jaxpr to MLIR module conversion jit(bitwise_or) in 0.008129835 sec
WARNING  jax._src.dispatch:dispatch.py:204 Finished XLA compilation of jit(bitwise_or) in 0.031058550 sec
WARNING  jax._src.interpreters.pxla:pxla.py:732 Compiling jit(bitwise_and) with global shapes and types (ShapedArray(bool[30]), ShapedArray(bool[30])). Argument mapping: (UnspecifiedValue, UnspecifiedValue).
WARNING  jax._src.dispatch:dispatch.py:204 Finished jaxpr to MLIR module conversion jit(bitwise_and) in 0.006617308 sec
WARNING  jax._src.dispatch:dispatch.py:204 Finished XLA compilation of jit(bitwise_and) in 0.031771660 sec
WARNING  jax._src.interpreters.pxla:pxla.py:732 Compiling jit(_argmax) with global shapes and types (ShapedArray(float64[30]),). Argument mapping: (UnspecifiedValue,).
WARNING  jax._src.dispatch:dispatch.py:204 Finished jaxpr to MLIR module conversion jit(_argmax) in 0.011364937 sec
WARNING  jax._src.dispatch:dispatch.py:204 Finished XLA compilation of jit(_argmax) in 0.037017345 sec
WARNING  jax._src.interpreters.pxla:pxla.py:732 Compiling jit(_reduce_any) with global shapes and types (ShapedArray(bool[30]),). Argument mapping: (UnspecifiedValue,).
WARNING  jax._src.dispatch:dispatch.py:204 Finished jaxpr to MLIR module conversion jit(_reduce_any) in 0.008627653 sec
WARNING  jax._src.dispatch:dispatch.py:204 Finished XLA compilation of jit(_reduce_any) in 0.031007290 sec
WARNING  jax._src.interpreters.pxla:pxla.py:732 Compiling jit(less_equal) with global shapes and types (ShapedArray(float64[]), ShapedArray(float64[], weak_type=True)). Argument mapping: (UnspecifiedValue, UnspecifiedValue).
WARNING  jax._src.dispatch:dispatch.py:204 Finished jaxpr to MLIR module conversion jit(less_equal) in 0.007114172 sec
WARNING  jax._src.dispatch:dispatch.py:204 Finished XLA compilation of jit(less_equal) in 0.026876688 sec
WARNING  jax._src.dispatch:dispatch.py:204 Finished tracing atleast_1d for jit in 0.000285387 sec
WARNING  jax._src.interpreters.pxla:pxla.py:732 Compiling jit(atleast_1d) with global shapes and types (ShapedArray(float64[]),). Argument mapping: (UnspecifiedValue,).
WARNING  jax._src.dispatch:dispatch.py:204 Finished jaxpr to MLIR module conversion jit(atleast_1d) in 0.006372213 sec
WARNING  jax._src.dispatch:dispatch.py:204 Finished XLA compilation of jit(atleast_1d) in 0.007989883 sec
WARNING  jax._src.dispatch:dispatch.py:204 Finished tracing read_qualification for jit in 0.023579597 sec
WARNING  jax._src.interpreters.pxla:pxla.py:732 Compiling jit(read_qualification) with global shapes and types (ShapedArray(float64[340,2]), ShapedArray(float64[340,6,7]), ShapedArray(int64[340,7]), ShapedArray(float64[340,2]), ShapedArray(float64[340,2]), ShapedArray(float64[340,13,2]), ShapedArray(float64[340,13,2]), ShapedArray(bool[340,13]), ShapedArray(float64[340]), ShapedArray(bool[340]), ShapedArray(float64[121,2]), ShapedArray(int32[2]), ShapedArray(bool[1]), ShapedArray(bool[1]), ShapedArray(float64[121,2]), ShapedArray(int32[198,7]), ShapedArray(float64[198,7,2,2]), ShapedArray(float64[340,2]), ShapedArray(int32[198,7,3,7]), ShapedArray(float64[198,7,3,7]), ShapedArray(float64[2,2]), ShapedArray(float64[2,2]), ShapedArray(int32[2,2]), ShapedArray(bool[2,2]), ShapedArray(int32[2]), ShapedArray(float64[1547]), ShapedArray(int64[], weak_type=True), ShapedArray(bool[340])). Argument mapping: (UnspecifiedValue, UnspecifiedValue, UnspecifiedValue, UnspecifiedValue, UnspecifiedValue, UnspecifiedValue, UnspecifiedValue, UnspecifiedValue, UnspecifiedValue, UnspecifiedValue, UnspecifiedValue, UnspecifiedValue, UnspecifiedValue, UnspecifiedValue, UnspecifiedValue, UnspecifiedValue, UnspecifiedValue, UnspecifiedValue, UnspecifiedValue, UnspecifiedValue, UnspecifiedValue, UnspecifiedValue, UnspecifiedValue, UnspecifiedValue, UnspecifiedValue, UnspecifiedValue, UnspecifiedValue, UnspecifiedValue).
WARNING  jax._src.dispatch:dispatch.py:204 Finished jaxpr to MLIR module conversion jit(read_qualification) in 0.467775106 sec
WARNING  jax._src.compiler:compiler.py:124 Persistent compilation cache hit for 'jit_read_qualification' with key 'jit_read_qualification-26647d781c8fbc041c11b4a77a140deabf31482eb14838f2f5b325e5904b2f34'
WARNING  jax._src.dispatch:dispatch.py:204 Finished XLA compilation of jit(read_qualification) in 0.445561171 sec
WARNING  jax._src.dispatch:dispatch.py:204 Finished tracing dynamic_slice for jit in 0.000305176 sec
WARNING  jax._src.interpreters.pxla:pxla.py:732 Compiling jit(dynamic_slice) with global shapes and types (ShapedArray(float64[10]), ShapedArray(int64[], weak_type=True)). Argument mapping: (UnspecifiedValue, UnspecifiedValue).
WARNING  jax._src.dispatch:dispatch.py:204 Finished jaxpr to MLIR module conversion jit(dynamic_slice) in 0.007825613 sec
WARNING  jax._src.dispatch:dispatch.py:204 Finished XLA compilation of jit(dynamic_slice) in 0.030682325 sec
WARNING  jax._src.dispatch:dispatch.py:204 Finished tracing dynamic_slice for jit in 0.000307798 sec
WARNING  jax._src.interpreters.pxla:pxla.py:732 Compiling jit(dynamic_slice) with global shapes and types (ShapedArray(int32[10]), ShapedArray(int64[], weak_type=True)). Argument mapping: (UnspecifiedValue, UnspecifiedValue).
WARNING  jax._src.dispatch:dispatch.py:204 Finished jaxpr to MLIR module conversion jit(dynamic_slice) in 0.008440018 sec
WARNING  jax._src.dispatch:dispatch.py:204 Finished XLA compilation of jit(dynamic_slice) in 0.024726868 sec
WARNING  jax._src.dispatch:dispatch.py:204 Finished tracing dynamic_slice for jit in 0.000248432 sec
WARNING  jax._src.interpreters.pxla:pxla.py:732 Compiling jit(dynamic_slice) with global shapes and types (ShapedArray(float64[10,2]), ShapedArray(int64[], weak_type=True), ShapedArray(int64[], weak_type=True)). Argument mapping: (UnspecifiedValue, UnspecifiedValue, UnspecifiedValue).
WARNING  jax._src.dispatch:dispatch.py:204 Finished jaxpr to MLIR module conversion jit(dynamic_slice) in 0.007108450 sec
WARNING  jax._src.dispatch:dispatch.py:204 Finished XLA compilation of jit(dynamic_slice) in 0.026057482 sec
WARNING  jax._src.dispatch:dispatch.py:204 Finished tracing not_equal for jit in 0.000390291 sec
WARNING  jax._src.interpreters.pxla:pxla.py:732 Compiling jit(not_equal) with global shapes and types (ShapedArray(int8[]), ShapedArray(int64[], weak_type=True)). Argument mapping: (UnspecifiedValue, UnspecifiedValue).
WARNING  jax._src.dispatch:dispatch.py:204 Finished jaxpr to MLIR module conversion jit(not_equal) in 0.007324934 sec
WARNING  jax._src.dispatch:dispatch.py:204 Finished XLA compilation of jit(not_equal) in 0.028178453 sec
WARNING  jax._src.dispatch:dispatch.py:204 Finished tracing candidate_table_status for jit in 0.000799179 sec
WARNING  jax._src.interpreters.pxla:pxla.py:732 Compiling jit(candidate_table_status) with global shapes and types (ShapedArray(float64[340,6,7]), ShapedArray(int64[340,7]), ShapedArray(float64[340,2]), ShapedArray(float64[340,2]), ShapedArray(float64[340,13,2]), ShapedArray(float64[340,13,2]), ShapedArray(bool[340,13]), ShapedArray(float64[340]), ShapedArray(bool[340]), ShapedArray(float64[121,2]), ShapedArray(int32[2]), ShapedArray(bool[1]), ShapedArray(bool[1]), ShapedArray(float64[1426])). Argument mapping: (UnspecifiedValue, UnspecifiedValue, UnspecifiedValue, UnspecifiedValue, UnspecifiedValue, UnspecifiedValue, UnspecifiedValue, UnspecifiedValue, UnspecifiedValue, UnspecifiedValue, UnspecifiedValue, UnspecifiedValue, UnspecifiedValue, UnspecifiedValue).
WARNING  jax._src.dispatch:dispatch.py:204 Finished jaxpr to MLIR module conversion jit(candidate_table_status) in 0.100560904 sec
WARNING  jax._src.dispatch:dispatch.py:204 Finished XLA compilation of jit(candidate_table_status) in 0.474838257 sec
WARNING  jax._src.interpreters.pxla:pxla.py:732 Compiling jit(_where) with global shapes and types (ShapedArray(bool[]), ShapedArray(float64[], weak_type=True), ShapedArray(float64[], weak_type=True)). Argument mapping: (UnspecifiedValue, UnspecifiedValue, UnspecifiedValue).
WARNING  jax._src.dispatch:dispatch.py:204 Finished jaxpr to MLIR module conversion jit(_where) in 0.008848906 sec
WARNING  jax._src.dispatch:dispatch.py:204 Finished XLA compilation of jit(_where) in 0.033434629 sec
WARNING  jax._src.dispatch:dispatch.py:204 Finished tracing isnan for jit in 0.000269413 sec
WARNING  jax._src.interpreters.pxla:pxla.py:732 Compiling jit(isnan) with global shapes and types (ShapedArray(float64[], weak_type=True),). Argument mapping: (UnspecifiedValue,).
WARNING  jax._src.dispatch:dispatch.py:204 Finished jaxpr to MLIR module conversion jit(isnan) in 0.007766485 sec
WARNING  jax._src.dispatch:dispatch.py:204 Finished XLA compilation of jit(isnan) in 0.028940678 sec
WARNING  jax._src.dispatch:dispatch.py:204 Finished tracing logical_not for jit in 0.000299692 sec
WARNING  jax._src.interpreters.pxla:pxla.py:732 Compiling jit(logical_not) with global shapes and types (ShapedArray(bool[], weak_type=True),). Argument mapping: (UnspecifiedValue,).
WARNING  jax._src.dispatch:dispatch.py:204 Finished jaxpr to MLIR module conversion jit(logical_not) in 0.007173777 sec
WARNING  jax._src.dispatch:dispatch.py:204 Finished XLA compilation of jit(logical_not) in 0.029825687 sec
WARNING  jax._src.dispatch:dispatch.py:204 Finished tracing greater_equal for jit in 0.000461340 sec
WARNING  jax._src.interpreters.pxla:pxla.py:732 Compiling jit(greater_equal) with global shapes and types (ShapedArray(float64[], weak_type=True), ShapedArray(int64[], weak_type=True)). Argument mapping: (UnspecifiedValue, UnspecifiedValue).
WARNING  jax._src.dispatch:dispatch.py:204 Finished jaxpr to MLIR module conversion jit(greater_equal) in 0.007849693 sec
WARNING  jax._src.dispatch:dispatch.py:204 Finished XLA compilation of jit(greater_equal) in 0.030443668 sec
WARNING  jax._src.dispatch:dispatch.py:204 Finished tracing bitwise_and for jit in 0.000476360 sec
WARNING  jax._src.interpreters.pxla:pxla.py:732 Compiling jit(bitwise_and) with global shapes and types (ShapedArray(bool[], weak_type=True), ShapedArray(bool[], weak_type=True)). Argument mapping: (UnspecifiedValue, UnspecifiedValue).
WARNING  jax._src.dispatch:dispatch.py:204 Finished jaxpr to MLIR module conversion jit(bitwise_and) in 0.008729935 sec
WARNING  jax._src.dispatch:dispatch.py:204 Finished XLA compilation of jit(bitwise_and) in 0.029519558 sec
=========================== short test summary info ============================
FAILED tests/test_reduced_newton.py::test_diverted_normalised_certificate_rung_retains_finite_fallback - assert 2.340823366528062 == 2.248351582217136
=================== 1 failed, 1 passed in 419.82s (0:06:59) ====================
EXIT=1
