revision=f5af729a9de6a2287ebd2b528cea278d5bdb3157 tree=/home/ITER/mcintos/Code/.reckon-worktrees/nova-a0f1e0938fc2/s19-codex-20260916/fsri-attribute-the-reduced-newton-abort host=98dci4-clu-3141.iter.org command=env JAX_ENABLE_COMPILATION_CACHE=true /home/ITER/mcintos/Code/nova/.venv/bin/python -m pytest -p no:cacheprovider -vv --tb=short --capture=no tests/test_reduced_newton.py::test_diverted_normalised_certificate_rung_retains_finite_fallback tests/test_reduced_newton.py::test_threshold_one_reproduces_the_refusal_only_policy
============================= test session starts ==============================
platform linux -- Python 3.14.2, pytest-9.1.1, pluggy-1.6.0 -- /home/ITER/mcintos/Code/nova/.venv/bin/python
rootdir: /home/ITER/mcintos/Code/.reckon-worktrees/nova-a0f1e0938fc2/s19-codex-20260916/fsri-attribute-the-reduced-newton-abort
configfile: pyproject.toml
plugins: anyio-4.14.2, zarr-3.2.1, asyncio-1.4.0, typeguard-2.13.3, jaxtyping-0.3.11, cov-7.1.0
asyncio: mode=Mode.AUTO, debug=False, asyncio_default_fixture_loop_scope=function, asyncio_default_test_loop_scope=function
collecting ... I0922 23:10:36.266174 3738290 pjrt_api.cc:119] GetPjrtApi was found for cuda at /home/ITER/mcintos/Code/nova/.venv/lib/python3.14/site-packages/jax_plugins/xla_cuda12/xla_cuda_plugin.so
I0922 23:10:36.271491 3738290 pjrt_client.cc:579] PjRt-IFRT device count: total=1, addressable=1
I0922 23:10:36.271524 3738290 pjrt_client.cc:583] Addressable PjRt-IFRT device: CpuDevice(id=0)
23:10:36 INFO     Parsing data dictionary version 4.1.1 [90m@dd_zip.py:89[0m
collected 2 items

tests/test_reduced_newton.py::test_diverted_normalised_certificate_rung_retains_finite_fallback SOLOVEV_COMPILATION_CACHE directory=/home/ITER/mcintos/.cache/nova/jax-compilation/runtime-ea5c55820be3d80549fe version=runtime-ea5c55820be3d80549fe
SOLOVEV_STAGE_BEGIN case=diverted-single-null requested_cells=-300 stage=case_and_machine
SOLOVEV_STAGE_END case=diverted-single-null requested_cells=-300 stage=case_and_machine elapsed_seconds=0.942487
SOLOVEV_STAGE_BEGIN case=diverted-single-null requested_cells=-300 stage=operator_and_seed
SOLOVEV_STAGE_HEARTBEAT case=diverted-single-null requested_cells=-300 stage=operator_and_seed elapsed_seconds=30.000
SOLOVEV_STAGE_END case=diverted-single-null requested_cells=-300 stage=operator_and_seed elapsed_seconds=39.767095
SOLOVEV_STAGE_BEGIN case=diverted-single-null requested_cells=-300 stage=production_solve
SOLOVEV_STAGE_HEARTBEAT case=diverted-single-null requested_cells=-300 stage=production_solve elapsed_seconds=30.022
SOLOVEV_STAGE_HEARTBEAT case=diverted-single-null requested_cells=-300 stage=production_solve elapsed_seconds=60.023
SOLOVEV_STAGE_HEARTBEAT case=diverted-single-null requested_cells=-300 stage=production_solve elapsed_seconds=90.023
SOLOVEV_STAGE_HEARTBEAT case=diverted-single-null requested_cells=-300 stage=production_solve elapsed_seconds=120.023
SOLOVEV_STAGE_HEARTBEAT case=diverted-single-null requested_cells=-300 stage=production_solve elapsed_seconds=150.025
SOLOVEV_STAGE_HEARTBEAT case=diverted-single-null requested_cells=-300 stage=production_solve elapsed_seconds=180.025
SOLOVEV_STAGE_HEARTBEAT case=diverted-single-null requested_cells=-300 stage=production_solve elapsed_seconds=210.025
SOLOVEV_STAGE_END case=diverted-single-null requested_cells=-300 stage=production_solve elapsed_seconds=229.901640
SOLOVEV_STAGE_BEGIN case=diverted-single-null requested_cells=-300 stage=accuracy_scoring
SOLOVEV_STAGE_END case=diverted-single-null requested_cells=-300 stage=accuracy_scoring elapsed_seconds=1.211207
SOLOVEV_STAGE_BEGIN case=diverted-single-null requested_cells=-300 stage=figure_render
SOLOVEV_STAGE_END case=diverted-single-null requested_cells=-300 stage=figure_render elapsed_seconds=0.537426
FAILED
tests/test_reduced_newton.py::test_threshold_one_reproduces_the_refusal_only_policy PASSED

=================================== FAILURES ===================================
______ test_diverted_normalised_certificate_rung_retains_finite_fallback _______
tests/test_reduced_newton.py:149: in test_diverted_normalised_certificate_rung_retains_finite_fallback
    assert row["solver"]["terminal_fixed_point_residual"] == 2.248351582217136
E   assert 2.340823366528062 == 2.248351582217136
------------------------------ Captured log call -------------------------------
WARNING  jax._src.dispatch:dispatch.py:204 Finished tracing convert_element_type for jit in 0.000347137 sec
WARNING  jax._src.interpreters.pxla:pxla.py:732 Compiling jit(convert_element_type) with global shapes and types (ShapedArray(float64[2]),). Argument mapping: (UnspecifiedValue,).
WARNING  jax._src.dispatch:dispatch.py:204 Finished jaxpr to MLIR module conversion jit(convert_element_type) in 0.003027201 sec
WARNING  jax._src.compiler:compiler.py:124 Persistent compilation cache hit for 'jit_convert_element_type' with key 'jit_convert_element_type-a233518ebee9f4f6e23e28d52ded95aa3ed573ac87a7f0ce9dd407c578a15cca'
WARNING  jax._src.dispatch:dispatch.py:204 Finished XLA compilation of jit(convert_element_type) in 0.006214619 sec
WARNING  jax._src.dispatch:dispatch.py:204 Finished tracing subtract for jit in 0.000414133 sec
WARNING  jax._src.interpreters.pxla:pxla.py:732 Compiling jit(subtract) with global shapes and types (ShapedArray(float64[], weak_type=True), ShapedArray(float64[2])). Argument mapping: (UnspecifiedValue, UnspecifiedValue).
WARNING  jax._src.dispatch:dispatch.py:204 Finished jaxpr to MLIR module conversion jit(subtract) in 0.003932476 sec
WARNING  jax._src.compiler:compiler.py:124 Persistent compilation cache hit for 'jit_subtract' with key 'jit_subtract-3456d71560dffa6394064d07a59b288652ab6a204007cc381690a6419d1d34dc'
WARNING  jax._src.dispatch:dispatch.py:204 Finished XLA compilation of jit(subtract) in 0.003535986 sec
WARNING  jax._src.dispatch:dispatch.py:204 Finished tracing multiply for jit in 0.000335693 sec
WARNING  jax._src.interpreters.pxla:pxla.py:732 Compiling jit(multiply) with global shapes and types (ShapedArray(float64[], weak_type=True), ShapedArray(float64[2])). Argument mapping: (UnspecifiedValue, UnspecifiedValue).
WARNING  jax._src.dispatch:dispatch.py:204 Finished jaxpr to MLIR module conversion jit(multiply) in 0.003591061 sec
WARNING  jax._src.compiler:compiler.py:124 Persistent compilation cache hit for 'jit_multiply' with key 'jit_multiply-bb82cf710fb19086fca5e0c99639082a9114e17d7bf055b0f7e86f0f64b36689'
WARNING  jax._src.dispatch:dispatch.py:204 Finished XLA compilation of jit(multiply) in 0.003103971 sec
WARNING  jax._src.dispatch:dispatch.py:204 Finished tracing dynamic_slice for jit in 0.000253677 sec
WARNING  jax._src.interpreters.pxla:pxla.py:732 Compiling jit(dynamic_slice) with global shapes and types (ShapedArray(float64[2]), ShapedArray(int64[], weak_type=True)). Argument mapping: (UnspecifiedValue, UnspecifiedValue).
WARNING  jax._src.dispatch:dispatch.py:204 Finished jaxpr to MLIR module conversion jit(dynamic_slice) in 0.003327847 sec
WARNING  jax._src.compiler:compiler.py:124 Persistent compilation cache hit for 'jit_dynamic_slice' with key 'jit_dynamic_slice-fc91ef2b5e951f7d2019a11ff238d0e0bab938e7cdd5170aa5ac70a172367cd0'
WARNING  jax._src.dispatch:dispatch.py:204 Finished XLA compilation of jit(dynamic_slice) in 0.003212929 sec
WARNING  jax._src.dispatch:dispatch.py:204 Finished tracing squeeze for jit in 0.000192404 sec
WARNING  jax._src.interpreters.pxla:pxla.py:732 Compiling jit(squeeze) with global shapes and types (ShapedArray(float64[1]),). Argument mapping: (UnspecifiedValue,).
WARNING  jax._src.dispatch:dispatch.py:204 Finished jaxpr to MLIR module conversion jit(squeeze) in 0.002692461 sec
WARNING  jax._src.compiler:compiler.py:124 Persistent compilation cache hit for 'jit_squeeze' with key 'jit_squeeze-bf6639af5567c12d7c26588ab3c4af7bb515f26de674d9388b6498bfa159c43b'
WARNING  jax._src.dispatch:dispatch.py:204 Finished XLA compilation of jit(squeeze) in 0.002614975 sec
WARNING  jax._src.dispatch:dispatch.py:204 Finished tracing stage for jit in 0.000102997 sec
WARNING  jax._src.interpreters.pxla:pxla.py:732 Compiling jit(stage) with global shapes and types (ShapedArray(int64[198,7]),). Argument mapping: (UnspecifiedValue,).
WARNING  jax._src.dispatch:dispatch.py:204 Finished jaxpr to MLIR module conversion jit(stage) in 0.002894878 sec
WARNING  jax._src.dispatch:dispatch.py:204 Finished XLA compilation of jit(stage) in 0.006036520 sec
WARNING  jax._src.dispatch:dispatch.py:204 Finished tracing stage for jit in 0.000113249 sec
WARNING  jax._src.interpreters.pxla:pxla.py:732 Compiling jit(stage) with global shapes and types (ShapedArray(float64[340,1]),). Argument mapping: (UnspecifiedValue,).
WARNING  jax._src.dispatch:dispatch.py:204 Finished jaxpr to MLIR module conversion jit(stage) in 0.002655506 sec
WARNING  jax._src.dispatch:dispatch.py:204 Finished XLA compilation of jit(stage) in 0.005899191 sec
WARNING  jax._src.dispatch:dispatch.py:204 Finished tracing stage for jit in 0.000101328 sec
WARNING  jax._src.interpreters.pxla:pxla.py:732 Compiling jit(stage) with global shapes and types (ShapedArray(float64[340,340]),). Argument mapping: (UnspecifiedValue,).
WARNING  jax._src.dispatch:dispatch.py:204 Finished jaxpr to MLIR module conversion jit(stage) in 0.002534866 sec
WARNING  jax._src.dispatch:dispatch.py:204 Finished XLA compilation of jit(stage) in 0.005921364 sec
WARNING  jax._src.dispatch:dispatch.py:204 Finished tracing stage for jit in 0.000105381 sec
WARNING  jax._src.interpreters.pxla:pxla.py:732 Compiling jit(stage) with global shapes and types (ShapedArray(float64[121,1]),). Argument mapping: (UnspecifiedValue,).
WARNING  jax._src.dispatch:dispatch.py:204 Finished jaxpr to MLIR module conversion jit(stage) in 0.002760887 sec
WARNING  jax._src.compiler:compiler.py:124 Persistent compilation cache hit for 'jit_stage' with key 'jit_stage-64597834cf458eeb98317568fdb2eb8fd0334f765c6f3dcbaf27e2b70d08ac5d'
WARNING  jax._src.dispatch:dispatch.py:204 Finished XLA compilation of jit(stage) in 0.003369093 sec
WARNING  jax._src.dispatch:dispatch.py:204 Finished tracing stage for jit in 0.000102043 sec
WARNING  jax._src.interpreters.pxla:pxla.py:732 Compiling jit(stage) with global shapes and types (ShapedArray(float64[121,340]),). Argument mapping: (UnspecifiedValue,).
WARNING  jax._src.dispatch:dispatch.py:204 Finished jaxpr to MLIR module conversion jit(stage) in 0.002387285 sec
WARNING  jax._src.dispatch:dispatch.py:204 Finished XLA compilation of jit(stage) in 0.005789518 sec
WARNING  jax._src.dispatch:dispatch.py:204 Finished tracing stage for jit in 0.000102520 sec
WARNING  jax._src.interpreters.pxla:pxla.py:732 Compiling jit(stage) with global shapes and types (ShapedArray(float64[1086,1]),). Argument mapping: (UnspecifiedValue,).
WARNING  jax._src.dispatch:dispatch.py:204 Finished jaxpr to MLIR module conversion jit(stage) in 0.002480745 sec
WARNING  jax._src.dispatch:dispatch.py:204 Finished XLA compilation of jit(stage) in 0.005762339 sec
WARNING  jax._src.dispatch:dispatch.py:204 Finished tracing stage for jit in 0.000110626 sec
WARNING  jax._src.interpreters.pxla:pxla.py:732 Compiling jit(stage) with global shapes and types (ShapedArray(float64[1086,340]),). Argument mapping: (UnspecifiedValue,).
WARNING  jax._src.dispatch:dispatch.py:204 Finished jaxpr to MLIR module conversion jit(stage) in 0.002612591 sec
WARNING  jax._src.dispatch:dispatch.py:204 Finished XLA compilation of jit(stage) in 0.005890608 sec
WARNING  jax._src.dispatch:dispatch.py:204 Finished tracing convert_element_type for jit in 0.000217438 sec
WARNING  jax._src.interpreters.pxla:pxla.py:732 Compiling jit(convert_element_type) with global shapes and types (ShapedArray(float64[]),). Argument mapping: (UnspecifiedValue,).
WARNING  jax._src.dispatch:dispatch.py:204 Finished jaxpr to MLIR module conversion jit(convert_element_type) in 0.002707958 sec
WARNING  jax._src.compiler:compiler.py:124 Persistent compilation cache hit for 'jit_convert_element_type' with key 'jit_convert_element_type-01a606cd53621775ee8dc154cd916b752858d34a591ebaea748f59c695bd7f80'
WARNING  jax._src.dispatch:dispatch.py:204 Finished XLA compilation of jit(convert_element_type) in 0.002569199 sec
WARNING  jax._src.dispatch:dispatch.py:204 Finished tracing broadcast_in_dim for jit in 0.000242710 sec
WARNING  jax._src.interpreters.pxla:pxla.py:732 Compiling jit(broadcast_in_dim) with global shapes and types (ShapedArray(float64[]),). Argument mapping: (UnspecifiedValue,).
WARNING  jax._src.dispatch:dispatch.py:204 Finished jaxpr to MLIR module conversion jit(broadcast_in_dim) in 0.002790213 sec
WARNING  jax._src.compiler:compiler.py:124 Persistent compilation cache hit for 'jit_broadcast_in_dim' with key 'jit_broadcast_in_dim-3431b036f88a59792d3b75f140dc336bbd9c8b6287463da8b7552db73146dc6c'
WARNING  jax._src.dispatch:dispatch.py:204 Finished XLA compilation of jit(broadcast_in_dim) in 0.002891541 sec
WARNING  jax._src.dispatch:dispatch.py:204 Finished tracing stage for jit in 0.000103474 sec
WARNING  jax._src.interpreters.pxla:pxla.py:732 Compiling jit(stage) with global shapes and types (ShapedArray(float64[340]),). Argument mapping: (UnspecifiedValue,).
WARNING  jax._src.dispatch:dispatch.py:204 Finished jaxpr to MLIR module conversion jit(stage) in 0.002655506 sec
WARNING  jax._src.dispatch:dispatch.py:204 Finished XLA compilation of jit(stage) in 0.005758524 sec
WARNING  jax._src.dispatch:dispatch.py:204 Finished tracing stage for jit in 0.000124693 sec
WARNING  jax._src.interpreters.pxla:pxla.py:732 Compiling jit(stage) with global shapes and types (ShapedArray(float64[1547,2]),). Argument mapping: (UnspecifiedValue,).
WARNING  jax._src.dispatch:dispatch.py:204 Finished jaxpr to MLIR module conversion jit(stage) in 0.003040075 sec
WARNING  jax._src.dispatch:dispatch.py:204 Finished XLA compilation of jit(stage) in 0.006516457 sec
WARNING  jax._src.dispatch:dispatch.py:204 Finished tracing broadcast_in_dim for jit in 0.000250340 sec
WARNING  jax._src.interpreters.pxla:pxla.py:732 Compiling jit(broadcast_in_dim) with global shapes and types (ShapedArray(float64[]),). Argument mapping: (UnspecifiedValue,).
WARNING  jax._src.dispatch:dispatch.py:204 Finished jaxpr to MLIR module conversion jit(broadcast_in_dim) in 0.003111124 sec
WARNING  jax._src.compiler:compiler.py:124 Persistent compilation cache hit for 'jit_broadcast_in_dim' with key 'jit_broadcast_in_dim-11253aa25cb8962bef2ab314b19df0f1753e951ec7b91ecfac98c10ae1f86272'
WARNING  jax._src.dispatch:dispatch.py:204 Finished XLA compilation of jit(broadcast_in_dim) in 0.003440619 sec
WARNING  jax._src.dispatch:dispatch.py:204 Finished tracing stage for jit in 0.000104189 sec
WARNING  jax._src.interpreters.pxla:pxla.py:732 Compiling jit(stage) with global shapes and types (ShapedArray(float64[], weak_type=True),). Argument mapping: (UnspecifiedValue,).
WARNING  jax._src.dispatch:dispatch.py:204 Finished jaxpr to MLIR module conversion jit(stage) in 0.002859592 sec
WARNING  jax._src.compiler:compiler.py:124 Persistent compilation cache hit for 'jit_stage' with key 'jit_stage-317e6f5318f406f2b79207aff284e9899193b1423b281c010bfbb35419b3b7b8'
WARNING  jax._src.dispatch:dispatch.py:204 Finished XLA compilation of jit(stage) in 0.002942324 sec
WARNING  jax._src.dispatch:dispatch.py:204 Finished tracing stage for jit in 0.000114202 sec
WARNING  jax._src.interpreters.pxla:pxla.py:732 Compiling jit(stage) with global shapes and types (ShapedArray(int64[340,7]),). Argument mapping: (UnspecifiedValue,).
WARNING  jax._src.dispatch:dispatch.py:204 Finished jaxpr to MLIR module conversion jit(stage) in 0.002888203 sec
WARNING  jax._src.dispatch:dispatch.py:204 Finished XLA compilation of jit(stage) in 0.005712271 sec
WARNING  jax._src.dispatch:dispatch.py:204 Finished tracing dynamic_slice for jit in 0.000254393 sec
WARNING  jax._src.interpreters.pxla:pxla.py:732 Compiling jit(dynamic_slice) with global shapes and types (ShapedArray(int64[340,7]), ShapedArray(int64[], weak_type=True), ShapedArray(int64[], weak_type=True)). Argument mapping: (UnspecifiedValue, UnspecifiedValue, UnspecifiedValue).
WARNING  jax._src.dispatch:dispatch.py:204 Finished jaxpr to MLIR module conversion jit(dynamic_slice) in 0.002784014 sec
WARNING  jax._src.dispatch:dispatch.py:204 Finished XLA compilation of jit(dynamic_slice) in 0.029886246 sec
WARNING  jax._src.dispatch:dispatch.py:204 Finished tracing squeeze for jit in 0.000250101 sec
WARNING  jax._src.interpreters.pxla:pxla.py:732 Compiling jit(squeeze) with global shapes and types (ShapedArray(int64[340,1]),). Argument mapping: (UnspecifiedValue,).
WARNING  jax._src.dispatch:dispatch.py:204 Finished jaxpr to MLIR module conversion jit(squeeze) in 0.003050089 sec
WARNING  jax._src.dispatch:dispatch.py:204 Finished XLA compilation of jit(squeeze) in 0.005817652 sec
WARNING  jax._src.dispatch:dispatch.py:204 Finished tracing stage for jit in 0.000115156 sec
WARNING  jax._src.interpreters.pxla:pxla.py:732 Compiling jit(stage) with global shapes and types (ShapedArray(float64[340,13,2]),). Argument mapping: (UnspecifiedValue,).
WARNING  jax._src.dispatch:dispatch.py:204 Finished jaxpr to MLIR module conversion jit(stage) in 0.003050804 sec
WARNING  jax._src.dispatch:dispatch.py:204 Finished XLA compilation of jit(stage) in 0.005514622 sec
WARNING  jax._src.dispatch:dispatch.py:204 Finished tracing stage for jit in 0.000120163 sec
WARNING  jax._src.interpreters.pxla:pxla.py:732 Compiling jit(stage) with global shapes and types (ShapedArray(bool[340,13]),). Argument mapping: (UnspecifiedValue,).
WARNING  jax._src.dispatch:dispatch.py:204 Finished jaxpr to MLIR module conversion jit(stage) in 0.002631426 sec
WARNING  jax._src.dispatch:dispatch.py:204 Finished XLA compilation of jit(stage) in 0.005503654 sec
WARNING  jax._src.dispatch:dispatch.py:204 Finished tracing stage for jit in 0.000109911 sec
WARNING  jax._src.interpreters.pxla:pxla.py:732 Compiling jit(stage) with global shapes and types (ShapedArray(bool[340]),). Argument mapping: (UnspecifiedValue,).
WARNING  jax._src.dispatch:dispatch.py:204 Finished jaxpr to MLIR module conversion jit(stage) in 0.002672195 sec
WARNING  jax._src.dispatch:dispatch.py:204 Finished XLA compilation of jit(stage) in 0.005711317 sec
WARNING  jax._src.dispatch:dispatch.py:204 Finished tracing stage for jit in 0.000110865 sec
WARNING  jax._src.interpreters.pxla:pxla.py:732 Compiling jit(stage) with global shapes and types (ShapedArray(float64[121,2]),). Argument mapping: (UnspecifiedValue,).
WARNING  jax._src.dispatch:dispatch.py:204 Finished jaxpr to MLIR module conversion jit(stage) in 0.002658606 sec
WARNING  jax._src.dispatch:dispatch.py:204 Finished XLA compilation of jit(stage) in 0.005506992 sec
WARNING  jax._src.dispatch:dispatch.py:204 Finished tracing stage for jit in 0.000116110 sec
WARNING  jax._src.interpreters.pxla:pxla.py:732 Compiling jit(stage) with global shapes and types (ShapedArray(bool[1]),). Argument mapping: (UnspecifiedValue,).
WARNING  jax._src.dispatch:dispatch.py:204 Finished jaxpr to MLIR module conversion jit(stage) in 0.002527952 sec
WARNING  jax._src.dispatch:dispatch.py:204 Finished XLA compilation of jit(stage) in 0.005342722 sec
WARNING  jax._src.dispatch:dispatch.py:204 Finished tracing broadcast_in_dim for jit in 0.000350952 sec
WARNING  jax._src.interpreters.pxla:pxla.py:732 Compiling jit(broadcast_in_dim) with global shapes and types (ShapedArray(float64[]),). Argument mapping: (UnspecifiedValue,).
WARNING  jax._src.dispatch:dispatch.py:204 Finished jaxpr to MLIR module conversion jit(broadcast_in_dim) in 0.003526211 sec
WARNING  jax._src.dispatch:dispatch.py:204 Finished XLA compilation of jit(broadcast_in_dim) in 0.022596836 sec
WARNING  jax._src.dispatch:dispatch.py:204 Finished tracing dynamic_slice for jit in 0.000245810 sec
WARNING  jax._src.interpreters.pxla:pxla.py:732 Compiling jit(dynamic_slice) with global shapes and types (ShapedArray(float64[340,3]), ShapedArray(int64[], weak_type=True), ShapedArray(int64[], weak_type=True)). Argument mapping: (UnspecifiedValue, UnspecifiedValue, UnspecifiedValue).
WARNING  jax._src.dispatch:dispatch.py:204 Finished jaxpr to MLIR module conversion jit(dynamic_slice) in 0.003379107 sec
WARNING  jax._src.dispatch:dispatch.py:204 Finished XLA compilation of jit(dynamic_slice) in 0.024215460 sec
WARNING  jax._src.dispatch:dispatch.py:204 Finished tracing squeeze for jit in 0.000225544 sec
WARNING  jax._src.interpreters.pxla:pxla.py:732 Compiling jit(squeeze) with global shapes and types (ShapedArray(float64[340,1]),). Argument mapping: (UnspecifiedValue,).
WARNING  jax._src.dispatch:dispatch.py:204 Finished jaxpr to MLIR module conversion jit(squeeze) in 0.003288746 sec
WARNING  jax._src.dispatch:dispatch.py:204 Finished XLA compilation of jit(squeeze) in 0.006147146 sec
WARNING  jax._src.dispatch:dispatch.py:204 Finished tracing multiply for jit in 0.000319958 sec
WARNING  jax._src.interpreters.pxla:pxla.py:732 Compiling jit(multiply) with global shapes and types (ShapedArray(float64[340]), ShapedArray(float64[340])). Argument mapping: (UnspecifiedValue, UnspecifiedValue).
WARNING  jax._src.dispatch:dispatch.py:204 Finished jaxpr to MLIR module conversion jit(multiply) in 0.002840757 sec
WARNING  jax._src.dispatch:dispatch.py:204 Finished XLA compilation of jit(multiply) in 0.030187368 sec
WARNING  jax._src.dispatch:dispatch.py:204 Finished tracing integer_pow for jit in 0.000252962 sec
WARNING  jax._src.interpreters.pxla:pxla.py:732 Compiling jit(integer_pow) with global shapes and types (ShapedArray(float64[340]),). Argument mapping: (UnspecifiedValue,).
WARNING  jax._src.dispatch:dispatch.py:204 Finished jaxpr to MLIR module conversion jit(integer_pow) in 0.003267765 sec
WARNING  jax._src.dispatch:dispatch.py:204 Finished XLA compilation of jit(integer_pow) in 0.027602673 sec
WARNING  jax._src.dispatch:dispatch.py:204 Finished tracing subtract for jit in 0.000301123 sec
WARNING  jax._src.interpreters.pxla:pxla.py:732 Compiling jit(subtract) with global shapes and types (ShapedArray(float64[340]), ShapedArray(float64[340])). Argument mapping: (UnspecifiedValue, UnspecifiedValue).
WARNING  jax._src.dispatch:dispatch.py:204 Finished jaxpr to MLIR module conversion jit(subtract) in 0.003299236 sec
WARNING  jax._src.dispatch:dispatch.py:204 Finished XLA compilation of jit(subtract) in 0.029469728 sec
WARNING  jax._src.dispatch:dispatch.py:204 Finished tracing true_divide for jit in 0.000315666 sec
WARNING  jax._src.interpreters.pxla:pxla.py:732 Compiling jit(true_divide) with global shapes and types (ShapedArray(float64[340]), ShapedArray(float64[340])). Argument mapping: (UnspecifiedValue, UnspecifiedValue).
WARNING  jax._src.dispatch:dispatch.py:204 Finished jaxpr to MLIR module conversion jit(true_divide) in 0.003272295 sec
WARNING  jax._src.dispatch:dispatch.py:204 Finished XLA compilation of jit(true_divide) in 0.029768705 sec
WARNING  jax._src.dispatch:dispatch.py:204 Finished tracing external for jit in 0.000967026 sec
WARNING  jax._src.interpreters.pxla:pxla.py:732 Compiling jit(external) with global shapes and types (ShapedArray(float64[340,1]), ShapedArray(float64[1])). Argument mapping: (UnspecifiedValue, UnspecifiedValue).
WARNING  jax._src.dispatch:dispatch.py:204 Finished jaxpr to MLIR module conversion jit(external) in 0.003433466 sec
WARNING  jax._src.dispatch:dispatch.py:204 Finished XLA compilation of jit(external) in 0.025476217 sec
WARNING  jax._src.dispatch:dispatch.py:204 Finished tracing external for jit in 0.000889063 sec
WARNING  jax._src.interpreters.pxla:pxla.py:732 Compiling jit(external) with global shapes and types (ShapedArray(float64[121,1]), ShapedArray(float64[1])). Argument mapping: (UnspecifiedValue, UnspecifiedValue).
WARNING  jax._src.dispatch:dispatch.py:204 Finished jaxpr to MLIR module conversion jit(external) in 0.003406048 sec
WARNING  jax._src.compiler:compiler.py:124 Persistent compilation cache hit for 'jit_external' with key 'jit_external-7ef6273a79fd2d984c3932a7e47a28b72c8c9949f527729ca3451182c69b2edd'
WARNING  jax._src.dispatch:dispatch.py:204 Finished XLA compilation of jit(external) in 0.003328800 sec
WARNING  jax._src.dispatch:dispatch.py:204 Finished tracing concatenate for jit in 0.000237703 sec
WARNING  jax._src.interpreters.pxla:pxla.py:732 Compiling jit(concatenate) with global shapes and types (ShapedArray(float64[340]), ShapedArray(float64[121])). Argument mapping: (UnspecifiedValue, UnspecifiedValue).
WARNING  jax._src.dispatch:dispatch.py:204 Finished jaxpr to MLIR module conversion jit(concatenate) in 0.003250360 sec
WARNING  jax._src.dispatch:dispatch.py:204 Finished XLA compilation of jit(concatenate) in 0.010372639 sec
WARNING  jax._src.dispatch:dispatch.py:204 Finished tracing external for jit in 0.000763655 sec
WARNING  jax._src.interpreters.pxla:pxla.py:732 Compiling jit(external) with global shapes and types (ShapedArray(float64[1086,1]), ShapedArray(float64[1])). Argument mapping: (UnspecifiedValue, UnspecifiedValue).
WARNING  jax._src.dispatch:dispatch.py:204 Finished jaxpr to MLIR module conversion jit(external) in 0.003033638 sec
WARNING  jax._src.dispatch:dispatch.py:204 Finished XLA compilation of jit(external) in 0.021421432 sec
WARNING  jax._src.dispatch:dispatch.py:204 Finished tracing concatenate for jit in 0.000242233 sec
WARNING  jax._src.interpreters.pxla:pxla.py:732 Compiling jit(concatenate) with global shapes and types (ShapedArray(float64[461]), ShapedArray(float64[1086])). Argument mapping: (UnspecifiedValue, UnspecifiedValue).
WARNING  jax._src.dispatch:dispatch.py:204 Finished jaxpr to MLIR module conversion jit(concatenate) in 0.003155470 sec
WARNING  jax._src.dispatch:dispatch.py:204 Finished XLA compilation of jit(concatenate) in 0.009538889 sec
WARNING  jax._src.dispatch:dispatch.py:204 Finished tracing matmul for jit in 0.000415802 sec
WARNING  jax._src.interpreters.pxla:pxla.py:732 Compiling jit(matmul) with global shapes and types (ShapedArray(float64[1547,2]), ShapedArray(float64[2])). Argument mapping: (UnspecifiedValue, UnspecifiedValue).
WARNING  jax._src.dispatch:dispatch.py:204 Finished jaxpr to MLIR module conversion jit(matmul) in 0.002943039 sec
WARNING  jax._src.dispatch:dispatch.py:204 Finished XLA compilation of jit(matmul) in 0.023754835 sec
WARNING  jax._src.dispatch:dispatch.py:204 Finished tracing add for jit in 0.000328779 sec
WARNING  jax._src.interpreters.pxla:pxla.py:732 Compiling jit(add) with global shapes and types (ShapedArray(float64[1547]), ShapedArray(float64[1547])). Argument mapping: (UnspecifiedValue, UnspecifiedValue).
WARNING  jax._src.dispatch:dispatch.py:204 Finished jaxpr to MLIR module conversion jit(add) in 0.003840208 sec
WARNING  jax._src.dispatch:dispatch.py:204 Finished XLA compilation of jit(add) in 0.031584263 sec
WARNING  jax._src.dispatch:dispatch.py:204 Finished tracing internal for jit in 0.001496553 sec
WARNING  jax._src.interpreters.pxla:pxla.py:732 Compiling jit(internal) with global shapes and types (ShapedArray(float64[340,340]), ShapedArray(float64[340,340]), ShapedArray(float64[340,340]), ShapedArray(float64[340]), ShapedArray(float64[340]), ShapedArray(float64[340])). Argument mapping: (UnspecifiedValue, UnspecifiedValue, UnspecifiedValue, UnspecifiedValue, UnspecifiedValue, UnspecifiedValue).
WARNING  jax._src.dispatch:dispatch.py:204 Finished jaxpr to MLIR module conversion jit(internal) in 0.003665686 sec
WARNING  jax._src.dispatch:dispatch.py:204 Finished XLA compilation of jit(internal) in 0.039767742 sec
WARNING  jax._src.dispatch:dispatch.py:204 Finished tracing internal for jit in 0.001493692 sec
WARNING  jax._src.interpreters.pxla:pxla.py:732 Compiling jit(internal) with global shapes and types (ShapedArray(float64[121,340]), ShapedArray(float64[121,340]), ShapedArray(float64[121,340]), ShapedArray(float64[340]), ShapedArray(float64[340]), ShapedArray(float64[340])). Argument mapping: (UnspecifiedValue, UnspecifiedValue, UnspecifiedValue, UnspecifiedValue, UnspecifiedValue, UnspecifiedValue).
WARNING  jax._src.dispatch:dispatch.py:204 Finished jaxpr to MLIR module conversion jit(internal) in 0.003638268 sec
WARNING  jax._src.dispatch:dispatch.py:204 Finished XLA compilation of jit(internal) in 0.038563728 sec
WARNING  jax._src.dispatch:dispatch.py:204 Finished tracing internal for jit in 0.001364946 sec
WARNING  jax._src.interpreters.pxla:pxla.py:732 Compiling jit(internal) with global shapes and types (ShapedArray(float64[1086,340]), ShapedArray(float64[1086,340]), ShapedArray(float64[1086,340]), ShapedArray(float64[340]), ShapedArray(float64[340]), ShapedArray(float64[340])). Argument mapping: (UnspecifiedValue, UnspecifiedValue, UnspecifiedValue, UnspecifiedValue, UnspecifiedValue, UnspecifiedValue).
WARNING  jax._src.dispatch:dispatch.py:204 Finished jaxpr to MLIR module conversion jit(internal) in 0.003690481 sec
WARNING  jax._src.dispatch:dispatch.py:204 Finished XLA compilation of jit(internal) in 0.041134119 sec
WARNING  jax._src.dispatch:dispatch.py:204 Finished tracing convert_element_type for jit in 0.000239372 sec
WARNING  jax._src.interpreters.pxla:pxla.py:732 Compiling jit(convert_element_type) with global shapes and types (ShapedArray(int8[2]),). Argument mapping: (UnspecifiedValue,).
WARNING  jax._src.dispatch:dispatch.py:204 Finished jaxpr to MLIR module conversion jit(convert_element_type) in 0.003140688 sec
WARNING  jax._src.compiler:compiler.py:124 Persistent compilation cache hit for 'jit_convert_element_type' with key 'jit_convert_element_type-174ac07c4d0eccf81b0fd19713eef6e0d340dfd9861b69b3f85c900ae1beea7b'
WARNING  jax._src.dispatch:dispatch.py:204 Finished XLA compilation of jit(convert_element_type) in 0.003557205 sec
WARNING  jax._src.dispatch:dispatch.py:204 Finished tracing stage for jit in 0.000115156 sec
WARNING  jax._src.interpreters.pxla:pxla.py:732 Compiling jit(stage) with global shapes and types (ShapedArray(float64[1547]),). Argument mapping: (UnspecifiedValue,).
WARNING  jax._src.dispatch:dispatch.py:204 Finished jaxpr to MLIR module conversion jit(stage) in 0.002775431 sec
WARNING  jax._src.dispatch:dispatch.py:204 Finished XLA compilation of jit(stage) in 0.006131649 sec
WARNING  jax._src.dispatch:dispatch.py:204 Finished tracing stack for jit in 0.000238895 sec
WARNING  jax._src.interpreters.pxla:pxla.py:732 Compiling jit(stack) with global shapes and types (ShapedArray(float64[1547]), ShapedArray(float64[1547])). Argument mapping: (UnspecifiedValue, UnspecifiedValue).
WARNING  jax._src.dispatch:dispatch.py:204 Finished jaxpr to MLIR module conversion jit(stack) in 0.002888680 sec
WARNING  jax._src.dispatch:dispatch.py:204 Finished XLA compilation of jit(stack) in 0.026342392 sec
WARNING  jax._src.dispatch:dispatch.py:204 Finished tracing iota for jit in 0.000149250 sec
WARNING  jax._src.interpreters.pxla:pxla.py:732 Compiling jit(iota) with global shapes and types (). Argument mapping: ().
WARNING  jax._src.dispatch:dispatch.py:204 Finished jaxpr to MLIR module conversion jit(iota) in 0.003685474 sec
WARNING  jax._src.dispatch:dispatch.py:204 Finished XLA compilation of jit(iota) in 0.021140575 sec
WARNING  jax._src.dispatch:dispatch.py:204 Finished tracing convert_element_type for jit in 0.000185013 sec
WARNING  jax._src.interpreters.pxla:pxla.py:732 Compiling jit(convert_element_type) with global shapes and types (ShapedArray(float64[], weak_type=True),). Argument mapping: (UnspecifiedValue,).
WARNING  jax._src.dispatch:dispatch.py:204 Finished jaxpr to MLIR module conversion jit(convert_element_type) in 0.002940178 sec
WARNING  jax._src.compiler:compiler.py:124 Persistent compilation cache hit for 'jit_convert_element_type' with key 'jit_convert_element_type-01a606cd53621775ee8dc154cd916b752858d34a591ebaea748f59c695bd7f80'
WARNING  jax._src.dispatch:dispatch.py:204 Finished XLA compilation of jit(convert_element_type) in 0.001322031 sec
WARNING  jax._src.dispatch:dispatch.py:204 Finished tracing convert_element_type for jit in 0.000137329 sec
WARNING  jax._src.interpreters.pxla:pxla.py:732 Compiling jit(convert_element_type) with global shapes and types (ShapedArray(float64[]),). Argument mapping: (UnspecifiedValue,).
WARNING  jax._src.dispatch:dispatch.py:204 Finished jaxpr to MLIR module conversion jit(convert_element_type) in 0.002691507 sec
WARNING  jax._src.compiler:compiler.py:124 Persistent compilation cache hit for 'jit_convert_element_type' with key 'jit_convert_element_type-01a606cd53621775ee8dc154cd916b752858d34a591ebaea748f59c695bd7f80'
WARNING  jax._src.dispatch:dispatch.py:204 Finished XLA compilation of jit(convert_element_type) in 0.001631498 sec
WARNING  jax._src.dispatch:dispatch.py:204 Finished tracing stage for jit in 0.000078678 sec
WARNING  jax._src.interpreters.pxla:pxla.py:732 Compiling jit(stage) with global shapes and types (ShapedArray(float64[]),). Argument mapping: (UnspecifiedValue,).
WARNING  jax._src.dispatch:dispatch.py:204 Finished jaxpr to MLIR module conversion jit(stage) in 0.002570152 sec
WARNING  jax._src.compiler:compiler.py:124 Persistent compilation cache hit for 'jit_stage' with key 'jit_stage-317e6f5318f406f2b79207aff284e9899193b1423b281c010bfbb35419b3b7b8'
WARNING  jax._src.dispatch:dispatch.py:204 Finished XLA compilation of jit(stage) in 0.001432180 sec
WARNING  jax._src.dispatch:dispatch.py:204 Finished tracing stage for jit in 0.000095844 sec
WARNING  jax._src.interpreters.pxla:pxla.py:732 Compiling jit(stage) with global shapes and types (ShapedArray(bool[]),). Argument mapping: (UnspecifiedValue,).
WARNING  jax._src.dispatch:dispatch.py:204 Finished jaxpr to MLIR module conversion jit(stage) in 0.002685070 sec
WARNING  jax._src.compiler:compiler.py:124 Persistent compilation cache hit for 'jit_stage' with key 'jit_stage-33c5c2d14821dbc3b9dd19dbcac4df271433bbc698868215074ebf2cd8b2c537'
WARNING  jax._src.dispatch:dispatch.py:204 Finished XLA compilation of jit(stage) in 0.002989292 sec
WARNING  jax._src.interpreters.pxla:pxla.py:732 Compiling jit(gammasgn) with global shapes and types (ShapedArray(float64[], weak_type=True),). Argument mapping: (UnspecifiedValue,).
WARNING  jax._src.dispatch:dispatch.py:204 Finished tracing iota for jit in 0.000156403 sec
WARNING  jax._src.interpreters.pxla:pxla.py:732 Compiling jit(iota) with global shapes and types (). Argument mapping: ().
WARNING  jax._src.dispatch:dispatch.py:204 Finished jaxpr to MLIR module conversion jit(iota) in 0.003289461 sec
WARNING  jax._src.dispatch:dispatch.py:204 Finished XLA compilation of jit(iota) in 0.020157576 sec
WARNING  jax._src.dispatch:dispatch.py:204 Finished jaxpr to MLIR module conversion jit(gammasgn) in 0.038500786 sec
WARNING  jax._src.dispatch:dispatch.py:204 Finished XLA compilation of jit(gammasgn) in 0.035907269 sec
WARNING  jax._src.dispatch:dispatch.py:204 Finished tracing lgamma for jit in 0.000208855 sec
WARNING  jax._src.interpreters.pxla:pxla.py:732 Compiling jit(lgamma) with global shapes and types (ShapedArray(float64[], weak_type=True),). Argument mapping: (UnspecifiedValue,).
WARNING  jax._src.dispatch:dispatch.py:204 Finished jaxpr to MLIR module conversion jit(lgamma) in 0.003465414 sec
WARNING  jax._src.dispatch:dispatch.py:204 Finished XLA compilation of jit(lgamma) in 0.034071207 sec
WARNING  jax._src.dispatch:dispatch.py:204 Finished tracing exp for jit in 0.000217915 sec
WARNING  jax._src.interpreters.pxla:pxla.py:732 Compiling jit(exp) with global shapes and types (ShapedArray(float64[], weak_type=True),). Argument mapping: (UnspecifiedValue,).
WARNING  jax._src.dispatch:dispatch.py:204 Finished jaxpr to MLIR module conversion jit(exp) in 0.003727436 sec
WARNING  jax._src.dispatch:dispatch.py:204 Finished XLA compilation of jit(exp) in 0.029396534 sec
WARNING  jax._src.interpreters.pxla:pxla.py:732 Compiling jit(multiply) with global shapes and types (ShapedArray(float64[]), ShapedArray(float64[], weak_type=True)). Argument mapping: (UnspecifiedValue, UnspecifiedValue).
WARNING  jax._src.dispatch:dispatch.py:204 Finished jaxpr to MLIR module conversion jit(multiply) in 0.003719330 sec
WARNING  jax._src.dispatch:dispatch.py:204 Finished XLA compilation of jit(multiply) in 0.022232056 sec
WARNING  jax._src.dispatch:dispatch.py:204 Finished tracing scan for jit in 0.000225067 sec
WARNING  jax._src.interpreters.pxla:pxla.py:732 Compiling jit(scan) with global shapes and types (ShapedArray(int64[5]),). Argument mapping: (UnspecifiedValue,).
WARNING  jax._src.dispatch:dispatch.py:204 Finished tracing empty2 for jit in 0.000132084 sec
WARNING  jax._src.interpreters.pxla:pxla.py:732 Compiling jit(empty2) with global shapes and types (). Argument mapping: ().
WARNING  jax._src.dispatch:dispatch.py:204 Finished jaxpr to MLIR module conversion jit(empty2) in 0.003434181 sec
WARNING  jax._src.dispatch:dispatch.py:204 Finished XLA compilation of jit(empty2) in 0.009561300 sec
WARNING  jax._src.dispatch:dispatch.py:204 Finished tracing broadcast_in_dim for jit in 0.000306606 sec
WARNING  jax._src.interpreters.pxla:pxla.py:732 Compiling jit(broadcast_in_dim) with global shapes and types (ShapedArray(float64[]),). Argument mapping: (UnspecifiedValue,).
WARNING  jax._src.dispatch:dispatch.py:204 Finished jaxpr to MLIR module conversion jit(broadcast_in_dim) in 0.003603935 sec
WARNING  jax._src.dispatch:dispatch.py:204 Finished XLA compilation of jit(broadcast_in_dim) in 0.020136118 sec
WARNING  jax._src.dispatch:dispatch.py:204 Finished jaxpr to MLIR module conversion jit(scan) in 0.058111191 sec
WARNING  jax._src.dispatch:dispatch.py:204 Finished XLA compilation of jit(scan) in 0.067676783 sec
WARNING  jax._src.interpreters.pxla:pxla.py:732 Compiling jit(table) with global shapes and types (). Argument mapping: ().
WARNING  jax._src.dispatch:dispatch.py:204 Finished jaxpr to MLIR module conversion jit(table) in 0.003617287 sec
WARNING  jax._src.dispatch:dispatch.py:204 Finished XLA compilation of jit(table) in 0.006434441 sec
WARNING  jax._src.dispatch:dispatch.py:204 Finished tracing iota for jit in 0.000136852 sec
WARNING  jax._src.interpreters.pxla:pxla.py:732 Compiling jit(iota) with global shapes and types (). Argument mapping: ().
WARNING  jax._src.dispatch:dispatch.py:204 Finished jaxpr to MLIR module conversion jit(iota) in 0.003412724 sec
WARNING  jax._src.dispatch:dispatch.py:204 Finished XLA compilation of jit(iota) in 0.020392656 sec
WARNING  jax._src.dispatch:dispatch.py:204 Finished tracing scan for jit in 0.000182629 sec
WARNING  jax._src.interpreters.pxla:pxla.py:732 Compiling jit(scan) with global shapes and types (ShapedArray(int64[4]),). Argument mapping: (UnspecifiedValue,).
WARNING  jax._src.dispatch:dispatch.py:204 Finished tracing broadcast_in_dim for jit in 0.000112772 sec
WARNING  jax._src.interpreters.pxla:pxla.py:732 Compiling jit(broadcast_in_dim) with global shapes and types (ShapedArray(float64[]),). Argument mapping: (UnspecifiedValue,).
WARNING  jax._src.dispatch:dispatch.py:204 Finished jaxpr to MLIR module conversion jit(broadcast_in_dim) in 0.002887726 sec
WARNING  jax._src.dispatch:dispatch.py:204 Finished XLA compilation of jit(broadcast_in_dim) in 0.019017935 sec
WARNING  jax._src.dispatch:dispatch.py:204 Finished jaxpr to MLIR module conversion jit(scan) in 0.039084911 sec
WARNING  jax._src.dispatch:dispatch.py:204 Finished XLA compilation of jit(scan) in 0.066615105 sec
WARNING  jax._src.interpreters.pxla:pxla.py:732 Compiling jit(table) with global shapes and types (). Argument mapping: ().
WARNING  jax._src.dispatch:dispatch.py:204 Finished jaxpr to MLIR module conversion jit(table) in 0.003488541 sec
WARNING  jax._src.dispatch:dispatch.py:204 Finished XLA compilation of jit(table) in 0.006318808 sec
WARNING  jax._src.dispatch:dispatch.py:204 Finished tracing iota for jit in 0.000145674 sec
WARNING  jax._src.interpreters.pxla:pxla.py:732 Compiling jit(iota) with global shapes and types (). Argument mapping: ().
WARNING  jax._src.dispatch:dispatch.py:204 Finished jaxpr to MLIR module conversion jit(iota) in 0.003380775 sec
WARNING  jax._src.dispatch:dispatch.py:204 Finished XLA compilation of jit(iota) in 0.020309210 sec
WARNING  jax._src.dispatch:dispatch.py:204 Finished tracing scan for jit in 0.000185251 sec
WARNING  jax._src.interpreters.pxla:pxla.py:732 Compiling jit(scan) with global shapes and types (ShapedArray(int64[3]),). Argument mapping: (UnspecifiedValue,).
WARNING  jax._src.dispatch:dispatch.py:204 Finished tracing broadcast_in_dim for jit in 0.000116110 sec
WARNING  jax._src.interpreters.pxla:pxla.py:732 Compiling jit(broadcast_in_dim) with global shapes and types (ShapedArray(float64[]),). Argument mapping: (UnspecifiedValue,).
WARNING  jax._src.dispatch:dispatch.py:204 Finished jaxpr to MLIR module conversion jit(broadcast_in_dim) in 0.002832890 sec
WARNING  jax._src.dispatch:dispatch.py:204 Finished XLA compilation of jit(broadcast_in_dim) in 0.019325256 sec
WARNING  jax._src.dispatch:dispatch.py:204 Finished jaxpr to MLIR module conversion jit(scan) in 0.039622068 sec
WARNING  jax._src.dispatch:dispatch.py:204 Finished XLA compilation of jit(scan) in 0.067759275 sec
WARNING  jax._src.interpreters.pxla:pxla.py:732 Compiling jit(table) with global shapes and types (). Argument mapping: ().
WARNING  jax._src.dispatch:dispatch.py:204 Finished jaxpr to MLIR module conversion jit(table) in 0.003537416 sec
WARNING  jax._src.dispatch:dispatch.py:204 Finished XLA compilation of jit(table) in 0.006458044 sec
WARNING  jax._src.dispatch:dispatch.py:204 Finished tracing iota for jit in 0.000150442 sec
WARNING  jax._src.interpreters.pxla:pxla.py:732 Compiling jit(iota) with global shapes and types (). Argument mapping: ().
WARNING  jax._src.dispatch:dispatch.py:204 Finished jaxpr to MLIR module conversion jit(iota) in 0.003291845 sec
WARNING  jax._src.dispatch:dispatch.py:204 Finished XLA compilation of jit(iota) in 0.020184755 sec
WARNING  jax._src.dispatch:dispatch.py:204 Finished tracing scan for jit in 0.000180006 sec
WARNING  jax._src.interpreters.pxla:pxla.py:732 Compiling jit(scan) with global shapes and types (ShapedArray(int64[2]),). Argument mapping: (UnspecifiedValue,).
WARNING  jax._src.dispatch:dispatch.py:204 Finished tracing broadcast_in_dim for jit in 0.000109911 sec
WARNING  jax._src.interpreters.pxla:pxla.py:732 Compiling jit(broadcast_in_dim) with global shapes and types (ShapedArray(float64[]),). Argument mapping: (UnspecifiedValue,).
WARNING  jax._src.dispatch:dispatch.py:204 Finished jaxpr to MLIR module conversion jit(broadcast_in_dim) in 0.002899647 sec
WARNING  jax._src.compiler:compiler.py:124 Persistent compilation cache hit for 'jit_broadcast_in_dim' with key 'jit_broadcast_in_dim-11253aa25cb8962bef2ab314b19df0f1753e951ec7b91ecfac98c10ae1f86272'
WARNING  jax._src.dispatch:dispatch.py:204 Finished XLA compilation of jit(broadcast_in_dim) in 0.001880646 sec
WARNING  jax._src.dispatch:dispatch.py:204 Finished jaxpr to MLIR module conversion jit(scan) in 0.021410465 sec
WARNING  jax._src.dispatch:dispatch.py:204 Finished XLA compilation of jit(scan) in 0.065309763 sec
WARNING  jax._src.interpreters.pxla:pxla.py:732 Compiling jit(table) with global shapes and types (). Argument mapping: ().
WARNING  jax._src.dispatch:dispatch.py:204 Finished jaxpr to MLIR module conversion jit(table) in 0.003563166 sec
WARNING  jax._src.dispatch:dispatch.py:204 Finished XLA compilation of jit(table) in 0.019115686 sec
WARNING  jax._src.interpreters.pxla:pxla.py:732 Compiling jit(read_qualification) with global shapes and types (ShapedArray(float64[340,2]), ShapedArray(float64[340,6,7]), ShapedArray(int64[340,7]), ShapedArray(float64[340,2]), ShapedArray(float64[340,2]), ShapedArray(float64[340,13,2]), ShapedArray(float64[340,13,2]), ShapedArray(bool[340,13]), ShapedArray(float64[340]), ShapedArray(bool[340]), ShapedArray(float64[121,2]), ShapedArray(int32[2]), ShapedArray(bool[1]), ShapedArray(bool[1]), ShapedArray(float64[121,2]), ShapedArray(int32[198,7]), ShapedArray(float64[198,7,2,2]), ShapedArray(float64[340,2]), ShapedArray(int32[198,7,3,7]), ShapedArray(float64[198,7,3,7]), ShapedArray(float64[2,2]), ShapedArray(float64[2,2]), ShapedArray(int32[2,2]), ShapedArray(bool[2,2]), ShapedArray(int32[2]), ShapedArray(float64[2,1547]), ShapedArray(int64[], weak_type=True), ShapedArray(bool[340]), ShapedArray(int8[2])). Argument mapping: (UnspecifiedValue, UnspecifiedValue, UnspecifiedValue, UnspecifiedValue, UnspecifiedValue, UnspecifiedValue, UnspecifiedValue, UnspecifiedValue, UnspecifiedValue, UnspecifiedValue, UnspecifiedValue, UnspecifiedValue, UnspecifiedValue, UnspecifiedValue, UnspecifiedValue, UnspecifiedValue, UnspecifiedValue, UnspecifiedValue, UnspecifiedValue, UnspecifiedValue, UnspecifiedValue, UnspecifiedValue, UnspecifiedValue, UnspecifiedValue, UnspecifiedValue, UnspecifiedValue, UnspecifiedValue, UnspecifiedValue, UnspecifiedValue).
WARNING  jax._src.dispatch:dispatch.py:204 Finished jaxpr to MLIR module conversion jit(read_qualification) in 0.452854633 sec
WARNING  jax._src.compiler:compiler.py:124 Persistent compilation cache hit for 'jit_read_qualification' with key 'jit_read_qualification-b3b4319bbf7b0471ad36938bdc92bcfe152e7be3b9fe053461cf03aac6215abc'
WARNING  jax._src.dispatch:dispatch.py:204 Finished XLA compilation of jit(read_qualification) in 0.340557337 sec
WARNING  jax._src.interpreters.pxla:pxla.py:732 Compiling jit(split_flux_map) with global shapes and types (ShapedArray(float64[2,1547]),). Argument mapping: (UnspecifiedValue,).
WARNING  jax._src.dispatch:dispatch.py:204 Finished jaxpr to MLIR module conversion jit(split_flux_map) in 0.004129410 sec
WARNING  jax._src.dispatch:dispatch.py:204 Finished XLA compilation of jit(split_flux_map) in 0.034494400 sec
WARNING  jax._src.dispatch:dispatch.py:204 Finished tracing dynamic_slice for jit in 0.000303268 sec
WARNING  jax._src.interpreters.pxla:pxla.py:732 Compiling jit(dynamic_slice) with global shapes and types (ShapedArray(float64[2,1547]), ShapedArray(int64[], weak_type=True), ShapedArray(int64[], weak_type=True)). Argument mapping: (UnspecifiedValue, UnspecifiedValue, UnspecifiedValue).
WARNING  jax._src.dispatch:dispatch.py:204 Finished jaxpr to MLIR module conversion jit(dynamic_slice) in 0.003806114 sec
WARNING  jax._src.dispatch:dispatch.py:204 Finished XLA compilation of jit(dynamic_slice) in 0.029413700 sec
WARNING  jax._src.dispatch:dispatch.py:204 Finished tracing dynamic_slice for jit in 0.000280380 sec
WARNING  jax._src.interpreters.pxla:pxla.py:732 Compiling jit(dynamic_slice) with global shapes and types (ShapedArray(float64[2,1547]), ShapedArray(int64[], weak_type=True), ShapedArray(int64[], weak_type=True)). Argument mapping: (UnspecifiedValue, UnspecifiedValue, UnspecifiedValue).
WARNING  jax._src.dispatch:dispatch.py:204 Finished jaxpr to MLIR module conversion jit(dynamic_slice) in 0.003596067 sec
WARNING  jax._src.dispatch:dispatch.py:204 Finished XLA compilation of jit(dynamic_slice) in 0.025999546 sec
WARNING  jax._src.dispatch:dispatch.py:204 Finished tracing concatenate for jit in 0.000268936 sec
WARNING  jax._src.interpreters.pxla:pxla.py:732 Compiling jit(concatenate) with global shapes and types (ShapedArray(float64[2,340]), ShapedArray(float64[2,1086])). Argument mapping: (UnspecifiedValue, UnspecifiedValue).
WARNING  jax._src.dispatch:dispatch.py:204 Finished jaxpr to MLIR module conversion jit(concatenate) in 0.003546000 sec
WARNING  jax._src.dispatch:dispatch.py:204 Finished XLA compilation of jit(concatenate) in 0.011520863 sec
WARNING  jax._src.interpreters.pxla:pxla.py:732 Compiling jit(__call__) with global shapes and types (ShapedArray(float64[340,6,7]), ShapedArray(int64[340,7]), ShapedArray(float64[340,2]), ShapedArray(float64[340,2]), ShapedArray(float64[340,13,2]), ShapedArray(float64[340,13,2]), ShapedArray(bool[340,13]), ShapedArray(float64[340]), ShapedArray(bool[340]), ShapedArray(float64[121,2]), ShapedArray(int32[2]), ShapedArray(bool[1]), ShapedArray(bool[1]), ShapedArray(float64[2,1426])). Argument mapping: (UnspecifiedValue, UnspecifiedValue, UnspecifiedValue, UnspecifiedValue, UnspecifiedValue, UnspecifiedValue, UnspecifiedValue, UnspecifiedValue, UnspecifiedValue, UnspecifiedValue, UnspecifiedValue, UnspecifiedValue, UnspecifiedValue, UnspecifiedValue).
WARNING  jax._src.dispatch:dispatch.py:204 Finished jaxpr to MLIR module conversion jit(__call__) in 0.075402498 sec
WARNING  jax._src.dispatch:dispatch.py:204 Finished XLA compilation of jit(__call__) in 0.455935240 sec
WARNING  jax._src.dispatch:dispatch.py:204 Finished tracing unstack for jit in 0.000326633 sec
WARNING  jax._src.interpreters.pxla:pxla.py:732 Compiling jit(unstack) with global shapes and types (ShapedArray(float64[2,2,30,4]),). Argument mapping: (UnspecifiedValue,).
WARNING  jax._src.dispatch:dispatch.py:204 Finished jaxpr to MLIR module conversion jit(unstack) in 0.004241228 sec
WARNING  jax._src.compiler:compiler.py:124 Persistent compilation cache hit for 'jit_unstack' with key 'jit_unstack-6720d9193b16a2a208e650af714cd1a4ca7767505691e2f9a328677567a68842'
WARNING  jax._src.dispatch:dispatch.py:204 Finished XLA compilation of jit(unstack) in 0.004419565 sec
WARNING  jax._src.dispatch:dispatch.py:204 Finished tracing dynamic_slice for jit in 0.000288010 sec
WARNING  jax._src.interpreters.pxla:pxla.py:732 Compiling jit(dynamic_slice) with global shapes and types (ShapedArray(float64[2,30,4]), ShapedArray(int64[], weak_type=True), ShapedArray(int64[], weak_type=True), ShapedArray(int64[], weak_type=True)). Argument mapping: (UnspecifiedValue, UnspecifiedValue, UnspecifiedValue, UnspecifiedValue).
WARNING  jax._src.dispatch:dispatch.py:204 Finished jaxpr to MLIR module conversion jit(dynamic_slice) in 0.003726006 sec
WARNING  jax._src.compiler:compiler.py:124 Persistent compilation cache hit for 'jit_dynamic_slice' with key 'jit_dynamic_slice-7e4aee641ab074aefd80dc730d7b1adad72791257b1669ea2cb83c8819220c38'
WARNING  jax._src.dispatch:dispatch.py:204 Finished XLA compilation of jit(dynamic_slice) in 0.003254175 sec
WARNING  jax._src.interpreters.pxla:pxla.py:732 Compiling jit(subtract) with global shapes and types (ShapedArray(float64[2,30,2]), ShapedArray(float64[2])). Argument mapping: (UnspecifiedValue, UnspecifiedValue).
WARNING  jax._src.dispatch:dispatch.py:204 Finished jaxpr to MLIR module conversion jit(subtract) in 0.003825426 sec
WARNING  jax._src.compiler:compiler.py:124 Persistent compilation cache hit for 'jit_subtract' with key 'jit_subtract-1b33dde53816c8103c3b194960272075e61d5a5a65e0258c0a78e8f9cd7b646d'
WARNING  jax._src.dispatch:dispatch.py:204 Finished XLA compilation of jit(subtract) in 0.002975941 sec
WARNING  jax._src.dispatch:dispatch.py:204 Finished tracing integer_pow for jit in 0.000226498 sec
WARNING  jax._src.interpreters.pxla:pxla.py:732 Compiling jit(integer_pow) with global shapes and types (ShapedArray(float64[2,30,2]),). Argument mapping: (UnspecifiedValue,).
WARNING  jax._src.dispatch:dispatch.py:204 Finished jaxpr to MLIR module conversion jit(integer_pow) in 0.003349304 sec
WARNING  jax._src.compiler:compiler.py:124 Persistent compilation cache hit for 'jit_integer_pow' with key 'jit_integer_pow-c9a953f74112e9bfb655c728b9f602a549a5ec8ab493208d1786aedb15b36793'
WARNING  jax._src.dispatch:dispatch.py:204 Finished XLA compilation of jit(integer_pow) in 0.003045082 sec
WARNING  jax._src.interpreters.pxla:pxla.py:732 Compiling jit(_reduce_sum) with global shapes and types (ShapedArray(float64[2,30,2]),). Argument mapping: (UnspecifiedValue,).
WARNING  jax._src.dispatch:dispatch.py:204 Finished jaxpr to MLIR module conversion jit(_reduce_sum) in 0.003412247 sec
WARNING  jax._src.compiler:compiler.py:124 Persistent compilation cache hit for 'jit__reduce_sum' with key 'jit__reduce_sum-e3f44f5a0e543c346111787fe27b7c328cedc638ff8937cb37e48882858ca0d0'
WARNING  jax._src.dispatch:dispatch.py:204 Finished XLA compilation of jit(_reduce_sum) in 0.003227949 sec
WARNING  jax._src.dispatch:dispatch.py:204 Finished tracing dynamic_slice for jit in 0.000260115 sec
WARNING  jax._src.interpreters.pxla:pxla.py:732 Compiling jit(dynamic_slice) with global shapes and types (ShapedArray(float64[2,30,4]), ShapedArray(int64[], weak_type=True), ShapedArray(int64[], weak_type=True), ShapedArray(int64[], weak_type=True)). Argument mapping: (UnspecifiedValue, UnspecifiedValue, UnspecifiedValue, UnspecifiedValue).
WARNING  jax._src.dispatch:dispatch.py:204 Finished jaxpr to MLIR module conversion jit(dynamic_slice) in 0.003367424 sec
WARNING  jax._src.compiler:compiler.py:124 Persistent compilation cache hit for 'jit_dynamic_slice' with key 'jit_dynamic_slice-943fc519bbc222083a7bbf5f680af68483997e165d2299f7fc80f5c4e821ef4b'
WARNING  jax._src.dispatch:dispatch.py:204 Finished XLA compilation of jit(dynamic_slice) in 0.002969742 sec
WARNING  jax._src.dispatch:dispatch.py:204 Finished tracing squeeze for jit in 0.000195265 sec
WARNING  jax._src.interpreters.pxla:pxla.py:732 Compiling jit(squeeze) with global shapes and types (ShapedArray(float64[2,30,1]),). Argument mapping: (UnspecifiedValue,).
WARNING  jax._src.dispatch:dispatch.py:204 Finished jaxpr to MLIR module conversion jit(squeeze) in 0.003210306 sec
WARNING  jax._src.compiler:compiler.py:124 Persistent compilation cache hit for 'jit_squeeze' with key 'jit_squeeze-d0092be85855aa35c4ab6e401f56a9194a1a7cfff2e25b899936cc92172a9504'
WARNING  jax._src.dispatch:dispatch.py:204 Finished XLA compilation of jit(squeeze) in 0.002682447 sec
WARNING  jax._src.interpreters.pxla:pxla.py:732 Compiling jit(isfinite) with global shapes and types (ShapedArray(float64[2,30]),). Argument mapping: (UnspecifiedValue,).
WARNING  jax._src.dispatch:dispatch.py:204 Finished jaxpr to MLIR module conversion jit(isfinite) in 0.003144979 sec
WARNING  jax._src.compiler:compiler.py:124 Persistent compilation cache hit for 'jit_isfinite' with key 'jit_isfinite-b7ca7ffda3363a68e6797c2033f9cdf92106c73dc82ebb29bcfd59731088b04f'
WARNING  jax._src.dispatch:dispatch.py:204 Finished XLA compilation of jit(isfinite) in 0.003385305 sec
WARNING  jax._src.interpreters.pxla:pxla.py:732 Compiling jit(_where) with global shapes and types (ShapedArray(bool[2,30]), ShapedArray(float64[2,30]), ShapedArray(float64[], weak_type=True)). Argument mapping: (UnspecifiedValue, UnspecifiedValue, UnspecifiedValue).
WARNING  jax._src.dispatch:dispatch.py:204 Finished jaxpr to MLIR module conversion jit(_where) in 0.003707647 sec
WARNING  jax._src.compiler:compiler.py:124 Persistent compilation cache hit for 'jit__where' with key 'jit__where-d38fa63105c5226de9869d12b1a0ebe85934a4db68570c192a24e365b23a167d'
WARNING  jax._src.dispatch:dispatch.py:204 Finished XLA compilation of jit(_where) in 0.003172398 sec
WARNING  jax._src.interpreters.pxla:pxla.py:732 Compiling jit(_argmin) with global shapes and types (ShapedArray(float64[2,30]),). Argument mapping: (UnspecifiedValue,).
WARNING  jax._src.dispatch:dispatch.py:204 Finished jaxpr to MLIR module conversion jit(_argmin) in 0.005628824 sec
WARNING  jax._src.compiler:compiler.py:124 Persistent compilation cache hit for 'jit__argmin' with key 'jit__argmin-120b22f654751470cf6401852bb8d6cc7c112efd78506f0e2034e333da31e260'
WARNING  jax._src.dispatch:dispatch.py:204 Finished XLA compilation of jit(_argmin) in 0.004157066 sec
WARNING  jax._src.dispatch:dispatch.py:204 Finished tracing convert_element_type for jit in 0.000202417 sec
WARNING  jax._src.interpreters.pxla:pxla.py:732 Compiling jit(convert_element_type) with global shapes and types (ShapedArray(int64[2]),). Argument mapping: (UnspecifiedValue,).
WARNING  jax._src.dispatch:dispatch.py:204 Finished jaxpr to MLIR module conversion jit(convert_element_type) in 0.003081560 sec
WARNING  jax._src.compiler:compiler.py:124 Persistent compilation cache hit for 'jit_convert_element_type' with key 'jit_convert_element_type-35da06bcbcec38e36378e34ef30db4bb538afc6c9705a7c2057fab05fc4c90d3'
WARNING  jax._src.dispatch:dispatch.py:204 Finished XLA compilation of jit(convert_element_type) in 0.002996683 sec
WARNING  jax._src.dispatch:dispatch.py:204 Finished tracing convert_element_type for jit in 0.000190973 sec
WARNING  jax._src.interpreters.pxla:pxla.py:732 Compiling jit(convert_element_type) with global shapes and types (ShapedArray(int32[]),). Argument mapping: (UnspecifiedValue,).
WARNING  jax._src.dispatch:dispatch.py:204 Finished jaxpr to MLIR module conversion jit(convert_element_type) in 0.002944231 sec
WARNING  jax._src.compiler:compiler.py:124 Persistent compilation cache hit for 'jit_convert_element_type' with key 'jit_convert_element_type-a09fd6c701cf5aa53ed5c5bfe68a2077ec7cdf8e451ac5c96acfab0d345de822'
WARNING  jax._src.dispatch:dispatch.py:204 Finished XLA compilation of jit(convert_element_type) in 0.002758980 sec
WARNING  jax._src.interpreters.pxla:pxla.py:732 Compiling jit(less) with global shapes and types (ShapedArray(int32[2]), ShapedArray(int64[], weak_type=True)). Argument mapping: (UnspecifiedValue, UnspecifiedValue).
WARNING  jax._src.dispatch:dispatch.py:204 Finished jaxpr to MLIR module conversion jit(less) in 0.003402948 sec
WARNING  jax._src.compiler:compiler.py:124 Persistent compilation cache hit for 'jit_less' with key 'jit_less-10df911cd7c3e4e18923e71d4777b8d4897e8916ff66a17f6f32e8374c0231a7'
WARNING  jax._src.dispatch:dispatch.py:204 Finished XLA compilation of jit(less) in 0.003165960 sec
WARNING  jax._src.interpreters.pxla:pxla.py:732 Compiling jit(add) with global shapes and types (ShapedArray(int32[2]), ShapedArray(int32[])). Argument mapping: (UnspecifiedValue, UnspecifiedValue).
WARNING  jax._src.dispatch:dispatch.py:204 Finished jaxpr to MLIR module conversion jit(add) in 0.003190994 sec
WARNING  jax._src.compiler:compiler.py:124 Persistent compilation cache hit for 'jit_add' with key 'jit_add-69b7411bd77795f10fb9cae20cbe69fb48388d10a6e566d5e1ad5d7ac89a3579'
WARNING  jax._src.dispatch:dispatch.py:204 Finished XLA compilation of jit(add) in 0.002961397 sec
WARNING  jax._src.dispatch:dispatch.py:204 Finished tracing select_n for jit in 0.000268221 sec
WARNING  jax._src.interpreters.pxla:pxla.py:732 Compiling jit(select_n) with global shapes and types (ShapedArray(bool[2]), ShapedArray(int32[2]), ShapedArray(int32[2])). Argument mapping: (UnspecifiedValue, UnspecifiedValue, UnspecifiedValue).
WARNING  jax._src.dispatch:dispatch.py:204 Finished jaxpr to MLIR module conversion jit(select_n) in 0.003135681 sec
WARNING  jax._src.compiler:compiler.py:124 Persistent compilation cache hit for 'jit_select_n' with key 'jit_select_n-2b47a56e7865eaff43854d3bb28f7ccca55819e4009f8d5add1ef55cd28bb96d'
WARNING  jax._src.dispatch:dispatch.py:204 Finished XLA compilation of jit(select_n) in 0.002863407 sec
WARNING  jax._src.interpreters.pxla:pxla.py:732 Compiling jit(less) with global shapes and types (ShapedArray(int32[]), ShapedArray(int64[], weak_type=True)). Argument mapping: (UnspecifiedValue, UnspecifiedValue).
WARNING  jax._src.dispatch:dispatch.py:204 Finished jaxpr to MLIR module conversion jit(less) in 0.003237963 sec
WARNING  jax._src.compiler:compiler.py:124 Persistent compilation cache hit for 'jit_less' with key 'jit_less-7355b83b5ccb882ed30dce609f6d80b5c3f9750aa714c1ab2c0d60ddbdc9eda2'
WARNING  jax._src.dispatch:dispatch.py:204 Finished XLA compilation of jit(less) in 0.002998590 sec
WARNING  jax._src.interpreters.pxla:pxla.py:732 Compiling jit(add) with global shapes and types (ShapedArray(int32[]), ShapedArray(int32[])). Argument mapping: (UnspecifiedValue, UnspecifiedValue).
WARNING  jax._src.dispatch:dispatch.py:204 Finished jaxpr to MLIR module conversion jit(add) in 0.003124475 sec
WARNING  jax._src.compiler:compiler.py:124 Persistent compilation cache hit for 'jit_add' with key 'jit_add-80f9e17a8cafcebf4aba89a7a541b7fd0cf583b1a50df1285931caf9a1346103'
WARNING  jax._src.dispatch:dispatch.py:204 Finished XLA compilation of jit(add) in 0.002904415 sec
WARNING  jax._src.dispatch:dispatch.py:204 Finished tracing select_n for jit in 0.000257492 sec
WARNING  jax._src.interpreters.pxla:pxla.py:732 Compiling jit(select_n) with global shapes and types (ShapedArray(bool[]), ShapedArray(int32[]), ShapedArray(int32[])). Argument mapping: (UnspecifiedValue, UnspecifiedValue, UnspecifiedValue).
WARNING  jax._src.dispatch:dispatch.py:204 Finished jaxpr to MLIR module conversion jit(select_n) in 0.003227472 sec
WARNING  jax._src.compiler:compiler.py:124 Persistent compilation cache hit for 'jit_select_n' with key 'jit_select_n-c664c8d385df6d9f80549988c2efd9e3a94273ce14d495fd504961d628c5387d'
WARNING  jax._src.dispatch:dispatch.py:204 Finished XLA compilation of jit(select_n) in 0.002720356 sec
WARNING  jax._src.dispatch:dispatch.py:204 Finished tracing broadcast_in_dim for jit in 0.000269651 sec
WARNING  jax._src.interpreters.pxla:pxla.py:732 Compiling jit(broadcast_in_dim) with global shapes and types (ShapedArray(int32[2]),). Argument mapping: (UnspecifiedValue,).
WARNING  jax._src.dispatch:dispatch.py:204 Finished jaxpr to MLIR module conversion jit(broadcast_in_dim) in 0.003209591 sec
WARNING  jax._src.compiler:compiler.py:124 Persistent compilation cache hit for 'jit_broadcast_in_dim' with key 'jit_broadcast_in_dim-8b590b387f4a49af85020431f189cd5c0adb510c25b3057c6cdd96ef80803a34'
WARNING  jax._src.dispatch:dispatch.py:204 Finished XLA compilation of jit(broadcast_in_dim) in 0.002846956 sec
WARNING  jax._src.dispatch:dispatch.py:204 Finished tracing broadcast_in_dim for jit in 0.000254154 sec
WARNING  jax._src.interpreters.pxla:pxla.py:732 Compiling jit(broadcast_in_dim) with global shapes and types (ShapedArray(int32[]),). Argument mapping: (UnspecifiedValue,).
WARNING  jax._src.dispatch:dispatch.py:204 Finished jaxpr to MLIR module conversion jit(broadcast_in_dim) in 0.003159761 sec
WARNING  jax._src.compiler:compiler.py:124 Persistent compilation cache hit for 'jit_broadcast_in_dim' with key 'jit_broadcast_in_dim-c2245509d398c5286eeceef75782bff496982fcaa94b4cc4106ab7f1ec037f23'
WARNING  jax._src.dispatch:dispatch.py:204 Finished XLA compilation of jit(broadcast_in_dim) in 0.003126144 sec
WARNING  jax._src.dispatch:dispatch.py:204 Finished tracing concatenate for jit in 0.000264406 sec
WARNING  jax._src.interpreters.pxla:pxla.py:732 Compiling jit(concatenate) with global shapes and types (ShapedArray(int32[2,1]), ShapedArray(int32[2,1])). Argument mapping: (UnspecifiedValue, UnspecifiedValue).
WARNING  jax._src.dispatch:dispatch.py:204 Finished jaxpr to MLIR module conversion jit(concatenate) in 0.003120184 sec
WARNING  jax._src.compiler:compiler.py:124 Persistent compilation cache hit for 'jit_concatenate' with key 'jit_concatenate-02bd4be7fd7d79bb56bad63245bdf35fcbf80c0b4709a14f728361b5125ab5ba'
WARNING  jax._src.dispatch:dispatch.py:204 Finished XLA compilation of jit(concatenate) in 0.002911329 sec
WARNING  jax._src.dispatch:dispatch.py:204 Finished tracing gather for jit in 0.000290394 sec
WARNING  jax._src.interpreters.pxla:pxla.py:732 Compiling jit(gather) with global shapes and types (ShapedArray(float64[2,30,4]), ShapedArray(int32[2,2])). Argument mapping: (UnspecifiedValue, UnspecifiedValue).
WARNING  jax._src.dispatch:dispatch.py:204 Finished jaxpr to MLIR module conversion jit(gather) in 0.003202677 sec
WARNING  jax._src.compiler:compiler.py:124 Persistent compilation cache hit for 'jit_gather' with key 'jit_gather-00c0911f1f30daa7fc7854881e7f20cd71bad5cbbd67eed42448893d23b6e9ed'
WARNING  jax._src.dispatch:dispatch.py:204 Finished XLA compilation of jit(gather) in 0.003162146 sec
WARNING  jax._src.dispatch:dispatch.py:204 Finished tracing squeeze for jit in 0.000196934 sec
WARNING  jax._src.interpreters.pxla:pxla.py:732 Compiling jit(squeeze) with global shapes and types (ShapedArray(float64[2,1,2]),). Argument mapping: (UnspecifiedValue,).
WARNING  jax._src.dispatch:dispatch.py:204 Finished jaxpr to MLIR module conversion jit(squeeze) in 0.002994061 sec
WARNING  jax._src.compiler:compiler.py:124 Persistent compilation cache hit for 'jit_squeeze' with key 'jit_squeeze-682d07db481eb8191155d918d6615b33f9e3f84e964550af1862efae215cf1ab'
WARNING  jax._src.dispatch:dispatch.py:204 Finished XLA compilation of jit(squeeze) in 0.002609015 sec
WARNING  jax._src.interpreters.pxla:pxla.py:732 Compiling jit(axis_cell_seed) with global shapes and types (ShapedArray(float64[340,2]), ShapedArray(float64[2,2]), ShapedArray(bool[340])). Argument mapping: (UnspecifiedValue, UnspecifiedValue, UnspecifiedValue).
WARNING  jax._src.dispatch:dispatch.py:204 Finished jaxpr to MLIR module conversion jit(axis_cell_seed) in 0.007182360 sec
WARNING  jax._src.dispatch:dispatch.py:204 Finished XLA compilation of jit(axis_cell_seed) in 0.038541317 sec
WARNING  jax._src.interpreters.pxla:pxla.py:732 Compiling jit(read_qualification) with global shapes and types (ShapedArray(float64[340,2]), ShapedArray(float64[340,6,7]), ShapedArray(int64[340,7]), ShapedArray(float64[340,2]), ShapedArray(float64[340,2]), ShapedArray(float64[340,13,2]), ShapedArray(float64[340,13,2]), ShapedArray(bool[340,13]), ShapedArray(float64[340]), ShapedArray(bool[340]), ShapedArray(float64[121,2]), ShapedArray(int32[2]), ShapedArray(bool[1]), ShapedArray(bool[1]), ShapedArray(float64[121,2]), ShapedArray(int32[198,7]), ShapedArray(float64[198,7,2,2]), ShapedArray(float64[340,2]), ShapedArray(int32[198,7,3,7]), ShapedArray(float64[198,7,3,7]), ShapedArray(float64[2,2]), ShapedArray(float64[2,2]), ShapedArray(int32[2,2]), ShapedArray(bool[2,2]), ShapedArray(int32[2]), ShapedArray(float64[2,1547]), ShapedArray(int64[], weak_type=True), ShapedArray(bool[2,340]), ShapedArray(int8[2])). Argument mapping: (UnspecifiedValue, UnspecifiedValue, UnspecifiedValue, UnspecifiedValue, UnspecifiedValue, UnspecifiedValue, UnspecifiedValue, UnspecifiedValue, UnspecifiedValue, UnspecifiedValue, UnspecifiedValue, UnspecifiedValue, UnspecifiedValue, UnspecifiedValue, UnspecifiedValue, UnspecifiedValue, UnspecifiedValue, UnspecifiedValue, UnspecifiedValue, UnspecifiedValue, UnspecifiedValue, UnspecifiedValue, UnspecifiedValue, UnspecifiedValue, UnspecifiedValue, UnspecifiedValue, UnspecifiedValue, UnspecifiedValue, UnspecifiedValue).
WARNING  jax._src.dispatch:dispatch.py:204 Finished jaxpr to MLIR module conversion jit(read_qualification) in 0.517469406 sec
WARNING  jax._src.compiler:compiler.py:124 Persistent compilation cache hit for 'jit_read_qualification' with key 'jit_read_qualification-c410536074a67a32da4fd94e73dce20dde4ed4e390be22b204ac7267111fdadd'
WARNING  jax._src.dispatch:dispatch.py:204 Finished XLA compilation of jit(read_qualification) in 0.335535526 sec
WARNING  jax._src.dispatch:dispatch.py:204 Finished tracing broadcast_in_dim for jit in 0.000327349 sec
WARNING  jax._src.interpreters.pxla:pxla.py:732 Compiling jit(broadcast_in_dim) with global shapes and types (ShapedArray(float64[], weak_type=True),). Argument mapping: (UnspecifiedValue,).
WARNING  jax._src.dispatch:dispatch.py:204 Finished jaxpr to MLIR module conversion jit(broadcast_in_dim) in 0.003871679 sec
WARNING  jax._src.compiler:compiler.py:124 Persistent compilation cache hit for 'jit_broadcast_in_dim' with key 'jit_broadcast_in_dim-11253aa25cb8962bef2ab314b19df0f1753e951ec7b91ecfac98c10ae1f86272'
WARNING  jax._src.dispatch:dispatch.py:204 Finished XLA compilation of jit(broadcast_in_dim) in 0.002198219 sec
WARNING  jax._src.interpreters.pxla:pxla.py:732 Compiling jit(isfinite) with global shapes and types (ShapedArray(float64[2,2]),). Argument mapping: (UnspecifiedValue,).
WARNING  jax._src.dispatch:dispatch.py:204 Finished jaxpr to MLIR module conversion jit(isfinite) in 0.003504038 sec
WARNING  jax._src.compiler:compiler.py:124 Persistent compilation cache hit for 'jit_isfinite' with key 'jit_isfinite-ca01d0f0fd174d32107aa59ba509baab7dd25711bf117b7c9fa540fc707053df'
WARNING  jax._src.dispatch:dispatch.py:204 Finished XLA compilation of jit(isfinite) in 0.003617287 sec
WARNING  jax._src.interpreters.pxla:pxla.py:732 Compiling jit(_reduce_all) with global shapes and types (ShapedArray(bool[2,2]),). Argument mapping: (UnspecifiedValue,).
WARNING  jax._src.dispatch:dispatch.py:204 Finished jaxpr to MLIR module conversion jit(_reduce_all) in 0.003752947 sec
WARNING  jax._src.compiler:compiler.py:124 Persistent compilation cache hit for 'jit__reduce_all' with key 'jit__reduce_all-27977d6dff26755ca5d4a69e66ec73be62fc10c4568a5f263e3dbcecbca2a4a8'
WARNING  jax._src.dispatch:dispatch.py:204 Finished XLA compilation of jit(_reduce_all) in 0.003535986 sec
WARNING  jax._src.interpreters.pxla:pxla.py:732 Compiling jit(isfinite) with global shapes and types (ShapedArray(float64[2]),). Argument mapping: (UnspecifiedValue,).
WARNING  jax._src.dispatch:dispatch.py:204 Finished jaxpr to MLIR module conversion jit(isfinite) in 0.003476858 sec
WARNING  jax._src.compiler:compiler.py:124 Persistent compilation cache hit for 'jit_isfinite' with key 'jit_isfinite-edf9589a091769f64b142cd76d0ed5dd3b25677c1049da0b06bd3d4e8434f287'
WARNING  jax._src.dispatch:dispatch.py:204 Finished XLA compilation of jit(isfinite) in 0.003568411 sec
WARNING  jax._src.interpreters.pxla:pxla.py:732 Compiling jit(bitwise_and) with global shapes and types (ShapedArray(bool[2]), ShapedArray(bool[2])). Argument mapping: (UnspecifiedValue, UnspecifiedValue).
WARNING  jax._src.dispatch:dispatch.py:204 Finished jaxpr to MLIR module conversion jit(bitwise_and) in 0.003298759 sec
WARNING  jax._src.compiler:compiler.py:124 Persistent compilation cache hit for 'jit_bitwise_and' with key 'jit_bitwise_and-56895e09e779e12fd493ffda83e28ff0691fd3136d02ae0bf2398a5b63b7b85a'
WARNING  jax._src.dispatch:dispatch.py:204 Finished XLA compilation of jit(bitwise_and) in 0.003232241 sec
WARNING  jax._src.interpreters.pxla:pxla.py:732 Compiling jit(saddle_qualified_domains) with global shapes and types (ShapedArray(int8[2,340]), ShapedArray(float64[2,340]), ShapedArray(bool[2])). Argument mapping: (UnspecifiedValue, UnspecifiedValue, UnspecifiedValue).
WARNING  jax._src.dispatch:dispatch.py:204 Finished jaxpr to MLIR module conversion jit(saddle_qualified_domains) in 0.005245447 sec
WARNING  jax._src.dispatch:dispatch.py:204 Finished XLA compilation of jit(saddle_qualified_domains) in 0.030251265 sec
WARNING  jax._src.interpreters.pxla:pxla.py:732 Compiling jit(equal) with global shapes and types (ShapedArray(int8[2,340]), ShapedArray(int64[], weak_type=True)). Argument mapping: (UnspecifiedValue, UnspecifiedValue).
WARNING  jax._src.dispatch:dispatch.py:204 Finished jaxpr to MLIR module conversion jit(equal) in 0.003816366 sec
WARNING  jax._src.dispatch:dispatch.py:204 Finished XLA compilation of jit(equal) in 0.025247097 sec
WARNING  jax._src.interpreters.pxla:pxla.py:732 Compiling jit(bitwise_or) with global shapes and types (ShapedArray(bool[2,340]), ShapedArray(bool[2,340])). Argument mapping: (UnspecifiedValue, UnspecifiedValue).
WARNING  jax._src.dispatch:dispatch.py:204 Finished jaxpr to MLIR module conversion jit(bitwise_or) in 0.003580332 sec
WARNING  jax._src.dispatch:dispatch.py:204 Finished XLA compilation of jit(bitwise_or) in 0.039653301 sec
WARNING  jax._src.interpreters.pxla:pxla.py:732 Compiling jit(equal) with global shapes and types (ShapedArray(float64[2,2]), ShapedArray(float64[2,2])). Argument mapping: (UnspecifiedValue, UnspecifiedValue).
WARNING  jax._src.dispatch:dispatch.py:204 Finished jaxpr to MLIR module conversion jit(equal) in 0.003604174 sec
WARNING  jax._src.compiler:compiler.py:124 Persistent compilation cache hit for 'jit_equal' with key 'jit_equal-9679a17e282fae2c6b4ed99f817a3672be5bd8308cfdefc847cb034d0049dbca'
WARNING  jax._src.dispatch:dispatch.py:204 Finished XLA compilation of jit(equal) in 0.003530979 sec
WARNING  jax._src.interpreters.pxla:pxla.py:732 Compiling jit(invert) with global shapes and types (ShapedArray(bool[2]),). Argument mapping: (UnspecifiedValue,).
WARNING  jax._src.dispatch:dispatch.py:204 Finished jaxpr to MLIR module conversion jit(invert) in 0.003210306 sec
WARNING  jax._src.compiler:compiler.py:124 Persistent compilation cache hit for 'jit_invert' with key 'jit_invert-ab2a43317f68a49b56a9f1e56bd42b9fad15c2dc6f784aa160b5a682df09fa0a'
WARNING  jax._src.dispatch:dispatch.py:204 Finished XLA compilation of jit(invert) in 0.003248930 sec
WARNING  jax._src.interpreters.pxla:pxla.py:732 Compiling jit(bitwise_or) with global shapes and types (ShapedArray(bool[2]), ShapedArray(bool[2])). Argument mapping: (UnspecifiedValue, UnspecifiedValue).
WARNING  jax._src.dispatch:dispatch.py:204 Finished jaxpr to MLIR module conversion jit(bitwise_or) in 0.003155231 sec
WARNING  jax._src.compiler:compiler.py:124 Persistent compilation cache hit for 'jit_bitwise_or' with key 'jit_bitwise_or-ae0ff1a630e86bb8e07ea84ef431690c1b83c736d312b080141752c0defa7bb4'
WARNING  jax._src.dispatch:dispatch.py:204 Finished XLA compilation of jit(bitwise_or) in 0.002895355 sec
WARNING  jax._src.dispatch:dispatch.py:204 Finished tracing stage for jit in 0.000096560 sec
WARNING  jax._src.interpreters.pxla:pxla.py:732 Compiling jit(stage) with global shapes and types (ShapedArray(float64[2]),). Argument mapping: (UnspecifiedValue,).
WARNING  jax._src.dispatch:dispatch.py:204 Finished jaxpr to MLIR module conversion jit(stage) in 0.002944469 sec
WARNING  jax._src.compiler:compiler.py:124 Persistent compilation cache hit for 'jit_stage' with key 'jit_stage-fa2ceefdf442909552603900faa79fc83f3a2846b63d1e1d9fd20cce51a19c1b'
WARNING  jax._src.dispatch:dispatch.py:204 Finished XLA compilation of jit(stage) in 0.002646923 sec
WARNING  jax._src.dispatch:dispatch.py:204 Finished tracing stack for jit in 0.000206947 sec
WARNING  jax._src.interpreters.pxla:pxla.py:732 Compiling jit(stack) with global shapes and types (ShapedArray(float64[2]), ShapedArray(float64[2])). Argument mapping: (UnspecifiedValue, UnspecifiedValue).
WARNING  jax._src.dispatch:dispatch.py:204 Finished jaxpr to MLIR module conversion jit(stack) in 0.003245831 sec
WARNING  jax._src.compiler:compiler.py:124 Persistent compilation cache hit for 'jit_stack' with key 'jit_stack-0707250a6ba8700672715ca864d85a55a8505a5b8bf64a689ef7b3de952e7109'
WARNING  jax._src.dispatch:dispatch.py:204 Finished XLA compilation of jit(stack) in 0.002959013 sec
WARNING  jax._src.dispatch:dispatch.py:204 Finished tracing dynamic_slice for jit in 0.000204086 sec
WARNING  jax._src.interpreters.pxla:pxla.py:732 Compiling jit(dynamic_slice) with global shapes and types (ShapedArray(float64[2,2]), ShapedArray(int64[], weak_type=True), ShapedArray(int64[], weak_type=True)). Argument mapping: (UnspecifiedValue, UnspecifiedValue, UnspecifiedValue).
WARNING  jax._src.dispatch:dispatch.py:204 Finished jaxpr to MLIR module conversion jit(dynamic_slice) in 0.003144979 sec
WARNING  jax._src.compiler:compiler.py:124 Persistent compilation cache hit for 'jit_dynamic_slice' with key 'jit_dynamic_slice-928fce3ec82690adc41559fcf397e3eee09cbbb709d576be16024d93ee79e494'
WARNING  jax._src.dispatch:dispatch.py:204 Finished XLA compilation of jit(dynamic_slice) in 0.002873659 sec
WARNING  jax._src.dispatch:dispatch.py:204 Finished tracing squeeze for jit in 0.000190258 sec
WARNING  jax._src.interpreters.pxla:pxla.py:732 Compiling jit(squeeze) with global shapes and types (ShapedArray(float64[1,2]),). Argument mapping: (UnspecifiedValue,).
WARNING  jax._src.dispatch:dispatch.py:204 Finished jaxpr to MLIR module conversion jit(squeeze) in 0.002976179 sec
WARNING  jax._src.compiler:compiler.py:124 Persistent compilation cache hit for 'jit_squeeze' with key 'jit_squeeze-8b4aa26949c62254f71f7dbbd17ade43213aacdc5e5996d0bc465e03b43d6469'
WARNING  jax._src.dispatch:dispatch.py:204 Finished XLA compilation of jit(squeeze) in 0.002861977 sec
WARNING  jax._src.dispatch:dispatch.py:204 Finished tracing broadcast_in_dim for jit in 0.000214100 sec
WARNING  jax._src.interpreters.pxla:pxla.py:732 Compiling jit(broadcast_in_dim) with global shapes and types (ShapedArray(float64[2]),). Argument mapping: (UnspecifiedValue,).
WARNING  jax._src.dispatch:dispatch.py:204 Finished jaxpr to MLIR module conversion jit(broadcast_in_dim) in 0.003096819 sec
WARNING  jax._src.compiler:compiler.py:124 Persistent compilation cache hit for 'jit_broadcast_in_dim' with key 'jit_broadcast_in_dim-21a82ec7e9c0220524a54f6ae8b6819e836fb0d0562ff9e6e181ae7f991cb890'
WARNING  jax._src.dispatch:dispatch.py:204 Finished XLA compilation of jit(broadcast_in_dim) in 0.002768040 sec
WARNING  jax._src.dispatch:dispatch.py:204 Finished tracing stage for jit in 0.000096321 sec
WARNING  jax._src.interpreters.pxla:pxla.py:732 Compiling jit(stage) with global shapes and types (ShapedArray(float64[]),). Argument mapping: (UnspecifiedValue,).
WARNING  jax._src.dispatch:dispatch.py:204 Finished jaxpr to MLIR module conversion jit(stage) in 0.002812386 sec
WARNING  jax._src.compiler:compiler.py:124 Persistent compilation cache hit for 'jit_stage' with key 'jit_stage-317e6f5318f406f2b79207aff284e9899193b1423b281c010bfbb35419b3b7b8'
WARNING  jax._src.dispatch:dispatch.py:204 Finished XLA compilation of jit(stage) in 0.001220703 sec
WARNING  jax._src.dispatch:dispatch.py:204 Finished tracing broadcast_in_dim for jit in 0.000251293 sec
WARNING  jax._src.interpreters.pxla:pxla.py:732 Compiling jit(broadcast_in_dim) with global shapes and types (ShapedArray(int32[]),). Argument mapping: (UnspecifiedValue,).
WARNING  jax._src.dispatch:dispatch.py:204 Finished jaxpr to MLIR module conversion jit(broadcast_in_dim) in 0.003112555 sec
WARNING  jax._src.compiler:compiler.py:124 Persistent compilation cache hit for 'jit_broadcast_in_dim' with key 'jit_broadcast_in_dim-633f3c0c00b767154c566d4ee0deff59f2d7140cf2a7536ad51679d4f4dd8574'
WARNING  jax._src.dispatch:dispatch.py:204 Finished XLA compilation of jit(broadcast_in_dim) in 0.002911568 sec
WARNING  jax._src.dispatch:dispatch.py:204 Finished tracing convert_element_type for jit in 0.000192881 sec
WARNING  jax._src.interpreters.pxla:pxla.py:732 Compiling jit(convert_element_type) with global shapes and types (ShapedArray(bool[]),). Argument mapping: (UnspecifiedValue,).
WARNING  jax._src.dispatch:dispatch.py:204 Finished jaxpr to MLIR module conversion jit(convert_element_type) in 0.002723217 sec
WARNING  jax._src.compiler:compiler.py:124 Persistent compilation cache hit for 'jit_convert_element_type' with key 'jit_convert_element_type-c0644735a076689b941ad22538c5e3518e5d44412c64df64862f5656e728daaf'
WARNING  jax._src.dispatch:dispatch.py:204 Finished XLA compilation of jit(convert_element_type) in 0.002640724 sec
WARNING  jax._src.dispatch:dispatch.py:204 Finished tracing broadcast_in_dim for jit in 0.000202894 sec
WARNING  jax._src.interpreters.pxla:pxla.py:732 Compiling jit(broadcast_in_dim) with global shapes and types (ShapedArray(bool[]),). Argument mapping: (UnspecifiedValue,).
WARNING  jax._src.dispatch:dispatch.py:204 Finished jaxpr to MLIR module conversion jit(broadcast_in_dim) in 0.002941608 sec
WARNING  jax._src.compiler:compiler.py:124 Persistent compilation cache hit for 'jit_broadcast_in_dim' with key 'jit_broadcast_in_dim-c8e07e6815986590055104f6007c8c5d06f4301aa0193a97b1eafcd658b43e53'
WARNING  jax._src.dispatch:dispatch.py:204 Finished XLA compilation of jit(broadcast_in_dim) in 0.002856016 sec
WARNING  jax._src.dispatch:dispatch.py:204 Finished tracing dynamic_slice for jit in 0.000230789 sec
WARNING  jax._src.interpreters.pxla:pxla.py:732 Compiling jit(dynamic_slice) with global shapes and types (ShapedArray(float64[2,1547]), ShapedArray(int64[], weak_type=True), ShapedArray(int64[], weak_type=True)). Argument mapping: (UnspecifiedValue, UnspecifiedValue, UnspecifiedValue).
WARNING  jax._src.dispatch:dispatch.py:204 Finished jaxpr to MLIR module conversion jit(dynamic_slice) in 0.003064632 sec
WARNING  jax._src.dispatch:dispatch.py:204 Finished XLA compilation of jit(dynamic_slice) in 0.023896217 sec
WARNING  jax._src.dispatch:dispatch.py:204 Finished tracing squeeze for jit in 0.000232935 sec
WARNING  jax._src.interpreters.pxla:pxla.py:732 Compiling jit(squeeze) with global shapes and types (ShapedArray(float64[1,1547]),). Argument mapping: (UnspecifiedValue,).
WARNING  jax._src.dispatch:dispatch.py:204 Finished jaxpr to MLIR module conversion jit(squeeze) in 0.003501654 sec
WARNING  jax._src.dispatch:dispatch.py:204 Finished XLA compilation of jit(squeeze) in 0.006249905 sec
WARNING  jax._src.dispatch:dispatch.py:204 Finished tracing dynamic_slice for jit in 0.000236511 sec
WARNING  jax._src.interpreters.pxla:pxla.py:732 Compiling jit(dynamic_slice) with global shapes and types (ShapedArray(int8[2]), ShapedArray(int64[], weak_type=True)). Argument mapping: (UnspecifiedValue, UnspecifiedValue).
WARNING  jax._src.dispatch:dispatch.py:204 Finished jaxpr to MLIR module conversion jit(dynamic_slice) in 0.003118992 sec
WARNING  jax._src.compiler:compiler.py:124 Persistent compilation cache hit for 'jit_dynamic_slice' with key 'jit_dynamic_slice-5e74bb9a1d4492514d030c4ba641a719d02488ba84cc8a55a6da09e30dbe86a5'
WARNING  jax._src.dispatch:dispatch.py:204 Finished XLA compilation of jit(dynamic_slice) in 0.003175497 sec
WARNING  jax._src.dispatch:dispatch.py:204 Finished tracing squeeze for jit in 0.000211954 sec
WARNING  jax._src.interpreters.pxla:pxla.py:732 Compiling jit(squeeze) with global shapes and types (ShapedArray(int8[1]),). Argument mapping: (UnspecifiedValue,).
WARNING  jax._src.dispatch:dispatch.py:204 Finished jaxpr to MLIR module conversion jit(squeeze) in 0.003087997 sec
WARNING  jax._src.compiler:compiler.py:124 Persistent compilation cache hit for 'jit_squeeze' with key 'jit_squeeze-a901e151611f5d52006cb011251d6d4594b8cf2f1d3f84370b35384d81e5a51c'
WARNING  jax._src.dispatch:dispatch.py:204 Finished XLA compilation of jit(squeeze) in 0.002594233 sec
WARNING  jax._src.dispatch:dispatch.py:204 Finished tracing dynamic_slice for jit in 0.000200510 sec
WARNING  jax._src.interpreters.pxla:pxla.py:732 Compiling jit(dynamic_slice) with global shapes and types (ShapedArray(float64[2], weak_type=True), ShapedArray(int64[], weak_type=True)). Argument mapping: (UnspecifiedValue, UnspecifiedValue).
WARNING  jax._src.dispatch:dispatch.py:204 Finished jaxpr to MLIR module conversion jit(dynamic_slice) in 0.003101349 sec
WARNING  jax._src.compiler:compiler.py:124 Persistent compilation cache hit for 'jit_dynamic_slice' with key 'jit_dynamic_slice-fc91ef2b5e951f7d2019a11ff238d0e0bab938e7cdd5170aa5ac70a172367cd0'
WARNING  jax._src.dispatch:dispatch.py:204 Finished XLA compilation of jit(dynamic_slice) in 0.001582623 sec
WARNING  jax._src.dispatch:dispatch.py:204 Finished tracing squeeze for jit in 0.000187397 sec
WARNING  jax._src.interpreters.pxla:pxla.py:732 Compiling jit(squeeze) with global shapes and types (ShapedArray(float64[1], weak_type=True),). Argument mapping: (UnspecifiedValue,).
WARNING  jax._src.dispatch:dispatch.py:204 Finished jaxpr to MLIR module conversion jit(squeeze) in 0.003084183 sec
WARNING  jax._src.compiler:compiler.py:124 Persistent compilation cache hit for 'jit_squeeze' with key 'jit_squeeze-bf6639af5567c12d7c26588ab3c4af7bb515f26de674d9388b6498bfa159c43b'
WARNING  jax._src.dispatch:dispatch.py:204 Finished XLA compilation of jit(squeeze) in 0.001320362 sec
WARNING  jax._src.dispatch:dispatch.py:204 Finished tracing dynamic_slice for jit in 0.000199795 sec
WARNING  jax._src.interpreters.pxla:pxla.py:732 Compiling jit(dynamic_slice) with global shapes and types (ShapedArray(int32[2]), ShapedArray(int64[], weak_type=True)). Argument mapping: (UnspecifiedValue, UnspecifiedValue).
WARNING  jax._src.dispatch:dispatch.py:204 Finished jaxpr to MLIR module conversion jit(dynamic_slice) in 0.003014803 sec
WARNING  jax._src.compiler:compiler.py:124 Persistent compilation cache hit for 'jit_dynamic_slice' with key 'jit_dynamic_slice-6baf4534409500768d3b8a693012702203f131d5e097351f6a0a9e2f38eb3f70'
WARNING  jax._src.dispatch:dispatch.py:204 Finished XLA compilation of jit(dynamic_slice) in 0.002984762 sec
WARNING  jax._src.dispatch:dispatch.py:204 Finished tracing squeeze for jit in 0.000184774 sec
WARNING  jax._src.interpreters.pxla:pxla.py:732 Compiling jit(squeeze) with global shapes and types (ShapedArray(int32[1]),). Argument mapping: (UnspecifiedValue,).
WARNING  jax._src.dispatch:dispatch.py:204 Finished jaxpr to MLIR module conversion jit(squeeze) in 0.003059387 sec
WARNING  jax._src.compiler:compiler.py:124 Persistent compilation cache hit for 'jit_squeeze' with key 'jit_squeeze-17e5b3141516703ef177a183f97b8d3403f44b428fa9d7cefe1a7733c3743a4b'
WARNING  jax._src.dispatch:dispatch.py:204 Finished XLA compilation of jit(squeeze) in 0.002689123 sec
WARNING  jax._src.dispatch:dispatch.py:204 Finished tracing dynamic_slice for jit in 0.000207186 sec
WARNING  jax._src.interpreters.pxla:pxla.py:732 Compiling jit(dynamic_slice) with global shapes and types (ShapedArray(bool[2]), ShapedArray(int64[], weak_type=True)). Argument mapping: (UnspecifiedValue, UnspecifiedValue).
WARNING  jax._src.dispatch:dispatch.py:204 Finished jaxpr to MLIR module conversion jit(dynamic_slice) in 0.003088713 sec
WARNING  jax._src.compiler:compiler.py:124 Persistent compilation cache hit for 'jit_dynamic_slice' with key 'jit_dynamic_slice-41200f5d79205944774fe5b5e54ddf6e882bc9fcc1a5417ef79d55f978a009cd'
WARNING  jax._src.dispatch:dispatch.py:204 Finished XLA compilation of jit(dynamic_slice) in 0.002789259 sec
WARNING  jax._src.dispatch:dispatch.py:204 Finished tracing squeeze for jit in 0.000176191 sec
WARNING  jax._src.interpreters.pxla:pxla.py:732 Compiling jit(squeeze) with global shapes and types (ShapedArray(bool[1]),). Argument mapping: (UnspecifiedValue,).
WARNING  jax._src.dispatch:dispatch.py:204 Finished jaxpr to MLIR module conversion jit(squeeze) in 0.003010273 sec
WARNING  jax._src.compiler:compiler.py:124 Persistent compilation cache hit for 'jit_squeeze' with key 'jit_squeeze-05404c6a8c834cab7bd302f990faf1a624077558e001f8146672c7225ab512e3'
WARNING  jax._src.dispatch:dispatch.py:204 Finished XLA compilation of jit(squeeze) in 0.002551556 sec
WARNING  jax._src.dispatch:dispatch.py:204 Finished tracing read_qualification for jit in 0.020618200 sec
WARNING  jax._src.interpreters.pxla:pxla.py:732 Compiling jit(read_qualification) with global shapes and types (ShapedArray(float64[340,2]), ShapedArray(float64[340,6,7]), ShapedArray(int64[340,7]), ShapedArray(float64[340,2]), ShapedArray(float64[340,2]), ShapedArray(float64[340,13,2]), ShapedArray(float64[340,13,2]), ShapedArray(bool[340,13]), ShapedArray(float64[340]), ShapedArray(bool[340]), ShapedArray(float64[121,2]), ShapedArray(int32[2]), ShapedArray(bool[1]), ShapedArray(bool[1]), ShapedArray(float64[121,2]), ShapedArray(int32[198,7]), ShapedArray(float64[198,7,2,2]), ShapedArray(float64[340,2]), ShapedArray(int32[198,7,3,7]), ShapedArray(float64[198,7,3,7]), ShapedArray(float64[2,2]), ShapedArray(float64[2,2]), ShapedArray(int32[2,2]), ShapedArray(bool[2,2]), ShapedArray(int32[2]), ShapedArray(float64[1547]), ShapedArray(int64[], weak_type=True), ShapedArray(bool[340])). Argument mapping: (UnspecifiedValue, UnspecifiedValue, UnspecifiedValue, UnspecifiedValue, UnspecifiedValue, UnspecifiedValue, UnspecifiedValue, UnspecifiedValue, UnspecifiedValue, UnspecifiedValue, UnspecifiedValue, UnspecifiedValue, UnspecifiedValue, UnspecifiedValue, UnspecifiedValue, UnspecifiedValue, UnspecifiedValue, UnspecifiedValue, UnspecifiedValue, UnspecifiedValue, UnspecifiedValue, UnspecifiedValue, UnspecifiedValue, UnspecifiedValue, UnspecifiedValue, UnspecifiedValue, UnspecifiedValue, UnspecifiedValue).
WARNING  jax._src.dispatch:dispatch.py:204 Finished jaxpr to MLIR module conversion jit(read_qualification) in 0.474987268 sec
WARNING  jax._src.compiler:compiler.py:124 Persistent compilation cache hit for 'jit_read_qualification' with key 'jit_read_qualification-2c75294444f505ed672d1c3ca1561f925ccbd6d0e0bf2183d64e058f8fbdc116'
WARNING  jax._src.dispatch:dispatch.py:204 Finished XLA compilation of jit(read_qualification) in 0.356003523 sec
WARNING  jax._src.interpreters.pxla:pxla.py:732 Compiling jit(split_flux_map) with global shapes and types (ShapedArray(float64[1547]),). Argument mapping: (UnspecifiedValue,).
WARNING  jax._src.dispatch:dispatch.py:204 Finished jaxpr to MLIR module conversion jit(split_flux_map) in 0.004378080 sec
WARNING  jax._src.dispatch:dispatch.py:204 Finished XLA compilation of jit(split_flux_map) in 0.038841486 sec
WARNING  jax._src.dispatch:dispatch.py:204 Finished tracing dynamic_slice for jit in 0.000239372 sec
WARNING  jax._src.interpreters.pxla:pxla.py:732 Compiling jit(dynamic_slice) with global shapes and types (ShapedArray(float64[1547]), ShapedArray(int64[], weak_type=True)). Argument mapping: (UnspecifiedValue, UnspecifiedValue).
WARNING  jax._src.dispatch:dispatch.py:204 Finished jaxpr to MLIR module conversion jit(dynamic_slice) in 0.003826618 sec
WARNING  jax._src.dispatch:dispatch.py:204 Finished XLA compilation of jit(dynamic_slice) in 0.027973413 sec
WARNING  jax._src.dispatch:dispatch.py:204 Finished tracing dynamic_slice for jit in 0.000253201 sec
WARNING  jax._src.interpreters.pxla:pxla.py:732 Compiling jit(dynamic_slice) with global shapes and types (ShapedArray(float64[1547]), ShapedArray(int64[], weak_type=True)). Argument mapping: (UnspecifiedValue, UnspecifiedValue).
WARNING  jax._src.dispatch:dispatch.py:204 Finished jaxpr to MLIR module conversion jit(dynamic_slice) in 0.003709793 sec
WARNING  jax._src.dispatch:dispatch.py:204 Finished XLA compilation of jit(dynamic_slice) in 0.025167942 sec
WARNING  jax._src.dispatch:dispatch.py:204 Finished tracing concatenate for jit in 0.000163078 sec
WARNING  jax._src.interpreters.pxla:pxla.py:732 Compiling jit(concatenate) with global shapes and types (ShapedArray(float64[340]), ShapedArray(float64[1086])). Argument mapping: (UnspecifiedValue, UnspecifiedValue).
WARNING  jax._src.dispatch:dispatch.py:204 Finished jaxpr to MLIR module conversion jit(concatenate) in 0.004077435 sec
WARNING  jax._src.dispatch:dispatch.py:204 Finished XLA compilation of jit(concatenate) in 0.012158155 sec
WARNING  jax._src.interpreters.pxla:pxla.py:732 Compiling jit(__call__) with global shapes and types (ShapedArray(float64[340,6,7]), ShapedArray(int64[340,7]), ShapedArray(float64[340,2]), ShapedArray(float64[340,2]), ShapedArray(float64[340,13,2]), ShapedArray(float64[340,13,2]), ShapedArray(bool[340,13]), ShapedArray(float64[340]), ShapedArray(bool[340]), ShapedArray(float64[121,2]), ShapedArray(int32[2]), ShapedArray(bool[1]), ShapedArray(bool[1]), ShapedArray(float64[1426])). Argument mapping: (UnspecifiedValue, UnspecifiedValue, UnspecifiedValue, UnspecifiedValue, UnspecifiedValue, UnspecifiedValue, UnspecifiedValue, UnspecifiedValue, UnspecifiedValue, UnspecifiedValue, UnspecifiedValue, UnspecifiedValue, UnspecifiedValue, UnspecifiedValue).
WARNING  jax._src.dispatch:dispatch.py:204 Finished jaxpr to MLIR module conversion jit(__call__) in 0.070841789 sec
WARNING  jax._src.dispatch:dispatch.py:204 Finished XLA compilation of jit(__call__) in 0.669463873 sec
WARNING  jax._src.dispatch:dispatch.py:204 Finished tracing unstack for jit in 0.000167370 sec
WARNING  jax._src.interpreters.pxla:pxla.py:732 Compiling jit(unstack) with global shapes and types (ShapedArray(float64[2,30,4]),). Argument mapping: (UnspecifiedValue,).
WARNING  jax._src.dispatch:dispatch.py:204 Finished jaxpr to MLIR module conversion jit(unstack) in 0.004782438 sec
WARNING  jax._src.dispatch:dispatch.py:204 Finished XLA compilation of jit(unstack) in 0.041919708 sec
WARNING  jax._src.dispatch:dispatch.py:204 Finished tracing dynamic_slice for jit in 0.000255108 sec
WARNING  jax._src.interpreters.pxla:pxla.py:732 Compiling jit(dynamic_slice) with global shapes and types (ShapedArray(float64[30,4]), ShapedArray(int64[], weak_type=True), ShapedArray(int64[], weak_type=True)). Argument mapping: (UnspecifiedValue, UnspecifiedValue, UnspecifiedValue).
WARNING  jax._src.dispatch:dispatch.py:204 Finished jaxpr to MLIR module conversion jit(dynamic_slice) in 0.004280567 sec
WARNING  jax._src.dispatch:dispatch.py:204 Finished XLA compilation of jit(dynamic_slice) in 0.025186539 sec
WARNING  jax._src.interpreters.pxla:pxla.py:732 Compiling jit(subtract) with global shapes and types (ShapedArray(float64[30,2]), ShapedArray(float64[2])). Argument mapping: (UnspecifiedValue, UnspecifiedValue).
WARNING  jax._src.dispatch:dispatch.py:204 Finished jaxpr to MLIR module conversion jit(subtract) in 0.004230022 sec
WARNING  jax._src.dispatch:dispatch.py:204 Finished XLA compilation of jit(subtract) in 0.023747444 sec
WARNING  jax._src.dispatch:dispatch.py:204 Finished tracing integer_pow for jit in 0.000255823 sec
WARNING  jax._src.interpreters.pxla:pxla.py:732 Compiling jit(integer_pow) with global shapes and types (ShapedArray(float64[30,2]),). Argument mapping: (UnspecifiedValue,).
WARNING  jax._src.dispatch:dispatch.py:204 Finished jaxpr to MLIR module conversion jit(integer_pow) in 0.003927946 sec
WARNING  jax._src.dispatch:dispatch.py:204 Finished XLA compilation of jit(integer_pow) in 0.027695179 sec
WARNING  jax._src.interpreters.pxla:pxla.py:732 Compiling jit(_reduce_sum) with global shapes and types (ShapedArray(float64[30,2]),). Argument mapping: (UnspecifiedValue,).
WARNING  jax._src.dispatch:dispatch.py:204 Finished jaxpr to MLIR module conversion jit(_reduce_sum) in 0.004083395 sec
WARNING  jax._src.dispatch:dispatch.py:204 Finished XLA compilation of jit(_reduce_sum) in 0.024300337 sec
WARNING  jax._src.dispatch:dispatch.py:204 Finished tracing dynamic_slice for jit in 0.000274181 sec
WARNING  jax._src.interpreters.pxla:pxla.py:732 Compiling jit(dynamic_slice) with global shapes and types (ShapedArray(float64[30,4]), ShapedArray(int64[], weak_type=True), ShapedArray(int64[], weak_type=True)). Argument mapping: (UnspecifiedValue, UnspecifiedValue, UnspecifiedValue).
WARNING  jax._src.dispatch:dispatch.py:204 Finished jaxpr to MLIR module conversion jit(dynamic_slice) in 0.004395962 sec
WARNING  jax._src.dispatch:dispatch.py:204 Finished XLA compilation of jit(dynamic_slice) in 0.028138876 sec
WARNING  jax._src.dispatch:dispatch.py:204 Finished tracing squeeze for jit in 0.000247955 sec
WARNING  jax._src.interpreters.pxla:pxla.py:732 Compiling jit(squeeze) with global shapes and types (ShapedArray(float64[30,1]),). Argument mapping: (UnspecifiedValue,).
WARNING  jax._src.dispatch:dispatch.py:204 Finished jaxpr to MLIR module conversion jit(squeeze) in 0.004010677 sec
WARNING  jax._src.dispatch:dispatch.py:204 Finished XLA compilation of jit(squeeze) in 0.011646271 sec
WARNING  jax._src.interpreters.pxla:pxla.py:732 Compiling jit(isfinite) with global shapes and types (ShapedArray(float64[30]),). Argument mapping: (UnspecifiedValue,).
WARNING  jax._src.dispatch:dispatch.py:204 Finished jaxpr to MLIR module conversion jit(isfinite) in 0.003783464 sec
WARNING  jax._src.dispatch:dispatch.py:204 Finished XLA compilation of jit(isfinite) in 0.024318933 sec
WARNING  jax._src.interpreters.pxla:pxla.py:732 Compiling jit(_where) with global shapes and types (ShapedArray(bool[30]), ShapedArray(float64[30]), ShapedArray(float64[], weak_type=True)). Argument mapping: (UnspecifiedValue, UnspecifiedValue, UnspecifiedValue).
WARNING  jax._src.dispatch:dispatch.py:204 Finished jaxpr to MLIR module conversion jit(_where) in 0.004221916 sec
WARNING  jax._src.dispatch:dispatch.py:204 Finished XLA compilation of jit(_where) in 0.025465012 sec
WARNING  jax._src.interpreters.pxla:pxla.py:732 Compiling jit(_argmin) with global shapes and types (ShapedArray(float64[30]),). Argument mapping: (UnspecifiedValue,).
WARNING  jax._src.dispatch:dispatch.py:204 Finished jaxpr to MLIR module conversion jit(_argmin) in 0.009761095 sec
WARNING  jax._src.dispatch:dispatch.py:204 Finished XLA compilation of jit(_argmin) in 0.036875010 sec
WARNING  jax._src.dispatch:dispatch.py:204 Finished tracing convert_element_type for jit in 0.000167370 sec
WARNING  jax._src.interpreters.pxla:pxla.py:732 Compiling jit(convert_element_type) with global shapes and types (ShapedArray(int64[]),). Argument mapping: (UnspecifiedValue,).
WARNING  jax._src.dispatch:dispatch.py:204 Finished jaxpr to MLIR module conversion jit(convert_element_type) in 0.003965855 sec
WARNING  jax._src.compiler:compiler.py:124 Persistent compilation cache hit for 'jit_convert_element_type' with key 'jit_convert_element_type-11463b2f9efcb1ee1084b8ce76d0383e7a4410490ab6bba839bb4a6bee2b06a3'
WARNING  jax._src.dispatch:dispatch.py:204 Finished XLA compilation of jit(convert_element_type) in 0.014385700 sec
WARNING  jax._src.interpreters.pxla:pxla.py:732 Compiling jit(less) with global shapes and types (ShapedArray(int32[]), ShapedArray(int64[], weak_type=True)). Argument mapping: (UnspecifiedValue, UnspecifiedValue).
WARNING  jax._src.dispatch:dispatch.py:204 Finished jaxpr to MLIR module conversion jit(less) in 0.004214048 sec
WARNING  jax._src.dispatch:dispatch.py:204 Finished XLA compilation of jit(less) in 0.029023170 sec
WARNING  jax._src.interpreters.pxla:pxla.py:732 Compiling jit(add) with global shapes and types (ShapedArray(int32[]), ShapedArray(int32[])). Argument mapping: (UnspecifiedValue, UnspecifiedValue).
WARNING  jax._src.dispatch:dispatch.py:204 Finished jaxpr to MLIR module conversion jit(add) in 0.003944397 sec
WARNING  jax._src.dispatch:dispatch.py:204 Finished XLA compilation of jit(add) in 0.022132635 sec
WARNING  jax._src.dispatch:dispatch.py:204 Finished tracing dynamic_slice for jit in 0.000249386 sec
WARNING  jax._src.interpreters.pxla:pxla.py:732 Compiling jit(dynamic_slice) with global shapes and types (ShapedArray(float64[30,4]), ShapedArray(int32[]), ShapedArray(int32[])). Argument mapping: (UnspecifiedValue, UnspecifiedValue, UnspecifiedValue).
WARNING  jax._src.dispatch:dispatch.py:204 Finished jaxpr to MLIR module conversion jit(dynamic_slice) in 0.004083872 sec
WARNING  jax._src.dispatch:dispatch.py:204 Finished XLA compilation of jit(dynamic_slice) in 0.022487879 sec
WARNING  jax._src.interpreters.pxla:pxla.py:732 Compiling jit(axis_cell_seed) with global shapes and types (ShapedArray(float64[340,2]), ShapedArray(float64[2]), ShapedArray(bool[340])). Argument mapping: (UnspecifiedValue, UnspecifiedValue, UnspecifiedValue).
WARNING  jax._src.dispatch:dispatch.py:204 Finished jaxpr to MLIR module conversion jit(axis_cell_seed) in 0.007994175 sec
WARNING  jax._src.dispatch:dispatch.py:204 Finished XLA compilation of jit(axis_cell_seed) in 0.043911934 sec
WARNING  jax._src.interpreters.pxla:pxla.py:732 Compiling jit(isfinite) with global shapes and types (ShapedArray(float64[2]),). Argument mapping: (UnspecifiedValue,).
WARNING  jax._src.dispatch:dispatch.py:204 Finished jaxpr to MLIR module conversion jit(isfinite) in 0.003983021 sec
WARNING  jax._src.dispatch:dispatch.py:204 Finished XLA compilation of jit(isfinite) in 0.036912918 sec
WARNING  jax._src.interpreters.pxla:pxla.py:732 Compiling jit(_reduce_all) with global shapes and types (ShapedArray(bool[2]),). Argument mapping: (UnspecifiedValue,).
WARNING  jax._src.dispatch:dispatch.py:204 Finished jaxpr to MLIR module conversion jit(_reduce_all) in 0.004451513 sec
WARNING  jax._src.dispatch:dispatch.py:204 Finished XLA compilation of jit(_reduce_all) in 0.021616459 sec
WARNING  jax._src.interpreters.pxla:pxla.py:732 Compiling jit(isfinite) with global shapes and types (ShapedArray(float64[]),). Argument mapping: (UnspecifiedValue,).
WARNING  jax._src.dispatch:dispatch.py:204 Finished jaxpr to MLIR module conversion jit(isfinite) in 0.003863096 sec
WARNING  jax._src.compiler:compiler.py:124 Persistent compilation cache hit for 'jit_isfinite' with key 'jit_isfinite-af3a71e74f81228141c9e4480ea86d85cae8359520965a5b92927c5d426f8c2a'
WARNING  jax._src.dispatch:dispatch.py:204 Finished XLA compilation of jit(isfinite) in 0.019744396 sec
WARNING  jax._src.interpreters.pxla:pxla.py:732 Compiling jit(bitwise_and) with global shapes and types (ShapedArray(bool[]), ShapedArray(bool[])). Argument mapping: (UnspecifiedValue, UnspecifiedValue).
WARNING  jax._src.dispatch:dispatch.py:204 Finished jaxpr to MLIR module conversion jit(bitwise_and) in 0.003905296 sec
WARNING  jax._src.compiler:compiler.py:124 Persistent compilation cache hit for 'jit_bitwise_and' with key 'jit_bitwise_and-3a9efb55ba7b1e486f2a3eee3a4ff47dbd03489488ba0f3eda365fa22bbd6bc4'
WARNING  jax._src.dispatch:dispatch.py:204 Finished XLA compilation of jit(bitwise_and) in 0.003848076 sec
WARNING  jax._src.interpreters.pxla:pxla.py:732 Compiling jit(saddle_qualified_domains) with global shapes and types (ShapedArray(int8[340]), ShapedArray(float64[340]), ShapedArray(bool[])). Argument mapping: (UnspecifiedValue, UnspecifiedValue, UnspecifiedValue).
WARNING  jax._src.dispatch:dispatch.py:204 Finished jaxpr to MLIR module conversion jit(saddle_qualified_domains) in 0.005538702 sec
WARNING  jax._src.dispatch:dispatch.py:204 Finished XLA compilation of jit(saddle_qualified_domains) in 0.029706717 sec
WARNING  jax._src.interpreters.pxla:pxla.py:732 Compiling jit(equal) with global shapes and types (ShapedArray(int8[340]), ShapedArray(int64[], weak_type=True)). Argument mapping: (UnspecifiedValue, UnspecifiedValue).
WARNING  jax._src.dispatch:dispatch.py:204 Finished jaxpr to MLIR module conversion jit(equal) in 0.004202604 sec
WARNING  jax._src.dispatch:dispatch.py:204 Finished XLA compilation of jit(equal) in 0.026879311 sec
WARNING  jax._src.interpreters.pxla:pxla.py:732 Compiling jit(bitwise_or) with global shapes and types (ShapedArray(bool[340]), ShapedArray(bool[340])). Argument mapping: (UnspecifiedValue, UnspecifiedValue).
WARNING  jax._src.dispatch:dispatch.py:204 Finished jaxpr to MLIR module conversion jit(bitwise_or) in 0.003933907 sec
WARNING  jax._src.dispatch:dispatch.py:204 Finished XLA compilation of jit(bitwise_or) in 0.033773899 sec
WARNING  jax._src.interpreters.pxla:pxla.py:732 Compiling jit(equal) with global shapes and types (ShapedArray(float64[2]), ShapedArray(float64[2])). Argument mapping: (UnspecifiedValue, UnspecifiedValue).
WARNING  jax._src.dispatch:dispatch.py:204 Finished jaxpr to MLIR module conversion jit(equal) in 0.003627777 sec
WARNING  jax._src.dispatch:dispatch.py:204 Finished XLA compilation of jit(equal) in 0.021645069 sec
WARNING  jax._src.interpreters.pxla:pxla.py:732 Compiling jit(invert) with global shapes and types (ShapedArray(bool[]),). Argument mapping: (UnspecifiedValue,).
WARNING  jax._src.dispatch:dispatch.py:204 Finished jaxpr to MLIR module conversion jit(invert) in 0.003091812 sec
WARNING  jax._src.dispatch:dispatch.py:204 Finished XLA compilation of jit(invert) in 0.019282579 sec
WARNING  jax._src.interpreters.pxla:pxla.py:732 Compiling jit(bitwise_or) with global shapes and types (ShapedArray(bool[]), ShapedArray(bool[])). Argument mapping: (UnspecifiedValue, UnspecifiedValue).
WARNING  jax._src.dispatch:dispatch.py:204 Finished jaxpr to MLIR module conversion jit(bitwise_or) in 0.003358126 sec
WARNING  jax._src.dispatch:dispatch.py:204 Finished XLA compilation of jit(bitwise_or) in 0.020260096 sec
WARNING  jax._src.dispatch:dispatch.py:204 Finished tracing subtract for jit in 0.000317812 sec
WARNING  jax._src.interpreters.pxla:pxla.py:732 Compiling jit(subtract) with global shapes and types (ShapedArray(float64[1086]), ShapedArray(float64[])). Argument mapping: (UnspecifiedValue, UnspecifiedValue).
WARNING  jax._src.dispatch:dispatch.py:204 Finished jaxpr to MLIR module conversion jit(subtract) in 0.003455877 sec
WARNING  jax._src.dispatch:dispatch.py:204 Finished XLA compilation of jit(subtract) in 0.021681309 sec
WARNING  jax._src.interpreters.pxla:pxla.py:732 Compiling jit(subtract) with global shapes and types (ShapedArray(float64[]), ShapedArray(float64[])). Argument mapping: (UnspecifiedValue, UnspecifiedValue).
WARNING  jax._src.dispatch:dispatch.py:204 Finished jaxpr to MLIR module conversion jit(subtract) in 0.003518581 sec
WARNING  jax._src.compiler:compiler.py:124 Persistent compilation cache hit for 'jit_subtract' with key 'jit_subtract-ada377d607fb5124e1c965791ab65ed82cddd392f8f3273adfe6d3b7695262ca'
WARNING  jax._src.dispatch:dispatch.py:204 Finished XLA compilation of jit(subtract) in 0.003506660 sec
WARNING  jax._src.dispatch:dispatch.py:204 Finished tracing true_divide for jit in 0.000303030 sec
WARNING  jax._src.interpreters.pxla:pxla.py:732 Compiling jit(true_divide) with global shapes and types (ShapedArray(float64[1086]), ShapedArray(float64[])). Argument mapping: (UnspecifiedValue, UnspecifiedValue).
WARNING  jax._src.dispatch:dispatch.py:204 Finished jaxpr to MLIR module conversion jit(true_divide) in 0.003204346 sec
WARNING  jax._src.dispatch:dispatch.py:204 Finished XLA compilation of jit(true_divide) in 0.024995327 sec
WARNING  jax._src.dispatch:dispatch.py:204 Finished tracing broadcast_in_dim for jit in 0.000283480 sec
WARNING  jax._src.interpreters.pxla:pxla.py:732 Compiling jit(broadcast_in_dim) with global shapes and types (ShapedArray(float64[]),). Argument mapping: (UnspecifiedValue,).
WARNING  jax._src.dispatch:dispatch.py:204 Finished jaxpr to MLIR module conversion jit(broadcast_in_dim) in 0.003589392 sec
WARNING  jax._src.dispatch:dispatch.py:204 Finished XLA compilation of jit(broadcast_in_dim) in 0.020470381 sec
WARNING  jax._src.dispatch:dispatch.py:204 Finished tracing stage for jit in 0.000118494 sec
WARNING  jax._src.interpreters.pxla:pxla.py:732 Compiling jit(stage) with global shapes and types (ShapedArray(float64[937,2]),). Argument mapping: (UnspecifiedValue,).
WARNING  jax._src.dispatch:dispatch.py:204 Finished jaxpr to MLIR module conversion jit(stage) in 0.003252268 sec
WARNING  jax._src.dispatch:dispatch.py:204 Finished XLA compilation of jit(stage) in 0.005965233 sec
WARNING  jax._src.dispatch:dispatch.py:204 Finished tracing stage for jit in 0.000104189 sec
WARNING  jax._src.interpreters.pxla:pxla.py:732 Compiling jit(stage) with global shapes and types (ShapedArray(int64[340,13]),). Argument mapping: (UnspecifiedValue,).
WARNING  jax._src.dispatch:dispatch.py:204 Finished jaxpr to MLIR module conversion jit(stage) in 0.002759695 sec
WARNING  jax._src.dispatch:dispatch.py:204 Finished XLA compilation of jit(stage) in 0.005527258 sec
WARNING  jax._src.dispatch:dispatch.py:204 Finished tracing stage for jit in 0.000102282 sec
WARNING  jax._src.interpreters.pxla:pxla.py:732 Compiling jit(stage) with global shapes and types (ShapedArray(int64[340]),). Argument mapping: (UnspecifiedValue,).
WARNING  jax._src.dispatch:dispatch.py:204 Finished jaxpr to MLIR module conversion jit(stage) in 0.002715111 sec
WARNING  jax._src.dispatch:dispatch.py:204 Finished XLA compilation of jit(stage) in 0.005461454 sec
WARNING  jax._src.dispatch:dispatch.py:204 Finished tracing stage for jit in 0.000102520 sec
WARNING  jax._src.interpreters.pxla:pxla.py:732 Compiling jit(stage) with global shapes and types (ShapedArray(float64[340,2]),). Argument mapping: (UnspecifiedValue,).
WARNING  jax._src.dispatch:dispatch.py:204 Finished jaxpr to MLIR module conversion jit(stage) in 0.002670288 sec
WARNING  jax._src.dispatch:dispatch.py:204 Finished XLA compilation of jit(stage) in 0.005381823 sec
WARNING  jax._src.dispatch:dispatch.py:204 Finished tracing iota for jit in 0.000126839 sec
WARNING  jax._src.interpreters.pxla:pxla.py:732 Compiling jit(iota) with global shapes and types (). Argument mapping: ().
WARNING  jax._src.dispatch:dispatch.py:204 Finished jaxpr to MLIR module conversion jit(iota) in 0.002935886 sec
WARNING  jax._src.dispatch:dispatch.py:204 Finished XLA compilation of jit(iota) in 0.026280403 sec
WARNING  jax._src.dispatch:dispatch.py:204 Finished tracing convert_element_type for jit in 0.000247955 sec
WARNING  jax._src.interpreters.pxla:pxla.py:732 Compiling jit(convert_element_type) with global shapes and types (ShapedArray(int64[340]),). Argument mapping: (UnspecifiedValue,).
WARNING  jax._src.dispatch:dispatch.py:204 Finished jaxpr to MLIR module conversion jit(convert_element_type) in 0.003668547 sec
WARNING  jax._src.dispatch:dispatch.py:204 Finished XLA compilation of jit(convert_element_type) in 0.030773878 sec
WARNING  jax._src.interpreters.pxla:pxla.py:732 Compiling jit(less) with global shapes and types (ShapedArray(int32[340]), ShapedArray(int64[], weak_type=True)). Argument mapping: (UnspecifiedValue, UnspecifiedValue).
WARNING  jax._src.dispatch:dispatch.py:204 Finished jaxpr to MLIR module conversion jit(less) in 0.003829241 sec
WARNING  jax._src.dispatch:dispatch.py:204 Finished XLA compilation of jit(less) in 0.026711702 sec
WARNING  jax._src.interpreters.pxla:pxla.py:732 Compiling jit(add) with global shapes and types (ShapedArray(int32[340]), ShapedArray(int32[])). Argument mapping: (UnspecifiedValue, UnspecifiedValue).
WARNING  jax._src.dispatch:dispatch.py:204 Finished jaxpr to MLIR module conversion jit(add) in 0.003767252 sec
WARNING  jax._src.dispatch:dispatch.py:204 Finished XLA compilation of jit(add) in 0.023545504 sec
WARNING  jax._src.dispatch:dispatch.py:204 Finished tracing select_n for jit in 0.000261784 sec
WARNING  jax._src.interpreters.pxla:pxla.py:732 Compiling jit(select_n) with global shapes and types (ShapedArray(bool[340]), ShapedArray(int32[340]), ShapedArray(int32[340])). Argument mapping: (UnspecifiedValue, UnspecifiedValue, UnspecifiedValue).
WARNING  jax._src.dispatch:dispatch.py:204 Finished jaxpr to MLIR module conversion jit(select_n) in 0.003824949 sec
WARNING  jax._src.dispatch:dispatch.py:204 Finished XLA compilation of jit(select_n) in 0.038638353 sec
WARNING  jax._src.interpreters.pxla:pxla.py:732 Compiling jit(less) with global shapes and types (ShapedArray(int32[]), ShapedArray(int64[], weak_type=True)). Argument mapping: (UnspecifiedValue, UnspecifiedValue).
WARNING  jax._src.dispatch:dispatch.py:204 Finished jaxpr to MLIR module conversion jit(less) in 0.003931284 sec
WARNING  jax._src.compiler:compiler.py:124 Persistent compilation cache hit for 'jit_less' with key 'jit_less-7355b83b5ccb882ed30dce609f6d80b5c3f9750aa714c1ab2c0d60ddbdc9eda2'
WARNING  jax._src.dispatch:dispatch.py:204 Finished XLA compilation of jit(less) in 0.002215624 sec
WARNING  jax._src.interpreters.pxla:pxla.py:732 Compiling jit(add) with global shapes and types (ShapedArray(int32[]), ShapedArray(int32[])). Argument mapping: (UnspecifiedValue, UnspecifiedValue).
WARNING  jax._src.dispatch:dispatch.py:204 Finished jaxpr to MLIR module conversion jit(add) in 0.003608942 sec
WARNING  jax._src.compiler:compiler.py:124 Persistent compilation cache hit for 'jit_add' with key 'jit_add-80f9e17a8cafcebf4aba89a7a541b7fd0cf583b1a50df1285931caf9a1346103'
WARNING  jax._src.dispatch:dispatch.py:204 Finished XLA compilation of jit(add) in 0.001545191 sec
WARNING  jax._src.dispatch:dispatch.py:204 Finished tracing broadcast_in_dim for jit in 0.000246048 sec
WARNING  jax._src.interpreters.pxla:pxla.py:732 Compiling jit(broadcast_in_dim) with global shapes and types (ShapedArray(int32[340]),). Argument mapping: (UnspecifiedValue,).
WARNING  jax._src.dispatch:dispatch.py:204 Finished jaxpr to MLIR module conversion jit(broadcast_in_dim) in 0.002983332 sec
WARNING  jax._src.dispatch:dispatch.py:204 Finished XLA compilation of jit(broadcast_in_dim) in 0.006351471 sec
WARNING  jax._src.dispatch:dispatch.py:204 Finished tracing broadcast_in_dim for jit in 0.000244617 sec
WARNING  jax._src.interpreters.pxla:pxla.py:732 Compiling jit(broadcast_in_dim) with global shapes and types (ShapedArray(int32[]),). Argument mapping: (UnspecifiedValue,).
WARNING  jax._src.dispatch:dispatch.py:204 Finished jaxpr to MLIR module conversion jit(broadcast_in_dim) in 0.003001690 sec
WARNING  jax._src.dispatch:dispatch.py:204 Finished XLA compilation of jit(broadcast_in_dim) in 0.022804260 sec
WARNING  jax._src.dispatch:dispatch.py:204 Finished tracing concatenate for jit in 0.000268698 sec
WARNING  jax._src.interpreters.pxla:pxla.py:732 Compiling jit(concatenate) with global shapes and types (ShapedArray(int32[340,1]), ShapedArray(int32[340,1])). Argument mapping: (UnspecifiedValue, UnspecifiedValue).
WARNING  jax._src.dispatch:dispatch.py:204 Finished jaxpr to MLIR module conversion jit(concatenate) in 0.003877640 sec
WARNING  jax._src.dispatch:dispatch.py:204 Finished XLA compilation of jit(concatenate) in 0.019909620 sec
WARNING  jax._src.dispatch:dispatch.py:204 Finished tracing gather for jit in 0.000398874 sec
WARNING  jax._src.interpreters.pxla:pxla.py:732 Compiling jit(gather) with global shapes and types (ShapedArray(int64[340,13]), ShapedArray(int32[340,2])). Argument mapping: (UnspecifiedValue, UnspecifiedValue).
WARNING  jax._src.dispatch:dispatch.py:204 Finished jaxpr to MLIR module conversion jit(gather) in 0.004045963 sec
WARNING  jax._src.dispatch:dispatch.py:204 Finished XLA compilation of jit(gather) in 0.026971579 sec
WARNING  jax._src.dispatch:dispatch.py:204 Finished tracing squeeze for jit in 0.000240564 sec
WARNING  jax._src.interpreters.pxla:pxla.py:732 Compiling jit(squeeze) with global shapes and types (ShapedArray(int64[340,1,13]),). Argument mapping: (UnspecifiedValue,).
WARNING  jax._src.dispatch:dispatch.py:204 Finished jaxpr to MLIR module conversion jit(squeeze) in 0.003587961 sec
WARNING  jax._src.dispatch:dispatch.py:204 Finished XLA compilation of jit(squeeze) in 0.006667376 sec
WARNING  jax._src.interpreters.pxla:pxla.py:732 Compiling jit(less) with global shapes and types (ShapedArray(int64[340,13]), ShapedArray(int64[], weak_type=True)). Argument mapping: (UnspecifiedValue, UnspecifiedValue).
WARNING  jax._src.dispatch:dispatch.py:204 Finished jaxpr to MLIR module conversion jit(less) in 0.003475666 sec
WARNING  jax._src.dispatch:dispatch.py:204 Finished XLA compilation of jit(less) in 0.025563717 sec
WARNING  jax._src.dispatch:dispatch.py:204 Finished tracing add for jit in 0.000271559 sec
WARNING  jax._src.interpreters.pxla:pxla.py:732 Compiling jit(add) with global shapes and types (ShapedArray(int64[340,13]), ShapedArray(int64[])). Argument mapping: (UnspecifiedValue, UnspecifiedValue).
WARNING  jax._src.dispatch:dispatch.py:204 Finished jaxpr to MLIR module conversion jit(add) in 0.003671646 sec
WARNING  jax._src.dispatch:dispatch.py:204 Finished XLA compilation of jit(add) in 0.029726267 sec
WARNING  jax._src.dispatch:dispatch.py:204 Finished tracing select_n for jit in 0.000374556 sec
WARNING  jax._src.interpreters.pxla:pxla.py:732 Compiling jit(select_n) with global shapes and types (ShapedArray(bool[340,13]), ShapedArray(int64[340,13]), ShapedArray(int64[340,13])). Argument mapping: (UnspecifiedValue, UnspecifiedValue, UnspecifiedValue).
WARNING  jax._src.dispatch:dispatch.py:204 Finished jaxpr to MLIR module conversion jit(select_n) in 0.003603458 sec
WARNING  jax._src.dispatch:dispatch.py:204 Finished XLA compilation of jit(select_n) in 0.033518791 sec
WARNING  jax._src.interpreters.pxla:pxla.py:732 Compiling jit(_broadcast_arrays) with global shapes and types (ShapedArray(int64[340,13]),). Argument mapping: (UnspecifiedValue,).
WARNING  jax._src.dispatch:dispatch.py:204 Finished jaxpr to MLIR module conversion jit(_broadcast_arrays) in 0.003418207 sec
WARNING  jax._src.dispatch:dispatch.py:204 Finished XLA compilation of jit(_broadcast_arrays) in 0.006608486 sec
WARNING  jax._src.dispatch:dispatch.py:204 Finished tracing convert_element_type for jit in 0.000332117 sec
WARNING  jax._src.interpreters.pxla:pxla.py:732 Compiling jit(convert_element_type) with global shapes and types (ShapedArray(int64[340,13]),). Argument mapping: (UnspecifiedValue,).
WARNING  jax._src.dispatch:dispatch.py:204 Finished jaxpr to MLIR module conversion jit(convert_element_type) in 0.003166199 sec
WARNING  jax._src.dispatch:dispatch.py:204 Finished XLA compilation of jit(convert_element_type) in 0.030706644 sec
WARNING  jax._src.dispatch:dispatch.py:204 Finished tracing broadcast_in_dim for jit in 0.000401258 sec
WARNING  jax._src.interpreters.pxla:pxla.py:732 Compiling jit(broadcast_in_dim) with global shapes and types (ShapedArray(int32[340,13]),). Argument mapping: (UnspecifiedValue,).
WARNING  jax._src.dispatch:dispatch.py:204 Finished jaxpr to MLIR module conversion jit(broadcast_in_dim) in 0.003964901 sec
WARNING  jax._src.dispatch:dispatch.py:204 Finished XLA compilation of jit(broadcast_in_dim) in 0.028918982 sec
WARNING  jax._src.dispatch:dispatch.py:204 Finished tracing gather for jit in 0.000297785 sec
WARNING  jax._src.interpreters.pxla:pxla.py:732 Compiling jit(gather) with global shapes and types (ShapedArray(float64[937,2]), ShapedArray(int32[340,13,1])). Argument mapping: (UnspecifiedValue, UnspecifiedValue).
WARNING  jax._src.dispatch:dispatch.py:204 Finished jaxpr to MLIR module conversion jit(gather) in 0.003908873 sec
WARNING  jax._src.dispatch:dispatch.py:204 Finished XLA compilation of jit(gather) in 0.025068045 sec
WARNING  jax._src.dispatch:dispatch.py:204 Finished tracing broadcast_in_dim for jit in 0.000298738 sec
WARNING  jax._src.interpreters.pxla:pxla.py:732 Compiling jit(broadcast_in_dim) with global shapes and types (ShapedArray(float64[340,13,2]),). Argument mapping: (UnspecifiedValue,).
WARNING  jax._src.dispatch:dispatch.py:204 Finished jaxpr to MLIR module conversion jit(broadcast_in_dim) in 0.003658772 sec
WARNING  jax._src.dispatch:dispatch.py:204 Finished XLA compilation of jit(broadcast_in_dim) in 0.006428003 sec
WARNING  jax._src.dispatch:dispatch.py:204 Finished tracing iota for jit in 0.000216961 sec
WARNING  jax._src.interpreters.pxla:pxla.py:732 Compiling jit(iota) with global shapes and types (). Argument mapping: ().
WARNING  jax._src.dispatch:dispatch.py:204 Finished jaxpr to MLIR module conversion jit(iota) in 0.003254890 sec
WARNING  jax._src.dispatch:dispatch.py:204 Finished XLA compilation of jit(iota) in 0.026420832 sec
WARNING  jax._src.dispatch:dispatch.py:204 Finished tracing broadcast_in_dim for jit in 0.000342607 sec
WARNING  jax._src.interpreters.pxla:pxla.py:732 Compiling jit(broadcast_in_dim) with global shapes and types (ShapedArray(int64[13]),). Argument mapping: (UnspecifiedValue,).
WARNING  jax._src.dispatch:dispatch.py:204 Finished jaxpr to MLIR module conversion jit(broadcast_in_dim) in 0.003777981 sec
WARNING  jax._src.dispatch:dispatch.py:204 Finished XLA compilation of jit(broadcast_in_dim) in 0.006790638 sec
WARNING  jax._src.dispatch:dispatch.py:204 Finished tracing convert_element_type for jit in 0.000215769 sec
WARNING  jax._src.interpreters.pxla:pxla.py:732 Compiling jit(convert_element_type) with global shapes and types (ShapedArray(int64[]),). Argument mapping: (UnspecifiedValue,).
WARNING  jax._src.dispatch:dispatch.py:204 Finished jaxpr to MLIR module conversion jit(convert_element_type) in 0.003036261 sec
WARNING  jax._src.compiler:compiler.py:124 Persistent compilation cache hit for 'jit_convert_element_type' with key 'jit_convert_element_type-bb9da753524b1c630c56edbdee61de0fcbada5ba7351588b0fc0388f9a67ea06'
WARNING  jax._src.dispatch:dispatch.py:204 Finished XLA compilation of jit(convert_element_type) in 0.003283262 sec
WARNING  jax._src.interpreters.pxla:pxla.py:732 Compiling jit(less) with global shapes and types (ShapedArray(int64[340]), ShapedArray(int64[], weak_type=True)). Argument mapping: (UnspecifiedValue, UnspecifiedValue).
WARNING  jax._src.dispatch:dispatch.py:204 Finished jaxpr to MLIR module conversion jit(less) in 0.003760338 sec
WARNING  jax._src.dispatch:dispatch.py:204 Finished XLA compilation of jit(less) in 0.023396969 sec
WARNING  jax._src.interpreters.pxla:pxla.py:732 Compiling jit(add) with global shapes and types (ShapedArray(int64[340]), ShapedArray(int64[])). Argument mapping: (UnspecifiedValue, UnspecifiedValue).
WARNING  jax._src.dispatch:dispatch.py:204 Finished jaxpr to MLIR module conversion jit(add) in 0.003648520 sec
WARNING  jax._src.dispatch:dispatch.py:204 Finished XLA compilation of jit(add) in 0.026948214 sec
WARNING  jax._src.dispatch:dispatch.py:204 Finished tracing select_n for jit in 0.000261784 sec
WARNING  jax._src.interpreters.pxla:pxla.py:732 Compiling jit(select_n) with global shapes and types (ShapedArray(bool[340]), ShapedArray(int64[340]), ShapedArray(int64[340])). Argument mapping: (UnspecifiedValue, UnspecifiedValue, UnspecifiedValue).
WARNING  jax._src.dispatch:dispatch.py:204 Finished jaxpr to MLIR module conversion jit(select_n) in 0.003676414 sec
WARNING  jax._src.dispatch:dispatch.py:204 Finished XLA compilation of jit(select_n) in 0.036242247 sec
WARNING  jax._src.dispatch:dispatch.py:204 Finished tracing broadcast_in_dim for jit in 0.000337362 sec
WARNING  jax._src.interpreters.pxla:pxla.py:732 Compiling jit(broadcast_in_dim) with global shapes and types (ShapedArray(int64[340]),). Argument mapping: (UnspecifiedValue,).
WARNING  jax._src.dispatch:dispatch.py:204 Finished jaxpr to MLIR module conversion jit(broadcast_in_dim) in 0.004138470 sec
WARNING  jax._src.dispatch:dispatch.py:204 Finished XLA compilation of jit(broadcast_in_dim) in 0.007221937 sec
WARNING  jax._src.dispatch:dispatch.py:204 Finished tracing gather for jit in 0.000324965 sec
WARNING  jax._src.interpreters.pxla:pxla.py:732 Compiling jit(gather) with global shapes and types (ShapedArray(int64[340]), ShapedArray(int64[340,1])). Argument mapping: (UnspecifiedValue, UnspecifiedValue).
WARNING  jax._src.dispatch:dispatch.py:204 Finished jaxpr to MLIR module conversion jit(gather) in 0.003600359 sec
WARNING  jax._src.dispatch:dispatch.py:204 Finished XLA compilation of jit(gather) in 0.023400068 sec
WARNING  jax._src.dispatch:dispatch.py:204 Finished tracing gather for jit in 0.000304461 sec
WARNING  jax._src.interpreters.pxla:pxla.py:732 Compiling jit(gather) with global shapes and types (ShapedArray(float64[340,2]), ShapedArray(int32[340,2])). Argument mapping: (UnspecifiedValue, UnspecifiedValue).
WARNING  jax._src.dispatch:dispatch.py:204 Finished jaxpr to MLIR module conversion jit(gather) in 0.003727436 sec
WARNING  jax._src.dispatch:dispatch.py:204 Finished XLA compilation of jit(gather) in 0.026111841 sec
WARNING  jax._src.dispatch:dispatch.py:204 Finished tracing squeeze for jit in 0.000258207 sec
WARNING  jax._src.interpreters.pxla:pxla.py:732 Compiling jit(squeeze) with global shapes and types (ShapedArray(float64[340,1,2]),). Argument mapping: (UnspecifiedValue,).
WARNING  jax._src.dispatch:dispatch.py:204 Finished jaxpr to MLIR module conversion jit(squeeze) in 0.003722668 sec
WARNING  jax._src.dispatch:dispatch.py:204 Finished XLA compilation of jit(squeeze) in 0.006585598 sec
WARNING  jax._src.dispatch:dispatch.py:204 Finished tracing broadcast_in_dim for jit in 0.000259161 sec
WARNING  jax._src.interpreters.pxla:pxla.py:732 Compiling jit(broadcast_in_dim) with global shapes and types (ShapedArray(float64[340,2]),). Argument mapping: (UnspecifiedValue,).
WARNING  jax._src.dispatch:dispatch.py:204 Finished jaxpr to MLIR module conversion jit(broadcast_in_dim) in 0.003199100 sec
WARNING  jax._src.dispatch:dispatch.py:204 Finished XLA compilation of jit(broadcast_in_dim) in 0.027465582 sec
WARNING  jax._src.dispatch:dispatch.py:204 Finished tracing gather for jit in 0.000295639 sec
WARNING  jax._src.interpreters.pxla:pxla.py:732 Compiling jit(gather) with global shapes and types (ShapedArray(float64[937]), ShapedArray(int32[340,13,1])). Argument mapping: (UnspecifiedValue, UnspecifiedValue).
WARNING  jax._src.dispatch:dispatch.py:204 Finished jaxpr to MLIR module conversion jit(gather) in 0.003818512 sec
WARNING  jax._src.dispatch:dispatch.py:204 Finished XLA compilation of jit(gather) in 0.028961897 sec
WARNING  jax._src.dispatch:dispatch.py:204 Finished tracing broadcast_in_dim for jit in 0.000272036 sec
WARNING  jax._src.interpreters.pxla:pxla.py:732 Compiling jit(broadcast_in_dim) with global shapes and types (ShapedArray(float64[340,13]),). Argument mapping: (UnspecifiedValue,).
WARNING  jax._src.dispatch:dispatch.py:204 Finished jaxpr to MLIR module conversion jit(broadcast_in_dim) in 0.003521681 sec
WARNING  jax._src.dispatch:dispatch.py:204 Finished XLA compilation of jit(broadcast_in_dim) in 0.006483078 sec
WARNING  jax._src.dispatch:dispatch.py:204 Finished tracing broadcast_in_dim for jit in 0.000269890 sec
WARNING  jax._src.interpreters.pxla:pxla.py:732 Compiling jit(broadcast_in_dim) with global shapes and types (ShapedArray(int64[340,1]),). Argument mapping: (UnspecifiedValue,).
WARNING  jax._src.dispatch:dispatch.py:204 Finished jaxpr to MLIR module conversion jit(broadcast_in_dim) in 0.003400087 sec
WARNING  jax._src.dispatch:dispatch.py:204 Finished XLA compilation of jit(broadcast_in_dim) in 0.006759882 sec
WARNING  jax._src.interpreters.pxla:pxla.py:732 Compiling jit(less) with global shapes and types (ShapedArray(int64[1,13]), ShapedArray(int64[340,1,1])). Argument mapping: (UnspecifiedValue, UnspecifiedValue).
WARNING  jax._src.dispatch:dispatch.py:204 Finished jaxpr to MLIR module conversion jit(less) in 0.003431797 sec
WARNING  jax._src.dispatch:dispatch.py:204 Finished XLA compilation of jit(less) in 0.024924994 sec
WARNING  jax._src.interpreters.pxla:pxla.py:732 Compiling jit(add) with global shapes and types (ShapedArray(int64[1,13]), ShapedArray(int64[], weak_type=True)). Argument mapping: (UnspecifiedValue, UnspecifiedValue).
WARNING  jax._src.dispatch:dispatch.py:204 Finished jaxpr to MLIR module conversion jit(add) in 0.003908396 sec
WARNING  jax._src.dispatch:dispatch.py:204 Finished XLA compilation of jit(add) in 0.020923376 sec
WARNING  jax._src.interpreters.pxla:pxla.py:732 Compiling jit(_where) with global shapes and types (ShapedArray(bool[340,1,13]), ShapedArray(int64[1,13]), ShapedArray(int64[], weak_type=True)). Argument mapping: (UnspecifiedValue, UnspecifiedValue, UnspecifiedValue).
WARNING  jax._src.dispatch:dispatch.py:204 Finished jaxpr to MLIR module conversion jit(_where) in 0.004056454 sec
WARNING  jax._src.dispatch:dispatch.py:204 Finished XLA compilation of jit(_where) in 0.027224779 sec
WARNING  jax._src.interpreters.pxla:pxla.py:732 Compiling jit(take_along_axis) with global shapes and types (ShapedArray(int64[1,13]), ShapedArray(int64[340,1,13])). Argument mapping: (UnspecifiedValue, UnspecifiedValue).
WARNING  jax._src.dispatch:dispatch.py:204 Finished jaxpr to MLIR module conversion jit(take_along_axis) in 0.007183790 sec
WARNING  jax._src.dispatch:dispatch.py:204 Finished XLA compilation of jit(take_along_axis) in 0.035703897 sec
WARNING  jax._src.interpreters.pxla:pxla.py:732 Compiling jit(less) with global shapes and types (ShapedArray(int64[1,13]), ShapedArray(int64[], weak_type=True)). Argument mapping: (UnspecifiedValue, UnspecifiedValue).
WARNING  jax._src.dispatch:dispatch.py:204 Finished jaxpr to MLIR module conversion jit(less) in 0.003864527 sec
WARNING  jax._src.dispatch:dispatch.py:204 Finished XLA compilation of jit(less) in 0.020943642 sec
WARNING  jax._src.dispatch:dispatch.py:204 Finished tracing add for jit in 0.000148296 sec
WARNING  jax._src.interpreters.pxla:pxla.py:732 Compiling jit(add) with global shapes and types (ShapedArray(int64[1,13]), ShapedArray(int64[])). Argument mapping: (UnspecifiedValue, UnspecifiedValue).
WARNING  jax._src.dispatch:dispatch.py:204 Finished jaxpr to MLIR module conversion jit(add) in 0.003679752 sec
WARNING  jax._src.dispatch:dispatch.py:204 Finished XLA compilation of jit(add) in 0.020726681 sec
WARNING  jax._src.dispatch:dispatch.py:204 Finished tracing select_n for jit in 0.000158310 sec
WARNING  jax._src.interpreters.pxla:pxla.py:732 Compiling jit(select_n) with global shapes and types (ShapedArray(bool[1,13]), ShapedArray(int64[1,13]), ShapedArray(int64[1,13])). Argument mapping: (UnspecifiedValue, UnspecifiedValue, UnspecifiedValue).
WARNING  jax._src.dispatch:dispatch.py:204 Finished jaxpr to MLIR module conversion jit(select_n) in 0.003605843 sec
WARNING  jax._src.dispatch:dispatch.py:204 Finished XLA compilation of jit(select_n) in 0.028248787 sec
WARNING  jax._src.interpreters.pxla:pxla.py:732 Compiling jit(_broadcast_arrays) with global shapes and types (ShapedArray(int64[1,13]),). Argument mapping: (UnspecifiedValue,).
WARNING  jax._src.dispatch:dispatch.py:204 Finished jaxpr to MLIR module conversion jit(_broadcast_arrays) in 0.003398418 sec
WARNING  jax._src.dispatch:dispatch.py:204 Finished XLA compilation of jit(_broadcast_arrays) in 0.006079197 sec
WARNING  jax._src.dispatch:dispatch.py:204 Finished tracing convert_element_type for jit in 0.000147104 sec
WARNING  jax._src.interpreters.pxla:pxla.py:732 Compiling jit(convert_element_type) with global shapes and types (ShapedArray(int64[1,13]),). Argument mapping: (UnspecifiedValue,).
WARNING  jax._src.dispatch:dispatch.py:204 Finished jaxpr to MLIR module conversion jit(convert_element_type) in 0.003111362 sec
WARNING  jax._src.dispatch:dispatch.py:204 Finished XLA compilation of jit(convert_element_type) in 0.024489164 sec
WARNING  jax._src.dispatch:dispatch.py:204 Finished tracing broadcast_in_dim for jit in 0.000308037 sec
WARNING  jax._src.interpreters.pxla:pxla.py:732 Compiling jit(broadcast_in_dim) with global shapes and types (ShapedArray(int32[1,13]),). Argument mapping: (UnspecifiedValue,).
WARNING  jax._src.dispatch:dispatch.py:204 Finished jaxpr to MLIR module conversion jit(broadcast_in_dim) in 0.003651857 sec
WARNING  jax._src.dispatch:dispatch.py:204 Finished XLA compilation of jit(broadcast_in_dim) in 0.006461620 sec
WARNING  jax._src.dispatch:dispatch.py:204 Finished tracing gather for jit in 0.000298500 sec
WARNING  jax._src.interpreters.pxla:pxla.py:732 Compiling jit(gather) with global shapes and types (ShapedArray(float64[340,13,2]), ShapedArray(int32[1,13,1])). Argument mapping: (UnspecifiedValue, UnspecifiedValue).
WARNING  jax._src.dispatch:dispatch.py:204 Finished jaxpr to MLIR module conversion jit(gather) in 0.003331900 sec
WARNING  jax._src.dispatch:dispatch.py:204 Finished XLA compilation of jit(gather) in 0.024891138 sec
WARNING  jax._src.dispatch:dispatch.py:204 Finished tracing broadcast_in_dim for jit in 0.000277519 sec
WARNING  jax._src.interpreters.pxla:pxla.py:732 Compiling jit(broadcast_in_dim) with global shapes and types (ShapedArray(float64[340,1,13,2]),). Argument mapping: (UnspecifiedValue,).
WARNING  jax._src.dispatch:dispatch.py:204 Finished jaxpr to MLIR module conversion jit(broadcast_in_dim) in 0.003444672 sec
WARNING  jax._src.dispatch:dispatch.py:204 Finished XLA compilation of jit(broadcast_in_dim) in 0.006367207 sec
WARNING  jax._src.interpreters.pxla:pxla.py:732 Compiling jit(less) with global shapes and types (ShapedArray(int64[340,1,13]), ShapedArray(int64[], weak_type=True)). Argument mapping: (UnspecifiedValue, UnspecifiedValue).
WARNING  jax._src.dispatch:dispatch.py:204 Finished jaxpr to MLIR module conversion jit(less) in 0.003431797 sec
WARNING  jax._src.dispatch:dispatch.py:204 Finished XLA compilation of jit(less) in 0.025513411 sec
WARNING  jax._src.dispatch:dispatch.py:204 Finished tracing add for jit in 0.000220060 sec
WARNING  jax._src.interpreters.pxla:pxla.py:732 Compiling jit(add) with global shapes and types (ShapedArray(int64[340,1,13]), ShapedArray(int64[])). Argument mapping: (UnspecifiedValue, UnspecifiedValue).
WARNING  jax._src.dispatch:dispatch.py:204 Finished jaxpr to MLIR module conversion jit(add) in 0.003764153 sec
WARNING  jax._src.dispatch:dispatch.py:204 Finished XLA compilation of jit(add) in 0.025079012 sec
WARNING  jax._src.dispatch:dispatch.py:204 Finished tracing select_n for jit in 0.000233412 sec
WARNING  jax._src.interpreters.pxla:pxla.py:732 Compiling jit(select_n) with global shapes and types (ShapedArray(bool[340,1,13]), ShapedArray(int64[340,1,13]), ShapedArray(int64[340,1,13])). Argument mapping: (UnspecifiedValue, UnspecifiedValue, UnspecifiedValue).
WARNING  jax._src.dispatch:dispatch.py:204 Finished jaxpr to MLIR module conversion jit(select_n) in 0.003674984 sec
WARNING  jax._src.dispatch:dispatch.py:204 Finished XLA compilation of jit(select_n) in 0.033388853 sec
WARNING  jax._src.interpreters.pxla:pxla.py:732 Compiling jit(_broadcast_arrays) with global shapes and types (ShapedArray(int64[340,1,13]),). Argument mapping: (UnspecifiedValue,).
WARNING  jax._src.dispatch:dispatch.py:204 Finished jaxpr to MLIR module conversion jit(_broadcast_arrays) in 0.003439665 sec
WARNING  jax._src.dispatch:dispatch.py:204 Finished XLA compilation of jit(_broadcast_arrays) in 0.006132603 sec
WARNING  jax._src.dispatch:dispatch.py:204 Finished tracing convert_element_type for jit in 0.000210762 sec
WARNING  jax._src.interpreters.pxla:pxla.py:732 Compiling jit(convert_element_type) with global shapes and types (ShapedArray(int64[340,1,13]),). Argument mapping: (UnspecifiedValue,).
WARNING  jax._src.dispatch:dispatch.py:204 Finished jaxpr to MLIR module conversion jit(convert_element_type) in 0.003181934 sec
WARNING  jax._src.dispatch:dispatch.py:204 Finished XLA compilation of jit(convert_element_type) in 0.029404879 sec
WARNING  jax._src.dispatch:dispatch.py:204 Finished tracing broadcast_in_dim for jit in 0.000288248 sec
WARNING  jax._src.interpreters.pxla:pxla.py:732 Compiling jit(broadcast_in_dim) with global shapes and types (ShapedArray(int32[340,1,13]),). Argument mapping: (UnspecifiedValue,).
WARNING  jax._src.dispatch:dispatch.py:204 Finished jaxpr to MLIR module conversion jit(broadcast_in_dim) in 0.003699064 sec
WARNING  jax._src.dispatch:dispatch.py:204 Finished XLA compilation of jit(broadcast_in_dim) in 0.028300762 sec
WARNING  jax._src.dispatch:dispatch.py:204 Finished tracing gather for jit in 0.000284910 sec
WARNING  jax._src.interpreters.pxla:pxla.py:732 Compiling jit(gather) with global shapes and types (ShapedArray(float64[340,13,2]), ShapedArray(int32[340,1,13,1])). Argument mapping: (UnspecifiedValue, UnspecifiedValue).
WARNING  jax._src.dispatch:dispatch.py:204 Finished jaxpr to MLIR module conversion jit(gather) in 0.003834009 sec
WARNING  jax._src.dispatch:dispatch.py:204 Finished XLA compilation of jit(gather) in 0.026165962 sec
WARNING  jax._src.dispatch:dispatch.py:204 Finished tracing broadcast_in_dim for jit in 0.000345469 sec
WARNING  jax._src.interpreters.pxla:pxla.py:732 Compiling jit(broadcast_in_dim) with global shapes and types (ShapedArray(float64[]),). Argument mapping: (UnspecifiedValue,).
WARNING  jax._src.dispatch:dispatch.py:204 Finished jaxpr to MLIR module conversion jit(broadcast_in_dim) in 0.003755331 sec
WARNING  jax._src.dispatch:dispatch.py:204 Finished XLA compilation of jit(broadcast_in_dim) in 0.019839525 sec
WARNING  jax._src.dispatch:dispatch.py:204 Finished tracing broadcast_in_dim for jit in 0.000402927 sec
WARNING  jax._src.interpreters.pxla:pxla.py:732 Compiling jit(broadcast_in_dim) with global shapes and types (ShapedArray(float64[]),). Argument mapping: (UnspecifiedValue,).
WARNING  jax._src.dispatch:dispatch.py:204 Finished jaxpr to MLIR module conversion jit(broadcast_in_dim) in 0.003739119 sec
WARNING  jax._src.dispatch:dispatch.py:204 Finished XLA compilation of jit(broadcast_in_dim) in 0.019736052 sec
WARNING  jax._src.dispatch:dispatch.py:204 Finished tracing gather for jit in 0.000302553 sec
WARNING  jax._src.interpreters.pxla:pxla.py:732 Compiling jit(gather) with global shapes and types (ShapedArray(float64[340,13]), ShapedArray(int32[1,13,1])). Argument mapping: (UnspecifiedValue, UnspecifiedValue).
WARNING  jax._src.dispatch:dispatch.py:204 Finished jaxpr to MLIR module conversion jit(gather) in 0.003817320 sec
WARNING  jax._src.dispatch:dispatch.py:204 Finished XLA compilation of jit(gather) in 0.029631376 sec
WARNING  jax._src.dispatch:dispatch.py:204 Finished tracing broadcast_in_dim for jit in 0.000269413 sec
WARNING  jax._src.interpreters.pxla:pxla.py:732 Compiling jit(broadcast_in_dim) with global shapes and types (ShapedArray(float64[340,1,13]),). Argument mapping: (UnspecifiedValue,).
WARNING  jax._src.dispatch:dispatch.py:204 Finished jaxpr to MLIR module conversion jit(broadcast_in_dim) in 0.003546000 sec
WARNING  jax._src.dispatch:dispatch.py:204 Finished XLA compilation of jit(broadcast_in_dim) in 0.006500483 sec
WARNING  jax._src.dispatch:dispatch.py:204 Finished tracing gather for jit in 0.000276566 sec
WARNING  jax._src.interpreters.pxla:pxla.py:732 Compiling jit(gather) with global shapes and types (ShapedArray(float64[340,13]), ShapedArray(int32[340,1,13,1])). Argument mapping: (UnspecifiedValue, UnspecifiedValue).
WARNING  jax._src.dispatch:dispatch.py:204 Finished jaxpr to MLIR module conversion jit(gather) in 0.003517151 sec
WARNING  jax._src.dispatch:dispatch.py:204 Finished XLA compilation of jit(gather) in 0.031636715 sec
WARNING  jax._src.dispatch:dispatch.py:204 Finished tracing broadcast_in_dim for jit in 0.000360727 sec
WARNING  jax._src.interpreters.pxla:pxla.py:732 Compiling jit(broadcast_in_dim) with global shapes and types (ShapedArray(bool[]),). Argument mapping: (UnspecifiedValue,).
WARNING  jax._src.dispatch:dispatch.py:204 Finished jaxpr to MLIR module conversion jit(broadcast_in_dim) in 0.004159212 sec
WARNING  jax._src.dispatch:dispatch.py:204 Finished XLA compilation of jit(broadcast_in_dim) in 0.016971588 sec
WARNING  jax._src.interpreters.pxla:pxla.py:732 Compiling jit(greater) with global shapes and types (ShapedArray(float64[340,1,13]), ShapedArray(float64[], weak_type=True)). Argument mapping: (UnspecifiedValue, UnspecifiedValue).
WARNING  jax._src.dispatch:dispatch.py:204 Finished jaxpr to MLIR module conversion jit(greater) in 0.004180431 sec
WARNING  jax._src.dispatch:dispatch.py:204 Finished XLA compilation of jit(greater) in 0.028704405 sec
WARNING  jax._src.dispatch:dispatch.py:204 Finished tracing broadcast_in_dim for jit in 0.000460148 sec
WARNING  jax._src.interpreters.pxla:pxla.py:732 Compiling jit(broadcast_in_dim) with global shapes and types (ShapedArray(bool[1]),). Argument mapping: (UnspecifiedValue,).
WARNING  jax._src.dispatch:dispatch.py:204 Finished jaxpr to MLIR module conversion jit(broadcast_in_dim) in 0.004082203 sec
WARNING  jax._src.dispatch:dispatch.py:204 Finished XLA compilation of jit(broadcast_in_dim) in 0.007270813 sec
WARNING  jax._src.interpreters.pxla:pxla.py:732 Compiling jit(bitwise_and) with global shapes and types (ShapedArray(bool[340,1,13]), ShapedArray(bool[1,1])). Argument mapping: (UnspecifiedValue, UnspecifiedValue).
WARNING  jax._src.dispatch:dispatch.py:204 Finished jaxpr to MLIR module conversion jit(bitwise_and) in 0.004112959 sec
WARNING  jax._src.dispatch:dispatch.py:204 Finished XLA compilation of jit(bitwise_and) in 0.029764652 sec
WARNING  jax._src.interpreters.pxla:pxla.py:732 Compiling jit(not_equal) with global shapes and types (ShapedArray(bool[340,1,13]), ShapedArray(bool[340,1,13])). Argument mapping: (UnspecifiedValue, UnspecifiedValue).
WARNING  jax._src.dispatch:dispatch.py:204 Finished jaxpr to MLIR module conversion jit(not_equal) in 0.004353285 sec
WARNING  jax._src.dispatch:dispatch.py:204 Finished XLA compilation of jit(not_equal) in 0.036314726 sec
WARNING  jax._src.interpreters.pxla:pxla.py:732 Compiling jit(bitwise_and) with global shapes and types (ShapedArray(bool[340,1,13]), ShapedArray(bool[340,1,13])). Argument mapping: (UnspecifiedValue, UnspecifiedValue).
WARNING  jax._src.dispatch:dispatch.py:204 Finished jaxpr to MLIR module conversion jit(bitwise_and) in 0.004144669 sec
WARNING  jax._src.dispatch:dispatch.py:204 Finished XLA compilation of jit(bitwise_and) in 0.036098480 sec
WARNING  jax._src.interpreters.pxla:pxla.py:732 Compiling jit(subtract) with global shapes and types (ShapedArray(float64[340,1,13]), ShapedArray(float64[340,1,13])). Argument mapping: (UnspecifiedValue, UnspecifiedValue).
WARNING  jax._src.dispatch:dispatch.py:204 Finished jaxpr to MLIR module conversion jit(subtract) in 0.004104137 sec
WARNING  jax._src.dispatch:dispatch.py:204 Finished XLA compilation of jit(subtract) in 0.040119171 sec
WARNING  jax._src.interpreters.pxla:pxla.py:732 Compiling jit(true_divide) with global shapes and types (ShapedArray(float64[340,1,13]), ShapedArray(float64[340,1,13])). Argument mapping: (UnspecifiedValue, UnspecifiedValue).
WARNING  jax._src.dispatch:dispatch.py:204 Finished jaxpr to MLIR module conversion jit(true_divide) in 0.004186630 sec
WARNING  jax._src.dispatch:dispatch.py:204 Finished XLA compilation of jit(true_divide) in 0.035752058 sec
WARNING  jax._src.interpreters.pxla:pxla.py:732 Compiling jit(add) with global shapes and types (ShapedArray(float64[340,1,13,2]), ShapedArray(float64[340,1,13,2])). Argument mapping: (UnspecifiedValue, UnspecifiedValue).
WARNING  jax._src.dispatch:dispatch.py:204 Finished jaxpr to MLIR module conversion jit(add) in 0.004155397 sec
WARNING  jax._src.dispatch:dispatch.py:204 Finished XLA compilation of jit(add) in 0.040221691 sec
WARNING  jax._src.interpreters.pxla:pxla.py:732 Compiling jit(multiply) with global shapes and types (ShapedArray(float64[], weak_type=True), ShapedArray(float64[340,1,13,2])). Argument mapping: (UnspecifiedValue, UnspecifiedValue).
WARNING  jax._src.dispatch:dispatch.py:204 Finished jaxpr to MLIR module conversion jit(multiply) in 0.004866600 sec
WARNING  jax._src.dispatch:dispatch.py:204 Finished XLA compilation of jit(multiply) in 0.027091742 sec
WARNING  jax._src.dispatch:dispatch.py:204 Finished tracing broadcast_in_dim for jit in 0.000352144 sec
WARNING  jax._src.interpreters.pxla:pxla.py:732 Compiling jit(broadcast_in_dim) with global shapes and types (ShapedArray(float64[340,1,2]),). Argument mapping: (UnspecifiedValue,).
WARNING  jax._src.dispatch:dispatch.py:204 Finished jaxpr to MLIR module conversion jit(broadcast_in_dim) in 0.004385233 sec
WARNING  jax._src.dispatch:dispatch.py:204 Finished XLA compilation of jit(broadcast_in_dim) in 0.032759666 sec
WARNING  jax._src.interpreters.pxla:pxla.py:732 Compiling jit(subtract) with global shapes and types (ShapedArray(float64[340,1,13,2]), ShapedArray(float64[340,1,1,2])). Argument mapping: (UnspecifiedValue, UnspecifiedValue).
WARNING  jax._src.dispatch:dispatch.py:204 Finished jaxpr to MLIR module conversion jit(subtract) in 0.004422903 sec
WARNING  jax._src.dispatch:dispatch.py:204 Finished XLA compilation of jit(subtract) in 0.027575493 sec
WARNING  jax._src.dispatch:dispatch.py:204 Finished tracing broadcast_in_dim for jit in 0.000319958 sec
WARNING  jax._src.interpreters.pxla:pxla.py:732 Compiling jit(broadcast_in_dim) with global shapes and types (ShapedArray(float64[1,2]),). Argument mapping: (UnspecifiedValue,).
WARNING  jax._src.dispatch:dispatch.py:204 Finished jaxpr to MLIR module conversion jit(broadcast_in_dim) in 0.004420519 sec
WARNING  jax._src.dispatch:dispatch.py:204 Finished XLA compilation of jit(broadcast_in_dim) in 0.007798672 sec
WARNING  jax._src.interpreters.pxla:pxla.py:732 Compiling jit(true_divide) with global shapes and types (ShapedArray(float64[340,1,13,2]), ShapedArray(float64[1,1,2])). Argument mapping: (UnspecifiedValue, UnspecifiedValue).
WARNING  jax._src.dispatch:dispatch.py:204 Finished jaxpr to MLIR module conversion jit(true_divide) in 0.004410267 sec
WARNING  jax._src.dispatch:dispatch.py:204 Finished XLA compilation of jit(true_divide) in 0.035619974 sec
WARNING  jax._src.dispatch:dispatch.py:204 Finished tracing dynamic_slice for jit in 0.000303030 sec
WARNING  jax._src.interpreters.pxla:pxla.py:732 Compiling jit(dynamic_slice) with global shapes and types (ShapedArray(float64[340,1,13,2]), ShapedArray(int64[], weak_type=True), ShapedArray(int64[], weak_type=True), ShapedArray(int64[], weak_type=True), ShapedArray(int64[], weak_type=True)). Argument mapping: (UnspecifiedValue, UnspecifiedValue, UnspecifiedValue, UnspecifiedValue, UnspecifiedValue).
WARNING  jax._src.dispatch:dispatch.py:204 Finished jaxpr to MLIR module conversion jit(dynamic_slice) in 0.004490852 sec
WARNING  jax._src.dispatch:dispatch.py:204 Finished XLA compilation of jit(dynamic_slice) in 0.029057264 sec
WARNING  jax._src.dispatch:dispatch.py:204 Finished tracing squeeze for jit in 0.000267267 sec
WARNING  jax._src.interpreters.pxla:pxla.py:732 Compiling jit(squeeze) with global shapes and types (ShapedArray(float64[340,1,13,1]),). Argument mapping: (UnspecifiedValue,).
WARNING  jax._src.dispatch:dispatch.py:204 Finished jaxpr to MLIR module conversion jit(squeeze) in 0.004331112 sec
WARNING  jax._src.dispatch:dispatch.py:204 Finished XLA compilation of jit(squeeze) in 0.036172152 sec
WARNING  jax._src.dispatch:dispatch.py:204 Finished tracing broadcast_in_dim for jit in 0.000303507 sec
WARNING  jax._src.interpreters.pxla:pxla.py:732 Compiling jit(broadcast_in_dim) with global shapes and types (ShapedArray(float64[]),). Argument mapping: (UnspecifiedValue,).
WARNING  jax._src.dispatch:dispatch.py:204 Finished jaxpr to MLIR module conversion jit(broadcast_in_dim) in 0.004392147 sec
WARNING  jax._src.dispatch:dispatch.py:204 Finished XLA compilation of jit(broadcast_in_dim) in 0.022687435 sec
WARNING  jax._src.interpreters.pxla:pxla.py:732 Compiling jit(multiply) with global shapes and types (ShapedArray(float64[340,1,13]), ShapedArray(float64[340,1,13])). Argument mapping: (UnspecifiedValue, UnspecifiedValue).
WARNING  jax._src.dispatch:dispatch.py:204 Finished jaxpr to MLIR module conversion jit(multiply) in 0.004224062 sec
WARNING  jax._src.dispatch:dispatch.py:204 Finished XLA compilation of jit(multiply) in 0.041764259 sec
WARNING  jax._src.dispatch:dispatch.py:204 Finished tracing broadcast_in_dim for jit in 0.000279903 sec
WARNING  jax._src.interpreters.pxla:pxla.py:732 Compiling jit(broadcast_in_dim) with global shapes and types (ShapedArray(float64[1,13]),). Argument mapping: (UnspecifiedValue,).
WARNING  jax._src.dispatch:dispatch.py:204 Finished jaxpr to MLIR module conversion jit(broadcast_in_dim) in 0.004267454 sec
WARNING  jax._src.dispatch:dispatch.py:204 Finished XLA compilation of jit(broadcast_in_dim) in 0.027506828 sec
WARNING  jax._src.dispatch:dispatch.py:204 Finished tracing stack for jit in 0.000454903 sec
WARNING  jax._src.interpreters.pxla:pxla.py:732 Compiling jit(stack) with global shapes and types (ShapedArray(float64[340,1,13]), ShapedArray(float64[340,1,13]), ShapedArray(float64[340,1,13]), ShapedArray(float64[340,1,13]), ShapedArray(float64[340,1,13]), ShapedArray(float64[340,1,13])). Argument mapping: (UnspecifiedValue, UnspecifiedValue, UnspecifiedValue, UnspecifiedValue, UnspecifiedValue, UnspecifiedValue).
WARNING  jax._src.dispatch:dispatch.py:204 Finished jaxpr to MLIR module conversion jit(stack) in 0.004700661 sec
WARNING  jax._src.dispatch:dispatch.py:204 Finished XLA compilation of jit(stack) in 0.057256222 sec
WARNING  jax._src.dispatch:dispatch.py:204 Finished tracing broadcast_in_dim for jit in 0.000368834 sec
WARNING  jax._src.interpreters.pxla:pxla.py:732 Compiling jit(broadcast_in_dim) with global shapes and types (ShapedArray(float64[1,6]),). Argument mapping: (UnspecifiedValue,).
WARNING  jax._src.dispatch:dispatch.py:204 Finished jaxpr to MLIR module conversion jit(broadcast_in_dim) in 0.004475355 sec
WARNING  jax._src.dispatch:dispatch.py:204 Finished XLA compilation of jit(broadcast_in_dim) in 0.007802486 sec
WARNING  jax._src.interpreters.pxla:pxla.py:732 Compiling jit(_einsum) with global shapes and types (ShapedArray(float64[340,1,13,6]), ShapedArray(float64[1,1,6])). Argument mapping: (UnspecifiedValue, UnspecifiedValue).
WARNING  jax._src.dispatch:dispatch.py:204 Finished jaxpr to MLIR module conversion jit(_einsum) in 0.003971338 sec
WARNING  jax._src.dispatch:dispatch.py:204 Finished XLA compilation of jit(_einsum) in 0.052614927 sec
WARNING  jax._src.interpreters.pxla:pxla.py:732 Compiling jit(add) with global shapes and types (ShapedArray(float64[340,1,13]), ShapedArray(float64[340,1,13])). Argument mapping: (UnspecifiedValue, UnspecifiedValue).
WARNING  jax._src.dispatch:dispatch.py:204 Finished jaxpr to MLIR module conversion jit(add) in 0.003902912 sec
WARNING  jax._src.dispatch:dispatch.py:204 Finished XLA compilation of jit(add) in 0.035645485 sec
WARNING  jax._src.interpreters.pxla:pxla.py:732 Compiling jit(multiply) with global shapes and types (ShapedArray(float64[], weak_type=True), ShapedArray(float64[1,340,13])). Argument mapping: (UnspecifiedValue, UnspecifiedValue).
WARNING  jax._src.dispatch:dispatch.py:204 Finished jaxpr to MLIR module conversion jit(multiply) in 0.004087687 sec
WARNING  jax._src.dispatch:dispatch.py:204 Finished XLA compilation of jit(multiply) in 0.025535107 sec
WARNING  jax._src.interpreters.pxla:pxla.py:732 Compiling jit(subtract) with global shapes and types (ShapedArray(float64[340,1,13]), ShapedArray(float64[1,340,13])). Argument mapping: (UnspecifiedValue, UnspecifiedValue).
WARNING  jax._src.dispatch:dispatch.py:204 Finished jaxpr to MLIR module conversion jit(subtract) in 0.003563881 sec
WARNING  jax._src.dispatch:dispatch.py:204 Finished XLA compilation of jit(subtract) in 0.035310507 sec
WARNING  jax._src.interpreters.pxla:pxla.py:732 Compiling jit(multiply) with global shapes and types (ShapedArray(float64[], weak_type=True), ShapedArray(float64[340,1,13])). Argument mapping: (UnspecifiedValue, UnspecifiedValue).
WARNING  jax._src.dispatch:dispatch.py:204 Finished jaxpr to MLIR module conversion jit(multiply) in 0.003946781 sec
WARNING  jax._src.dispatch:dispatch.py:204 Finished XLA compilation of jit(multiply) in 0.024059772 sec
WARNING  jax._src.interpreters.pxla:pxla.py:732 Compiling jit(abs) with global shapes and types (ShapedArray(float64[340,1,13]),). Argument mapping: (UnspecifiedValue,).
WARNING  jax._src.dispatch:dispatch.py:204 Finished jaxpr to MLIR module conversion jit(abs) in 0.003672123 sec
WARNING  jax._src.dispatch:dispatch.py:204 Finished XLA compilation of jit(abs) in 0.032024145 sec
WARNING  jax._src.interpreters.pxla:pxla.py:732 Compiling jit(greater) with global shapes and types (ShapedArray(float64[340,1,13]), ShapedArray(float64[])). Argument mapping: (UnspecifiedValue, UnspecifiedValue).
WARNING  jax._src.dispatch:dispatch.py:204 Finished jaxpr to MLIR module conversion jit(greater) in 0.003836155 sec
WARNING  jax._src.dispatch:dispatch.py:204 Finished XLA compilation of jit(greater) in 0.025259972 sec
WARNING  jax._src.interpreters.pxla:pxla.py:732 Compiling jit(_where) with global shapes and types (ShapedArray(bool[340,1,13]), ShapedArray(float64[340,1,13]), ShapedArray(float64[], weak_type=True)). Argument mapping: (UnspecifiedValue, UnspecifiedValue, UnspecifiedValue).
WARNING  jax._src.dispatch:dispatch.py:204 Finished jaxpr to MLIR module conversion jit(_where) in 0.004127264 sec
WARNING  jax._src.dispatch:dispatch.py:204 Finished XLA compilation of jit(_where) in 0.027646303 sec
WARNING  jax._src.interpreters.pxla:pxla.py:732 Compiling jit(maximum) with global shapes and types (ShapedArray(float64[340,1,13]), ShapedArray(float64[], weak_type=True)). Argument mapping: (UnspecifiedValue, UnspecifiedValue).
WARNING  jax._src.dispatch:dispatch.py:204 Finished jaxpr to MLIR module conversion jit(maximum) in 0.003867149 sec
WARNING  jax._src.dispatch:dispatch.py:204 Finished XLA compilation of jit(maximum) in 0.026031494 sec
WARNING  jax._src.interpreters.pxla:pxla.py:732 Compiling jit(sqrt) with global shapes and types (ShapedArray(float64[340,1,13]),). Argument mapping: (UnspecifiedValue,).
WARNING  jax._src.dispatch:dispatch.py:204 Finished jaxpr to MLIR module conversion jit(sqrt) in 0.003588915 sec
WARNING  jax._src.dispatch:dispatch.py:204 Finished XLA compilation of jit(sqrt) in 0.032395601 sec
WARNING  jax._src.interpreters.pxla:pxla.py:732 Compiling jit(negative) with global shapes and types (ShapedArray(float64[340,1,13]),). Argument mapping: (UnspecifiedValue,).
WARNING  jax._src.dispatch:dispatch.py:204 Finished jaxpr to MLIR module conversion jit(negative) in 0.003684044 sec
WARNING  jax._src.dispatch:dispatch.py:204 Finished XLA compilation of jit(negative) in 0.033252716 sec
WARNING  jax._src.interpreters.pxla:pxla.py:732 Compiling jit(greater_equal) with global shapes and types (ShapedArray(float64[340,1,13]), ShapedArray(float64[], weak_type=True)). Argument mapping: (UnspecifiedValue, UnspecifiedValue).
WARNING  jax._src.dispatch:dispatch.py:204 Finished jaxpr to MLIR module conversion jit(greater_equal) in 0.004147530 sec
WARNING  jax._src.dispatch:dispatch.py:204 Finished XLA compilation of jit(greater_equal) in 0.025631428 sec
WARNING  jax._src.interpreters.pxla:pxla.py:732 Compiling jit(less_equal) with global shapes and types (ShapedArray(float64[340,1,13]), ShapedArray(float64[], weak_type=True)). Argument mapping: (UnspecifiedValue, UnspecifiedValue).
WARNING  jax._src.dispatch:dispatch.py:204 Finished jaxpr to MLIR module conversion jit(less_equal) in 0.004226685 sec
WARNING  jax._src.dispatch:dispatch.py:204 Finished XLA compilation of jit(less_equal) in 0.025380135 sec
WARNING  jax._src.interpreters.pxla:pxla.py:732 Compiling jit(less_equal) with global shapes and types (ShapedArray(float64[340,1,13]), ShapedArray(float64[340,1,13])). Argument mapping: (UnspecifiedValue, UnspecifiedValue).
WARNING  jax._src.dispatch:dispatch.py:204 Finished jaxpr to MLIR module conversion jit(less_equal) in 0.003552198 sec
WARNING  jax._src.dispatch:dispatch.py:204 Finished XLA compilation of jit(less_equal) in 0.030274391 sec
WARNING  jax._src.interpreters.pxla:pxla.py:732 Compiling jit(_where) with global shapes and types (ShapedArray(bool[340,1,13]), ShapedArray(float64[340,1,13]), ShapedArray(float64[340,1,13])). Argument mapping: (UnspecifiedValue, UnspecifiedValue, UnspecifiedValue).
WARNING  jax._src.dispatch:dispatch.py:204 Finished jaxpr to MLIR module conversion jit(_where) in 0.003622770 sec
WARNING  jax._src.dispatch:dispatch.py:204 Finished XLA compilation of jit(_where) in 0.034747839 sec
WARNING  jax._src.interpreters.pxla:pxla.py:732 Compiling jit(_where) with global shapes and types (ShapedArray(bool[]), ShapedArray(float64[340,1,13]), ShapedArray(float64[340,1,13])). Argument mapping: (UnspecifiedValue, UnspecifiedValue, UnspecifiedValue).
WARNING  jax._src.dispatch:dispatch.py:204 Finished jaxpr to MLIR module conversion jit(_where) in 0.004033327 sec
WARNING  jax._src.dispatch:dispatch.py:204 Finished XLA compilation of jit(_where) in 0.030512571 sec
WARNING  jax._src.dispatch:dispatch.py:204 Finished tracing broadcast_in_dim for jit in 0.000264406 sec
WARNING  jax._src.interpreters.pxla:pxla.py:732 Compiling jit(broadcast_in_dim) with global shapes and types (ShapedArray(float64[340,1,13]),). Argument mapping: (UnspecifiedValue,).
WARNING  jax._src.dispatch:dispatch.py:204 Finished jaxpr to MLIR module conversion jit(broadcast_in_dim) in 0.003718376 sec
WARNING  jax._src.dispatch:dispatch.py:204 Finished XLA compilation of jit(broadcast_in_dim) in 0.031882763 sec
WARNING  jax._src.interpreters.pxla:pxla.py:732 Compiling jit(subtract) with global shapes and types (ShapedArray(float64[340,1,13,2]), ShapedArray(float64[340,1,13,2])). Argument mapping: (UnspecifiedValue, UnspecifiedValue).
WARNING  jax._src.dispatch:dispatch.py:204 Finished jaxpr to MLIR module conversion jit(subtract) in 0.003854752 sec
WARNING  jax._src.dispatch:dispatch.py:204 Finished XLA compilation of jit(subtract) in 0.036044359 sec
WARNING  jax._src.interpreters.pxla:pxla.py:732 Compiling jit(multiply) with global shapes and types (ShapedArray(float64[340,1,13,1]), ShapedArray(float64[340,1,13,2])). Argument mapping: (UnspecifiedValue, UnspecifiedValue).
WARNING  jax._src.dispatch:dispatch.py:204 Finished jaxpr to MLIR module conversion jit(multiply) in 0.004504919 sec
WARNING  jax._src.dispatch:dispatch.py:204 Finished XLA compilation of jit(multiply) in 0.025218487 sec
WARNING  jax._src.interpreters.pxla:pxla.py:732 Compiling jit(_roll_static) with global shapes and types (ShapedArray(float64[340,1,13,2]),). Argument mapping: (UnspecifiedValue,).
WARNING  jax._src.dispatch:dispatch.py:204 Finished jaxpr to MLIR module conversion jit(_roll_static) in 0.003939867 sec
WARNING  jax._src.dispatch:dispatch.py:204 Finished XLA compilation of jit(_roll_static) in 0.025445938 sec
WARNING  jax._src.interpreters.pxla:pxla.py:732 Compiling jit(_roll_static) with global shapes and types (ShapedArray(bool[340,1,13]),). Argument mapping: (UnspecifiedValue,).
WARNING  jax._src.dispatch:dispatch.py:204 Finished jaxpr to MLIR module conversion jit(_roll_static) in 0.004021406 sec
WARNING  jax._src.dispatch:dispatch.py:204 Finished XLA compilation of jit(_roll_static) in 0.027821302 sec
WARNING  jax._src.interpreters.pxla:pxla.py:732 Compiling jit(equal) with global shapes and types (ShapedArray(float64[340,1,13,2]), ShapedArray(float64[340,1,13,2])). Argument mapping: (UnspecifiedValue, UnspecifiedValue).
WARNING  jax._src.dispatch:dispatch.py:204 Finished jaxpr to MLIR module conversion jit(equal) in 0.003829241 sec
WARNING  jax._src.dispatch:dispatch.py:204 Finished XLA compilation of jit(equal) in 0.033680677 sec
WARNING  jax._src.interpreters.pxla:pxla.py:732 Compiling jit(_reduce_all) with global shapes and types (ShapedArray(bool[340,1,13,2]),). Argument mapping: (UnspecifiedValue,).
WARNING  jax._src.dispatch:dispatch.py:204 Finished jaxpr to MLIR module conversion jit(_reduce_all) in 0.004130840 sec
WARNING  jax._src.dispatch:dispatch.py:204 Finished XLA compilation of jit(_reduce_all) in 0.023780823 sec
WARNING  jax._src.interpreters.pxla:pxla.py:732 Compiling jit(invert) with global shapes and types (ShapedArray(bool[340,1,13]),). Argument mapping: (UnspecifiedValue,).
WARNING  jax._src.dispatch:dispatch.py:204 Finished jaxpr to MLIR module conversion jit(invert) in 0.003803015 sec
WARNING  jax._src.dispatch:dispatch.py:204 Finished XLA compilation of jit(invert) in 0.034215927 sec
WARNING  jax._src.interpreters.pxla:pxla.py:732 Compiling jit(cumsum) with global shapes and types (ShapedArray(bool[340,1,13]),). Argument mapping: (UnspecifiedValue,).
WARNING  jax._src.dispatch:dispatch.py:204 Finished jaxpr to MLIR module conversion jit(cumsum) in 0.005991697 sec
WARNING  jax._src.dispatch:dispatch.py:204 Finished XLA compilation of jit(cumsum) in 0.033389091 sec
WARNING  jax._src.interpreters.pxla:pxla.py:732 Compiling jit(subtract) with global shapes and types (ShapedArray(int64[340,1,13]), ShapedArray(int64[], weak_type=True)). Argument mapping: (UnspecifiedValue, UnspecifiedValue).
WARNING  jax._src.dispatch:dispatch.py:204 Finished jaxpr to MLIR module conversion jit(subtract) in 0.003905058 sec
WARNING  jax._src.dispatch:dispatch.py:204 Finished XLA compilation of jit(subtract) in 0.025017977 sec
WARNING  jax._src.interpreters.pxla:pxla.py:732 Compiling jit(_where) with global shapes and types (ShapedArray(bool[340,1,13]), ShapedArray(int64[340,1,13]), ShapedArray(int64[], weak_type=True)). Argument mapping: (UnspecifiedValue, UnspecifiedValue, UnspecifiedValue).
WARNING  jax._src.dispatch:dispatch.py:204 Finished jaxpr to MLIR module conversion jit(_where) in 0.004219055 sec
WARNING  jax._src.dispatch:dispatch.py:204 Finished XLA compilation of jit(_where) in 0.028420448 sec
WARNING  jax._src.dispatch:dispatch.py:204 Finished tracing iota for jit in 0.000230789 sec
WARNING  jax._src.interpreters.pxla:pxla.py:732 Compiling jit(iota) with global shapes and types (). Argument mapping: ().
WARNING  jax._src.dispatch:dispatch.py:204 Finished jaxpr to MLIR module conversion jit(iota) in 0.003658056 sec
WARNING  jax._src.dispatch:dispatch.py:204 Finished XLA compilation of jit(iota) in 0.006162643 sec
WARNING  jax._src.dispatch:dispatch.py:204 Finished tracing broadcast_in_dim for jit in 0.000345469 sec
WARNING  jax._src.interpreters.pxla:pxla.py:732 Compiling jit(broadcast_in_dim) with global shapes and types (ShapedArray(int64[1]),). Argument mapping: (UnspecifiedValue,).
WARNING  jax._src.dispatch:dispatch.py:204 Finished jaxpr to MLIR module conversion jit(broadcast_in_dim) in 0.003505945 sec
WARNING  jax._src.dispatch:dispatch.py:204 Finished XLA compilation of jit(broadcast_in_dim) in 0.006376028 sec
WARNING  jax._src.dispatch:dispatch.py:204 Finished tracing broadcast_in_dim for jit in 0.000382662 sec
WARNING  jax._src.interpreters.pxla:pxla.py:732 Compiling jit(broadcast_in_dim) with global shapes and types (ShapedArray(int64[1,1]),). Argument mapping: (UnspecifiedValue,).
WARNING  jax._src.dispatch:dispatch.py:204 Finished jaxpr to MLIR module conversion jit(broadcast_in_dim) in 0.003340006 sec
WARNING  jax._src.dispatch:dispatch.py:204 Finished XLA compilation of jit(broadcast_in_dim) in 0.020277500 sec
WARNING  jax._src.dispatch:dispatch.py:204 Finished tracing broadcast_in_dim for jit in 0.000407457 sec
WARNING  jax._src.interpreters.pxla:pxla.py:732 Compiling jit(broadcast_in_dim) with global shapes and types (ShapedArray(float64[]),). Argument mapping: (UnspecifiedValue,).
WARNING  jax._src.dispatch:dispatch.py:204 Finished jaxpr to MLIR module conversion jit(broadcast_in_dim) in 0.004140377 sec
WARNING  jax._src.dispatch:dispatch.py:204 Finished XLA compilation of jit(broadcast_in_dim) in 0.021667004 sec
WARNING  jax._src.dispatch:dispatch.py:204 Finished tracing broadcast_in_dim for jit in 0.000290871 sec
WARNING  jax._src.interpreters.pxla:pxla.py:732 Compiling jit(broadcast_in_dim) with global shapes and types (ShapedArray(bool[340,1,13]),). Argument mapping: (UnspecifiedValue,).
WARNING  jax._src.dispatch:dispatch.py:204 Finished jaxpr to MLIR module conversion jit(broadcast_in_dim) in 0.003704548 sec
WARNING  jax._src.dispatch:dispatch.py:204 Finished XLA compilation of jit(broadcast_in_dim) in 0.036166906 sec
WARNING  jax._src.interpreters.pxla:pxla.py:732 Compiling jit(_where) with global shapes and types (ShapedArray(bool[340,1,13,1]), ShapedArray(float64[340,1,13,2]), ShapedArray(float64[], weak_type=True)). Argument mapping: (UnspecifiedValue, UnspecifiedValue, UnspecifiedValue).
WARNING  jax._src.dispatch:dispatch.py:204 Finished jaxpr to MLIR module conversion jit(_where) in 0.004611492 sec
WARNING  jax._src.dispatch:dispatch.py:204 Finished XLA compilation of jit(_where) in 0.026301861 sec
WARNING  jax._src.interpreters.pxla:pxla.py:732 Compiling jit(_broadcast_arrays) with global shapes and types (ShapedArray(int64[1,13]), ShapedArray(int64[340,1,13])). Argument mapping: (UnspecifiedValue, UnspecifiedValue).
WARNING  jax._src.dispatch:dispatch.py:204 Finished jaxpr to MLIR module conversion jit(_broadcast_arrays) in 0.003726959 sec
WARNING  jax._src.dispatch:dispatch.py:204 Finished XLA compilation of jit(_broadcast_arrays) in 0.006609201 sec
WARNING  jax._src.dispatch:dispatch.py:204 Finished tracing broadcast_in_dim for jit in 0.000241280 sec
WARNING  jax._src.interpreters.pxla:pxla.py:732 Compiling jit(broadcast_in_dim) with global shapes and types (ShapedArray(int32[1,13,1]),). Argument mapping: (UnspecifiedValue,).
WARNING  jax._src.dispatch:dispatch.py:204 Finished jaxpr to MLIR module conversion jit(broadcast_in_dim) in 0.003721952 sec
WARNING  jax._src.dispatch:dispatch.py:204 Finished XLA compilation of jit(broadcast_in_dim) in 0.023411512 sec
WARNING  jax._src.dispatch:dispatch.py:204 Finished tracing concatenate for jit in 0.000251055 sec
WARNING  jax._src.interpreters.pxla:pxla.py:732 Compiling jit(concatenate) with global shapes and types (ShapedArray(int32[340,1,13,1]), ShapedArray(int32[340,1,13,1])). Argument mapping: (UnspecifiedValue, UnspecifiedValue).
WARNING  jax._src.dispatch:dispatch.py:204 Finished jaxpr to MLIR module conversion jit(concatenate) in 0.003993988 sec
WARNING  jax._src.dispatch:dispatch.py:204 Finished XLA compilation of jit(concatenate) in 0.041348934 sec
WARNING  jax._src.interpreters.pxla:pxla.py:732 Compiling jit(_squeeze) with global shapes and types (ShapedArray(float64[340,1,13,2]),). Argument mapping: (UnspecifiedValue,).
WARNING  jax._src.dispatch:dispatch.py:204 Finished jaxpr to MLIR module conversion jit(_squeeze) in 0.003737450 sec
WARNING  jax._src.dispatch:dispatch.py:204 Finished XLA compilation of jit(_squeeze) in 0.006690741 sec
WARNING  jax._src.dispatch:dispatch.py:204 Finished tracing broadcast_in_dim for jit in 0.000156641 sec
WARNING  jax._src.interpreters.pxla:pxla.py:732 Compiling jit(broadcast_in_dim) with global shapes and types (ShapedArray(float64[1,13,2]),). Argument mapping: (UnspecifiedValue,).
WARNING  jax._src.dispatch:dispatch.py:204 Finished jaxpr to MLIR module conversion jit(broadcast_in_dim) in 0.003659964 sec
WARNING  jax._src.dispatch:dispatch.py:204 Finished XLA compilation of jit(broadcast_in_dim) in 0.023916483 sec
WARNING  jax._src.dispatch:dispatch.py:204 Finished tracing scatter-add for jit in 0.000313997 sec
WARNING  jax._src.interpreters.pxla:pxla.py:732 Compiling jit(scatter-add) with global shapes and types (ShapedArray(float64[340,1,13,2]), ShapedArray(int32[340,1,13,2]), ShapedArray(float64[340,1,13,2])). Argument mapping: (UnspecifiedValue, UnspecifiedValue, UnspecifiedValue).
WARNING  jax._src.dispatch:dispatch.py:204 Finished jaxpr to MLIR module conversion jit(scatter-add) in 0.004390240 sec
WARNING  jax._src.dispatch:dispatch.py:204 Finished XLA compilation of jit(scatter-add) in 0.038239717 sec
WARNING  jax._src.interpreters.pxla:pxla.py:732 Compiling jit(_reduce_sum) with global shapes and types (ShapedArray(bool[340,1,13]),). Argument mapping: (UnspecifiedValue,).
WARNING  jax._src.dispatch:dispatch.py:204 Finished jaxpr to MLIR module conversion jit(_reduce_sum) in 0.004232407 sec
WARNING  jax._src.dispatch:dispatch.py:204 Finished XLA compilation of jit(_reduce_sum) in 0.023727417 sec
WARNING  jax._src.dispatch:dispatch.py:204 Finished tracing broadcast_in_dim for jit in 0.000407934 sec
WARNING  jax._src.interpreters.pxla:pxla.py:732 Compiling jit(broadcast_in_dim) with global shapes and types (ShapedArray(int32[]),). Argument mapping: (UnspecifiedValue,).
WARNING  jax._src.dispatch:dispatch.py:204 Finished jaxpr to MLIR module conversion jit(broadcast_in_dim) in 0.004059076 sec
WARNING  jax._src.dispatch:dispatch.py:204 Finished XLA compilation of jit(broadcast_in_dim) in 0.019770622 sec
WARNING  jax._src.dispatch:dispatch.py:204 Finished tracing convert_element_type for jit in 0.000235081 sec
WARNING  jax._src.interpreters.pxla:pxla.py:732 Compiling jit(convert_element_type) with global shapes and types (ShapedArray(bool[340,1,13]),). Argument mapping: (UnspecifiedValue,).
WARNING  jax._src.dispatch:dispatch.py:204 Finished jaxpr to MLIR module conversion jit(convert_element_type) in 0.003746510 sec
WARNING  jax._src.dispatch:dispatch.py:204 Finished XLA compilation of jit(convert_element_type) in 0.030235291 sec
WARNING  jax._src.interpreters.pxla:pxla.py:732 Compiling jit(_squeeze) with global shapes and types (ShapedArray(int32[340,1,13]),). Argument mapping: (UnspecifiedValue,).
WARNING  jax._src.dispatch:dispatch.py:204 Finished jaxpr to MLIR module conversion jit(_squeeze) in 0.003513575 sec
WARNING  jax._src.dispatch:dispatch.py:204 Finished XLA compilation of jit(_squeeze) in 0.006093740 sec
WARNING  jax._src.dispatch:dispatch.py:204 Finished tracing broadcast_in_dim for jit in 0.000208378 sec
WARNING  jax._src.interpreters.pxla:pxla.py:732 Compiling jit(broadcast_in_dim) with global shapes and types (ShapedArray(int32[1,13]),). Argument mapping: (UnspecifiedValue,).
WARNING  jax._src.dispatch:dispatch.py:204 Finished jaxpr to MLIR module conversion jit(broadcast_in_dim) in 0.003455162 sec
WARNING  jax._src.dispatch:dispatch.py:204 Finished XLA compilation of jit(broadcast_in_dim) in 0.022846222 sec
WARNING  jax._src.dispatch:dispatch.py:204 Finished tracing scatter-add for jit in 0.000306845 sec
WARNING  jax._src.interpreters.pxla:pxla.py:732 Compiling jit(scatter-add) with global shapes and types (ShapedArray(int32[340,1,13]), ShapedArray(int32[340,1,13,2]), ShapedArray(int32[340,1,13])). Argument mapping: (UnspecifiedValue, UnspecifiedValue, UnspecifiedValue).
WARNING  jax._src.dispatch:dispatch.py:204 Finished jaxpr to MLIR module conversion jit(scatter-add) in 0.004266024 sec
WARNING  jax._src.dispatch:dispatch.py:204 Finished XLA compilation of jit(scatter-add) in 0.037234783 sec
WARNING  jax._src.interpreters.pxla:pxla.py:732 Compiling jit(greater) with global shapes and types (ShapedArray(int32[340,1,13]), ShapedArray(int64[], weak_type=True)). Argument mapping: (UnspecifiedValue, UnspecifiedValue).
WARNING  jax._src.dispatch:dispatch.py:204 Finished jaxpr to MLIR module conversion jit(greater) in 0.004442215 sec
WARNING  jax._src.dispatch:dispatch.py:204 Finished XLA compilation of jit(greater) in 0.025328875 sec
WARNING  jax._src.interpreters.pxla:pxla.py:732 Compiling jit(equal) with global shapes and types (ShapedArray(int64[340,1]), ShapedArray(int64[], weak_type=True)). Argument mapping: (UnspecifiedValue, UnspecifiedValue).
WARNING  jax._src.dispatch:dispatch.py:204 Finished jaxpr to MLIR module conversion jit(equal) in 0.004314184 sec
WARNING  jax._src.dispatch:dispatch.py:204 Finished XLA compilation of jit(equal) in 0.023852825 sec
WARNING  jax._src.dispatch:dispatch.py:204 Finished tracing stage for jit in 0.000127316 sec
WARNING  jax._src.interpreters.pxla:pxla.py:732 Compiling jit(stage) with global shapes and types (ShapedArray(bool[]),). Argument mapping: (UnspecifiedValue,).
WARNING  jax._src.dispatch:dispatch.py:204 Finished jaxpr to MLIR module conversion jit(stage) in 0.003813028 sec
WARNING  jax._src.compiler:compiler.py:124 Persistent compilation cache hit for 'jit_stage' with key 'jit_stage-33c5c2d14821dbc3b9dd19dbcac4df271433bbc698868215074ebf2cd8b2c537'
WARNING  jax._src.dispatch:dispatch.py:204 Finished XLA compilation of jit(stage) in 0.001992464 sec
WARNING  jax._src.interpreters.pxla:pxla.py:732 Compiling jit(bitwise_and) with global shapes and types (ShapedArray(bool[340,1]), ShapedArray(bool[])). Argument mapping: (UnspecifiedValue, UnspecifiedValue).
WARNING  jax._src.dispatch:dispatch.py:204 Finished jaxpr to MLIR module conversion jit(bitwise_and) in 0.003425598 sec
WARNING  jax._src.dispatch:dispatch.py:204 Finished XLA compilation of jit(bitwise_and) in 0.022823095 sec
WARNING  jax._src.dispatch:dispatch.py:204 Finished tracing dynamic_slice for jit in 0.000270128 sec
WARNING  jax._src.interpreters.pxla:pxla.py:732 Compiling jit(dynamic_slice) with global shapes and types (ShapedArray(float64[340,1,13,2]), ShapedArray(int64[], weak_type=True), ShapedArray(int64[], weak_type=True), ShapedArray(int64[], weak_type=True), ShapedArray(int64[], weak_type=True)). Argument mapping: (UnspecifiedValue, UnspecifiedValue, UnspecifiedValue, UnspecifiedValue, UnspecifiedValue).
WARNING  jax._src.dispatch:dispatch.py:204 Finished jaxpr to MLIR module conversion jit(dynamic_slice) in 0.003868103 sec
WARNING  jax._src.dispatch:dispatch.py:204 Finished XLA compilation of jit(dynamic_slice) in 0.023114920 sec
WARNING  jax._src.dispatch:dispatch.py:204 Finished tracing squeeze for jit in 0.000319719 sec
WARNING  jax._src.interpreters.pxla:pxla.py:732 Compiling jit(squeeze) with global shapes and types (ShapedArray(float64[340,1,1,2]),). Argument mapping: (UnspecifiedValue,).
WARNING  jax._src.dispatch:dispatch.py:204 Finished jaxpr to MLIR module conversion jit(squeeze) in 0.003854036 sec
WARNING  jax._src.dispatch:dispatch.py:204 Finished XLA compilation of jit(squeeze) in 0.027846336 sec
WARNING  jax._src.interpreters.pxla:pxla.py:732 Compiling jit(subtract) with global shapes and types (ShapedArray(float64[340,1,2]), ShapedArray(float64[340,1,2])). Argument mapping: (UnspecifiedValue, UnspecifiedValue).
WARNING  jax._src.dispatch:dispatch.py:204 Finished jaxpr to MLIR module conversion jit(subtract) in 0.003919840 sec
WARNING  jax._src.dispatch:dispatch.py:204 Finished XLA compilation of jit(subtract) in 0.030507803 sec
WARNING  jax._src.dispatch:dispatch.py:204 Finished tracing dynamic_slice for jit in 0.000271082 sec
WARNING  jax._src.interpreters.pxla:pxla.py:732 Compiling jit(dynamic_slice) with global shapes and types (ShapedArray(float64[340,1,2]), ShapedArray(int64[], weak_type=True), ShapedArray(int64[], weak_type=True), ShapedArray(int64[], weak_type=True)). Argument mapping: (UnspecifiedValue, UnspecifiedValue, UnspecifiedValue, UnspecifiedValue).
WARNING  jax._src.dispatch:dispatch.py:204 Finished jaxpr to MLIR module conversion jit(dynamic_slice) in 0.004218102 sec
WARNING  jax._src.dispatch:dispatch.py:204 Finished XLA compilation of jit(dynamic_slice) in 0.026105165 sec
WARNING  jax._src.dispatch:dispatch.py:204 Finished tracing squeeze for jit in 0.000247955 sec
WARNING  jax._src.interpreters.pxla:pxla.py:732 Compiling jit(squeeze) with global shapes and types (ShapedArray(float64[340,1,1]),). Argument mapping: (UnspecifiedValue,).
WARNING  jax._src.dispatch:dispatch.py:204 Finished jaxpr to MLIR module conversion jit(squeeze) in 0.004008293 sec
WARNING  jax._src.dispatch:dispatch.py:204 Finished XLA compilation of jit(squeeze) in 0.006608248 sec
WARNING  jax._src.interpreters.pxla:pxla.py:732 Compiling jit(multiply) with global shapes and types (ShapedArray(float64[340,1]), ShapedArray(float64[340,1])). Argument mapping: (UnspecifiedValue, UnspecifiedValue).
WARNING  jax._src.dispatch:dispatch.py:204 Finished jaxpr to MLIR module conversion jit(multiply) in 0.003563643 sec
WARNING  jax._src.dispatch:dispatch.py:204 Finished XLA compilation of jit(multiply) in 0.029042006 sec
WARNING  jax._src.interpreters.pxla:pxla.py:732 Compiling jit(subtract) with global shapes and types (ShapedArray(float64[340,1]), ShapedArray(float64[340,1])). Argument mapping: (UnspecifiedValue, UnspecifiedValue).
WARNING  jax._src.dispatch:dispatch.py:204 Finished jaxpr to MLIR module conversion jit(subtract) in 0.003932238 sec
WARNING  jax._src.dispatch:dispatch.py:204 Finished XLA compilation of jit(subtract) in 0.029687881 sec
WARNING  jax._src.interpreters.pxla:pxla.py:732 Compiling jit(_where) with global shapes and types (ShapedArray(bool[340,1]), ShapedArray(float64[340,1]), ShapedArray(float64[], weak_type=True)). Argument mapping: (UnspecifiedValue, UnspecifiedValue, UnspecifiedValue).
WARNING  jax._src.dispatch:dispatch.py:204 Finished jaxpr to MLIR module conversion jit(_where) in 0.004685879 sec
WARNING  jax._src.dispatch:dispatch.py:204 Finished XLA compilation of jit(_where) in 0.025826693 sec
WARNING  jax._src.interpreters.pxla:pxla.py:732 Compiling jit(true_divide) with global shapes and types (ShapedArray(float64[340,1]), ShapedArray(float64[340,1])). Argument mapping: (UnspecifiedValue, UnspecifiedValue).
WARNING  jax._src.dispatch:dispatch.py:204 Finished jaxpr to MLIR module conversion jit(true_divide) in 0.004367828 sec
WARNING  jax._src.dispatch:dispatch.py:204 Finished XLA compilation of jit(true_divide) in 0.031772614 sec
WARNING  jax._src.dispatch:dispatch.py:204 Finished tracing broadcast_in_dim for jit in 0.000282526 sec
WARNING  jax._src.interpreters.pxla:pxla.py:732 Compiling jit(broadcast_in_dim) with global shapes and types (ShapedArray(float64[340,1]),). Argument mapping: (UnspecifiedValue,).
WARNING  jax._src.dispatch:dispatch.py:204 Finished jaxpr to MLIR module conversion jit(broadcast_in_dim) in 0.004145145 sec
WARNING  jax._src.dispatch:dispatch.py:204 Finished XLA compilation of jit(broadcast_in_dim) in 0.007271528 sec
WARNING  jax._src.interpreters.pxla:pxla.py:732 Compiling jit(multiply) with global shapes and types (ShapedArray(float64[340,1,2]), ShapedArray(float64[340,1,1])). Argument mapping: (UnspecifiedValue, UnspecifiedValue).
WARNING  jax._src.dispatch:dispatch.py:204 Finished jaxpr to MLIR module conversion jit(multiply) in 0.004108429 sec
WARNING  jax._src.dispatch:dispatch.py:204 Finished XLA compilation of jit(multiply) in 0.025890350 sec
WARNING  jax._src.interpreters.pxla:pxla.py:732 Compiling jit(add) with global shapes and types (ShapedArray(float64[340,1,2]), ShapedArray(float64[340,1,2])). Argument mapping: (UnspecifiedValue, UnspecifiedValue).
WARNING  jax._src.dispatch:dispatch.py:204 Finished jaxpr to MLIR module conversion jit(add) in 0.003833532 sec
WARNING  jax._src.dispatch:dispatch.py:204 Finished XLA compilation of jit(add) in 0.028755903 sec
WARNING  jax._src.dispatch:dispatch.py:204 Finished tracing broadcast_in_dim for jit in 0.000272512 sec
WARNING  jax._src.interpreters.pxla:pxla.py:732 Compiling jit(broadcast_in_dim) with global shapes and types (ShapedArray(bool[340,1]),). Argument mapping: (UnspecifiedValue,).
WARNING  jax._src.dispatch:dispatch.py:204 Finished jaxpr to MLIR module conversion jit(broadcast_in_dim) in 0.003693581 sec
WARNING  jax._src.dispatch:dispatch.py:204 Finished XLA compilation of jit(broadcast_in_dim) in 0.006246328 sec
WARNING  jax._src.interpreters.pxla:pxla.py:732 Compiling jit(_where) with global shapes and types (ShapedArray(bool[340,1,1]), ShapedArray(float64[340,1,2]), ShapedArray(float64[], weak_type=True)). Argument mapping: (UnspecifiedValue, UnspecifiedValue, UnspecifiedValue).
WARNING  jax._src.dispatch:dispatch.py:204 Finished jaxpr to MLIR module conversion jit(_where) in 0.004037619 sec
WARNING  jax._src.dispatch:dispatch.py:204 Finished XLA compilation of jit(_where) in 0.023861647 sec
WARNING  jax._src.dispatch:dispatch.py:204 Finished tracing broadcast_in_dim for jit in 0.000389099 sec
WARNING  jax._src.interpreters.pxla:pxla.py:732 Compiling jit(broadcast_in_dim) with global shapes and types (ShapedArray(float64[340,1,1,2]),). Argument mapping: (UnspecifiedValue,).
WARNING  jax._src.dispatch:dispatch.py:204 Finished jaxpr to MLIR module conversion jit(broadcast_in_dim) in 0.004143000 sec
WARNING  jax._src.dispatch:dispatch.py:204 Finished XLA compilation of jit(broadcast_in_dim) in 0.023364305 sec
WARNING  jax._src.dispatch:dispatch.py:204 Finished tracing stack for jit in 0.000352859 sec
WARNING  jax._src.interpreters.pxla:pxla.py:732 Compiling jit(stack) with global shapes and types (ShapedArray(float64[340,1,13,2]), ShapedArray(float64[340,1,13,2]), ShapedArray(float64[340,1,13,2])). Argument mapping: (UnspecifiedValue, UnspecifiedValue, UnspecifiedValue).
WARNING  jax._src.dispatch:dispatch.py:204 Finished jaxpr to MLIR module conversion jit(stack) in 0.003804445 sec
WARNING  jax._src.dispatch:dispatch.py:204 Finished XLA compilation of jit(stack) in 0.031326532 sec
WARNING  jax._src.dispatch:dispatch.py:204 Finished tracing reshape for jit in 0.000337362 sec
WARNING  jax._src.interpreters.pxla:pxla.py:732 Compiling jit(reshape) with global shapes and types (ShapedArray(float64[340,1,13,3,2]),). Argument mapping: (UnspecifiedValue,).
WARNING  jax._src.dispatch:dispatch.py:204 Finished jaxpr to MLIR module conversion jit(reshape) in 0.003898859 sec
WARNING  jax._src.dispatch:dispatch.py:204 Finished XLA compilation of jit(reshape) in 0.031867981 sec
WARNING  jax._src.interpreters.pxla:pxla.py:732 Compiling jit(bitwise_and) with global shapes and types (ShapedArray(bool[340,1,1]), ShapedArray(bool[340,1,13])). Argument mapping: (UnspecifiedValue, UnspecifiedValue).
WARNING  jax._src.dispatch:dispatch.py:204 Finished jaxpr to MLIR module conversion jit(bitwise_and) in 0.003845692 sec
WARNING  jax._src.dispatch:dispatch.py:204 Finished XLA compilation of jit(bitwise_and) in 0.028038025 sec
WARNING  jax._src.dispatch:dispatch.py:204 Finished tracing stack for jit in 0.000344992 sec
WARNING  jax._src.interpreters.pxla:pxla.py:732 Compiling jit(stack) with global shapes and types (ShapedArray(bool[340,1,13]), ShapedArray(bool[340,1,13]), ShapedArray(bool[340,1,13])). Argument mapping: (UnspecifiedValue, UnspecifiedValue, UnspecifiedValue).
WARNING  jax._src.dispatch:dispatch.py:204 Finished jaxpr to MLIR module conversion jit(stack) in 0.004124403 sec
WARNING  jax._src.dispatch:dispatch.py:204 Finished XLA compilation of jit(stack) in 0.039971113 sec
WARNING  jax._src.dispatch:dispatch.py:204 Finished tracing reshape for jit in 0.000353098 sec
WARNING  jax._src.interpreters.pxla:pxla.py:732 Compiling jit(reshape) with global shapes and types (ShapedArray(bool[340,1,13,3]),). Argument mapping: (UnspecifiedValue,).
WARNING  jax._src.dispatch:dispatch.py:204 Finished jaxpr to MLIR module conversion jit(reshape) in 0.003996849 sec
WARNING  jax._src.dispatch:dispatch.py:204 Finished XLA compilation of jit(reshape) in 0.035887480 sec
WARNING  jax._src.dispatch:dispatch.py:204 Finished tracing broadcast_in_dim for jit in 0.000400066 sec
WARNING  jax._src.interpreters.pxla:pxla.py:732 Compiling jit(broadcast_in_dim) with global shapes and types (ShapedArray(bool[]),). Argument mapping: (UnspecifiedValue,).
WARNING  jax._src.dispatch:dispatch.py:204 Finished jaxpr to MLIR module conversion jit(broadcast_in_dim) in 0.004191875 sec
WARNING  jax._src.dispatch:dispatch.py:204 Finished XLA compilation of jit(broadcast_in_dim) in 0.019707680 sec
WARNING  jax._src.dispatch:dispatch.py:204 Finished tracing broadcast_in_dim for jit in 0.000360012 sec
WARNING  jax._src.interpreters.pxla:pxla.py:732 Compiling jit(broadcast_in_dim) with global shapes and types (ShapedArray(bool[1,13]),). Argument mapping: (UnspecifiedValue,).
WARNING  jax._src.dispatch:dispatch.py:204 Finished jaxpr to MLIR module conversion jit(broadcast_in_dim) in 0.003927946 sec
WARNING  jax._src.dispatch:dispatch.py:204 Finished XLA compilation of jit(broadcast_in_dim) in 0.024314880 sec
WARNING  jax._src.interpreters.pxla:pxla.py:732 Compiling jit(cumsum) with global shapes and types (ShapedArray(bool[340,1,39]),). Argument mapping: (UnspecifiedValue,).
WARNING  jax._src.dispatch:dispatch.py:204 Finished jaxpr to MLIR module conversion jit(cumsum) in 0.005069256 sec
WARNING  jax._src.dispatch:dispatch.py:204 Finished XLA compilation of jit(cumsum) in 0.052021503 sec
WARNING  jax._src.interpreters.pxla:pxla.py:732 Compiling jit(subtract) with global shapes and types (ShapedArray(int64[340,1,39]), ShapedArray(int64[], weak_type=True)). Argument mapping: (UnspecifiedValue, UnspecifiedValue).
WARNING  jax._src.dispatch:dispatch.py:204 Finished jaxpr to MLIR module conversion jit(subtract) in 0.004599571 sec
WARNING  jax._src.dispatch:dispatch.py:204 Finished XLA compilation of jit(subtract) in 0.037266016 sec
WARNING  jax._src.interpreters.pxla:pxla.py:732 Compiling jit(_where) with global shapes and types (ShapedArray(bool[340,1,39]), ShapedArray(int64[340,1,39]), ShapedArray(int64[], weak_type=True)). Argument mapping: (UnspecifiedValue, UnspecifiedValue, UnspecifiedValue).
WARNING  jax._src.dispatch:dispatch.py:204 Finished jaxpr to MLIR module conversion jit(_where) in 0.004707813 sec
WARNING  jax._src.dispatch:dispatch.py:204 Finished XLA compilation of jit(_where) in 0.045040846 sec
WARNING  jax._src.dispatch:dispatch.py:204 Finished tracing broadcast_in_dim for jit in 0.000390291 sec
WARNING  jax._src.interpreters.pxla:pxla.py:732 Compiling jit(broadcast_in_dim) with global shapes and types (ShapedArray(int64[1,1]),). Argument mapping: (UnspecifiedValue,).
WARNING  jax._src.dispatch:dispatch.py:204 Finished jaxpr to MLIR module conversion jit(broadcast_in_dim) in 0.003634453 sec
WARNING  jax._src.dispatch:dispatch.py:204 Finished XLA compilation of jit(broadcast_in_dim) in 0.020276546 sec
WARNING  jax._src.dispatch:dispatch.py:204 Finished tracing broadcast_in_dim for jit in 0.000403881 sec
WARNING  jax._src.interpreters.pxla:pxla.py:732 Compiling jit(broadcast_in_dim) with global shapes and types (ShapedArray(float64[]),). Argument mapping: (UnspecifiedValue,).
WARNING  jax._src.dispatch:dispatch.py:204 Finished jaxpr to MLIR module conversion jit(broadcast_in_dim) in 0.003862143 sec
WARNING  jax._src.dispatch:dispatch.py:204 Finished XLA compilation of jit(broadcast_in_dim) in 0.022378683 sec
WARNING  jax._src.dispatch:dispatch.py:204 Finished tracing broadcast_in_dim for jit in 0.000304699 sec
WARNING  jax._src.interpreters.pxla:pxla.py:732 Compiling jit(broadcast_in_dim) with global shapes and types (ShapedArray(bool[340,1,39]),). Argument mapping: (UnspecifiedValue,).
WARNING  jax._src.dispatch:dispatch.py:204 Finished jaxpr to MLIR module conversion jit(broadcast_in_dim) in 0.003585339 sec
WARNING  jax._src.dispatch:dispatch.py:204 Finished XLA compilation of jit(broadcast_in_dim) in 0.038100958 sec
WARNING  jax._src.interpreters.pxla:pxla.py:732 Compiling jit(_where) with global shapes and types (ShapedArray(bool[340,1,39,1]), ShapedArray(float64[340,1,39,2]), ShapedArray(float64[], weak_type=True)). Argument mapping: (UnspecifiedValue, UnspecifiedValue, UnspecifiedValue).
WARNING  jax._src.dispatch:dispatch.py:204 Finished jaxpr to MLIR module conversion jit(_where) in 0.004731655 sec
WARNING  jax._src.dispatch:dispatch.py:204 Finished XLA compilation of jit(_where) in 0.026343822 sec
WARNING  jax._src.interpreters.pxla:pxla.py:732 Compiling jit(less) with global shapes and types (ShapedArray(int64[1,39]), ShapedArray(int64[], weak_type=True)). Argument mapping: (UnspecifiedValue, UnspecifiedValue).
WARNING  jax._src.dispatch:dispatch.py:204 Finished jaxpr to MLIR module conversion jit(less) in 0.004361868 sec
WARNING  jax._src.dispatch:dispatch.py:204 Finished XLA compilation of jit(less) in 0.024309635 sec
WARNING  jax._src.dispatch:dispatch.py:204 Finished tracing add for jit in 0.000222206 sec
WARNING  jax._src.interpreters.pxla:pxla.py:732 Compiling jit(add) with global shapes and types (ShapedArray(int64[1,39]), ShapedArray(int64[])). Argument mapping: (UnspecifiedValue, UnspecifiedValue).
WARNING  jax._src.dispatch:dispatch.py:204 Finished jaxpr to MLIR module conversion jit(add) in 0.003916502 sec
WARNING  jax._src.dispatch:dispatch.py:204 Finished XLA compilation of jit(add) in 0.023435593 sec
WARNING  jax._src.dispatch:dispatch.py:204 Finished tracing select_n for jit in 0.000157595 sec
WARNING  jax._src.interpreters.pxla:pxla.py:732 Compiling jit(select_n) with global shapes and types (ShapedArray(bool[1,39]), ShapedArray(int64[1,39]), ShapedArray(int64[1,39])). Argument mapping: (UnspecifiedValue, UnspecifiedValue, UnspecifiedValue).
WARNING  jax._src.dispatch:dispatch.py:204 Finished jaxpr to MLIR module conversion jit(select_n) in 0.003798723 sec
WARNING  jax._src.dispatch:dispatch.py:204 Finished XLA compilation of jit(select_n) in 0.035324097 sec
WARNING  jax._src.interpreters.pxla:pxla.py:732 Compiling jit(less) with global shapes and types (ShapedArray(int64[340,1,39]), ShapedArray(int64[], weak_type=True)). Argument mapping: (UnspecifiedValue, UnspecifiedValue).
WARNING  jax._src.dispatch:dispatch.py:204 Finished jaxpr to MLIR module conversion jit(less) in 0.004413366 sec
WARNING  jax._src.dispatch:dispatch.py:204 Finished XLA compilation of jit(less) in 0.035825968 sec
WARNING  jax._src.dispatch:dispatch.py:204 Finished tracing add for jit in 0.000223637 sec
WARNING  jax._src.interpreters.pxla:pxla.py:732 Compiling jit(add) with global shapes and types (ShapedArray(int64[340,1,39]), ShapedArray(int64[])). Argument mapping: (UnspecifiedValue, UnspecifiedValue).
WARNING  jax._src.dispatch:dispatch.py:204 Finished jaxpr to MLIR module conversion jit(add) in 0.004205704 sec
WARNING  jax._src.dispatch:dispatch.py:204 Finished XLA compilation of jit(add) in 0.036948681 sec
WARNING  jax._src.dispatch:dispatch.py:204 Finished tracing select_n for jit in 0.000225306 sec
WARNING  jax._src.interpreters.pxla:pxla.py:732 Compiling jit(select_n) with global shapes and types (ShapedArray(bool[340,1,39]), ShapedArray(int64[340,1,39]), ShapedArray(int64[340,1,39])). Argument mapping: (UnspecifiedValue, UnspecifiedValue, UnspecifiedValue).
WARNING  jax._src.dispatch:dispatch.py:204 Finished jaxpr to MLIR module conversion jit(select_n) in 0.003994465 sec
WARNING  jax._src.dispatch:dispatch.py:204 Finished XLA compilation of jit(select_n) in 0.042311192 sec
WARNING  jax._src.interpreters.pxla:pxla.py:732 Compiling jit(_broadcast_arrays) with global shapes and types (ShapedArray(int64[1,39]), ShapedArray(int64[340,1,39])). Argument mapping: (UnspecifiedValue, UnspecifiedValue).
WARNING  jax._src.dispatch:dispatch.py:204 Finished jaxpr to MLIR module conversion jit(_broadcast_arrays) in 0.003828526 sec
WARNING  jax._src.dispatch:dispatch.py:204 Finished XLA compilation of jit(_broadcast_arrays) in 0.006672382 sec
WARNING  jax._src.dispatch:dispatch.py:204 Finished tracing convert_element_type for jit in 0.000200272 sec
WARNING  jax._src.interpreters.pxla:pxla.py:732 Compiling jit(convert_element_type) with global shapes and types (ShapedArray(int64[1,39]),). Argument mapping: (UnspecifiedValue,).
WARNING  jax._src.dispatch:dispatch.py:204 Finished jaxpr to MLIR module conversion jit(convert_element_type) in 0.003537416 sec
WARNING  jax._src.dispatch:dispatch.py:204 Finished XLA compilation of jit(convert_element_type) in 0.030145884 sec
WARNING  jax._src.dispatch:dispatch.py:204 Finished tracing convert_element_type for jit in 0.000233650 sec
WARNING  jax._src.interpreters.pxla:pxla.py:732 Compiling jit(convert_element_type) with global shapes and types (ShapedArray(int64[340,1,39]),). Argument mapping: (UnspecifiedValue,).
WARNING  jax._src.dispatch:dispatch.py:204 Finished jaxpr to MLIR module conversion jit(convert_element_type) in 0.003997087 sec
WARNING  jax._src.dispatch:dispatch.py:204 Finished XLA compilation of jit(convert_element_type) in 0.035506010 sec
WARNING  jax._src.dispatch:dispatch.py:204 Finished tracing broadcast_in_dim for jit in 0.000290155 sec
WARNING  jax._src.interpreters.pxla:pxla.py:732 Compiling jit(broadcast_in_dim) with global shapes and types (ShapedArray(int32[1,39]),). Argument mapping: (UnspecifiedValue,).
WARNING  jax._src.dispatch:dispatch.py:204 Finished jaxpr to MLIR module conversion jit(broadcast_in_dim) in 0.004037857 sec
WARNING  jax._src.dispatch:dispatch.py:204 Finished XLA compilation of jit(broadcast_in_dim) in 0.008033514 sec
WARNING  jax._src.dispatch:dispatch.py:204 Finished tracing broadcast_in_dim for jit in 0.000247955 sec
WARNING  jax._src.interpreters.pxla:pxla.py:732 Compiling jit(broadcast_in_dim) with global shapes and types (ShapedArray(int32[340,1,39]),). Argument mapping: (UnspecifiedValue,).
WARNING  jax._src.dispatch:dispatch.py:204 Finished jaxpr to MLIR module conversion jit(broadcast_in_dim) in 0.003698826 sec
WARNING  jax._src.dispatch:dispatch.py:204 Finished XLA compilation of jit(broadcast_in_dim) in 0.033130407 sec
WARNING  jax._src.dispatch:dispatch.py:204 Finished tracing broadcast_in_dim for jit in 0.000258923 sec
WARNING  jax._src.interpreters.pxla:pxla.py:732 Compiling jit(broadcast_in_dim) with global shapes and types (ShapedArray(int32[1,39,1]),). Argument mapping: (UnspecifiedValue,).
WARNING  jax._src.dispatch:dispatch.py:204 Finished jaxpr to MLIR module conversion jit(broadcast_in_dim) in 0.036750793 sec
WARNING  jax._src.dispatch:dispatch.py:204 Finished XLA compilation of jit(broadcast_in_dim) in 0.034380913 sec
WARNING  jax._src.dispatch:dispatch.py:204 Finished tracing concatenate for jit in 0.000238657 sec
WARNING  jax._src.interpreters.pxla:pxla.py:732 Compiling jit(concatenate) with global shapes and types (ShapedArray(int32[340,1,39,1]), ShapedArray(int32[340,1,39,1])). Argument mapping: (UnspecifiedValue, UnspecifiedValue).
WARNING  jax._src.dispatch:dispatch.py:204 Finished jaxpr to MLIR module conversion jit(concatenate) in 0.004313946 sec
WARNING  jax._src.dispatch:dispatch.py:204 Finished XLA compilation of jit(concatenate) in 0.017919302 sec
WARNING  jax._src.interpreters.pxla:pxla.py:732 Compiling jit(_squeeze) with global shapes and types (ShapedArray(float64[340,1,39,2]),). Argument mapping: (UnspecifiedValue,).
WARNING  jax._src.dispatch:dispatch.py:204 Finished jaxpr to MLIR module conversion jit(_squeeze) in 0.003765345 sec
WARNING  jax._src.dispatch:dispatch.py:204 Finished XLA compilation of jit(_squeeze) in 0.006511688 sec
WARNING  jax._src.dispatch:dispatch.py:204 Finished tracing broadcast_in_dim for jit in 0.000254393 sec
WARNING  jax._src.interpreters.pxla:pxla.py:732 Compiling jit(broadcast_in_dim) with global shapes and types (ShapedArray(float64[1,26,2]),). Argument mapping: (UnspecifiedValue,).
WARNING  jax._src.dispatch:dispatch.py:204 Finished jaxpr to MLIR module conversion jit(broadcast_in_dim) in 0.003605127 sec
WARNING  jax._src.dispatch:dispatch.py:204 Finished XLA compilation of jit(broadcast_in_dim) in 0.023951292 sec
WARNING  jax._src.dispatch:dispatch.py:204 Finished tracing scatter-add for jit in 0.000300169 sec
WARNING  jax._src.interpreters.pxla:pxla.py:732 Compiling jit(scatter-add) with global shapes and types (ShapedArray(float64[340,1,26,2]), ShapedArray(int32[340,1,39,2]), ShapedArray(float64[340,1,39,2])). Argument mapping: (UnspecifiedValue, UnspecifiedValue, UnspecifiedValue).
WARNING  jax._src.dispatch:dispatch.py:204 Finished jaxpr to MLIR module conversion jit(scatter-add) in 0.004256725 sec
WARNING  jax._src.dispatch:dispatch.py:204 Finished XLA compilation of jit(scatter-add) in 0.043644905 sec
WARNING  jax._src.interpreters.pxla:pxla.py:732 Compiling jit(_reduce_sum) with global shapes and types (ShapedArray(bool[340,1,39]),). Argument mapping: (UnspecifiedValue,).
WARNING  jax._src.dispatch:dispatch.py:204 Finished jaxpr to MLIR module conversion jit(_reduce_sum) in 0.004874945 sec
WARNING  jax._src.dispatch:dispatch.py:204 Finished XLA compilation of jit(_reduce_sum) in 0.043309927 sec
WARNING  jax._src.dispatch:dispatch.py:204 Finished tracing broadcast_in_dim for jit in 0.000401735 sec
WARNING  jax._src.interpreters.pxla:pxla.py:732 Compiling jit(broadcast_in_dim) with global shapes and types (ShapedArray(int32[]),). Argument mapping: (UnspecifiedValue,).
WARNING  jax._src.dispatch:dispatch.py:204 Finished jaxpr to MLIR module conversion jit(broadcast_in_dim) in 0.004364491 sec
WARNING  jax._src.dispatch:dispatch.py:204 Finished XLA compilation of jit(broadcast_in_dim) in 0.022615194 sec
WARNING  jax._src.interpreters.pxla:pxla.py:732 Compiling jit(bitwise_and) with global shapes and types (ShapedArray(bool[340,1,39]), ShapedArray(bool[340,1,39])). Argument mapping: (UnspecifiedValue, UnspecifiedValue).
WARNING  jax._src.dispatch:dispatch.py:204 Finished jaxpr to MLIR module conversion jit(bitwise_and) in 0.004167795 sec
WARNING  jax._src.dispatch:dispatch.py:204 Finished XLA compilation of jit(bitwise_and) in 0.041055202 sec
WARNING  jax._src.dispatch:dispatch.py:204 Finished tracing convert_element_type for jit in 0.000234842 sec
WARNING  jax._src.interpreters.pxla:pxla.py:732 Compiling jit(convert_element_type) with global shapes and types (ShapedArray(bool[340,1,39]),). Argument mapping: (UnspecifiedValue,).
WARNING  jax._src.dispatch:dispatch.py:204 Finished jaxpr to MLIR module conversion jit(convert_element_type) in 0.004343271 sec
WARNING  jax._src.dispatch:dispatch.py:204 Finished XLA compilation of jit(convert_element_type) in 0.033281088 sec
WARNING  jax._src.interpreters.pxla:pxla.py:732 Compiling jit(_squeeze) with global shapes and types (ShapedArray(int32[340,1,39]),). Argument mapping: (UnspecifiedValue,).
WARNING  jax._src.dispatch:dispatch.py:204 Finished jaxpr to MLIR module conversion jit(_squeeze) in 0.004184246 sec
WARNING  jax._src.dispatch:dispatch.py:204 Finished XLA compilation of jit(_squeeze) in 0.012719870 sec
WARNING  jax._src.dispatch:dispatch.py:204 Finished tracing broadcast_in_dim for jit in 0.000270605 sec
WARNING  jax._src.interpreters.pxla:pxla.py:732 Compiling jit(broadcast_in_dim) with global shapes and types (ShapedArray(int32[1,26]),). Argument mapping: (UnspecifiedValue,).
WARNING  jax._src.dispatch:dispatch.py:204 Finished jaxpr to MLIR module conversion jit(broadcast_in_dim) in 0.004059076 sec
WARNING  jax._src.dispatch:dispatch.py:204 Finished XLA compilation of jit(broadcast_in_dim) in 0.028470278 sec
WARNING  jax._src.dispatch:dispatch.py:204 Finished tracing scatter-add for jit in 0.000303507 sec
WARNING  jax._src.interpreters.pxla:pxla.py:732 Compiling jit(scatter-add) with global shapes and types (ShapedArray(int32[340,1,26]), ShapedArray(int32[340,1,39,2]), ShapedArray(int32[340,1,39])). Argument mapping: (UnspecifiedValue, UnspecifiedValue, UnspecifiedValue).
WARNING  jax._src.dispatch:dispatch.py:204 Finished jaxpr to MLIR module conversion jit(scatter-add) in 0.004453897 sec
WARNING  jax._src.dispatch:dispatch.py:204 Finished XLA compilation of jit(scatter-add) in 0.041877270 sec
WARNING  jax._src.interpreters.pxla:pxla.py:732 Compiling jit(greater) with global shapes and types (ShapedArray(int32[340,1,26]), ShapedArray(int64[], weak_type=True)). Argument mapping: (UnspecifiedValue, UnspecifiedValue).
WARNING  jax._src.dispatch:dispatch.py:204 Finished jaxpr to MLIR module conversion jit(greater) in 0.004658461 sec
WARNING  jax._src.dispatch:dispatch.py:204 Finished XLA compilation of jit(greater) in 0.032448292 sec
WARNING  jax._src.dispatch:dispatch.py:204 Finished tracing iota for jit in 0.000212193 sec
WARNING  jax._src.interpreters.pxla:pxla.py:732 Compiling jit(iota) with global shapes and types (). Argument mapping: ().
WARNING  jax._src.dispatch:dispatch.py:204 Finished jaxpr to MLIR module conversion jit(iota) in 0.004170179 sec
WARNING  jax._src.dispatch:dispatch.py:204 Finished XLA compilation of jit(iota) in 0.028429985 sec
WARNING  jax._src.dispatch:dispatch.py:204 Finished tracing broadcast_in_dim for jit in 0.000403643 sec
WARNING  jax._src.interpreters.pxla:pxla.py:732 Compiling jit(broadcast_in_dim) with global shapes and types (ShapedArray(int64[26]),). Argument mapping: (UnspecifiedValue,).
WARNING  jax._src.dispatch:dispatch.py:204 Finished jaxpr to MLIR module conversion jit(broadcast_in_dim) in 0.004262686 sec
WARNING  jax._src.dispatch:dispatch.py:204 Finished XLA compilation of jit(broadcast_in_dim) in 0.007624388 sec
WARNING  jax._src.interpreters.pxla:pxla.py:732 Compiling jit(less) with global shapes and types (ShapedArray(int64[1,26]), ShapedArray(int64[340,1,1])). Argument mapping: (UnspecifiedValue, UnspecifiedValue).
WARNING  jax._src.dispatch:dispatch.py:204 Finished jaxpr to MLIR module conversion jit(less) in 0.004136562 sec
WARNING  jax._src.dispatch:dispatch.py:204 Finished XLA compilation of jit(less) in 0.031298399 sec
WARNING  jax._src.interpreters.pxla:pxla.py:732 Compiling jit(_roll_static) with global shapes and types (ShapedArray(float64[340,1,26,2]),). Argument mapping: (UnspecifiedValue,).
WARNING  jax._src.dispatch:dispatch.py:204 Finished jaxpr to MLIR module conversion jit(_roll_static) in 0.004553556 sec
WARNING  jax._src.dispatch:dispatch.py:204 Finished XLA compilation of jit(_roll_static) in 0.028490543 sec
WARNING  jax._src.interpreters.pxla:pxla.py:732 Compiling jit(not_equal) with global shapes and types (ShapedArray(float64[340,1,26,2]), ShapedArray(float64[340,1,26,2])). Argument mapping: (UnspecifiedValue, UnspecifiedValue).
WARNING  jax._src.dispatch:dispatch.py:204 Finished jaxpr to MLIR module conversion jit(not_equal) in 0.004249334 sec
WARNING  jax._src.dispatch:dispatch.py:204 Finished XLA compilation of jit(not_equal) in 0.034408331 sec
WARNING  jax._src.interpreters.pxla:pxla.py:732 Compiling jit(_reduce_any) with global shapes and types (ShapedArray(bool[340,1,26,2]),). Argument mapping: (UnspecifiedValue,).
WARNING  jax._src.dispatch:dispatch.py:204 Finished jaxpr to MLIR module conversion jit(_reduce_any) in 0.004396915 sec
WARNING  jax._src.dispatch:dispatch.py:204 Finished XLA compilation of jit(_reduce_any) in 0.025906324 sec
WARNING  jax._src.interpreters.pxla:pxla.py:732 Compiling jit(equal) with global shapes and types (ShapedArray(int64[1,26]), ShapedArray(int64[], weak_type=True)). Argument mapping: (UnspecifiedValue, UnspecifiedValue).
WARNING  jax._src.dispatch:dispatch.py:204 Finished jaxpr to MLIR module conversion jit(equal) in 0.004569292 sec
WARNING  jax._src.dispatch:dispatch.py:204 Finished XLA compilation of jit(equal) in 0.024106264 sec
WARNING  jax._src.interpreters.pxla:pxla.py:732 Compiling jit(bitwise_or) with global shapes and types (ShapedArray(bool[1,26]), ShapedArray(bool[340,1,26])). Argument mapping: (UnspecifiedValue, UnspecifiedValue).
WARNING  jax._src.dispatch:dispatch.py:204 Finished jaxpr to MLIR module conversion jit(bitwise_or) in 0.004357576 sec
WARNING  jax._src.dispatch:dispatch.py:204 Finished XLA compilation of jit(bitwise_or) in 0.034677505 sec
WARNING  jax._src.interpreters.pxla:pxla.py:732 Compiling jit(bitwise_and) with global shapes and types (ShapedArray(bool[340,1,26]), ShapedArray(bool[340,1,26])). Argument mapping: (UnspecifiedValue, UnspecifiedValue).
WARNING  jax._src.dispatch:dispatch.py:204 Finished jaxpr to MLIR module conversion jit(bitwise_and) in 0.004321575 sec
WARNING  jax._src.dispatch:dispatch.py:204 Finished XLA compilation of jit(bitwise_and) in 0.033937931 sec
WARNING  jax._src.interpreters.pxla:pxla.py:732 Compiling jit(cumsum) with global shapes and types (ShapedArray(bool[340,1,26]),). Argument mapping: (UnspecifiedValue,).
WARNING  jax._src.dispatch:dispatch.py:204 Finished jaxpr to MLIR module conversion jit(cumsum) in 0.005560398 sec
WARNING  jax._src.dispatch:dispatch.py:204 Finished XLA compilation of jit(cumsum) in 0.048629761 sec
WARNING  jax._src.interpreters.pxla:pxla.py:732 Compiling jit(subtract) with global shapes and types (ShapedArray(int64[340,1,26]), ShapedArray(int64[], weak_type=True)). Argument mapping: (UnspecifiedValue, UnspecifiedValue).
WARNING  jax._src.dispatch:dispatch.py:204 Finished jaxpr to MLIR module conversion jit(subtract) in 0.004680872 sec
WARNING  jax._src.dispatch:dispatch.py:204 Finished XLA compilation of jit(subtract) in 0.031094790 sec
WARNING  jax._src.interpreters.pxla:pxla.py:732 Compiling jit(_where) with global shapes and types (ShapedArray(bool[340,1,26]), ShapedArray(int64[340,1,26]), ShapedArray(int64[], weak_type=True)). Argument mapping: (UnspecifiedValue, UnspecifiedValue, UnspecifiedValue).
WARNING  jax._src.dispatch:dispatch.py:204 Finished jaxpr to MLIR module conversion jit(_where) in 0.004771471 sec
WARNING  jax._src.dispatch:dispatch.py:204 Finished XLA compilation of jit(_where) in 0.036157131 sec
WARNING  jax._src.dispatch:dispatch.py:204 Finished tracing broadcast_in_dim for jit in 0.000400305 sec
WARNING  jax._src.interpreters.pxla:pxla.py:732 Compiling jit(broadcast_in_dim) with global shapes and types (ShapedArray(int64[1,1]),). Argument mapping: (UnspecifiedValue,).
WARNING  jax._src.dispatch:dispatch.py:204 Finished jaxpr to MLIR module conversion jit(broadcast_in_dim) in 0.004323244 sec
WARNING  jax._src.dispatch:dispatch.py:204 Finished XLA compilation of jit(broadcast_in_dim) in 0.022558451 sec
WARNING  jax._src.dispatch:dispatch.py:204 Finished tracing broadcast_in_dim for jit in 0.000306368 sec
WARNING  jax._src.interpreters.pxla:pxla.py:732 Compiling jit(broadcast_in_dim) with global shapes and types (ShapedArray(bool[340,1,26]),). Argument mapping: (UnspecifiedValue,).
WARNING  jax._src.dispatch:dispatch.py:204 Finished jaxpr to MLIR module conversion jit(broadcast_in_dim) in 0.004231691 sec
WARNING  jax._src.dispatch:dispatch.py:204 Finished XLA compilation of jit(broadcast_in_dim) in 0.043151855 sec
WARNING  jax._src.interpreters.pxla:pxla.py:732 Compiling jit(_where) with global shapes and types (ShapedArray(bool[340,1,26,1]), ShapedArray(float64[340,1,26,2]), ShapedArray(float64[], weak_type=True)). Argument mapping: (UnspecifiedValue, UnspecifiedValue, UnspecifiedValue).
WARNING  jax._src.dispatch:dispatch.py:204 Finished jaxpr to MLIR module conversion jit(_where) in 0.004861116 sec
WARNING  jax._src.dispatch:dispatch.py:204 Finished XLA compilation of jit(_where) in 0.028046370 sec
WARNING  jax._src.interpreters.pxla:pxla.py:732 Compiling jit(less) with global shapes and types (ShapedArray(int64[1,26]), ShapedArray(int64[], weak_type=True)). Argument mapping: (UnspecifiedValue, UnspecifiedValue).
WARNING  jax._src.dispatch:dispatch.py:204 Finished jaxpr to MLIR module conversion jit(less) in 0.004718304 sec
WARNING  jax._src.dispatch:dispatch.py:204 Finished XLA compilation of jit(less) in 0.025487185 sec
WARNING  jax._src.dispatch:dispatch.py:204 Finished tracing add for jit in 0.000236273 sec
WARNING  jax._src.interpreters.pxla:pxla.py:732 Compiling jit(add) with global shapes and types (ShapedArray(int64[1,26]), ShapedArray(int64[])). Argument mapping: (UnspecifiedValue, UnspecifiedValue).
WARNING  jax._src.dispatch:dispatch.py:204 Finished jaxpr to MLIR module conversion jit(add) in 0.004395723 sec
WARNING  jax._src.dispatch:dispatch.py:204 Finished XLA compilation of jit(add) in 0.025312185 sec
WARNING  jax._src.dispatch:dispatch.py:204 Finished tracing select_n for jit in 0.000166178 sec
WARNING  jax._src.interpreters.pxla:pxla.py:732 Compiling jit(select_n) with global shapes and types (ShapedArray(bool[1,26]), ShapedArray(int64[1,26]), ShapedArray(int64[1,26])). Argument mapping: (UnspecifiedValue, UnspecifiedValue, UnspecifiedValue).
WARNING  jax._src.dispatch:dispatch.py:204 Finished jaxpr to MLIR module conversion jit(select_n) in 0.004220963 sec
WARNING  jax._src.dispatch:dispatch.py:204 Finished XLA compilation of jit(select_n) in 0.031967640 sec
WARNING  jax._src.interpreters.pxla:pxla.py:732 Compiling jit(less) with global shapes and types (ShapedArray(int64[340,1,26]), ShapedArray(int64[], weak_type=True)). Argument mapping: (UnspecifiedValue, UnspecifiedValue).
WARNING  jax._src.dispatch:dispatch.py:204 Finished jaxpr to MLIR module conversion jit(less) in 0.004591465 sec
WARNING  jax._src.dispatch:dispatch.py:204 Finished XLA compilation of jit(less) in 0.032816172 sec
WARNING  jax._src.dispatch:dispatch.py:204 Finished tracing add for jit in 0.000248432 sec
WARNING  jax._src.interpreters.pxla:pxla.py:732 Compiling jit(add) with global shapes and types (ShapedArray(int64[340,1,26]), ShapedArray(int64[])). Argument mapping: (UnspecifiedValue, UnspecifiedValue).
WARNING  jax._src.dispatch:dispatch.py:204 Finished jaxpr to MLIR module conversion jit(add) in 0.004409552 sec
WARNING  jax._src.dispatch:dispatch.py:204 Finished XLA compilation of jit(add) in 0.032598734 sec
WARNING  jax._src.dispatch:dispatch.py:204 Finished tracing select_n for jit in 0.000223637 sec
WARNING  jax._src.interpreters.pxla:pxla.py:732 Compiling jit(select_n) with global shapes and types (ShapedArray(bool[340,1,26]), ShapedArray(int64[340,1,26]), ShapedArray(int64[340,1,26])). Argument mapping: (UnspecifiedValue, UnspecifiedValue, UnspecifiedValue).
WARNING  jax._src.dispatch:dispatch.py:204 Finished jaxpr to MLIR module conversion jit(select_n) in 0.004304409 sec
WARNING  jax._src.dispatch:dispatch.py:204 Finished XLA compilation of jit(select_n) in 0.035577536 sec
WARNING  jax._src.interpreters.pxla:pxla.py:732 Compiling jit(_broadcast_arrays) with global shapes and types (ShapedArray(int64[1,26]), ShapedArray(int64[340,1,26])). Argument mapping: (UnspecifiedValue, UnspecifiedValue).
WARNING  jax._src.dispatch:dispatch.py:204 Finished jaxpr to MLIR module conversion jit(_broadcast_arrays) in 0.003889084 sec
WARNING  jax._src.dispatch:dispatch.py:204 Finished XLA compilation of jit(_broadcast_arrays) in 0.006647110 sec
WARNING  jax._src.dispatch:dispatch.py:204 Finished tracing convert_element_type for jit in 0.000195742 sec
WARNING  jax._src.interpreters.pxla:pxla.py:732 Compiling jit(convert_element_type) with global shapes and types (ShapedArray(int64[1,26]),). Argument mapping: (UnspecifiedValue,).
WARNING  jax._src.dispatch:dispatch.py:204 Finished jaxpr to MLIR module conversion jit(convert_element_type) in 0.003545523 sec
WARNING  jax._src.dispatch:dispatch.py:204 Finished XLA compilation of jit(convert_element_type) in 0.029743910 sec
WARNING  jax._src.dispatch:dispatch.py:204 Finished tracing convert_element_type for jit in 0.000235558 sec
WARNING  jax._src.interpreters.pxla:pxla.py:732 Compiling jit(convert_element_type) with global shapes and types (ShapedArray(int64[340,1,26]),). Argument mapping: (UnspecifiedValue,).
WARNING  jax._src.dispatch:dispatch.py:204 Finished jaxpr to MLIR module conversion jit(convert_element_type) in 0.004152775 sec
WARNING  jax._src.dispatch:dispatch.py:204 Finished XLA compilation of jit(convert_element_type) in 0.034810543 sec
WARNING  jax._src.dispatch:dispatch.py:204 Finished tracing broadcast_in_dim for jit in 0.000317335 sec
WARNING  jax._src.interpreters.pxla:pxla.py:732 Compiling jit(broadcast_in_dim) with global shapes and types (ShapedArray(int32[1,26]),). Argument mapping: (UnspecifiedValue,).
WARNING  jax._src.dispatch:dispatch.py:204 Finished jaxpr to MLIR module conversion jit(broadcast_in_dim) in 0.004226685 sec
WARNING  jax._src.dispatch:dispatch.py:204 Finished XLA compilation of jit(broadcast_in_dim) in 0.006765604 sec
WARNING  jax._src.dispatch:dispatch.py:204 Finished tracing broadcast_in_dim for jit in 0.000266314 sec
WARNING  jax._src.interpreters.pxla:pxla.py:732 Compiling jit(broadcast_in_dim) with global shapes and types (ShapedArray(int32[340,1,26]),). Argument mapping: (UnspecifiedValue,).
WARNING  jax._src.dispatch:dispatch.py:204 Finished jaxpr to MLIR module conversion jit(broadcast_in_dim) in 0.003700018 sec
WARNING  jax._src.dispatch:dispatch.py:204 Finished XLA compilation of jit(broadcast_in_dim) in 0.031926870 sec
WARNING  jax._src.dispatch:dispatch.py:204 Finished tracing broadcast_in_dim for jit in 0.000272989 sec
WARNING  jax._src.interpreters.pxla:pxla.py:732 Compiling jit(broadcast_in_dim) with global shapes and types (ShapedArray(int32[1,26,1]),). Argument mapping: (UnspecifiedValue,).
WARNING  jax._src.dispatch:dispatch.py:204 Finished jaxpr to MLIR module conversion jit(broadcast_in_dim) in 0.004249811 sec
WARNING  jax._src.dispatch:dispatch.py:204 Finished XLA compilation of jit(broadcast_in_dim) in 0.027407169 sec
WARNING  jax._src.dispatch:dispatch.py:204 Finished tracing concatenate for jit in 0.000249624 sec
WARNING  jax._src.interpreters.pxla:pxla.py:732 Compiling jit(concatenate) with global shapes and types (ShapedArray(int32[340,1,26,1]), ShapedArray(int32[340,1,26,1])). Argument mapping: (UnspecifiedValue, UnspecifiedValue).
WARNING  jax._src.dispatch:dispatch.py:204 Finished jaxpr to MLIR module conversion jit(concatenate) in 0.004127026 sec
WARNING  jax._src.dispatch:dispatch.py:204 Finished XLA compilation of jit(concatenate) in 0.015202999 sec
WARNING  jax._src.interpreters.pxla:pxla.py:732 Compiling jit(_squeeze) with global shapes and types (ShapedArray(float64[340,1,26,2]),). Argument mapping: (UnspecifiedValue,).
WARNING  jax._src.dispatch:dispatch.py:204 Finished jaxpr to MLIR module conversion jit(_squeeze) in 0.003752232 sec
WARNING  jax._src.dispatch:dispatch.py:204 Finished XLA compilation of jit(_squeeze) in 0.006540537 sec
WARNING  jax._src.dispatch:dispatch.py:204 Finished tracing scatter-add for jit in 0.000277042 sec
WARNING  jax._src.interpreters.pxla:pxla.py:732 Compiling jit(scatter-add) with global shapes and types (ShapedArray(float64[340,1,26,2]), ShapedArray(int32[340,1,26,2]), ShapedArray(float64[340,1,26,2])). Argument mapping: (UnspecifiedValue, UnspecifiedValue, UnspecifiedValue).
WARNING  jax._src.dispatch:dispatch.py:204 Finished jaxpr to MLIR module conversion jit(scatter-add) in 0.003994703 sec
WARNING  jax._src.dispatch:dispatch.py:204 Finished XLA compilation of jit(scatter-add) in 0.040899992 sec
WARNING  jax._src.interpreters.pxla:pxla.py:732 Compiling jit(_reduce_sum) with global shapes and types (ShapedArray(bool[340,1,26]),). Argument mapping: (UnspecifiedValue,).
WARNING  jax._src.dispatch:dispatch.py:204 Finished jaxpr to MLIR module conversion jit(_reduce_sum) in 0.004829645 sec
WARNING  jax._src.dispatch:dispatch.py:204 Finished XLA compilation of jit(_reduce_sum) in 0.027175426 sec
WARNING  jax._src.dispatch:dispatch.py:204 Finished tracing convert_element_type for jit in 0.000221252 sec
WARNING  jax._src.interpreters.pxla:pxla.py:732 Compiling jit(convert_element_type) with global shapes and types (ShapedArray(bool[340,1,26]),). Argument mapping: (UnspecifiedValue,).
WARNING  jax._src.dispatch:dispatch.py:204 Finished jaxpr to MLIR module conversion jit(convert_element_type) in 0.004632235 sec
WARNING  jax._src.dispatch:dispatch.py:204 Finished XLA compilation of jit(convert_element_type) in 0.034059525 sec
WARNING  jax._src.interpreters.pxla:pxla.py:732 Compiling jit(_squeeze) with global shapes and types (ShapedArray(int32[340,1,26]),). Argument mapping: (UnspecifiedValue,).
WARNING  jax._src.dispatch:dispatch.py:204 Finished jaxpr to MLIR module conversion jit(_squeeze) in 0.004089117 sec
WARNING  jax._src.dispatch:dispatch.py:204 Finished XLA compilation of jit(_squeeze) in 0.007470846 sec
WARNING  jax._src.dispatch:dispatch.py:204 Finished tracing scatter-add for jit in 0.000275373 sec
WARNING  jax._src.interpreters.pxla:pxla.py:732 Compiling jit(scatter-add) with global shapes and types (ShapedArray(int32[340,1,26]), ShapedArray(int32[340,1,26,2]), ShapedArray(int32[340,1,26])). Argument mapping: (UnspecifiedValue, UnspecifiedValue, UnspecifiedValue).
WARNING  jax._src.dispatch:dispatch.py:204 Finished jaxpr to MLIR module conversion jit(scatter-add) in 0.003983736 sec
WARNING  jax._src.dispatch:dispatch.py:204 Finished XLA compilation of jit(scatter-add) in 0.040651321 sec
WARNING  jax._src.interpreters.pxla:pxla.py:732 Compiling jit(subtract) with global shapes and types (ShapedArray(int64[340,1]), ShapedArray(int64[], weak_type=True)). Argument mapping: (UnspecifiedValue, UnspecifiedValue).
WARNING  jax._src.dispatch:dispatch.py:204 Finished jaxpr to MLIR module conversion jit(subtract) in 0.004619598 sec
WARNING  jax._src.dispatch:dispatch.py:204 Finished XLA compilation of jit(subtract) in 0.028097391 sec
WARNING  jax._src.interpreters.pxla:pxla.py:732 Compiling jit(maximum) with global shapes and types (ShapedArray(int64[340,1]), ShapedArray(int64[], weak_type=True)). Argument mapping: (UnspecifiedValue, UnspecifiedValue).
WARNING  jax._src.dispatch:dispatch.py:204 Finished jaxpr to MLIR module conversion jit(maximum) in 0.004571199 sec
WARNING  jax._src.dispatch:dispatch.py:204 Finished XLA compilation of jit(maximum) in 0.027863264 sec
WARNING  jax._src.dispatch:dispatch.py:204 Finished tracing broadcast_in_dim for jit in 0.000296593 sec
WARNING  jax._src.interpreters.pxla:pxla.py:732 Compiling jit(broadcast_in_dim) with global shapes and types (ShapedArray(int64[340,1]),). Argument mapping: (UnspecifiedValue,).
WARNING  jax._src.dispatch:dispatch.py:204 Finished jaxpr to MLIR module conversion jit(broadcast_in_dim) in 0.004322290 sec
WARNING  jax._src.dispatch:dispatch.py:204 Finished XLA compilation of jit(broadcast_in_dim) in 0.006633043 sec
WARNING  jax._src.interpreters.pxla:pxla.py:732 Compiling jit(take_along_axis) with global shapes and types (ShapedArray(float64[340,1,26,2]), ShapedArray(int64[340,1,1,1])). Argument mapping: (UnspecifiedValue, UnspecifiedValue).
WARNING  jax._src.dispatch:dispatch.py:204 Finished jaxpr to MLIR module conversion jit(take_along_axis) in 0.007367373 sec
WARNING  jax._src.dispatch:dispatch.py:204 Finished XLA compilation of jit(take_along_axis) in 0.030345440 sec
WARNING  jax._src.interpreters.pxla:pxla.py:732 Compiling jit(greater) with global shapes and types (ShapedArray(int64[340,1]), ShapedArray(int64[], weak_type=True)). Argument mapping: (UnspecifiedValue, UnspecifiedValue).
WARNING  jax._src.dispatch:dispatch.py:204 Finished jaxpr to MLIR module conversion jit(greater) in 0.004572153 sec
WARNING  jax._src.dispatch:dispatch.py:204 Finished XLA compilation of jit(greater) in 0.025241852 sec
WARNING  jax._src.dispatch:dispatch.py:204 Finished tracing dynamic_slice for jit in 0.000282049 sec
WARNING  jax._src.interpreters.pxla:pxla.py:732 Compiling jit(dynamic_slice) with global shapes and types (ShapedArray(float64[340,1,26,2]), ShapedArray(int64[], weak_type=True), ShapedArray(int64[], weak_type=True), ShapedArray(int64[], weak_type=True), ShapedArray(int64[], weak_type=True)). Argument mapping: (UnspecifiedValue, UnspecifiedValue, UnspecifiedValue, UnspecifiedValue, UnspecifiedValue).
WARNING  jax._src.dispatch:dispatch.py:204 Finished jaxpr to MLIR module conversion jit(dynamic_slice) in 0.004380703 sec
WARNING  jax._src.dispatch:dispatch.py:204 Finished XLA compilation of jit(dynamic_slice) in 0.024800062 sec
WARNING  jax._src.interpreters.pxla:pxla.py:732 Compiling jit(equal) with global shapes and types (ShapedArray(float64[340,1,2]), ShapedArray(float64[340,1,2])). Argument mapping: (UnspecifiedValue, UnspecifiedValue).
WARNING  jax._src.dispatch:dispatch.py:204 Finished jaxpr to MLIR module conversion jit(equal) in 0.004426718 sec
WARNING  jax._src.dispatch:dispatch.py:204 Finished XLA compilation of jit(equal) in 0.031703949 sec
WARNING  jax._src.interpreters.pxla:pxla.py:732 Compiling jit(_reduce_all) with global shapes and types (ShapedArray(bool[340,1,2]),). Argument mapping: (UnspecifiedValue,).
WARNING  jax._src.dispatch:dispatch.py:204 Finished jaxpr to MLIR module conversion jit(_reduce_all) in 0.004394054 sec
WARNING  jax._src.dispatch:dispatch.py:204 Finished XLA compilation of jit(_reduce_all) in 0.025050402 sec
WARNING  jax._src.interpreters.pxla:pxla.py:732 Compiling jit(bitwise_and) with global shapes and types (ShapedArray(bool[340,1]), ShapedArray(bool[340,1])). Argument mapping: (UnspecifiedValue, UnspecifiedValue).
WARNING  jax._src.dispatch:dispatch.py:204 Finished jaxpr to MLIR module conversion jit(bitwise_and) in 0.004208565 sec
WARNING  jax._src.dispatch:dispatch.py:204 Finished XLA compilation of jit(bitwise_and) in 0.030166626 sec
WARNING  jax._src.dispatch:dispatch.py:204 Finished tracing convert_element_type for jit in 0.000226259 sec
WARNING  jax._src.interpreters.pxla:pxla.py:732 Compiling jit(convert_element_type) with global shapes and types (ShapedArray(bool[340,1]),). Argument mapping: (UnspecifiedValue,).
WARNING  jax._src.dispatch:dispatch.py:204 Finished jaxpr to MLIR module conversion jit(convert_element_type) in 0.004205227 sec
WARNING  jax._src.dispatch:dispatch.py:204 Finished XLA compilation of jit(convert_element_type) in 0.028116703 sec
WARNING  jax._src.interpreters.pxla:pxla.py:732 Compiling jit(subtract) with global shapes and types (ShapedArray(int64[340,1]), ShapedArray(int64[340,1])). Argument mapping: (UnspecifiedValue, UnspecifiedValue).
WARNING  jax._src.dispatch:dispatch.py:204 Finished jaxpr to MLIR module conversion jit(subtract) in 0.004199743 sec
WARNING  jax._src.dispatch:dispatch.py:204 Finished XLA compilation of jit(subtract) in 0.029512882 sec
WARNING  jax._src.dispatch:dispatch.py:204 Finished tracing broadcast_in_dim for jit in 0.000398874 sec
WARNING  jax._src.interpreters.pxla:pxla.py:732 Compiling jit(broadcast_in_dim) with global shapes and types (ShapedArray(int64[26]),). Argument mapping: (UnspecifiedValue,).
WARNING  jax._src.dispatch:dispatch.py:204 Finished jaxpr to MLIR module conversion jit(broadcast_in_dim) in 0.004323959 sec
WARNING  jax._src.dispatch:dispatch.py:204 Finished XLA compilation of jit(broadcast_in_dim) in 0.006872177 sec
WARNING  jax._src.interpreters.pxla:pxla.py:732 Compiling jit(less) with global shapes and types (ShapedArray(int64[1,26,1]), ShapedArray(int64[340,1,1,1])). Argument mapping: (UnspecifiedValue, UnspecifiedValue).
WARNING  jax._src.dispatch:dispatch.py:204 Finished jaxpr to MLIR module conversion jit(less) in 0.004284143 sec
WARNING  jax._src.dispatch:dispatch.py:204 Finished XLA compilation of jit(less) in 0.030610085 sec
WARNING  jax._src.interpreters.pxla:pxla.py:732 Compiling jit(_argmax) with global shapes and types (ShapedArray(bool[340,1,26]),). Argument mapping: (UnspecifiedValue,).
WARNING  jax._src.dispatch:dispatch.py:204 Finished jaxpr to MLIR module conversion jit(_argmax) in 0.007076025 sec
WARNING  jax._src.dispatch:dispatch.py:204 Finished XLA compilation of jit(_argmax) in 0.038136005 sec
WARNING  jax._src.interpreters.pxla:pxla.py:732 Compiling jit(greater_equal) with global shapes and types (ShapedArray(int64[340,1]), ShapedArray(int64[], weak_type=True)). Argument mapping: (UnspecifiedValue, UnspecifiedValue).
WARNING  jax._src.dispatch:dispatch.py:204 Finished jaxpr to MLIR module conversion jit(greater_equal) in 0.004690886 sec
WARNING  jax._src.dispatch:dispatch.py:204 Finished XLA compilation of jit(greater_equal) in 0.025460958 sec
WARNING  jax._src.interpreters.pxla:pxla.py:732 Compiling jit(remainder) with global shapes and types (ShapedArray(int64[340,1]), ShapedArray(int64[], weak_type=True)). Argument mapping: (UnspecifiedValue, UnspecifiedValue).
WARNING  jax._src.dispatch:dispatch.py:204 Finished jaxpr to MLIR module conversion jit(remainder) in 0.006770134 sec
WARNING  jax._src.dispatch:dispatch.py:204 Finished XLA compilation of jit(remainder) in 0.031010866 sec
WARNING  jax._src.interpreters.pxla:pxla.py:732 Compiling jit(bitwise_or) with global shapes and types (ShapedArray(bool[340,1]), ShapedArray(bool[340,1])). Argument mapping: (UnspecifiedValue, UnspecifiedValue).
WARNING  jax._src.dispatch:dispatch.py:204 Finished jaxpr to MLIR module conversion jit(bitwise_or) in 0.004236937 sec
WARNING  jax._src.dispatch:dispatch.py:204 Finished XLA compilation of jit(bitwise_or) in 0.029188156 sec
WARNING  jax._src.interpreters.pxla:pxla.py:732 Compiling jit(_where) with global shapes and types (ShapedArray(bool[340,1]), ShapedArray(int64[340,1]), ShapedArray(int64[], weak_type=True)). Argument mapping: (UnspecifiedValue, UnspecifiedValue, UnspecifiedValue).
WARNING  jax._src.dispatch:dispatch.py:204 Finished jaxpr to MLIR module conversion jit(_where) in 0.004641533 sec
WARNING  jax._src.dispatch:dispatch.py:204 Finished XLA compilation of jit(_where) in 0.025118113 sec
WARNING  jax._src.interpreters.pxla:pxla.py:732 Compiling jit(_where) with global shapes and types (ShapedArray(bool[340,1]), ShapedArray(int64[340,1]), ShapedArray(int64[340,1])). Argument mapping: (UnspecifiedValue, UnspecifiedValue, UnspecifiedValue).
WARNING  jax._src.dispatch:dispatch.py:204 Finished jaxpr to MLIR module conversion jit(_where) in 0.004246473 sec
WARNING  jax._src.dispatch:dispatch.py:204 Finished XLA compilation of jit(_where) in 0.032047033 sec
WARNING  jax._src.interpreters.pxla:pxla.py:732 Compiling jit(add) with global shapes and types (ShapedArray(int64[1,26]), ShapedArray(int64[340,1,1])). Argument mapping: (UnspecifiedValue, UnspecifiedValue).
WARNING  jax._src.dispatch:dispatch.py:204 Finished jaxpr to MLIR module conversion jit(add) in 0.004559040 sec
WARNING  jax._src.dispatch:dispatch.py:204 Finished XLA compilation of jit(add) in 0.029795647 sec
WARNING  jax._src.interpreters.pxla:pxla.py:732 Compiling jit(remainder) with global shapes and types (ShapedArray(int64[340,1,26]), ShapedArray(int64[340,1,1])). Argument mapping: (UnspecifiedValue, UnspecifiedValue).
WARNING  jax._src.dispatch:dispatch.py:204 Finished jaxpr to MLIR module conversion jit(remainder) in 0.006898165 sec
WARNING  jax._src.dispatch:dispatch.py:204 Finished XLA compilation of jit(remainder) in 0.032387495 sec
WARNING  jax._src.dispatch:dispatch.py:204 Finished tracing broadcast_in_dim for jit in 0.000269413 sec
WARNING  jax._src.interpreters.pxla:pxla.py:732 Compiling jit(broadcast_in_dim) with global shapes and types (ShapedArray(int64[340,1,26]),). Argument mapping: (UnspecifiedValue,).
WARNING  jax._src.dispatch:dispatch.py:204 Finished jaxpr to MLIR module conversion jit(broadcast_in_dim) in 0.004291058 sec
WARNING  jax._src.dispatch:dispatch.py:204 Finished XLA compilation of jit(broadcast_in_dim) in 0.033598900 sec
WARNING  jax._src.interpreters.pxla:pxla.py:732 Compiling jit(take_along_axis) with global shapes and types (ShapedArray(float64[340,1,26,2]), ShapedArray(int64[340,1,26,1])). Argument mapping: (UnspecifiedValue, UnspecifiedValue).
WARNING  jax._src.dispatch:dispatch.py:204 Finished jaxpr to MLIR module conversion jit(take_along_axis) in 0.007862568 sec
WARNING  jax._src.dispatch:dispatch.py:204 Finished XLA compilation of jit(take_along_axis) in 0.031479836 sec
WARNING  jax._src.interpreters.pxla:pxla.py:732 Compiling jit(take_along_axis) with global shapes and types (ShapedArray(bool[340,1,26]), ShapedArray(int64[340,1,26])). Argument mapping: (UnspecifiedValue, UnspecifiedValue).
WARNING  jax._src.dispatch:dispatch.py:204 Finished jaxpr to MLIR module conversion jit(take_along_axis) in 0.007701874 sec
WARNING  jax._src.dispatch:dispatch.py:204 Finished XLA compilation of jit(take_along_axis) in 0.035105467 sec
WARNING  jax._src.dispatch:dispatch.py:204 Finished tracing iota for jit in 0.000231266 sec
WARNING  jax._src.interpreters.pxla:pxla.py:732 Compiling jit(iota) with global shapes and types (). Argument mapping: ().
WARNING  jax._src.dispatch:dispatch.py:204 Finished jaxpr to MLIR module conversion jit(iota) in 0.004168749 sec
WARNING  jax._src.dispatch:dispatch.py:204 Finished XLA compilation of jit(iota) in 0.021445274 sec
WARNING  jax._src.interpreters.pxla:pxla.py:732 Compiling jit(less) with global shapes and types (ShapedArray(int64[1,26]), ShapedArray(int64[340,1,1])). Argument mapping: (UnspecifiedValue, UnspecifiedValue).
WARNING  jax._src.dispatch:dispatch.py:204 Finished jaxpr to MLIR module conversion jit(less) in 0.004566431 sec
WARNING  jax._src.dispatch:dispatch.py:204 Finished XLA compilation of jit(less) in 0.030018091 sec
WARNING  jax._src.interpreters.pxla:pxla.py:732 Compiling jit(equal) with global shapes and types (ShapedArray(int64[340,1,26]), ShapedArray(int64[2])). Argument mapping: (UnspecifiedValue, UnspecifiedValue).
WARNING  jax._src.dispatch:dispatch.py:204 Finished jaxpr to MLIR module conversion jit(equal) in 0.005002260 sec
WARNING  jax._src.dispatch:dispatch.py:204 Finished XLA compilation of jit(equal) in 0.028790236 sec
WARNING  jax._src.interpreters.pxla:pxla.py:732 Compiling jit(equal) with global shapes and types (ShapedArray(int64[2]), ShapedArray(int64[], weak_type=True)). Argument mapping: (UnspecifiedValue, UnspecifiedValue).
WARNING  jax._src.dispatch:dispatch.py:204 Finished jaxpr to MLIR module conversion jit(equal) in 0.004601240 sec
WARNING  jax._src.dispatch:dispatch.py:204 Finished XLA compilation of jit(equal) in 0.020952463 sec
WARNING  jax._src.interpreters.pxla:pxla.py:732 Compiling jit(_where) with global shapes and types (ShapedArray(bool[340,1,1]), ShapedArray(bool[340,2,1,26]), ShapedArray(bool[2])). Argument mapping: (UnspecifiedValue, UnspecifiedValue, UnspecifiedValue).
WARNING  jax._src.dispatch:dispatch.py:204 Finished jaxpr to MLIR module conversion jit(_where) in 0.004890919 sec
WARNING  jax._src.dispatch:dispatch.py:204 Finished XLA compilation of jit(_where) in 0.029173851 sec
WARNING  jax._src.interpreters.pxla:pxla.py:732 Compiling jit(bitwise_and) with global shapes and types (ShapedArray(bool[340,1,26]), ShapedArray(bool[340,2,1,26])). Argument mapping: (UnspecifiedValue, UnspecifiedValue).
WARNING  jax._src.dispatch:dispatch.py:204 Finished jaxpr to MLIR module conversion jit(bitwise_and) in 0.004523277 sec
WARNING  jax._src.dispatch:dispatch.py:204 Finished XLA compilation of jit(bitwise_and) in 0.030020952 sec
WARNING  jax._src.interpreters.pxla:pxla.py:732 Compiling jit(cumsum) with global shapes and types (ShapedArray(bool[340,2,1,26]),). Argument mapping: (UnspecifiedValue,).
WARNING  jax._src.dispatch:dispatch.py:204 Finished jaxpr to MLIR module conversion jit(cumsum) in 0.005614519 sec
WARNING  jax._src.dispatch:dispatch.py:204 Finished XLA compilation of jit(cumsum) in 0.049390554 sec
WARNING  jax._src.interpreters.pxla:pxla.py:732 Compiling jit(subtract) with global shapes and types (ShapedArray(int64[340,2,1,26]), ShapedArray(int64[], weak_type=True)). Argument mapping: (UnspecifiedValue, UnspecifiedValue).
WARNING  jax._src.dispatch:dispatch.py:204 Finished jaxpr to MLIR module conversion jit(subtract) in 0.004731417 sec
WARNING  jax._src.dispatch:dispatch.py:204 Finished XLA compilation of jit(subtract) in 0.029127359 sec
WARNING  jax._src.interpreters.pxla:pxla.py:732 Compiling jit(_where) with global shapes and types (ShapedArray(bool[340,2,1,26]), ShapedArray(int64[340,2,1,26]), ShapedArray(int64[], weak_type=True)). Argument mapping: (UnspecifiedValue, UnspecifiedValue, UnspecifiedValue).
WARNING  jax._src.dispatch:dispatch.py:204 Finished jaxpr to MLIR module conversion jit(_where) in 0.005056620 sec
WARNING  jax._src.dispatch:dispatch.py:204 Finished XLA compilation of jit(_where) in 0.031395912 sec
WARNING  jax._src.dispatch:dispatch.py:204 Finished tracing broadcast_in_dim for jit in 0.000294209 sec
WARNING  jax._src.interpreters.pxla:pxla.py:732 Compiling jit(broadcast_in_dim) with global shapes and types (ShapedArray(bool[340,2,1,26]),). Argument mapping: (UnspecifiedValue,).
WARNING  jax._src.dispatch:dispatch.py:204 Finished jaxpr to MLIR module conversion jit(broadcast_in_dim) in 0.004387617 sec
WARNING  jax._src.dispatch:dispatch.py:204 Finished XLA compilation of jit(broadcast_in_dim) in 0.045066833 sec
WARNING  jax._src.interpreters.pxla:pxla.py:732 Compiling jit(_where) with global shapes and types (ShapedArray(bool[340,2,1,26,1]), ShapedArray(float64[340,1,26,2]), ShapedArray(float64[], weak_type=True)). Argument mapping: (UnspecifiedValue, UnspecifiedValue, UnspecifiedValue).
WARNING  jax._src.dispatch:dispatch.py:204 Finished jaxpr to MLIR module conversion jit(_where) in 0.005177498 sec
WARNING  jax._src.dispatch:dispatch.py:204 Finished XLA compilation of jit(_where) in 0.028078794 sec
WARNING  jax._src.interpreters.pxla:pxla.py:732 Compiling jit(less) with global shapes and types (ShapedArray(int64[1,26]), ShapedArray(int64[], weak_type=True)). Argument mapping: (UnspecifiedValue, UnspecifiedValue).
WARNING  jax._src.dispatch:dispatch.py:204 Finished jaxpr to MLIR module conversion jit(less) in 0.004679918 sec
WARNING  jax._src.dispatch:dispatch.py:204 Finished XLA compilation of jit(less) in 0.026120901 sec
WARNING  jax._src.interpreters.pxla:pxla.py:732 Compiling jit(less) with global shapes and types (ShapedArray(int64[340,2,1,26]), ShapedArray(int64[], weak_type=True)). Argument mapping: (UnspecifiedValue, UnspecifiedValue).
WARNING  jax._src.dispatch:dispatch.py:204 Finished jaxpr to MLIR module conversion jit(less) in 0.005932331 sec
WARNING  jax._src.dispatch:dispatch.py:204 Finished XLA compilation of jit(less) in 0.028536797 sec
WARNING  jax._src.dispatch:dispatch.py:204 Finished tracing add for jit in 0.000247002 sec
WARNING  jax._src.interpreters.pxla:pxla.py:732 Compiling jit(add) with global shapes and types (ShapedArray(int64[340,2,1,26]), ShapedArray(int64[])). Argument mapping: (UnspecifiedValue, UnspecifiedValue).
WARNING  jax._src.dispatch:dispatch.py:204 Finished jaxpr to MLIR module conversion jit(add) in 0.004456282 sec
WARNING  jax._src.dispatch:dispatch.py:204 Finished XLA compilation of jit(add) in 0.028761148 sec
WARNING  jax._src.dispatch:dispatch.py:204 Finished tracing select_n for jit in 0.000231981 sec
WARNING  jax._src.interpreters.pxla:pxla.py:732 Compiling jit(select_n) with global shapes and types (ShapedArray(bool[340,2,1,26]), ShapedArray(int64[340,2,1,26]), ShapedArray(int64[340,2,1,26])). Argument mapping: (UnspecifiedValue, UnspecifiedValue, UnspecifiedValue).
WARNING  jax._src.dispatch:dispatch.py:204 Finished jaxpr to MLIR module conversion jit(select_n) in 0.004327536 sec
WARNING  jax._src.dispatch:dispatch.py:204 Finished XLA compilation of jit(select_n) in 0.041428804 sec
WARNING  jax._src.interpreters.pxla:pxla.py:732 Compiling jit(_broadcast_arrays) with global shapes and types (ShapedArray(int64[1,26]), ShapedArray(int64[340,2,1,26])). Argument mapping: (UnspecifiedValue, UnspecifiedValue).
WARNING  jax._src.dispatch:dispatch.py:204 Finished jaxpr to MLIR module conversion jit(_broadcast_arrays) in 0.004133701 sec
WARNING  jax._src.dispatch:dispatch.py:204 Finished XLA compilation of jit(_broadcast_arrays) in 0.006901264 sec
WARNING  jax._src.dispatch:dispatch.py:204 Finished tracing convert_element_type for jit in 0.000231504 sec
WARNING  jax._src.interpreters.pxla:pxla.py:732 Compiling jit(convert_element_type) with global shapes and types (ShapedArray(int64[340,2,1,26]),). Argument mapping: (UnspecifiedValue,).
WARNING  jax._src.dispatch:dispatch.py:204 Finished jaxpr to MLIR module conversion jit(convert_element_type) in 0.003861666 sec
WARNING  jax._src.dispatch:dispatch.py:204 Finished XLA compilation of jit(convert_element_type) in 0.038206100 sec
WARNING  jax._src.dispatch:dispatch.py:204 Finished tracing broadcast_in_dim for jit in 0.000272512 sec
WARNING  jax._src.interpreters.pxla:pxla.py:732 Compiling jit(broadcast_in_dim) with global shapes and types (ShapedArray(int32[340,2,1,26]),). Argument mapping: (UnspecifiedValue,).
WARNING  jax._src.dispatch:dispatch.py:204 Finished jaxpr to MLIR module conversion jit(broadcast_in_dim) in 0.004405737 sec
WARNING  jax._src.dispatch:dispatch.py:204 Finished XLA compilation of jit(broadcast_in_dim) in 0.036287069 sec
WARNING  jax._src.dispatch:dispatch.py:204 Finished tracing broadcast_in_dim for jit in 0.000279188 sec
WARNING  jax._src.interpreters.pxla:pxla.py:732 Compiling jit(broadcast_in_dim) with global shapes and types (ShapedArray(int32[1,26,1]),). Argument mapping: (UnspecifiedValue,).
WARNING  jax._src.dispatch:dispatch.py:204 Finished jaxpr to MLIR module conversion jit(broadcast_in_dim) in 0.004513741 sec
WARNING  jax._src.dispatch:dispatch.py:204 Finished XLA compilation of jit(broadcast_in_dim) in 0.028203487 sec
WARNING  jax._src.dispatch:dispatch.py:204 Finished tracing broadcast_in_dim for jit in 0.000278473 sec
WARNING  jax._src.interpreters.pxla:pxla.py:732 Compiling jit(broadcast_in_dim) with global shapes and types (ShapedArray(int32[2,1,26,1]),). Argument mapping: (UnspecifiedValue,).
WARNING  jax._src.dispatch:dispatch.py:204 Finished jaxpr to MLIR module conversion jit(broadcast_in_dim) in 0.004472971 sec
WARNING  jax._src.dispatch:dispatch.py:204 Finished XLA compilation of jit(broadcast_in_dim) in 0.027263880 sec
WARNING  jax._src.dispatch:dispatch.py:204 Finished tracing concatenate for jit in 0.000254154 sec
WARNING  jax._src.interpreters.pxla:pxla.py:732 Compiling jit(concatenate) with global shapes and types (ShapedArray(int32[340,2,1,26,1]), ShapedArray(int32[340,2,1,26,1])). Argument mapping: (UnspecifiedValue, UnspecifiedValue).
WARNING  jax._src.dispatch:dispatch.py:204 Finished jaxpr to MLIR module conversion jit(concatenate) in 0.004295826 sec
WARNING  jax._src.dispatch:dispatch.py:204 Finished XLA compilation of jit(concatenate) in 0.018602848 sec
WARNING  jax._src.interpreters.pxla:pxla.py:732 Compiling jit(_squeeze) with global shapes and types (ShapedArray(float64[340,2,1,26,2]),). Argument mapping: (UnspecifiedValue,).
WARNING  jax._src.dispatch:dispatch.py:204 Finished jaxpr to MLIR module conversion jit(_squeeze) in 0.004119158 sec
WARNING  jax._src.dispatch:dispatch.py:204 Finished XLA compilation of jit(_squeeze) in 0.006778479 sec
WARNING  jax._src.dispatch:dispatch.py:204 Finished tracing broadcast_in_dim for jit in 0.000159502 sec
WARNING  jax._src.interpreters.pxla:pxla.py:732 Compiling jit(broadcast_in_dim) with global shapes and types (ShapedArray(float64[1,26,2]),). Argument mapping: (UnspecifiedValue,).
WARNING  jax._src.dispatch:dispatch.py:204 Finished jaxpr to MLIR module conversion jit(broadcast_in_dim) in 0.003862143 sec
WARNING  jax._src.dispatch:dispatch.py:204 Finished XLA compilation of jit(broadcast_in_dim) in 0.024837971 sec
WARNING  jax._src.dispatch:dispatch.py:204 Finished tracing broadcast_in_dim for jit in 0.000164270 sec
WARNING  jax._src.interpreters.pxla:pxla.py:732 Compiling jit(broadcast_in_dim) with global shapes and types (ShapedArray(float64[2,1,26,2]),). Argument mapping: (UnspecifiedValue,).
WARNING  jax._src.dispatch:dispatch.py:204 Finished jaxpr to MLIR module conversion jit(broadcast_in_dim) in 0.004318953 sec
WARNING  jax._src.dispatch:dispatch.py:204 Finished XLA compilation of jit(broadcast_in_dim) in 0.026123285 sec
WARNING  jax._src.dispatch:dispatch.py:204 Finished tracing scatter-add for jit in 0.000314951 sec
WARNING  jax._src.interpreters.pxla:pxla.py:732 Compiling jit(scatter-add) with global shapes and types (ShapedArray(float64[340,2,1,26,2]), ShapedArray(int32[340,2,1,26,2]), ShapedArray(float64[340,2,1,26,2])). Argument mapping: (UnspecifiedValue, UnspecifiedValue, UnspecifiedValue).
WARNING  jax._src.dispatch:dispatch.py:204 Finished jaxpr to MLIR module conversion jit(scatter-add) in 0.004631042 sec
WARNING  jax._src.dispatch:dispatch.py:204 Finished XLA compilation of jit(scatter-add) in 0.051752329 sec
WARNING  jax._src.interpreters.pxla:pxla.py:732 Compiling jit(_reduce_sum) with global shapes and types (ShapedArray(bool[340,2,1,26]),). Argument mapping: (UnspecifiedValue,).
WARNING  jax._src.dispatch:dispatch.py:204 Finished jaxpr to MLIR module conversion jit(_reduce_sum) in 0.004980564 sec
WARNING  jax._src.dispatch:dispatch.py:204 Finished XLA compilation of jit(_reduce_sum) in 0.027724028 sec
WARNING  jax._src.interpreters.pxla:pxla.py:732 Compiling jit(_moveaxis) with global shapes and types (ShapedArray(float64[340,2,1,26,2]),). Argument mapping: (UnspecifiedValue,).
WARNING  jax._src.dispatch:dispatch.py:204 Finished jaxpr to MLIR module conversion jit(_moveaxis) in 0.004333019 sec
WARNING  jax._src.dispatch:dispatch.py:204 Finished XLA compilation of jit(_moveaxis) in 0.036308527 sec
WARNING  jax._src.interpreters.pxla:pxla.py:732 Compiling jit(_moveaxis) with global shapes and types (ShapedArray(int64[340,2,1]),). Argument mapping: (UnspecifiedValue,).
WARNING  jax._src.dispatch:dispatch.py:204 Finished jaxpr to MLIR module conversion jit(_moveaxis) in 0.004429817 sec
WARNING  jax._src.dispatch:dispatch.py:204 Finished XLA compilation of jit(_moveaxis) in 0.029284000 sec
WARNING  jax._src.dispatch:dispatch.py:204 Finished tracing broadcast_in_dim for jit in 0.000285149 sec
WARNING  jax._src.interpreters.pxla:pxla.py:732 Compiling jit(broadcast_in_dim) with global shapes and types (ShapedArray(int64[340,1,13]),). Argument mapping: (UnspecifiedValue,).
WARNING  jax._src.dispatch:dispatch.py:204 Finished jaxpr to MLIR module conversion jit(broadcast_in_dim) in 0.004420757 sec
WARNING  jax._src.dispatch:dispatch.py:204 Finished XLA compilation of jit(broadcast_in_dim) in 0.032471657 sec
WARNING  jax._src.interpreters.pxla:pxla.py:732 Compiling jit(take_along_axis) with global shapes and types (ShapedArray(float64[340,1,13,2]), ShapedArray(int64[340,1,13,1])). Argument mapping: (UnspecifiedValue, UnspecifiedValue).
WARNING  jax._src.dispatch:dispatch.py:204 Finished jaxpr to MLIR module conversion jit(take_along_axis) in 0.007750750 sec
WARNING  jax._src.dispatch:dispatch.py:204 Finished XLA compilation of jit(take_along_axis) in 0.031674385 sec
WARNING  jax._src.interpreters.pxla:pxla.py:732 Compiling jit(_reduce_sum) with global shapes and types (ShapedArray(float64[340,1,13]),). Argument mapping: (UnspecifiedValue,).
WARNING  jax._src.dispatch:dispatch.py:204 Finished jaxpr to MLIR module conversion jit(_reduce_sum) in 0.004550219 sec
WARNING  jax._src.dispatch:dispatch.py:204 Finished XLA compilation of jit(_reduce_sum) in 0.007462263 sec
WARNING  jax._src.interpreters.pxla:pxla.py:732 Compiling jit(less) with global shapes and types (ShapedArray(float64[340,1]), ShapedArray(float64[], weak_type=True)). Argument mapping: (UnspecifiedValue, UnspecifiedValue).
WARNING  jax._src.dispatch:dispatch.py:204 Finished jaxpr to MLIR module conversion jit(less) in 0.004269123 sec
WARNING  jax._src.dispatch:dispatch.py:204 Finished XLA compilation of jit(less) in 0.025161982 sec
WARNING  jax._src.interpreters.pxla:pxla.py:732 Compiling jit(_where) with global shapes and types (ShapedArray(bool[340,1]), ShapedArray(float64[], weak_type=True), ShapedArray(float64[], weak_type=True)). Argument mapping: (UnspecifiedValue, UnspecifiedValue, UnspecifiedValue).
WARNING  jax._src.dispatch:dispatch.py:204 Finished jaxpr to MLIR module conversion jit(_where) in 0.004675388 sec
WARNING  jax._src.dispatch:dispatch.py:204 Finished XLA compilation of jit(_where) in 0.025470972 sec
WARNING  jax._src.interpreters.pxla:pxla.py:732 Compiling jit(multiply) with global shapes and types (ShapedArray(float64[], weak_type=True), ShapedArray(float64[340,1], weak_type=True)). Argument mapping: (UnspecifiedValue, UnspecifiedValue).
WARNING  jax._src.dispatch:dispatch.py:204 Finished jaxpr to MLIR module conversion jit(multiply) in 0.004417181 sec
WARNING  jax._src.dispatch:dispatch.py:204 Finished XLA compilation of jit(multiply) in 0.027301550 sec
WARNING  jax._src.interpreters.pxla:pxla.py:732 Compiling jit(multiply) with global shapes and types (ShapedArray(float64[340,1], weak_type=True), ShapedArray(float64[340,1])). Argument mapping: (UnspecifiedValue, UnspecifiedValue).
WARNING  jax._src.dispatch:dispatch.py:204 Finished jaxpr to MLIR module conversion jit(multiply) in 0.004406452 sec
WARNING  jax._src.dispatch:dispatch.py:204 Finished XLA compilation of jit(multiply) in 0.029954195 sec
WARNING  jax._src.dispatch:dispatch.py:204 Finished tracing broadcast_in_dim for jit in 0.000290155 sec
WARNING  jax._src.interpreters.pxla:pxla.py:732 Compiling jit(broadcast_in_dim) with global shapes and types (ShapedArray(float64[340,1], weak_type=True),). Argument mapping: (UnspecifiedValue,).
WARNING  jax._src.dispatch:dispatch.py:204 Finished jaxpr to MLIR module conversion jit(broadcast_in_dim) in 0.004439354 sec
WARNING  jax._src.dispatch:dispatch.py:204 Finished XLA compilation of jit(broadcast_in_dim) in 0.006964684 sec
WARNING  jax._src.interpreters.pxla:pxla.py:732 Compiling jit(true_divide) with global shapes and types (ShapedArray(float64[340,1]), ShapedArray(float64[], weak_type=True)). Argument mapping: (UnspecifiedValue, UnspecifiedValue).
WARNING  jax._src.dispatch:dispatch.py:204 Finished jaxpr to MLIR module conversion jit(true_divide) in 0.004034996 sec
WARNING  jax._src.dispatch:dispatch.py:204 Finished XLA compilation of jit(true_divide) in 0.031045198 sec
WARNING  jax._src.dispatch:dispatch.py:204 Finished tracing stack for jit in 0.000345945 sec
WARNING  jax._src.interpreters.pxla:pxla.py:732 Compiling jit(stack) with global shapes and types (ShapedArray(float64[340,1]), ShapedArray(float64[340,1])). Argument mapping: (UnspecifiedValue, UnspecifiedValue).
WARNING  jax._src.dispatch:dispatch.py:204 Finished jaxpr to MLIR module conversion jit(stack) in 0.004533291 sec
WARNING  jax._src.dispatch:dispatch.py:204 Finished XLA compilation of jit(stack) in 0.029721737 sec
WARNING  jax._src.interpreters.pxla:pxla.py:732 Compiling jit(multiply) with global shapes and types (ShapedArray(float64[340,1,1], weak_type=True), ShapedArray(float64[340,1,2])). Argument mapping: (UnspecifiedValue, UnspecifiedValue).
WARNING  jax._src.dispatch:dispatch.py:204 Finished jaxpr to MLIR module conversion jit(multiply) in 0.004584551 sec
WARNING  jax._src.dispatch:dispatch.py:204 Finished XLA compilation of jit(multiply) in 0.024135351 sec
WARNING  jax._src.dispatch:dispatch.py:204 Finished tracing integer_pow for jit in 0.000337124 sec
WARNING  jax._src.interpreters.pxla:pxla.py:732 Compiling jit(integer_pow) with global shapes and types (ShapedArray(float64[340,1,13]),). Argument mapping: (UnspecifiedValue,).
WARNING  jax._src.dispatch:dispatch.py:204 Finished jaxpr to MLIR module conversion jit(integer_pow) in 0.004248142 sec
WARNING  jax._src.dispatch:dispatch.py:204 Finished XLA compilation of jit(integer_pow) in 0.033770323 sec
WARNING  jax._src.dispatch:dispatch.py:204 Finished tracing stack for jit in 0.000378847 sec
WARNING  jax._src.interpreters.pxla:pxla.py:732 Compiling jit(stack) with global shapes and types (ShapedArray(float64[340,1,2]), ShapedArray(float64[340,1,2])). Argument mapping: (UnspecifiedValue, UnspecifiedValue).
WARNING  jax._src.dispatch:dispatch.py:204 Finished jaxpr to MLIR module conversion jit(stack) in 0.004580975 sec
WARNING  jax._src.dispatch:dispatch.py:204 Finished XLA compilation of jit(stack) in 0.027744770 sec
WARNING  jax._src.interpreters.pxla:pxla.py:732 Compiling jit(greater) with global shapes and types (ShapedArray(float64[340,1]), ShapedArray(float64[], weak_type=True)). Argument mapping: (UnspecifiedValue, UnspecifiedValue).
WARNING  jax._src.dispatch:dispatch.py:204 Finished jaxpr to MLIR module conversion jit(greater) in 0.004694700 sec
WARNING  jax._src.dispatch:dispatch.py:204 Finished XLA compilation of jit(greater) in 0.025449753 sec
WARNING  jax._src.dispatch:dispatch.py:204 Finished tracing broadcast_in_dim for jit in 0.000265598 sec
WARNING  jax._src.interpreters.pxla:pxla.py:732 Compiling jit(broadcast_in_dim) with global shapes and types (ShapedArray(bool[340,1]),). Argument mapping: (UnspecifiedValue,).
WARNING  jax._src.dispatch:dispatch.py:204 Finished jaxpr to MLIR module conversion jit(broadcast_in_dim) in 0.004351139 sec
WARNING  jax._src.dispatch:dispatch.py:204 Finished XLA compilation of jit(broadcast_in_dim) in 0.006792307 sec
WARNING  jax._src.interpreters.pxla:pxla.py:732 Compiling jit(_where) with global shapes and types (ShapedArray(bool[340,1,1,1]), ShapedArray(float64[340,1,2,2]), ShapedArray(float64[], weak_type=True)). Argument mapping: (UnspecifiedValue, UnspecifiedValue, UnspecifiedValue).
WARNING  jax._src.dispatch:dispatch.py:204 Finished jaxpr to MLIR module conversion jit(_where) in 0.004834414 sec
WARNING  jax._src.dispatch:dispatch.py:204 Finished XLA compilation of jit(_where) in 0.025981903 sec
WARNING  jax._src.dispatch:dispatch.py:204 Finished tracing reshape for jit in 0.000343323 sec
WARNING  jax._src.interpreters.pxla:pxla.py:732 Compiling jit(reshape) with global shapes and types (ShapedArray(float64[340,1,2,26,2]),). Argument mapping: (UnspecifiedValue,).
WARNING  jax._src.dispatch:dispatch.py:204 Finished jaxpr to MLIR module conversion jit(reshape) in 0.004346132 sec
WARNING  jax._src.dispatch:dispatch.py:204 Finished XLA compilation of jit(reshape) in 0.006947279 sec
WARNING  jax._src.dispatch:dispatch.py:204 Finished tracing reshape for jit in 0.000309467 sec
WARNING  jax._src.interpreters.pxla:pxla.py:732 Compiling jit(reshape) with global shapes and types (ShapedArray(int64[340,1,2]),). Argument mapping: (UnspecifiedValue,).
WARNING  jax._src.dispatch:dispatch.py:204 Finished jaxpr to MLIR module conversion jit(reshape) in 0.003793478 sec
WARNING  jax._src.dispatch:dispatch.py:204 Finished XLA compilation of jit(reshape) in 0.007103682 sec
WARNING  jax._src.dispatch:dispatch.py:204 Finished tracing broadcast_in_dim for jit in 0.000384331 sec
WARNING  jax._src.interpreters.pxla:pxla.py:732 Compiling jit(broadcast_in_dim) with global shapes and types (ShapedArray(float64[340,1,1,2]),). Argument mapping: (UnspecifiedValue,).
WARNING  jax._src.dispatch:dispatch.py:204 Finished jaxpr to MLIR module conversion jit(broadcast_in_dim) in 0.003707409 sec
WARNING  jax._src.dispatch:dispatch.py:204 Finished XLA compilation of jit(broadcast_in_dim) in 0.024187803 sec
WARNING  jax._src.dispatch:dispatch.py:204 Finished tracing reshape for jit in 0.000352383 sec
WARNING  jax._src.interpreters.pxla:pxla.py:732 Compiling jit(reshape) with global shapes and types (ShapedArray(float64[340,1,2,2]),). Argument mapping: (UnspecifiedValue,).
WARNING  jax._src.dispatch:dispatch.py:204 Finished jaxpr to MLIR module conversion jit(reshape) in 0.004260540 sec
WARNING  jax._src.dispatch:dispatch.py:204 Finished XLA compilation of jit(reshape) in 0.006774426 sec
WARNING  jax._src.dispatch:dispatch.py:204 Finished tracing broadcast_in_dim for jit in 0.000262976 sec
WARNING  jax._src.interpreters.pxla:pxla.py:732 Compiling jit(broadcast_in_dim) with global shapes and types (ShapedArray(int64[340,2]),). Argument mapping: (UnspecifiedValue,).
WARNING  jax._src.dispatch:dispatch.py:204 Finished jaxpr to MLIR module conversion jit(broadcast_in_dim) in 0.003799915 sec
WARNING  jax._src.dispatch:dispatch.py:204 Finished XLA compilation of jit(broadcast_in_dim) in 0.028861761 sec
WARNING  jax._src.interpreters.pxla:pxla.py:732 Compiling jit(less) with global shapes and types (ShapedArray(int64[1,26]), ShapedArray(int64[340,2,1])). Argument mapping: (UnspecifiedValue, UnspecifiedValue).
WARNING  jax._src.dispatch:dispatch.py:204 Finished jaxpr to MLIR module conversion jit(less) in 0.004854202 sec
WARNING  jax._src.dispatch:dispatch.py:204 Finished XLA compilation of jit(less) in 0.030731440 sec
WARNING  jax._src.interpreters.pxla:pxla.py:732 Compiling jit(add) with global shapes and types (ShapedArray(int64[1,26]), ShapedArray(int64[], weak_type=True)). Argument mapping: (UnspecifiedValue, UnspecifiedValue).
WARNING  jax._src.dispatch:dispatch.py:204 Finished jaxpr to MLIR module conversion jit(add) in 0.004570484 sec
WARNING  jax._src.dispatch:dispatch.py:204 Finished XLA compilation of jit(add) in 0.023503542 sec
WARNING  jax._src.interpreters.pxla:pxla.py:732 Compiling jit(_where) with global shapes and types (ShapedArray(bool[340,2,26]), ShapedArray(int64[1,26]), ShapedArray(int64[], weak_type=True)). Argument mapping: (UnspecifiedValue, UnspecifiedValue, UnspecifiedValue).
WARNING  jax._src.dispatch:dispatch.py:204 Finished jaxpr to MLIR module conversion jit(_where) in 0.004948616 sec
WARNING  jax._src.dispatch:dispatch.py:204 Finished XLA compilation of jit(_where) in 0.032049417 sec
WARNING  jax._src.dispatch:dispatch.py:204 Finished tracing broadcast_in_dim for jit in 0.000303030 sec
WARNING  jax._src.interpreters.pxla:pxla.py:732 Compiling jit(broadcast_in_dim) with global shapes and types (ShapedArray(int64[340,2,26]),). Argument mapping: (UnspecifiedValue,).
WARNING  jax._src.dispatch:dispatch.py:204 Finished jaxpr to MLIR module conversion jit(broadcast_in_dim) in 0.004387379 sec
WARNING  jax._src.dispatch:dispatch.py:204 Finished XLA compilation of jit(broadcast_in_dim) in 0.036789179 sec
WARNING  jax._src.interpreters.pxla:pxla.py:732 Compiling jit(take_along_axis) with global shapes and types (ShapedArray(float64[340,2,26,2]), ShapedArray(int64[340,2,26,1])). Argument mapping: (UnspecifiedValue, UnspecifiedValue).
WARNING  jax._src.dispatch:dispatch.py:204 Finished jaxpr to MLIR module conversion jit(take_along_axis) in 0.007998228 sec
WARNING  jax._src.dispatch:dispatch.py:204 Finished XLA compilation of jit(take_along_axis) in 0.036296606 sec
WARNING  jax._src.dispatch:dispatch.py:204 Finished tracing broadcast_in_dim for jit in 0.000307798 sec
WARNING  jax._src.interpreters.pxla:pxla.py:732 Compiling jit(broadcast_in_dim) with global shapes and types (ShapedArray(float64[340,2,2]),). Argument mapping: (UnspecifiedValue,).
WARNING  jax._src.dispatch:dispatch.py:204 Finished jaxpr to MLIR module conversion jit(broadcast_in_dim) in 0.004420996 sec
WARNING  jax._src.dispatch:dispatch.py:204 Finished XLA compilation of jit(broadcast_in_dim) in 0.031031370 sec
WARNING  jax._src.interpreters.pxla:pxla.py:732 Compiling jit(subtract) with global shapes and types (ShapedArray(float64[340,2,26,2]), ShapedArray(float64[340,2,1,2])). Argument mapping: (UnspecifiedValue, UnspecifiedValue).
WARNING  jax._src.dispatch:dispatch.py:204 Finished jaxpr to MLIR module conversion jit(subtract) in 0.004417896 sec
WARNING  jax._src.dispatch:dispatch.py:204 Finished XLA compilation of jit(subtract) in 0.030521870 sec
WARNING  jax._src.dispatch:dispatch.py:204 Finished tracing dynamic_slice for jit in 0.000276566 sec
WARNING  jax._src.interpreters.pxla:pxla.py:732 Compiling jit(dynamic_slice) with global shapes and types (ShapedArray(float64[340,2,26,2]), ShapedArray(int64[], weak_type=True), ShapedArray(int64[], weak_type=True), ShapedArray(int64[], weak_type=True), ShapedArray(int64[], weak_type=True)). Argument mapping: (UnspecifiedValue, UnspecifiedValue, UnspecifiedValue, UnspecifiedValue, UnspecifiedValue).
WARNING  jax._src.dispatch:dispatch.py:204 Finished jaxpr to MLIR module conversion jit(dynamic_slice) in 0.004432201 sec
WARNING  jax._src.dispatch:dispatch.py:204 Finished XLA compilation of jit(dynamic_slice) in 0.032895088 sec
WARNING  jax._src.dispatch:dispatch.py:204 Finished tracing squeeze for jit in 0.000245094 sec
WARNING  jax._src.interpreters.pxla:pxla.py:732 Compiling jit(squeeze) with global shapes and types (ShapedArray(float64[340,2,26,1]),). Argument mapping: (UnspecifiedValue,).
WARNING  jax._src.dispatch:dispatch.py:204 Finished jaxpr to MLIR module conversion jit(squeeze) in 0.004269123 sec
WARNING  jax._src.dispatch:dispatch.py:204 Finished XLA compilation of jit(squeeze) in 0.006780386 sec
WARNING  jax._src.interpreters.pxla:pxla.py:732 Compiling jit(multiply) with global shapes and types (ShapedArray(float64[340,2,26]), ShapedArray(float64[340,2,26])). Argument mapping: (UnspecifiedValue, UnspecifiedValue).
WARNING  jax._src.dispatch:dispatch.py:204 Finished jaxpr to MLIR module conversion jit(multiply) in 0.003835440 sec
WARNING  jax._src.dispatch:dispatch.py:204 Finished XLA compilation of jit(multiply) in 0.039473295 sec
WARNING  jax._src.interpreters.pxla:pxla.py:732 Compiling jit(subtract) with global shapes and types (ShapedArray(float64[340,2,26]), ShapedArray(float64[340,2,26])). Argument mapping: (UnspecifiedValue, UnspecifiedValue).
WARNING  jax._src.dispatch:dispatch.py:204 Finished jaxpr to MLIR module conversion jit(subtract) in 0.004351616 sec
WARNING  jax._src.dispatch:dispatch.py:204 Finished XLA compilation of jit(subtract) in 0.039483309 sec
WARNING  jax._src.interpreters.pxla:pxla.py:732 Compiling jit(_where) with global shapes and types (ShapedArray(bool[340,2,26]), ShapedArray(float64[340,2,26]), ShapedArray(float64[], weak_type=True)). Argument mapping: (UnspecifiedValue, UnspecifiedValue, UnspecifiedValue).
WARNING  jax._src.dispatch:dispatch.py:204 Finished jaxpr to MLIR module conversion jit(_where) in 0.004896641 sec
WARNING  jax._src.dispatch:dispatch.py:204 Finished XLA compilation of jit(_where) in 0.031127214 sec
WARNING  jax._src.interpreters.pxla:pxla.py:732 Compiling jit(_reduce_sum) with global shapes and types (ShapedArray(float64[340,2,26]),). Argument mapping: (UnspecifiedValue,).
WARNING  jax._src.dispatch:dispatch.py:204 Finished jaxpr to MLIR module conversion jit(_reduce_sum) in 0.004594564 sec
WARNING  jax._src.dispatch:dispatch.py:204 Finished XLA compilation of jit(_reduce_sum) in 0.007328987 sec
WARNING  jax._src.interpreters.pxla:pxla.py:732 Compiling jit(less) with global shapes and types (ShapedArray(float64[340,2]), ShapedArray(float64[], weak_type=True)). Argument mapping: (UnspecifiedValue, UnspecifiedValue).
WARNING  jax._src.dispatch:dispatch.py:204 Finished jaxpr to MLIR module conversion jit(less) in 0.004196405 sec
WARNING  jax._src.dispatch:dispatch.py:204 Finished XLA compilation of jit(less) in 0.024044037 sec
WARNING  jax._src.interpreters.pxla:pxla.py:732 Compiling jit(_where) with global shapes and types (ShapedArray(bool[340,2]), ShapedArray(float64[], weak_type=True), ShapedArray(float64[], weak_type=True)). Argument mapping: (UnspecifiedValue, UnspecifiedValue, UnspecifiedValue).
WARNING  jax._src.dispatch:dispatch.py:204 Finished jaxpr to MLIR module conversion jit(_where) in 0.004721165 sec
WARNING  jax._src.dispatch:dispatch.py:204 Finished XLA compilation of jit(_where) in 0.024198771 sec
WARNING  jax._src.interpreters.pxla:pxla.py:732 Compiling jit(multiply) with global shapes and types (ShapedArray(float64[], weak_type=True), ShapedArray(float64[340,2], weak_type=True)). Argument mapping: (UnspecifiedValue, UnspecifiedValue).
WARNING  jax._src.dispatch:dispatch.py:204 Finished jaxpr to MLIR module conversion jit(multiply) in 0.004399776 sec
WARNING  jax._src.dispatch:dispatch.py:204 Finished XLA compilation of jit(multiply) in 0.023181438 sec
WARNING  jax._src.interpreters.pxla:pxla.py:732 Compiling jit(multiply) with global shapes and types (ShapedArray(float64[340,2], weak_type=True), ShapedArray(float64[340,2])). Argument mapping: (UnspecifiedValue, UnspecifiedValue).
WARNING  jax._src.dispatch:dispatch.py:204 Finished jaxpr to MLIR module conversion jit(multiply) in 0.004474163 sec
WARNING  jax._src.dispatch:dispatch.py:204 Finished XLA compilation of jit(multiply) in 0.029612064 sec
WARNING  jax._src.dispatch:dispatch.py:204 Finished tracing broadcast_in_dim for jit in 0.000283718 sec
WARNING  jax._src.interpreters.pxla:pxla.py:732 Compiling jit(broadcast_in_dim) with global shapes and types (ShapedArray(float64[340,2], weak_type=True),). Argument mapping: (UnspecifiedValue,).
WARNING  jax._src.dispatch:dispatch.py:204 Finished jaxpr to MLIR module conversion jit(broadcast_in_dim) in 0.004240990 sec
WARNING  jax._src.dispatch:dispatch.py:204 Finished XLA compilation of jit(broadcast_in_dim) in 0.028816700 sec
WARNING  jax._src.interpreters.pxla:pxla.py:732 Compiling jit(add) with global shapes and types (ShapedArray(float64[340,2,26]), ShapedArray(float64[340,2,26])). Argument mapping: (UnspecifiedValue, UnspecifiedValue).
WARNING  jax._src.dispatch:dispatch.py:204 Finished jaxpr to MLIR module conversion jit(add) in 0.004278183 sec
WARNING  jax._src.dispatch:dispatch.py:204 Finished XLA compilation of jit(add) in 0.039377928 sec
WARNING  jax._src.interpreters.pxla:pxla.py:732 Compiling jit(true_divide) with global shapes and types (ShapedArray(float64[340,2]), ShapedArray(float64[], weak_type=True)). Argument mapping: (UnspecifiedValue, UnspecifiedValue).
WARNING  jax._src.dispatch:dispatch.py:204 Finished jaxpr to MLIR module conversion jit(true_divide) in 0.004503965 sec
WARNING  jax._src.dispatch:dispatch.py:204 Finished XLA compilation of jit(true_divide) in 0.027111530 sec
WARNING  jax._src.dispatch:dispatch.py:204 Finished tracing stack for jit in 0.000380993 sec
WARNING  jax._src.interpreters.pxla:pxla.py:732 Compiling jit(stack) with global shapes and types (ShapedArray(float64[340,2]), ShapedArray(float64[340,2])). Argument mapping: (UnspecifiedValue, UnspecifiedValue).
WARNING  jax._src.dispatch:dispatch.py:204 Finished jaxpr to MLIR module conversion jit(stack) in 0.004457474 sec
WARNING  jax._src.dispatch:dispatch.py:204 Finished XLA compilation of jit(stack) in 0.026954412 sec
WARNING  jax._src.interpreters.pxla:pxla.py:732 Compiling jit(multiply) with global shapes and types (ShapedArray(float64[340,2,1], weak_type=True), ShapedArray(float64[340,2,2])). Argument mapping: (UnspecifiedValue, UnspecifiedValue).
WARNING  jax._src.dispatch:dispatch.py:204 Finished jaxpr to MLIR module conversion jit(multiply) in 0.004762173 sec
WARNING  jax._src.dispatch:dispatch.py:204 Finished XLA compilation of jit(multiply) in 0.023301125 sec
WARNING  jax._src.dispatch:dispatch.py:204 Finished tracing integer_pow for jit in 0.000324488 sec
WARNING  jax._src.interpreters.pxla:pxla.py:732 Compiling jit(integer_pow) with global shapes and types (ShapedArray(float64[340,2,26]),). Argument mapping: (UnspecifiedValue,).
WARNING  jax._src.dispatch:dispatch.py:204 Finished jaxpr to MLIR module conversion jit(integer_pow) in 0.004278183 sec
WARNING  jax._src.dispatch:dispatch.py:204 Finished XLA compilation of jit(integer_pow) in 0.035196066 sec
WARNING  jax._src.interpreters.pxla:pxla.py:732 Compiling jit(multiply) with global shapes and types (ShapedArray(float64[], weak_type=True), ShapedArray(float64[340,2,26])). Argument mapping: (UnspecifiedValue, UnspecifiedValue).
WARNING  jax._src.dispatch:dispatch.py:204 Finished jaxpr to MLIR module conversion jit(multiply) in 0.004609585 sec
WARNING  jax._src.dispatch:dispatch.py:204 Finished XLA compilation of jit(multiply) in 0.028705120 sec
WARNING  jax._src.dispatch:dispatch.py:204 Finished tracing stack for jit in 0.000401020 sec
WARNING  jax._src.interpreters.pxla:pxla.py:732 Compiling jit(stack) with global shapes and types (ShapedArray(float64[340,2,2]), ShapedArray(float64[340,2,2])). Argument mapping: (UnspecifiedValue, UnspecifiedValue).
WARNING  jax._src.dispatch:dispatch.py:204 Finished jaxpr to MLIR module conversion jit(stack) in 0.004538059 sec
WARNING  jax._src.dispatch:dispatch.py:204 Finished XLA compilation of jit(stack) in 0.028588533 sec
WARNING  jax._src.interpreters.pxla:pxla.py:732 Compiling jit(greater) with global shapes and types (ShapedArray(float64[340,2]), ShapedArray(float64[], weak_type=True)). Argument mapping: (UnspecifiedValue, UnspecifiedValue).
WARNING  jax._src.dispatch:dispatch.py:204 Finished jaxpr to MLIR module conversion jit(greater) in 0.004708767 sec
WARNING  jax._src.dispatch:dispatch.py:204 Finished XLA compilation of jit(greater) in 0.023612499 sec
WARNING  jax._src.interpreters.pxla:pxla.py:732 Compiling jit(_where) with global shapes and types (ShapedArray(bool[340,2]), ShapedArray(float64[340,2]), ShapedArray(float64[], weak_type=True)). Argument mapping: (UnspecifiedValue, UnspecifiedValue, UnspecifiedValue).
WARNING  jax._src.dispatch:dispatch.py:204 Finished jaxpr to MLIR module conversion jit(_where) in 0.004784107 sec
WARNING  jax._src.dispatch:dispatch.py:204 Finished XLA compilation of jit(_where) in 0.024138212 sec
WARNING  jax._src.dispatch:dispatch.py:204 Finished tracing broadcast_in_dim for jit in 0.000292301 sec
WARNING  jax._src.interpreters.pxla:pxla.py:732 Compiling jit(broadcast_in_dim) with global shapes and types (ShapedArray(bool[340,2]),). Argument mapping: (UnspecifiedValue,).
WARNING  jax._src.dispatch:dispatch.py:204 Finished jaxpr to MLIR module conversion jit(broadcast_in_dim) in 0.004322767 sec
WARNING  jax._src.dispatch:dispatch.py:204 Finished XLA compilation of jit(broadcast_in_dim) in 0.030806065 sec
WARNING  jax._src.interpreters.pxla:pxla.py:732 Compiling jit(_where) with global shapes and types (ShapedArray(bool[340,2,1]), ShapedArray(float64[340,2,2]), ShapedArray(float64[], weak_type=True)). Argument mapping: (UnspecifiedValue, UnspecifiedValue, UnspecifiedValue).
WARNING  jax._src.dispatch:dispatch.py:204 Finished jaxpr to MLIR module conversion jit(_where) in 0.006575108 sec
WARNING  jax._src.dispatch:dispatch.py:204 Finished XLA compilation of jit(_where) in 0.024728060 sec
WARNING  jax._src.dispatch:dispatch.py:204 Finished tracing broadcast_in_dim for jit in 0.000301361 sec
WARNING  jax._src.interpreters.pxla:pxla.py:732 Compiling jit(broadcast_in_dim) with global shapes and types (ShapedArray(bool[340,2]),). Argument mapping: (UnspecifiedValue,).
WARNING  jax._src.dispatch:dispatch.py:204 Finished jaxpr to MLIR module conversion jit(broadcast_in_dim) in 0.004279137 sec
WARNING  jax._src.dispatch:dispatch.py:204 Finished XLA compilation of jit(broadcast_in_dim) in 0.030916452 sec
WARNING  jax._src.interpreters.pxla:pxla.py:732 Compiling jit(_where) with global shapes and types (ShapedArray(bool[340,2,1,1]), ShapedArray(float64[340,2,2,2]), ShapedArray(float64[], weak_type=True)). Argument mapping: (UnspecifiedValue, UnspecifiedValue, UnspecifiedValue).
WARNING  jax._src.dispatch:dispatch.py:204 Finished jaxpr to MLIR module conversion jit(_where) in 0.005023718 sec
WARNING  jax._src.dispatch:dispatch.py:204 Finished XLA compilation of jit(_where) in 0.026191473 sec
WARNING  jax._src.dispatch:dispatch.py:204 Finished tracing reshape for jit in 0.000325203 sec
WARNING  jax._src.interpreters.pxla:pxla.py:732 Compiling jit(reshape) with global shapes and types (ShapedArray(float64[340,2]),). Argument mapping: (UnspecifiedValue,).
WARNING  jax._src.dispatch:dispatch.py:204 Finished jaxpr to MLIR module conversion jit(reshape) in 0.004316807 sec
WARNING  jax._src.dispatch:dispatch.py:204 Finished XLA compilation of jit(reshape) in 0.028659105 sec
WARNING  jax._src.dispatch:dispatch.py:204 Finished tracing reshape for jit in 0.000321388 sec
WARNING  jax._src.interpreters.pxla:pxla.py:732 Compiling jit(reshape) with global shapes and types (ShapedArray(float64[340,2,2]),). Argument mapping: (UnspecifiedValue,).
WARNING  jax._src.dispatch:dispatch.py:204 Finished jaxpr to MLIR module conversion jit(reshape) in 0.004259825 sec
WARNING  jax._src.dispatch:dispatch.py:204 Finished XLA compilation of jit(reshape) in 0.030946016 sec
WARNING  jax._src.dispatch:dispatch.py:204 Finished tracing reshape for jit in 0.000346899 sec
WARNING  jax._src.interpreters.pxla:pxla.py:732 Compiling jit(reshape) with global shapes and types (ShapedArray(float64[340,2,2,2]),). Argument mapping: (UnspecifiedValue,).
WARNING  jax._src.dispatch:dispatch.py:204 Finished jaxpr to MLIR module conversion jit(reshape) in 0.004388571 sec
WARNING  jax._src.dispatch:dispatch.py:204 Finished XLA compilation of jit(reshape) in 0.032929659 sec
WARNING  jax._src.interpreters.pxla:pxla.py:732 Compiling jit(_reduce_sum) with global shapes and types (ShapedArray(float64[340,1,2]),). Argument mapping: (UnspecifiedValue,).
WARNING  jax._src.dispatch:dispatch.py:204 Finished jaxpr to MLIR module conversion jit(_reduce_sum) in 0.004519224 sec
WARNING  jax._src.dispatch:dispatch.py:204 Finished XLA compilation of jit(_reduce_sum) in 0.024646282 sec
WARNING  jax._src.interpreters.pxla:pxla.py:732 Compiling jit(_reduce_sum) with global shapes and types (ShapedArray(float64[340,1,2,2]),). Argument mapping: (UnspecifiedValue,).
WARNING  jax._src.dispatch:dispatch.py:204 Finished jaxpr to MLIR module conversion jit(_reduce_sum) in 0.004565477 sec
WARNING  jax._src.dispatch:dispatch.py:204 Finished XLA compilation of jit(_reduce_sum) in 0.024435043 sec
WARNING  jax._src.interpreters.pxla:pxla.py:732 Compiling jit(_reduce_sum) with global shapes and types (ShapedArray(float64[340,1,2,2,2]),). Argument mapping: (UnspecifiedValue,).
WARNING  jax._src.dispatch:dispatch.py:204 Finished jaxpr to MLIR module conversion jit(_reduce_sum) in 0.004609823 sec
WARNING  jax._src.dispatch:dispatch.py:204 Finished XLA compilation of jit(_reduce_sum) in 0.025638342 sec
WARNING  jax._src.interpreters.pxla:pxla.py:732 Compiling jit(invert) with global shapes and types (ShapedArray(bool[1]),). Argument mapping: (UnspecifiedValue,).
WARNING  jax._src.dispatch:dispatch.py:204 Finished jaxpr to MLIR module conversion jit(invert) in 0.004397631 sec
WARNING  jax._src.dispatch:dispatch.py:204 Finished XLA compilation of jit(invert) in 0.023689985 sec
WARNING  jax._src.interpreters.pxla:pxla.py:732 Compiling jit(bitwise_and) with global shapes and types (ShapedArray(bool[340,1]), ShapedArray(bool[1])). Argument mapping: (UnspecifiedValue, UnspecifiedValue).
WARNING  jax._src.dispatch:dispatch.py:204 Finished jaxpr to MLIR module conversion jit(bitwise_and) in 0.005339146 sec
WARNING  jax._src.dispatch:dispatch.py:204 Finished XLA compilation of jit(bitwise_and) in 0.025061846 sec
WARNING  jax._src.interpreters.pxla:pxla.py:732 Compiling jit(_where) with global shapes and types (ShapedArray(bool[340,1,1,1]), ShapedArray(float64[340,1,26,2]), ShapedArray(float64[], weak_type=True)). Argument mapping: (UnspecifiedValue, UnspecifiedValue, UnspecifiedValue).
WARNING  jax._src.dispatch:dispatch.py:204 Finished jaxpr to MLIR module conversion jit(_where) in 0.005072594 sec
WARNING  jax._src.dispatch:dispatch.py:204 Finished XLA compilation of jit(_where) in 0.028439522 sec
WARNING  jax._src.dispatch:dispatch.py:204 Finished tracing broadcast_in_dim for jit in 0.000279903 sec
WARNING  jax._src.interpreters.pxla:pxla.py:732 Compiling jit(broadcast_in_dim) with global shapes and types (ShapedArray(bool[340,1]),). Argument mapping: (UnspecifiedValue,).
WARNING  jax._src.dispatch:dispatch.py:204 Finished jaxpr to MLIR module conversion jit(broadcast_in_dim) in 0.004339933 sec
WARNING  jax._src.dispatch:dispatch.py:204 Finished XLA compilation of jit(broadcast_in_dim) in 0.006909370 sec
WARNING  jax._src.interpreters.pxla:pxla.py:732 Compiling jit(_where) with global shapes and types (ShapedArray(bool[340,1,1,1,1]), ShapedArray(float64[340,1,2,2,2]), ShapedArray(float64[], weak_type=True)). Argument mapping: (UnspecifiedValue, UnspecifiedValue, UnspecifiedValue).
WARNING  jax._src.dispatch:dispatch.py:204 Finished jaxpr to MLIR module conversion jit(_where) in 0.004516602 sec
WARNING  jax._src.dispatch:dispatch.py:204 Finished XLA compilation of jit(_where) in 0.026945114 sec
WARNING  jax._src.interpreters.pxla:pxla.py:732 Compiling jit(_where) with global shapes and types (ShapedArray(bool[]), ShapedArray(bool[340,1]), ShapedArray(bool[340,1])). Argument mapping: (UnspecifiedValue, UnspecifiedValue, UnspecifiedValue).
WARNING  jax._src.dispatch:dispatch.py:204 Finished jaxpr to MLIR module conversion jit(_where) in 0.004489422 sec
WARNING  jax._src.dispatch:dispatch.py:204 Finished XLA compilation of jit(_where) in 0.026119709 sec
WARNING  jax._src.dispatch:dispatch.py:204 Finished tracing dynamic_slice for jit in 0.000287533 sec
WARNING  jax._src.interpreters.pxla:pxla.py:732 Compiling jit(dynamic_slice) with global shapes and types (ShapedArray(float64[340,1,1,2]), ShapedArray(int64[], weak_type=True), ShapedArray(int64[], weak_type=True), ShapedArray(int64[], weak_type=True), ShapedArray(int64[], weak_type=True)). Argument mapping: (UnspecifiedValue, UnspecifiedValue, UnspecifiedValue, UnspecifiedValue, UnspecifiedValue).
WARNING  jax._src.dispatch:dispatch.py:204 Finished jaxpr to MLIR module conversion jit(dynamic_slice) in 0.004659653 sec
WARNING  jax._src.dispatch:dispatch.py:204 Finished XLA compilation of jit(dynamic_slice) in 0.026395082 sec
WARNING  jax._src.dispatch:dispatch.py:204 Finished tracing squeeze for jit in 0.000246525 sec
WARNING  jax._src.interpreters.pxla:pxla.py:732 Compiling jit(squeeze) with global shapes and types (ShapedArray(float64[340,1,1,1]),). Argument mapping: (UnspecifiedValue,).
WARNING  jax._src.dispatch:dispatch.py:204 Finished jaxpr to MLIR module conversion jit(squeeze) in 0.004573822 sec
WARNING  jax._src.dispatch:dispatch.py:204 Finished XLA compilation of jit(squeeze) in 0.007140398 sec
WARNING  jax._src.interpreters.pxla:pxla.py:732 Compiling jit(multiply) with global shapes and types (ShapedArray(float64[340,1,13]), ShapedArray(float64[340,1,1])). Argument mapping: (UnspecifiedValue, UnspecifiedValue).
WARNING  jax._src.dispatch:dispatch.py:204 Finished jaxpr to MLIR module conversion jit(multiply) in 0.005569935 sec
WARNING  jax._src.dispatch:dispatch.py:204 Finished XLA compilation of jit(multiply) in 0.027093410 sec
WARNING  jax._src.interpreters.pxla:pxla.py:732 Compiling jit(multiply) with global shapes and types (ShapedArray(float64[340,1,1]), ShapedArray(float64[340,1,13])). Argument mapping: (UnspecifiedValue, UnspecifiedValue).
WARNING  jax._src.dispatch:dispatch.py:204 Finished jaxpr to MLIR module conversion jit(multiply) in 0.004625082 sec
WARNING  jax._src.dispatch:dispatch.py:204 Finished XLA compilation of jit(multiply) in 0.026719093 sec
WARNING  jax._src.interpreters.pxla:pxla.py:732 Compiling jit(_where) with global shapes and types (ShapedArray(bool[340,1,1]), ShapedArray(float64[340,1,13]), ShapedArray(float64[340,1,13])). Argument mapping: (UnspecifiedValue, UnspecifiedValue, UnspecifiedValue).
WARNING  jax._src.dispatch:dispatch.py:204 Finished jaxpr to MLIR module conversion jit(_where) in 0.005463839 sec
WARNING  jax._src.dispatch:dispatch.py:204 Finished XLA compilation of jit(_where) in 0.028744221 sec
WARNING  jax._src.interpreters.pxla:pxla.py:732 Compiling jit(_reduce_sum) with global shapes and types (ShapedArray(float64[340,1]),). Argument mapping: (UnspecifiedValue,).
WARNING  jax._src.dispatch:dispatch.py:204 Finished jaxpr to MLIR module conversion jit(_reduce_sum) in 0.005426884 sec
WARNING  jax._src.dispatch:dispatch.py:204 Finished XLA compilation of jit(_reduce_sum) in 0.007781982 sec
WARNING  jax._src.interpreters.pxla:pxla.py:732 Compiling jit(multiply) with global shapes and types (ShapedArray(float64[], weak_type=True), ShapedArray(float64[340])). Argument mapping: (UnspecifiedValue, UnspecifiedValue).
WARNING  jax._src.dispatch:dispatch.py:204 Finished jaxpr to MLIR module conversion jit(multiply) in 0.005027056 sec
WARNING  jax._src.dispatch:dispatch.py:204 Finished XLA compilation of jit(multiply) in 0.028722763 sec
WARNING  jax._src.interpreters.pxla:pxla.py:732 Compiling jit(_reduce_sum) with global shapes and types (ShapedArray(bool[1]),). Argument mapping: (UnspecifiedValue,).
WARNING  jax._src.dispatch:dispatch.py:204 Finished jaxpr to MLIR module conversion jit(_reduce_sum) in 0.005630970 sec
WARNING  jax._src.dispatch:dispatch.py:204 Finished XLA compilation of jit(_reduce_sum) in 0.025092840 sec
WARNING  jax._src.dispatch:dispatch.py:204 Finished tracing squeeze for jit in 0.000307322 sec
WARNING  jax._src.interpreters.pxla:pxla.py:732 Compiling jit(squeeze) with global shapes and types (ShapedArray(float64[340,1,26,2]),). Argument mapping: (UnspecifiedValue,).
WARNING  jax._src.dispatch:dispatch.py:204 Finished jaxpr to MLIR module conversion jit(squeeze) in 0.005028725 sec
WARNING  jax._src.dispatch:dispatch.py:204 Finished XLA compilation of jit(squeeze) in 0.008482933 sec
WARNING  jax._src.dispatch:dispatch.py:204 Finished tracing squeeze for jit in 0.000265837 sec
WARNING  jax._src.interpreters.pxla:pxla.py:732 Compiling jit(squeeze) with global shapes and types (ShapedArray(bool[340,1]),). Argument mapping: (UnspecifiedValue,).
WARNING  jax._src.dispatch:dispatch.py:204 Finished jaxpr to MLIR module conversion jit(squeeze) in 0.004529238 sec
WARNING  jax._src.dispatch:dispatch.py:204 Finished XLA compilation of jit(squeeze) in 0.008614063 sec
WARNING  jax._src.dispatch:dispatch.py:204 Finished tracing squeeze for jit in 0.000260353 sec
WARNING  jax._src.interpreters.pxla:pxla.py:732 Compiling jit(squeeze) with global shapes and types (ShapedArray(float64[340,1,2,2]),). Argument mapping: (UnspecifiedValue,).
WARNING  jax._src.dispatch:dispatch.py:204 Finished jaxpr to MLIR module conversion jit(squeeze) in 0.004511118 sec
WARNING  jax._src.dispatch:dispatch.py:204 Finished XLA compilation of jit(squeeze) in 0.007309914 sec
WARNING  jax._src.dispatch:dispatch.py:204 Finished tracing squeeze for jit in 0.000264168 sec
WARNING  jax._src.interpreters.pxla:pxla.py:732 Compiling jit(squeeze) with global shapes and types (ShapedArray(float64[340,1,2,26,2]),). Argument mapping: (UnspecifiedValue,).
WARNING  jax._src.dispatch:dispatch.py:204 Finished jaxpr to MLIR module conversion jit(squeeze) in 0.004448414 sec
WARNING  jax._src.dispatch:dispatch.py:204 Finished XLA compilation of jit(squeeze) in 0.007474184 sec
WARNING  jax._src.dispatch:dispatch.py:204 Finished tracing squeeze for jit in 0.000275850 sec
WARNING  jax._src.interpreters.pxla:pxla.py:732 Compiling jit(squeeze) with global shapes and types (ShapedArray(int64[340,1,2]),). Argument mapping: (UnspecifiedValue,).
WARNING  jax._src.dispatch:dispatch.py:204 Finished jaxpr to MLIR module conversion jit(squeeze) in 0.004439116 sec
WARNING  jax._src.dispatch:dispatch.py:204 Finished XLA compilation of jit(squeeze) in 0.007508278 sec
WARNING  jax._src.dispatch:dispatch.py:204 Finished tracing squeeze for jit in 0.000259638 sec
WARNING  jax._src.interpreters.pxla:pxla.py:732 Compiling jit(squeeze) with global shapes and types (ShapedArray(float64[340,1,2,2,2]),). Argument mapping: (UnspecifiedValue,).
WARNING  jax._src.dispatch:dispatch.py:204 Finished jaxpr to MLIR module conversion jit(squeeze) in 0.006537199 sec
WARNING  jax._src.dispatch:dispatch.py:204 Finished XLA compilation of jit(squeeze) in 0.007716179 sec
WARNING  jax._src.dispatch:dispatch.py:204 Finished tracing broadcast_in_dim for jit in 0.000166416 sec
WARNING  jax._src.interpreters.pxla:pxla.py:732 Compiling jit(broadcast_in_dim) with global shapes and types (ShapedArray(int32[]),). Argument mapping: (UnspecifiedValue,).
WARNING  jax._src.dispatch:dispatch.py:204 Finished jaxpr to MLIR module conversion jit(broadcast_in_dim) in 0.004650354 sec
WARNING  jax._src.dispatch:dispatch.py:204 Finished XLA compilation of jit(broadcast_in_dim) in 0.023599148 sec
WARNING  jax._src.dispatch:dispatch.py:204 Finished tracing _reduce_sum for jit in 0.000497580 sec
WARNING  jax._src.interpreters.pxla:pxla.py:732 Compiling jit(_reduce_sum) with global shapes and types (ShapedArray(float64[340]),). Argument mapping: (UnspecifiedValue,).
WARNING  jax._src.dispatch:dispatch.py:204 Finished jaxpr to MLIR module conversion jit(_reduce_sum) in 0.005453348 sec
WARNING  jax._src.dispatch:dispatch.py:204 Finished XLA compilation of jit(_reduce_sum) in 0.040711164 sec
WARNING  jax._src.interpreters.pxla:pxla.py:732 Compiling jit(abs) with global shapes and types (ShapedArray(float64[]),). Argument mapping: (UnspecifiedValue,).
WARNING  jax._src.dispatch:dispatch.py:204 Finished jaxpr to MLIR module conversion jit(abs) in 0.004917383 sec
WARNING  jax._src.compiler:compiler.py:124 Persistent compilation cache hit for 'jit_abs' with key 'jit_abs-609c4a41d0d973b3b44e1a1183a440b5139dd5c477d66712d92b1c59439fcc18'
WARNING  jax._src.dispatch:dispatch.py:204 Finished XLA compilation of jit(abs) in 0.003497601 sec
WARNING  jax._src.dispatch:dispatch.py:204 Finished tracing dynamic_slice for jit in 0.000231981 sec
WARNING  jax._src.interpreters.pxla:pxla.py:732 Compiling jit(dynamic_slice) with global shapes and types (ShapedArray(int32[340]), ShapedArray(int64[], weak_type=True)). Argument mapping: (UnspecifiedValue, UnspecifiedValue).
WARNING  jax._src.dispatch:dispatch.py:204 Finished jaxpr to MLIR module conversion jit(dynamic_slice) in 0.004520416 sec
WARNING  jax._src.dispatch:dispatch.py:204 Finished XLA compilation of jit(dynamic_slice) in 0.021506786 sec
WARNING  jax._src.dispatch:dispatch.py:204 Finished tracing _reduce_sum for jit in 0.000473261 sec
WARNING  jax._src.interpreters.pxla:pxla.py:732 Compiling jit(_reduce_sum) with global shapes and types (ShapedArray(int32[340]),). Argument mapping: (UnspecifiedValue,).
WARNING  jax._src.dispatch:dispatch.py:204 Finished jaxpr to MLIR module conversion jit(_reduce_sum) in 0.005823374 sec
WARNING  jax._src.dispatch:dispatch.py:204 Finished XLA compilation of jit(_reduce_sum) in 0.038523912 sec
WARNING  jax._src.interpreters.pxla:pxla.py:732 Compiling jit(invert) with global shapes and types (ShapedArray(bool[340]),). Argument mapping: (UnspecifiedValue,).
WARNING  jax._src.dispatch:dispatch.py:204 Finished jaxpr to MLIR module conversion jit(invert) in 0.005083084 sec
WARNING  jax._src.dispatch:dispatch.py:204 Finished XLA compilation of jit(invert) in 0.034525871 sec
WARNING  jax._src.interpreters.pxla:pxla.py:732 Compiling jit(_where) with global shapes and types (ShapedArray(bool[340]), ShapedArray(float64[340]), ShapedArray(float64[], weak_type=True)). Argument mapping: (UnspecifiedValue, UnspecifiedValue, UnspecifiedValue).
WARNING  jax._src.dispatch:dispatch.py:204 Finished jaxpr to MLIR module conversion jit(_where) in 0.005579948 sec
WARNING  jax._src.dispatch:dispatch.py:204 Finished XLA compilation of jit(_where) in 0.026194096 sec
WARNING  jax._src.dispatch:dispatch.py:204 Finished tracing _where for jit in 0.000871181 sec
WARNING  jax._src.interpreters.pxla:pxla.py:732 Compiling jit(_where) with global shapes and types (ShapedArray(bool[340]), ShapedArray(int64[340]), ShapedArray(int64[], weak_type=True)). Argument mapping: (UnspecifiedValue, UnspecifiedValue, UnspecifiedValue).
WARNING  jax._src.dispatch:dispatch.py:204 Finished jaxpr to MLIR module conversion jit(_where) in 0.005527496 sec
WARNING  jax._src.dispatch:dispatch.py:204 Finished XLA compilation of jit(_where) in 0.026144266 sec
WARNING  jax._src.interpreters.pxla:pxla.py:732 Compiling jit(bitwise_and) with global shapes and types (ShapedArray(bool[340]), ShapedArray(bool[340])). Argument mapping: (UnspecifiedValue, UnspecifiedValue).
WARNING  jax._src.dispatch:dispatch.py:204 Finished jaxpr to MLIR module conversion jit(bitwise_and) in 0.004729986 sec
WARNING  jax._src.dispatch:dispatch.py:204 Finished XLA compilation of jit(bitwise_and) in 0.037182093 sec
WARNING  jax._src.dispatch:dispatch.py:204 Finished tracing broadcast_in_dim for jit in 0.000288486 sec
WARNING  jax._src.interpreters.pxla:pxla.py:732 Compiling jit(broadcast_in_dim) with global shapes and types (ShapedArray(bool[340]),). Argument mapping: (UnspecifiedValue,).
WARNING  jax._src.dispatch:dispatch.py:204 Finished jaxpr to MLIR module conversion jit(broadcast_in_dim) in 0.005045414 sec
WARNING  jax._src.dispatch:dispatch.py:204 Finished XLA compilation of jit(broadcast_in_dim) in 0.007266521 sec
WARNING  jax._src.dispatch:dispatch.py:204 Finished tracing _where for jit in 0.000953913 sec
WARNING  jax._src.interpreters.pxla:pxla.py:732 Compiling jit(_where) with global shapes and types (ShapedArray(bool[340,1]), ShapedArray(float64[340,2]), ShapedArray(float64[], weak_type=True)). Argument mapping: (UnspecifiedValue, UnspecifiedValue, UnspecifiedValue).
WARNING  jax._src.dispatch:dispatch.py:204 Finished jaxpr to MLIR module conversion jit(_where) in 0.005072355 sec
WARNING  jax._src.dispatch:dispatch.py:204 Finished XLA compilation of jit(_where) in 0.025838137 sec
WARNING  jax._src.dispatch:dispatch.py:204 Finished tracing broadcast_in_dim for jit in 0.000283003 sec
WARNING  jax._src.interpreters.pxla:pxla.py:732 Compiling jit(broadcast_in_dim) with global shapes and types (ShapedArray(bool[340]),). Argument mapping: (UnspecifiedValue,).
WARNING  jax._src.dispatch:dispatch.py:204 Finished jaxpr to MLIR module conversion jit(broadcast_in_dim) in 0.007515669 sec
WARNING  jax._src.dispatch:dispatch.py:204 Finished XLA compilation of jit(broadcast_in_dim) in 0.007307053 sec
WARNING  jax._src.dispatch:dispatch.py:204 Finished tracing _where for jit in 0.000982523 sec
WARNING  jax._src.interpreters.pxla:pxla.py:732 Compiling jit(_where) with global shapes and types (ShapedArray(bool[340,1,1]), ShapedArray(float64[340,2,2]), ShapedArray(float64[], weak_type=True)). Argument mapping: (UnspecifiedValue, UnspecifiedValue, UnspecifiedValue).
WARNING  jax._src.dispatch:dispatch.py:204 Finished jaxpr to MLIR module conversion jit(_where) in 0.005036592 sec
WARNING  jax._src.dispatch:dispatch.py:204 Finished XLA compilation of jit(_where) in 0.025677443 sec
WARNING  jax._src.dispatch:dispatch.py:204 Finished tracing _where for jit in 0.000890017 sec
WARNING  jax._src.interpreters.pxla:pxla.py:732 Compiling jit(_where) with global shapes and types (ShapedArray(bool[340,1]), ShapedArray(int64[340,2]), ShapedArray(int64[], weak_type=True)). Argument mapping: (UnspecifiedValue, UnspecifiedValue, UnspecifiedValue).
WARNING  jax._src.dispatch:dispatch.py:204 Finished jaxpr to MLIR module conversion jit(_where) in 0.005295753 sec
WARNING  jax._src.dispatch:dispatch.py:204 Finished XLA compilation of jit(_where) in 0.025055170 sec
WARNING  jax._src.dispatch:dispatch.py:204 Finished tracing broadcast_in_dim for jit in 0.000266552 sec
WARNING  jax._src.interpreters.pxla:pxla.py:732 Compiling jit(broadcast_in_dim) with global shapes and types (ShapedArray(bool[340]),). Argument mapping: (UnspecifiedValue,).
WARNING  jax._src.dispatch:dispatch.py:204 Finished jaxpr to MLIR module conversion jit(broadcast_in_dim) in 0.004775524 sec
WARNING  jax._src.dispatch:dispatch.py:204 Finished XLA compilation of jit(broadcast_in_dim) in 0.006913662 sec
WARNING  jax._src.dispatch:dispatch.py:204 Finished tracing _where for jit in 0.000933647 sec
WARNING  jax._src.interpreters.pxla:pxla.py:732 Compiling jit(_where) with global shapes and types (ShapedArray(bool[340,1,1,1]), ShapedArray(float64[340,2,2,2]), ShapedArray(float64[], weak_type=True)). Argument mapping: (UnspecifiedValue, UnspecifiedValue, UnspecifiedValue).
WARNING  jax._src.dispatch:dispatch.py:204 Finished jaxpr to MLIR module conversion jit(_where) in 0.004779339 sec
WARNING  jax._src.dispatch:dispatch.py:204 Finished XLA compilation of jit(_where) in 0.027782917 sec
WARNING  jax._src.dispatch:dispatch.py:204 Finished tracing broadcast_in_dim for jit in 0.000283957 sec
WARNING  jax._src.interpreters.pxla:pxla.py:732 Compiling jit(broadcast_in_dim) with global shapes and types (ShapedArray(float64[]),). Argument mapping: (UnspecifiedValue,).
WARNING  jax._src.dispatch:dispatch.py:204 Finished jaxpr to MLIR module conversion jit(broadcast_in_dim) in 0.005154848 sec
WARNING  jax._src.dispatch:dispatch.py:204 Finished XLA compilation of jit(broadcast_in_dim) in 0.034949064 sec
WARNING  jax._src.dispatch:dispatch.py:204 Finished tracing broadcast_in_dim for jit in 0.000175476 sec
WARNING  jax._src.interpreters.pxla:pxla.py:732 Compiling jit(broadcast_in_dim) with global shapes and types (ShapedArray(float64[]),). Argument mapping: (UnspecifiedValue,).
WARNING  jax._src.dispatch:dispatch.py:204 Finished jaxpr to MLIR module conversion jit(broadcast_in_dim) in 0.005412102 sec
WARNING  jax._src.dispatch:dispatch.py:204 Finished XLA compilation of jit(broadcast_in_dim) in 0.024894238 sec
WARNING  jax._src.dispatch:dispatch.py:204 Finished tracing broadcast_in_dim for jit in 0.000298262 sec
WARNING  jax._src.interpreters.pxla:pxla.py:732 Compiling jit(broadcast_in_dim) with global shapes and types (ShapedArray(bool[]),). Argument mapping: (UnspecifiedValue,).
WARNING  jax._src.dispatch:dispatch.py:204 Finished jaxpr to MLIR module conversion jit(broadcast_in_dim) in 0.005462170 sec
WARNING  jax._src.dispatch:dispatch.py:204 Finished XLA compilation of jit(broadcast_in_dim) in 0.023121595 sec
WARNING  jax._src.dispatch:dispatch.py:204 Finished tracing convert_element_type for jit in 0.000252962 sec
WARNING  jax._src.interpreters.pxla:pxla.py:732 Compiling jit(convert_element_type) with global shapes and types (ShapedArray(int32[340]),). Argument mapping: (UnspecifiedValue,).
WARNING  jax._src.dispatch:dispatch.py:204 Finished jaxpr to MLIR module conversion jit(convert_element_type) in 0.005039215 sec
WARNING  jax._src.dispatch:dispatch.py:204 Finished XLA compilation of jit(convert_element_type) in 0.007471800 sec
WARNING  jax._src.dispatch:dispatch.py:204 Finished tracing add for jit in 0.000258923 sec
WARNING  jax._src.interpreters.pxla:pxla.py:732 Compiling jit(add) with global shapes and types (ShapedArray(int64[340,7]), ShapedArray(int64[])). Argument mapping: (UnspecifiedValue, UnspecifiedValue).
WARNING  jax._src.dispatch:dispatch.py:204 Finished jaxpr to MLIR module conversion jit(add) in 0.007406950 sec
WARNING  jax._src.dispatch:dispatch.py:204 Finished XLA compilation of jit(add) in 0.027759552 sec
WARNING  jax._src.dispatch:dispatch.py:204 Finished tracing select_n for jit in 0.000260830 sec
WARNING  jax._src.interpreters.pxla:pxla.py:732 Compiling jit(select_n) with global shapes and types (ShapedArray(bool[340,7]), ShapedArray(int64[340,7]), ShapedArray(int64[340,7])). Argument mapping: (UnspecifiedValue, UnspecifiedValue, UnspecifiedValue).
WARNING  jax._src.dispatch:dispatch.py:204 Finished jaxpr to MLIR module conversion jit(select_n) in 0.005507231 sec
WARNING  jax._src.dispatch:dispatch.py:204 Finished XLA compilation of jit(select_n) in 0.036794901 sec
WARNING  jax._src.interpreters.pxla:pxla.py:732 Compiling jit(_broadcast_arrays) with global shapes and types (ShapedArray(int64[340,7]),). Argument mapping: (UnspecifiedValue,).
WARNING  jax._src.dispatch:dispatch.py:204 Finished jaxpr to MLIR module conversion jit(_broadcast_arrays) in 0.004482746 sec
WARNING  jax._src.dispatch:dispatch.py:204 Finished XLA compilation of jit(_broadcast_arrays) in 0.007290840 sec
WARNING  jax._src.dispatch:dispatch.py:204 Finished tracing convert_element_type for jit in 0.000226259 sec
WARNING  jax._src.interpreters.pxla:pxla.py:732 Compiling jit(convert_element_type) with global shapes and types (ShapedArray(int64[340,7]),). Argument mapping: (UnspecifiedValue,).
WARNING  jax._src.dispatch:dispatch.py:204 Finished jaxpr to MLIR module conversion jit(convert_element_type) in 0.005007982 sec
WARNING  jax._src.dispatch:dispatch.py:204 Finished XLA compilation of jit(convert_element_type) in 0.031227827 sec
WARNING  jax._src.dispatch:dispatch.py:204 Finished tracing broadcast_in_dim for jit in 0.000313282 sec
WARNING  jax._src.interpreters.pxla:pxla.py:732 Compiling jit(broadcast_in_dim) with global shapes and types (ShapedArray(int32[340,7]),). Argument mapping: (UnspecifiedValue,).
WARNING  jax._src.dispatch:dispatch.py:204 Finished jaxpr to MLIR module conversion jit(broadcast_in_dim) in 0.004900217 sec
WARNING  jax._src.dispatch:dispatch.py:204 Finished XLA compilation of jit(broadcast_in_dim) in 0.031720400 sec
WARNING  jax._src.dispatch:dispatch.py:204 Finished tracing gather for jit in 0.000273705 sec
WARNING  jax._src.interpreters.pxla:pxla.py:732 Compiling jit(gather) with global shapes and types (ShapedArray(float64[1426]), ShapedArray(int32[340,7,1])). Argument mapping: (UnspecifiedValue, UnspecifiedValue).
WARNING  jax._src.dispatch:dispatch.py:204 Finished jaxpr to MLIR module conversion jit(gather) in 0.005116701 sec
WARNING  jax._src.dispatch:dispatch.py:204 Finished XLA compilation of jit(gather) in 0.028963089 sec
WARNING  jax._src.dispatch:dispatch.py:204 Finished tracing broadcast_in_dim for jit in 0.000289202 sec
WARNING  jax._src.interpreters.pxla:pxla.py:732 Compiling jit(broadcast_in_dim) with global shapes and types (ShapedArray(float64[340,7]),). Argument mapping: (UnspecifiedValue,).
WARNING  jax._src.dispatch:dispatch.py:204 Finished jaxpr to MLIR module conversion jit(broadcast_in_dim) in 0.004506350 sec
WARNING  jax._src.dispatch:dispatch.py:204 Finished XLA compilation of jit(broadcast_in_dim) in 0.006949186 sec
WARNING  jax._src.dispatch:dispatch.py:204 Finished tracing _einsum for jit in 0.000476360 sec
WARNING  jax._src.interpreters.pxla:pxla.py:732 Compiling jit(_einsum) with global shapes and types (ShapedArray(float64[340,6,7]), ShapedArray(float64[340,7])). Argument mapping: (UnspecifiedValue, UnspecifiedValue).
WARNING  jax._src.dispatch:dispatch.py:204 Finished jaxpr to MLIR module conversion jit(_einsum) in 0.004781246 sec
WARNING  jax._src.dispatch:dispatch.py:204 Finished XLA compilation of jit(_einsum) in 0.023461103 sec
WARNING  jax._src.dispatch:dispatch.py:204 Finished tracing add for jit in 0.000224113 sec
WARNING  jax._src.interpreters.pxla:pxla.py:732 Compiling jit(add) with global shapes and types (ShapedArray(int64[340]), ShapedArray(int64[])). Argument mapping: (UnspecifiedValue, UnspecifiedValue).
WARNING  jax._src.dispatch:dispatch.py:204 Finished jaxpr to MLIR module conversion jit(add) in 0.004860401 sec
WARNING  jax._src.dispatch:dispatch.py:204 Finished XLA compilation of jit(add) in 0.036247492 sec
WARNING  jax._src.interpreters.pxla:pxla.py:732 Compiling jit(_broadcast_arrays) with global shapes and types (ShapedArray(int64[340]),). Argument mapping: (UnspecifiedValue,).
WARNING  jax._src.dispatch:dispatch.py:204 Finished jaxpr to MLIR module conversion jit(_broadcast_arrays) in 0.004880667 sec
WARNING  jax._src.dispatch:dispatch.py:204 Finished XLA compilation of jit(_broadcast_arrays) in 0.007257700 sec
WARNING  jax._src.dispatch:dispatch.py:204 Finished tracing _squeeze for jit in 0.000128269 sec
WARNING  jax._src.interpreters.pxla:pxla.py:732 Compiling jit(_squeeze) with global shapes and types (ShapedArray(float64[340,6]),). Argument mapping: (UnspecifiedValue,).
WARNING  jax._src.dispatch:dispatch.py:204 Finished jaxpr to MLIR module conversion jit(_squeeze) in 0.004205227 sec
WARNING  jax._src.dispatch:dispatch.py:204 Finished XLA compilation of jit(_squeeze) in 0.007023811 sec
WARNING  jax._src.dispatch:dispatch.py:204 Finished tracing scatter for jit in 0.000288963 sec
WARNING  jax._src.interpreters.pxla:pxla.py:732 Compiling jit(scatter) with global shapes and types (ShapedArray(float64[340,6]), ShapedArray(int32[340,1]), ShapedArray(float64[340,6])). Argument mapping: (UnspecifiedValue, UnspecifiedValue, UnspecifiedValue).
WARNING  jax._src.dispatch:dispatch.py:204 Finished jaxpr to MLIR module conversion jit(scatter) in 0.006898165 sec
WARNING  jax._src.dispatch:dispatch.py:204 Finished XLA compilation of jit(scatter) in 0.026775599 sec
WARNING  jax._src.dispatch:dispatch.py:204 Finished tracing add for jit in 0.000366688 sec
WARNING  jax._src.interpreters.pxla:pxla.py:732 Compiling jit(add) with global shapes and types (ShapedArray(float64[340,6]), ShapedArray(float64[340,6])). Argument mapping: (UnspecifiedValue, UnspecifiedValue).
WARNING  jax._src.dispatch:dispatch.py:204 Finished jaxpr to MLIR module conversion jit(add) in 0.005340338 sec
WARNING  jax._src.dispatch:dispatch.py:204 Finished XLA compilation of jit(add) in 0.031679630 sec
WARNING  jax._src.interpreters.pxla:pxla.py:732 Compiling jit(less) with global shapes and types (ShapedArray(int32[340]), ShapedArray(int64[], weak_type=True)). Argument mapping: (UnspecifiedValue, UnspecifiedValue).
WARNING  jax._src.dispatch:dispatch.py:204 Finished jaxpr to MLIR module conversion jit(less) in 0.006080866 sec
WARNING  jax._src.dispatch:dispatch.py:204 Finished XLA compilation of jit(less) in 0.028577328 sec
WARNING  jax._src.dispatch:dispatch.py:204 Finished tracing add for jit in 0.000247002 sec
WARNING  jax._src.interpreters.pxla:pxla.py:732 Compiling jit(add) with global shapes and types (ShapedArray(int32[340]), ShapedArray(int32[])). Argument mapping: (UnspecifiedValue, UnspecifiedValue).
WARNING  jax._src.dispatch:dispatch.py:204 Finished jaxpr to MLIR module conversion jit(add) in 0.005259514 sec
WARNING  jax._src.dispatch:dispatch.py:204 Finished XLA compilation of jit(add) in 0.025300980 sec
WARNING  jax._src.interpreters.pxla:pxla.py:732 Compiling jit(_broadcast_arrays) with global shapes and types (ShapedArray(int32[340]),). Argument mapping: (UnspecifiedValue,).
WARNING  jax._src.dispatch:dispatch.py:204 Finished jaxpr to MLIR module conversion jit(_broadcast_arrays) in 0.010925055 sec
WARNING  jax._src.dispatch:dispatch.py:204 Finished XLA compilation of jit(_broadcast_arrays) in 0.006690025 sec
WARNING  jax._src.dispatch:dispatch.py:204 Finished tracing _squeeze for jit in 0.000123024 sec
WARNING  jax._src.interpreters.pxla:pxla.py:732 Compiling jit(_squeeze) with global shapes and types (ShapedArray(float64[340,2]),). Argument mapping: (UnspecifiedValue,).
WARNING  jax._src.dispatch:dispatch.py:204 Finished jaxpr to MLIR module conversion jit(_squeeze) in 0.004185915 sec
WARNING  jax._src.dispatch:dispatch.py:204 Finished XLA compilation of jit(_squeeze) in 0.006663561 sec
WARNING  jax._src.dispatch:dispatch.py:204 Finished tracing scatter for jit in 0.000290394 sec
WARNING  jax._src.interpreters.pxla:pxla.py:732 Compiling jit(scatter) with global shapes and types (ShapedArray(float64[340,2]), ShapedArray(int32[340,1]), ShapedArray(float64[340,2])). Argument mapping: (UnspecifiedValue, UnspecifiedValue, UnspecifiedValue).
WARNING  jax._src.dispatch:dispatch.py:204 Finished jaxpr to MLIR module conversion jit(scatter) in 0.004647255 sec
WARNING  jax._src.dispatch:dispatch.py:204 Finished XLA compilation of jit(scatter) in 0.023424387 sec
WARNING  jax._src.dispatch:dispatch.py:204 Finished tracing _squeeze for jit in 0.000133038 sec
WARNING  jax._src.interpreters.pxla:pxla.py:732 Compiling jit(_squeeze) with global shapes and types (ShapedArray(bool[340]),). Argument mapping: (UnspecifiedValue,).
WARNING  jax._src.dispatch:dispatch.py:204 Finished jaxpr to MLIR module conversion jit(_squeeze) in 0.005046368 sec
WARNING  jax._src.dispatch:dispatch.py:204 Finished XLA compilation of jit(_squeeze) in 0.007287025 sec
WARNING  jax._src.dispatch:dispatch.py:204 Finished tracing scatter for jit in 0.000278711 sec
WARNING  jax._src.interpreters.pxla:pxla.py:732 Compiling jit(scatter) with global shapes and types (ShapedArray(bool[340]), ShapedArray(int32[340,1]), ShapedArray(bool[340])). Argument mapping: (UnspecifiedValue, UnspecifiedValue, UnspecifiedValue).
WARNING  jax._src.dispatch:dispatch.py:204 Finished jaxpr to MLIR module conversion jit(scatter) in 0.004728794 sec
WARNING  jax._src.dispatch:dispatch.py:204 Finished XLA compilation of jit(scatter) in 0.023602486 sec
WARNING  jax._src.dispatch:dispatch.py:204 Finished tracing greater_equal for jit in 0.000352859 sec
WARNING  jax._src.interpreters.pxla:pxla.py:732 Compiling jit(greater_equal) with global shapes and types (ShapedArray(int64[340]), ShapedArray(int64[], weak_type=True)). Argument mapping: (UnspecifiedValue, UnspecifiedValue).
WARNING  jax._src.dispatch:dispatch.py:204 Finished jaxpr to MLIR module conversion jit(greater_equal) in 0.004861116 sec
WARNING  jax._src.dispatch:dispatch.py:204 Finished XLA compilation of jit(greater_equal) in 0.029845476 sec
WARNING  jax._src.dispatch:dispatch.py:204 Finished tracing negative for jit in 0.000253916 sec
WARNING  jax._src.interpreters.pxla:pxla.py:732 Compiling jit(negative) with global shapes and types (ShapedArray(float64[340,6]),). Argument mapping: (UnspecifiedValue,).
WARNING  jax._src.dispatch:dispatch.py:204 Finished jaxpr to MLIR module conversion jit(negative) in 0.005039215 sec
WARNING  jax._src.dispatch:dispatch.py:204 Finished XLA compilation of jit(negative) in 0.032259464 sec
WARNING  jax._src.dispatch:dispatch.py:204 Finished tracing broadcast_in_dim for jit in 0.000168800 sec
WARNING  jax._src.interpreters.pxla:pxla.py:732 Compiling jit(broadcast_in_dim) with global shapes and types (ShapedArray(int32[]),). Argument mapping: (UnspecifiedValue,).
WARNING  jax._src.dispatch:dispatch.py:204 Finished jaxpr to MLIR module conversion jit(broadcast_in_dim) in 0.007070065 sec
WARNING  jax._src.compiler:compiler.py:124 Persistent compilation cache hit for 'jit_broadcast_in_dim' with key 'jit_broadcast_in_dim-67d0165dc8e5d707635324c0bec2d488b4f484362729a084cde90d38d8a246f2'
WARNING  jax._src.dispatch:dispatch.py:204 Finished XLA compilation of jit(broadcast_in_dim) in 0.003658295 sec
WARNING  jax._src.dispatch:dispatch.py:204 Finished tracing convert_element_type for jit in 0.000167608 sec
WARNING  jax._src.interpreters.pxla:pxla.py:732 Compiling jit(convert_element_type) with global shapes and types (ShapedArray(float64[], weak_type=True),). Argument mapping: (UnspecifiedValue,).
WARNING  jax._src.dispatch:dispatch.py:204 Finished jaxpr to MLIR module conversion jit(convert_element_type) in 0.005288124 sec
WARNING  jax._src.compiler:compiler.py:124 Persistent compilation cache hit for 'jit_convert_element_type' with key 'jit_convert_element_type-9105cab9fdacdac4977012848dc6bbb518ae93fdc48edcf9ac0dd2465d8703e7'
WARNING  jax._src.dispatch:dispatch.py:204 Finished XLA compilation of jit(convert_element_type) in 0.012065172 sec
WARNING  jax._src.dispatch:dispatch.py:204 Finished tracing _squeeze for jit in 0.000122547 sec
WARNING  jax._src.interpreters.pxla:pxla.py:732 Compiling jit(_squeeze) with global shapes and types (ShapedArray(float64[340]),). Argument mapping: (UnspecifiedValue,).
WARNING  jax._src.dispatch:dispatch.py:204 Finished jaxpr to MLIR module conversion jit(_squeeze) in 0.005267382 sec
WARNING  jax._src.dispatch:dispatch.py:204 Finished XLA compilation of jit(_squeeze) in 0.007563114 sec
WARNING  jax._src.dispatch:dispatch.py:204 Finished tracing scatter-add for jit in 0.000282049 sec
WARNING  jax._src.interpreters.pxla:pxla.py:732 Compiling jit(scatter-add) with global shapes and types (ShapedArray(float64[340,6]), ShapedArray(int32[1]), ShapedArray(float64[340])). Argument mapping: (UnspecifiedValue, UnspecifiedValue, UnspecifiedValue).
WARNING  jax._src.dispatch:dispatch.py:204 Finished jaxpr to MLIR module conversion jit(scatter-add) in 0.005657196 sec
WARNING  jax._src.dispatch:dispatch.py:204 Finished XLA compilation of jit(scatter-add) in 0.034787178 sec
WARNING  jax._src.dispatch:dispatch.py:204 Finished tracing multiply for jit in 0.000389338 sec
WARNING  jax._src.interpreters.pxla:pxla.py:732 Compiling jit(multiply) with global shapes and types (ShapedArray(float64[], weak_type=True), ShapedArray(float64[340,6])). Argument mapping: (UnspecifiedValue, UnspecifiedValue).
WARNING  jax._src.dispatch:dispatch.py:204 Finished jaxpr to MLIR module conversion jit(multiply) in 0.005606890 sec
WARNING  jax._src.dispatch:dispatch.py:204 Finished XLA compilation of jit(multiply) in 0.026336193 sec
WARNING  jax._src.dispatch:dispatch.py:204 Finished tracing iota for jit in 0.000242949 sec
WARNING  jax._src.interpreters.pxla:pxla.py:732 Compiling jit(iota) with global shapes and types (). Argument mapping: ().
WARNING  jax._src.dispatch:dispatch.py:204 Finished jaxpr to MLIR module conversion jit(iota) in 0.005390406 sec
WARNING  jax._src.dispatch:dispatch.py:204 Finished XLA compilation of jit(iota) in 0.029560566 sec
WARNING  jax._src.dispatch:dispatch.py:204 Finished tracing reshape for jit in 0.000294685 sec
WARNING  jax._src.interpreters.pxla:pxla.py:732 Compiling jit(reshape) with global shapes and types (ShapedArray(int64[8840]),). Argument mapping: (UnspecifiedValue,).
WARNING  jax._src.dispatch:dispatch.py:204 Finished jaxpr to MLIR module conversion jit(reshape) in 0.005336523 sec
WARNING  jax._src.dispatch:dispatch.py:204 Finished XLA compilation of jit(reshape) in 0.007735491 sec
WARNING  jax._src.dispatch:dispatch.py:204 Finished tracing reshape for jit in 0.000268459 sec
WARNING  jax._src.interpreters.pxla:pxla.py:732 Compiling jit(reshape) with global shapes and types (ShapedArray(float64[340,26,2]),). Argument mapping: (UnspecifiedValue,).
WARNING  jax._src.dispatch:dispatch.py:204 Finished jaxpr to MLIR module conversion jit(reshape) in 0.005125761 sec
WARNING  jax._src.dispatch:dispatch.py:204 Finished XLA compilation of jit(reshape) in 0.008237839 sec
WARNING  jax._src.dispatch:dispatch.py:204 Finished tracing broadcast_in_dim for jit in 0.000298262 sec
WARNING  jax._src.interpreters.pxla:pxla.py:732 Compiling jit(broadcast_in_dim) with global shapes and types (ShapedArray(float64[]),). Argument mapping: (UnspecifiedValue,).
WARNING  jax._src.dispatch:dispatch.py:204 Finished jaxpr to MLIR module conversion jit(broadcast_in_dim) in 0.005289316 sec
WARNING  jax._src.dispatch:dispatch.py:204 Finished XLA compilation of jit(broadcast_in_dim) in 0.026466846 sec
WARNING  jax._src.dispatch:dispatch.py:204 Finished tracing gather for jit in 0.000277996 sec
WARNING  jax._src.interpreters.pxla:pxla.py:732 Compiling jit(gather) with global shapes and types (ShapedArray(int64[340,26]), ShapedArray(int32[340,2])). Argument mapping: (UnspecifiedValue, UnspecifiedValue).
WARNING  jax._src.dispatch:dispatch.py:204 Finished jaxpr to MLIR module conversion jit(gather) in 0.007002831 sec
WARNING  jax._src.dispatch:dispatch.py:204 Finished XLA compilation of jit(gather) in 0.031863451 sec
WARNING  jax._src.dispatch:dispatch.py:204 Finished tracing squeeze for jit in 0.000340462 sec
WARNING  jax._src.interpreters.pxla:pxla.py:732 Compiling jit(squeeze) with global shapes and types (ShapedArray(int64[340,1,26]),). Argument mapping: (UnspecifiedValue,).
WARNING  jax._src.dispatch:dispatch.py:204 Finished jaxpr to MLIR module conversion jit(squeeze) in 0.005353451 sec
WARNING  jax._src.dispatch:dispatch.py:204 Finished XLA compilation of jit(squeeze) in 0.008170366 sec
WARNING  jax._src.interpreters.pxla:pxla.py:732 Compiling jit(less) with global shapes and types (ShapedArray(int64[340,26]), ShapedArray(int64[], weak_type=True)). Argument mapping: (UnspecifiedValue, UnspecifiedValue).
WARNING  jax._src.dispatch:dispatch.py:204 Finished jaxpr to MLIR module conversion jit(less) in 0.005736351 sec
WARNING  jax._src.dispatch:dispatch.py:204 Finished XLA compilation of jit(less) in 0.033846855 sec
WARNING  jax._src.dispatch:dispatch.py:204 Finished tracing add for jit in 0.000258684 sec
WARNING  jax._src.interpreters.pxla:pxla.py:732 Compiling jit(add) with global shapes and types (ShapedArray(int64[340,26]), ShapedArray(int64[])). Argument mapping: (UnspecifiedValue, UnspecifiedValue).
WARNING  jax._src.dispatch:dispatch.py:204 Finished jaxpr to MLIR module conversion jit(add) in 0.005529642 sec
WARNING  jax._src.dispatch:dispatch.py:204 Finished XLA compilation of jit(add) in 0.033097267 sec
WARNING  jax._src.dispatch:dispatch.py:204 Finished tracing select_n for jit in 0.000251293 sec
WARNING  jax._src.interpreters.pxla:pxla.py:732 Compiling jit(select_n) with global shapes and types (ShapedArray(bool[340,26]), ShapedArray(int64[340,26]), ShapedArray(int64[340,26])). Argument mapping: (UnspecifiedValue, UnspecifiedValue, UnspecifiedValue).
WARNING  jax._src.dispatch:dispatch.py:204 Finished jaxpr to MLIR module conversion jit(select_n) in 0.005084753 sec
WARNING  jax._src.dispatch:dispatch.py:204 Finished XLA compilation of jit(select_n) in 0.037024021 sec
WARNING  jax._src.interpreters.pxla:pxla.py:732 Compiling jit(_broadcast_arrays) with global shapes and types (ShapedArray(int64[340,26]),). Argument mapping: (UnspecifiedValue,).
WARNING  jax._src.dispatch:dispatch.py:204 Finished jaxpr to MLIR module conversion jit(_broadcast_arrays) in 0.005339146 sec
WARNING  jax._src.dispatch:dispatch.py:204 Finished XLA compilation of jit(_broadcast_arrays) in 0.007874966 sec
WARNING  jax._src.dispatch:dispatch.py:204 Finished tracing convert_element_type for jit in 0.000229597 sec
WARNING  jax._src.interpreters.pxla:pxla.py:732 Compiling jit(convert_element_type) with global shapes and types (ShapedArray(int64[340,26]),). Argument mapping: (UnspecifiedValue,).
WARNING  jax._src.dispatch:dispatch.py:204 Finished jaxpr to MLIR module conversion jit(convert_element_type) in 0.005005360 sec
WARNING  jax._src.dispatch:dispatch.py:204 Finished XLA compilation of jit(convert_element_type) in 0.036584377 sec
WARNING  jax._src.dispatch:dispatch.py:204 Finished tracing broadcast_in_dim for jit in 0.000284910 sec
WARNING  jax._src.interpreters.pxla:pxla.py:732 Compiling jit(broadcast_in_dim) with global shapes and types (ShapedArray(int32[340,26]),). Argument mapping: (UnspecifiedValue,).
WARNING  jax._src.dispatch:dispatch.py:204 Finished jaxpr to MLIR module conversion jit(broadcast_in_dim) in 0.005405426 sec
WARNING  jax._src.dispatch:dispatch.py:204 Finished XLA compilation of jit(broadcast_in_dim) in 0.033519268 sec
WARNING  jax._src.dispatch:dispatch.py:204 Finished tracing gather for jit in 0.000295401 sec
WARNING  jax._src.interpreters.pxla:pxla.py:732 Compiling jit(gather) with global shapes and types (ShapedArray(float64[8840,2]), ShapedArray(int32[340,26,1])). Argument mapping: (UnspecifiedValue, UnspecifiedValue).
WARNING  jax._src.dispatch:dispatch.py:204 Finished jaxpr to MLIR module conversion jit(gather) in 0.005504847 sec
WARNING  jax._src.dispatch:dispatch.py:204 Finished XLA compilation of jit(gather) in 0.030887842 sec
WARNING  jax._src.dispatch:dispatch.py:204 Finished tracing broadcast_in_dim for jit in 0.000377178 sec
WARNING  jax._src.interpreters.pxla:pxla.py:732 Compiling jit(broadcast_in_dim) with global shapes and types (ShapedArray(float64[340,26,2]),). Argument mapping: (UnspecifiedValue,).
WARNING  jax._src.dispatch:dispatch.py:204 Finished jaxpr to MLIR module conversion jit(broadcast_in_dim) in 0.004906654 sec
WARNING  jax._src.dispatch:dispatch.py:204 Finished XLA compilation of jit(broadcast_in_dim) in 0.014569044 sec
WARNING  jax._src.dispatch:dispatch.py:204 Finished tracing gather for jit in 0.000279188 sec
WARNING  jax._src.interpreters.pxla:pxla.py:732 Compiling jit(gather) with global shapes and types (ShapedArray(float64[8840]), ShapedArray(int32[340,26,1])). Argument mapping: (UnspecifiedValue, UnspecifiedValue).
WARNING  jax._src.dispatch:dispatch.py:204 Finished jaxpr to MLIR module conversion jit(gather) in 0.006416082 sec
WARNING  jax._src.dispatch:dispatch.py:204 Finished XLA compilation of jit(gather) in 0.040912390 sec
WARNING  jax._src.dispatch:dispatch.py:204 Finished tracing broadcast_in_dim for jit in 0.000376940 sec
WARNING  jax._src.interpreters.pxla:pxla.py:732 Compiling jit(broadcast_in_dim) with global shapes and types (ShapedArray(float64[340,26]),). Argument mapping: (UnspecifiedValue,).
WARNING  jax._src.dispatch:dispatch.py:204 Finished jaxpr to MLIR module conversion jit(broadcast_in_dim) in 0.004956484 sec
WARNING  jax._src.dispatch:dispatch.py:204 Finished XLA compilation of jit(broadcast_in_dim) in 0.007907152 sec
WARNING  jax._src.dispatch:dispatch.py:204 Finished tracing gather for jit in 0.000305653 sec
WARNING  jax._src.interpreters.pxla:pxla.py:732 Compiling jit(gather) with global shapes and types (ShapedArray(float64[340,6]), ShapedArray(int32[340,2])). Argument mapping: (UnspecifiedValue, UnspecifiedValue).
WARNING  jax._src.dispatch:dispatch.py:204 Finished jaxpr to MLIR module conversion jit(gather) in 0.005768538 sec
WARNING  jax._src.dispatch:dispatch.py:204 Finished XLA compilation of jit(gather) in 0.028052330 sec
WARNING  jax._src.dispatch:dispatch.py:204 Finished tracing squeeze for jit in 0.000383615 sec
WARNING  jax._src.interpreters.pxla:pxla.py:732 Compiling jit(squeeze) with global shapes and types (ShapedArray(float64[340,1,6]),). Argument mapping: (UnspecifiedValue,).
WARNING  jax._src.dispatch:dispatch.py:204 Finished jaxpr to MLIR module conversion jit(squeeze) in 0.005177498 sec
WARNING  jax._src.dispatch:dispatch.py:204 Finished XLA compilation of jit(squeeze) in 0.008223057 sec
WARNING  jax._src.dispatch:dispatch.py:204 Finished tracing broadcast_in_dim for jit in 0.000280857 sec
WARNING  jax._src.interpreters.pxla:pxla.py:732 Compiling jit(broadcast_in_dim) with global shapes and types (ShapedArray(float64[340,6]),). Argument mapping: (UnspecifiedValue,).
WARNING  jax._src.dispatch:dispatch.py:204 Finished jaxpr to MLIR module conversion jit(broadcast_in_dim) in 0.005240440 sec
WARNING  jax._src.dispatch:dispatch.py:204 Finished XLA compilation of jit(broadcast_in_dim) in 0.031930685 sec
WARNING  jax._src.dispatch:dispatch.py:204 Finished tracing gather for jit in 0.000304461 sec
WARNING  jax._src.interpreters.pxla:pxla.py:732 Compiling jit(gather) with global shapes and types (ShapedArray(bool[340]), ShapedArray(int64[340,1])). Argument mapping: (UnspecifiedValue, UnspecifiedValue).
WARNING  jax._src.dispatch:dispatch.py:204 Finished jaxpr to MLIR module conversion jit(gather) in 0.005606890 sec
WARNING  jax._src.dispatch:dispatch.py:204 Finished XLA compilation of jit(gather) in 0.029036999 sec
WARNING  jax._src.interpreters.pxla:pxla.py:732 Compiling jit(_where) with global shapes and types (ShapedArray(bool[340,1,26]), ShapedArray(int64[1,26]), ShapedArray(int64[], weak_type=True)). Argument mapping: (UnspecifiedValue, UnspecifiedValue, UnspecifiedValue).
WARNING  jax._src.dispatch:dispatch.py:204 Finished jaxpr to MLIR module conversion jit(_where) in 0.005831718 sec
WARNING  jax._src.dispatch:dispatch.py:204 Finished XLA compilation of jit(_where) in 0.039940119 sec
WARNING  jax._src.interpreters.pxla:pxla.py:732 Compiling jit(take_along_axis) with global shapes and types (ShapedArray(int64[1,26]), ShapedArray(int64[340,1,26])). Argument mapping: (UnspecifiedValue, UnspecifiedValue).
WARNING  jax._src.dispatch:dispatch.py:204 Finished jaxpr to MLIR module conversion jit(take_along_axis) in 0.009177446 sec
WARNING  jax._src.dispatch:dispatch.py:204 Finished XLA compilation of jit(take_along_axis) in 0.038191080 sec
WARNING  jax._src.interpreters.pxla:pxla.py:732 Compiling jit(_broadcast_arrays) with global shapes and types (ShapedArray(int64[1,26]),). Argument mapping: (UnspecifiedValue,).
WARNING  jax._src.dispatch:dispatch.py:204 Finished jaxpr to MLIR module conversion jit(_broadcast_arrays) in 0.005383492 sec
WARNING  jax._src.dispatch:dispatch.py:204 Finished XLA compilation of jit(_broadcast_arrays) in 0.008003950 sec
WARNING  jax._src.dispatch:dispatch.py:204 Finished tracing gather for jit in 0.000300884 sec
WARNING  jax._src.interpreters.pxla:pxla.py:732 Compiling jit(gather) with global shapes and types (ShapedArray(float64[340,26,2]), ShapedArray(int32[1,26,1])). Argument mapping: (UnspecifiedValue, UnspecifiedValue).
WARNING  jax._src.dispatch:dispatch.py:204 Finished jaxpr to MLIR module conversion jit(gather) in 0.005769968 sec
WARNING  jax._src.dispatch:dispatch.py:204 Finished XLA compilation of jit(gather) in 0.033387661 sec
WARNING  jax._src.dispatch:dispatch.py:204 Finished tracing broadcast_in_dim for jit in 0.001183271 sec
WARNING  jax._src.interpreters.pxla:pxla.py:732 Compiling jit(broadcast_in_dim) with global shapes and types (ShapedArray(float64[340,1,26,2]),). Argument mapping: (UnspecifiedValue,).
WARNING  jax._src.dispatch:dispatch.py:204 Finished jaxpr to MLIR module conversion jit(broadcast_in_dim) in 0.005712271 sec
WARNING  jax._src.dispatch:dispatch.py:204 Finished XLA compilation of jit(broadcast_in_dim) in 0.008365870 sec
WARNING  jax._src.interpreters.pxla:pxla.py:732 Compiling jit(_broadcast_arrays) with global shapes and types (ShapedArray(int64[340,1,26]),). Argument mapping: (UnspecifiedValue,).
WARNING  jax._src.dispatch:dispatch.py:204 Finished jaxpr to MLIR module conversion jit(_broadcast_arrays) in 0.005241632 sec
WARNING  jax._src.dispatch:dispatch.py:204 Finished XLA compilation of jit(_broadcast_arrays) in 0.008016825 sec
WARNING  jax._src.dispatch:dispatch.py:204 Finished tracing gather for jit in 0.000272274 sec
WARNING  jax._src.interpreters.pxla:pxla.py:732 Compiling jit(gather) with global shapes and types (ShapedArray(float64[340,26,2]), ShapedArray(int32[340,1,26,1])). Argument mapping: (UnspecifiedValue, UnspecifiedValue).
WARNING  jax._src.dispatch:dispatch.py:204 Finished jaxpr to MLIR module conversion jit(gather) in 0.005665064 sec
WARNING  jax._src.dispatch:dispatch.py:204 Finished XLA compilation of jit(gather) in 0.032189608 sec
WARNING  jax._src.interpreters.pxla:pxla.py:732 Compiling jit(subtract) with global shapes and types (ShapedArray(float64[340,1,26,2]), ShapedArray(float64[340,1,1,2])). Argument mapping: (UnspecifiedValue, UnspecifiedValue).
WARNING  jax._src.dispatch:dispatch.py:204 Finished jaxpr to MLIR module conversion jit(subtract) in 0.005484104 sec
WARNING  jax._src.dispatch:dispatch.py:204 Finished XLA compilation of jit(subtract) in 0.028873920 sec
WARNING  jax._src.interpreters.pxla:pxla.py:732 Compiling jit(true_divide) with global shapes and types (ShapedArray(float64[340,1,26,2]), ShapedArray(float64[340,1,1,2])). Argument mapping: (UnspecifiedValue, UnspecifiedValue).
WARNING  jax._src.dispatch:dispatch.py:204 Finished jaxpr to MLIR module conversion jit(true_divide) in 0.005685806 sec
WARNING  jax._src.dispatch:dispatch.py:204 Finished XLA compilation of jit(true_divide) in 0.037936687 sec
WARNING  jax._src.dispatch:dispatch.py:204 Finished tracing dynamic_slice for jit in 0.000277281 sec
WARNING  jax._src.interpreters.pxla:pxla.py:732 Compiling jit(dynamic_slice) with global shapes and types (ShapedArray(float64[340,1,26,2]), ShapedArray(int64[], weak_type=True), ShapedArray(int64[], weak_type=True), ShapedArray(int64[], weak_type=True), ShapedArray(int64[], weak_type=True)). Argument mapping: (UnspecifiedValue, UnspecifiedValue, UnspecifiedValue, UnspecifiedValue, UnspecifiedValue).
WARNING  jax._src.dispatch:dispatch.py:204 Finished jaxpr to MLIR module conversion jit(dynamic_slice) in 0.005416155 sec
WARNING  jax._src.dispatch:dispatch.py:204 Finished XLA compilation of jit(dynamic_slice) in 0.032735348 sec
WARNING  jax._src.dispatch:dispatch.py:204 Finished tracing squeeze for jit in 0.000208378 sec
WARNING  jax._src.interpreters.pxla:pxla.py:732 Compiling jit(squeeze) with global shapes and types (ShapedArray(float64[340,1,26,1]),). Argument mapping: (UnspecifiedValue,).
WARNING  jax._src.dispatch:dispatch.py:204 Finished jaxpr to MLIR module conversion jit(squeeze) in 0.004620075 sec
WARNING  jax._src.dispatch:dispatch.py:204 Finished XLA compilation of jit(squeeze) in 0.034016848 sec
WARNING  jax._src.dispatch:dispatch.py:204 Finished tracing broadcast_in_dim for jit in 0.000242710 sec
WARNING  jax._src.interpreters.pxla:pxla.py:732 Compiling jit(broadcast_in_dim) with global shapes and types (ShapedArray(float64[]),). Argument mapping: (UnspecifiedValue,).
WARNING  jax._src.dispatch:dispatch.py:204 Finished jaxpr to MLIR module conversion jit(broadcast_in_dim) in 0.004656553 sec
WARNING  jax._src.dispatch:dispatch.py:204 Finished XLA compilation of jit(broadcast_in_dim) in 0.021765232 sec
WARNING  jax._src.interpreters.pxla:pxla.py:732 Compiling jit(multiply) with global shapes and types (ShapedArray(float64[340,1,26]), ShapedArray(float64[340,1,26])). Argument mapping: (UnspecifiedValue, UnspecifiedValue).
WARNING  jax._src.dispatch:dispatch.py:204 Finished jaxpr to MLIR module conversion jit(multiply) in 0.005048752 sec
WARNING  jax._src.dispatch:dispatch.py:204 Finished XLA compilation of jit(multiply) in 0.037530661 sec
WARNING  jax._src.dispatch:dispatch.py:204 Finished tracing broadcast_in_dim for jit in 0.000266790 sec
WARNING  jax._src.interpreters.pxla:pxla.py:732 Compiling jit(broadcast_in_dim) with global shapes and types (ShapedArray(float64[1,26]),). Argument mapping: (UnspecifiedValue,).
WARNING  jax._src.dispatch:dispatch.py:204 Finished jaxpr to MLIR module conversion jit(broadcast_in_dim) in 0.005258560 sec
WARNING  jax._src.dispatch:dispatch.py:204 Finished XLA compilation of jit(broadcast_in_dim) in 0.027887344 sec
WARNING  jax._src.dispatch:dispatch.py:204 Finished tracing stack for jit in 0.000292540 sec
WARNING  jax._src.interpreters.pxla:pxla.py:732 Compiling jit(stack) with global shapes and types (ShapedArray(float64[340,1,26]), ShapedArray(float64[340,1,26]), ShapedArray(float64[340,1,26]), ShapedArray(float64[340,1,26]), ShapedArray(float64[340,1,26]), ShapedArray(float64[340,1,26])). Argument mapping: (UnspecifiedValue, UnspecifiedValue, UnspecifiedValue, UnspecifiedValue, UnspecifiedValue, UnspecifiedValue).
WARNING  jax._src.dispatch:dispatch.py:204 Finished jaxpr to MLIR module conversion jit(stack) in 0.006051064 sec
WARNING  jax._src.dispatch:dispatch.py:204 Finished XLA compilation of jit(stack) in 0.140206099 sec
WARNING  jax._src.dispatch:dispatch.py:204 Finished tracing broadcast_in_dim for jit in 0.000306845 sec
WARNING  jax._src.interpreters.pxla:pxla.py:732 Compiling jit(broadcast_in_dim) with global shapes and types (ShapedArray(float64[340,1,6]),). Argument mapping: (UnspecifiedValue,).
WARNING  jax._src.dispatch:dispatch.py:204 Finished jaxpr to MLIR module conversion jit(broadcast_in_dim) in 0.005360603 sec
WARNING  jax._src.dispatch:dispatch.py:204 Finished XLA compilation of jit(broadcast_in_dim) in 0.031329632 sec
WARNING  jax._src.interpreters.pxla:pxla.py:732 Compiling jit(_einsum) with global shapes and types (ShapedArray(float64[340,1,26,6]), ShapedArray(float64[340,1,1,6])). Argument mapping: (UnspecifiedValue, UnspecifiedValue).
WARNING  jax._src.dispatch:dispatch.py:204 Finished jaxpr to MLIR module conversion jit(_einsum) in 0.005547285 sec
WARNING  jax._src.dispatch:dispatch.py:204 Finished XLA compilation of jit(_einsum) in 0.063359737 sec
WARNING  jax._src.interpreters.pxla:pxla.py:732 Compiling jit(greater) with global shapes and types (ShapedArray(float64[340,1,26]), ShapedArray(float64[], weak_type=True)). Argument mapping: (UnspecifiedValue, UnspecifiedValue).
WARNING  jax._src.dispatch:dispatch.py:204 Finished jaxpr to MLIR module conversion jit(greater) in 0.005700111 sec
WARNING  jax._src.dispatch:dispatch.py:204 Finished XLA compilation of jit(greater) in 0.031525850 sec
WARNING  jax._src.interpreters.pxla:pxla.py:732 Compiling jit(bitwise_and) with global shapes and types (ShapedArray(bool[340,1,26]), ShapedArray(bool[340,1,1])). Argument mapping: (UnspecifiedValue, UnspecifiedValue).
WARNING  jax._src.dispatch:dispatch.py:204 Finished jaxpr to MLIR module conversion jit(bitwise_and) in 0.004795551 sec
WARNING  jax._src.dispatch:dispatch.py:204 Finished XLA compilation of jit(bitwise_and) in 0.032502651 sec
WARNING  jax._src.interpreters.pxla:pxla.py:732 Compiling jit(not_equal) with global shapes and types (ShapedArray(bool[340,1,26]), ShapedArray(bool[340,1,26])). Argument mapping: (UnspecifiedValue, UnspecifiedValue).
WARNING  jax._src.dispatch:dispatch.py:204 Finished jaxpr to MLIR module conversion jit(not_equal) in 0.005092144 sec
WARNING  jax._src.dispatch:dispatch.py:204 Finished XLA compilation of jit(not_equal) in 0.033286095 sec
WARNING  jax._src.interpreters.pxla:pxla.py:732 Compiling jit(subtract) with global shapes and types (ShapedArray(float64[340,1,26]), ShapedArray(float64[340,1,26])). Argument mapping: (UnspecifiedValue, UnspecifiedValue).
WARNING  jax._src.dispatch:dispatch.py:204 Finished jaxpr to MLIR module conversion jit(subtract) in 0.004921913 sec
WARNING  jax._src.dispatch:dispatch.py:204 Finished XLA compilation of jit(subtract) in 0.036944151 sec
WARNING  jax._src.interpreters.pxla:pxla.py:732 Compiling jit(true_divide) with global shapes and types (ShapedArray(float64[340,1,26]), ShapedArray(float64[340,1,26])). Argument mapping: (UnspecifiedValue, UnspecifiedValue).
WARNING  jax._src.dispatch:dispatch.py:204 Finished jaxpr to MLIR module conversion jit(true_divide) in 0.004968166 sec
WARNING  jax._src.dispatch:dispatch.py:204 Finished XLA compilation of jit(true_divide) in 0.037097454 sec
WARNING  jax._src.interpreters.pxla:pxla.py:732 Compiling jit(add) with global shapes and types (ShapedArray(float64[340,1,26,2]), ShapedArray(float64[340,1,26,2])). Argument mapping: (UnspecifiedValue, UnspecifiedValue).
WARNING  jax._src.dispatch:dispatch.py:204 Finished jaxpr to MLIR module conversion jit(add) in 0.005009174 sec
WARNING  jax._src.dispatch:dispatch.py:204 Finished XLA compilation of jit(add) in 0.035612106 sec
WARNING  jax._src.interpreters.pxla:pxla.py:732 Compiling jit(multiply) with global shapes and types (ShapedArray(float64[], weak_type=True), ShapedArray(float64[340,1,26,2])). Argument mapping: (UnspecifiedValue, UnspecifiedValue).
WARNING  jax._src.dispatch:dispatch.py:204 Finished jaxpr to MLIR module conversion jit(multiply) in 0.005320787 sec
WARNING  jax._src.dispatch:dispatch.py:204 Finished XLA compilation of jit(multiply) in 0.025776386 sec
WARNING  jax._src.interpreters.pxla:pxla.py:732 Compiling jit(add) with global shapes and types (ShapedArray(float64[340,1,26]), ShapedArray(float64[340,1,26])). Argument mapping: (UnspecifiedValue, UnspecifiedValue).
WARNING  jax._src.dispatch:dispatch.py:204 Finished jaxpr to MLIR module conversion jit(add) in 0.005000353 sec
WARNING  jax._src.dispatch:dispatch.py:204 Finished XLA compilation of jit(add) in 0.036970854 sec
WARNING  jax._src.interpreters.pxla:pxla.py:732 Compiling jit(multiply) with global shapes and types (ShapedArray(float64[], weak_type=True), ShapedArray(float64[340,1,26])). Argument mapping: (UnspecifiedValue, UnspecifiedValue).
WARNING  jax._src.dispatch:dispatch.py:204 Finished jaxpr to MLIR module conversion jit(multiply) in 0.005398273 sec
WARNING  jax._src.dispatch:dispatch.py:204 Finished XLA compilation of jit(multiply) in 0.030982256 sec
WARNING  jax._src.interpreters.pxla:pxla.py:732 Compiling jit(abs) with global shapes and types (ShapedArray(float64[340,1,26]),). Argument mapping: (UnspecifiedValue,).
WARNING  jax._src.dispatch:dispatch.py:204 Finished jaxpr to MLIR module conversion jit(abs) in 0.004893303 sec
WARNING  jax._src.dispatch:dispatch.py:204 Finished XLA compilation of jit(abs) in 0.034468174 sec
WARNING  jax._src.interpreters.pxla:pxla.py:732 Compiling jit(greater) with global shapes and types (ShapedArray(float64[340,1,26]), ShapedArray(float64[])). Argument mapping: (UnspecifiedValue, UnspecifiedValue).
WARNING  jax._src.dispatch:dispatch.py:204 Finished jaxpr to MLIR module conversion jit(greater) in 0.005340576 sec
WARNING  jax._src.dispatch:dispatch.py:204 Finished XLA compilation of jit(greater) in 0.032124758 sec
WARNING  jax._src.interpreters.pxla:pxla.py:732 Compiling jit(_where) with global shapes and types (ShapedArray(bool[340,1,26]), ShapedArray(float64[340,1,26]), ShapedArray(float64[], weak_type=True)). Argument mapping: (UnspecifiedValue, UnspecifiedValue, UnspecifiedValue).
WARNING  jax._src.dispatch:dispatch.py:204 Finished jaxpr to MLIR module conversion jit(_where) in 0.005543470 sec
WARNING  jax._src.dispatch:dispatch.py:204 Finished XLA compilation of jit(_where) in 0.036627054 sec
WARNING  jax._src.interpreters.pxla:pxla.py:732 Compiling jit(maximum) with global shapes and types (ShapedArray(float64[340,1,26]), ShapedArray(float64[], weak_type=True)). Argument mapping: (UnspecifiedValue, UnspecifiedValue).
WARNING  jax._src.dispatch:dispatch.py:204 Finished jaxpr to MLIR module conversion jit(maximum) in 0.005516052 sec
WARNING  jax._src.dispatch:dispatch.py:204 Finished XLA compilation of jit(maximum) in 0.034534931 sec
WARNING  jax._src.interpreters.pxla:pxla.py:732 Compiling jit(sqrt) with global shapes and types (ShapedArray(float64[340,1,26]),). Argument mapping: (UnspecifiedValue,).
WARNING  jax._src.dispatch:dispatch.py:204 Finished jaxpr to MLIR module conversion jit(sqrt) in 0.005206108 sec
WARNING  jax._src.dispatch:dispatch.py:204 Finished XLA compilation of jit(sqrt) in 0.034625292 sec
WARNING  jax._src.interpreters.pxla:pxla.py:732 Compiling jit(negative) with global shapes and types (ShapedArray(float64[340,1,26]),). Argument mapping: (UnspecifiedValue,).
WARNING  jax._src.dispatch:dispatch.py:204 Finished jaxpr to MLIR module conversion jit(negative) in 0.005760670 sec
WARNING  jax._src.dispatch:dispatch.py:204 Finished XLA compilation of jit(negative) in 0.034785509 sec
WARNING  jax._src.interpreters.pxla:pxla.py:732 Compiling jit(greater_equal) with global shapes and types (ShapedArray(float64[340,1,26]), ShapedArray(float64[], weak_type=True)). Argument mapping: (UnspecifiedValue, UnspecifiedValue).
WARNING  jax._src.dispatch:dispatch.py:204 Finished jaxpr to MLIR module conversion jit(greater_equal) in 0.005543709 sec
WARNING  jax._src.dispatch:dispatch.py:204 Finished XLA compilation of jit(greater_equal) in 0.031998873 sec
WARNING  jax._src.interpreters.pxla:pxla.py:732 Compiling jit(less_equal) with global shapes and types (ShapedArray(float64[340,1,26]), ShapedArray(float64[], weak_type=True)). Argument mapping: (UnspecifiedValue, UnspecifiedValue).
WARNING  jax._src.dispatch:dispatch.py:204 Finished jaxpr to MLIR module conversion jit(less_equal) in 0.005408287 sec
WARNING  jax._src.dispatch:dispatch.py:204 Finished XLA compilation of jit(less_equal) in 0.031752110 sec
WARNING  jax._src.interpreters.pxla:pxla.py:732 Compiling jit(less_equal) with global shapes and types (ShapedArray(float64[340,1,26]), ShapedArray(float64[340,1,26])). Argument mapping: (UnspecifiedValue, UnspecifiedValue).
WARNING  jax._src.dispatch:dispatch.py:204 Finished jaxpr to MLIR module conversion jit(less_equal) in 0.005254507 sec
WARNING  jax._src.dispatch:dispatch.py:204 Finished XLA compilation of jit(less_equal) in 0.033684015 sec
WARNING  jax._src.interpreters.pxla:pxla.py:732 Compiling jit(_where) with global shapes and types (ShapedArray(bool[340,1,26]), ShapedArray(float64[340,1,26]), ShapedArray(float64[340,1,26])). Argument mapping: (UnspecifiedValue, UnspecifiedValue, UnspecifiedValue).
WARNING  jax._src.dispatch:dispatch.py:204 Finished jaxpr to MLIR module conversion jit(_where) in 0.005002022 sec
WARNING  jax._src.dispatch:dispatch.py:204 Finished XLA compilation of jit(_where) in 0.035856247 sec
WARNING  jax._src.interpreters.pxla:pxla.py:732 Compiling jit(_where) with global shapes and types (ShapedArray(bool[]), ShapedArray(float64[340,1,26]), ShapedArray(float64[340,1,26])). Argument mapping: (UnspecifiedValue, UnspecifiedValue, UnspecifiedValue).
WARNING  jax._src.dispatch:dispatch.py:204 Finished jaxpr to MLIR module conversion jit(_where) in 0.004907608 sec
WARNING  jax._src.dispatch:dispatch.py:204 Finished XLA compilation of jit(_where) in 0.039000988 sec
WARNING  jax._src.dispatch:dispatch.py:204 Finished tracing broadcast_in_dim for jit in 0.000238419 sec
WARNING  jax._src.interpreters.pxla:pxla.py:732 Compiling jit(broadcast_in_dim) with global shapes and types (ShapedArray(float64[340,1,26]),). Argument mapping: (UnspecifiedValue,).
WARNING  jax._src.dispatch:dispatch.py:204 Finished jaxpr to MLIR module conversion jit(broadcast_in_dim) in 0.005060434 sec
WARNING  jax._src.dispatch:dispatch.py:204 Finished XLA compilation of jit(broadcast_in_dim) in 0.033922195 sec
WARNING  jax._src.interpreters.pxla:pxla.py:732 Compiling jit(subtract) with global shapes and types (ShapedArray(float64[340,1,26,2]), ShapedArray(float64[340,1,26,2])). Argument mapping: (UnspecifiedValue, UnspecifiedValue).
WARNING  jax._src.dispatch:dispatch.py:204 Finished jaxpr to MLIR module conversion jit(subtract) in 0.005005121 sec
WARNING  jax._src.dispatch:dispatch.py:204 Finished XLA compilation of jit(subtract) in 0.035663366 sec
WARNING  jax._src.interpreters.pxla:pxla.py:732 Compiling jit(multiply) with global shapes and types (ShapedArray(float64[340,1,26,1]), ShapedArray(float64[340,1,26,2])). Argument mapping: (UnspecifiedValue, UnspecifiedValue).
WARNING  jax._src.dispatch:dispatch.py:204 Finished jaxpr to MLIR module conversion jit(multiply) in 0.005143404 sec
WARNING  jax._src.dispatch:dispatch.py:204 Finished XLA compilation of jit(multiply) in 0.028266430 sec
WARNING  jax._src.interpreters.pxla:pxla.py:732 Compiling jit(_roll_static) with global shapes and types (ShapedArray(bool[340,1,26]),). Argument mapping: (UnspecifiedValue,).
WARNING  jax._src.dispatch:dispatch.py:204 Finished jaxpr to MLIR module conversion jit(_roll_static) in 0.005438328 sec
WARNING  jax._src.dispatch:dispatch.py:204 Finished XLA compilation of jit(_roll_static) in 0.034985781 sec
WARNING  jax._src.interpreters.pxla:pxla.py:732 Compiling jit(equal) with global shapes and types (ShapedArray(float64[340,1,26,2]), ShapedArray(float64[340,1,26,2])). Argument mapping: (UnspecifiedValue, UnspecifiedValue).
WARNING  jax._src.dispatch:dispatch.py:204 Finished jaxpr to MLIR module conversion jit(equal) in 0.005242586 sec
WARNING  jax._src.dispatch:dispatch.py:204 Finished XLA compilation of jit(equal) in 0.036040783 sec
WARNING  jax._src.interpreters.pxla:pxla.py:732 Compiling jit(_reduce_all) with global shapes and types (ShapedArray(bool[340,1,26,2]),). Argument mapping: (UnspecifiedValue,).
WARNING  jax._src.dispatch:dispatch.py:204 Finished jaxpr to MLIR module conversion jit(_reduce_all) in 0.005385160 sec
WARNING  jax._src.dispatch:dispatch.py:204 Finished XLA compilation of jit(_reduce_all) in 0.026654959 sec
WARNING  jax._src.interpreters.pxla:pxla.py:732 Compiling jit(invert) with global shapes and types (ShapedArray(bool[340,1,26]),). Argument mapping: (UnspecifiedValue,).
WARNING  jax._src.dispatch:dispatch.py:204 Finished jaxpr to MLIR module conversion jit(invert) in 0.004991293 sec
WARNING  jax._src.dispatch:dispatch.py:204 Finished XLA compilation of jit(invert) in 0.032023907 sec
WARNING  jax._src.dispatch:dispatch.py:204 Finished tracing broadcast_in_dim for jit in 0.000240326 sec
WARNING  jax._src.interpreters.pxla:pxla.py:732 Compiling jit(broadcast_in_dim) with global shapes and types (ShapedArray(float64[340,1,1,2]),). Argument mapping: (UnspecifiedValue,).
WARNING  jax._src.dispatch:dispatch.py:204 Finished jaxpr to MLIR module conversion jit(broadcast_in_dim) in 0.005219460 sec
WARNING  jax._src.dispatch:dispatch.py:204 Finished XLA compilation of jit(broadcast_in_dim) in 0.025287867 sec
WARNING  jax._src.dispatch:dispatch.py:204 Finished tracing stack for jit in 0.000288248 sec
WARNING  jax._src.interpreters.pxla:pxla.py:732 Compiling jit(stack) with global shapes and types (ShapedArray(float64[340,1,26,2]), ShapedArray(float64[340,1,26,2]), ShapedArray(float64[340,1,26,2])). Argument mapping: (UnspecifiedValue, UnspecifiedValue, UnspecifiedValue).
WARNING  jax._src.dispatch:dispatch.py:204 Finished jaxpr to MLIR module conversion jit(stack) in 0.004991055 sec
WARNING  jax._src.dispatch:dispatch.py:204 Finished XLA compilation of jit(stack) in 0.049044371 sec
WARNING  jax._src.dispatch:dispatch.py:204 Finished tracing reshape for jit in 0.000245571 sec
WARNING  jax._src.interpreters.pxla:pxla.py:732 Compiling jit(reshape) with global shapes and types (ShapedArray(float64[340,1,26,3,2]),). Argument mapping: (UnspecifiedValue,).
WARNING  jax._src.dispatch:dispatch.py:204 Finished jaxpr to MLIR module conversion jit(reshape) in 0.005153179 sec
WARNING  jax._src.dispatch:dispatch.py:204 Finished XLA compilation of jit(reshape) in 0.033676147 sec
WARNING  jax._src.interpreters.pxla:pxla.py:732 Compiling jit(bitwise_and) with global shapes and types (ShapedArray(bool[340,1,1]), ShapedArray(bool[340,1,26])). Argument mapping: (UnspecifiedValue, UnspecifiedValue).
WARNING  jax._src.dispatch:dispatch.py:204 Finished jaxpr to MLIR module conversion jit(bitwise_and) in 0.005212784 sec
WARNING  jax._src.dispatch:dispatch.py:204 Finished XLA compilation of jit(bitwise_and) in 0.033983946 sec
WARNING  jax._src.dispatch:dispatch.py:204 Finished tracing stack for jit in 0.000273705 sec
WARNING  jax._src.interpreters.pxla:pxla.py:732 Compiling jit(stack) with global shapes and types (ShapedArray(bool[340,1,26]), ShapedArray(bool[340,1,26]), ShapedArray(bool[340,1,26])). Argument mapping: (UnspecifiedValue, UnspecifiedValue, UnspecifiedValue).
WARNING  jax._src.dispatch:dispatch.py:204 Finished jaxpr to MLIR module conversion jit(stack) in 0.005372047 sec
WARNING  jax._src.dispatch:dispatch.py:204 Finished XLA compilation of jit(stack) in 0.052968502 sec
WARNING  jax._src.dispatch:dispatch.py:204 Finished tracing reshape for jit in 0.000241280 sec
WARNING  jax._src.interpreters.pxla:pxla.py:732 Compiling jit(reshape) with global shapes and types (ShapedArray(bool[340,1,26,3]),). Argument mapping: (UnspecifiedValue,).
WARNING  jax._src.dispatch:dispatch.py:204 Finished jaxpr to MLIR module conversion jit(reshape) in 0.005978346 sec
WARNING  jax._src.dispatch:dispatch.py:204 Finished XLA compilation of jit(reshape) in 0.033892632 sec
WARNING  jax._src.dispatch:dispatch.py:204 Finished tracing broadcast_in_dim for jit in 0.000159740 sec
WARNING  jax._src.interpreters.pxla:pxla.py:732 Compiling jit(broadcast_in_dim) with global shapes and types (ShapedArray(bool[]),). Argument mapping: (UnspecifiedValue,).
WARNING  jax._src.dispatch:dispatch.py:204 Finished jaxpr to MLIR module conversion jit(broadcast_in_dim) in 0.004980326 sec
WARNING  jax._src.dispatch:dispatch.py:204 Finished XLA compilation of jit(broadcast_in_dim) in 0.020761013 sec
WARNING  jax._src.dispatch:dispatch.py:204 Finished tracing broadcast_in_dim for jit in 0.000270128 sec
WARNING  jax._src.interpreters.pxla:pxla.py:732 Compiling jit(broadcast_in_dim) with global shapes and types (ShapedArray(bool[1,26]),). Argument mapping: (UnspecifiedValue,).
WARNING  jax._src.dispatch:dispatch.py:204 Finished jaxpr to MLIR module conversion jit(broadcast_in_dim) in 0.004853725 sec
WARNING  jax._src.dispatch:dispatch.py:204 Finished XLA compilation of jit(broadcast_in_dim) in 0.028551817 sec
WARNING  jax._src.interpreters.pxla:pxla.py:732 Compiling jit(cumsum) with global shapes and types (ShapedArray(bool[340,1,78]),). Argument mapping: (UnspecifiedValue,).
WARNING  jax._src.dispatch:dispatch.py:204 Finished jaxpr to MLIR module conversion jit(cumsum) in 0.006302595 sec
WARNING  jax._src.dispatch:dispatch.py:204 Finished XLA compilation of jit(cumsum) in 0.050908804 sec
WARNING  jax._src.interpreters.pxla:pxla.py:732 Compiling jit(subtract) with global shapes and types (ShapedArray(int64[340,1,78]), ShapedArray(int64[], weak_type=True)). Argument mapping: (UnspecifiedValue, UnspecifiedValue).
WARNING  jax._src.dispatch:dispatch.py:204 Finished jaxpr to MLIR module conversion jit(subtract) in 0.005532980 sec
WARNING  jax._src.dispatch:dispatch.py:204 Finished XLA compilation of jit(subtract) in 0.027085781 sec
WARNING  jax._src.interpreters.pxla:pxla.py:732 Compiling jit(_where) with global shapes and types (ShapedArray(bool[340,1,78]), ShapedArray(int64[340,1,78]), ShapedArray(int64[], weak_type=True)). Argument mapping: (UnspecifiedValue, UnspecifiedValue, UnspecifiedValue).
WARNING  jax._src.dispatch:dispatch.py:204 Finished jaxpr to MLIR module conversion jit(_where) in 0.005378962 sec
WARNING  jax._src.dispatch:dispatch.py:204 Finished XLA compilation of jit(_where) in 0.029901028 sec
WARNING  jax._src.dispatch:dispatch.py:204 Finished tracing broadcast_in_dim for jit in 0.000238895 sec
WARNING  jax._src.interpreters.pxla:pxla.py:732 Compiling jit(broadcast_in_dim) with global shapes and types (ShapedArray(int64[1,1]),). Argument mapping: (UnspecifiedValue,).
WARNING  jax._src.dispatch:dispatch.py:204 Finished jaxpr to MLIR module conversion jit(broadcast_in_dim) in 0.004937410 sec
WARNING  jax._src.dispatch:dispatch.py:204 Finished XLA compilation of jit(broadcast_in_dim) in 0.024719477 sec
WARNING  jax._src.dispatch:dispatch.py:204 Finished tracing broadcast_in_dim for jit in 0.000283241 sec
WARNING  jax._src.interpreters.pxla:pxla.py:732 Compiling jit(broadcast_in_dim) with global shapes and types (ShapedArray(float64[]),). Argument mapping: (UnspecifiedValue,).
WARNING  jax._src.dispatch:dispatch.py:204 Finished jaxpr to MLIR module conversion jit(broadcast_in_dim) in 0.005050898 sec
WARNING  jax._src.dispatch:dispatch.py:204 Finished XLA compilation of jit(broadcast_in_dim) in 0.023215294 sec
WARNING  jax._src.dispatch:dispatch.py:204 Finished tracing broadcast_in_dim for jit in 0.000305414 sec
WARNING  jax._src.interpreters.pxla:pxla.py:732 Compiling jit(broadcast_in_dim) with global shapes and types (ShapedArray(bool[340,1,78]),). Argument mapping: (UnspecifiedValue,).
WARNING  jax._src.dispatch:dispatch.py:204 Finished jaxpr to MLIR module conversion jit(broadcast_in_dim) in 0.005155325 sec
WARNING  jax._src.dispatch:dispatch.py:204 Finished XLA compilation of jit(broadcast_in_dim) in 0.044246435 sec
WARNING  jax._src.interpreters.pxla:pxla.py:732 Compiling jit(_where) with global shapes and types (ShapedArray(bool[340,1,78,1]), ShapedArray(float64[340,1,78,2]), ShapedArray(float64[], weak_type=True)). Argument mapping: (UnspecifiedValue, UnspecifiedValue, UnspecifiedValue).
WARNING  jax._src.dispatch:dispatch.py:204 Finished jaxpr to MLIR module conversion jit(_where) in 0.005975485 sec
WARNING  jax._src.dispatch:dispatch.py:204 Finished XLA compilation of jit(_where) in 0.036026716 sec
WARNING  jax._src.interpreters.pxla:pxla.py:732 Compiling jit(less) with global shapes and types (ShapedArray(int64[1,78]), ShapedArray(int64[], weak_type=True)). Argument mapping: (UnspecifiedValue, UnspecifiedValue).
WARNING  jax._src.dispatch:dispatch.py:204 Finished jaxpr to MLIR module conversion jit(less) in 0.005723953 sec
WARNING  jax._src.dispatch:dispatch.py:204 Finished XLA compilation of jit(less) in 0.025954008 sec
WARNING  jax._src.dispatch:dispatch.py:204 Finished tracing add for jit in 0.000227928 sec
WARNING  jax._src.interpreters.pxla:pxla.py:732 Compiling jit(add) with global shapes and types (ShapedArray(int64[1,78]), ShapedArray(int64[])). Argument mapping: (UnspecifiedValue, UnspecifiedValue).
WARNING  jax._src.dispatch:dispatch.py:204 Finished jaxpr to MLIR module conversion jit(add) in 0.004961252 sec
WARNING  jax._src.dispatch:dispatch.py:204 Finished XLA compilation of jit(add) in 0.023928881 sec
WARNING  jax._src.dispatch:dispatch.py:204 Finished tracing select_n for jit in 0.000164509 sec
WARNING  jax._src.interpreters.pxla:pxla.py:732 Compiling jit(select_n) with global shapes and types (ShapedArray(bool[1,78]), ShapedArray(int64[1,78]), ShapedArray(int64[1,78])). Argument mapping: (UnspecifiedValue, UnspecifiedValue, UnspecifiedValue).
WARNING  jax._src.dispatch:dispatch.py:204 Finished jaxpr to MLIR module conversion jit(select_n) in 0.004811525 sec
WARNING  jax._src.dispatch:dispatch.py:204 Finished XLA compilation of jit(select_n) in 0.039033175 sec
WARNING  jax._src.interpreters.pxla:pxla.py:732 Compiling jit(less) with global shapes and types (ShapedArray(int64[340,1,78]), ShapedArray(int64[], weak_type=True)). Argument mapping: (UnspecifiedValue, UnspecifiedValue).
WARNING  jax._src.dispatch:dispatch.py:204 Finished jaxpr to MLIR module conversion jit(less) in 0.005673885 sec
WARNING  jax._src.dispatch:dispatch.py:204 Finished XLA compilation of jit(less) in 0.028900623 sec
WARNING  jax._src.dispatch:dispatch.py:204 Finished tracing add for jit in 0.000224113 sec
WARNING  jax._src.interpreters.pxla:pxla.py:732 Compiling jit(add) with global shapes and types (ShapedArray(int64[340,1,78]), ShapedArray(int64[])). Argument mapping: (UnspecifiedValue, UnspecifiedValue).
WARNING  jax._src.dispatch:dispatch.py:204 Finished jaxpr to MLIR module conversion jit(add) in 0.005152225 sec
WARNING  jax._src.dispatch:dispatch.py:204 Finished XLA compilation of jit(add) in 0.026779175 sec
WARNING  jax._src.dispatch:dispatch.py:204 Finished tracing select_n for jit in 0.000231743 sec
WARNING  jax._src.interpreters.pxla:pxla.py:732 Compiling jit(select_n) with global shapes and types (ShapedArray(bool[340,1,78]), ShapedArray(int64[340,1,78]), ShapedArray(int64[340,1,78])). Argument mapping: (UnspecifiedValue, UnspecifiedValue, UnspecifiedValue).
WARNING  jax._src.dispatch:dispatch.py:204 Finished jaxpr to MLIR module conversion jit(select_n) in 0.005019426 sec
WARNING  jax._src.dispatch:dispatch.py:204 Finished XLA compilation of jit(select_n) in 0.047181845 sec
WARNING  jax._src.interpreters.pxla:pxla.py:732 Compiling jit(_broadcast_arrays) with global shapes and types (ShapedArray(int64[1,78]), ShapedArray(int64[340,1,78])). Argument mapping: (UnspecifiedValue, UnspecifiedValue).
WARNING  jax._src.dispatch:dispatch.py:204 Finished jaxpr to MLIR module conversion jit(_broadcast_arrays) in 0.004936695 sec
WARNING  jax._src.dispatch:dispatch.py:204 Finished XLA compilation of jit(_broadcast_arrays) in 0.006924391 sec
WARNING  jax._src.dispatch:dispatch.py:204 Finished tracing convert_element_type for jit in 0.000209093 sec
WARNING  jax._src.interpreters.pxla:pxla.py:732 Compiling jit(convert_element_type) with global shapes and types (ShapedArray(int64[1,78]),). Argument mapping: (UnspecifiedValue,).
WARNING  jax._src.dispatch:dispatch.py:204 Finished jaxpr to MLIR module conversion jit(convert_element_type) in 0.004300594 sec
WARNING  jax._src.dispatch:dispatch.py:204 Finished XLA compilation of jit(convert_element_type) in 0.032652855 sec
WARNING  jax._src.dispatch:dispatch.py:204 Finished tracing convert_element_type for jit in 0.000231743 sec
WARNING  jax._src.interpreters.pxla:pxla.py:732 Compiling jit(convert_element_type) with global shapes and types (ShapedArray(int64[340,1,78]),). Argument mapping: (UnspecifiedValue,).
WARNING  jax._src.dispatch:dispatch.py:204 Finished jaxpr to MLIR module conversion jit(convert_element_type) in 0.005854368 sec
WARNING  jax._src.dispatch:dispatch.py:204 Finished XLA compilation of jit(convert_element_type) in 0.036690712 sec
WARNING  jax._src.dispatch:dispatch.py:204 Finished tracing broadcast_in_dim for jit in 0.000299454 sec
WARNING  jax._src.interpreters.pxla:pxla.py:732 Compiling jit(broadcast_in_dim) with global shapes and types (ShapedArray(int32[1,78]),). Argument mapping: (UnspecifiedValue,).
WARNING  jax._src.dispatch:dispatch.py:204 Finished jaxpr to MLIR module conversion jit(broadcast_in_dim) in 0.004858017 sec
WARNING  jax._src.dispatch:dispatch.py:204 Finished XLA compilation of jit(broadcast_in_dim) in 0.006944895 sec
WARNING  jax._src.dispatch:dispatch.py:204 Finished tracing broadcast_in_dim for jit in 0.000241280 sec
WARNING  jax._src.interpreters.pxla:pxla.py:732 Compiling jit(broadcast_in_dim) with global shapes and types (ShapedArray(int32[340,1,78]),). Argument mapping: (UnspecifiedValue,).
WARNING  jax._src.dispatch:dispatch.py:204 Finished jaxpr to MLIR module conversion jit(broadcast_in_dim) in 0.004405260 sec
WARNING  jax._src.dispatch:dispatch.py:204 Finished XLA compilation of jit(broadcast_in_dim) in 0.034322739 sec
WARNING  jax._src.dispatch:dispatch.py:204 Finished tracing broadcast_in_dim for jit in 0.000260115 sec
WARNING  jax._src.interpreters.pxla:pxla.py:732 Compiling jit(broadcast_in_dim) with global shapes and types (ShapedArray(int32[1,78,1]),). Argument mapping: (UnspecifiedValue,).
WARNING  jax._src.dispatch:dispatch.py:204 Finished jaxpr to MLIR module conversion jit(broadcast_in_dim) in 0.004922628 sec
WARNING  jax._src.dispatch:dispatch.py:204 Finished XLA compilation of jit(broadcast_in_dim) in 0.025451660 sec
WARNING  jax._src.dispatch:dispatch.py:204 Finished tracing concatenate for jit in 0.000248671 sec
WARNING  jax._src.interpreters.pxla:pxla.py:732 Compiling jit(concatenate) with global shapes and types (ShapedArray(int32[340,1,78,1]), ShapedArray(int32[340,1,78,1])). Argument mapping: (UnspecifiedValue, UnspecifiedValue).
WARNING  jax._src.dispatch:dispatch.py:204 Finished jaxpr to MLIR module conversion jit(concatenate) in 0.005007029 sec
WARNING  jax._src.dispatch:dispatch.py:204 Finished XLA compilation of jit(concatenate) in 0.017558098 sec
WARNING  jax._src.interpreters.pxla:pxla.py:732 Compiling jit(_squeeze) with global shapes and types (ShapedArray(float64[340,1,78,2]),). Argument mapping: (UnspecifiedValue,).
WARNING  jax._src.dispatch:dispatch.py:204 Finished jaxpr to MLIR module conversion jit(_squeeze) in 0.004538059 sec
WARNING  jax._src.dispatch:dispatch.py:204 Finished XLA compilation of jit(_squeeze) in 0.006635666 sec
WARNING  jax._src.dispatch:dispatch.py:204 Finished tracing broadcast_in_dim for jit in 0.000272512 sec
WARNING  jax._src.interpreters.pxla:pxla.py:732 Compiling jit(broadcast_in_dim) with global shapes and types (ShapedArray(float64[1,28,2]),). Argument mapping: (UnspecifiedValue,).
WARNING  jax._src.dispatch:dispatch.py:204 Finished jaxpr to MLIR module conversion jit(broadcast_in_dim) in 0.004368782 sec
WARNING  jax._src.dispatch:dispatch.py:204 Finished XLA compilation of jit(broadcast_in_dim) in 0.024563789 sec
WARNING  jax._src.dispatch:dispatch.py:204 Finished tracing scatter-add for jit in 0.000292778 sec
WARNING  jax._src.interpreters.pxla:pxla.py:732 Compiling jit(scatter-add) with global shapes and types (ShapedArray(float64[340,1,28,2]), ShapedArray(int32[340,1,78,2]), ShapedArray(float64[340,1,78,2])). Argument mapping: (UnspecifiedValue, UnspecifiedValue, UnspecifiedValue).
WARNING  jax._src.dispatch:dispatch.py:204 Finished jaxpr to MLIR module conversion jit(scatter-add) in 0.005045891 sec
WARNING  jax._src.dispatch:dispatch.py:204 Finished XLA compilation of jit(scatter-add) in 0.045759916 sec
WARNING  jax._src.interpreters.pxla:pxla.py:732 Compiling jit(_reduce_sum) with global shapes and types (ShapedArray(bool[340,1,78]),). Argument mapping: (UnspecifiedValue,).
WARNING  jax._src.dispatch:dispatch.py:204 Finished jaxpr to MLIR module conversion jit(_reduce_sum) in 0.005805016 sec
WARNING  jax._src.dispatch:dispatch.py:204 Finished XLA compilation of jit(_reduce_sum) in 0.043217182 sec
WARNING  jax._src.dispatch:dispatch.py:204 Finished tracing broadcast_in_dim for jit in 0.000270367 sec
WARNING  jax._src.interpreters.pxla:pxla.py:732 Compiling jit(broadcast_in_dim) with global shapes and types (ShapedArray(int32[]),). Argument mapping: (UnspecifiedValue,).
WARNING  jax._src.dispatch:dispatch.py:204 Finished jaxpr to MLIR module conversion jit(broadcast_in_dim) in 0.005411386 sec
WARNING  jax._src.dispatch:dispatch.py:204 Finished XLA compilation of jit(broadcast_in_dim) in 0.022030830 sec
WARNING  jax._src.interpreters.pxla:pxla.py:732 Compiling jit(bitwise_and) with global shapes and types (ShapedArray(bool[340,1,78]), ShapedArray(bool[340,1,78])). Argument mapping: (UnspecifiedValue, UnspecifiedValue).
WARNING  jax._src.dispatch:dispatch.py:204 Finished jaxpr to MLIR module conversion jit(bitwise_and) in 0.005638599 sec
WARNING  jax._src.dispatch:dispatch.py:204 Finished XLA compilation of jit(bitwise_and) in 0.042030811 sec
WARNING  jax._src.dispatch:dispatch.py:204 Finished tracing convert_element_type for jit in 0.000217199 sec
WARNING  jax._src.interpreters.pxla:pxla.py:732 Compiling jit(convert_element_type) with global shapes and types (ShapedArray(bool[340,1,78]),). Argument mapping: (UnspecifiedValue,).
WARNING  jax._src.dispatch:dispatch.py:204 Finished jaxpr to MLIR module conversion jit(convert_element_type) in 0.005111456 sec
WARNING  jax._src.dispatch:dispatch.py:204 Finished XLA compilation of jit(convert_element_type) in 0.037674427 sec
WARNING  jax._src.interpreters.pxla:pxla.py:732 Compiling jit(_squeeze) with global shapes and types (ShapedArray(int32[340,1,78]),). Argument mapping: (UnspecifiedValue,).
WARNING  jax._src.dispatch:dispatch.py:204 Finished jaxpr to MLIR module conversion jit(_squeeze) in 0.004906893 sec
WARNING  jax._src.dispatch:dispatch.py:204 Finished XLA compilation of jit(_squeeze) in 0.006751299 sec
WARNING  jax._src.dispatch:dispatch.py:204 Finished tracing broadcast_in_dim for jit in 0.000267744 sec
WARNING  jax._src.interpreters.pxla:pxla.py:732 Compiling jit(broadcast_in_dim) with global shapes and types (ShapedArray(int32[1,28]),). Argument mapping: (UnspecifiedValue,).
WARNING  jax._src.dispatch:dispatch.py:204 Finished jaxpr to MLIR module conversion jit(broadcast_in_dim) in 0.004429102 sec
WARNING  jax._src.dispatch:dispatch.py:204 Finished XLA compilation of jit(broadcast_in_dim) in 0.028840542 sec
WARNING  jax._src.dispatch:dispatch.py:204 Finished tracing scatter-add for jit in 0.000288248 sec
WARNING  jax._src.interpreters.pxla:pxla.py:732 Compiling jit(scatter-add) with global shapes and types (ShapedArray(int32[340,1,28]), ShapedArray(int32[340,1,78,2]), ShapedArray(int32[340,1,78])). Argument mapping: (UnspecifiedValue, UnspecifiedValue, UnspecifiedValue).
WARNING  jax._src.dispatch:dispatch.py:204 Finished jaxpr to MLIR module conversion jit(scatter-add) in 0.005231380 sec
WARNING  jax._src.dispatch:dispatch.py:204 Finished XLA compilation of jit(scatter-add) in 0.044881582 sec
WARNING  jax._src.interpreters.pxla:pxla.py:732 Compiling jit(greater) with global shapes and types (ShapedArray(int32[340,1,28]), ShapedArray(int64[], weak_type=True)). Argument mapping: (UnspecifiedValue, UnspecifiedValue).
WARNING  jax._src.dispatch:dispatch.py:204 Finished jaxpr to MLIR module conversion jit(greater) in 0.005540371 sec
WARNING  jax._src.dispatch:dispatch.py:204 Finished XLA compilation of jit(greater) in 0.033152342 sec
WARNING  jax._src.dispatch:dispatch.py:204 Finished tracing iota for jit in 0.000217915 sec
WARNING  jax._src.interpreters.pxla:pxla.py:732 Compiling jit(iota) with global shapes and types (). Argument mapping: ().
WARNING  jax._src.dispatch:dispatch.py:204 Finished jaxpr to MLIR module conversion jit(iota) in 0.004863501 sec
WARNING  jax._src.dispatch:dispatch.py:204 Finished XLA compilation of jit(iota) in 0.027819633 sec
WARNING  jax._src.dispatch:dispatch.py:204 Finished tracing broadcast_in_dim for jit in 0.000290155 sec
WARNING  jax._src.interpreters.pxla:pxla.py:732 Compiling jit(broadcast_in_dim) with global shapes and types (ShapedArray(int64[28]),). Argument mapping: (UnspecifiedValue,).
WARNING  jax._src.dispatch:dispatch.py:204 Finished jaxpr to MLIR module conversion jit(broadcast_in_dim) in 0.004956484 sec
WARNING  jax._src.dispatch:dispatch.py:204 Finished XLA compilation of jit(broadcast_in_dim) in 0.007359982 sec
WARNING  jax._src.interpreters.pxla:pxla.py:732 Compiling jit(less) with global shapes and types (ShapedArray(int64[1,28]), ShapedArray(int64[340,1,1])). Argument mapping: (UnspecifiedValue, UnspecifiedValue).
WARNING  jax._src.dispatch:dispatch.py:204 Finished jaxpr to MLIR module conversion jit(less) in 0.005552292 sec
WARNING  jax._src.dispatch:dispatch.py:204 Finished XLA compilation of jit(less) in 0.034050703 sec
WARNING  jax._src.interpreters.pxla:pxla.py:732 Compiling jit(_roll_static) with global shapes and types (ShapedArray(float64[340,1,28,2]),). Argument mapping: (UnspecifiedValue,).
WARNING  jax._src.dispatch:dispatch.py:204 Finished jaxpr to MLIR module conversion jit(_roll_static) in 0.005516768 sec
WARNING  jax._src.dispatch:dispatch.py:204 Finished XLA compilation of jit(_roll_static) in 0.028846741 sec
WARNING  jax._src.interpreters.pxla:pxla.py:732 Compiling jit(not_equal) with global shapes and types (ShapedArray(float64[340,1,28,2]), ShapedArray(float64[340,1,28,2])). Argument mapping: (UnspecifiedValue, UnspecifiedValue).
WARNING  jax._src.dispatch:dispatch.py:204 Finished jaxpr to MLIR module conversion jit(not_equal) in 0.005040646 sec
WARNING  jax._src.dispatch:dispatch.py:204 Finished XLA compilation of jit(not_equal) in 0.036270380 sec
WARNING  jax._src.interpreters.pxla:pxla.py:732 Compiling jit(_reduce_any) with global shapes and types (ShapedArray(bool[340,1,28,2]),). Argument mapping: (UnspecifiedValue,).
WARNING  jax._src.dispatch:dispatch.py:204 Finished jaxpr to MLIR module conversion jit(_reduce_any) in 0.005380869 sec
WARNING  jax._src.dispatch:dispatch.py:204 Finished XLA compilation of jit(_reduce_any) in 0.027593851 sec
WARNING  jax._src.interpreters.pxla:pxla.py:732 Compiling jit(equal) with global shapes and types (ShapedArray(int64[1,28]), ShapedArray(int64[], weak_type=True)). Argument mapping: (UnspecifiedValue, UnspecifiedValue).
WARNING  jax._src.dispatch:dispatch.py:204 Finished jaxpr to MLIR module conversion jit(equal) in 0.005602837 sec
WARNING  jax._src.dispatch:dispatch.py:204 Finished XLA compilation of jit(equal) in 0.025211334 sec
WARNING  jax._src.interpreters.pxla:pxla.py:732 Compiling jit(bitwise_or) with global shapes and types (ShapedArray(bool[1,28]), ShapedArray(bool[340,1,28])). Argument mapping: (UnspecifiedValue, UnspecifiedValue).
WARNING  jax._src.dispatch:dispatch.py:204 Finished jaxpr to MLIR module conversion jit(bitwise_or) in 0.005317450 sec
WARNING  jax._src.dispatch:dispatch.py:204 Finished XLA compilation of jit(bitwise_or) in 0.036999464 sec
WARNING  jax._src.interpreters.pxla:pxla.py:732 Compiling jit(bitwise_and) with global shapes and types (ShapedArray(bool[340,1,28]), ShapedArray(bool[340,1,28])). Argument mapping: (UnspecifiedValue, UnspecifiedValue).
WARNING  jax._src.dispatch:dispatch.py:204 Finished jaxpr to MLIR module conversion jit(bitwise_and) in 0.005171061 sec
WARNING  jax._src.dispatch:dispatch.py:204 Finished XLA compilation of jit(bitwise_and) in 0.035053730 sec
WARNING  jax._src.interpreters.pxla:pxla.py:732 Compiling jit(cumsum) with global shapes and types (ShapedArray(bool[340,1,28]),). Argument mapping: (UnspecifiedValue,).
WARNING  jax._src.dispatch:dispatch.py:204 Finished jaxpr to MLIR module conversion jit(cumsum) in 0.006573915 sec
WARNING  jax._src.dispatch:dispatch.py:204 Finished XLA compilation of jit(cumsum) in 0.052193165 sec
WARNING  jax._src.interpreters.pxla:pxla.py:732 Compiling jit(subtract) with global shapes and types (ShapedArray(int64[340,1,28]), ShapedArray(int64[], weak_type=True)). Argument mapping: (UnspecifiedValue, UnspecifiedValue).
WARNING  jax._src.dispatch:dispatch.py:204 Finished jaxpr to MLIR module conversion jit(subtract) in 0.005602360 sec
WARNING  jax._src.dispatch:dispatch.py:204 Finished XLA compilation of jit(subtract) in 0.032443523 sec
WARNING  jax._src.interpreters.pxla:pxla.py:732 Compiling jit(_where) with global shapes and types (ShapedArray(bool[340,1,28]), ShapedArray(int64[340,1,28]), ShapedArray(int64[], weak_type=True)). Argument mapping: (UnspecifiedValue, UnspecifiedValue, UnspecifiedValue).
WARNING  jax._src.dispatch:dispatch.py:204 Finished jaxpr to MLIR module conversion jit(_where) in 0.005331755 sec
WARNING  jax._src.dispatch:dispatch.py:204 Finished XLA compilation of jit(_where) in 0.037793398 sec
WARNING  jax._src.dispatch:dispatch.py:204 Finished tracing broadcast_in_dim for jit in 0.000243425 sec
WARNING  jax._src.interpreters.pxla:pxla.py:732 Compiling jit(broadcast_in_dim) with global shapes and types (ShapedArray(int64[1,1]),). Argument mapping: (UnspecifiedValue,).
WARNING  jax._src.dispatch:dispatch.py:204 Finished jaxpr to MLIR module conversion jit(broadcast_in_dim) in 0.005652666 sec
WARNING  jax._src.dispatch:dispatch.py:204 Finished XLA compilation of jit(broadcast_in_dim) in 0.021777391 sec
WARNING  jax._src.dispatch:dispatch.py:204 Finished tracing broadcast_in_dim for jit in 0.000285864 sec
WARNING  jax._src.interpreters.pxla:pxla.py:732 Compiling jit(broadcast_in_dim) with global shapes and types (ShapedArray(bool[340,1,28]),). Argument mapping: (UnspecifiedValue,).
WARNING  jax._src.dispatch:dispatch.py:204 Finished jaxpr to MLIR module conversion jit(broadcast_in_dim) in 0.004825354 sec
WARNING  jax._src.dispatch:dispatch.py:204 Finished XLA compilation of jit(broadcast_in_dim) in 0.041728973 sec
WARNING  jax._src.interpreters.pxla:pxla.py:732 Compiling jit(_where) with global shapes and types (ShapedArray(bool[340,1,28,1]), ShapedArray(float64[340,1,28,2]), ShapedArray(float64[], weak_type=True)). Argument mapping: (UnspecifiedValue, UnspecifiedValue, UnspecifiedValue).
WARNING  jax._src.dispatch:dispatch.py:204 Finished jaxpr to MLIR module conversion jit(_where) in 0.005873203 sec
WARNING  jax._src.dispatch:dispatch.py:204 Finished XLA compilation of jit(_where) in 0.027294159 sec
WARNING  jax._src.interpreters.pxla:pxla.py:732 Compiling jit(less) with global shapes and types (ShapedArray(int64[1,28]), ShapedArray(int64[], weak_type=True)). Argument mapping: (UnspecifiedValue, UnspecifiedValue).
WARNING  jax._src.dispatch:dispatch.py:204 Finished jaxpr to MLIR module conversion jit(less) in 0.005522013 sec
WARNING  jax._src.dispatch:dispatch.py:204 Finished XLA compilation of jit(less) in 0.024985790 sec
WARNING  jax._src.dispatch:dispatch.py:204 Finished tracing add for jit in 0.000234842 sec
WARNING  jax._src.interpreters.pxla:pxla.py:732 Compiling jit(add) with global shapes and types (ShapedArray(int64[1,28]), ShapedArray(int64[])). Argument mapping: (UnspecifiedValue, UnspecifiedValue).
WARNING  jax._src.dispatch:dispatch.py:204 Finished jaxpr to MLIR module conversion jit(add) in 0.005183697 sec
WARNING  jax._src.dispatch:dispatch.py:204 Finished XLA compilation of jit(add) in 0.024287224 sec
WARNING  jax._src.dispatch:dispatch.py:204 Finished tracing select_n for jit in 0.000165224 sec
WARNING  jax._src.interpreters.pxla:pxla.py:732 Compiling jit(select_n) with global shapes and types (ShapedArray(bool[1,28]), ShapedArray(int64[1,28]), ShapedArray(int64[1,28])). Argument mapping: (UnspecifiedValue, UnspecifiedValue, UnspecifiedValue).
WARNING  jax._src.dispatch:dispatch.py:204 Finished jaxpr to MLIR module conversion jit(select_n) in 0.005010843 sec
WARNING  jax._src.dispatch:dispatch.py:204 Finished XLA compilation of jit(select_n) in 0.030335903 sec
WARNING  jax._src.interpreters.pxla:pxla.py:732 Compiling jit(less) with global shapes and types (ShapedArray(int64[340,1,28]), ShapedArray(int64[], weak_type=True)). Argument mapping: (UnspecifiedValue, UnspecifiedValue).
WARNING  jax._src.dispatch:dispatch.py:204 Finished jaxpr to MLIR module conversion jit(less) in 0.005594492 sec
WARNING  jax._src.dispatch:dispatch.py:204 Finished XLA compilation of jit(less) in 0.033186436 sec
WARNING  jax._src.dispatch:dispatch.py:204 Finished tracing add for jit in 0.000226498 sec
WARNING  jax._src.interpreters.pxla:pxla.py:732 Compiling jit(add) with global shapes and types (ShapedArray(int64[340,1,28]), ShapedArray(int64[])). Argument mapping: (UnspecifiedValue, UnspecifiedValue).
WARNING  jax._src.dispatch:dispatch.py:204 Finished jaxpr to MLIR module conversion jit(add) in 0.005461216 sec
WARNING  jax._src.dispatch:dispatch.py:204 Finished XLA compilation of jit(add) in 0.032975435 sec
WARNING  jax._src.dispatch:dispatch.py:204 Finished tracing select_n for jit in 0.000219107 sec
WARNING  jax._src.interpreters.pxla:pxla.py:732 Compiling jit(select_n) with global shapes and types (ShapedArray(bool[340,1,28]), ShapedArray(int64[340,1,28]), ShapedArray(int64[340,1,28])). Argument mapping: (UnspecifiedValue, UnspecifiedValue, UnspecifiedValue).
WARNING  jax._src.dispatch:dispatch.py:204 Finished jaxpr to MLIR module conversion jit(select_n) in 0.005160332 sec
WARNING  jax._src.dispatch:dispatch.py:204 Finished XLA compilation of jit(select_n) in 0.037028790 sec
WARNING  jax._src.interpreters.pxla:pxla.py:732 Compiling jit(_broadcast_arrays) with global shapes and types (ShapedArray(int64[1,28]), ShapedArray(int64[340,1,28])). Argument mapping: (UnspecifiedValue, UnspecifiedValue).
WARNING  jax._src.dispatch:dispatch.py:204 Finished jaxpr to MLIR module conversion jit(_broadcast_arrays) in 0.005759239 sec
WARNING  jax._src.dispatch:dispatch.py:204 Finished XLA compilation of jit(_broadcast_arrays) in 0.007049799 sec
WARNING  jax._src.dispatch:dispatch.py:204 Finished tracing convert_element_type for jit in 0.000198841 sec
WARNING  jax._src.interpreters.pxla:pxla.py:732 Compiling jit(convert_element_type) with global shapes and types (ShapedArray(int64[1,28]),). Argument mapping: (UnspecifiedValue,).
WARNING  jax._src.dispatch:dispatch.py:204 Finished jaxpr to MLIR module conversion jit(convert_element_type) in 0.004328728 sec
WARNING  jax._src.dispatch:dispatch.py:204 Finished XLA compilation of jit(convert_element_type) in 0.030960798 sec
WARNING  jax._src.dispatch:dispatch.py:204 Finished tracing convert_element_type for jit in 0.000230789 sec
WARNING  jax._src.interpreters.pxla:pxla.py:732 Compiling jit(convert_element_type) with global shapes and types (ShapedArray(int64[340,1,28]),). Argument mapping: (UnspecifiedValue,).
WARNING  jax._src.dispatch:dispatch.py:204 Finished jaxpr to MLIR module conversion jit(convert_element_type) in 0.005177021 sec
WARNING  jax._src.dispatch:dispatch.py:204 Finished XLA compilation of jit(convert_element_type) in 0.036291599 sec
WARNING  jax._src.dispatch:dispatch.py:204 Finished tracing broadcast_in_dim for jit in 0.000291824 sec
WARNING  jax._src.interpreters.pxla:pxla.py:732 Compiling jit(broadcast_in_dim) with global shapes and types (ShapedArray(int32[1,28]),). Argument mapping: (UnspecifiedValue,).
WARNING  jax._src.dispatch:dispatch.py:204 Finished jaxpr to MLIR module conversion jit(broadcast_in_dim) in 0.005009890 sec
WARNING  jax._src.dispatch:dispatch.py:204 Finished XLA compilation of jit(broadcast_in_dim) in 0.007139444 sec
WARNING  jax._src.dispatch:dispatch.py:204 Finished tracing broadcast_in_dim for jit in 0.000245333 sec
WARNING  jax._src.interpreters.pxla:pxla.py:732 Compiling jit(broadcast_in_dim) with global shapes and types (ShapedArray(int32[340,1,28]),). Argument mapping: (UnspecifiedValue,).
WARNING  jax._src.dispatch:dispatch.py:204 Finished jaxpr to MLIR module conversion jit(broadcast_in_dim) in 0.004514933 sec
WARNING  jax._src.dispatch:dispatch.py:204 Finished XLA compilation of jit(broadcast_in_dim) in 0.033224106 sec
WARNING  jax._src.dispatch:dispatch.py:204 Finished tracing broadcast_in_dim for jit in 0.000265837 sec
WARNING  jax._src.interpreters.pxla:pxla.py:732 Compiling jit(broadcast_in_dim) with global shapes and types (ShapedArray(int32[1,28,1]),). Argument mapping: (UnspecifiedValue,).
WARNING  jax._src.dispatch:dispatch.py:204 Finished jaxpr to MLIR module conversion jit(broadcast_in_dim) in 0.004955053 sec
WARNING  jax._src.dispatch:dispatch.py:204 Finished XLA compilation of jit(broadcast_in_dim) in 0.033992052 sec
WARNING  jax._src.dispatch:dispatch.py:204 Finished tracing concatenate for jit in 0.000262499 sec
WARNING  jax._src.interpreters.pxla:pxla.py:732 Compiling jit(concatenate) with global shapes and types (ShapedArray(int32[340,1,28,1]), ShapedArray(int32[340,1,28,1])). Argument mapping: (UnspecifiedValue, UnspecifiedValue).
WARNING  jax._src.dispatch:dispatch.py:204 Finished jaxpr to MLIR module conversion jit(concatenate) in 0.005126238 sec
WARNING  jax._src.dispatch:dispatch.py:204 Finished XLA compilation of jit(concatenate) in 0.016374111 sec
WARNING  jax._src.interpreters.pxla:pxla.py:732 Compiling jit(_squeeze) with global shapes and types (ShapedArray(float64[340,1,28,2]),). Argument mapping: (UnspecifiedValue,).
WARNING  jax._src.dispatch:dispatch.py:204 Finished jaxpr to MLIR module conversion jit(_squeeze) in 0.004899263 sec
WARNING  jax._src.dispatch:dispatch.py:204 Finished XLA compilation of jit(_squeeze) in 0.007742643 sec
WARNING  jax._src.dispatch:dispatch.py:204 Finished tracing scatter-add for jit in 0.000290632 sec
WARNING  jax._src.interpreters.pxla:pxla.py:732 Compiling jit(scatter-add) with global shapes and types (ShapedArray(float64[340,1,28,2]), ShapedArray(int32[340,1,28,2]), ShapedArray(float64[340,1,28,2])). Argument mapping: (UnspecifiedValue, UnspecifiedValue, UnspecifiedValue).
WARNING  jax._src.dispatch:dispatch.py:204 Finished jaxpr to MLIR module conversion jit(scatter-add) in 0.004912376 sec
WARNING  jax._src.dispatch:dispatch.py:204 Finished XLA compilation of jit(scatter-add) in 0.045872211 sec
WARNING  jax._src.interpreters.pxla:pxla.py:732 Compiling jit(_reduce_sum) with global shapes and types (ShapedArray(bool[340,1,28]),). Argument mapping: (UnspecifiedValue,).
WARNING  jax._src.dispatch:dispatch.py:204 Finished jaxpr to MLIR module conversion jit(_reduce_sum) in 0.006012201 sec
WARNING  jax._src.dispatch:dispatch.py:204 Finished XLA compilation of jit(_reduce_sum) in 0.029198647 sec
WARNING  jax._src.dispatch:dispatch.py:204 Finished tracing convert_element_type for jit in 0.000218868 sec
WARNING  jax._src.interpreters.pxla:pxla.py:732 Compiling jit(convert_element_type) with global shapes and types (ShapedArray(bool[340,1,28]),). Argument mapping: (UnspecifiedValue,).
WARNING  jax._src.dispatch:dispatch.py:204 Finished jaxpr to MLIR module conversion jit(convert_element_type) in 0.005019426 sec
WARNING  jax._src.dispatch:dispatch.py:204 Finished XLA compilation of jit(convert_element_type) in 0.033810139 sec
WARNING  jax._src.interpreters.pxla:pxla.py:732 Compiling jit(_squeeze) with global shapes and types (ShapedArray(int32[340,1,28]),). Argument mapping: (UnspecifiedValue,).
WARNING  jax._src.dispatch:dispatch.py:204 Finished jaxpr to MLIR module conversion jit(_squeeze) in 0.005285978 sec
WARNING  jax._src.dispatch:dispatch.py:204 Finished XLA compilation of jit(_squeeze) in 0.007647514 sec
WARNING  jax._src.dispatch:dispatch.py:204 Finished tracing scatter-add for jit in 0.000290632 sec
WARNING  jax._src.interpreters.pxla:pxla.py:732 Compiling jit(scatter-add) with global shapes and types (ShapedArray(int32[340,1,28]), ShapedArray(int32[340,1,28,2]), ShapedArray(int32[340,1,28])). Argument mapping: (UnspecifiedValue, UnspecifiedValue, UnspecifiedValue).
WARNING  jax._src.dispatch:dispatch.py:204 Finished jaxpr to MLIR module conversion jit(scatter-add) in 0.005375624 sec
WARNING  jax._src.dispatch:dispatch.py:204 Finished XLA compilation of jit(scatter-add) in 0.046230316 sec
WARNING  jax._src.interpreters.pxla:pxla.py:732 Compiling jit(take_along_axis) with global shapes and types (ShapedArray(float64[340,1,28,2]), ShapedArray(int64[340,1,1,1])). Argument mapping: (UnspecifiedValue, UnspecifiedValue).
WARNING  jax._src.dispatch:dispatch.py:204 Finished jaxpr to MLIR module conversion jit(take_along_axis) in 0.009333849 sec
WARNING  jax._src.dispatch:dispatch.py:204 Finished XLA compilation of jit(take_along_axis) in 0.034466028 sec
WARNING  jax._src.dispatch:dispatch.py:204 Finished tracing dynamic_slice for jit in 0.000274181 sec
WARNING  jax._src.interpreters.pxla:pxla.py:732 Compiling jit(dynamic_slice) with global shapes and types (ShapedArray(float64[340,1,28,2]), ShapedArray(int64[], weak_type=True), ShapedArray(int64[], weak_type=True), ShapedArray(int64[], weak_type=True), ShapedArray(int64[], weak_type=True)). Argument mapping: (UnspecifiedValue, UnspecifiedValue, UnspecifiedValue, UnspecifiedValue, UnspecifiedValue).
WARNING  jax._src.dispatch:dispatch.py:204 Finished jaxpr to MLIR module conversion jit(dynamic_slice) in 0.005248785 sec
WARNING  jax._src.dispatch:dispatch.py:204 Finished XLA compilation of jit(dynamic_slice) in 0.026085854 sec
WARNING  jax._src.dispatch:dispatch.py:204 Finished tracing broadcast_in_dim for jit in 0.000251532 sec
WARNING  jax._src.interpreters.pxla:pxla.py:732 Compiling jit(broadcast_in_dim) with global shapes and types (ShapedArray(int64[28]),). Argument mapping: (UnspecifiedValue,).
WARNING  jax._src.dispatch:dispatch.py:204 Finished jaxpr to MLIR module conversion jit(broadcast_in_dim) in 0.005462408 sec
WARNING  jax._src.dispatch:dispatch.py:204 Finished XLA compilation of jit(broadcast_in_dim) in 0.007036686 sec
WARNING  jax._src.interpreters.pxla:pxla.py:732 Compiling jit(less) with global shapes and types (ShapedArray(int64[1,28,1]), ShapedArray(int64[340,1,1,1])). Argument mapping: (UnspecifiedValue, UnspecifiedValue).
WARNING  jax._src.dispatch:dispatch.py:204 Finished jaxpr to MLIR module conversion jit(less) in 0.005010605 sec
WARNING  jax._src.dispatch:dispatch.py:204 Finished XLA compilation of jit(less) in 0.031512022 sec
WARNING  jax._src.interpreters.pxla:pxla.py:732 Compiling jit(_argmax) with global shapes and types (ShapedArray(bool[340,1,28]),). Argument mapping: (UnspecifiedValue,).
WARNING  jax._src.dispatch:dispatch.py:204 Finished jaxpr to MLIR module conversion jit(_argmax) in 0.008380651 sec
WARNING  jax._src.dispatch:dispatch.py:204 Finished XLA compilation of jit(_argmax) in 0.040651560 sec
WARNING  jax._src.interpreters.pxla:pxla.py:732 Compiling jit(add) with global shapes and types (ShapedArray(int64[1,28]), ShapedArray(int64[340,1,1])). Argument mapping: (UnspecifiedValue, UnspecifiedValue).
WARNING  jax._src.dispatch:dispatch.py:204 Finished jaxpr to MLIR module conversion jit(add) in 0.005383015 sec
WARNING  jax._src.dispatch:dispatch.py:204 Finished XLA compilation of jit(add) in 0.031835556 sec
WARNING  jax._src.interpreters.pxla:pxla.py:732 Compiling jit(remainder) with global shapes and types (ShapedArray(int64[340,1,28]), ShapedArray(int64[340,1,1])). Argument mapping: (UnspecifiedValue, UnspecifiedValue).
WARNING  jax._src.dispatch:dispatch.py:204 Finished jaxpr to MLIR module conversion jit(remainder) in 0.008545399 sec
WARNING  jax._src.dispatch:dispatch.py:204 Finished XLA compilation of jit(remainder) in 0.034278631 sec
WARNING  jax._src.dispatch:dispatch.py:204 Finished tracing broadcast_in_dim for jit in 0.000278711 sec
WARNING  jax._src.interpreters.pxla:pxla.py:732 Compiling jit(broadcast_in_dim) with global shapes and types (ShapedArray(int64[340,1,28]),). Argument mapping: (UnspecifiedValue,).
WARNING  jax._src.dispatch:dispatch.py:204 Finished jaxpr to MLIR module conversion jit(broadcast_in_dim) in 0.005448341 sec
WARNING  jax._src.dispatch:dispatch.py:204 Finished XLA compilation of jit(broadcast_in_dim) in 0.032686472 sec
WARNING  jax._src.interpreters.pxla:pxla.py:732 Compiling jit(take_along_axis) with global shapes and types (ShapedArray(float64[340,1,28,2]), ShapedArray(int64[340,1,28,1])). Argument mapping: (UnspecifiedValue, UnspecifiedValue).
WARNING  jax._src.dispatch:dispatch.py:204 Finished jaxpr to MLIR module conversion jit(take_along_axis) in 0.009277105 sec
WARNING  jax._src.dispatch:dispatch.py:204 Finished XLA compilation of jit(take_along_axis) in 0.033478498 sec
WARNING  jax._src.interpreters.pxla:pxla.py:732 Compiling jit(take_along_axis) with global shapes and types (ShapedArray(bool[340,1,28]), ShapedArray(int64[340,1,28])). Argument mapping: (UnspecifiedValue, UnspecifiedValue).
WARNING  jax._src.dispatch:dispatch.py:204 Finished jaxpr to MLIR module conversion jit(take_along_axis) in 0.008856297 sec
WARNING  jax._src.dispatch:dispatch.py:204 Finished XLA compilation of jit(take_along_axis) in 0.036526918 sec
WARNING  jax._src.interpreters.pxla:pxla.py:732 Compiling jit(_linspace) with global shapes and types (ShapedArray(float64[], weak_type=True), ShapedArray(float64[], weak_type=True)). Argument mapping: (UnspecifiedValue, UnspecifiedValue).
WARNING  jax._src.dispatch:dispatch.py:204 Finished jaxpr to MLIR module conversion jit(_linspace) in 0.006697655 sec
WARNING  jax._src.dispatch:dispatch.py:204 Finished XLA compilation of jit(_linspace) in 0.028126955 sec
WARNING  jax._src.dispatch:dispatch.py:204 Finished tracing broadcast_in_dim for jit in 0.000287294 sec
WARNING  jax._src.interpreters.pxla:pxla.py:732 Compiling jit(broadcast_in_dim) with global shapes and types (ShapedArray(float64[513]),). Argument mapping: (UnspecifiedValue,).
WARNING  jax._src.dispatch:dispatch.py:204 Finished jaxpr to MLIR module conversion jit(broadcast_in_dim) in 0.005168915 sec
WARNING  jax._src.dispatch:dispatch.py:204 Finished XLA compilation of jit(broadcast_in_dim) in 0.007356644 sec
WARNING  jax._src.interpreters.pxla:pxla.py:732 Compiling jit(multiply) with global shapes and types (ShapedArray(float64[1,513,1]), ShapedArray(float64[340,1,1,2])). Argument mapping: (UnspecifiedValue, UnspecifiedValue).
WARNING  jax._src.dispatch:dispatch.py:204 Finished jaxpr to MLIR module conversion jit(multiply) in 0.005058527 sec
WARNING  jax._src.dispatch:dispatch.py:204 Finished XLA compilation of jit(multiply) in 0.036477566 sec
WARNING  jax._src.interpreters.pxla:pxla.py:732 Compiling jit(add) with global shapes and types (ShapedArray(float64[340,1,1,2]), ShapedArray(float64[340,1,513,2])). Argument mapping: (UnspecifiedValue, UnspecifiedValue).
WARNING  jax._src.dispatch:dispatch.py:204 Finished jaxpr to MLIR module conversion jit(add) in 0.005424023 sec
WARNING  jax._src.dispatch:dispatch.py:204 Finished XLA compilation of jit(add) in 0.035808563 sec
WARNING  jax._src.interpreters.pxla:pxla.py:732 Compiling jit(negative) with global shapes and types (ShapedArray(float64[340,1]),). Argument mapping: (UnspecifiedValue,).
WARNING  jax._src.dispatch:dispatch.py:204 Finished jaxpr to MLIR module conversion jit(negative) in 0.005047321 sec
WARNING  jax._src.dispatch:dispatch.py:204 Finished XLA compilation of jit(negative) in 0.029151917 sec
WARNING  jax._src.interpreters.pxla:pxla.py:732 Compiling jit(subtract) with global shapes and types (ShapedArray(float64[340,1,513,2]), ShapedArray(float64[340,1,1,2])). Argument mapping: (UnspecifiedValue, UnspecifiedValue).
WARNING  jax._src.dispatch:dispatch.py:204 Finished jaxpr to MLIR module conversion jit(subtract) in 0.005127430 sec
WARNING  jax._src.dispatch:dispatch.py:204 Finished XLA compilation of jit(subtract) in 0.036021233 sec
WARNING  jax._src.interpreters.pxla:pxla.py:732 Compiling jit(true_divide) with global shapes and types (ShapedArray(float64[340,1,513,2]), ShapedArray(float64[340,1,1,2])). Argument mapping: (UnspecifiedValue, UnspecifiedValue).
WARNING  jax._src.dispatch:dispatch.py:204 Finished jaxpr to MLIR module conversion jit(true_divide) in 0.005247355 sec
WARNING  jax._src.dispatch:dispatch.py:204 Finished XLA compilation of jit(true_divide) in 0.041110277 sec
WARNING  jax._src.dispatch:dispatch.py:204 Finished tracing dynamic_slice for jit in 0.000293970 sec
WARNING  jax._src.interpreters.pxla:pxla.py:732 Compiling jit(dynamic_slice) with global shapes and types (ShapedArray(float64[340,1,513,2]), ShapedArray(int64[], weak_type=True), ShapedArray(int64[], weak_type=True), ShapedArray(int64[], weak_type=True), ShapedArray(int64[], weak_type=True)). Argument mapping: (UnspecifiedValue, UnspecifiedValue, UnspecifiedValue, UnspecifiedValue, UnspecifiedValue).
WARNING  jax._src.dispatch:dispatch.py:204 Finished jaxpr to MLIR module conversion jit(dynamic_slice) in 0.005338907 sec
WARNING  jax._src.dispatch:dispatch.py:204 Finished XLA compilation of jit(dynamic_slice) in 0.040088892 sec
WARNING  jax._src.dispatch:dispatch.py:204 Finished tracing squeeze for jit in 0.000275373 sec
WARNING  jax._src.interpreters.pxla:pxla.py:732 Compiling jit(squeeze) with global shapes and types (ShapedArray(float64[340,1,513,1]),). Argument mapping: (UnspecifiedValue,).
WARNING  jax._src.dispatch:dispatch.py:204 Finished jaxpr to MLIR module conversion jit(squeeze) in 0.005731344 sec
WARNING  jax._src.dispatch:dispatch.py:204 Finished XLA compilation of jit(squeeze) in 0.038006306 sec
WARNING  jax._src.dispatch:dispatch.py:204 Finished tracing broadcast_in_dim for jit in 0.000259876 sec
WARNING  jax._src.interpreters.pxla:pxla.py:732 Compiling jit(broadcast_in_dim) with global shapes and types (ShapedArray(float64[]),). Argument mapping: (UnspecifiedValue,).
WARNING  jax._src.dispatch:dispatch.py:204 Finished jaxpr to MLIR module conversion jit(broadcast_in_dim) in 0.005209923 sec
WARNING  jax._src.dispatch:dispatch.py:204 Finished XLA compilation of jit(broadcast_in_dim) in 0.025925875 sec
WARNING  jax._src.interpreters.pxla:pxla.py:732 Compiling jit(multiply) with global shapes and types (ShapedArray(float64[340,1,513]), ShapedArray(float64[340,1,513])). Argument mapping: (UnspecifiedValue, UnspecifiedValue).
WARNING  jax._src.dispatch:dispatch.py:204 Finished jaxpr to MLIR module conversion jit(multiply) in 0.005061388 sec
WARNING  jax._src.dispatch:dispatch.py:204 Finished XLA compilation of jit(multiply) in 0.041740894 sec
WARNING  jax._src.dispatch:dispatch.py:204 Finished tracing broadcast_in_dim for jit in 0.000272751 sec
WARNING  jax._src.interpreters.pxla:pxla.py:732 Compiling jit(broadcast_in_dim) with global shapes and types (ShapedArray(float64[1,513]),). Argument mapping: (UnspecifiedValue,).
WARNING  jax._src.dispatch:dispatch.py:204 Finished jaxpr to MLIR module conversion jit(broadcast_in_dim) in 0.005483866 sec
WARNING  jax._src.dispatch:dispatch.py:204 Finished XLA compilation of jit(broadcast_in_dim) in 0.044984579 sec
WARNING  jax._src.dispatch:dispatch.py:204 Finished tracing stack for jit in 0.000303984 sec
WARNING  jax._src.interpreters.pxla:pxla.py:732 Compiling jit(stack) with global shapes and types (ShapedArray(float64[340,1,513]), ShapedArray(float64[340,1,513]), ShapedArray(float64[340,1,513]), ShapedArray(float64[340,1,513]), ShapedArray(float64[340,1,513]), ShapedArray(float64[340,1,513])). Argument mapping: (UnspecifiedValue, UnspecifiedValue, UnspecifiedValue, UnspecifiedValue, UnspecifiedValue, UnspecifiedValue).
WARNING  jax._src.dispatch:dispatch.py:204 Finished jaxpr to MLIR module conversion jit(stack) in 0.005686760 sec
WARNING  jax._src.dispatch:dispatch.py:204 Finished XLA compilation of jit(stack) in 0.094529152 sec
WARNING  jax._src.interpreters.pxla:pxla.py:732 Compiling jit(_einsum) with global shapes and types (ShapedArray(float64[340,1,513,6]), ShapedArray(float64[340,1,1,6])). Argument mapping: (UnspecifiedValue, UnspecifiedValue).
WARNING  jax._src.dispatch:dispatch.py:204 Finished jaxpr to MLIR module conversion jit(_einsum) in 0.005565166 sec
WARNING  jax._src.dispatch:dispatch.py:204 Finished XLA compilation of jit(_einsum) in 0.060466051 sec
WARNING  jax._src.interpreters.pxla:pxla.py:732 Compiling jit(add) with global shapes and types (ShapedArray(float64[340,1,513,2]), ShapedArray(float64[340,1,1,2])). Argument mapping: (UnspecifiedValue, UnspecifiedValue).
WARNING  jax._src.dispatch:dispatch.py:204 Finished jaxpr to MLIR module conversion jit(add) in 0.005357504 sec
WARNING  jax._src.dispatch:dispatch.py:204 Finished XLA compilation of jit(add) in 0.035710573 sec
WARNING  jax._src.interpreters.pxla:pxla.py:732 Compiling jit(add) with global shapes and types (ShapedArray(float64[340,1,513]), ShapedArray(float64[340,1,513])). Argument mapping: (UnspecifiedValue, UnspecifiedValue).
WARNING  jax._src.dispatch:dispatch.py:204 Finished jaxpr to MLIR module conversion jit(add) in 0.005254984 sec
WARNING  jax._src.dispatch:dispatch.py:204 Finished XLA compilation of jit(add) in 0.041701555 sec
WARNING  jax._src.interpreters.pxla:pxla.py:732 Compiling jit(multiply) with global shapes and types (ShapedArray(float64[], weak_type=True), ShapedArray(float64[340,1,513])). Argument mapping: (UnspecifiedValue, UnspecifiedValue).
WARNING  jax._src.dispatch:dispatch.py:204 Finished jaxpr to MLIR module conversion jit(multiply) in 0.005431890 sec
WARNING  jax._src.dispatch:dispatch.py:204 Finished XLA compilation of jit(multiply) in 0.033808231 sec
WARNING  jax._src.interpreters.pxla:pxla.py:732 Compiling jit(subtract) with global shapes and types (ShapedArray(float64[340,1,513]), ShapedArray(float64[340,1,513])). Argument mapping: (UnspecifiedValue, UnspecifiedValue).
WARNING  jax._src.dispatch:dispatch.py:204 Finished jaxpr to MLIR module conversion jit(subtract) in 0.005145311 sec
WARNING  jax._src.dispatch:dispatch.py:204 Finished XLA compilation of jit(subtract) in 0.041913271 sec
WARNING  jax._src.interpreters.pxla:pxla.py:732 Compiling jit(abs) with global shapes and types (ShapedArray(float64[340,1,513]),). Argument mapping: (UnspecifiedValue,).
WARNING  jax._src.dispatch:dispatch.py:204 Finished jaxpr to MLIR module conversion jit(abs) in 0.005218506 sec
WARNING  jax._src.dispatch:dispatch.py:204 Finished XLA compilation of jit(abs) in 0.037834883 sec
WARNING  jax._src.interpreters.pxla:pxla.py:732 Compiling jit(greater) with global shapes and types (ShapedArray(float64[340,1,513]), ShapedArray(float64[])). Argument mapping: (UnspecifiedValue, UnspecifiedValue).
WARNING  jax._src.dispatch:dispatch.py:204 Finished jaxpr to MLIR module conversion jit(greater) in 0.006061792 sec
WARNING  jax._src.dispatch:dispatch.py:204 Finished XLA compilation of jit(greater) in 0.035421848 sec
WARNING  jax._src.interpreters.pxla:pxla.py:732 Compiling jit(_where) with global shapes and types (ShapedArray(bool[340,1,513]), ShapedArray(float64[340,1,513]), ShapedArray(float64[], weak_type=True)). Argument mapping: (UnspecifiedValue, UnspecifiedValue, UnspecifiedValue).
WARNING  jax._src.dispatch:dispatch.py:204 Finished jaxpr to MLIR module conversion jit(_where) in 0.005546331 sec
WARNING  jax._src.dispatch:dispatch.py:204 Finished XLA compilation of jit(_where) in 0.036690712 sec
WARNING  jax._src.interpreters.pxla:pxla.py:732 Compiling jit(maximum) with global shapes and types (ShapedArray(float64[340,1,513]), ShapedArray(float64[], weak_type=True)). Argument mapping: (UnspecifiedValue, UnspecifiedValue).
WARNING  jax._src.dispatch:dispatch.py:204 Finished jaxpr to MLIR module conversion jit(maximum) in 0.005410671 sec
WARNING  jax._src.dispatch:dispatch.py:204 Finished XLA compilation of jit(maximum) in 0.035516977 sec
WARNING  jax._src.interpreters.pxla:pxla.py:732 Compiling jit(sqrt) with global shapes and types (ShapedArray(float64[340,1,513]),). Argument mapping: (UnspecifiedValue,).
WARNING  jax._src.dispatch:dispatch.py:204 Finished jaxpr to MLIR module conversion jit(sqrt) in 0.005038738 sec
WARNING  jax._src.dispatch:dispatch.py:204 Finished XLA compilation of jit(sqrt) in 0.037792683 sec
WARNING  jax._src.interpreters.pxla:pxla.py:732 Compiling jit(negative) with global shapes and types (ShapedArray(float64[340,1,513]),). Argument mapping: (UnspecifiedValue,).
WARNING  jax._src.dispatch:dispatch.py:204 Finished jaxpr to MLIR module conversion jit(negative) in 0.005240917 sec
WARNING  jax._src.dispatch:dispatch.py:204 Finished XLA compilation of jit(negative) in 0.038210869 sec
WARNING  jax._src.interpreters.pxla:pxla.py:732 Compiling jit(true_divide) with global shapes and types (ShapedArray(float64[340,1,513]), ShapedArray(float64[340,1,513])). Argument mapping: (UnspecifiedValue, UnspecifiedValue).
WARNING  jax._src.dispatch:dispatch.py:204 Finished jaxpr to MLIR module conversion jit(true_divide) in 0.005294800 sec
WARNING  jax._src.dispatch:dispatch.py:204 Finished XLA compilation of jit(true_divide) in 0.041794300 sec
WARNING  jax._src.interpreters.pxla:pxla.py:732 Compiling jit(less_equal) with global shapes and types (ShapedArray(float64[340,1,513]), ShapedArray(float64[340,1,513])). Argument mapping: (UnspecifiedValue, UnspecifiedValue).
WARNING  jax._src.dispatch:dispatch.py:204 Finished jaxpr to MLIR module conversion jit(less_equal) in 0.005615711 sec
WARNING  jax._src.dispatch:dispatch.py:204 Finished XLA compilation of jit(less_equal) in 0.045892477 sec
WARNING  jax._src.interpreters.pxla:pxla.py:732 Compiling jit(_where) with global shapes and types (ShapedArray(bool[340,1,513]), ShapedArray(float64[340,1,513]), ShapedArray(float64[340,1,513])). Argument mapping: (UnspecifiedValue, UnspecifiedValue, UnspecifiedValue).
WARNING  jax._src.dispatch:dispatch.py:204 Finished jaxpr to MLIR module conversion jit(_where) in 0.005216599 sec
WARNING  jax._src.dispatch:dispatch.py:204 Finished XLA compilation of jit(_where) in 0.049408674 sec
WARNING  jax._src.interpreters.pxla:pxla.py:732 Compiling jit(_squeeze) with global shapes and types (ShapedArray(float64[1]),). Argument mapping: (UnspecifiedValue,).
WARNING  jax._src.dispatch:dispatch.py:204 Finished jaxpr to MLIR module conversion jit(_squeeze) in 0.005057573 sec
WARNING  jax._src.dispatch:dispatch.py:204 Finished XLA compilation of jit(_squeeze) in 0.006941080 sec
WARNING  jax._src.dispatch:dispatch.py:204 Finished tracing broadcast_in_dim for jit in 0.000155210 sec
WARNING  jax._src.interpreters.pxla:pxla.py:732 Compiling jit(broadcast_in_dim) with global shapes and types (ShapedArray(float64[1]),). Argument mapping: (UnspecifiedValue,).
WARNING  jax._src.dispatch:dispatch.py:204 Finished jaxpr to MLIR module conversion jit(broadcast_in_dim) in 0.004716873 sec
WARNING  jax._src.dispatch:dispatch.py:204 Finished XLA compilation of jit(broadcast_in_dim) in 0.025205851 sec
WARNING  jax._src.dispatch:dispatch.py:204 Finished tracing scatter for jit in 0.000286341 sec
WARNING  jax._src.interpreters.pxla:pxla.py:732 Compiling jit(scatter) with global shapes and types (ShapedArray(float64[340,1,513]), ShapedArray(int32[1]), ShapedArray(float64[340,1])). Argument mapping: (UnspecifiedValue, UnspecifiedValue, UnspecifiedValue).
WARNING  jax._src.dispatch:dispatch.py:204 Finished jaxpr to MLIR module conversion jit(scatter) in 0.005652189 sec
WARNING  jax._src.dispatch:dispatch.py:204 Finished XLA compilation of jit(scatter) in 0.036528349 sec
WARNING  jax._src.dispatch:dispatch.py:204 Finished tracing broadcast_in_dim for jit in 0.000241756 sec
WARNING  jax._src.interpreters.pxla:pxla.py:732 Compiling jit(broadcast_in_dim) with global shapes and types (ShapedArray(float64[340,1,513]),). Argument mapping: (UnspecifiedValue,).
WARNING  jax._src.dispatch:dispatch.py:204 Finished jaxpr to MLIR module conversion jit(broadcast_in_dim) in 0.005458117 sec
WARNING  jax._src.dispatch:dispatch.py:204 Finished XLA compilation of jit(broadcast_in_dim) in 0.037363052 sec
WARNING  jax._src.interpreters.pxla:pxla.py:732 Compiling jit(multiply) with global shapes and types (ShapedArray(float64[340,1,513,1]), ShapedArray(float64[340,1,1,2])). Argument mapping: (UnspecifiedValue, UnspecifiedValue).
WARNING  jax._src.dispatch:dispatch.py:204 Finished jaxpr to MLIR module conversion jit(multiply) in 0.005341291 sec
WARNING  jax._src.dispatch:dispatch.py:204 Finished XLA compilation of jit(multiply) in 0.036969900 sec
WARNING  jax._src.interpreters.pxla:pxla.py:732 Compiling jit(add) with global shapes and types (ShapedArray(float64[340,1,513,2]), ShapedArray(float64[340,1,513,2])). Argument mapping: (UnspecifiedValue, UnspecifiedValue).
WARNING  jax._src.dispatch:dispatch.py:204 Finished jaxpr to MLIR module conversion jit(add) in 0.005210161 sec
WARNING  jax._src.dispatch:dispatch.py:204 Finished XLA compilation of jit(add) in 0.038656235 sec
WARNING  jax._src.dispatch:dispatch.py:204 Finished tracing dynamic_slice for jit in 0.000311613 sec
WARNING  jax._src.interpreters.pxla:pxla.py:732 Compiling jit(dynamic_slice) with global shapes and types (ShapedArray(float64[340,1,513,2]), ShapedArray(int64[], weak_type=True), ShapedArray(int64[], weak_type=True), ShapedArray(int64[], weak_type=True), ShapedArray(int64[], weak_type=True)). Argument mapping: (UnspecifiedValue, UnspecifiedValue, UnspecifiedValue, UnspecifiedValue, UnspecifiedValue).
WARNING  jax._src.dispatch:dispatch.py:204 Finished jaxpr to MLIR module conversion jit(dynamic_slice) in 0.005399466 sec
WARNING  jax._src.dispatch:dispatch.py:204 Finished XLA compilation of jit(dynamic_slice) in 0.037617445 sec
WARNING  jax._src.dispatch:dispatch.py:204 Finished tracing dynamic_slice for jit in 0.000283480 sec
WARNING  jax._src.interpreters.pxla:pxla.py:732 Compiling jit(dynamic_slice) with global shapes and types (ShapedArray(float64[340,1,28,2]), ShapedArray(int64[], weak_type=True), ShapedArray(int64[], weak_type=True), ShapedArray(int64[], weak_type=True), ShapedArray(int64[], weak_type=True)). Argument mapping: (UnspecifiedValue, UnspecifiedValue, UnspecifiedValue, UnspecifiedValue, UnspecifiedValue).
WARNING  jax._src.dispatch:dispatch.py:204 Finished jaxpr to MLIR module conversion jit(dynamic_slice) in 0.005365610 sec
WARNING  jax._src.dispatch:dispatch.py:204 Finished XLA compilation of jit(dynamic_slice) in 0.028917074 sec
WARNING  jax._src.dispatch:dispatch.py:204 Finished tracing concatenate for jit in 0.000257015 sec
WARNING  jax._src.interpreters.pxla:pxla.py:732 Compiling jit(concatenate) with global shapes and types (ShapedArray(float64[340,1,1,2]), ShapedArray(float64[340,1,511,2]), ShapedArray(float64[340,1,27,2])). Argument mapping: (UnspecifiedValue, UnspecifiedValue, UnspecifiedValue).
WARNING  jax._src.dispatch:dispatch.py:204 Finished jaxpr to MLIR module conversion jit(concatenate) in 0.005132437 sec
WARNING  jax._src.dispatch:dispatch.py:204 Finished XLA compilation of jit(concatenate) in 0.016829967 sec
WARNING  jax._src.interpreters.pxla:pxla.py:732 Compiling jit(add) with global shapes and types (ShapedArray(int64[340,1]), ShapedArray(int64[], weak_type=True)). Argument mapping: (UnspecifiedValue, UnspecifiedValue).
WARNING  jax._src.dispatch:dispatch.py:204 Finished jaxpr to MLIR module conversion jit(add) in 0.005217075 sec
WARNING  jax._src.dispatch:dispatch.py:204 Finished XLA compilation of jit(add) in 0.029304981 sec
WARNING  jax._src.interpreters.pxla:pxla.py:732 Compiling jit(_pad) with global shapes and types (ShapedArray(float64[340,1,28,2]), ShapedArray(int64[], weak_type=True)). Argument mapping: (UnspecifiedValue, UnspecifiedValue).
WARNING  jax._src.dispatch:dispatch.py:204 Finished jaxpr to MLIR module conversion jit(_pad) in 0.007512093 sec
WARNING  jax._src.dispatch:dispatch.py:204 Finished XLA compilation of jit(_pad) in 0.035004139 sec
WARNING  jax._src.interpreters.pxla:pxla.py:732 Compiling jit(_pad) with global shapes and types (ShapedArray(bool[340,1,28]), ShapedArray(int64[], weak_type=True)). Argument mapping: (UnspecifiedValue, UnspecifiedValue).
WARNING  jax._src.dispatch:dispatch.py:204 Finished jaxpr to MLIR module conversion jit(_pad) in 0.006084204 sec
WARNING  jax._src.dispatch:dispatch.py:204 Finished XLA compilation of jit(_pad) in 0.028073311 sec
WARNING  jax._src.interpreters.pxla:pxla.py:732 Compiling jit(_where) with global shapes and types (ShapedArray(bool[340,1,1,1]), ShapedArray(float64[340,1,539,2]), ShapedArray(float64[340,1,539,2])). Argument mapping: (UnspecifiedValue, UnspecifiedValue, UnspecifiedValue).
WARNING  jax._src.dispatch:dispatch.py:204 Finished jaxpr to MLIR module conversion jit(_where) in 0.005620956 sec
WARNING  jax._src.dispatch:dispatch.py:204 Finished XLA compilation of jit(_where) in 0.040929556 sec
WARNING  jax._src.dispatch:dispatch.py:204 Finished tracing iota for jit in 0.000235081 sec
WARNING  jax._src.interpreters.pxla:pxla.py:732 Compiling jit(iota) with global shapes and types (). Argument mapping: ().
WARNING  jax._src.dispatch:dispatch.py:204 Finished jaxpr to MLIR module conversion jit(iota) in 0.005278826 sec
WARNING  jax._src.dispatch:dispatch.py:204 Finished XLA compilation of jit(iota) in 0.030386686 sec
WARNING  jax._src.interpreters.pxla:pxla.py:732 Compiling jit(cumsum) with global shapes and types (ShapedArray(bool[340,1,539]),). Argument mapping: (UnspecifiedValue,).
WARNING  jax._src.dispatch:dispatch.py:204 Finished jaxpr to MLIR module conversion jit(cumsum) in 0.006853104 sec
WARNING  jax._src.dispatch:dispatch.py:204 Finished XLA compilation of jit(cumsum) in 0.074930429 sec
WARNING  jax._src.interpreters.pxla:pxla.py:732 Compiling jit(subtract) with global shapes and types (ShapedArray(int64[340,1,539]), ShapedArray(int64[], weak_type=True)). Argument mapping: (UnspecifiedValue, UnspecifiedValue).
WARNING  jax._src.dispatch:dispatch.py:204 Finished jaxpr to MLIR module conversion jit(subtract) in 0.005804539 sec
WARNING  jax._src.dispatch:dispatch.py:204 Finished XLA compilation of jit(subtract) in 0.036165237 sec
WARNING  jax._src.dispatch:dispatch.py:204 Finished tracing broadcast_in_dim for jit in 0.000241041 sec
WARNING  jax._src.interpreters.pxla:pxla.py:732 Compiling jit(broadcast_in_dim) with global shapes and types (ShapedArray(int64[539]),). Argument mapping: (UnspecifiedValue,).
WARNING  jax._src.dispatch:dispatch.py:204 Finished jaxpr to MLIR module conversion jit(broadcast_in_dim) in 0.005342245 sec
WARNING  jax._src.dispatch:dispatch.py:204 Finished XLA compilation of jit(broadcast_in_dim) in 0.007221937 sec
WARNING  jax._src.interpreters.pxla:pxla.py:732 Compiling jit(less) with global shapes and types (ShapedArray(int64[1,539]), ShapedArray(int64[340,1,1])). Argument mapping: (UnspecifiedValue, UnspecifiedValue).
WARNING  jax._src.dispatch:dispatch.py:204 Finished jaxpr to MLIR module conversion jit(less) in 0.004989862 sec
WARNING  jax._src.dispatch:dispatch.py:204 Finished XLA compilation of jit(less) in 0.028796196 sec
WARNING  jax._src.interpreters.pxla:pxla.py:732 Compiling jit(equal) with global shapes and types (ShapedArray(int64[340,1,539]), ShapedArray(int64[2])). Argument mapping: (UnspecifiedValue, UnspecifiedValue).
WARNING  jax._src.dispatch:dispatch.py:204 Finished jaxpr to MLIR module conversion jit(equal) in 0.006157875 sec
WARNING  jax._src.dispatch:dispatch.py:204 Finished XLA compilation of jit(equal) in 0.044291019 sec
WARNING  jax._src.interpreters.pxla:pxla.py:732 Compiling jit(_where) with global shapes and types (ShapedArray(bool[340,1,1]), ShapedArray(bool[340,2,1,539]), ShapedArray(bool[2])). Argument mapping: (UnspecifiedValue, UnspecifiedValue, UnspecifiedValue).
WARNING  jax._src.dispatch:dispatch.py:204 Finished jaxpr to MLIR module conversion jit(_where) in 0.006018877 sec
WARNING  jax._src.dispatch:dispatch.py:204 Finished XLA compilation of jit(_where) in 0.031260967 sec
WARNING  jax._src.interpreters.pxla:pxla.py:732 Compiling jit(bitwise_and) with global shapes and types (ShapedArray(bool[340,1,539]), ShapedArray(bool[340,2,1,539])). Argument mapping: (UnspecifiedValue, UnspecifiedValue).
WARNING  jax._src.dispatch:dispatch.py:204 Finished jaxpr to MLIR module conversion jit(bitwise_and) in 0.005677462 sec
WARNING  jax._src.dispatch:dispatch.py:204 Finished XLA compilation of jit(bitwise_and) in 0.038075686 sec
WARNING  jax._src.interpreters.pxla:pxla.py:732 Compiling jit(cumsum) with global shapes and types (ShapedArray(bool[340,2,1,539]),). Argument mapping: (UnspecifiedValue,).
WARNING  jax._src.dispatch:dispatch.py:204 Finished jaxpr to MLIR module conversion jit(cumsum) in 0.006886482 sec
WARNING  jax._src.dispatch:dispatch.py:204 Finished XLA compilation of jit(cumsum) in 0.099705219 sec
WARNING  jax._src.interpreters.pxla:pxla.py:732 Compiling jit(subtract) with global shapes and types (ShapedArray(int64[340,2,1,539]), ShapedArray(int64[], weak_type=True)). Argument mapping: (UnspecifiedValue, UnspecifiedValue).
WARNING  jax._src.dispatch:dispatch.py:204 Finished jaxpr to MLIR module conversion jit(subtract) in 0.005998135 sec
WARNING  jax._src.dispatch:dispatch.py:204 Finished XLA compilation of jit(subtract) in 0.052999020 sec
WARNING  jax._src.interpreters.pxla:pxla.py:732 Compiling jit(_where) with global shapes and types (ShapedArray(bool[340,2,1,539]), ShapedArray(int64[340,2,1,539]), ShapedArray(int64[], weak_type=True)). Argument mapping: (UnspecifiedValue, UnspecifiedValue, UnspecifiedValue).
WARNING  jax._src.dispatch:dispatch.py:204 Finished jaxpr to MLIR module conversion jit(_where) in 0.005924940 sec
WARNING  jax._src.dispatch:dispatch.py:204 Finished XLA compilation of jit(_where) in 0.050489902 sec
WARNING  jax._src.dispatch:dispatch.py:204 Finished tracing broadcast_in_dim for jit in 0.000259638 sec
WARNING  jax._src.interpreters.pxla:pxla.py:732 Compiling jit(broadcast_in_dim) with global shapes and types (ShapedArray(int64[1,1]),). Argument mapping: (UnspecifiedValue,).
WARNING  jax._src.dispatch:dispatch.py:204 Finished jaxpr to MLIR module conversion jit(broadcast_in_dim) in 0.005658627 sec
WARNING  jax._src.dispatch:dispatch.py:204 Finished XLA compilation of jit(broadcast_in_dim) in 0.026330233 sec
WARNING  jax._src.dispatch:dispatch.py:204 Finished tracing broadcast_in_dim for jit in 0.000262499 sec
WARNING  jax._src.interpreters.pxla:pxla.py:732 Compiling jit(broadcast_in_dim) with global shapes and types (ShapedArray(float64[]),). Argument mapping: (UnspecifiedValue,).
WARNING  jax._src.dispatch:dispatch.py:204 Finished jaxpr to MLIR module conversion jit(broadcast_in_dim) in 0.005159855 sec
WARNING  jax._src.dispatch:dispatch.py:204 Finished XLA compilation of jit(broadcast_in_dim) in 0.024723530 sec
WARNING  jax._src.dispatch:dispatch.py:204 Finished tracing broadcast_in_dim for jit in 0.166997194 sec
WARNING  jax._src.interpreters.pxla:pxla.py:732 Compiling jit(broadcast_in_dim) with global shapes and types (ShapedArray(bool[340,2,1,539]),). Argument mapping: (UnspecifiedValue,).
WARNING  jax._src.dispatch:dispatch.py:204 Finished jaxpr to MLIR module conversion jit(broadcast_in_dim) in 0.005634785 sec
WARNING  jax._src.dispatch:dispatch.py:204 Finished XLA compilation of jit(broadcast_in_dim) in 0.058645487 sec
WARNING  jax._src.interpreters.pxla:pxla.py:732 Compiling jit(_where) with global shapes and types (ShapedArray(bool[340,2,1,539,1]), ShapedArray(float64[340,1,539,2]), ShapedArray(float64[], weak_type=True)). Argument mapping: (UnspecifiedValue, UnspecifiedValue, UnspecifiedValue).
WARNING  jax._src.dispatch:dispatch.py:204 Finished jaxpr to MLIR module conversion jit(_where) in 0.006305933 sec
WARNING  jax._src.dispatch:dispatch.py:204 Finished XLA compilation of jit(_where) in 0.039157629 sec
WARNING  jax._src.interpreters.pxla:pxla.py:732 Compiling jit(less) with global shapes and types (ShapedArray(int64[1,539]), ShapedArray(int64[], weak_type=True)). Argument mapping: (UnspecifiedValue, UnspecifiedValue).
WARNING  jax._src.dispatch:dispatch.py:204 Finished jaxpr to MLIR module conversion jit(less) in 0.005796432 sec
WARNING  jax._src.dispatch:dispatch.py:204 Finished XLA compilation of jit(less) in 0.026713848 sec
WARNING  jax._src.dispatch:dispatch.py:204 Finished tracing add for jit in 0.000245333 sec
WARNING  jax._src.interpreters.pxla:pxla.py:732 Compiling jit(add) with global shapes and types (ShapedArray(int64[1,539]), ShapedArray(int64[])). Argument mapping: (UnspecifiedValue, UnspecifiedValue).
WARNING  jax._src.dispatch:dispatch.py:204 Finished jaxpr to MLIR module conversion jit(add) in 0.005641222 sec
WARNING  jax._src.dispatch:dispatch.py:204 Finished XLA compilation of jit(add) in 0.026524305 sec
WARNING  jax._src.dispatch:dispatch.py:204 Finished tracing select_n for jit in 0.000165701 sec
WARNING  jax._src.interpreters.pxla:pxla.py:732 Compiling jit(select_n) with global shapes and types (ShapedArray(bool[1,539]), ShapedArray(int64[1,539]), ShapedArray(int64[1,539])). Argument mapping: (UnspecifiedValue, UnspecifiedValue, UnspecifiedValue).
WARNING  jax._src.dispatch:dispatch.py:204 Finished jaxpr to MLIR module conversion jit(select_n) in 0.005421162 sec
WARNING  jax._src.dispatch:dispatch.py:204 Finished XLA compilation of jit(select_n) in 0.039025784 sec
WARNING  jax._src.interpreters.pxla:pxla.py:732 Compiling jit(less) with global shapes and types (ShapedArray(int64[340,2,1,539]), ShapedArray(int64[], weak_type=True)). Argument mapping: (UnspecifiedValue, UnspecifiedValue).
WARNING  jax._src.dispatch:dispatch.py:204 Finished jaxpr to MLIR module conversion jit(less) in 0.006008387 sec
WARNING  jax._src.dispatch:dispatch.py:204 Finished XLA compilation of jit(less) in 0.045556784 sec
WARNING  jax._src.dispatch:dispatch.py:204 Finished tracing add for jit in 0.000231743 sec
WARNING  jax._src.interpreters.pxla:pxla.py:732 Compiling jit(add) with global shapes and types (ShapedArray(int64[340,2,1,539]), ShapedArray(int64[])). Argument mapping: (UnspecifiedValue, UnspecifiedValue).
WARNING  jax._src.dispatch:dispatch.py:204 Finished jaxpr to MLIR module conversion jit(add) in 0.005571127 sec
WARNING  jax._src.dispatch:dispatch.py:204 Finished XLA compilation of jit(add) in 0.052856207 sec
WARNING  jax._src.dispatch:dispatch.py:204 Finished tracing select_n for jit in 0.000230074 sec
WARNING  jax._src.interpreters.pxla:pxla.py:732 Compiling jit(select_n) with global shapes and types (ShapedArray(bool[340,2,1,539]), ShapedArray(int64[340,2,1,539]), ShapedArray(int64[340,2,1,539])). Argument mapping: (UnspecifiedValue, UnspecifiedValue, UnspecifiedValue).
WARNING  jax._src.dispatch:dispatch.py:204 Finished jaxpr to MLIR module conversion jit(select_n) in 0.005544662 sec
WARNING  jax._src.dispatch:dispatch.py:204 Finished XLA compilation of jit(select_n) in 0.057457209 sec
WARNING  jax._src.interpreters.pxla:pxla.py:732 Compiling jit(_broadcast_arrays) with global shapes and types (ShapedArray(int64[1,539]), ShapedArray(int64[340,2,1,539])). Argument mapping: (UnspecifiedValue, UnspecifiedValue).
WARNING  jax._src.dispatch:dispatch.py:204 Finished jaxpr to MLIR module conversion jit(_broadcast_arrays) in 0.005276442 sec
WARNING  jax._src.dispatch:dispatch.py:204 Finished XLA compilation of jit(_broadcast_arrays) in 0.007217884 sec
WARNING  jax._src.dispatch:dispatch.py:204 Finished tracing convert_element_type for jit in 0.000219345 sec
WARNING  jax._src.interpreters.pxla:pxla.py:732 Compiling jit(convert_element_type) with global shapes and types (ShapedArray(int64[1,539]),). Argument mapping: (UnspecifiedValue,).
WARNING  jax._src.dispatch:dispatch.py:204 Finished jaxpr to MLIR module conversion jit(convert_element_type) in 0.004710197 sec
WARNING  jax._src.dispatch:dispatch.py:204 Finished XLA compilation of jit(convert_element_type) in 0.033089638 sec
WARNING  jax._src.dispatch:dispatch.py:204 Finished tracing convert_element_type for jit in 0.000254154 sec
WARNING  jax._src.interpreters.pxla:pxla.py:732 Compiling jit(convert_element_type) with global shapes and types (ShapedArray(int64[340,2,1,539]),). Argument mapping: (UnspecifiedValue,).
WARNING  jax._src.dispatch:dispatch.py:204 Finished jaxpr to MLIR module conversion jit(convert_element_type) in 0.005532742 sec
WARNING  jax._src.dispatch:dispatch.py:204 Finished XLA compilation of jit(convert_element_type) in 0.051642656 sec
WARNING  jax._src.dispatch:dispatch.py:204 Finished tracing broadcast_in_dim for jit in 0.000357866 sec
WARNING  jax._src.interpreters.pxla:pxla.py:732 Compiling jit(broadcast_in_dim) with global shapes and types (ShapedArray(int32[1,539]),). Argument mapping: (UnspecifiedValue,).
WARNING  jax._src.dispatch:dispatch.py:204 Finished jaxpr to MLIR module conversion jit(broadcast_in_dim) in 0.005570889 sec
WARNING  jax._src.dispatch:dispatch.py:204 Finished XLA compilation of jit(broadcast_in_dim) in 0.007348537 sec
WARNING  jax._src.dispatch:dispatch.py:204 Finished tracing broadcast_in_dim for jit in 0.000269175 sec
WARNING  jax._src.interpreters.pxla:pxla.py:732 Compiling jit(broadcast_in_dim) with global shapes and types (ShapedArray(int32[340,2,1,539]),). Argument mapping: (UnspecifiedValue,).
WARNING  jax._src.dispatch:dispatch.py:204 Finished jaxpr to MLIR module conversion jit(broadcast_in_dim) in 0.004680634 sec
WARNING  jax._src.dispatch:dispatch.py:204 Finished XLA compilation of jit(broadcast_in_dim) in 0.043098927 sec
WARNING  jax._src.dispatch:dispatch.py:204 Finished tracing broadcast_in_dim for jit in 0.000324965 sec
WARNING  jax._src.interpreters.pxla:pxla.py:732 Compiling jit(broadcast_in_dim) with global shapes and types (ShapedArray(int32[1,539,1]),). Argument mapping: (UnspecifiedValue,).
WARNING  jax._src.dispatch:dispatch.py:204 Finished jaxpr to MLIR module conversion jit(broadcast_in_dim) in 0.005636692 sec
WARNING  jax._src.dispatch:dispatch.py:204 Finished XLA compilation of jit(broadcast_in_dim) in 0.032942057 sec
WARNING  jax._src.dispatch:dispatch.py:204 Finished tracing broadcast_in_dim for jit in 0.000292063 sec
WARNING  jax._src.interpreters.pxla:pxla.py:732 Compiling jit(broadcast_in_dim) with global shapes and types (ShapedArray(int32[2,1,539,1]),). Argument mapping: (UnspecifiedValue,).
WARNING  jax._src.dispatch:dispatch.py:204 Finished jaxpr to MLIR module conversion jit(broadcast_in_dim) in 0.005256176 sec
WARNING  jax._src.dispatch:dispatch.py:204 Finished XLA compilation of jit(broadcast_in_dim) in 0.041585684 sec
WARNING  jax._src.dispatch:dispatch.py:204 Finished tracing concatenate for jit in 0.000257730 sec
WARNING  jax._src.interpreters.pxla:pxla.py:732 Compiling jit(concatenate) with global shapes and types (ShapedArray(int32[340,2,1,539,1]), ShapedArray(int32[340,2,1,539,1])). Argument mapping: (UnspecifiedValue, UnspecifiedValue).
WARNING  jax._src.dispatch:dispatch.py:204 Finished jaxpr to MLIR module conversion jit(concatenate) in 0.005231380 sec
WARNING  jax._src.dispatch:dispatch.py:204 Finished XLA compilation of jit(concatenate) in 0.023146152 sec
WARNING  jax._src.interpreters.pxla:pxla.py:732 Compiling jit(_squeeze) with global shapes and types (ShapedArray(float64[340,2,1,539,2]),). Argument mapping: (UnspecifiedValue,).
WARNING  jax._src.dispatch:dispatch.py:204 Finished jaxpr to MLIR module conversion jit(_squeeze) in 0.005439043 sec
WARNING  jax._src.dispatch:dispatch.py:204 Finished XLA compilation of jit(_squeeze) in 0.007882118 sec
WARNING  jax._src.dispatch:dispatch.py:204 Finished tracing broadcast_in_dim for jit in 0.000188351 sec
WARNING  jax._src.interpreters.pxla:pxla.py:732 Compiling jit(broadcast_in_dim) with global shapes and types (ShapedArray(float64[1,539,2]),). Argument mapping: (UnspecifiedValue,).
WARNING  jax._src.dispatch:dispatch.py:204 Finished jaxpr to MLIR module conversion jit(broadcast_in_dim) in 0.005215168 sec
WARNING  jax._src.dispatch:dispatch.py:204 Finished XLA compilation of jit(broadcast_in_dim) in 0.026319981 sec
WARNING  jax._src.dispatch:dispatch.py:204 Finished tracing broadcast_in_dim for jit in 0.000160694 sec
WARNING  jax._src.interpreters.pxla:pxla.py:732 Compiling jit(broadcast_in_dim) with global shapes and types (ShapedArray(float64[2,1,539,2]),). Argument mapping: (UnspecifiedValue,).
WARNING  jax._src.dispatch:dispatch.py:204 Finished jaxpr to MLIR module conversion jit(broadcast_in_dim) in 0.005136728 sec
WARNING  jax._src.dispatch:dispatch.py:204 Finished XLA compilation of jit(broadcast_in_dim) in 0.035588741 sec
WARNING  jax._src.dispatch:dispatch.py:204 Finished tracing scatter-add for jit in 0.000324011 sec
WARNING  jax._src.interpreters.pxla:pxla.py:732 Compiling jit(scatter-add) with global shapes and types (ShapedArray(float64[340,2,1,539,2]), ShapedArray(int32[340,2,1,539,2]), ShapedArray(float64[340,2,1,539,2])). Argument mapping: (UnspecifiedValue, UnspecifiedValue, UnspecifiedValue).
WARNING  jax._src.dispatch:dispatch.py:204 Finished jaxpr to MLIR module conversion jit(scatter-add) in 0.005665302 sec
WARNING  jax._src.dispatch:dispatch.py:204 Finished XLA compilation of jit(scatter-add) in 0.067433119 sec
WARNING  jax._src.interpreters.pxla:pxla.py:732 Compiling jit(_reduce_sum) with global shapes and types (ShapedArray(bool[340,2,1,539]),). Argument mapping: (UnspecifiedValue,).
WARNING  jax._src.dispatch:dispatch.py:204 Finished jaxpr to MLIR module conversion jit(_reduce_sum) in 0.006024361 sec
WARNING  jax._src.dispatch:dispatch.py:204 Finished XLA compilation of jit(_reduce_sum) in 0.099014044 sec
WARNING  jax._src.interpreters.pxla:pxla.py:732 Compiling jit(_moveaxis) with global shapes and types (ShapedArray(float64[340,2,1,539,2]),). Argument mapping: (UnspecifiedValue,).
WARNING  jax._src.dispatch:dispatch.py:204 Finished jaxpr to MLIR module conversion jit(_moveaxis) in 0.005448580 sec
WARNING  jax._src.dispatch:dispatch.py:204 Finished XLA compilation of jit(_moveaxis) in 0.041775227 sec
WARNING  jax._src.interpreters.pxla:pxla.py:732 Compiling jit(_reduce_sum) with global shapes and types (ShapedArray(float64[340,1,26]),). Argument mapping: (UnspecifiedValue,).
WARNING  jax._src.dispatch:dispatch.py:204 Finished jaxpr to MLIR module conversion jit(_reduce_sum) in 0.005523682 sec
WARNING  jax._src.dispatch:dispatch.py:204 Finished XLA compilation of jit(_reduce_sum) in 0.009689093 sec
WARNING  jax._src.dispatch:dispatch.py:204 Finished tracing integer_pow for jit in 0.000215530 sec
WARNING  jax._src.interpreters.pxla:pxla.py:732 Compiling jit(integer_pow) with global shapes and types (ShapedArray(float64[340,1,26]),). Argument mapping: (UnspecifiedValue,).
WARNING  jax._src.dispatch:dispatch.py:204 Finished jaxpr to MLIR module conversion jit(integer_pow) in 0.004551172 sec
WARNING  jax._src.dispatch:dispatch.py:204 Finished XLA compilation of jit(integer_pow) in 0.034157991 sec
WARNING  jax._src.dispatch:dispatch.py:204 Finished tracing reshape for jit in 0.000248194 sec
WARNING  jax._src.interpreters.pxla:pxla.py:732 Compiling jit(reshape) with global shapes and types (ShapedArray(float64[340,1,2,539,2]),). Argument mapping: (UnspecifiedValue,).
WARNING  jax._src.dispatch:dispatch.py:204 Finished jaxpr to MLIR module conversion jit(reshape) in 0.005164385 sec
WARNING  jax._src.dispatch:dispatch.py:204 Finished XLA compilation of jit(reshape) in 0.008178473 sec
WARNING  jax._src.interpreters.pxla:pxla.py:732 Compiling jit(less) with global shapes and types (ShapedArray(int64[1,539]), ShapedArray(int64[340,2,1])). Argument mapping: (UnspecifiedValue, UnspecifiedValue).
WARNING  jax._src.dispatch:dispatch.py:204 Finished jaxpr to MLIR module conversion jit(less) in 0.005286694 sec
WARNING  jax._src.dispatch:dispatch.py:204 Finished XLA compilation of jit(less) in 0.031904221 sec
WARNING  jax._src.interpreters.pxla:pxla.py:732 Compiling jit(add) with global shapes and types (ShapedArray(int64[1,539]), ShapedArray(int64[], weak_type=True)). Argument mapping: (UnspecifiedValue, UnspecifiedValue).
WARNING  jax._src.dispatch:dispatch.py:204 Finished jaxpr to MLIR module conversion jit(add) in 0.005476475 sec
WARNING  jax._src.dispatch:dispatch.py:204 Finished XLA compilation of jit(add) in 0.025830030 sec
WARNING  jax._src.interpreters.pxla:pxla.py:732 Compiling jit(_where) with global shapes and types (ShapedArray(bool[340,2,539]), ShapedArray(int64[1,539]), ShapedArray(int64[], weak_type=True)). Argument mapping: (UnspecifiedValue, UnspecifiedValue, UnspecifiedValue).
WARNING  jax._src.dispatch:dispatch.py:204 Finished jaxpr to MLIR module conversion jit(_where) in 0.005710602 sec
WARNING  jax._src.dispatch:dispatch.py:204 Finished XLA compilation of jit(_where) in 0.042432070 sec
WARNING  jax._src.dispatch:dispatch.py:204 Finished tracing broadcast_in_dim for jit in 0.000302315 sec
WARNING  jax._src.interpreters.pxla:pxla.py:732 Compiling jit(broadcast_in_dim) with global shapes and types (ShapedArray(int64[340,2,539]),). Argument mapping: (UnspecifiedValue,).
WARNING  jax._src.dispatch:dispatch.py:204 Finished jaxpr to MLIR module conversion jit(broadcast_in_dim) in 0.005510330 sec
WARNING  jax._src.dispatch:dispatch.py:204 Finished XLA compilation of jit(broadcast_in_dim) in 0.040763140 sec
WARNING  jax._src.interpreters.pxla:pxla.py:732 Compiling jit(take_along_axis) with global shapes and types (ShapedArray(float64[340,2,539,2]), ShapedArray(int64[340,2,539,1])). Argument mapping: (UnspecifiedValue, UnspecifiedValue).
WARNING  jax._src.dispatch:dispatch.py:204 Finished jaxpr to MLIR module conversion jit(take_along_axis) in 0.009198427 sec
WARNING  jax._src.dispatch:dispatch.py:204 Finished XLA compilation of jit(take_along_axis) in 0.049732924 sec
WARNING  jax._src.interpreters.pxla:pxla.py:732 Compiling jit(subtract) with global shapes and types (ShapedArray(float64[340,2,539,2]), ShapedArray(float64[340,2,1,2])). Argument mapping: (UnspecifiedValue, UnspecifiedValue).
WARNING  jax._src.dispatch:dispatch.py:204 Finished jaxpr to MLIR module conversion jit(subtract) in 0.005465746 sec
WARNING  jax._src.dispatch:dispatch.py:204 Finished XLA compilation of jit(subtract) in 0.039399862 sec
WARNING  jax._src.dispatch:dispatch.py:204 Finished tracing dynamic_slice for jit in 0.000265598 sec
WARNING  jax._src.interpreters.pxla:pxla.py:732 Compiling jit(dynamic_slice) with global shapes and types (ShapedArray(float64[340,2,539,2]), ShapedArray(int64[], weak_type=True), ShapedArray(int64[], weak_type=True), ShapedArray(int64[], weak_type=True), ShapedArray(int64[], weak_type=True)). Argument mapping: (UnspecifiedValue, UnspecifiedValue, UnspecifiedValue, UnspecifiedValue, UnspecifiedValue).
WARNING  jax._src.dispatch:dispatch.py:204 Finished jaxpr to MLIR module conversion jit(dynamic_slice) in 0.005420923 sec
WARNING  jax._src.dispatch:dispatch.py:204 Finished XLA compilation of jit(dynamic_slice) in 0.061339140 sec
WARNING  jax._src.dispatch:dispatch.py:204 Finished tracing squeeze for jit in 0.000226021 sec
WARNING  jax._src.interpreters.pxla:pxla.py:732 Compiling jit(squeeze) with global shapes and types (ShapedArray(float64[340,2,539,1]),). Argument mapping: (UnspecifiedValue,).
WARNING  jax._src.dispatch:dispatch.py:204 Finished jaxpr to MLIR module conversion jit(squeeze) in 0.005439520 sec
WARNING  jax._src.dispatch:dispatch.py:204 Finished XLA compilation of jit(squeeze) in 0.007399321 sec
WARNING  jax._src.interpreters.pxla:pxla.py:732 Compiling jit(multiply) with global shapes and types (ShapedArray(float64[340,2,539]), ShapedArray(float64[340,2,539])). Argument mapping: (UnspecifiedValue, UnspecifiedValue).
WARNING  jax._src.dispatch:dispatch.py:204 Finished jaxpr to MLIR module conversion jit(multiply) in 0.005184889 sec
WARNING  jax._src.dispatch:dispatch.py:204 Finished XLA compilation of jit(multiply) in 0.045060396 sec
WARNING  jax._src.interpreters.pxla:pxla.py:732 Compiling jit(subtract) with global shapes and types (ShapedArray(float64[340,2,539]), ShapedArray(float64[340,2,539])). Argument mapping: (UnspecifiedValue, UnspecifiedValue).
WARNING  jax._src.dispatch:dispatch.py:204 Finished jaxpr to MLIR module conversion jit(subtract) in 0.005172729 sec
WARNING  jax._src.dispatch:dispatch.py:204 Finished XLA compilation of jit(subtract) in 0.046040535 sec
WARNING  jax._src.interpreters.pxla:pxla.py:732 Compiling jit(_where) with global shapes and types (ShapedArray(bool[340,2,539]), ShapedArray(float64[340,2,539]), ShapedArray(float64[], weak_type=True)). Argument mapping: (UnspecifiedValue, UnspecifiedValue, UnspecifiedValue).
WARNING  jax._src.dispatch:dispatch.py:204 Finished jaxpr to MLIR module conversion jit(_where) in 0.005811453 sec
WARNING  jax._src.dispatch:dispatch.py:204 Finished XLA compilation of jit(_where) in 0.049361229 sec
WARNING  jax._src.interpreters.pxla:pxla.py:732 Compiling jit(_reduce_sum) with global shapes and types (ShapedArray(float64[340,2,539]),). Argument mapping: (UnspecifiedValue,).
WARNING  jax._src.dispatch:dispatch.py:204 Finished jaxpr to MLIR module conversion jit(_reduce_sum) in 0.005568027 sec
WARNING  jax._src.dispatch:dispatch.py:204 Finished XLA compilation of jit(_reduce_sum) in 0.008039474 sec
WARNING  jax._src.interpreters.pxla:pxla.py:732 Compiling jit(add) with global shapes and types (ShapedArray(float64[340,2,539]), ShapedArray(float64[340,2,539])). Argument mapping: (UnspecifiedValue, UnspecifiedValue).
WARNING  jax._src.dispatch:dispatch.py:204 Finished jaxpr to MLIR module conversion jit(add) in 0.004657030 sec
WARNING  jax._src.dispatch:dispatch.py:204 Finished XLA compilation of jit(add) in 0.046236515 sec
WARNING  jax._src.dispatch:dispatch.py:204 Finished tracing integer_pow for jit in 0.000276089 sec
WARNING  jax._src.interpreters.pxla:pxla.py:732 Compiling jit(integer_pow) with global shapes and types (ShapedArray(float64[340,2,539]),). Argument mapping: (UnspecifiedValue,).
WARNING  jax._src.dispatch:dispatch.py:204 Finished jaxpr to MLIR module conversion jit(integer_pow) in 0.005286932 sec
WARNING  jax._src.dispatch:dispatch.py:204 Finished XLA compilation of jit(integer_pow) in 0.041649103 sec
WARNING  jax._src.interpreters.pxla:pxla.py:732 Compiling jit(multiply) with global shapes and types (ShapedArray(float64[], weak_type=True), ShapedArray(float64[340,2,539])). Argument mapping: (UnspecifiedValue, UnspecifiedValue).
WARNING  jax._src.dispatch:dispatch.py:204 Finished jaxpr to MLIR module conversion jit(multiply) in 0.005974770 sec
WARNING  jax._src.dispatch:dispatch.py:204 Finished XLA compilation of jit(multiply) in 0.052202225 sec
WARNING  jax._src.interpreters.pxla:pxla.py:732 Compiling jit(_where) with global shapes and types (ShapedArray(bool[340,1,1,1]), ShapedArray(float64[340,1,539,2]), ShapedArray(float64[], weak_type=True)). Argument mapping: (UnspecifiedValue, UnspecifiedValue, UnspecifiedValue).
WARNING  jax._src.dispatch:dispatch.py:204 Finished jaxpr to MLIR module conversion jit(_where) in 0.006097078 sec
WARNING  jax._src.dispatch:dispatch.py:204 Finished XLA compilation of jit(_where) in 0.039517879 sec
WARNING  jax._src.interpreters.pxla:pxla.py:732 Compiling jit(multiply) with global shapes and types (ShapedArray(float64[340,1,26]), ShapedArray(float64[340,1,1])). Argument mapping: (UnspecifiedValue, UnspecifiedValue).
WARNING  jax._src.dispatch:dispatch.py:204 Finished jaxpr to MLIR module conversion jit(multiply) in 0.005470991 sec
WARNING  jax._src.dispatch:dispatch.py:204 Finished XLA compilation of jit(multiply) in 0.032540321 sec
WARNING  jax._src.interpreters.pxla:pxla.py:732 Compiling jit(multiply) with global shapes and types (ShapedArray(float64[340,1,1]), ShapedArray(float64[340,1,26])). Argument mapping: (UnspecifiedValue, UnspecifiedValue).
WARNING  jax._src.dispatch:dispatch.py:204 Finished jaxpr to MLIR module conversion jit(multiply) in 0.005485296 sec
WARNING  jax._src.dispatch:dispatch.py:204 Finished XLA compilation of jit(multiply) in 0.033169508 sec
WARNING  jax._src.interpreters.pxla:pxla.py:732 Compiling jit(_where) with global shapes and types (ShapedArray(bool[340,1,1]), ShapedArray(float64[340,1,26]), ShapedArray(float64[340,1,26])). Argument mapping: (UnspecifiedValue, UnspecifiedValue, UnspecifiedValue).
WARNING  jax._src.dispatch:dispatch.py:204 Finished jaxpr to MLIR module conversion jit(_where) in 0.005571127 sec
WARNING  jax._src.dispatch:dispatch.py:204 Finished XLA compilation of jit(_where) in 0.033838749 sec
WARNING  jax._src.dispatch:dispatch.py:204 Finished tracing squeeze for jit in 0.000262499 sec
WARNING  jax._src.interpreters.pxla:pxla.py:732 Compiling jit(squeeze) with global shapes and types (ShapedArray(float64[340,1,539,2]),). Argument mapping: (UnspecifiedValue,).
WARNING  jax._src.dispatch:dispatch.py:204 Finished jaxpr to MLIR module conversion jit(squeeze) in 0.005437136 sec
WARNING  jax._src.dispatch:dispatch.py:204 Finished XLA compilation of jit(squeeze) in 0.007663727 sec
WARNING  jax._src.dispatch:dispatch.py:204 Finished tracing squeeze for jit in 0.000227451 sec
WARNING  jax._src.interpreters.pxla:pxla.py:732 Compiling jit(squeeze) with global shapes and types (ShapedArray(float64[340,1,2,539,2]),). Argument mapping: (UnspecifiedValue,).
WARNING  jax._src.dispatch:dispatch.py:204 Finished jaxpr to MLIR module conversion jit(squeeze) in 0.004793406 sec
WARNING  jax._src.dispatch:dispatch.py:204 Finished XLA compilation of jit(squeeze) in 0.007465839 sec
WARNING  jax._src.dispatch:dispatch.py:204 Finished tracing dynamic_slice for jit in 0.000266075 sec
WARNING  jax._src.interpreters.pxla:pxla.py:732 Compiling jit(dynamic_slice) with global shapes and types (ShapedArray(float64[340,539,2]), ShapedArray(int64[], weak_type=True), ShapedArray(int64[], weak_type=True), ShapedArray(int64[], weak_type=True)). Argument mapping: (UnspecifiedValue, UnspecifiedValue, UnspecifiedValue, UnspecifiedValue).
WARNING  jax._src.dispatch:dispatch.py:204 Finished jaxpr to MLIR module conversion jit(dynamic_slice) in 0.005773306 sec
WARNING  jax._src.dispatch:dispatch.py:204 Finished XLA compilation of jit(dynamic_slice) in 0.028061867 sec
WARNING  jax._src.dispatch:dispatch.py:204 Finished tracing minimum for jit in 0.000365257 sec
WARNING  jax._src.interpreters.pxla:pxla.py:732 Compiling jit(minimum) with global shapes and types (ShapedArray(int64[340]), ShapedArray(int64[], weak_type=True)). Argument mapping: (UnspecifiedValue, UnspecifiedValue).
WARNING  jax._src.dispatch:dispatch.py:204 Finished jaxpr to MLIR module conversion jit(minimum) in 0.005582094 sec
WARNING  jax._src.dispatch:dispatch.py:204 Finished XLA compilation of jit(minimum) in 0.030193090 sec
WARNING  jax._src.dispatch:dispatch.py:204 Finished tracing iota for jit in 0.000247955 sec
WARNING  jax._src.interpreters.pxla:pxla.py:732 Compiling jit(iota) with global shapes and types (). Argument mapping: ().
WARNING  jax._src.dispatch:dispatch.py:204 Finished jaxpr to MLIR module conversion jit(iota) in 0.005367517 sec
WARNING  jax._src.dispatch:dispatch.py:204 Finished XLA compilation of jit(iota) in 0.029832363 sec
WARNING  jax._src.dispatch:dispatch.py:204 Finished tracing add for jit in 0.000290394 sec
WARNING  jax._src.interpreters.pxla:pxla.py:732 Compiling jit(add) with global shapes and types (ShapedArray(int64[]), ShapedArray(int64[22])). Argument mapping: (UnspecifiedValue, UnspecifiedValue).
WARNING  jax._src.dispatch:dispatch.py:204 Finished jaxpr to MLIR module conversion jit(add) in 0.005795002 sec
WARNING  jax._src.dispatch:dispatch.py:204 Finished XLA compilation of jit(add) in 0.024188757 sec
WARNING  jax._src.dispatch:dispatch.py:204 Finished tracing dynamic_slice for jit in 0.000276804 sec
WARNING  jax._src.interpreters.pxla:pxla.py:732 Compiling jit(dynamic_slice) with global shapes and types (ShapedArray(float64[340,24,2]), ShapedArray(int64[], weak_type=True), ShapedArray(int64[], weak_type=True), ShapedArray(int64[], weak_type=True)). Argument mapping: (UnspecifiedValue, UnspecifiedValue, UnspecifiedValue, UnspecifiedValue).
WARNING  jax._src.dispatch:dispatch.py:204 Finished jaxpr to MLIR module conversion jit(dynamic_slice) in 0.005497694 sec
WARNING  jax._src.dispatch:dispatch.py:204 Finished XLA compilation of jit(dynamic_slice) in 0.026191950 sec
WARNING  jax._src.dispatch:dispatch.py:204 Finished tracing broadcast_in_dim for jit in 0.000305653 sec
WARNING  jax._src.interpreters.pxla:pxla.py:732 Compiling jit(broadcast_in_dim) with global shapes and types (ShapedArray(float64[340,1,2]),). Argument mapping: (UnspecifiedValue,).
WARNING  jax._src.dispatch:dispatch.py:204 Finished jaxpr to MLIR module conversion jit(broadcast_in_dim) in 0.005434275 sec
WARNING  jax._src.dispatch:dispatch.py:204 Finished XLA compilation of jit(broadcast_in_dim) in 0.025745630 sec
WARNING  jax._src.dispatch:dispatch.py:204 Finished tracing less for jit in 0.000371933 sec
WARNING  jax._src.interpreters.pxla:pxla.py:732 Compiling jit(less) with global shapes and types (ShapedArray(int64[22]), ShapedArray(int64[], weak_type=True)). Argument mapping: (UnspecifiedValue, UnspecifiedValue).
WARNING  jax._src.dispatch:dispatch.py:204 Finished jaxpr to MLIR module conversion jit(less) in 0.005737543 sec
WARNING  jax._src.dispatch:dispatch.py:204 Finished XLA compilation of jit(less) in 0.024405718 sec
WARNING  jax._src.dispatch:dispatch.py:204 Finished tracing add for jit in 0.000283957 sec
WARNING  jax._src.interpreters.pxla:pxla.py:732 Compiling jit(add) with global shapes and types (ShapedArray(int64[22]), ShapedArray(int64[])). Argument mapping: (UnspecifiedValue, UnspecifiedValue).
WARNING  jax._src.dispatch:dispatch.py:204 Finished jaxpr to MLIR module conversion jit(add) in 0.005271196 sec
WARNING  jax._src.dispatch:dispatch.py:204 Finished XLA compilation of jit(add) in 0.023782969 sec
WARNING  jax._src.dispatch:dispatch.py:204 Finished tracing select_n for jit in 0.000270605 sec
WARNING  jax._src.interpreters.pxla:pxla.py:732 Compiling jit(select_n) with global shapes and types (ShapedArray(bool[22]), ShapedArray(int64[22]), ShapedArray(int64[22])). Argument mapping: (UnspecifiedValue, UnspecifiedValue, UnspecifiedValue).
WARNING  jax._src.dispatch:dispatch.py:204 Finished jaxpr to MLIR module conversion jit(select_n) in 0.005130529 sec
WARNING  jax._src.dispatch:dispatch.py:204 Finished XLA compilation of jit(select_n) in 0.034908533 sec
WARNING  jax._src.dispatch:dispatch.py:204 Finished tracing _broadcast_arrays for jit in 0.000121355 sec
WARNING  jax._src.interpreters.pxla:pxla.py:732 Compiling jit(_broadcast_arrays) with global shapes and types (ShapedArray(int64[22]),). Argument mapping: (UnspecifiedValue,).
WARNING  jax._src.dispatch:dispatch.py:204 Finished jaxpr to MLIR module conversion jit(_broadcast_arrays) in 0.005107164 sec
WARNING  jax._src.dispatch:dispatch.py:204 Finished XLA compilation of jit(_broadcast_arrays) in 0.006921291 sec
WARNING  jax._src.dispatch:dispatch.py:204 Finished tracing convert_element_type for jit in 0.000289679 sec
WARNING  jax._src.interpreters.pxla:pxla.py:732 Compiling jit(convert_element_type) with global shapes and types (ShapedArray(int64[22]),). Argument mapping: (UnspecifiedValue,).
WARNING  jax._src.dispatch:dispatch.py:204 Finished jaxpr to MLIR module conversion jit(convert_element_type) in 0.004415274 sec
WARNING  jax._src.dispatch:dispatch.py:204 Finished XLA compilation of jit(convert_element_type) in 0.029063702 sec
WARNING  jax._src.dispatch:dispatch.py:204 Finished tracing broadcast_in_dim for jit in 0.000376940 sec
WARNING  jax._src.interpreters.pxla:pxla.py:732 Compiling jit(broadcast_in_dim) with global shapes and types (ShapedArray(int32[22]),). Argument mapping: (UnspecifiedValue,).
WARNING  jax._src.dispatch:dispatch.py:204 Finished jaxpr to MLIR module conversion jit(broadcast_in_dim) in 0.005307674 sec
WARNING  jax._src.dispatch:dispatch.py:204 Finished XLA compilation of jit(broadcast_in_dim) in 0.007491827 sec
WARNING  jax._src.dispatch:dispatch.py:204 Finished tracing gather for jit in 0.000262976 sec
WARNING  jax._src.interpreters.pxla:pxla.py:732 Compiling jit(gather) with global shapes and types (ShapedArray(float64[340,24,2]), ShapedArray(int32[22,1])). Argument mapping: (UnspecifiedValue, UnspecifiedValue).
WARNING  jax._src.dispatch:dispatch.py:204 Finished jaxpr to MLIR module conversion jit(gather) in 0.004959345 sec
WARNING  jax._src.dispatch:dispatch.py:204 Finished XLA compilation of jit(gather) in 0.029664278 sec
WARNING  jax._src.dispatch:dispatch.py:204 Finished tracing broadcast_in_dim for jit in 0.000294447 sec
WARNING  jax._src.interpreters.pxla:pxla.py:732 Compiling jit(broadcast_in_dim) with global shapes and types (ShapedArray(float64[340,22,2]),). Argument mapping: (UnspecifiedValue,).
WARNING  jax._src.dispatch:dispatch.py:204 Finished jaxpr to MLIR module conversion jit(broadcast_in_dim) in 0.004934788 sec
WARNING  jax._src.dispatch:dispatch.py:204 Finished XLA compilation of jit(broadcast_in_dim) in 0.006956816 sec
WARNING  jax._src.dispatch:dispatch.py:204 Finished tracing add for jit in 0.000260592 sec
WARNING  jax._src.interpreters.pxla:pxla.py:732 Compiling jit(add) with global shapes and types (ShapedArray(int64[22]), ShapedArray(int64[], weak_type=True)). Argument mapping: (UnspecifiedValue, UnspecifiedValue).
WARNING  jax._src.dispatch:dispatch.py:204 Finished jaxpr to MLIR module conversion jit(add) in 0.004803181 sec
WARNING  jax._src.dispatch:dispatch.py:204 Finished XLA compilation of jit(add) in 0.023287058 sec
WARNING  jax._src.dispatch:dispatch.py:204 Finished tracing broadcast_in_dim for jit in 0.000289679 sec
WARNING  jax._src.interpreters.pxla:pxla.py:732 Compiling jit(broadcast_in_dim) with global shapes and types (ShapedArray(float64[8]),). Argument mapping: (UnspecifiedValue,).
WARNING  jax._src.dispatch:dispatch.py:204 Finished jaxpr to MLIR module conversion jit(broadcast_in_dim) in 0.005320787 sec
WARNING  jax._src.dispatch:dispatch.py:204 Finished XLA compilation of jit(broadcast_in_dim) in 0.024065971 sec
WARNING  jax._src.dispatch:dispatch.py:204 Finished tracing broadcast_in_dim for jit in 0.000280857 sec
WARNING  jax._src.interpreters.pxla:pxla.py:732 Compiling jit(broadcast_in_dim) with global shapes and types (ShapedArray(float64[8]),). Argument mapping: (UnspecifiedValue,).
WARNING  jax._src.dispatch:dispatch.py:204 Finished jaxpr to MLIR module conversion jit(broadcast_in_dim) in 0.005292177 sec
WARNING  jax._src.dispatch:dispatch.py:204 Finished XLA compilation of jit(broadcast_in_dim) in 0.023954630 sec
WARNING  jax._src.dispatch:dispatch.py:204 Finished tracing reshape for jit in 0.000272274 sec
WARNING  jax._src.interpreters.pxla:pxla.py:732 Compiling jit(reshape) with global shapes and types (ShapedArray(float64[8,8]),). Argument mapping: (UnspecifiedValue,).
WARNING  jax._src.dispatch:dispatch.py:204 Finished jaxpr to MLIR module conversion jit(reshape) in 0.005105257 sec
WARNING  jax._src.dispatch:dispatch.py:204 Finished XLA compilation of jit(reshape) in 0.007082462 sec
WARNING  jax._src.dispatch:dispatch.py:204 Finished tracing multiply for jit in 0.000293732 sec
WARNING  jax._src.interpreters.pxla:pxla.py:732 Compiling jit(multiply) with global shapes and types (ShapedArray(float64[8,8]), ShapedArray(float64[8,8])). Argument mapping: (UnspecifiedValue, UnspecifiedValue).
WARNING  jax._src.dispatch:dispatch.py:204 Finished jaxpr to MLIR module conversion jit(multiply) in 0.004364729 sec
WARNING  jax._src.dispatch:dispatch.py:204 Finished XLA compilation of jit(multiply) in 0.031922340 sec
WARNING  jax._src.dispatch:dispatch.py:204 Finished tracing subtract for jit in 0.000326395 sec
WARNING  jax._src.interpreters.pxla:pxla.py:732 Compiling jit(subtract) with global shapes and types (ShapedArray(float64[340,22,2]), ShapedArray(float64[340,22,2])). Argument mapping: (UnspecifiedValue, UnspecifiedValue).
WARNING  jax._src.dispatch:dispatch.py:204 Finished jaxpr to MLIR module conversion jit(subtract) in 0.005279303 sec
WARNING  jax._src.dispatch:dispatch.py:204 Finished XLA compilation of jit(subtract) in 0.034611940 sec
WARNING  jax._src.dispatch:dispatch.py:204 Finished tracing broadcast_in_dim for jit in 0.000358582 sec
WARNING  jax._src.interpreters.pxla:pxla.py:732 Compiling jit(broadcast_in_dim) with global shapes and types (ShapedArray(float64[340,22,2]),). Argument mapping: (UnspecifiedValue,).
WARNING  jax._src.dispatch:dispatch.py:204 Finished jaxpr to MLIR module conversion jit(broadcast_in_dim) in 0.005296230 sec
WARNING  jax._src.dispatch:dispatch.py:204 Finished XLA compilation of jit(broadcast_in_dim) in 0.033458471 sec
WARNING  jax._src.dispatch:dispatch.py:204 Finished tracing broadcast_in_dim for jit in 0.000343800 sec
WARNING  jax._src.interpreters.pxla:pxla.py:732 Compiling jit(broadcast_in_dim) with global shapes and types (ShapedArray(float64[64]),). Argument mapping: (UnspecifiedValue,).
WARNING  jax._src.dispatch:dispatch.py:204 Finished jaxpr to MLIR module conversion jit(broadcast_in_dim) in 0.005340338 sec
WARNING  jax._src.dispatch:dispatch.py:204 Finished XLA compilation of jit(broadcast_in_dim) in 0.007333994 sec
WARNING  jax._src.dispatch:dispatch.py:204 Finished tracing multiply for jit in 0.000335217 sec
WARNING  jax._src.interpreters.pxla:pxla.py:732 Compiling jit(multiply) with global shapes and types (ShapedArray(float64[1,1,64,1]), ShapedArray(float64[340,22,1,2])). Argument mapping: (UnspecifiedValue, UnspecifiedValue).
WARNING  jax._src.dispatch:dispatch.py:204 Finished jaxpr to MLIR module conversion jit(multiply) in 0.004826784 sec
WARNING  jax._src.dispatch:dispatch.py:204 Finished XLA compilation of jit(multiply) in 0.034929276 sec
WARNING  jax._src.dispatch:dispatch.py:204 Finished tracing add for jit in 0.000345945 sec
WARNING  jax._src.interpreters.pxla:pxla.py:732 Compiling jit(add) with global shapes and types (ShapedArray(float64[340,22,1,2]), ShapedArray(float64[340,22,64,2])). Argument mapping: (UnspecifiedValue, UnspecifiedValue).
WARNING  jax._src.dispatch:dispatch.py:204 Finished jaxpr to MLIR module conversion jit(add) in 0.005525827 sec
WARNING  jax._src.dispatch:dispatch.py:204 Finished XLA compilation of jit(add) in 0.035893917 sec
WARNING  jax._src.dispatch:dispatch.py:204 Finished tracing subtract for jit in 0.000388384 sec
WARNING  jax._src.interpreters.pxla:pxla.py:732 Compiling jit(subtract) with global shapes and types (ShapedArray(float64[], weak_type=True), ShapedArray(float64[64])). Argument mapping: (UnspecifiedValue, UnspecifiedValue).
WARNING  jax._src.dispatch:dispatch.py:204 Finished jaxpr to MLIR module conversion jit(subtract) in 0.005847931 sec
WARNING  jax._src.dispatch:dispatch.py:204 Finished XLA compilation of jit(subtract) in 0.024435997 sec
WARNING  jax._src.dispatch:dispatch.py:204 Finished tracing multiply for jit in 0.000313282 sec
WARNING  jax._src.interpreters.pxla:pxla.py:732 Compiling jit(multiply) with global shapes and types (ShapedArray(float64[1,1,64,1]), ShapedArray(float64[1,1,64,1])). Argument mapping: (UnspecifiedValue, UnspecifiedValue).
WARNING  jax._src.dispatch:dispatch.py:204 Finished jaxpr to MLIR module conversion jit(multiply) in 0.005374432 sec
WARNING  jax._src.dispatch:dispatch.py:204 Finished XLA compilation of jit(multiply) in 0.033051014 sec
WARNING  jax._src.dispatch:dispatch.py:204 Finished tracing add for jit in 0.000329733 sec
WARNING  jax._src.interpreters.pxla:pxla.py:732 Compiling jit(add) with global shapes and types (ShapedArray(float64[340,22,64,2]), ShapedArray(float64[340,22,64,2])). Argument mapping: (UnspecifiedValue, UnspecifiedValue).
WARNING  jax._src.dispatch:dispatch.py:204 Finished jaxpr to MLIR module conversion jit(add) in 0.005249739 sec
WARNING  jax._src.dispatch:dispatch.py:204 Finished XLA compilation of jit(add) in 0.046899319 sec
WARNING  jax._src.dispatch:dispatch.py:204 Finished tracing dynamic_slice for jit in 0.000354767 sec
WARNING  jax._src.interpreters.pxla:pxla.py:732 Compiling jit(dynamic_slice) with global shapes and types (ShapedArray(float64[340,22,2]), ShapedArray(int64[], weak_type=True), ShapedArray(int64[], weak_type=True), ShapedArray(int64[], weak_type=True)). Argument mapping: (UnspecifiedValue, UnspecifiedValue, UnspecifiedValue, UnspecifiedValue).
WARNING  jax._src.dispatch:dispatch.py:204 Finished jaxpr to MLIR module conversion jit(dynamic_slice) in 0.005720377 sec
WARNING  jax._src.dispatch:dispatch.py:204 Finished XLA compilation of jit(dynamic_slice) in 0.031434059 sec
WARNING  jax._src.dispatch:dispatch.py:204 Finished tracing squeeze for jit in 0.000263214 sec
WARNING  jax._src.interpreters.pxla:pxla.py:732 Compiling jit(squeeze) with global shapes and types (ShapedArray(float64[340,22,1]),). Argument mapping: (UnspecifiedValue,).
WARNING  jax._src.dispatch:dispatch.py:204 Finished jaxpr to MLIR module conversion jit(squeeze) in 0.005258322 sec
WARNING  jax._src.dispatch:dispatch.py:204 Finished XLA compilation of jit(squeeze) in 0.007305384 sec
WARNING  jax._src.dispatch:dispatch.py:204 Finished tracing multiply for jit in 0.000317335 sec
WARNING  jax._src.interpreters.pxla:pxla.py:732 Compiling jit(multiply) with global shapes and types (ShapedArray(float64[340,22]), ShapedArray(float64[340,22])). Argument mapping: (UnspecifiedValue, UnspecifiedValue).
WARNING  jax._src.dispatch:dispatch.py:204 Finished jaxpr to MLIR module conversion jit(multiply) in 0.004657745 sec
WARNING  jax._src.dispatch:dispatch.py:204 Finished XLA compilation of jit(multiply) in 0.037774563 sec
WARNING  jax._src.dispatch:dispatch.py:204 Finished tracing subtract for jit in 0.000323057 sec
WARNING  jax._src.interpreters.pxla:pxla.py:732 Compiling jit(subtract) with global shapes and types (ShapedArray(float64[340,22]), ShapedArray(float64[340,22])). Argument mapping: (UnspecifiedValue, UnspecifiedValue).
WARNING  jax._src.dispatch:dispatch.py:204 Finished jaxpr to MLIR module conversion jit(subtract) in 0.005255222 sec
WARNING  jax._src.dispatch:dispatch.py:204 Finished XLA compilation of jit(subtract) in 0.039172888 sec
WARNING  jax._src.dispatch:dispatch.py:204 Finished tracing abs for jit in 0.000584602 sec
WARNING  jax._src.interpreters.pxla:pxla.py:732 Compiling jit(abs) with global shapes and types (ShapedArray(float64[340,22]),). Argument mapping: (UnspecifiedValue,).
WARNING  jax._src.dispatch:dispatch.py:204 Finished jaxpr to MLIR module conversion jit(abs) in 0.005242586 sec
WARNING  jax._src.dispatch:dispatch.py:204 Finished XLA compilation of jit(abs) in 0.035616875 sec
WARNING  jax._src.dispatch:dispatch.py:204 Finished tracing broadcast_in_dim for jit in 0.000339270 sec
WARNING  jax._src.interpreters.pxla:pxla.py:732 Compiling jit(broadcast_in_dim) with global shapes and types (ShapedArray(int64[22]),). Argument mapping: (UnspecifiedValue,).
WARNING  jax._src.dispatch:dispatch.py:204 Finished jaxpr to MLIR module conversion jit(broadcast_in_dim) in 0.005356312 sec
WARNING  jax._src.dispatch:dispatch.py:204 Finished XLA compilation of jit(broadcast_in_dim) in 0.007438898 sec
WARNING  jax._src.dispatch:dispatch.py:204 Finished tracing add for jit in 0.000322104 sec
WARNING  jax._src.interpreters.pxla:pxla.py:732 Compiling jit(add) with global shapes and types (ShapedArray(int64[1,22]), ShapedArray(int64[], weak_type=True)). Argument mapping: (UnspecifiedValue, UnspecifiedValue).
WARNING  jax._src.dispatch:dispatch.py:204 Finished jaxpr to MLIR module conversion jit(add) in 0.005182028 sec
WARNING  jax._src.dispatch:dispatch.py:204 Finished XLA compilation of jit(add) in 0.024708986 sec
WARNING  jax._src.dispatch:dispatch.py:204 Finished tracing less for jit in 0.000319719 sec
WARNING  jax._src.interpreters.pxla:pxla.py:732 Compiling jit(less) with global shapes and types (ShapedArray(int64[1,22]), ShapedArray(int64[340,1])). Argument mapping: (UnspecifiedValue, UnspecifiedValue).
WARNING  jax._src.dispatch:dispatch.py:204 Finished jaxpr to MLIR module conversion jit(less) in 0.005612135 sec
WARNING  jax._src.dispatch:dispatch.py:204 Finished XLA compilation of jit(less) in 0.031067371 sec
WARNING  jax._src.dispatch:dispatch.py:204 Finished tracing bitwise_and for jit in 0.000315189 sec
WARNING  jax._src.interpreters.pxla:pxla.py:732 Compiling jit(bitwise_and) with global shapes and types (ShapedArray(bool[340,22]), ShapedArray(bool[340,1])). Argument mapping: (UnspecifiedValue, UnspecifiedValue).
WARNING  jax._src.dispatch:dispatch.py:204 Finished jaxpr to MLIR module conversion jit(bitwise_and) in 0.005418777 sec
WARNING  jax._src.dispatch:dispatch.py:204 Finished XLA compilation of jit(bitwise_and) in 0.032929659 sec
WARNING  jax._src.dispatch:dispatch.py:204 Finished tracing broadcast_in_dim for jit in 0.000293970 sec
WARNING  jax._src.interpreters.pxla:pxla.py:732 Compiling jit(broadcast_in_dim) with global shapes and types (ShapedArray(float64[340,22]),). Argument mapping: (UnspecifiedValue,).
WARNING  jax._src.dispatch:dispatch.py:204 Finished jaxpr to MLIR module conversion jit(broadcast_in_dim) in 0.005336046 sec
WARNING  jax._src.dispatch:dispatch.py:204 Finished XLA compilation of jit(broadcast_in_dim) in 0.034444571 sec
WARNING  jax._src.dispatch:dispatch.py:204 Finished tracing broadcast_in_dim for jit in 0.000337124 sec
WARNING  jax._src.interpreters.pxla:pxla.py:732 Compiling jit(broadcast_in_dim) with global shapes and types (ShapedArray(float64[64]),). Argument mapping: (UnspecifiedValue,).
WARNING  jax._src.dispatch:dispatch.py:204 Finished jaxpr to MLIR module conversion jit(broadcast_in_dim) in 0.005346775 sec
WARNING  jax._src.dispatch:dispatch.py:204 Finished XLA compilation of jit(broadcast_in_dim) in 0.007257223 sec
WARNING  jax._src.dispatch:dispatch.py:204 Finished tracing multiply for jit in 0.000325441 sec
WARNING  jax._src.interpreters.pxla:pxla.py:732 Compiling jit(multiply) with global shapes and types (ShapedArray(float64[340,22,1]), ShapedArray(float64[1,1,64])). Argument mapping: (UnspecifiedValue, UnspecifiedValue).
WARNING  jax._src.dispatch:dispatch.py:204 Finished jaxpr to MLIR module conversion jit(multiply) in 0.004866600 sec
WARNING  jax._src.dispatch:dispatch.py:204 Finished XLA compilation of jit(multiply) in 0.055276871 sec
WARNING  jax._src.dispatch:dispatch.py:204 Finished tracing multiply for jit in 0.000335693 sec
WARNING  jax._src.interpreters.pxla:pxla.py:732 Compiling jit(multiply) with global shapes and types (ShapedArray(float64[340,22,64]), ShapedArray(float64[1,1,64])). Argument mapping: (UnspecifiedValue, UnspecifiedValue).
WARNING  jax._src.dispatch:dispatch.py:204 Finished jaxpr to MLIR module conversion jit(multiply) in 0.005527020 sec
WARNING  jax._src.dispatch:dispatch.py:204 Finished XLA compilation of jit(multiply) in 0.037392378 sec
WARNING  jax._src.dispatch:dispatch.py:204 Finished tracing broadcast_in_dim for jit in 0.000308514 sec
WARNING  jax._src.interpreters.pxla:pxla.py:732 Compiling jit(broadcast_in_dim) with global shapes and types (ShapedArray(bool[340,22]),). Argument mapping: (UnspecifiedValue,).
WARNING  jax._src.dispatch:dispatch.py:204 Finished jaxpr to MLIR module conversion jit(broadcast_in_dim) in 0.005405664 sec
WARNING  jax._src.dispatch:dispatch.py:204 Finished XLA compilation of jit(broadcast_in_dim) in 0.039391041 sec
WARNING  jax._src.dispatch:dispatch.py:204 Finished tracing _where for jit in 0.001125097 sec
WARNING  jax._src.interpreters.pxla:pxla.py:732 Compiling jit(_where) with global shapes and types (ShapedArray(bool[340,22,1]), ShapedArray(float64[340,22,64]), ShapedArray(float64[], weak_type=True)). Argument mapping: (UnspecifiedValue, UnspecifiedValue, UnspecifiedValue).
WARNING  jax._src.dispatch:dispatch.py:204 Finished jaxpr to MLIR module conversion jit(_where) in 0.006319523 sec
WARNING  jax._src.dispatch:dispatch.py:204 Finished XLA compilation of jit(_where) in 0.048163652 sec
WARNING  jax._src.dispatch:dispatch.py:204 Finished tracing reshape for jit in 0.000270367 sec
WARNING  jax._src.interpreters.pxla:pxla.py:732 Compiling jit(reshape) with global shapes and types (ShapedArray(float64[340,22,64,2]),). Argument mapping: (UnspecifiedValue,).
WARNING  jax._src.dispatch:dispatch.py:204 Finished jaxpr to MLIR module conversion jit(reshape) in 0.005730867 sec
WARNING  jax._src.dispatch:dispatch.py:204 Finished XLA compilation of jit(reshape) in 0.007349253 sec
WARNING  jax._src.dispatch:dispatch.py:204 Finished tracing reshape for jit in 0.000274181 sec
WARNING  jax._src.interpreters.pxla:pxla.py:732 Compiling jit(reshape) with global shapes and types (ShapedArray(float64[340,22,64]),). Argument mapping: (UnspecifiedValue,).
WARNING  jax._src.dispatch:dispatch.py:204 Finished jaxpr to MLIR module conversion jit(reshape) in 0.005048037 sec
WARNING  jax._src.dispatch:dispatch.py:204 Finished XLA compilation of jit(reshape) in 0.007097244 sec
WARNING  jax._src.dispatch:dispatch.py:204 Finished tracing greater for jit in 0.000340462 sec
WARNING  jax._src.interpreters.pxla:pxla.py:732 Compiling jit(greater) with global shapes and types (ShapedArray(float64[340,1408]), ShapedArray(float64[], weak_type=True)). Argument mapping: (UnspecifiedValue, UnspecifiedValue).
WARNING  jax._src.dispatch:dispatch.py:204 Finished jaxpr to MLIR module conversion jit(greater) in 0.005339622 sec
WARNING  jax._src.dispatch:dispatch.py:204 Finished XLA compilation of jit(greater) in 0.035230398 sec
WARNING  jax._src.dispatch:dispatch.py:204 Finished tracing broadcast_in_dim for jit in 0.000342131 sec
WARNING  jax._src.interpreters.pxla:pxla.py:732 Compiling jit(broadcast_in_dim) with global shapes and types (ShapedArray(bool[340,1408]),). Argument mapping: (UnspecifiedValue,).
WARNING  jax._src.dispatch:dispatch.py:204 Finished jaxpr to MLIR module conversion jit(broadcast_in_dim) in 0.005425215 sec
WARNING  jax._src.dispatch:dispatch.py:204 Finished XLA compilation of jit(broadcast_in_dim) in 0.046545267 sec
WARNING  jax._src.dispatch:dispatch.py:204 Finished tracing _where for jit in 0.001092672 sec
WARNING  jax._src.interpreters.pxla:pxla.py:732 Compiling jit(_where) with global shapes and types (ShapedArray(bool[340,1408,1]), ShapedArray(float64[340,1408,2]), ShapedArray(float64[340,1,2])). Argument mapping: (UnspecifiedValue, UnspecifiedValue, UnspecifiedValue).
WARNING  jax._src.dispatch:dispatch.py:204 Finished jaxpr to MLIR module conversion jit(_where) in 0.006156683 sec
WARNING  jax._src.dispatch:dispatch.py:204 Finished XLA compilation of jit(_where) in 0.037952185 sec
WARNING  jax._src.dispatch:dispatch.py:204 Finished tracing iota for jit in 0.000241995 sec
WARNING  jax._src.interpreters.pxla:pxla.py:732 Compiling jit(iota) with global shapes and types (). Argument mapping: ().
WARNING  jax._src.dispatch:dispatch.py:204 Finished jaxpr to MLIR module conversion jit(iota) in 0.005370140 sec
WARNING  jax._src.dispatch:dispatch.py:204 Finished XLA compilation of jit(iota) in 0.031727552 sec
WARNING  jax._src.dispatch:dispatch.py:204 Finished tracing gather for jit in 0.000262260 sec
WARNING  jax._src.interpreters.pxla:pxla.py:732 Compiling jit(gather) with global shapes and types (ShapedArray(float64[340,6]), ShapedArray(int32[340,1])). Argument mapping: (UnspecifiedValue, UnspecifiedValue).
WARNING  jax._src.dispatch:dispatch.py:204 Finished jaxpr to MLIR module conversion jit(gather) in 0.005576611 sec
WARNING  jax._src.dispatch:dispatch.py:204 Finished XLA compilation of jit(gather) in 0.026790857 sec
WARNING  jax._src.dispatch:dispatch.py:204 Finished tracing broadcast_in_dim for jit in 0.000325441 sec
WARNING  jax._src.interpreters.pxla:pxla.py:732 Compiling jit(broadcast_in_dim) with global shapes and types (ShapedArray(float64[340,6]),). Argument mapping: (UnspecifiedValue,).
WARNING  jax._src.dispatch:dispatch.py:204 Finished jaxpr to MLIR module conversion jit(broadcast_in_dim) in 0.004971981 sec
WARNING  jax._src.dispatch:dispatch.py:204 Finished XLA compilation of jit(broadcast_in_dim) in 0.007139444 sec
WARNING  jax._src.dispatch:dispatch.py:204 Finished tracing gather for jit in 0.000268221 sec
WARNING  jax._src.interpreters.pxla:pxla.py:732 Compiling jit(gather) with global shapes and types (ShapedArray(float64[340,2]), ShapedArray(int32[340,1])). Argument mapping: (UnspecifiedValue, UnspecifiedValue).
WARNING  jax._src.dispatch:dispatch.py:204 Finished jaxpr to MLIR module conversion jit(gather) in 0.004776716 sec
WARNING  jax._src.dispatch:dispatch.py:204 Finished XLA compilation of jit(gather) in 0.027054787 sec
WARNING  jax._src.dispatch:dispatch.py:204 Finished tracing broadcast_in_dim for jit in 0.000344753 sec
WARNING  jax._src.interpreters.pxla:pxla.py:732 Compiling jit(broadcast_in_dim) with global shapes and types (ShapedArray(float64[340,2]),). Argument mapping: (UnspecifiedValue,).
WARNING  jax._src.dispatch:dispatch.py:204 Finished jaxpr to MLIR module conversion jit(broadcast_in_dim) in 0.005030155 sec
WARNING  jax._src.dispatch:dispatch.py:204 Finished XLA compilation of jit(broadcast_in_dim) in 0.007096767 sec
WARNING  jax._src.dispatch:dispatch.py:204 Finished tracing subtract for jit in 0.000294447 sec
WARNING  jax._src.interpreters.pxla:pxla.py:732 Compiling jit(subtract) with global shapes and types (ShapedArray(float64[340,1408,2]), ShapedArray(float64[340,1,2])). Argument mapping: (UnspecifiedValue, UnspecifiedValue).
WARNING  jax._src.dispatch:dispatch.py:204 Finished jaxpr to MLIR module conversion jit(subtract) in 0.004681110 sec
WARNING  jax._src.dispatch:dispatch.py:204 Finished XLA compilation of jit(subtract) in 0.032909393 sec
WARNING  jax._src.dispatch:dispatch.py:204 Finished tracing true_divide for jit in 0.000348806 sec
WARNING  jax._src.interpreters.pxla:pxla.py:732 Compiling jit(true_divide) with global shapes and types (ShapedArray(float64[340,1408,2]), ShapedArray(float64[340,1,2])). Argument mapping: (UnspecifiedValue, UnspecifiedValue).
WARNING  jax._src.dispatch:dispatch.py:204 Finished jaxpr to MLIR module conversion jit(true_divide) in 0.005559206 sec
WARNING  jax._src.dispatch:dispatch.py:204 Finished XLA compilation of jit(true_divide) in 0.039283037 sec
WARNING  jax._src.dispatch:dispatch.py:204 Finished tracing dynamic_slice for jit in 0.000318527 sec
WARNING  jax._src.interpreters.pxla:pxla.py:732 Compiling jit(dynamic_slice) with global shapes and types (ShapedArray(float64[340,1408,2]), ShapedArray(int64[], weak_type=True), ShapedArray(int64[], weak_type=True), ShapedArray(int64[], weak_type=True)). Argument mapping: (UnspecifiedValue, UnspecifiedValue, UnspecifiedValue, UnspecifiedValue).
WARNING  jax._src.dispatch:dispatch.py:204 Finished jaxpr to MLIR module conversion jit(dynamic_slice) in 0.005522966 sec
WARNING  jax._src.dispatch:dispatch.py:204 Finished XLA compilation of jit(dynamic_slice) in 0.041846514 sec
WARNING  jax._src.dispatch:dispatch.py:204 Finished tracing squeeze for jit in 0.000263691 sec
WARNING  jax._src.interpreters.pxla:pxla.py:732 Compiling jit(squeeze) with global shapes and types (ShapedArray(float64[340,1408,1]),). Argument mapping: (UnspecifiedValue,).
WARNING  jax._src.dispatch:dispatch.py:204 Finished jaxpr to MLIR module conversion jit(squeeze) in 0.005636692 sec
WARNING  jax._src.dispatch:dispatch.py:204 Finished XLA compilation of jit(squeeze) in 0.007415056 sec
WARNING  jax._src.dispatch:dispatch.py:204 Finished tracing broadcast_in_dim for jit in 0.000303745 sec
WARNING  jax._src.interpreters.pxla:pxla.py:732 Compiling jit(broadcast_in_dim) with global shapes and types (ShapedArray(float64[]),). Argument mapping: (UnspecifiedValue,).
WARNING  jax._src.dispatch:dispatch.py:204 Finished jaxpr to MLIR module conversion jit(broadcast_in_dim) in 0.005116463 sec
WARNING  jax._src.dispatch:dispatch.py:204 Finished XLA compilation of jit(broadcast_in_dim) in 0.033052683 sec
WARNING  jax._src.dispatch:dispatch.py:204 Finished tracing integer_pow for jit in 0.000245333 sec
WARNING  jax._src.interpreters.pxla:pxla.py:732 Compiling jit(integer_pow) with global shapes and types (ShapedArray(float64[340,1408]),). Argument mapping: (UnspecifiedValue,).
WARNING  jax._src.dispatch:dispatch.py:204 Finished jaxpr to MLIR module conversion jit(integer_pow) in 0.005356073 sec
WARNING  jax._src.dispatch:dispatch.py:204 Finished XLA compilation of jit(integer_pow) in 0.033963680 sec
WARNING  jax._src.dispatch:dispatch.py:204 Finished tracing multiply for jit in 0.000347137 sec
WARNING  jax._src.interpreters.pxla:pxla.py:732 Compiling jit(multiply) with global shapes and types (ShapedArray(float64[340,1408]), ShapedArray(float64[340,1408])). Argument mapping: (UnspecifiedValue, UnspecifiedValue).
WARNING  jax._src.dispatch:dispatch.py:204 Finished jaxpr to MLIR module conversion jit(multiply) in 0.005240440 sec
WARNING  jax._src.dispatch:dispatch.py:204 Finished XLA compilation of jit(multiply) in 0.034062386 sec
WARNING  jax._src.dispatch:dispatch.py:204 Finished tracing stack for jit in 0.000312328 sec
WARNING  jax._src.interpreters.pxla:pxla.py:732 Compiling jit(stack) with global shapes and types (ShapedArray(float64[340,1408]), ShapedArray(float64[340,1408]), ShapedArray(float64[340,1408]), ShapedArray(float64[340,1408]), ShapedArray(float64[340,1408]), ShapedArray(float64[340,1408])). Argument mapping: (UnspecifiedValue, UnspecifiedValue, UnspecifiedValue, UnspecifiedValue, UnspecifiedValue, UnspecifiedValue).
WARNING  jax._src.dispatch:dispatch.py:204 Finished jaxpr to MLIR module conversion jit(stack) in 0.005760670 sec
WARNING  jax._src.dispatch:dispatch.py:204 Finished XLA compilation of jit(stack) in 0.091782331 sec
WARNING  jax._src.dispatch:dispatch.py:204 Finished tracing _einsum for jit in 0.000544071 sec
WARNING  jax._src.interpreters.pxla:pxla.py:732 Compiling jit(_einsum) with global shapes and types (ShapedArray(float64[340,1408,6]), ShapedArray(float64[340,6])). Argument mapping: (UnspecifiedValue, UnspecifiedValue).
WARNING  jax._src.dispatch:dispatch.py:204 Finished jaxpr to MLIR module conversion jit(_einsum) in 0.005766153 sec
WARNING  jax._src.dispatch:dispatch.py:204 Finished XLA compilation of jit(_einsum) in 0.032385349 sec
WARNING  jax._src.dispatch:dispatch.py:204 Finished tracing dynamic_slice for jit in 0.000259399 sec
WARNING  jax._src.interpreters.pxla:pxla.py:732 Compiling jit(dynamic_slice) with global shapes and types (ShapedArray(float64[340,6]), ShapedArray(int64[], weak_type=True), ShapedArray(int64[], weak_type=True)). Argument mapping: (UnspecifiedValue, UnspecifiedValue, UnspecifiedValue).
WARNING  jax._src.dispatch:dispatch.py:204 Finished jaxpr to MLIR module conversion jit(dynamic_slice) in 0.005710125 sec
WARNING  jax._src.dispatch:dispatch.py:204 Finished XLA compilation of jit(dynamic_slice) in 0.028326035 sec
WARNING  jax._src.dispatch:dispatch.py:204 Finished tracing broadcast_in_dim for jit in 0.000327826 sec
WARNING  jax._src.interpreters.pxla:pxla.py:732 Compiling jit(broadcast_in_dim) with global shapes and types (ShapedArray(float64[340]),). Argument mapping: (UnspecifiedValue,).
WARNING  jax._src.dispatch:dispatch.py:204 Finished jaxpr to MLIR module conversion jit(broadcast_in_dim) in 0.005246401 sec
WARNING  jax._src.dispatch:dispatch.py:204 Finished XLA compilation of jit(broadcast_in_dim) in 0.007263660 sec
WARNING  jax._src.dispatch:dispatch.py:204 Finished tracing multiply for jit in 0.000352383 sec
WARNING  jax._src.interpreters.pxla:pxla.py:732 Compiling jit(multiply) with global shapes and types (ShapedArray(float64[], weak_type=True), ShapedArray(float64[340,1])). Argument mapping: (UnspecifiedValue, UnspecifiedValue).
WARNING  jax._src.dispatch:dispatch.py:204 Finished jaxpr to MLIR module conversion jit(multiply) in 0.004858971 sec
WARNING  jax._src.dispatch:dispatch.py:204 Finished XLA compilation of jit(multiply) in 0.028806925 sec
WARNING  jax._src.dispatch:dispatch.py:204 Finished tracing multiply for jit in 0.000352144 sec
WARNING  jax._src.interpreters.pxla:pxla.py:732 Compiling jit(multiply) with global shapes and types (ShapedArray(float64[340,1]), ShapedArray(float64[340,1408])). Argument mapping: (UnspecifiedValue, UnspecifiedValue).
WARNING  jax._src.dispatch:dispatch.py:204 Finished jaxpr to MLIR module conversion jit(multiply) in 0.005385876 sec
WARNING  jax._src.dispatch:dispatch.py:204 Finished XLA compilation of jit(multiply) in 0.033923626 sec
WARNING  jax._src.dispatch:dispatch.py:204 Finished tracing add for jit in 0.000361919 sec
WARNING  jax._src.interpreters.pxla:pxla.py:732 Compiling jit(add) with global shapes and types (ShapedArray(float64[340,1]), ShapedArray(float64[340,1408])). Argument mapping: (UnspecifiedValue, UnspecifiedValue).
WARNING  jax._src.dispatch:dispatch.py:204 Finished jaxpr to MLIR module conversion jit(add) in 0.005491734 sec
WARNING  jax._src.dispatch:dispatch.py:204 Finished XLA compilation of jit(add) in 0.033578634 sec
WARNING  jax._src.dispatch:dispatch.py:204 Finished tracing add for jit in 0.000320911 sec
WARNING  jax._src.interpreters.pxla:pxla.py:732 Compiling jit(add) with global shapes and types (ShapedArray(float64[340,1408]), ShapedArray(float64[340,1408])). Argument mapping: (UnspecifiedValue, UnspecifiedValue).
WARNING  jax._src.dispatch:dispatch.py:204 Finished jaxpr to MLIR module conversion jit(add) in 0.005288601 sec
WARNING  jax._src.dispatch:dispatch.py:204 Finished XLA compilation of jit(add) in 0.033503771 sec
WARNING  jax._src.dispatch:dispatch.py:204 Finished tracing dynamic_slice for jit in 0.000298500 sec
WARNING  jax._src.interpreters.pxla:pxla.py:732 Compiling jit(dynamic_slice) with global shapes and types (ShapedArray(float64[340,2]), ShapedArray(int64[], weak_type=True), ShapedArray(int64[], weak_type=True)). Argument mapping: (UnspecifiedValue, UnspecifiedValue, UnspecifiedValue).
WARNING  jax._src.dispatch:dispatch.py:204 Finished jaxpr to MLIR module conversion jit(dynamic_slice) in 0.005390644 sec
WARNING  jax._src.dispatch:dispatch.py:204 Finished XLA compilation of jit(dynamic_slice) in 0.027003050 sec
WARNING  jax._src.dispatch:dispatch.py:204 Finished tracing true_divide for jit in 0.000329494 sec
WARNING  jax._src.interpreters.pxla:pxla.py:732 Compiling jit(true_divide) with global shapes and types (ShapedArray(float64[340,1408]), ShapedArray(float64[340,1])). Argument mapping: (UnspecifiedValue, UnspecifiedValue).
WARNING  jax._src.dispatch:dispatch.py:204 Finished jaxpr to MLIR module conversion jit(true_divide) in 0.005611181 sec
WARNING  jax._src.dispatch:dispatch.py:204 Finished XLA compilation of jit(true_divide) in 0.038391352 sec
WARNING  jax._src.dispatch:dispatch.py:204 Finished tracing gather for jit in 0.000296116 sec
WARNING  jax._src.interpreters.pxla:pxla.py:732 Compiling jit(gather) with global shapes and types (ShapedArray(bool[340]), ShapedArray(int32[340,1])). Argument mapping: (UnspecifiedValue, UnspecifiedValue).
WARNING  jax._src.dispatch:dispatch.py:204 Finished jaxpr to MLIR module conversion jit(gather) in 0.005969524 sec
WARNING  jax._src.dispatch:dispatch.py:204 Finished XLA compilation of jit(gather) in 0.026472569 sec
WARNING  jax._src.dispatch:dispatch.py:204 Finished tracing _where for jit in 0.001027584 sec
WARNING  jax._src.interpreters.pxla:pxla.py:732 Compiling jit(_where) with global shapes and types (ShapedArray(bool[340,1]), ShapedArray(float64[340,1408]), ShapedArray(float64[], weak_type=True)). Argument mapping: (UnspecifiedValue, UnspecifiedValue, UnspecifiedValue).
WARNING  jax._src.dispatch:dispatch.py:204 Finished jaxpr to MLIR module conversion jit(_where) in 0.006202221 sec
WARNING  jax._src.dispatch:dispatch.py:204 Finished XLA compilation of jit(_where) in 0.055078983 sec
WARNING  jax._src.dispatch:dispatch.py:204 Finished tracing subtract for jit in 0.000360489 sec
WARNING  jax._src.interpreters.pxla:pxla.py:732 Compiling jit(subtract) with global shapes and types (ShapedArray(float64[340,1408]), ShapedArray(float64[], weak_type=True)). Argument mapping: (UnspecifiedValue, UnspecifiedValue).
WARNING  jax._src.dispatch:dispatch.py:204 Finished jaxpr to MLIR module conversion jit(subtract) in 0.006069899 sec
WARNING  jax._src.dispatch:dispatch.py:204 Finished XLA compilation of jit(subtract) in 0.049231529 sec
WARNING  jax._src.dispatch:dispatch.py:204 Finished tracing subtract for jit in 0.000362396 sec
WARNING  jax._src.interpreters.pxla:pxla.py:732 Compiling jit(subtract) with global shapes and types (ShapedArray(float64[], weak_type=True), ShapedArray(float64[340,1408])). Argument mapping: (UnspecifiedValue, UnspecifiedValue).
WARNING  jax._src.dispatch:dispatch.py:204 Finished jaxpr to MLIR module conversion jit(subtract) in 0.005923748 sec
WARNING  jax._src.dispatch:dispatch.py:204 Finished XLA compilation of jit(subtract) in 0.041537046 sec
WARNING  jax._src.dispatch:dispatch.py:204 Finished tracing multiply for jit in 0.000437498 sec
WARNING  jax._src.interpreters.pxla:pxla.py:732 Compiling jit(multiply) with global shapes and types (ShapedArray(float64[], weak_type=True), ShapedArray(float64[340,1408])). Argument mapping: (UnspecifiedValue, UnspecifiedValue).
WARNING  jax._src.dispatch:dispatch.py:204 Finished jaxpr to MLIR module conversion jit(multiply) in 0.006719112 sec
WARNING  jax._src.dispatch:dispatch.py:204 Finished XLA compilation of jit(multiply) in 0.033768177 sec
WARNING  jax._src.dispatch:dispatch.py:204 Finished tracing clip for jit in 0.001471043 sec
WARNING  jax._src.interpreters.pxla:pxla.py:732 Compiling jit(clip) with global shapes and types (ShapedArray(float64[340,1408]), ShapedArray(float64[], weak_type=True), ShapedArray(float64[], weak_type=True)). Argument mapping: (UnspecifiedValue, UnspecifiedValue, UnspecifiedValue).
WARNING  jax._src.dispatch:dispatch.py:204 Finished jaxpr to MLIR module conversion jit(clip) in 0.005870104 sec
WARNING  jax._src.dispatch:dispatch.py:204 Finished XLA compilation of jit(clip) in 0.034660578 sec
WARNING  jax._src.dispatch:dispatch.py:204 Finished tracing add for jit in 0.000380039 sec
WARNING  jax._src.interpreters.pxla:pxla.py:732 Compiling jit(add) with global shapes and types (ShapedArray(float64[], weak_type=True), ShapedArray(float64[340,1408])). Argument mapping: (UnspecifiedValue, UnspecifiedValue).
WARNING  jax._src.dispatch:dispatch.py:204 Finished jaxpr to MLIR module conversion jit(add) in 0.005772591 sec
WARNING  jax._src.dispatch:dispatch.py:204 Finished XLA compilation of jit(add) in 0.039824486 sec
WARNING  jax._src.dispatch:dispatch.py:204 Finished tracing _where for jit in 0.000887632 sec
WARNING  jax._src.interpreters.pxla:pxla.py:732 Compiling jit(_where) with global shapes and types (ShapedArray(bool[340,1408]), ShapedArray(float64[340,1408]), ShapedArray(float64[], weak_type=True)). Argument mapping: (UnspecifiedValue, UnspecifiedValue, UnspecifiedValue).
WARNING  jax._src.dispatch:dispatch.py:204 Finished jaxpr to MLIR module conversion jit(_where) in 0.005877256 sec
WARNING  jax._src.dispatch:dispatch.py:204 Finished XLA compilation of jit(_where) in 0.039113045 sec
WARNING  jax._src.dispatch:dispatch.py:204 Finished tracing true_divide for jit in 0.000372410 sec
WARNING  jax._src.interpreters.pxla:pxla.py:732 Compiling jit(true_divide) with global shapes and types (ShapedArray(float64[340,1408]), ShapedArray(float64[340,1408])). Argument mapping: (UnspecifiedValue, UnspecifiedValue).
WARNING  jax._src.dispatch:dispatch.py:204 Finished jaxpr to MLIR module conversion jit(true_divide) in 0.005318880 sec
WARNING  jax._src.dispatch:dispatch.py:204 Finished XLA compilation of jit(true_divide) in 0.036455631 sec
WARNING  jax._src.dispatch:dispatch.py:204 Finished tracing subtract for jit in 0.000303030 sec
WARNING  jax._src.interpreters.pxla:pxla.py:732 Compiling jit(subtract) with global shapes and types (ShapedArray(float64[340,1408]), ShapedArray(float64[340,1408])). Argument mapping: (UnspecifiedValue, UnspecifiedValue).
WARNING  jax._src.dispatch:dispatch.py:204 Finished jaxpr to MLIR module conversion jit(subtract) in 0.005769253 sec
WARNING  jax._src.dispatch:dispatch.py:204 Finished XLA compilation of jit(subtract) in 0.036730051 sec
WARNING  jax._src.dispatch:dispatch.py:204 Finished tracing exp for jit in 0.000402212 sec
WARNING  jax._src.interpreters.pxla:pxla.py:732 Compiling jit(exp) with global shapes and types (ShapedArray(float64[340,1408]),). Argument mapping: (UnspecifiedValue,).
WARNING  jax._src.dispatch:dispatch.py:204 Finished jaxpr to MLIR module conversion jit(exp) in 0.009831429 sec
WARNING  jax._src.dispatch:dispatch.py:204 Finished XLA compilation of jit(exp) in 0.035146236 sec
WARNING  jax._src.dispatch:dispatch.py:204 Finished tracing broadcast_in_dim for jit in 0.000361681 sec
WARNING  jax._src.interpreters.pxla:pxla.py:732 Compiling jit(broadcast_in_dim) with global shapes and types (ShapedArray(float64[340,1408]),). Argument mapping: (UnspecifiedValue,).
WARNING  jax._src.dispatch:dispatch.py:204 Finished jaxpr to MLIR module conversion jit(broadcast_in_dim) in 0.005759001 sec
WARNING  jax._src.dispatch:dispatch.py:204 Finished XLA compilation of jit(broadcast_in_dim) in 0.037512302 sec
WARNING  jax._src.dispatch:dispatch.py:204 Finished tracing multiply for jit in 0.000412941 sec
WARNING  jax._src.interpreters.pxla:pxla.py:732 Compiling jit(multiply) with global shapes and types (ShapedArray(float64[340,1408,1]), ShapedArray(float64[340,1408,2])). Argument mapping: (UnspecifiedValue, UnspecifiedValue).
WARNING  jax._src.dispatch:dispatch.py:204 Finished jaxpr to MLIR module conversion jit(multiply) in 0.005652666 sec
WARNING  jax._src.dispatch:dispatch.py:204 Finished XLA compilation of jit(multiply) in 0.037156582 sec
WARNING  jax._src.dispatch:dispatch.py:204 Finished tracing _reduce_sum for jit in 0.000604391 sec
WARNING  jax._src.interpreters.pxla:pxla.py:732 Compiling jit(_reduce_sum) with global shapes and types (ShapedArray(float64[340,1408,2]),). Argument mapping: (UnspecifiedValue,).
WARNING  jax._src.dispatch:dispatch.py:204 Finished jaxpr to MLIR module conversion jit(_reduce_sum) in 0.005785704 sec
WARNING  jax._src.dispatch:dispatch.py:204 Finished XLA compilation of jit(_reduce_sum) in 0.007642746 sec
WARNING  jax._src.dispatch:dispatch.py:204 Finished tracing _reduce_sum for jit in 0.000512123 sec
WARNING  jax._src.interpreters.pxla:pxla.py:732 Compiling jit(_reduce_sum) with global shapes and types (ShapedArray(float64[340,1408]),). Argument mapping: (UnspecifiedValue,).
WARNING  jax._src.dispatch:dispatch.py:204 Finished jaxpr to MLIR module conversion jit(_reduce_sum) in 0.004800558 sec
WARNING  jax._src.dispatch:dispatch.py:204 Finished XLA compilation of jit(_reduce_sum) in 0.007443190 sec
WARNING  jax._src.interpreters.pxla:pxla.py:732 Compiling jit(_reduce_sum) with global shapes and types (ShapedArray(bool[340]),). Argument mapping: (UnspecifiedValue,).
WARNING  jax._src.dispatch:dispatch.py:204 Finished jaxpr to MLIR module conversion jit(_reduce_sum) in 0.005419970 sec
WARNING  jax._src.dispatch:dispatch.py:204 Finished XLA compilation of jit(_reduce_sum) in 0.059737921 sec
WARNING  jax._src.interpreters.pxla:pxla.py:732 Compiling jit(cumsum) with global shapes and types (ShapedArray(bool[340]),). Argument mapping: (UnspecifiedValue,).
WARNING  jax._src.dispatch:dispatch.py:204 Finished jaxpr to MLIR module conversion jit(cumsum) in 0.006829977 sec
WARNING  jax._src.dispatch:dispatch.py:204 Finished XLA compilation of jit(cumsum) in 0.075519800 sec
WARNING  jax._src.dispatch:dispatch.py:204 Finished tracing broadcast_in_dim for jit in 0.000163555 sec
WARNING  jax._src.interpreters.pxla:pxla.py:732 Compiling jit(broadcast_in_dim) with global shapes and types (ShapedArray(int64[]),). Argument mapping: (UnspecifiedValue,).
WARNING  jax._src.dispatch:dispatch.py:204 Finished jaxpr to MLIR module conversion jit(broadcast_in_dim) in 0.006123781 sec
WARNING  jax._src.dispatch:dispatch.py:204 Finished XLA compilation of jit(broadcast_in_dim) in 0.024642229 sec
WARNING  jax._src.interpreters.pxla:pxla.py:732 Compiling jit(clip) with global shapes and types (ShapedArray(int64[340]), ShapedArray(int64[], weak_type=True)). Argument mapping: (UnspecifiedValue, UnspecifiedValue).
WARNING  jax._src.dispatch:dispatch.py:204 Finished jaxpr to MLIR module conversion jit(clip) in 0.005621433 sec
WARNING  jax._src.dispatch:dispatch.py:204 Finished XLA compilation of jit(clip) in 0.035738945 sec
WARNING  jax._src.dispatch:dispatch.py:204 Finished tracing stage for jit in 0.000140905 sec
WARNING  jax._src.interpreters.pxla:pxla.py:732 Compiling jit(stage) with global shapes and types (ShapedArray(int64[]),). Argument mapping: (UnspecifiedValue,).
WARNING  jax._src.dispatch:dispatch.py:204 Finished jaxpr to MLIR module conversion jit(stage) in 0.005306721 sec
WARNING  jax._src.dispatch:dispatch.py:204 Finished XLA compilation of jit(stage) in 0.007977724 sec
WARNING  jax._src.interpreters.pxla:pxla.py:732 Compiling jit(less) with global shapes and types (ShapedArray(int64[340]), ShapedArray(int64[], weak_type=True)). Argument mapping: (UnspecifiedValue, UnspecifiedValue).
WARNING  jax._src.dispatch:dispatch.py:204 Finished jaxpr to MLIR module conversion jit(less) in 0.005750656 sec
WARNING  jax._src.dispatch:dispatch.py:204 Finished XLA compilation of jit(less) in 0.029139757 sec
WARNING  jax._src.interpreters.pxla:pxla.py:732 Compiling jit(_squeeze) with global shapes and types (ShapedArray(int64[340]),). Argument mapping: (UnspecifiedValue,).
WARNING  jax._src.dispatch:dispatch.py:204 Finished jaxpr to MLIR module conversion jit(_squeeze) in 0.005127668 sec
WARNING  jax._src.dispatch:dispatch.py:204 Finished XLA compilation of jit(_squeeze) in 0.006791830 sec
WARNING  jax._src.dispatch:dispatch.py:204 Finished tracing scatter-add for jit in 0.000308037 sec
WARNING  jax._src.interpreters.pxla:pxla.py:732 Compiling jit(scatter-add) with global shapes and types (ShapedArray(int64[340]), ShapedArray(int32[340,1]), ShapedArray(int64[340])). Argument mapping: (UnspecifiedValue, UnspecifiedValue, UnspecifiedValue).
WARNING  jax._src.dispatch:dispatch.py:204 Finished jaxpr to MLIR module conversion jit(scatter-add) in 0.005102634 sec
WARNING  jax._src.dispatch:dispatch.py:204 Finished XLA compilation of jit(scatter-add) in 0.022727728 sec
WARNING  jax._src.dispatch:dispatch.py:204 Finished tracing cumsum for jit in 0.000323772 sec
WARNING  jax._src.interpreters.pxla:pxla.py:732 Compiling jit(cumsum) with global shapes and types (ShapedArray(int64[340]),). Argument mapping: (UnspecifiedValue,).
WARNING  jax._src.dispatch:dispatch.py:204 Finished jaxpr to MLIR module conversion jit(cumsum) in 0.005985260 sec
WARNING  jax._src.dispatch:dispatch.py:204 Finished XLA compilation of jit(cumsum) in 0.077661753 sec
WARNING  jax._src.dispatch:dispatch.py:204 Finished tracing floor_divide for jit in 0.003436804 sec
WARNING  jax._src.interpreters.pxla:pxla.py:732 Compiling jit(floor_divide) with global shapes and types (ShapedArray(int64[340]), ShapedArray(int64[])). Argument mapping: (UnspecifiedValue, UnspecifiedValue).
WARNING  jax._src.dispatch:dispatch.py:204 Finished jaxpr to MLIR module conversion jit(floor_divide) in 0.015343904 sec
WARNING  jax._src.dispatch:dispatch.py:204 Finished XLA compilation of jit(floor_divide) in 0.053042889 sec
WARNING  jax._src.interpreters.pxla:pxla.py:732 Compiling jit(remainder) with global shapes and types (ShapedArray(int64[340]), ShapedArray(int64[], weak_type=True)). Argument mapping: (UnspecifiedValue, UnspecifiedValue).
WARNING  jax._src.dispatch:dispatch.py:204 Finished jaxpr to MLIR module conversion jit(remainder) in 0.012909889 sec
WARNING  jax._src.dispatch:dispatch.py:204 Finished XLA compilation of jit(remainder) in 0.046440363 sec
WARNING  jax._src.interpreters.pxla:pxla.py:732 Compiling jit(_reduce_sum) with global shapes and types (ShapedArray(bool[340]),). Argument mapping: (UnspecifiedValue,).
WARNING  jax._src.dispatch:dispatch.py:204 Finished jaxpr to MLIR module conversion jit(_reduce_sum) in 0.006864309 sec
WARNING  jax._src.dispatch:dispatch.py:204 Finished XLA compilation of jit(_reduce_sum) in 0.076131821 sec
WARNING  jax._src.dispatch:dispatch.py:204 Finished tracing greater_equal for jit in 0.000301361 sec
WARNING  jax._src.interpreters.pxla:pxla.py:732 Compiling jit(greater_equal) with global shapes and types (ShapedArray(int64[340]), ShapedArray(int64[])). Argument mapping: (UnspecifiedValue, UnspecifiedValue).
WARNING  jax._src.dispatch:dispatch.py:204 Finished jaxpr to MLIR module conversion jit(greater_equal) in 0.006576061 sec
WARNING  jax._src.dispatch:dispatch.py:204 Finished XLA compilation of jit(greater_equal) in 0.033602715 sec
WARNING  jax._src.dispatch:dispatch.py:204 Finished tracing _where for jit in 0.000765324 sec
WARNING  jax._src.interpreters.pxla:pxla.py:732 Compiling jit(_where) with global shapes and types (ShapedArray(bool[340]), ShapedArray(int64[], weak_type=True), ShapedArray(int64[340])). Argument mapping: (UnspecifiedValue, UnspecifiedValue, UnspecifiedValue).
WARNING  jax._src.dispatch:dispatch.py:204 Finished jaxpr to MLIR module conversion jit(_where) in 0.006485939 sec
WARNING  jax._src.dispatch:dispatch.py:204 Finished XLA compilation of jit(_where) in 0.029703617 sec
WARNING  jax._src.dispatch:dispatch.py:204 Finished tracing less for jit in 0.000325918 sec
WARNING  jax._src.interpreters.pxla:pxla.py:732 Compiling jit(less) with global shapes and types (ShapedArray(int32[340]), ShapedArray(int32[])). Argument mapping: (UnspecifiedValue, UnspecifiedValue).
WARNING  jax._src.dispatch:dispatch.py:204 Finished jaxpr to MLIR module conversion jit(less) in 0.006516695 sec
WARNING  jax._src.dispatch:dispatch.py:204 Finished XLA compilation of jit(less) in 0.040550470 sec
WARNING  jax._src.dispatch:dispatch.py:204 Finished tracing gather for jit in 0.000297070 sec
WARNING  jax._src.interpreters.pxla:pxla.py:732 Compiling jit(gather) with global shapes and types (ShapedArray(float64[340,539,2]), ShapedArray(int32[340,1])). Argument mapping: (UnspecifiedValue, UnspecifiedValue).
WARNING  jax._src.dispatch:dispatch.py:204 Finished jaxpr to MLIR module conversion jit(gather) in 0.006540775 sec
WARNING  jax._src.dispatch:dispatch.py:204 Finished XLA compilation of jit(gather) in 0.035797596 sec
WARNING  jax._src.dispatch:dispatch.py:204 Finished tracing broadcast_in_dim for jit in 0.000340462 sec
WARNING  jax._src.interpreters.pxla:pxla.py:732 Compiling jit(broadcast_in_dim) with global shapes and types (ShapedArray(float64[340,539,2]),). Argument mapping: (UnspecifiedValue,).
WARNING  jax._src.dispatch:dispatch.py:204 Finished jaxpr to MLIR module conversion jit(broadcast_in_dim) in 0.005949497 sec
WARNING  jax._src.dispatch:dispatch.py:204 Finished XLA compilation of jit(broadcast_in_dim) in 0.008156538 sec
WARNING  jax._src.dispatch:dispatch.py:204 Finished tracing gather for jit in 0.000304461 sec
WARNING  jax._src.interpreters.pxla:pxla.py:732 Compiling jit(gather) with global shapes and types (ShapedArray(int64[340]), ShapedArray(int32[340,1])). Argument mapping: (UnspecifiedValue, UnspecifiedValue).
WARNING  jax._src.dispatch:dispatch.py:204 Finished jaxpr to MLIR module conversion jit(gather) in 0.006130457 sec
WARNING  jax._src.dispatch:dispatch.py:204 Finished XLA compilation of jit(gather) in 0.027132750 sec
WARNING  jax._src.dispatch:dispatch.py:204 Finished tracing broadcast_in_dim for jit in 0.000292301 sec
WARNING  jax._src.interpreters.pxla:pxla.py:732 Compiling jit(broadcast_in_dim) with global shapes and types (ShapedArray(int64[340]),). Argument mapping: (UnspecifiedValue,).
WARNING  jax._src.dispatch:dispatch.py:204 Finished jaxpr to MLIR module conversion jit(broadcast_in_dim) in 0.005898476 sec
WARNING  jax._src.dispatch:dispatch.py:204 Finished XLA compilation of jit(broadcast_in_dim) in 0.007882833 sec
WARNING  jax._src.dispatch:dispatch.py:204 Finished tracing scan for jit in 0.000316620 sec
WARNING  jax._src.interpreters.pxla:pxla.py:732 Compiling jit(scan) with global shapes and types (ShapedArray(float64[340,2]), ShapedArray(float64[340,2]), ShapedArray(float64[25,2]), ShapedArray(float64[340,6]), ShapedArray(bool[340]), ShapedArray(float64[15,25]), ShapedArray(float64[5,6]), ShapedArray(int64[21]), ShapedArray(int64[21]), ShapedArray(int64[15]), ShapedArray(int64[15]), ShapedArray(int64[15]), ShapedArray(int64[340]), ShapedArray(float64[340,539,2]), ShapedArray(int64[340]), ShapedArray(float64[340,2]), ShapedArray(bool[340])). Argument mapping: (UnspecifiedValue, UnspecifiedValue, UnspecifiedValue, UnspecifiedValue, UnspecifiedValue, UnspecifiedValue, UnspecifiedValue, UnspecifiedValue, UnspecifiedValue, UnspecifiedValue, UnspecifiedValue, UnspecifiedValue, UnspecifiedValue, UnspecifiedValue, UnspecifiedValue, UnspecifiedValue, UnspecifiedValue).
WARNING  jax._src.dispatch:dispatch.py:204 Finished jaxpr to MLIR module conversion jit(scan) in 0.055550098 sec
WARNING  jax._src.dispatch:dispatch.py:204 Finished XLA compilation of jit(scan) in 0.330008745 sec
WARNING  jax._src.interpreters.pxla:pxla.py:732 Compiling jit(greater) with global shapes and types (ShapedArray(int32[]), ShapedArray(int64[], weak_type=True)). Argument mapping: (UnspecifiedValue, UnspecifiedValue).
WARNING  jax._src.dispatch:dispatch.py:204 Finished jaxpr to MLIR module conversion jit(greater) in 0.006778479 sec
WARNING  jax._src.dispatch:dispatch.py:204 Finished XLA compilation of jit(greater) in 0.026169538 sec
WARNING  jax._src.dispatch:dispatch.py:204 Finished tracing scatter-add for jit in 0.000284195 sec
WARNING  jax._src.interpreters.pxla:pxla.py:732 Compiling jit(scatter-add) with global shapes and types (ShapedArray(float64[340]), ShapedArray(int32[340,1]), ShapedArray(float64[340])). Argument mapping: (UnspecifiedValue, UnspecifiedValue, UnspecifiedValue).
WARNING  jax._src.dispatch:dispatch.py:204 Finished jaxpr to MLIR module conversion jit(scatter-add) in 0.006468296 sec
WARNING  jax._src.dispatch:dispatch.py:204 Finished XLA compilation of jit(scatter-add) in 0.025449276 sec
WARNING  jax._src.dispatch:dispatch.py:204 Finished tracing _where for jit in 0.000938654 sec
WARNING  jax._src.interpreters.pxla:pxla.py:732 Compiling jit(_where) with global shapes and types (ShapedArray(bool[]), ShapedArray(float64[], weak_type=True), ShapedArray(float64[340])). Argument mapping: (UnspecifiedValue, UnspecifiedValue, UnspecifiedValue).
WARNING  jax._src.dispatch:dispatch.py:204 Finished jaxpr to MLIR module conversion jit(_where) in 0.006767035 sec
WARNING  jax._src.dispatch:dispatch.py:204 Finished XLA compilation of jit(_where) in 0.032874346 sec
WARNING  jax._src.dispatch:dispatch.py:204 Finished tracing stack for jit in 0.000279903 sec
WARNING  jax._src.interpreters.pxla:pxla.py:732 Compiling jit(stack) with global shapes and types (ShapedArray(float64[340]), ShapedArray(float64[340]), ShapedArray(float64[340])). Argument mapping: (UnspecifiedValue, UnspecifiedValue, UnspecifiedValue).
WARNING  jax._src.dispatch:dispatch.py:204 Finished jaxpr to MLIR module conversion jit(stack) in 0.006427765 sec
WARNING  jax._src.dispatch:dispatch.py:204 Finished XLA compilation of jit(stack) in 0.058929205 sec
WARNING  jax._src.dispatch:dispatch.py:204 Finished tracing unstack for jit in 0.000263929 sec
WARNING  jax._src.interpreters.pxla:pxla.py:732 Compiling jit(unstack) with global shapes and types (ShapedArray(float64[3,340]),). Argument mapping: (UnspecifiedValue,).
WARNING  jax._src.dispatch:dispatch.py:204 Finished jaxpr to MLIR module conversion jit(unstack) in 0.006289244 sec
WARNING  jax._src.dispatch:dispatch.py:204 Finished XLA compilation of jit(unstack) in 0.048926353 sec
WARNING  jax._src.dispatch:dispatch.py:204 Finished tracing isfinite for jit in 0.000267267 sec
WARNING  jax._src.interpreters.pxla:pxla.py:732 Compiling jit(isfinite) with global shapes and types (ShapedArray(float64[], weak_type=True),). Argument mapping: (UnspecifiedValue,).
WARNING  jax._src.dispatch:dispatch.py:204 Finished jaxpr to MLIR module conversion jit(isfinite) in 0.005851507 sec
WARNING  jax._src.compiler:compiler.py:124 Persistent compilation cache hit for 'jit_isfinite' with key 'jit_isfinite-af3a71e74f81228141c9e4480ea86d85cae8359520965a5b92927c5d426f8c2a'
WARNING  jax._src.dispatch:dispatch.py:204 Finished XLA compilation of jit(isfinite) in 0.001979113 sec
WARNING  jax._src.dispatch:dispatch.py:204 Finished tracing bitwise_and for jit in 0.000381470 sec
WARNING  jax._src.interpreters.pxla:pxla.py:732 Compiling jit(bitwise_and) with global shapes and types (ShapedArray(bool[], weak_type=True), ShapedArray(bool[])). Argument mapping: (UnspecifiedValue, UnspecifiedValue).
WARNING  jax._src.dispatch:dispatch.py:204 Finished jaxpr to MLIR module conversion jit(bitwise_and) in 0.005970478 sec
WARNING  jax._src.dispatch:dispatch.py:204 Finished XLA compilation of jit(bitwise_and) in 0.026056051 sec
WARNING  jax._src.interpreters.pxla:pxla.py:732 Compiling jit(multiply) with global shapes and types (ShapedArray(float64[], weak_type=True), ShapedArray(float64[])). Argument mapping: (UnspecifiedValue, UnspecifiedValue).
WARNING  jax._src.dispatch:dispatch.py:204 Finished jaxpr to MLIR module conversion jit(multiply) in 0.005891800 sec
WARNING  jax._src.compiler:compiler.py:124 Persistent compilation cache hit for 'jit_multiply' with key 'jit_multiply-fd765f2a6a76500058615f8e5d40daf94c9ff45e56d85b8aa655781944f76cd4'
WARNING  jax._src.dispatch:dispatch.py:204 Finished XLA compilation of jit(multiply) in 0.035480022 sec
WARNING  jax._src.interpreters.pxla:pxla.py:732 Compiling jit(greater) with global shapes and types (ShapedArray(float64[]), ShapedArray(float64[], weak_type=True)). Argument mapping: (UnspecifiedValue, UnspecifiedValue).
WARNING  jax._src.dispatch:dispatch.py:204 Finished jaxpr to MLIR module conversion jit(greater) in 0.005949020 sec
WARNING  jax._src.dispatch:dispatch.py:204 Finished XLA compilation of jit(greater) in 0.025298595 sec
WARNING  jax._src.dispatch:dispatch.py:204 Finished tracing abs for jit in 0.000584126 sec
WARNING  jax._src.interpreters.pxla:pxla.py:732 Compiling jit(abs) with global shapes and types (ShapedArray(float64[], weak_type=True),). Argument mapping: (UnspecifiedValue,).
WARNING  jax._src.dispatch:dispatch.py:204 Finished jaxpr to MLIR module conversion jit(abs) in 0.005520582 sec
WARNING  jax._src.compiler:compiler.py:124 Persistent compilation cache hit for 'jit_abs' with key 'jit_abs-609c4a41d0d973b3b44e1a1183a440b5139dd5c477d66712d92b1c59439fcc18'
WARNING  jax._src.dispatch:dispatch.py:204 Finished XLA compilation of jit(abs) in 0.001910686 sec
WARNING  jax._src.dispatch:dispatch.py:204 Finished tracing greater_equal for jit in 0.000329494 sec
WARNING  jax._src.interpreters.pxla:pxla.py:732 Compiling jit(greater_equal) with global shapes and types (ShapedArray(float64[], weak_type=True), ShapedArray(float64[])). Argument mapping: (UnspecifiedValue, UnspecifiedValue).
WARNING  jax._src.dispatch:dispatch.py:204 Finished jaxpr to MLIR module conversion jit(greater_equal) in 0.005431652 sec
WARNING  jax._src.dispatch:dispatch.py:204 Finished XLA compilation of jit(greater_equal) in 0.025512695 sec
WARNING  jax._src.dispatch:dispatch.py:204 Finished tracing less_equal for jit in 0.000389099 sec
WARNING  jax._src.interpreters.pxla:pxla.py:732 Compiling jit(less_equal) with global shapes and types (ShapedArray(float64[], weak_type=True), ShapedArray(float64[])). Argument mapping: (UnspecifiedValue, UnspecifiedValue).
WARNING  jax._src.dispatch:dispatch.py:204 Finished jaxpr to MLIR module conversion jit(less_equal) in 0.005953550 sec
WARNING  jax._src.dispatch:dispatch.py:204 Finished XLA compilation of jit(less_equal) in 0.025337934 sec
WARNING  jax._src.interpreters.pxla:pxla.py:732 Compiling jit(_where) with global shapes and types (ShapedArray(bool[]), ShapedArray(float64[]), ShapedArray(float64[])). Argument mapping: (UnspecifiedValue, UnspecifiedValue, UnspecifiedValue).
WARNING  jax._src.dispatch:dispatch.py:204 Finished jaxpr to MLIR module conversion jit(_where) in 0.005434990 sec
WARNING  jax._src.dispatch:dispatch.py:204 Finished XLA compilation of jit(_where) in 0.026264191 sec
WARNING  jax._src.dispatch:dispatch.py:204 Finished tracing true_divide for jit in 0.000406742 sec
WARNING  jax._src.interpreters.pxla:pxla.py:732 Compiling jit(true_divide) with global shapes and types (ShapedArray(float64[], weak_type=True), ShapedArray(float64[])). Argument mapping: (UnspecifiedValue, UnspecifiedValue).
WARNING  jax._src.dispatch:dispatch.py:204 Finished jaxpr to MLIR module conversion jit(true_divide) in 0.005835772 sec
WARNING  jax._src.dispatch:dispatch.py:204 Finished XLA compilation of jit(true_divide) in 0.025397778 sec
WARNING  jax._src.interpreters.pxla:pxla.py:732 Compiling jit(_where) with global shapes and types (ShapedArray(bool[]), ShapedArray(float64[]), ShapedArray(float64[], weak_type=True)). Argument mapping: (UnspecifiedValue, UnspecifiedValue, UnspecifiedValue).
WARNING  jax._src.dispatch:dispatch.py:204 Finished jaxpr to MLIR module conversion jit(_where) in 0.005723476 sec
WARNING  jax._src.compiler:compiler.py:124 Persistent compilation cache hit for 'jit__where' with key 'jit__where-f1b1498c991682597c9d5f6f7ca2b516162a361a6ba4b31f6f6affc5cbc85242'
WARNING  jax._src.dispatch:dispatch.py:204 Finished XLA compilation of jit(_where) in 0.014811516 sec
WARNING  jax._src.dispatch:dispatch.py:204 Finished tracing solve for jit in 17.028021336 sec
WARNING  jax._src.interpreters.pxla:pxla.py:732 Compiling jit(solve) with global shapes and types (ShapedArray(float64[1547]), ShapedArray(float64[1547]), ShapedArray(float64[340,1]), ShapedArray(float64[340,340]), ShapedArray(float64[340,2]), ShapedArray(int64[198,7]), ShapedArray(float64[198,7,2]), ShapedArray(float64[198,2]), ShapedArray(float64[198,2]), ShapedArray(float64[340,340]), ShapedArray(float64[340,340]), ShapedArray(float64[121,1]), ShapedArray(float64[121,340]), ShapedArray(float64[121,2]), ShapedArray(float64[121,340]), ShapedArray(float64[121,340]), ShapedArray(float64[1086,1]), ShapedArray(float64[1086,340]), ShapedArray(float64[1086,2]), ShapedArray(float64[1086,340]), ShapedArray(float64[1086,340]), ShapedArray(bool[340]), ShapedArray(float64[937,2]), ShapedArray(int64[340,13]), ShapedArray(int64[340]), ShapedArray(float64[340,2]), ShapedArray(float64[340,3]), ShapedArray(float64[2]), ShapedArray(float64[340,2]), ShapedArray(int64[198,7]), ShapedArray(float64[198,7,2]), ShapedArray(float64[198,2]), ShapedArray(float64[198,2]), ShapedArray(float64[121,2]), ShapedArray(float64[0]), ShapedArray(float64[0]), ShapedArray(int32[198,7]), ShapedArray(float64[198,7,2,2]), ShapedArray(float64[340,2]), ShapedArray(int32[198,7,3,7]), ShapedArray(float64[198,7,3,7]), ShapedArray(float64[2,2]), ShapedArray(float64[2,2]), ShapedArray(int32[2,2]), ShapedArray(bool[2,2]), ShapedArray(int32[2]), ShapedArray(bool[1]), ShapedArray(bool[1]), ShapedArray(float64[340,2]), ShapedArray(int64[198,7]), ShapedArray(float64[198,7,2]), ShapedArray(float64[198,2]), ShapedArray(float64[198,2]), ShapedArray(float64[340,6,7]), ShapedArray(float64[0]), ShapedArray(float64[0]), ShapedArray(float64[1426,2]), ShapedArray(int64[340,7]), ShapedArray(float64[340,7,2]), ShapedArray(float64[340,2]), ShapedArray(float64[340,2]), ShapedArray(float64[340,13,2]), ShapedArray(float64[340,13,2]), ShapedArray(bool[340,13]), ShapedArray(float64[340]), ShapedArray(bool[340]), ShapedArray(float64[121,2]), ShapedArray(int32[2]), ShapedArray(bool[1]), ShapedArray(bool[1]), ShapedArray(float64[121,2]), ShapedArray(float64[0]), ShapedArray(float64[0]), ShapedArray(int32[198,7]), ShapedArray(float64[198,7,2,2]), ShapedArray(float64[340,2]), ShapedArray(int32[198,7,3,7]), ShapedArray(float64[198,7,3,7]), ShapedArray(float64[2,2]), ShapedArray(float64[2,2]), ShapedArray(int32[2,2]), ShapedArray(bool[2,2]), ShapedArray(int32[2]), ShapedArray(bool[1]), ShapedArray(bool[1]), ShapedArray(int32[121]), ShapedArray(float64[]), ShapedArray(float64[]), ShapedArray(int64[340]), ShapedArray(int64[340,7]), ShapedArray(float64[340,6,7]), ShapedArray(float64[340,2]), ShapedArray(float64[340,2]), ShapedArray(float64[], weak_type=True)). Argument mapping: (UnspecifiedValue, UnspecifiedValue, UnspecifiedValue, UnspecifiedValue, UnspecifiedValue, UnspecifiedValue, UnspecifiedValue, UnspecifiedValue, UnspecifiedValue, UnspecifiedValue, UnspecifiedValue, UnspecifiedValue, UnspecifiedValue, UnspecifiedValue, UnspecifiedValue, UnspecifiedValue, UnspecifiedValue, UnspecifiedValue, UnspecifiedValue, UnspecifiedValue, UnspecifiedValue, UnspecifiedValue, UnspecifiedValue, UnspecifiedValue, UnspecifiedValue, UnspecifiedValue, UnspecifiedValue, UnspecifiedValue, UnspecifiedValue, UnspecifiedValue, UnspecifiedValue, UnspecifiedValue, UnspecifiedValue, UnspecifiedValue, UnspecifiedValue, UnspecifiedValue, UnspecifiedValue, UnspecifiedValue, UnspecifiedValue, UnspecifiedValue, UnspecifiedValue, UnspecifiedValue, UnspecifiedValue, UnspecifiedValue, UnspecifiedValue, UnspecifiedValue, UnspecifiedValue, UnspecifiedValue, UnspecifiedValue, UnspecifiedValue, UnspecifiedValue, UnspecifiedValue, UnspecifiedValue, UnspecifiedValue, UnspecifiedValue, UnspecifiedValue, UnspecifiedValue, UnspecifiedValue, UnspecifiedValue, UnspecifiedValue, UnspecifiedValue, UnspecifiedValue, UnspecifiedValue, UnspecifiedValue, UnspecifiedValue, UnspecifiedValue, UnspecifiedValue, UnspecifiedValue, UnspecifiedValue, UnspecifiedValue, UnspecifiedValue, UnspecifiedValue, UnspecifiedValue, UnspecifiedValue, UnspecifiedValue, UnspecifiedValue, UnspecifiedValue, UnspecifiedValue, UnspecifiedValue, UnspecifiedValue, UnspecifiedValue, UnspecifiedValue, UnspecifiedValue, UnspecifiedValue, UnspecifiedValue, UnspecifiedValue, UnspecifiedValue, UnspecifiedValue, UnspecifiedValue, UnspecifiedValue, UnspecifiedValue, UnspecifiedValue, UnspecifiedValue, UnspecifiedValue).
WARNING  jax._src.dispatch:dispatch.py:204 Finished jaxpr to MLIR module conversion jit(solve) in 3.965644836 sec
WARNING  jax._src.dispatch:dispatch.py:204 Finished XLA compilation of jit(solve) in 192.627426624 sec
WARNING  jax._src.dispatch:dispatch.py:204 Finished tracing scan for jit in 0.000336647 sec
WARNING  jax._src.interpreters.pxla:pxla.py:732 Compiling jit(scan) with global shapes and types (ShapedArray(float64[340,2]), ShapedArray(float64[340,2]), ShapedArray(float64[25,2]), ShapedArray(float64[340,6]), ShapedArray(bool[340]), ShapedArray(float64[15,25]), ShapedArray(float64[5,6]), ShapedArray(int64[21]), ShapedArray(int64[21]), ShapedArray(int64[15]), ShapedArray(int64[15]), ShapedArray(int64[15]), ShapedArray(int64[340]), ShapedArray(float64[340,539,2]), ShapedArray(int64[340]), ShapedArray(float64[340,2]), ShapedArray(bool[340])). Argument mapping: (UnspecifiedValue, UnspecifiedValue, UnspecifiedValue, UnspecifiedValue, UnspecifiedValue, UnspecifiedValue, UnspecifiedValue, UnspecifiedValue, UnspecifiedValue, UnspecifiedValue, UnspecifiedValue, UnspecifiedValue, UnspecifiedValue, UnspecifiedValue, UnspecifiedValue, UnspecifiedValue, UnspecifiedValue).
WARNING  jax._src.dispatch:dispatch.py:204 Finished jaxpr to MLIR module conversion jit(scan) in 0.052414894 sec
WARNING  jax._src.dispatch:dispatch.py:204 Finished XLA compilation of jit(scan) in 0.282080173 sec
WARNING  jax._src.interpreters.pxla:pxla.py:732 Compiling jit(multiply) with global shapes and types (ShapedArray(float64[]), ShapedArray(float64[340])). Argument mapping: (UnspecifiedValue, UnspecifiedValue).
WARNING  jax._src.dispatch:dispatch.py:204 Finished jaxpr to MLIR module conversion jit(multiply) in 0.007997751 sec
WARNING  jax._src.dispatch:dispatch.py:204 Finished XLA compilation of jit(multiply) in 0.040376186 sec
WARNING  jax._src.dispatch:dispatch.py:204 Finished tracing scan for jit in 0.000320673 sec
WARNING  jax._src.interpreters.pxla:pxla.py:732 Compiling jit(scan) with global shapes and types (ShapedArray(float64[340,2]), ShapedArray(float64[340,2]), ShapedArray(float64[25,2]), ShapedArray(float64[340,6]), ShapedArray(bool[340]), ShapedArray(float64[15,25]), ShapedArray(float64[5,6]), ShapedArray(int64[21]), ShapedArray(int64[21]), ShapedArray(int64[15]), ShapedArray(int64[15]), ShapedArray(int64[15]), ShapedArray(int64[340]), ShapedArray(float64[340,539,2]), ShapedArray(int64[340]), ShapedArray(float64[340,2]), ShapedArray(bool[340])). Argument mapping: (UnspecifiedValue, UnspecifiedValue, UnspecifiedValue, UnspecifiedValue, UnspecifiedValue, UnspecifiedValue, UnspecifiedValue, UnspecifiedValue, UnspecifiedValue, UnspecifiedValue, UnspecifiedValue, UnspecifiedValue, UnspecifiedValue, UnspecifiedValue, UnspecifiedValue, UnspecifiedValue, UnspecifiedValue).
WARNING  jax._src.dispatch:dispatch.py:204 Finished jaxpr to MLIR module conversion jit(scan) in 0.057617426 sec
WARNING  jax._src.dispatch:dispatch.py:204 Finished XLA compilation of jit(scan) in 0.289783001 sec
WARNING  jax._src.dispatch:dispatch.py:204 Finished tracing dynamic_slice for jit in 0.000298738 sec
WARNING  jax._src.interpreters.pxla:pxla.py:732 Compiling jit(dynamic_slice) with global shapes and types (ShapedArray(float64[340,26,2]), ShapedArray(int64[], weak_type=True), ShapedArray(int64[], weak_type=True), ShapedArray(int64[], weak_type=True)). Argument mapping: (UnspecifiedValue, UnspecifiedValue, UnspecifiedValue, UnspecifiedValue).
WARNING  jax._src.dispatch:dispatch.py:204 Finished jaxpr to MLIR module conversion jit(dynamic_slice) in 0.008440971 sec
WARNING  jax._src.dispatch:dispatch.py:204 Finished XLA compilation of jit(dynamic_slice) in 0.038819075 sec
WARNING  jax._src.dispatch:dispatch.py:204 Finished tracing integer_pow for jit in 0.000287056 sec
WARNING  jax._src.interpreters.pxla:pxla.py:732 Compiling jit(integer_pow) with global shapes and types (ShapedArray(float64[]),). Argument mapping: (UnspecifiedValue,).
WARNING  jax._src.dispatch:dispatch.py:204 Finished jaxpr to MLIR module conversion jit(integer_pow) in 0.009413004 sec
WARNING  jax._src.compiler:compiler.py:124 Persistent compilation cache hit for 'jit_integer_pow' with key 'jit_integer_pow-f12eb96adabf7234d08df6797f1a84ec1327a1eb79759fc301ebbe715521c805'
WARNING  jax._src.dispatch:dispatch.py:204 Finished XLA compilation of jit(integer_pow) in 0.003754854 sec
WARNING  jax._src.dispatch:dispatch.py:204 Finished tracing multiply for jit in 0.000233889 sec
WARNING  jax._src.interpreters.pxla:pxla.py:732 Compiling jit(multiply) with global shapes and types (ShapedArray(float64[]), ShapedArray(float64[340,1408])). Argument mapping: (UnspecifiedValue, UnspecifiedValue).
WARNING  jax._src.dispatch:dispatch.py:204 Finished jaxpr to MLIR module conversion jit(multiply) in 0.007713079 sec
WARNING  jax._src.dispatch:dispatch.py:204 Finished XLA compilation of jit(multiply) in 0.043825626 sec
WARNING  jax._src.dispatch:dispatch.py:204 Finished tracing gather for jit in 0.000408649 sec
WARNING  jax._src.interpreters.pxla:pxla.py:732 Compiling jit(gather) with global shapes and types (ShapedArray(float64[340,26,2]), ShapedArray(int32[340,1])). Argument mapping: (UnspecifiedValue, UnspecifiedValue).
WARNING  jax._src.dispatch:dispatch.py:204 Finished jaxpr to MLIR module conversion jit(gather) in 0.008511543 sec
WARNING  jax._src.dispatch:dispatch.py:204 Finished XLA compilation of jit(gather) in 0.036383390 sec
WARNING  jax._src.dispatch:dispatch.py:204 Finished tracing scan for jit in 0.000292540 sec
WARNING  jax._src.interpreters.pxla:pxla.py:732 Compiling jit(scan) with global shapes and types (ShapedArray(float64[8]), ShapedArray(float64[8]), ShapedArray(float64[8]), ShapedArray(float64[8]), ShapedArray(float64[340,6]), ShapedArray(float64[340,2]), ShapedArray(float64[340,2]), ShapedArray(bool[340]), ShapedArray(float64[]), ShapedArray(int64[340]), ShapedArray(float64[340,26,2]), ShapedArray(int64[340]), ShapedArray(float64[340,2]), ShapedArray(bool[340])). Argument mapping: (UnspecifiedValue, UnspecifiedValue, UnspecifiedValue, UnspecifiedValue, UnspecifiedValue, UnspecifiedValue, UnspecifiedValue, UnspecifiedValue, UnspecifiedValue, UnspecifiedValue, UnspecifiedValue, UnspecifiedValue, UnspecifiedValue, UnspecifiedValue).
WARNING  jax._src.dispatch:dispatch.py:204 Finished jaxpr to MLIR module conversion jit(scan) in 0.044350386 sec
WARNING  jax._src.dispatch:dispatch.py:204 Finished XLA compilation of jit(scan) in 0.205970049 sec
WARNING  jax._src.dispatch:dispatch.py:204 Finished tracing dynamic_slice for jit in 0.000243664 sec
WARNING  jax._src.interpreters.pxla:pxla.py:732 Compiling jit(dynamic_slice) with global shapes and types (ShapedArray(float64[340,2,2]), ShapedArray(int64[], weak_type=True), ShapedArray(int64[], weak_type=True), ShapedArray(int64[], weak_type=True)). Argument mapping: (UnspecifiedValue, UnspecifiedValue, UnspecifiedValue, UnspecifiedValue).
WARNING  jax._src.dispatch:dispatch.py:204 Finished jaxpr to MLIR module conversion jit(dynamic_slice) in 0.007726192 sec
WARNING  jax._src.dispatch:dispatch.py:204 Finished XLA compilation of jit(dynamic_slice) in 0.037564278 sec
WARNING  jax._src.dispatch:dispatch.py:204 Finished tracing squeeze for jit in 0.000228882 sec
WARNING  jax._src.interpreters.pxla:pxla.py:732 Compiling jit(squeeze) with global shapes and types (ShapedArray(float64[340,1,1]),). Argument mapping: (UnspecifiedValue,).
WARNING  jax._src.dispatch:dispatch.py:204 Finished jaxpr to MLIR module conversion jit(squeeze) in 0.007490396 sec
WARNING  jax._src.dispatch:dispatch.py:204 Finished XLA compilation of jit(squeeze) in 0.012443304 sec
WARNING  jax._src.dispatch:dispatch.py:204 Finished tracing add for jit in 0.000013590 sec
WARNING  jax._src.interpreters.pxla:pxla.py:732 Compiling jit(add) with global shapes and types (ShapedArray(float64[340]), ShapedArray(float64[340])). Argument mapping: (UnspecifiedValue, UnspecifiedValue).
WARNING  jax._src.dispatch:dispatch.py:204 Finished jaxpr to MLIR module conversion jit(add) in 0.006345510 sec
WARNING  jax._src.dispatch:dispatch.py:204 Finished XLA compilation of jit(add) in 0.041306973 sec
WARNING  jax._src.dispatch:dispatch.py:204 Finished tracing multiply for jit in 0.000011206 sec
WARNING  jax._src.interpreters.pxla:pxla.py:732 Compiling jit(multiply) with global shapes and types (ShapedArray(float64[], weak_type=True), ShapedArray(float64[340])). Argument mapping: (UnspecifiedValue, UnspecifiedValue).
WARNING  jax._src.dispatch:dispatch.py:204 Finished jaxpr to MLIR module conversion jit(multiply) in 0.007745504 sec
WARNING  jax._src.dispatch:dispatch.py:204 Finished XLA compilation of jit(multiply) in 0.036489010 sec
WARNING  jax._src.dispatch:dispatch.py:204 Finished tracing optimization_barrier for jit in 0.000156403 sec
WARNING  jax._src.interpreters.pxla:pxla.py:732 Compiling jit(optimization_barrier) with global shapes and types (ShapedArray(float64[340]),). Argument mapping: (UnspecifiedValue,).
WARNING  jax._src.dispatch:dispatch.py:204 Finished jaxpr to MLIR module conversion jit(optimization_barrier) in 0.007267237 sec
WARNING  jax._src.dispatch:dispatch.py:204 Finished XLA compilation of jit(optimization_barrier) in 0.010653973 sec
WARNING  jax._src.dispatch:dispatch.py:204 Finished tracing _moveaxis for jit in 0.000123501 sec
WARNING  jax._src.interpreters.pxla:pxla.py:732 Compiling jit(_moveaxis) with global shapes and types (ShapedArray(float64[340]),). Argument mapping: (UnspecifiedValue,).
WARNING  jax._src.dispatch:dispatch.py:204 Finished jaxpr to MLIR module conversion jit(_moveaxis) in 0.006086588 sec
WARNING  jax._src.dispatch:dispatch.py:204 Finished XLA compilation of jit(_moveaxis) in 0.009790659 sec
WARNING  jax._src.dispatch:dispatch.py:204 Finished tracing reshape for jit in 0.000259638 sec
WARNING  jax._src.interpreters.pxla:pxla.py:732 Compiling jit(reshape) with global shapes and types (ShapedArray(float64[340]),). Argument mapping: (UnspecifiedValue,).
WARNING  jax._src.dispatch:dispatch.py:204 Finished jaxpr to MLIR module conversion jit(reshape) in 0.006152868 sec
WARNING  jax._src.dispatch:dispatch.py:204 Finished XLA compilation of jit(reshape) in 0.010138512 sec
WARNING  jax._src.dispatch:dispatch.py:204 Finished tracing dynamic_slice for jit in 0.000266314 sec
WARNING  jax._src.interpreters.pxla:pxla.py:732 Compiling jit(dynamic_slice) with global shapes and types (ShapedArray(float64[170,2]), ShapedArray(int64[], weak_type=True), ShapedArray(int64[], weak_type=True)). Argument mapping: (UnspecifiedValue, UnspecifiedValue, UnspecifiedValue).
WARNING  jax._src.dispatch:dispatch.py:204 Finished jaxpr to MLIR module conversion jit(dynamic_slice) in 0.006725311 sec
WARNING  jax._src.dispatch:dispatch.py:204 Finished XLA compilation of jit(dynamic_slice) in 0.039873123 sec
WARNING  jax._src.dispatch:dispatch.py:204 Finished tracing squeeze for jit in 0.000247955 sec
WARNING  jax._src.interpreters.pxla:pxla.py:732 Compiling jit(squeeze) with global shapes and types (ShapedArray(float64[170,1]),). Argument mapping: (UnspecifiedValue,).
WARNING  jax._src.dispatch:dispatch.py:204 Finished jaxpr to MLIR module conversion jit(squeeze) in 0.007151365 sec
WARNING  jax._src.dispatch:dispatch.py:204 Finished XLA compilation of jit(squeeze) in 0.009701014 sec
WARNING  jax._src.dispatch:dispatch.py:204 Finished tracing add for jit in 0.000294924 sec
WARNING  jax._src.interpreters.pxla:pxla.py:732 Compiling jit(add) with global shapes and types (ShapedArray(float64[170]), ShapedArray(float64[170])). Argument mapping: (UnspecifiedValue, UnspecifiedValue).
WARNING  jax._src.dispatch:dispatch.py:204 Finished jaxpr to MLIR module conversion jit(add) in 0.006382704 sec
WARNING  jax._src.dispatch:dispatch.py:204 Finished XLA compilation of jit(add) in 0.038829327 sec
WARNING  jax._src.dispatch:dispatch.py:204 Finished tracing reshape for jit in 0.000263214 sec
WARNING  jax._src.interpreters.pxla:pxla.py:732 Compiling jit(reshape) with global shapes and types (ShapedArray(float64[170]),). Argument mapping: (UnspecifiedValue,).
WARNING  jax._src.dispatch:dispatch.py:204 Finished jaxpr to MLIR module conversion jit(reshape) in 0.006946802 sec
WARNING  jax._src.dispatch:dispatch.py:204 Finished XLA compilation of jit(reshape) in 0.009209156 sec
WARNING  jax._src.dispatch:dispatch.py:204 Finished tracing dynamic_slice for jit in 0.000258684 sec
WARNING  jax._src.interpreters.pxla:pxla.py:732 Compiling jit(dynamic_slice) with global shapes and types (ShapedArray(float64[85,2]), ShapedArray(int64[], weak_type=True), ShapedArray(int64[], weak_type=True)). Argument mapping: (UnspecifiedValue, UnspecifiedValue, UnspecifiedValue).
WARNING  jax._src.dispatch:dispatch.py:204 Finished jaxpr to MLIR module conversion jit(dynamic_slice) in 0.006375790 sec
WARNING  jax._src.dispatch:dispatch.py:204 Finished XLA compilation of jit(dynamic_slice) in 0.034380674 sec
WARNING  jax._src.dispatch:dispatch.py:204 Finished tracing squeeze for jit in 0.000254869 sec
WARNING  jax._src.interpreters.pxla:pxla.py:732 Compiling jit(squeeze) with global shapes and types (ShapedArray(float64[85,1]),). Argument mapping: (UnspecifiedValue,).
WARNING  jax._src.dispatch:dispatch.py:204 Finished jaxpr to MLIR module conversion jit(squeeze) in 0.006918430 sec
WARNING  jax._src.dispatch:dispatch.py:204 Finished XLA compilation of jit(squeeze) in 0.009076118 sec
WARNING  jax._src.dispatch:dispatch.py:204 Finished tracing add for jit in 0.000298262 sec
WARNING  jax._src.interpreters.pxla:pxla.py:732 Compiling jit(add) with global shapes and types (ShapedArray(float64[85]), ShapedArray(float64[85])). Argument mapping: (UnspecifiedValue, UnspecifiedValue).
WARNING  jax._src.dispatch:dispatch.py:204 Finished jaxpr to MLIR module conversion jit(add) in 0.005975723 sec
WARNING  jax._src.dispatch:dispatch.py:204 Finished XLA compilation of jit(add) in 0.036865950 sec
WARNING  jax._src.dispatch:dispatch.py:204 Finished tracing dynamic_slice for jit in 0.000278473 sec
WARNING  jax._src.interpreters.pxla:pxla.py:732 Compiling jit(dynamic_slice) with global shapes and types (ShapedArray(float64[85]), ShapedArray(int64[], weak_type=True)). Argument mapping: (UnspecifiedValue, UnspecifiedValue).
WARNING  jax._src.dispatch:dispatch.py:204 Finished jaxpr to MLIR module conversion jit(dynamic_slice) in 0.007156372 sec
WARNING  jax._src.dispatch:dispatch.py:204 Finished XLA compilation of jit(dynamic_slice) in 0.029337883 sec
WARNING  jax._src.dispatch:dispatch.py:204 Finished tracing reshape for jit in 0.000246525 sec
WARNING  jax._src.interpreters.pxla:pxla.py:732 Compiling jit(reshape) with global shapes and types (ShapedArray(float64[84]),). Argument mapping: (UnspecifiedValue,).
WARNING  jax._src.dispatch:dispatch.py:204 Finished jaxpr to MLIR module conversion jit(reshape) in 0.006789446 sec
WARNING  jax._src.dispatch:dispatch.py:204 Finished XLA compilation of jit(reshape) in 0.009263754 sec
WARNING  jax._src.dispatch:dispatch.py:204 Finished tracing dynamic_slice for jit in 0.000273228 sec
WARNING  jax._src.interpreters.pxla:pxla.py:732 Compiling jit(dynamic_slice) with global shapes and types (ShapedArray(float64[42,2]), ShapedArray(int64[], weak_type=True), ShapedArray(int64[], weak_type=True)). Argument mapping: (UnspecifiedValue, UnspecifiedValue, UnspecifiedValue).
WARNING  jax._src.dispatch:dispatch.py:204 Finished jaxpr to MLIR module conversion jit(dynamic_slice) in 0.006555796 sec
WARNING  jax._src.dispatch:dispatch.py:204 Finished XLA compilation of jit(dynamic_slice) in 0.032085419 sec
WARNING  jax._src.dispatch:dispatch.py:204 Finished tracing squeeze for jit in 0.000250578 sec
WARNING  jax._src.interpreters.pxla:pxla.py:732 Compiling jit(squeeze) with global shapes and types (ShapedArray(float64[42,1]),). Argument mapping: (UnspecifiedValue,).
WARNING  jax._src.dispatch:dispatch.py:204 Finished jaxpr to MLIR module conversion jit(squeeze) in 0.006896734 sec
WARNING  jax._src.dispatch:dispatch.py:204 Finished XLA compilation of jit(squeeze) in 0.008979082 sec
WARNING  jax._src.dispatch:dispatch.py:204 Finished tracing add for jit in 0.000281334 sec
WARNING  jax._src.interpreters.pxla:pxla.py:732 Compiling jit(add) with global shapes and types (ShapedArray(float64[42]), ShapedArray(float64[42])). Argument mapping: (UnspecifiedValue, UnspecifiedValue).
WARNING  jax._src.dispatch:dispatch.py:204 Finished jaxpr to MLIR module conversion jit(add) in 0.005968094 sec
WARNING  jax._src.dispatch:dispatch.py:204 Finished XLA compilation of jit(add) in 0.037072897 sec
WARNING  jax._src.dispatch:dispatch.py:204 Finished tracing dynamic_slice for jit in 0.000258446 sec
WARNING  jax._src.interpreters.pxla:pxla.py:732 Compiling jit(dynamic_slice) with global shapes and types (ShapedArray(float64[85]), ShapedArray(int64[], weak_type=True)). Argument mapping: (UnspecifiedValue, UnspecifiedValue).
WARNING  jax._src.dispatch:dispatch.py:204 Finished jaxpr to MLIR module conversion jit(dynamic_slice) in 0.007307529 sec
WARNING  jax._src.dispatch:dispatch.py:204 Finished XLA compilation of jit(dynamic_slice) in 0.026574135 sec
WARNING  jax._src.dispatch:dispatch.py:204 Finished tracing concatenate for jit in 0.000245571 sec
WARNING  jax._src.interpreters.pxla:pxla.py:732 Compiling jit(concatenate) with global shapes and types (ShapedArray(float64[42]), ShapedArray(float64[1])). Argument mapping: (UnspecifiedValue, UnspecifiedValue).
WARNING  jax._src.dispatch:dispatch.py:204 Finished jaxpr to MLIR module conversion jit(concatenate) in 0.006666660 sec
WARNING  jax._src.dispatch:dispatch.py:204 Finished XLA compilation of jit(concatenate) in 0.013921499 sec
WARNING  jax._src.dispatch:dispatch.py:204 Finished tracing dynamic_slice for jit in 0.000236750 sec
WARNING  jax._src.interpreters.pxla:pxla.py:732 Compiling jit(dynamic_slice) with global shapes and types (ShapedArray(float64[43]), ShapedArray(int64[], weak_type=True)). Argument mapping: (UnspecifiedValue, UnspecifiedValue).
WARNING  jax._src.dispatch:dispatch.py:204 Finished jaxpr to MLIR module conversion jit(dynamic_slice) in 0.006945133 sec
WARNING  jax._src.dispatch:dispatch.py:204 Finished XLA compilation of jit(dynamic_slice) in 0.031216383 sec
WARNING  jax._src.dispatch:dispatch.py:204 Finished tracing reshape for jit in 0.000231504 sec
WARNING  jax._src.interpreters.pxla:pxla.py:732 Compiling jit(reshape) with global shapes and types (ShapedArray(float64[42]),). Argument mapping: (UnspecifiedValue,).
WARNING  jax._src.dispatch:dispatch.py:204 Finished jaxpr to MLIR module conversion jit(reshape) in 0.006820679 sec
WARNING  jax._src.dispatch:dispatch.py:204 Finished XLA compilation of jit(reshape) in 0.009029865 sec
WARNING  jax._src.dispatch:dispatch.py:204 Finished tracing dynamic_slice for jit in 0.000261307 sec
WARNING  jax._src.interpreters.pxla:pxla.py:732 Compiling jit(dynamic_slice) with global shapes and types (ShapedArray(float64[21,2]), ShapedArray(int64[], weak_type=True), ShapedArray(int64[], weak_type=True)). Argument mapping: (UnspecifiedValue, UnspecifiedValue, UnspecifiedValue).
WARNING  jax._src.dispatch:dispatch.py:204 Finished jaxpr to MLIR module conversion jit(dynamic_slice) in 0.006417274 sec
WARNING  jax._src.dispatch:dispatch.py:204 Finished XLA compilation of jit(dynamic_slice) in 0.029834270 sec
WARNING  jax._src.dispatch:dispatch.py:204 Finished tracing squeeze for jit in 0.000221729 sec
WARNING  jax._src.interpreters.pxla:pxla.py:732 Compiling jit(squeeze) with global shapes and types (ShapedArray(float64[21,1]),). Argument mapping: (UnspecifiedValue,).
WARNING  jax._src.dispatch:dispatch.py:204 Finished jaxpr to MLIR module conversion jit(squeeze) in 0.006824017 sec
WARNING  jax._src.dispatch:dispatch.py:204 Finished XLA compilation of jit(squeeze) in 0.008994818 sec
WARNING  jax._src.dispatch:dispatch.py:204 Finished tracing add for jit in 0.000284195 sec
WARNING  jax._src.interpreters.pxla:pxla.py:732 Compiling jit(add) with global shapes and types (ShapedArray(float64[21]), ShapedArray(float64[21])). Argument mapping: (UnspecifiedValue, UnspecifiedValue).
WARNING  jax._src.dispatch:dispatch.py:204 Finished jaxpr to MLIR module conversion jit(add) in 0.005928993 sec
WARNING  jax._src.dispatch:dispatch.py:204 Finished XLA compilation of jit(add) in 0.036118031 sec
WARNING  jax._src.dispatch:dispatch.py:204 Finished tracing dynamic_slice for jit in 0.000269175 sec
WARNING  jax._src.interpreters.pxla:pxla.py:732 Compiling jit(dynamic_slice) with global shapes and types (ShapedArray(float64[43]), ShapedArray(int64[], weak_type=True)). Argument mapping: (UnspecifiedValue, UnspecifiedValue).
WARNING  jax._src.dispatch:dispatch.py:204 Finished jaxpr to MLIR module conversion jit(dynamic_slice) in 0.007488012 sec
WARNING  jax._src.dispatch:dispatch.py:204 Finished XLA compilation of jit(dynamic_slice) in 0.026884794 sec
WARNING  jax._src.dispatch:dispatch.py:204 Finished tracing concatenate for jit in 0.000244141 sec
WARNING  jax._src.interpreters.pxla:pxla.py:732 Compiling jit(concatenate) with global shapes and types (ShapedArray(float64[21]), ShapedArray(float64[1])). Argument mapping: (UnspecifiedValue, UnspecifiedValue).
WARNING  jax._src.dispatch:dispatch.py:204 Finished jaxpr to MLIR module conversion jit(concatenate) in 0.006819725 sec
WARNING  jax._src.dispatch:dispatch.py:204 Finished XLA compilation of jit(concatenate) in 0.014067888 sec
WARNING  jax._src.dispatch:dispatch.py:204 Finished tracing reshape for jit in 0.000239849 sec
WARNING  jax._src.interpreters.pxla:pxla.py:732 Compiling jit(reshape) with global shapes and types (ShapedArray(float64[22]),). Argument mapping: (UnspecifiedValue,).
WARNING  jax._src.dispatch:dispatch.py:204 Finished jaxpr to MLIR module conversion jit(reshape) in 0.006392717 sec
WARNING  jax._src.dispatch:dispatch.py:204 Finished XLA compilation of jit(reshape) in 0.009000063 sec
WARNING  jax._src.dispatch:dispatch.py:204 Finished tracing dynamic_slice for jit in 0.000265121 sec
WARNING  jax._src.interpreters.pxla:pxla.py:732 Compiling jit(dynamic_slice) with global shapes and types (ShapedArray(float64[11,2]), ShapedArray(int64[], weak_type=True), ShapedArray(int64[], weak_type=True)). Argument mapping: (UnspecifiedValue, UnspecifiedValue, UnspecifiedValue).
WARNING  jax._src.dispatch:dispatch.py:204 Finished jaxpr to MLIR module conversion jit(dynamic_slice) in 0.006373167 sec
WARNING  jax._src.dispatch:dispatch.py:204 Finished XLA compilation of jit(dynamic_slice) in 0.028060436 sec
WARNING  jax._src.dispatch:dispatch.py:204 Finished tracing squeeze for jit in 0.000247002 sec
WARNING  jax._src.interpreters.pxla:pxla.py:732 Compiling jit(squeeze) with global shapes and types (ShapedArray(float64[11,1]),). Argument mapping: (UnspecifiedValue,).
WARNING  jax._src.dispatch:dispatch.py:204 Finished jaxpr to MLIR module conversion jit(squeeze) in 0.006826639 sec
WARNING  jax._src.dispatch:dispatch.py:204 Finished XLA compilation of jit(squeeze) in 0.008716822 sec
WARNING  jax._src.dispatch:dispatch.py:204 Finished tracing add for jit in 0.000300646 sec
WARNING  jax._src.interpreters.pxla:pxla.py:732 Compiling jit(add) with global shapes and types (ShapedArray(float64[11]), ShapedArray(float64[11])). Argument mapping: (UnspecifiedValue, UnspecifiedValue).
WARNING  jax._src.dispatch:dispatch.py:204 Finished jaxpr to MLIR module conversion jit(add) in 0.005708933 sec
WARNING  jax._src.dispatch:dispatch.py:204 Finished XLA compilation of jit(add) in 0.035297632 sec
WARNING  jax._src.dispatch:dispatch.py:204 Finished tracing dynamic_slice for jit in 0.000248909 sec
WARNING  jax._src.interpreters.pxla:pxla.py:732 Compiling jit(dynamic_slice) with global shapes and types (ShapedArray(float64[11]), ShapedArray(int64[], weak_type=True)). Argument mapping: (UnspecifiedValue, UnspecifiedValue).
WARNING  jax._src.dispatch:dispatch.py:204 Finished jaxpr to MLIR module conversion jit(dynamic_slice) in 0.006892681 sec
WARNING  jax._src.dispatch:dispatch.py:204 Finished XLA compilation of jit(dynamic_slice) in 0.026788473 sec
WARNING  jax._src.dispatch:dispatch.py:204 Finished tracing reshape for jit in 0.000220537 sec
WARNING  jax._src.interpreters.pxla:pxla.py:732 Compiling jit(reshape) with global shapes and types (ShapedArray(float64[10]),). Argument mapping: (UnspecifiedValue,).
WARNING  jax._src.dispatch:dispatch.py:204 Finished jaxpr to MLIR module conversion jit(reshape) in 0.006503344 sec
WARNING  jax._src.dispatch:dispatch.py:204 Finished XLA compilation of jit(reshape) in 0.008528948 sec
WARNING  jax._src.dispatch:dispatch.py:204 Finished tracing dynamic_slice for jit in 0.000231743 sec
WARNING  jax._src.interpreters.pxla:pxla.py:732 Compiling jit(dynamic_slice) with global shapes and types (ShapedArray(float64[5,2]), ShapedArray(int64[], weak_type=True), ShapedArray(int64[], weak_type=True)). Argument mapping: (UnspecifiedValue, UnspecifiedValue, UnspecifiedValue).
WARNING  jax._src.dispatch:dispatch.py:204 Finished jaxpr to MLIR module conversion jit(dynamic_slice) in 0.006139517 sec
WARNING  jax._src.dispatch:dispatch.py:204 Finished XLA compilation of jit(dynamic_slice) in 0.027475834 sec
WARNING  jax._src.dispatch:dispatch.py:204 Finished tracing squeeze for jit in 0.000232697 sec
WARNING  jax._src.interpreters.pxla:pxla.py:732 Compiling jit(squeeze) with global shapes and types (ShapedArray(float64[5,1]),). Argument mapping: (UnspecifiedValue,).
WARNING  jax._src.dispatch:dispatch.py:204 Finished jaxpr to MLIR module conversion jit(squeeze) in 0.006628752 sec
WARNING  jax._src.dispatch:dispatch.py:204 Finished XLA compilation of jit(squeeze) in 0.008429527 sec
WARNING  jax._src.dispatch:dispatch.py:204 Finished tracing add for jit in 0.000302792 sec
WARNING  jax._src.interpreters.pxla:pxla.py:732 Compiling jit(add) with global shapes and types (ShapedArray(float64[5]), ShapedArray(float64[5])). Argument mapping: (UnspecifiedValue, UnspecifiedValue).
WARNING  jax._src.dispatch:dispatch.py:204 Finished jaxpr to MLIR module conversion jit(add) in 0.005522966 sec
WARNING  jax._src.dispatch:dispatch.py:204 Finished XLA compilation of jit(add) in 0.029512167 sec
WARNING  jax._src.dispatch:dispatch.py:204 Finished tracing dynamic_slice for jit in 0.000235319 sec
WARNING  jax._src.interpreters.pxla:pxla.py:732 Compiling jit(dynamic_slice) with global shapes and types (ShapedArray(float64[11]), ShapedArray(int64[], weak_type=True)). Argument mapping: (UnspecifiedValue, UnspecifiedValue).
WARNING  jax._src.dispatch:dispatch.py:204 Finished jaxpr to MLIR module conversion jit(dynamic_slice) in 0.006850719 sec
WARNING  jax._src.dispatch:dispatch.py:204 Finished XLA compilation of jit(dynamic_slice) in 0.025804043 sec
WARNING  jax._src.dispatch:dispatch.py:204 Finished tracing concatenate for jit in 0.000236273 sec
WARNING  jax._src.interpreters.pxla:pxla.py:732 Compiling jit(concatenate) with global shapes and types (ShapedArray(float64[5]), ShapedArray(float64[1])). Argument mapping: (UnspecifiedValue, UnspecifiedValue).
WARNING  jax._src.dispatch:dispatch.py:204 Finished jaxpr to MLIR module conversion jit(concatenate) in 0.006469965 sec
WARNING  jax._src.dispatch:dispatch.py:204 Finished XLA compilation of jit(concatenate) in 0.013625860 sec
WARNING  jax._src.dispatch:dispatch.py:204 Finished tracing reshape for jit in 0.000216961 sec
WARNING  jax._src.interpreters.pxla:pxla.py:732 Compiling jit(reshape) with global shapes and types (ShapedArray(float64[6]),). Argument mapping: (UnspecifiedValue,).
WARNING  jax._src.dispatch:dispatch.py:204 Finished jaxpr to MLIR module conversion jit(reshape) in 0.006154776 sec
WARNING  jax._src.dispatch:dispatch.py:204 Finished XLA compilation of jit(reshape) in 0.008548975 sec
WARNING  jax._src.dispatch:dispatch.py:204 Finished tracing dynamic_slice for jit in 0.000234604 sec
WARNING  jax._src.interpreters.pxla:pxla.py:732 Compiling jit(dynamic_slice) with global shapes and types (ShapedArray(float64[3,2]), ShapedArray(int64[], weak_type=True), ShapedArray(int64[], weak_type=True)). Argument mapping: (UnspecifiedValue, UnspecifiedValue, UnspecifiedValue).
WARNING  jax._src.dispatch:dispatch.py:204 Finished jaxpr to MLIR module conversion jit(dynamic_slice) in 0.006154537 sec
WARNING  jax._src.dispatch:dispatch.py:204 Finished XLA compilation of jit(dynamic_slice) in 0.027455807 sec
WARNING  jax._src.dispatch:dispatch.py:204 Finished tracing squeeze for jit in 0.000226021 sec
WARNING  jax._src.interpreters.pxla:pxla.py:732 Compiling jit(squeeze) with global shapes and types (ShapedArray(float64[3,1]),). Argument mapping: (UnspecifiedValue,).
WARNING  jax._src.dispatch:dispatch.py:204 Finished jaxpr to MLIR module conversion jit(squeeze) in 0.006698132 sec
WARNING  jax._src.dispatch:dispatch.py:204 Finished XLA compilation of jit(squeeze) in 0.008715630 sec
WARNING  jax._src.dispatch:dispatch.py:204 Finished tracing add for jit in 0.000283957 sec
WARNING  jax._src.interpreters.pxla:pxla.py:732 Compiling jit(add) with global shapes and types (ShapedArray(float64[3]), ShapedArray(float64[3])). Argument mapping: (UnspecifiedValue, UnspecifiedValue).
WARNING  jax._src.dispatch:dispatch.py:204 Finished jaxpr to MLIR module conversion jit(add) in 0.005782127 sec
WARNING  jax._src.dispatch:dispatch.py:204 Finished XLA compilation of jit(add) in 0.029049873 sec
WARNING  jax._src.dispatch:dispatch.py:204 Finished tracing dynamic_slice for jit in 0.000239849 sec
WARNING  jax._src.interpreters.pxla:pxla.py:732 Compiling jit(dynamic_slice) with global shapes and types (ShapedArray(float64[3]), ShapedArray(int64[], weak_type=True)). Argument mapping: (UnspecifiedValue, UnspecifiedValue).
WARNING  jax._src.dispatch:dispatch.py:204 Finished jaxpr to MLIR module conversion jit(dynamic_slice) in 0.007133007 sec
WARNING  jax._src.dispatch:dispatch.py:204 Finished XLA compilation of jit(dynamic_slice) in 0.027208567 sec
WARNING  jax._src.dispatch:dispatch.py:204 Finished tracing reshape for jit in 0.000218868 sec
WARNING  jax._src.interpreters.pxla:pxla.py:732 Compiling jit(reshape) with global shapes and types (ShapedArray(float64[2]),). Argument mapping: (UnspecifiedValue,).
WARNING  jax._src.dispatch:dispatch.py:204 Finished jaxpr to MLIR module conversion jit(reshape) in 0.006665707 sec
WARNING  jax._src.dispatch:dispatch.py:204 Finished XLA compilation of jit(reshape) in 0.008761406 sec
WARNING  jax._src.dispatch:dispatch.py:204 Finished tracing dynamic_slice for jit in 0.000244379 sec
WARNING  jax._src.interpreters.pxla:pxla.py:732 Compiling jit(dynamic_slice) with global shapes and types (ShapedArray(float64[1,2]), ShapedArray(int64[], weak_type=True), ShapedArray(int64[], weak_type=True)). Argument mapping: (UnspecifiedValue, UnspecifiedValue, UnspecifiedValue).
WARNING  jax._src.dispatch:dispatch.py:204 Finished jaxpr to MLIR module conversion jit(dynamic_slice) in 0.006678104 sec
WARNING  jax._src.dispatch:dispatch.py:204 Finished XLA compilation of jit(dynamic_slice) in 0.026958942 sec
WARNING  jax._src.dispatch:dispatch.py:204 Finished tracing squeeze for jit in 0.000158787 sec
WARNING  jax._src.interpreters.pxla:pxla.py:732 Compiling jit(squeeze) with global shapes and types (ShapedArray(float64[1,1]),). Argument mapping: (UnspecifiedValue,).
WARNING  jax._src.dispatch:dispatch.py:204 Finished jaxpr to MLIR module conversion jit(squeeze) in 0.006886959 sec
WARNING  jax._src.dispatch:dispatch.py:204 Finished XLA compilation of jit(squeeze) in 0.009067774 sec
WARNING  jax._src.dispatch:dispatch.py:204 Finished tracing add for jit in 0.000294447 sec
WARNING  jax._src.interpreters.pxla:pxla.py:732 Compiling jit(add) with global shapes and types (ShapedArray(float64[1]), ShapedArray(float64[1])). Argument mapping: (UnspecifiedValue, UnspecifiedValue).
WARNING  jax._src.dispatch:dispatch.py:204 Finished jaxpr to MLIR module conversion jit(add) in 0.006082296 sec
WARNING  jax._src.dispatch:dispatch.py:204 Finished XLA compilation of jit(add) in 0.029724121 sec
WARNING  jax._src.dispatch:dispatch.py:204 Finished tracing dynamic_slice for jit in 0.000246286 sec
WARNING  jax._src.interpreters.pxla:pxla.py:732 Compiling jit(dynamic_slice) with global shapes and types (ShapedArray(float64[3]), ShapedArray(int64[], weak_type=True)). Argument mapping: (UnspecifiedValue, UnspecifiedValue).
WARNING  jax._src.dispatch:dispatch.py:204 Finished jaxpr to MLIR module conversion jit(dynamic_slice) in 0.007032394 sec
WARNING  jax._src.dispatch:dispatch.py:204 Finished XLA compilation of jit(dynamic_slice) in 0.026178360 sec
WARNING  jax._src.dispatch:dispatch.py:204 Finished tracing concatenate for jit in 0.000233412 sec
WARNING  jax._src.interpreters.pxla:pxla.py:732 Compiling jit(concatenate) with global shapes and types (ShapedArray(float64[1]), ShapedArray(float64[1])). Argument mapping: (UnspecifiedValue, UnspecifiedValue).
WARNING  jax._src.dispatch:dispatch.py:204 Finished jaxpr to MLIR module conversion jit(concatenate) in 0.006777525 sec
WARNING  jax._src.dispatch:dispatch.py:204 Finished XLA compilation of jit(concatenate) in 0.013801813 sec
WARNING  jax._src.interpreters.pxla:pxla.py:732 Compiling jit(abs) with global shapes and types (ShapedArray(float64[340]),). Argument mapping: (UnspecifiedValue,).
WARNING  jax._src.dispatch:dispatch.py:204 Finished jaxpr to MLIR module conversion jit(abs) in 0.006349087 sec
WARNING  jax._src.dispatch:dispatch.py:204 Finished XLA compilation of jit(abs) in 0.036109686 sec
WARNING  jax._src.dispatch:dispatch.py:204 Finished tracing greater for jit in 0.000013113 sec
WARNING  jax._src.interpreters.pxla:pxla.py:732 Compiling jit(greater) with global shapes and types (ShapedArray(float64[340]), ShapedArray(float64[], weak_type=True)). Argument mapping: (UnspecifiedValue, UnspecifiedValue).
WARNING  jax._src.dispatch:dispatch.py:204 Finished jaxpr to MLIR module conversion jit(greater) in 0.007742405 sec
WARNING  jax._src.dispatch:dispatch.py:204 Finished XLA compilation of jit(greater) in 0.032864809 sec
WARNING  jax._src.dispatch:dispatch.py:204 Finished tracing maximum for jit in 0.000343561 sec
WARNING  jax._src.interpreters.pxla:pxla.py:732 Compiling jit(maximum) with global shapes and types (ShapedArray(float64[340]), ShapedArray(float64[340])). Argument mapping: (UnspecifiedValue, UnspecifiedValue).
WARNING  jax._src.dispatch:dispatch.py:204 Finished jaxpr to MLIR module conversion jit(maximum) in 0.006948471 sec
WARNING  jax._src.dispatch:dispatch.py:204 Finished XLA compilation of jit(maximum) in 0.038421392 sec
WARNING  jax._src.dispatch:dispatch.py:204 Finished tracing less_equal for jit in 0.000011206 sec
WARNING  jax._src.interpreters.pxla:pxla.py:732 Compiling jit(less_equal) with global shapes and types (ShapedArray(float64[340]), ShapedArray(float64[340])). Argument mapping: (UnspecifiedValue, UnspecifiedValue).
WARNING  jax._src.dispatch:dispatch.py:204 Finished jaxpr to MLIR module conversion jit(less_equal) in 0.007365227 sec
WARNING  jax._src.dispatch:dispatch.py:204 Finished XLA compilation of jit(less_equal) in 0.041843653 sec
WARNING  jax._src.dispatch:dispatch.py:204 Finished tracing _where for jit in 0.000657797 sec
WARNING  jax._src.interpreters.pxla:pxla.py:732 Compiling jit(_where) with global shapes and types (ShapedArray(bool[340]), ShapedArray(float64[340]), ShapedArray(float64[340])). Argument mapping: (UnspecifiedValue, UnspecifiedValue, UnspecifiedValue).
WARNING  jax._src.dispatch:dispatch.py:204 Finished jaxpr to MLIR module conversion jit(_where) in 0.006915569 sec
WARNING  jax._src.dispatch:dispatch.py:204 Finished XLA compilation of jit(_where) in 1.302924156 sec
WARNING  jax._src.interpreters.pxla:pxla.py:732 Compiling jit(true_divide) with global shapes and types (ShapedArray(float64[]), ShapedArray(float64[])). Argument mapping: (UnspecifiedValue, UnspecifiedValue).
WARNING  jax._src.dispatch:dispatch.py:204 Finished jaxpr to MLIR module conversion jit(true_divide) in 0.006713867 sec
WARNING  jax._src.compiler:compiler.py:124 Persistent compilation cache hit for 'jit_true_divide' with key 'jit_true_divide-cb08e10409e7ba1241d43c9abccaa40135e66bd5622692dd682adf6ba89e7e0d'
WARNING  jax._src.dispatch:dispatch.py:204 Finished XLA compilation of jit(true_divide) in 0.002949476 sec
WARNING  jax._src.interpreters.pxla:pxla.py:732 Compiling jit(multiply) with global shapes and types (ShapedArray(float64[]), ShapedArray(float64[])). Argument mapping: (UnspecifiedValue, UnspecifiedValue).
WARNING  jax._src.dispatch:dispatch.py:204 Finished jaxpr to MLIR module conversion jit(multiply) in 0.005492210 sec
WARNING  jax._src.compiler:compiler.py:124 Persistent compilation cache hit for 'jit_multiply' with key 'jit_multiply-4618fdfde6a7ff7cb6f33504287aeda700cc3e81ea596369b21d3b0f6b0eca1c'
WARNING  jax._src.dispatch:dispatch.py:204 Finished XLA compilation of jit(multiply) in 0.002592564 sec
WARNING  jax._src.dispatch:dispatch.py:204 Finished tracing add for jit in 0.000297308 sec
WARNING  jax._src.interpreters.pxla:pxla.py:732 Compiling jit(add) with global shapes and types (ShapedArray(int64[257,7]), ShapedArray(int64[])). Argument mapping: (UnspecifiedValue, UnspecifiedValue).
WARNING  jax._src.dispatch:dispatch.py:204 Finished jaxpr to MLIR module conversion jit(add) in 0.005513668 sec
WARNING  jax._src.dispatch:dispatch.py:204 Finished XLA compilation of jit(add) in 0.028665066 sec
WARNING  jax._src.dispatch:dispatch.py:204 Finished tracing select_n for jit in 0.000287771 sec
WARNING  jax._src.interpreters.pxla:pxla.py:732 Compiling jit(select_n) with global shapes and types (ShapedArray(bool[257,7]), ShapedArray(int64[257,7]), ShapedArray(int64[257,7])). Argument mapping: (UnspecifiedValue, UnspecifiedValue, UnspecifiedValue).
WARNING  jax._src.dispatch:dispatch.py:204 Finished jaxpr to MLIR module conversion jit(select_n) in 0.005853415 sec
WARNING  jax._src.dispatch:dispatch.py:204 Finished XLA compilation of jit(select_n) in 0.037137508 sec
WARNING  jax._src.dispatch:dispatch.py:204 Finished tracing _broadcast_arrays for jit in 0.000115156 sec
WARNING  jax._src.interpreters.pxla:pxla.py:732 Compiling jit(_broadcast_arrays) with global shapes and types (ShapedArray(int64[257,7]),). Argument mapping: (UnspecifiedValue,).
WARNING  jax._src.dispatch:dispatch.py:204 Finished jaxpr to MLIR module conversion jit(_broadcast_arrays) in 0.006606579 sec
WARNING  jax._src.dispatch:dispatch.py:204 Finished XLA compilation of jit(_broadcast_arrays) in 0.009631872 sec
WARNING  jax._src.dispatch:dispatch.py:204 Finished tracing convert_element_type for jit in 0.000302076 sec
WARNING  jax._src.interpreters.pxla:pxla.py:732 Compiling jit(convert_element_type) with global shapes and types (ShapedArray(int64[257,7]),). Argument mapping: (UnspecifiedValue,).
WARNING  jax._src.dispatch:dispatch.py:204 Finished jaxpr to MLIR module conversion jit(convert_element_type) in 0.006000519 sec
WARNING  jax._src.dispatch:dispatch.py:204 Finished XLA compilation of jit(convert_element_type) in 0.034422398 sec
WARNING  jax._src.dispatch:dispatch.py:204 Finished tracing broadcast_in_dim for jit in 0.000378609 sec
WARNING  jax._src.interpreters.pxla:pxla.py:732 Compiling jit(broadcast_in_dim) with global shapes and types (ShapedArray(int32[257,7]),). Argument mapping: (UnspecifiedValue,).
WARNING  jax._src.dispatch:dispatch.py:204 Finished jaxpr to MLIR module conversion jit(broadcast_in_dim) in 0.007040977 sec
WARNING  jax._src.dispatch:dispatch.py:204 Finished XLA compilation of jit(broadcast_in_dim) in 0.033263445 sec
WARNING  jax._src.dispatch:dispatch.py:204 Finished tracing gather for jit in 0.000281811 sec
WARNING  jax._src.interpreters.pxla:pxla.py:732 Compiling jit(gather) with global shapes and types (ShapedArray(bool[340]), ShapedArray(int32[257,7,1])). Argument mapping: (UnspecifiedValue, UnspecifiedValue).
WARNING  jax._src.dispatch:dispatch.py:204 Finished jaxpr to MLIR module conversion jit(gather) in 0.007224321 sec
WARNING  jax._src.dispatch:dispatch.py:204 Finished XLA compilation of jit(gather) in 0.031811714 sec
WARNING  jax._src.dispatch:dispatch.py:204 Finished tracing broadcast_in_dim for jit in 0.000270367 sec
WARNING  jax._src.interpreters.pxla:pxla.py:732 Compiling jit(broadcast_in_dim) with global shapes and types (ShapedArray(bool[257,7]),). Argument mapping: (UnspecifiedValue,).
WARNING  jax._src.dispatch:dispatch.py:204 Finished jaxpr to MLIR module conversion jit(broadcast_in_dim) in 0.006587982 sec
WARNING  jax._src.dispatch:dispatch.py:204 Finished XLA compilation of jit(broadcast_in_dim) in 0.008546114 sec
WARNING  jax._src.dispatch:dispatch.py:204 Finished tracing _reduce_all for jit in 0.000522137 sec
WARNING  jax._src.interpreters.pxla:pxla.py:732 Compiling jit(_reduce_all) with global shapes and types (ShapedArray(bool[257,7]),). Argument mapping: (UnspecifiedValue,).
WARNING  jax._src.dispatch:dispatch.py:204 Finished jaxpr to MLIR module conversion jit(_reduce_all) in 0.006548166 sec
WARNING  jax._src.dispatch:dispatch.py:204 Finished XLA compilation of jit(_reduce_all) in 0.033682585 sec
WARNING  jax._src.dispatch:dispatch.py:204 Finished tracing add for jit in 0.000257254 sec
WARNING  jax._src.interpreters.pxla:pxla.py:732 Compiling jit(add) with global shapes and types (ShapedArray(int64[257]), ShapedArray(int64[])). Argument mapping: (UnspecifiedValue, UnspecifiedValue).
WARNING  jax._src.dispatch:dispatch.py:204 Finished jaxpr to MLIR module conversion jit(add) in 0.007193089 sec
WARNING  jax._src.dispatch:dispatch.py:204 Finished XLA compilation of jit(add) in 0.031885147 sec
WARNING  jax._src.dispatch:dispatch.py:204 Finished tracing select_n for jit in 0.000255823 sec
WARNING  jax._src.interpreters.pxla:pxla.py:732 Compiling jit(select_n) with global shapes and types (ShapedArray(bool[257]), ShapedArray(int64[257]), ShapedArray(int64[257])). Argument mapping: (UnspecifiedValue, UnspecifiedValue, UnspecifiedValue).
WARNING  jax._src.dispatch:dispatch.py:204 Finished jaxpr to MLIR module conversion jit(select_n) in 0.006775379 sec
WARNING  jax._src.dispatch:dispatch.py:204 Finished XLA compilation of jit(select_n) in 0.043048620 sec
WARNING  jax._src.dispatch:dispatch.py:204 Finished tracing _broadcast_arrays for jit in 0.000122309 sec
WARNING  jax._src.interpreters.pxla:pxla.py:732 Compiling jit(_broadcast_arrays) with global shapes and types (ShapedArray(int64[257]),). Argument mapping: (UnspecifiedValue,).
WARNING  jax._src.dispatch:dispatch.py:204 Finished jaxpr to MLIR module conversion jit(_broadcast_arrays) in 0.006733418 sec
WARNING  jax._src.dispatch:dispatch.py:204 Finished XLA compilation of jit(_broadcast_arrays) in 0.008820534 sec
WARNING  jax._src.dispatch:dispatch.py:204 Finished tracing convert_element_type for jit in 0.000303507 sec
WARNING  jax._src.interpreters.pxla:pxla.py:732 Compiling jit(convert_element_type) with global shapes and types (ShapedArray(int64[257]),). Argument mapping: (UnspecifiedValue,).
WARNING  jax._src.dispatch:dispatch.py:204 Finished jaxpr to MLIR module conversion jit(convert_element_type) in 0.006054163 sec
WARNING  jax._src.dispatch:dispatch.py:204 Finished XLA compilation of jit(convert_element_type) in 0.036453962 sec
WARNING  jax._src.dispatch:dispatch.py:204 Finished tracing broadcast_in_dim for jit in 0.000369072 sec
WARNING  jax._src.interpreters.pxla:pxla.py:732 Compiling jit(broadcast_in_dim) with global shapes and types (ShapedArray(int32[257]),). Argument mapping: (UnspecifiedValue,).
WARNING  jax._src.dispatch:dispatch.py:204 Finished jaxpr to MLIR module conversion jit(broadcast_in_dim) in 0.007135153 sec
WARNING  jax._src.dispatch:dispatch.py:204 Finished XLA compilation of jit(broadcast_in_dim) in 0.009379387 sec
WARNING  jax._src.dispatch:dispatch.py:204 Finished tracing _squeeze for jit in 0.000115395 sec
WARNING  jax._src.interpreters.pxla:pxla.py:732 Compiling jit(_squeeze) with global shapes and types (ShapedArray(bool[257]),). Argument mapping: (UnspecifiedValue,).
WARNING  jax._src.dispatch:dispatch.py:204 Finished jaxpr to MLIR module conversion jit(_squeeze) in 0.005882263 sec
WARNING  jax._src.dispatch:dispatch.py:204 Finished XLA compilation of jit(_squeeze) in 0.008577347 sec
WARNING  jax._src.dispatch:dispatch.py:204 Finished tracing scatter for jit in 0.000274420 sec
WARNING  jax._src.interpreters.pxla:pxla.py:732 Compiling jit(scatter) with global shapes and types (ShapedArray(bool[340]), ShapedArray(int32[257,1]), ShapedArray(bool[257])). Argument mapping: (UnspecifiedValue, UnspecifiedValue, UnspecifiedValue).
WARNING  jax._src.dispatch:dispatch.py:204 Finished jaxpr to MLIR module conversion jit(scatter) in 0.006735563 sec
WARNING  jax._src.dispatch:dispatch.py:204 Finished XLA compilation of jit(scatter) in 0.030739307 sec
WARNING  jax._src.dispatch:dispatch.py:204 Finished tracing gather for jit in 0.000258684 sec
WARNING  jax._src.interpreters.pxla:pxla.py:732 Compiling jit(gather) with global shapes and types (ShapedArray(float64[340]), ShapedArray(int32[257,7,1])). Argument mapping: (UnspecifiedValue, UnspecifiedValue).
WARNING  jax._src.dispatch:dispatch.py:204 Finished jaxpr to MLIR module conversion jit(gather) in 0.007265091 sec
WARNING  jax._src.dispatch:dispatch.py:204 Finished XLA compilation of jit(gather) in 0.032508373 sec
WARNING  jax._src.dispatch:dispatch.py:204 Finished tracing broadcast_in_dim for jit in 0.000259161 sec
WARNING  jax._src.interpreters.pxla:pxla.py:732 Compiling jit(broadcast_in_dim) with global shapes and types (ShapedArray(float64[257,7]),). Argument mapping: (UnspecifiedValue,).
WARNING  jax._src.dispatch:dispatch.py:204 Finished jaxpr to MLIR module conversion jit(broadcast_in_dim) in 0.006687403 sec
WARNING  jax._src.dispatch:dispatch.py:204 Finished XLA compilation of jit(broadcast_in_dim) in 0.008864641 sec
WARNING  jax._src.dispatch:dispatch.py:204 Finished tracing multiply for jit in 0.000294447 sec
WARNING  jax._src.interpreters.pxla:pxla.py:732 Compiling jit(multiply) with global shapes and types (ShapedArray(float64[257,7]), ShapedArray(float64[257,7])). Argument mapping: (UnspecifiedValue, UnspecifiedValue).
WARNING  jax._src.dispatch:dispatch.py:204 Finished jaxpr to MLIR module conversion jit(multiply) in 0.006229877 sec
WARNING  jax._src.dispatch:dispatch.py:204 Finished XLA compilation of jit(multiply) in 0.036167622 sec
WARNING  jax._src.dispatch:dispatch.py:204 Finished tracing _reduce_sum for jit in 0.000526190 sec
WARNING  jax._src.interpreters.pxla:pxla.py:732 Compiling jit(_reduce_sum) with global shapes and types (ShapedArray(float64[257,7]),). Argument mapping: (UnspecifiedValue,).
WARNING  jax._src.dispatch:dispatch.py:204 Finished jaxpr to MLIR module conversion jit(_reduce_sum) in 0.007399559 sec
WARNING  jax._src.dispatch:dispatch.py:204 Finished XLA compilation of jit(_reduce_sum) in 0.031134129 sec
WARNING  jax._src.dispatch:dispatch.py:204 Finished tracing _squeeze for jit in 0.000116825 sec
WARNING  jax._src.interpreters.pxla:pxla.py:732 Compiling jit(_squeeze) with global shapes and types (ShapedArray(float64[257]),). Argument mapping: (UnspecifiedValue,).
WARNING  jax._src.dispatch:dispatch.py:204 Finished jaxpr to MLIR module conversion jit(_squeeze) in 0.006484509 sec
WARNING  jax._src.dispatch:dispatch.py:204 Finished XLA compilation of jit(_squeeze) in 0.008803844 sec
WARNING  jax._src.dispatch:dispatch.py:204 Finished tracing scatter for jit in 0.000269651 sec
WARNING  jax._src.interpreters.pxla:pxla.py:732 Compiling jit(scatter) with global shapes and types (ShapedArray(float64[340]), ShapedArray(int32[257,1]), ShapedArray(float64[257])). Argument mapping: (UnspecifiedValue, UnspecifiedValue, UnspecifiedValue).
WARNING  jax._src.dispatch:dispatch.py:204 Finished jaxpr to MLIR module conversion jit(scatter) in 0.006483316 sec
WARNING  jax._src.dispatch:dispatch.py:204 Finished XLA compilation of jit(scatter) in 0.032451868 sec
WARNING  jax._src.dispatch:dispatch.py:204 Finished tracing _where for jit in 0.000502825 sec
WARNING  jax._src.interpreters.pxla:pxla.py:732 Compiling jit(_where) with global shapes and types (ShapedArray(bool[340]), ShapedArray(float64[], weak_type=True), ShapedArray(float64[340])). Argument mapping: (UnspecifiedValue, UnspecifiedValue, UnspecifiedValue).
WARNING  jax._src.dispatch:dispatch.py:204 Finished jaxpr to MLIR module conversion jit(_where) in 0.006653309 sec
WARNING  jax._src.dispatch:dispatch.py:204 Finished XLA compilation of jit(_where) in 0.029939651 sec
WARNING  jax._src.dispatch:dispatch.py:204 Finished tracing subtract for jit in 0.000448942 sec
WARNING  jax._src.interpreters.pxla:pxla.py:732 Compiling jit(subtract) with global shapes and types (ShapedArray(float64[340]), ShapedArray(float64[], weak_type=True)). Argument mapping: (UnspecifiedValue, UnspecifiedValue).
WARNING  jax._src.dispatch:dispatch.py:204 Finished jaxpr to MLIR module conversion jit(subtract) in 0.006564140 sec
WARNING  jax._src.dispatch:dispatch.py:204 Finished XLA compilation of jit(subtract) in 0.032294989 sec
WARNING  jax._src.dispatch:dispatch.py:204 Finished tracing subtract for jit in 0.000334978 sec
WARNING  jax._src.interpreters.pxla:pxla.py:732 Compiling jit(subtract) with global shapes and types (ShapedArray(float64[], weak_type=True), ShapedArray(float64[340])). Argument mapping: (UnspecifiedValue, UnspecifiedValue).
WARNING  jax._src.dispatch:dispatch.py:204 Finished jaxpr to MLIR module conversion jit(subtract) in 0.007100582 sec
WARNING  jax._src.dispatch:dispatch.py:204 Finished XLA compilation of jit(subtract) in 0.033255577 sec
WARNING  jax._src.dispatch:dispatch.py:204 Finished tracing clip for jit in 0.001393080 sec
WARNING  jax._src.interpreters.pxla:pxla.py:732 Compiling jit(clip) with global shapes and types (ShapedArray(float64[340]), ShapedArray(float64[], weak_type=True), ShapedArray(float64[], weak_type=True)). Argument mapping: (UnspecifiedValue, UnspecifiedValue, UnspecifiedValue).
WARNING  jax._src.dispatch:dispatch.py:204 Finished jaxpr to MLIR module conversion jit(clip) in 0.007390261 sec
WARNING  jax._src.dispatch:dispatch.py:204 Finished XLA compilation of jit(clip) in 0.029799223 sec
WARNING  jax._src.dispatch:dispatch.py:204 Finished tracing add for jit in 0.000450850 sec
WARNING  jax._src.interpreters.pxla:pxla.py:732 Compiling jit(add) with global shapes and types (ShapedArray(float64[], weak_type=True), ShapedArray(float64[340])). Argument mapping: (UnspecifiedValue, UnspecifiedValue).
WARNING  jax._src.dispatch:dispatch.py:204 Finished jaxpr to MLIR module conversion jit(add) in 0.007060051 sec
WARNING  jax._src.dispatch:dispatch.py:204 Finished XLA compilation of jit(add) in 0.031771660 sec
WARNING  jax._src.dispatch:dispatch.py:204 Finished tracing exp for jit in 0.000263214 sec
WARNING  jax._src.interpreters.pxla:pxla.py:732 Compiling jit(exp) with global shapes and types (ShapedArray(float64[340]),). Argument mapping: (UnspecifiedValue,).
WARNING  jax._src.dispatch:dispatch.py:204 Finished jaxpr to MLIR module conversion jit(exp) in 0.006376743 sec
WARNING  jax._src.dispatch:dispatch.py:204 Finished XLA compilation of jit(exp) in 0.038787603 sec
WARNING  jax._src.dispatch:dispatch.py:204 Finished tracing negative for jit in 0.000256300 sec
WARNING  jax._src.interpreters.pxla:pxla.py:732 Compiling jit(negative) with global shapes and types (ShapedArray(float64[340]),). Argument mapping: (UnspecifiedValue,).
WARNING  jax._src.dispatch:dispatch.py:204 Finished jaxpr to MLIR module conversion jit(negative) in 0.006492138 sec
WARNING  jax._src.dispatch:dispatch.py:204 Finished XLA compilation of jit(negative) in 0.033961058 sec
WARNING  jax._src.dispatch:dispatch.py:204 Finished tracing _linspace for jit in 0.003198624 sec
WARNING  jax._src.interpreters.pxla:pxla.py:732 Compiling jit(_linspace) with global shapes and types (ShapedArray(float64[], weak_type=True), ShapedArray(float64[], weak_type=True)). Argument mapping: (UnspecifiedValue, UnspecifiedValue).
WARNING  jax._src.dispatch:dispatch.py:204 Finished jaxpr to MLIR module conversion jit(_linspace) in 0.008205652 sec
WARNING  jax._src.dispatch:dispatch.py:204 Finished XLA compilation of jit(_linspace) in 0.030813932 sec
WARNING  jax._src.dispatch:dispatch.py:204 Finished tracing broadcast_in_dim for jit in 0.000307798 sec
WARNING  jax._src.interpreters.pxla:pxla.py:732 Compiling jit(broadcast_in_dim) with global shapes and types (ShapedArray(float64[]),). Argument mapping: (UnspecifiedValue,).
WARNING  jax._src.dispatch:dispatch.py:204 Finished jaxpr to MLIR module conversion jit(broadcast_in_dim) in 0.006271601 sec
WARNING  jax._src.dispatch:dispatch.py:204 Finished XLA compilation of jit(broadcast_in_dim) in 0.026571512 sec
WARNING  jax._src.dispatch:dispatch.py:204 Finished tracing dynamic_slice for jit in 0.000222683 sec
WARNING  jax._src.interpreters.pxla:pxla.py:732 Compiling jit(dynamic_slice) with global shapes and types (ShapedArray(float64[257]), ShapedArray(int64[], weak_type=True)). Argument mapping: (UnspecifiedValue, UnspecifiedValue).
WARNING  jax._src.dispatch:dispatch.py:204 Finished jaxpr to MLIR module conversion jit(dynamic_slice) in 0.006063700 sec
WARNING  jax._src.dispatch:dispatch.py:204 Finished XLA compilation of jit(dynamic_slice) in 0.024024487 sec
WARNING  jax._src.dispatch:dispatch.py:204 Finished tracing dynamic_slice for jit in 0.000241280 sec
WARNING  jax._src.interpreters.pxla:pxla.py:732 Compiling jit(dynamic_slice) with global shapes and types (ShapedArray(float64[257]), ShapedArray(int64[], weak_type=True)). Argument mapping: (UnspecifiedValue, UnspecifiedValue).
WARNING  jax._src.dispatch:dispatch.py:204 Finished jaxpr to MLIR module conversion jit(dynamic_slice) in 0.006054163 sec
WARNING  jax._src.dispatch:dispatch.py:204 Finished XLA compilation of jit(dynamic_slice) in 0.029784203 sec
WARNING  jax._src.interpreters.pxla:pxla.py:732 Compiling jit(add) with global shapes and types (ShapedArray(float64[256]), ShapedArray(float64[256])). Argument mapping: (UnspecifiedValue, UnspecifiedValue).
WARNING  jax._src.dispatch:dispatch.py:204 Finished jaxpr to MLIR module conversion jit(add) in 0.006033897 sec
WARNING  jax._src.dispatch:dispatch.py:204 Finished XLA compilation of jit(add) in 0.032483339 sec
WARNING  jax._src.dispatch:dispatch.py:204 Finished tracing multiply for jit in 0.000298023 sec
WARNING  jax._src.interpreters.pxla:pxla.py:732 Compiling jit(multiply) with global shapes and types (ShapedArray(float64[]), ShapedArray(float64[256])). Argument mapping: (UnspecifiedValue, UnspecifiedValue).
WARNING  jax._src.dispatch:dispatch.py:204 Finished jaxpr to MLIR module conversion jit(multiply) in 0.006366253 sec
WARNING  jax._src.dispatch:dispatch.py:204 Finished XLA compilation of jit(multiply) in 0.029368401 sec
WARNING  jax._src.dispatch:dispatch.py:204 Finished tracing rev for jit in 0.000241756 sec
WARNING  jax._src.interpreters.pxla:pxla.py:732 Compiling jit(rev) with global shapes and types (ShapedArray(float64[256]),). Argument mapping: (UnspecifiedValue,).
WARNING  jax._src.dispatch:dispatch.py:204 Finished jaxpr to MLIR module conversion jit(rev) in 0.006192923 sec
WARNING  jax._src.dispatch:dispatch.py:204 Finished XLA compilation of jit(rev) in 0.029183388 sec
WARNING  jax._src.dispatch:dispatch.py:204 Finished tracing cumsum for jit in 0.000291348 sec
WARNING  jax._src.interpreters.pxla:pxla.py:732 Compiling jit(cumsum) with global shapes and types (ShapedArray(float64[256]),). Argument mapping: (UnspecifiedValue,).
WARNING  jax._src.dispatch:dispatch.py:204 Finished jaxpr to MLIR module conversion jit(cumsum) in 0.007546902 sec
WARNING  jax._src.dispatch:dispatch.py:204 Finished XLA compilation of jit(cumsum) in 0.048823118 sec
WARNING  jax._src.dispatch:dispatch.py:204 Finished tracing concatenate for jit in 0.000168800 sec
WARNING  jax._src.interpreters.pxla:pxla.py:732 Compiling jit(concatenate) with global shapes and types (ShapedArray(float64[256]), ShapedArray(float64[1])). Argument mapping: (UnspecifiedValue, UnspecifiedValue).
WARNING  jax._src.dispatch:dispatch.py:204 Finished jaxpr to MLIR module conversion jit(concatenate) in 0.006749868 sec
WARNING  jax._src.dispatch:dispatch.py:204 Finished XLA compilation of jit(concatenate) in 0.012471437 sec
WARNING  jax._src.dispatch:dispatch.py:204 Finished tracing _interp for jit in 0.018512249 sec
WARNING  jax._src.interpreters.pxla:pxla.py:732 Compiling jit(_interp) with global shapes and types (ShapedArray(float64[340]), ShapedArray(float64[257]), ShapedArray(float64[257])). Argument mapping: (UnspecifiedValue, UnspecifiedValue, UnspecifiedValue).
WARNING  jax._src.dispatch:dispatch.py:204 Finished jaxpr to MLIR module conversion jit(_interp) in 0.017423391 sec
WARNING  jax._src.dispatch:dispatch.py:204 Finished XLA compilation of jit(_interp) in 0.078631401 sec
WARNING  jax._src.dispatch:dispatch.py:204 Finished tracing integer_pow for jit in 0.000216246 sec
WARNING  jax._src.interpreters.pxla:pxla.py:732 Compiling jit(integer_pow) with global shapes and types (ShapedArray(float64[], weak_type=True),). Argument mapping: (UnspecifiedValue,).
WARNING  jax._src.dispatch:dispatch.py:204 Finished jaxpr to MLIR module conversion jit(integer_pow) in 0.006835461 sec
WARNING  jax._src.compiler:compiler.py:124 Persistent compilation cache hit for 'jit_integer_pow' with key 'jit_integer_pow-f12eb96adabf7234d08df6797f1a84ec1327a1eb79759fc301ebbe715521c805'
WARNING  jax._src.dispatch:dispatch.py:204 Finished XLA compilation of jit(integer_pow) in 0.003685236 sec
WARNING  jax._src.dispatch:dispatch.py:204 Finished tracing maximum for jit in 0.000316858 sec
WARNING  jax._src.interpreters.pxla:pxla.py:732 Compiling jit(maximum) with global shapes and types (ShapedArray(float64[340]), ShapedArray(float64[], weak_type=True)). Argument mapping: (UnspecifiedValue, UnspecifiedValue).
WARNING  jax._src.dispatch:dispatch.py:204 Finished jaxpr to MLIR module conversion jit(maximum) in 0.005618811 sec
WARNING  jax._src.dispatch:dispatch.py:204 Finished XLA compilation of jit(maximum) in 0.029251814 sec
WARNING  jax._src.dispatch:dispatch.py:204 Finished tracing sqrt for jit in 0.000011683 sec
WARNING  jax._src.interpreters.pxla:pxla.py:732 Compiling jit(sqrt) with global shapes and types (ShapedArray(float64[340]),). Argument mapping: (UnspecifiedValue,).
WARNING  jax._src.dispatch:dispatch.py:204 Finished jaxpr to MLIR module conversion jit(sqrt) in 0.006392241 sec
WARNING  jax._src.dispatch:dispatch.py:204 Finished XLA compilation of jit(sqrt) in 0.034717083 sec
WARNING  jax._src.dispatch:dispatch.py:204 Finished tracing hypot for jit in 0.002699375 sec
WARNING  jax._src.interpreters.pxla:pxla.py:732 Compiling jit(hypot) with global shapes and types (ShapedArray(float64[340]), ShapedArray(float64[340])). Argument mapping: (UnspecifiedValue, UnspecifiedValue).
WARNING  jax._src.dispatch:dispatch.py:204 Finished jaxpr to MLIR module conversion jit(hypot) in 0.010476351 sec
WARNING  jax._src.dispatch:dispatch.py:204 Finished XLA compilation of jit(hypot) in 0.034673452 sec
WARNING  jax._src.dispatch:dispatch.py:204 Finished tracing _reduce_max for jit in 0.000012159 sec
WARNING  jax._src.interpreters.pxla:pxla.py:732 Compiling jit(_reduce_max) with global shapes and types (ShapedArray(float64[340]),). Argument mapping: (UnspecifiedValue,).
WARNING  jax._src.dispatch:dispatch.py:204 Finished jaxpr to MLIR module conversion jit(_reduce_max) in 0.006940126 sec
WARNING  jax._src.dispatch:dispatch.py:204 Finished XLA compilation of jit(_reduce_max) in 0.046553373 sec
WARNING  jax._src.interpreters.pxla:pxla.py:732 Compiling jit(maximum) with global shapes and types (ShapedArray(float64[]), ShapedArray(float64[])). Argument mapping: (UnspecifiedValue, UnspecifiedValue).
WARNING  jax._src.dispatch:dispatch.py:204 Finished jaxpr to MLIR module conversion jit(maximum) in 0.006509542 sec
WARNING  jax._src.compiler:compiler.py:124 Persistent compilation cache hit for 'jit_maximum' with key 'jit_maximum-cf3644296a794e41a1a550407435fc43df84f67e4326d41082e29d4dfabe2c30'
WARNING  jax._src.dispatch:dispatch.py:204 Finished XLA compilation of jit(maximum) in 0.003147364 sec
WARNING  jax._src.dispatch:dispatch.py:204 Finished tracing convert_element_type for jit in 0.000211239 sec
WARNING  jax._src.interpreters.pxla:pxla.py:732 Compiling jit(convert_element_type) with global shapes and types (ShapedArray(int8[]),). Argument mapping: (UnspecifiedValue,).
WARNING  jax._src.dispatch:dispatch.py:204 Finished jaxpr to MLIR module conversion jit(convert_element_type) in 0.005060673 sec
WARNING  jax._src.dispatch:dispatch.py:204 Finished XLA compilation of jit(convert_element_type) in 0.007803202 sec
WARNING  jax._src.dispatch:dispatch.py:204 Finished tracing not_equal for jit in 0.000179052 sec
WARNING  jax._src.interpreters.pxla:pxla.py:732 Compiling jit(not_equal) with global shapes and types (ShapedArray(float64[]), ShapedArray(float64[])). Argument mapping: (UnspecifiedValue, UnspecifiedValue).
WARNING  jax._src.dispatch:dispatch.py:204 Finished jaxpr to MLIR module conversion jit(not_equal) in 0.005566120 sec
WARNING  jax._src.dispatch:dispatch.py:204 Finished XLA compilation of jit(not_equal) in 0.025867939 sec
WARNING  jax._src.interpreters.pxla:pxla.py:732 Compiling jit(subtract) with global shapes and types (ShapedArray(float64[], weak_type=True), ShapedArray(float64[])). Argument mapping: (UnspecifiedValue, UnspecifiedValue).
WARNING  jax._src.dispatch:dispatch.py:204 Finished jaxpr to MLIR module conversion jit(subtract) in 0.006182432 sec
WARNING  jax._src.dispatch:dispatch.py:204 Finished XLA compilation of jit(subtract) in 0.025776386 sec
WARNING  jax._src.dispatch:dispatch.py:204 Finished tracing clip for jit in 0.000447273 sec
WARNING  jax._src.interpreters.pxla:pxla.py:732 Compiling jit(clip) with global shapes and types (ShapedArray(float64[]), ShapedArray(float64[], weak_type=True), ShapedArray(float64[], weak_type=True)). Argument mapping: (UnspecifiedValue, UnspecifiedValue, UnspecifiedValue).
WARNING  jax._src.dispatch:dispatch.py:204 Finished jaxpr to MLIR module conversion jit(clip) in 0.006243706 sec
WARNING  jax._src.dispatch:dispatch.py:204 Finished XLA compilation of jit(clip) in 0.026654243 sec
WARNING  jax._src.dispatch:dispatch.py:204 Finished tracing add for jit in 0.000309706 sec
WARNING  jax._src.interpreters.pxla:pxla.py:732 Compiling jit(add) with global shapes and types (ShapedArray(float64[], weak_type=True), ShapedArray(float64[])). Argument mapping: (UnspecifiedValue, UnspecifiedValue).
WARNING  jax._src.dispatch:dispatch.py:204 Finished jaxpr to MLIR module conversion jit(add) in 0.006141663 sec
WARNING  jax._src.dispatch:dispatch.py:204 Finished XLA compilation of jit(add) in 0.025614738 sec
WARNING  jax._src.interpreters.pxla:pxla.py:732 Compiling jit(sqrt) with global shapes and types (ShapedArray(float64[]),). Argument mapping: (UnspecifiedValue,).
WARNING  jax._src.dispatch:dispatch.py:204 Finished jaxpr to MLIR module conversion jit(sqrt) in 0.005895853 sec
WARNING  jax._src.compiler:compiler.py:124 Persistent compilation cache hit for 'jit_sqrt' with key 'jit_sqrt-6b76aba98f1c2deaad1529accaeeb6aee7654c40bc3a58d2f4550dad441a630a'
WARNING  jax._src.dispatch:dispatch.py:204 Finished XLA compilation of jit(sqrt) in 0.002850056 sec
WARNING  jax._src.dispatch:dispatch.py:204 Finished tracing _reduce_min for jit in 0.000012636 sec
WARNING  jax._src.interpreters.pxla:pxla.py:732 Compiling jit(_reduce_min) with global shapes and types (ShapedArray(float64[340]),). Argument mapping: (UnspecifiedValue,).
WARNING  jax._src.dispatch:dispatch.py:204 Finished jaxpr to MLIR module conversion jit(_reduce_min) in 0.005422831 sec
WARNING  jax._src.dispatch:dispatch.py:204 Finished XLA compilation of jit(_reduce_min) in 0.045767784 sec
WARNING  jax._src.interpreters.pxla:pxla.py:732 Compiling jit(isfinite) with global shapes and types (ShapedArray(float64[1547]),). Argument mapping: (UnspecifiedValue,).
WARNING  jax._src.dispatch:dispatch.py:204 Finished jaxpr to MLIR module conversion jit(isfinite) in 0.006424904 sec
WARNING  jax._src.dispatch:dispatch.py:204 Finished XLA compilation of jit(isfinite) in 0.037634850 sec
WARNING  jax._src.interpreters.pxla:pxla.py:732 Compiling jit(_reduce_all) with global shapes and types (ShapedArray(bool[1547]),). Argument mapping: (UnspecifiedValue,).
WARNING  jax._src.dispatch:dispatch.py:204 Finished jaxpr to MLIR module conversion jit(_reduce_all) in 0.006674528 sec
WARNING  jax._src.dispatch:dispatch.py:204 Finished XLA compilation of jit(_reduce_all) in 0.054330111 sec
WARNING  jax._src.dispatch:dispatch.py:204 Finished tracing isfinite for jit in 0.000010490 sec
WARNING  jax._src.interpreters.pxla:pxla.py:732 Compiling jit(isfinite) with global shapes and types (ShapedArray(float64[340]),). Argument mapping: (UnspecifiedValue,).
WARNING  jax._src.dispatch:dispatch.py:204 Finished jaxpr to MLIR module conversion jit(isfinite) in 0.006528854 sec
WARNING  jax._src.dispatch:dispatch.py:204 Finished XLA compilation of jit(isfinite) in 0.038595676 sec
WARNING  jax._src.dispatch:dispatch.py:204 Finished tracing _reduce_all for jit in 0.000012875 sec
WARNING  jax._src.interpreters.pxla:pxla.py:732 Compiling jit(_reduce_all) with global shapes and types (ShapedArray(bool[340]),). Argument mapping: (UnspecifiedValue,).
WARNING  jax._src.dispatch:dispatch.py:204 Finished jaxpr to MLIR module conversion jit(_reduce_all) in 0.006798267 sec
WARNING  jax._src.dispatch:dispatch.py:204 Finished XLA compilation of jit(_reduce_all) in 0.043897867 sec
WARNING  jax._src.dispatch:dispatch.py:204 Finished tracing stack for jit in 0.000278234 sec
WARNING  jax._src.interpreters.pxla:pxla.py:732 Compiling jit(stack) with global shapes and types (ShapedArray(float64[]), ShapedArray(float64[]), ShapedArray(float64[])). Argument mapping: (UnspecifiedValue, UnspecifiedValue, UnspecifiedValue).
WARNING  jax._src.dispatch:dispatch.py:204 Finished jaxpr to MLIR module conversion jit(stack) in 0.006823778 sec
WARNING  jax._src.dispatch:dispatch.py:204 Finished XLA compilation of jit(stack) in 0.024523020 sec
WARNING  jax._src.dispatch:dispatch.py:204 Finished tracing isfinite for jit in 0.000010490 sec
WARNING  jax._src.interpreters.pxla:pxla.py:732 Compiling jit(isfinite) with global shapes and types (ShapedArray(float64[3]),). Argument mapping: (UnspecifiedValue,).
WARNING  jax._src.dispatch:dispatch.py:204 Finished jaxpr to MLIR module conversion jit(isfinite) in 0.005865812 sec
WARNING  jax._src.dispatch:dispatch.py:204 Finished XLA compilation of jit(isfinite) in 0.027920008 sec
WARNING  jax._src.dispatch:dispatch.py:204 Finished tracing _reduce_all for jit in 0.000013590 sec
WARNING  jax._src.interpreters.pxla:pxla.py:732 Compiling jit(_reduce_all) with global shapes and types (ShapedArray(bool[3]),). Argument mapping: (UnspecifiedValue,).
WARNING  jax._src.dispatch:dispatch.py:204 Finished jaxpr to MLIR module conversion jit(_reduce_all) in 0.006670952 sec
WARNING  jax._src.dispatch:dispatch.py:204 Finished XLA compilation of jit(_reduce_all) in 0.025446177 sec
WARNING  jax._src.dispatch:dispatch.py:204 Finished tracing stack for jit in 0.000315428 sec
WARNING  jax._src.interpreters.pxla:pxla.py:732 Compiling jit(stack) with global shapes and types (ShapedArray(float64[]), ShapedArray(float64[]), ShapedArray(float64[]), ShapedArray(float64[]), ShapedArray(float64[]), ShapedArray(float64[]), ShapedArray(float64[]), ShapedArray(float64[])). Argument mapping: (UnspecifiedValue, UnspecifiedValue, UnspecifiedValue, UnspecifiedValue, UnspecifiedValue, UnspecifiedValue, UnspecifiedValue, UnspecifiedValue).
WARNING  jax._src.dispatch:dispatch.py:204 Finished jaxpr to MLIR module conversion jit(stack) in 0.006335497 sec
WARNING  jax._src.dispatch:dispatch.py:204 Finished XLA compilation of jit(stack) in 0.027538300 sec
WARNING  jax._src.dispatch:dispatch.py:204 Finished tracing isfinite for jit in 0.000239372 sec
WARNING  jax._src.interpreters.pxla:pxla.py:732 Compiling jit(isfinite) with global shapes and types (ShapedArray(float64[8]),). Argument mapping: (UnspecifiedValue,).
WARNING  jax._src.dispatch:dispatch.py:204 Finished jaxpr to MLIR module conversion jit(isfinite) in 0.006183863 sec
WARNING  jax._src.dispatch:dispatch.py:204 Finished XLA compilation of jit(isfinite) in 0.027880430 sec
WARNING  jax._src.dispatch:dispatch.py:204 Finished tracing _reduce_all for jit in 0.000536203 sec
WARNING  jax._src.interpreters.pxla:pxla.py:732 Compiling jit(_reduce_all) with global shapes and types (ShapedArray(bool[8]),). Argument mapping: (UnspecifiedValue,).
WARNING  jax._src.dispatch:dispatch.py:204 Finished jaxpr to MLIR module conversion jit(_reduce_all) in 0.006806612 sec
WARNING  jax._src.dispatch:dispatch.py:204 Finished XLA compilation of jit(_reduce_all) in 0.026697397 sec
WARNING  jax._src.dispatch:dispatch.py:204 Finished tracing broadcast_in_dim for jit in 0.000267982 sec
WARNING  jax._src.interpreters.pxla:pxla.py:732 Compiling jit(broadcast_in_dim) with global shapes and types (ShapedArray(int8[]),). Argument mapping: (UnspecifiedValue,).
WARNING  jax._src.dispatch:dispatch.py:204 Finished jaxpr to MLIR module conversion jit(broadcast_in_dim) in 0.006470680 sec
WARNING  jax._src.dispatch:dispatch.py:204 Finished XLA compilation of jit(broadcast_in_dim) in 0.025529623 sec
WARNING  jax._src.dispatch:dispatch.py:204 Finished tracing _where for jit in 0.000542641 sec
WARNING  jax._src.interpreters.pxla:pxla.py:732 Compiling jit(_where) with global shapes and types (ShapedArray(bool[340]), ShapedArray(int64[], weak_type=True), ShapedArray(int8[340])). Argument mapping: (UnspecifiedValue, UnspecifiedValue, UnspecifiedValue).
WARNING  jax._src.dispatch:dispatch.py:204 Finished jaxpr to MLIR module conversion jit(_where) in 0.007296324 sec
WARNING  jax._src.dispatch:dispatch.py:204 Finished XLA compilation of jit(_where) in 0.032249212 sec
WARNING  jax._src.dispatch:dispatch.py:204 Finished tracing less for jit in 0.000301123 sec
WARNING  jax._src.interpreters.pxla:pxla.py:732 Compiling jit(less) with global shapes and types (ShapedArray(int64[1,13]), ShapedArray(int64[340,1])). Argument mapping: (UnspecifiedValue, UnspecifiedValue).
WARNING  jax._src.dispatch:dispatch.py:204 Finished jaxpr to MLIR module conversion jit(less) in 0.007352829 sec
WARNING  jax._src.dispatch:dispatch.py:204 Finished XLA compilation of jit(less) in 0.032071352 sec
WARNING  jax._src.interpreters.pxla:pxla.py:732 Compiling jit(add) with global shapes and types (ShapedArray(int64[1,13]), ShapedArray(int64[], weak_type=True)). Argument mapping: (UnspecifiedValue, UnspecifiedValue).
WARNING  jax._src.dispatch:dispatch.py:204 Finished jaxpr to MLIR module conversion jit(add) in 0.007246733 sec
WARNING  jax._src.dispatch:dispatch.py:204 Finished XLA compilation of jit(add) in 0.027524710 sec
WARNING  jax._src.dispatch:dispatch.py:204 Finished tracing _where for jit in 0.001051426 sec
WARNING  jax._src.interpreters.pxla:pxla.py:732 Compiling jit(_where) with global shapes and types (ShapedArray(bool[340,13]), ShapedArray(int64[1,13]), ShapedArray(int64[], weak_type=True)). Argument mapping: (UnspecifiedValue, UnspecifiedValue, UnspecifiedValue).
WARNING  jax._src.dispatch:dispatch.py:204 Finished jaxpr to MLIR module conversion jit(_where) in 0.007371426 sec
WARNING  jax._src.dispatch:dispatch.py:204 Finished XLA compilation of jit(_where) in 0.034024715 sec
WARNING  jax._src.dispatch:dispatch.py:204 Finished tracing take_along_axis for jit in 0.001419544 sec
WARNING  jax._src.interpreters.pxla:pxla.py:732 Compiling jit(take_along_axis) with global shapes and types (ShapedArray(int64[340,13]), ShapedArray(int64[340,13])). Argument mapping: (UnspecifiedValue, UnspecifiedValue).
WARNING  jax._src.dispatch:dispatch.py:204 Finished jaxpr to MLIR module conversion jit(take_along_axis) in 0.010791302 sec
WARNING  jax._src.dispatch:dispatch.py:204 Finished XLA compilation of jit(take_along_axis) in 0.045850992 sec
WARNING  jax._src.dispatch:dispatch.py:204 Finished tracing dynamic_slice for jit in 0.000245333 sec
WARNING  jax._src.interpreters.pxla:pxla.py:732 Compiling jit(dynamic_slice) with global shapes and types (ShapedArray(float64[1547]), ShapedArray(int64[], weak_type=True)). Argument mapping: (UnspecifiedValue, UnspecifiedValue).
WARNING  jax._src.dispatch:dispatch.py:204 Finished jaxpr to MLIR module conversion jit(dynamic_slice) in 0.007250071 sec
WARNING  jax._src.dispatch:dispatch.py:204 Finished XLA compilation of jit(dynamic_slice) in 0.036544323 sec
WARNING  jax._src.dispatch:dispatch.py:204 Finished tracing split_flux_map for jit in 0.000682592 sec
WARNING  jax._src.interpreters.pxla:pxla.py:732 Compiling jit(split_flux_map) with global shapes and types (ShapedArray(float64[461]),). Argument mapping: (UnspecifiedValue,).
WARNING  jax._src.dispatch:dispatch.py:204 Finished jaxpr to MLIR module conversion jit(split_flux_map) in 0.007658720 sec
WARNING  jax._src.dispatch:dispatch.py:204 Finished XLA compilation of jit(split_flux_map) in 0.039443016 sec
WARNING  jax._src.dispatch:dispatch.py:204 Finished tracing add for jit in 0.000364780 sec
WARNING  jax._src.interpreters.pxla:pxla.py:732 Compiling jit(add) with global shapes and types (ShapedArray(int64[937,7]), ShapedArray(int64[])). Argument mapping: (UnspecifiedValue, UnspecifiedValue).
WARNING  jax._src.dispatch:dispatch.py:204 Finished jaxpr to MLIR module conversion jit(add) in 0.007187128 sec
WARNING  jax._src.dispatch:dispatch.py:204 Finished XLA compilation of jit(add) in 0.029946804 sec
WARNING  jax._src.dispatch:dispatch.py:204 Finished tracing select_n for jit in 0.000347376 sec
WARNING  jax._src.interpreters.pxla:pxla.py:732 Compiling jit(select_n) with global shapes and types (ShapedArray(bool[937,7]), ShapedArray(int64[937,7]), ShapedArray(int64[937,7])). Argument mapping: (UnspecifiedValue, UnspecifiedValue, UnspecifiedValue).
WARNING  jax._src.dispatch:dispatch.py:204 Finished jaxpr to MLIR module conversion jit(select_n) in 0.006967068 sec
WARNING  jax._src.dispatch:dispatch.py:204 Finished XLA compilation of jit(select_n) in 0.038962841 sec
WARNING  jax._src.dispatch:dispatch.py:204 Finished tracing _broadcast_arrays for jit in 0.000121593 sec
WARNING  jax._src.interpreters.pxla:pxla.py:732 Compiling jit(_broadcast_arrays) with global shapes and types (ShapedArray(int64[937,7]),). Argument mapping: (UnspecifiedValue,).
WARNING  jax._src.dispatch:dispatch.py:204 Finished jaxpr to MLIR module conversion jit(_broadcast_arrays) in 0.006850243 sec
WARNING  jax._src.dispatch:dispatch.py:204 Finished XLA compilation of jit(_broadcast_arrays) in 0.008280993 sec
WARNING  jax._src.dispatch:dispatch.py:204 Finished tracing convert_element_type for jit in 0.000283957 sec
WARNING  jax._src.interpreters.pxla:pxla.py:732 Compiling jit(convert_element_type) with global shapes and types (ShapedArray(int64[937,7]),). Argument mapping: (UnspecifiedValue,).
WARNING  jax._src.dispatch:dispatch.py:204 Finished jaxpr to MLIR module conversion jit(convert_element_type) in 0.005784750 sec
WARNING  jax._src.dispatch:dispatch.py:204 Finished XLA compilation of jit(convert_element_type) in 0.034525633 sec
WARNING  jax._src.dispatch:dispatch.py:204 Finished tracing broadcast_in_dim for jit in 0.000366688 sec
WARNING  jax._src.interpreters.pxla:pxla.py:732 Compiling jit(broadcast_in_dim) with global shapes and types (ShapedArray(int32[937,7]),). Argument mapping: (UnspecifiedValue,).
WARNING  jax._src.dispatch:dispatch.py:204 Finished jaxpr to MLIR module conversion jit(broadcast_in_dim) in 0.007103205 sec
WARNING  jax._src.dispatch:dispatch.py:204 Finished XLA compilation of jit(broadcast_in_dim) in 0.033526421 sec
WARNING  jax._src.dispatch:dispatch.py:204 Finished tracing gather for jit in 0.000284672 sec
WARNING  jax._src.interpreters.pxla:pxla.py:732 Compiling jit(gather) with global shapes and types (ShapedArray(float64[340]), ShapedArray(int32[937,7,1])). Argument mapping: (UnspecifiedValue, UnspecifiedValue).
WARNING  jax._src.dispatch:dispatch.py:204 Finished jaxpr to MLIR module conversion jit(gather) in 0.007298470 sec
WARNING  jax._src.dispatch:dispatch.py:204 Finished XLA compilation of jit(gather) in 0.033031225 sec
WARNING  jax._src.dispatch:dispatch.py:204 Finished tracing broadcast_in_dim for jit in 0.000354052 sec
WARNING  jax._src.interpreters.pxla:pxla.py:732 Compiling jit(broadcast_in_dim) with global shapes and types (ShapedArray(float64[937,7]),). Argument mapping: (UnspecifiedValue,).
WARNING  jax._src.dispatch:dispatch.py:204 Finished jaxpr to MLIR module conversion jit(broadcast_in_dim) in 0.006646633 sec
WARNING  jax._src.dispatch:dispatch.py:204 Finished XLA compilation of jit(broadcast_in_dim) in 0.008486509 sec
WARNING  jax._src.dispatch:dispatch.py:204 Finished tracing multiply for jit in 0.000353098 sec
WARNING  jax._src.interpreters.pxla:pxla.py:732 Compiling jit(multiply) with global shapes and types (ShapedArray(float64[937,7]), ShapedArray(float64[937,7])). Argument mapping: (UnspecifiedValue, UnspecifiedValue).
WARNING  jax._src.dispatch:dispatch.py:204 Finished jaxpr to MLIR module conversion jit(multiply) in 0.005847931 sec
WARNING  jax._src.dispatch:dispatch.py:204 Finished XLA compilation of jit(multiply) in 0.036659241 sec
WARNING  jax._src.dispatch:dispatch.py:204 Finished tracing _reduce_sum for jit in 0.000528812 sec
WARNING  jax._src.interpreters.pxla:pxla.py:732 Compiling jit(_reduce_sum) with global shapes and types (ShapedArray(float64[937,7]),). Argument mapping: (UnspecifiedValue,).
WARNING  jax._src.dispatch:dispatch.py:204 Finished jaxpr to MLIR module conversion jit(_reduce_sum) in 0.007386684 sec
WARNING  jax._src.dispatch:dispatch.py:204 Finished XLA compilation of jit(_reduce_sum) in 0.009378433 sec
WARNING  jax._src.dispatch:dispatch.py:204 Finished tracing subtract for jit in 0.000294209 sec
WARNING  jax._src.interpreters.pxla:pxla.py:732 Compiling jit(subtract) with global shapes and types (ShapedArray(float64[937]), ShapedArray(float64[])). Argument mapping: (UnspecifiedValue, UnspecifiedValue).
WARNING  jax._src.dispatch:dispatch.py:204 Finished jaxpr to MLIR module conversion jit(subtract) in 0.006204367 sec
WARNING  jax._src.dispatch:dispatch.py:204 Finished XLA compilation of jit(subtract) in 0.029782772 sec
WARNING  jax._src.dispatch:dispatch.py:204 Finished tracing true_divide for jit in 0.000375271 sec
WARNING  jax._src.interpreters.pxla:pxla.py:732 Compiling jit(true_divide) with global shapes and types (ShapedArray(float64[937]), ShapedArray(float64[])). Argument mapping: (UnspecifiedValue, UnspecifiedValue).
WARNING  jax._src.dispatch:dispatch.py:204 Finished jaxpr to MLIR module conversion jit(true_divide) in 0.007118702 sec
WARNING  jax._src.dispatch:dispatch.py:204 Finished XLA compilation of jit(true_divide) in 0.035820723 sec
WARNING  jax._src.dispatch:dispatch.py:204 Finished tracing less for jit in 0.000379324 sec
WARNING  jax._src.interpreters.pxla:pxla.py:732 Compiling jit(less) with global shapes and types (ShapedArray(int64[340,13]), ShapedArray(int64[], weak_type=True)). Argument mapping: (UnspecifiedValue, UnspecifiedValue).
WARNING  jax._src.dispatch:dispatch.py:204 Finished jaxpr to MLIR module conversion jit(less) in 0.007906437 sec
WARNING  jax._src.dispatch:dispatch.py:204 Finished XLA compilation of jit(less) in 0.032168388 sec
WARNING  jax._src.dispatch:dispatch.py:204 Finished tracing _broadcast_arrays for jit in 0.000119448 sec
WARNING  jax._src.interpreters.pxla:pxla.py:732 Compiling jit(_broadcast_arrays) with global shapes and types (ShapedArray(int64[340,13]),). Argument mapping: (UnspecifiedValue,).
WARNING  jax._src.dispatch:dispatch.py:204 Finished jaxpr to MLIR module conversion jit(_broadcast_arrays) in 0.006757736 sec
WARNING  jax._src.dispatch:dispatch.py:204 Finished XLA compilation of jit(_broadcast_arrays) in 0.008519888 sec
WARNING  jax._src.dispatch:dispatch.py:204 Finished tracing subtract for jit in 0.000329733 sec
WARNING  jax._src.interpreters.pxla:pxla.py:732 Compiling jit(subtract) with global shapes and types (ShapedArray(float64[340,13]), ShapedArray(float64[], weak_type=True)). Argument mapping: (UnspecifiedValue, UnspecifiedValue).
WARNING  jax._src.dispatch:dispatch.py:204 Finished jaxpr to MLIR module conversion jit(subtract) in 0.006629705 sec
WARNING  jax._src.dispatch:dispatch.py:204 Finished XLA compilation of jit(subtract) in 0.032130241 sec
WARNING  jax._src.dispatch:dispatch.py:204 Finished tracing less_equal for jit in 0.000318527 sec
WARNING  jax._src.interpreters.pxla:pxla.py:732 Compiling jit(less_equal) with global shapes and types (ShapedArray(float64[340,13]), ShapedArray(float64[], weak_type=True)). Argument mapping: (UnspecifiedValue, UnspecifiedValue).
WARNING  jax._src.dispatch:dispatch.py:204 Finished jaxpr to MLIR module conversion jit(less_equal) in 0.007583857 sec
WARNING  jax._src.dispatch:dispatch.py:204 Finished XLA compilation of jit(less_equal) in 0.032662392 sec
WARNING  jax._src.dispatch:dispatch.py:204 Finished tracing not_equal for jit in 0.000011444 sec
WARNING  jax._src.interpreters.pxla:pxla.py:732 Compiling jit(not_equal) with global shapes and types (ShapedArray(bool[340,13]), ShapedArray(bool[340,13])). Argument mapping: (UnspecifiedValue, UnspecifiedValue).
WARNING  jax._src.dispatch:dispatch.py:204 Finished jaxpr to MLIR module conversion jit(not_equal) in 0.007241726 sec
WARNING  jax._src.dispatch:dispatch.py:204 Finished XLA compilation of jit(not_equal) in 0.037523270 sec
WARNING  jax._src.dispatch:dispatch.py:204 Finished tracing bitwise_and for jit in 0.000013113 sec
WARNING  jax._src.interpreters.pxla:pxla.py:732 Compiling jit(bitwise_and) with global shapes and types (ShapedArray(bool[340,13]), ShapedArray(bool[340,13])). Argument mapping: (UnspecifiedValue, UnspecifiedValue).
WARNING  jax._src.dispatch:dispatch.py:204 Finished jaxpr to MLIR module conversion jit(bitwise_and) in 0.006810188 sec
WARNING  jax._src.dispatch:dispatch.py:204 Finished XLA compilation of jit(bitwise_and) in 0.037279606 sec
WARNING  jax._src.dispatch:dispatch.py:204 Finished tracing bitwise_and for jit in 0.000323534 sec
WARNING  jax._src.interpreters.pxla:pxla.py:732 Compiling jit(bitwise_and) with global shapes and types (ShapedArray(bool[340,13]), ShapedArray(bool[340,1])). Argument mapping: (UnspecifiedValue, UnspecifiedValue).
WARNING  jax._src.dispatch:dispatch.py:204 Finished jaxpr to MLIR module conversion jit(bitwise_and) in 0.007155895 sec
WARNING  jax._src.dispatch:dispatch.py:204 Finished XLA compilation of jit(bitwise_and) in 0.033154011 sec
WARNING  jax._src.dispatch:dispatch.py:204 Finished tracing subtract for jit in 0.000010252 sec
WARNING  jax._src.interpreters.pxla:pxla.py:732 Compiling jit(subtract) with global shapes and types (ShapedArray(float64[340,13]), ShapedArray(float64[340,13])). Argument mapping: (UnspecifiedValue, UnspecifiedValue).
WARNING  jax._src.dispatch:dispatch.py:204 Finished jaxpr to MLIR module conversion jit(subtract) in 0.006987810 sec
WARNING  jax._src.dispatch:dispatch.py:204 Finished XLA compilation of jit(subtract) in 0.041454792 sec
WARNING  jax._src.dispatch:dispatch.py:204 Finished tracing true_divide for jit in 0.000010967 sec
WARNING  jax._src.interpreters.pxla:pxla.py:732 Compiling jit(true_divide) with global shapes and types (ShapedArray(float64[340,13]), ShapedArray(float64[340,13])). Argument mapping: (UnspecifiedValue, UnspecifiedValue).
WARNING  jax._src.dispatch:dispatch.py:204 Finished jaxpr to MLIR module conversion jit(true_divide) in 0.007021904 sec
WARNING  jax._src.dispatch:dispatch.py:204 Finished XLA compilation of jit(true_divide) in 0.041343451 sec
WARNING  jax._src.dispatch:dispatch.py:204 Finished tracing _where for jit in 0.000010967 sec
WARNING  jax._src.interpreters.pxla:pxla.py:732 Compiling jit(_where) with global shapes and types (ShapedArray(bool[340,13]), ShapedArray(float64[340,13]), ShapedArray(float64[], weak_type=True)). Argument mapping: (UnspecifiedValue, UnspecifiedValue, UnspecifiedValue).
WARNING  jax._src.dispatch:dispatch.py:204 Finished jaxpr to MLIR module conversion jit(_where) in 0.007496834 sec
WARNING  jax._src.dispatch:dispatch.py:204 Finished XLA compilation of jit(_where) in 0.034974337 sec
WARNING  jax._src.dispatch:dispatch.py:204 Finished tracing broadcast_in_dim for jit in 0.000261545 sec
WARNING  jax._src.interpreters.pxla:pxla.py:732 Compiling jit(broadcast_in_dim) with global shapes and types (ShapedArray(float64[340,13]),). Argument mapping: (UnspecifiedValue,).
WARNING  jax._src.dispatch:dispatch.py:204 Finished jaxpr to MLIR module conversion jit(broadcast_in_dim) in 0.007186413 sec
WARNING  jax._src.dispatch:dispatch.py:204 Finished XLA compilation of jit(broadcast_in_dim) in 0.038097620 sec
WARNING  jax._src.dispatch:dispatch.py:204 Finished tracing subtract for jit in 0.000010490 sec
WARNING  jax._src.interpreters.pxla:pxla.py:732 Compiling jit(subtract) with global shapes and types (ShapedArray(float64[340,13,2]), ShapedArray(float64[340,13,2])). Argument mapping: (UnspecifiedValue, UnspecifiedValue).
WARNING  jax._src.dispatch:dispatch.py:204 Finished jaxpr to MLIR module conversion jit(subtract) in 0.007066727 sec
WARNING  jax._src.dispatch:dispatch.py:204 Finished XLA compilation of jit(subtract) in 0.039802313 sec
WARNING  jax._src.dispatch:dispatch.py:204 Finished tracing multiply for jit in 0.000010252 sec
WARNING  jax._src.interpreters.pxla:pxla.py:732 Compiling jit(multiply) with global shapes and types (ShapedArray(float64[340,13,1]), ShapedArray(float64[340,13,2])). Argument mapping: (UnspecifiedValue, UnspecifiedValue).
WARNING  jax._src.dispatch:dispatch.py:204 Finished jaxpr to MLIR module conversion jit(multiply) in 0.007342100 sec
WARNING  jax._src.dispatch:dispatch.py:204 Finished XLA compilation of jit(multiply) in 0.031784296 sec
WARNING  jax._src.dispatch:dispatch.py:204 Finished tracing add for jit in 0.000010014 sec
WARNING  jax._src.interpreters.pxla:pxla.py:732 Compiling jit(add) with global shapes and types (ShapedArray(float64[340,13,2]), ShapedArray(float64[340,13,2])). Argument mapping: (UnspecifiedValue, UnspecifiedValue).
WARNING  jax._src.dispatch:dispatch.py:204 Finished jaxpr to MLIR module conversion jit(add) in 0.007057428 sec
WARNING  jax._src.dispatch:dispatch.py:204 Finished XLA compilation of jit(add) in 0.039664507 sec
WARNING  jax._src.dispatch:dispatch.py:204 Finished tracing reshape for jit in 0.000253439 sec
WARNING  jax._src.interpreters.pxla:pxla.py:732 Compiling jit(reshape) with global shapes and types (ShapedArray(float64[340,13,2]),). Argument mapping: (UnspecifiedValue,).
WARNING  jax._src.dispatch:dispatch.py:204 Finished jaxpr to MLIR module conversion jit(reshape) in 0.006943941 sec
WARNING  jax._src.dispatch:dispatch.py:204 Finished XLA compilation of jit(reshape) in 0.008673191 sec
WARNING  jax._src.dispatch:dispatch.py:204 Finished tracing reshape for jit in 0.000254154 sec
WARNING  jax._src.interpreters.pxla:pxla.py:732 Compiling jit(reshape) with global shapes and types (ShapedArray(bool[340,13]),). Argument mapping: (UnspecifiedValue,).
WARNING  jax._src.dispatch:dispatch.py:204 Finished jaxpr to MLIR module conversion jit(reshape) in 0.006131887 sec
WARNING  jax._src.dispatch:dispatch.py:204 Finished XLA compilation of jit(reshape) in 0.008509159 sec
WARNING  jax._src.dispatch:dispatch.py:204 Finished tracing cumsum for jit in 0.000381947 sec
WARNING  jax._src.interpreters.pxla:pxla.py:732 Compiling jit(cumsum) with global shapes and types (ShapedArray(bool[4420]),). Argument mapping: (UnspecifiedValue,).
WARNING  jax._src.dispatch:dispatch.py:204 Finished jaxpr to MLIR module conversion jit(cumsum) in 0.007470846 sec
WARNING  jax._src.dispatch:dispatch.py:204 Finished XLA compilation of jit(cumsum) in 0.078791618 sec
WARNING  jax._src.dispatch:dispatch.py:204 Finished tracing broadcast_in_dim for jit in 0.000326395 sec
WARNING  jax._src.interpreters.pxla:pxla.py:732 Compiling jit(broadcast_in_dim) with global shapes and types (ShapedArray(int64[]),). Argument mapping: (UnspecifiedValue,).
WARNING  jax._src.dispatch:dispatch.py:204 Finished jaxpr to MLIR module conversion jit(broadcast_in_dim) in 0.007176638 sec
WARNING  jax._src.dispatch:dispatch.py:204 Finished XLA compilation of jit(broadcast_in_dim) in 0.029320955 sec
WARNING  jax._src.dispatch:dispatch.py:204 Finished tracing clip for jit in 0.000786304 sec
WARNING  jax._src.interpreters.pxla:pxla.py:732 Compiling jit(clip) with global shapes and types (ShapedArray(int64[4420]), ShapedArray(int64[], weak_type=True)). Argument mapping: (UnspecifiedValue, UnspecifiedValue).
WARNING  jax._src.dispatch:dispatch.py:204 Finished jaxpr to MLIR module conversion jit(clip) in 0.007338285 sec
WARNING  jax._src.dispatch:dispatch.py:204 Finished XLA compilation of jit(clip) in 0.029881716 sec
WARNING  jax._src.dispatch:dispatch.py:204 Finished tracing less for jit in 0.000440121 sec
WARNING  jax._src.interpreters.pxla:pxla.py:732 Compiling jit(less) with global shapes and types (ShapedArray(int64[4420]), ShapedArray(int64[], weak_type=True)). Argument mapping: (UnspecifiedValue, UnspecifiedValue).
WARNING  jax._src.dispatch:dispatch.py:204 Finished jaxpr to MLIR module conversion jit(less) in 0.007660866 sec
WARNING  jax._src.dispatch:dispatch.py:204 Finished XLA compilation of jit(less) in 0.032684803 sec
WARNING  jax._src.dispatch:dispatch.py:204 Finished tracing add for jit in 0.000334263 sec
WARNING  jax._src.interpreters.pxla:pxla.py:732 Compiling jit(add) with global shapes and types (ShapedArray(int64[4420]), ShapedArray(int64[])). Argument mapping: (UnspecifiedValue, UnspecifiedValue).
WARNING  jax._src.dispatch:dispatch.py:204 Finished jaxpr to MLIR module conversion jit(add) in 0.007090092 sec
WARNING  jax._src.dispatch:dispatch.py:204 Finished XLA compilation of jit(add) in 0.030234098 sec
WARNING  jax._src.dispatch:dispatch.py:204 Finished tracing select_n for jit in 0.000310659 sec
WARNING  jax._src.interpreters.pxla:pxla.py:732 Compiling jit(select_n) with global shapes and types (ShapedArray(bool[4420]), ShapedArray(int64[4420]), ShapedArray(int64[4420])). Argument mapping: (UnspecifiedValue, UnspecifiedValue, UnspecifiedValue).
WARNING  jax._src.dispatch:dispatch.py:204 Finished jaxpr to MLIR module conversion jit(select_n) in 0.007032394 sec
WARNING  jax._src.dispatch:dispatch.py:204 Finished XLA compilation of jit(select_n) in 0.044239998 sec
WARNING  jax._src.dispatch:dispatch.py:204 Finished tracing _broadcast_arrays for jit in 0.000118256 sec
WARNING  jax._src.interpreters.pxla:pxla.py:732 Compiling jit(_broadcast_arrays) with global shapes and types (ShapedArray(int64[4420]),). Argument mapping: (UnspecifiedValue,).
WARNING  jax._src.dispatch:dispatch.py:204 Finished jaxpr to MLIR module conversion jit(_broadcast_arrays) in 0.006801128 sec
WARNING  jax._src.dispatch:dispatch.py:204 Finished XLA compilation of jit(_broadcast_arrays) in 0.008830070 sec
WARNING  jax._src.dispatch:dispatch.py:204 Finished tracing convert_element_type for jit in 0.000304461 sec
WARNING  jax._src.interpreters.pxla:pxla.py:732 Compiling jit(convert_element_type) with global shapes and types (ShapedArray(int64[4420]),). Argument mapping: (UnspecifiedValue,).
WARNING  jax._src.dispatch:dispatch.py:204 Finished jaxpr to MLIR module conversion jit(convert_element_type) in 0.006054163 sec
WARNING  jax._src.dispatch:dispatch.py:204 Finished XLA compilation of jit(convert_element_type) in 0.039364100 sec
WARNING  jax._src.dispatch:dispatch.py:204 Finished tracing broadcast_in_dim for jit in 0.000400305 sec
WARNING  jax._src.interpreters.pxla:pxla.py:732 Compiling jit(broadcast_in_dim) with global shapes and types (ShapedArray(int32[4420]),). Argument mapping: (UnspecifiedValue,).
WARNING  jax._src.dispatch:dispatch.py:204 Finished jaxpr to MLIR module conversion jit(broadcast_in_dim) in 0.007436991 sec
WARNING  jax._src.dispatch:dispatch.py:204 Finished XLA compilation of jit(broadcast_in_dim) in 0.009259462 sec
WARNING  jax._src.dispatch:dispatch.py:204 Finished tracing broadcast_in_dim for jit in 0.000315905 sec
WARNING  jax._src.interpreters.pxla:pxla.py:732 Compiling jit(broadcast_in_dim) with global shapes and types (ShapedArray(int64[]),). Argument mapping: (UnspecifiedValue,).
WARNING  jax._src.dispatch:dispatch.py:204 Finished jaxpr to MLIR module conversion jit(broadcast_in_dim) in 0.006044388 sec
WARNING  jax._src.dispatch:dispatch.py:204 Finished XLA compilation of jit(broadcast_in_dim) in 0.028898001 sec
WARNING  jax._src.dispatch:dispatch.py:204 Finished tracing _squeeze for jit in 0.000117779 sec
WARNING  jax._src.interpreters.pxla:pxla.py:732 Compiling jit(_squeeze) with global shapes and types (ShapedArray(int64[4420]),). Argument mapping: (UnspecifiedValue,).
WARNING  jax._src.dispatch:dispatch.py:204 Finished jaxpr to MLIR module conversion jit(_squeeze) in 0.006576061 sec
WARNING  jax._src.dispatch:dispatch.py:204 Finished XLA compilation of jit(_squeeze) in 0.010732412 sec
WARNING  jax._src.dispatch:dispatch.py:204 Finished tracing scatter-add for jit in 0.000436544 sec
WARNING  jax._src.interpreters.pxla:pxla.py:732 Compiling jit(scatter-add) with global shapes and types (ShapedArray(int64[2255]), ShapedArray(int32[4420,1]), ShapedArray(int64[4420])). Argument mapping: (UnspecifiedValue, UnspecifiedValue, UnspecifiedValue).
WARNING  jax._src.dispatch:dispatch.py:204 Finished jaxpr to MLIR module conversion jit(scatter-add) in 0.006579876 sec
WARNING  jax._src.dispatch:dispatch.py:204 Finished XLA compilation of jit(scatter-add) in 0.027942657 sec
WARNING  jax._src.dispatch:dispatch.py:204 Finished tracing cumsum for jit in 0.000353098 sec
WARNING  jax._src.interpreters.pxla:pxla.py:732 Compiling jit(cumsum) with global shapes and types (ShapedArray(int64[2255]),). Argument mapping: (UnspecifiedValue,).
WARNING  jax._src.dispatch:dispatch.py:204 Finished jaxpr to MLIR module conversion jit(cumsum) in 0.008079052 sec
WARNING  jax._src.dispatch:dispatch.py:204 Finished XLA compilation of jit(cumsum) in 0.060516357 sec
WARNING  jax._src.dispatch:dispatch.py:204 Finished tracing floor_divide for jit in 0.003555536 sec
WARNING  jax._src.interpreters.pxla:pxla.py:732 Compiling jit(floor_divide) with global shapes and types (ShapedArray(int64[2255]), ShapedArray(int64[])). Argument mapping: (UnspecifiedValue, UnspecifiedValue).
WARNING  jax._src.dispatch:dispatch.py:204 Finished jaxpr to MLIR module conversion jit(floor_divide) in 0.010189772 sec
WARNING  jax._src.dispatch:dispatch.py:204 Finished XLA compilation of jit(floor_divide) in 0.042640209 sec
WARNING  jax._src.dispatch:dispatch.py:204 Finished tracing remainder for jit in 0.001009941 sec
WARNING  jax._src.interpreters.pxla:pxla.py:732 Compiling jit(remainder) with global shapes and types (ShapedArray(int64[2255]), ShapedArray(int64[], weak_type=True)). Argument mapping: (UnspecifiedValue, UnspecifiedValue).
WARNING  jax._src.dispatch:dispatch.py:204 Finished jaxpr to MLIR module conversion jit(remainder) in 0.011013031 sec
WARNING  jax._src.dispatch:dispatch.py:204 Finished XLA compilation of jit(remainder) in 0.036568880 sec
WARNING  jax._src.dispatch:dispatch.py:204 Finished tracing iota for jit in 0.000226736 sec
WARNING  jax._src.interpreters.pxla:pxla.py:732 Compiling jit(iota) with global shapes and types (). Argument mapping: ().
WARNING  jax._src.dispatch:dispatch.py:204 Finished jaxpr to MLIR module conversion jit(iota) in 0.006929159 sec
WARNING  jax._src.dispatch:dispatch.py:204 Finished XLA compilation of jit(iota) in 0.034816027 sec
WARNING  jax._src.dispatch:dispatch.py:204 Finished tracing _reduce_sum for jit in 0.000701904 sec
WARNING  jax._src.interpreters.pxla:pxla.py:732 Compiling jit(_reduce_sum) with global shapes and types (ShapedArray(bool[4420]),). Argument mapping: (UnspecifiedValue,).
WARNING  jax._src.dispatch:dispatch.py:204 Finished jaxpr to MLIR module conversion jit(_reduce_sum) in 0.007805586 sec
WARNING  jax._src.dispatch:dispatch.py:204 Finished XLA compilation of jit(_reduce_sum) in 0.058204412 sec
WARNING  jax._src.dispatch:dispatch.py:204 Finished tracing greater_equal for jit in 0.000352383 sec
WARNING  jax._src.interpreters.pxla:pxla.py:732 Compiling jit(greater_equal) with global shapes and types (ShapedArray(int64[2255]), ShapedArray(int64[])). Argument mapping: (UnspecifiedValue, UnspecifiedValue).
WARNING  jax._src.dispatch:dispatch.py:204 Finished jaxpr to MLIR module conversion jit(greater_equal) in 0.007696867 sec
WARNING  jax._src.dispatch:dispatch.py:204 Finished XLA compilation of jit(greater_equal) in 0.031221390 sec
WARNING  jax._src.dispatch:dispatch.py:204 Finished tracing _where for jit in 0.000754833 sec
WARNING  jax._src.interpreters.pxla:pxla.py:732 Compiling jit(_where) with global shapes and types (ShapedArray(bool[2255]), ShapedArray(int64[], weak_type=True), ShapedArray(int64[2255])). Argument mapping: (UnspecifiedValue, UnspecifiedValue, UnspecifiedValue).
WARNING  jax._src.dispatch:dispatch.py:204 Finished jaxpr to MLIR module conversion jit(_where) in 0.007647991 sec
WARNING  jax._src.dispatch:dispatch.py:204 Finished XLA compilation of jit(_where) in 0.032694340 sec
WARNING  jax._src.dispatch:dispatch.py:204 Finished tracing less for jit in 0.000256062 sec
WARNING  jax._src.interpreters.pxla:pxla.py:732 Compiling jit(less) with global shapes and types (ShapedArray(int64[2255]), ShapedArray(int64[], weak_type=True)). Argument mapping: (UnspecifiedValue, UnspecifiedValue).
WARNING  jax._src.dispatch:dispatch.py:204 Finished jaxpr to MLIR module conversion jit(less) in 0.007973433 sec
WARNING  jax._src.dispatch:dispatch.py:204 Finished XLA compilation of jit(less) in 0.031361341 sec
WARNING  jax._src.dispatch:dispatch.py:204 Finished tracing add for jit in 0.000165701 sec
WARNING  jax._src.interpreters.pxla:pxla.py:732 Compiling jit(add) with global shapes and types (ShapedArray(int64[2255]), ShapedArray(int64[])). Argument mapping: (UnspecifiedValue, UnspecifiedValue).
WARNING  jax._src.dispatch:dispatch.py:204 Finished jaxpr to MLIR module conversion jit(add) in 0.007149696 sec
WARNING  jax._src.dispatch:dispatch.py:204 Finished XLA compilation of jit(add) in 0.029919147 sec
WARNING  jax._src.dispatch:dispatch.py:204 Finished tracing select_n for jit in 0.000165701 sec
WARNING  jax._src.interpreters.pxla:pxla.py:732 Compiling jit(select_n) with global shapes and types (ShapedArray(bool[2255]), ShapedArray(int64[2255]), ShapedArray(int64[2255])). Argument mapping: (UnspecifiedValue, UnspecifiedValue, UnspecifiedValue).
WARNING  jax._src.dispatch:dispatch.py:204 Finished jaxpr to MLIR module conversion jit(select_n) in 0.007168293 sec
WARNING  jax._src.dispatch:dispatch.py:204 Finished XLA compilation of jit(select_n) in 0.044099092 sec
WARNING  jax._src.dispatch:dispatch.py:204 Finished tracing _broadcast_arrays for jit in 0.000121355 sec
WARNING  jax._src.interpreters.pxla:pxla.py:732 Compiling jit(_broadcast_arrays) with global shapes and types (ShapedArray(int64[2255]),). Argument mapping: (UnspecifiedValue,).
WARNING  jax._src.dispatch:dispatch.py:204 Finished jaxpr to MLIR module conversion jit(_broadcast_arrays) in 0.006636143 sec
WARNING  jax._src.dispatch:dispatch.py:204 Finished XLA compilation of jit(_broadcast_arrays) in 0.008192539 sec
WARNING  jax._src.dispatch:dispatch.py:204 Finished tracing convert_element_type for jit in 0.000290155 sec
WARNING  jax._src.interpreters.pxla:pxla.py:732 Compiling jit(convert_element_type) with global shapes and types (ShapedArray(int64[2255]),). Argument mapping: (UnspecifiedValue,).
WARNING  jax._src.dispatch:dispatch.py:204 Finished jaxpr to MLIR module conversion jit(convert_element_type) in 0.005767822 sec
WARNING  jax._src.dispatch:dispatch.py:204 Finished XLA compilation of jit(convert_element_type) in 0.035983324 sec
WARNING  jax._src.dispatch:dispatch.py:204 Finished tracing broadcast_in_dim for jit in 0.000376225 sec
WARNING  jax._src.interpreters.pxla:pxla.py:732 Compiling jit(broadcast_in_dim) with global shapes and types (ShapedArray(int32[2255]),). Argument mapping: (UnspecifiedValue,).
WARNING  jax._src.dispatch:dispatch.py:204 Finished jaxpr to MLIR module conversion jit(broadcast_in_dim) in 0.006934643 sec
WARNING  jax._src.dispatch:dispatch.py:204 Finished XLA compilation of jit(broadcast_in_dim) in 0.008539438 sec
WARNING  jax._src.dispatch:dispatch.py:204 Finished tracing gather for jit in 0.000279665 sec
WARNING  jax._src.interpreters.pxla:pxla.py:732 Compiling jit(gather) with global shapes and types (ShapedArray(float64[4420,2]), ShapedArray(int32[2255,1])). Argument mapping: (UnspecifiedValue, UnspecifiedValue).
WARNING  jax._src.dispatch:dispatch.py:204 Finished jaxpr to MLIR module conversion jit(gather) in 0.006320477 sec
WARNING  jax._src.dispatch:dispatch.py:204 Finished XLA compilation of jit(gather) in 0.031800985 sec
WARNING  jax._src.dispatch:dispatch.py:204 Finished tracing broadcast_in_dim for jit in 0.000297308 sec
WARNING  jax._src.interpreters.pxla:pxla.py:732 Compiling jit(broadcast_in_dim) with global shapes and types (ShapedArray(float64[2255,2]),). Argument mapping: (UnspecifiedValue,).
WARNING  jax._src.dispatch:dispatch.py:204 Finished jaxpr to MLIR module conversion jit(broadcast_in_dim) in 0.006698132 sec
WARNING  jax._src.dispatch:dispatch.py:204 Finished XLA compilation of jit(broadcast_in_dim) in 0.008221149 sec
WARNING  jax._src.dispatch:dispatch.py:204 Finished tracing minimum for jit in 0.000327349 sec
WARNING  jax._src.interpreters.pxla:pxla.py:732 Compiling jit(minimum) with global shapes and types (ShapedArray(int64[]), ShapedArray(int64[], weak_type=True)). Argument mapping: (UnspecifiedValue, UnspecifiedValue).
WARNING  jax._src.dispatch:dispatch.py:204 Finished jaxpr to MLIR module conversion jit(minimum) in 0.005921364 sec
WARNING  jax._src.dispatch:dispatch.py:204 Finished XLA compilation of jit(minimum) in 0.027359724 sec
WARNING  jax._src.dispatch:dispatch.py:204 Finished tracing less for jit in 0.000267506 sec
WARNING  jax._src.interpreters.pxla:pxla.py:732 Compiling jit(less) with global shapes and types (ShapedArray(int64[2255]), ShapedArray(int32[])). Argument mapping: (UnspecifiedValue, UnspecifiedValue).
WARNING  jax._src.dispatch:dispatch.py:204 Finished jaxpr to MLIR module conversion jit(less) in 0.007556677 sec
WARNING  jax._src.dispatch:dispatch.py:204 Finished XLA compilation of jit(less) in 0.031289816 sec
WARNING  jax._src.dispatch:dispatch.py:204 Finished tracing dynamic_slice for jit in 0.000258923 sec
WARNING  jax._src.interpreters.pxla:pxla.py:732 Compiling jit(dynamic_slice) with global shapes and types (ShapedArray(float64[2255,2]), ShapedArray(int64[], weak_type=True), ShapedArray(int64[], weak_type=True)). Argument mapping: (UnspecifiedValue, UnspecifiedValue, UnspecifiedValue).
WARNING  jax._src.dispatch:dispatch.py:204 Finished jaxpr to MLIR module conversion jit(dynamic_slice) in 0.007112503 sec
WARNING  jax._src.dispatch:dispatch.py:204 Finished XLA compilation of jit(dynamic_slice) in 0.032820463 sec
WARNING  jax._src.dispatch:dispatch.py:204 Finished tracing squeeze for jit in 0.000240326 sec
WARNING  jax._src.interpreters.pxla:pxla.py:732 Compiling jit(squeeze) with global shapes and types (ShapedArray(float64[2255,1]),). Argument mapping: (UnspecifiedValue,).
WARNING  jax._src.dispatch:dispatch.py:204 Finished jaxpr to MLIR module conversion jit(squeeze) in 0.006948948 sec
WARNING  jax._src.dispatch:dispatch.py:204 Finished XLA compilation of jit(squeeze) in 0.008466721 sec
WARNING  jax._src.dispatch:dispatch.py:204 Finished tracing subtract for jit in 0.000277758 sec
WARNING  jax._src.interpreters.pxla:pxla.py:732 Compiling jit(subtract) with global shapes and types (ShapedArray(float64[2255]), ShapedArray(float64[])). Argument mapping: (UnspecifiedValue, UnspecifiedValue).
WARNING  jax._src.dispatch:dispatch.py:204 Finished jaxpr to MLIR module conversion jit(subtract) in 0.006072521 sec
WARNING  jax._src.dispatch:dispatch.py:204 Finished XLA compilation of jit(subtract) in 0.030053854 sec
WARNING  jax._src.dispatch:dispatch.py:204 Finished tracing arctan2 for jit in 0.000326872 sec
WARNING  jax._src.interpreters.pxla:pxla.py:732 Compiling jit(arctan2) with global shapes and types (ShapedArray(float64[2255]), ShapedArray(float64[2255])). Argument mapping: (UnspecifiedValue, UnspecifiedValue).
WARNING  jax._src.dispatch:dispatch.py:204 Finished jaxpr to MLIR module conversion jit(arctan2) in 0.006939411 sec
WARNING  jax._src.dispatch:dispatch.py:204 Finished XLA compilation of jit(arctan2) in 0.040536642 sec
WARNING  jax._src.dispatch:dispatch.py:204 Finished tracing _where for jit in 0.000985622 sec
WARNING  jax._src.interpreters.pxla:pxla.py:732 Compiling jit(_where) with global shapes and types (ShapedArray(bool[2255]), ShapedArray(float64[2255]), ShapedArray(float64[], weak_type=True)). Argument mapping: (UnspecifiedValue, UnspecifiedValue, UnspecifiedValue).
WARNING  jax._src.dispatch:dispatch.py:204 Finished jaxpr to MLIR module conversion jit(_where) in 0.007533312 sec
WARNING  jax._src.dispatch:dispatch.py:204 Finished XLA compilation of jit(_where) in 0.031853199 sec
WARNING  jax._src.dispatch:dispatch.py:204 Finished tracing argsort for jit in 0.000255346 sec
WARNING  jax._src.interpreters.pxla:pxla.py:732 Compiling jit(argsort) with global shapes and types (ShapedArray(float64[2255]),). Argument mapping: (UnspecifiedValue,).
WARNING  jax._src.dispatch:dispatch.py:204 Finished jaxpr to MLIR module conversion jit(argsort) in 0.009447098 sec
WARNING  jax._src.dispatch:dispatch.py:204 Finished XLA compilation of jit(argsort) in 0.037369013 sec
WARNING  jax._src.dispatch:dispatch.py:204 Finished tracing gather for jit in 0.000276327 sec
WARNING  jax._src.interpreters.pxla:pxla.py:732 Compiling jit(gather) with global shapes and types (ShapedArray(float64[2255,2]), ShapedArray(int32[2255,1])). Argument mapping: (UnspecifiedValue, UnspecifiedValue).
WARNING  jax._src.dispatch:dispatch.py:204 Finished jaxpr to MLIR module conversion jit(gather) in 0.007453680 sec
WARNING  jax._src.dispatch:dispatch.py:204 Finished XLA compilation of jit(gather) in 0.032596588 sec
WARNING  jax._src.dispatch:dispatch.py:204 Finished tracing broadcast_in_dim for jit in 0.000293970 sec
WARNING  jax._src.interpreters.pxla:pxla.py:732 Compiling jit(broadcast_in_dim) with global shapes and types (ShapedArray(bool[2255]),). Argument mapping: (UnspecifiedValue,).
WARNING  jax._src.dispatch:dispatch.py:204 Finished jaxpr to MLIR module conversion jit(broadcast_in_dim) in 0.007346869 sec
WARNING  jax._src.dispatch:dispatch.py:204 Finished XLA compilation of jit(broadcast_in_dim) in 0.008770466 sec
WARNING  jax._src.dispatch:dispatch.py:204 Finished tracing _where for jit in 0.001092434 sec
WARNING  jax._src.interpreters.pxla:pxla.py:732 Compiling jit(_where) with global shapes and types (ShapedArray(bool[2255,1]), ShapedArray(float64[2255,2]), ShapedArray(float64[], weak_type=True)). Argument mapping: (UnspecifiedValue, UnspecifiedValue, UnspecifiedValue).
WARNING  jax._src.dispatch:dispatch.py:204 Finished jaxpr to MLIR module conversion jit(_where) in 0.006589174 sec
WARNING  jax._src.dispatch:dispatch.py:204 Finished XLA compilation of jit(_where) in 0.030701876 sec
WARNING  jax._src.dispatch:dispatch.py:204 Finished tracing subtract for jit in 0.000283241 sec
WARNING  jax._src.interpreters.pxla:pxla.py:732 Compiling jit(subtract) with global shapes and types (ShapedArray(float64[121]), ShapedArray(float64[])). Argument mapping: (UnspecifiedValue, UnspecifiedValue).
WARNING  jax._src.dispatch:dispatch.py:204 Finished jaxpr to MLIR module conversion jit(subtract) in 0.007174253 sec
WARNING  jax._src.dispatch:dispatch.py:204 Finished XLA compilation of jit(subtract) in 0.030064821 sec
WARNING  jax._src.dispatch:dispatch.py:204 Finished tracing true_divide for jit in 0.000329494 sec
WARNING  jax._src.interpreters.pxla:pxla.py:732 Compiling jit(true_divide) with global shapes and types (ShapedArray(float64[121]), ShapedArray(float64[])). Argument mapping: (UnspecifiedValue, UnspecifiedValue).
WARNING  jax._src.dispatch:dispatch.py:204 Finished jaxpr to MLIR module conversion jit(true_divide) in 0.007006645 sec
WARNING  jax._src.dispatch:dispatch.py:204 Finished XLA compilation of jit(true_divide) in 0.035968304 sec
WARNING  jax._src.dispatch:dispatch.py:204 Finished tracing subtract for jit in 0.000277758 sec
WARNING  jax._src.interpreters.pxla:pxla.py:732 Compiling jit(subtract) with global shapes and types (ShapedArray(float64[121]), ShapedArray(float64[], weak_type=True)). Argument mapping: (UnspecifiedValue, UnspecifiedValue).
WARNING  jax._src.dispatch:dispatch.py:204 Finished jaxpr to MLIR module conversion jit(subtract) in 0.007395744 sec
WARNING  jax._src.dispatch:dispatch.py:204 Finished XLA compilation of jit(subtract) in 0.029659271 sec
WARNING  jax._src.dispatch:dispatch.py:204 Finished tracing ravel for jit in 0.000011683 sec
WARNING  jax._src.interpreters.pxla:pxla.py:732 Compiling jit(ravel) with global shapes and types (ShapedArray(float64[121]),). Argument mapping: (UnspecifiedValue,).
WARNING  jax._src.dispatch:dispatch.py:204 Finished jaxpr to MLIR module conversion jit(ravel) in 0.006504774 sec
WARNING  jax._src.dispatch:dispatch.py:204 Finished XLA compilation of jit(ravel) in 0.008211374 sec
WARNING  jax._src.dispatch:dispatch.py:204 Finished tracing _roll_static for jit in 0.000478745 sec
WARNING  jax._src.interpreters.pxla:pxla.py:732 Compiling jit(_roll_static) with global shapes and types (ShapedArray(float64[121]),). Argument mapping: (UnspecifiedValue,).
WARNING  jax._src.dispatch:dispatch.py:204 Finished jaxpr to MLIR module conversion jit(_roll_static) in 0.006442547 sec
WARNING  jax._src.dispatch:dispatch.py:204 Finished XLA compilation of jit(_roll_static) in 0.029286623 sec
WARNING  jax._src.dispatch:dispatch.py:204 Finished tracing less for jit in 0.000366211 sec
WARNING  jax._src.interpreters.pxla:pxla.py:732 Compiling jit(less) with global shapes and types (ShapedArray(float64[121]), ShapedArray(float64[], weak_type=True)). Argument mapping: (UnspecifiedValue, UnspecifiedValue).
WARNING  jax._src.dispatch:dispatch.py:204 Finished jaxpr to MLIR module conversion jit(less) in 0.007625580 sec
WARNING  jax._src.dispatch:dispatch.py:204 Finished XLA compilation of jit(less) in 0.032327652 sec
WARNING  jax._src.dispatch:dispatch.py:204 Finished tracing not_equal for jit in 0.000371456 sec
WARNING  jax._src.interpreters.pxla:pxla.py:732 Compiling jit(not_equal) with global shapes and types (ShapedArray(bool[121]), ShapedArray(bool[121])). Argument mapping: (UnspecifiedValue, UnspecifiedValue).
WARNING  jax._src.dispatch:dispatch.py:204 Finished jaxpr to MLIR module conversion jit(not_equal) in 0.007304192 sec
WARNING  jax._src.dispatch:dispatch.py:204 Finished XLA compilation of jit(not_equal) in 0.040831089 sec
WARNING  jax._src.dispatch:dispatch.py:204 Finished tracing equal for jit in 0.000012398 sec
WARNING  jax._src.interpreters.pxla:pxla.py:732 Compiling jit(equal) with global shapes and types (ShapedArray(float64[121]), ShapedArray(float64[], weak_type=True)). Argument mapping: (UnspecifiedValue, UnspecifiedValue).
WARNING  jax._src.dispatch:dispatch.py:204 Finished jaxpr to MLIR module conversion jit(equal) in 0.007832050 sec
WARNING  jax._src.dispatch:dispatch.py:204 Finished XLA compilation of jit(equal) in 0.032697678 sec
WARNING  jax._src.interpreters.pxla:pxla.py:732 Compiling jit(bitwise_or) with global shapes and types (ShapedArray(bool[121]), ShapedArray(bool[121])). Argument mapping: (UnspecifiedValue, UnspecifiedValue).
WARNING  jax._src.dispatch:dispatch.py:204 Finished jaxpr to MLIR module conversion jit(bitwise_or) in 0.006984472 sec
WARNING  jax._src.dispatch:dispatch.py:204 Finished XLA compilation of jit(bitwise_or) in 0.041129827 sec
WARNING  jax._src.interpreters.pxla:pxla.py:732 Compiling jit(isfinite) with global shapes and types (ShapedArray(float64[121]),). Argument mapping: (UnspecifiedValue,).
WARNING  jax._src.dispatch:dispatch.py:204 Finished jaxpr to MLIR module conversion jit(isfinite) in 0.007053614 sec
WARNING  jax._src.dispatch:dispatch.py:204 Finished XLA compilation of jit(isfinite) in 0.041409731 sec
WARNING  jax._src.dispatch:dispatch.py:204 Finished tracing isfinite for jit in 0.000256538 sec
WARNING  jax._src.interpreters.pxla:pxla.py:732 Compiling jit(isfinite) with global shapes and types (ShapedArray(float64[121,2]),). Argument mapping: (UnspecifiedValue,).
WARNING  jax._src.dispatch:dispatch.py:204 Finished jaxpr to MLIR module conversion jit(isfinite) in 0.007003307 sec
WARNING  jax._src.dispatch:dispatch.py:204 Finished XLA compilation of jit(isfinite) in 0.035334587 sec
WARNING  jax._src.dispatch:dispatch.py:204 Finished tracing _reduce_all for jit in 0.000522137 sec
WARNING  jax._src.interpreters.pxla:pxla.py:732 Compiling jit(_reduce_all) with global shapes and types (ShapedArray(bool[121,2]),). Argument mapping: (UnspecifiedValue,).
WARNING  jax._src.dispatch:dispatch.py:204 Finished jaxpr to MLIR module conversion jit(_reduce_all) in 0.007535458 sec
WARNING  jax._src.dispatch:dispatch.py:204 Finished XLA compilation of jit(_reduce_all) in 0.030527353 sec
WARNING  jax._src.interpreters.pxla:pxla.py:732 Compiling jit(bitwise_and) with global shapes and types (ShapedArray(bool[121]), ShapedArray(bool[121])). Argument mapping: (UnspecifiedValue, UnspecifiedValue).
WARNING  jax._src.dispatch:dispatch.py:204 Finished jaxpr to MLIR module conversion jit(bitwise_and) in 0.006927252 sec
WARNING  jax._src.dispatch:dispatch.py:204 Finished XLA compilation of jit(bitwise_and) in 0.040985346 sec
WARNING  jax._src.dispatch:dispatch.py:204 Finished tracing subtract for jit in 0.000010490 sec
WARNING  jax._src.interpreters.pxla:pxla.py:732 Compiling jit(subtract) with global shapes and types (ShapedArray(float64[121]), ShapedArray(float64[121])). Argument mapping: (UnspecifiedValue, UnspecifiedValue).
WARNING  jax._src.dispatch:dispatch.py:204 Finished jaxpr to MLIR module conversion jit(subtract) in 0.007068396 sec
WARNING  jax._src.dispatch:dispatch.py:204 Finished XLA compilation of jit(subtract) in 0.037594080 sec
WARNING  jax._src.dispatch:dispatch.py:204 Finished tracing _where for jit in 0.000011683 sec
WARNING  jax._src.interpreters.pxla:pxla.py:732 Compiling jit(_where) with global shapes and types (ShapedArray(bool[121]), ShapedArray(float64[], weak_type=True), ShapedArray(float64[121])). Argument mapping: (UnspecifiedValue, UnspecifiedValue, UnspecifiedValue).
WARNING  jax._src.dispatch:dispatch.py:204 Finished jaxpr to MLIR module conversion jit(_where) in 0.007567644 sec
WARNING  jax._src.dispatch:dispatch.py:204 Finished XLA compilation of jit(_where) in 0.034274578 sec
WARNING  jax._src.dispatch:dispatch.py:204 Finished tracing true_divide for jit in 0.000337124 sec
WARNING  jax._src.interpreters.pxla:pxla.py:732 Compiling jit(true_divide) with global shapes and types (ShapedArray(float64[121]), ShapedArray(float64[121])). Argument mapping: (UnspecifiedValue, UnspecifiedValue).
WARNING  jax._src.dispatch:dispatch.py:204 Finished jaxpr to MLIR module conversion jit(true_divide) in 0.007058859 sec
WARNING  jax._src.dispatch:dispatch.py:204 Finished XLA compilation of jit(true_divide) in 0.037656069 sec
WARNING  jax._src.interpreters.pxla:pxla.py:732 Compiling jit(_where) with global shapes and types (ShapedArray(bool[121]), ShapedArray(float64[121]), ShapedArray(float64[], weak_type=True)). Argument mapping: (UnspecifiedValue, UnspecifiedValue, UnspecifiedValue).
WARNING  jax._src.dispatch:dispatch.py:204 Finished jaxpr to MLIR module conversion jit(_where) in 0.007653952 sec
WARNING  jax._src.dispatch:dispatch.py:204 Finished XLA compilation of jit(_where) in 0.033394814 sec
WARNING  jax._src.dispatch:dispatch.py:204 Finished tracing _roll_static for jit in 0.000504732 sec
WARNING  jax._src.interpreters.pxla:pxla.py:732 Compiling jit(_roll_static) with global shapes and types (ShapedArray(float64[121,2]),). Argument mapping: (UnspecifiedValue,).
WARNING  jax._src.dispatch:dispatch.py:204 Finished jaxpr to MLIR module conversion jit(_roll_static) in 0.007483959 sec
WARNING  jax._src.dispatch:dispatch.py:204 Finished XLA compilation of jit(_roll_static) in 0.030062199 sec
WARNING  jax._src.dispatch:dispatch.py:204 Finished tracing broadcast_in_dim for jit in 0.000296593 sec
WARNING  jax._src.interpreters.pxla:pxla.py:732 Compiling jit(broadcast_in_dim) with global shapes and types (ShapedArray(float64[121]),). Argument mapping: (UnspecifiedValue,).
WARNING  jax._src.dispatch:dispatch.py:204 Finished jaxpr to MLIR module conversion jit(broadcast_in_dim) in 0.007230282 sec
WARNING  jax._src.dispatch:dispatch.py:204 Finished XLA compilation of jit(broadcast_in_dim) in 0.008701563 sec
WARNING  jax._src.dispatch:dispatch.py:204 Finished tracing subtract for jit in 0.000010252 sec
WARNING  jax._src.interpreters.pxla:pxla.py:732 Compiling jit(subtract) with global shapes and types (ShapedArray(float64[121,2]), ShapedArray(float64[121,2])). Argument mapping: (UnspecifiedValue, UnspecifiedValue).
WARNING  jax._src.dispatch:dispatch.py:204 Finished jaxpr to MLIR module conversion jit(subtract) in 0.006017923 sec
WARNING  jax._src.dispatch:dispatch.py:204 Finished XLA compilation of jit(subtract) in 0.035834312 sec
WARNING  jax._src.dispatch:dispatch.py:204 Finished tracing multiply for jit in 0.000323057 sec
WARNING  jax._src.interpreters.pxla:pxla.py:732 Compiling jit(multiply) with global shapes and types (ShapedArray(float64[121,1]), ShapedArray(float64[121,2])). Argument mapping: (UnspecifiedValue, UnspecifiedValue).
WARNING  jax._src.dispatch:dispatch.py:204 Finished jaxpr to MLIR module conversion jit(multiply) in 0.007307529 sec
WARNING  jax._src.dispatch:dispatch.py:204 Finished XLA compilation of jit(multiply) in 0.031267881 sec
WARNING  jax._src.dispatch:dispatch.py:204 Finished tracing add for jit in 0.000316858 sec
WARNING  jax._src.interpreters.pxla:pxla.py:732 Compiling jit(add) with global shapes and types (ShapedArray(float64[121,2]), ShapedArray(float64[121,2])). Argument mapping: (UnspecifiedValue, UnspecifiedValue).
WARNING  jax._src.dispatch:dispatch.py:204 Finished jaxpr to MLIR module conversion jit(add) in 0.006963491 sec
WARNING  jax._src.dispatch:dispatch.py:204 Finished XLA compilation of jit(add) in 0.035735607 sec
WARNING  jax._src.dispatch:dispatch.py:204 Finished tracing dynamic_slice for jit in 0.000254154 sec
WARNING  jax._src.interpreters.pxla:pxla.py:732 Compiling jit(dynamic_slice) with global shapes and types (ShapedArray(float64[121,2]), ShapedArray(int64[], weak_type=True), ShapedArray(int64[], weak_type=True)). Argument mapping: (UnspecifiedValue, UnspecifiedValue, UnspecifiedValue).
WARNING  jax._src.dispatch:dispatch.py:204 Finished jaxpr to MLIR module conversion jit(dynamic_slice) in 0.007369757 sec
WARNING  jax._src.dispatch:dispatch.py:204 Finished XLA compilation of jit(dynamic_slice) in 0.035686970 sec
WARNING  jax._src.dispatch:dispatch.py:204 Finished tracing squeeze for jit in 0.000156641 sec
WARNING  jax._src.interpreters.pxla:pxla.py:732 Compiling jit(squeeze) with global shapes and types (ShapedArray(float64[121,1]),). Argument mapping: (UnspecifiedValue,).
WARNING  jax._src.dispatch:dispatch.py:204 Finished jaxpr to MLIR module conversion jit(squeeze) in 0.007157803 sec
WARNING  jax._src.dispatch:dispatch.py:204 Finished XLA compilation of jit(squeeze) in 0.008582115 sec
WARNING  jax._src.dispatch:dispatch.py:204 Finished tracing multiply for jit in 0.000311613 sec
WARNING  jax._src.interpreters.pxla:pxla.py:732 Compiling jit(multiply) with global shapes and types (ShapedArray(float64[121]), ShapedArray(float64[])). Argument mapping: (UnspecifiedValue, UnspecifiedValue).
WARNING  jax._src.dispatch:dispatch.py:204 Finished jaxpr to MLIR module conversion jit(multiply) in 0.006272793 sec
WARNING  jax._src.dispatch:dispatch.py:204 Finished XLA compilation of jit(multiply) in 0.029885292 sec
WARNING  jax._src.dispatch:dispatch.py:204 Finished tracing greater_equal for jit in 0.000348330 sec
WARNING  jax._src.interpreters.pxla:pxla.py:732 Compiling jit(greater_equal) with global shapes and types (ShapedArray(float64[121]), ShapedArray(float64[], weak_type=True)). Argument mapping: (UnspecifiedValue, UnspecifiedValue).
WARNING  jax._src.dispatch:dispatch.py:204 Finished jaxpr to MLIR module conversion jit(greater_equal) in 0.007810593 sec
WARNING  jax._src.dispatch:dispatch.py:204 Finished XLA compilation of jit(greater_equal) in 0.032714844 sec
WARNING  jax._src.interpreters.pxla:pxla.py:732 Compiling jit(less) with global shapes and types (ShapedArray(float64[121]), ShapedArray(float64[])). Argument mapping: (UnspecifiedValue, UnspecifiedValue).
WARNING  jax._src.dispatch:dispatch.py:204 Finished jaxpr to MLIR module conversion jit(less) in 0.007828951 sec
WARNING  jax._src.dispatch:dispatch.py:204 Finished XLA compilation of jit(less) in 0.032634020 sec
WARNING  jax._src.interpreters.pxla:pxla.py:732 Compiling jit(subtract) with global shapes and types (ShapedArray(float64[121,2]), ShapedArray(float64[2])). Argument mapping: (UnspecifiedValue, UnspecifiedValue).
WARNING  jax._src.dispatch:dispatch.py:204 Finished jaxpr to MLIR module conversion jit(subtract) in 0.007580042 sec
WARNING  jax._src.dispatch:dispatch.py:204 Finished XLA compilation of jit(subtract) in 0.030050039 sec
WARNING  jax._src.dispatch:dispatch.py:204 Finished tracing norm for jit in 0.002606630 sec
WARNING  jax._src.interpreters.pxla:pxla.py:732 Compiling jit(norm) with global shapes and types (ShapedArray(float64[121,2]),). Argument mapping: (UnspecifiedValue,).
WARNING  jax._src.dispatch:dispatch.py:204 Finished jaxpr to MLIR module conversion jit(norm) in 0.007869959 sec
WARNING  jax._src.dispatch:dispatch.py:204 Finished XLA compilation of jit(norm) in 0.031510353 sec
WARNING  jax._src.interpreters.pxla:pxla.py:732 Compiling jit(_argmin) with global shapes and types (ShapedArray(float64[121]),). Argument mapping: (UnspecifiedValue,).
WARNING  jax._src.dispatch:dispatch.py:204 Finished jaxpr to MLIR module conversion jit(_argmin) in 0.010573864 sec
WARNING  jax._src.dispatch:dispatch.py:204 Finished XLA compilation of jit(_argmin) in 0.034538984 sec
WARNING  jax._src.interpreters.pxla:pxla.py:732 Compiling jit(_reduce_any) with global shapes and types (ShapedArray(bool[121]),). Argument mapping: (UnspecifiedValue,).
WARNING  jax._src.dispatch:dispatch.py:204 Finished jaxpr to MLIR module conversion jit(_reduce_any) in 0.007743835 sec
WARNING  jax._src.dispatch:dispatch.py:204 Finished XLA compilation of jit(_reduce_any) in 0.044886827 sec
WARNING  jax._src.dispatch:dispatch.py:204 Finished tracing dynamic_slice for jit in 0.000254154 sec
WARNING  jax._src.interpreters.pxla:pxla.py:732 Compiling jit(dynamic_slice) with global shapes and types (ShapedArray(float64[121,2]), ShapedArray(int32[]), ShapedArray(int32[])). Argument mapping: (UnspecifiedValue, UnspecifiedValue, UnspecifiedValue).
WARNING  jax._src.dispatch:dispatch.py:204 Finished jaxpr to MLIR module conversion jit(dynamic_slice) in 0.007459164 sec
WARNING  jax._src.dispatch:dispatch.py:204 Finished XLA compilation of jit(dynamic_slice) in 0.027357578 sec
WARNING  jax._src.dispatch:dispatch.py:204 Finished tracing _where for jit in 0.000782728 sec
WARNING  jax._src.interpreters.pxla:pxla.py:732 Compiling jit(_where) with global shapes and types (ShapedArray(bool[]), ShapedArray(float64[2]), ShapedArray(float64[], weak_type=True)). Argument mapping: (UnspecifiedValue, UnspecifiedValue, UnspecifiedValue).
WARNING  jax._src.dispatch:dispatch.py:204 Finished jaxpr to MLIR module conversion jit(_where) in 0.007392406 sec
WARNING  jax._src.dispatch:dispatch.py:204 Finished XLA compilation of jit(_where) in 0.027196646 sec
WARNING  jax._src.dispatch:dispatch.py:204 Finished tracing _where for jit in 0.000013113 sec
WARNING  jax._src.interpreters.pxla:pxla.py:732 Compiling jit(_where) with global shapes and types (ShapedArray(bool[]), ShapedArray(int64[]), ShapedArray(int64[], weak_type=True)). Argument mapping: (UnspecifiedValue, UnspecifiedValue, UnspecifiedValue).
WARNING  jax._src.dispatch:dispatch.py:204 Finished jaxpr to MLIR module conversion jit(_where) in 0.007040977 sec
WARNING  jax._src.dispatch:dispatch.py:204 Finished XLA compilation of jit(_where) in 0.028633833 sec
WARNING  jax._src.interpreters.pxla:pxla.py:732 Compiling jit(less) with global shapes and types (ShapedArray(int64[]), ShapedArray(int64[], weak_type=True)). Argument mapping: (UnspecifiedValue, UnspecifiedValue).
WARNING  jax._src.dispatch:dispatch.py:204 Finished jaxpr to MLIR module conversion jit(less) in 0.007617235 sec
WARNING  jax._src.dispatch:dispatch.py:204 Finished XLA compilation of jit(less) in 0.027494431 sec
WARNING  jax._src.interpreters.pxla:pxla.py:732 Compiling jit(add) with global shapes and types (ShapedArray(int64[]), ShapedArray(int64[])). Argument mapping: (UnspecifiedValue, UnspecifiedValue).
WARNING  jax._src.dispatch:dispatch.py:204 Finished jaxpr to MLIR module conversion jit(add) in 0.007122040 sec
WARNING  jax._src.dispatch:dispatch.py:204 Finished XLA compilation of jit(add) in 0.027596474 sec
WARNING  jax._src.dispatch:dispatch.py:204 Finished tracing select_n for jit in 0.000162601 sec
WARNING  jax._src.interpreters.pxla:pxla.py:732 Compiling jit(select_n) with global shapes and types (ShapedArray(bool[]), ShapedArray(int64[]), ShapedArray(int64[])). Argument mapping: (UnspecifiedValue, UnspecifiedValue, UnspecifiedValue).
WARNING  jax._src.dispatch:dispatch.py:204 Finished jaxpr to MLIR module conversion jit(select_n) in 0.006680250 sec
WARNING  jax._src.dispatch:dispatch.py:204 Finished XLA compilation of jit(select_n) in 0.028561831 sec
WARNING  jax._src.dispatch:dispatch.py:204 Finished tracing dynamic_slice for jit in 0.000256300 sec
WARNING  jax._src.interpreters.pxla:pxla.py:732 Compiling jit(dynamic_slice) with global shapes and types (ShapedArray(float64[121]), ShapedArray(int64[])). Argument mapping: (UnspecifiedValue, UnspecifiedValue).
WARNING  jax._src.dispatch:dispatch.py:204 Finished jaxpr to MLIR module conversion jit(dynamic_slice) in 0.007364511 sec
WARNING  jax._src.dispatch:dispatch.py:204 Finished XLA compilation of jit(dynamic_slice) in 0.026124477 sec
WARNING  jax._src.dispatch:dispatch.py:204 Finished tracing greater_equal for jit in 0.000233412 sec
WARNING  jax._src.interpreters.pxla:pxla.py:732 Compiling jit(greater_equal) with global shapes and types (ShapedArray(float64[121]), ShapedArray(float64[])). Argument mapping: (UnspecifiedValue, UnspecifiedValue).
WARNING  jax._src.dispatch:dispatch.py:204 Finished jaxpr to MLIR module conversion jit(greater_equal) in 0.007420540 sec
WARNING  jax._src.dispatch:dispatch.py:204 Finished XLA compilation of jit(greater_equal) in 0.032854557 sec
WARNING  jax._src.dispatch:dispatch.py:204 Finished tracing stack for jit in 0.000229597 sec
WARNING  jax._src.interpreters.pxla:pxla.py:732 Compiling jit(stack) with global shapes and types (ShapedArray(int32[]), ShapedArray(int32[])). Argument mapping: (UnspecifiedValue, UnspecifiedValue).
WARNING  jax._src.dispatch:dispatch.py:204 Finished jaxpr to MLIR module conversion jit(stack) in 0.007317305 sec
WARNING  jax._src.dispatch:dispatch.py:204 Finished XLA compilation of jit(stack) in 0.025812864 sec
WARNING  jax._src.dispatch:dispatch.py:204 Finished tracing stack for jit in 0.000166416 sec
WARNING  jax._src.interpreters.pxla:pxla.py:732 Compiling jit(stack) with global shapes and types (ShapedArray(float64[]), ShapedArray(float64[])). Argument mapping: (UnspecifiedValue, UnspecifiedValue).
WARNING  jax._src.dispatch:dispatch.py:204 Finished jaxpr to MLIR module conversion jit(stack) in 0.007112980 sec
WARNING  jax._src.compiler:compiler.py:124 Persistent compilation cache hit for 'jit_stack' with key 'jit_stack-eae5afed5d8d0c17f94b49a9bbf1123a67699e9988c9ab0078e077f47b4e97ce'
WARNING  jax._src.dispatch:dispatch.py:204 Finished XLA compilation of jit(stack) in 0.003741026 sec
WARNING  jax._src.interpreters.pxla:pxla.py:732 Compiling jit(subtract) with global shapes and types (ShapedArray(float64[30]), ShapedArray(float64[])). Argument mapping: (UnspecifiedValue, UnspecifiedValue).
WARNING  jax._src.dispatch:dispatch.py:204 Finished jaxpr to MLIR module conversion jit(subtract) in 0.006443262 sec
WARNING  jax._src.dispatch:dispatch.py:204 Finished XLA compilation of jit(subtract) in 0.028919458 sec
WARNING  jax._src.dispatch:dispatch.py:204 Finished tracing multiply for jit in 0.000011683 sec
WARNING  jax._src.interpreters.pxla:pxla.py:732 Compiling jit(multiply) with global shapes and types (ShapedArray(int64[], weak_type=True), ShapedArray(float64[30])). Argument mapping: (UnspecifiedValue, UnspecifiedValue).
WARNING  jax._src.dispatch:dispatch.py:204 Finished jaxpr to MLIR module conversion jit(multiply) in 0.007166386 sec
WARNING  jax._src.dispatch:dispatch.py:204 Finished XLA compilation of jit(multiply) in 0.029007435 sec
WARNING  jax._src.dispatch:dispatch.py:204 Finished tracing isfinite for jit in 0.000239134 sec
WARNING  jax._src.interpreters.pxla:pxla.py:732 Compiling jit(isfinite) with global shapes and types (ShapedArray(float64[30,4]),). Argument mapping: (UnspecifiedValue,).
WARNING  jax._src.dispatch:dispatch.py:204 Finished jaxpr to MLIR module conversion jit(isfinite) in 0.006904840 sec
WARNING  jax._src.dispatch:dispatch.py:204 Finished XLA compilation of jit(isfinite) in 0.034170151 sec
WARNING  jax._src.dispatch:dispatch.py:204 Finished tracing _reduce_all for jit in 0.000512838 sec
WARNING  jax._src.interpreters.pxla:pxla.py:732 Compiling jit(_reduce_all) with global shapes and types (ShapedArray(bool[30,4]),). Argument mapping: (UnspecifiedValue,).
WARNING  jax._src.dispatch:dispatch.py:204 Finished jaxpr to MLIR module conversion jit(_reduce_all) in 0.007331848 sec
WARNING  jax._src.dispatch:dispatch.py:204 Finished XLA compilation of jit(_reduce_all) in 0.030814171 sec
WARNING  jax._src.dispatch:dispatch.py:204 Finished tracing norm for jit in 0.002494812 sec
WARNING  jax._src.interpreters.pxla:pxla.py:732 Compiling jit(norm) with global shapes and types (ShapedArray(float64[30,2]),). Argument mapping: (UnspecifiedValue,).
WARNING  jax._src.dispatch:dispatch.py:204 Finished jaxpr to MLIR module conversion jit(norm) in 0.007995129 sec
WARNING  jax._src.dispatch:dispatch.py:204 Finished XLA compilation of jit(norm) in 0.031710386 sec
WARNING  jax._src.interpreters.pxla:pxla.py:732 Compiling jit(greater) with global shapes and types (ShapedArray(float64[30]), ShapedArray(float64[])). Argument mapping: (UnspecifiedValue, UnspecifiedValue).
WARNING  jax._src.dispatch:dispatch.py:204 Finished jaxpr to MLIR module conversion jit(greater) in 0.007503748 sec
WARNING  jax._src.dispatch:dispatch.py:204 Finished XLA compilation of jit(greater) in 0.029407024 sec
WARNING  jax._src.dispatch:dispatch.py:204 Finished tracing _roll_static for jit in 0.000010729 sec
WARNING  jax._src.interpreters.pxla:pxla.py:732 Compiling jit(_roll_static) with global shapes and types (ShapedArray(float64[121]),). Argument mapping: (UnspecifiedValue,).
WARNING  jax._src.dispatch:dispatch.py:204 Finished jaxpr to MLIR module conversion jit(_roll_static) in 0.007522583 sec
WARNING  jax._src.dispatch:dispatch.py:204 Finished XLA compilation of jit(_roll_static) in 0.029866219 sec
WARNING  jax._src.dispatch:dispatch.py:204 Finished tracing broadcast_in_dim for jit in 0.000291824 sec
WARNING  jax._src.interpreters.pxla:pxla.py:732 Compiling jit(broadcast_in_dim) with global shapes and types (ShapedArray(float64[30]),). Argument mapping: (UnspecifiedValue,).
WARNING  jax._src.dispatch:dispatch.py:204 Finished jaxpr to MLIR module conversion jit(broadcast_in_dim) in 0.008207321 sec
WARNING  jax._src.dispatch:dispatch.py:204 Finished XLA compilation of jit(broadcast_in_dim) in 0.008544922 sec
WARNING  jax._src.dispatch:dispatch.py:204 Finished tracing greater for jit in 0.000010967 sec
WARNING  jax._src.interpreters.pxla:pxla.py:732 Compiling jit(greater) with global shapes and types (ShapedArray(float64[121]), ShapedArray(float64[30,1])). Argument mapping: (UnspecifiedValue, UnspecifiedValue).
WARNING  jax._src.dispatch:dispatch.py:204 Finished jaxpr to MLIR module conversion jit(greater) in 0.006864071 sec
WARNING  jax._src.dispatch:dispatch.py:204 Finished XLA compilation of jit(greater) in 0.035656691 sec
WARNING  jax._src.dispatch:dispatch.py:204 Finished tracing not_equal for jit in 0.000010729 sec
WARNING  jax._src.interpreters.pxla:pxla.py:732 Compiling jit(not_equal) with global shapes and types (ShapedArray(bool[30,121]), ShapedArray(bool[30,121])). Argument mapping: (UnspecifiedValue, UnspecifiedValue).
WARNING  jax._src.dispatch:dispatch.py:204 Finished jaxpr to MLIR module conversion jit(not_equal) in 0.007430553 sec
WARNING  jax._src.dispatch:dispatch.py:204 Finished XLA compilation of jit(not_equal) in 0.045460701 sec
WARNING  jax._src.dispatch:dispatch.py:204 Finished tracing subtract for jit in 0.000011206 sec
WARNING  jax._src.interpreters.pxla:pxla.py:732 Compiling jit(subtract) with global shapes and types (ShapedArray(float64[30,1]), ShapedArray(float64[121])). Argument mapping: (UnspecifiedValue, UnspecifiedValue).
WARNING  jax._src.dispatch:dispatch.py:204 Finished jaxpr to MLIR module conversion jit(subtract) in 0.007565737 sec
WARNING  jax._src.dispatch:dispatch.py:204 Finished XLA compilation of jit(subtract) in 0.032155037 sec
WARNING  jax._src.dispatch:dispatch.py:204 Finished tracing multiply for jit in 0.000010490 sec
WARNING  jax._src.interpreters.pxla:pxla.py:732 Compiling jit(multiply) with global shapes and types (ShapedArray(float64[121]), ShapedArray(float64[30,121])). Argument mapping: (UnspecifiedValue, UnspecifiedValue).
WARNING  jax._src.dispatch:dispatch.py:204 Finished jaxpr to MLIR module conversion jit(multiply) in 0.007524490 sec
WARNING  jax._src.dispatch:dispatch.py:204 Finished XLA compilation of jit(multiply) in 0.033694744 sec
WARNING  jax._src.dispatch:dispatch.py:204 Finished tracing true_divide for jit in 0.000010967 sec
WARNING  jax._src.interpreters.pxla:pxla.py:732 Compiling jit(true_divide) with global shapes and types (ShapedArray(float64[30,121]), ShapedArray(float64[121])). Argument mapping: (UnspecifiedValue, UnspecifiedValue).
WARNING  jax._src.dispatch:dispatch.py:204 Finished jaxpr to MLIR module conversion jit(true_divide) in 0.007526875 sec
WARNING  jax._src.dispatch:dispatch.py:204 Finished XLA compilation of jit(true_divide) in 0.040774822 sec
WARNING  jax._src.dispatch:dispatch.py:204 Finished tracing add for jit in 0.000011683 sec
WARNING  jax._src.interpreters.pxla:pxla.py:732 Compiling jit(add) with global shapes and types (ShapedArray(float64[30,121]), ShapedArray(float64[121])). Argument mapping: (UnspecifiedValue, UnspecifiedValue).
WARNING  jax._src.dispatch:dispatch.py:204 Finished jaxpr to MLIR module conversion jit(add) in 0.007709980 sec
WARNING  jax._src.dispatch:dispatch.py:204 Finished XLA compilation of jit(add) in 0.033516407 sec
WARNING  jax._src.dispatch:dispatch.py:204 Finished tracing less for jit in 0.000010967 sec
WARNING  jax._src.interpreters.pxla:pxla.py:732 Compiling jit(less) with global shapes and types (ShapedArray(float64[30,1]), ShapedArray(float64[30,121])). Argument mapping: (UnspecifiedValue, UnspecifiedValue).
WARNING  jax._src.dispatch:dispatch.py:204 Finished jaxpr to MLIR module conversion jit(less) in 0.007627964 sec
WARNING  jax._src.dispatch:dispatch.py:204 Finished XLA compilation of jit(less) in 0.036108255 sec
WARNING  jax._src.dispatch:dispatch.py:204 Finished tracing bitwise_and for jit in 0.000010967 sec
WARNING  jax._src.interpreters.pxla:pxla.py:732 Compiling jit(bitwise_and) with global shapes and types (ShapedArray(bool[30,121]), ShapedArray(bool[30,121])). Argument mapping: (UnspecifiedValue, UnspecifiedValue).
WARNING  jax._src.dispatch:dispatch.py:204 Finished jaxpr to MLIR module conversion jit(bitwise_and) in 0.006932020 sec
WARNING  jax._src.dispatch:dispatch.py:204 Finished XLA compilation of jit(bitwise_and) in 0.045226097 sec
WARNING  jax._src.dispatch:dispatch.py:204 Finished tracing _reduce_sum for jit in 0.000012875 sec
WARNING  jax._src.interpreters.pxla:pxla.py:732 Compiling jit(_reduce_sum) with global shapes and types (ShapedArray(bool[30,121]),). Argument mapping: (UnspecifiedValue,).
WARNING  jax._src.dispatch:dispatch.py:204 Finished jaxpr to MLIR module conversion jit(_reduce_sum) in 0.007986784 sec
WARNING  jax._src.dispatch:dispatch.py:204 Finished XLA compilation of jit(_reduce_sum) in 0.055200577 sec
WARNING  jax._src.dispatch:dispatch.py:204 Finished tracing remainder for jit in 0.000010490 sec
WARNING  jax._src.interpreters.pxla:pxla.py:732 Compiling jit(remainder) with global shapes and types (ShapedArray(int64[30]), ShapedArray(int64[], weak_type=True)). Argument mapping: (UnspecifiedValue, UnspecifiedValue).
WARNING  jax._src.dispatch:dispatch.py:204 Finished jaxpr to MLIR module conversion jit(remainder) in 0.011230707 sec
WARNING  jax._src.dispatch:dispatch.py:204 Finished XLA compilation of jit(remainder) in 0.038642168 sec
WARNING  jax._src.dispatch:dispatch.py:204 Finished tracing equal for jit in 0.000011444 sec
WARNING  jax._src.interpreters.pxla:pxla.py:732 Compiling jit(equal) with global shapes and types (ShapedArray(int64[30]), ShapedArray(int64[], weak_type=True)). Argument mapping: (UnspecifiedValue, UnspecifiedValue).
WARNING  jax._src.dispatch:dispatch.py:204 Finished jaxpr to MLIR module conversion jit(equal) in 0.007790804 sec
WARNING  jax._src.dispatch:dispatch.py:204 Finished XLA compilation of jit(equal) in 0.030405283 sec
WARNING  jax._src.dispatch:dispatch.py:204 Finished tracing integer_pow for jit in 0.000234604 sec
WARNING  jax._src.interpreters.pxla:pxla.py:732 Compiling jit(integer_pow) with global shapes and types (ShapedArray(float64[121]),). Argument mapping: (UnspecifiedValue,).
WARNING  jax._src.dispatch:dispatch.py:204 Finished jaxpr to MLIR module conversion jit(integer_pow) in 0.006941795 sec
WARNING  jax._src.dispatch:dispatch.py:204 Finished XLA compilation of jit(integer_pow) in 0.035478830 sec
WARNING  jax._src.dispatch:dispatch.py:204 Finished tracing add for jit in 0.000011206 sec
WARNING  jax._src.interpreters.pxla:pxla.py:732 Compiling jit(add) with global shapes and types (ShapedArray(float64[121]), ShapedArray(float64[121])). Argument mapping: (UnspecifiedValue, UnspecifiedValue).
WARNING  jax._src.dispatch:dispatch.py:204 Finished jaxpr to MLIR module conversion jit(add) in 0.007124901 sec
WARNING  jax._src.dispatch:dispatch.py:204 Finished XLA compilation of jit(add) in 0.037748575 sec
WARNING  jax._src.dispatch:dispatch.py:204 Finished tracing multiply for jit in 0.000012636 sec
WARNING  jax._src.interpreters.pxla:pxla.py:732 Compiling jit(multiply) with global shapes and types (ShapedArray(float64[30,121]), ShapedArray(float64[121])). Argument mapping: (UnspecifiedValue, UnspecifiedValue).
WARNING  jax._src.dispatch:dispatch.py:204 Finished jaxpr to MLIR module conversion jit(multiply) in 0.007587671 sec
WARNING  jax._src.dispatch:dispatch.py:204 Finished XLA compilation of jit(multiply) in 0.033418894 sec
WARNING  jax._src.dispatch:dispatch.py:204 Finished tracing add for jit in 0.000012398 sec
WARNING  jax._src.interpreters.pxla:pxla.py:732 Compiling jit(add) with global shapes and types (ShapedArray(float64[30,121]), ShapedArray(float64[30,121])). Argument mapping: (UnspecifiedValue, UnspecifiedValue).
WARNING  jax._src.dispatch:dispatch.py:204 Finished jaxpr to MLIR module conversion jit(add) in 0.007061720 sec
WARNING  jax._src.dispatch:dispatch.py:204 Finished XLA compilation of jit(add) in 0.040703297 sec
WARNING  jax._src.dispatch:dispatch.py:204 Finished tracing clip for jit in 0.000010967 sec
WARNING  jax._src.interpreters.pxla:pxla.py:732 Compiling jit(clip) with global shapes and types (ShapedArray(float64[30,121]), ShapedArray(float64[], weak_type=True), ShapedArray(float64[], weak_type=True)). Argument mapping: (UnspecifiedValue, UnspecifiedValue, UnspecifiedValue).
WARNING  jax._src.dispatch:dispatch.py:204 Finished jaxpr to MLIR module conversion jit(clip) in 0.007624626 sec
WARNING  jax._src.dispatch:dispatch.py:204 Finished XLA compilation of jit(clip) in 0.037243366 sec
WARNING  jax._src.dispatch:dispatch.py:204 Finished tracing add for jit in 0.000010490 sec
WARNING  jax._src.interpreters.pxla:pxla.py:732 Compiling jit(add) with global shapes and types (ShapedArray(float64[121]), ShapedArray(float64[30,121])). Argument mapping: (UnspecifiedValue, UnspecifiedValue).
WARNING  jax._src.dispatch:dispatch.py:204 Finished jaxpr to MLIR module conversion jit(add) in 0.007627249 sec
WARNING  jax._src.dispatch:dispatch.py:204 Finished XLA compilation of jit(add) in 0.033905983 sec
WARNING  jax._src.dispatch:dispatch.py:204 Finished tracing abs for jit in 0.000013113 sec
WARNING  jax._src.interpreters.pxla:pxla.py:732 Compiling jit(abs) with global shapes and types (ShapedArray(float64[121]),). Argument mapping: (UnspecifiedValue,).
WARNING  jax._src.dispatch:dispatch.py:204 Finished jaxpr to MLIR module conversion jit(abs) in 0.006975412 sec
WARNING  jax._src.dispatch:dispatch.py:204 Finished XLA compilation of jit(abs) in 0.035575628 sec
WARNING  jax._src.interpreters.pxla:pxla.py:732 Compiling jit(_reduce_max) with global shapes and types (ShapedArray(float64[121]),). Argument mapping: (UnspecifiedValue,).
WARNING  jax._src.dispatch:dispatch.py:204 Finished jaxpr to MLIR module conversion jit(_reduce_max) in 0.007565975 sec
WARNING  jax._src.dispatch:dispatch.py:204 Finished XLA compilation of jit(_reduce_max) in 0.046994925 sec
WARNING  jax._src.interpreters.pxla:pxla.py:732 Compiling jit(maximum) with global shapes and types (ShapedArray(float64[], weak_type=True), ShapedArray(float64[])). Argument mapping: (UnspecifiedValue, UnspecifiedValue).
WARNING  jax._src.dispatch:dispatch.py:204 Finished jaxpr to MLIR module conversion jit(maximum) in 0.007294178 sec
WARNING  jax._src.dispatch:dispatch.py:204 Finished XLA compilation of jit(maximum) in 0.027811766 sec
WARNING  jax._src.dispatch:dispatch.py:204 Finished tracing subtract for jit in 0.000010729 sec
WARNING  jax._src.interpreters.pxla:pxla.py:732 Compiling jit(subtract) with global shapes and types (ShapedArray(float64[30,1]), ShapedArray(float64[30,121])). Argument mapping: (UnspecifiedValue, UnspecifiedValue).
WARNING  jax._src.dispatch:dispatch.py:204 Finished jaxpr to MLIR module conversion jit(subtract) in 0.007135153 sec
WARNING  jax._src.dispatch:dispatch.py:204 Finished XLA compilation of jit(subtract) in 0.033141851 sec
WARNING  jax._src.dispatch:dispatch.py:204 Finished tracing integer_pow for jit in 0.000284672 sec
WARNING  jax._src.interpreters.pxla:pxla.py:732 Compiling jit(integer_pow) with global shapes and types (ShapedArray(float64[30,121]),). Argument mapping: (UnspecifiedValue,).
WARNING  jax._src.dispatch:dispatch.py:204 Finished jaxpr to MLIR module conversion jit(integer_pow) in 0.006892920 sec
WARNING  jax._src.dispatch:dispatch.py:204 Finished XLA compilation of jit(integer_pow) in 0.038316965 sec
WARNING  jax._src.dispatch:dispatch.py:204 Finished tracing less_equal for jit in 0.000011921 sec
WARNING  jax._src.interpreters.pxla:pxla.py:732 Compiling jit(less_equal) with global shapes and types (ShapedArray(float64[30,121]), ShapedArray(float64[])). Argument mapping: (UnspecifiedValue, UnspecifiedValue).
WARNING  jax._src.dispatch:dispatch.py:204 Finished jaxpr to MLIR module conversion jit(less_equal) in 0.007791042 sec
WARNING  jax._src.dispatch:dispatch.py:204 Finished XLA compilation of jit(less_equal) in 0.036262989 sec
WARNING  jax._src.dispatch:dispatch.py:204 Finished tracing _reduce_any for jit in 0.000014067 sec
WARNING  jax._src.interpreters.pxla:pxla.py:732 Compiling jit(_reduce_any) with global shapes and types (ShapedArray(bool[30,121]),). Argument mapping: (UnspecifiedValue,).
WARNING  jax._src.dispatch:dispatch.py:204 Finished jaxpr to MLIR module conversion jit(_reduce_any) in 0.007570744 sec
WARNING  jax._src.dispatch:dispatch.py:204 Finished XLA compilation of jit(_reduce_any) in 0.045098066 sec
WARNING  jax._src.dispatch:dispatch.py:204 Finished tracing bitwise_or for jit in 0.000011921 sec
WARNING  jax._src.interpreters.pxla:pxla.py:732 Compiling jit(bitwise_or) with global shapes and types (ShapedArray(bool[30]), ShapedArray(bool[30])). Argument mapping: (UnspecifiedValue, UnspecifiedValue).
WARNING  jax._src.dispatch:dispatch.py:204 Finished jaxpr to MLIR module conversion jit(bitwise_or) in 0.007176638 sec
WARNING  jax._src.dispatch:dispatch.py:204 Finished XLA compilation of jit(bitwise_or) in 0.032013178 sec
WARNING  jax._src.interpreters.pxla:pxla.py:732 Compiling jit(bitwise_and) with global shapes and types (ShapedArray(bool[30]), ShapedArray(bool[30])). Argument mapping: (UnspecifiedValue, UnspecifiedValue).
WARNING  jax._src.dispatch:dispatch.py:204 Finished jaxpr to MLIR module conversion jit(bitwise_and) in 0.007055283 sec
WARNING  jax._src.dispatch:dispatch.py:204 Finished XLA compilation of jit(bitwise_and) in 0.031876326 sec
WARNING  jax._src.interpreters.pxla:pxla.py:732 Compiling jit(_argmax) with global shapes and types (ShapedArray(float64[30]),). Argument mapping: (UnspecifiedValue,).
WARNING  jax._src.dispatch:dispatch.py:204 Finished jaxpr to MLIR module conversion jit(_argmax) in 0.010633469 sec
WARNING  jax._src.dispatch:dispatch.py:204 Finished XLA compilation of jit(_argmax) in 0.033849716 sec
WARNING  jax._src.interpreters.pxla:pxla.py:732 Compiling jit(_reduce_any) with global shapes and types (ShapedArray(bool[30]),). Argument mapping: (UnspecifiedValue,).
WARNING  jax._src.dispatch:dispatch.py:204 Finished jaxpr to MLIR module conversion jit(_reduce_any) in 0.007634163 sec
WARNING  jax._src.dispatch:dispatch.py:204 Finished XLA compilation of jit(_reduce_any) in 0.029002905 sec
WARNING  jax._src.interpreters.pxla:pxla.py:732 Compiling jit(less_equal) with global shapes and types (ShapedArray(float64[]), ShapedArray(float64[], weak_type=True)). Argument mapping: (UnspecifiedValue, UnspecifiedValue).
WARNING  jax._src.dispatch:dispatch.py:204 Finished jaxpr to MLIR module conversion jit(less_equal) in 0.007127762 sec
WARNING  jax._src.dispatch:dispatch.py:204 Finished XLA compilation of jit(less_equal) in 0.027204275 sec
WARNING  jax._src.dispatch:dispatch.py:204 Finished tracing atleast_1d for jit in 0.000231981 sec
WARNING  jax._src.interpreters.pxla:pxla.py:732 Compiling jit(atleast_1d) with global shapes and types (ShapedArray(float64[]),). Argument mapping: (UnspecifiedValue,).
WARNING  jax._src.dispatch:dispatch.py:204 Finished jaxpr to MLIR module conversion jit(atleast_1d) in 0.006726265 sec
WARNING  jax._src.dispatch:dispatch.py:204 Finished XLA compilation of jit(atleast_1d) in 0.008320570 sec
WARNING  jax._src.dispatch:dispatch.py:204 Finished tracing read_qualification for jit in 0.021017551 sec
WARNING  jax._src.interpreters.pxla:pxla.py:732 Compiling jit(read_qualification) with global shapes and types (ShapedArray(float64[340,2]), ShapedArray(float64[340,6,7]), ShapedArray(int64[340,7]), ShapedArray(float64[340,2]), ShapedArray(float64[340,2]), ShapedArray(float64[340,13,2]), ShapedArray(float64[340,13,2]), ShapedArray(bool[340,13]), ShapedArray(float64[340]), ShapedArray(bool[340]), ShapedArray(float64[121,2]), ShapedArray(int32[2]), ShapedArray(bool[1]), ShapedArray(bool[1]), ShapedArray(float64[121,2]), ShapedArray(int32[198,7]), ShapedArray(float64[198,7,2,2]), ShapedArray(float64[340,2]), ShapedArray(int32[198,7,3,7]), ShapedArray(float64[198,7,3,7]), ShapedArray(float64[2,2]), ShapedArray(float64[2,2]), ShapedArray(int32[2,2]), ShapedArray(bool[2,2]), ShapedArray(int32[2]), ShapedArray(float64[1547]), ShapedArray(int64[], weak_type=True), ShapedArray(bool[340])). Argument mapping: (UnspecifiedValue, UnspecifiedValue, UnspecifiedValue, UnspecifiedValue, UnspecifiedValue, UnspecifiedValue, UnspecifiedValue, UnspecifiedValue, UnspecifiedValue, UnspecifiedValue, UnspecifiedValue, UnspecifiedValue, UnspecifiedValue, UnspecifiedValue, UnspecifiedValue, UnspecifiedValue, UnspecifiedValue, UnspecifiedValue, UnspecifiedValue, UnspecifiedValue, UnspecifiedValue, UnspecifiedValue, UnspecifiedValue, UnspecifiedValue, UnspecifiedValue, UnspecifiedValue, UnspecifiedValue, UnspecifiedValue).
WARNING  jax._src.dispatch:dispatch.py:204 Finished jaxpr to MLIR module conversion jit(read_qualification) in 0.395606041 sec
WARNING  jax._src.compiler:compiler.py:124 Persistent compilation cache hit for 'jit_read_qualification' with key 'jit_read_qualification-26647d781c8fbc041c11b4a77a140deabf31482eb14838f2f5b325e5904b2f34'
WARNING  jax._src.dispatch:dispatch.py:204 Finished XLA compilation of jit(read_qualification) in 0.324902534 sec
WARNING  jax._src.dispatch:dispatch.py:204 Finished tracing dynamic_slice for jit in 0.000236750 sec
WARNING  jax._src.interpreters.pxla:pxla.py:732 Compiling jit(dynamic_slice) with global shapes and types (ShapedArray(float64[10]), ShapedArray(int64[], weak_type=True)). Argument mapping: (UnspecifiedValue, UnspecifiedValue).
WARNING  jax._src.dispatch:dispatch.py:204 Finished jaxpr to MLIR module conversion jit(dynamic_slice) in 0.007217169 sec
WARNING  jax._src.dispatch:dispatch.py:204 Finished XLA compilation of jit(dynamic_slice) in 0.026197672 sec
WARNING  jax._src.dispatch:dispatch.py:204 Finished tracing dynamic_slice for jit in 0.000231981 sec
WARNING  jax._src.interpreters.pxla:pxla.py:732 Compiling jit(dynamic_slice) with global shapes and types (ShapedArray(int32[10]), ShapedArray(int64[], weak_type=True)). Argument mapping: (UnspecifiedValue, UnspecifiedValue).
WARNING  jax._src.dispatch:dispatch.py:204 Finished jaxpr to MLIR module conversion jit(dynamic_slice) in 0.006843567 sec
WARNING  jax._src.dispatch:dispatch.py:204 Finished XLA compilation of jit(dynamic_slice) in 0.024319410 sec
WARNING  jax._src.dispatch:dispatch.py:204 Finished tracing dynamic_slice for jit in 0.000227451 sec
WARNING  jax._src.interpreters.pxla:pxla.py:732 Compiling jit(dynamic_slice) with global shapes and types (ShapedArray(float64[10,2]), ShapedArray(int64[], weak_type=True), ShapedArray(int64[], weak_type=True)). Argument mapping: (UnspecifiedValue, UnspecifiedValue, UnspecifiedValue).
WARNING  jax._src.dispatch:dispatch.py:204 Finished jaxpr to MLIR module conversion jit(dynamic_slice) in 0.006422997 sec
WARNING  jax._src.dispatch:dispatch.py:204 Finished XLA compilation of jit(dynamic_slice) in 0.026763439 sec
WARNING  jax._src.dispatch:dispatch.py:204 Finished tracing not_equal for jit in 0.000342846 sec
WARNING  jax._src.interpreters.pxla:pxla.py:732 Compiling jit(not_equal) with global shapes and types (ShapedArray(int8[]), ShapedArray(int64[], weak_type=True)). Argument mapping: (UnspecifiedValue, UnspecifiedValue).
WARNING  jax._src.dispatch:dispatch.py:204 Finished jaxpr to MLIR module conversion jit(not_equal) in 0.007115364 sec
WARNING  jax._src.dispatch:dispatch.py:204 Finished XLA compilation of jit(not_equal) in 0.026305199 sec
WARNING  jax._src.dispatch:dispatch.py:204 Finished tracing candidate_table_status for jit in 0.000740528 sec
WARNING  jax._src.interpreters.pxla:pxla.py:732 Compiling jit(candidate_table_status) with global shapes and types (ShapedArray(float64[340,6,7]), ShapedArray(int64[340,7]), ShapedArray(float64[340,2]), ShapedArray(float64[340,2]), ShapedArray(float64[340,13,2]), ShapedArray(float64[340,13,2]), ShapedArray(bool[340,13]), ShapedArray(float64[340]), ShapedArray(bool[340]), ShapedArray(float64[121,2]), ShapedArray(int32[2]), ShapedArray(bool[1]), ShapedArray(bool[1]), ShapedArray(float64[1426])). Argument mapping: (UnspecifiedValue, UnspecifiedValue, UnspecifiedValue, UnspecifiedValue, UnspecifiedValue, UnspecifiedValue, UnspecifiedValue, UnspecifiedValue, UnspecifiedValue, UnspecifiedValue, UnspecifiedValue, UnspecifiedValue, UnspecifiedValue, UnspecifiedValue).
WARNING  jax._src.dispatch:dispatch.py:204 Finished jaxpr to MLIR module conversion jit(candidate_table_status) in 0.089143038 sec
WARNING  jax._src.dispatch:dispatch.py:204 Finished XLA compilation of jit(candidate_table_status) in 0.466543436 sec
WARNING  jax._src.interpreters.pxla:pxla.py:732 Compiling jit(_where) with global shapes and types (ShapedArray(bool[]), ShapedArray(float64[], weak_type=True), ShapedArray(float64[], weak_type=True)). Argument mapping: (UnspecifiedValue, UnspecifiedValue, UnspecifiedValue).
WARNING  jax._src.dispatch:dispatch.py:204 Finished jaxpr to MLIR module conversion jit(_where) in 0.009589911 sec
WARNING  jax._src.dispatch:dispatch.py:204 Finished XLA compilation of jit(_where) in 0.029721737 sec
WARNING  jax._src.dispatch:dispatch.py:204 Finished tracing isnan for jit in 0.000228643 sec
WARNING  jax._src.interpreters.pxla:pxla.py:732 Compiling jit(isnan) with global shapes and types (ShapedArray(float64[], weak_type=True),). Argument mapping: (UnspecifiedValue,).
WARNING  jax._src.dispatch:dispatch.py:204 Finished jaxpr to MLIR module conversion jit(isnan) in 0.007048130 sec
WARNING  jax._src.dispatch:dispatch.py:204 Finished XLA compilation of jit(isnan) in 0.027636766 sec
WARNING  jax._src.dispatch:dispatch.py:204 Finished tracing logical_not for jit in 0.000241518 sec
WARNING  jax._src.interpreters.pxla:pxla.py:732 Compiling jit(logical_not) with global shapes and types (ShapedArray(bool[], weak_type=True),). Argument mapping: (UnspecifiedValue,).
WARNING  jax._src.dispatch:dispatch.py:204 Finished jaxpr to MLIR module conversion jit(logical_not) in 0.006583929 sec
WARNING  jax._src.dispatch:dispatch.py:204 Finished XLA compilation of jit(logical_not) in 0.025694370 sec
WARNING  jax._src.dispatch:dispatch.py:204 Finished tracing greater_equal for jit in 0.000394821 sec
WARNING  jax._src.interpreters.pxla:pxla.py:732 Compiling jit(greater_equal) with global shapes and types (ShapedArray(float64[], weak_type=True), ShapedArray(int64[], weak_type=True)). Argument mapping: (UnspecifiedValue, UnspecifiedValue).
WARNING  jax._src.dispatch:dispatch.py:204 Finished jaxpr to MLIR module conversion jit(greater_equal) in 0.006719112 sec
WARNING  jax._src.dispatch:dispatch.py:204 Finished XLA compilation of jit(greater_equal) in 0.026507616 sec
WARNING  jax._src.dispatch:dispatch.py:204 Finished tracing bitwise_and for jit in 0.000376463 sec
WARNING  jax._src.interpreters.pxla:pxla.py:732 Compiling jit(bitwise_and) with global shapes and types (ShapedArray(bool[], weak_type=True), ShapedArray(bool[], weak_type=True)). Argument mapping: (UnspecifiedValue, UnspecifiedValue).
WARNING  jax._src.dispatch:dispatch.py:204 Finished jaxpr to MLIR module conversion jit(bitwise_and) in 0.007744074 sec
WARNING  jax._src.dispatch:dispatch.py:204 Finished XLA compilation of jit(bitwise_and) in 0.026596308 sec
=========================== short test summary info ============================
FAILED tests/test_reduced_newton.py::test_diverted_normalised_certificate_rung_retains_finite_fallback - assert 2.340823366528062 == 2.248351582217136
=================== 1 failed, 1 passed in 313.84s (0:05:13) ====================
EXIT=1
